dataset_index,episode_index,frame_index,target_gripper,predicted_gripper,target_is_close,predicted_is_close,target_delta_x,target_delta_y,target_delta_z,predicted_delta_x,predicted_delta_y,predicted_delta_z
0,0,0,1.0,0.9706205725669861,0,0,0.0,0.0,0.0,-0.16904914379119873,-0.0118556534871459,-0.012160416692495346
1,0,1,1.0,0.9643915891647339,0,0,0.0,0.0,0.0,-0.18645715713500977,-0.005228669848293066,-0.02425449714064598
2,0,2,1.0,0.9662225842475891,0,0,0.0,0.0,0.0,-0.1861797273159027,-0.006572158541530371,-0.01765473559498787
3,0,3,1.0,0.9674997329711914,0,0,0.0,0.0,0.0,-0.18147453665733337,-0.008241121657192707,-0.014211293309926987
4,0,4,1.0,0.9671196341514587,0,0,0.0,0.0,0.0,-0.18891623616218567,-0.0047849686816334724,-0.011519904248416424
5,0,5,1.0,0.9675588011741638,0,0,0.0,0.0,0.0,-0.18804332613945007,-0.005128576420247555,-0.010641153901815414
6,0,6,1.0,0.9664108157157898,0,0,0.0,0.0,0.0,-0.19124819338321686,-0.004728903062641621,-0.009606946259737015
7,0,7,1.0,0.9665115475654602,0,0,0.0,0.0,0.0,-0.1910858154296875,-0.004797752480953932,-0.009376936592161655
8,0,8,1.0,0.9656607508659363,0,0,0.0,0.0,0.0,-0.19158980250358582,-0.0036641086917370558,-0.013112086802721024
9,0,9,1.0,0.965690016746521,0,0,0.0,0.0,0.0,-0.1915566474199295,-0.0036799630615860224,-0.013053150847554207
10,0,10,1.0,0.9668014645576477,0,0,0.0,0.0,0.0,-0.1898006945848465,-0.004240585491061211,-0.012523876503109932
11,0,11,1.0,0.966808557510376,0,0,0.0,0.0,0.0,-0.18979370594024658,-0.0042443848215043545,-0.012508341111242771
12,0,12,1.0,0.9663029313087463,0,0,0.0,0.0,0.0,-0.18975643813610077,-0.004436476621776819,-0.013379739597439766
13,0,13,1.0,0.9663048982620239,0,0,0.0,0.0,0.0,-0.18975473940372467,-0.004437465686351061,-0.013375703245401382
14,0,14,1.0,0.9663059711456299,0,0,0.0,0.0,0.0,-0.1897539347410202,-0.004437917843461037,-0.013373715803027153
15,0,15,1.0,0.9663064479827881,0,0,0.0,0.0,0.0,-0.18975354731082916,-0.0044381688348948956,-0.013372668996453285
16,0,16,1.0,0.9663066864013672,0,0,0.0,0.0,0.0,-0.18975335359573364,-0.004438245669007301,-0.013372102752327919
17,0,17,1.0,0.9663068652153015,0,0,0.0,0.0,0.0,-0.18975327908992767,-0.0044383276253938675,-0.013371841982007027
18,0,18,1.0,0.9663069844245911,0,0,0.0,0.0,0.0,-0.1897532343864441,-0.004438330419361591,-0.013371753506362438
19,0,19,1.0,0.9663069844245911,0,0,0.0,0.0,0.0,-0.18975313007831573,-0.004438375122845173,-0.01337164081633091
20,0,20,1.0,0.9663070440292358,0,0,0.0,0.0,0.0,-0.18975317478179932,-0.004438375122845173,-0.013371629640460014
21,0,21,1.0,0.9663069248199463,0,0,0.0,0.0,0.0,-0.1897531896829605,-0.004438372328877449,-0.013371655717492104
22,0,22,1.0,0.9663070440292358,0,0,0.0,0.0,0.0,-0.1897531896829605,-0.004438357427716255,-0.013371681794524193
23,0,23,1.0,0.9663069844245911,0,0,0.0,0.0,0.0,-0.1897531896829605,-0.004438335075974464,-0.013371678069233894
24,0,24,1.0,0.9663070440292358,0,0,0.0,0.0,0.0,-0.18975317478179932,-0.004438379779458046,-0.013371646404266357
25,0,25,1.0,0.9663069844245911,0,0,0.0,0.0,0.0,-0.1897531896829605,-0.004438352771103382,-0.013371694833040237
26,0,26,1.0,0.9663069844245911,0,0,0.0,0.0,0.0,-0.1897531896829605,-0.004438352771103382,-0.01337163895368576
27,0,27,1.0,0.9663069248199463,0,0,-0.25,0.0,0.0,-0.1897531896829605,-0.004438379779458046,-0.0133716044947505
28,0,28,1.0,0.9806715846061707,0,0,-0.25,0.0,0.0,-0.26093852519989014,0.028518173843622208,-0.0006515374407172203
29,0,29,1.0,0.9942663311958313,0,0,-0.25,0.0,0.0,-0.27145540714263916,0.03523929417133331,0.0008383840322494507
30,0,30,1.0,1.0170892477035522,0,0,-0.25,0.0,0.0,-0.27651384472846985,0.04028135538101196,-0.004050665069371462
31,0,31,1.0,1.0217033624649048,0,0,-0.25,0.0,0.0,-0.2751002907752991,0.03275512903928757,-0.010832608677446842
32,0,32,1.0,0.9995685815811157,0,0,-0.25,0.0,0.0,-0.2868227958679199,0.0243545975536108,0.004646281711757183
33,0,33,1.0,1.0073490142822266,0,0,-0.25,0.0,0.0,-0.2733559012413025,0.023194242268800735,-0.0003886166960000992
34,0,34,1.0,1.0057016611099243,0,0,-0.25,0.0,0.0,-0.2678970694541931,-0.018394984304904938,-0.0016229343600571156
35,0,35,1.0,0.984231173992157,0,0,-0.25,0.0,0.0,-0.24828410148620605,-0.05667394399642944,0.011792565695941448
36,0,36,1.0,0.9852871894836426,0,0,-0.25,0.0,0.0,-0.19902344048023224,-0.11744539439678192,-0.0036978675052523613
37,0,37,1.0,0.9798592925071716,0,0,-0.25,0.0,0.0,-0.18842412531375885,-0.1273331344127655,-0.0005513522773981094
38,0,38,1.0,0.9791319370269775,0,0,0.0,0.0,0.0,-0.14340271055698395,-0.18505680561065674,-0.004201670177280903
39,0,39,1.0,0.9893290400505066,0,0,0.0,0.0,0.0,-0.08077181130647659,-0.2239290028810501,0.006901363842189312
40,0,40,1.0,0.9886429905891418,0,0,0.0,0.0,0.0,-0.03131067752838135,-0.2503117620944977,0.02263646572828293
41,0,41,1.0,0.9883269667625427,0,0,0.0,0.0,0.0,-0.012363487854599953,-0.2535173296928406,0.020811721682548523
42,0,42,1.0,0.9874910116195679,0,0,0.0,0.0,0.0,-0.0059279995039105415,-0.24728615581989288,0.010630092583596706
43,0,43,1.0,0.9873642325401306,0,0,0.0,-0.25,0.0,-0.0033539298456162214,-0.24733774363994598,0.01043460238724947
44,0,44,1.0,0.9978151321411133,0,0,0.0,-0.25,0.0,-0.005051211453974247,-0.2805912494659424,0.017295189201831818
45,0,45,1.0,0.9906846284866333,0,0,0.0,-0.25,0.0,-0.0036448505707085133,-0.2829655110836029,0.02294030785560608
46,0,46,1.0,0.9982175827026367,0,0,0.0,-0.25,0.0,-0.01128196157515049,-0.2832333743572235,0.0111985569819808
47,0,47,1.0,0.9992067813873291,0,0,0.0,-0.25,0.0,0.0011567382607609034,-0.28463879227638245,0.011932513676583767
48,0,48,1.0,0.9947500228881836,0,0,0.0,-0.25,0.0,0.00020054413471370935,-0.2855958044528961,0.020395774394273758
49,0,49,1.0,0.9953088164329529,0,0,0.0,-0.25,0.0,0.008358079940080643,-0.2628296911716461,0.00487047154456377
50,0,50,1.0,0.9887685775756836,0,0,0.0,-0.25,0.0,0.007140649948269129,-0.23789197206497192,0.006142391823232174
51,0,51,1.0,0.9916443228721619,0,0,0.0,-0.25,0.0,0.005763212684541941,-0.19364182651042938,-0.005088629201054573
52,0,52,1.0,0.9809960126876831,0,0,0.0,-0.25,0.0,-0.0026874979957938194,-0.13996849954128265,-0.0020627956837415695
53,0,53,1.0,0.9940683245658875,0,0,0.0,0.0,0.0,-0.006479807663708925,-0.08245844393968582,0.001162470318377018
54,0,54,1.0,0.985335648059845,0,0,0.0,0.0,0.0,-0.004332297947257757,-0.04131699353456497,-0.003031042404472828
55,0,55,1.0,0.9844818115234375,0,0,0.0,0.0,0.0,-0.003240168560296297,-0.021458415314555168,-0.011111786589026451
56,0,56,1.0,0.9828118681907654,0,0,0.0,0.0,0.0,-0.004441726952791214,-0.011369079351425171,-0.015923835337162018
57,0,57,1.0,0.9826849699020386,0,0,0.0,0.0,0.0,-0.00466063991189003,-0.008826128207147121,-0.01714141108095646
58,0,58,1.0,0.9828212857246399,0,0,0.0,0.0,0.0,-0.0024135017301887274,-0.008992723189294338,-0.021885104477405548
59,0,59,1.0,0.9828613996505737,0,0,0.0,-0.25,0.0,-0.0024139767047017813,-0.008492481894791126,-0.022169506177306175
60,0,60,1.0,0.9855977296829224,0,0,0.0,0.0,0.0,-0.0026004333049058914,-0.02985602803528309,-0.00914011336863041
61,0,61,1.0,0.9860596656799316,0,0,0.0,0.0,0.0,-0.003842562437057495,-0.013902002945542336,-0.007495485246181488
62,0,62,1.0,0.9780760407447815,0,0,0.0,0.0,0.0,-0.0045698257163167,-0.002207503654062748,-0.021537378430366516
63,0,63,1.0,0.9776133298873901,0,0,0.0,0.0,0.0,-0.004986157640814781,0.00031112058786675334,-0.024672560393810272
64,0,64,1.0,0.9742347598075867,0,0,0.0,0.0,0.0,-0.006539925001561642,-0.0015800331020727754,-0.02742684632539749
65,0,65,1.0,0.9742372035980225,0,0,0.0,-0.25,0.0,-0.006583155132830143,-0.001083619543351233,-0.027687009423971176
66,0,66,1.0,0.9754370450973511,0,0,0.0,0.0,0.0,-0.00638299947604537,-0.017468368634581566,-0.011567516252398491
67,0,67,1.0,0.9711160659790039,0,0,0.0,0.0,0.0,-0.010400354862213135,-0.007064621429890394,-0.012711840681731701
68,0,68,1.0,0.9722281694412231,0,0,0.0,0.0,0.0,-0.013187984004616737,-0.002302922308444977,-0.02105235680937767
69,0,69,1.0,0.9706214070320129,0,0,0.0,0.0,0.0,-0.013623598963022232,0.0011658580042421818,-0.022127240896224976
70,0,70,1.0,0.9668183922767639,0,0,0.0,0.0,0.0,-0.013846952468156815,0.0023144306614995003,-0.011766028590500355
71,0,71,1.0,0.9667678475379944,0,0,0.0,0.0,0.0,-0.013885822147130966,0.0027912515215575695,-0.01214191410690546
72,0,72,1.0,0.9684598445892334,0,0,-0.25,0.0,0.0,-0.015763504430651665,0.00271997251547873,-0.004547380842268467
73,0,73,1.0,0.9651725888252258,0,0,-0.25,0.0,0.0,-0.03253890573978424,-6.076385034248233e-06,0.02470044046640396
74,0,74,1.0,0.9620498418807983,0,0,0.0,0.0,0.0,-0.029277421534061432,-0.0008035728242248297,0.030917681753635406
75,0,75,1.0,0.9670692682266235,0,0,0.0,0.0,0.0,-0.01676882430911064,0.001168835791759193,0.022396128624677658
76,0,76,1.0,0.9818522930145264,0,0,0.0,0.0,0.0,-0.0046702283434569836,0.0006770535837858915,0.008964101783931255
77,0,77,1.0,0.9811285138130188,0,0,0.0,0.0,0.0,-0.0022074892185628414,0.0026931322645395994,0.005789346992969513
78,0,78,1.0,0.9829631447792053,0,0,0.0,0.0,0.0,-0.001568976091220975,0.0036097271367907524,-0.004752856679260731
79,0,79,1.0,0.9828693270683289,0,0,0.0,0.0,0.0,-0.0012927327770739794,0.003728343639522791,-0.005158544052392244
80,0,80,1.0,0.9852293729782104,0,0,-0.25,0.0,0.0,-0.0013992770109325647,0.0043404861353337765,-0.006102408282458782
81,0,81,1.0,0.9884504079818726,0,0,0.0,0.0,0.0,-0.012746196240186691,-0.0015960615128278732,0.0013749152421951294
82,0,82,1.0,0.992835521697998,0,0,0.0,0.0,0.0,-0.008772041648626328,0.0012775907525792718,-0.057718466967344284
83,0,83,1.0,0.98818039894104,0,0,0.0,0.0,0.0,-0.005538292694836855,0.001845118124037981,-0.05499271675944328
84,0,84,1.0,0.9895066022872925,0,0,0.0,0.0,0.0,-0.001867668004706502,0.003981445450335741,-0.1052781343460083
85,0,85,1.0,0.9891641736030579,0,0,0.0,0.0,0.0,-0.001353412983007729,0.004268426913768053,-0.10637646913528442
86,0,86,1.0,0.9899727702140808,0,0,0.0,0.0,0.0,-0.0028281202539801598,0.004038266837596893,-0.14084070920944214
87,0,87,1.0,0.9899388551712036,0,0,0.0,0.0,0.0,-0.002760186791419983,0.004076305311173201,-0.1409538984298706
88,0,88,1.0,0.9897846579551697,0,0,0.0,0.0,-0.5,-0.002898213919252157,0.004815645981580019,-0.14704613387584686
89,0,89,1.0,0.9490820169448853,0,0,0.0,0.0,-0.5,0.005875185132026672,0.001719627995043993,-0.46354934573173523
90,0,90,1.0,0.9303474426269531,0,0,0.0,0.0,-0.5,0.0063695162534713745,-0.0024995487183332443,-0.5288991928100586
91,0,91,1.0,0.9051239490509033,0,0,0.0,0.0,-0.5,0.009381158277392387,0.000746161793358624,-0.5583772659301758
92,0,92,1.0,0.8849064111709595,0,0,0.0,0.0,-0.5,0.0076649910770356655,-0.002675109775736928,-0.5520890951156616
93,0,93,1.0,0.8742655515670776,0,0,0.0,0.0,-0.5,0.009873706847429276,-0.0008204012410715222,-0.5677265524864197
94,0,94,1.0,0.8807049989700317,0,0,0.0,0.0,-0.5,0.006355274002999067,0.000253564037848264,-0.544083833694458
95,0,95,1.0,0.988755464553833,0,0,0.0,0.0,-0.5,0.0021021657157689333,-0.00036884151631966233,-0.4845590591430664
96,0,96,1.0,1.3637690544128418,0,0,0.0,0.0,-0.5,0.0023973966017365456,0.0023989889305084944,-0.2813988924026489
97,0,97,1.0,1.634220004081726,0,1,0.0,0.0,-0.5,0.007925087586045265,0.0009001302532851696,-0.14833402633666992
98,0,98,1.0,1.9282982349395752,0,1,0.0,0.0,-0.5,0.005994371138513088,0.0006220202194526792,-0.029184170067310333
99,0,99,1.0,1.9456236362457275,0,1,0.0,0.0,-0.5,0.005903446581214666,0.0005729810218326747,-0.017939895391464233
100,0,100,1.0,1.9759681224822998,0,1,0.0,0.0,0.0,0.006112846080213785,0.0016706758178770542,-0.008517474867403507
101,0,101,1.0,1.9798569679260254,0,1,0.0,0.0,0.0,0.00617098156362772,0.0017514524515718222,-0.006213261280208826
102,0,102,1.0,2.0242760181427,0,1,0.0,0.0,0.0,0.005419384688138962,0.002293264027684927,0.01003307569772005
103,0,103,2.0,2.0252275466918945,1,1,0.0,0.0,0.0,0.005407766904681921,0.0023253269027918577,0.010412444360554218
104,0,104,2.0,2.078188180923462,1,1,0.0,0.0,0.0,0.002611580304801464,-8.210493251681328e-05,0.02242279425263405
105,0,105,2.0,2.0771918296813965,1,1,0.0,0.0,0.0,-0.0009507344220764935,0.0001284087193198502,0.019558582454919815
106,0,106,2.0,2.097144365310669,1,1,0.0,0.0,0.0,-0.004654280841350555,-0.00525949290022254,0.07417012006044388
107,0,107,2.0,2.0983219146728516,1,1,0.0,0.0,0.0,0.0016005798242986202,0.004399378318339586,-0.06595245748758316
108,0,108,2.0,2.1062252521514893,1,1,0.0,0.0,0.0,0.002581674139946699,0.007167837116867304,-0.03232606500387192
109,0,109,2.0,2.1037909984588623,1,1,0.0,0.0,0.0,-0.0012431798968464136,0.0074201603420078754,-0.0411982424557209
110,0,110,2.0,2.1023945808410645,1,1,0.0,0.0,0.0,0.00226348964497447,0.0058866459876298904,0.032099027186632156
111,0,111,2.0,2.0887610912323,1,1,0.0,0.0,0.0,0.0017222119495272636,0.009014200419187546,0.0049673644825816154
112,0,112,2.0,1.7265686988830566,1,1,0.0,0.0,0.0,-0.0029503542464226484,0.014200589619576931,0.0808110460639
113,0,113,1.0,1.710404396057129,0,1,0.0,0.0,0.0,-0.001282267039641738,0.013024166226387024,0.10070449858903885
114,0,114,1.0,1.2998257875442505,0,0,0.0,0.0,0.0,-0.0023546142037957907,0.011034578084945679,0.16967037320137024
115,0,115,1.0,1.189712643623352,0,0,0.0,0.0,0.0,0.004070872440934181,0.004609643016010523,0.2957548499107361
116,0,116,1.0,1.180301308631897,0,0,0.0,0.0,0.0,0.000546975526958704,0.009646238759160042,0.28821638226509094
117,0,117,1.0,1.2007838487625122,0,0,0.0,0.0,0.5,-0.002349992748349905,0.009184700436890125,0.2094651311635971
118,0,118,1.0,1.2017675638198853,0,0,0.0,0.0,0.5,-0.0015186842065304518,0.006074398290365934,0.4270973205566406
119,0,119,1.0,1.0527061223983765,0,0,0.0,0.0,0.5,-0.0005121819558553398,0.009071561507880688,0.5150157809257507
120,0,120,1.0,0.9640870094299316,0,0,0.0,0.0,0.5,-0.0025406223721802235,0.004839803092181683,0.5425592660903931
121,0,121,1.0,0.9392464756965637,0,0,0.0,0.0,0.5,-0.0041451407596468925,0.004281825385987759,0.5396512150764465
122,0,122,1.0,0.9496087431907654,0,0,0.0,0.0,0.5,-0.0043918536975979805,0.0028300678823143244,0.5511269569396973
123,0,123,1.0,0.9459158778190613,0,0,0.0,0.0,0.5,-0.0013072266010567546,0.001033823355101049,0.5303535461425781
124,0,124,1.0,0.9490841031074524,0,0,0.0,0.0,0.5,0.00020121328998357058,0.012320933863520622,0.5010493993759155
125,0,125,1.0,0.9585593938827515,0,0,0.0,0.0,0.5,0.0028574452735483646,0.014062106609344482,0.5029181241989136
126,0,126,1.0,0.958679735660553,0,0,0.0,0.0,0.5,0.004228668287396431,0.01090055238455534,0.4927985966205597
127,1,0,1.0,0.964890718460083,0,0,0.0,0.0,0.0,0.22236870229244232,0.009079668670892715,0.003519871272146702
128,1,1,1.0,0.963593065738678,0,0,0.0,0.0,0.0,0.21248145401477814,0.008696401491761208,-0.005811025388538837
129,1,2,1.0,0.9664621949195862,0,0,0.0,0.0,0.0,0.2167898714542389,0.013249463401734829,-0.0069738393649458885
130,1,3,1.0,0.9668252468109131,0,0,0.0,0.0,0.0,0.22017769515514374,0.012543292716145515,-0.00387717317789793
131,1,4,1.0,0.9670775532722473,0,0,0.0,0.0,0.0,0.22505338490009308,0.011623608879745007,0.002115999348461628
132,1,5,1.0,0.9671788811683655,0,0,0.0,0.0,0.0,0.2256731539964676,0.011496108025312424,0.002765512093901634
133,1,6,1.0,0.9676847457885742,0,0,0.0,0.0,0.0,0.22509583830833435,0.01293187402188778,0.005111659877002239
134,1,7,1.0,0.9677115082740784,0,0,0.0,0.0,0.0,0.22521954774856567,0.012898784130811691,0.0052746739238500595
135,1,8,1.0,0.9656951427459717,0,0,0.0,0.0,0.0,0.22397038340568542,0.014571155421435833,0.0011833375319838524
136,1,9,1.0,0.9656999707221985,0,0,0.0,0.0,0.0,0.22399859130382538,0.01456231065094471,0.0012306403368711472
137,1,10,1.0,0.9680981636047363,0,0,0.0,0.0,0.0,0.22268374264240265,0.013840609230101109,0.0027845390141010284
138,1,11,1.0,0.9680994153022766,0,0,0.0,0.0,0.0,0.222690150141716,0.013838204555213451,0.0027962569147348404
139,1,12,1.0,0.9667854905128479,0,0,0.0,0.0,0.0,0.22275418043136597,0.014093116857111454,0.0022795265540480614
140,1,13,1.0,0.9667856693267822,0,0,0.0,0.0,0.0,0.22275574505329132,0.01409250870347023,0.00228247232735157
141,1,14,1.0,0.9667858481407166,0,0,0.0,0.0,0.0,0.2227565348148346,0.014092197641730309,0.0022840481251478195
142,1,15,1.0,0.9667859673500061,0,0,0.0,0.0,0.0,0.22275695204734802,0.014092016033828259,0.0022848844528198242
143,1,16,1.0,0.9667860865592957,0,0,0.0,0.0,0.0,0.22275710105895996,0.014091933146119118,0.0022852225229144096
144,1,17,1.0,0.9667860269546509,0,0,0.0,0.0,0.0,0.22275717556476593,0.014091881923377514,0.002285321243107319
145,1,18,1.0,0.9676116108894348,0,0,0.25,0.0,0.0,0.2212720513343811,0.01535494439303875,-0.0018372461199760437
146,1,19,1.0,0.9682773351669312,0,0,0.25,0.0,0.0,0.257066935300827,-0.0006743246922269464,0.004387023858726025
147,1,20,1.0,0.9840969443321228,0,0,0.25,0.0,0.0,0.2784554064273834,-0.008035917766392231,2.25752592086792e-05
148,1,21,1.0,0.9603385925292969,0,0,0.25,0.0,0.0,0.28151586651802063,-0.008459855802357197,-0.009019656106829643
149,1,22,1.0,0.9752453565597534,0,0,0.25,0.0,0.0,0.2745200991630554,-0.009294237941503525,0.0025123441591858864
150,1,23,1.0,0.9615699052810669,0,0,0.25,0.0,0.0,0.26831233501434326,0.0005160804721526802,-0.002612240146845579
151,1,24,1.0,0.968087375164032,0,0,0.25,0.0,0.0,0.26094290614128113,0.03418505936861038,-0.0009147915989160538
152,1,25,1.0,0.9648644328117371,0,0,0.25,0.0,0.0,0.25497889518737793,0.04403079301118851,0.009557987563312054
153,1,26,1.0,0.96214759349823,0,0,0.25,0.0,0.0,0.2123521864414215,0.1211312934756279,0.014638488180935383
154,1,27,1.0,0.9543497562408447,0,0,0.0,0.0,0.0,0.17154376208782196,0.1621311753988266,0.015400468371808529
155,1,28,1.0,0.9612676501274109,0,0,0.0,0.0,0.0,0.06517186760902405,0.24045413732528687,0.0004849126562476158
156,1,29,1.0,0.9585725665092468,0,0,0.0,0.0,0.0,0.014420494437217712,0.25424903631210327,-0.007597603369504213
157,1,30,1.0,0.9635268449783325,0,0,0.0,0.0,0.0,0.002001843648031354,0.26020950078964233,-0.0052724615670740604
158,1,31,1.0,0.9635160565376282,0,0,0.0,0.0,0.0,-0.004118343815207481,0.2595463693141937,-0.006567711941897869
159,1,32,1.0,0.9582337737083435,0,0,0.0,0.0,0.0,-0.0019105111714452505,0.25953763723373413,-0.00893186405301094
160,1,33,1.0,0.9582548141479492,0,0,0.0,0.25,0.0,-0.002852360252290964,0.25944027304649353,-0.009385598823428154
161,1,34,1.0,0.9740886092185974,0,0,0.0,0.25,0.0,0.0008689276874065399,0.28659331798553467,0.0015671821311116219
162,1,35,1.0,0.9793088436126709,0,0,0.0,0.25,0.0,0.0012557851150631905,0.28870394825935364,-0.0018345946446061134
163,1,36,1.0,0.980289101600647,0,0,0.0,0.25,0.0,-0.0024697836488485336,0.2827470004558563,-0.0020031086169183254
164,1,37,1.0,0.9749817848205566,0,0,0.0,0.25,0.0,-0.002606776775792241,0.27801454067230225,-0.002715560607612133
165,1,38,1.0,0.9943877458572388,0,0,0.0,0.25,0.0,-0.008125005289912224,0.2722586691379547,-0.012853622436523438
166,1,39,1.0,0.9936861395835876,0,0,0.0,0.25,0.0,-0.006045655347406864,0.2652726471424103,-0.011334104463458061
167,1,40,1.0,0.9924997091293335,0,0,0.0,0.25,0.0,-0.0073441932909190655,0.2080610692501068,-0.007308009080588818
168,1,41,1.0,0.996977686882019,0,0,0.0,0.25,0.0,-0.00526610529050231,0.15957510471343994,0.003690783865749836
169,1,42,1.0,0.9846712946891785,0,0,0.0,0.0,0.0,-0.00445783045142889,0.10114487260580063,0.0010202443227171898
170,1,43,1.0,0.9784880876541138,0,0,0.0,0.0,0.0,-0.0013715375680476427,0.06268525868654251,-0.015397963114082813
171,1,44,1.0,0.9744239449501038,0,0,0.0,0.0,0.0,-0.0017135828966274858,0.03838413953781128,-0.01632232591509819
172,1,45,1.0,0.975227952003479,0,0,0.0,0.0,0.0,-0.0028059734031558037,0.03093038685619831,-0.01406029611825943
173,1,46,1.0,0.9744730591773987,0,0,0.0,0.0,0.0,-0.0037143267691135406,0.02914244867861271,-0.012136520817875862
174,1,47,1.0,0.9745004773139954,0,0,0.0,0.0,0.0,-0.003873536828905344,0.027736244723200798,-0.01183496043086052
175,1,48,1.0,0.9766426682472229,0,0,0.0,0.25,0.0,-0.004014742560684681,0.022069549188017845,-0.015110248699784279
176,1,49,1.0,0.9814112782478333,0,0,0.0,0.0,0.0,0.0011215547565370798,0.04756304621696472,-0.033812038600444794
177,1,50,1.0,0.9847349524497986,0,0,0.0,0.0,0.0,7.393804844468832e-05,0.026976902037858963,-0.019261594861745834
178,1,51,1.0,0.9868846535682678,0,0,0.0,0.0,0.0,-0.00043681199895218015,0.020532501861453056,-0.022392846643924713
179,1,52,1.0,0.9861026406288147,0,0,0.0,0.0,0.0,0.0004803118063136935,0.018618138507008553,-0.022777192294597626
180,1,53,1.0,0.9858094453811646,0,0,0.0,0.0,0.0,0.0004033556906506419,0.017390379682183266,-0.02239895984530449
181,1,54,1.0,0.9888247847557068,0,0,0.0,0.0,0.0,0.0022323511075228453,0.014765195548534393,-0.028286419808864594
182,1,55,1.0,0.9887272119522095,0,0,0.0,0.25,0.0,0.0022271154448390007,0.0145717216655612,-0.028206806629896164
183,1,56,1.0,0.9973322153091431,0,0,0.0,0.25,0.0,0.0034295818768441677,0.03414057940244675,-0.03320445120334625
184,1,57,1.0,0.9996535778045654,0,0,0.0,0.0,0.0,0.007066169288009405,0.0385899618268013,-0.04673071578145027
185,1,58,1.0,0.9640402793884277,0,0,0.0,0.0,0.0,0.009758464992046356,0.021826492622494698,-0.030637212097644806
186,1,59,1.0,0.96559739112854,0,0,0.0,0.0,0.0,0.011070698499679565,0.01619507372379303,-0.0336763821542263
187,1,60,1.0,0.9556785225868225,0,0,0.0,0.0,0.0,0.008013395592570305,0.010846664197742939,-0.006085388362407684
188,1,61,1.0,0.9566828608512878,0,0,0.0,0.0,0.0,0.008618008345365524,0.009141622111201286,-0.005727620329707861
189,1,62,1.0,0.9540759921073914,0,0,0.0,0.0,0.0,0.00966612622141838,0.008446615189313889,-0.004253172315657139
190,1,63,1.0,0.9540272951126099,0,0,0.0,0.0,0.0,0.009627819061279297,0.008188133127987385,-0.00396882276982069
191,1,64,1.0,0.9552130103111267,0,0,0.0,0.0,0.0,0.011148424819111824,0.007721489295363426,-0.003731516655534506
192,1,65,1.0,0.9551999568939209,0,0,0.25,0.0,0.0,0.011141175404191017,0.0076681338250637054,-0.003661823458969593
193,1,66,1.0,0.9639188051223755,0,0,0.25,0.0,0.0,0.027050180360674858,0.006743487901985645,0.002836223691701889
194,1,67,1.0,0.9690587520599365,0,0,0.25,0.0,0.0,0.03194977343082428,0.0038344687782227993,-0.006679254118353128
195,1,68,1.0,0.9673163890838623,0,0,0.0,0.0,0.0,0.027988430112600327,0.008337193168699741,0.002827303484082222
196,1,69,1.0,0.9665066003799438,0,0,0.0,0.0,0.0,0.013772206380963326,0.0054822806268930435,-0.0015872297808527946
197,1,70,1.0,0.9823846817016602,0,0,0.0,0.0,0.0,0.007141959387809038,0.005607116036117077,0.013458716683089733
198,1,71,1.0,0.9811720252037048,0,0,0.0,0.0,0.0,0.0041400664485991,0.005464056972414255,0.007954598404467106
199,1,72,1.0,0.9839284420013428,0,0,0.0,0.0,0.0,0.0005269693210721016,0.005632147192955017,0.015574605204164982
200,1,73,1.0,0.9838032722473145,0,0,0.0,0.0,0.0,9.147729724645615e-05,0.005613299086689949,0.014834810979664326
201,1,74,1.0,0.9832063913345337,0,0,0.0,0.0,0.0,-0.0006065641646273434,0.0050652348436415195,0.0023135757073760033
202,1,75,1.0,0.9831915497779846,0,0,0.0,0.0,0.0,-0.000672684283927083,0.005068014841526747,0.0020824261009693146
203,1,76,1.0,0.9859779477119446,0,0,0.25,0.0,0.0,-0.0012690351577475667,0.005063064396381378,-0.0070789894089102745
204,1,77,1.0,0.9880313277244568,0,0,0.0,0.0,0.0,0.013397365808486938,0.003998631611466408,-0.12156686931848526
205,1,78,1.0,0.9730943441390991,0,0,0.0,0.0,0.0,0.008371999487280846,0.00530893262475729,-0.275571346282959
206,1,79,1.0,0.9681859612464905,0,0,0.0,0.0,0.0,0.003696681931614876,0.005086925812065601,-0.3018456995487213
207,1,80,1.0,0.9584217071533203,0,0,0.0,0.0,0.0,0.0014971962664276361,0.006704830564558506,-0.34314292669296265
208,1,81,1.0,0.9583083391189575,0,0,0.0,0.0,0.0,0.00027968513313680887,0.006743278820067644,-0.34357088804244995
209,1,82,1.0,0.9573575258255005,0,0,0.0,0.0,0.0,-0.00038784806383773685,0.006576341576874256,-0.3558945953845978
210,1,83,1.0,0.957291305065155,0,0,0.0,0.0,-0.5,-0.0005557583644986153,0.006577340420335531,-0.3562200367450714
211,1,84,1.0,0.9234840869903564,0,0,0.0,0.0,-0.5,0.005606557242572308,0.0008731024572625756,-0.49679356813430786
212,1,85,1.0,0.8935084342956543,0,0,0.0,0.0,-0.5,0.0073577831499278545,0.00048777053598314524,-0.5472413301467896
213,1,86,1.0,0.8786956071853638,0,0,0.0,0.0,-0.5,0.0044806646183133125,0.0020753692369908094,-0.5511300563812256
214,1,87,1.0,0.8787475228309631,0,0,0.0,0.0,-0.5,0.004868239630013704,0.00353400525636971,-0.5436012148857117
215,1,88,1.0,0.9202457070350647,0,0,0.0,0.0,-0.5,0.0036155525594949722,0.0031424022745341063,-0.5424177050590515
216,1,89,1.0,1.0362577438354492,0,0,0.0,0.0,-0.5,0.005594508722424507,0.002245996380224824,-0.47663408517837524
217,1,90,1.0,1.464070439338684,0,0,0.0,0.0,-0.5,-0.0010693727526813745,0.013249358162283897,-0.26265034079551697
218,1,91,1.0,1.647961139678955,0,1,0.0,0.0,-0.5,-0.00038687343476340175,0.012929411605000496,-0.16037237644195557
219,1,92,1.0,1.9619723558425903,0,1,0.0,0.0,-0.5,0.002228946890681982,0.010294691659510136,-0.021723061800003052
220,1,93,1.0,1.954919695854187,0,1,0.0,0.0,-0.5,0.002127001527696848,0.01049203984439373,-0.019533168524503708
221,1,94,1.0,2.0147547721862793,0,1,0.0,0.0,0.0,0.002446940168738365,0.008397934958338737,0.000292009674012661
222,1,95,1.0,2.0164783000946045,0,1,0.0,0.0,0.0,0.0025596446357667446,0.008352657780051231,0.0021439949050545692
223,1,96,1.0,2.0688939094543457,0,1,0.0,0.0,0.0,0.004340775776654482,0.007435203529894352,0.022665970027446747
224,1,97,2.0,2.0690977573394775,1,1,0.0,0.0,0.0,0.004375303164124489,0.007409520912915468,0.02310662344098091
225,1,98,2.0,2.0910511016845703,1,1,0.0,0.0,0.0,-0.0013432733248919249,0.002870026044547558,0.026608187705278397
226,1,99,2.0,2.116908550262451,1,1,0.0,0.0,0.0,-0.006724792066961527,0.008194885216653347,-0.02672576904296875
227,1,100,2.0,2.133852005004883,1,1,0.0,0.0,0.0,-0.0030326300766319036,0.005525942891836166,-0.07363058626651764
228,1,101,2.0,2.142284870147705,1,1,0.0,0.0,0.0,-0.00354980886913836,0.00630306638777256,-0.06140957772731781
229,1,102,2.0,2.158177375793457,1,1,0.0,0.0,0.0,-0.001613703789189458,0.006595306564122438,-0.05528249964118004
230,1,103,2.0,2.163818120956421,1,1,0.0,0.0,0.0,-0.0019494376610964537,0.006783250719308853,-0.05081611126661301
231,1,104,2.0,2.0644583702087402,1,1,0.0,0.0,0.0,-0.0003545071231201291,0.006072978489100933,0.001193920150399208
232,1,105,2.0,1.9549858570098877,1,1,0.0,0.0,0.0,-0.0013877659803256392,0.007461532950401306,0.03273120895028114
233,1,106,1.0,1.4975191354751587,0,0,0.0,0.0,0.0,0.0006584885995835066,0.010950597934424877,0.17486369609832764
234,1,107,1.0,1.3333035707473755,0,0,0.0,0.0,0.0,-0.001985314302146435,0.012408927083015442,0.23037825524806976
235,1,108,1.0,1.1040095090866089,0,0,0.0,0.0,0.0,-0.0028975410386919975,0.009920028038322926,0.3127295672893524
236,1,109,1.0,1.0850073099136353,0,0,0.0,0.0,0.5,-0.003211340168491006,0.010588100180029869,0.31791451573371887
237,1,110,1.0,1.035799264907837,0,0,0.0,0.0,0.5,-0.0007985566626302898,0.0075474688783288,0.4760618805885315
238,1,111,1.0,1.0201376676559448,0,0,0.0,0.0,0.5,-2.8645736165344715e-05,0.013410240411758423,0.505612313747406
239,1,112,1.0,0.9640456438064575,0,0,0.0,0.0,0.5,-0.00449424097314477,0.007788036018610001,0.4979371130466461
240,1,113,1.0,0.9627084732055664,0,0,0.0,0.0,0.5,-0.0033094766549766064,0.008885581977665424,0.5154994130134583
241,1,114,1.0,0.9502192139625549,0,0,0.0,0.0,0.5,-0.0009066875791177154,0.005438530817627907,0.533893883228302
242,1,115,1.0,0.9456231594085693,0,0,0.0,0.0,0.5,0.0008885206189006567,0.007952678948640823,0.5247567296028137
243,1,116,1.0,0.949674129486084,0,0,0.0,0.0,0.5,-0.00017089152242988348,0.008722791448235512,0.4981127679347992
244,1,117,1.0,0.9561454057693481,0,0,0.0,0.0,0.5,0.001171389129012823,0.024732494726777077,0.4878513813018799
245,1,118,1.0,0.9681931734085083,0,0,0.0,0.0,0.5,0.0024361074902117252,0.021994255483150482,0.4671860635280609
246,2,0,1.0,0.9776347279548645,0,0,0.0,0.0,0.0,-0.18364107608795166,-0.008944297209382057,0.0050876690074801445
247,2,1,1.0,0.9707528352737427,0,0,0.0,0.0,0.0,-0.2008252888917923,-0.007914036512374878,-0.006110694259405136
248,2,2,1.0,0.9720713496208191,0,0,0.0,0.0,0.0,-0.20166972279548645,-0.004591796081513166,0.0013052644208073616
249,2,3,1.0,0.9727516174316406,0,0,0.0,0.0,0.0,-0.19663475453853607,-0.005090141668915749,0.004261241294443607
250,2,4,1.0,0.9754825830459595,0,0,0.0,0.0,0.0,-0.20446209609508514,-0.005620715208351612,0.01014337781816721
251,2,5,1.0,0.9758607149124146,0,0,0.0,0.0,0.0,-0.20355693995952606,-0.005787242669612169,0.01111165527254343
252,2,6,1.0,0.9737251996994019,0,0,0.0,0.0,0.0,-0.212166890501976,-0.0028787110932171345,0.009948273189365864
253,2,7,1.0,0.9737880825996399,0,0,0.0,0.0,0.0,-0.2120179980993271,-0.0029143481515347958,0.010210108943283558
254,2,8,1.0,0.9745880961418152,0,0,0.0,0.0,0.0,-0.20692795515060425,-0.003144360613077879,0.008385094814002514
255,2,9,1.0,0.9746068120002747,0,0,0.0,0.0,0.0,-0.20689712464809418,-0.0031554221641272306,0.008457371033728123
256,2,10,1.0,0.9693709015846252,0,0,-0.25,0.0,0.0,-0.21374210715293884,-0.0012069555232301354,0.00980804581195116
257,2,11,1.0,0.9678500294685364,0,0,-0.25,0.0,0.0,-0.24289320409297943,-0.012982800602912903,0.005878209136426449
258,2,12,1.0,0.9767208695411682,0,0,-0.25,0.0,0.0,-0.28392714262008667,-0.00834666844457388,-0.009795384481549263
259,2,13,1.0,0.9828096628189087,0,0,-0.25,0.0,0.0,-0.278661847114563,-0.00994475744664669,-0.005851492285728455
260,2,14,1.0,0.9790368676185608,0,0,-0.25,0.0,0.0,-0.2856762707233429,0.008831058628857136,-0.01933116465806961
261,2,15,1.0,0.9864548444747925,0,0,-0.25,0.0,0.0,-0.2833296060562134,0.00646862993016839,-0.014702459797263145
262,2,16,1.0,0.9695832133293152,0,0,-0.25,0.0,0.0,-0.2772766053676605,0.019384212791919708,0.0009598489850759506
263,2,17,1.0,0.9735134840011597,0,0,-0.25,0.0,0.0,-0.2624477446079254,0.04234892874956131,-0.010474790818989277
264,2,18,1.0,0.9631701111793518,0,0,-0.25,0.0,0.0,-0.20211732387542725,0.12763310968875885,0.001960400491952896
265,2,19,1.0,0.9745185375213623,0,0,-0.25,0.0,0.0,-0.1287086009979248,0.19808189570903778,0.0016064848750829697
266,2,20,1.0,0.9697875380516052,0,0,0.0,0.0,0.0,-0.10572607815265656,0.22096648812294006,-0.0009005730971693993
267,2,21,1.0,0.9609091877937317,0,0,0.0,0.0,0.0,-0.033007897436618805,0.25083428621292114,0.005275828763842583
268,2,22,1.0,0.9593998193740845,0,0,0.0,0.0,0.0,-0.003867687191814184,0.26252591609954834,-0.008126012049615383
269,2,23,1.0,0.9570739269256592,0,0,0.0,0.0,0.0,0.008398983627557755,0.2619294226169586,-0.010840079747140408
270,2,24,1.0,0.9559283256530762,0,0,0.0,0.0,0.0,0.014449162408709526,0.2635956406593323,-0.012561501935124397
271,2,25,1.0,0.9556728601455688,0,0,0.0,0.0,0.0,0.01635255292057991,0.2634524405002594,-0.012508454732596874
272,2,26,1.0,0.9578758478164673,0,0,0.0,0.25,0.0,0.014074604958295822,0.2652081549167633,-0.011536447331309319
273,2,27,1.0,0.9657467603683472,0,0,0.0,0.25,0.0,0.0029592467471957207,0.2891044616699219,-0.0015815729275345802
274,2,28,1.0,0.9737476110458374,0,0,0.0,0.25,0.0,0.007517723832279444,0.2965313792228699,0.004335436969995499
275,2,29,1.0,0.9940754771232605,0,0,0.0,0.25,0.0,0.001404447015374899,0.29984766244888306,0.004499976523220539
276,2,30,1.0,0.9921064376831055,0,0,0.0,0.25,0.0,0.0051169246435165405,0.2966628074645996,0.011639048345386982
277,2,31,1.0,0.9949591755867004,0,0,0.0,0.25,0.0,0.005720845889300108,0.28833094239234924,0.010104051791131496
278,2,32,1.0,1.0015407800674438,0,0,0.0,0.25,0.0,0.0044714645482599735,0.2841281592845917,0.0070297447964549065
279,2,33,1.0,1.0044097900390625,0,0,0.0,0.25,0.0,0.0007868362590670586,0.23564758896827698,-0.01143260020762682
280,2,34,1.0,0.9905858635902405,0,0,0.0,0.25,0.0,-0.007091452833265066,0.15013961493968964,-0.02555038407444954
281,2,35,1.0,0.9960616827011108,0,0,0.0,0.0,0.0,-0.0023444234393537045,0.13139541447162628,-0.017337895929813385
282,2,36,1.0,0.9867412447929382,0,0,0.0,0.0,0.0,-0.006605016998946667,0.08817081153392792,-0.009933720342814922
283,2,37,1.0,0.9894534945487976,0,0,0.0,0.0,0.0,-0.003261373843997717,0.06725507974624634,-0.007663358934223652
284,2,38,1.0,0.9842037558555603,0,0,0.0,0.0,0.0,-0.004689362365752459,0.05251690000295639,-0.006341317668557167
285,2,39,1.0,0.983747661113739,0,0,0.0,0.0,0.0,-0.00476901326328516,0.04828181862831116,-0.006266564596444368
286,2,40,1.0,0.9845571517944336,0,0,0.0,0.0,0.0,-0.007855601608753204,0.03698413074016571,-0.005404996685683727
287,2,41,1.0,0.9843876957893372,0,0,0.0,0.25,0.0,-0.007858609780669212,0.03628500550985336,-0.005402493290603161
288,2,42,1.0,0.9845564365386963,0,0,0.0,0.0,0.0,-0.005006139632314444,0.06874268501996994,-0.019754037261009216
289,2,43,1.0,0.9830432534217834,0,0,0.0,0.0,0.0,-0.0038479662034660578,0.04009755700826645,-0.013936558738350868
290,2,44,1.0,0.9771134257316589,0,0,0.0,0.0,0.0,-0.00838666781783104,0.031618162989616394,-0.015974098816514015
291,2,45,1.0,0.9761306047439575,0,0,0.0,0.0,0.0,-0.008754979819059372,0.02812122367322445,-0.014974508434534073
292,2,46,1.0,0.9766536355018616,0,0,0.0,0.0,0.0,-0.00911901704967022,0.021874893456697464,-0.014350319281220436
293,2,47,1.0,0.976477861404419,0,0,0.0,0.0,0.0,-0.009149657562375069,0.021322425454854965,-0.014220893383026123
294,2,48,1.0,0.9768533706665039,0,0,0.0,0.25,0.0,-0.009955575689673424,0.02125338464975357,-0.011880198493599892
295,2,49,1.0,0.9882747530937195,0,0,0.0,0.25,0.0,-0.006308781914412975,0.041722409427165985,-0.021695267409086227
296,2,50,1.0,0.989001989364624,0,0,0.0,0.0,0.0,-0.006958461366593838,0.04298724979162216,-0.035727716982364655
297,2,51,1.0,0.9804563522338867,0,0,0.0,0.0,0.0,-0.011908227577805519,0.02503969334065914,-0.02715397998690605
298,2,52,1.0,0.967618465423584,0,0,0.0,0.0,0.0,-0.01604868657886982,0.013636353425681591,-0.016595464199781418
299,2,53,1.0,0.9686911106109619,0,0,0.0,0.0,0.0,-0.016434134915471077,0.00834836345165968,-0.018166150897741318
300,2,54,1.0,0.963228702545166,0,0,0.0,0.0,0.0,-0.02223171293735504,0.005500470288097858,-0.008343266323208809
301,2,55,1.0,0.9628245830535889,0,0,-0.25,0.0,0.0,-0.02244994044303894,0.004800640046596527,-0.007916062138974667
302,2,56,1.0,0.9545269012451172,0,0,0.0,0.0,0.0,-0.038254182785749435,0.011502478271722794,0.00010504573583602905
303,2,57,1.0,0.9590153098106384,0,0,0.0,0.0,0.0,-0.03458266705274582,0.007706483826041222,0.004223008640110493
304,2,58,1.0,0.9653915762901306,0,0,0.0,0.0,0.0,-0.024275081232190132,0.0021700162906199694,-0.0023175678215920925
305,2,59,1.0,0.9666048288345337,0,0,0.0,0.0,0.0,-0.021850723773241043,0.000987545819953084,-0.003839647863060236
306,2,60,1.0,0.9625714421272278,0,0,-0.25,0.0,0.0,-0.021508313715457916,0.003735154867172241,-0.006353963166475296
307,2,61,1.0,0.962806224822998,0,0,-0.25,0.0,0.0,-0.033391501754522324,0.010087653994560242,0.0009242920204997063
308,2,62,1.0,0.9791461229324341,0,0,0.0,0.0,0.0,-0.029378637671470642,0.008603298105299473,-0.03256527706980705
309,2,63,1.0,0.9861573576927185,0,0,0.0,0.0,0.0,-0.017253940925002098,0.003195574739947915,-0.07123434543609619
310,2,64,1.0,0.9877111911773682,0,0,0.0,0.0,0.0,-0.008472396992146969,0.0033854281064122915,-0.09048962593078613
311,2,65,1.0,0.9879622459411621,0,0,0.0,0.0,0.0,-0.0059683602303266525,0.002586203394457698,-0.08832459896802902
312,2,66,1.0,0.9835751056671143,0,0,0.0,0.0,0.0,-0.002543480833992362,0.003348622005432844,-0.16005541384220123
313,2,67,1.0,0.983645498752594,0,0,-0.25,0.0,0.0,-0.0021813558414578438,0.003228077432140708,-0.1602994054555893
314,2,68,1.0,0.9883647561073303,0,0,0.0,0.0,0.0,-0.015913480892777443,0.006074879318475723,-0.10764610767364502
315,2,69,1.0,0.9853650331497192,0,0,0.0,0.0,0.0,-0.00908800307661295,0.00527202570810914,-0.10946795344352722
316,2,70,1.0,0.9784510135650635,0,0,0.0,0.0,0.0,-0.002354654483497143,0.0028749650809913874,-0.17548923194408417
317,2,71,1.0,0.9783205986022949,0,0,0.0,0.0,0.0,-0.00024449476040899754,0.00236673466861248,-0.1864568293094635
318,2,72,1.0,0.9813963174819946,0,0,0.0,0.0,0.0,0.0012469184584915638,0.002709881169721484,-0.2306249588727951
319,2,73,1.0,0.9814363718032837,0,0,0.0,0.0,0.0,0.0015140431933104992,0.002622797153890133,-0.2310744822025299
320,2,74,1.0,0.9815077781677246,0,0,0.0,0.0,0.0,0.0006495837587863207,0.0024399529211223125,-0.24294829368591309
321,2,75,1.0,0.9815187454223633,0,0,0.0,0.0,-0.5,0.0006943917833268642,0.002425017999485135,-0.24300482869148254
322,2,76,1.0,0.9365054965019226,0,0,0.0,0.0,-0.5,0.005113421939313412,0.000809013145044446,-0.5112848281860352
323,2,77,1.0,0.9137891530990601,0,0,0.0,0.0,-0.5,0.00882335938513279,-0.002378604141995311,-0.5581997632980347
324,2,78,1.0,0.9285919666290283,0,0,0.0,0.0,-0.5,0.008241953328251839,-0.000318797305226326,-0.5615147352218628
325,2,79,1.0,0.9097376465797424,0,0,0.0,0.0,-0.5,0.010783784091472626,0.0014410720905289054,-0.5515257120132446
326,2,80,1.0,0.9064830541610718,0,0,0.0,0.0,-0.5,0.008099863305687904,0.0059099928475916386,-0.5398637056350708
327,2,81,1.0,0.9092736840248108,0,0,0.0,0.0,-0.5,0.0015728536527603865,0.0026772653218358755,-0.5109403729438782
328,2,82,1.0,1.1041831970214844,0,0,0.0,0.0,-0.5,-0.002262269612401724,0.007013440597802401,-0.4198411703109741
329,2,83,1.0,1.470155119895935,0,0,0.0,0.0,-0.5,-6.652565207332373e-05,0.008492552675306797,-0.23815323412418365
330,2,84,1.0,1.7739505767822266,0,1,0.0,0.0,-0.5,0.006492413114756346,0.0055719707161188126,-0.10117451101541519
331,2,85,1.0,1.8756755590438843,0,1,0.0,0.0,-0.5,0.00630798377096653,0.00591858197003603,-0.04887377470731735
332,2,86,1.0,2.031749725341797,0,1,0.0,0.0,0.0,0.006611911114305258,0.0036966856569051743,0.006134768016636372
333,2,87,1.0,2.037829875946045,0,1,0.0,0.0,0.0,0.00703434506431222,0.003315977519378066,0.013236555270850658
334,2,88,1.0,2.0795469284057617,0,1,0.0,0.0,0.0,0.006792218890041113,0.0024065161123871803,0.020828571170568466
335,2,89,1.0,2.080153465270996,0,1,0.0,0.0,0.0,0.006865982431918383,0.0022755262907594442,0.022338256239891052
336,2,90,2.0,2.0434720516204834,1,1,0.0,0.0,0.0,0.006876560393720865,0.003513702191412449,0.02261430025100708
337,2,91,2.0,2.089078903198242,1,1,0.0,0.0,0.0,-0.005195612087845802,-0.0005926607409492135,0.02182326465845108
338,2,92,2.0,2.1112542152404785,1,1,0.0,0.0,0.0,-0.0030446178279817104,0.00021102960454300046,0.010125367902219296
339,2,93,2.0,2.0958333015441895,1,1,0.0,0.0,0.0,-0.008409587666392326,0.007414687890559435,0.059877198189496994
340,2,94,2.0,2.121450424194336,1,1,0.0,0.0,0.0,-0.00021038053091615438,0.0021929964423179626,-0.03441116213798523
341,2,95,2.0,2.1351051330566406,1,1,0.0,0.0,0.0,-0.0034017651341855526,0.0011507343733683228,-0.0203853789716959
342,2,96,2.0,2.1258959770202637,1,1,0.0,0.0,0.0,-0.002448257990181446,0.00224402267485857,0.01136858481913805
343,2,97,2.0,2.0804572105407715,1,1,0.0,0.0,0.0,-0.0008697904995642602,0.003711872734129429,0.0425727516412735
344,2,98,1.0,1.7847728729248047,0,1,0.0,0.0,0.0,-0.003976405598223209,0.008477534167468548,0.09949763864278793
345,2,99,1.0,1.3655115365982056,0,0,0.0,0.0,0.0,-0.0034417102579027414,0.013031871058046818,0.23570290207862854
346,2,100,1.0,1.224914312362671,0,0,0.0,0.0,0.0,-0.003449773183092475,0.013120743446052074,0.27438676357269287
347,2,101,1.0,1.1458933353424072,0,0,0.0,0.0,0.0,-0.006038946099579334,0.014112286269664764,0.2832014262676239
348,2,102,1.0,1.2076444625854492,0,0,0.0,0.0,0.0,-0.0014147065812721848,0.007174375467002392,0.30931323766708374
349,2,103,1.0,1.1757785081863403,0,0,0.0,0.0,0.0,-0.0037154308520257473,0.007133868057280779,0.30076873302459717
350,2,104,1.0,1.1511465311050415,0,0,0.0,0.0,0.5,-0.003670609323307872,0.010085422545671463,0.2990999221801758
351,2,105,1.0,0.9909915328025818,0,0,0.0,0.0,0.5,-0.0015312181785702705,-0.0015478447312489152,0.4751046299934387
352,2,106,1.0,1.0017112493515015,0,0,0.0,0.0,0.5,-0.0013717861147597432,0.007136513013392687,0.5349136590957642
353,2,107,1.0,0.9674357175827026,0,0,0.0,0.0,0.5,-0.0016261764103546739,0.0051704091019928455,0.5525652766227722
354,2,108,1.0,0.9682260155677795,0,0,0.0,0.0,0.5,-0.0001252811634913087,0.006731798872351646,0.5310274958610535
355,2,109,1.0,0.9612653851509094,0,0,0.0,0.0,0.5,0.0013534005265682936,0.008631863631308079,0.5252529382705688
356,2,110,1.0,0.972011923789978,0,0,0.0,0.0,0.5,-0.00016369251534342766,0.005669836886227131,0.5437126159667969
357,2,111,1.0,0.9715980291366577,0,0,0.0,0.0,0.5,0.000872018514201045,0.00570679921656847,0.5305781364440918
358,2,112,1.0,0.9812088012695312,0,0,0.0,0.0,0.5,0.0017408642452210188,0.01737770065665245,0.4955103099346161
359,2,113,1.0,0.9812173843383789,0,0,0.0,0.0,0.5,0.0019341963343322277,0.009053878486156464,0.4824295938014984
360,3,0,1.0,0.9711360931396484,0,0,0.0,0.0,0.0,0.22698237001895905,0.016158349812030792,-0.006359118036925793
361,3,1,1.0,0.9659500122070312,0,0,0.0,0.0,0.0,0.21963073313236237,0.01812390424311161,-0.01686878874897957
362,3,2,1.0,0.9594631791114807,0,0,0.0,0.0,0.0,0.22878411412239075,0.014983905479311943,-0.017089955508708954
363,3,3,1.0,0.9601478576660156,0,0,0.0,0.0,0.0,0.23114116489887238,0.014574441127479076,-0.014982327818870544
364,3,4,1.0,0.9620934128761292,0,0,0.0,0.0,0.0,0.23147790133953094,0.015479357913136482,-0.011831236071884632
365,3,5,1.0,0.9621872305870056,0,0,0.0,0.0,0.0,0.23193754255771637,0.01539931632578373,-0.011297912336885929
366,3,6,1.0,0.9609634280204773,0,0,0.0,0.0,0.0,0.23236621916294098,0.016172554343938828,-0.00980811845511198
367,3,7,1.0,0.9609850645065308,0,0,0.0,0.0,0.0,0.2324729561805725,0.016146859154105186,-0.00965883582830429
368,3,8,1.0,0.9598637819290161,0,0,0.0,0.0,0.0,0.23299768567085266,0.014808343723416328,-0.009055051021277905
369,3,9,1.0,0.9598665833473206,0,0,0.0,0.0,0.0,0.23302002251148224,0.014802655205130577,-0.00901738926768303
370,3,10,1.0,0.960172176361084,0,0,0.0,0.0,0.0,0.23376114666461945,0.014563651755452156,-0.010325298644602299
371,3,11,1.0,0.9601730108261108,0,0,0.25,0.0,0.0,0.23376671969890594,0.014562073163688183,-0.010315251536667347
372,3,12,1.0,0.9768021106719971,0,0,0.25,0.0,0.0,0.2489762157201767,0.013591984286904335,0.005007589235901833
373,3,13,1.0,0.9786700010299683,0,0,0.25,0.0,0.0,0.25433337688446045,0.015467656776309013,0.015532908029854298
374,3,14,1.0,0.9729089140892029,0,0,0.25,0.0,0.0,0.25787580013275146,0.014149029739201069,0.020499184727668762
375,3,15,1.0,0.9658065438270569,0,0,0.25,0.0,0.0,0.2514115869998932,-0.00472649559378624,0.019075997173786163
376,3,16,1.0,0.9520343542098999,0,0,0.25,0.0,0.0,0.24412132799625397,-0.02221796289086342,0.018313027918338776
377,3,17,1.0,0.9574065804481506,0,0,0.25,0.0,0.0,0.23594723641872406,-0.03771160542964935,0.017009299248456955
378,3,18,1.0,0.9592891335487366,0,0,0.25,0.0,0.0,0.20919547975063324,-0.07103388756513596,0.0066064829006791115
379,3,19,1.0,0.9744760394096375,0,0,0.25,0.0,0.0,0.2039274275302887,-0.0743376836180687,0.01059760432690382
380,3,20,1.0,0.9849573969841003,0,0,0.25,0.0,0.0,0.1421867311000824,-0.1445474773645401,-0.0003862949088215828
381,3,21,1.0,0.9780620336532593,0,0,0.0,0.0,0.0,0.11973239481449127,-0.160369411110878,-0.009012182243168354
382,3,22,1.0,0.9889366626739502,0,0,0.0,0.0,0.0,0.04214464873075485,-0.21881292760372162,-0.0007497863844037056
383,3,23,1.0,0.9859626889228821,0,0,0.0,0.0,0.0,0.0010250841733068228,-0.22484876215457916,-0.0019980655051767826
384,3,24,1.0,0.9875445365905762,0,0,0.0,0.0,0.0,-0.0058479090221226215,-0.2308574914932251,0.004030932672321796
385,3,25,1.0,0.9866878390312195,0,0,0.0,-0.25,0.0,-0.011509642004966736,-0.23061075806617737,0.0029831435531377792
386,3,26,1.0,0.9926026463508606,0,0,0.0,-0.25,0.0,-0.013917431235313416,-0.26218336820602417,0.008570519275963306
387,3,27,1.0,0.9997488260269165,0,0,0.0,-0.25,0.0,-0.005622211843729019,-0.2673403024673462,0.0016414886340498924
388,3,28,1.0,0.9955735206604004,0,0,0.0,-0.25,0.0,-0.009329594671726227,-0.27019184827804565,0.003649151884019375
389,3,29,1.0,0.9877942204475403,0,0,0.0,-0.25,0.0,-0.005083614960312843,-0.2736635208129883,0.002537827007472515
390,3,30,1.0,0.990654468536377,0,0,0.0,-0.25,0.0,-0.009977864101529121,-0.26939940452575684,0.0012644436210393906
391,3,31,1.0,0.9895812273025513,0,0,0.0,-0.25,0.0,-0.003063217271119356,-0.260690301656723,0.00741805974394083
392,3,32,1.0,1.0005754232406616,0,0,0.0,-0.25,0.0,-0.002261684974655509,-0.24255147576332092,0.025366947054862976
393,3,33,1.0,0.9885369539260864,0,0,0.0,-0.25,0.0,-0.002274383557960391,-0.17002643644809723,0.009124540723860264
394,3,34,1.0,0.9803742170333862,0,0,0.0,-0.25,0.0,-0.0013202927075326443,-0.08974504470825195,0.015264716930687428
395,3,35,1.0,0.9821237921714783,0,0,0.0,0.0,0.0,-0.0027189371176064014,-0.06650420278310776,0.023065663874149323
396,3,36,1.0,0.9768352508544922,0,0,0.0,0.0,0.0,-0.0029191430658102036,-0.033584900200366974,-0.0014733285643160343
397,3,37,1.0,0.9766300320625305,0,0,0.0,0.0,0.0,-0.004993732087314129,-0.01568000204861164,-0.005155646707862616
398,3,38,1.0,0.9801152348518372,0,0,0.0,0.0,0.0,-0.003372982144355774,-0.00860917754471302,-0.011147009208798409
399,3,39,1.0,0.9803293943405151,0,0,0.0,0.0,0.0,-0.0034430434461683035,-0.006605856120586395,-0.012122591957449913
400,3,40,1.0,0.9822968244552612,0,0,0.0,0.0,0.0,-0.0022680037654936314,-0.00677952216938138,-0.013031193055212498
401,3,41,1.0,0.9823871850967407,0,0,0.0,-0.25,0.0,-0.0022698845714330673,-0.0063720871694386005,-0.013201951049268246
402,3,42,1.0,0.9830536246299744,0,0,0.0,-0.25,0.0,0.0024091454688459635,-0.020129164680838585,-0.011396386660635471
403,3,43,1.0,0.9917454719543457,0,0,0.0,0.0,0.0,0.004127073101699352,-0.028641289100050926,-0.022357754409313202
404,3,44,1.0,0.9771502614021301,0,0,0.0,0.0,0.0,0.00948626734316349,-0.0090344762429595,-0.025311138480901718
405,3,45,1.0,0.974240243434906,0,0,0.0,0.0,0.0,0.007742372807115316,-0.003961208742111921,-0.04101576656103134
406,3,46,1.0,0.9700778722763062,0,0,0.0,0.0,0.0,0.0083836130797863,0.0021122971083968878,-0.025537364184856415
407,3,47,1.0,0.9699680209159851,0,0,0.0,0.0,0.0,0.00821014866232872,0.0032613901421427727,-0.02625729888677597
408,3,48,1.0,0.967308759689331,0,0,0.0,0.0,0.0,0.007427756208926439,0.0027791725005954504,-0.017395630478858948
409,3,49,1.0,0.9672950506210327,0,0,0.0,0.0,0.0,0.007392134051769972,0.002984599443152547,-0.017539547756314278
410,3,50,1.0,0.9667874574661255,0,0,0.0,0.0,0.0,0.007509533781558275,0.003800800070166588,-0.013024215586483479
411,3,51,1.0,0.9667897820472717,0,0,0.0,0.0,0.0,0.007504420820623636,0.0038460055366158485,-0.013051411136984825
412,3,52,1.0,0.9668086171150208,0,0,0.0,0.0,0.0,0.00802258774638176,0.0035344588104635477,-0.013415693305432796
413,3,53,1.0,0.9668079018592834,0,0,0.0,0.0,0.0,0.008021451532840729,0.003545834682881832,-0.013423729687929153
414,3,54,1.0,0.9674914479255676,0,0,0.0,0.0,0.0,0.007638579700142145,0.0038611656054854393,-0.01035975944250822
415,3,55,1.0,0.9674909710884094,0,0,0.25,0.0,0.0,0.00763844745233655,0.0038645039312541485,-0.010361745022237301
416,3,56,1.0,0.9675014019012451,0,0,0.25,0.0,0.0,0.021294372156262398,0.0064069293439388275,-0.00686682527884841
417,3,57,1.0,0.9730717539787292,0,0,0.0,0.0,0.0,0.024357257410883904,0.008435552939772606,-0.011732169426977634
418,3,58,1.0,0.9689687490463257,0,0,0.0,0.0,0.0,0.012626800686120987,0.00505825923755765,0.018038321286439896
419,3,59,1.0,0.9674721360206604,0,0,0.0,0.0,0.0,0.007409933488816023,0.004239965230226517,0.016384508460760117
420,3,60,1.0,0.981112003326416,0,0,0.0,0.0,0.0,0.0052369944751262665,0.004502925090491772,0.008986563421785831
421,3,61,1.0,0.9807920455932617,0,0,0.0,0.0,0.0,0.004131990019232035,0.0043188040144741535,0.008137893863022327
422,3,62,1.0,0.9858323931694031,0,0,0.0,0.0,0.0,0.0005185730988159776,0.0022795177064836025,-0.00817923340946436
423,3,63,1.0,0.9857926368713379,0,0,0.25,0.0,0.0,0.00035957153886556625,0.0022515433374792337,-0.008453133516013622
424,3,64,1.0,0.9898558855056763,0,0,0.0,0.0,0.0,0.013376317918300629,0.0043952264823019505,-0.0960017591714859
425,3,65,1.0,0.9815013408660889,0,0,0.0,0.0,0.0,0.005905782803893089,0.00425178837031126,-0.14898253977298737
426,3,66,1.0,0.9750270843505859,0,0,0.0,0.0,0.0,0.005921326112002134,0.0038974625058472157,-0.27907589077949524
427,3,67,1.0,0.9747900366783142,0,0,0.0,0.0,0.0,0.003877629991620779,0.0036388705484569073,-0.2743726968765259
428,3,68,1.0,0.9699368476867676,0,0,0.0,0.0,0.0,0.005899881944060326,0.0037267543375492096,-0.3119146525859833
429,3,69,1.0,0.9698495268821716,0,0,0.0,0.0,-0.5,0.005548101384192705,0.003672444261610508,-0.31196993589401245
430,3,70,1.0,0.924852728843689,0,0,0.0,0.0,-0.5,0.006352706346660852,0.001553656766191125,-0.482750803232193
431,3,71,1.0,0.8910337090492249,0,0,0.0,0.0,-0.5,0.010525763034820557,0.0013852013507857919,-0.5346994996070862
432,3,72,1.0,0.8909956216812134,0,0,0.0,0.0,-0.5,0.00418311171233654,3.766868030652404e-05,-0.5498618483543396
433,3,73,1.0,0.9015434980392456,0,0,0.0,0.0,-0.5,0.004453369881957769,0.0005494664655998349,-0.5412654280662537
434,3,74,1.0,0.9138649702072144,0,0,0.0,0.0,-0.5,0.008947500959038734,0.0014024684205651283,-0.5388120412826538
435,3,75,1.0,0.9453206658363342,0,0,0.0,0.0,-0.5,0.008122581988573074,-0.0009963915217667818,-0.5347856879234314
436,3,76,1.0,1.4896366596221924,0,0,0.0,0.0,-0.5,-0.0029410584829747677,0.00564346369355917,-0.24339726567268372
437,3,77,1.0,1.6080049276351929,0,1,0.0,0.0,-0.5,0.0018616453744471073,0.002772639272734523,-0.17744028568267822
438,3,78,1.0,1.9547247886657715,0,1,0.0,0.0,-0.5,0.00265719136223197,0.004519662819802761,-0.023674307391047478
439,3,79,1.0,1.9488780498504639,0,1,0.0,0.0,-0.5,0.0028063692152500153,0.004652553703635931,-0.024099957197904587
440,3,80,1.0,2.0308213233947754,0,1,0.0,0.0,0.0,0.0024361552204936743,0.004120711237192154,0.012707513757050037
441,3,81,1.0,2.032456874847412,0,1,0.0,0.0,0.0,0.0024931374937295914,0.004090091213583946,0.014751109294593334
442,3,82,1.0,2.0602314472198486,0,1,0.0,0.0,0.0,0.0025481530465185642,0.004163613077253103,0.010519747622311115
443,3,83,2.0,2.0606765747070312,1,1,0.0,0.0,0.0,0.002571615856140852,0.004147701431065798,0.010856100358068943
444,3,84,2.0,2.071488618850708,1,1,0.0,0.0,0.0,0.005808574613183737,0.0001118119980674237,0.050681404769420624
445,3,85,2.0,2.09242582321167,1,1,0.0,0.0,0.0,0.0034058764576911926,0.006951495073735714,-0.01840757578611374
446,3,86,2.0,2.0847573280334473,1,1,0.0,0.0,0.0,0.0034542083740234375,0.005833685863763094,-0.06095298007130623
447,3,87,2.0,2.0867087841033936,1,1,0.0,0.0,0.0,0.0034388969652354717,0.005265437997877598,-0.054534196853637695
448,3,88,2.0,2.103163242340088,1,1,0.0,0.0,0.0,0.0002995773684233427,0.00527622876688838,-0.04757970944046974
449,3,89,2.0,2.0961427688598633,1,1,0.0,0.0,0.0,0.0010848648380488157,0.005205544643104076,-0.02424171008169651
450,3,90,2.0,1.9450784921646118,1,1,0.0,0.0,0.0,0.0024319759104400873,0.010256207548081875,0.041811566799879074
451,3,91,2.0,1.4678694009780884,1,0,0.0,0.0,0.0,0.0014718291349709034,0.010558711364865303,0.1901240348815918
452,3,92,2.0,1.2489681243896484,1,0,0.0,0.0,0.0,0.002352739218622446,0.009746084921061993,0.2605731189250946
453,3,93,1.0,1.275803804397583,0,0,0.0,0.0,0.0,0.0023221170995384455,0.009815126657485962,0.2540939152240753
454,3,94,1.0,1.1393895149230957,0,0,0.0,0.0,0.0,-0.0003011540975421667,0.008166220039129257,0.30984070897102356
455,3,95,1.0,1.1313409805297852,0,0,0.0,0.0,0.0,0.0010136470664292574,0.008066707290709019,0.3093564808368683
456,3,96,1.0,1.1123722791671753,0,0,0.0,0.0,0.5,-0.00025948556140065193,0.005938214249908924,0.3329527676105499
457,3,97,1.0,1.0506417751312256,0,0,0.0,0.0,0.5,-0.003993281628936529,0.002964393235743046,0.5001356601715088
458,3,98,1.0,1.0238547325134277,0,0,0.0,0.0,0.5,-0.00030005129519850016,0.004219381604343653,0.5273143649101257
459,3,99,1.0,0.958251953125,0,0,0.0,0.0,0.5,-0.005403554067015648,0.011165169067680836,0.5280013680458069
460,3,100,1.0,0.9514192342758179,0,0,0.0,0.0,0.5,-0.003446439979597926,0.009114694781601429,0.5279685854911804
461,3,101,1.0,0.926854133605957,0,0,0.0,0.0,0.5,0.001152012962847948,0.005161294247955084,0.5245478749275208
462,3,102,1.0,0.9477867484092712,0,0,0.0,0.0,0.5,-0.002818926703184843,0.01046707946807146,0.5419676899909973
463,3,103,1.0,0.9402496814727783,0,0,0.0,0.0,0.5,-0.0024175825528800488,0.011131624691188335,0.5366448163986206
464,3,104,1.0,0.9497584104537964,0,0,0.0,0.0,0.5,0.00048074929509311914,0.007290405221283436,0.5318909883499146
465,3,105,1.0,0.9481298327445984,0,0,0.0,0.0,0.5,0.0002816453343257308,0.009507628157734871,0.527008056640625
466,4,0,1.0,0.9706205725669861,0,0,0.0,0.0,0.0,-0.16904911398887634,-0.01185562927275896,-0.012160387821495533
467,4,1,1.0,0.9643915295600891,0,0,0.0,0.0,0.0,-0.18645721673965454,-0.005228689406067133,-0.02425452321767807
468,4,2,1.0,0.9662226438522339,0,0,0.0,0.0,0.0,-0.1861797273159027,-0.00657214829698205,-0.017654694616794586
469,4,3,1.0,0.9674997329711914,0,0,0.0,0.0,0.0,-0.18147459626197815,-0.008241130970418453,-0.014211274683475494
470,4,4,1.0,0.9671196937561035,0,0,0.0,0.0,0.0,-0.18891623616218567,-0.0047849686816334724,-0.011519934050738811
471,4,5,1.0,0.967558741569519,0,0,0.0,0.0,0.0,-0.18804332613945007,-0.00512855127453804,-0.010641206055879593
472,4,6,1.0,0.9664108157157898,0,0,0.0,0.0,0.0,-0.19124817848205566,-0.004728883039206266,-0.009606915526092052
473,4,7,1.0,0.9665115475654602,0,0,0.0,0.0,0.0,-0.1910857856273651,-0.004797752480953932,-0.009376900270581245
474,4,8,1.0,0.9656607508659363,0,0,0.0,0.0,0.0,-0.191589817404747,-0.0036641210317611694,-0.013112027198076248
475,4,9,1.0,0.9656900763511658,0,0,0.0,0.0,0.0,-0.19155661761760712,-0.0036799507215619087,-0.013053085654973984
476,4,10,1.0,0.9668014049530029,0,0,0.0,0.0,0.0,-0.18980073928833008,-0.004240610636770725,-0.01252380758523941
477,4,11,1.0,0.9668086171150208,0,0,0.0,0.0,0.0,-0.18979370594024658,-0.004244399722665548,-0.012508329004049301
478,4,12,1.0,0.9663029909133911,0,0,0.0,0.0,0.0,-0.18975643813610077,-0.00443649897351861,-0.013379750773310661
479,4,13,1.0,0.9663048982620239,0,0,0.0,0.0,0.0,-0.18975476920604706,-0.004437445662915707,-0.013375740498304367
480,4,14,1.0,0.9663059115409851,0,0,0.0,0.0,0.0,-0.18975389003753662,-0.004437922965735197,-0.013373678550124168
481,4,15,1.0,0.9663064479827881,0,0,0.0,0.0,0.0,-0.18975351750850677,-0.0044381339102983475,-0.013372649438679218
482,4,16,1.0,0.9677327275276184,0,0,-0.25,0.0,0.0,-0.1879464089870453,0.0015093747060745955,-0.014603552408516407
483,4,17,1.0,0.976940929889679,0,0,-0.25,0.0,0.0,-0.23901452124118805,0.008955107070505619,-0.005215303506702185
484,4,18,1.0,1.0021559000015259,0,0,-0.25,0.0,0.0,-0.27754873037338257,0.03775028884410858,-0.0015421323478221893
485,4,19,1.0,1.0106945037841797,0,0,-0.25,0.0,0.0,-0.26959794759750366,0.03776838630437851,-0.004787452984601259
486,4,20,1.0,1.0099962949752808,0,0,-0.25,0.0,0.0,-0.2861316204071045,0.029945334419608116,-0.0008947877213358879
487,4,21,1.0,1.0091263055801392,0,0,-0.25,0.0,0.0,-0.2800142765045166,0.02280794270336628,-0.002514749765396118
488,4,22,1.0,1.00032639503479,0,0,-0.25,0.0,0.0,-0.28174930810928345,0.013510224409401417,0.008954747579991817
489,4,23,1.0,1.00215482711792,0,0,-0.25,0.0,0.0,-0.2700424790382385,-0.0069245342165231705,0.0024024592712521553
490,4,24,1.0,0.9871741533279419,0,0,-0.25,0.0,0.0,-0.2369498759508133,-0.06738916039466858,-0.0033490536734461784
491,4,25,1.0,0.9842958450317383,0,0,-0.25,0.0,0.0,-0.2245253324508667,-0.07784292101860046,-0.0034929681569337845
492,4,26,1.0,0.9761110544204712,0,0,-0.25,0.0,0.0,-0.17064033448696136,-0.15569433569908142,-0.007164648734033108
493,4,27,1.0,0.9798126220703125,0,0,0.0,0.0,0.0,-0.15631401538848877,-0.16504953801631927,-0.0077090696431696415
494,4,28,1.0,0.984466016292572,0,0,0.0,0.0,0.0,-0.07865025103092194,-0.2243444323539734,0.013708834536373615
495,4,29,1.0,0.9890296459197998,0,0,0.0,0.0,0.0,-0.03324152156710625,-0.24290648102760315,0.02194315567612648
496,4,30,1.0,0.9864885807037354,0,0,0.0,0.0,0.0,-0.012291250750422478,-0.24930086731910706,0.01333529781550169
497,4,31,1.0,0.9857762455940247,0,0,0.0,-0.25,0.0,-0.005196592770516872,-0.24977384507656097,0.012596453540027142
498,4,32,1.0,0.9946317672729492,0,0,0.0,-0.25,0.0,-0.007434953469783068,-0.2801579535007477,0.014627496711909771
499,4,33,1.0,0.9886521100997925,0,0,0.0,-0.25,0.0,-0.006654554512351751,-0.28574761748313904,0.01977802813053131
500,4,34,1.0,0.995794951915741,0,0,0.0,-0.25,0.0,-0.011988280341029167,-0.2834307849407196,0.010048926807940006
501,4,35,1.0,0.9982829689979553,0,0,0.0,-0.25,0.0,-0.0007120897062122822,-0.28452983498573303,0.010371754877269268
502,4,36,1.0,0.9949320554733276,0,0,0.0,-0.25,0.0,0.0001062997616827488,-0.28519120812416077,0.02024531364440918
503,4,37,1.0,0.995995044708252,0,0,0.0,-0.25,0.0,0.007663870695978403,-0.2610255777835846,0.00429382361471653
504,4,38,1.0,0.9904942512512207,0,0,0.0,-0.25,0.0,0.007167359348386526,-0.23928441107273102,0.0063417647033929825
505,4,39,1.0,0.9928297996520996,0,0,0.0,-0.25,0.0,0.0053279586136341095,-0.1978091150522232,-0.0031264619901776314
506,4,40,1.0,0.9832317233085632,0,0,0.0,0.0,0.0,-0.0006848585908301175,-0.14868879318237305,-0.0018168301321566105
507,4,41,1.0,0.9906619787216187,0,0,0.0,0.0,0.0,-0.0028460738249123096,-0.08479998260736465,-0.0073785847052931786
508,4,42,1.0,0.9792535901069641,0,0,0.0,0.0,0.0,-0.005434689112007618,-0.062169089913368225,-0.00779736926779151
509,4,43,1.0,0.9781772494316101,0,0,0.0,0.0,0.0,-0.005556824617087841,-0.05361020565032959,-0.01222415640950203
510,4,44,1.0,0.9767436981201172,0,0,0.0,0.0,0.0,-0.005948394536972046,-0.03628316521644592,-0.0051846858114004135
511,4,45,1.0,0.9764627814292908,0,0,0.0,0.0,0.0,-0.00598931685090065,-0.03477460891008377,-0.0060939425602555275
512,4,46,1.0,0.9806263446807861,0,0,0.0,-0.25,0.0,-0.004678066819906235,-0.033165961503982544,-0.0010250872001051903
513,4,47,1.0,0.9910721182823181,0,0,0.0,-0.25,0.0,-0.005234104581177235,-0.05423799157142639,-0.004973509348928928
514,4,48,1.0,0.9909124374389648,0,0,0.0,0.0,0.0,-0.0013552806340157986,-0.04515022784471512,-0.013190655037760735
515,4,49,1.0,0.9931455254554749,0,0,0.0,0.0,0.0,-0.0037700652610510588,-0.022717993706464767,-0.015114151872694492
516,4,50,1.0,0.979529857635498,0,0,0.0,0.0,0.0,-0.004028089810162783,-0.006176870781928301,-0.02817803993821144
517,4,51,1.0,0.9779210090637207,0,0,0.0,0.0,0.0,-0.004865571856498718,-0.00250384327955544,-0.03129585087299347
518,4,52,1.0,0.9767243266105652,0,0,0.0,0.0,0.0,-0.006617025937885046,-0.0032448256388306618,-0.02815568447113037
519,4,53,1.0,0.9767636060714722,0,0,0.0,0.0,0.0,-0.006682432722300291,-0.0025214743800461292,-0.028460301458835602
520,4,54,1.0,0.9770410656929016,0,0,0.0,-0.25,0.0,-0.006252939812839031,7.924094097688794e-05,-0.03318755328655243
521,4,55,1.0,0.9823931455612183,0,0,0.0,0.0,0.0,-0.005180750507861376,-0.023338858038187027,-0.018654437735676765
522,4,56,1.0,0.9707729816436768,0,0,0.0,0.0,0.0,-0.011760471388697624,-0.009539134800434113,-0.016361771151423454
523,4,57,1.0,0.96857750415802,0,0,0.0,0.0,0.0,-0.011659892275929451,-0.0015936053823679686,-0.021200183779001236
524,4,58,1.0,0.9677440524101257,0,0,0.0,0.0,0.0,-0.013263145461678505,0.00308483699336648,-0.019214343279600143
525,4,59,1.0,0.9674791693687439,0,0,0.0,0.0,0.0,-0.01335424929857254,0.0042160856537520885,-0.019998613744974136
526,4,60,1.0,0.970156192779541,0,0,-0.25,0.0,0.0,-0.014985591173171997,0.0026853601448237896,-0.00774033647030592
527,4,61,1.0,0.9656665325164795,0,0,-0.25,0.0,0.0,-0.031534358859062195,-0.00038088951259851456,0.025756917893886566
528,4,62,1.0,0.962007999420166,0,0,-0.25,0.0,0.0,-0.027982499450445175,0.000418436829932034,0.02807876467704773
529,4,63,1.0,0.9761940836906433,0,0,0.0,0.0,0.0,-0.02562289871275425,-0.0040043918415904045,0.02424449846148491
530,4,64,1.0,0.9867233633995056,0,0,0.0,0.0,0.0,-0.009747965261340141,-0.0022433705162256956,-0.0204852893948555
531,4,65,1.0,0.9827986359596252,0,0,0.0,0.0,0.0,-0.005092807114124298,2.9544549761340022e-05,-0.024624980986118317
532,4,66,1.0,0.9905946254730225,0,0,0.0,0.0,0.0,-0.004389742389321327,0.0028072239365428686,-0.05824819207191467
533,4,67,1.0,0.9901375770568848,0,0,0.0,0.0,0.0,-0.0035293560940772295,0.003210174385458231,-0.05960065498948097
534,4,68,1.0,0.990250825881958,0,0,0.0,0.0,0.0,-0.003285773564130068,0.004626822657883167,-0.12587867677211761
535,4,69,1.0,0.990196168422699,0,0,-0.25,0.0,0.0,-0.0031874068081378937,0.004696137737482786,-0.12601348757743835
536,4,70,1.0,0.9877123236656189,0,0,0.0,0.0,0.0,-0.011247783899307251,-0.0017577726393938065,-0.07729456573724747
537,4,71,1.0,0.9838076233863831,0,0,0.0,0.0,0.0,-0.007491249591112137,0.001557133044116199,-0.06068582460284233
538,4,72,1.0,0.9882606267929077,0,0,0.0,0.0,0.0,-0.00384506699629128,0.0032564878929406404,-0.05603371933102608
539,4,73,1.0,0.9888958930969238,0,0,0.0,0.0,0.0,-0.0024010492488741875,0.003918221686035395,-0.054763201624155045
540,4,74,1.0,0.9857566952705383,0,0,0.0,0.0,0.0,-0.002531094243749976,0.0031838335562497377,-0.0769909992814064
541,4,75,1.0,0.9856240153312683,0,0,0.0,0.0,0.0,-0.0023391549475491047,0.003280739299952984,-0.07742538303136826
542,4,76,1.0,0.986981987953186,0,0,0.0,0.0,0.0,-0.0033008186146616936,0.004477005451917648,-0.10006728768348694
543,4,77,1.0,0.9869635105133057,0,0,0.0,0.0,-0.5,-0.003274550661444664,0.0044922539964318275,-0.10010528564453125
544,4,78,1.0,0.9445530772209167,0,0,0.0,0.0,-0.5,0.0033099870197474957,0.0013880003243684769,-0.41716551780700684
545,4,79,1.0,0.920303463935852,0,0,0.0,0.0,-0.5,0.005134108476340771,-0.0008479409152641892,-0.5063250064849854
546,4,80,1.0,0.9068544507026672,0,0,0.0,0.0,-0.5,0.002367374487221241,-0.002796867396682501,-0.5478181838989258
547,4,81,1.0,0.8853022456169128,0,0,0.0,0.0,-0.5,0.007071416359394789,-0.00034190810401923954,-0.5603463053703308
548,4,82,1.0,0.873687744140625,0,0,0.0,0.0,-0.5,0.008508024737238884,0.0018176566809415817,-0.5624707937240601
549,4,83,1.0,0.8693456649780273,0,0,0.0,0.0,-0.5,0.005875585600733757,-0.00296979583799839,-0.5521027445793152
550,4,84,1.0,0.9052696228027344,0,0,0.0,0.0,-0.5,0.00010173988994210958,0.001137654297053814,-0.5210036635398865
551,4,85,1.0,1.0752582550048828,0,0,0.0,0.0,-0.5,0.004663283005356789,0.006065432447940111,-0.4062541723251343
552,4,86,1.0,1.3699053525924683,0,0,0.0,0.0,-0.5,0.004217199981212616,0.004519662819802761,-0.24450474977493286
553,4,87,1.0,1.5209836959838867,0,1,0.0,0.0,-0.5,0.011318856850266457,0.004968037363141775,-0.17216436564922333
554,4,88,1.0,1.807084560394287,0,1,0.0,0.0,-0.5,0.00989203155040741,0.001597181661054492,-0.05093923956155777
555,4,89,1.0,1.8346185684204102,0,1,0.0,0.0,-0.5,0.009306782856583595,0.001134052174165845,-0.039543695747852325
556,4,90,1.0,1.8857378959655762,0,1,0.0,0.0,0.0,0.00807090662419796,0.0008032307960093021,-0.013473603874444962
557,4,91,1.0,1.8807408809661865,0,1,0.0,0.0,0.0,0.007697600405663252,0.0010607766453176737,-0.015776002779603004
558,4,92,1.0,1.9311083555221558,0,1,0.0,0.0,0.0,0.008319295942783356,0.0035227749031037092,1.0129064321517944e-05
559,4,93,1.0,1.9261441230773926,0,1,0.0,0.0,0.0,0.007872069254517555,0.003709666430950165,-0.0027282163500785828
560,4,94,2.0,1.9410674571990967,1,1,0.0,0.0,0.0,0.007048639003187418,0.0035188503097742796,-0.0042608436197042465
561,4,95,2.0,2.0880069732666016,1,1,0.0,0.0,0.0,0.0037922528572380543,-0.008707836270332336,0.058768097311258316
562,4,96,2.0,2.0546975135803223,1,1,0.0,0.0,0.0,-0.0011923430720344186,-0.018668005242943764,0.1128590852022171
563,4,97,2.0,2.09780216217041,1,1,0.0,0.0,0.0,-0.0015794483479112387,0.0022773523814976215,-0.05615377053618431
564,4,98,2.0,2.1088552474975586,1,1,0.0,0.0,0.0,0.001970293466001749,0.004347359761595726,-0.02545589953660965
565,4,99,2.0,2.1173672676086426,1,1,0.0,0.0,0.0,0.0038530444726347923,0.0025002802722156048,-0.012354452162981033
566,4,100,2.0,2.0894057750701904,1,1,0.0,0.0,0.0,0.006035225000232458,0.006644051522016525,0.042174845933914185
567,4,101,2.0,2.090623140335083,1,1,0.0,0.0,0.0,0.005929529666900635,0.006578380241990089,0.038080427795648575
568,4,102,2.0,2.084001302719116,1,1,0.0,0.0,0.0,0.005096998531371355,0.004615169018507004,0.013097110204398632
569,4,103,2.0,2.0197062492370605,1,1,0.0,0.0,0.0,0.004536906722933054,0.006600616499781609,0.05160825327038765
570,4,104,1.0,1.962935209274292,0,1,0.0,0.0,0.0,0.006553052458912134,0.009168686345219612,0.07036784291267395
571,4,105,1.0,1.9449355602264404,0,1,0.0,0.0,0.0,0.009777400642633438,0.00787127111107111,0.07174123078584671
572,4,106,1.0,1.7897884845733643,0,1,0.0,0.0,0.0,0.0022168592549860477,0.018334204331040382,0.042215194553136826
573,4,107,1.0,1.7153029441833496,0,1,0.0,0.0,0.0,-0.0005606702761724591,0.015969058498740196,0.07077975571155548
574,4,108,1.0,1.4075847864151,0,0,0.0,0.0,0.0,-0.0037205861881375313,0.008529738523066044,0.18008068203926086
575,4,109,1.0,1.2368704080581665,0,0,0.0,0.0,0.5,-0.005602185148745775,0.006405229680240154,0.22225667536258698
576,4,110,1.0,1.082245945930481,0,0,0.0,0.0,0.5,-0.012635855004191399,0.006578004918992519,0.4292675852775574
577,4,111,1.0,1.0826075077056885,0,0,0.0,0.0,0.5,-0.010093560442328453,0.009971938095986843,0.5068784952163696
578,4,112,1.0,0.9771548509597778,0,0,0.0,0.0,0.5,-0.0072971791960299015,0.01071801409125328,0.5450397729873657
579,4,113,1.0,0.9552634954452515,0,0,0.0,0.0,0.5,-0.0065125213004648685,0.007398937828838825,0.540953516960144
580,4,114,1.0,0.9516684412956238,0,0,0.0,0.0,0.5,-0.004094969015568495,0.0033586027566343546,0.5447885990142822
581,4,115,1.0,0.9438742399215698,0,0,0.0,0.0,0.5,-0.0027289718855172396,0.00609634630382061,0.5240499377250671
582,4,116,1.0,0.9467334151268005,0,0,0.0,0.0,0.5,0.0011202578898519278,0.01193645503371954,0.5202546715736389
583,4,117,1.0,0.9555408954620361,0,0,0.0,0.0,0.5,0.0016346650663763285,0.013004167936742306,0.5075044631958008
584,4,118,1.0,0.9538408517837524,0,0,0.0,0.0,0.5,0.005412098951637745,0.010876771062612534,0.49053022265434265
585,5,0,1.0,0.9648907780647278,0,0,0.0,0.0,0.0,0.22236871719360352,0.009079686366021633,0.003519989550113678
586,5,1,1.0,0.9635930061340332,0,0,0.0,0.0,0.0,0.21248148381710052,0.008696399629116058,-0.005810943432152271
587,5,2,1.0,0.9664621949195862,0,0,0.0,0.0,0.0,0.2167898714542389,0.013249496929347515,-0.006973842158913612
588,5,3,1.0,0.9668252468109131,0,0,0.0,0.0,0.0,0.22017768025398254,0.012543267570436,-0.0038771964609622955
589,5,4,1.0,0.9670776128768921,0,0,0.0,0.0,0.0,0.2250533401966095,0.011623615399003029,0.002115999348461628
590,5,5,1.0,0.9671789407730103,0,0,0.0,0.0,0.0,0.2256731241941452,0.011496104300022125,0.002765514887869358
591,5,6,1.0,0.967684805393219,0,0,0.0,0.0,0.0,0.22509585320949554,0.012931876815855503,0.005111652426421642
592,5,7,1.0,0.9677115082740784,0,0,0.0,0.0,0.0,0.22521954774856567,0.01289878785610199,0.005274726077914238
593,5,8,1.0,0.9656950831413269,0,0,0.0,0.0,0.0,0.22397039830684662,0.014571171253919601,0.0011833645403385162
594,5,9,1.0,0.9656999707221985,0,0,0.0,0.0,0.0,0.22399860620498657,0.01456232275813818,0.0012306561693549156
595,5,10,1.0,0.9673219323158264,0,0,0.25,0.0,0.0,0.22089862823486328,0.01398704294115305,-0.003047000616788864
596,5,11,1.0,0.9673869609832764,0,0,0.25,0.0,0.0,0.25637245178222656,-0.00118776666931808,0.0035476209595799446
597,5,12,1.0,0.9877603650093079,0,0,0.25,0.0,0.0,0.27866247296333313,-0.00913526862859726,0.0006769988685846329
598,5,13,1.0,0.9630801677703857,0,0,0.25,0.0,0.0,0.2819872498512268,-0.007143325638025999,-0.006642132066190243
599,5,14,1.0,0.9752448797225952,0,0,0.25,0.0,0.0,0.27452003955841064,-0.00929398462176323,0.0025109201669692993
600,5,15,1.0,0.961569607257843,0,0,0.25,0.0,0.0,0.2683123052120209,0.0005161425797268748,-0.0026129847392439842
601,5,16,1.0,0.9680871367454529,0,0,0.25,0.0,0.0,0.26094281673431396,0.034185104072093964,-0.0009151464328169823
602,5,17,1.0,0.9648642539978027,0,0,0.25,0.0,0.0,0.25497889518737793,0.044030845165252686,0.009557672776281834
603,5,18,1.0,0.96214759349823,0,0,0.25,0.0,0.0,0.21235215663909912,0.12113135308027267,0.014638501219451427
604,5,19,1.0,0.9543497562408447,0,0,0.0,0.0,0.0,0.17154377698898315,0.1621311604976654,0.015400520525872707
605,5,20,1.0,0.9612675905227661,0,0,0.0,0.0,0.0,0.06517188996076584,0.24045418202877045,0.0004848567768931389
606,5,21,1.0,0.9585725665092468,0,0,0.0,0.0,0.0,0.014420505613088608,0.2542489767074585,-0.007597665768116713
607,5,22,1.0,0.9635269045829773,0,0,0.0,0.0,0.0,0.0020018541254103184,0.26020950078964233,-0.0052725402638316154
608,5,23,1.0,0.9635160565376282,0,0,0.0,0.0,0.0,-0.004118334501981735,0.2595463991165161,-0.006567627191543579
609,5,24,1.0,0.9604806900024414,0,0,0.0,0.25,0.0,-0.004142610356211662,0.2577446699142456,-0.004200337920337915
610,5,25,1.0,0.9705212116241455,0,0,0.0,0.25,0.0,-0.0036019678227603436,0.2838760316371918,-1.055840402841568e-05
611,5,26,1.0,0.9766587615013123,0,0,0.0,0.25,0.0,-0.003784690285101533,0.28826281428337097,-0.0007341178134083748
612,5,27,1.0,0.9739804863929749,0,0,0.0,0.25,0.0,0.004238627385348082,0.28388291597366333,-0.0005543464794754982
613,5,28,1.0,0.9833618998527527,0,0,0.0,0.25,0.0,-0.0071065486408770084,0.286349356174469,0.0019279858097434044
614,5,29,1.0,0.9837188720703125,0,0,0.0,0.25,0.0,-0.004097790457308292,0.2800101637840271,0.0025805002078413963
615,5,30,1.0,0.9972383975982666,0,0,0.0,0.25,0.0,-0.008917553350329399,0.24950335919857025,-0.005055349785834551
616,5,31,1.0,1.0028016567230225,0,0,0.0,0.25,0.0,-0.009772229939699173,0.22330576181411743,-0.0054970188066363335
617,5,32,1.0,0.9909085035324097,0,0,0.0,0.25,0.0,-0.00717222411185503,0.12872163951396942,-0.006697372999042273
618,5,33,1.0,0.9906533360481262,0,0,0.0,0.0,0.0,-0.0012368730967864394,0.10954661667346954,-0.008112568408250809
619,5,34,1.0,0.9744916558265686,0,0,0.0,0.0,0.0,-0.001344058895483613,0.06109326332807541,-0.021634776145219803
620,5,35,1.0,0.9745814204216003,0,0,0.0,0.0,0.0,-0.001445974688977003,0.04017951339483261,-0.026826713234186172
621,5,36,1.0,0.9750722050666809,0,0,0.0,0.0,0.0,-0.003580863354727626,0.0276529211550951,-0.018534112721681595
622,5,37,1.0,0.9750421047210693,0,0,0.0,0.0,0.0,-0.003942736424505711,0.02436038665473461,-0.017935100942850113
623,5,38,1.0,0.9752219319343567,0,0,0.0,0.0,0.0,-0.0033426277805119753,0.026104988530278206,-0.010701451450586319
624,5,39,1.0,0.9752240180969238,0,0,0.0,0.25,0.0,-0.003403236623853445,0.02550293691456318,-0.010631905868649483
625,5,40,1.0,0.9869545102119446,0,0,0.0,0.0,0.0,0.0037417318671941757,0.03785485029220581,-0.024263322353363037
626,5,41,1.0,0.9864931106567383,0,0,0.0,0.0,0.0,4.6423403546214104e-05,0.028069477528333664,-0.021592257544398308
627,5,42,1.0,0.9835937023162842,0,0,0.0,0.0,0.0,7.458264008164406e-05,0.020677922293543816,-0.02825048193335533
628,5,43,1.0,0.9851532578468323,0,0,0.0,0.0,0.0,-0.0007593516493216157,0.017548158764839172,-0.028374221175909042
629,5,44,1.0,0.9899556636810303,0,0,0.0,0.0,0.0,0.0027497601695358753,0.015518451109528542,-0.027211077511310577
630,5,45,1.0,0.9897383451461792,0,0,0.0,0.0,0.0,0.0027318131178617477,0.015041829086840153,-0.02703087404370308
631,5,46,1.0,0.9882211685180664,0,0,0.0,0.25,0.0,0.00010204152204096317,0.014076478779315948,-0.02669961005449295
632,5,47,1.0,1.0003482103347778,0,0,0.0,0.0,0.0,0.0016862908378243446,0.035228557884693146,-0.03633563965559006
633,5,48,1.0,0.9804365038871765,0,0,0.0,0.0,0.0,0.006742082070559263,0.023400261998176575,-0.034813836216926575
634,5,49,1.0,0.9795195460319519,0,0,0.0,0.0,0.0,0.008259262889623642,0.01917710341513157,-0.033251453191041946
635,5,50,1.0,0.9727548360824585,0,0,0.0,0.0,0.0,0.007656038273125887,0.012880424968898296,-0.030895177274942398
636,5,51,1.0,0.9725947380065918,0,0,0.0,0.0,0.0,0.007531674113124609,0.011833829805254936,-0.03034260869026184
637,5,52,1.0,0.9735338687896729,0,0,0.25,0.0,0.0,0.0046976059675216675,0.01262389775365591,-0.027013909071683884
638,5,53,1.0,0.981141209602356,0,0,0.25,0.0,0.0,0.01856953091919422,0.009303751401603222,-0.021234100684523582
639,5,54,1.0,0.9967296123504639,0,0,0.0,0.0,0.0,0.02473730407655239,0.009544137865304947,-0.03123064711689949
640,5,55,1.0,0.9808615446090698,0,0,0.0,0.0,0.0,0.01175214909017086,0.009902449324727058,-0.01508096419274807
641,5,56,1.0,0.95656418800354,0,0,0.0,0.0,0.0,0.004966611508280039,0.011773358099162579,0.00658907275646925
642,5,57,1.0,0.955590009689331,0,0,0.0,0.0,0.0,0.0019479328766465187,0.012218387797474861,0.004017180763185024
643,5,58,1.0,0.9596510529518127,0,0,0.0,0.0,0.0,0.0006259805522859097,0.012811446562409401,0.00950103159993887
644,5,59,1.0,0.9594863653182983,0,0,0.0,0.0,0.0,0.00020917458459734917,0.012823210097849369,0.008923047222197056
645,5,60,1.0,0.9571823477745056,0,0,0.25,0.0,0.0,-0.0002170410007238388,0.010219528339803219,0.00984265748411417
646,5,61,1.0,0.9656814932823181,0,0,0.0,0.0,0.0,0.013086661696434021,0.00590912438929081,-0.005853727459907532
647,5,62,1.0,0.9743762016296387,0,0,0.0,0.0,0.0,0.006021791137754917,0.0041659618727862835,-0.021064363420009613
648,5,63,1.0,0.9761599898338318,0,0,0.0,0.0,0.0,0.0014026802964508533,0.003983228467404842,-0.04234251007437706
649,5,64,1.0,0.9781253337860107,0,0,0.0,0.0,0.0,-0.001516927732154727,0.004946835804730654,-0.04952967166900635
650,5,65,1.0,0.977965772151947,0,0,0.0,0.0,0.0,-0.0025292267091572285,0.004881806671619415,-0.05055898055434227
651,5,66,1.0,0.9771352410316467,0,0,0.0,0.0,0.0,-0.003591194748878479,0.004932177718728781,-0.047562453895807266
652,5,67,1.0,0.9770901203155518,0,0,0.0,0.0,0.0,-0.003734366735443473,0.004927049390971661,-0.0478985421359539
653,5,68,1.0,0.9786515831947327,0,0,0.0,0.0,0.0,-0.003342808922752738,0.004246093798428774,-0.05867515504360199
654,5,69,1.0,0.978647768497467,0,0,0.0,0.0,0.0,-0.0033639282919466496,0.004245829302817583,-0.05876211076974869
655,5,70,1.0,0.97806715965271,0,0,0.0,0.0,-0.5,-0.004130079410970211,0.003467878093943,-0.10240581631660461
656,5,71,1.0,0.9226195812225342,0,0,0.0,0.0,-0.5,0.0033504250459372997,0.00394073873758316,-0.39129093289375305
657,5,72,1.0,0.9123630523681641,0,0,0.0,0.0,-0.5,0.007723498623818159,0.005197395104914904,-0.5351893901824951
658,5,73,1.0,0.8959219455718994,0,0,0.0,0.0,-0.5,0.008889533579349518,0.004241493530571461,-0.5608423352241516
659,5,74,1.0,0.8777533769607544,0,0,0.0,0.0,-0.5,0.011928396299481392,0.007400633301585913,-0.5560553669929504
660,5,75,1.0,0.8792386054992676,0,0,0.0,0.0,-0.5,0.013495959341526031,0.0029659150168299675,-0.553743302822113
661,5,76,1.0,0.9060834050178528,0,0,0.0,0.0,-0.5,0.007959134876728058,0.006204475183039904,-0.5441216826438904
662,5,77,1.0,1.086177945137024,0,0,0.0,0.0,-0.5,0.0024812789633870125,0.011892859824001789,-0.4574119448661804
663,5,78,1.0,1.6514939069747925,0,1,0.0,0.0,-0.5,0.005411464720964432,0.014194056391716003,-0.16614322364330292
664,5,79,1.0,1.7730677127838135,0,1,0.0,0.0,-0.5,0.005767445545643568,0.013093126937747002,-0.10756955295801163
665,5,80,1.0,1.9486579895019531,0,1,0.0,0.0,-0.5,0.004825676325708628,0.01075163297355175,-0.03156327083706856
666,5,81,1.0,1.9536131620407104,0,1,0.0,0.0,-0.5,0.005000898148864508,0.01067147497087717,-0.026559438556432724
667,5,82,1.0,1.9940497875213623,0,1,0.0,0.0,0.0,0.003915584180504084,0.009351392276585102,-0.002170562744140625
668,5,83,1.0,1.9948184490203857,0,1,0.0,0.0,0.0,0.003994941245764494,0.009306381456553936,-0.0010520098730921745
669,5,84,1.0,2.0247108936309814,0,1,0.0,0.0,0.0,0.004061695653945208,0.008220868185162544,0.003725791350007057
670,5,85,2.0,2.0248360633850098,1,1,0.0,0.0,0.0,0.004096023738384247,0.008195312693715096,0.004047909751534462
671,5,86,2.0,2.1068201065063477,1,1,0.0,0.0,0.0,0.0007913345471024513,0.002517499728128314,0.012104897759854794
672,5,87,2.0,2.1162705421447754,1,1,0.0,0.0,0.0,-0.003286957973614335,0.005107456352561712,-0.04987889155745506
673,5,88,2.0,2.140744686126709,1,1,0.0,0.0,0.0,-0.00036941433791071177,0.003411778248846531,-0.050098493695259094
674,5,89,2.0,2.142850875854492,1,1,0.0,0.0,0.0,-0.0004793445114046335,0.0021741497330367565,-0.06849554926156998
675,5,90,2.0,2.138364315032959,1,1,0.0,0.0,0.0,0.0010754112154245377,0.003613854292780161,-0.04673374444246292
676,5,91,2.0,2.1349992752075195,1,1,0.0,0.0,0.0,0.002008637646213174,0.00404029805213213,-0.009414538741111755
677,5,92,2.0,1.8506265878677368,1,1,0.0,0.0,0.0,0.0023613283410668373,0.0036528222262859344,0.08621156960725784
678,5,93,2.0,1.850400686264038,1,1,0.0,0.0,0.0,0.0024979549925774336,0.0037135621532797813,0.08512702584266663
679,5,94,1.0,1.7558369636535645,0,1,0.0,0.0,0.0,0.0019725856836885214,0.00463571771979332,0.12229782342910767
680,5,95,1.0,1.7548198699951172,0,1,0.0,0.0,0.0,0.0020808111876249313,0.004721956793218851,0.12278184294700623
681,5,96,1.0,1.9666574001312256,0,1,0.0,0.0,0.0,0.003468848764896393,0.003630697727203369,0.046175286173820496
682,5,97,1.0,1.9665024280548096,0,1,0.0,0.0,0.0,0.0034771854989230633,0.0035728560760617256,0.04634314030408859
683,5,98,1.0,1.7508916854858398,0,1,0.0,0.0,0.0,0.003509566653519869,0.0036763004027307034,0.1260441541671753
684,5,99,1.0,1.7497968673706055,0,1,0.0,0.0,0.5,0.003558862954378128,0.0038476549088954926,0.12592129409313202
685,5,100,1.0,1.2200692892074585,0,0,0.0,0.0,0.5,-0.0007553994655609131,-0.0016382220201194286,0.42975878715515137
686,5,101,1.0,1.0592752695083618,0,0,0.0,0.0,0.5,-0.0009059452568180859,0.007672813721001148,0.5055602788925171
687,5,102,1.0,0.9672589898109436,0,0,0.0,0.0,0.5,-0.004743590019643307,0.004320953041315079,0.5015738606452942
688,5,103,1.0,0.964987576007843,0,0,0.0,0.0,0.5,-0.003413842059671879,0.006085631437599659,0.5145588517189026
689,5,104,1.0,0.95893394947052,0,0,0.0,0.0,0.5,-0.001113562611863017,0.00835318211466074,0.5309277176856995
690,5,105,1.0,0.9409136176109314,0,0,0.0,0.0,0.5,-0.001245500985532999,0.012136382982134819,0.5243521928787231
691,5,106,1.0,0.9604620933532715,0,0,0.0,0.0,0.5,-0.00032920774538069963,0.011028531938791275,0.48505714535713196
692,5,107,1.0,0.964536726474762,0,0,0.0,0.0,0.5,-0.0001540841767564416,0.0168838482350111,0.4685855209827423
693,5,108,1.0,0.9648289680480957,0,0,0.0,0.0,0.5,0.0016026662196964025,0.02199166640639305,0.46887925267219543
694,6,0,1.0,0.9776346683502197,0,0,0.0,0.0,0.0,-0.18364110589027405,-0.008944324217736721,0.005087725818157196
695,6,1,1.0,0.9707528352737427,0,0,0.0,0.0,0.0,-0.2008253037929535,-0.007914039306342602,-0.006110682152211666
696,6,2,1.0,0.9720714092254639,0,0,0.0,0.0,0.0,-0.20166972279548645,-0.004591803532093763,0.0013052253052592278
697,6,3,1.0,0.9727517366409302,0,0,0.0,0.0,0.0,-0.19663475453853607,-0.005090126767754555,0.00426124781370163
698,6,4,1.0,0.9754827618598938,0,0,0.0,0.0,0.0,-0.20446206629276276,-0.005620683077722788,0.010143405757844448
699,6,5,1.0,0.9758607745170593,0,0,0.0,0.0,0.0,-0.20355691015720367,-0.005787230562418699,0.011111599393188953
700,6,6,1.0,0.9737253189086914,0,0,0.0,0.0,0.0,-0.212166890501976,-0.0028786936309188604,0.009948342107236385
701,6,7,1.0,0.9737881422042847,0,0,0.0,0.0,0.0,-0.2120179682970047,-0.0029143481515347958,0.010210082866251469
702,6,8,1.0,0.9702932238578796,0,0,-0.25,0.0,0.0,-0.21385230123996735,-0.0007444634102284908,0.011875295080244541
703,6,9,1.0,0.9685600996017456,0,0,-0.25,0.0,0.0,-0.24992969632148743,-0.011849436908960342,0.011342714540660381
704,6,10,1.0,0.9767232537269592,0,0,-0.25,0.0,0.0,-0.28393012285232544,-0.008343475870788097,-0.009815518744289875
705,6,11,1.0,0.9831156134605408,0,0,-0.25,0.0,0.0,-0.27871590852737427,-0.009786081500351429,-0.005620169453322887
706,6,12,1.0,0.9798230528831482,0,0,-0.25,0.0,0.0,-0.28591492772102356,0.009001191705465317,-0.019168447703123093
707,6,13,1.0,0.9907106757164001,0,0,-0.25,0.0,0.0,-0.2808215618133545,0.006004128139466047,-0.01584211364388466
708,6,14,1.0,0.9695833921432495,0,0,-0.25,0.0,0.0,-0.277276873588562,0.019384438171982765,0.0009584520012140274
709,6,15,1.0,0.9735137224197388,0,0,-0.25,0.0,0.0,-0.26244786381721497,0.042349085211753845,-0.010475462302565575
710,6,16,1.0,0.963170051574707,0,0,-0.25,0.0,0.0,-0.2021174132823944,0.127633199095726,0.0019600167870521545
711,6,17,1.0,0.9745186567306519,0,0,-0.25,0.0,0.0,-0.12870867550373077,0.1980818808078766,0.0016062939539551735
712,6,18,1.0,0.9690988659858704,0,0,-0.25,0.0,0.0,-0.10734730213880539,0.21788908541202545,-0.0009482773020863533
713,6,19,1.0,0.9718136787414551,0,0,0.0,0.0,0.0,-0.08478369563817978,0.24103957414627075,0.001806856133043766
714,6,20,1.0,0.9643980264663696,0,0,0.0,0.0,0.0,-0.02421662025153637,0.2638983726501465,-0.002841044683009386
715,6,21,1.0,0.9563809633255005,0,0,0.0,0.0,0.0,-0.0008810743456706405,0.26337099075317383,-0.0035233357921242714
716,6,22,1.0,0.960945725440979,0,0,0.0,0.0,0.0,0.01276928186416626,0.26620152592658997,-0.007646204903721809
717,6,23,1.0,0.9598793983459473,0,0,0.0,0.0,0.0,0.015921257436275482,0.26425406336784363,-0.005513080395758152
718,6,24,1.0,0.9552114605903625,0,0,0.0,0.25,0.0,0.0217826459556818,0.2661553621292114,-0.0013715876266360283
719,6,25,1.0,0.9702310562133789,0,0,0.0,0.25,0.0,0.007634920533746481,0.2931537628173828,0.003344106487929821
720,6,26,1.0,0.9745635390281677,0,0,0.0,0.25,0.0,0.00565346097573638,0.2971615195274353,0.002457650378346443
721,6,27,1.0,0.9752881526947021,0,0,0.0,0.25,0.0,0.0029827095568180084,0.29922011494636536,-0.003406097646802664
722,6,28,1.0,0.9855227470397949,0,0,0.0,0.25,0.0,0.005241292528808117,0.29745781421661377,0.001748591661453247
723,6,29,1.0,0.9929565191268921,0,0,0.0,0.25,0.0,0.007864590734243393,0.2961270809173584,-0.0008880076929926872
724,6,30,1.0,1.00154447555542,0,0,0.0,0.25,0.0,0.00023862032685428858,0.28516438603401184,-0.01110710296779871
725,6,31,1.0,0.9968760013580322,0,0,0.0,0.25,0.0,0.00414324551820755,0.26183992624282837,-0.019443485885858536
726,6,32,1.0,0.9901599884033203,0,0,0.0,0.25,0.0,-0.007706812117248774,0.16747832298278809,-0.016195474192500114
727,6,33,1.0,0.9918317198753357,0,0,0.0,0.25,0.0,-0.006594308651983738,0.12455891072750092,-0.015334425494074821
728,6,34,1.0,0.9934124946594238,0,0,0.0,0.0,0.0,-0.005923300515860319,0.09720400720834732,-0.025724932551383972
729,6,35,1.0,0.9863085746765137,0,0,0.0,0.0,0.0,-0.0029010875150561333,0.04861597716808319,-0.020075950771570206
730,6,36,1.0,0.9790375232696533,0,0,0.0,0.0,0.0,-0.0029755220748484135,0.0316569060087204,-0.018792513757944107
731,6,37,1.0,0.977100133895874,0,0,0.0,0.0,0.0,-0.003811555914580822,0.025186173617839813,-0.017989281564950943
732,6,38,1.0,0.9768369793891907,0,0,0.0,0.0,0.0,-0.007425012998282909,0.02128179743885994,-0.018215365707874298
733,6,39,1.0,0.9764439463615417,0,0,0.0,0.0,0.0,-0.0074487533420324326,0.020419850945472717,-0.017955541610717773
734,6,40,1.0,0.9737889766693115,0,0,0.0,0.25,0.0,-0.008569440804421902,0.020330749452114105,-0.019320957362651825
735,6,41,1.0,0.9844337105751038,0,0,0.0,0.25,0.0,-0.0035433813463896513,0.03792857378721237,-0.03886794298887253
736,6,42,1.0,0.9854897260665894,0,0,0.0,0.0,0.0,-0.005813518539071083,0.04372641444206238,-0.048243604600429535
737,6,43,1.0,0.9703550934791565,0,0,0.0,0.0,0.0,-0.015273049473762512,0.026475094258785248,-0.027827449142932892
738,6,44,1.0,0.9660696983337402,0,0,0.0,0.0,0.0,-0.020862208679318428,0.011782153509557247,-0.012830334715545177
739,6,45,1.0,0.9667673110961914,0,0,0.0,0.0,0.0,-0.021728066727519035,0.008485113270580769,-0.011475910432636738
740,6,46,1.0,0.9643138647079468,0,0,0.0,0.0,0.0,-0.022181184962391853,0.004801508504897356,-0.00442043412476778
741,6,47,1.0,0.9640432000160217,0,0,0.0,0.0,0.0,-0.022524751722812653,0.0041233752854168415,-0.003977242391556501
742,6,48,1.0,0.9625817537307739,0,0,0.0,0.0,0.0,-0.02252836525440216,0.003335918067023158,-0.0040977997705340385
743,6,49,1.0,0.962499737739563,0,0,-0.25,0.0,0.0,-0.02259785309433937,0.0032133013010025024,-0.004015723243355751
744,6,50,1.0,0.9676923751831055,0,0,-0.25,0.0,0.0,-0.030598627403378487,0.008907832205295563,-0.002357332967221737
745,6,51,1.0,0.9710841774940491,0,0,0.0,0.0,0.0,-0.032811541110277176,0.010906580835580826,-0.020032163709402084
746,6,52,1.0,0.9911940693855286,0,0,0.0,0.0,0.0,-0.01805266924202442,0.0037063704803586006,-0.05919162556529045
747,6,53,1.0,0.9955241084098816,0,0,0.0,0.0,0.0,-0.013624817132949829,0.0019211603794246912,-0.05830666422843933
748,6,54,1.0,0.9861702919006348,0,0,0.0,0.0,0.0,-0.0010153414914384484,0.003873494453728199,-0.12625102698802948
749,6,55,1.0,0.9857630729675293,0,0,0.0,0.0,0.0,-0.00010839744936674833,0.003612999338656664,-0.13169188797473907
750,6,56,1.0,0.9848446846008301,0,0,0.0,0.0,0.0,-0.00012254691682755947,0.004724339582026005,-0.17153818905353546
751,6,57,1.0,0.9848825931549072,0,0,-0.25,0.0,0.0,1.7826794646680355e-05,0.004679980222135782,-0.1716184765100479
752,6,58,1.0,0.9868419766426086,0,0,0.0,0.0,0.0,-0.015795495361089706,0.006459512747824192,-0.12484002858400345
753,6,59,1.0,0.9825868010520935,0,0,0.0,0.0,0.0,-0.0087538231164217,0.0053499313071370125,-0.11906901001930237
754,6,60,1.0,0.9783055782318115,0,0,0.0,0.0,0.0,-0.002719079377129674,0.002760301809757948,-0.17210856080055237
755,6,61,1.0,0.9780783653259277,0,0,0.0,0.0,0.0,-0.0006754243513569236,0.002313358476385474,-0.18301108479499817
756,6,62,1.0,0.9803959727287292,0,0,0.0,0.0,0.0,0.0009381475392729044,0.002302673412486911,-0.2327326089143753
757,6,63,1.0,0.980398416519165,0,0,0.0,0.0,0.0,0.001209015492349863,0.0022056284360587597,-0.23318757116794586
758,6,64,1.0,0.981549084186554,0,0,0.0,0.0,0.0,0.0004834944847971201,0.002493805019184947,-0.2395450621843338
759,6,65,1.0,0.9815605878829956,0,0,0.0,0.0,-0.5,0.0005268527893349528,0.0024783145636320114,-0.23959939181804657
760,6,66,1.0,0.9361238479614258,0,0,0.0,0.0,-0.5,0.004932343494147062,0.00040557951433584094,-0.5081383585929871
761,6,67,1.0,0.914665937423706,0,0,0.0,0.0,-0.5,0.008565371856093407,-0.0026563433930277824,-0.5551882386207581
762,6,68,1.0,0.9283345937728882,0,0,0.0,0.0,-0.5,0.008025851100683212,0.0001309144718106836,-0.5616251826286316
763,6,69,1.0,0.9088395833969116,0,0,0.0,0.0,-0.5,0.01015559583902359,0.0016096059698611498,-0.5507388114929199
764,6,70,1.0,0.9050544500350952,0,0,0.0,0.0,-0.5,0.007892608642578125,0.0067157866433262825,-0.5420648455619812
765,6,71,1.0,0.9132169485092163,0,0,0.0,0.0,-0.5,0.0028457576408982277,0.0027296203188598156,-0.5065776705741882
766,6,72,1.0,1.0979810953140259,0,0,0.0,0.0,-0.5,-0.002180097158998251,0.006752246059477329,-0.42138662934303284
767,6,73,1.0,1.4942348003387451,0,0,0.0,0.0,-0.5,0.000883347587659955,0.008360183797776699,-0.23054885864257812
768,6,74,1.0,1.7736618518829346,0,1,0.0,0.0,-0.5,0.006585111375898123,0.005624678451567888,-0.10196981579065323
769,6,75,1.0,1.8752883672714233,0,1,0.0,0.0,-0.5,0.006396142300218344,0.00599336065351963,-0.049701280891895294
770,6,76,1.0,2.0182297229766846,0,1,0.0,0.0,-0.5,0.0060333507135510445,0.003428948810324073,0.004107863642275333
771,6,77,1.0,2.025186777114868,0,1,0.0,0.0,0.0,0.00637621246278286,0.0029491251334547997,0.01141966599971056
772,6,78,1.0,2.0781924724578857,0,1,0.0,0.0,0.0,0.006596564780920744,0.002885263878852129,0.020990271121263504
773,6,79,1.0,2.078848361968994,0,1,0.0,0.0,0.0,0.006681345868855715,0.002732988214120269,0.022569425404071808
774,6,80,1.0,2.076932668685913,0,1,0.0,0.0,0.0,0.006978363264352083,0.0038390387780964375,0.021899443119764328
775,6,81,2.0,2.077174663543701,1,1,0.0,0.0,0.0,0.007025502156466246,0.0037728259339928627,0.022437412291765213
776,6,82,2.0,2.1209988594055176,1,1,0.0,0.0,0.0,0.0002812938764691353,-0.000616395496763289,0.017020463943481445
777,6,83,2.0,2.105912208557129,1,1,0.0,0.0,0.0,-0.0034930778201669455,0.001684578601270914,0.020226266235113144
778,6,84,2.0,2.1221203804016113,1,1,0.0,0.0,0.0,-0.004460462369024754,0.0035357580054551363,0.05800836905837059
779,6,85,2.0,2.1294124126434326,1,1,0.0,0.0,0.0,0.001611753599718213,0.000648652552627027,-0.054033827036619186
780,6,86,2.0,2.1338443756103516,1,1,0.0,0.0,0.0,-0.0020892368629574776,0.0036842599511146545,-0.024554170668125153
781,6,87,2.0,2.130034923553467,1,1,0.0,0.0,0.0,-0.002144141588360071,0.00350567908026278,-0.008523955009877682
782,6,88,2.0,2.126708745956421,1,1,0.0,0.0,0.0,-0.003837782656773925,0.0040754047222435474,0.004022260196506977
783,6,89,2.0,2.069181442260742,1,1,0.0,0.0,0.0,-0.0028965817764401436,0.006351272109895945,0.04210418835282326
784,6,90,2.0,1.3122639656066895,1,0,0.0,0.0,0.0,0.0008088815957307816,0.011349097825586796,0.3138873279094696
785,6,91,2.0,1.264331340789795,1,0,0.0,0.0,0.0,-0.004503446631133556,0.011744089424610138,0.2564796507358551
786,6,92,1.0,1.148230791091919,0,0,0.0,0.0,0.0,-0.003081429749727249,0.009923414327204227,0.31223177909851074
787,6,93,1.0,1.0759475231170654,0,0,0.0,0.0,0.0,-0.0015026386827230453,0.009155025705695152,0.36011070013046265
788,6,94,1.0,1.2087621688842773,0,0,0.0,0.0,0.0,-0.006912641227245331,0.01007559522986412,0.2586095631122589
789,6,95,1.0,1.1539852619171143,0,0,0.0,0.0,0.5,-0.002507725963369012,0.011635560542345047,0.317917138338089
790,6,96,1.0,1.0016940832138062,0,0,0.0,0.0,0.5,-0.0031334899831563234,3.3132353564724326e-05,0.4926488697528839
791,6,97,1.0,0.9898681640625,0,0,0.0,0.0,0.5,-0.0015629446133971214,0.004042753949761391,0.5219914317131042
792,6,98,1.0,0.9696534276008606,0,0,0.0,0.0,0.5,-0.0036122098099440336,0.008134822361171246,0.5494659543037415
793,6,99,1.0,0.961438775062561,0,0,0.0,0.0,0.5,0.00048771267756819725,0.00866456888616085,0.5306692123413086
794,6,100,1.0,0.9665504693984985,0,0,0.0,0.0,0.5,0.00036874949000775814,0.010966629721224308,0.5473950505256653
795,6,101,1.0,0.9661244750022888,0,0,0.0,0.0,0.5,0.0006057335995137691,0.009854888543486595,0.5419597625732422
796,6,102,1.0,0.9733560085296631,0,0,0.0,0.0,0.5,0.0006960672326385975,0.007201693952083588,0.5256717801094055
797,6,103,1.0,0.9805735945701599,0,0,0.0,0.0,0.5,-6.989540997892618e-05,0.0160785261541605,0.4886021316051483
798,6,104,1.0,0.9768469929695129,0,0,0.0,0.0,0.5,0.005526604130864143,0.012405838817358017,0.49810555577278137
799,7,0,1.0,0.971136212348938,0,0,0.0,0.0,0.0,0.22698234021663666,0.01615835353732109,-0.006359124556183815
800,7,1,1.0,0.9659500122070312,0,0,0.0,0.0,0.0,0.21963071823120117,0.018123898655176163,-0.01686876267194748
801,7,2,1.0,0.9594631195068359,0,0,0.0,0.0,0.0,0.22878412902355194,0.014983898028731346,-0.017089981585741043
802,7,3,1.0,0.9601477980613708,0,0,0.0,0.0,0.0,0.23114122450351715,0.014574461616575718,-0.014982307329773903
803,7,4,1.0,0.9620933532714844,0,0,0.0,0.0,0.0,0.23147787153720856,0.01547936163842678,-0.011831223033368587
804,7,5,1.0,0.9621871709823608,0,0,0.0,0.0,0.0,0.23193757236003876,0.015399323776364326,-0.011297892779111862
805,7,6,1.0,0.9609634280204773,0,0,0.0,0.0,0.0,0.23236620426177979,0.016172531992197037,-0.009808039292693138
806,7,7,1.0,0.960985004901886,0,0,0.0,0.0,0.0,0.2324729561805725,0.01614687591791153,-0.009658901020884514
807,7,8,1.0,0.9598637819290161,0,0,0.0,0.0,0.0,0.23299768567085266,0.014808343723416328,-0.009055044502019882
808,7,9,1.0,0.959866464138031,0,0,0.0,0.0,0.0,0.23302000761032104,0.014802638441324234,-0.00901736319065094
809,7,10,1.0,0.960172176361084,0,0,0.0,0.0,0.0,0.23376116156578064,0.014563658274710178,-0.010325279086828232
810,7,11,1.0,0.9601728916168213,0,0,0.25,0.0,0.0,0.23376671969890594,0.014562055468559265,-0.010315277613699436
811,7,12,1.0,0.9768021702766418,0,0,0.25,0.0,0.0,0.24897624552249908,0.013591958209872246,0.005007628351449966
812,7,13,1.0,0.9786700010299683,0,0,0.25,0.0,0.0,0.25433337688446045,0.015467695891857147,0.015532891266047955
813,7,14,1.0,0.9729089140892029,0,0,0.25,0.0,0.0,0.25787580013275146,0.014149028807878494,0.020499136298894882
814,7,15,1.0,0.9658066034317017,0,0,0.25,0.0,0.0,0.2514115869998932,-0.004726515617221594,0.01907598227262497
815,7,16,1.0,0.9520343542098999,0,0,0.25,0.0,0.0,0.24412137269973755,-0.022217970341444016,0.01831301674246788
816,7,17,1.0,0.9574066996574402,0,0,0.25,0.0,0.0,0.23594728112220764,-0.03771161288022995,0.017009351402521133
817,7,18,1.0,0.9592891335487366,0,0,0.25,0.0,0.0,0.20919552445411682,-0.07103390246629715,0.0066064829006791115
818,7,19,1.0,0.9744760990142822,0,0,0.25,0.0,0.0,0.20392736792564392,-0.07433764636516571,0.010597613640129566
819,7,20,1.0,0.9849573969841003,0,0,0.25,0.0,0.0,0.14218668639659882,-0.1445475071668625,-0.00038620922714471817
820,7,21,1.0,0.9780620336532593,0,0,0.0,0.0,0.0,0.11973240226507187,-0.160369411110878,-0.009012185037136078
821,7,22,1.0,0.988936722278595,0,0,0.0,0.0,0.0,0.04214467480778694,-0.2188129425048828,-0.0007497444748878479
822,7,23,1.0,0.9859627485275269,0,0,0.0,0.0,0.0,0.0010250797495245934,-0.22484873235225677,-0.0019980347715318203
823,7,24,1.0,0.9875445365905762,0,0,0.0,0.0,0.0,-0.005847953259944916,-0.2308574765920639,0.0040309615433216095
824,7,25,1.0,0.9866877198219299,0,0,0.0,0.0,0.0,-0.011509595438838005,-0.23061075806617737,0.0029832245782017708
825,7,26,1.0,0.989500880241394,0,0,0.0,-0.25,0.0,-0.011734608560800552,-0.23524394631385803,-0.005279605742543936
826,7,27,1.0,0.9869974851608276,0,0,0.0,-0.25,0.0,-0.012370985001325607,-0.2612079977989197,0.00014209095388650894
827,7,28,1.0,0.9954926371574402,0,0,0.0,-0.25,0.0,-0.007162552792578936,-0.2653958797454834,0.006273478269577026
828,7,29,1.0,0.9951136112213135,0,0,0.0,-0.25,0.0,-0.0019698762334883213,-0.26705583930015564,-0.0018774964846670628
829,7,30,1.0,0.9893991947174072,0,0,0.0,-0.25,0.0,-0.00768784387037158,-0.2712152600288391,0.006536567583680153
830,7,31,1.0,0.9896581172943115,0,0,0.0,-0.25,0.0,-0.009424496442079544,-0.2693125605583191,-0.0005695745348930359
831,7,32,1.0,0.9976443648338318,0,0,0.0,-0.25,0.0,-0.002657645847648382,-0.2516576647758484,0.012571540661156178
832,7,33,1.0,1.0005656480789185,0,0,0.0,-0.25,0.0,0.006483869161456823,-0.24265778064727783,0.016369346529245377
833,7,34,1.0,0.9897751808166504,0,0,0.0,-0.25,0.0,0.0002689396496862173,-0.16292358934879303,0.01313514169305563
834,7,35,1.0,0.9808031320571899,0,0,0.0,0.0,0.0,-0.002216856461018324,-0.10276014357805252,0.0019679460674524307
835,7,36,1.0,0.9794037342071533,0,0,0.0,0.0,0.0,-0.002695868257433176,-0.06441482156515121,0.007717731408774853
836,7,37,1.0,0.9759052395820618,0,0,0.0,0.0,0.0,-0.003526723477989435,-0.03763926774263382,-0.00296142790466547
837,7,38,1.0,0.9733728766441345,0,0,0.0,0.0,0.0,-0.004674345254898071,-0.024632414802908897,0.002290351316332817
838,7,39,1.0,0.9729064106941223,0,0,0.0,0.0,0.0,-0.004752148874104023,-0.020646432414650917,0.0012263432145118713
839,7,40,1.0,0.9731894135475159,0,0,0.0,0.0,0.0,-0.004617518745362759,-0.015139699913561344,0.002092980779707432
840,7,41,1.0,0.973139226436615,0,0,0.0,-0.25,0.0,-0.004639548249542713,-0.01444116048514843,0.0018949927762150764
841,7,42,1.0,0.9775221943855286,0,0,0.0,0.0,0.0,-0.005372100975364447,-0.04222177714109421,0.007308521308004856
842,7,43,1.0,0.9804341793060303,0,0,0.0,0.0,0.0,-0.0047551607713103294,-0.026821644976735115,-0.006995605304837227
843,7,44,1.0,0.9775081276893616,0,0,0.0,0.0,0.0,-0.00545669998973608,-0.007629712577909231,-0.008486786857247353
844,7,45,1.0,0.977847158908844,0,0,0.0,0.0,0.0,-0.005252612289041281,-0.00395798496901989,-0.00788162276148796
845,7,46,1.0,0.9829960465431213,0,0,0.0,0.0,0.0,-0.0026375544257462025,-0.005543220322579145,-0.018434591591358185
846,7,47,1.0,0.9830409288406372,0,0,0.0,0.0,0.0,-0.0026632375083863735,-0.005054908338934183,-0.018658652901649475
847,7,48,1.0,0.9823083877563477,0,0,0.0,-0.25,0.0,-0.0020342827774584293,-0.0070181116461753845,-0.012565946206450462
848,7,49,1.0,0.9860714077949524,0,0,0.0,0.0,0.0,0.0024289446882903576,-0.024661393836140633,-0.014396416954696178
849,7,50,1.0,0.9819785952568054,0,0,0.0,0.0,0.0,0.0031926222145557404,-0.00887095183134079,-0.026175856590270996
850,7,51,1.0,0.9847109913825989,0,0,0.0,0.0,0.0,0.0030693993903696537,-0.005472982302308083,-0.034763455390930176
851,7,52,1.0,0.9783626794815063,0,0,0.0,0.0,0.0,0.0020376367028802633,0.00040923996130004525,-0.02824249118566513
852,7,53,1.0,0.9783899784088135,0,0,0.0,0.0,0.0,0.0019622996915131807,0.0013129159342497587,-0.028710931539535522
853,7,54,1.0,0.9759231805801392,0,0,0.0,0.0,0.0,0.002029008697718382,0.00181147875264287,-0.032689858227968216
854,7,55,1.0,0.9759736061096191,0,0,0.0,0.0,0.0,0.002013297053053975,0.001963340677320957,-0.032765116542577744
855,7,56,1.0,0.9748038649559021,0,0,0.0,0.0,0.0,0.0034548132680356503,0.001803156454116106,-0.03133298456668854
856,7,57,1.0,0.97481369972229,0,0,0.0,-0.25,0.0,0.003452247940003872,0.0018355671782046556,-0.03134810924530029
857,7,58,1.0,0.9727023839950562,0,0,0.0,0.0,0.0,0.009198753163218498,-0.012351407669484615,-0.02086549624800682
858,7,59,1.0,0.9752975702285767,0,0,0.0,0.0,0.0,0.009173424914479256,-0.0046405792236328125,-0.025324631482362747
859,7,60,1.0,0.9727936387062073,0,0,0.0,0.0,0.0,0.009344063699245453,0.0007755481638014317,-0.02078479528427124
860,7,61,1.0,0.9714410901069641,0,0,0.0,0.0,0.0,0.009932233020663261,0.0033930011559277773,-0.021957222372293472
861,7,62,1.0,0.9670567512512207,0,0,0.0,0.0,0.0,0.007230002898722887,0.002790291327983141,-0.01610272377729416
862,7,63,1.0,0.9670206308364868,0,0,0.0,0.0,0.0,0.007184652145951986,0.0031119706109166145,-0.016404006630182266
863,7,64,1.0,0.9671670794487,0,0,0.25,0.0,0.0,0.0059652747586369514,0.004223016556352377,-0.012200049124658108
864,7,65,1.0,0.9703384041786194,0,0,0.0,0.0,0.0,0.018922200426459312,0.007305273320525885,-0.005827398970723152
865,7,66,1.0,0.9640654921531677,0,0,0.0,0.0,0.0,0.011974988505244255,0.006847885902971029,0.011348272673785686
866,7,67,1.0,0.9649072885513306,0,0,0.0,0.0,0.0,0.008584504947066307,0.005490804091095924,0.019199315458536148
867,7,68,1.0,0.9606724381446838,0,0,0.0,0.0,0.0,0.005211868789047003,0.005686409305781126,0.017159894108772278
868,7,69,1.0,0.9604461193084717,0,0,0.0,0.0,0.0,0.0045302254147827625,0.005661306902766228,0.01726550981402397
869,7,70,1.0,0.960074782371521,0,0,0.25,0.0,0.0,0.003520283382385969,0.005225761793553829,0.018145065754652023
870,7,71,1.0,0.9684441089630127,0,0,0.0,0.0,0.0,0.015632255002856255,0.00807994231581688,0.013983537442982197
871,7,72,1.0,0.9702785611152649,0,0,0.0,0.0,0.0,0.009622028097510338,0.006379081401973963,0.013879134319722652
872,7,73,1.0,0.969840407371521,0,0,0.0,0.0,0.0,0.007059673313051462,0.006237109657377005,0.010289960540831089
873,7,74,1.0,0.9845111966133118,0,0,0.0,0.0,0.0,0.003770106937736273,0.00410068454220891,0.001875055953860283
874,7,75,1.0,0.9844199419021606,0,0,0.0,0.0,0.0,0.0030704052187502384,0.003976913634687662,0.001746668480336666
875,7,76,1.0,0.9829775094985962,0,0,0.0,0.0,0.0,0.0012255413457751274,0.002982938662171364,-0.0012371819466352463
876,7,77,1.0,0.9829488396644592,0,0,0.0,0.0,0.0,0.0011131663341075182,0.0029659150168299675,-0.0014162715524435043
877,7,78,1.0,0.9864322543144226,0,0,0.0,0.0,-0.5,0.0001265843166038394,0.002793877851217985,-0.007068600971251726
878,7,79,1.0,0.9432722330093384,0,0,0.0,0.0,-0.5,0.0027805506251752377,0.0010255345841869712,-0.3744368851184845
879,7,80,1.0,0.9058326482772827,0,0,0.0,0.0,-0.5,0.0062360153533518314,-0.0005889101885259151,-0.5310997366905212
880,7,81,1.0,0.8840798139572144,0,0,0.0,0.0,-0.5,0.008586520329117775,-0.0025906863156706095,-0.5520809888839722
881,7,82,1.0,0.8933632969856262,0,0,0.0,0.0,-0.5,0.005950777791440487,0.0016742786392569542,-0.5548204779624939
882,7,83,1.0,0.9075050354003906,0,0,0.0,0.0,-0.5,0.006860784720629454,-0.0011065464932471514,-0.5415695905685425
883,7,84,1.0,0.9547488689422607,0,0,0.0,0.0,-0.5,0.004668445326387882,0.0009145360672846437,-0.520399272441864
884,7,85,1.0,1.1868089437484741,0,0,0.0,0.0,-0.5,0.00046684127300977707,0.0020182461012154818,-0.39129430055618286
885,7,86,1.0,1.6146223545074463,0,1,0.0,0.0,-0.5,0.00042231613770127296,0.0019240649417042732,-0.1720544695854187
886,7,87,1.0,1.7111222743988037,0,1,0.0,0.0,-0.5,0.0026498916558921337,0.0013233216013759375,-0.12684683501720428
887,7,88,1.0,1.9558732509613037,0,1,0.0,0.0,-0.5,0.002988309133797884,0.0030702820513397455,-0.035923171788454056
888,7,89,1.0,1.9632399082183838,0,1,0.0,0.0,0.0,0.0031966902315616608,0.0029850336723029613,-0.029948368668556213
889,7,90,1.0,1.9561117887496948,0,1,0.0,0.0,0.0,0.002916789148002863,0.003353382460772991,-0.020947521552443504
890,7,91,1.0,1.9576942920684814,0,1,0.0,0.0,0.0,0.002963665407150984,0.003322507254779339,-0.019790006801486015
891,7,92,2.0,1.9065461158752441,1,1,0.0,0.0,0.0,0.0026413421146571636,0.0028982486110180616,-0.040231820195913315
892,7,93,2.0,2.0722036361694336,1,1,0.0,0.0,0.0,0.0016989025752991438,0.003579815849661827,0.038554348051548004
893,7,94,2.0,2.1029622554779053,1,1,0.0,0.0,0.0,0.004142058547586203,0.0038849315606057644,-0.003234993666410446
894,7,95,2.0,2.0973823070526123,1,1,0.0,0.0,0.0,0.0023749899119138718,0.0049872975796461105,-0.06361718475818634
895,7,96,2.0,2.1068058013916016,1,1,0.0,0.0,0.0,0.002367537235841155,0.0069343349896371365,-0.05249464511871338
896,7,97,2.0,2.1094343662261963,1,1,0.0,0.0,0.0,0.005003950092941523,0.004431609064340591,-0.04037964344024658
897,7,98,2.0,2.078342914581299,1,1,0.0,0.0,0.0,0.00516288448125124,0.008136645890772343,-0.017979666590690613
898,7,99,2.0,1.940819263458252,1,1,0.0,0.0,0.0,0.004750458523631096,0.010279953479766846,0.048005469143390656
899,7,100,2.0,1.3336117267608643,1,0,0.0,0.0,0.0,0.003637157380580902,0.012927108444273472,0.22127173840999603
900,7,101,1.0,1.2281078100204468,0,0,0.0,0.0,0.0,0.0011587210465222597,0.013135665096342564,0.25337517261505127
901,7,102,1.0,1.1023012399673462,0,0,0.0,0.0,0.0,-0.003202075371518731,0.010471108369529247,0.30272695422172546
902,7,103,1.0,1.129102349281311,0,0,0.0,0.0,0.5,-0.002282907720655203,0.01068164873868227,0.2980591654777527
903,7,104,1.0,1.1012624502182007,0,0,0.0,0.0,0.5,0.0013187341392040253,0.0031485753133893013,0.48745664954185486
904,7,105,1.0,1.0371227264404297,0,0,0.0,0.0,0.5,-0.006113368086516857,0.005555142182856798,0.5180215239524841
905,7,106,1.0,0.966171383857727,0,0,0.0,0.0,0.5,-0.004279899876564741,0.007634093053638935,0.5505284070968628
906,7,107,1.0,0.9522933959960938,0,0,0.0,0.0,0.5,-0.0024929908104240894,0.010049046948552132,0.5247935652732849
907,7,108,1.0,0.9442623853683472,0,0,0.0,0.0,0.5,-0.001936712651513517,0.006611893884837627,0.545235812664032
908,7,109,1.0,0.9463047385215759,0,0,0.0,0.0,0.5,-0.004017515107989311,0.008863234892487526,0.5214090347290039
909,7,110,1.0,0.9476374387741089,0,0,0.0,0.0,0.5,-0.0010977622587233782,0.01027296669781208,0.5471347570419312
910,7,111,1.0,0.9385992288589478,0,0,0.0,0.0,0.5,-0.0002581523731350899,0.013273091055452824,0.5465432405471802
911,7,112,1.0,0.9489280581474304,0,0,0.0,0.0,0.5,0.004185648635029793,0.010092766024172306,0.5483900308609009
912,8,0,1.0,0.9706206321716309,0,0,0.0,0.0,0.0,-0.16904911398887634,-0.011855633929371834,-0.012160427868366241
913,8,1,1.0,0.9643915891647339,0,0,0.0,0.0,0.0,-0.18645720183849335,-0.005228667054325342,-0.024254506453871727
914,8,2,1.0,0.9662226438522339,0,0,0.0,0.0,0.0,-0.18617969751358032,-0.006572168320417404,-0.017654679715633392
915,8,3,1.0,0.9674997329711914,0,0,0.0,0.0,0.0,-0.18147456645965576,-0.008241129107773304,-0.014211302623152733
916,8,4,1.0,0.9671197533607483,0,0,0.0,0.0,0.0,-0.18891622126102448,-0.0047849565744400024,-0.01151993591338396
917,8,5,1.0,0.9675588011741638,0,0,0.0,0.0,0.0,-0.18804331123828888,-0.005128566175699234,-0.010641100816428661
918,8,6,1.0,0.9664109349250793,0,0,0.0,0.0,0.0,-0.19124819338321686,-0.0047288681380450726,-0.009606919251382351
919,8,7,1.0,0.9665115475654602,0,0,0.0,0.0,0.0,-0.1910858005285263,-0.004797734785825014,-0.009376841597259045
920,8,8,1.0,0.9656607508659363,0,0,0.0,0.0,0.0,-0.19158980250358582,-0.0036641184706240892,-0.013111965730786324
921,8,9,1.0,0.9656900763511658,0,0,-0.25,0.0,0.0,-0.19155661761760712,-0.003679928369820118,-0.01305311731994152
922,8,10,1.0,0.9808489084243774,0,0,-0.25,0.0,0.0,-0.260963499546051,0.02848607487976551,0.0005565648898482323
923,8,11,1.0,0.9978326559066772,0,0,-0.25,0.0,0.0,-0.26822349429130554,0.03653596341609955,0.0015409430488944054
924,8,12,1.0,1.0175764560699463,0,0,-0.25,0.0,0.0,-0.27685561776161194,0.04066716134548187,-0.006462003104388714
925,8,13,1.0,1.0194182395935059,0,0,-0.25,0.0,0.0,-0.2760615348815918,0.03073490969836712,-0.00929584726691246
926,8,14,1.0,0.9995684027671814,0,0,-0.25,0.0,0.0,-0.2868228852748871,0.0243549644947052,0.0046442048624157906
927,8,15,1.0,1.0073490142822266,0,0,-0.25,0.0,0.0,-0.2733559012413025,0.023194454610347748,-0.00038969889283180237
928,8,16,1.0,1.0057015419006348,0,0,-0.25,0.0,0.0,-0.2678970992565155,-0.018394848331809044,-0.0016233660280704498
929,8,17,1.0,0.9842313528060913,0,0,-0.25,0.0,0.0,-0.24828414618968964,-0.056673869490623474,0.011792377568781376
930,8,18,1.0,0.9852872490882874,0,0,-0.25,0.0,0.0,-0.1990235447883606,-0.11744529008865356,-0.003697976004332304
931,8,19,1.0,0.9798593521118164,0,0,0.0,0.0,0.0,-0.18842417001724243,-0.1273331344127655,-0.0005514295771718025
932,8,20,1.0,0.9716253280639648,0,0,0.0,0.0,0.0,-0.09693702310323715,-0.20335404574871063,0.01455198135226965
933,8,21,1.0,0.9698723554611206,0,0,0.0,0.0,0.0,-0.04655414819717407,-0.2226509153842926,0.019633017480373383
934,8,22,1.0,0.9764089584350586,0,0,0.0,0.0,0.0,-0.023218588903546333,-0.24013501405715942,0.02070412039756775
935,8,23,1.0,0.9762976169586182,0,0,0.0,-0.25,0.0,-0.015467667952179909,-0.241022527217865,0.01992039382457733
936,8,24,1.0,0.9926018714904785,0,0,0.0,-0.25,0.0,-0.010230766609311104,-0.27575355768203735,0.02647988125681877
937,8,25,1.0,0.9899569749832153,0,0,0.0,-0.25,0.0,-0.0012575015425682068,-0.2786068618297577,0.031228292733430862
938,8,26,1.0,0.990723729133606,0,0,0.0,-0.25,0.0,-0.012582754716277122,-0.2892424166202545,0.027058769017457962
939,8,27,1.0,0.9923370480537415,0,0,0.0,-0.25,0.0,-0.003718054387718439,-0.2899661362171173,0.023210685700178146
940,8,28,1.0,0.9856859445571899,0,0,0.0,-0.25,0.0,-0.007826217450201511,-0.28740182518959045,0.01743529736995697
941,8,29,1.0,0.9874312281608582,0,0,0.0,-0.25,0.0,-0.003597777569666505,-0.2776626944541931,-0.003028295934200287
942,8,30,1.0,0.9813514947891235,0,0,0.0,-0.25,0.0,0.0029280278831720352,-0.25544473528862,0.004891923628747463
943,8,31,1.0,0.9875880479812622,0,0,0.0,0.0,0.0,-0.0005591572262346745,-0.19775454699993134,-0.0048379660584032536
944,8,32,1.0,0.9806869029998779,0,0,0.0,0.0,0.0,0.0007441258057951927,-0.15881358087062836,0.0010084668174386024
945,8,33,1.0,0.9766651391983032,0,0,0.0,0.0,0.0,0.00432099774479866,-0.10146011412143707,0.0013831602409482002
946,8,34,1.0,0.973188579082489,0,0,0.0,0.0,0.0,-0.002464878372848034,-0.07683303207159042,-0.007778702303767204
947,8,35,1.0,0.9725324511528015,0,0,0.0,0.0,0.0,-0.002359448466449976,-0.06894852966070175,-0.011039843782782555
948,8,36,1.0,0.9751047492027283,0,0,0.0,0.0,0.0,-0.0029560704715549946,-0.05802028626203537,-0.01916339248418808
949,8,37,1.0,0.9750069975852966,0,0,0.0,-0.25,0.0,-0.002972665708512068,-0.05699228495359421,-0.0196455717086792
950,8,38,1.0,0.9833465814590454,0,0,0.0,-0.25,0.0,-0.0013145161792635918,-0.07455486804246902,0.006516199558973312
951,8,39,1.0,0.9869441986083984,0,0,0.0,0.0,0.0,-0.008105015382170677,-0.06538016349077225,-0.0036067478358745575
952,8,40,1.0,0.9830541610717773,0,0,0.0,0.0,0.0,-0.005276375915855169,-0.028117671608924866,-0.005828693509101868
953,8,41,1.0,0.9835948348045349,0,0,0.0,0.0,0.0,-0.0047695087268948555,-0.015884321182966232,-0.014871722087264061
954,8,42,1.0,0.9812885522842407,0,0,0.0,0.0,0.0,-0.004433919675648212,-0.006528045982122421,-0.01607908308506012
955,8,43,1.0,0.9812431335449219,0,0,0.0,0.0,0.0,-0.004573110491037369,-0.00470129307359457,-0.017253002151846886
956,8,44,1.0,0.981576144695282,0,0,0.0,0.0,0.0,-0.005418881308287382,-0.002743297256529331,-0.017749283462762833
957,8,45,1.0,0.9816451668739319,0,0,0.0,-0.25,0.0,-0.0054303789511322975,-0.0024199553299695253,-0.01793324202299118
958,8,46,1.0,0.9890972375869751,0,0,0.0,-0.25,0.0,-0.005052456632256508,-0.02348884381353855,-0.016838086768984795
959,8,47,1.0,0.9887372851371765,0,0,0.0,-0.25,0.0,-0.005119754932820797,-0.030065296217799187,-0.025887690484523773
960,8,48,1.0,0.9859393239021301,0,0,0.0,0.0,0.0,-0.010861240327358246,-0.026762746274471283,-0.007304011844098568
961,8,49,1.0,0.976165235042572,0,0,0.0,0.0,0.0,-0.014486417174339294,-0.012013707309961319,-0.00838929507881403
962,8,50,1.0,0.9682869911193848,0,0,0.0,0.0,0.0,-0.017414720728993416,-0.0009794824291020632,0.001985538750886917
963,8,51,1.0,0.9679442644119263,0,0,0.0,0.0,0.0,-0.017469225451350212,0.003986715339124203,-0.003080525901168585
964,8,52,1.0,0.9665979743003845,0,0,0.0,0.0,0.0,-0.019383637234568596,0.005244346801191568,0.006637576036155224
965,8,53,1.0,0.9665787816047668,0,0,0.0,0.0,0.0,-0.019437313079833984,0.006018787156790495,0.006070127710700035
966,8,54,1.0,0.9691839218139648,0,0,-0.25,0.0,0.0,-0.019010307267308235,0.005484463181346655,0.0034680794924497604
967,8,55,1.0,0.9691207408905029,0,0,-0.25,0.0,0.0,-0.03344109281897545,0.0029864939860999584,0.02767346426844597
968,8,56,1.0,0.9580946564674377,0,0,0.0,0.0,0.0,-0.037000056356191635,-0.0007090499275363982,0.029641833156347275
969,8,57,1.0,0.9617085456848145,0,0,0.0,0.0,0.0,-0.02508445456624031,0.00445208977907896,0.027848880738019943
970,8,58,1.0,0.9710133075714111,0,0,0.0,0.0,0.0,-0.013133270666003227,0.0032879209611564875,0.008867968805134296
971,8,59,1.0,0.9699992537498474,0,0,0.0,0.0,0.0,-0.01003960333764553,0.00448877178132534,0.001611398532986641
972,8,60,1.0,0.9746478796005249,0,0,0.0,0.0,0.0,-0.008705990388989449,0.004629997070878744,-0.00414587277919054
973,8,61,1.0,0.9745218753814697,0,0,-0.25,0.0,0.0,-0.008298980072140694,0.004765272606164217,-0.004611180163919926
974,8,62,1.0,0.9924300312995911,0,0,-0.25,0.0,0.0,-0.02073458582162857,-0.0009298344375565648,-0.031111806631088257
975,8,63,1.0,0.9940657019615173,0,0,0.0,0.0,0.0,-0.02131986990571022,-0.00336823845282197,-0.09080789238214493
976,8,64,1.0,0.9940186142921448,0,0,0.0,0.0,0.0,-0.008813513442873955,-0.0003944779746234417,-0.12614841759204865
977,8,65,1.0,0.9937028884887695,0,0,0.0,0.0,0.0,-0.005867971573024988,0.00208659959025681,-0.10472237318754196
978,8,66,1.0,0.9896571636199951,0,0,0.0,0.0,0.0,-0.0024120532907545567,0.002742269542068243,-0.15111936628818512
979,8,67,1.0,0.9891282320022583,0,0,0.0,0.0,0.0,-0.0017213287064805627,0.0031523245852440596,-0.15299052000045776
980,8,68,1.0,0.9866236448287964,0,0,0.0,0.0,0.0,-0.002039085840806365,0.003490347880870104,-0.1680452674627304
981,8,69,1.0,0.9865583181381226,0,0,0.0,0.0,0.0,-0.0019379907753318548,0.003540301462635398,-0.16821086406707764
982,8,70,1.0,0.9891952276229858,0,0,0.0,0.0,-0.5,-0.0008180864388123155,0.004527756944298744,-0.17228449881076813
983,8,71,1.0,0.9405913949012756,0,0,0.0,0.0,-0.5,0.0034530898556113243,0.0022380840964615345,-0.467771053314209
984,8,72,1.0,0.9210847616195679,0,0,0.0,0.0,-0.5,0.007047826889902353,-0.00022545832325704396,-0.5351825952529907
985,8,73,1.0,0.891757071018219,0,0,0.0,0.0,-0.5,0.009954238310456276,-0.001741293934173882,-0.5439050197601318
986,8,74,1.0,0.8897020816802979,0,0,0.0,0.0,-0.5,0.012990295886993408,-0.0008389514987356961,-0.5545011758804321
987,8,75,1.0,0.8609259128570557,0,0,0.0,0.0,-0.5,0.011519689112901688,-0.0038116350769996643,-0.5737514495849609
988,8,76,1.0,0.8822903633117676,0,0,0.0,0.0,-0.5,0.0076116411946713924,-0.004267167765647173,-0.5564813613891602
989,8,77,1.0,0.9509454965591431,0,0,0.0,0.0,-0.5,0.0083187036216259,-0.0031585795804858208,-0.49919673800468445
990,8,78,1.0,1.4749927520751953,0,0,0.0,0.0,-0.5,0.00252510909922421,0.0020875202026218176,-0.23453392088413239
991,8,79,1.0,1.6319268941879272,0,1,0.0,0.0,-0.5,0.00830422155559063,0.002642120234668255,-0.14386297762393951
992,8,80,1.0,1.7492749691009521,0,1,0.0,0.0,-0.5,0.008703742176294327,0.0015063720056787133,-0.0935734361410141
993,8,81,1.0,1.7790887355804443,0,1,0.0,0.0,-0.5,0.009053174406290054,0.0017861181404441595,-0.07808974385261536
994,8,82,1.0,1.8555192947387695,0,1,0.0,0.0,0.0,0.009106913581490517,0.002875863341614604,-0.05301067605614662
995,8,83,1.0,1.8615336418151855,0,1,0.0,0.0,0.0,0.009193195030093193,0.0029286157805472612,-0.049984272569417953
996,8,84,1.0,1.9415719509124756,0,1,0.0,0.0,0.0,0.00944659672677517,0.002877769060432911,-0.02660861238837242
997,8,85,2.0,1.9431838989257812,1,1,0.0,0.0,0.0,0.009436612948775291,0.0029219991993159056,-0.025833234190940857
998,8,86,2.0,2.0519251823425293,1,1,0.0,0.0,0.0,0.005837383214384317,-0.0018745174165815115,0.010297919623553753
999,8,87,2.0,2.0681095123291016,1,1,0.0,0.0,0.0,0.004803015384823084,0.0004977444768883288,-0.019083082675933838
1000,8,88,2.0,2.089207172393799,1,1,0.0,0.0,0.0,0.006607321556657553,0.0029719355516135693,-0.022710023447871208
1001,8,89,2.0,2.0947186946868896,1,1,0.0,0.0,0.0,0.0020474372431635857,0.004710385110229254,-0.015565555542707443
1002,8,90,2.0,2.046999454498291,1,1,0.0,0.0,0.0,0.0013932795263826847,0.005618910305202007,0.03452591970562935
1003,8,91,2.0,2.04740047454834,1,1,0.0,0.0,0.0,0.0011896784417331219,0.005767761263996363,0.0356675460934639
1004,8,92,2.0,1.9450507164001465,1,1,0.0,0.0,0.0,-0.0006235999171622097,0.009268715977668762,0.06752961874008179
1005,8,93,2.0,1.9456827640533447,1,1,0.0,0.0,0.0,-0.0006826880271546543,0.009355507791042328,0.06767648458480835
1006,8,94,2.0,1.9285434484481812,1,1,0.0,0.0,0.0,-0.001496436190791428,0.008810022845864296,0.07290364056825638
1007,8,95,2.0,1.929145336151123,1,1,0.0,0.0,0.0,-0.001532031106762588,0.008888755924999714,0.07292655855417252
1008,8,96,1.0,1.9474360942840576,0,1,0.0,0.0,0.0,-0.0017888013971969485,0.008611053228378296,0.06622686237096786
1009,8,97,1.0,1.9480280876159668,0,1,0.0,0.0,0.0,-0.0018062631133943796,0.008680272847414017,0.06625362485647202
1010,8,98,1.0,1.9164133071899414,0,1,0.0,0.0,0.0,-0.0018954738043248653,0.006822866853326559,0.07215509563684464
1011,8,99,1.0,1.9169795513153076,0,1,0.0,0.0,0.0,-0.0019247459713369608,0.006898064166307449,0.07222535461187363
1012,8,100,1.0,2.0424394607543945,0,1,0.0,0.0,0.5,0.0006660318467766047,0.007410069927573204,0.044706739485263824
1013,8,101,1.0,1.6350902318954468,0,1,0.0,0.0,0.5,-0.0037553515285253525,0.007581569254398346,0.3326515853404999
1014,8,102,1.0,1.1070178747177124,0,0,0.0,0.0,0.5,-0.003742494387552142,0.004511149600148201,0.49676308035850525
1015,8,103,1.0,0.9717785120010376,0,0,0.0,0.0,0.5,-0.0023071481846272945,0.006994967348873615,0.550458550453186
1016,8,104,1.0,0.9460671544075012,0,0,0.0,0.0,0.5,-0.002330574207007885,0.011338956654071808,0.5393693447113037
1017,8,105,1.0,0.9422249794006348,0,0,0.0,0.0,0.5,0.0029164301231503487,0.01276031881570816,0.5657241940498352
1018,8,106,1.0,0.9377117156982422,0,0,0.0,0.0,0.5,0.0002052360214293003,0.006690974812954664,0.5296621918678284
1019,8,107,1.0,0.9498820900917053,0,0,0.0,0.0,0.5,0.002282761037349701,0.005107808858156204,0.5140254497528076
1020,9,0,1.0,0.964890718460083,0,0,0.0,0.0,0.0,0.2223687469959259,0.00907968357205391,0.0035199997946619987
1021,9,1,1.0,0.9635930061340332,0,0,0.0,0.0,0.0,0.21248145401477814,0.008696384727954865,-0.005811016075313091
1022,9,2,1.0,0.9664620757102966,0,0,0.0,0.0,0.0,0.2167898714542389,0.013249477371573448,-0.006973924580961466
1023,9,3,1.0,0.9668252468109131,0,0,0.0,0.0,0.0,0.22017763555049896,0.012543277814984322,-0.003877150360494852
1024,9,4,1.0,0.9670776128768921,0,0,0.0,0.0,0.0,0.2250533401966095,0.011623612605035305,0.0021160421893000603
1025,9,5,1.0,0.9671788215637207,0,0,0.0,0.0,0.0,0.2256731241941452,0.011496076360344887,0.002765495330095291
1026,9,6,1.0,0.967684805393219,0,0,0.0,0.0,0.0,0.22509579360485077,0.012931876815855503,0.005111672915518284
1027,9,7,1.0,0.9677114486694336,0,0,0.0,0.0,0.0,0.2252195030450821,0.012898766435682774,0.005274667404592037
1028,9,8,1.0,0.9656950831413269,0,0,0.0,0.0,0.0,0.22397039830684662,0.014571169391274452,0.0011833347380161285
1029,9,9,1.0,0.9656999707221985,0,0,0.25,0.0,0.0,0.22399860620498657,0.014562314376235008,0.0012306561693549156
1030,9,10,1.0,0.9688799977302551,0,0,0.25,0.0,0.0,0.2598825693130493,-0.005091823637485504,3.3583492040634155e-05
1031,9,11,1.0,0.9758110046386719,0,0,0.25,0.0,0.0,0.27500349283218384,-0.0068016937002539635,-0.002505496609956026
1032,9,12,1.0,0.9753096699714661,0,0,0.25,0.0,0.0,0.28244084119796753,2.975823008455336e-05,0.002478422597050667
1033,9,13,1.0,0.9726294279098511,0,0,0.25,0.0,0.0,0.28132331371307373,-0.0051506743766367435,0.008324909023940563
1034,9,14,1.0,0.960899829864502,0,0,0.25,0.0,0.0,0.2739977240562439,0.023289715871214867,0.0003029489889740944
1035,9,15,1.0,0.9705847501754761,0,0,0.25,0.0,0.0,0.2627318203449249,0.025582438334822655,0.005166553892195225
1036,9,16,1.0,0.9516138434410095,0,0,0.25,0.0,0.0,0.24741438031196594,0.05904950946569443,0.008851976133883
1037,9,17,1.0,0.9564489722251892,0,0,0.25,0.0,0.0,0.2122902274131775,0.1064193993806839,0.017523493617773056
1038,9,18,1.0,0.9611026048660278,0,0,0.25,0.0,0.0,0.15523478388786316,0.19001401960849762,0.011635859496891499
1039,9,19,1.0,0.967336893081665,0,0,0.0,0.0,0.0,0.10897400975227356,0.24341697990894318,0.0056428080424666405
1040,9,20,1.0,0.9662089347839355,0,0,0.0,0.0,0.0,0.046819478273391724,0.2675485908985138,0.003891667351126671
1041,9,21,1.0,0.967200517654419,0,0,0.0,0.0,0.0,0.008139662444591522,0.26753953099250793,-0.0021417797543108463
1042,9,22,1.0,0.9671779870986938,0,0,0.0,0.0,0.0,-8.579739369452e-05,0.26487448811531067,0.00263320654630661
1043,9,23,1.0,0.968774139881134,0,0,0.0,0.25,0.0,-0.004861338995397091,0.2639751434326172,0.0016430802643299103
1044,9,24,1.0,0.9686882495880127,0,0,0.0,0.25,0.0,-0.003935744985938072,0.2819350063800812,0.009961052797734737
1045,9,25,1.0,0.9760199785232544,0,0,0.0,0.25,0.0,-0.001743486849591136,0.283313125371933,0.013047908432781696
1046,9,26,1.0,0.9680194854736328,0,0,0.0,0.25,0.0,0.0019831331446766853,0.287740558385849,0.0007532453164458275
1047,9,27,1.0,0.9782786965370178,0,0,0.0,0.25,0.0,0.0014086088631302118,0.2889704406261444,0.008517238311469555
1048,9,28,1.0,0.9903010129928589,0,0,0.0,0.25,0.0,-0.0041466644033789635,0.2839305102825165,0.00045893527567386627
1049,9,29,1.0,0.9987198710441589,0,0,0.0,0.25,0.0,-0.006344192661345005,0.2691686153411865,-0.00036930758506059647
1050,9,30,1.0,0.9949750900268555,0,0,0.0,0.25,0.0,-0.008842641487717628,0.20212911069393158,0.005087939091026783
1051,9,31,1.0,0.9977632761001587,0,0,0.0,0.25,0.0,-0.00453922338783741,0.16982810199260712,0.006559076718986034
1052,9,32,1.0,0.990766167640686,0,0,0.0,0.0,0.0,-0.0067260111682116985,0.09530439227819443,-0.001733332872390747
1053,9,33,1.0,0.9813292026519775,0,0,0.0,0.0,0.0,-0.003803602885454893,0.06081267446279526,-0.015377763658761978
1054,9,34,1.0,0.9694292545318604,0,0,0.0,0.0,0.0,-0.006963386200368404,0.040909796953201294,-0.011595099233090878
1055,9,35,1.0,0.9692355990409851,0,0,0.0,0.0,0.0,-0.00942709669470787,0.032691486179828644,-0.009680846706032753
1056,9,36,1.0,0.9694774150848389,0,0,0.0,0.0,0.0,-0.008679221384227276,0.029030796140432358,-0.015579402446746826
1057,9,37,1.0,0.9694464206695557,0,0,0.0,0.0,0.0,-0.008788792416453362,0.027484748512506485,-0.015463929623365402
1058,9,38,1.0,0.9689986705780029,0,0,0.0,0.25,0.0,-0.00942627340555191,0.02212684229016304,-0.013381818309426308
1059,9,39,1.0,0.9703397154808044,0,0,0.0,0.0,0.0,-0.006439666263759136,0.05522757023572922,-0.01867961511015892
1060,9,40,1.0,0.9740226864814758,0,0,0.0,0.0,0.0,-0.002932635135948658,0.03156331926584244,-0.013999085873365402
1061,9,41,1.0,0.973684549331665,0,0,0.0,0.0,0.0,-0.0041136667132377625,0.024580344557762146,-0.018784508109092712
1062,9,42,1.0,0.9755717515945435,0,0,0.0,0.0,0.0,-0.00541887478902936,0.018676189705729485,-0.021577071398496628
1063,9,43,1.0,0.9752815961837769,0,0,0.0,0.0,0.0,-0.005510981194674969,0.017288390547037125,-0.021182166412472725
1064,9,44,1.0,0.9836350679397583,0,0,0.0,0.0,0.0,-0.0032766086515039206,0.017277752980589867,-0.01649446412920952
1065,9,45,1.0,0.9835710525512695,0,0,0.0,0.25,0.0,-0.0032904953695833683,0.0170564167201519,-0.016412172466516495
1066,9,46,1.0,0.9863831400871277,0,0,0.0,0.0,0.0,0.0006015258841216564,0.035691998898983,-0.03181419149041176
1067,9,47,1.0,0.9852931499481201,0,0,0.0,0.0,0.0,0.0034502726048231125,0.025089437142014503,-0.029045507311820984
1068,9,48,1.0,0.9769731163978577,0,0,0.0,0.0,0.0,0.003890516236424446,0.01689562015235424,-0.035125359892845154
1069,9,49,1.0,0.9753446578979492,0,0,0.0,0.0,0.0,0.004275378305464983,0.014223922975361347,-0.03257007896900177
1070,9,50,1.0,0.9736344814300537,0,0,0.0,0.0,0.0,0.004768228158354759,0.01523484569042921,-0.028831329196691513
1071,9,51,1.0,0.9734763503074646,0,0,0.0,0.0,0.0,0.004732925444841385,0.01483289897441864,-0.028554841876029968
1072,9,52,1.0,0.9751659631729126,0,0,0.0,0.0,0.0,0.0051900469698011875,0.014934053644537926,-0.026985526084899902
1073,9,53,1.0,0.9751222729682922,0,0,0.25,0.0,0.0,0.005181409884244204,0.014856945723295212,-0.026927221566438675
1074,9,54,1.0,0.9926425218582153,0,0,0.25,0.0,0.0,0.016920175403356552,0.008423741906881332,-0.03603966906666756
1075,9,55,1.0,0.9932693243026733,0,0,0.0,0.0,0.0,0.01987321488559246,0.00806086603552103,-0.02981848642230034
1076,9,56,1.0,0.966407835483551,0,0,0.0,0.0,0.0,0.0085068978369236,0.00636510644108057,0.0006215237081050873
1077,9,57,1.0,0.9631311893463135,0,0,0.0,0.0,0.0,0.002374632516875863,0.007116114255040884,-0.0002777222543954849
1078,9,58,1.0,0.9726417064666748,0,0,0.0,0.0,0.0,-0.0007472006254829466,0.006585335824638605,-0.008606789633631706
1079,9,59,1.0,0.9722371101379395,0,0,0.0,0.0,0.0,-0.002136701950803399,0.006532133556902409,-0.009828504174947739
1080,9,60,1.0,0.9753191471099854,0,0,0.0,0.0,0.0,-0.002419309224933386,0.005441255401819944,-0.0331212542951107
1081,9,61,1.0,0.9752402901649475,0,0,0.0,0.0,0.0,-0.0026203035376966,0.005437954794615507,-0.03363434225320816
1082,9,62,1.0,0.9765821695327759,0,0,0.0,0.25,0.0,-0.003862632205709815,0.004210744984447956,-0.03967031463980675
1083,9,63,1.0,0.9648159146308899,0,0,0.0,0.0,0.0,0.0006608313415199518,0.02393932268023491,-0.018213365226984024
1084,9,64,1.0,0.9792472124099731,0,0,0.0,0.0,0.0,0.0016089696437120438,0.014667940326035023,-0.002404681406915188
1085,9,65,1.0,0.97723388671875,0,0,0.0,0.0,0.0,0.0024937884882092476,0.009504226967692375,0.0015575224533677101
1086,9,66,1.0,0.9818620085716248,0,0,0.0,0.0,0.0,0.00038389686960726976,0.00794328935444355,0.0031777583062648773
1087,9,67,1.0,0.9816116094589233,0,0,0.0,0.0,0.0,0.00022903201170265675,0.007170550059527159,0.004080518148839474
1088,9,68,1.0,0.9813712239265442,0,0,0.0,0.0,0.0,-1.837650779634714e-05,0.005289073102176189,0.0111047038808465
1089,9,69,1.0,0.9813051819801331,0,0,0.0,0.0,0.0,-3.838923294097185e-05,0.005161862354725599,0.011215862818062305
1090,9,70,1.0,0.9844623804092407,0,0,0.0,0.25,0.0,-0.002257878426462412,0.004305319860577583,0.004308550618588924
1091,9,71,1.0,0.9893726110458374,0,0,0.0,0.0,0.0,0.00045541953295469284,0.021228909492492676,-0.0811370313167572
1092,9,72,1.0,0.9870631694793701,0,0,0.0,0.0,0.0,-0.000654851202853024,0.0130351847037673,-0.1062844917178154
1093,9,73,1.0,0.9862568378448486,0,0,0.0,0.0,0.0,-0.0019401924218982458,0.008047901093959808,-0.1164817065000534
1094,9,74,1.0,0.980910062789917,0,0,0.0,0.0,0.0,-0.002376904943957925,0.005100676789879799,-0.16589079797267914
1095,9,75,1.0,0.981331467628479,0,0,0.0,0.0,0.0,-0.0031134483870118856,0.003801779355853796,-0.16387909650802612
1096,9,76,1.0,0.9782027006149292,0,0,0.0,0.0,0.0,-0.0045950752682983875,0.00432938989251852,-0.2043134570121765
1097,9,77,1.0,0.9781670570373535,0,0,0.0,0.0,0.0,-0.00464603491127491,0.004119296558201313,-0.2041073441505432
1098,9,78,1.0,0.9786474108695984,0,0,0.0,0.0,-0.5,-0.0037981648929417133,0.00390637619420886,-0.19788499176502228
1099,9,79,1.0,0.9470831155776978,0,0,0.0,0.0,-0.5,0.0024556275457143784,0.003266204847022891,-0.4177990257740021
1100,9,80,1.0,0.9193881750106812,0,0,0.0,0.0,-0.5,0.007768737617880106,0.0034962077625095844,-0.5255439877510071
1101,9,81,1.0,0.8931537866592407,0,0,0.0,0.0,-0.5,0.007267737295478582,0.0037533529102802277,-0.5531185269355774
1102,9,82,1.0,0.8889098167419434,0,0,0.0,0.0,-0.5,0.005944973323494196,0.005560875404626131,-0.5624051094055176
1103,9,83,1.0,0.8951295614242554,0,0,0.0,0.0,-0.5,0.004723447374999523,0.0033158259466290474,-0.5416873693466187
1104,9,84,1.0,0.9140709638595581,0,0,0.0,0.0,-0.5,0.005749995820224285,0.0035807513631880283,-0.5468096733093262
1105,9,85,1.0,1.0284518003463745,0,0,0.0,0.0,-0.5,0.0005112406797707081,0.006134722847491503,-0.48399531841278076
1106,9,86,1.0,1.438755750656128,0,0,0.0,0.0,-0.5,0.000656377524137497,0.011966314166784286,-0.2553643584251404
1107,9,87,1.0,1.5910899639129639,0,1,0.0,0.0,-0.5,0.001030890503898263,0.011452012695372105,-0.1752636730670929
1108,9,88,1.0,1.794248104095459,0,1,0.0,0.0,-0.5,0.003364888019859791,0.010939938947558403,-0.0859745666384697
1109,9,89,1.0,1.8013652563095093,0,1,0.0,0.0,-0.5,0.003519652411341667,0.010832306928932667,-0.0793207585811615
1110,9,90,1.0,1.842353105545044,0,1,0.0,0.0,0.0,0.0029181046411395073,0.009483457542955875,-0.05976780131459236
1111,9,91,1.0,1.8436338901519775,0,1,0.0,0.0,0.0,0.0029887226410210133,0.009431921876966953,-0.058343738317489624
1112,9,92,1.0,1.8552577495574951,0,1,0.0,0.0,0.0,0.0035206330940127373,0.00976494699716568,-0.05140964314341545
1113,9,93,1.0,1.8554863929748535,0,1,0.0,0.0,0.0,0.0035618734546005726,0.009734906256198883,-0.05098774656653404
1114,9,94,1.0,1.8956220149993896,0,1,0.0,0.0,0.0,0.00346121983602643,0.009622826240956783,-0.03776896744966507
1115,9,95,2.0,1.8956382274627686,1,1,0.0,0.0,0.0,0.0034750602208077908,0.009595507755875587,-0.037565529346466064
1116,9,96,2.0,2.1089391708374023,1,1,0.0,0.0,0.0,-2.034509088844061e-05,0.0035923183895647526,0.03246285021305084
1117,9,97,2.0,2.126124143600464,1,1,0.0,0.0,0.0,-0.006853959523141384,0.0044924295507371426,-0.027196668088436127
1118,9,98,2.0,2.1415493488311768,1,1,0.0,0.0,0.0,-0.0009175818413496017,0.0041590346954762936,-0.046799175441265106
1119,9,99,2.0,2.142216682434082,1,1,0.0,0.0,0.0,-0.0010313547682017088,0.004332132171839476,-0.046524498611688614
1120,9,100,2.0,2.1509885787963867,1,1,0.0,0.0,0.0,-0.000987006351351738,0.004067102447152138,-0.039828792214393616
1121,9,101,2.0,2.1511969566345215,1,1,0.0,0.0,0.0,-0.001083883224055171,0.004103232175111771,-0.04008568078279495
1122,9,102,2.0,2.152710437774658,1,1,0.0,0.0,0.0,-0.00019454967696219683,0.004963573534041643,-0.02200256660580635
1123,9,103,2.0,2.1526856422424316,1,1,0.0,0.0,0.0,-0.00020036764908581972,0.004955823998898268,-0.02205483242869377
1124,9,104,1.0,2.150156259536743,0,1,0.0,0.0,0.0,0.0001217526150867343,0.005059890449047089,-0.015132651664316654
1125,9,105,1.0,2.1500606536865234,0,1,0.0,0.0,0.0,0.00014504778664559126,0.005046789534389973,-0.015090720728039742
1126,9,106,1.0,2.139137029647827,0,1,0.0,0.0,0.0,0.002155293943360448,0.0058110919781029224,0.000290432944893837
1127,9,107,1.0,2.1389927864074707,0,1,0.0,0.0,0.0,0.002176800277084112,0.005790801253169775,0.0003497563302516937
1128,9,108,1.0,2.132528781890869,0,1,0.0,0.0,0.5,0.0013999906368553638,0.005379950162023306,0.0012685395777225494
1129,9,109,1.0,2.1083693504333496,0,1,0.0,0.0,0.5,0.003830647561699152,0.00766205508261919,0.06229051575064659
1130,9,110,1.0,1.1243857145309448,0,0,0.0,0.0,0.5,0.0018964738119393587,0.009737327694892883,0.4984959065914154
1131,9,111,1.0,0.9763021469116211,0,0,0.0,0.0,0.5,-0.0019911895506083965,0.009416633285582066,0.5177430510520935
1132,9,112,1.0,0.9659016728401184,0,0,0.0,0.0,0.5,-0.004438971169292927,0.013704964891076088,0.5113480091094971
1133,9,113,1.0,0.95081627368927,0,0,0.0,0.0,0.5,-0.0029610591009259224,0.007049445528537035,0.5093875527381897
1134,9,114,1.0,0.9471033215522766,0,0,0.0,0.0,0.5,-0.0009287381544709206,0.006535476539283991,0.5216684341430664
1135,9,115,1.0,0.948432207107544,0,0,0.0,0.0,0.5,0.0012370271142572165,0.005113415420055389,0.5162408947944641
1136,9,116,1.0,0.9571059942245483,0,0,0.0,0.0,0.5,0.001416561659425497,0.010426386259496212,0.5096554160118103
1137,9,117,1.0,0.9488504528999329,0,0,0.0,0.0,0.5,0.0019335129763931036,0.012830737046897411,0.5269567370414734
1138,10,0,1.0,0.9776346683502197,0,0,0.0,0.0,0.0,-0.18364110589027405,-0.008944304659962654,0.005087576806545258
1139,10,1,1.0,0.9707527756690979,0,0,0.0,0.0,0.0,-0.20082533359527588,-0.007914024405181408,-0.006110683549195528
1140,10,2,1.0,0.9720714688301086,0,0,0.0,0.0,0.0,-0.20166972279548645,-0.004591798409819603,0.0013052094727754593
1141,10,3,1.0,0.9727516770362854,0,0,0.0,0.0,0.0,-0.19663472473621368,-0.005090138874948025,0.004261272959411144
1142,10,4,1.0,0.975482702255249,0,0,0.0,0.0,0.0,-0.20446209609508514,-0.005620668176561594,0.010143400169909
1143,10,5,1.0,0.9758607149124146,0,0,0.0,0.0,0.0,-0.20355693995952606,-0.00578726502135396,0.011111623607575893
1144,10,6,1.0,0.9737252593040466,0,0,0.0,0.0,0.0,-0.21216687560081482,-0.0028787211049348116,0.009948295541107655
1145,10,7,1.0,0.9737882018089294,0,0,0.0,0.0,0.0,-0.2120179533958435,-0.002914350712671876,0.010210120119154453
1146,10,8,1.0,0.9745880961418152,0,0,0.0,0.0,0.0,-0.20692789554595947,-0.0031443408224731684,0.008385195396840572
1147,10,9,1.0,0.9746067523956299,0,0,-0.25,0.0,0.0,-0.20689716935157776,-0.0031553800217807293,0.008457309566438198
1148,10,10,1.0,0.9711093902587891,0,0,-0.25,0.0,0.0,-0.2694983184337616,-0.011899149976670742,0.007527046836912632
1149,10,11,1.0,0.9765323996543884,0,0,-0.25,0.0,0.0,-0.28047746419906616,-0.01041475497186184,-0.005378609523177147
1150,10,12,1.0,0.9826719164848328,0,0,-0.25,0.0,0.0,-0.28566280007362366,0.005246364511549473,-0.025164783000946045
1151,10,13,1.0,0.9839582443237305,0,0,-0.25,0.0,0.0,-0.2719784080982208,0.004459742456674576,-0.035019971430301666
1152,10,14,1.0,0.966286838054657,0,0,-0.25,0.0,0.0,-0.2850925922393799,0.019271621480584145,-0.01172691397368908
1153,10,15,1.0,0.9680485129356384,0,0,-0.25,0.0,0.0,-0.27572551369667053,0.02310786582529545,-0.008302586153149605
1154,10,16,1.0,0.964563250541687,0,0,-0.25,0.0,0.0,-0.2591034770011902,0.062068648636341095,-0.006999452598392963
1155,10,17,1.0,0.9710227847099304,0,0,-0.25,0.0,0.0,-0.1929522305727005,0.13765078783035278,0.004753736779093742
1156,10,18,1.0,0.9782359600067139,0,0,-0.25,0.0,0.0,-0.1341019570827484,0.1944570243358612,-0.0025315056554973125
1157,10,19,1.0,0.9741414785385132,0,0,0.0,0.0,0.0,-0.10240750014781952,0.22272759675979614,-0.0012883939780294895
1158,10,20,1.0,0.9634929895401001,0,0,0.0,0.0,0.0,-0.03579375892877579,0.2565642297267914,-0.0008938712999224663
1159,10,21,1.0,0.9561709761619568,0,0,0.0,0.0,0.0,-0.006396250333636999,0.26114755868911743,-0.003919258248060942
1160,10,22,1.0,0.9587607383728027,0,0,0.0,0.25,0.0,0.011100571602582932,0.2606654763221741,-0.006733689457178116
1161,10,23,1.0,0.9670971035957336,0,0,0.0,0.25,0.0,0.007553547155112028,0.284422904253006,-0.0028806752525269985
1162,10,24,1.0,0.9754095077514648,0,0,0.0,0.25,0.0,0.00658576050773263,0.29923778772354126,0.0026392629370093346
1163,10,25,1.0,0.984539270401001,0,0,0.0,0.25,0.0,0.0016005383804440498,0.30029717087745667,0.0006339754909276962
1164,10,26,1.0,0.990522563457489,0,0,0.0,0.25,0.0,0.005909559782594442,0.29778894782066345,0.008288347162306309
1165,10,27,1.0,0.9976351857185364,0,0,0.0,0.25,0.0,0.007568837609142065,0.2883278727531433,0.0024706246331334114
1166,10,28,1.0,1.000649333000183,0,0,0.0,0.25,0.0,0.004081751219928265,0.2831054925918579,0.0073477355763316154
1167,10,29,1.0,1.0045652389526367,0,0,0.0,0.25,0.0,-0.0003924137563444674,0.22956670820713043,-0.013642488047480583
1168,10,30,1.0,0.990502119064331,0,0,0.0,0.25,0.0,-0.006851345766335726,0.1498795449733734,-0.02582455426454544
1169,10,31,1.0,0.9964655637741089,0,0,0.0,0.25,0.0,-0.0017217898275703192,0.13242261111736298,-0.016952164471149445
1170,10,32,1.0,0.9904683828353882,0,0,0.0,0.0,0.0,-0.003959320485591888,0.10362288355827332,-0.0109636215493083
1171,10,33,1.0,0.9892376661300659,0,0,0.0,0.0,0.0,-0.00017010595183819532,0.06509548425674438,-0.015143822878599167
1172,10,34,1.0,0.9790682196617126,0,0,0.0,0.0,0.0,-0.006389593239873648,0.036808691918849945,-0.01584010198712349
1173,10,35,1.0,0.9780134558677673,0,0,0.0,0.0,0.0,-0.0065511781722307205,0.028262870386242867,-0.015637386590242386
1174,10,36,1.0,0.9772465825080872,0,0,0.0,0.0,0.0,-0.007272022310644388,0.0251222662627697,-0.013484025374054909
1175,10,37,1.0,0.9767597913742065,0,0,0.0,0.0,0.0,-0.007347698323428631,0.02407950349152088,-0.01326773501932621
1176,10,38,1.0,0.9770873785018921,0,0,0.0,0.25,0.0,-0.008748132735490799,0.0212468970566988,-0.012477109208703041
1177,10,39,1.0,0.9844082593917847,0,0,0.0,0.0,0.0,-0.006534170359373093,0.04450167715549469,-0.022439559921622276
1178,10,40,1.0,0.9786337614059448,0,0,0.0,0.0,0.0,-0.006373966112732887,0.029208706691861153,-0.02637597545981407
1179,10,41,1.0,0.9815123677253723,0,0,0.0,0.0,0.0,-0.004363461397588253,0.02205517888069153,-0.029917318373918533
1180,10,42,1.0,0.9734495878219604,0,0,0.0,0.0,0.0,-0.008825249969959259,0.014754095114767551,-0.02502194046974182
1181,10,43,1.0,0.9729102849960327,0,0,0.0,0.0,0.0,-0.008949186652898788,0.013579028658568859,-0.024714801460504532
1182,10,44,1.0,0.970513641834259,0,0,0.0,0.0,0.0,-0.01025104895234108,0.012017486616969109,-0.02233046665787697
1183,10,45,1.0,0.9704161882400513,0,0,0.0,0.25,0.0,-0.010266829282045364,0.011824174784123898,-0.022238656878471375
1184,10,46,1.0,0.9824469089508057,0,0,0.0,0.0,0.0,-0.007978131994605064,0.03268235921859741,-0.03600482642650604
1185,10,47,1.0,0.9721735715866089,0,0,0.0,0.0,0.0,-0.011874845251441002,0.020715877413749695,-0.0318404883146286
1186,10,48,1.0,0.9648833274841309,0,0,0.0,0.0,0.0,-0.018638156354427338,0.011334747076034546,-0.016302164644002914
1187,10,49,1.0,0.9649065732955933,0,0,0.0,0.0,0.0,-0.0183921717107296,0.0076313139870762825,-0.018392939120531082
1188,10,50,1.0,0.9624557495117188,0,0,0.0,0.0,0.0,-0.02283276803791523,0.005420596804469824,-0.0058671049773693085
1189,10,51,1.0,0.9621954560279846,0,0,0.0,0.0,0.0,-0.022992733865976334,0.004915417637676001,-0.005575678311288357
1190,10,52,1.0,0.9608417749404907,0,0,0.0,0.0,0.0,-0.02346443571150303,0.005609508603811264,-0.005739585496485233
1191,10,53,1.0,0.9607746005058289,0,0,-0.25,0.0,0.0,-0.023496519774198532,0.005516928620636463,-0.0056802816689014435
1192,10,54,1.0,0.9552879929542542,0,0,-0.25,0.0,0.0,-0.039387691766023636,0.01010634284466505,-0.004742847289890051
1193,10,55,1.0,0.9547783732414246,0,0,0.0,0.0,0.0,-0.0459601916372776,0.012044769711792469,-0.0021250653080642223
1194,10,56,1.0,0.9725688695907593,0,0,0.0,0.0,0.0,-0.025219853967428207,0.007343408651649952,-0.008204269222915173
1195,10,57,1.0,0.9673492908477783,0,0,0.0,0.0,0.0,-0.02088199555873871,0.004066165536642075,-0.00994627084583044
1196,10,58,1.0,0.9746679663658142,0,0,0.0,0.0,0.0,-0.012750102207064629,0.0018222795333713293,-0.033592551946640015
1197,10,59,1.0,0.9750795960426331,0,0,0.0,0.0,0.0,-0.011964786797761917,0.0011648343643173575,-0.035106807947158813
1198,10,60,1.0,0.9770835638046265,0,0,-0.25,0.0,0.0,-0.01030733622610569,0.002360330428928137,-0.025529656559228897
1199,10,61,1.0,0.9852942228317261,0,0,-0.25,0.0,0.0,-0.020822109654545784,0.006318130996078253,-0.036511342972517014
1200,10,62,1.0,0.9879271984100342,0,0,0.0,0.0,0.0,-0.020973436534404755,0.007335440255701542,-0.12352261692285538
1201,10,63,1.0,0.9846994876861572,0,0,0.0,0.0,0.0,-0.009131774306297302,0.005060418508946896,-0.12619316577911377
1202,10,64,1.0,0.9809117913246155,0,0,0.0,0.0,0.0,-0.00397130660712719,0.0020031931344419718,-0.17923878133296967
1203,10,65,1.0,0.9805583357810974,0,0,0.0,0.0,0.0,-0.0012035673717036843,0.0008416692726314068,-0.18058259785175323
1204,10,66,1.0,0.9808095693588257,0,0,0.0,0.0,0.0,0.0008297823369503021,0.0026415635365992785,-0.23429103195667267
1205,10,67,1.0,0.9808639287948608,0,0,0.0,0.0,0.0,0.0012008084449917078,0.002522261580452323,-0.2349083423614502
1206,10,68,1.0,0.9817194938659668,0,0,0.0,0.0,0.0,0.0011782536748796701,0.003238648409023881,-0.23684142529964447
1207,10,69,1.0,0.9817440509796143,0,0,0.0,0.0,0.0,0.0012364862486720085,0.003220468293875456,-0.23690807819366455
1208,10,70,1.0,0.9789745211601257,0,0,0.0,0.0,-0.5,0.0016097952611744404,0.004122572485357523,-0.24055363237857819
1209,10,71,1.0,0.9395248293876648,0,0,0.0,0.0,-0.5,0.007228609640151262,0.004680543206632137,-0.502562403678894
1210,10,72,1.0,0.9241927862167358,0,0,0.0,0.0,-0.5,0.007700200658291578,-0.0009979160968214273,-0.5545655488967896
1211,10,73,1.0,0.9169041514396667,0,0,0.0,0.0,-0.5,0.009455939754843712,-0.0012832412030547857,-0.5559177398681641
1212,10,74,1.0,0.9283703565597534,0,0,0.0,0.0,-0.5,0.012163940817117691,0.0022599550429731607,-0.5575230717658997
1213,10,75,1.0,0.9079138040542603,0,0,0.0,0.0,-0.5,0.00752272130921483,0.0029872171580791473,-0.5333633422851562
1214,10,76,1.0,0.9781992435455322,0,0,0.0,0.0,-0.5,1.807312946766615e-05,0.005360160488635302,-0.48894593119621277
1215,10,77,1.0,1.144003987312317,0,0,0.0,0.0,-0.5,-0.0026885471306741238,0.006932456512004137,-0.41426727175712585
1216,10,78,1.0,1.532006859779358,0,1,0.0,0.0,-0.5,0.0015640775673091412,0.007513516582548618,-0.20714418590068817
1217,10,79,1.0,1.6949342489242554,0,1,0.0,0.0,-0.5,0.007297305855900049,0.008261491544544697,-0.1419486552476883
1218,10,80,1.0,2.008474826812744,0,1,0.0,0.0,-0.5,0.005106459837406874,0.004507577978074551,-0.012748036533594131
1219,10,81,1.0,2.024453639984131,0,1,0.0,0.0,-0.5,0.005707721225917339,0.0039107538759708405,0.0006449874490499496
1220,10,82,1.0,2.0676381587982178,0,1,0.0,0.0,0.0,0.0069819544441998005,0.0028103322256356478,0.016706060618162155
1221,10,83,1.0,2.0689103603363037,0,1,0.0,0.0,0.0,0.007141775917261839,0.0025993299204856157,0.019335906952619553
1222,10,84,1.0,2.082122325897217,0,1,0.0,0.0,0.0,0.0063584065064787865,0.003241634927690029,0.02348070591688156
1223,10,85,2.0,2.082503080368042,1,1,0.0,0.0,0.0,0.006415194366127253,0.0031429638620465994,0.024354897439479828
1224,10,86,2.0,2.1188106536865234,1,1,0.0,0.0,0.0,-1.711712684482336e-05,-0.0004052904841955751,0.017907891422510147
1225,10,87,2.0,2.106041431427002,1,1,0.0,0.0,0.0,-0.0035257514100521803,0.0015635272720828652,0.020001564174890518
1226,10,88,2.0,2.1214914321899414,1,1,0.0,0.0,0.0,-0.004822051618248224,0.0018597310408949852,0.06343360990285873
1227,10,89,2.0,2.130924701690674,1,1,0.0,0.0,0.0,-0.0002760321367532015,-0.0013320307480171323,-0.04854455590248108
1228,10,90,2.0,2.1340537071228027,1,1,0.0,0.0,0.0,-0.0009747607982717454,0.0025283778086304665,-0.032721005380153656
1229,10,91,2.0,2.128836154937744,1,1,0.0,0.0,0.0,-0.0007186713046394289,0.0025446563959121704,-0.01965276524424553
1230,10,92,2.0,2.04545259475708,1,1,0.0,0.0,0.0,0.00105572328902781,0.007379088085144758,0.07683276385068893
1231,10,93,2.0,1.9974260330200195,1,1,0.0,0.0,0.0,-0.004703789949417114,0.008968286216259003,0.04946253448724747
1232,10,94,2.0,1.472033143043518,1,0,0.0,0.0,0.0,-0.0006930567906238139,0.012432641349732876,0.23273105919361115
1233,10,95,1.0,1.3802434206008911,0,0,0.0,0.0,0.0,-0.0042692311108112335,0.013515862636268139,0.2281842976808548
1234,10,96,1.0,1.190721869468689,0,0,0.0,0.0,0.0,-0.005485827103257179,0.00900691282004118,0.2820526659488678
1235,10,97,1.0,1.1407716274261475,0,0,0.0,0.0,0.0,-0.0035923197865486145,0.009469506330788136,0.3183375298976898
1236,10,98,1.0,1.0928071737289429,0,0,0.0,0.0,0.5,-0.0019395918352529407,0.0066292257979512215,0.3327847421169281
1237,10,99,1.0,0.9821517467498779,0,0,0.0,0.0,0.5,-0.0023282028269022703,-0.0005767345428466797,0.4806775748729706
1238,10,100,1.0,1.013657569885254,0,0,0.0,0.0,0.5,-6.375974044203758e-05,0.008765324018895626,0.5445451736450195
1239,10,101,1.0,0.976828932762146,0,0,0.0,0.0,0.5,-0.0005756532773375511,0.0055979350581765175,0.5535768866539001
1240,10,102,1.0,0.969490110874176,0,0,0.0,0.0,0.5,-0.00026373215951025486,0.010554497130215168,0.5351386070251465
1241,10,103,1.0,0.956458330154419,0,0,0.0,0.0,0.5,0.00014678668230772018,0.010297127068042755,0.5184051394462585
1242,10,104,1.0,0.9698184132575989,0,0,0.0,0.0,0.5,0.0009645491372793913,0.006871746852993965,0.5444758534431458
1243,10,105,1.0,0.9693871736526489,0,0,0.0,0.0,0.5,0.002688831649720669,0.006852244958281517,0.5377368927001953
1244,10,106,1.0,0.9810544848442078,0,0,0.0,0.0,0.5,0.0018701690714806318,0.016202019527554512,0.4999098479747772
1245,10,107,1.0,0.9808232188224792,0,0,0.0,0.0,0.5,0.0009366294834762812,0.010233042761683464,0.4873383045196533
1246,11,0,1.0,0.9711360335350037,0,0,0.0,0.0,0.0,0.22698238492012024,0.016158364713191986,-0.006359078921377659
1247,11,1,1.0,0.9659500122070312,0,0,0.0,0.0,0.0,0.21963079273700714,0.01812390610575676,-0.016868840903043747
1248,11,2,1.0,0.9594631195068359,0,0,0.0,0.0,0.0,0.22878409922122955,0.014983887784183025,-0.017090007662773132
1249,11,3,1.0,0.9601478576660156,0,0,0.0,0.0,0.0,0.23114122450351715,0.01457443181425333,-0.014982261694967747
1250,11,4,1.0,0.9620933532714844,0,0,0.0,0.0,0.0,0.23147787153720856,0.015479369089007378,-0.011831242591142654
1251,11,5,1.0,0.9621871709823608,0,0,0.0,0.0,0.0,0.23193757236003876,0.015399318188428879,-0.011297912336885929
1252,11,6,1.0,0.9609633684158325,0,0,0.0,0.0,0.0,0.23236624896526337,0.016172543168067932,-0.009808111935853958
1253,11,7,1.0,0.9609850645065308,0,0,0.0,0.0,0.0,0.2324729561805725,0.016146846115589142,-0.009658855386078358
1254,11,8,1.0,0.9598637819290161,0,0,0.0,0.0,0.0,0.23299768567085266,0.014808343723416328,-0.009054992347955704
1255,11,9,1.0,0.959866464138031,0,0,0.0,0.0,0.0,0.23302002251148224,0.014802658930420876,-0.009017323143780231
1256,11,10,1.0,0.9585844278335571,0,0,0.25,0.0,0.0,0.2326696515083313,0.012869019992649555,-0.004989167209714651
1257,11,11,1.0,0.9594486355781555,0,0,0.25,0.0,0.0,0.25996726751327515,0.01716090738773346,0.013713059015572071
1258,11,12,1.0,0.9742578268051147,0,0,0.25,0.0,0.0,0.2592974305152893,0.01589871197938919,0.003785083070397377
1259,11,13,1.0,0.9671845436096191,0,0,0.25,0.0,0.0,0.2544556260108948,0.0004438245086930692,0.02179909497499466
1260,11,14,1.0,0.9560073018074036,0,0,0.25,0.0,0.0,0.2617296874523163,0.0009267692221328616,0.014165804721415043
1261,11,15,1.0,0.9618706703186035,0,0,0.25,0.0,0.0,0.25268352031707764,-0.01513457577675581,0.019583415240049362
1262,11,16,1.0,0.9545689225196838,0,0,0.25,0.0,0.0,0.22640807926654816,-0.0533103346824646,0.00824135635048151
1263,11,17,1.0,0.9504138827323914,0,0,0.25,0.0,0.0,0.2235509753227234,-0.05429188162088394,0.021681547164916992
1264,11,18,1.0,0.9708069562911987,0,0,0.25,0.0,0.0,0.18443039059638977,-0.10694225877523422,-0.001119084656238556
1265,11,19,1.0,0.9737420082092285,0,0,0.25,0.0,0.0,0.16521073877811432,-0.11727863550186157,0.0012687137350440025
1266,11,20,1.0,0.9849177598953247,0,0,0.0,0.0,0.0,0.11644215881824493,-0.1694723665714264,-0.009396499022841454
1267,11,21,1.0,0.9807840585708618,0,0,0.0,0.0,0.0,0.04643795266747475,-0.21681544184684753,-0.0019079400226473808
1268,11,22,1.0,0.99247145652771,0,0,0.0,0.0,0.0,0.0037138774059712887,-0.23441427946090698,0.008303032256662846
1269,11,23,1.0,0.9904008507728577,0,0,0.0,0.0,0.0,-0.010663636028766632,-0.2348473221063614,0.007566106505692005
1270,11,24,1.0,0.990176260471344,0,0,0.0,-0.25,0.0,-0.011666553094983101,-0.2336609810590744,-0.000560050830245018
1271,11,25,1.0,0.9854806065559387,0,0,0.0,-0.25,0.0,-0.009846705943346024,-0.2601289749145508,0.000933394767343998
1272,11,26,1.0,0.9967459440231323,0,0,0.0,-0.25,0.0,-0.01040688343346119,-0.2685117721557617,0.007061864249408245
1273,11,27,1.0,0.9954484105110168,0,0,0.0,-0.25,0.0,-0.00473043043166399,-0.2676745653152466,-0.0008321460336446762
1274,11,28,1.0,0.9897522926330566,0,0,0.0,-0.25,0.0,-0.006986877880990505,-0.2707032561302185,0.008137338794767857
1275,11,29,1.0,0.9910361766815186,0,0,0.0,-0.25,0.0,-0.008742211386561394,-0.26561951637268066,-0.0014138580299913883
1276,11,30,1.0,0.9968276619911194,0,0,0.0,-0.25,0.0,-0.004148958716541529,-0.2549874484539032,0.007162290625274181
1277,11,31,1.0,1.0000851154327393,0,0,0.0,-0.25,0.0,0.0027493727393448353,-0.2490910440683365,0.017135515809059143
1278,11,32,1.0,0.989784300327301,0,0,0.0,-0.25,0.0,0.0004114871844649315,-0.16246485710144043,0.01428516861051321
1279,11,33,1.0,0.9817531704902649,0,0,0.0,0.0,0.0,-0.002352365991100669,-0.10211274027824402,0.0035714134573936462
1280,11,34,1.0,0.9794039726257324,0,0,0.0,0.0,0.0,-0.0026956754736602306,-0.06441488862037659,0.007718444801867008
1281,11,35,1.0,0.9759052991867065,0,0,0.0,0.0,0.0,-0.003526638727635145,-0.037639319896698,-0.0029609897173941135
1282,11,36,1.0,0.9733729362487793,0,0,0.0,0.0,0.0,-0.004674297757446766,-0.024632474407553673,0.002290586940944195
1283,11,37,1.0,0.9729064702987671,0,0,0.0,0.0,0.0,-0.004752147011458874,-0.020646508783102036,0.0012266039848327637
1284,11,38,1.0,0.9731894135475159,0,0,0.0,0.0,0.0,-0.0046175392344594,-0.015139789320528507,0.002093047834932804
1285,11,39,1.0,0.9731392860412598,0,0,0.0,-0.25,0.0,-0.0046395608223974705,-0.014441228471696377,0.0018950728699564934
1286,11,40,1.0,0.9818366169929504,0,0,0.0,-0.25,0.0,-0.005164043512195349,-0.04153653234243393,0.007436609826982021
1287,11,41,1.0,0.9880428910255432,0,0,0.0,0.0,0.0,-0.0007227393798530102,-0.042682647705078125,-0.009205132722854614
1288,11,42,1.0,0.9815064668655396,0,0,0.0,0.0,0.0,0.0033996724523603916,-0.011669048108160496,-0.009799127466976643
1289,11,43,1.0,0.9832764863967896,0,0,0.0,0.0,0.0,0.0020109284669160843,-0.005762682296335697,-0.02373158186674118
1290,11,44,1.0,0.9801647663116455,0,0,0.0,0.0,0.0,0.002327295485883951,0.00035257916897535324,-0.029717419296503067
1291,11,45,1.0,0.9802936911582947,0,0,0.0,0.0,0.0,0.002225154545158148,0.0016545038670301437,-0.03025173395872116
1292,11,46,1.0,0.9772131443023682,0,0,0.0,-0.25,0.0,0.0024575632996857166,0.0004502178053371608,-0.0328773632645607
1293,11,47,1.0,0.9801433086395264,0,0,0.0,0.0,0.0,0.007335704285651445,-0.01616539992392063,-0.03227189555764198
1294,11,48,1.0,0.9774437546730042,0,0,0.0,0.0,0.0,0.008183099329471588,-0.005435787606984377,-0.022325176745653152
1295,11,49,1.0,0.9801103472709656,0,0,0.0,0.0,0.0,0.009575963020324707,-0.0007744367467239499,-0.029567591845989227
1296,11,50,1.0,0.9679523706436157,0,0,0.0,0.0,0.0,0.009526241570711136,0.002417730400338769,-0.02501746639609337
1297,11,51,1.0,0.9678924679756165,0,0,0.0,0.0,0.0,0.009384151548147202,0.0032329175155609846,-0.02566651627421379
1298,11,52,1.0,0.9672038555145264,0,0,0.25,0.0,0.0,0.007130451966077089,0.00426476588472724,-0.01991727575659752
1299,11,53,1.0,0.970834493637085,0,0,0.25,0.0,0.0,0.02051421068608761,0.006879723630845547,-0.014035655185580254
1300,11,54,1.0,0.9675397872924805,0,0,0.0,0.0,0.0,0.022093411535024643,0.006517382338643074,-0.0034241266548633575
1301,11,55,1.0,0.9643071293830872,0,0,0.0,0.0,0.0,0.009192388504743576,0.004891317803412676,0.005951007828116417
1302,11,56,1.0,0.9732492566108704,0,0,0.0,0.0,0.0,0.007957300171256065,0.005246459972113371,0.021170802414417267
1303,11,57,1.0,0.974119246006012,0,0,0.0,0.0,0.0,0.005772675387561321,0.004909951239824295,0.020370449870824814
1304,11,58,1.0,0.9770644903182983,0,0,0.0,0.0,0.0,0.0035479250364005566,0.00363837368786335,0.009027029387652874
1305,11,59,1.0,0.976982593536377,0,0,0.0,0.0,0.0,0.003172151278704405,0.003579366020858288,0.008650188334286213
1306,11,60,1.0,0.9812158346176147,0,0,0.0,0.0,0.0,0.001842560013756156,0.003501753555610776,0.00314224511384964
1307,11,61,1.0,0.9811936616897583,0,0,0.0,0.0,0.0,0.0017798347398638725,0.003491257317364216,0.0029702801257371902
1308,11,62,1.0,0.9835050106048584,0,0,0.0,0.0,0.0,0.0012344566639512777,0.0031193820759654045,-0.0032344437204301357
1309,11,63,1.0,0.9834982752799988,0,0,0.25,0.0,0.0,0.001221800921484828,0.0031192691531032324,-0.0032899226061999798
1310,11,64,1.0,0.99167400598526,0,0,0.25,0.0,0.0,0.011914856731891632,0.004926697816699743,-0.0818561241030693
1311,11,65,1.0,0.9811089038848877,0,0,0.0,0.0,0.0,0.023795202374458313,0.008872441947460175,-0.16536784172058105
1312,11,66,1.0,0.9752238392829895,0,0,0.0,0.0,0.0,0.017697174102067947,0.006475431844592094,-0.25155869126319885
1313,11,67,1.0,0.9757790565490723,0,0,0.0,0.0,0.0,0.006853655446320772,0.004789125174283981,-0.18382278084754944
1314,11,68,1.0,0.9696622490882874,0,0,0.0,0.0,0.0,0.005091834347695112,0.004782538395375013,-0.22594140470027924
1315,11,69,1.0,0.9693617224693298,0,0,0.0,0.0,0.0,0.0036659403704106808,0.004455337300896645,-0.22533531486988068
1316,11,70,1.0,0.9609588384628296,0,0,0.0,0.0,0.0,0.004485071636736393,0.004948796238750219,-0.30676764249801636
1317,11,71,1.0,0.9608386158943176,0,0,0.0,0.0,0.0,0.004272351041436195,0.004903872963041067,-0.30712562799453735
1318,11,72,1.0,0.957838237285614,0,0,0.0,0.0,0.0,0.004572352860122919,0.005308077670633793,-0.3206215500831604
1319,11,73,1.0,0.9578012228012085,0,0,0.0,0.0,-0.5,0.004530916456133127,0.005302579142153263,-0.3208005726337433
1320,11,74,1.0,0.9155425429344177,0,0,0.0,0.0,-0.5,0.004761518444865942,0.0019708534236997366,-0.45184803009033203
1321,11,75,1.0,0.8797305822372437,0,0,0.0,0.0,-0.5,0.009329216554760933,0.001657469430938363,-0.5323206782341003
1322,11,76,1.0,0.8987947702407837,0,0,0.0,0.0,-0.5,0.006477457005530596,-4.9999740440398455e-05,-0.5396556854248047
1323,11,77,1.0,0.9358373880386353,0,0,0.0,0.0,-0.5,0.005304933991283178,0.0010417343582957983,-0.521170973777771
1324,11,78,1.0,0.9540842175483704,0,0,0.0,0.0,-0.5,0.00488911010324955,0.002152587752789259,-0.5079219937324524
1325,11,79,1.0,1.132973074913025,0,0,0.0,0.0,-0.5,0.00046114111319184303,-0.0002022754488280043,-0.4336412250995636
1326,11,80,1.0,1.6861248016357422,0,1,0.0,0.0,-0.5,-0.004200297873467207,0.001933522755280137,-0.18736404180526733
1327,11,81,1.0,1.8650429248809814,0,1,0.0,0.0,-0.5,0.00020301621407270432,0.0006674753967672586,-0.08818839490413666
1328,11,82,1.0,1.985339879989624,0,1,0.0,0.0,-0.5,0.004310530610382557,0.0039315056055784225,-0.031192410737276077
1329,11,83,1.0,1.9958302974700928,0,1,0.0,0.0,-0.5,0.004945384804159403,0.004463064484298229,-0.019586479291319847
1330,11,84,1.0,2.0136234760284424,0,1,0.0,0.0,0.0,0.00737138232216239,0.004794715438038111,-0.012282506562769413
1331,11,85,1.0,2.01540207862854,0,1,0.0,0.0,0.0,0.0075074159540236,0.004777447320520878,-0.010386070236563683
1332,11,86,1.0,2.0229010581970215,0,1,0.0,0.0,0.0,0.006965053733438253,0.004061359912157059,-0.007577102165669203
1333,11,87,2.0,2.02341628074646,1,1,0.0,0.0,0.0,0.006994818802922964,0.00408385694026947,-0.007198895327746868
1334,11,88,2.0,2.079245090484619,1,1,0.0,0.0,0.0,0.008152404800057411,-0.0035718511790037155,0.018895093351602554
1335,11,89,2.0,2.0755696296691895,1,1,0.0,0.0,0.0,0.004775268957018852,0.0024752221070230007,-0.018799491226673126
1336,11,90,2.0,2.087597370147705,1,1,0.0,0.0,0.0,0.001164700835943222,0.007809486240148544,-0.048901088535785675
1337,11,91,2.0,2.0914711952209473,1,1,0.0,0.0,0.0,0.0016435717698186636,0.007884524762630463,-0.046115655452013016
1338,11,92,2.0,2.0994973182678223,1,1,0.0,0.0,0.0,-0.0011889067245647311,0.00575299235060811,-0.03606181964278221
1339,11,93,2.0,2.101064682006836,1,1,0.0,0.0,0.0,-0.00036606856156140566,0.004353606142103672,-0.03576035797595978
1340,11,94,2.0,2.0819993019104004,1,1,0.0,0.0,0.0,-0.0026998589746654034,0.005005948711186647,-0.014031250961124897
1341,11,95,2.0,2.0344953536987305,1,1,0.0,0.0,0.0,-0.0008043550187721848,0.00996116828173399,0.006499535404145718
1342,11,96,2.0,1.8277523517608643,1,1,0.0,0.0,0.0,-0.0027909022755920887,0.011173236183822155,0.0908295214176178
1343,11,97,1.0,1.4260179996490479,0,0,0.0,0.0,0.0,-0.00027847313322126865,0.007938168942928314,0.20501509308815002
1344,11,98,1.0,1.1700170040130615,0,0,0.0,0.0,0.0,-0.0015262882225215435,0.01178035233169794,0.2924809157848358
1345,11,99,1.0,1.1735976934432983,0,0,0.0,0.0,0.0,-0.001449966337531805,0.011813110671937466,0.29264551401138306
1346,11,100,1.0,1.1301076412200928,0,0,0.0,0.0,0.0,-0.00397518090903759,0.011027371510863304,0.31210488080978394
1347,11,101,1.0,1.1341134309768677,0,0,0.0,0.0,0.0,-0.0038625739980489016,0.012286078184843063,0.3058736324310303
1348,11,102,1.0,1.1516412496566772,0,0,0.0,0.0,0.5,-0.0046337624080479145,0.007244133856147528,0.30175259709358215
1349,11,103,1.0,1.2918508052825928,0,0,0.0,0.0,0.5,0.0036956113763153553,0.01969245634973049,0.4290713369846344
1350,11,104,1.0,1.1132973432540894,0,0,0.0,0.0,0.5,0.002331904601305723,0.020171474665403366,0.5023382306098938
1351,11,105,1.0,0.9858695864677429,0,0,0.0,0.0,0.5,-0.0024211988784372807,0.017175035551190376,0.49615517258644104
1352,11,106,1.0,0.9535902142524719,0,0,0.0,0.0,0.5,-0.005324902478605509,0.011192947626113892,0.5314629077911377
1353,11,107,1.0,0.9219660758972168,0,0,0.0,0.0,0.5,-0.002428199164569378,0.0045875380747020245,0.5217831134796143
1354,11,108,1.0,0.9471133947372437,0,0,0.0,0.0,0.5,-0.00446527823805809,0.009654087945818901,0.5333104133605957
1355,11,109,1.0,0.9396034479141235,0,0,0.0,0.0,0.5,-0.0035596515517681837,0.01222003810107708,0.5322883129119873
1356,11,110,1.0,0.9574875831604004,0,0,0.0,0.0,0.5,0.001261136494576931,0.007158854976296425,0.5003145933151245
1357,11,111,1.0,0.9412179589271545,0,0,0.0,0.0,0.5,0.004695312585681677,0.008179103955626488,0.49734869599342346
1358,12,0,1.0,0.9706206321716309,0,0,0.0,0.0,0.0,-0.16904909908771515,-0.011855656281113625,-0.012160361744463444
1359,12,1,1.0,0.9643914699554443,0,0,0.0,0.0,0.0,-0.18645720183849335,-0.005228699650615454,-0.024254504591226578
1360,12,2,1.0,0.9662227034568787,0,0,0.0,0.0,0.0,-0.1861797273159027,-0.00657214829698205,-0.017654698342084885
1361,12,3,1.0,0.967499852180481,0,0,0.0,0.0,0.0,-0.18147456645965576,-0.00824112631380558,-0.014211272820830345
1362,12,4,1.0,0.9671196937561035,0,0,0.0,0.0,0.0,-0.18891622126102448,-0.0047849686816334724,-0.011519971303641796
1363,12,5,1.0,0.967558741569519,0,0,0.0,0.0,0.0,-0.18804331123828888,-0.005128578748553991,-0.010641195811331272
1364,12,6,1.0,0.9664108753204346,0,0,0.0,0.0,0.0,-0.19124822318553925,-0.0047288560308516026,-0.009606953710317612
1365,12,7,1.0,0.966511607170105,0,0,0.0,0.0,0.0,-0.1910857856273651,-0.004797757137566805,-0.009376919828355312
1366,12,8,1.0,0.9656607508659363,0,0,0.0,0.0,0.0,-0.19158977270126343,-0.0036641284823417664,-0.013112107291817665
1367,12,9,1.0,0.9656901359558105,0,0,0.0,0.0,0.0,-0.1915566474199295,-0.003679935820400715,-0.013053100556135178
1368,12,10,1.0,0.9675840735435486,0,0,-0.25,0.0,0.0,-0.1863599568605423,0.0008210691157728434,-0.014236797578632832
1369,12,11,1.0,0.9759334921836853,0,0,-0.25,0.0,0.0,-0.2354578673839569,0.006935234181582928,-0.0053940750658512115
1370,12,12,1.0,1.0012447834014893,0,0,-0.25,0.0,0.0,-0.2771140933036804,0.03604988008737564,-0.0009515797719359398
1371,12,13,1.0,1.0075246095657349,0,0,-0.25,0.0,0.0,-0.2702387571334839,0.03793326020240784,-0.0034816712141036987
1372,12,14,1.0,1.0099962949752808,0,0,-0.25,0.0,0.0,-0.28613173961639404,0.02994563989341259,-0.0008969986811280251
1373,12,15,1.0,1.0091263055801392,0,0,-0.25,0.0,0.0,-0.280014306306839,0.02280808985233307,-0.0025159288197755814
1374,12,16,1.0,1.00032639503479,0,0,-0.25,0.0,0.0,-0.2817493677139282,0.01351031381636858,0.008954246528446674
1375,12,17,1.0,1.0021547079086304,0,0,-0.25,0.0,0.0,-0.2700425088405609,-0.00692442711442709,0.002402285113930702
1376,12,18,1.0,0.9871742129325867,0,0,-0.25,0.0,0.0,-0.2369498759508133,-0.06738904863595963,-0.0033491109497845173
1377,12,19,1.0,0.9842957854270935,0,0,-0.25,0.0,0.0,-0.2245253175497055,-0.07784291356801987,-0.0034930501133203506
1378,12,20,1.0,0.9761110544204712,0,0,-0.25,0.0,0.0,-0.17064040899276733,-0.15569433569908142,-0.007164703216403723
1379,12,21,1.0,0.9798126816749573,0,0,0.0,0.0,0.0,-0.15631401538848877,-0.16504955291748047,-0.007709044963121414
1380,12,22,1.0,0.9844660758972168,0,0,0.0,0.0,0.0,-0.07865022122859955,-0.224344402551651,0.013708873651921749
1381,12,23,1.0,0.9890297055244446,0,0,0.0,0.0,0.0,-0.033241529017686844,-0.24290645122528076,0.021943092346191406
1382,12,24,1.0,0.9864885807037354,0,0,0.0,0.0,0.0,-0.012291200459003448,-0.24930082261562347,0.013335260562598705
1383,12,25,1.0,0.9857762455940247,0,0,0.0,-0.25,0.0,-0.0051966216415166855,-0.2497737854719162,0.012596492655575275
1384,12,26,1.0,0.9946317672729492,0,0,0.0,-0.25,0.0,-0.007434933912009001,-0.2801579236984253,0.014627532102167606
1385,12,27,1.0,0.9886521100997925,0,0,0.0,-0.25,0.0,-0.006654576398432255,-0.28574761748313904,0.019778065383434296
1386,12,28,1.0,0.995794951915741,0,0,0.0,-0.25,0.0,-0.011988313868641853,-0.283430814743042,0.010048947297036648
1387,12,29,1.0,0.9982830286026001,0,0,0.0,-0.25,0.0,-0.0007120547816157341,-0.2845298647880554,0.010371771641075611
1388,12,30,1.0,0.9949320554733276,0,0,0.0,-0.25,0.0,0.0001062997616827488,-0.28519120812416077,0.020245343446731567
1389,12,31,1.0,0.9959951639175415,0,0,0.0,-0.25,0.0,0.007663877215236425,-0.2610255479812622,0.004293814301490784
1390,12,32,1.0,0.9904943704605103,0,0,0.0,-0.25,0.0,0.007167363073676825,-0.23928439617156982,0.006341778673231602
1391,12,33,1.0,0.9928299188613892,0,0,0.0,-0.25,0.0,0.005327946040779352,-0.1978091299533844,-0.003126478288322687
1392,12,34,1.0,0.9808064699172974,0,0,0.0,-0.25,0.0,-0.002420032862573862,-0.14006881415843964,-0.0018467162735760212
1393,12,35,1.0,0.9943495392799377,0,0,0.0,0.0,0.0,-0.00690184673294425,-0.08400042355060577,0.0022484231740236282
1394,12,36,1.0,0.9853354692459106,0,0,0.0,0.0,0.0,-0.004332287702709436,-0.04131706804037094,-0.0030312752351164818
1395,12,37,1.0,0.9844815731048584,0,0,0.0,0.0,0.0,-0.0032402111683040857,-0.02145853452384472,-0.011111868545413017
1396,12,38,1.0,0.9828116297721863,0,0,0.0,0.0,0.0,-0.0044417232275009155,-0.011369218118488789,-0.015923844650387764
1397,12,39,1.0,0.9826847314834595,0,0,0.0,0.0,0.0,-0.004660669714212418,-0.008826296776533127,-0.017141349613666534
1398,12,40,1.0,0.9828211665153503,0,0,0.0,0.0,0.0,-0.002413457725197077,-0.008992858231067657,-0.02188493311405182
1399,12,41,1.0,0.982861340045929,0,0,0.0,-0.25,0.0,-0.0024139664601534605,-0.008492584340274334,-0.02216939628124237
1400,12,42,1.0,0.9855976104736328,0,0,0.0,0.0,0.0,-0.0026003969833254814,-0.029856091365218163,-0.009140060283243656
1401,12,43,1.0,0.9860596060752869,0,0,0.0,0.0,0.0,-0.0038425263483077288,-0.013902093283832073,-0.007495436817407608
1402,12,44,1.0,0.9780759215354919,0,0,0.0,0.0,0.0,-0.00456986203789711,-0.0022075632587075233,-0.02153722569346428
1403,12,45,1.0,0.9776133894920349,0,0,0.0,0.0,0.0,-0.004986150190234184,0.00031106092501431704,-0.02467247098684311
1404,12,46,1.0,0.9742347598075867,0,0,0.0,0.0,0.0,-0.0065399352461099625,-0.00158011878374964,-0.027426734566688538
1405,12,47,1.0,0.9742372035980225,0,0,0.0,-0.25,0.0,-0.006583184935152531,-0.0010837314184755087,-0.0276869535446167
1406,12,48,1.0,0.9754370450973511,0,0,0.0,0.0,0.0,-0.006382942199707031,-0.017468420788645744,-0.011567634530365467
1407,12,49,1.0,0.9711159467697144,0,0,0.0,0.0,0.0,-0.010400330647826195,-0.007064684759825468,-0.01271179597824812
1408,12,50,1.0,0.9722282290458679,0,0,0.0,0.0,0.0,-0.013187984004616737,-0.0023030005395412445,-0.021052200347185135
1409,12,51,1.0,0.9706215262413025,0,0,0.0,0.0,0.0,-0.013623557984828949,0.0011657846625894308,-0.02212715521454811
1410,12,52,1.0,0.9672043323516846,0,0,-0.25,0.0,0.0,-0.014644255861639977,0.002707468578591943,-0.011491309851408005
1411,12,53,1.0,0.9639501571655273,0,0,-0.25,0.0,0.0,-0.03423373028635979,-0.0010445263469591737,0.020635485649108887
1412,12,54,1.0,0.9634638428688049,0,0,0.0,0.0,0.0,-0.0290119256824255,-0.0010577011853456497,0.031700003892183304
1413,12,55,1.0,0.9661708474159241,0,0,0.0,0.0,0.0,-0.017798377200961113,0.0009927498176693916,0.022138018161058426
1414,12,56,1.0,0.9817339181900024,0,0,0.0,0.0,0.0,-0.004828155972063541,0.0005267655942589045,0.009701098315417767
1415,12,57,1.0,0.9810031056404114,0,0,0.0,0.0,0.0,-0.0023647979833185673,0.0024842179846018553,0.006456518545746803
1416,12,58,1.0,0.9842727184295654,0,0,-0.25,0.0,0.0,-0.0022641103714704514,0.003972477279603481,-0.001621459610760212
1417,12,59,1.0,0.9846091270446777,0,0,0.0,0.0,0.0,-0.013479826971888542,-0.002185430144891143,0.011010478250682354
1418,12,60,1.0,0.9931410551071167,0,0,0.0,0.0,0.0,-0.008504142984747887,0.0014007962308824062,-0.06425714492797852
1419,12,61,1.0,0.9886922240257263,0,0,0.0,0.0,0.0,-0.005531660281121731,0.0017648919019848108,-0.06028331443667412
1420,12,62,1.0,0.989503026008606,0,0,0.0,0.0,0.0,-0.00229378929361701,0.003805442713201046,-0.1044599637389183
1421,12,63,1.0,0.9891588687896729,0,0,0.0,0.0,0.0,-0.0018046386539936066,0.004092917311936617,-0.10556559264659882
1422,12,64,1.0,0.9901264309883118,0,0,0.0,0.0,0.0,-0.0022534842137247324,0.004646810237318277,-0.14247815310955048
1423,12,65,1.0,0.9900937676429749,0,0,0.0,0.0,0.0,-0.0021867258474230766,0.004689050372689962,-0.14259327948093414
1424,12,66,1.0,0.9894607663154602,0,0,0.0,0.0,-0.5,-0.0030168602243065834,0.004563305526971817,-0.14674095809459686
1425,12,67,1.0,0.9502357840538025,0,0,0.0,0.0,-0.5,0.005694151856005192,0.0014560420531779528,-0.4646642208099365
1426,12,68,1.0,0.9311890602111816,0,0,0.0,0.0,-0.5,0.0062156724743545055,-0.002891716081649065,-0.5289134383201599
1427,12,69,1.0,0.9035317897796631,0,0,0.0,0.0,-0.5,0.009393278509378433,0.001011784072034061,-0.5572250485420227
1428,12,70,1.0,0.8847541809082031,0,0,0.0,0.0,-0.5,0.0077066500671207905,-0.0025970768183469772,-0.5523654222488403
1429,12,71,1.0,0.8732293248176575,0,0,0.0,0.0,-0.5,0.009848836809396744,-0.0010708783520385623,-0.566321074962616
1430,12,72,1.0,0.8809189796447754,0,0,0.0,0.0,-0.5,0.006560145411640406,0.0001220822159666568,-0.5415341258049011
1431,12,73,1.0,0.9831841588020325,0,0,0.0,0.0,-0.5,0.0021842140704393387,-0.00015287099813576788,-0.48566800355911255
1432,12,74,1.0,1.3831604719161987,0,0,0.0,0.0,-0.5,0.002236373722553253,0.0027250610291957855,-0.27163270115852356
1433,12,75,1.0,1.654404640197754,0,1,0.0,0.0,-0.5,0.007761775050312281,0.0009141894988715649,-0.1392693966627121
1434,12,76,1.0,1.9269964694976807,0,1,0.0,0.0,-0.5,0.006295110564678907,0.0009711894672363997,-0.02763540670275688
1435,12,77,1.0,1.9437024593353271,0,1,0.0,0.0,-0.5,0.00619366392493248,0.0009137708693742752,-0.01670033112168312
1436,12,78,1.0,1.9774916172027588,0,1,0.0,0.0,0.0,0.006190508604049683,0.0015484479954466224,-0.008063252083957195
1437,12,79,1.0,1.9814276695251465,0,1,0.0,0.0,0.0,0.006254411302506924,0.001635873457416892,-0.005783742293715477
1438,12,80,1.0,2.025552988052368,0,1,0.0,0.0,0.0,0.005347831640392542,0.0024054525420069695,0.010291189886629581
1439,12,81,2.0,2.026533365249634,1,1,0.0,0.0,0.0,0.00533341383561492,0.0024348211009055376,0.010653230361640453
1440,12,82,2.0,2.079132556915283,1,1,0.0,0.0,0.0,0.0031272941268980503,-0.0006114268326200545,0.020152710378170013
1441,12,83,2.0,2.082580089569092,1,1,0.0,0.0,0.0,-0.001057876623235643,-0.00012153046554885805,0.01997779682278633
1442,12,84,2.0,2.0910730361938477,1,1,0.0,0.0,0.0,-0.0027057065162807703,-0.004583104979246855,0.08300743997097015
1443,12,85,2.0,2.089101791381836,1,1,0.0,0.0,0.0,0.0036745285615324974,0.004201334901154041,-0.05997645482420921
1444,12,86,2.0,2.10487699508667,1,1,0.0,0.0,0.0,0.0018497796263545752,0.006939067970961332,-0.03098095953464508
1445,12,87,2.0,2.1053099632263184,1,1,0.0,0.0,0.0,-0.0016439519822597504,0.007355883717536926,-0.041643399745225906
1446,12,88,2.0,2.105978012084961,1,1,0.0,0.0,0.0,0.00332323694601655,0.005969592835754156,0.03186557814478874
1447,12,89,2.0,2.0940873622894287,1,1,0.0,0.0,0.0,0.003309972584247589,0.006590870209038258,0.027317553758621216
1448,12,90,2.0,1.9403674602508545,1,1,0.0,0.0,0.0,7.244304288178682e-05,0.01283067837357521,0.04185673967003822
1449,12,91,2.0,1.828726053237915,1,1,0.0,0.0,0.0,-0.0015601785853505135,0.012701082974672318,0.05324951559305191
1450,12,92,2.0,1.172855019569397,1,0,0.0,0.0,0.0,0.0034005125053226948,0.006941561587154865,0.3111589550971985
1451,12,93,1.0,1.1669018268585205,0,0,0.0,0.0,0.0,0.0020354350563138723,0.010916179046034813,0.29001230001449585
1452,12,94,1.0,1.1956534385681152,0,0,0.0,0.0,0.0,-0.003916841000318527,0.010810470208525658,0.20892693102359772
1453,12,95,1.0,1.160772442817688,0,0,0.0,0.0,0.0,0.002218557521700859,0.006649639457464218,0.34271565079689026
1454,12,96,1.0,1.117901086807251,0,0,0.0,0.0,0.5,-0.0008969180635176599,0.009583573788404465,0.2866595685482025
1455,12,97,1.0,1.021467924118042,0,0,0.0,0.0,0.5,-0.007565595209598541,0.003434562822803855,0.44984403252601624
1456,12,98,1.0,1.0362526178359985,0,0,0.0,0.0,0.5,-0.005134556442499161,0.007368084508925676,0.5155850052833557
1457,12,99,1.0,0.9463508725166321,0,0,0.0,0.0,0.5,-0.0023000366054475307,0.010490232147276402,0.533827006816864
1458,12,100,1.0,0.9478805065155029,0,0,0.0,0.0,0.5,-0.007630730513483286,0.003665400203317404,0.5228036642074585
1459,12,101,1.0,0.943477988243103,0,0,0.0,0.0,0.5,-0.004216726869344711,0.0028634301852434874,0.5442498922348022
1460,12,102,1.0,0.9493193030357361,0,0,0.0,0.0,0.5,-0.00115796341560781,0.00610331678763032,0.5192446708679199
1461,12,103,1.0,0.945408284664154,0,0,0.0,0.0,0.5,0.0033915797248482704,0.010128192603588104,0.5043628215789795
1462,12,104,1.0,0.9599188566207886,0,0,0.0,0.0,0.5,0.0009895625989884138,0.013812660239636898,0.4967856705188751
1463,12,105,1.0,0.965540885925293,0,0,0.0,0.0,0.5,0.004017088562250137,0.00884487759321928,0.48070818185806274
1464,13,0,1.0,0.9648907780647278,0,0,0.0,0.0,0.0,0.22236870229244232,0.0090797059237957,0.003519933670759201
1465,13,1,1.0,0.9635930061340332,0,0,0.0,0.0,0.0,0.21248145401477814,0.008696404285728931,-0.005810989532619715
1466,13,2,1.0,0.9664621353149414,0,0,0.0,0.0,0.0,0.2167898714542389,0.01324945967644453,-0.0069738589227199554
1467,13,3,1.0,0.9668251276016235,0,0,0.0,0.0,0.0,0.22017763555049896,0.012543264776468277,-0.0038771568797528744
1468,13,4,1.0,0.9670775532722473,0,0,0.0,0.0,0.0,0.2250533401966095,0.011623603291809559,0.002116013318300247
1469,13,5,1.0,0.9671787619590759,0,0,0.0,0.0,0.0,0.2256731241941452,0.011496102437376976,0.002765495330095291
1470,13,6,1.0,0.9676848649978638,0,0,0.0,0.0,0.0,0.22509580850601196,0.012931891717016697,0.005111652426421642
1471,13,7,1.0,0.9677115082740784,0,0,0.0,0.0,0.0,0.22521956264972687,0.012898776680231094,0.005274657160043716
1472,13,8,1.0,0.9687719345092773,0,0,0.25,0.0,0.0,0.218271866440773,0.015548422932624817,-0.0030144769698381424
1473,13,9,1.0,0.9708574414253235,0,0,0.25,0.0,0.0,0.25484874844551086,-0.0003280562814325094,0.003475358709692955
1474,13,10,1.0,0.986922562122345,0,0,0.25,0.0,0.0,0.27902281284332275,-0.008983288891613483,0.00022698193788528442
1475,13,11,1.0,0.9615387916564941,0,0,0.25,0.0,0.0,0.28286898136138916,-0.006112901493906975,-0.00825490616261959
1476,13,12,1.0,0.9752436876296997,0,0,0.25,0.0,0.0,0.274519681930542,-0.009293408133089542,0.002506956458091736
1477,13,13,1.0,0.96156907081604,0,0,0.25,0.0,0.0,0.26831212639808655,0.0005163289024494588,-0.0026151342317461967
1478,13,14,1.0,0.9680867791175842,0,0,0.25,0.0,0.0,0.2609426975250244,0.034185267984867096,-0.0009163739159703255
1479,13,15,1.0,0.9648641347885132,0,0,0.25,0.0,0.0,0.25497880578041077,0.044030942022800446,0.009557199664413929
1480,13,16,1.0,0.9621474742889404,0,0,0.25,0.0,0.0,0.21235212683677673,0.12113142758607864,0.014638259075582027
1481,13,17,1.0,0.9543497562408447,0,0,0.25,0.0,0.0,0.17154374718666077,0.16213127970695496,0.01540031936019659
1482,13,18,1.0,0.9727086424827576,0,0,0.0,0.0,0.0,0.1106826514005661,0.24162155389785767,-0.00027672480791807175
1483,13,19,1.0,0.9638378620147705,0,0,0.0,0.0,0.0,0.055789850652217865,0.26114049553871155,-0.0033245855011045933
1484,13,20,1.0,0.9680464863777161,0,0,0.0,0.0,0.0,0.012661568820476532,0.2684745490550995,0.002555437386035919
1485,13,21,1.0,0.9677686095237732,0,0,0.0,0.25,0.0,-0.0030938847921788692,0.2678467333316803,0.001541854813694954
1486,13,22,1.0,0.968974769115448,0,0,0.0,0.25,0.0,-0.0006381674320437014,0.28171706199645996,0.0047709206119179726
1487,13,23,1.0,0.9714784622192383,0,0,0.0,0.25,0.0,-0.0020049242302775383,0.2806204855442047,0.010169240646064281
1488,13,24,1.0,0.9699344038963318,0,0,0.0,0.25,0.0,0.0008638512808829546,0.2874113619327545,-0.001753105316311121
1489,13,25,1.0,0.9738931059837341,0,0,0.0,0.25,0.0,-0.0019038920290768147,0.28619447350502014,0.010424851439893246
1490,13,26,1.0,0.9916675090789795,0,0,0.0,0.25,0.0,-0.0056514921598136425,0.28211283683776855,0.0018323706462979317
1491,13,27,1.0,1.0016448497772217,0,0,0.0,0.25,0.0,-0.004132105968892574,0.26749923825263977,0.001692596822977066
1492,13,28,1.0,0.992343544960022,0,0,0.0,0.25,0.0,-0.010376572608947754,0.19949209690093994,0.004026588052511215
1493,13,29,1.0,0.9981955885887146,0,0,0.0,0.25,0.0,-0.0053717163391411304,0.16689111292362213,0.005711020901799202
1494,13,30,1.0,0.9878855347633362,0,0,0.0,0.25,0.0,-0.005461916793137789,0.09074011445045471,-0.004482014570385218
1495,13,31,1.0,0.9781673550605774,0,0,0.0,0.0,0.0,-0.0022693458013236523,0.07656185328960419,-0.021244008094072342
1496,13,32,1.0,0.9701781868934631,0,0,0.0,0.0,0.0,-0.0025682267732918262,0.040018849074840546,-0.019857455044984818
1497,13,33,1.0,0.9694814085960388,0,0,0.0,0.0,0.0,-0.006037094164639711,0.025712501257658005,-0.02413453534245491
1498,13,34,1.0,0.9769725799560547,0,0,0.0,0.0,0.0,-0.004204797558486462,0.01893385499715805,-0.0189666785299778
1499,13,35,1.0,0.9764905571937561,0,0,0.0,0.0,0.0,-0.004320849664509296,0.016653088852763176,-0.0183485746383667
1500,13,36,1.0,0.9840927720069885,0,0,0.0,0.0,0.0,-0.0035452127922326326,0.018213484436273575,-0.017432082444429398
1501,13,37,1.0,0.9839402437210083,0,0,0.0,0.0,0.0,-0.003571022767573595,0.017808780074119568,-0.017317358404397964
1502,13,38,1.0,0.9848687648773193,0,0,0.0,0.0,0.0,-0.0036656514275819063,0.015616800636053085,-0.018736716359853745
1503,13,39,1.0,0.9848259687423706,0,0,0.0,0.0,0.0,-0.003671242855489254,0.015529738739132881,-0.01870269700884819
1504,13,40,1.0,0.9835180044174194,0,0,0.0,0.0,0.0,-0.0022343010641634464,0.016824092715978622,-0.017782092094421387
1505,13,41,1.0,0.9835072755813599,0,0,0.0,0.25,0.0,-0.0022351695224642754,0.016800949349999428,-0.01777171902358532
1506,13,42,1.0,0.9884369373321533,0,0,0.0,0.0,0.0,0.0007859307806938887,0.036661647260189056,-0.02983052283525467
1507,13,43,1.0,0.9860814809799194,0,0,0.0,0.0,0.0,0.0025733448565006256,0.025861334055662155,-0.027787014842033386
1508,13,44,1.0,0.97633296251297,0,0,0.0,0.0,0.0,0.004454986657947302,0.016778932884335518,-0.035739466547966
1509,13,45,1.0,0.975088894367218,0,0,0.0,0.0,0.0,0.004743576515465975,0.014204194769263268,-0.034685418009757996
1510,13,46,1.0,0.973607063293457,0,0,0.0,0.0,0.0,0.0047392393462359905,0.015197407454252243,-0.029072202742099762
1511,13,47,1.0,0.9734507203102112,0,0,0.0,0.25,0.0,0.0047030942514538765,0.014796245843172073,-0.028791572898626328
1512,13,48,1.0,0.9718807935714722,0,0,0.0,0.0,0.0,0.00812331959605217,0.02889898605644703,-0.029421094805002213
1513,13,49,1.0,0.9591328501701355,0,0,0.0,0.0,0.0,0.014713292941451073,0.019245140254497528,-0.016713064163923264
1514,13,50,1.0,0.9523999691009521,0,0,0.0,0.0,0.0,0.01288333348929882,0.011621562764048576,0.00940947886556387
1515,13,51,1.0,0.9523895978927612,0,0,0.0,0.0,0.0,0.012331517413258553,0.009722743183374405,0.011058428324759007
1516,13,52,1.0,0.95634925365448,0,0,0.0,0.0,0.0,0.012345025315880775,0.008406922221183777,0.009795931167900562
1517,13,53,1.0,0.9563114643096924,0,0,0.25,0.0,0.0,0.01227191835641861,0.008032426238059998,0.010128670372068882
1518,13,54,1.0,0.9598028063774109,0,0,0.25,0.0,0.0,0.023572726175189018,0.00855577178299427,-0.0013578655198216438
1519,13,55,1.0,0.9639945030212402,0,0,0.0,0.0,0.0,0.026713114231824875,0.005881051532924175,-0.009165680967271328
1520,13,56,1.0,0.9869489669799805,0,0,0.0,0.0,0.0,0.010619521141052246,0.004358875099569559,-0.0022166045382618904
1521,13,57,1.0,0.9814952611923218,0,0,0.0,0.0,0.0,0.005933516193181276,0.003485733876004815,-0.0036350092850625515
1522,13,58,1.0,0.9844992756843567,0,0,0.0,0.0,0.0,0.0023366056848317385,0.006828053388744593,0.011737062595784664
1523,13,59,1.0,0.9843317866325378,0,0,0.0,0.0,0.0,0.0012345639988780022,0.006753427442163229,0.010683086700737476
1524,13,60,1.0,0.9850929379463196,0,0,0.25,0.0,0.0,-0.001713723293505609,0.005176901817321777,-0.0037080952897667885
1525,13,61,1.0,0.9892364144325256,0,0,0.0,0.0,0.0,0.012495182454586029,0.005625463556498289,-0.11700865626335144
1526,13,62,1.0,0.9711257219314575,0,0,0.0,0.0,0.0,0.008685631677508354,0.0051724775694310665,-0.27734774351119995
1527,13,63,1.0,0.9653365612030029,0,0,0.0,0.0,0.0,0.003362120594829321,0.00584373390302062,-0.29334983229637146
1528,13,64,1.0,0.9605972766876221,0,0,0.0,0.0,0.0,0.002254547318443656,0.0071470108814537525,-0.33722731471061707
1529,13,65,1.0,0.9603597521781921,0,0,0.0,0.0,0.0,0.0010206408333033323,0.007164617069065571,-0.33776333928108215
1530,13,66,1.0,0.9558169841766357,0,0,0.0,0.0,-0.5,-0.00047420995542779565,0.007091359701007605,-0.35143017768859863
1531,13,67,1.0,0.918329656124115,0,0,0.0,0.0,-0.5,0.005799407139420509,0.0029547265730798244,-0.5090042352676392
1532,13,68,1.0,0.8934741616249084,0,0,0.0,0.0,-0.5,0.008253319188952446,0.0024975703563541174,-0.5446738600730896
1533,13,69,1.0,0.875645637512207,0,0,0.0,0.0,-0.5,0.003782284911721945,0.004197854548692703,-0.5551711320877075
1534,13,70,1.0,0.9014493227005005,0,0,0.0,0.0,-0.5,0.002784679178148508,0.007486679591238499,-0.5487031936645508
1535,13,71,1.0,0.9255664944648743,0,0,0.0,0.0,-0.5,-0.00161330820992589,0.0038811047561466694,-0.5360586643218994
1536,13,72,1.0,1.1047707796096802,0,0,0.0,0.0,-0.5,0.004326606169342995,0.004847401287406683,-0.4434499740600586
1537,13,73,1.0,1.2864326238632202,0,0,0.0,0.0,-0.5,-0.004324639216065407,0.008757863193750381,-0.360912561416626
1538,13,74,1.0,1.7482284307479858,0,1,0.0,0.0,-0.5,0.0019304719753563404,0.01176651194691658,-0.11699248850345612
1539,13,75,1.0,1.8282880783081055,0,1,0.0,0.0,-0.5,0.002953766379505396,0.011368843726813793,-0.07746605575084686
1540,13,76,1.0,2.003905773162842,0,1,0.0,0.0,-0.5,0.0026469342410564423,0.009989473037421703,-0.0034507750533521175
1541,13,77,1.0,2.007889986038208,0,1,0.0,0.0,0.0,0.0026868577115237713,0.00988545548170805,0.0006637070327997208
1542,13,78,1.0,2.0560994148254395,0,1,0.0,0.0,0.0,0.0033794944174587727,0.007704135030508041,0.017955105751752853
1543,13,79,1.0,2.0565555095672607,0,1,0.0,0.0,0.0,0.0034350971691310406,0.007682248950004578,0.01873779296875
1544,13,80,2.0,2.02862811088562,1,1,0.0,0.0,0.0,0.0022354917600750923,0.008955980651080608,0.0003597503527998924
1545,13,81,2.0,2.1039204597473145,1,1,0.0,0.0,0.0,0.00025667413137853146,0.0058274902403354645,0.020888827741146088
1546,13,82,2.0,2.1498613357543945,1,1,0.0,0.0,0.0,-0.004617209546267986,0.00454798573628068,-0.02316610887646675
1547,13,83,2.0,2.1356558799743652,1,1,0.0,0.0,0.0,-0.0021842513233423233,0.003773295786231756,-0.07565952837467194
1548,13,84,2.0,2.1550068855285645,1,1,0.0,0.0,0.0,-0.00247030146420002,0.005185870919376612,-0.05923152342438698
1549,13,85,2.0,2.1660609245300293,1,1,0.0,0.0,0.0,-0.0036296811886131763,0.006142003927379847,-0.05141317471861839
1550,13,86,2.0,2.1424593925476074,1,1,0.0,0.0,0.0,-0.0016501711215823889,0.005753007251769304,-0.0323072224855423
1551,13,87,2.0,2.116736888885498,1,1,0.0,0.0,0.0,-0.0014812861336395144,0.007770676165819168,-0.015540880151093006
1552,13,88,1.0,1.4991514682769775,0,0,0.0,0.0,0.0,0.0007535256445407867,0.009965207427740097,0.18155963718891144
1553,13,89,1.0,1.3382062911987305,0,0,0.0,0.0,0.0,-0.0002472724299877882,0.01088997907936573,0.22874638438224792
1554,13,90,1.0,1.1945754289627075,0,0,0.0,0.0,0.0,-0.003993368707597256,0.010749411769211292,0.27326837182044983
1555,13,91,1.0,1.1959288120269775,0,0,0.0,0.0,0.5,-0.003147871233522892,0.01060593593865633,0.27486714720726013
1556,13,92,1.0,1.0134811401367188,0,0,0.0,0.0,0.5,-0.0014139792183414102,0.006615594960749149,0.4730454981327057
1557,13,93,1.0,1.0028167963027954,0,0,0.0,0.0,0.5,-0.0011478387750685215,0.011601505801081657,0.5121569037437439
1558,13,94,1.0,0.9664139151573181,0,0,0.0,0.0,0.5,-0.006056625861674547,0.00941847451031208,0.5001818537712097
1559,13,95,1.0,0.9636672735214233,0,0,0.0,0.0,0.5,-0.0030602100305259228,0.00936805922538042,0.5124858021736145
1560,13,96,1.0,0.9491397738456726,0,0,0.0,0.0,0.5,-0.0007328084902837873,0.007693220861256123,0.5265974402427673
1561,13,97,1.0,0.9470183253288269,0,0,0.0,0.0,0.5,0.0006339536048471928,0.009463886730372906,0.5134530663490295
1562,13,98,1.0,0.9464104175567627,0,0,0.0,0.0,0.5,-0.0002269269898533821,0.008481500670313835,0.4973943531513214
1563,13,99,1.0,0.9548940658569336,0,0,0.0,0.0,0.5,-0.0006218060152605176,0.020167674869298935,0.50114905834198
1564,13,100,1.0,0.9691458344459534,0,0,0.0,0.0,0.5,0.0025631729513406754,0.023416681215167046,0.45870643854141235
1565,14,0,1.0,0.9776346683502197,0,0,0.0,0.0,0.0,-0.18364113569259644,-0.008944286964833736,0.005087727680802345
1566,14,1,1.0,0.9707528352737427,0,0,0.0,0.0,0.0,-0.2008252888917923,-0.00791405700147152,-0.006110664457082748
1567,14,2,1.0,0.9720714092254639,0,0,0.0,0.0,0.0,-0.20166972279548645,-0.0045917886309325695,0.0013052718713879585
1568,14,3,1.0,0.972751796245575,0,0,0.0,0.0,0.0,-0.19663476943969727,-0.0050901491194963455,0.004261234775185585
1569,14,4,1.0,0.9754826426506042,0,0,0.0,0.0,0.0,-0.20446209609508514,-0.005620685406029224,0.010143454186618328
1570,14,5,1.0,0.9758607745170593,0,0,0.0,0.0,0.0,-0.20355693995952606,-0.005787238012999296,0.011111601255834103
1571,14,6,1.0,0.9737251996994019,0,0,0.0,0.0,0.0,-0.212166890501976,-0.0028787085320800543,0.009948316030204296
1572,14,7,1.0,0.9737881422042847,0,0,0.0,0.0,0.0,-0.2120179533958435,-0.002914358163252473,0.010210062377154827
1573,14,8,1.0,0.9702932834625244,0,0,-0.25,0.0,0.0,-0.21385231614112854,-0.0007444187067449093,0.011875365860760212
1574,14,9,1.0,0.9685600399971008,0,0,-0.25,0.0,0.0,-0.24992972612380981,-0.011849462054669857,0.011342759244143963
1575,14,10,1.0,0.9767231345176697,0,0,-0.25,0.0,0.0,-0.28393006324768066,-0.00834348052740097,-0.009815548546612263
1576,14,11,1.0,0.9831156134605408,0,0,-0.25,0.0,0.0,-0.27871593832969666,-0.009786051698029041,-0.005620157346129417
1577,14,12,1.0,0.9798230528831482,0,0,-0.25,0.0,0.0,-0.28591495752334595,0.009001142345368862,-0.0191684328019619
1578,14,13,1.0,0.9907106757164001,0,0,-0.25,0.0,0.0,-0.2808215320110321,0.006004137918353081,-0.015842188149690628
1579,14,14,1.0,0.9695835113525391,0,0,-0.25,0.0,0.0,-0.277276873588562,0.019384467974305153,0.000958477146923542
1580,14,15,1.0,0.973513662815094,0,0,-0.25,0.0,0.0,-0.26244786381721497,0.042349085211753845,-0.01047544926404953
1581,14,16,1.0,0.963170051574707,0,0,-0.25,0.0,0.0,-0.20211738348007202,0.1276332139968872,0.0019601071253418922
1582,14,17,1.0,0.9745185971260071,0,0,-0.25,0.0,0.0,-0.12870869040489197,0.19808189570903778,0.0016063041985034943
1583,14,18,1.0,0.9697874784469604,0,0,0.0,0.0,0.0,-0.10572609305381775,0.2209664285182953,-0.0009006019681692123
1584,14,19,1.0,0.9609092473983765,0,0,0.0,0.0,0.0,-0.033007919788360596,0.25083428621292114,0.005275828763842583
1585,14,20,1.0,0.9593998193740845,0,0,0.0,0.0,0.0,-0.003867699299007654,0.2625259757041931,-0.008126008324325085
1586,14,21,1.0,0.9570739269256592,0,0,0.0,0.25,0.0,0.008398989215493202,0.261929452419281,-0.010840004310011864
1587,14,22,1.0,0.9638756513595581,0,0,0.0,0.25,0.0,0.004117150790989399,0.28851550817489624,0.003476392477750778
1588,14,23,1.0,0.9787431955337524,0,0,0.0,0.25,0.0,0.0044302004389464855,0.2943243086338043,0.005160986445844173
1589,14,24,1.0,0.9813783168792725,0,0,0.0,0.25,0.0,0.0011234069243073463,0.3040649890899658,-2.6511959731578827e-05
1590,14,25,1.0,0.9929461479187012,0,0,0.0,0.25,0.0,0.0017319030594080687,0.29552000761032104,0.00903227273374796
1591,14,26,1.0,0.9935615062713623,0,0,0.0,0.25,0.0,0.008903412148356438,0.2829294502735138,0.009651393629610538
1592,14,27,1.0,1.0028843879699707,0,0,0.0,0.25,0.0,0.0038680736906826496,0.27815982699394226,-0.0013536522164940834
1593,14,28,1.0,0.9941028356552124,0,0,0.0,0.25,0.0,-0.003474488854408264,0.21465985476970673,-0.02520141378045082
1594,14,29,1.0,0.9898488521575928,0,0,0.0,0.25,0.0,-0.005652866791933775,0.1517653465270996,-0.018130917102098465
1595,14,30,1.0,0.9870511293411255,0,0,0.0,0.0,0.0,-0.007766033988445997,0.12356840819120407,-0.017856426537036896
1596,14,31,1.0,0.9859178066253662,0,0,0.0,0.0,0.0,-0.005990226287394762,0.0869072899222374,0.000549638643860817
1597,14,32,1.0,0.9856581091880798,0,0,0.0,0.0,0.0,-0.004642775282263756,0.06600616872310638,-0.003654591739177704
1598,14,33,1.0,0.9866449236869812,0,0,0.0,0.0,0.0,-0.004256060346961021,0.05301572382450104,-0.00472946185618639
1599,14,34,1.0,0.9820907115936279,0,0,0.0,0.0,0.0,-0.007082100957632065,0.04266337305307388,-0.007359074428677559
1600,14,35,1.0,0.981784462928772,0,0,0.0,0.25,0.0,-0.007144227158278227,0.04112186282873154,-0.007384543307125568
1601,14,36,1.0,0.9852064847946167,0,0,0.0,0.25,0.0,-0.005298427306115627,0.06928085535764694,-0.022970549762248993
1602,14,37,1.0,0.9875859022140503,0,0,0.0,0.0,0.0,-0.004557976499199867,0.05699661374092102,-0.025890730321407318
1603,14,38,1.0,0.9821795225143433,0,0,0.0,0.0,0.0,-0.00489248801022768,0.033618517220020294,-0.02231835015118122
1604,14,39,1.0,0.9857195019721985,0,0,0.0,0.0,0.0,-0.0047079212963581085,0.021996958181262016,-0.025755517184734344
1605,14,40,1.0,0.9733612537384033,0,0,0.0,0.0,0.0,-0.008619194850325584,0.01601230725646019,-0.025751978158950806
1606,14,41,1.0,0.9726539254188538,0,0,0.0,0.0,0.0,-0.008829084224998951,0.014272450469434261,-0.02520941197872162
1607,14,42,1.0,0.9702661037445068,0,0,0.0,0.0,0.0,-0.009579921141266823,0.013192578218877316,-0.01937398500740528
1608,14,43,1.0,0.9701100587844849,0,0,0.0,0.0,0.0,-0.009609201923012733,0.012919845059514046,-0.019233860075473785
1609,14,44,1.0,0.9726759195327759,0,0,0.0,0.0,0.0,-0.011589977890253067,0.011628181673586369,-0.022767147049307823
1610,14,45,1.0,0.9726293683052063,0,0,0.0,0.0,0.0,-0.011594964191317558,0.011574221774935722,-0.022727346047759056
1611,14,46,1.0,0.9720356464385986,0,0,0.0,0.0,0.0,-0.011865921318531036,0.011797524988651276,-0.020680418238043785
1612,14,47,1.0,0.9720226526260376,0,0,0.0,0.25,0.0,-0.011866267770528793,0.011783523485064507,-0.020669100806117058
1613,14,48,1.0,0.9839476346969604,0,0,0.0,0.0,0.0,-0.007463410031050444,0.03294449299573898,-0.03280036523938179
1614,14,49,1.0,0.9709492325782776,0,0,0.0,0.0,0.0,-0.011464238166809082,0.02122511900961399,-0.03138205036520958
1615,14,50,1.0,0.9645028710365295,0,0,0.0,0.0,0.0,-0.019308825954794884,0.01206030324101448,-0.015931712463498116
1616,14,51,1.0,0.9645135402679443,0,0,0.0,0.0,0.0,-0.019541412591934204,0.00726010138168931,-0.02000139094889164
1617,14,52,1.0,0.9620603322982788,0,0,0.0,0.0,0.0,-0.023029036819934845,0.005435359198600054,-0.004366686102002859
1618,14,53,1.0,0.9618320465087891,0,0,-0.25,0.0,0.0,-0.023189347237348557,0.004947321489453316,-0.0041066063567996025
1619,14,54,1.0,0.9532038569450378,0,0,0.0,0.0,0.0,-0.03799310326576233,0.011674309149384499,-0.0019644079729914665
1620,14,55,1.0,0.9577885270118713,0,0,0.0,0.0,0.0,-0.03438190743327141,0.007027306128293276,-0.0024413177743554115
1621,14,56,1.0,0.9673776626586914,0,0,0.0,0.0,0.0,-0.02516634203493595,0.0014997839462012053,-0.00270079355686903
1622,14,57,1.0,0.9688059687614441,0,0,0.0,0.0,0.0,-0.02268037758767605,0.0002819198998622596,-0.004652972798794508
1623,14,58,1.0,0.9650309085845947,0,0,0.0,0.0,0.0,-0.022314714267849922,0.0034362250007689,-0.00658621359616518
1624,14,59,1.0,0.9651605486869812,0,0,-0.25,0.0,0.0,-0.022035209462046623,0.0033018970862030983,-0.006623051594942808
1625,14,60,1.0,0.9669384956359863,0,0,-0.25,0.0,0.0,-0.03061692975461483,0.010010842233896255,-0.0021710251457989216
1626,14,61,1.0,0.9771766066551208,0,0,0.0,0.0,0.0,-0.03094668500125408,0.010604054667055607,-0.03391458839178085
1627,14,62,1.0,0.9909579753875732,0,0,0.0,0.0,0.0,-0.016243502497673035,0.003564621089026332,-0.06382028758525848
1628,14,63,1.0,0.9937933683395386,0,0,0.0,0.0,0.0,-0.009940583258867264,0.0027663754299283028,-0.07006897777318954
1629,14,64,1.0,0.9859287142753601,0,0,0.0,0.0,0.0,-0.0008200628799386322,0.0036223316565155983,-0.1315024495124817
1630,14,65,1.0,0.9855389595031738,0,0,0.0,0.0,0.0,9.275216143578291e-05,0.003406333737075329,-0.1370489001274109
1631,14,66,1.0,0.9851488471031189,0,0,0.0,0.0,0.0,6.591330748051405e-05,0.004249687772244215,-0.16982580721378326
1632,14,67,1.0,0.9851709008216858,0,0,0.0,0.0,0.0,0.0002059984253719449,0.004208917263895273,-0.16992533206939697
1633,14,68,1.0,0.9854651689529419,0,0,0.0,0.0,0.0,-0.0002110224450007081,0.004515748471021652,-0.1819884032011032
1634,14,69,1.0,0.9854775071144104,0,0,0.0,0.0,-0.5,-0.00018831761553883553,0.0045068347826600075,-0.1819930523633957
1635,14,70,1.0,0.9394090175628662,0,0,0.0,0.0,-0.5,0.006616506259888411,0.0018716664053499699,-0.4880983233451843
1636,14,71,1.0,0.9092736840248108,0,0,0.0,0.0,-0.5,0.005311368033289909,0.0008125987369567156,-0.553339421749115
1637,14,72,1.0,0.9129461050033569,0,0,0.0,0.0,-0.5,0.008198877796530724,0.0028084488585591316,-0.560040295124054
1638,14,73,1.0,0.9107614755630493,0,0,0.0,0.0,-0.5,0.011407138779759407,0.0005476551596075296,-0.5395216345787048
1639,14,74,1.0,0.9102168083190918,0,0,0.0,0.0,-0.5,0.005858924239873886,0.004445701837539673,-0.5321959257125854
1640,14,75,1.0,0.9830434322357178,0,0,0.0,0.0,-0.5,-0.0003379741683602333,0.003097355831414461,-0.4756646752357483
1641,14,76,1.0,1.411733627319336,0,0,0.0,0.0,-0.5,0.0030508912168443203,0.007573503069579601,-0.29988694190979004
1642,14,77,1.0,1.5650688409805298,0,1,0.0,0.0,-0.5,0.004177217371761799,0.0069250124506652355,-0.2317960113286972
1643,14,78,1.0,1.9537410736083984,0,1,0.0,0.0,-0.5,0.006056734826415777,0.006774133071303368,-0.07187174260616302
1644,14,79,1.0,2.0208544731140137,0,1,0.0,0.0,-0.5,0.004740449134260416,0.005390484351664782,-0.040945783257484436
1645,14,80,1.0,2.03488826751709,0,1,0.0,0.0,0.0,0.0053779492154717445,0.0054855686612427235,-0.014390801079571247
1646,14,81,1.0,2.0374562740325928,0,1,0.0,0.0,0.0,0.0057066031731665134,0.005404932424426079,-0.009735449217259884
1647,14,82,1.0,2.0583155155181885,0,1,0.0,0.0,0.0,0.0069214110262691975,0.004290399607270956,-0.002503488678485155
1648,14,83,2.0,2.0594286918640137,1,1,0.0,0.0,0.0,0.007059991825371981,0.004118679091334343,-0.000786948949098587
1649,14,84,2.0,2.123462677001953,1,1,0.0,0.0,0.0,-0.0002508731558918953,0.0018190997652709484,0.0012060347944498062
1650,14,85,2.0,2.1110026836395264,1,1,0.0,0.0,0.0,-0.0063221692107617855,0.0031458341982215643,0.003570573404431343
1651,14,86,2.0,2.1308975219726562,1,1,0.0,0.0,0.0,-0.0019188568694517016,0.005327990744262934,-0.02169160544872284
1652,14,87,2.0,2.125030755996704,1,1,0.0,0.0,0.0,-0.0015610004775226116,0.005218638572841883,-0.04849695786833763
1653,14,88,2.0,2.1238908767700195,1,1,0.0,0.0,0.0,-0.0026952950283885,0.00436720484867692,-0.03521440923213959
1654,14,89,2.0,2.1205949783325195,1,1,0.0,0.0,0.0,-0.003107230644673109,0.005114398896694183,-0.02239881083369255
1655,14,90,2.0,2.096076726913452,1,1,0.0,0.0,0.0,0.00032622867729514837,0.006112055387347937,0.00015076901763677597
1656,14,91,2.0,2.077728509902954,1,1,0.0,0.0,0.0,-0.0007483047083951533,0.009150711819529533,0.0025259163230657578
1657,14,92,2.0,1.6211304664611816,1,1,0.0,0.0,0.0,0.0004040934145450592,0.00935661606490612,0.15501563251018524
1658,14,93,2.0,1.5222774744033813,1,1,0.0,0.0,0.0,-0.001208255416713655,0.011816243641078472,0.18452966213226318
1659,14,94,1.0,1.1613328456878662,0,0,0.0,0.0,0.0,-0.0058066826313734055,0.009442686103284359,0.27930450439453125
1660,14,95,1.0,1.1035212278366089,0,0,0.0,0.0,0.0,-0.006578184198588133,0.011857487261295319,0.27496978640556335
1661,14,96,1.0,1.1969305276870728,0,0,0.0,0.0,0.0,-0.006576327607035637,0.010352578945457935,0.26512184739112854
1662,14,97,1.0,1.1834771633148193,0,0,0.0,0.0,0.5,-0.007048328407108784,0.010857036337256432,0.27202102541923523
1663,14,98,1.0,0.9763870239257812,0,0,0.0,0.0,0.5,0.001602488337084651,0.00637658080086112,0.49966707825660706
1664,14,99,1.0,0.9888138771057129,0,0,0.0,0.0,0.5,0.00045303849037736654,0.005717847030609846,0.5052376985549927
1665,14,100,1.0,0.9685927629470825,0,0,0.0,0.0,0.5,-0.0003641950897872448,0.005030496045947075,0.5410370230674744
1666,14,101,1.0,0.9609587788581848,0,0,0.0,0.0,0.5,-0.0010274064261466265,0.008346031419932842,0.5230129361152649
1667,14,102,1.0,0.9643265604972839,0,0,0.0,0.0,0.5,0.0053263320587575436,0.008090109564363956,0.5466925501823425
1668,14,103,1.0,0.9665639400482178,0,0,0.0,0.0,0.5,0.0058504012413322926,0.011524799279868603,0.542777955532074
1669,14,104,1.0,0.9626834988594055,0,0,0.0,0.0,0.5,0.0035373433493077755,0.011046452447772026,0.5380293130874634
1670,14,105,1.0,0.9770204424858093,0,0,0.0,0.0,0.5,0.006403723265975714,0.020554693415760994,0.49116256833076477
1671,14,106,1.0,0.9765524864196777,0,0,0.0,0.0,0.5,0.0071488735266029835,0.01800687611103058,0.4887981116771698
1672,15,0,1.0,0.9711360931396484,0,0,0.0,0.0,0.0,0.22698238492012024,0.01615835726261139,-0.006359131075441837
1673,15,1,1.0,0.9659500122070312,0,0,0.0,0.0,0.0,0.21963074803352356,0.01812390796840191,-0.016868749633431435
1674,15,2,1.0,0.9594632387161255,0,0,0.0,0.0,0.0,0.22878412902355194,0.014983871951699257,-0.017090007662773132
1675,15,3,1.0,0.9601478576660156,0,0,0.0,0.0,0.0,0.23114119470119476,0.014574444852769375,-0.01498230081051588
1676,15,4,1.0,0.9620933532714844,0,0,0.0,0.0,0.0,0.23147790133953094,0.015479356050491333,-0.011831196956336498
1677,15,5,1.0,0.9621872305870056,0,0,0.0,0.0,0.0,0.23193758726119995,0.015399323776364326,-0.011297938413918018
1678,15,6,1.0,0.9609634876251221,0,0,0.0,0.0,0.0,0.23236621916294098,0.01617254689335823,-0.009808079339563847
1679,15,7,1.0,0.9609850645065308,0,0,0.0,0.0,0.0,0.2324730008840561,0.016146864742040634,-0.00965883582830429
1680,15,8,1.0,0.9598637819290161,0,0,0.0,0.0,0.0,0.23299764096736908,0.01480833813548088,-0.009055018424987793
1681,15,9,1.0,0.9598665833473206,0,0,0.0,0.0,0.0,0.23302000761032104,0.014802658930420876,-0.009017408825457096
1682,15,10,1.0,0.9601722359657288,0,0,0.0,0.0,0.0,0.23376114666461945,0.014563681557774544,-0.010325279086828232
1683,15,11,1.0,0.9601730108261108,0,0,0.25,0.0,0.0,0.23376673460006714,0.014562037773430347,-0.01031529065221548
1684,15,12,1.0,0.9768021702766418,0,0,0.25,0.0,0.0,0.2489761859178543,0.01359197124838829,0.005007634870707989
1685,15,13,1.0,0.9786700010299683,0,0,0.25,0.0,0.0,0.25433337688446045,0.015467695891857147,0.015532956458628178
1686,15,14,1.0,0.9729088544845581,0,0,0.25,0.0,0.0,0.25787580013275146,0.014149040915071964,0.02049918845295906
1687,15,15,1.0,0.9658066034317017,0,0,0.25,0.0,0.0,0.2514115869998932,-0.004726515617221594,0.019076034426689148
1688,15,16,1.0,0.9520343542098999,0,0,0.25,0.0,0.0,0.24412132799625397,-0.022217975929379463,0.01831299066543579
1689,15,17,1.0,0.957406759262085,0,0,0.25,0.0,0.0,0.23594723641872406,-0.037711575627326965,0.01700923591852188
1690,15,18,1.0,0.9592891335487366,0,0,0.25,0.0,0.0,0.20919547975063324,-0.07103390246629715,0.006606490351259708
1691,15,19,1.0,0.9744760990142822,0,0,0.25,0.0,0.0,0.2039274126291275,-0.0743376612663269,0.01059760432690382
1692,15,20,1.0,0.9849573969841003,0,0,0.25,0.0,0.0,0.1421867311000824,-0.14454753696918488,-0.00038623251020908356
1693,15,21,1.0,0.978062093257904,0,0,0.0,0.0,0.0,0.11973237246274948,-0.160369411110878,-0.009012101218104362
1694,15,22,1.0,0.988936722278595,0,0,0.0,0.0,0.0,0.042144667357206345,-0.21881292760372162,-0.0007497882470488548
1695,15,23,1.0,0.9859626889228821,0,0,0.0,0.0,0.0,0.0010250655468553305,-0.22484871745109558,-0.0019980561919510365
1696,15,24,1.0,0.9875445365905762,0,0,0.0,0.0,0.0,-0.005847935099154711,-0.23085752129554749,0.004030886106193066
1697,15,25,1.0,0.9866877794265747,0,0,0.0,-0.25,0.0,-0.011509614065289497,-0.23061080276966095,0.002983156591653824
1698,15,26,1.0,0.9926027059555054,0,0,0.0,-0.25,0.0,-0.013917416334152222,-0.26218336820602417,0.008570524863898754
1699,15,27,1.0,0.9997488260269165,0,0,0.0,-0.25,0.0,-0.005622223485261202,-0.2673402726650238,0.0016413982957601547
1700,15,28,1.0,0.9955734610557556,0,0,0.0,-0.25,0.0,-0.009329631924629211,-0.27019181847572327,0.0036491286009550095
1701,15,29,1.0,0.9877941608428955,0,0,0.0,-0.25,0.0,-0.005083635449409485,-0.27366355061531067,0.0025378353893756866
1702,15,30,1.0,0.9906545281410217,0,0,0.0,-0.25,0.0,-0.00997786782681942,-0.26939940452575684,0.0012644529342651367
1703,15,31,1.0,0.989581286907196,0,0,0.0,-0.25,0.0,-0.003063230775296688,-0.26069027185440063,0.00741798710078001
1704,15,32,1.0,1.0005754232406616,0,0,0.0,-0.25,0.0,-0.0022616609930992126,-0.24255147576332092,0.02536696195602417
1705,15,33,1.0,0.9885370135307312,0,0,0.0,-0.25,0.0,-0.0022744035813957453,-0.17002646625041962,0.009124583564698696
1706,15,34,1.0,0.9803742170333862,0,0,0.0,-0.25,0.0,-0.0013202487025409937,-0.08974502235651016,0.015264821238815784
1707,15,35,1.0,0.9821237921714783,0,0,0.0,0.0,0.0,-0.0027189189568161964,-0.06650421023368835,0.02306569740176201
1708,15,36,1.0,0.9768351912498474,0,0,0.0,0.0,0.0,-0.0029191612266004086,-0.033584900200366974,-0.0014733155257999897
1709,15,37,1.0,0.9766300320625305,0,0,0.0,0.0,0.0,-0.004993732087314129,-0.015680009499192238,-0.005155576393008232
1710,15,38,1.0,0.9801151752471924,0,0,0.0,0.0,0.0,-0.003372962586581707,-0.008609188720583916,-0.011147046461701393
1711,15,39,1.0,0.9803293943405151,0,0,0.0,0.0,0.0,-0.0034430420491844416,-0.00660585006698966,-0.012122582644224167
1712,15,40,1.0,0.9822967648506165,0,0,0.0,0.0,0.0,-0.0022680063266307116,-0.006779494695365429,-0.013031229376792908
1713,15,41,1.0,0.9823871850967407,0,0,0.0,-0.25,0.0,-0.002269880613312125,-0.006372073199599981,-0.01320197805762291
1714,15,42,1.0,0.9818183779716492,0,0,0.0,0.0,0.0,0.0021025582682341337,-0.020595768466591835,-0.011628645472228527
1715,15,43,1.0,0.9872235059738159,0,0,0.0,0.0,0.0,0.0018993739504367113,-0.008122796192765236,-0.025670025497674942
1716,15,44,1.0,0.9783886075019836,0,0,0.0,0.0,0.0,0.003489016555249691,-0.005057496950030327,-0.033289842307567596
1717,15,45,1.0,0.9788946509361267,0,0,0.0,0.0,0.0,0.0029336409643292427,-0.0025378044229000807,-0.03409005329012871
1718,15,46,1.0,0.9757917523384094,0,0,0.0,0.0,0.0,0.0028287163004279137,0.0004591773613356054,-0.034633491188287735
1719,15,47,1.0,0.9758841395378113,0,0,0.0,-0.25,0.0,0.0027922731824219227,0.000814082333818078,-0.034789055585861206
1720,15,48,1.0,0.9755743741989136,0,0,0.0,-0.25,0.0,0.0092532429844141,-0.012819315306842327,-0.020597875118255615
1721,15,49,1.0,0.9711190462112427,0,0,0.0,0.0,0.0,0.009710555896162987,-0.01892440766096115,0.0029262080788612366
1722,15,50,1.0,0.9649863243103027,0,0,0.0,0.0,0.0,0.009136157110333443,-0.007280626799911261,0.008057660423219204
1723,15,51,1.0,0.9674316644668579,0,0,0.0,0.0,0.0,0.009586967527866364,0.0011099475668743253,-0.001619415357708931
1724,15,52,1.0,0.9629082083702087,0,0,0.0,0.0,0.0,0.0092167928814888,0.0029875338077545166,0.011807325296103954
1725,15,53,1.0,0.9627788662910461,0,0,0.0,0.0,0.0,0.009092248976230621,0.004259651061147451,0.01112822350114584
1726,15,54,1.0,0.9612290859222412,0,0,0.25,0.0,0.0,0.007992461323738098,0.004697463475167751,0.014172622002661228
1727,15,55,1.0,0.9669751524925232,0,0,0.0,0.0,0.0,0.023131411522626877,0.009438250213861465,0.0037566907703876495
1728,15,56,1.0,0.9606006145477295,0,0,0.0,0.0,0.0,0.013428725302219391,0.005962075665593147,0.0134156858548522
1729,15,57,1.0,0.9609732627868652,0,0,0.0,0.0,0.0,0.009018348529934883,0.005453792866319418,0.01950788125395775
1730,15,58,1.0,0.9682185649871826,0,0,0.0,0.0,0.0,0.006793309468775988,0.004282533191144466,0.0023205215111374855
1731,15,59,1.0,0.9681491851806641,0,0,0.0,0.0,0.0,0.005908450577408075,0.004165088292211294,0.0022998303174972534
1732,15,60,1.0,0.9669919013977051,0,0,0.25,0.0,0.0,0.006924194749444723,0.003993253689259291,0.008032460696995258
1733,15,61,1.0,0.9750505685806274,0,0,0.25,0.0,0.0,0.02314116433262825,0.006080025807023048,-0.037459615617990494
1734,15,62,1.0,0.9820976853370667,0,0,0.0,0.0,0.0,0.02636582776904106,0.010580847971141338,-0.21203161776065826
1735,15,63,1.0,0.9728507995605469,0,0,0.0,0.0,0.0,0.014063334092497826,0.005936524830758572,-0.2927970886230469
1736,15,64,1.0,0.9669204950332642,0,0,0.0,0.0,0.0,0.01074674166738987,0.007872676476836205,-0.30404478311538696
1737,15,65,1.0,0.9668657779693604,0,0,0.0,0.0,0.0,0.007639729883521795,0.0073779672384262085,-0.2951139807701111
1738,15,66,1.0,0.9603949785232544,0,0,0.0,0.0,0.0,0.005025216843932867,0.0073267752304673195,-0.32655325531959534
1739,15,67,1.0,0.9602813720703125,0,0,0.0,0.0,0.0,0.004484069999307394,0.007241813000291586,-0.3268577754497528
1740,15,68,1.0,0.9622719287872314,0,0,0.0,0.0,0.0,0.005292224232107401,0.0073378742672502995,-0.3373315930366516
1741,15,69,1.0,0.9622222781181335,0,0,0.0,0.0,-0.5,0.00520790321752429,0.007322228513658047,-0.3376200795173645
1742,15,70,1.0,0.9282326102256775,0,0,0.0,0.0,-0.5,0.005250120535492897,0.0031331556383520365,-0.49429506063461304
1743,15,71,1.0,0.900294303894043,0,0,0.0,0.0,-0.5,0.008595695719122887,0.003851791378110647,-0.536089301109314
1744,15,72,1.0,0.8875976204872131,0,0,0.0,0.0,-0.5,0.007289221975952387,0.0006264050025492907,-0.5430576205253601
1745,15,73,1.0,0.8992217779159546,0,0,0.0,0.0,-0.5,0.012693863362073898,0.0015874530654400587,-0.5411455035209656
1746,15,74,1.0,0.9052361249923706,0,0,0.0,0.0,-0.5,0.00961989164352417,0.004379963502287865,-0.5440219044685364
1747,15,75,1.0,0.970398485660553,0,0,0.0,0.0,-0.5,0.013741638511419296,-0.0031581951770931482,-0.5083991289138794
1748,15,76,1.0,1.5053684711456299,0,1,0.0,0.0,-0.5,0.0014519677497446537,0.002510977443307638,-0.2558390498161316
1749,15,77,1.0,1.6169371604919434,0,1,0.0,0.0,-0.5,0.004495787899941206,0.0007555853808298707,-0.18503151834011078
1750,15,78,1.0,1.8621406555175781,0,1,0.0,0.0,-0.5,0.005785925313830376,0.0034248516894876957,-0.08795379102230072
1751,15,79,1.0,1.8972289562225342,0,1,0.0,0.0,-0.5,0.007152389269322157,0.003960073925554752,-0.07225842028856277
1752,15,80,1.0,1.9868781566619873,0,1,0.0,0.0,-0.5,0.007461123634129763,0.0031013202387839556,-0.03302770107984543
1753,15,81,1.0,1.989274263381958,0,1,0.0,0.0,0.0,0.0075658089481294155,0.003100754925981164,-0.030687320977449417
1754,15,82,1.0,1.9917974472045898,0,1,0.0,0.0,0.0,0.006856964435428381,0.0037235566414892673,-0.02747134491801262
1755,15,83,1.0,1.992411732673645,0,1,0.0,0.0,0.0,0.006863074842840433,0.003727714065462351,-0.02708311751484871
1756,15,84,2.0,2.010016441345215,1,1,0.0,0.0,0.0,0.005843406077474356,0.004844775889068842,-0.026175133883953094
1757,15,85,2.0,2.0609896183013916,1,1,0.0,0.0,0.0,0.006335677113384008,-2.5920162443071604e-06,0.04526286572217941
1758,15,86,2.0,2.0869202613830566,1,1,0.0,0.0,0.0,0.0017350877169519663,0.005386631935834885,0.018173344433307648
1759,15,87,2.0,2.094883441925049,1,1,0.0,0.0,0.0,0.002135943854227662,0.0037965867668390274,-0.020170897245407104
1760,15,88,2.0,2.0800516605377197,1,1,0.0,0.0,0.0,0.0013921975623816252,0.002925621112808585,0.001508842222392559
1761,15,89,2.0,2.0804030895233154,1,1,0.0,0.0,0.0,0.0011640433222055435,0.0028889814857393503,-0.00047096703201532364
1762,15,90,2.0,1.9035999774932861,1,1,0.0,0.0,0.0,-0.0011150012724101543,0.003722145687788725,0.08259277790784836
1763,15,91,2.0,1.9040954113006592,1,1,0.0,0.0,0.0,-0.001158681814558804,0.0037350207567214966,0.08184555172920227
1764,15,92,1.0,1.5871245861053467,0,1,0.0,0.0,0.0,0.0009371263440698385,0.004778981674462557,0.18172669410705566
1765,15,93,1.0,1.5875256061553955,0,1,0.0,0.0,0.0,0.0009483895264565945,0.004809110425412655,0.18145178258419037
1766,15,94,1.0,1.584438443183899,0,1,0.0,0.0,0.0,0.0010075992904603481,0.0036674514412879944,0.18967226147651672
1767,15,95,1.0,1.5848246812820435,0,1,0.0,0.0,0.0,0.0010086633265018463,0.0036712675355374813,0.18942339718341827
1768,15,96,1.0,1.7647738456726074,0,1,0.0,0.0,0.5,0.0006344984285533428,0.004435241222381592,0.1504446268081665
1769,15,97,1.0,1.7219645977020264,0,1,0.0,0.0,0.5,0.00020533567294478416,0.004993146751075983,0.21355001628398895
1770,15,98,1.0,1.0575337409973145,0,0,0.0,0.0,0.5,0.001599915325641632,0.015197436325252056,0.4900020956993103
1771,15,99,1.0,0.9526516795158386,0,0,0.0,0.0,0.5,0.00026513601187616587,0.013874977827072144,0.48984774947166443
1772,15,100,1.0,0.9590745568275452,0,0,0.0,0.0,0.5,-0.0016537783667445183,0.009740750305354595,0.5169388055801392
1773,15,101,1.0,0.938481330871582,0,0,0.0,0.0,0.5,5.270051769912243e-05,0.0034301376435905695,0.5075259804725647
1774,15,102,1.0,0.9474231004714966,0,0,0.0,0.0,0.5,0.0010002627968788147,0.010470553301274776,0.5281948447227478
1775,15,103,1.0,0.9382092356681824,0,0,0.0,0.0,0.5,0.001123212743550539,0.011850424110889435,0.5381290912628174
1776,15,104,1.0,0.9484883546829224,0,0,0.0,0.0,0.5,0.0035406840033829212,0.01208136510103941,0.5083371996879578
1777,15,105,1.0,0.9424387216567993,0,0,0.0,0.0,0.5,0.0053613982163369656,0.017367374151945114,0.5038542151451111
1778,16,0,1.0,0.9706205129623413,0,0,0.0,0.0,0.0,-0.16904914379119873,-0.0118556534871459,-0.01216036919504404
1779,16,1,1.0,0.9643915891647339,0,0,0.0,0.0,0.0,-0.18645718693733215,-0.005228664726018906,-0.02425447106361389
1780,16,2,1.0,0.9662227630615234,0,0,0.0,0.0,0.0,-0.18617969751358032,-0.0065721385180950165,-0.01765473000705242
1781,16,3,1.0,0.9674997329711914,0,0,0.0,0.0,0.0,-0.18147453665733337,-0.00824112631380558,-0.014211283065378666
1782,16,4,1.0,0.9671196937561035,0,0,0.0,0.0,0.0,-0.18891623616218567,-0.004784964025020599,-0.011519955471158028
1783,16,5,1.0,0.9675588011741638,0,0,0.0,0.0,0.0,-0.18804331123828888,-0.005128566175699234,-0.010641159489750862
1784,16,6,1.0,0.9664108753204346,0,0,0.0,0.0,0.0,-0.19124826788902283,-0.004728883039206266,-0.009606962092220783
1785,16,7,1.0,0.9665117263793945,0,0,0.0,0.0,0.0,-0.1910858005285263,-0.004797764588147402,-0.009376798756420612
1786,16,8,1.0,0.9656606912612915,0,0,0.0,0.0,0.0,-0.19158980250358582,-0.0036641184706240892,-0.01311203371733427
1787,16,9,1.0,0.9656901359558105,0,0,-0.25,0.0,0.0,-0.19155661761760712,-0.003679943270981312,-0.013053139671683311
1788,16,10,1.0,0.9808489680290222,0,0,-0.25,0.0,0.0,-0.26096346974372864,0.028486082330346107,0.0005565565079450607
1789,16,11,1.0,0.997832715511322,0,0,-0.25,0.0,0.0,-0.26822349429130554,0.03653594106435776,0.0015409933403134346
1790,16,12,1.0,1.0175763368606567,0,0,-0.25,0.0,0.0,-0.2768556475639343,0.04066718369722366,-0.006462042219936848
1791,16,13,1.0,1.0194183588027954,0,0,-0.25,0.0,0.0,-0.2760615348815918,0.03073493391275406,-0.009295817464590073
1792,16,14,1.0,0.9995683431625366,0,0,-0.25,0.0,0.0,-0.2868228852748871,0.024355001747608185,0.0046442849561572075
1793,16,15,1.0,1.0073490142822266,0,0,-0.25,0.0,0.0,-0.2733559310436249,0.02319449558854103,-0.0003896467387676239
1794,16,16,1.0,1.0057015419006348,0,0,-0.25,0.0,0.0,-0.2678971290588379,-0.018394790589809418,-0.0016233478672802448
1795,16,17,1.0,0.9842313528060913,0,0,-0.25,0.0,0.0,-0.24828414618968964,-0.05667386204004288,0.011792396195232868
1796,16,18,1.0,0.9852871298789978,0,0,-0.25,0.0,0.0,-0.1990235149860382,-0.11744534224271774,-0.0036979494616389275
1797,16,19,1.0,0.9798594117164612,0,0,-0.25,0.0,0.0,-0.18842412531375885,-0.12733310461044312,-0.0005514081567525864
1798,16,20,1.0,0.9791319370269775,0,0,0.0,0.0,0.0,-0.14340272545814514,-0.18505677580833435,-0.004201678093522787
1799,16,21,1.0,0.9893290996551514,0,0,0.0,0.0,0.0,-0.08077182620763779,-0.22392894327640533,0.006901326589286327
1800,16,22,1.0,0.9886429309844971,0,0,0.0,0.0,0.0,-0.03131067752838135,-0.2503117024898529,0.02263651415705681
1801,16,23,1.0,0.9883269667625427,0,0,0.0,-0.25,0.0,-0.012363476678729057,-0.25351735949516296,0.020811770111322403
1802,16,24,1.0,0.9940713047981262,0,0,0.0,-0.25,0.0,-0.005989408120512962,-0.28028011322021484,0.015091623179614544
1803,16,25,1.0,0.9871231317520142,0,0,0.0,-0.25,0.0,-0.00255607720464468,-0.28590771555900574,0.019716404378414154
1804,16,26,1.0,0.9964303374290466,0,0,0.0,-0.25,0.0,-0.01314212754368782,-0.2836819887161255,0.012193274684250355
1805,16,27,1.0,0.995930016040802,0,0,0.0,-0.25,0.0,0.0011482383124530315,-0.28773707151412964,0.015835914760828018
1806,16,28,1.0,0.9949253797531128,0,0,0.0,-0.25,0.0,8.576421532779932e-05,-0.2851918935775757,0.02023906633257866
1807,16,29,1.0,0.9968376755714417,0,0,0.0,-0.25,0.0,0.0076020690612494946,-0.2614284157752991,0.004286203533411026
1808,16,30,1.0,0.9904930591583252,0,0,0.0,-0.25,0.0,0.007164966780692339,-0.23928532004356384,0.006339516490697861
1809,16,31,1.0,0.9928291440010071,0,0,0.0,-0.25,0.0,0.00532721308991313,-0.197809636592865,-0.003127367701381445
1810,16,32,1.0,0.9807045459747314,0,0,0.0,-0.25,0.0,-0.0023908705916255713,-0.13970057666301727,-0.0028792093507945538
1811,16,33,1.0,0.9930813908576965,0,0,0.0,-0.25,0.0,-0.006431510206311941,-0.08293049782514572,-0.0006407937034964561
1812,16,34,1.0,0.9932020902633667,0,0,0.0,0.0,0.0,-0.0033271543215960264,-0.05412711948156357,-0.009975617751479149
1813,16,35,1.0,0.9895445108413696,0,0,0.0,0.0,0.0,-0.004334893077611923,-0.03503140062093735,-0.02797461301088333
1814,16,36,1.0,0.9794811010360718,0,0,0.0,0.0,0.0,-0.004866911098361015,-0.010236685164272785,-0.029640384018421173
1815,16,37,1.0,0.9780155420303345,0,0,0.0,0.0,0.0,-0.005495838820934296,-0.006166243925690651,-0.03318269923329353
1816,16,38,1.0,0.9767747521400452,0,0,0.0,0.0,0.0,-0.006972032133489847,-0.0027936112601310015,-0.02569662034511566
1817,16,39,1.0,0.976904571056366,0,0,0.0,0.0,0.0,-0.0070446692407131195,-0.0018874567467719316,-0.026067014783620834
1818,16,40,1.0,0.9765373468399048,0,0,0.0,0.0,0.0,-0.00576329231262207,-0.002194794826209545,-0.027666952461004257
1819,16,41,1.0,0.976572573184967,0,0,0.0,-0.25,0.0,-0.00576557544991374,-0.002004229463636875,-0.027760803699493408
1820,16,42,1.0,0.9762047529220581,0,0,0.0,0.0,0.0,-0.005648721009492874,-0.01715884916484356,-0.013300403952598572
1821,16,43,1.0,0.9706669449806213,0,0,0.0,0.0,0.0,-0.01083805039525032,-0.007698289584368467,-0.020032841712236404
1822,16,44,1.0,0.9720489382743835,0,0,0.0,0.0,0.0,-0.013034215196967125,-0.0035299346782267094,-0.018497653305530548
1823,16,45,1.0,0.9705473780632019,0,0,0.0,0.0,0.0,-0.013692285865545273,-0.0005735007580369711,-0.019230613484978676
1824,16,46,1.0,0.9684466123580933,0,0,0.0,0.0,0.0,-0.01359773613512516,0.00229734368622303,-0.012670302763581276
1825,16,47,1.0,0.9684008359909058,0,0,0.0,-0.25,0.0,-0.013640392571687698,0.0027779315132647753,-0.013022653758525848
1826,16,48,1.0,0.9779136776924133,0,0,0.0,0.0,0.0,-0.009917289018630981,-0.01731090620160103,-0.005349837243556976
1827,16,49,1.0,0.9693703651428223,0,0,0.0,0.0,0.0,-0.011511040851473808,-0.006450992543250322,-0.0037844344042241573
1828,16,50,1.0,0.9653306007385254,0,0,0.0,0.0,0.0,-0.016734469681978226,0.0009007786866277456,0.011044644750654697
1829,16,51,1.0,0.9642549157142639,0,0,0.0,0.0,0.0,-0.017082028090953827,0.0036896811798214912,0.008693278767168522
1830,16,52,1.0,0.959404706954956,0,0,0.0,0.0,0.0,-0.014732567593455315,0.005142971407622099,0.009849033318459988
1831,16,53,1.0,0.9593944549560547,0,0,0.0,0.0,0.0,-0.014775590971112251,0.005618286784738302,0.009539320133626461
1832,16,54,1.0,0.9603530168533325,0,0,-0.25,0.0,0.0,-0.014399044215679169,0.007028800435364246,0.009077918715775013
1833,16,55,1.0,0.9574863314628601,0,0,0.0,0.0,0.0,-0.02955685928463936,0.0024309672880917788,0.026379257440567017
1834,16,56,1.0,0.9654069542884827,0,0,0.0,0.0,0.0,-0.020512660965323448,0.0035948464646935463,0.022331897169351578
1835,16,57,1.0,0.9657602310180664,0,0,0.0,0.0,0.0,-0.01353476569056511,0.0056864130310714245,0.010923468507826328
1836,16,58,1.0,0.9735648036003113,0,0,0.0,0.0,0.0,-0.008968757465481758,0.0049873292446136475,-0.0071219271048903465
1837,16,59,1.0,0.9733160734176636,0,0,0.0,0.0,0.0,-0.00817346666008234,0.005303912330418825,-0.008371072821319103
1838,16,60,1.0,0.9738984107971191,0,0,-0.25,0.0,0.0,-0.008403928950428963,0.004209224134683609,0.006383076310157776
1839,16,61,1.0,0.9863314628601074,0,0,0.0,0.0,0.0,-0.02220434881746769,-0.00069901451934129,-0.003317173570394516
1840,16,62,1.0,0.9904687404632568,0,0,0.0,0.0,0.0,-0.009359441697597504,0.0010986896231770515,-0.08410026133060455
1841,16,63,1.0,0.9909680485725403,0,0,0.0,0.0,0.0,-0.005948351230472326,0.0034786700271070004,-0.09401080012321472
1842,16,64,1.0,0.9887673854827881,0,0,0.0,0.0,0.0,-0.0005125683383084834,0.002557629020884633,-0.144673690199852
1843,16,65,1.0,0.988280177116394,0,0,0.0,0.0,0.0,6.859900895506144e-05,0.002855736529454589,-0.1461009830236435
1844,16,66,1.0,0.9879311323165894,0,0,0.0,0.0,0.0,0.0011174737010151148,0.003707404248416424,-0.15732431411743164
1845,16,67,1.0,0.9878785610198975,0,0,0.0,0.0,0.0,0.0011895401403307915,0.0037435367703437805,-0.15744274854660034
1846,16,68,1.0,0.9892901182174683,0,0,0.0,0.0,-0.5,0.0008993283845484257,0.0034832393284887075,-0.1588616520166397
1847,16,69,1.0,0.9343907237052917,0,0,0.0,0.0,-0.5,0.006295148748904467,-0.0008520200499333441,-0.4733543395996094
1848,16,70,1.0,0.9168515205383301,0,0,0.0,0.0,-0.5,0.005844753235578537,-0.003175536170601845,-0.5395814776420593
1849,16,71,1.0,0.8844590187072754,0,0,0.0,0.0,-0.5,0.007576227653771639,-0.0006478962604887784,-0.5582790374755859
1850,16,72,1.0,0.8750736117362976,0,0,0.0,0.0,-0.5,0.010897841304540634,-0.001759602571837604,-0.5608831644058228
1851,16,73,1.0,0.8546630144119263,0,0,0.0,0.0,-0.5,0.009238718077540398,-0.003560814308002591,-0.5580462217330933
1852,16,74,1.0,0.9211910367012024,0,0,0.0,0.0,-0.5,0.006155117880553007,-0.0005150646902620792,-0.5329864025115967
1853,16,75,1.0,1.0705482959747314,0,0,0.0,0.0,-0.5,0.006402141880244017,0.003539206925779581,-0.44377610087394714
1854,16,76,1.0,1.6239296197891235,0,1,0.0,0.0,-0.5,0.0037408340722322464,0.0021589261014014482,-0.1947462260723114
1855,16,77,1.0,1.7666139602661133,0,1,0.0,0.0,-0.5,0.0043913256376981735,0.0018803700804710388,-0.11776109784841537
1856,16,78,1.0,1.9734995365142822,0,1,0.0,0.0,-0.5,0.005083324853330851,0.0029134340584278107,-0.03164314106106758
1857,16,79,1.0,1.9845471382141113,0,1,0.0,0.0,0.0,0.005083934869617224,0.0033241885248571634,-0.022141093388199806
1858,16,80,1.0,1.986227035522461,0,1,0.0,0.0,0.0,0.004598870407789946,0.002082918770611286,-0.015521718189120293
1859,16,81,1.0,1.989923357963562,0,1,0.0,0.0,0.0,0.004755194298923016,0.002204553922638297,-0.01364439819008112
1860,16,82,1.0,1.9704546928405762,0,1,0.0,0.0,0.0,0.005659773480147123,0.0032903908286243677,-0.008726977743208408
1861,16,83,1.0,1.971616268157959,0,1,0.0,0.0,0.0,0.005684519652277231,0.0033687076065689325,-0.00829792208969593
1862,16,84,2.0,1.9856500625610352,1,1,0.0,0.0,0.0,0.005901709198951721,0.0033411444164812565,-0.01276441290974617
1863,16,85,2.0,2.071816921234131,1,1,0.0,0.0,0.0,0.006175009533762932,-0.0011574700474739075,0.013737264089286327
1864,16,86,2.0,2.080817699432373,1,1,0.0,0.0,0.0,0.00943032093346119,0.0023648159112781286,-0.012534234672784805
1865,16,87,2.0,2.1075692176818848,1,1,0.0,0.0,0.0,0.007708519231528044,0.005576725117862225,-0.02392548881471157
1866,16,88,2.0,2.098965644836426,1,1,0.0,0.0,0.0,0.0010539540089666843,0.0069027976132929325,0.009014890529215336
1867,16,89,2.0,2.10701847076416,1,1,0.0,0.0,0.0,0.0019491519778966904,0.010099165141582489,0.010189051739871502
1868,16,90,2.0,1.8860113620758057,1,1,0.0,0.0,0.0,-0.0035224328748881817,0.010470523498952389,0.07841779291629791
1869,16,91,2.0,1.8864926099777222,1,1,0.0,0.0,0.0,-0.003629976185038686,0.01051392499357462,0.07909367233514786
1870,16,92,2.0,1.843558669090271,1,1,0.0,0.0,0.0,-0.004643245600163937,0.006440652068704367,0.0886211022734642
1871,16,93,2.0,1.844224452972412,1,1,0.0,0.0,0.0,-0.0046925852075219154,0.006479202304035425,0.08871357887983322
1872,16,94,1.0,1.7400758266448975,0,1,0.0,0.0,0.0,-0.004758688621222973,0.007267687935382128,0.11675812304019928
1873,16,95,1.0,1.7408168315887451,0,1,0.0,0.0,0.0,-0.00478964950889349,0.007296326104551554,0.11676356196403503
1874,16,96,1.0,1.7212085723876953,0,1,0.0,0.0,0.0,-0.005232515744864941,0.009105013683438301,0.12020085752010345
1875,16,97,1.0,1.7219102382659912,0,1,0.0,0.0,0.0,-0.005254633724689484,0.009147733449935913,0.12021797895431519
1876,16,98,1.0,1.6902765035629272,0,1,0.0,0.0,0.5,-0.005342082120478153,0.009861421771347523,0.14050129055976868
1877,16,99,1.0,1.367053508758545,0,0,0.0,0.0,0.5,-0.0037282134871929884,0.0069756279699504375,0.42128244042396545
1878,16,100,1.0,1.1038039922714233,0,0,0.0,0.0,0.5,4.490395076572895e-05,0.010336984880268574,0.49287834763526917
1879,16,101,1.0,1.0091110467910767,0,0,0.0,0.0,0.5,-0.004614516161382198,0.00702789006754756,0.5473856329917908
1880,16,102,1.0,0.944851279258728,0,0,0.0,0.0,0.5,-0.0013487822143360972,0.007531049661338329,0.5519143342971802
1881,16,103,1.0,0.9354352355003357,0,0,0.0,0.0,0.5,-4.2563420720398426e-05,0.0018068784847855568,0.5593239068984985
1882,16,104,1.0,0.9358700513839722,0,0,0.0,0.0,0.5,0.003927541431039572,0.008873878046870232,0.5478549599647522
1883,16,105,1.0,0.9457055330276489,0,0,0.0,0.0,0.5,0.003013722598552704,0.007050133775919676,0.5208052396774292
1884,17,0,1.0,0.964890718460083,0,0,0.0,0.0,0.0,0.22236870229244232,0.009079668670892715,0.003519960679113865
1885,17,1,1.0,0.9635930061340332,0,0,0.0,0.0,0.0,0.21248145401477814,0.008696378208696842,-0.005811018869280815
1886,17,2,1.0,0.966462254524231,0,0,0.0,0.0,0.0,0.2167898416519165,0.013249455951154232,-0.006973878480494022
1887,17,3,1.0,0.9668252468109131,0,0,0.0,0.0,0.0,0.22017768025398254,0.01254327967762947,-0.0038771438412368298
1888,17,4,1.0,0.9670775532722473,0,0,0.0,0.0,0.0,0.2250533550977707,0.011623600497841835,0.0021160291507840157
1889,17,5,1.0,0.9671788215637207,0,0,0.0,0.0,0.0,0.2256731390953064,0.011496113613247871,0.0027655670419335365
1890,17,6,1.0,0.9676848649978638,0,0,0.0,0.0,0.0,0.22509586811065674,0.012931889854371548,0.005111675709486008
1891,17,7,1.0,0.9677115082740784,0,0,0.0,0.0,0.0,0.22521953284740448,0.012898754328489304,0.005274667404592037
1892,17,8,1.0,0.9656950235366821,0,0,0.0,0.0,0.0,0.22397038340568542,0.014571170322597027,0.0011833114549517632
1893,17,9,1.0,0.9656999111175537,0,0,0.0,0.0,0.0,0.22399860620498657,0.014562333934009075,0.0012306170538067818
1894,17,10,1.0,0.9680981636047363,0,0,0.0,0.0,0.0,0.22268372774124146,0.013840596191585064,0.0027845362201333046
1895,17,11,1.0,0.9680994153022766,0,0,0.25,0.0,0.0,0.2226901650428772,0.013838210143148899,0.0027962597087025642
1896,17,12,1.0,0.9680123329162598,0,0,0.25,0.0,0.0,0.26036661863327026,-0.006027230992913246,0.0023202067241072655
1897,17,13,1.0,0.9760006666183472,0,0,0.25,0.0,0.0,0.27590420842170715,-0.006480505224317312,-0.00021106097847223282
1898,17,14,1.0,0.9739734530448914,0,0,0.25,0.0,0.0,0.2804945707321167,-0.0015120311873033643,0.0006172889843583107
1899,17,15,1.0,0.9695513844490051,0,0,0.25,0.0,0.0,0.27801722288131714,-0.0040262117981910706,0.005504815839231014
1900,17,16,1.0,0.9609001874923706,0,0,0.25,0.0,0.0,0.27399778366088867,0.023289574310183525,0.00030399952083826065
1901,17,17,1.0,0.9705850481987,0,0,0.25,0.0,0.0,0.2627318799495697,0.025582365691661835,0.005167040042579174
1902,17,18,1.0,0.9516139626502991,0,0,0.25,0.0,0.0,0.24741443991661072,0.05904947966337204,0.008852495811879635
1903,17,19,1.0,0.9564489126205444,0,0,0.25,0.0,0.0,0.2122901976108551,0.10641933977603912,0.017523616552352905
1904,17,20,1.0,0.9611026048660278,0,0,0.25,0.0,0.0,0.15523482859134674,0.19001397490501404,0.01163590606302023
1905,17,21,1.0,0.9661601781845093,0,0,0.0,0.0,0.0,0.10743380337953568,0.24524979293346405,0.006196566857397556
1906,17,22,1.0,0.966208815574646,0,0,0.0,0.0,0.0,0.046819496899843216,0.2675485610961914,0.0038917558267712593
1907,17,23,1.0,0.967200517654419,0,0,0.0,0.0,0.0,0.008139640092849731,0.26753953099250793,-0.002141710836440325
1908,17,24,1.0,0.9671779870986938,0,0,0.0,0.0,0.0,-8.581031579524279e-05,0.26487448811531067,0.0026332587003707886
1909,17,25,1.0,0.9687740802764893,0,0,0.0,0.25,0.0,-0.004861326422542334,0.2639751732349396,0.0016429945826530457
1910,17,26,1.0,0.9686882495880127,0,0,0.0,0.25,0.0,-0.0039357710629701614,0.28193506598472595,0.009961043484508991
1911,17,27,1.0,0.9760199785232544,0,0,0.0,0.25,0.0,-0.0017434763722121716,0.28331315517425537,0.01304789911955595
1912,17,28,1.0,0.968019425868988,0,0,0.0,0.25,0.0,0.001983122667297721,0.2877406179904938,0.0007532313466072083
1913,17,29,1.0,0.9782787561416626,0,0,0.0,0.25,0.0,0.0014086386654525995,0.288970410823822,0.008517150767147541
1914,17,30,1.0,0.9903010129928589,0,0,0.0,0.25,0.0,-0.0041466280817985535,0.2839304804801941,0.0004589483141899109
1915,17,31,1.0,0.9987199306488037,0,0,0.0,0.25,0.0,-0.006344195920974016,0.2691686153411865,-0.000369219109416008
1916,17,32,1.0,0.9949750304222107,0,0,0.0,0.25,0.0,-0.008842638693749905,0.202129065990448,0.005087945610284805
1917,17,33,1.0,0.9977633357048035,0,0,0.0,0.25,0.0,-0.004539212211966515,0.16982810199260712,0.006559033878147602
1918,17,34,1.0,0.9887319803237915,0,0,0.0,0.25,0.0,-0.0054180980660021305,0.09156137704849243,-0.003775383345782757
1919,17,35,1.0,0.9787391424179077,0,0,0.0,0.0,0.0,-0.0019327097106724977,0.0772513672709465,-0.01950807310640812
1920,17,36,1.0,0.9701092839241028,0,0,0.0,0.0,0.0,-0.002482492011040449,0.03987262398004532,-0.019119486212730408
1921,17,37,1.0,0.969262957572937,0,0,0.0,0.0,0.0,-0.006043531466275454,0.02603488601744175,-0.02436961978673935
1922,17,38,1.0,0.977012038230896,0,0,0.0,0.0,0.0,-0.004321868531405926,0.018658939749002457,-0.01876521110534668
1923,17,39,1.0,0.9765126705169678,0,0,0.0,0.0,0.0,-0.004438237752765417,0.016388362273573875,-0.01818281039595604
1924,17,40,1.0,0.9840062260627747,0,0,0.0,0.0,0.0,-0.0035807753447443247,0.018210530281066895,-0.01766069605946541
1925,17,41,1.0,0.9838632345199585,0,0,0.0,0.0,0.0,-0.0036086251493543386,0.017806824296712875,-0.017543720081448555
1926,17,42,1.0,0.9852264523506165,0,0,0.0,0.25,0.0,-0.0014822154771536589,0.01731676049530506,-0.01783805713057518
1927,17,43,1.0,0.9954395890235901,0,0,0.0,0.0,0.0,0.0004682863363996148,0.039929017424583435,-0.023345256224274635
1928,17,44,1.0,0.9763755798339844,0,0,0.0,0.0,0.0,0.005472726654261351,0.022850390523672104,-0.037269264459609985
1929,17,45,1.0,0.975924015045166,0,0,0.0,0.0,0.0,0.005753399338573217,0.016910012811422348,-0.03882971033453941
1930,17,46,1.0,0.9752968549728394,0,0,0.0,0.0,0.0,0.004631156101822853,0.016226964071393013,-0.03201843798160553
1931,17,47,1.0,0.9748899936676025,0,0,0.0,0.0,0.0,0.004538069013506174,0.015176636166870594,-0.031412456184625626
1932,17,48,1.0,0.9755542874336243,0,0,0.0,0.25,0.0,0.004516911692917347,0.012301947921514511,-0.030691038817167282
1933,17,49,1.0,0.9771097898483276,0,0,0.0,0.0,0.0,0.0076477681286633015,0.032315947115421295,-0.035319939255714417
1934,17,50,1.0,0.9554567337036133,0,0,0.0,0.0,0.0,0.014671707525849342,0.01759812980890274,-0.007962478324770927
1935,17,51,1.0,0.9553974270820618,0,0,0.0,0.0,0.0,0.014266690239310265,0.011541984044015408,-0.010770471766591072
1936,17,52,1.0,0.9549858570098877,0,0,0.0,0.0,0.0,0.012374136596918106,0.008962538093328476,0.01048960816115141
1937,17,53,1.0,0.9549237489700317,0,0,0.0,0.0,0.0,0.012183468788862228,0.007999642752110958,0.011458256281912327
1938,17,54,1.0,0.9551115036010742,0,0,0.25,0.0,0.0,0.012465689331293106,0.008982038125395775,0.006791033782064915
1939,17,55,1.0,0.956720769405365,0,0,0.0,0.0,0.0,0.022730354219675064,0.009887266904115677,-0.006120720878243446
1940,17,56,1.0,0.9621350169181824,0,0,0.0,0.0,0.0,0.015606965869665146,0.007949928753077984,0.010446160100400448
1941,17,57,1.0,0.9653506278991699,0,0,0.0,0.0,0.0,0.011680321767926216,0.007859584875404835,0.00888910610228777
1942,17,58,1.0,0.9695020318031311,0,0,0.0,0.0,0.0,0.007494985591620207,0.010576501488685608,0.02152291312813759
1943,17,59,1.0,0.9692987203598022,0,0,0.0,0.0,0.0,0.006732309702783823,0.010532686486840248,0.021066755056381226
1944,17,60,1.0,0.9723249673843384,0,0,0.25,0.0,0.0,0.004117690492421389,0.00831453874707222,0.012493672780692577
1945,17,61,1.0,0.9814521074295044,0,0,0.25,0.0,0.0,0.017870135605335236,0.004171713255345821,-0.02156507968902588
1946,17,62,1.0,0.994767963886261,0,0,0.0,0.0,0.0,0.022244177758693695,0.005982037167996168,-0.06346800923347473
1947,17,63,1.0,0.9833691120147705,0,0,0.0,0.0,0.0,0.00967823714017868,0.007763630710542202,-0.14660941064357758
1948,17,64,1.0,0.9622628688812256,0,0,0.0,0.0,0.0,0.005665926728397608,0.006194517947733402,-0.318582147359848
1949,17,65,1.0,0.9631412029266357,0,0,0.0,0.0,0.0,0.0010522466618567705,0.005669538397341967,-0.31390097737312317
1950,17,66,1.0,0.9595074653625488,0,0,0.0,0.0,0.0,-0.00021915335673838854,0.006335840094834566,-0.3526403605937958
1951,17,67,1.0,0.9593587517738342,0,0,0.0,0.0,0.0,-0.0008468254236504436,0.006343487650156021,-0.3535379469394684
1952,17,68,1.0,0.9574492573738098,0,0,0.0,0.0,0.0,0.00042421999387443066,0.0066528357565402985,-0.35948699712753296
1953,17,69,1.0,0.9574038982391357,0,0,0.0,0.0,-0.5,0.0003300081007182598,0.006653562653809786,-0.35979941487312317
1954,17,70,1.0,0.9229969382286072,0,0,0.0,0.0,-0.5,0.006357275415211916,0.0015477669658139348,-0.49703359603881836
1955,17,71,1.0,0.8929118514060974,0,0,0.0,0.0,-0.5,0.008381765335798264,0.0015263204695656896,-0.5447835326194763
1956,17,72,1.0,0.8783285617828369,0,0,0.0,0.0,-0.5,0.005136074498295784,0.002162971068173647,-0.5513226389884949
1957,17,73,1.0,0.8744542598724365,0,0,0.0,0.0,-0.5,0.007184062618762255,0.0032514664344489574,-0.5482332706451416
1958,17,74,1.0,0.9253184795379639,0,0,0.0,0.0,-0.5,0.00435321731492877,0.0028318827971816063,-0.5392460823059082
1959,17,75,1.0,1.0372233390808105,0,0,0.0,0.0,-0.5,0.0057134623639285564,0.004738126881420612,-0.4662744104862213
1960,17,76,1.0,1.4408732652664185,0,0,0.0,0.0,-0.5,-0.0002612548414617777,0.012555833905935287,-0.26778942346572876
1961,17,77,1.0,1.611492395401001,0,1,0.0,0.0,-0.5,-0.0005564624443650246,0.012738900259137154,-0.1723192036151886
1962,17,78,1.0,1.9428348541259766,0,1,0.0,0.0,-0.5,0.002079717582091689,0.01006308849900961,-0.031849730759859085
1963,17,79,1.0,1.9336128234863281,0,1,0.0,0.0,-0.5,0.0017836957704275846,0.010221009142696857,-0.02937093749642372
1964,17,80,1.0,2.0040030479431152,0,1,0.0,0.0,-0.5,0.002397245494648814,0.008672433905303478,-0.0017030732706189156
1965,17,81,1.0,2.005687713623047,0,1,0.0,0.0,0.0,0.0025080402847379446,0.00864587165415287,0.00013879314064979553
1966,17,82,1.0,2.064603805541992,0,1,0.0,0.0,0.0,0.0042101009748876095,0.007804208435118198,0.021844901144504547
1967,17,83,1.0,2.064805030822754,0,1,0.0,0.0,0.0,0.004249235149472952,0.007777287624776363,0.022277124226093292
1968,17,84,2.0,2.018824577331543,1,1,0.0,0.0,0.0,0.0024340946692973375,0.008192219771444798,-0.0016266042366623878
1969,17,85,2.0,2.1100025177001953,1,1,0.0,0.0,0.0,-0.00026277825236320496,0.00765648391097784,0.016139741986989975
1970,17,86,2.0,2.146942138671875,1,1,0.0,0.0,0.0,-0.0047292569652199745,0.003763850312680006,-0.017638390883803368
1971,17,87,2.0,2.133390426635742,1,1,0.0,0.0,0.0,-0.002505597658455372,0.0031715072691440582,-0.07298282533884048
1972,17,88,2.0,2.1469385623931885,1,1,0.0,0.0,0.0,-0.0027936953119933605,0.005570839159190655,-0.0588054284453392
1973,17,89,2.0,2.157789468765259,1,1,0.0,0.0,0.0,-0.003959078341722488,0.006268394645303488,-0.051607415080070496
1974,17,90,2.0,2.147172212600708,1,1,0.0,0.0,0.0,-0.0024259828496724367,0.005759574007242918,-0.03580829128623009
1975,17,91,2.0,2.1394262313842773,1,1,0.0,0.0,0.0,-0.0031540277414023876,0.007317810785025358,-0.027069494128227234
1976,17,92,2.0,1.5356154441833496,1,1,0.0,0.0,0.0,0.0014199852012097836,0.008309031836688519,0.1657806932926178
1977,17,93,1.0,1.4190478324890137,0,0,0.0,0.0,0.0,0.00040317513048648834,0.009252360090613365,0.20278693735599518
1978,17,94,1.0,1.2548952102661133,0,0,0.0,0.0,0.0,-0.0029170748312026262,0.01009275671094656,0.2532946765422821
1979,17,95,1.0,1.2418211698532104,0,0,0.0,0.0,0.0,-0.0019394009141251445,0.009983140975236893,0.26205065846443176
1980,17,96,1.0,1.0873414278030396,0,0,0.0,0.0,0.0,-0.004563143476843834,0.009998776949942112,0.3131236135959625
1981,17,97,1.0,1.0684908628463745,0,0,0.0,0.0,0.0,-0.005007829517126083,0.01030320767313242,0.3196585178375244
1982,17,98,1.0,1.149217128753662,0,0,0.0,0.0,0.5,-0.001879426185041666,0.006388197652995586,0.28464776277542114
1983,17,99,1.0,1.0014457702636719,0,0,0.0,0.0,0.5,-0.0014407453127205372,0.009641931392252445,0.4762240946292877
1984,17,100,1.0,1.0003235340118408,0,0,0.0,0.0,0.5,-0.0041295671835541725,0.006609566975384951,0.5271643996238708
1985,17,101,1.0,0.9582836627960205,0,0,0.0,0.0,0.5,-0.003760509891435504,0.006963263265788555,0.5065522789955139
1986,17,102,1.0,0.9584963917732239,0,0,0.0,0.0,0.5,-0.00470825145021081,0.015017195604741573,0.5052409172058105
1987,17,103,1.0,0.9488587975502014,0,0,0.0,0.0,0.5,-0.003002466168254614,0.007120197638869286,0.5122156143188477
1988,17,104,1.0,0.946792721748352,0,0,0.0,0.0,0.5,7.640628609806299e-05,0.006434858776628971,0.5365791320800781
1989,17,105,1.0,0.9464371204376221,0,0,0.0,0.0,0.5,0.0006891230586916208,0.005021899007260799,0.5143038034439087
1990,17,106,1.0,0.9576494693756104,0,0,0.0,0.0,0.5,-0.0013904303777962923,0.015289140865206718,0.49046459794044495
1991,17,107,1.0,0.9697234630584717,0,0,0.0,0.0,0.5,0.0017597069963812828,0.025104288011789322,0.4471762776374817
1992,18,0,1.0,0.9776347279548645,0,0,0.0,0.0,0.0,-0.18364112079143524,-0.008944264613091946,0.005087637342512608
1993,18,1,1.0,0.9707527160644531,0,0,0.0,0.0,0.0,-0.2008253037929535,-0.007914043962955475,-0.006110761314630508
1994,18,2,1.0,0.9720714688301086,0,0,0.0,0.0,0.0,-0.20166970789432526,-0.0045917886309325695,0.0013052374124526978
1995,18,3,1.0,0.972751796245575,0,0,0.0,0.0,0.0,-0.19663475453853607,-0.005090158898383379,0.0042612794786691666
1996,18,4,1.0,0.9754826426506042,0,0,0.0,0.0,0.0,-0.20446205139160156,-0.005620692856609821,0.01014337595552206
1997,18,5,1.0,0.9758607149124146,0,0,0.0,0.0,0.0,-0.20355689525604248,-0.005787238012999296,0.011111690662801266
1998,18,6,1.0,0.9737252593040466,0,0,0.0,0.0,0.0,-0.2121669203042984,-0.0028787360060960054,0.009948224760591984
1999,18,7,1.0,0.9737881422042847,0,0,0.0,0.0,0.0,-0.2120179980993271,-0.002914350712671876,0.010210069827735424
2000,18,8,1.0,0.9702931642532349,0,0,-0.25,0.0,0.0,-0.21385230123996735,-0.0007444236543960869,0.01187534537166357
2001,18,9,1.0,0.9685600996017456,0,0,-0.25,0.0,0.0,-0.24992965161800385,-0.011849451810121536,0.011342708952724934
2002,18,10,1.0,0.9767230749130249,0,0,-0.25,0.0,0.0,-0.28393009305000305,-0.008343435823917389,-0.009815610945224762
2003,18,11,1.0,0.9831156730651855,0,0,-0.25,0.0,0.0,-0.27871590852737427,-0.009786051698029041,-0.005620221607387066
2004,18,12,1.0,0.9798229932785034,0,0,-0.25,0.0,0.0,-0.2859148681163788,0.009001191705465317,-0.019168458878993988
2005,18,13,1.0,0.9907106757164001,0,0,-0.25,0.0,0.0,-0.2808215916156769,0.006004147697240114,-0.015842145308852196
2006,18,14,1.0,0.9695834517478943,0,0,-0.25,0.0,0.0,-0.277276873588562,0.01938445307314396,0.0009584296494722366
2007,18,15,1.0,0.973513662815094,0,0,-0.25,0.0,0.0,-0.26244786381721497,0.04234907776117325,-0.010475415736436844
2008,18,16,1.0,0.963170051574707,0,0,-0.25,0.0,0.0,-0.20211736857891083,0.1276332139968872,0.0019599581137299538
2009,18,17,1.0,0.9745185971260071,0,0,-0.25,0.0,0.0,-0.1287086457014084,0.19808189570903778,0.0016062650829553604
2010,18,18,1.0,0.9690988063812256,0,0,-0.25,0.0,0.0,-0.10734733194112778,0.21788908541202545,-0.0009482838213443756
2011,18,19,1.0,0.9718136787414551,0,0,0.0,0.0,0.0,-0.08478367328643799,0.24103963375091553,0.0018068263307213783
2012,18,20,1.0,0.9643980264663696,0,0,0.0,0.0,0.0,-0.02421664074063301,0.2638983726501465,-0.00284096272662282
2013,18,21,1.0,0.9563810229301453,0,0,0.0,0.0,0.0,-0.0008810950675979257,0.26337096095085144,-0.003523329272866249
2014,18,22,1.0,0.9584888219833374,0,0,0.0,0.25,0.0,0.01594943180680275,0.265521764755249,-0.0038656629621982574
2015,18,23,1.0,0.9728766083717346,0,0,0.0,0.25,0.0,0.012178393080830574,0.2949627637863159,0.0034306254237890244
2016,18,24,1.0,0.9781663417816162,0,0,0.0,0.25,0.0,0.002981225959956646,0.29624634981155396,0.005004711449146271
2017,18,25,1.0,0.9754591584205627,0,0,0.0,0.25,0.0,0.006081171799451113,0.298267662525177,-0.0002227984368801117
2018,18,26,1.0,0.9839006066322327,0,0,0.0,0.25,0.0,0.005692881997674704,0.2960132658481598,0.006438897922635078
2019,18,27,1.0,0.9940337538719177,0,0,0.0,0.25,0.0,0.00958162546157837,0.30010986328125,0.004902287386357784
2020,18,28,1.0,1.0014045238494873,0,0,0.0,0.25,0.0,0.001090774079784751,0.2844327688217163,-0.012029317207634449
2021,18,29,1.0,0.9960882067680359,0,0,0.0,0.25,0.0,0.0038471342995762825,0.26165634393692017,-0.021980784833431244
2022,18,30,1.0,0.989414632320404,0,0,0.0,0.25,0.0,-0.007662736810743809,0.1678546667098999,-0.016564860939979553
2023,18,31,1.0,0.9909269213676453,0,0,0.0,0.25,0.0,-0.007365826051682234,0.12279804050922394,-0.01819140836596489
2024,18,32,1.0,0.9933001399040222,0,0,0.0,0.0,0.0,-0.005835708696395159,0.09736941009759903,-0.026526328176259995
2025,18,33,1.0,0.9859535694122314,0,0,0.0,0.0,0.0,-0.002869516611099243,0.04854137450456619,-0.020894212648272514
2026,18,34,1.0,0.9791098833084106,0,0,0.0,0.0,0.0,-0.0029762275516986847,0.031886421144008636,-0.018637944012880325
2027,18,35,1.0,0.9771426320075989,0,0,0.0,0.0,0.0,-0.0038049560971558094,0.02540096640586853,-0.01782946288585663
2028,18,36,1.0,0.9768368005752563,0,0,0.0,0.0,0.0,-0.0074249315075576305,0.021281680092215538,-0.018215319141745567
2029,18,37,1.0,0.9764437079429626,0,0,0.0,0.0,0.0,-0.007448648568242788,0.02041974663734436,-0.017955482006072998
2030,18,38,1.0,0.9732597470283508,0,0,0.0,0.25,0.0,-0.008886000141501427,0.02045501209795475,-0.020991718396544456
2031,18,39,1.0,0.9829039573669434,0,0,0.0,0.0,0.0,-0.006837300956249237,0.038312382996082306,-0.03855451941490173
2032,18,40,1.0,0.9804403781890869,0,0,0.0,0.0,0.0,-0.00639357790350914,0.028890006244182587,-0.036254964768886566
2033,18,41,1.0,0.9817016124725342,0,0,0.0,0.0,0.0,-0.005090220831334591,0.02154601365327835,-0.03879355266690254
2034,18,42,1.0,0.9712721109390259,0,0,0.0,0.0,0.0,-0.011629104614257812,0.01670888625085354,-0.032455749809741974
2035,18,43,1.0,0.9707677960395813,0,0,0.0,0.0,0.0,-0.0119565948843956,0.015523558482527733,-0.03184100240468979
2036,18,44,1.0,0.9744994640350342,0,0,0.0,0.25,0.0,-0.011608697474002838,0.015069734305143356,-0.030961599200963974
2037,18,45,1.0,0.9818747043609619,0,0,0.0,0.25,0.0,-0.004970910958945751,0.033275872468948364,-0.037502583116292953
2038,18,46,1.0,0.9762169122695923,0,0,0.0,0.0,0.0,-0.013460496440529823,0.03390513360500336,-0.02669500559568405
2039,18,47,1.0,0.9742424488067627,0,0,0.0,0.0,0.0,-0.01763729937374592,0.019939234480261803,-0.01878691464662552
2040,18,48,1.0,0.96590256690979,0,0,0.0,0.0,0.0,-0.019568396732211113,0.008914110250771046,-0.007630282547324896
2041,18,49,1.0,0.9658913612365723,0,0,0.0,0.0,0.0,-0.02002475969493389,0.005633069202303886,-0.004011007025837898
2042,18,50,1.0,0.9669490456581116,0,0,0.0,0.0,0.0,-0.02289922721683979,0.0043109264224767685,0.003828149288892746
2043,18,51,1.0,0.9666693210601807,0,0,-0.25,0.0,0.0,-0.023198096081614494,0.003531621303409338,0.004100808873772621
2044,18,52,1.0,0.9645640850067139,0,0,-0.25,0.0,0.0,-0.034645840525627136,0.008843769319355488,-0.003173446748405695
2045,18,53,1.0,0.970369815826416,0,0,0.0,0.0,0.0,-0.03377089649438858,0.01197238452732563,-0.018111450597643852
2046,18,54,1.0,0.9882283210754395,0,0,0.0,0.0,0.0,-0.017718445509672165,0.0037103970535099506,-0.02291475236415863
2047,18,55,1.0,0.9922243356704712,0,0,0.0,0.0,0.0,-0.012218661606311798,0.0006440950091928244,-0.026242971420288086
2048,18,56,1.0,0.9963979125022888,0,0,0.0,0.0,0.0,-0.007802910637110472,0.0015104318736121058,-0.05075635015964508
2049,18,57,1.0,0.9966717958450317,0,0,0.0,0.0,0.0,-0.006831992417573929,0.001211887109093368,-0.05135657638311386
2050,18,58,1.0,0.9933583736419678,0,0,-0.25,0.0,0.0,-0.005765045061707497,0.0018215551972389221,-0.07876797020435333
2051,18,59,1.0,0.9883547425270081,0,0,0.0,0.0,0.0,-0.016083624213933945,0.006242022849619389,-0.0924292504787445
2052,18,60,1.0,0.9819337725639343,0,0,0.0,0.0,0.0,-0.008703671395778656,0.002968346234411001,-0.16651438176631927
2053,18,61,1.0,0.9818109273910522,0,0,0.0,0.0,0.0,-0.004926960915327072,0.0014477433869615197,-0.17070870101451874
2054,18,62,1.0,0.9797037839889526,0,0,0.0,0.0,0.0,0.0014092347119003534,0.0017110088374465704,-0.1978091597557068
2055,18,63,1.0,0.9798532724380493,0,0,0.0,0.0,0.0,0.0020747706294059753,0.0014413727913051844,-0.1989891231060028
2056,18,64,1.0,0.9814618229866028,0,0,0.0,0.0,0.0,0.000515491352416575,0.00010092183947563171,-0.21395725011825562
2057,18,65,1.0,0.9814916849136353,0,0,0.0,0.0,-0.5,0.0006286262068897486,6.605871021747589e-05,-0.2141132354736328
2058,18,66,1.0,0.949750542640686,0,0,0.0,0.0,-0.5,0.002993736881762743,0.002308521419763565,-0.47531986236572266
2059,18,67,1.0,0.9182224869728088,0,0,0.0,0.0,-0.5,0.007092380430549383,-0.00039054214721545577,-0.5522758364677429
2060,18,68,1.0,0.9263845682144165,0,0,0.0,0.0,-0.5,0.007299646269530058,0.0010590398451313376,-0.5695492029190063
2061,18,69,1.0,0.9151820540428162,0,0,0.0,0.0,-0.5,0.009710041806101799,0.0026776951272040606,-0.5620869398117065
2062,18,70,1.0,0.9082649946212769,0,0,0.0,0.0,-0.5,0.0033310502767562866,0.004755965434014797,-0.5469379425048828
2063,18,71,1.0,0.9102160930633545,0,0,0.0,0.0,-0.5,-0.00071837252471596,0.0019029444083571434,-0.5226836800575256
2064,18,72,1.0,1.0440750122070312,0,0,0.0,0.0,-0.5,-0.004385105334222317,0.006222486030310392,-0.4506193995475769
2065,18,73,1.0,1.2227869033813477,0,0,0.0,0.0,-0.5,-0.004610562697052956,0.006540054455399513,-0.3597215414047241
2066,18,74,1.0,1.6690679788589478,0,1,0.0,0.0,-0.5,0.0013310799840837717,0.004707664251327515,-0.15657839179039001
2067,18,75,1.0,1.8321356773376465,0,1,0.0,0.0,-0.5,0.0037689320743083954,0.004467539023607969,-0.08120545744895935
2068,18,76,1.0,1.9255380630493164,0,1,0.0,0.0,-0.5,0.005123381968587637,0.0021162736229598522,-0.032413966953754425
2069,18,77,1.0,1.9309982061386108,0,1,0.0,0.0,0.0,0.00527635682374239,0.0017769832629710436,-0.026750382035970688
2070,18,78,1.0,1.983241319656372,0,1,0.0,0.0,0.0,0.0038780751638114452,0.0012911183293908834,-0.012498706579208374
2071,18,79,1.0,1.9841352701187134,0,1,0.0,0.0,0.0,0.003974975552409887,0.0011743505019694567,-0.010801506228744984
2072,18,80,1.0,1.9785056114196777,0,1,0.0,0.0,0.0,0.003931769635528326,0.0010265682358294725,-0.008119462057948112
2073,18,81,2.0,1.9787201881408691,1,1,0.0,0.0,0.0,0.003993615973740816,0.0009575873846188188,-0.007437459658831358
2074,18,82,2.0,2.116180419921875,1,1,0.0,0.0,0.0,0.005902215838432312,-0.0010343566536903381,0.029179222881793976
2075,18,83,2.0,2.0966317653656006,1,1,0.0,0.0,0.0,0.001451276708394289,0.002889377297833562,-0.012325489893555641
2076,18,84,2.0,2.093526601791382,1,1,0.0,0.0,0.0,-0.003047396894544363,0.004636572673916817,-0.017637617886066437
2077,18,85,2.0,2.106698989868164,1,1,0.0,0.0,0.0,-0.004770093597471714,0.008079400286078453,0.005328912287950516
2078,18,86,2.0,2.05515193939209,1,1,0.0,0.0,0.0,-0.003413545899093151,0.008725175634026527,0.040127165615558624
2079,18,87,2.0,2.054995536804199,1,1,0.0,0.0,0.0,-0.0032283305190503597,0.009250838309526443,0.04242768511176109
2080,18,88,2.0,1.8962781429290771,1,1,0.0,0.0,0.0,-0.001402678550221026,0.010298112407326698,0.10085167735815048
2081,18,89,2.0,1.896298885345459,1,1,0.0,0.0,0.0,-0.0014442001702263951,0.010210529901087284,0.10095960646867752
2082,18,90,2.0,1.8758710622787476,1,1,0.0,0.0,0.0,-0.0021145599894225597,0.009915241040289402,0.107376828789711
2083,18,91,2.0,1.875766634941101,1,1,0.0,0.0,0.0,-0.0021375278010964394,0.009856417775154114,0.10734293609857559
2084,18,92,1.0,1.7353370189666748,0,1,0.0,0.0,0.0,-0.0010929589625447989,0.008350424468517303,0.13434676826000214
2085,18,93,1.0,1.7351795434951782,0,1,0.0,0.0,0.0,-0.0011034675408154726,0.008300617337226868,0.13427391648292542
2086,18,94,1.0,1.74790620803833,0,1,0.0,0.0,0.0,-0.0009671347215771675,0.009780184365808964,0.13259150087833405
2087,18,95,1.0,1.7477002143859863,0,1,0.0,0.0,0.5,-0.0009782477281987667,0.009729868732392788,0.13249540328979492
2088,18,96,1.0,1.5520625114440918,0,1,0.0,0.0,0.5,0.004697180353105068,0.00838329829275608,0.3564697802066803
2089,18,97,1.0,1.0046570301055908,0,0,0.0,0.0,0.5,0.0021492873784154654,0.008185701444745064,0.4738194942474365
2090,18,98,1.0,0.9636878371238708,0,0,0.0,0.0,0.5,0.0021255603060126305,0.010357827879488468,0.5279232263565063
2091,18,99,1.0,0.9664384722709656,0,0,0.0,0.0,0.5,0.005112325772643089,0.01139413844794035,0.5448085069656372
2092,18,100,1.0,0.9624304175376892,0,0,0.0,0.0,0.5,0.0006992162670940161,0.003190754447132349,0.5181137323379517
2093,18,101,1.0,0.9587472081184387,0,0,0.0,0.0,0.5,0.003740728832781315,0.0026656496338546276,0.51859050989151
2094,18,102,1.0,0.963580846786499,0,0,0.0,0.0,0.5,0.002417006529867649,0.00637534586712718,0.5357894897460938
2095,19,0,1.0,0.9711360931396484,0,0,0.0,0.0,0.0,0.22698238492012024,0.016158346086740494,-0.00635911151766777
2096,19,1,1.0,0.9659499526023865,0,0,0.0,0.0,0.0,0.21963079273700714,0.01812390796840191,-0.01686880737543106
2097,19,2,1.0,0.9594631791114807,0,0,0.0,0.0,0.0,0.22878412902355194,0.014983880333602428,-0.017090002074837685
2098,19,3,1.0,0.9601478576660156,0,0,0.0,0.0,0.0,0.23114116489887238,0.014574452303349972,-0.014982320368289948
2099,19,4,1.0,0.9620933532714844,0,0,0.0,0.0,0.0,0.23147790133953094,0.015479357913136482,-0.011831170879304409
2100,19,5,1.0,0.9621872305870056,0,0,0.0,0.0,0.0,0.23193757236003876,0.015399329364299774,-0.011297912336885929
2101,19,6,1.0,0.9609634876251221,0,0,0.0,0.0,0.0,0.23236620426177979,0.016172539442777634,-0.009808079339563847
2102,19,7,1.0,0.9609851241111755,0,0,0.0,0.0,0.0,0.23247301578521729,0.016146870329976082,-0.009658874943852425
2103,19,8,1.0,0.9598637223243713,0,0,0.0,0.0,0.0,0.23299770057201385,0.014808355830609798,-0.009054992347955704
2104,19,9,1.0,0.9598665833473206,0,0,0.0,0.0,0.0,0.23302002251148224,0.014802644960582256,-0.009017369709908962
2105,19,10,1.0,0.960172176361084,0,0,0.0,0.0,0.0,0.23376114666461945,0.014563651755452156,-0.01032525859773159
2106,19,11,1.0,0.9601729512214661,0,0,0.0,0.0,0.0,0.23376674950122833,0.01456205639988184,-0.010315251536667347
2107,19,12,1.0,0.9601320624351501,0,0,0.0,0.0,0.0,0.2337762415409088,0.014554846100509167,-0.010279715992510319
2108,19,13,1.0,0.9601321220397949,0,0,0.25,0.0,0.0,0.23377758264541626,0.014554424211382866,-0.010277136228978634
2109,19,14,1.0,0.9735140800476074,0,0,0.25,0.0,0.0,0.2508065104484558,0.013489922508597374,0.0032292306423187256
2110,19,15,1.0,0.9755281209945679,0,0,0.25,0.0,0.0,0.2594761848449707,0.015507055446505547,0.008503296412527561
2111,19,16,1.0,0.9729092717170715,0,0,0.25,0.0,0.0,0.2578761875629425,0.014148852787911892,0.020500455051660538
2112,19,17,1.0,0.9658068418502808,0,0,0.25,0.0,0.0,0.25141170620918274,-0.004726666957139969,0.01907654106616974
2113,19,18,1.0,0.9520034790039062,0,0,0.25,0.0,0.0,0.2442927062511444,-0.022213105112314224,0.01819024607539177
2114,19,19,1.0,0.9573196768760681,0,0,0.25,0.0,0.0,0.23593077063560486,-0.03777362406253815,0.016972381621599197
2115,19,20,1.0,0.9592891335487366,0,0,0.25,0.0,0.0,0.20919547975063324,-0.07103390991687775,0.006606473587453365
2116,19,21,1.0,0.974476158618927,0,0,0.25,0.0,0.0,0.2039274424314499,-0.07433765381574631,0.010597706772387028
2117,19,22,1.0,0.9849573969841003,0,0,0.25,0.0,0.0,0.14218676090240479,-0.1445474475622177,-0.00038618966937065125
2118,19,23,1.0,0.978062093257904,0,0,0.25,0.0,0.0,0.11973237246274948,-0.160369411110878,-0.009012183174490929
2119,19,24,1.0,1.0038248300552368,0,0,0.0,0.0,0.0,0.10438085347414017,-0.19149872660636902,-0.010514507070183754
2120,19,25,1.0,0.9894344210624695,0,0,0.0,0.0,0.0,0.05203356593847275,-0.2213233858346939,-0.005126534029841423
2121,19,26,1.0,0.9873276352882385,0,0,0.0,0.0,0.0,0.0068947006948292255,-0.22723573446273804,0.0006417371332645416
2122,19,27,1.0,0.9841147065162659,0,0,0.0,0.0,0.0,-0.007883630692958832,-0.22802463173866272,-0.0024671098217368126
2123,19,28,1.0,0.981846034526825,0,0,0.0,-0.25,0.0,-0.012931996956467628,-0.2267034351825714,-0.0058329468593001366
2124,19,29,1.0,0.9850071668624878,0,0,0.0,-0.25,0.0,-0.016051309183239937,-0.2584152817726135,-0.009776685386896133
2125,19,30,1.0,0.9980598092079163,0,0,0.0,-0.25,0.0,-0.012255346402525902,-0.26472094655036926,-0.0029776780866086483
2126,19,31,1.0,0.9893514513969421,0,0,0.0,-0.25,0.0,-0.005487759597599506,-0.26799383759498596,-0.008735029958188534
2127,19,32,1.0,0.9875108003616333,0,0,0.0,-0.25,0.0,-0.007242706138640642,-0.2730761766433716,0.0002122512087225914
2128,19,33,1.0,0.9919534921646118,0,0,0.0,-0.25,0.0,-0.002416810020804405,-0.27286002039909363,0.006475798785686493
2129,19,34,1.0,0.9968166947364807,0,0,0.0,-0.25,0.0,-0.01002693735063076,-0.2702823877334595,0.00475660152733326
2130,19,35,1.0,0.9901285767555237,0,0,0.0,-0.25,0.0,0.00035098055377602577,-0.2553049325942993,0.005344755947589874
2131,19,36,1.0,0.9895243644714355,0,0,0.0,-0.25,0.0,-0.002498408779501915,-0.18495836853981018,0.015237201936542988
2132,19,37,1.0,0.9768618941307068,0,0,0.0,-0.25,0.0,-0.0031526144593954086,-0.10528751462697983,-0.012204619124531746
2133,19,38,1.0,0.9769103527069092,0,0,0.0,-0.25,0.0,-0.0058654905296862125,-0.06142301857471466,-0.007700337562710047
2134,19,39,1.0,0.9766906499862671,0,0,0.0,0.0,0.0,-0.002629901049658656,-0.04368893802165985,-0.013126123696565628
2135,19,40,1.0,0.9771038293838501,0,0,0.0,0.0,0.0,0.002417386509478092,-0.01951533742249012,-0.02570679783821106
2136,19,41,1.0,0.9802802205085754,0,0,0.0,0.0,0.0,0.00014413648750633,-0.008916938677430153,-0.04012249782681465
2137,19,42,1.0,0.9814925789833069,0,0,0.0,0.0,0.0,-0.0005737830069847405,-0.0012775303330272436,-0.032181672751903534
2138,19,43,1.0,0.9817445278167725,0,0,0.0,0.0,0.0,-0.0007932743756100535,0.0004558864748105407,-0.03267231956124306
2139,19,44,1.0,0.9826284050941467,0,0,0.0,0.0,0.0,-0.001151684788055718,0.0006157179595902562,-0.035066697746515274
2140,19,45,1.0,0.9827169179916382,0,0,0.0,-0.25,0.0,-0.0011891318717971444,0.0009339360985904932,-0.03516290336847305
2141,19,46,1.0,0.9762348532676697,0,0,0.0,0.0,0.0,0.006184669211506844,-0.012151245959103107,-0.018952012062072754
2142,19,47,1.0,0.9781582355499268,0,0,0.0,0.0,0.0,0.00629184115678072,-0.0043741511180996895,-0.026514489203691483
2143,19,48,1.0,0.9675564169883728,0,0,0.0,0.0,0.0,0.005667719524353743,-0.0003149262338411063,-0.012711098417639732
2144,19,49,1.0,0.9684158563613892,0,0,0.0,0.0,0.0,0.005749701522290707,0.0022251440677791834,-0.011659957468509674
2145,19,50,1.0,0.9589845538139343,0,0,0.0,0.0,0.0,0.004776253830641508,0.003909466788172722,0.009251256473362446
2146,19,51,1.0,0.9590005874633789,0,0,0.0,0.0,0.0,0.004761338233947754,0.004209163598716259,0.008952957578003407
2147,19,52,1.0,0.959638774394989,0,0,0.25,0.0,0.0,0.004989689216017723,0.0038214088417589664,0.005889621563255787
2148,19,53,1.0,0.9659935235977173,0,0,0.0,0.0,0.0,0.01552056148648262,0.006542440038174391,0.011027547530829906
2149,19,54,1.0,0.9666305780410767,0,0,0.0,0.0,0.0,0.010153686627745628,0.005779732018709183,0.016331858932971954
2150,19,55,1.0,0.964838981628418,0,0,0.0,0.0,0.0,0.0076097059063613415,0.005231013055890799,0.015288279391825199
2151,19,56,1.0,0.9812577366828918,0,0,0.0,0.0,0.0,0.0036161430180072784,0.0037852488458156586,0.007216054014861584
2152,19,57,1.0,0.9811464548110962,0,0,0.0,0.0,0.0,0.002919865772128105,0.00364982383325696,0.007164941169321537
2153,19,58,1.0,0.9840587973594666,0,0,0.0,0.0,0.0,0.0012581141199916601,0.002673967042937875,-0.0036547291092574596
2154,19,59,1.0,0.9840335249900818,0,0,0.0,0.0,0.0,0.001151402946561575,0.0026554923970252275,-0.003826635889708996
2155,19,60,1.0,0.9779244065284729,0,0,0.0,-0.25,0.0,0.0020066844299435616,0.003088137833401561,0.0021091848611831665
2156,19,61,1.0,0.9795512557029724,0,0,0.0,0.0,0.0,0.002118773525580764,-0.009524120017886162,-0.02852289006114006
2157,19,62,1.0,0.9801638722419739,0,0,0.0,0.0,0.0,0.002812344580888748,-0.003806179855018854,-0.0596761517226696
2158,19,63,1.0,0.9805675745010376,0,0,0.0,0.0,0.0,0.0008902526460587978,0.001378802233375609,-0.07708652317523956
2159,19,64,1.0,0.9786794781684875,0,0,0.0,0.0,0.0,0.0005508002359420061,0.0034532498102635145,-0.13615091145038605
2160,19,65,1.0,0.9786773324012756,0,0,0.0,0.0,0.0,0.0004729743814095855,0.0042525241151452065,-0.136784628033638
2161,19,66,1.0,0.9766659736633301,0,0,0.0,0.0,0.0,0.0004796659341081977,0.0064361621625721455,-0.16461510956287384
2162,19,67,1.0,0.9766687154769897,0,0,0.0,0.0,0.0,0.0004794395063072443,0.00659111887216568,-0.1647336184978485
2163,19,68,1.0,0.9773134589195251,0,0,0.0,0.0,-0.5,0.0002925401786342263,0.005511482246220112,-0.15781544148921967
2164,19,69,1.0,0.942326545715332,0,0,0.0,0.0,-0.5,0.006063538137823343,0.004098477307707071,-0.4268127977848053
2165,19,70,1.0,0.9137779474258423,0,0,0.0,0.0,-0.5,0.006103424821048975,0.0058883787132799625,-0.524053156375885
2166,19,71,1.0,0.8958107829093933,0,0,0.0,0.0,-0.5,0.004400096833705902,0.0010542345698922873,-0.5556610226631165
2167,19,72,1.0,0.8888435363769531,0,0,0.0,0.0,-0.5,0.008324610069394112,0.0029165225569158792,-0.575133204460144
2168,19,73,1.0,0.8777899146080017,0,0,0.0,0.0,-0.5,0.011640381067991257,0.0022579114884138107,-0.5670433640480042
2169,19,74,1.0,0.9076253175735474,0,0,0.0,0.0,-0.5,0.008863098919391632,-0.0021359561942517757,-0.5439595580101013
2170,19,75,1.0,1.0292128324508667,0,0,0.0,0.0,-0.5,0.003335055895149708,-0.0013174745254218578,-0.46082934737205505
2171,19,76,1.0,1.5058398246765137,0,1,0.0,0.0,-0.5,0.00031547551043331623,0.0034487873781472445,-0.22584891319274902
2172,19,77,1.0,1.6480329036712646,0,1,0.0,0.0,-0.5,0.0007377888541668653,0.00416184589266777,-0.14271262288093567
2173,19,78,1.0,1.827689528465271,0,1,0.0,0.0,-0.5,0.003182307817041874,0.001466662622988224,-0.07489732652902603
2174,19,79,1.0,1.8283811807632446,0,1,0.0,0.0,-0.5,0.0032228119671344757,0.0013619676465168595,-0.07047252357006073
2175,19,80,1.0,1.8545892238616943,0,1,0.0,0.0,-0.5,0.0021002558059990406,0.0026966677978634834,-0.05988459661602974
2176,19,81,1.0,1.8562543392181396,0,1,0.0,0.0,0.0,0.002129067201167345,0.0027045912574976683,-0.058825474232435226
2177,19,82,1.0,1.9155819416046143,0,1,0.0,0.0,0.0,0.0018694919999688864,0.0037131262943148613,-0.045254163444042206
2178,19,83,1.0,1.9159777164459229,0,1,0.0,0.0,0.0,0.0018489824142307043,0.003742554225027561,-0.04513733088970184
2179,19,84,1.0,1.9197018146514893,0,1,0.0,0.0,0.0,0.002172804670408368,0.0028248897287994623,-0.04358258470892906
2180,19,85,2.0,1.9198079109191895,1,1,0.0,0.0,0.0,0.0021388069726526737,0.0028559898491948843,-0.04368264600634575
2181,19,86,2.0,2.0814857482910156,1,1,0.0,0.0,0.0,0.005914835259318352,-0.0048353648744523525,0.047753192484378815
2182,19,87,2.0,2.0857136249542236,1,1,0.0,0.0,0.0,0.0039202980697155,0.005156191065907478,-0.013098211959004402
2183,19,88,2.0,2.0858817100524902,1,1,0.0,0.0,0.0,0.004904306959360838,0.005551367998123169,-0.004420872312039137
2184,19,89,2.0,2.085662841796875,1,1,0.0,0.0,0.0,0.0053620473481714725,0.005983053240925074,-0.003778211772441864
2185,19,90,2.0,1.8926677703857422,1,1,0.0,0.0,0.0,0.002817366272211075,0.005773294251412153,0.09615147858858109
2186,19,91,2.0,1.8940904140472412,1,1,0.0,0.0,0.0,0.002856604754924774,0.005801032762974501,0.09377647191286087
2187,19,92,2.0,1.5736839771270752,1,1,0.0,0.0,0.0,0.003917606081813574,0.005164118018001318,0.20330478250980377
2188,19,93,2.0,1.5745797157287598,1,1,0.0,0.0,0.0,0.003947637975215912,0.005207431502640247,0.2023719847202301
2189,19,94,1.0,1.570315957069397,0,1,0.0,0.0,0.0,0.003466904629021883,0.006750629749149084,0.20128200948238373
2190,19,95,1.0,1.5708916187286377,0,1,0.0,0.0,0.0,0.003488438203930855,0.00677966745570302,0.20081037282943726
2191,19,96,1.0,1.3672521114349365,0,0,0.0,0.0,0.0,0.0029187877662479877,0.005272015929222107,0.26047655940055847
2192,19,97,1.0,1.3677366971969604,0,0,0.0,0.0,0.0,0.0029224855825304985,0.005291239358484745,0.2601241171360016
2193,19,98,1.0,1.511348009109497,0,1,0.0,0.0,0.5,9.250710718333721e-06,0.004751156084239483,0.21971338987350464
2194,19,99,1.0,1.4138085842132568,0,0,0.0,0.0,0.5,0.0029418705962598324,0.007175746839493513,0.296330064535141
2195,19,100,1.0,1.05055832862854,0,0,0.0,0.0,0.5,-0.002414724789559841,0.010102878324687481,0.4979684054851532
2196,19,101,1.0,0.9830008149147034,0,0,0.0,0.0,0.5,-0.004538457375019789,0.010521682910621166,0.5230949521064758
2197,19,102,1.0,0.9536948204040527,0,0,0.0,0.0,0.5,-0.004362047649919987,0.010933703742921352,0.5210587382316589
2198,19,103,1.0,0.9533804655075073,0,0,0.0,0.0,0.5,-0.0015829349867999554,0.010309944860637188,0.48728513717651367
2199,19,104,1.0,0.9500265717506409,0,0,0.0,0.0,0.5,-0.0016350609948858619,0.01036764308810234,0.5423888564109802
2200,19,105,1.0,0.9361345767974854,0,0,0.0,0.0,0.5,-0.0014406032860279083,0.01018891204148531,0.540019154548645
2201,19,106,1.0,0.9460669755935669,0,0,0.0,0.0,0.5,0.0007980456575751305,0.009986556135118008,0.5173143744468689
2202,19,107,1.0,0.9461668729782104,0,0,0.0,0.0,0.5,-0.00012673018500208855,0.009438878856599331,0.518869936466217
