dataset_index,episode_index,frame_index,target_gripper,predicted_gripper,target_is_close,predicted_is_close,target_delta_x,target_delta_y,target_delta_z,predicted_delta_x,predicted_delta_y,predicted_delta_z
0,0,0,1.0,1.004946231842041,0,0,0.0,0.0,0.0,0.010197608731687069,0.002797784749418497,-0.0078233378008008
1,0,1,1.0,1.0059845447540283,0,0,0.0,0.0,0.0,0.01047459151595831,0.0022411788813769817,-0.011917218565940857
2,0,2,1.0,1.007067084312439,0,0,0.0,0.0,0.0,0.009286517277359962,0.0010739248245954514,-0.005225212313234806
3,0,3,1.0,1.0069482326507568,0,0,0.0,0.0,0.0,0.009301293641328812,0.001188026275485754,-0.004430343396961689
4,0,4,1.0,1.005125880241394,0,0,0.0,0.0,0.0,0.008987203240394592,0.0015922867460176349,0.010813461616635323
5,0,5,1.0,1.0051600933074951,0,0,0.0,0.0,0.0,0.008998474106192589,0.0016161856474354863,0.011022636666893959
6,0,6,1.0,1.0007891654968262,0,0,0.0,0.0,0.0,0.0022292439825832844,0.00045672222040593624,0.005159467458724976
7,0,7,1.0,1.0007847547531128,0,0,0.0,0.0,0.0,0.002251950092613697,0.00045995134860277176,0.005242018960416317
8,0,8,1.0,0.9999312162399292,0,0,0.0,0.0,0.0,-0.002937221433967352,-0.00022813695250079036,0.0030402373522520065
9,0,9,1.0,0.9999299645423889,0,0,0.0,0.0,0.0,-0.0029297221917659044,-0.00022774370154365897,0.0030644722282886505
10,0,10,1.0,1.0017638206481934,0,0,0.0,0.0,0.0,0.00879385881125927,0.0010590377496555448,0.008935384452342987
11,0,11,1.0,1.001762866973877,0,0,0.0,0.0,0.0,0.008793925866484642,0.0010591185418888927,0.008939871564507484
12,0,12,1.0,1.0019183158874512,0,0,0.0,0.0,0.0,0.008575912564992905,0.0011750117409974337,0.008699849247932434
13,0,13,1.0,1.0019181966781616,0,0,0.0,0.0,0.0,0.008575933054089546,0.0011749856639653444,0.008701011538505554
14,0,14,1.0,1.0019179582595825,0,0,0.0,0.0,0.0,0.008575938642024994,0.0011750039411708713,0.008701648563146591
15,0,15,1.0,1.001917839050293,0,0,0.0,0.0,0.0,0.00857593584805727,0.001174977864138782,0.008701954036951065
16,0,16,1.0,1.001917839050293,0,0,0.0,0.0,0.0,0.008575948886573315,0.0011749700643122196,0.008702030405402184
17,0,17,1.0,1.001917839050293,0,0,0.0,0.0,0.0,0.008575932122766972,0.0011749673867598176,0.008702170103788376
18,0,18,1.0,1.001917839050293,0,0,0.0,0.0,0.0,0.008575951680541039,0.001174977864138782,0.008702147752046585
19,0,19,1.0,1.001917839050293,0,0,0.0,0.0,0.0,0.008575962856411934,0.0011749804252758622,0.008702196180820465
20,0,20,1.0,1.001917839050293,0,0,0.0,0.0,0.0,0.008575943298637867,0.0011749856639653444,0.008702198043465614
21,0,21,1.0,1.001917839050293,0,0,0.0,0.0,0.0,0.008575962856411934,0.0011749648256227374,0.008702203631401062
22,0,22,1.0,1.001917839050293,0,0,0.0,0.0,0.0,0.008575968444347382,0.0011749753030017018,0.008702199906110764
23,0,23,1.0,1.001917839050293,0,0,-0.25,0.0,0.0,0.00857596006244421,0.0011749622644856572,0.008702194318175316
24,0,24,1.0,1.0010865926742554,0,0,-0.25,0.0,0.0,-0.2661842107772827,-0.0058314683847129345,0.004254761151969433
25,0,25,1.0,0.9993764758110046,0,0,-0.25,0.0,0.0,-0.27195003628730774,-0.0068961274810135365,0.005383430048823357
26,0,26,1.0,0.9989233016967773,0,0,-0.25,0.0,0.0,-0.27558571100234985,-0.006705151870846748,0.0027281465008854866
27,0,27,1.0,0.9980813264846802,0,0,-0.25,0.0,0.0,-0.2779126763343811,-0.008062722161412239,0.0028562787920236588
28,0,28,1.0,0.9951499104499817,0,0,-0.25,0.0,0.0,-0.2788524925708771,-0.0068681868724524975,-0.0018692831508815289
29,0,29,1.0,0.9957579970359802,0,0,-0.25,0.0,0.0,-0.28224021196365356,-0.005717593245208263,-0.0007668491452932358
30,0,30,1.0,0.9981324672698975,0,0,-0.25,0.0,0.0,-0.2809855341911316,-0.004589234944432974,0.004662272520363331
31,0,31,1.0,0.9996528625488281,0,0,-0.25,0.0,0.0,-0.28662338852882385,-0.0055571990087628365,0.005219295620918274
32,0,32,1.0,0.9967030882835388,0,0,-0.25,0.0,0.0,-0.2850908041000366,-0.003684151917695999,0.0023179389536380768
33,0,33,1.0,0.9997168779373169,0,0,-0.25,0.0,0.0,-0.2865671217441559,-0.002889529801905155,0.0036424370482563972
34,0,34,1.0,1.0037404298782349,0,0,-0.25,0.0,0.0,-0.2855796217918396,-0.0013155206106603146,0.002271839417517185
35,0,35,1.0,1.0063936710357666,0,0,-0.25,0.0,0.0,-0.2715720534324646,-0.0005037004011683166,-0.00031478889286518097
36,0,36,1.0,0.9954569935798645,0,0,-0.25,0.0,0.0,-0.17216424643993378,-0.0019459176110103726,-0.00529097393155098
37,0,37,1.0,0.9925837516784668,0,0,-0.25,0.0,0.0,-0.06881427019834518,-0.0016154961194843054,-0.002026941627264023
38,0,38,1.0,0.9940422773361206,0,0,0.0,0.0,0.0,-0.023070156574249268,0.004040800034999847,0.006513179279863834
39,0,39,1.0,0.9921301603317261,0,0,0.0,0.0,0.0,0.01109897531569004,0.004403597209602594,0.0029944684356451035
40,0,40,1.0,0.9978410005569458,0,0,0.0,0.0,0.0,0.005680013447999954,-0.040277011692523956,-0.0009626792743802071
41,0,41,1.0,0.9981808662414551,0,0,0.0,0.0,0.0,0.008331118151545525,-0.043093614280223846,-0.003849282395094633
42,0,42,1.0,0.9988683462142944,0,0,0.0,0.0,0.0,-0.00014384626410901546,-0.18283261358737946,-0.005389374680817127
43,0,43,1.0,0.9987719058990479,0,0,0.0,0.0,0.0,1.80716160684824e-05,-0.18301498889923096,-0.005674327723681927
44,0,44,1.0,0.9919700026512146,0,0,0.0,0.0,0.0,-0.0031841606833040714,-0.24613623321056366,-0.0030893017537891865
45,0,45,1.0,0.9919566512107849,0,0,0.0,0.0,0.0,-0.0031738842371851206,-0.24616634845733643,-0.0031082630157470703
46,0,46,1.0,0.9898517727851868,0,0,0.0,-0.25,0.0,-0.004031856544315815,-0.2586517632007599,-0.0010516457259654999
47,0,47,1.0,0.9877132177352905,0,0,0.0,-0.25,0.0,-0.005130983889102936,-0.2730049192905426,0.00314540509134531
48,0,48,1.0,0.9868072271347046,0,0,0.0,-0.25,0.0,-0.004716734867542982,-0.26533541083335876,-0.0007655220106244087
49,0,49,1.0,0.9870765209197998,0,0,0.0,-0.25,0.0,-0.004484948702156544,-0.2747874855995178,0.0055992258712649345
50,0,50,1.0,0.9872167110443115,0,0,0.0,-0.25,0.0,-0.004217884503304958,-0.27410387992858887,0.00981006771326065
51,0,51,1.0,0.9841294884681702,0,0,0.0,-0.25,0.0,-0.0033915832173079252,-0.2758324444293976,0.014716757461428642
52,0,52,1.0,0.982673168182373,0,0,0.0,-0.25,0.0,-0.0035963808186352253,-0.28058773279190063,0.01347322016954422
53,0,53,1.0,0.9825307130813599,0,0,0.0,-0.25,0.0,-0.002641144208610058,-0.2782183587551117,0.010278970003128052
54,0,54,1.0,0.9834843277931213,0,0,0.0,-0.25,0.0,-0.0025325899478048086,-0.25411364436149597,0.00437965989112854
55,0,55,1.0,0.9855644106864929,0,0,0.0,-0.25,0.0,-0.0021561544854193926,-0.1441826969385147,-0.010649917647242546
56,0,56,1.0,0.991563618183136,0,0,0.0,-0.25,0.0,-0.0019153421744704247,-0.07157257944345474,-0.014032861217856407
57,0,57,1.0,1.0006593465805054,0,0,0.0,0.0,0.0,-0.0015694212634116411,-0.02328847534954548,-0.021475203335285187
58,0,58,1.0,1.0010169744491577,0,0,0.0,0.0,0.0,-0.0009475229308009148,-0.00580231286585331,-0.03825286030769348
59,0,59,1.0,1.0004316568374634,0,0,0.0,0.0,0.0,-0.0012906274059787393,-0.0016681444831192493,-0.054765522480010986
60,0,60,1.0,0.9986560940742493,0,0,0.0,0.0,0.0,-0.0001976268831640482,0.0011357595212757587,-0.05885084718465805
61,0,61,1.0,0.9983636736869812,0,0,0.0,0.0,0.0,-0.00020359246991574764,0.0013753833482041955,-0.057075776159763336
62,0,62,1.0,1.0007717609405518,0,0,0.0,0.0,0.0,-0.000528411939740181,0.0007738034473732114,-0.055925220251083374
63,0,63,1.0,1.0007946491241455,0,0,0.0,0.0,0.0,-0.0005361604271456599,0.0008224998600780964,-0.055554769933223724
64,0,64,1.0,1.003025770187378,0,0,0.0,0.0,0.0,-3.177579492330551e-05,0.0003756819642148912,-0.08310520648956299
65,0,65,1.0,1.0030295848846436,0,0,0.0,0.0,0.0,-3.6446377635002136e-05,0.0003863338497467339,-0.0830216109752655
66,0,66,1.0,1.0066144466400146,0,0,0.0,0.0,-0.5,-0.0003336851950734854,-0.0004989323788322508,-0.13769926130771637
67,0,67,1.0,0.9963405132293701,0,0,0.0,0.0,-0.5,0.00035503203980624676,0.0002895569778047502,-0.5434185266494751
68,0,68,1.0,0.9965499639511108,0,0,0.0,0.0,-0.5,-0.0003131928388029337,0.0008587896591052413,-0.535520613193512
69,0,69,1.0,0.9970455765724182,0,0,0.0,0.0,-0.5,-0.0006511243991553783,0.0011888181325048208,-0.5312480330467224
70,0,70,1.0,1.0015718936920166,0,0,0.0,0.0,-0.5,-0.00029088836163282394,0.0016522126970812678,-0.5383858680725098
71,0,71,1.0,1.0019819736480713,0,0,0.0,0.0,-0.5,0.0009369670879095793,0.0011477501830086112,-0.5412900447845459
72,0,72,1.0,1.005422830581665,0,0,0.0,0.0,-0.5,0.0005170281510800123,0.0011896210489794612,-0.5569301247596741
73,0,73,1.0,1.0048056840896606,0,0,0.0,0.0,-0.5,0.0020404672250151634,0.0018061167793348432,-0.5714545249938965
74,0,74,1.0,1.0109188556671143,0,0,0.0,0.0,-0.5,0.002737170085310936,0.0018746565328910947,-0.5709277987480164
75,0,75,1.0,1.005921483039856,0,0,0.0,0.0,-0.5,0.0020501716062426567,0.0007100432412698865,-0.5734491944313049
76,0,76,1.0,1.0076844692230225,0,0,0.0,0.0,-0.5,0.0013638262171298265,0.0015830473275855184,-0.5505253672599792
77,0,77,1.0,1.0061496496200562,0,0,0.0,0.0,-0.5,0.0013797711580991745,0.0015101010212674737,-0.5244550108909607
78,0,78,1.0,0.9876651167869568,0,0,0.0,0.0,-0.5,0.001457731006667018,0.0030811410397291183,-0.4033403992652893
79,0,79,1.0,0.9843311309814453,0,0,0.0,0.0,0.0,0.0012994881253689528,0.002882962580770254,-0.3920315206050873
80,0,80,1.0,1.4190267324447632,0,0,0.0,0.0,0.0,-0.00024835974909365177,0.0017912558978423476,-0.047544725239276886
81,0,81,1.0,1.4100494384765625,0,0,0.0,0.0,0.0,-0.0004790888633579016,0.0021386281587183475,-0.05532795935869217
82,0,82,1.0,2.037576913833618,0,1,0.0,0.0,0.0,0.0004429919645190239,-0.0003137716557830572,-0.01379514578729868
83,0,83,2.0,2.0369439125061035,1,1,0.0,0.0,0.0,0.0007593885529786348,-0.0007437760941684246,-0.012207888066768646
84,0,84,2.0,2.047753095626831,1,1,0.0,0.0,0.0,8.089002221822739e-06,0.0006817271932959557,-0.004164001438766718
85,0,85,2.0,2.049290895462036,1,1,0.0,0.0,0.0,0.00019815261475741863,0.0006397750694304705,0.0013529220595955849
86,0,86,2.0,2.046055793762207,1,1,0.0,0.0,0.0,-0.0003477244172245264,-0.0020760996267199516,0.005509879440069199
87,0,87,2.0,2.045682191848755,1,1,0.0,0.0,0.0,-0.00012505985796451569,-0.002268117619678378,0.004918096587061882
88,0,88,2.0,2.0490469932556152,1,1,0.0,0.0,0.0,0.00023619085550308228,-0.002594643272459507,0.0044191740453243256
89,0,89,2.0,2.0502567291259766,1,1,0.0,0.0,0.0,-0.0001286671031266451,-0.0018855308881029487,0.0024016033858060837
90,0,90,2.0,2.0501708984375,1,1,0.0,0.0,0.0,2.506398595869541e-05,-0.0022799824364483356,0.001109386794269085
91,0,91,2.0,2.0499138832092285,1,1,0.0,0.0,0.0,-8.806888945400715e-05,-0.0022169346921145916,0.0010835174471139908
92,0,92,1.0,1.208571195602417,0,0,0.0,0.0,0.0,0.0027745533734560013,-0.0004980352241545916,0.006788626313209534
93,0,93,1.0,1.054459571838379,0,0,0.0,0.0,0.0,0.002614069264382124,-0.0015031818766146898,0.1538921594619751
94,0,94,1.0,1.3640596866607666,0,0,0.0,0.0,0.0,0.0013576343189924955,-0.0019394347909837961,0.027334129437804222
95,0,95,1.0,1.3756818771362305,0,0,0.0,0.0,0.0,0.0009958483278751373,-0.0019663870334625244,0.020555391907691956
96,0,96,1.0,1.057162880897522,0,0,0.0,0.0,0.0,0.002576680388301611,0.00046917388681322336,0.09528107196092606
97,0,97,1.0,1.0329598188400269,0,0,0.0,0.0,0.5,0.0029465341940522194,-0.0006055070552974939,0.16680990159511566
98,0,98,1.0,1.0086729526519775,0,0,0.0,0.0,0.5,1.846998929977417e-05,-0.0034797489643096924,0.3193773627281189
99,0,99,1.0,0.998650074005127,0,0,0.0,0.0,0.5,0.00012834835797548294,-0.0005546780885197222,0.5434724688529968
100,0,100,1.0,1.0041693449020386,0,0,0.0,0.0,0.5,0.0005009542219340801,-0.0004103636892978102,0.5505973696708679
101,0,101,1.0,1.0033023357391357,0,0,0.0,0.0,0.5,0.00013088597916066647,-0.0004380303143989295,0.5445204377174377
102,0,102,1.0,1.002738356590271,0,0,0.0,0.0,0.5,0.0010502994991838932,2.9580434784293175e-05,0.541733980178833
103,0,103,1.0,1.0018516778945923,0,0,0.0,0.0,0.5,0.001171746989712119,-0.00015038714627735317,0.5436660051345825
104,0,104,1.0,1.0021483898162842,0,0,0.0,0.0,0.5,0.00018665986135601997,-0.00012558320304378867,0.5457103252410889
105,0,105,1.0,1.0001153945922852,0,0,0.0,0.0,0.5,0.0005033127963542938,0.0004515332402661443,0.5448316931724548
106,0,106,1.0,1.0004371404647827,0,0,0.0,0.0,0.5,-3.380631096661091e-05,-0.0005789943970739841,0.5409066081047058
107,1,0,1.0,0.9980345368385315,0,0,0.0,0.0,0.0,0.010205958038568497,0.0018068918725475669,0.0007967548444867134
108,1,1,1.0,0.9990145564079285,0,0,0.0,0.0,0.0,0.00986026506870985,-5.928418249823153e-05,-0.003091474063694477
109,1,2,1.0,1.0033339262008667,0,0,0.0,0.0,0.0,0.01054278016090393,-0.0011177207343280315,0.005169913172721863
110,1,3,1.0,1.0033760070800781,0,0,0.0,0.0,0.0,0.010577945969998837,-0.0010880911722779274,0.006468047387897968
111,1,4,1.0,1.0050530433654785,0,0,0.0,0.0,0.0,0.011187704280018806,-0.00016575012705288827,0.020490415394306183
112,1,5,1.0,1.0050020217895508,0,0,0.0,0.0,0.0,0.011179709807038307,-0.00017247162759304047,0.020847538486123085
113,1,6,1.0,1.003173589706421,0,0,0.0,0.0,0.0,-0.0037014097906649113,7.037236355245113e-05,-0.008603834547102451
114,1,7,1.0,1.0031484365463257,0,0,0.0,0.0,0.0,-0.0036778831854462624,6.972393020987511e-05,-0.00849004928022623
115,1,8,1.0,1.0008786916732788,0,0,0.0,0.0,0.0,-0.023609215393662453,-0.0008514764485880733,-0.011654095724225044
116,1,9,1.0,1.0008749961853027,0,0,-0.25,0.0,0.0,-0.023600583896040916,-0.0008522524731233716,-0.01162292156368494
117,1,10,1.0,1.0027536153793335,0,0,-0.25,0.0,0.0,-0.26034829020500183,-0.0031055710278451443,0.004119761288166046
118,1,11,1.0,1.0039684772491455,0,0,-0.25,0.0,0.0,-0.2694754898548126,-0.0021462165750563145,0.006297973915934563
119,1,12,1.0,1.0021504163742065,0,0,-0.25,0.0,0.0,-0.27568596601486206,-0.0016231160843744874,0.004121161997318268
120,1,13,1.0,1.002490520477295,0,0,-0.25,0.0,0.0,-0.278732031583786,-0.001288173720240593,0.00341633427888155
121,1,14,1.0,0.9994520545005798,0,0,-0.25,0.0,0.0,-0.2783772349357605,-0.0010370196541771293,-0.00042833946645259857
122,1,15,1.0,1.0009431838989258,0,0,-0.25,0.0,0.0,-0.280427485704422,-0.0011619417928159237,0.002780531533062458
123,1,16,1.0,1.000393271446228,0,0,-0.25,0.0,0.0,-0.28098511695861816,-0.0018566265935078263,0.002636662684381008
124,1,17,1.0,0.9977141618728638,0,0,-0.25,0.0,0.0,-0.2842217683792114,-0.0024288007989525795,0.0021249763667583466
125,1,18,1.0,0.9966161251068115,0,0,-0.25,0.0,0.0,-0.2831695079803467,-0.0026301699690520763,-7.772725075483322e-05
126,1,19,1.0,0.996820867061615,0,0,-0.25,0.0,0.0,-0.2848028838634491,-0.0027915043756365776,0.0017038751393556595
127,1,20,1.0,0.9934829473495483,0,0,-0.25,0.0,0.0,-0.28384825587272644,-0.001612311229109764,0.0031895404681563377
128,1,21,1.0,0.9970619678497314,0,0,-0.25,0.0,0.0,-0.2630979120731354,-0.001598972361534834,0.004625909961760044
129,1,22,1.0,1.004023790359497,0,0,-0.25,0.0,0.0,-0.1647600680589676,-0.0023516896180808544,0.003587859682738781
130,1,23,1.0,1.0018634796142578,0,0,-0.25,0.0,0.0,-0.05590368062257767,0.0002366651315242052,0.00886266864836216
131,1,24,1.0,1.0074275732040405,0,0,0.0,0.0,0.0,-0.021044155582785606,-0.0035021998919546604,0.01929103583097458
132,1,25,1.0,1.0109894275665283,0,0,0.0,0.0,0.0,-0.00238629337400198,0.0013238106621429324,0.016087500378489494
133,1,26,1.0,1.0052953958511353,0,0,0.0,0.0,0.0,0.0017451969906687737,0.11474144458770752,0.001620628871023655
134,1,27,1.0,1.0021579265594482,0,0,0.0,0.0,0.0,0.0002790431026369333,0.18411840498447418,-0.000742749311029911
135,1,28,1.0,1.0008931159973145,0,0,0.0,0.0,0.0,-0.0025457548908889294,0.2665603756904602,-0.0054854354821145535
136,1,29,1.0,1.0007061958312988,0,0,0.0,0.25,0.0,-0.0024494074750691652,0.2667548656463623,-0.0055627766996622086
137,1,30,1.0,0.989814281463623,0,0,0.0,0.25,0.0,-0.002407427178695798,0.2502996325492859,-0.004250714089721441
138,1,31,1.0,0.9890183210372925,0,0,0.0,0.25,0.0,-0.0015103884506970644,0.24236053228378296,-0.004154501017183065
139,1,32,1.0,0.9842244982719421,0,0,0.0,0.25,0.0,0.001615046290680766,0.19179779291152954,-0.004519657231867313
140,1,33,1.0,0.9837490916252136,0,0,0.0,0.25,0.0,0.009260504506528378,0.1617797613143921,0.007341805845499039
141,1,34,1.0,0.9861971139907837,0,0,0.0,0.25,0.0,0.013324602507054806,0.1758037805557251,0.009059062227606773
142,1,35,1.0,0.9782385230064392,0,0,0.0,0.25,0.0,0.0112752141430974,0.1967451274394989,0.010561905801296234
143,1,36,1.0,0.9848064184188843,0,0,0.0,0.25,0.0,0.00807608850300312,0.20567870140075684,0.0035094469785690308
144,1,37,1.0,0.9961531162261963,0,0,0.0,0.25,0.0,0.0012313809711486101,0.2574479281902313,-0.003121296875178814
145,1,38,1.0,0.9941531419754028,0,0,0.0,0.25,0.0,0.003260597586631775,0.23412199318408966,-0.0064880261197686195
146,1,39,1.0,0.9934341907501221,0,0,0.0,0.0,0.0,0.0014765150845050812,0.16434943675994873,-0.021904218941926956
147,1,40,1.0,0.9984152317047119,0,0,0.0,0.0,0.0,0.0004918721970170736,0.017187103629112244,-0.01567544788122177
148,1,41,1.0,0.9990617036819458,0,0,0.0,0.0,0.0,-0.0006840022979304194,-0.0023936773650348186,-0.011523647233843803
149,1,42,1.0,0.9982142448425293,0,0,0.0,0.0,0.0,-0.0018257983028888702,-0.00035085974377579987,-0.002142392098903656
150,1,43,1.0,0.9981151819229126,0,0,0.0,0.0,0.0,-0.0018191213021054864,-0.002327369526028633,-0.0023826262913644314
151,1,44,1.0,0.998055100440979,0,0,0.0,0.0,0.0,-0.0020453892648220062,6.72036549076438e-05,0.000860041007399559
152,1,45,1.0,0.9980132579803467,0,0,0.0,0.0,0.0,-0.0020540577825158834,-0.00020800757920369506,0.0006766458973288536
153,1,46,1.0,0.9980823993682861,0,0,0.0,0.0,0.0,-0.002402693033218384,0.0018720260122790933,0.0072395168244838715
154,1,47,1.0,0.9980762600898743,0,0,0.0,0.0,0.0,-0.0024035859387367964,0.0018195892916992307,0.007203409448266029
155,1,48,1.0,0.9980014562606812,0,0,0.0,0.0,0.0,-0.0021348202135413885,0.0014221110614016652,0.0055479612201452255
156,1,49,1.0,0.9980005025863647,0,0,0.0,0.0,0.0,-0.0021347433794289827,0.0014115509111434221,0.005538344383239746
157,1,50,1.0,0.9983193278312683,0,0,0.0,0.0,0.0,-0.002136229770258069,0.0020231413654983044,0.008175265043973923
158,1,51,1.0,0.9983192682266235,0,0,0.0,0.0,0.0,-0.002136289607733488,0.0020204675383865833,0.008173055946826935
159,1,52,1.0,0.9984346032142639,0,0,0.0,0.0,0.0,-0.002099971752613783,0.002266326919198036,0.0077204518020153046
160,1,53,1.0,0.9984345436096191,0,0,0.0,0.0,0.0,-0.002099977806210518,0.0022655329667031765,0.007719850167632103
161,1,54,1.0,1.0000784397125244,0,0,0.0,0.25,0.0,-0.0008490061154589057,0.0007287575863301754,0.013805819675326347
162,1,55,1.0,1.0053051710128784,0,0,0.0,0.0,0.0,-0.0010932735167443752,0.007399256806820631,0.005316630937159061
163,1,56,1.0,1.0004703998565674,0,0,0.0,0.0,0.0,-0.0009393704822286963,0.003710921388119459,-0.03341859206557274
164,1,57,1.0,0.9992063045501709,0,0,0.0,0.0,0.0,-0.0010530233848839998,0.0026662563905119896,-0.026709159836173058
165,1,58,1.0,1.0061168670654297,0,0,0.0,0.0,0.0,-0.0014431045856326818,0.0019497732864692807,-0.06046638637781143
166,1,59,1.0,1.0061169862747192,0,0,0.0,0.0,0.0,-0.0014120745472609997,0.00177704484667629,-0.06210722774267197
167,1,60,1.0,1.0089632272720337,0,0,0.0,0.0,0.0,-0.0015687721315771341,0.0001280305441468954,-0.13231320679187775
168,1,61,1.0,1.0089540481567383,0,0,0.0,0.0,0.0,-0.0015645555686205626,0.00010237988317385316,-0.13270637392997742
169,1,62,1.0,1.0095634460449219,0,0,0.0,0.0,0.0,-0.0016487948596477509,-0.00019526315736584365,-0.1587311178445816
170,1,63,1.0,1.0095611810684204,0,0,0.0,0.0,-0.5,-0.0016477240715175867,-0.00019942113431170583,-0.15882821381092072
171,1,64,1.0,0.9972980618476868,0,0,0.0,0.0,-0.5,0.0015099127776920795,0.0010759601136669517,-0.5518906712532043
172,1,65,1.0,0.9986793994903564,0,0,0.0,0.0,-0.5,0.0014224618207663298,0.0013181099202483892,-0.5381675362586975
173,1,66,1.0,1.0006784200668335,0,0,0.0,0.0,-0.5,0.0015393211506307125,0.0013560556108132005,-0.539897620677948
174,1,67,1.0,1.002122402191162,0,0,0.0,0.0,-0.5,0.0013246024027466774,0.001406713854521513,-0.541609525680542
175,1,68,1.0,1.0058902502059937,0,0,0.0,0.0,-0.5,0.0012607034295797348,0.0020389812998473644,-0.5445649027824402
176,1,69,1.0,1.0101587772369385,0,0,0.0,0.0,-0.5,-0.00025577819906175137,0.00267848651856184,-0.558100163936615
177,1,70,1.0,1.0113515853881836,0,0,0.0,0.0,-0.5,0.00018363399431109428,0.0008544118609279394,-0.5683029294013977
178,1,71,1.0,1.0098762512207031,0,0,0.0,0.0,-0.5,0.0007466820534318686,-2.5298388209193945e-05,-0.5798310041427612
179,1,72,1.0,1.0079164505004883,0,0,0.0,0.0,-0.5,5.467724986374378e-05,0.0018185718217864633,-0.5771177411079407
180,1,73,1.0,1.0061473846435547,0,0,0.0,0.0,-0.5,0.00136497151106596,0.0018730383599177003,-0.5656076669692993
181,1,74,1.0,0.9906099438667297,0,0,0.0,0.0,0.0,0.0010016309097409248,0.0019592647440731525,-0.47208988666534424
182,1,75,1.0,0.9896218776702881,0,0,0.0,0.0,0.0,0.0022170753218233585,0.0018579444149509072,-0.435348778963089
183,1,76,1.0,1.6370415687561035,0,1,0.0,0.0,0.0,0.00037389155477285385,-0.0004505104152485728,-0.007170363795012236
184,1,77,1.0,1.688092827796936,0,1,0.0,0.0,0.0,-7.931143045425415e-06,-0.0013082536170259118,-0.006988127250224352
185,1,78,1.0,2.029923677444458,0,1,0.0,0.0,0.0,0.0007623662240803242,-0.00048260227777063847,-0.014714505523443222
186,1,79,1.0,2.030287504196167,0,1,0.0,0.0,0.0,0.0007290230132639408,-0.00026635784888640046,-0.014717252925038338
187,1,80,2.0,2.0437264442443848,1,1,0.0,0.0,0.0,0.00028899451717734337,-7.255011587403715e-05,-0.010597489774227142
188,1,81,2.0,2.043924331665039,1,1,0.0,0.0,0.0,0.0003717164508998394,-0.003045349381864071,-0.0006716102361679077
189,1,82,2.0,2.046712636947632,1,1,0.0,0.0,0.0,-0.000743395066820085,-0.00246090954169631,0.0017925882712006569
190,1,83,2.0,2.046609878540039,1,1,0.0,0.0,0.0,-0.0005043323617428541,-0.001705405069515109,0.0022046267986297607
191,1,84,2.0,2.046459197998047,1,1,0.0,0.0,0.0,-3.959564492106438e-05,-0.0017814849270507693,0.002545141614973545
192,1,85,2.0,2.0490822792053223,1,1,0.0,0.0,0.0,-0.0002787092234939337,-0.0018763047410175204,0.0023178309202194214
193,1,86,2.0,2.057748556137085,1,1,0.0,0.0,0.0,-0.0011734864674508572,-0.002956177107989788,0.00021153409034013748
194,1,87,2.0,2.0626142024993896,1,1,0.0,0.0,0.0,-0.0010958354687318206,-0.002884094137698412,-0.002409256063401699
195,1,88,1.0,1.114410161972046,0,0,0.0,0.0,0.0,0.0028823213651776314,-0.00512671796604991,0.027690375223755836
196,1,89,1.0,1.0896141529083252,0,0,0.0,0.0,0.0,0.0007590379100292921,-0.0021125185303390026,0.13422134518623352
197,1,90,1.0,0.9899179935455322,0,0,0.0,0.0,0.0,0.0002913407515734434,-0.0024354266934096813,0.3443656265735626
198,1,91,1.0,0.988989531993866,0,0,0.0,0.0,0.0,0.0010928327683359385,-0.0032304394990205765,0.3433389365673065
199,1,92,1.0,0.9910057783126831,0,0,0.0,0.0,0.0,0.0016072590369731188,-0.003861331380903721,0.32086220383644104
200,1,93,1.0,0.9955929517745972,0,0,0.0,0.0,0.0,0.0015394138172268867,-0.0025730477645993233,0.2802760601043701
201,1,94,1.0,0.9909098744392395,0,0,0.0,0.0,0.5,-1.9651604816317558e-05,-0.0015289130387827754,0.3283826410770416
202,1,95,1.0,0.9885910153388977,0,0,0.0,0.0,0.5,-0.00046836049295961857,-0.0028274408541619778,0.37751278281211853
203,1,96,1.0,0.9987903833389282,0,0,0.0,0.0,0.5,-0.00082858104724437,0.0007364458870142698,0.5433387160301208
204,1,97,1.0,1.0034725666046143,0,0,0.0,0.0,0.5,-0.0002635472919791937,0.00050940434448421,0.5501362085342407
205,1,98,1.0,1.0009918212890625,0,0,0.0,0.0,0.5,0.0006685960106551647,0.0004561278037726879,0.5475350022315979
206,1,99,1.0,1.000768780708313,0,0,0.0,0.0,0.5,0.0009528023656457663,0.00021926569752395153,0.5452330112457275
207,1,100,1.0,1.001237154006958,0,0,0.0,0.0,0.5,0.0008803138043731451,-8.968135807663202e-05,0.5457711815834045
208,1,101,1.0,1.0021981000900269,0,0,0.0,0.0,0.5,0.00110625009983778,0.00016157364007085562,0.5434415936470032
209,1,102,1.0,1.0009090900421143,0,0,0.0,0.0,0.5,0.0013113529421389103,4.765571793541312e-05,0.5422934889793396
210,1,103,1.0,1.001298427581787,0,0,0.0,0.0,0.5,0.0019679078832268715,1.8506543710827827e-06,0.5348889827728271
211,2,0,1.0,0.9984460473060608,0,0,0.0,0.0,0.0,-0.0019462015479803085,0.003640356007963419,-0.005722398869693279
212,2,1,1.0,0.999640166759491,0,0,0.0,0.0,0.0,-0.002381653059273958,0.003804115578532219,-0.006373770534992218
213,2,2,1.0,0.99680495262146,0,0,0.0,0.0,0.0,-0.003926204517483711,0.0035596778616309166,-0.0035688462667167187
214,2,3,1.0,0.9968301057815552,0,0,0.0,0.0,0.0,-0.004139674827456474,0.003626137040555477,-0.0026373681612312794
215,2,4,1.0,0.9951144456863403,0,0,0.0,0.0,0.0,-0.009316783398389816,0.0031368997879326344,0.011419804766774178
216,2,5,1.0,0.9949907064437866,0,0,0.0,0.0,0.0,-0.00935092382133007,0.0031318138353526592,0.011650919914245605
217,2,6,1.0,0.990422785282135,0,0,0.0,0.0,0.0,0.0027231406420469284,0.001158642815425992,-0.020590204745531082
218,2,7,1.0,0.9903935790061951,0,0,0.0,0.0,0.0,0.002768261358141899,0.0011520248372107744,-0.02051406353712082
219,2,8,1.0,0.9895609021186829,0,0,0.0,0.0,0.0,0.05043601989746094,0.000532047706656158,-0.021944021806120872
220,2,9,1.0,0.9895534515380859,0,0,0.0,0.0,0.0,0.05045919865369797,0.000529739772900939,-0.021920712664723396
221,2,10,1.0,0.9894169569015503,0,0,0.0,0.0,0.0,0.03051421232521534,0.00032647151965647936,-0.023205062374472618
222,2,11,1.0,0.9894153475761414,0,0,0.0,0.0,0.0,0.030518675222992897,0.000325501780025661,-0.023199031129479408
223,2,12,1.0,0.994537889957428,0,0,0.25,0.0,0.0,0.16193291544914246,0.0012763629201799631,-0.0036030281335115433
224,2,13,1.0,0.9899545311927795,0,0,0.25,0.0,0.0,0.24304716289043427,-0.0016433392884209752,-0.005843216087669134
225,2,14,1.0,0.9882764220237732,0,0,0.25,0.0,0.0,0.25890374183654785,-0.0017093862406909466,-0.005432724021375179
226,2,15,1.0,0.989582896232605,0,0,0.25,0.0,0.0,0.27055734395980835,-0.001504195504821837,-0.0010662376880645752
227,2,16,1.0,0.9892898201942444,0,0,0.25,0.0,0.0,0.277532160282135,-0.00026449322467669845,0.0002490254119038582
228,2,17,1.0,0.9908250570297241,0,0,0.25,0.0,0.0,0.27894458174705505,0.0007211316842585802,0.00077082309871912
229,2,18,1.0,0.991928219795227,0,0,0.25,0.0,0.0,0.2832861840724945,0.00013418629532679915,0.0013431515544652939
230,2,19,1.0,0.9900224804878235,0,0,0.25,0.0,0.0,0.2849200963973999,0.00024164054775610566,0.0006388621404767036
231,2,20,1.0,0.9957326650619507,0,0,0.25,0.0,0.0,0.2865038812160492,-0.0011282352497801185,0.003465781919658184
232,2,21,1.0,0.9958131909370422,0,0,0.25,0.0,0.0,0.289092093706131,3.121915506199002e-05,0.002876785583794117
233,2,22,1.0,0.9874356389045715,0,0,0.25,0.0,0.0,0.2909923791885376,-0.0011982615105807781,0.011086512356996536
234,2,23,1.0,0.9863309860229492,0,0,0.25,0.0,0.0,0.2610582709312439,-0.0006175952148623765,0.012438589707016945
235,2,24,1.0,0.9951281547546387,0,0,0.25,0.0,0.0,0.1364019215106964,-0.004375786054879427,0.00789841078221798
236,2,25,1.0,0.99003666639328,0,0,0.0,0.0,0.0,0.05603160709142685,-0.0019977677147835493,0.0017429320141673088
237,2,26,1.0,0.9886249899864197,0,0,0.0,0.0,0.0,0.017085298895835876,0.001274737878702581,0.008717317134141922
238,2,27,1.0,0.9873836040496826,0,0,0.0,0.0,0.0,0.006287006661295891,0.0018849625485017896,0.014511995017528534
239,2,28,1.0,0.995439887046814,0,0,0.0,0.0,0.0,0.004892392549663782,-0.007519842125475407,0.0014802487567067146
240,2,29,1.0,0.9959158301353455,0,0,0.0,0.0,0.0,0.004126659594476223,-0.008249588310718536,0.0019170576706528664
241,2,30,1.0,1.0057744979858398,0,0,0.0,-0.25,0.0,0.0008024941198527813,-0.18404434621334076,0.0064811697229743
242,2,31,1.0,0.9901425838470459,0,0,0.0,-0.25,0.0,-0.003663752693682909,-0.2577308118343353,0.004907066933810711
243,2,32,1.0,0.9888262152671814,0,0,0.0,-0.25,0.0,-0.0038861336652189493,-0.2669057846069336,0.002328755334019661
244,2,33,1.0,0.9869205355644226,0,0,0.0,-0.25,0.0,-0.00505173671990633,-0.26938292384147644,0.002841406501829624
245,2,34,1.0,0.9888361692428589,0,0,0.0,-0.25,0.0,-0.004199250601232052,-0.2704703211784363,0.006386281922459602
246,2,35,1.0,0.9851955771446228,0,0,0.0,-0.25,0.0,-0.0038238787092268467,-0.2737453579902649,0.007063142955303192
247,2,36,1.0,0.9828012585639954,0,0,0.0,-0.25,0.0,-0.002690231427550316,-0.27722299098968506,0.018396172672510147
248,2,37,1.0,0.981399416923523,0,0,0.0,-0.25,0.0,-0.0015473627718165517,-0.27714836597442627,0.016219839453697205
249,2,38,1.0,0.9872615337371826,0,0,0.0,-0.25,0.0,-0.003972587175667286,-0.27994102239608765,0.0165632925927639
250,2,39,1.0,0.9849390983581543,0,0,0.0,-0.25,0.0,-0.004653901793062687,-0.2774578630924225,0.013580624014139175
251,2,40,1.0,0.9845438599586487,0,0,0.0,-0.25,0.0,-0.0031323879957199097,-0.20248018205165863,0.003804625943303108
252,2,41,1.0,0.9899936318397522,0,0,0.0,0.0,0.0,-0.0022591997403651476,-0.0751374214887619,-0.003672102466225624
253,2,42,1.0,0.9992588758468628,0,0,0.0,0.0,0.0,-0.0011057329829782248,-0.009274842217564583,0.01061260886490345
254,2,43,1.0,0.9987258315086365,0,0,0.0,0.0,0.0,-0.0008051862241700292,-0.0017117600655183196,0.01484457403421402
255,2,44,1.0,1.0026960372924805,0,0,0.0,0.0,0.0,0.000566679984331131,-0.0029507065191864967,-0.0034409924410283566
256,2,45,1.0,1.002624273300171,0,0,0.0,0.0,0.0,0.0005810377188026905,-0.0020009600557386875,-0.003131079487502575
257,2,46,1.0,1.0055811405181885,0,0,0.0,0.0,0.0,0.0004941977094858885,-6.312804180197418e-05,-0.02240883931517601
258,2,47,1.0,1.0055980682373047,0,0,0.0,-0.25,0.0,0.0005030266474932432,9.246007539331913e-05,-0.02227998524904251
259,2,48,1.0,0.9990073442459106,0,0,0.0,0.0,0.0,-0.001411545556038618,0.0007199168903753161,-0.02247515507042408
260,2,49,1.0,1.0031356811523438,0,0,0.0,0.0,0.0,-0.0012499070726335049,0.0018503869650885463,-0.009819943457841873
261,2,50,1.0,1.0070782899856567,0,0,0.0,0.0,0.0,-0.0011332232970744371,0.0006571908015757799,-0.05237448960542679
262,2,51,1.0,1.0069952011108398,0,0,0.0,0.0,0.0,-0.0011873028706759214,0.0013251010095700622,-0.043460942804813385
263,2,52,1.0,1.0100480318069458,0,0,0.0,0.0,0.0,-0.0006268009310588241,0.00017578713595867157,-0.19138555228710175
264,2,53,1.0,1.010058879852295,0,0,0.0,0.0,0.0,-0.0006298011867329478,0.00024297391064465046,-0.19104713201522827
265,2,54,1.0,1.011224627494812,0,0,0.0,0.0,0.0,-0.000427261576987803,0.000193133600987494,-0.2824826240539551
266,2,55,1.0,1.0112318992614746,0,0,0.0,0.0,-0.5,-0.00042839767411351204,0.0002097521210089326,-0.2824159860610962
267,2,56,1.0,0.9999221563339233,0,0,0.0,0.0,-0.5,0.0019775847904384136,-0.00010089710121974349,-0.5488795042037964
268,2,57,1.0,1.001094937324524,0,0,0.0,0.0,-0.5,0.00143374502658844,0.0010084157111123204,-0.542568027973175
269,2,58,1.0,1.0043352842330933,0,0,0.0,0.0,-0.5,0.001461600884795189,0.001752224168740213,-0.5495844483375549
270,2,59,1.0,1.0052598714828491,0,0,0.0,0.0,-0.5,0.002108336426317692,0.0015691238222643733,-0.5546351671218872
271,2,60,1.0,1.007659912109375,0,0,0.0,0.0,-0.5,0.002353907097131014,0.0016620155656710267,-0.5663594603538513
272,2,61,1.0,1.007117748260498,0,0,0.0,0.0,-0.5,0.0022521568462252617,0.0005010153399780393,-0.5770341753959656
273,2,62,1.0,1.0043962001800537,0,0,0.0,0.0,-0.5,0.002585797104984522,0.0007702765287831426,-0.5803176760673523
274,2,63,1.0,1.002575397491455,0,0,0.0,0.0,-0.5,0.0016552451997995377,0.0015245868125930429,-0.568216860294342
275,2,64,1.0,0.9933393597602844,0,0,0.0,0.0,-0.5,0.002004501409828663,0.0013575803022831678,-0.5118973851203918
276,2,65,1.0,0.9893208146095276,0,0,0.0,0.0,-0.5,0.0020551742054522038,0.0007422585040330887,-0.47254693508148193
277,2,66,1.0,1.0624620914459229,0,0,0.0,0.0,-0.5,0.004387443419545889,0.002392894122749567,-0.08967460691928864
278,2,67,1.0,1.064171314239502,0,0,0.0,0.0,0.0,0.00440287496894598,0.0023592375218868256,-0.08680322021245956
279,2,68,1.0,2.0319464206695557,0,1,0.0,0.0,0.0,0.0017425897531211376,-0.0019208337180316448,-0.01123062800616026
280,2,69,1.0,2.031982421875,0,1,0.0,0.0,0.0,0.0017467010766267776,-0.0019217543303966522,-0.01121523603796959
281,2,70,1.0,2.0387370586395264,0,1,0.0,0.0,0.0,0.0014942381531000137,-0.001964000053703785,-0.010231424123048782
282,2,71,2.0,2.0387535095214844,1,1,0.0,0.0,0.0,0.001496216282248497,-0.001968482043594122,-0.010224742814898491
283,2,72,2.0,2.045057773590088,1,1,0.0,0.0,0.0,0.0005576000548899174,-0.002184162614867091,-0.001253738533705473
284,2,73,2.0,2.0496578216552734,1,1,0.0,0.0,0.0,0.0005902945995330811,-0.002735207322984934,0.0028024641796946526
285,2,74,2.0,2.053647518157959,1,1,0.0,0.0,0.0,6.829318590462208e-05,-0.0024137087166309357,0.0036492180079221725
286,2,75,2.0,2.0563206672668457,1,1,0.0,0.0,0.0,9.547523222863674e-05,-0.0025241728872060776,0.0031942445784807205
287,2,76,2.0,2.050292730331421,1,1,0.0,0.0,0.0,0.00015171361155807972,-0.002391563728451729,0.0047135669738054276
288,2,77,2.0,2.044614315032959,1,1,0.0,0.0,0.0,-0.00016664573922753334,-0.0024071119260042906,0.001246933825314045
289,2,78,1.0,1.0351269245147705,0,0,0.0,0.0,0.0,0.0006826675962656736,0.0010633672354742885,0.02110470086336136
290,2,79,1.0,1.028925895690918,0,0,0.0,0.0,0.0,0.0004637027159333229,0.0010327546624466777,0.05692078173160553
291,2,80,1.0,0.9923169612884521,0,0,0.0,0.0,0.0,0.0002093086950480938,0.0010683306027203798,0.3120366930961609
292,2,81,1.0,0.9919387102127075,0,0,0.0,0.0,0.0,0.00011582765728235245,0.0010099406354129314,0.28679418563842773
293,2,82,1.0,0.992160439491272,0,0,0.0,0.0,0.0,-0.00033018109388649464,0.0007343703182414174,0.3617006838321686
294,2,83,1.0,0.9919643402099609,0,0,0.0,0.0,0.5,-0.0003841783618554473,0.0006594399455934763,0.3714026212692261
295,2,84,1.0,1.0012180805206299,0,0,0.0,0.0,0.5,0.00042089889757335186,-0.00020865604165010154,0.5460410118103027
296,2,85,1.0,1.0019862651824951,0,0,0.0,0.0,0.5,0.00047833845019340515,-0.0003894849796779454,0.5457921028137207
297,2,86,1.0,1.0021443367004395,0,0,0.0,0.0,0.5,0.0005155461840331554,-0.0004710505891125649,0.5487316846847534
298,2,87,1.0,1.0018267631530762,0,0,0.0,0.0,0.5,0.00011450657621026039,-0.0006115602445788682,0.5489513278007507
299,2,88,1.0,1.0009161233901978,0,0,0.0,0.0,0.5,0.0005533543881028891,-0.0001518676581326872,0.5449318885803223
300,2,89,1.0,1.0011788606643677,0,0,0.0,0.0,0.5,-0.00014915713109076023,-9.439501445740461e-05,0.5440242290496826
301,2,90,1.0,0.9986587762832642,0,0,0.0,0.0,0.5,0.0003391264472156763,-0.0005168680218048394,0.5475635528564453
302,2,91,1.0,0.9995126724243164,0,0,0.0,0.0,0.5,0.0004995125345885754,-0.0005178393912501633,0.5451886653900146
303,2,92,1.0,0.9997681379318237,0,0,0.0,0.0,0.5,-0.000310227507725358,-0.0012574698776006699,0.5490229725837708
304,3,0,1.0,0.9888830184936523,0,0,0.0,0.0,0.0,-0.0006327781593427062,0.00016149500152096152,-0.0011897161602973938
305,3,1,1.0,0.9924798607826233,0,0,0.0,0.0,0.0,-0.0007726405747234821,0.00041719444561749697,-0.0023128255270421505
306,3,2,1.0,0.9931407570838928,0,0,0.0,0.0,0.0,-0.0018094975966960192,2.0734034478664398e-05,0.01048024371266365
307,3,3,1.0,0.9929841160774231,0,0,0.0,0.0,0.0,-0.0024371917825192213,0.0001329676597379148,0.010996518656611443
308,3,4,1.0,0.9915355443954468,0,0,0.0,0.0,0.0,-0.009772123768925667,0.0023861173540353775,0.008231988176703453
309,3,5,1.0,0.9914429783821106,0,0,0.0,0.0,0.0,-0.009879696182906628,0.0023480351082980633,0.00853780098259449
310,3,6,1.0,0.9928288459777832,0,0,0.0,0.0,0.0,0.01901683397591114,0.0016991094453260303,-0.04026615619659424
311,3,7,1.0,0.9927691221237183,0,0,0.0,0.0,0.0,0.019105661660432816,0.0016801772871986032,-0.04015638679265976
312,3,8,1.0,0.9915266633033752,0,0,0.0,0.0,0.0,0.11547394841909409,-0.0017712770495563745,-0.02305002510547638
313,3,9,1.0,0.9915119409561157,0,0,0.0,0.0,0.0,0.11550741642713547,-0.0017714218702167273,-0.023026056587696075
314,3,10,1.0,0.987461507320404,0,0,0.25,0.0,0.0,0.2304595410823822,-0.0016565388068556786,-0.003781168255954981
315,3,11,1.0,0.9901686906814575,0,0,0.25,0.0,0.0,0.2625180780887604,-0.0008210877422243357,-0.0028798342682421207
316,3,12,1.0,0.9916995763778687,0,0,0.25,0.0,0.0,0.27229440212249756,-3.805325832217932e-05,0.0009689712896943092
317,3,13,1.0,0.9910748600959778,0,0,0.25,0.0,0.0,0.2740243971347809,0.0008669748203828931,0.0003129802644252777
318,3,14,1.0,0.9883991479873657,0,0,0.25,0.0,0.0,0.27807578444480896,0.0014383586822077632,-0.0011017411015927792
319,3,15,1.0,0.99305260181427,0,0,0.25,0.0,0.0,0.27834662795066833,0.002375669777393341,-0.00252739479765296
320,3,16,1.0,0.9946528673171997,0,0,0.25,0.0,0.0,0.2801862061023712,0.0016944255912676454,-0.005007526837289333
321,3,17,1.0,0.9971768856048584,0,0,0.25,0.0,0.0,0.2818984389305115,0.0020026550628244877,-0.0035548442974686623
322,3,18,1.0,1.0043566226959229,0,0,0.25,0.0,0.0,0.2869226932525635,0.0011717043817043304,-0.0032981433905661106
323,3,19,1.0,0.9976701736450195,0,0,0.25,0.0,0.0,0.2869744598865509,0.0010819054441526532,-0.0028131715953350067
324,3,20,1.0,0.9873320460319519,0,0,0.25,0.0,0.0,0.27581754326820374,0.0014445021515712142,-0.002321682870388031
325,3,21,1.0,0.9889418482780457,0,0,0.25,0.0,0.0,0.22750186920166016,0.003646417520940304,-0.0004964061081409454
326,3,22,1.0,0.9957736134529114,0,0,0.25,0.0,0.0,0.10855279862880707,0.0030788080766797066,0.007474744692444801
327,3,23,1.0,1.0030133724212646,0,0,0.0,0.0,0.0,0.058073341846466064,0.0009890231303870678,0.011499721556901932
328,3,24,1.0,1.0067931413650513,0,0,0.0,0.0,0.0,0.009424598887562752,-0.0013540696818381548,0.007348708808422089
329,3,25,1.0,1.0091888904571533,0,0,0.0,0.0,0.0,0.002749800682067871,0.0007211474003270268,0.006617273204028606
330,3,26,1.0,1.0085822343826294,0,0,0.0,0.0,0.0,-0.002031254582107067,0.06998232752084732,-0.0036731744185090065
331,3,27,1.0,1.0088404417037964,0,0,0.0,0.0,0.0,-0.002618898404762149,0.07026936858892441,-0.003441984299570322
332,3,28,1.0,1.0070041418075562,0,0,0.0,0.0,0.0,-0.0017689550295472145,0.1867860108613968,0.0008483519777655602
333,3,29,1.0,1.0070185661315918,0,0,0.0,0.25,0.0,-0.0018061082810163498,0.18685665726661682,0.0009030941873788834
334,3,30,1.0,0.9975201487541199,0,0,0.0,0.25,0.0,5.680881440639496e-05,0.2697679400444031,-0.00946094747632742
335,3,31,1.0,0.9925258159637451,0,0,0.0,0.25,0.0,0.0009149336256086826,0.27064207196235657,-0.009769303724169731
336,3,32,1.0,0.9889571070671082,0,0,0.0,0.25,0.0,0.0005344676319509745,0.2719617187976837,-0.009235388599336147
337,3,33,1.0,0.9868528842926025,0,0,0.0,0.25,0.0,-0.0002354155294597149,0.2754894196987152,-0.004814404994249344
338,3,34,1.0,0.9841169118881226,0,0,0.0,0.25,0.0,-0.0009561653714627028,0.2757876515388489,-0.0015366477891802788
339,3,35,1.0,0.9826079607009888,0,0,0.0,0.25,0.0,-0.00029386277310550213,0.27662307024002075,0.0024075964465737343
340,3,36,1.0,0.9860410094261169,0,0,0.0,0.25,0.0,-0.000891975243575871,0.27283400297164917,0.0032593300566077232
341,3,37,1.0,0.9873545169830322,0,0,0.0,0.25,0.0,-0.0022163791581988335,0.26989853382110596,0.0006025256589055061
342,3,38,1.0,0.9896587133407593,0,0,0.0,0.0,0.0,-0.0003938699373975396,0.18565267324447632,-0.01093195378780365
343,3,39,1.0,0.9998964071273804,0,0,0.0,0.0,0.0,-0.0009411624632775784,0.03005518950521946,0.0020870324224233627
344,3,40,1.0,1.0007156133651733,0,0,0.0,0.0,0.0,-0.00019551441073417664,0.0027728360146284103,0.00838850811123848
345,3,41,1.0,1.0008249282836914,0,0,0.0,0.0,0.0,-0.0003069827798753977,-0.00045269407564774156,0.008240856230258942
346,3,42,1.0,1.0016676187515259,0,0,0.0,0.0,0.0,0.0007339571602642536,-0.0006441859877668321,0.004266857169568539
347,3,43,1.0,1.0016577243804932,0,0,0.0,0.0,0.0,0.0007298749405890703,-0.001073469640687108,0.0039919232949614525
348,3,44,1.0,1.0036917924880981,0,0,0.0,0.25,0.0,0.0009608776308596134,-0.0024937917478382587,-0.014787621796131134
349,3,45,1.0,1.004814863204956,0,0,0.0,0.25,0.0,0.0016569467261433601,0.008337066508829594,-0.006000909488648176
350,3,46,1.0,1.0042052268981934,0,0,0.0,0.0,0.0,0.0004766620695590973,0.008819003589451313,-0.009743771515786648
351,3,47,1.0,0.999167799949646,0,0,0.0,0.0,0.0,-0.001043692696839571,0.00481489859521389,0.008421298116445541
352,3,48,1.0,0.9933308959007263,0,0,0.0,0.0,0.0,-0.0006575771840289235,0.0038049998693168163,-0.05086567997932434
353,3,49,1.0,0.993009090423584,0,0,0.0,0.0,0.0,-0.0006633334560319781,0.0033364417031407356,-0.05473055690526962
354,3,50,1.0,0.9961344003677368,0,0,0.0,0.0,0.0,-0.000275227939710021,0.002773905638605356,-0.07230965048074722
355,3,51,1.0,0.996155858039856,0,0,0.0,0.0,0.0,-0.00027635926380753517,0.0026444937102496624,-0.07303448021411896
356,3,52,1.0,1.0004600286483765,0,0,0.0,0.0,0.0,6.47504348307848e-05,0.0015949461376294494,-0.12363697588443756
357,3,53,1.0,1.0004563331604004,0,0,0.0,0.0,0.0,6.746174767613411e-05,0.0015626974636688828,-0.1239432841539383
358,3,54,1.0,1.004802942276001,0,0,0.0,0.0,-0.5,0.00016298494301736355,0.0005349853308871388,-0.18270285427570343
359,3,55,1.0,0.9951855540275574,0,0,0.0,0.0,-0.5,0.0009599647019058466,0.0008780497591942549,-0.5440040826797485
360,3,56,1.0,0.9972109198570251,0,0,0.0,0.0,-0.5,0.0008717919699847698,0.0008908496238291264,-0.5335692763328552
361,3,57,1.0,1.000511884689331,0,0,0.0,0.0,-0.5,0.0012905742041766644,0.0013508127303794026,-0.5385915637016296
362,3,58,1.0,1.0037729740142822,0,0,0.0,0.0,-0.5,0.0012803764548152685,0.0014137087855488062,-0.546690046787262
363,3,59,1.0,1.005273461341858,0,0,0.0,0.0,-0.5,0.002212860621511936,0.0014780579367652535,-0.5510282516479492
364,3,60,1.0,1.0095309019088745,0,0,0.0,0.0,-0.5,0.0017576999962329865,0.0014264689525589347,-0.5710111856460571
365,3,61,1.0,1.0096538066864014,0,0,0.0,0.0,-0.5,0.0018675988540053368,0.0008564410964027047,-0.5772777795791626
366,3,62,1.0,1.0110026597976685,0,0,0.0,0.0,-0.5,0.0023712259717285633,0.0009536679135635495,-0.5754247903823853
367,3,63,1.0,1.0091660022735596,0,0,0.0,0.0,-0.5,0.0026942784897983074,0.0012934105470776558,-0.5661213994026184
368,3,64,1.0,0.9982032775878906,0,0,0.0,0.0,-0.5,0.002907081041485071,0.0015404234873130918,-0.4660051763057709
369,3,65,1.0,0.9981057047843933,0,0,0.0,0.0,0.0,0.0029174257069826126,0.001551153720356524,-0.4583650529384613
370,3,66,1.0,1.721617341041565,0,1,0.0,0.0,0.0,0.0015578079037368298,-0.000739792943932116,0.003882068209350109
371,3,67,1.0,1.723322868347168,0,1,0.0,0.0,0.0,0.001563403056934476,-0.0007274762610904872,0.00398152694106102
372,3,68,1.0,2.027679681777954,0,1,0.0,0.0,0.0,0.0016846745274960995,-0.0017941577825695276,-0.015291176736354828
373,3,69,2.0,2.0276942253112793,1,1,0.0,0.0,0.0,0.0016810414381325245,-0.0017876641359180212,-0.015290088951587677
374,3,70,2.0,2.0433621406555176,1,1,0.0,0.0,0.0,5.4277945309877396e-05,-0.0017921817488968372,-0.0031509711407124996
375,3,71,2.0,2.0473825931549072,1,1,0.0,0.0,0.0,0.00037730392068624496,-0.0014686353970319033,0.0015809759497642517
376,3,72,2.0,2.053668975830078,1,1,0.0,0.0,0.0,6.362074054777622e-05,-0.0019027128582820296,0.0019374927505850792
377,3,73,2.0,2.0542819499969482,1,1,0.0,0.0,0.0,-0.0001305092591792345,-0.0023192379157990217,0.0026071546599268913
378,3,74,2.0,2.052804470062256,1,1,0.0,0.0,0.0,-0.0005303563084453344,-0.002517863642424345,0.0013076374307274818
379,3,75,2.0,2.0469582080841064,1,1,0.0,0.0,0.0,-0.0013486443785950541,-0.0034200940281152725,-0.003048935439437628
380,3,76,2.0,1.0002304315567017,1,0,0.0,0.0,0.0,-7.247505709528923e-05,0.001695463084615767,0.23433545231819153
381,3,77,1.0,0.9934911727905273,0,0,0.0,0.0,0.0,-0.0004939851351082325,0.0011724367504939437,0.3165968656539917
382,3,78,1.0,1.0004254579544067,0,0,0.0,0.0,0.0,0.0008263657800853252,-0.0003946094075217843,0.2235638052225113
383,3,79,1.0,1.0010775327682495,0,0,0.0,0.0,0.0,0.0008150089997798204,-0.0006960448808968067,0.219333216547966
384,3,80,1.0,0.9927919507026672,0,0,0.0,0.0,0.0,-0.0003680038498714566,-0.00020655605476349592,0.34097498655319214
385,3,81,1.0,0.9928037524223328,0,0,0.0,0.0,0.0,-0.00033382431138306856,-0.00026361559866927564,0.3389791250228882
386,3,82,1.0,0.9936249852180481,0,0,0.0,0.0,0.0,-0.00022528343833982944,0.0001809129025787115,0.30792897939682007
387,3,83,1.0,0.9935541152954102,0,0,0.0,0.0,0.0,-0.0002494852524250746,0.0002130214124917984,0.31064409017562866
388,3,84,1.0,0.9921468496322632,0,0,0.0,0.0,0.5,-0.0007263602456077933,0.00030179228633642197,0.3381250202655792
389,3,85,1.0,0.9996775984764099,0,0,0.0,0.0,0.5,-0.0009853711817413568,0.0006531927501782775,0.5403806567192078
390,3,86,1.0,1.001011848449707,0,0,0.0,0.0,0.5,5.419505760073662e-05,0.0009172683348879218,0.5474605560302734
391,3,87,1.0,1.0025485754013062,0,0,0.0,0.0,0.5,-0.00031594245228916407,0.0006042671157047153,0.5486097931861877
392,3,88,1.0,1.0022896528244019,0,0,0.0,0.0,0.5,-0.0002105033490806818,5.772558506578207e-05,0.5483222007751465
393,3,89,1.0,1.0010191202163696,0,0,0.0,0.0,0.5,0.00019452138803899288,-0.00013944550300948322,0.5462167859077454
394,3,90,1.0,1.000281572341919,0,0,0.0,0.0,0.5,-0.00028551206924021244,0.0002595348050817847,0.5468397736549377
395,3,91,1.0,1.0012893676757812,0,0,0.0,0.0,0.5,0.0003896337002515793,-0.00010102015221491456,0.5433598756790161
396,3,92,1.0,1.0021731853485107,0,0,0.0,0.0,0.5,0.0007517833728343248,-0.0006107151857577264,0.5415403842926025
397,3,93,1.0,1.0016053915023804,0,0,0.0,0.0,0.5,-0.00011188606731593609,-0.0009728763252496719,0.5428891777992249
398,4,0,1.0,1.004946231842041,0,0,0.0,0.0,0.0,0.01019761711359024,0.002797769382596016,-0.007823348976671696
399,4,1,1.0,1.0059846639633179,0,0,0.0,0.0,0.0,0.010474588721990585,0.0022411602549254894,-0.01191720925271511
400,4,2,1.0,1.007067084312439,0,0,0.0,0.0,0.0,0.009286508895456791,0.0010739261051639915,-0.005225217901170254
401,4,3,1.0,1.0069482326507568,0,0,0.0,0.0,0.0,0.009301278740167618,0.0011880405945703387,-0.0044303834438323975
402,4,4,1.0,1.005125880241394,0,0,0.0,0.0,0.0,0.00898720882833004,0.001592289307154715,0.010813452303409576
403,4,5,1.0,1.0051600933074951,0,0,0.0,0.0,0.0,0.008998475037515163,0.0016161779640242457,0.011022629216313362
404,4,6,1.0,1.0007891654968262,0,0,0.0,0.0,0.0,0.0022292439825832844,0.00045672222040593624,0.005159434862434864
405,4,7,1.0,1.0007847547531128,0,0,0.0,0.0,0.0,0.0022519263438880444,0.00045995658729225397,0.005242032930254936
406,4,8,1.0,0.999931275844574,0,0,0.0,0.0,0.0,-0.0029372130520641804,-0.0002281317429151386,0.0030402708798646927
407,4,9,1.0,0.9999299645423889,0,0,-0.25,0.0,0.0,-0.002929732669144869,-0.00022775933030061424,0.0030645309016108513
408,4,10,1.0,1.000905990600586,0,0,-0.25,0.0,0.0,-0.26896798610687256,-0.006035735830664635,0.004846501164138317
409,4,11,1.0,0.9999462366104126,0,0,-0.25,0.0,0.0,-0.27128374576568604,-0.0074019827879965305,0.006029239855706692
410,4,12,1.0,0.998323917388916,0,0,-0.25,0.0,0.0,-0.2746313512325287,-0.006376954726874828,0.0033475803211331367
411,4,13,1.0,0.9959946274757385,0,0,-0.25,0.0,0.0,-0.27751752734184265,-0.007658876478672028,0.0033993469551205635
412,4,14,1.0,0.9951498508453369,0,0,-0.25,0.0,0.0,-0.27885231375694275,-0.006868207827210426,-0.0018695197068154812
413,4,15,1.0,0.9957579374313354,0,0,-0.25,0.0,0.0,-0.282240092754364,-0.005717575084418058,-0.0007670307531952858
414,4,16,1.0,0.9981325268745422,0,0,-0.25,0.0,0.0,-0.2809855043888092,-0.004589250311255455,0.004662110470235348
415,4,17,1.0,0.9996529221534729,0,0,-0.25,0.0,0.0,-0.28662335872650146,-0.005557193886488676,0.005219249054789543
416,4,18,1.0,0.996703028678894,0,0,-0.25,0.0,0.0,-0.2850908041000366,-0.003684151917695999,0.0023178867995738983
417,4,19,1.0,0.9997168779373169,0,0,-0.25,0.0,0.0,-0.2865670919418335,-0.0028895637951791286,0.003642367199063301
418,4,20,1.0,1.0037404298782349,0,0,-0.25,0.0,0.0,-0.2855796217918396,-0.0013155285269021988,0.0022718673571944237
419,4,21,1.0,1.0063936710357666,0,0,-0.25,0.0,0.0,-0.271572083234787,-0.000503687362652272,-0.0003148103132843971
420,4,22,1.0,0.9954569935798645,0,0,-0.25,0.0,0.0,-0.17216424643993378,-0.0019459228496998549,-0.0052909632213413715
421,4,23,1.0,0.9925837516784668,0,0,0.0,0.0,0.0,-0.06881432235240936,-0.0016155013581737876,-0.002026984468102455
422,4,24,1.0,0.996528685092926,0,0,0.0,0.0,0.0,0.010150550864636898,0.0028078448958694935,0.0009009260684251785
423,4,25,1.0,0.996714174747467,0,0,0.0,0.0,0.0,0.026036890223622322,0.0028017042204737663,-0.001619801390916109
424,4,26,1.0,1.0003726482391357,0,0,0.0,0.0,0.0,0.013372933492064476,-0.009924766607582569,0.0014331396669149399
425,4,27,1.0,1.0003001689910889,0,0,0.0,0.0,0.0,0.01499379612505436,-0.010238664224743843,0.0006709303706884384
426,4,28,1.0,0.9975743293762207,0,0,0.0,-0.25,0.0,0.0035013072192668915,-0.1122295930981636,0.0024045919999480247
427,4,29,1.0,0.9912160634994507,0,0,0.0,-0.25,0.0,-0.0031356406398117542,-0.2339124232530594,0.0105168167501688
428,4,30,1.0,0.988301694393158,0,0,0.0,-0.25,0.0,-0.004039543215185404,-0.25668513774871826,0.004698192700743675
429,4,31,1.0,0.9902485609054565,0,0,0.0,-0.25,0.0,-0.004981718026101589,-0.26118379831314087,0.0046601202338933945
430,4,32,1.0,0.9873648285865784,0,0,0.0,-0.25,0.0,-0.003981714136898518,-0.26759108901023865,0.00586099736392498
431,4,33,1.0,0.9849177002906799,0,0,0.0,-0.25,0.0,-0.0037479442544281483,-0.27278056740760803,0.008816622197628021
432,4,34,1.0,0.9818480610847473,0,0,0.0,-0.25,0.0,-0.0032164340373128653,-0.2757703363895416,0.009930774569511414
433,4,35,1.0,0.9796655178070068,0,0,0.0,-0.25,0.0,-0.002604382112622261,-0.27545079588890076,0.011004909873008728
434,4,36,1.0,0.9807553887367249,0,0,0.0,-0.25,0.0,-0.0006192276487126946,-0.27563780546188354,0.00987759605050087
435,4,37,1.0,0.9860665798187256,0,0,0.0,-0.25,0.0,-0.0008777267066761851,-0.2540314793586731,0.004423120059072971
436,4,38,1.0,0.9913082122802734,0,0,0.0,-0.25,0.0,-0.0004705600440502167,-0.18210630118846893,0.0013459241017699242
437,4,39,1.0,0.9905811548233032,0,0,0.0,0.0,0.0,-0.0005702123744413257,-0.10203199088573456,-0.009779626503586769
438,4,40,1.0,0.9956137537956238,0,0,0.0,0.0,0.0,-0.0002996667753905058,-0.01603652536869049,-0.01029699295759201
439,4,41,1.0,0.9952749609947205,0,0,0.0,0.0,0.0,-0.0005315527087077498,-0.003780160564929247,-0.013754712417721748
440,4,42,1.0,0.9962792992591858,0,0,0.0,0.0,0.0,-0.002648197114467621,-0.0038177762180566788,-0.0012351647019386292
441,4,43,1.0,0.9964443445205688,0,0,0.0,0.0,0.0,-0.002501791575923562,-0.0021911985240876675,-0.0006657447665929794
442,4,44,1.0,0.9984056949615479,0,0,0.0,0.0,0.0,0.0005332687869668007,0.000854815705679357,-0.03831405192613602
443,4,45,1.0,0.9984164237976074,0,0,0.0,0.0,0.0,0.0005355286411941051,0.0009435729589313269,-0.03798501566052437
444,4,46,1.0,0.9988892078399658,0,0,0.0,0.0,0.0,-0.00047078519128262997,0.0015094593400135636,-0.05356079339981079
445,4,47,1.0,0.9988958239555359,0,0,0.0,0.0,0.0,-0.00047584855929017067,0.0015213423175737262,-0.05348203331232071
446,4,48,1.0,0.9992732405662537,0,0,0.0,0.0,0.0,-0.000388523330911994,0.0016996640479192138,-0.054442524909973145
447,4,49,1.0,0.999275267124176,0,0,0.0,-0.25,0.0,-0.00038963230326771736,0.0017027579015120864,-0.05442599952220917
448,4,50,1.0,0.9959618449211121,0,0,0.0,0.0,0.0,0.0010270718485116959,-0.0006769764004275203,-0.04919010400772095
449,4,51,1.0,0.9957579970359802,0,0,0.0,0.0,0.0,0.0009389491751790047,0.0021595805883407593,-0.033302247524261475
450,4,52,1.0,0.9975692629814148,0,0,0.0,0.0,0.0,0.00021323258988559246,0.0027605872601270676,-0.0614888072013855
451,4,53,1.0,0.9974886178970337,0,0,0.0,0.0,0.0,0.00012712017633020878,0.0031767734326422215,-0.061379387974739075
452,4,54,1.0,1.0014196634292603,0,0,0.0,0.0,0.0,0.0009019090794026852,0.002068694680929184,-0.09502168744802475
453,4,55,1.0,1.0014393329620361,0,0,0.0,0.0,0.0,0.0008837610948830843,0.002125510945916176,-0.09460216760635376
454,4,56,1.0,1.002925157546997,0,0,0.0,0.0,0.0,0.0008551075588911772,0.0017024591797962785,-0.11996562778949738
455,4,57,1.0,1.0029301643371582,0,0,0.0,0.0,-0.5,0.0008470674511045218,0.0017129800980910659,-0.1198883131146431
456,4,58,1.0,0.9955484867095947,0,0,0.0,0.0,-0.5,0.0008077253587543964,-0.00031071528792381287,-0.5391630530357361
457,4,59,1.0,0.9962215423583984,0,0,0.0,0.0,-0.5,0.0005903572309762239,-1.2896256521344185e-05,-0.5297550559043884
458,4,60,1.0,0.9968997240066528,0,0,0.0,0.0,-0.5,-0.0005776248872280121,0.0008402625098824501,-0.523364245891571
459,4,61,1.0,0.9979297518730164,0,0,0.0,0.0,-0.5,-0.0001838216558098793,0.0012781330151483417,-0.5209355354309082
460,4,62,1.0,1.0036059617996216,0,0,0.0,0.0,-0.5,0.000481245806440711,0.0009476178092882037,-0.5358533263206482
461,4,63,1.0,1.002820372581482,0,0,0.0,0.0,-0.5,0.0004163803532719612,0.0015448125777766109,-0.5422431230545044
462,4,64,1.0,1.0079772472381592,0,0,0.0,0.0,-0.5,0.0007786818314343691,0.0016866551013663411,-0.558140754699707
463,4,65,1.0,1.0088996887207031,0,0,0.0,0.0,-0.5,0.0012200202327221632,0.0006810567574575543,-0.5649528503417969
464,4,66,1.0,1.0124359130859375,0,0,0.0,0.0,-0.5,0.0015002014115452766,0.0004395251744426787,-0.564830482006073
465,4,67,1.0,1.012770652770996,0,0,0.0,0.0,-0.5,0.001900100614875555,0.0008445358835160732,-0.5555521845817566
466,4,68,1.0,1.0028105974197388,0,0,0.0,0.0,-0.5,0.002617273014038801,0.002139241434633732,-0.5022362470626831
467,4,69,1.0,1.0029183626174927,0,0,0.0,0.0,0.0,0.0025599426589906216,0.0022113355807960033,-0.49633482098579407
468,4,70,1.0,0.9884926080703735,0,0,0.0,0.0,0.0,0.0022825649939477444,0.002561922650784254,-0.3899815082550049
469,4,71,1.0,0.9885099530220032,0,0,0.0,0.0,0.0,0.002290305681526661,0.0025579011999070644,-0.38779503107070923
470,4,72,1.0,1.765509843826294,0,1,0.0,0.0,0.0,0.0011523994617164135,-0.0007202130509540439,0.004854857921600342
471,4,73,1.0,1.7657339572906494,0,1,0.0,0.0,0.0,0.0011690733954310417,-0.0007223811117000878,0.004932409152388573
472,4,74,1.0,1.6798865795135498,0,1,0.0,0.0,0.0,0.0015532874967902899,5.065317964181304e-05,0.011458659544587135
473,4,75,2.0,1.6801459789276123,1,1,0.0,0.0,0.0,0.0015662212390452623,4.266470205038786e-05,0.011523276567459106
474,4,76,2.0,2.047900676727295,1,1,0.0,0.0,0.0,-0.000535076716914773,-0.0006418896955437958,-0.007892459630966187
475,4,77,2.0,2.050795793533325,1,1,0.0,0.0,0.0,-0.0005036140792071819,-0.0007893129368312657,-0.004255619831383228
476,4,78,2.0,2.046053886413574,1,1,0.0,0.0,0.0,-0.0006154149305075407,0.00028985709650442004,0.00018142908811569214
477,4,79,2.0,2.0492804050445557,1,1,0.0,0.0,0.0,-0.0002956551034003496,-0.0021459716372191906,0.0014236848801374435
478,4,80,2.0,2.044404983520508,1,1,0.0,0.0,0.0,-0.0002925354056060314,-0.002518253866583109,0.0029518017545342445
479,4,81,2.0,2.045257091522217,1,1,0.0,0.0,0.0,-0.00028502708300948143,-0.0022329872008413076,0.0033419886603951454
480,4,82,2.0,2.044001817703247,1,1,0.0,0.0,0.0,-0.0005178527208045125,-0.0023817731998860836,0.002621833235025406
481,4,83,2.0,2.0438618659973145,1,1,0.0,0.0,0.0,-0.0005970846395939589,-0.0019245147705078125,0.002469581551849842
482,4,84,2.0,2.0333945751190186,1,1,0.0,0.0,0.0,-0.0006191108841449022,-0.0015502737369388342,-0.012624712660908699
483,4,85,1.0,1.9967201948165894,0,1,0.0,0.0,0.0,-0.0005822934908792377,-0.001741620129905641,-0.015526492148637772
484,4,86,1.0,1.026229977607727,0,0,0.0,0.0,0.0,0.0017913575284183025,-0.00022672611521556973,0.12249904125928879
485,4,87,1.0,0.9920175075531006,0,0,0.0,0.0,0.0,-0.0005108894547447562,-0.0001851880515459925,0.4948807656764984
486,4,88,1.0,1.008331060409546,0,0,0.0,0.0,0.0,0.0007652018684893847,-0.0010023578070104122,0.2029283344745636
487,4,89,1.0,0.9991374015808105,0,0,0.0,0.0,0.5,0.0008655746933072805,-0.0008835949702188373,0.28309115767478943
488,4,90,1.0,0.9946703910827637,0,0,0.0,0.0,0.5,0.0015064324252307415,-0.0007085812976583838,0.5186089873313904
489,4,91,1.0,0.9958587288856506,0,0,0.0,0.0,0.5,0.00029876362532377243,-0.0007451537530869246,0.5359814763069153
490,4,92,1.0,1.000342845916748,0,0,0.0,0.0,0.5,0.0004965688567608595,-0.000435010704677552,0.5549132823944092
491,4,93,1.0,1.0015678405761719,0,0,0.0,0.0,0.5,5.224277265369892e-05,-0.00012887496268376708,0.5505035519599915
492,4,94,1.0,1.002649188041687,0,0,0.0,0.0,0.5,0.0006068740040063858,-0.0002717674651648849,0.5443985462188721
493,4,95,1.0,1.001603364944458,0,0,0.0,0.0,0.5,0.0005554582457989454,-0.0002895875368267298,0.5477390289306641
494,4,96,1.0,1.0004522800445557,0,0,0.0,0.0,0.5,0.00020334613509476185,-0.0006361656123772264,0.5452846884727478
495,4,97,1.0,0.9995606541633606,0,0,0.0,0.0,0.5,-0.00031277595553547144,-0.0003309478342998773,0.5445926189422607
496,4,98,1.0,0.9980641603469849,0,0,0.0,0.0,0.5,-0.0002649393863976002,-0.0008075868245214224,0.5380880236625671
497,5,0,1.0,0.9980345368385315,0,0,0.0,0.0,0.0,0.010205968283116817,0.0018068918725475669,0.0007966905832290649
498,5,1,1.0,0.9990145564079285,0,0,0.0,0.0,0.0,0.009860260412096977,-5.9265963500365615e-05,-0.0030914684757590294
499,5,2,1.0,1.0033339262008667,0,0,0.0,0.0,0.0,0.010542777366936207,-0.0011177193373441696,0.005169851705431938
500,5,3,1.0,1.0033760070800781,0,0,0.0,0.0,0.0,0.010577942244708538,-0.0010880923364311457,0.006468036212027073
501,5,4,1.0,1.0050530433654785,0,0,0.0,0.0,0.0,0.011187710799276829,-0.0001657670654822141,0.02049047313630581
502,5,5,1.0,1.0050020217895508,0,0,0.0,0.0,0.0,0.011179705150425434,-0.00017246772767975926,0.020847545936703682
503,5,6,1.0,1.003173589706421,0,0,0.0,0.0,0.0,-0.0037014014087617397,7.037498289719224e-05,-0.008603867143392563
504,5,7,1.0,1.0031484365463257,0,0,0.0,0.0,0.0,-0.00367788877338171,6.970827234908938e-05,-0.008490070700645447
505,5,8,1.0,0.9958946108818054,0,0,-0.25,0.0,0.0,-0.16645391285419464,-0.0022742245346307755,0.0008044010028243065
506,5,9,1.0,1.0014386177062988,0,0,-0.25,0.0,0.0,-0.2564450204372406,-0.003132358193397522,0.0003187088295817375
507,5,10,1.0,1.004305362701416,0,0,-0.25,0.0,0.0,-0.2696709632873535,-0.001716995844617486,0.004160715267062187
508,5,11,1.0,1.0017398595809937,0,0,-0.25,0.0,0.0,-0.2735133469104767,-0.0008284446666948497,0.0054260557517409325
509,5,12,1.0,1.0019361972808838,0,0,-0.25,0.0,0.0,-0.27824750542640686,-0.001657601329497993,-0.0008552595973014832
510,5,13,1.0,1.000275731086731,0,0,-0.25,0.0,0.0,-0.2785910367965698,-0.0004970726440660655,-0.00019985530525445938
511,5,14,1.0,1.0014913082122803,0,0,-0.25,0.0,0.0,-0.2796391546726227,-0.00044752989197149873,0.0009048879146575928
512,5,15,1.0,1.0009989738464355,0,0,-0.25,0.0,0.0,-0.2809283435344696,-0.0009130898397415876,0.0013974113389849663
513,5,16,1.0,0.9955291152000427,0,0,-0.25,0.0,0.0,-0.28294140100479126,-0.003074768465012312,0.000974925234913826
514,5,17,1.0,0.9956932067871094,0,0,-0.25,0.0,0.0,-0.2850213348865509,-0.0028416202403604984,-0.0007142834365367889
515,5,18,1.0,0.9993765354156494,0,0,-0.25,0.0,0.0,-0.2843081057071686,-0.0021591046825051308,0.0018957685679197311
516,5,19,1.0,0.9953793883323669,0,0,-0.25,0.0,0.0,-0.28591471910476685,-0.0016400018939748406,0.0019797245040535927
517,5,20,1.0,0.9976876974105835,0,0,-0.25,0.0,0.0,-0.2724913954734802,-0.002453153021633625,-0.0015022116713225842
518,5,21,1.0,1.0029102563858032,0,0,-0.25,0.0,0.0,-0.15803465247154236,-0.0022191996686160564,0.0026184339076280594
519,5,22,1.0,1.0012928247451782,0,0,-0.25,0.0,0.0,-0.05267571657896042,0.0006418200209736824,0.0068464577198028564
520,5,23,1.0,1.0042545795440674,0,0,0.0,0.0,0.0,-0.0443502813577652,-0.0030132760293781757,0.015816574916243553
521,5,24,1.0,1.0106467008590698,0,0,0.0,0.0,0.0,-0.0059745111502707005,0.009060517884790897,0.021885503083467484
522,5,25,1.0,1.0043094158172607,0,0,0.0,0.0,0.0,0.0028828135691583157,0.03151668608188629,0.005094914697110653
523,5,26,1.0,1.0012755393981934,0,0,0.0,0.0,0.0,-0.0007809604285284877,0.20986662805080414,-0.0003802860155701637
524,5,27,1.0,1.001371145248413,0,0,0.0,0.0,0.0,0.0002564499154686928,0.20671316981315613,0.00013417936861515045
525,5,28,1.0,1.0014115571975708,0,0,0.0,0.0,0.0,-0.0022041883785277605,0.26442262530326843,-0.002528565004467964
526,5,29,1.0,1.0013659000396729,0,0,0.0,0.25,0.0,-0.0021665648091584444,0.26452308893203735,-0.002522955648601055
527,5,30,1.0,0.9915253520011902,0,0,0.0,0.25,0.0,-0.001812582602724433,0.25974395871162415,-0.005170037969946861
528,5,31,1.0,0.9866374135017395,0,0,0.0,0.25,0.0,-0.0017626872286200523,0.23040206730365753,-0.002405902836471796
529,5,32,1.0,0.9839653968811035,0,0,0.0,0.25,0.0,0.0015071502421051264,0.19230200350284576,-0.004472981207072735
530,5,33,1.0,0.9840831756591797,0,0,0.0,0.25,0.0,0.009043504483997822,0.16145992279052734,0.007576733827590942
531,5,34,1.0,0.9863266944885254,0,0,0.0,0.25,0.0,0.013712797313928604,0.17507891356945038,0.009490691125392914
532,5,35,1.0,0.9782891273498535,0,0,0.0,0.25,0.0,0.01074717752635479,0.19895707070827484,0.009803984314203262
533,5,36,1.0,0.9847495555877686,0,0,0.0,0.25,0.0,0.008258902467787266,0.2031843364238739,0.003453122451901436
534,5,37,1.0,0.9962202310562134,0,0,0.0,0.25,0.0,0.0011591799557209015,0.25785085558891296,-0.0027699628844857216
535,5,38,1.0,0.99305659532547,0,0,0.0,0.0,0.0,0.003713085316121578,0.22936391830444336,-0.0056005604565143585
536,5,39,1.0,0.9962244629859924,0,0,0.0,0.0,0.0,0.0019398103468120098,0.07354313880205154,-0.025374680757522583
537,5,40,1.0,0.9939892292022705,0,0,0.0,0.0,0.0,-0.0009693138999864459,0.011342620477080345,-0.01241422351449728
538,5,41,1.0,0.9928301572799683,0,0,0.0,0.0,0.0,-0.0011711310362443328,-0.003468422219157219,-0.01084669679403305
539,5,42,1.0,0.9920388460159302,0,0,0.0,0.0,0.0,-0.0015869112685322762,0.005452576093375683,-0.013553309254348278
540,5,43,1.0,0.9918447136878967,0,0,0.0,0.0,0.0,-0.0015661469660699368,0.0036877626553177834,-0.01339805033057928
541,5,44,1.0,0.9922653436660767,0,0,0.0,0.0,0.0,-0.001873732078820467,0.0019929585978388786,-0.01174046192318201
542,5,45,1.0,0.9922338724136353,0,0,0.0,0.25,0.0,-0.0018712517339736223,0.001623899326659739,-0.011713458225131035
543,5,46,1.0,0.9960645437240601,0,0,0.0,0.0,0.0,-0.0009894982213154435,0.01669931598007679,0.0015891268849372864
544,5,47,1.0,0.9988394975662231,0,0,0.0,0.0,0.0,-0.0015711376909166574,0.006926053203642368,0.009905066341161728
545,5,48,1.0,0.9978041648864746,0,0,0.0,0.0,0.0,-0.001805572770535946,0.002633851021528244,0.004616877064108849
546,5,49,1.0,0.9976644515991211,0,0,0.0,0.0,0.0,-0.0019057843601331115,0.0012868072371929884,0.003659091889858246
547,5,50,1.0,0.9987475275993347,0,0,0.0,0.0,0.0,-0.0017936190124601126,0.0026559163816273212,0.012255162000656128
548,5,51,1.0,0.998733639717102,0,0,0.0,0.0,0.0,-0.0018202136270701885,0.002462941687554121,0.012014351785182953
549,5,52,1.0,1.0014594793319702,0,0,0.0,0.25,0.0,-0.0002771001309156418,0.0010017304448410869,0.01018245704472065
550,5,53,1.0,1.0039058923721313,0,0,0.0,0.0,0.0,-0.001030783518217504,0.006737796124070883,0.002729211002588272
551,5,54,1.0,1.000541090965271,0,0,0.0,0.0,0.0,-0.0011337273754179478,0.0038601611740887165,-0.03393085300922394
552,5,55,1.0,0.9993314743041992,0,0,0.0,0.0,0.0,-0.0013453307328745723,0.0028091375716030598,-0.02771611325442791
553,5,56,1.0,1.0077588558197021,0,0,0.0,0.0,0.0,-0.0012576599838212132,0.0008575452957302332,-0.09727844595909119
554,5,57,1.0,1.0077534914016724,0,0,0.0,0.0,0.0,-0.0012276906054466963,0.0006968853995203972,-0.09925251454114914
555,5,58,1.0,1.0088400840759277,0,0,0.0,0.0,0.0,-0.0015179973561316729,0.0001737372949719429,-0.13122673332691193
556,5,59,1.0,1.0088292360305786,0,0,0.0,0.0,0.0,-0.0015137625159695745,0.00014850596198812127,-0.1316216140985489
557,5,60,1.0,1.0114277601242065,0,0,0.0,0.0,-0.5,-0.002005319343879819,-0.00039558502612635493,-0.19789807498455048
558,5,61,1.0,0.9976220726966858,0,0,0.0,0.0,-0.5,0.0015334330964833498,0.0013626893050968647,-0.5526228547096252
559,5,62,1.0,1.0011522769927979,0,0,0.0,0.0,-0.5,0.002319399267435074,0.0015717461938038468,-0.5433567762374878
560,5,63,1.0,1.0003407001495361,0,0,0.0,0.0,-0.5,0.0017439648509025574,0.0010123817482963204,-0.5403912663459778
561,5,64,1.0,1.0043041706085205,0,0,0.0,0.0,-0.5,0.001132399309426546,0.001284505007788539,-0.5475553274154663
562,5,65,1.0,1.0074281692504883,0,0,0.0,0.0,-0.5,0.0012707854621112347,0.0017900251550599933,-0.552932620048523
563,5,66,1.0,1.0107446908950806,0,0,0.0,0.0,-0.5,0.00019707903265953064,0.002715182490646839,-0.5615381598472595
564,5,67,1.0,1.0090376138687134,0,0,0.0,0.0,-0.5,-0.00019137095659971237,0.00126835482660681,-0.5752350687980652
565,5,68,1.0,1.0058361291885376,0,0,0.0,0.0,-0.5,0.0013479080516844988,0.0006138470489531755,-0.5762484073638916
566,5,69,1.0,1.0029609203338623,0,0,0.0,0.0,-0.5,0.0006347510498017073,0.0013469038531184196,-0.5760719776153564
567,5,70,1.0,0.9933387041091919,0,0,0.0,0.0,-0.5,0.0019914857111871243,0.0022553429007530212,-0.5097119808197021
568,5,71,1.0,0.9893250465393066,0,0,0.0,0.0,-0.5,0.0010263028088957071,0.0016575745539739728,-0.4752143621444702
569,5,72,1.0,1.075743317604065,0,0,0.0,0.0,0.0,0.0018221144564449787,0.0035825525410473347,-0.10295307636260986
570,5,73,1.0,1.0927315950393677,0,0,0.0,0.0,0.0,0.0010932327713817358,0.0034685214050114155,-0.1027410626411438
571,5,74,1.0,2.019716501235962,0,1,0.0,0.0,0.0,0.0009330257307738066,-0.0011640733573585749,-0.015954826027154922
572,5,75,1.0,2.0252861976623535,0,1,0.0,0.0,0.0,0.0007500462234020233,-0.000414827314671129,-0.015361879020929337
573,5,76,2.0,2.0417890548706055,1,1,0.0,0.0,0.0,9.49339009821415e-05,-0.00022804317995905876,-0.010265959426760674
574,5,77,2.0,2.0434155464172363,1,1,0.0,0.0,0.0,0.00044512562453746796,-0.0024244238156825304,-0.00025896355509757996
575,5,78,2.0,2.0471694469451904,1,1,0.0,0.0,0.0,-0.0009619151242077351,-0.002432864625006914,0.0031959647312760353
576,5,79,2.0,2.0457582473754883,1,1,0.0,0.0,0.0,-0.0003915302222594619,-0.0017077664379030466,0.003949170932173729
577,5,80,2.0,2.047995090484619,1,1,0.0,0.0,0.0,9.257951751351357e-05,-0.0017360536148771644,0.002025340683758259
578,5,81,2.0,2.049622058868408,1,1,0.0,0.0,0.0,-0.000155765563249588,-0.0019298684783279896,0.0012257900089025497
579,5,82,2.0,2.0576906204223633,1,1,0.0,0.0,0.0,-0.0005333332810550928,-0.0021726819686591625,-0.0004347926005721092
580,5,83,2.0,2.0588698387145996,1,1,0.0,0.0,0.0,-0.0005866192514076829,-0.002389822620898485,-0.00026536546647548676
581,5,84,1.0,0.9939406514167786,0,0,0.0,0.0,0.0,0.0020057465881109238,-0.0028144987300038338,0.2873736619949341
582,5,85,1.0,1.0205086469650269,0,0,0.0,0.0,0.0,0.0029187719337642193,-0.003183586522936821,0.14011068642139435
583,5,86,1.0,0.9893358945846558,0,0,0.0,0.0,0.0,-0.0009717458160594106,-0.00013808804214932024,0.4082939326763153
584,5,87,1.0,0.9962959289550781,0,0,0.0,0.0,0.0,0.0004948971327394247,-0.0007536825723946095,0.29691243171691895
585,5,88,1.0,0.9883009195327759,0,0,0.0,0.0,0.5,0.00027897534891963005,-0.0010707385372370481,0.40770575404167175
586,5,89,1.0,0.9886200428009033,0,0,0.0,0.0,0.5,0.0006136482115834951,-0.002299908082932234,0.4202163815498352
587,5,90,1.0,0.9994404315948486,0,0,0.0,0.0,0.5,0.0002900445833802223,0.0006152400746941566,0.5486977696418762
588,5,91,1.0,1.0026559829711914,0,0,0.0,0.0,0.5,0.0005200724117457867,0.00030030717607587576,0.5472049117088318
589,5,92,1.0,1.002073049545288,0,0,0.0,0.0,0.5,0.000610356917604804,0.00012224394595250487,0.5470882654190063
590,5,93,1.0,1.0007684230804443,0,0,0.0,0.0,0.5,0.0009962448384612799,-0.0002843966649379581,0.5475791692733765
591,5,94,1.0,1.0022047758102417,0,0,0.0,0.0,0.5,0.0004267096519470215,-0.0005024145939387381,0.5460197329521179
592,5,95,1.0,1.0021891593933105,0,0,0.0,0.0,0.5,0.000809140270575881,0.00018055189866572618,0.5457884669303894
593,5,96,1.0,1.0014712810516357,0,0,0.0,0.0,0.5,0.0013997021596878767,0.00014528416795656085,0.5402763485908508
594,5,97,1.0,1.0018738508224487,0,0,0.0,0.0,0.5,0.0018413928337395191,0.00014679331798106432,0.5379677414894104
595,6,0,1.0,0.9984461069107056,0,0,0.0,0.0,0.0,-0.00194620864931494,0.003640357404947281,-0.005722420290112495
596,6,1,1.0,0.999640166759491,0,0,0.0,0.0,0.0,-0.002381653059273958,0.0038041090592741966,-0.006373791955411434
597,6,2,1.0,0.99680495262146,0,0,0.0,0.0,0.0,-0.003926214762032032,0.003559672739356756,-0.003568867687135935
598,6,3,1.0,0.9968301057815552,0,0,0.0,0.0,0.0,-0.004139685072004795,0.0036261393688619137,-0.002637364435940981
599,6,4,1.0,0.9951144456863403,0,0,0.0,0.0,0.0,-0.009316770359873772,0.0031368699856102467,0.011419786140322685
600,6,5,1.0,0.9949907064437866,0,0,0.0,0.0,0.0,-0.009350920096039772,0.003131816629320383,0.01165095902979374
601,6,6,1.0,0.990422785282135,0,0,0.0,0.0,0.0,0.0027231350541114807,0.0011586357140913606,-0.02059023268520832
602,6,7,1.0,0.9903935194015503,0,0,0.0,0.0,0.0,0.002768272999674082,0.0011520242551341653,-0.020514070987701416
603,6,8,1.0,0.9895609617233276,0,0,0.0,0.0,0.0,0.05043599754571915,0.0005320601630955935,-0.021944010630249977
604,6,9,1.0,0.9895534515380859,0,0,0.25,0.0,0.0,0.05045921355485916,0.0005297384923323989,-0.021920714527368546
605,6,10,1.0,0.9892668724060059,0,0,0.25,0.0,0.0,0.2562871277332306,-0.0016124023823067546,-0.005341852083802223
606,6,11,1.0,0.9905309081077576,0,0,0.25,0.0,0.0,0.273189514875412,-0.0012664974201470613,-0.001403910107910633
607,6,12,1.0,0.9942799806594849,0,0,0.25,0.0,0.0,0.2745184898376465,-0.0013859597966074944,-0.0001936471089720726
608,6,13,1.0,0.9932754039764404,0,0,0.25,0.0,0.0,0.2774663269519806,-0.0004908043192699552,0.0015598004683852196
609,6,14,1.0,0.9979044198989868,0,0,0.25,0.0,0.0,0.27869686484336853,7.425609510391951e-06,-0.0019822129979729652
610,6,15,1.0,0.9963213205337524,0,0,0.25,0.0,0.0,0.2823416292667389,-4.453776637092233e-05,0.0018906136974692345
611,6,16,1.0,0.9992965459823608,0,0,0.25,0.0,0.0,0.2845810651779175,0.00010606844443827868,0.0034711407497525215
612,6,17,1.0,1.0021135807037354,0,0,0.25,0.0,0.0,0.2833479940891266,0.0012108276132494211,0.008120721206068993
613,6,18,1.0,0.9929128885269165,0,0,0.25,0.0,0.0,0.28714293241500854,-0.0006695062038488686,0.009168146178126335
614,6,19,1.0,0.9885936379432678,0,0,0.25,0.0,0.0,0.2690483629703522,-0.0005014412454329431,0.010752169415354729
615,6,20,1.0,0.9957228899002075,0,0,0.25,0.0,0.0,0.17521783709526062,-0.0016202175756916404,0.006376198492944241
616,6,21,1.0,0.9910216331481934,0,0,0.0,0.0,0.0,0.05855918675661087,-0.0019216202199459076,0.009551431983709335
617,6,22,1.0,0.9907320737838745,0,0,0.0,0.0,0.0,0.006692834198474884,0.00476235244423151,-0.0005285115912556648
618,6,23,1.0,0.9918081760406494,0,0,0.0,0.0,0.0,0.0003102002665400505,0.005009313579648733,1.5269964933395386e-05
619,6,24,1.0,0.9933414459228516,0,0,0.0,0.0,0.0,-0.0003113776911050081,0.005128584802150726,-0.005903744138777256
620,6,25,1.0,0.996212899684906,0,0,0.0,0.0,0.0,-0.00044709467329084873,0.004878524225205183,-0.011017926037311554
621,6,26,1.0,1.0062391757965088,0,0,0.0,0.0,0.0,0.003043176606297493,-0.060316961258649826,-0.008977167308330536
622,6,27,1.0,1.006311058998108,0,0,0.0,0.0,0.0,0.0029617962427437305,-0.06097760051488876,-0.008900709450244904
623,6,28,1.0,1.0069423913955688,0,0,0.0,-0.25,0.0,0.0023083947598934174,-0.11781575530767441,-0.00528663769364357
624,6,29,1.0,0.9881268739700317,0,0,0.0,-0.25,0.0,-0.0033170850947499275,-0.2686847150325775,0.0018384596332907677
625,6,30,1.0,0.9910985827445984,0,0,0.0,-0.25,0.0,-0.004260462708771229,-0.2696579098701477,0.0007970696315169334
626,6,31,1.0,0.9920469522476196,0,0,0.0,-0.25,0.0,-0.004075403790920973,-0.2724197506904602,0.00646468810737133
627,6,32,1.0,0.988287091255188,0,0,0.0,-0.25,0.0,-0.0037049937527626753,-0.275458425283432,0.013068951666355133
628,6,33,1.0,0.9886387586593628,0,0,0.0,-0.25,0.0,-0.003566702827811241,-0.2772836685180664,0.015259834006428719
629,6,34,1.0,0.9864466786384583,0,0,0.0,-0.25,0.0,-0.0033321520313620567,-0.27999719977378845,0.015597106888890266
630,6,35,1.0,0.9896995425224304,0,0,0.0,-0.25,0.0,-0.004098167642951012,-0.2785817086696625,0.014021016657352448
631,6,36,1.0,0.9906039834022522,0,0,0.0,-0.25,0.0,-0.004945203196257353,-0.275767058134079,0.012977557256817818
632,6,37,1.0,0.9887095093727112,0,0,0.0,-0.25,0.0,-0.005625096615403891,-0.2655661106109619,0.0020967330783605576
633,6,38,1.0,0.9848071932792664,0,0,0.0,-0.25,0.0,-0.004284000024199486,-0.1903637796640396,-0.006369326263666153
634,6,39,1.0,0.9872483015060425,0,0,0.0,-0.25,0.0,-0.0025145879480987787,-0.09905757009983063,-0.017517702654004097
635,6,40,1.0,1.0025608539581299,0,0,0.0,0.0,0.0,-0.0002927959430962801,-0.015162044204771519,-0.0409439355134964
636,6,41,1.0,1.0005064010620117,0,0,0.0,0.0,0.0,-0.0006936858408153057,-0.0013383532641455531,-0.012678231112658978
637,6,42,1.0,0.9992457628250122,0,0,0.0,0.0,0.0,-0.00037801440339535475,0.002058783546090126,-0.032930612564086914
638,6,43,1.0,0.9994214177131653,0,0,0.0,0.0,0.0,-0.00040994177106767893,0.0028097345493733883,-0.029530581086874008
639,6,44,1.0,1.0047143697738647,0,0,0.0,0.0,0.0,-0.0003553450806066394,0.0013737597037106752,-0.050881341099739075
640,6,45,1.0,1.0046846866607666,0,0,0.0,0.0,0.0,-0.0003817013930529356,0.0014977761311456561,-0.05038989335298538
641,6,46,1.0,1.009230613708496,0,0,0.0,0.0,0.0,-0.0005676258588209748,0.00027244066586717963,-0.16281381249427795
642,6,47,1.0,1.009228229522705,0,0,0.0,0.0,0.0,-0.0005734729347750545,0.00030084920581430197,-0.16272996366024017
643,6,48,1.0,1.0090692043304443,0,0,0.0,0.0,-0.5,-0.0006853931117802858,0.0008605752373114228,-0.15120892226696014
644,6,49,1.0,0.998546838760376,0,0,0.0,0.0,-0.5,0.0015836181119084358,-1.266400795429945e-05,-0.5489771962165833
645,6,50,1.0,1.0004786252975464,0,0,0.0,0.0,-0.5,0.001450973330065608,0.0007466502720490098,-0.5387890934944153
646,6,51,1.0,1.0015428066253662,0,0,0.0,0.0,-0.5,0.0012422471772879362,0.0010247620521113276,-0.5379180312156677
647,6,52,1.0,1.005128026008606,0,0,0.0,0.0,-0.5,0.0016395540442317724,0.0017301604384556413,-0.5404177308082581
648,6,53,1.0,1.0087436437606812,0,0,0.0,0.0,-0.5,0.0024817930534482002,0.0015515870181843638,-0.5570191740989685
649,6,54,1.0,1.0095782279968262,0,0,0.0,0.0,-0.5,0.0020778453908860683,0.0011362193617969751,-0.5712231397628784
650,6,55,1.0,1.0105016231536865,0,0,0.0,0.0,-0.5,0.0021155006252229214,0.00071178306825459,-0.5764668583869934
651,6,56,1.0,1.0055521726608276,0,0,0.0,0.0,-0.5,0.0026822336949408054,0.0014827105915173888,-0.5730106234550476
652,6,57,1.0,1.0025538206100464,0,0,0.0,0.0,-0.5,0.0023221452720463276,0.002437110058963299,-0.5611223578453064
653,6,58,1.0,0.9876888394355774,0,0,0.0,0.0,-0.5,0.002289887983351946,0.002328664530068636,-0.4407055974006653
654,6,59,1.0,0.9879183173179626,0,0,0.0,0.0,-0.5,0.002229455392807722,0.002325647510588169,-0.43119585514068604
655,6,60,1.0,1.0464621782302856,0,0,0.0,0.0,0.0,0.004664998967200518,0.0033012963831424713,-0.06148628145456314
656,6,61,1.0,1.0469368696212769,0,0,0.0,0.0,0.0,0.004668460227549076,0.003291094209998846,-0.06044575572013855
657,6,62,1.0,2.0127663612365723,0,1,0.0,0.0,0.0,0.002264938782900572,-0.0019420984899625182,-0.008469080552458763
658,6,63,1.0,2.012810707092285,0,1,0.0,0.0,0.0,0.002268836833536625,-0.0019461937481537461,-0.008453372865915298
659,6,64,2.0,1.893686294555664,1,1,0.0,0.0,0.0,0.0038067884743213654,-0.00044374464778229594,0.0008105747401714325
660,6,65,2.0,2.0502052307128906,1,1,0.0,0.0,0.0,4.256586544215679e-05,-0.001256115734577179,-0.0015721884556114674
661,6,66,2.0,2.0497474670410156,1,1,0.0,0.0,0.0,0.00037455023266375065,-0.0023375372402369976,0.0007225852459669113
662,6,67,2.0,2.0503783226013184,1,1,0.0,0.0,0.0,-1.0227318853139877e-05,-0.0024865311570465565,0.0018129898235201836
663,6,68,2.0,2.0540666580200195,1,1,0.0,0.0,0.0,0.0007505104877054691,-0.00195319764316082,0.003227352164685726
664,6,69,2.0,2.054720401763916,1,1,0.0,0.0,0.0,0.0005590065848082304,-0.0020808347035199404,0.003152189776301384
665,6,70,2.0,2.053849458694458,1,1,0.0,0.0,0.0,0.0003305301070213318,-0.001842211582697928,0.003885895013809204
666,6,71,2.0,2.054264783859253,1,1,0.0,0.0,0.0,0.00023785769008100033,-0.0019457503221929073,0.0035842666402459145
667,6,72,2.0,2.0377864837646484,1,1,0.0,0.0,0.0,-0.00045593862887471914,-0.0029718545265495777,-0.007883737795054913
668,6,73,1.0,1.926727056503296,0,1,0.0,0.0,0.0,-0.001197749050334096,-0.0016759161371737719,-0.018731925636529922
669,6,74,1.0,0.9958504438400269,0,0,0.0,0.0,0.0,0.0017151427455246449,-0.0016670975601300597,0.2141074389219284
670,6,75,1.0,0.9931729435920715,0,0,0.0,0.0,0.0,0.001404632581397891,-0.0016171492170542479,0.24179266393184662
671,6,76,1.0,0.9925358295440674,0,0,0.0,0.0,0.0,0.0007242427673190832,-0.0017247499199584126,0.2909647822380066
672,6,77,1.0,0.9919443726539612,0,0,0.0,0.0,0.0,0.00042178179137408733,-0.001468429807573557,0.3092874586582184
673,6,78,1.0,0.9913480877876282,0,0,0.0,0.0,0.0,0.0004001813940703869,-0.0008167374180629849,0.3089369237422943
674,6,79,1.0,0.9913311004638672,0,0,0.0,0.0,0.5,0.0004033276345580816,-0.0008417997742071748,0.31018057465553284
675,6,80,1.0,1.000044584274292,0,0,0.0,0.0,0.5,0.00033102696761488914,-0.00010278192348778248,0.5326510071754456
676,6,81,1.0,1.0021493434906006,0,0,0.0,0.0,0.5,0.0004412890411913395,-0.00020738973398692906,0.5472623705863953
677,6,82,1.0,1.0012412071228027,0,0,0.0,0.0,0.5,0.0008225203491747379,-0.0007248388137668371,0.5485193729400635
678,6,83,1.0,1.001147985458374,0,0,0.0,0.0,0.5,0.0005729598924517632,-0.0005092435167171061,0.5447534918785095
679,6,84,1.0,1.0003998279571533,0,0,0.0,0.0,0.5,0.0003961359616369009,3.4218537621200085e-05,0.5426389575004578
680,6,85,1.0,1.0003489255905151,0,0,0.0,0.0,0.5,0.00010512233711779118,-0.00042852750630117953,0.5465762615203857
681,6,86,1.0,0.99978107213974,0,0,0.0,0.0,0.5,0.00019653793424367905,-0.0006814725929871202,0.5462501645088196
682,6,87,1.0,0.9995000958442688,0,0,0.0,0.0,0.5,0.00036011217162013054,-0.0006141078192740679,0.5426696538925171
683,6,88,1.0,1.000351905822754,0,0,0.0,0.0,0.5,0.00017786072567105293,-0.0007523224921897054,0.5461910963058472
684,7,0,1.0,0.9888830184936523,0,0,0.0,0.0,0.0,-0.0006327753653749824,0.00016148522263392806,-0.0011897515505552292
685,7,1,1.0,0.9924798011779785,0,0,0.0,0.0,0.0,-0.000772652798332274,0.00041720346780493855,-0.0023127971217036247
686,7,2,1.0,0.9931407570838928,0,0,0.0,0.0,0.0,-0.0018094900297001004,2.0729959942400455e-05,0.010480161756277084
687,7,3,1.0,0.9929841756820679,0,0,0.0,0.0,0.0,-0.0024371962063014507,0.00013295805547386408,0.010996520519256592
688,7,4,1.0,0.9915356040000916,0,0,0.0,0.0,0.0,-0.009772108867764473,0.0023861215449869633,0.008232010528445244
689,7,5,1.0,0.9914429187774658,0,0,0.0,0.0,0.0,-0.009879712015390396,0.0023480383679270744,0.008537815883755684
690,7,6,1.0,0.9928288459777832,0,0,0.0,0.0,0.0,0.019016826525330544,0.0016991231823340058,-0.04026617854833603
691,7,7,1.0,0.9927690625190735,0,0,0.0,0.0,0.0,0.019105656072497368,0.0016801675083115697,-0.04015635699033737
692,7,8,1.0,0.9915266036987305,0,0,0.0,0.0,0.0,0.1154739260673523,-0.0017712711123749614,-0.023049943149089813
693,7,9,1.0,0.9915119409561157,0,0,0.0,0.0,0.0,0.11550745368003845,-0.0017714209388941526,-0.023026082664728165
694,7,10,1.0,0.987461507320404,0,0,0.25,0.0,0.0,0.230459526181221,-0.0016565381083637476,-0.003781189676374197
695,7,11,1.0,0.9901686310768127,0,0,0.25,0.0,0.0,0.2625180780887604,-0.0008210812229663134,-0.002879784442484379
696,7,12,1.0,0.9916994571685791,0,0,0.25,0.0,0.0,0.27229440212249756,-3.80402198061347e-05,0.0009689927101135254
697,7,13,1.0,0.9910748600959778,0,0,0.25,0.0,0.0,0.27402445673942566,0.0008669514209032059,0.00031299423426389694
698,7,14,1.0,0.9883991479873657,0,0,0.25,0.0,0.0,0.2780757546424866,0.0014383456436917186,-0.001101790927350521
699,7,15,1.0,0.99305260181427,0,0,0.25,0.0,0.0,0.27834659814834595,0.00237565441057086,-0.0025273803621530533
700,7,16,1.0,0.9946529269218445,0,0,0.25,0.0,0.0,0.2801862061023712,0.0016944165108725429,-0.005007523111999035
701,7,17,1.0,0.9971768260002136,0,0,0.25,0.0,0.0,0.2818984389305115,0.002002643421292305,-0.0035548298619687557
702,7,18,1.0,1.0043566226959229,0,0,0.25,0.0,0.0,0.2869226932525635,0.0011716900626197457,-0.003298136405646801
703,7,19,1.0,0.9976701736450195,0,0,0.25,0.0,0.0,0.2869744598865509,0.0010819119634106755,-0.0028131892904639244
704,7,20,1.0,0.9873321652412415,0,0,0.25,0.0,0.0,0.27581754326820374,0.001444516354240477,-0.0023216898553073406
705,7,21,1.0,0.9889418482780457,0,0,0.25,0.0,0.0,0.22750186920166016,0.003646411933004856,-0.0004964061081409454
706,7,22,1.0,0.9957736730575562,0,0,0.25,0.0,0.0,0.10855282098054886,0.003078813198953867,0.007474755868315697
707,7,23,1.0,1.0030133724212646,0,0,0.0,0.0,0.0,0.05807333439588547,0.0009890205692499876,0.011499764397740364
708,7,24,1.0,1.0067931413650513,0,0,0.0,0.0,0.0,0.00942459050565958,-0.001354058040305972,0.007348766550421715
709,7,25,1.0,1.0091888904571533,0,0,0.0,0.0,0.0,0.002749815583229065,0.0007211552001535892,0.006617237813770771
710,7,26,1.0,1.0085822343826294,0,0,0.0,0.0,0.0,-0.0020312436390668154,0.0699823722243309,-0.0036731725558638573
711,7,27,1.0,1.0088403224945068,0,0,0.0,0.0,0.0,-0.0026189095806330442,0.07026936858892441,-0.0034420019946992397
712,7,28,1.0,1.0055874586105347,0,0,0.0,0.25,0.0,-0.0018236020114272833,0.17973172664642334,-0.004636469297111034
713,7,29,1.0,0.9988713264465332,0,0,0.0,0.25,0.0,-0.0005440387176349759,0.2683524489402771,-0.006441707257181406
714,7,30,1.0,0.9934253692626953,0,0,0.0,0.25,0.0,0.0007097057532519102,0.26804015040397644,-0.011870096437633038
715,7,31,1.0,0.9905340671539307,0,0,0.0,0.25,0.0,0.0005583004094660282,0.2685098946094513,-0.0091779213398695
716,7,32,1.0,0.9849517941474915,0,0,0.0,0.25,0.0,0.0002697897143661976,0.2673044204711914,-0.013211394660174847
717,7,33,1.0,0.9857299327850342,0,0,0.0,0.25,0.0,-0.0009649514686316252,0.2762281000614166,-0.004263106733560562
718,7,34,1.0,0.9815706014633179,0,0,0.0,0.25,0.0,-0.0003052809042856097,0.2757594883441925,-0.0009791143238544464
719,7,35,1.0,0.9852967262268066,0,0,0.0,0.25,0.0,-0.0007686815224587917,0.2750246226787567,-0.00039280205965042114
720,7,36,1.0,0.9854074120521545,0,0,0.0,0.25,0.0,-0.0020623644813895226,0.27241528034210205,0.0017421897500753403
721,7,37,1.0,0.9874661564826965,0,0,0.0,0.25,0.0,-0.001544994069263339,0.2624513804912567,-0.004637319594621658
722,7,38,1.0,0.9984134435653687,0,0,0.0,0.25,0.0,0.0008622824680060148,0.06904066354036331,0.0022074375301599503
723,7,39,1.0,1.002036213874817,0,0,0.0,0.0,0.0,-9.673833847045898e-05,0.019369473680853844,0.02408137358725071
724,7,40,1.0,1.00455904006958,0,0,0.0,0.0,0.0,0.0010214620269834995,0.00484544737264514,-0.0038924734108150005
725,7,41,1.0,1.0049843788146973,0,0,0.0,0.0,0.0,0.000660215737298131,0.002028956077992916,-0.007401848211884499
726,7,42,1.0,0.9983460307121277,0,0,0.0,0.0,0.0,-0.00030913332011550665,0.002683576662093401,-0.04545006901025772
727,7,43,1.0,0.9982759952545166,0,0,0.0,0.0,0.0,-0.0003198109334334731,0.002345189917832613,-0.045983992516994476
728,7,44,1.0,0.9937237501144409,0,0,0.0,0.0,0.0,-0.0003187739057466388,0.003334695938974619,-0.05432240664958954
729,7,45,1.0,0.9937000274658203,0,0,0.0,0.0,0.0,-0.0003176062600687146,0.003286439925432205,-0.054489873349666595
730,7,46,1.0,0.9939355850219727,0,0,0.0,0.0,0.0,-0.0006806835299357772,0.002868619281798601,-0.060270316898822784
731,7,47,1.0,0.9939329028129578,0,0,0.0,0.0,0.0,-0.0006809107726439834,0.0028535379096865654,-0.06030477583408356
732,7,48,1.0,0.9934514760971069,0,0,0.0,0.25,0.0,-0.0002352080773562193,0.002759489230811596,-0.06599090993404388
733,7,49,1.0,0.9980961680412292,0,0,0.0,0.0,0.0,0.0002585647162050009,0.004999577067792416,-0.012466521933674812
734,7,50,1.0,1.0019813776016235,0,0,0.0,0.0,0.0,-7.285131141543388e-05,0.004204336553812027,-0.06255071610212326
735,7,51,1.0,0.99910569190979,0,0,0.0,0.0,0.0,-0.0004444303922355175,0.0035082893446087837,-0.043711379170417786
736,7,52,1.0,1.0078461170196533,0,0,0.0,0.0,0.0,-0.00038796954322606325,0.00027120759477838874,-0.15743638575077057
737,7,53,1.0,1.0076713562011719,0,0,0.0,0.0,0.0,-0.00038193014916032553,-1.676206011325121e-05,-0.16095618903636932
738,7,54,1.0,1.010207176208496,0,0,0.0,0.0,0.0,-0.0003687721909955144,8.124497253447771e-05,-0.31357839703559875
739,7,55,1.0,1.0101549625396729,0,0,0.0,0.0,0.0,-0.0003639457281678915,2.735591260716319e-05,-0.31462815403938293
740,7,56,1.0,1.0091731548309326,0,0,0.0,0.0,-0.5,1.9039958715438843e-05,0.0001388227683492005,-0.40469610691070557
741,7,57,1.0,0.9970594048500061,0,0,0.0,0.0,-0.5,0.0008159596472978592,0.00105688173789531,-0.5452972650527954
742,7,58,1.0,0.9995418787002563,0,0,0.0,0.0,-0.5,0.001433260040357709,0.0012904334580525756,-0.5444616079330444
743,7,59,1.0,1.001358985900879,0,0,0.0,0.0,-0.5,0.0012981223408132792,0.0015724197728559375,-0.5410946607589722
744,7,60,1.0,1.005313515663147,0,0,0.0,0.0,-0.5,0.001575998729094863,0.0019515695748850703,-0.5488370656967163
745,7,61,1.0,1.0079964399337769,0,0,0.0,0.0,-0.5,0.00244364095851779,0.00153735454659909,-0.5651696920394897
746,7,62,1.0,1.0092722177505493,0,0,0.0,0.0,-0.5,0.0017041112296283245,0.0010185439605265856,-0.5779082179069519
747,7,63,1.0,1.009020447731018,0,0,0.0,0.0,-0.5,0.001872099470347166,0.0008527155732735991,-0.5827134251594543
748,7,64,1.0,1.010055661201477,0,0,0.0,0.0,-0.5,0.0022606165148317814,0.0010507539846003056,-0.5747926831245422
749,7,65,1.0,1.0086002349853516,0,0,0.0,0.0,-0.5,0.002708948217332363,0.0010681541170924902,-0.5619454383850098
750,7,66,1.0,0.980209231376648,0,0,0.0,0.0,-0.5,0.0026245908811688423,0.002686798106878996,-0.35240766406059265
751,7,67,1.0,0.9803915023803711,0,0,0.0,0.0,0.0,0.0026882155798375607,0.002708780113607645,-0.3431163728237152
752,7,68,1.0,1.8534233570098877,0,1,0.0,0.0,0.0,0.002536115702241659,-0.0009008603519760072,-0.00438364502042532
753,7,69,1.0,1.854836106300354,0,1,0.0,0.0,0.0,0.002535192295908928,-0.0008898405940271914,-0.00434089032933116
754,7,70,1.0,2.008165121078491,0,1,0.0,0.0,0.0,0.0021441620774567127,-0.0024108602665364742,-0.013574432581663132
755,7,71,2.0,2.0082294940948486,1,1,0.0,0.0,0.0,0.0021404526196420193,-0.0024050921201705933,-0.013572806492447853
756,7,72,2.0,2.0442192554473877,1,1,0.0,0.0,0.0,1.1959578841924667e-05,-0.0019162626704201102,-0.0025353720411658287
757,7,73,2.0,2.0478100776672363,1,1,0.0,0.0,0.0,0.0002450330648571253,-0.0017097131349146366,0.000628836452960968
758,7,74,2.0,2.0525786876678467,1,1,0.0,0.0,0.0,-3.7897611036896706e-05,-0.00211500097066164,0.0006859684363007545
759,7,75,2.0,2.0535712242126465,1,1,0.0,0.0,0.0,-0.00010942877270281315,-0.0022494192235171795,0.00020631030201911926
760,7,76,2.0,2.054373264312744,1,1,0.0,0.0,0.0,-0.0001742455642670393,-0.002401838544756174,0.0015035485848784447
761,7,77,2.0,2.0551693439483643,1,1,0.0,0.0,0.0,-0.00018350640311837196,-0.0024712737649679184,0.00013293884694576263
762,7,78,2.0,2.0407612323760986,1,1,0.0,0.0,0.0,-0.0008821117226034403,-0.0028742621652781963,-0.004755385220050812
763,7,79,2.0,1.9507787227630615,1,1,0.0,0.0,0.0,-0.000796119449660182,-0.0010577499633654952,-0.01372559368610382
764,7,80,1.0,1.0501176118850708,0,0,0.0,0.0,0.0,0.0015781121328473091,0.0019494235748425126,0.05907502770423889
765,7,81,1.0,1.048300862312317,0,0,0.0,0.0,0.0,0.001668561715632677,0.0017130289925262332,0.06674518436193466
766,7,82,1.0,0.993976354598999,0,0,0.0,0.0,0.0,-0.00021884730085730553,0.0010968501446768641,0.3225559890270233
767,7,83,1.0,0.9936090111732483,0,0,0.0,0.0,0.0,-0.0005314594600349665,0.0011787796393036842,0.3428936004638672
768,7,84,1.0,0.9945951700210571,0,0,0.0,0.0,0.0,-0.0009308430599048734,0.0007528404239565134,0.37884244322776794
769,7,85,1.0,0.9951344132423401,0,0,0.0,0.0,0.5,-0.0005053461063653231,0.0008945978479459882,0.35242462158203125
770,7,86,1.0,1.003451943397522,0,0,0.0,0.0,0.5,-0.0008405132684856653,0.00016905361553654075,0.5439677834510803
771,7,87,1.0,1.0037122964859009,0,0,0.0,0.0,0.5,-4.9391528591513634e-05,0.00021579291205853224,0.5471324920654297
772,7,88,1.0,1.0018119812011719,0,0,0.0,0.0,0.5,-0.000559882028028369,-8.986235479824245e-05,0.5479999780654907
773,7,89,1.0,1.0023447275161743,0,0,0.0,0.0,0.5,-0.000490013393573463,-0.00010671690688468516,0.5448784232139587
774,7,90,1.0,1.0023226737976074,0,0,0.0,0.0,0.5,0.00029084598645567894,-5.812986637465656e-05,0.5487097501754761
775,7,91,1.0,1.0014623403549194,0,0,0.0,0.0,0.5,0.00015501072630286217,-0.000256743049249053,0.5486642122268677
776,7,92,1.0,1.0010753870010376,0,0,0.0,0.0,0.5,0.0004939886275678873,0.00032222631853073835,0.5468129515647888
777,7,93,1.0,1.0011765956878662,0,0,0.0,0.0,0.5,-0.00016771047376096249,-0.0003224261454306543,0.5468870997428894
778,7,94,1.0,1.0020344257354736,0,0,0.0,0.0,0.5,0.0009359593968838453,-0.00023335189325734973,0.5384566783905029
779,8,0,1.0,1.004946231842041,0,0,0.0,0.0,0.0,0.01019761711359024,0.0027977903373539448,-0.007823336869478226
780,8,1,1.0,1.0059845447540283,0,0,0.0,0.0,0.0,0.010474586859345436,0.0022411812096834183,-0.01191725768148899
781,8,2,1.0,1.007067084312439,0,0,0.0,0.0,0.0,0.009286525659263134,0.0010739105055108666,-0.005225196480751038
782,8,3,1.0,1.0069482326507568,0,0,0.0,0.0,0.0,0.009301281534135342,0.001188024994917214,-0.0044303531758487225
783,8,4,1.0,1.005125880241394,0,0,0.0,0.0,0.0,0.008987203240394592,0.0015922841848805547,0.010813483968377113
784,8,5,1.0,1.0051600933074951,0,0,0.0,0.0,0.0,0.008998461998999119,0.0016161726089194417,0.011022688820958138
785,8,6,1.0,1.0007891654968262,0,0,0.0,0.0,0.0,0.002229219302535057,0.0004567091818898916,0.0051594749093055725
786,8,7,1.0,1.0007847547531128,0,0,0.0,0.0,0.0,0.002251933328807354,0.00045994878746569157,0.005241988226771355
787,8,8,1.0,0.9999312162399292,0,0,0.0,0.0,0.0,-0.002937217941507697,-0.00022813695250079036,0.0030402494594454765
788,8,9,1.0,0.9999300241470337,0,0,0.0,0.0,0.0,-0.0029297065921127796,-0.000227764539886266,0.003064480610191822
789,8,10,1.0,1.0025361776351929,0,0,-0.25,0.0,0.0,-0.18558961153030396,-0.0013532168231904507,0.00047698430716991425
790,8,11,1.0,1.0011606216430664,0,0,-0.25,0.0,0.0,-0.2630369961261749,-0.0049589877016842365,0.0074715930968523026
791,8,12,1.0,1.0020065307617188,0,0,-0.25,0.0,0.0,-0.27107152342796326,-0.006846571806818247,0.005299553275108337
792,8,13,1.0,0.9980932474136353,0,0,-0.25,0.0,0.0,-0.2741393446922302,-0.006579899229109287,0.004973041824996471
793,8,14,1.0,0.996809184551239,0,0,-0.25,0.0,0.0,-0.275790810585022,-0.00836348906159401,0.00045639555901288986
794,8,15,1.0,0.9965004324913025,0,0,-0.25,0.0,0.0,-0.2769818603992462,-0.007714820560067892,-0.0005806423723697662
795,8,16,1.0,0.9968145489692688,0,0,-0.25,0.0,0.0,-0.28040969371795654,-0.006666005123406649,0.0015343809500336647
796,8,17,1.0,0.997665286064148,0,0,-0.25,0.0,0.0,-0.2837429940700531,-0.0054002502001821995,0.006548836827278137
797,8,18,1.0,0.9974803924560547,0,0,-0.25,0.0,0.0,-0.2845255136489868,-0.003697225358337164,0.0026640649884939194
798,8,19,1.0,0.9969502687454224,0,0,-0.25,0.0,0.0,-0.2865584194660187,-0.0033787181600928307,0.002086828462779522
799,8,20,1.0,1.0019768476486206,0,0,-0.25,0.0,0.0,-0.28781986236572266,-0.002728614956140518,0.0055195121094584465
800,8,21,1.0,1.0048123598098755,0,0,-0.25,0.0,0.0,-0.2899652123451233,-0.0021328697912395,0.003312479704618454
801,8,22,1.0,1.002048373222351,0,0,-0.25,0.0,0.0,-0.2669087052345276,-0.0014057049993425608,-5.382206290960312e-05
802,8,23,1.0,0.9954679012298584,0,0,-0.25,0.0,0.0,-0.14539892971515656,-0.0024869455955922604,0.00014318618923425674
803,8,24,1.0,0.9935333132743835,0,0,0.0,0.0,0.0,-0.03878287971019745,-0.003340123686939478,-0.0030828705057501793
804,8,25,1.0,0.9892693161964417,0,0,0.0,0.0,0.0,0.012419822625815868,0.00038156943628564477,-0.0033149574883282185
805,8,26,1.0,0.9997717142105103,0,0,0.0,0.0,0.0,0.014158125966787338,0.00011320144403725863,-0.0027022049762308598
806,8,27,1.0,0.999855101108551,0,0,0.0,0.0,0.0,0.01858975924551487,-4.085671389475465e-05,-0.0038454337045550346
807,8,28,1.0,0.9993768334388733,0,0,0.0,0.0,0.0,0.00625089555978775,-0.06411490589380264,-0.004601129796355963
808,8,29,1.0,0.9993382692337036,0,0,0.0,0.0,0.0,0.006470475345849991,-0.06435710936784744,-0.004813236650079489
809,8,30,1.0,0.9976072311401367,0,0,0.0,0.0,0.0,0.003338940441608429,-0.11428949981927872,-0.0029014842584729195
810,8,31,1.0,0.997603714466095,0,0,0.0,0.0,0.0,0.003362990915775299,-0.11436377465724945,-0.00291942385956645
811,8,32,1.0,0.9991305470466614,0,0,0.0,-0.25,0.0,0.0015155631117522717,-0.15238900482654572,0.00041855406016111374
812,8,33,1.0,0.9896754622459412,0,0,0.0,-0.25,0.0,-0.004678055644035339,-0.2545606791973114,0.00557850394397974
813,8,34,1.0,0.9881174564361572,0,0,0.0,-0.25,0.0,-0.003993007354438305,-0.2567482888698578,0.004514046013355255
814,8,35,1.0,0.9896008372306824,0,0,0.0,-0.25,0.0,-0.004945988766849041,-0.2631852626800537,0.0050821807235479355
815,8,36,1.0,0.987357497215271,0,0,0.0,-0.25,0.0,-0.003911464940756559,-0.2676703631877899,0.006478830240666866
816,8,37,1.0,0.9845328330993652,0,0,0.0,-0.25,0.0,-0.0037269126623868942,-0.2728483974933624,0.008897215127944946
817,8,38,1.0,0.9819235801696777,0,0,0.0,-0.25,0.0,-0.003429776057600975,-0.2750262916088104,0.00806230865418911
818,8,39,1.0,0.980255126953125,0,0,0.0,-0.25,0.0,-0.0028023365885019302,-0.27534815669059753,0.01057422161102295
819,8,40,1.0,0.9807547926902771,0,0,0.0,-0.25,0.0,-0.0006194490706548095,-0.2756378650665283,0.009877732023596764
820,8,41,1.0,0.9860901236534119,0,0,0.0,-0.25,0.0,-0.0008732810383662581,-0.25355857610702515,0.004503241740167141
821,8,42,1.0,0.9913918375968933,0,0,0.0,-0.25,0.0,-0.000460426090285182,-0.18088053166866302,0.001615169458091259
822,8,43,1.0,0.990538477897644,0,0,0.0,0.0,0.0,-0.0006437267875298858,-0.09614966809749603,-0.010184496641159058
823,8,44,1.0,0.9955588579177856,0,0,0.0,0.0,0.0,-0.00030516786500811577,-0.016164368018507957,-0.010264209471642971
824,8,45,1.0,0.9952432513237,0,0,0.0,0.0,0.0,-0.0005408681463450193,-0.0037177009508013725,-0.013747833669185638
825,8,46,1.0,0.996279239654541,0,0,0.0,0.0,0.0,-0.0026481994427740574,-0.003817369695752859,-0.001235004048794508
826,8,47,1.0,0.9964443445205688,0,0,0.0,0.0,0.0,-0.002501795068383217,-0.002190845552831888,-0.000665850006043911
827,8,48,1.0,0.9982686042785645,0,0,0.0,0.0,0.0,0.0003654840402305126,0.0011281435145065188,-0.038569241762161255
828,8,49,1.0,0.998279869556427,0,0,0.0,0.0,0.0,0.0003692861646413803,0.0012176193995401263,-0.03824920579791069
829,8,50,1.0,0.9988893270492554,0,0,0.0,0.0,0.0,-0.00047076947521418333,0.0015096591087058187,-0.053562015295028687
830,8,51,1.0,0.9988958835601807,0,0,0.0,0.0,0.0,-0.00047586264554411173,0.0015215383609756827,-0.05348299443721771
831,8,52,1.0,0.9992733001708984,0,0,0.0,0.0,0.0,-0.0003885285696014762,0.0016998554347082973,-0.05444338917732239
832,8,53,1.0,0.9992753267288208,0,0,0.0,-0.25,0.0,-0.0003896347479894757,0.001702916226349771,-0.0544268861413002
833,8,54,1.0,0.9960078001022339,0,0,0.0,0.0,0.0,0.0009870086796581745,-0.0006656871410086751,-0.04449911415576935
834,8,55,1.0,0.9957388639450073,0,0,0.0,0.0,0.0,0.0009016890544444323,0.002133922651410103,-0.02940026856958866
835,8,56,1.0,0.9975646138191223,0,0,0.0,0.0,0.0,0.0002177648711949587,0.002802434843033552,-0.062065646052360535
836,8,57,1.0,0.9974770545959473,0,0,0.0,0.0,0.0,0.00013551884330809116,0.003213208168745041,-0.062005333602428436
837,8,58,1.0,1.0014305114746094,0,0,0.0,0.0,0.0,0.0008630503434687853,0.0019717286340892315,-0.09483333677053452
838,8,59,1.0,1.001466155052185,0,0,0.0,0.0,0.0,0.0008439631201326847,0.002024352550506592,-0.09436646103858948
839,8,60,1.0,1.0036615133285522,0,0,0.0,0.0,-0.5,0.0006011058576405048,0.0012913723476231098,-0.14822149276733398
840,8,61,1.0,0.9963620901107788,0,0,0.0,0.0,-0.5,0.00022764364257454872,0.0003559786709956825,-0.535932719707489
841,8,62,1.0,0.9984267354011536,0,0,0.0,0.0,-0.5,-0.00014370447024703026,0.0006289882585406303,-0.5275695323944092
842,8,63,1.0,0.9987114667892456,0,0,0.0,0.0,-0.5,-0.0006682481616735458,0.0012145156506448984,-0.5271263122558594
843,8,64,1.0,0.9995807409286499,0,0,0.0,0.0,-0.5,-0.0005758276674896479,0.001488790032453835,-0.5277935862541199
844,8,65,1.0,1.0045243501663208,0,0,0.0,0.0,-0.5,0.0007474587764590979,0.0011278062593191862,-0.5376937389373779
845,8,66,1.0,1.0045863389968872,0,0,0.0,0.0,-0.5,0.0011384210083633661,0.0012343423441052437,-0.5491801500320435
846,8,67,1.0,1.0066601037979126,0,0,0.0,0.0,-0.5,0.001129198120906949,0.0014639281434938312,-0.5648962259292603
847,8,68,1.0,1.0108585357666016,0,0,0.0,0.0,-0.5,0.0012583793140947819,0.00020095601212233305,-0.5689401030540466
848,8,69,1.0,1.0082036256790161,0,0,0.0,0.0,-0.5,0.0022134524770081043,0.0009879994904622436,-0.5659330487251282
849,8,70,1.0,1.005232572555542,0,0,0.0,0.0,-0.5,0.0028030239045619965,0.0021283086389303207,-0.5243151783943176
850,8,71,1.0,1.0064276456832886,0,0,0.0,0.0,-0.5,0.002532795537263155,0.0020935102365911007,-0.5204481482505798
851,8,72,1.0,0.9850388765335083,0,0,0.0,0.0,0.0,0.0021452479995787144,0.003010811749845743,-0.34186840057373047
852,8,73,1.0,0.9851357340812683,0,0,0.0,0.0,0.0,0.0021781702525913715,0.0029973862692713737,-0.33746829628944397
853,8,74,1.0,1.5308676958084106,0,1,0.0,0.0,0.0,0.0012612612918019295,0.0014377181651070714,0.011295253410935402
854,8,75,1.0,1.5311830043792725,0,1,0.0,0.0,0.0,0.0012773231137543917,0.001418720348738134,0.011575164273381233
855,8,76,1.0,1.9105260372161865,0,1,0.0,0.0,0.0,0.001306641846895218,-0.0010733056114986539,-0.002457127906382084
856,8,77,2.0,1.9106783866882324,1,1,0.0,0.0,0.0,0.0013152249157428741,-0.0010811039246618748,-0.002418731339275837
857,8,78,2.0,2.0473427772521973,1,1,0.0,0.0,0.0,-0.00043146684765815735,-0.0007319360156543553,-0.007213217206299305
858,8,79,2.0,2.0487141609191895,1,1,0.0,0.0,0.0,-0.00035886408295482397,-0.0013562135864049196,-0.0028953934088349342
859,8,80,2.0,2.0447986125946045,1,1,0.0,0.0,0.0,-0.0007795537821948528,0.0003158928593620658,0.0008037993684411049
860,8,81,2.0,2.048135757446289,1,1,0.0,0.0,0.0,-0.0003891224041581154,-0.002367007778957486,0.002895314246416092
861,8,82,2.0,2.0453596115112305,1,1,0.0,0.0,0.0,-0.0005167342023923993,-0.0023576952517032623,0.002857191488146782
862,8,83,2.0,2.0466859340667725,1,1,0.0,0.0,0.0,-0.0003605186939239502,-0.0022547063417732716,0.0030971048399806023
863,8,84,2.0,2.045245409011841,1,1,0.0,0.0,0.0,-0.00036156666465103626,-0.00287253363057971,0.001987934112548828
864,8,85,2.0,2.0447840690612793,1,1,0.0,0.0,0.0,-0.0004418812459334731,-0.0024584648199379444,0.0023748399689793587
865,8,86,2.0,2.051509380340576,1,1,0.0,0.0,0.0,-0.0015534439589828253,-0.001990072662010789,-0.0103701651096344
866,8,87,1.0,1.989661455154419,0,1,0.0,0.0,0.0,-0.0010424042120575905,-0.0023527094163000584,-0.016118455678224564
867,8,88,1.0,0.9890162348747253,0,0,0.0,0.0,0.0,0.000343280378729105,0.0003957136068493128,0.4215646982192993
868,8,89,1.0,1.00226891040802,0,0,0.0,0.0,0.0,0.0014752144925296307,0.0005049374885857105,0.2591803967952728
869,8,90,1.0,1.0030858516693115,0,0,0.0,0.0,0.0,0.0012345581781119108,-0.0019546779803931713,0.2388381063938141
870,8,91,1.0,0.9919186234474182,0,0,0.0,0.0,0.0,0.0002896424848586321,-8.646125206723809e-05,0.47823068499565125
871,8,92,1.0,0.9959782958030701,0,0,0.0,0.0,0.0,0.0006767339073121548,-0.00028776784893125296,0.3458396792411804
872,8,93,1.0,0.9988892078399658,0,0,0.0,0.0,0.5,0.0005586934275925159,-0.0013362737372517586,0.2602957487106323
873,8,94,1.0,0.9964205622673035,0,0,0.0,0.0,0.5,0.000491670798510313,-0.000253298319876194,0.5364302396774292
874,8,95,1.0,0.998327910900116,0,0,0.0,0.0,0.5,-8.767005056142807e-05,-0.001017340226098895,0.5261898636817932
875,8,96,1.0,1.0011179447174072,0,0,0.0,0.0,0.5,0.000711850356310606,-0.00032435200409963727,0.5554539561271667
876,8,97,1.0,1.0005953311920166,0,0,0.0,0.0,0.5,0.0003247191198170185,-0.00035369378747418523,0.5494980216026306
877,8,98,1.0,1.002321481704712,0,0,0.0,0.0,0.5,0.0006380416452884674,-0.0002647256478667259,0.5445714592933655
878,8,99,1.0,1.0012894868850708,0,0,0.0,0.0,0.5,0.0010215903166681528,-0.0004168176092207432,0.547088086605072
879,8,100,1.0,0.9997091889381409,0,0,0.0,0.0,0.5,0.00029435870237648487,-0.0008175563998520374,0.5453284382820129
880,8,101,1.0,0.998989462852478,0,0,0.0,0.0,0.5,-0.0002101005520671606,-0.0004775272973347455,0.545189619064331
881,8,102,1.0,0.9981775879859924,0,0,0.0,0.0,0.5,-0.0003555037546902895,-0.0006999392062425613,0.5374662280082703
882,9,0,1.0,0.9980345368385315,0,0,0.0,0.0,0.0,0.010205951519310474,0.0018068865174427629,0.000796731561422348
883,9,1,1.0,0.9990145564079285,0,0,0.0,0.0,0.0,0.009860257618129253,-5.9276382671669126e-05,-0.0030914577655494213
884,9,2,1.0,1.0033339262008667,0,0,0.0,0.0,0.0,0.010542781092226505,-0.001117708976380527,0.005169876851141453
885,9,3,1.0,1.0033760070800781,0,0,0.0,0.0,0.0,0.01057794876396656,-0.001088081975467503,0.006468075327575207
886,9,4,1.0,1.0050530433654785,0,0,0.0,0.0,0.0,0.011187702417373657,-0.00016575402696616948,0.02049044519662857
887,9,5,1.0,1.0050020217895508,0,0,0.0,0.0,0.0,0.011179696768522263,-0.00017246772767975926,0.02084749937057495
888,9,6,1.0,1.003173589706421,0,0,0.0,0.0,0.0,-0.003701418172568083,7.038016337901354e-05,-0.008603830821812153
889,9,7,1.0,1.0031484365463257,0,0,0.0,0.0,0.0,-0.003677886677905917,6.970309186726809e-05,-0.008490030653774738
890,9,8,1.0,0.9958946108818054,0,0,-0.25,0.0,0.0,-0.16645392775535583,-0.0022742270957678556,0.0008044075220823288
891,9,9,1.0,1.0014386177062988,0,0,-0.25,0.0,0.0,-0.2564450204372406,-0.003132340032607317,0.0003187321126461029
892,9,10,1.0,1.004305362701416,0,0,-0.25,0.0,0.0,-0.2696709632873535,-0.0017170010833069682,0.004160690121352673
893,9,11,1.0,1.0017398595809937,0,0,-0.25,0.0,0.0,-0.2735133767127991,-0.0008284368668682873,0.005426029674708843
894,9,12,1.0,1.0019360780715942,0,0,-0.25,0.0,0.0,-0.2782474756240845,-0.0016576038906350732,-0.0008552679792046547
895,9,13,1.0,1.000275731086731,0,0,-0.25,0.0,0.0,-0.2785910367965698,-0.0004970596637576818,-0.00019985903054475784
896,9,14,1.0,1.0014911890029907,0,0,-0.25,0.0,0.0,-0.27963918447494507,-0.00044753507245332,0.0009049307554960251
897,9,15,1.0,1.0009989738464355,0,0,-0.25,0.0,0.0,-0.2809283435344696,-0.0009130898397415876,0.0013974113389849663
898,9,16,1.0,0.9955289959907532,0,0,-0.25,0.0,0.0,-0.28294140100479126,-0.003074758220463991,0.0009749215096235275
899,9,17,1.0,0.9956932663917542,0,0,-0.25,0.0,0.0,-0.2850213646888733,-0.002841622568666935,-0.0007143160328269005
900,9,18,1.0,0.9993765354156494,0,0,-0.25,0.0,0.0,-0.2843080759048462,-0.0021591074764728546,0.0018957704305648804
901,9,19,1.0,0.9953793883323669,0,0,-0.25,0.0,0.0,-0.28591471910476685,-0.0016400018939748406,0.001979759894311428
902,9,20,1.0,0.9976876974105835,0,0,-0.25,0.0,0.0,-0.27249136567115784,-0.0024531790986657143,-0.0015021865256130695
903,9,21,1.0,1.0029102563858032,0,0,-0.25,0.0,0.0,-0.15803460776805878,-0.0022192206233739853,0.002618459053337574
904,9,22,1.0,1.0012928247451782,0,0,-0.25,0.0,0.0,-0.052675679326057434,0.0006418096600100398,0.006846422329545021
905,9,23,1.0,1.004254698753357,0,0,0.0,0.0,0.0,-0.04435025900602341,-0.003013267181813717,0.01581656001508236
906,9,24,1.0,1.0106465816497803,0,0,0.0,0.0,0.0,-0.0059745218604803085,0.009060516022145748,0.021885409951210022
907,9,25,1.0,1.0043094158172607,0,0,0.0,0.0,0.0,0.002882828004658222,0.031516678631305695,0.0050948746502399445
908,9,26,1.0,1.0012755393981934,0,0,0.0,0.0,0.0,-0.0007809698581695557,0.20986661314964294,-0.0003802608698606491
909,9,27,1.0,1.001371145248413,0,0,0.0,0.0,0.0,0.00025643641129136086,0.20671316981315613,0.000134224072098732
910,9,28,1.0,0.9997884035110474,0,0,0.0,0.25,0.0,-0.0024862950667738914,0.27787160873413086,-0.0017426200211048126
911,9,29,1.0,0.9920743703842163,0,0,0.0,0.25,0.0,0.00011431449092924595,0.27355700731277466,-0.01600118912756443
912,9,30,1.0,0.987061619758606,0,0,0.0,0.25,0.0,-0.00014247000217437744,0.2743632197380066,-0.013602260500192642
913,9,31,1.0,0.9851667881011963,0,0,0.0,0.25,0.0,-0.00135270063765347,0.27869874238967896,-0.0064909933134913445
914,9,32,1.0,0.9828959107398987,0,0,0.0,0.25,0.0,-0.0010115853510797024,0.27889466285705566,-0.007256939075887203
915,9,33,1.0,0.9798524975776672,0,0,0.0,0.25,0.0,-0.000642612692900002,0.2773091793060303,-0.001545730046927929
916,9,34,1.0,0.9795302748680115,0,0,0.0,0.25,0.0,0.00030428357422351837,0.27412205934524536,-0.004220213275402784
917,9,35,1.0,0.9834785461425781,0,0,0.0,0.25,0.0,-0.0009499563602730632,0.2691178619861603,-0.00412524351850152
918,9,36,1.0,0.9854456186294556,0,0,0.0,0.25,0.0,-0.0017058952944353223,0.25406840443611145,-0.003535129129886627
919,9,37,1.0,0.9903987646102905,0,0,0.0,0.25,0.0,-0.0009868232300505042,0.17616510391235352,-0.0014827456325292587
920,9,38,1.0,0.9961700439453125,0,0,0.0,0.25,0.0,-0.0006579428445547819,0.03889820724725723,0.001059042289853096
921,9,39,1.0,1.00351881980896,0,0,0.0,0.0,0.0,0.0008142460137605667,0.020004894584417343,0.01089930348098278
922,9,40,1.0,1.0029194355010986,0,0,0.0,0.0,0.0,-0.0010105491383001208,0.006078809965401888,-0.015092278830707073
923,9,41,1.0,1.0024988651275635,0,0,0.0,0.0,0.0,-0.0016461662016808987,0.003775833174586296,-0.013557049445807934
924,9,42,1.0,0.998845636844635,0,0,0.0,0.0,0.0,-0.000679623568430543,0.002578845713287592,-0.034728698432445526
925,9,43,1.0,0.9987533092498779,0,0,0.0,0.0,0.0,-0.0006748173618689179,0.002366074826568365,-0.036346685141325
926,9,44,1.0,1.0069531202316284,0,0,0.0,0.0,0.0,-0.0012672148877754807,0.0010870156111195683,-0.08543845266103745
927,9,45,1.0,1.0069704055786133,0,0,0.0,0.0,0.0,-0.0012557475129142404,0.0010495332535356283,-0.08605284243822098
928,9,46,1.0,1.009548306465149,0,0,0.0,0.0,0.0,-0.001597424503415823,-8.888577576726675e-05,-0.15302790701389313
929,9,47,1.0,1.009544014930725,0,0,0.0,0.0,0.0,-0.0015952929388731718,-9.716037311591208e-05,-0.15321436524391174
930,9,48,1.0,1.0099291801452637,0,0,0.0,0.0,0.0,-0.0016373384278267622,-0.0002584572939667851,-0.16788767278194427
931,9,49,1.0,1.0099279880523682,0,0,0.0,0.0,-0.5,-0.0016366023337468505,-0.0002603231987450272,-0.167932391166687
932,9,50,1.0,0.9973628520965576,0,0,0.0,0.0,-0.5,0.0014823062811046839,0.0011664422927424312,-0.5515311360359192
933,9,51,1.0,0.9987177848815918,0,0,0.0,0.0,-0.5,0.0013468298129737377,0.0013452691491693258,-0.5384441614151001
934,9,52,1.0,1.000723123550415,0,0,0.0,0.0,-0.5,0.0015420317649841309,0.0013006466906517744,-0.5399046540260315
935,9,53,1.0,1.0019135475158691,0,0,0.0,0.0,-0.5,0.0013359514996409416,0.0013275333913043141,-0.5410230755805969
936,9,54,1.0,1.0053915977478027,0,0,0.0,0.0,-0.5,0.0012608433607965708,0.0020302762277424335,-0.5429828763008118
937,9,55,1.0,1.009073257446289,0,0,0.0,0.0,-0.5,9.896396659314632e-05,0.0024865344166755676,-0.5559553503990173
938,9,56,1.0,1.0116162300109863,0,0,0.0,0.0,-0.5,0.0002779832575470209,0.0008722960483282804,-0.5686978697776794
939,9,57,1.0,1.0100502967834473,0,0,0.0,0.0,-0.5,0.0007697741966694593,-8.239527232944965e-06,-0.5799517035484314
940,9,58,1.0,1.007583498954773,0,0,0.0,0.0,-0.5,0.00012694881297647953,0.0018545965431258082,-0.5755223631858826
941,9,59,1.0,1.0057590007781982,0,0,0.0,0.0,-0.5,0.0014926171861588955,0.001959368120878935,-0.5672823190689087
942,9,60,1.0,0.9907916188240051,0,0,0.0,0.0,-0.5,0.0010866876691579819,0.0020517362281680107,-0.4746491611003876
943,9,61,1.0,0.9884608387947083,0,0,0.0,0.0,-0.5,0.0023103556595742702,0.0019355203257873654,-0.42858314514160156
944,9,62,1.0,1.5211822986602783,0,1,0.0,0.0,0.0,0.00047578453086316586,-0.0002321292122360319,-0.014095712453126907
945,9,63,1.0,1.5862185955047607,0,1,0.0,0.0,0.0,-3.2663578167557716e-05,-0.001086078118532896,-0.011621306650340557
946,9,64,1.0,2.0389416217803955,0,1,0.0,0.0,0.0,0.00036164536140859127,-0.0002391293819528073,-0.01371900923550129
947,9,65,1.0,2.038942813873291,0,1,0.0,0.0,0.0,0.0003676377236843109,2.5127839762717485e-05,-0.013856497593224049
948,9,66,2.0,2.038830280303955,1,1,0.0,0.0,0.0,0.00010721199214458466,-0.00017007574206218123,-0.012948067858815193
949,9,67,2.0,2.0456128120422363,1,1,0.0,0.0,0.0,0.0003919850569218397,-0.0025324192829430103,-0.0033936607651412487
950,9,68,2.0,2.046247720718384,1,1,0.0,0.0,0.0,-0.00033035746309906244,-0.002720003481954336,0.003859827294945717
951,9,69,2.0,2.045616388320923,1,1,0.0,0.0,0.0,-0.00047337659634649754,-0.0021428882610052824,0.005241509526968002
952,9,70,2.0,2.0488882064819336,1,1,0.0,0.0,0.0,2.6186229661107063e-05,-0.002301147673279047,0.0018047112971544266
953,9,71,2.0,2.0496373176574707,1,1,0.0,0.0,0.0,-0.00018655718304216862,-0.002348752226680517,0.0026922784745693207
954,9,72,2.0,2.0546085834503174,1,1,0.0,0.0,0.0,-0.0014253235422074795,-0.003728912677615881,0.0032397592440247536
955,9,73,2.0,2.059685707092285,1,1,0.0,0.0,0.0,-0.0003082077018916607,-0.0026669874787330627,0.0005247388035058975
956,9,74,1.0,1.1697514057159424,0,0,0.0,0.0,0.0,0.0013363580219447613,0.0012634486192837358,0.08424793928861618
957,9,75,1.0,1.6785262823104858,0,1,0.0,0.0,0.0,0.0014237586874514818,-0.004220624454319477,-0.013049706816673279
958,9,76,1.0,1.0853759050369263,0,0,0.0,0.0,0.0,0.0019786078482866287,0.00012872653314843774,0.1150103360414505
959,9,77,1.0,1.1241447925567627,0,0,0.0,0.0,0.0,0.0009664210956543684,0.0013348603388294578,0.07971052080392838
960,9,78,1.0,1.054650068283081,0,0,0.0,0.0,0.0,0.002961374819278717,-0.0014756828313693404,0.08978625386953354
961,9,79,1.0,0.9923300743103027,0,0,0.0,0.0,0.5,0.0014317284803837538,-0.0012191846035420895,0.32154151797294617
962,9,80,1.0,0.9920368194580078,0,0,0.0,0.0,0.5,-0.0010616440558806062,-0.0015124970814213157,0.4529721140861511
963,9,81,1.0,1.0012412071228027,0,0,0.0,0.0,0.5,-0.00016116746701300144,0.0002607301576063037,0.5467534065246582
964,9,82,1.0,1.0015698671340942,0,0,0.0,0.0,0.5,9.081256575882435e-05,0.0011994856176897883,0.5472476482391357
965,9,83,1.0,1.0018681287765503,0,0,0.0,0.0,0.5,0.000432934844866395,-0.00039986346382647753,0.5468225479125977
966,9,84,1.0,1.0007296800613403,0,0,0.0,0.0,0.5,0.0012287229765206575,-0.00041829681140370667,0.5467337369918823
967,9,85,1.0,1.0022635459899902,0,0,0.0,0.0,0.5,0.0006694672629237175,-1.4647783245891333e-05,0.5441082715988159
968,9,86,1.0,1.0010368824005127,0,0,0.0,0.0,0.5,0.0012397055979818106,0.0002531206118874252,0.5445114374160767
969,9,87,1.0,1.0006846189498901,0,0,0.0,0.0,0.5,0.0016111459117382765,0.000595972640439868,0.5442630052566528
970,9,88,1.0,1.0009945631027222,0,0,0.0,0.0,0.5,0.001495893346145749,-7.898907642811537e-05,0.538712203502655
971,10,0,1.0,0.9984460473060608,0,0,0.0,0.0,0.0,-0.0019461987540125847,0.0036403508856892586,-0.005722377449274063
972,10,1,1.0,0.9996401071548462,0,0,0.0,0.0,0.0,-0.0023816663306206465,0.003804097417742014,-0.006373791955411434
973,10,2,1.0,0.99680495262146,0,0,0.0,0.0,0.0,-0.003926208708435297,0.003559684846550226,-0.003568849992007017
974,10,3,1.0,0.9968301057815552,0,0,0.0,0.0,0.0,-0.004139683675020933,0.003626147285103798,-0.0026373681612312794
975,10,4,1.0,0.9951144456863403,0,0,0.0,0.0,0.0,-0.009316772222518921,0.0031368867494165897,0.011419761925935745
976,10,5,1.0,0.9949907064437866,0,0,0.0,0.0,0.0,-0.00935093779116869,0.0031318305991590023,0.01165093295276165
977,10,6,1.0,0.9904228448867798,0,0,0.0,0.0,0.0,0.002723122015595436,0.001158641534857452,-0.0205901600420475
978,10,7,1.0,0.9903935194015503,0,0,0.0,0.0,0.0,0.002768262755125761,0.001152037875726819,-0.02051405981183052
979,10,8,1.0,0.9945144057273865,0,0,0.25,0.0,0.0,0.1326393038034439,0.0016609790036454797,-0.006041711196303368
980,10,9,1.0,0.9920880794525146,0,0,0.25,0.0,0.0,0.2281303107738495,-0.0013014435535296798,-0.010112467221915722
981,10,10,1.0,0.9896778464317322,0,0,0.25,0.0,0.0,0.2616533637046814,-0.0015246061375364661,-0.0040645296685397625
982,10,11,1.0,0.9903560876846313,0,0,0.25,0.0,0.0,0.27068284153938293,-0.001397846732288599,-0.000730426050722599
983,10,12,1.0,0.989825963973999,0,0,0.25,0.0,0.0,0.2771036922931671,-0.0002793360035866499,-0.0004058368504047394
984,10,13,1.0,0.9902015924453735,0,0,0.25,0.0,0.0,0.27852630615234375,0.0009232208831235766,0.0005811601877212524
985,10,14,1.0,0.9919282793998718,0,0,0.25,0.0,0.0,0.2832862138748169,0.0001341237802989781,0.0013430127874016762
986,10,15,1.0,0.9900224804878235,0,0,0.25,0.0,0.0,0.2849201560020447,0.00024163402849808335,0.0006387196481227875
987,10,16,1.0,0.9957326650619507,0,0,0.25,0.0,0.0,0.2865038514137268,-0.001128206611610949,0.003465753048658371
988,10,17,1.0,0.9958130717277527,0,0,0.25,0.0,0.0,0.2890920639038086,3.121001645922661e-05,0.002876756712794304
989,10,18,1.0,0.9874356389045715,0,0,0.25,0.0,0.0,0.29099240899086,-0.0011982705909758806,0.01108650490641594
990,10,19,1.0,0.9863309860229492,0,0,0.25,0.0,0.0,0.2610583007335663,-0.0006175796152092516,0.012438632547855377
991,10,20,1.0,0.9947422742843628,0,0,0.0,0.0,0.0,0.16172827780246735,-0.0025762473233044147,0.012359270825982094
992,10,21,1.0,0.9896493554115295,0,0,0.0,0.0,0.0,0.05252303183078766,-0.007267492823302746,0.012669825926423073
993,10,22,1.0,0.9879467487335205,0,0,0.0,0.0,0.0,0.006869351491332054,0.0012689278228208423,0.0019086385145783424
994,10,23,1.0,0.9878321886062622,0,0,0.0,0.0,0.0,0.0021004779264330864,0.0011758945183828473,0.002562078647315502
995,10,24,1.0,0.996304452419281,0,0,0.0,0.0,0.0,0.0021348530426621437,0.005282025784254074,-0.014097647741436958
996,10,25,1.0,0.9964311718940735,0,0,0.0,0.0,0.0,0.001800810918211937,0.005249727983027697,-0.014144319109618664
997,10,26,1.0,1.005908489227295,0,0,0.25,0.0,0.0,0.0024836831726133823,-0.014076362363994122,-0.016654476523399353
998,10,27,1.0,0.9888441562652588,0,0,0.0,0.0,0.0,0.025092126801609993,0.005185970105230808,-0.001561477780342102
999,10,28,1.0,0.9936583638191223,0,0,0.0,0.0,0.0,0.006147341802716255,0.0005577635020017624,0.002023083157837391
1000,10,29,1.0,0.9946166276931763,0,0,0.0,0.0,0.0,0.003485957160592079,-0.0007054132875055075,0.004469525068998337
1001,10,30,1.0,0.9984342455863953,0,0,0.0,0.0,0.0,0.005069111939519644,-0.022148210555315018,0.003887902945280075
1002,10,31,1.0,0.9985277652740479,0,0,0.0,0.0,0.0,0.004684701096266508,-0.023286964744329453,0.004606812261044979
1003,10,32,1.0,1.003767728805542,0,0,0.0,0.0,0.0,-0.000799665111117065,-0.22529569268226624,0.005192882381379604
1004,10,33,1.0,1.0037100315093994,0,0,0.0,-0.25,0.0,-0.0008288708049803972,-0.22546973824501038,0.005199664272367954
1005,10,34,1.0,0.988716185092926,0,0,0.0,-0.25,0.0,-0.00429680198431015,-0.2627720236778259,0.004732091911137104
1006,10,35,1.0,0.9900617003440857,0,0,0.0,-0.25,0.0,-0.0044220685958862305,-0.26641005277633667,0.002702999860048294
1007,10,36,1.0,0.9893416166305542,0,0,0.0,-0.25,0.0,-0.00551542267203331,-0.26909345388412476,0.0030592409893870354
1008,10,37,1.0,0.9884516000747681,0,0,0.0,-0.25,0.0,-0.0035743718035519123,-0.2720310091972351,0.006802011281251907
1009,10,38,1.0,0.9869810342788696,0,0,0.0,-0.25,0.0,-0.004369031172245741,-0.27535396814346313,0.015056781470775604
1010,10,39,1.0,0.9852087497711182,0,0,0.0,-0.25,0.0,-0.002990567358210683,-0.2788138687610626,0.015815434977412224
1011,10,40,1.0,0.986713707447052,0,0,0.0,-0.25,0.0,-0.0032089657615870237,-0.27864915132522583,0.01699369214475155
1012,10,41,1.0,0.987139880657196,0,0,0.0,-0.25,0.0,-0.0036779376678168774,-0.27971765398979187,0.01416785642504692
1013,10,42,1.0,0.9860039353370667,0,0,0.0,-0.25,0.0,-0.0033531738445162773,-0.27625468373298645,0.014634266495704651
1014,10,43,1.0,0.9845681190490723,0,0,0.0,-0.25,0.0,-0.002664887346327305,-0.21829025447368622,-0.0014130352064967155
1015,10,44,1.0,0.9990702867507935,0,0,0.0,0.0,0.0,-0.0010136266937479377,-0.028590837493538857,-0.0035847779363393784
1016,10,45,1.0,1.001530647277832,0,0,0.0,0.0,0.0,-0.00038999354001134634,-0.008151069283485413,0.0135030597448349
1017,10,46,1.0,1.0029288530349731,0,0,0.0,0.0,0.0,0.0006427140906453133,-0.0038103354163467884,-0.003778353799134493
1018,10,47,1.0,1.0032238960266113,0,0,0.0,0.0,0.0,0.000656764954328537,-0.0018427284667268395,-0.003224074374884367
1019,10,48,1.0,1.0051881074905396,0,0,0.0,0.0,0.0,0.00011388352140784264,0.00021132215624675155,-0.020837506279349327
1020,10,49,1.0,1.0052400827407837,0,0,0.0,0.0,0.0,0.0001412462443113327,0.0005473452620208263,-0.02038675919175148
1021,10,50,1.0,1.004088044166565,0,0,0.0,0.0,0.0,-0.0012209216365590692,0.0012301679234951735,-0.017935726791620255
1022,10,51,1.0,1.0040847063064575,0,0,0.0,-0.25,0.0,-0.0012165280058979988,0.0012846430763602257,-0.017893103882670403
1023,10,52,1.0,0.9985928535461426,0,0,0.0,0.0,0.0,-0.0013358558062463999,0.0008325723465532064,-0.025080377236008644
1024,10,53,1.0,1.0031288862228394,0,0,0.0,0.0,0.0,-0.0016816059360280633,0.0018150677205994725,0.007018120959401131
1025,10,54,1.0,1.0068928003311157,0,0,0.0,0.0,0.0,-0.001226426218636334,0.0006711918395012617,-0.04914113134145737
1026,10,55,1.0,1.0068624019622803,0,0,0.0,0.0,0.0,-0.0012738456716760993,0.0013499381020665169,-0.04216275364160538
1027,10,56,1.0,1.0099833011627197,0,0,0.0,0.0,0.0,-0.0005152127705514431,0.0002859777887351811,-0.1954314410686493
1028,10,57,1.0,1.010048270225525,0,0,0.0,0.0,-0.5,-0.0004403571365401149,0.00037073553539812565,-0.20239214599132538
1029,10,58,1.0,0.9998041391372681,0,0,0.0,0.0,-0.5,0.002060447819530964,-7.458840264007449e-05,-0.5495241284370422
1030,10,59,1.0,1.0010815858840942,0,0,0.0,0.0,-0.5,0.001625182805582881,0.0011636867420747876,-0.5450417399406433
1031,10,60,1.0,1.0045082569122314,0,0,0.0,0.0,-0.5,0.0012669865973293781,0.0017469696467742324,-0.5500902533531189
1032,10,61,1.0,1.0053234100341797,0,0,0.0,0.0,-0.5,0.0020341668277978897,0.0017250351374968886,-0.5556761026382446
1033,10,62,1.0,1.0076632499694824,0,0,0.0,0.0,-0.5,0.002308062743395567,0.0016162676038220525,-0.5659964680671692
1034,10,63,1.0,1.007216453552246,0,0,0.0,0.0,-0.5,0.002212267369031906,0.000655496958643198,-0.5766472220420837
1035,10,64,1.0,1.0043964385986328,0,0,0.0,0.0,-0.5,0.002585714217275381,0.0007701782742515206,-0.580318033695221
1036,10,65,1.0,1.0025755167007446,0,0,0.0,0.0,-0.5,0.0016552056185901165,0.001524534891359508,-0.5682167410850525
1037,10,66,1.0,0.9936087727546692,0,0,0.0,0.0,-0.5,0.0020532533526420593,0.0013391684042289853,-0.5125508904457092
1038,10,67,1.0,0.989558219909668,0,0,0.0,0.0,-0.5,0.00212311465293169,0.0007441655034199357,-0.473710834980011
1039,10,68,1.0,1.0690020322799683,0,0,0.0,0.0,0.0,0.004267089068889618,0.002190317027270794,-0.08494807779788971
1040,10,69,1.0,1.0707610845565796,0,0,0.0,0.0,0.0,0.0042930589988827705,0.002163682132959366,-0.08207503706216812
1041,10,70,1.0,2.031712055206299,0,1,0.0,0.0,0.0,0.0018237303011119366,-0.001981449779123068,-0.011206545867025852
1042,10,71,1.0,2.031747817993164,0,1,0.0,0.0,0.0,0.001828265842050314,-0.00198193546384573,-0.011189241893589497
1043,10,72,2.0,2.0413007736206055,1,1,0.0,0.0,0.0,0.0015289213042706251,-0.002048649126663804,-0.010087531059980392
1044,10,73,2.0,2.0458080768585205,1,1,0.0,0.0,0.0,0.0007554269395768642,-0.0024019801057875156,-4.433654248714447e-05
1045,10,74,2.0,2.052781820297241,1,1,0.0,0.0,0.0,0.0009471648372709751,-0.0021543935872614384,0.0019560493528842926
1046,10,75,2.0,2.052961826324463,1,1,0.0,0.0,0.0,0.0003895366098731756,-0.0020595150999724865,0.003482927568256855
1047,10,76,2.0,2.0548763275146484,1,1,0.0,0.0,0.0,-5.94074372202158e-05,-0.002974156755954027,0.0025926148518919945
1048,10,77,2.0,2.0556812286376953,1,1,0.0,0.0,0.0,-0.0005067518213763833,-0.0027739116922020912,0.002873021177947521
1049,10,78,2.0,2.048854351043701,1,1,0.0,0.0,0.0,-0.0005438196239992976,-0.002927797846496105,-0.0026662065647542477
1050,10,79,1.0,1.9736407995224,0,1,0.0,0.0,0.0,-0.0006992133567109704,-0.0010030120611190796,-0.012357750907540321
1051,10,80,1.0,1.0046813488006592,0,0,0.0,0.0,0.0,0.001135616796091199,-0.0009857203112915158,0.13480325043201447
1052,10,81,1.0,0.9918120503425598,0,0,0.0,0.0,0.0,0.0008600039873272181,0.00030159042216837406,0.261552631855011
1053,10,82,1.0,0.9916704297065735,0,0,0.0,0.0,0.0,4.948442801833153e-05,-0.0009653461747802794,0.2681220471858978
1054,10,83,1.0,0.9917969703674316,0,0,0.0,0.0,0.5,-0.0004445911617949605,-0.0002276346494909376,0.3476785123348236
1055,10,84,1.0,1.0015558004379272,0,0,0.0,0.0,0.5,-0.0002872890327125788,-9.976947330869734e-05,0.535975456237793
1056,10,85,1.0,1.0014442205429077,0,0,0.0,0.0,0.5,-8.959393016994e-05,-0.000527803844306618,0.5498810410499573
1057,10,86,1.0,1.0014251470565796,0,0,0.0,0.0,0.5,0.00048805377446115017,-0.0003583664074540138,0.548102617263794
1058,10,87,1.0,1.0013740062713623,0,0,0.0,0.0,0.5,0.00033633201383054256,-0.00037496184813790023,0.5493238568305969
1059,10,88,1.0,1.0010417699813843,0,0,0.0,0.0,0.5,0.00028135254979133606,-0.00023716059513390064,0.5465807914733887
1060,10,89,1.0,1.000005841255188,0,0,0.0,0.0,0.5,-0.00019597122445702553,-0.00025812393869273365,0.5468315482139587
1061,10,90,1.0,0.999550998210907,0,0,0.0,0.0,0.5,9.480095468461514e-05,-0.0004396970325615257,0.5463563203811646
1062,10,91,1.0,0.999401330947876,0,0,0.0,0.0,0.5,0.00022565247491002083,-0.0005042218836024404,0.5450823903083801
1063,10,92,1.0,1.0000616312026978,0,0,0.0,0.0,0.5,-0.0003134590806439519,-0.0015403948491439223,0.5480121374130249
1064,11,0,1.0,0.9888830780982971,0,0,0.0,0.0,0.0,-0.0006327771116048098,0.00016150460578501225,-0.0011897515505552292
1065,11,1,1.0,0.9924798607826233,0,0,0.0,0.0,0.0,-0.0007726562907919288,0.0004171841428615153,-0.0023127757012844086
1066,11,2,1.0,0.9931407570838928,0,0,0.0,0.0,0.0,-0.001809505745768547,2.0728155504912138e-05,0.010480271652340889
1067,11,3,1.0,0.9929841160774231,0,0,0.0,0.0,0.0,-0.002437188057228923,0.0001329517108388245,0.010996496304869652
1068,11,4,1.0,0.9915355443954468,0,0,0.0,0.0,0.0,-0.009772118180990219,0.00238612899556756,0.00823196955025196
1069,11,5,1.0,0.9914429783821106,0,0,0.0,0.0,0.0,-0.009879698976874352,0.0023480262607336044,0.008537840098142624
1070,11,6,1.0,0.9928288459777832,0,0,0.0,0.0,0.0,0.019016826525330544,0.0016990982694551349,-0.04026619344949722
1071,11,7,1.0,0.9927690625190735,0,0,0.0,0.0,0.0,0.019105687737464905,0.0016801663441583514,-0.04015637934207916
1072,11,8,1.0,0.9915266633033752,0,0,0.0,0.0,0.0,0.1154739260673523,-0.0017712789122015238,-0.023049963638186455
1073,11,9,1.0,0.9915119409561157,0,0,0.25,0.0,0.0,0.11550741642713547,-0.0017714209388941526,-0.02302607148885727
1074,11,10,1.0,0.9894906878471375,0,0,0.25,0.0,0.0,0.26786062121391296,-0.0006558418390341103,-0.0013302839361131191
1075,11,11,1.0,0.9899075031280518,0,0,0.25,0.0,0.0,0.2722465991973877,2.745341043919325e-05,-0.0005033984780311584
1076,11,12,1.0,0.9882830381393433,0,0,0.25,0.0,0.0,0.27705585956573486,0.0008107678731903434,-0.0013104579411447048
1077,11,13,1.0,0.9900388717651367,0,0,0.25,0.0,0.0,0.27872535586357117,0.0013085680548101664,-0.003297721967101097
1078,11,14,1.0,0.9999535083770752,0,0,0.25,0.0,0.0,0.2798771262168884,0.0019221351249143481,-0.0036287885159254074
1079,11,15,1.0,1.0004003047943115,0,0,0.25,0.0,0.0,0.28051069378852844,0.0020487005822360516,-0.004496033303439617
1080,11,16,1.0,1.0003178119659424,0,0,0.25,0.0,0.0,0.28485772013664246,0.0008395016193389893,-0.005250982940196991
1081,11,17,1.0,0.9983587861061096,0,0,0.25,0.0,0.0,0.2848256826400757,0.0008115895325317979,-0.003530330490320921
1082,11,18,1.0,0.992507815361023,0,0,0.25,0.0,0.0,0.28307414054870605,0.001163161126896739,-0.0028244941495358944
1083,11,19,1.0,0.9856451749801636,0,0,0.25,0.0,0.0,0.2651638686656952,0.001663906848989427,-0.0004571974277496338
1084,11,20,1.0,0.9922786951065063,0,0,0.25,0.0,0.0,0.19296519458293915,0.002702285535633564,0.005088447593152523
1085,11,21,1.0,0.99431973695755,0,0,0.0,0.0,0.0,0.10952755063772202,0.0020694732666015625,0.010957002639770508
1086,11,22,1.0,1.0033493041992188,0,0,0.0,0.0,0.0,0.01256552990525961,0.0005404974799603224,0.008913761004805565
1087,11,23,1.0,1.0046131610870361,0,0,0.0,0.0,0.0,-0.0004943412495777011,2.3936445359140635e-05,0.007254909723997116
1088,11,24,1.0,1.008179783821106,0,0,0.0,0.0,0.0,-0.0048456620424985886,0.0007234520744532347,-0.0033282488584518433
1089,11,25,1.0,1.0085734128952026,0,0,0.0,0.0,0.0,-0.0055138603784143925,0.0029627480544149876,-0.008264126256108284
1090,11,26,1.0,1.0051584243774414,0,0,0.0,0.0,0.0,-0.0005414985353127122,0.12439003586769104,-0.02537500113248825
1091,11,27,1.0,1.0051543712615967,0,0,0.0,0.0,0.0,-0.0006078274454921484,0.12452436983585358,-0.02529812976717949
1092,11,28,1.0,1.004569411277771,0,0,0.0,0.0,0.0,-0.0009173648431897163,0.15137752890586853,-0.021544724702835083
1093,11,29,1.0,1.0045676231384277,0,0,0.0,0.25,0.0,-0.0009266763227060437,0.15140263736248016,-0.021539602428674698
1094,11,30,1.0,0.9921290278434753,0,0,0.0,0.25,0.0,-0.00011355453170835972,0.2695007026195526,-0.00876215286552906
1095,11,31,1.0,0.9890775680541992,0,0,0.0,0.25,0.0,0.0005897821392863989,0.2722501754760742,-0.005942815449088812
1096,11,32,1.0,0.9861157536506653,0,0,0.0,0.25,0.0,-0.00029306812211871147,0.2764720320701599,-0.005436640698462725
1097,11,33,1.0,0.9825156331062317,0,0,0.0,0.25,0.0,-0.001256990130059421,0.27702897787094116,0.004175727255642414
1098,11,34,1.0,0.9832010865211487,0,0,0.0,0.25,0.0,-0.0014764659572392702,0.276407390832901,0.004769537597894669
1099,11,35,1.0,0.9830635190010071,0,0,0.0,0.25,0.0,-0.0010547364363446832,0.2765650451183319,0.0063187358900904655
1100,11,36,1.0,0.9911752939224243,0,0,0.0,0.25,0.0,-0.001946685602888465,0.2700793743133545,-0.0003795623779296875
1101,11,37,1.0,0.9863016605377197,0,0,0.0,0.25,0.0,-0.0029402538202703,0.26698634028434753,-0.007550791371613741
1102,11,38,1.0,0.9848100543022156,0,0,0.0,0.25,0.0,-0.0015309692826122046,0.21628350019454956,-0.016288653016090393
1103,11,39,1.0,1.0015149116516113,0,0,0.0,0.0,0.0,0.0016791392117738724,0.04199009761214256,0.004221184179186821
1104,11,40,1.0,1.0025560855865479,0,0,0.0,0.0,0.0,0.0009608583059161901,0.006502717733383179,0.015475519001483917
1105,11,41,1.0,1.0034056901931763,0,0,0.0,0.0,0.0,0.0008082294370979071,0.0030129370279610157,0.010992132127285004
1106,11,42,1.0,1.0044441223144531,0,0,0.0,0.0,0.0,0.0010108693968504667,0.0022369897924363613,-0.0017056022770702839
1107,11,43,1.0,1.0044329166412354,0,0,0.0,0.0,0.0,0.0009806747548282146,0.001459469203837216,-0.0023979656398296356
1108,11,44,1.0,1.0035347938537598,0,0,0.0,0.0,0.0,3.0603259801864624e-06,0.001554126967675984,-0.027727073058485985
1109,11,45,1.0,1.0035369396209717,0,0,0.0,0.0,0.0,-2.671964466571808e-06,0.0014210250228643417,-0.027765410020947456
1110,11,46,1.0,1.0031485557556152,0,0,0.0,0.25,0.0,-0.0004936832701787353,0.002620757557451725,-0.038897555321455
1111,11,47,1.0,0.9992288947105408,0,0,0.0,0.0,0.0,-0.0005412566242739558,0.0071942987851798534,-0.020174337550997734
1112,11,48,1.0,0.9960922598838806,0,0,0.0,0.0,0.0,-0.0006255503976717591,0.004880976397544146,-0.04230952262878418
1113,11,49,1.0,0.9955141544342041,0,0,0.0,0.0,0.0,-0.0009035024559125304,0.004074461292475462,-0.036087535321712494
1114,11,50,1.0,1.0019972324371338,0,0,0.0,0.0,0.0,0.0001688611228018999,0.0013995036715641618,-0.10594828426837921
1115,11,51,1.0,1.0019081830978394,0,0,0.0,0.0,0.0,0.0001817063894122839,0.0011015504132956266,-0.10824276506900787
1116,11,52,1.0,1.0035505294799805,0,0,0.0,0.0,0.0,0.0001124492846429348,0.0007085874676704407,-0.1655299961566925
1117,11,53,1.0,1.003523349761963,0,0,0.0,0.0,0.0,0.00010785437189042568,0.0006551231490448117,-0.16611680388450623
1118,11,54,1.0,1.006770133972168,0,0,0.0,0.0,-0.5,-0.000242636539041996,-4.5084336306899786e-05,-0.26684290170669556
1119,11,55,1.0,0.9949541091918945,0,0,0.0,0.0,-0.5,0.0004571499302983284,0.0012440127320587635,-0.5447474718093872
1120,11,56,1.0,0.9973214864730835,0,0,0.0,0.0,-0.5,0.0003499728627502918,0.000817136955447495,-0.5367152094841003
1121,11,57,1.0,1.0010802745819092,0,0,0.0,0.0,-0.5,0.0011212737299501896,0.0012855553068220615,-0.540334939956665
1122,11,58,1.0,1.0044859647750854,0,0,0.0,0.0,-0.5,0.00172754330560565,0.0017743868520483375,-0.5455285906791687
1123,11,59,1.0,1.0067883729934692,0,0,0.0,0.0,-0.5,0.0018418151885271072,0.001456678262911737,-0.5508736968040466
1124,11,60,1.0,1.010014295578003,0,0,0.0,0.0,-0.5,0.002090222667902708,0.0015294140903279185,-0.5612808465957642
1125,11,61,1.0,1.0128092765808105,0,0,0.0,0.0,-0.5,0.0022491696290671825,0.0016126491827890277,-0.5739440321922302
1126,11,62,1.0,1.0082906484603882,0,0,0.0,0.0,-0.5,0.0026672906242311,0.001344529795460403,-0.574446976184845
1127,11,63,1.0,1.0077908039093018,0,0,0.0,0.0,-0.5,0.0031836610287427902,0.0021325675770640373,-0.5656458139419556
1128,11,64,1.0,0.9843812584877014,0,0,0.0,0.0,-0.5,0.0028425785712897778,0.002685843501240015,-0.29414278268814087
1129,11,65,1.0,0.9845134019851685,0,0,0.0,0.0,0.0,0.0027983346953988075,0.002690997440367937,-0.28634291887283325
1130,11,66,1.0,1.6870975494384766,0,1,0.0,0.0,0.0,0.0011424212716519833,-0.0003182847867719829,-0.003551921807229519
1131,11,67,1.0,1.688523769378662,0,1,0.0,0.0,0.0,0.0011356088798493147,-0.0003102377522736788,-0.003365185111761093
1132,11,68,1.0,2.0005664825439453,0,1,0.0,0.0,0.0,0.0011434981133788824,-0.001262051984667778,-0.012269644066691399
1133,11,69,2.0,2.000580072402954,1,1,0.0,0.0,0.0,0.0011402536183595657,-0.0012557732407003641,-0.012267699465155602
1134,11,70,2.0,2.0461878776550293,1,1,0.0,0.0,0.0,-0.0005524286534637213,-0.002048766240477562,-0.0023774411529302597
1135,11,71,2.0,2.049757242202759,1,1,0.0,0.0,0.0,9.313225746154785e-05,-0.002609509974718094,0.002422768622636795
1136,11,72,2.0,2.055184841156006,1,1,0.0,0.0,0.0,-0.0002050246112048626,-0.0021907349582761526,-0.00035369955003261566
1137,11,73,2.0,2.056088447570801,1,1,0.0,0.0,0.0,-0.0004261693684384227,-0.002592909149825573,-0.00011683814227581024
1138,11,74,2.0,2.0542731285095215,1,1,0.0,0.0,0.0,-0.00024167471565306187,-0.00263758422806859,-0.0009163143113255501
1139,11,75,2.0,2.0567660331726074,1,1,0.0,0.0,0.0,-0.00011449772864580154,-0.002827279269695282,-0.0022123437374830246
1140,11,76,2.0,1.832963228225708,1,1,0.0,0.0,0.0,0.003045838326215744,-0.0032296921126544476,-0.020295845344662666
1141,11,77,1.0,1.834277868270874,0,1,0.0,0.0,0.0,0.0030173715204000473,-0.003221035934984684,-0.020201873034238815
1142,11,78,1.0,1.0228800773620605,0,0,0.0,0.0,0.0,0.0014787204563617706,-0.0009198946645483375,0.12206926196813583
1143,11,79,1.0,1.022550344467163,0,0,0.0,0.0,0.0,0.001478597754612565,-0.0008848346187733114,0.12299903482198715
1144,11,80,1.0,0.9942073822021484,0,0,0.0,0.0,0.0,-0.00039751105941832066,-0.00030483820592053235,0.29094868898391724
1145,11,81,1.0,0.9942611455917358,0,0,0.0,0.0,0.0,-0.0003875333350151777,-0.00034798955311998725,0.289944052696228
1146,11,82,1.0,0.9986966252326965,0,0,0.0,0.0,0.0,0.00044760177843272686,-0.001961545553058386,0.22175182402133942
1147,11,83,1.0,0.9986605644226074,0,0,0.0,0.0,0.5,0.0004442997742444277,-0.001980298664420843,0.22207550704479218
1148,11,84,1.0,0.9986770153045654,0,0,0.0,0.0,0.5,0.0006091347895562649,-7.718568667769432e-06,0.5259526968002319
1149,11,85,1.0,0.9997228980064392,0,0,0.0,0.0,0.5,0.0007730997167527676,-0.00013947024126537144,0.5413121581077576
1150,11,86,1.0,0.9985228776931763,0,0,0.0,0.0,0.5,-6.166519597172737e-06,0.00020027434220537543,0.5479758977890015
1151,11,87,1.0,0.9999374151229858,0,0,0.0,0.0,0.5,0.00037106615491211414,0.00016122334636747837,0.5442558526992798
1152,11,88,1.0,1.0007809400558472,0,0,0.0,0.0,0.5,0.0006518433801829815,0.00021363142877817154,0.5499745607376099
1153,11,89,1.0,1.0011179447174072,0,0,0.0,0.0,0.5,4.9308640882372856e-05,-0.00019198443624190986,0.5448848605155945
1154,11,90,1.0,1.000769853591919,0,0,0.0,0.0,0.5,0.0006976423319429159,-5.5328389862552285e-05,0.5440342426300049
1155,11,91,1.0,1.0020971298217773,0,0,0.0,0.0,0.5,0.0005943842697888613,-0.00019137896015308797,0.5439566969871521
1156,11,92,1.0,0.9991319179534912,0,0,0.0,0.0,0.5,0.0006257344502955675,-0.0001928529527503997,0.5437031984329224
1157,12,0,1.0,1.004946231842041,0,0,0.0,0.0,0.0,0.010197623632848263,0.0027977824211120605,-0.007823345251381397
1158,12,1,1.0,1.0059845447540283,0,0,0.0,0.0,0.0,0.010474602691829205,0.0022411788813769817,-0.011917230673134327
1159,12,2,1.0,1.007067084312439,0,0,0.0,0.0,0.0,0.009286509826779366,0.0010739248245954514,-0.005225225817412138
1160,12,3,1.0,1.0069481134414673,0,0,0.0,0.0,0.0,0.009301293641328812,0.0011880302336066961,-0.004430389031767845
1161,12,4,1.0,1.005125880241394,0,0,0.0,0.0,0.0,0.008987197652459145,0.0015922841848805547,0.010813498869538307
1162,12,5,1.0,1.0051600933074951,0,0,0.0,0.0,0.0,0.008998466655611992,0.001616180525161326,0.011022647842764854
1163,12,6,1.0,1.0007891654968262,0,0,0.0,0.0,0.0,0.0022292290814220905,0.000456714304164052,0.005159490741789341
1164,12,7,1.0,1.0007847547531128,0,0,0.0,0.0,0.0,0.0022519342601299286,0.00045994098763912916,0.0052420273423194885
1165,12,8,1.0,1.002300500869751,0,0,-0.25,0.0,0.0,-0.19633550941944122,-0.0014285596553236246,0.0008492786437273026
1166,12,9,1.0,1.0002384185791016,0,0,-0.25,0.0,0.0,-0.26603609323501587,-0.0050678132101893425,0.004461515694856644
1167,12,10,1.0,1.0021309852600098,0,0,-0.25,0.0,0.0,-0.2711656093597412,-0.0070519279688596725,0.005646391771733761
1168,12,11,1.0,0.9986975789070129,0,0,-0.25,0.0,0.0,-0.2742089033126831,-0.007149477023631334,0.005395779386162758
1169,12,12,1.0,0.9968090057373047,0,0,-0.25,0.0,0.0,-0.27579033374786377,-0.008363460190594196,0.0004559094086289406
1170,12,13,1.0,0.9965003728866577,0,0,-0.25,0.0,0.0,-0.2769816517829895,-0.007714804727584124,-0.0005809525027871132
1171,12,14,1.0,0.9968146681785583,0,0,-0.25,0.0,0.0,-0.2804096043109894,-0.006666031200438738,0.0015341350808739662
1172,12,15,1.0,0.9976652264595032,0,0,-0.25,0.0,0.0,-0.28374284505844116,-0.005400266032665968,0.00654865987598896
1173,12,16,1.0,0.9975274205207825,0,0,-0.25,0.0,0.0,-0.28459829092025757,-0.003710069227963686,0.0026197750121355057
1174,12,17,1.0,0.9969008564949036,0,0,-0.25,0.0,0.0,-0.28661251068115234,-0.0033604130148887634,0.0020511317998170853
1175,12,18,1.0,1.001976728439331,0,0,-0.25,0.0,0.0,-0.2878197729587555,-0.002728627994656563,0.005519486963748932
1176,12,19,1.0,1.004812240600586,0,0,-0.25,0.0,0.0,-0.2899651825428009,-0.0021328723523765802,0.003312448039650917
1177,12,20,1.0,1.0020484924316406,0,0,-0.25,0.0,0.0,-0.2669087052345276,-0.0014057024382054806,-5.388353019952774e-05
1178,12,21,1.0,0.9954679608345032,0,0,-0.25,0.0,0.0,-0.14539894461631775,-0.0024869325570762157,0.00014316104352474213
1179,12,22,1.0,0.9935333132743835,0,0,0.0,0.0,0.0,-0.03878283500671387,-0.003340123686939478,-0.003082898911088705
1180,12,23,1.0,0.9892692565917969,0,0,0.0,0.0,0.0,0.01241980865597725,0.00038155901711434126,-0.0033149290829896927
1181,12,24,1.0,0.9997717142105103,0,0,0.0,0.0,0.0,0.014158114790916443,0.00011321966303512454,-0.0027021695859730244
1182,12,25,1.0,0.999855101108551,0,0,0.0,0.0,0.0,0.018589762970805168,-4.0848914068192244e-05,-0.003845429979264736
1183,12,26,1.0,0.9993767738342285,0,0,0.0,0.0,0.0,0.0062509095296263695,-0.06411492824554443,-0.004601200111210346
1184,12,27,1.0,0.9993382692337036,0,0,0.0,0.0,0.0,0.006470485590398312,-0.06435711681842804,-0.004813268780708313
1185,12,28,1.0,0.9974896907806396,0,0,0.0,-0.25,0.0,0.0008787678088992834,-0.16909371316432953,0.00014835968613624573
1186,12,29,1.0,0.9895647168159485,0,0,0.0,-0.25,0.0,-0.004177567549049854,-0.25371915102005005,0.0064685652032494545
1187,12,30,1.0,0.9880343675613403,0,0,0.0,-0.25,0.0,-0.003947671968489885,-0.25717368721961975,0.005067206919193268
1188,12,31,1.0,0.9892627000808716,0,0,0.0,-0.25,0.0,-0.004755986854434013,-0.2629651129245758,0.005344194360077381
1189,12,32,1.0,0.9871265888214111,0,0,0.0,-0.25,0.0,-0.0038088392466306686,-0.26817283034324646,0.006219332106411457
1190,12,33,1.0,0.9845152497291565,0,0,0.0,-0.25,0.0,-0.0036892760545015335,-0.2728267312049866,0.008899331092834473
1191,12,34,1.0,0.9818480610847473,0,0,0.0,-0.25,0.0,-0.003216350916773081,-0.27577024698257446,0.009930836036801338
1192,12,35,1.0,0.9796671271324158,0,0,0.0,-0.25,0.0,-0.0025985988322645426,-0.2755900025367737,0.011136028915643692
1193,12,36,1.0,0.9807551503181458,0,0,0.0,-0.25,0.0,-0.0006192685104906559,-0.27563783526420593,0.009877702221274376
1194,12,37,1.0,0.9860664010047913,0,0,0.0,-0.25,0.0,-0.000877771875821054,-0.2540320158004761,0.004423327744007111
1195,12,38,1.0,0.9913080930709839,0,0,0.0,-0.25,0.0,-0.0004706375766545534,-0.18210692703723907,0.0013459958136081696
1196,12,39,1.0,0.9905810356140137,0,0,0.0,0.0,0.0,-0.0005702617345377803,-0.10203257948160172,-0.009779649786651134
1197,12,40,1.0,0.9955589175224304,0,0,0.0,0.0,0.0,-0.00030515273101627827,-0.016164664179086685,-0.010264002718031406
1198,12,41,1.0,0.9952432513237,0,0,0.0,0.0,0.0,-0.0005408661672845483,-0.003717975690960884,-0.013747787103056908
1199,12,42,1.0,0.9962792992591858,0,0,0.0,0.0,0.0,-0.002648188266903162,-0.0038176393136382103,-0.0012350878678262234
1200,12,43,1.0,0.9964444041252136,0,0,0.0,0.0,0.0,-0.0025017934385687113,-0.0021910741925239563,-0.0006657782942056656
1201,12,44,1.0,0.9984057545661926,0,0,0.0,0.0,0.0,0.0005332652945071459,0.0008548795012757182,-0.038314253091812134
1202,12,45,1.0,0.9984164237976074,0,0,0.0,0.0,0.0,0.000535519327968359,0.0009436497930437326,-0.03798510134220123
1203,12,46,1.0,0.9988892674446106,0,0,0.0,0.0,0.0,-0.0004707766929641366,0.0015095119597390294,-0.05356122553348541
1204,12,47,1.0,0.9988957643508911,0,0,0.0,-0.25,0.0,-0.00047585053835064173,0.0015214133309200406,-0.05348231643438339
1205,12,48,1.0,0.9958458542823792,0,0,0.0,0.0,0.0,0.0009161424823105335,-0.0007358891889452934,-0.04300834983587265
1206,12,49,1.0,0.9951162338256836,0,0,0.0,0.0,0.0,0.0007494292221963406,0.0020293043926358223,-0.035707488656044006
1207,12,50,1.0,0.9979904294013977,0,0,0.0,0.0,0.0,0.0001673328224569559,0.0025815912522375584,-0.056625060737133026
1208,12,51,1.0,0.9982104301452637,0,0,0.0,0.0,0.0,7.390719838440418e-05,0.0029567377641797066,-0.055426225066185
1209,12,52,1.0,1.0012178421020508,0,0,0.0,0.0,0.0,0.000990899046882987,0.002034719567745924,-0.09378945082426071
1210,12,53,1.0,1.001237392425537,0,0,0.0,0.0,0.0,0.000971244415268302,0.002090857829898596,-0.09330102056264877
1211,12,54,1.0,1.003779411315918,0,0,0.0,0.0,-0.5,0.0004966487176716328,0.0010986421257257462,-0.15562522411346436
1212,12,55,1.0,0.996101975440979,0,0,0.0,0.0,-0.5,5.545793101191521e-05,0.00029816862661391497,-0.5364023447036743
1213,12,56,1.0,0.9984534382820129,0,0,0.0,0.0,-0.5,-0.00010638660751283169,0.0006524197524413466,-0.5276449918746948
1214,12,57,1.0,0.9988622665405273,0,0,0.0,0.0,-0.5,-0.0006957461591809988,0.001156893908046186,-0.5282939076423645
1215,12,58,1.0,0.9995796084403992,0,0,0.0,0.0,-0.5,-0.0005075992085039616,0.0015761855756863952,-0.5282227396965027
1216,12,59,1.0,1.004462480545044,0,0,0.0,0.0,-0.5,0.0008515131194144487,0.001277466188184917,-0.5377283096313477
1217,12,60,1.0,1.0045530796051025,0,0,0.0,0.0,-0.5,0.0011473747435957193,0.0012708568247035146,-0.5487330555915833
1218,12,61,1.0,1.0068289041519165,0,0,0.0,0.0,-0.5,0.0011084468569606543,0.0014341186033561826,-0.5650436282157898
1219,12,62,1.0,1.010673999786377,0,0,0.0,0.0,-0.5,0.0011865620035678148,0.0002260063774883747,-0.5683215856552124
1220,12,63,1.0,1.0081768035888672,0,0,0.0,0.0,-0.5,0.0021429574117064476,0.0009848923655226827,-0.5650940537452698
1221,12,64,1.0,1.0050110816955566,0,0,0.0,0.0,-0.5,0.002797786146402359,0.002128597814589739,-0.5231693387031555
1222,12,65,1.0,1.0061918497085571,0,0,0.0,0.0,-0.5,0.002522649709135294,0.002086280845105648,-0.51945960521698
1223,12,66,1.0,0.9850299954414368,0,0,0.0,0.0,0.0,0.0021572839468717575,0.0030639199540019035,-0.3428226113319397
1224,12,67,1.0,0.9851470589637756,0,0,0.0,0.0,0.0,0.00219615176320076,0.0030531901866197586,-0.3383066952228546
1225,12,68,1.0,1.5397452116012573,0,1,0.0,0.0,0.0,0.0012751906178891659,0.0013857143931090832,0.011181449517607689
1226,12,69,2.0,1.540027379989624,1,1,0.0,0.0,0.0,0.0012908140197396278,0.0013646448496729136,0.01145942136645317
1227,12,70,2.0,2.047827959060669,1,1,0.0,0.0,0.0,-0.0004877862520515919,-0.0005961920833215117,-0.007786675356328487
1228,12,71,2.0,2.049520969390869,1,1,0.0,0.0,0.0,-0.0003853747621178627,-0.0010405834764242172,-0.004609924275428057
1229,12,72,2.0,2.0433130264282227,1,1,0.0,0.0,0.0,-0.0009678923524916172,0.0005938372341915965,0.0006541851907968521
1230,12,73,2.0,2.04514479637146,1,1,0.0,0.0,0.0,-0.0005215032724663615,-0.0025829109363257885,0.0018632402643561363
1231,12,74,2.0,2.045443058013916,1,1,0.0,0.0,0.0,-0.00047143513802438974,-0.0018908994970843196,0.003305010497570038
1232,12,75,2.0,2.046177864074707,1,1,0.0,0.0,0.0,-0.0004962574457749724,-0.001842394471168518,0.0037942025810480118
1233,12,76,2.0,2.0434041023254395,1,1,0.0,0.0,0.0,-0.0006314889760687947,-0.0026135724037885666,-6.713811308145523e-05
1234,12,77,2.0,2.0429744720458984,1,1,0.0,0.0,0.0,-0.0007742608431726694,-0.0024434723891317844,0.00015747454017400742
1235,12,78,1.0,1.7674473524093628,0,1,0.0,0.0,0.0,0.00046247499994933605,0.00126583781093359,-0.014015886932611465
1236,12,79,1.0,1.1420793533325195,0,0,0.0,0.0,0.0,0.0011542795691639185,0.0009731797035783529,0.018196212127804756
1237,12,80,1.0,1.000732421875,0,0,0.0,0.0,0.0,0.0014194424729794264,-5.1117996918037534e-05,0.2992767095565796
1238,12,81,1.0,0.9955509305000305,0,0,0.0,0.0,0.0,0.0008685947395861149,0.0005991726648062468,0.3331875801086426
1239,12,82,1.0,1.0088711977005005,0,0,0.0,0.0,0.0,0.00017665373161435127,-0.0015556595753878355,0.19535546004772186
1240,12,83,1.0,0.9924849271774292,0,0,0.0,0.0,0.0,-0.0002566752955317497,-1.5747733414173126e-05,0.4399369955062866
1241,12,84,1.0,0.9967694878578186,0,0,0.0,0.0,0.5,0.0007186746224761009,-0.0005988868069835007,0.35743504762649536
1242,12,85,1.0,0.9968499541282654,0,0,0.0,0.0,0.5,-2.743024379014969e-05,-0.0004328186041675508,0.5335185527801514
1243,12,86,1.0,0.9986740350723267,0,0,0.0,0.0,0.5,-3.585708327591419e-05,-0.0019410334061831236,0.5083034634590149
1244,12,87,1.0,1.000824213027954,0,0,0.0,0.0,0.5,-0.00023790565319359303,-1.7979240510612726e-05,0.5483249425888062
1245,12,88,1.0,1.0017509460449219,0,0,0.0,0.0,0.5,0.0002740293275564909,0.00025873788399621844,0.548733115196228
1246,12,89,1.0,1.00222909450531,0,0,0.0,0.0,0.5,0.00019351416267454624,-6.776419468224049e-05,0.5468305945396423
1247,12,90,1.0,1.0001925230026245,0,0,0.0,0.0,0.5,0.0005010464228689671,-0.00047355389688163996,0.5453458428382874
1248,12,91,1.0,0.9987580180168152,0,0,0.0,0.0,0.5,0.0004868423566222191,-3.0434574000537395e-05,0.5388906002044678
1249,12,92,1.0,0.9990724921226501,0,0,0.0,0.0,0.5,-0.0007450442062690854,-0.0003599771298468113,0.5430525541305542
1250,12,93,1.0,0.9983077049255371,0,0,0.0,0.0,0.5,-0.00043136952444911003,0.00014569307677447796,0.5418962240219116
1251,13,0,1.0,0.9980345368385315,0,0,0.0,0.0,0.0,0.010205966420471668,0.0018068981589749455,0.0007967408746480942
1252,13,1,1.0,0.9990144968032837,0,0,0.0,0.0,0.0,0.009860256686806679,-5.9273792430758476e-05,-0.003091463353484869
1253,13,2,1.0,1.0033339262008667,0,0,0.0,0.0,0.0,0.010542781092226505,-0.0011177154956385493,0.0051698945462703705
1254,13,3,1.0,1.0033760070800781,0,0,0.0,0.0,0.0,0.010577945038676262,-0.0010880962945520878,0.006468025967478752
1255,13,4,1.0,1.0050530433654785,0,0,0.0,0.0,0.0,0.011187692172825336,-0.00016576313646510243,0.02049049735069275
1256,13,5,1.0,1.0050020217895508,0,0,0.0,0.0,0.0,0.01117970235645771,-0.00017246510833501816,0.020847568288445473
1257,13,6,1.0,1.003173589706421,0,0,0.0,0.0,0.0,-0.003701413981616497,7.036712486296892e-05,-0.008603861555457115
1258,13,7,1.0,1.0031484365463257,0,0,0.0,0.0,0.0,-0.0036778897047042847,6.970565300434828e-05,-0.008490055799484253
1259,13,8,1.0,1.0008786916732788,0,0,0.0,0.0,0.0,-0.02360922284424305,-0.0008514998480677605,-0.01165411900728941
1260,13,9,1.0,1.0008749961853027,0,0,-0.25,0.0,0.0,-0.023600570857524872,-0.0008522499119862914,-0.01162289921194315
1261,13,10,1.0,1.0027536153793335,0,0,-0.25,0.0,0.0,-0.26034829020500183,-0.003105573821812868,0.0041197361424565315
1262,13,11,1.0,1.003968596458435,0,0,-0.25,0.0,0.0,-0.2694754898548126,-0.0021462137810885906,0.006297958083450794
1263,13,12,1.0,1.002150535583496,0,0,-0.25,0.0,0.0,-0.2756859064102173,-0.0016231031622737646,0.004121172241866589
1264,13,13,1.0,1.002490520477295,0,0,-0.25,0.0,0.0,-0.278732031583786,-0.0012881893198937178,0.003416365012526512
1265,13,14,1.0,0.9994521141052246,0,0,-0.25,0.0,0.0,-0.2783772349357605,-0.0010370169766247272,-0.00042836181819438934
1266,13,15,1.0,1.0009431838989258,0,0,-0.25,0.0,0.0,-0.2804275155067444,-0.0011619417928159237,0.002780552953481674
1267,13,16,1.0,1.000393271446228,0,0,-0.25,0.0,0.0,-0.2809850871562958,-0.0018566343933343887,0.002636716701090336
1268,13,17,1.0,0.9977140426635742,0,0,-0.25,0.0,0.0,-0.28422170877456665,-0.0024287982378154993,0.002124978229403496
1269,13,18,1.0,0.9966161251068115,0,0,-0.25,0.0,0.0,-0.28316956758499146,-0.0026301569305360317,-7.771793752908707e-05
1270,13,19,1.0,0.9968208074569702,0,0,-0.25,0.0,0.0,-0.2848029136657715,-0.0027915174141526222,0.0017038984224200249
1271,13,20,1.0,0.9934829473495483,0,0,-0.25,0.0,0.0,-0.28384825587272644,-0.0016122956294566393,0.003189515322446823
1272,13,21,1.0,0.9970619082450867,0,0,-0.25,0.0,0.0,-0.26309794187545776,-0.001598974922671914,0.004625902511179447
1273,13,22,1.0,1.004023790359497,0,0,-0.25,0.0,0.0,-0.16476008296012878,-0.0023516975343227386,0.0035878242924809456
1274,13,23,1.0,1.0018634796142578,0,0,0.0,0.0,0.0,-0.05590370297431946,0.0002366573316976428,0.008862659335136414
1275,13,24,1.0,0.9999238848686218,0,0,0.0,0.0,0.0,0.0003948004450649023,-0.0021660723723471165,0.010842826217412949
1276,13,25,1.0,1.001701831817627,0,0,0.0,0.0,0.0,0.01873396523296833,-0.001858178642578423,0.012034889310598373
1277,13,26,1.0,1.0038273334503174,0,0,0.0,0.0,0.0,0.012075657024979591,0.011263239197432995,0.01611129380762577
1278,13,27,1.0,1.0037178993225098,0,0,0.0,0.0,0.0,0.013047467917203903,0.012768590822815895,0.01377192698419094
1279,13,28,1.0,0.9993255734443665,0,0,0.0,0.0,0.0,0.004022853448987007,0.1324327141046524,0.015321359038352966
1280,13,29,1.0,0.9992507696151733,0,0,0.0,0.25,0.0,0.004138567950576544,0.13282930850982666,0.01521916314959526
1281,13,30,1.0,0.993260383605957,0,0,0.0,0.25,0.0,-0.0019305669702589512,0.2547186315059662,-0.0053258961997926235
1282,13,31,1.0,0.9956432580947876,0,0,0.0,0.25,0.0,-0.0012716352939605713,0.26737117767333984,-0.00672776997089386
1283,13,32,1.0,0.9899728894233704,0,0,0.0,0.25,0.0,-0.0011577158002182841,0.2627227306365967,-0.01238018088042736
1284,13,33,1.0,0.9885256886482239,0,0,0.0,0.25,0.0,-0.00036573666147887707,0.2639428377151489,-0.015872836112976074
1285,13,34,1.0,0.9881433248519897,0,0,0.0,0.25,0.0,-5.233101546764374e-06,0.2742536664009094,-0.016610758379101753
1286,13,35,1.0,0.9874758124351501,0,0,0.0,0.25,0.0,0.0005008303560316563,0.2771362364292145,-0.004714452661573887
1287,13,36,1.0,0.9933623671531677,0,0,0.0,0.25,0.0,-0.000977788819000125,0.27499881386756897,-0.0005245702341198921
1288,13,37,1.0,0.9916407465934753,0,0,0.0,0.25,0.0,-0.0014795571332797408,0.24300087988376617,-0.001179965678602457
1289,13,38,1.0,0.9905021786689758,0,0,0.0,0.25,0.0,-0.002023170003667474,0.19304290413856506,0.0028458908200263977
1290,13,39,1.0,0.9930002689361572,0,0,0.0,0.0,0.0,-0.00042996613774448633,0.06634537875652313,0.007023898884654045
1291,13,40,1.0,0.9989548921585083,0,0,0.0,0.0,0.0,-0.0005606486229225993,0.006687096320092678,0.01292460784316063
1292,13,41,1.0,0.998953640460968,0,0,0.0,0.0,0.0,-0.0009605110390111804,0.0013219427783042192,0.01787489280104637
1293,13,42,1.0,0.9991697669029236,0,0,0.0,0.0,0.0,-0.0010283604497089982,-0.0007943371310830116,0.030524132773280144
1294,13,43,1.0,0.9991294741630554,0,0,0.0,0.0,0.0,-0.0011046667350456119,-0.0011694829445332289,0.03009609319269657
1295,13,44,1.0,1.0026293992996216,0,0,0.0,0.0,0.0,0.0008893443737179041,0.0005169474752619863,0.01232915185391903
1296,13,45,1.0,1.0026239156723022,0,0,0.0,0.0,0.0,0.0008788395207375288,0.00045418436639010906,0.012243928387761116
1297,13,46,1.0,1.003126621246338,0,0,0.0,0.25,0.0,0.0005115324165672064,0.0006821171846240759,0.0002766326069831848
1298,13,47,1.0,1.0033594369888306,0,0,0.0,0.0,0.0,-0.000610697316005826,0.005238519515842199,0.010071011260151863
1299,13,48,1.0,0.9973863363265991,0,0,0.0,0.0,0.0,8.923118002712727e-05,0.0038399705663323402,-0.03512585908174515
1300,13,49,1.0,0.9980947971343994,0,0,0.0,0.0,0.0,-0.0003988479729741812,0.003313582856208086,-0.030025573447346687
1301,13,50,1.0,1.0011954307556152,0,0,0.0,0.0,0.0,-0.0008139810524880886,0.0023793824948370457,-0.05048985034227371
1302,13,51,1.0,1.0011978149414062,0,0,0.0,0.0,0.0,-0.0008091024355962873,0.0022514094598591328,-0.0516120046377182
1303,13,52,1.0,1.0076289176940918,0,0,0.0,0.0,0.0,-0.0012254741741344333,0.00013279076665639877,-0.12275605648756027
1304,13,53,1.0,1.0076251029968262,0,0,0.0,0.0,0.0,-0.001217854442074895,0.00010182097321376204,-0.12324605882167816
1305,13,54,1.0,1.0104609727859497,0,0,0.0,0.0,-0.5,-0.0017736910376697779,-0.0007059018826112151,-0.21212056279182434
1306,13,55,1.0,0.9987543821334839,0,0,0.0,0.0,-0.5,0.0015941793099045753,0.0015927936183288693,-0.5485500693321228
1307,13,56,1.0,1.001312255859375,0,0,0.0,0.0,-0.5,0.002151339314877987,0.0012328707380220294,-0.5415971875190735
1308,13,57,1.0,1.002153992652893,0,0,0.0,0.0,-0.5,0.0014519835822284222,0.001391068333759904,-0.543703556060791
1309,13,58,1.0,1.0026421546936035,0,0,0.0,0.0,-0.5,0.0015622011851519346,0.0019137050257995725,-0.5401568412780762
1310,13,59,1.0,1.0056331157684326,0,0,0.0,0.0,-0.5,0.000436536967754364,0.0020017693750560284,-0.5508856773376465
1311,13,60,1.0,1.0115033388137817,0,0,0.0,0.0,-0.5,0.0005631803069263697,0.002812374848872423,-0.5632026195526123
1312,13,61,1.0,1.0056935548782349,0,0,0.0,0.0,-0.5,0.0006435394752770662,0.0013519554631784558,-0.5746629238128662
1313,13,62,1.0,1.0028468370437622,0,0,0.0,0.0,-0.5,0.0003107080701738596,0.0019698720425367355,-0.5680187344551086
1314,13,63,1.0,0.9983020424842834,0,0,0.0,0.0,-0.5,0.0004990198649466038,0.0020399270579218864,-0.554527223110199
1315,13,64,1.0,0.9808500409126282,0,0,0.0,0.0,-0.5,0.000674485694617033,0.002518242225050926,-0.40311428904533386
1316,13,65,1.0,0.9768354296684265,0,0,0.0,0.0,0.0,0.0009002282749861479,0.002384569961577654,-0.36393824219703674
1317,13,66,1.0,1.264493465423584,0,0,0.0,0.0,0.0,0.0007759046275168657,0.0015254857717081904,-0.021081481128931046
1318,13,67,1.0,1.279181957244873,0,0,0.0,0.0,0.0,0.0008642016910016537,0.0014886670978739858,-0.017785388976335526
1319,13,68,1.0,2.028444766998291,0,1,0.0,0.0,0.0,0.0009981130715459585,-0.0012115834979340434,-0.015063930302858353
1320,13,69,2.0,2.0285606384277344,1,1,0.0,0.0,0.0,0.000989097636193037,-0.0011815984034910798,-0.015053766779601574
1321,13,70,2.0,2.044872999191284,1,1,0.0,0.0,0.0,-0.0003164646914228797,-0.0013462980277836323,-0.0028992146253585815
1322,13,71,2.0,2.0453243255615234,1,1,0.0,0.0,0.0,0.00022273394279181957,-0.0024649780243635178,-4.762876778841019e-05
1323,13,72,2.0,2.0449814796447754,1,1,0.0,0.0,0.0,0.0012646981049329042,-0.003547369036823511,-0.0012560226023197174
1324,13,73,2.0,2.0507912635803223,1,1,0.0,0.0,0.0,-0.0010614482453092933,-0.002755044959485531,0.0038101449608802795
1325,13,74,2.0,2.05098819732666,1,1,0.0,0.0,0.0,-0.0006261179223656654,-0.0028611947782337666,0.004085063003003597
1326,13,75,2.0,2.0546529293060303,1,1,0.0,0.0,0.0,-0.0003970249090343714,-0.0027543185278773308,0.0029271095991134644
1327,13,76,2.0,2.0574421882629395,1,1,0.0,0.0,0.0,-0.0006289500743150711,-0.0025194180198013783,0.0005898643285036087
1328,13,77,2.0,2.0574519634246826,1,1,0.0,0.0,0.0,-0.0006351453484967351,-0.0024877507239580154,0.00033577997237443924
1329,13,78,1.0,0.9914709329605103,0,0,0.0,0.0,0.0,0.0012797941453754902,-0.0008980637649074197,0.34558066725730896
1330,13,79,1.0,0.9913653135299683,0,0,0.0,0.0,0.0,0.0012601942289620638,-0.0009377016685903072,0.3470863103866577
1331,13,80,1.0,0.9921408295631409,0,0,0.0,0.0,0.0,0.0008740760385990143,-0.0005759439081884921,0.3770655691623688
1332,13,81,1.0,0.992109477519989,0,0,0.0,0.0,0.5,0.000873001990839839,-0.0005893217748962343,0.3775390386581421
1333,13,82,1.0,0.9953567385673523,0,0,0.0,0.0,0.5,7.119961082935333e-06,-0.00023229068028740585,0.507110059261322
1334,13,83,1.0,1.0021061897277832,0,0,0.0,0.0,0.5,-5.06257638335228e-05,0.0007116979686543345,0.547866702079773
1335,13,84,1.0,0.999763011932373,0,0,0.0,0.0,0.5,0.00035892496816813946,0.0007486401591449976,0.5491092205047607
1336,13,85,1.0,1.0027413368225098,0,0,0.0,0.0,0.5,0.0005742867942899466,-0.00013036586460657418,0.5464263558387756
1337,13,86,1.0,1.001237392425537,0,0,0.0,0.0,0.5,0.0014946507290005684,4.4862041249871254e-05,0.546689510345459
1338,13,87,1.0,1.0022996664047241,0,0,0.0,0.0,0.5,0.0007526192348450422,-0.0001921270159073174,0.5460332632064819
1339,13,88,1.0,1.0010608434677124,0,0,0.0,0.0,0.5,0.0009212302975356579,-0.00020550884073600173,0.544471800327301
1340,13,89,1.0,0.9996715784072876,0,0,0.0,0.0,0.5,0.0017595444805920124,-0.0003228701825719327,0.5450538396835327
1341,13,90,1.0,0.9999750852584839,0,0,0.0,0.0,0.5,0.001272986875846982,-5.089858314022422e-05,0.5436980128288269
1342,14,0,1.0,0.9984461069107056,0,0,0.0,0.0,0.0,-0.001946206553839147,0.003640351351350546,-0.005722435191273689
1343,14,1,1.0,0.999640166759491,0,0,0.0,0.0,0.0,-0.0023816474713385105,0.003804115578532219,-0.006373738870024681
1344,14,2,1.0,0.99680495262146,0,0,0.0,0.0,0.0,-0.003926207311451435,0.0035596825182437897,-0.0035688569769263268
1345,14,3,1.0,0.9968301057815552,0,0,0.0,0.0,0.0,-0.004139679484069347,0.00362614868208766,-0.0026373467408120632
1346,14,4,1.0,0.9951144456863403,0,0,0.0,0.0,0.0,-0.009316779673099518,0.0031368802301585674,0.011419758200645447
1347,14,5,1.0,0.9949907064437866,0,0,0.0,0.0,0.0,-0.009350915439426899,0.003131816629320383,0.011650936678051949
1348,14,6,1.0,0.9904227256774902,0,0,0.0,0.0,0.0,0.002723132260143757,0.0011586513137444854,-0.02059018984436989
1349,14,7,1.0,0.9903935194015503,0,0,0.0,0.0,0.0,0.002768267411738634,0.0011520268162712455,-0.020514052361249924
1350,14,8,1.0,0.9895609617233276,0,0,0.0,0.0,0.0,0.05043601989746094,0.0005320458440110087,-0.021943971514701843
1351,14,9,1.0,0.9895534515380859,0,0,0.0,0.0,0.0,0.050459206104278564,0.0005297419847920537,-0.021920692175626755
1352,14,10,1.0,0.9948690533638,0,0,0.25,0.0,0.0,0.16490811109542847,0.0016003617784008384,-0.0027704830281436443
1353,14,11,1.0,0.9901155233383179,0,0,0.25,0.0,0.0,0.2434551864862442,-0.0016988483257591724,-0.004847269039601088
1354,14,12,1.0,0.9884797930717468,0,0,0.25,0.0,0.0,0.26360881328582764,-0.0016254469519481063,-0.004245903342962265
1355,14,13,1.0,0.9905056953430176,0,0,0.25,0.0,0.0,0.2713666558265686,-0.0016586377751082182,-0.0012106746435165405
1356,14,14,1.0,0.989825427532196,0,0,0.25,0.0,0.0,0.2771035134792328,-0.0002793282037600875,-0.0004052473232150078
1357,14,15,1.0,0.9902014136314392,0,0,0.25,0.0,0.0,0.2785261571407318,0.0009232665179297328,0.0005814675241708755
1358,14,16,1.0,0.991928219795227,0,0,0.25,0.0,0.0,0.2832862138748169,0.00013416673755273223,0.0013431375846266747
1359,14,17,1.0,0.9900224208831787,0,0,0.25,0.0,0.0,0.2849201261997223,0.00024164444766938686,0.0006387652829289436
1360,14,18,1.0,0.9957327842712402,0,0,0.25,0.0,0.0,0.2865038812160492,-0.0011282352497801185,0.0034658033400774
1361,14,19,1.0,0.9958131909370422,0,0,0.25,0.0,0.0,0.2890920639038086,3.1221716199070215e-05,0.0028767921030521393
1362,14,20,1.0,0.9874356985092163,0,0,0.25,0.0,0.0,0.2909923791885376,-0.0011982680298388004,0.011086547747254372
1363,14,21,1.0,0.9863309860229492,0,0,0.25,0.0,0.0,0.2610583007335663,-0.0006175955641083419,0.012438639998435974
1364,14,22,1.0,0.9951282143592834,0,0,0.25,0.0,0.0,0.1364019513130188,-0.004375786054879427,0.007898353040218353
1365,14,23,1.0,0.99003666639328,0,0,0.0,0.0,0.0,0.05603159964084625,-0.0019977535121142864,0.0017429674044251442
1366,14,24,1.0,0.9886249899864197,0,0,0.0,0.0,0.0,0.017085306346416473,0.0012747483560815454,0.00871732085943222
1367,14,25,1.0,0.9873836040496826,0,0,0.0,0.0,0.0,0.006287011317908764,0.0018849599873647094,0.014511916786432266
1368,14,26,1.0,0.995439887046814,0,0,0.0,0.0,0.0,0.004892389755696058,-0.007519850041717291,0.0014802683144807816
1369,14,27,1.0,0.9959158897399902,0,0,0.0,0.0,0.0,0.004126666579395533,-0.008249559439718723,0.0019170977175235748
1370,14,28,1.0,1.0057744979858398,0,0,0.0,-0.25,0.0,0.0008024834096431732,-0.18404430150985718,0.006481148302555084
1371,14,29,1.0,0.9901425838470459,0,0,0.0,-0.25,0.0,-0.0036637522280216217,-0.2577308416366577,0.004907041788101196
1372,14,30,1.0,0.9888262748718262,0,0,0.0,-0.25,0.0,-0.003886140650138259,-0.2669057548046112,0.0023287590593099594
1373,14,31,1.0,0.9869205951690674,0,0,0.0,-0.25,0.0,-0.005051725544035435,-0.26938292384147644,0.002841363660991192
1374,14,32,1.0,0.9888361692428589,0,0,0.0,-0.25,0.0,-0.004199243616312742,-0.2704702913761139,0.006386349909007549
1375,14,33,1.0,0.9851955771446228,0,0,0.0,-0.25,0.0,-0.003823885228484869,-0.2737453877925873,0.007063170894980431
1376,14,34,1.0,0.9828011989593506,0,0,0.0,-0.25,0.0,-0.002690243534743786,-0.27722299098968506,0.01839621178805828
1377,14,35,1.0,0.9813993573188782,0,0,0.0,-0.25,0.0,-0.0015473796520382166,-0.27714839577674866,0.01621987856924534
1378,14,36,1.0,0.9872615337371826,0,0,0.0,-0.25,0.0,-0.003972591366618872,-0.27994105219841003,0.016563311219215393
1379,14,37,1.0,0.9849390983581543,0,0,0.0,-0.25,0.0,-0.004653904587030411,-0.2774578928947449,0.01358065940439701
1380,14,38,1.0,0.9845438599586487,0,0,0.0,-0.25,0.0,-0.003132382407784462,-0.20248013734817505,0.003804604522883892
1381,14,39,1.0,0.989993691444397,0,0,0.0,0.0,0.0,-0.0022591911256313324,-0.07513745129108429,-0.0036720489151775837
1382,14,40,1.0,0.9992588758468628,0,0,0.0,0.0,0.0,-0.0011057347292080522,-0.009274830110371113,0.010612539947032928
1383,14,41,1.0,0.9987258911132812,0,0,0.0,0.0,0.0,-0.0008051714394241571,-0.0017117724055424333,0.014844587072730064
1384,14,42,1.0,1.0026960372924805,0,0,0.0,0.0,0.0,0.0005666764918714762,-0.0029507214203476906,-0.0034410031512379646
1385,14,43,1.0,1.002624273300171,0,0,0.0,0.0,0.0,0.0005810526199638844,-0.002000967040657997,-0.0031310254707932472
1386,14,44,1.0,1.0055811405181885,0,0,0.0,0.0,0.0,0.0004942051600664854,-6.312411278486252e-05,-0.022408824414014816
1387,14,45,1.0,1.0055980682373047,0,0,0.0,0.0,0.0,0.0005030261818319559,9.245489491149783e-05,-0.022279975935816765
1388,14,46,1.0,1.0044379234313965,0,0,0.0,-0.25,0.0,0.00012080185115337372,0.0015291146701201797,-0.024820351973176003
1389,14,47,1.0,0.999829113483429,0,0,0.0,0.0,0.0,-0.0016645491123199463,-0.0014072167687118053,-0.0168154276907444
1390,14,48,1.0,1.0002788305282593,0,0,0.0,0.0,0.0,-0.0017387541010975838,0.0010677332757040858,0.0070538874715566635
1391,14,49,1.0,1.0028387308120728,0,0,0.0,0.0,0.0,-0.0010929260170087218,0.0020429184660315514,0.004018385894596577
1392,14,50,1.0,1.0078386068344116,0,0,0.0,0.0,0.0,-0.0010496563045307994,0.0006971278926357627,-0.10695735365152359
1393,14,51,1.0,1.0078625679016113,0,0,0.0,0.0,0.0,-0.0010902539361268282,0.0008470610482618213,-0.10607048869132996
1394,14,52,1.0,1.0108011960983276,0,0,0.0,0.0,0.0,-0.00035199441481381655,-2.957764081656933e-06,-0.23381824791431427
1395,14,53,1.0,1.0108147859573364,0,0,0.0,0.0,0.0,-0.00035318941809237003,2.6595662347972393e-05,-0.23368118703365326
1396,14,54,1.0,1.011695384979248,0,0,0.0,0.0,-0.5,-0.00021288497373461723,0.00013275950914248824,-0.2786017954349518
1397,14,55,1.0,0.9991076588630676,0,0,0.0,0.0,-0.5,0.001779045443981886,-0.00010076331091113389,-0.5473920106887817
1398,14,56,1.0,1.0002000331878662,0,0,0.0,0.0,-0.5,0.002092104870826006,0.0008599696448072791,-0.5401063561439514
1399,14,57,1.0,1.0039044618606567,0,0,0.0,0.0,-0.5,0.0018698181957006454,0.0017461205134168267,-0.5456739664077759
1400,14,58,1.0,1.0057742595672607,0,0,0.0,0.0,-0.5,0.0021358123049139977,0.0020840931683778763,-0.5537711977958679
1401,14,59,1.0,1.0062679052352905,0,0,0.0,0.0,-0.5,0.002486154902726412,0.0016084992093965411,-0.5643362998962402
1402,14,60,1.0,1.0068995952606201,0,0,0.0,0.0,-0.5,0.0020699985325336456,0.0010621350957080722,-0.5767418742179871
1403,14,61,1.0,1.0035665035247803,0,0,0.0,0.0,-0.5,0.002372823189944029,7.505272515118122e-05,-0.5810232162475586
1404,14,62,1.0,0.9999666213989258,0,0,0.0,0.0,-0.5,0.0014451753813773394,0.0015796901425346732,-0.5669464468955994
1405,14,63,1.0,0.9991405010223389,0,0,0.0,0.0,-0.5,0.0011559876147657633,0.0013643389102071524,-0.5375858545303345
1406,14,64,1.0,0.9779033660888672,0,0,0.0,0.0,-0.5,0.0020579686388373375,0.0008121480932459235,-0.3879665732383728
1407,14,65,1.0,0.9781026244163513,0,0,0.0,0.0,0.0,0.0021240441128611565,0.0007745964685454965,-0.3780438005924225
1408,14,66,1.0,1.7318801879882812,0,1,0.0,0.0,0.0,0.003991764970123768,-0.0011000471422448754,0.003006869927048683
1409,14,67,1.0,1.733313798904419,0,1,0.0,0.0,0.0,0.003997705411165953,-0.0010999233927577734,0.003168795257806778
1410,14,68,1.0,2.0289535522460938,0,1,0.0,0.0,0.0,0.0019043763168156147,-0.0021699669305235147,-0.010787316597998142
1411,14,69,2.0,2.0289859771728516,1,1,0.0,0.0,0.0,0.0019074631854891777,-0.0021739695221185684,-0.01077796146273613
1412,14,70,2.0,2.045593500137329,1,1,0.0,0.0,0.0,0.0005901760887354612,-0.002520230133086443,-0.0010710349306464195
1413,14,71,2.0,2.0496528148651123,1,1,0.0,0.0,0.0,0.0010943859815597534,-0.0022986612748354673,0.00241096131503582
1414,14,72,2.0,2.0556249618530273,1,1,0.0,0.0,0.0,-8.239666931331158e-05,-0.0026041525416076183,0.004014933481812477
1415,14,73,2.0,2.056405782699585,1,1,0.0,0.0,0.0,6.15823082625866e-05,-0.002367268782109022,0.003733311779797077
1416,14,74,2.0,2.0527396202087402,1,1,0.0,0.0,0.0,-0.00010034744627773762,-0.0026485174894332886,0.0025018081068992615
1417,14,75,2.0,2.050100564956665,1,1,0.0,0.0,0.0,-0.0004979812074452639,-0.002389900851994753,-0.001451184507459402
1418,14,76,1.0,2.009343147277832,0,1,0.0,0.0,0.0,1.450907438993454e-05,-0.0020693643018603325,-0.01190580427646637
1419,14,77,1.0,1.0718655586242676,0,0,0.0,0.0,0.0,0.0015372203197330236,-0.0011256160214543343,0.008015474304556847
1420,14,78,1.0,0.9909800291061401,0,0,0.0,0.0,0.0,3.5475241020321846e-05,0.00026160874404013157,0.311923623085022
1421,14,79,1.0,0.9915370941162109,0,0,0.0,0.0,0.0,-5.786120891571045e-05,0.00018458685372024775,0.33380410075187683
1422,14,80,1.0,0.9917218685150146,0,0,0.0,0.0,0.0,-3.416440449655056e-05,0.00027516501722857356,0.35047057271003723
1423,14,81,1.0,0.992193341255188,0,0,0.0,0.0,0.0,-0.0003954910207539797,0.00012311444152146578,0.3630150258541107
1424,14,82,1.0,0.9933338165283203,0,0,0.0,0.0,0.5,0.00022016488946974277,-0.00026304495986551046,0.35316967964172363
1425,14,83,1.0,0.999258279800415,0,0,0.0,0.0,0.5,-4.368252120912075e-05,8.238566806539893e-05,0.5358560681343079
1426,14,84,1.0,1.000223159790039,0,0,0.0,0.0,0.5,0.00023449654690921307,-0.0004294292302802205,0.5504050850868225
1427,14,85,1.0,1.0049519538879395,0,0,0.0,0.0,0.5,0.0003730948083102703,-0.000495683285407722,0.547215461730957
1428,14,86,1.0,1.0005303621292114,0,0,0.0,0.0,0.5,-0.0001225972082465887,-5.7671539252623916e-05,0.5497824549674988
1429,14,87,1.0,0.9999896883964539,0,0,0.0,0.0,0.5,-8.652312681078911e-05,-0.00016090887947939336,0.5434867143630981
1430,14,88,1.0,0.9991604089736938,0,0,0.0,0.0,0.5,-0.0003732054028660059,-0.0001322226889897138,0.5490241050720215
1431,14,89,1.0,0.9999088048934937,0,0,0.0,0.0,0.5,-0.00018961075693368912,9.671086445450783e-05,0.5468694567680359
1432,14,90,1.0,0.9996601939201355,0,0,0.0,0.0,0.5,0.00048084603622555733,-0.0003107344964519143,0.5510272979736328
1433,14,91,1.0,1.0005227327346802,0,0,0.0,0.0,0.5,8.065439760684967e-05,-0.0004333759134169668,0.5493152737617493
1434,15,0,1.0,0.9888830184936523,0,0,0.0,0.0,0.0,-0.0006327724549919367,0.00016149907605722547,-0.0011897552758455276
1435,15,1,1.0,0.9924798607826233,0,0,0.0,0.0,0.0,-0.0007726497715339065,0.000417189730796963,-0.0023127757012844086
1436,15,2,1.0,0.9931407570838928,0,0,0.0,0.0,0.0,-0.0018094945698976517,2.072850475087762e-05,0.010480204597115517
1437,15,3,1.0,0.9929841756820679,0,0,0.0,0.0,0.0,-0.002437202027067542,0.00013294961536303163,0.01099650003015995
1438,15,4,1.0,0.9915356040000916,0,0,0.0,0.0,0.0,-0.009772117249667645,0.0023861234076321125,0.008231977000832558
1439,15,5,1.0,0.9914429783821106,0,0,0.0,0.0,0.0,-0.00987972505390644,0.0023480295203626156,0.008537769317626953
1440,15,6,1.0,0.992828905582428,0,0,0.0,0.0,0.0,0.019016830250620842,0.001699103624559939,-0.04026620090007782
1441,15,7,1.0,0.9927690625190735,0,0,0.0,0.0,0.0,0.01910564862191677,0.001680174726061523,-0.04015635699033737
1442,15,8,1.0,0.9915266633033752,0,0,0.0,0.0,0.0,0.11547396332025528,-0.001771274022758007,-0.023049943149089813
1443,15,9,1.0,0.991511881351471,0,0,0.0,0.0,0.0,0.11550740897655487,-0.0017714222194626927,-0.02302607148885727
1444,15,10,1.0,0.987461507320404,0,0,0.25,0.0,0.0,0.230459526181221,-0.0016565413679927588,-0.0037811752408742905
1445,15,11,1.0,0.9901686310768127,0,0,0.25,0.0,0.0,0.26251810789108276,-0.0008210799423977733,-0.002879766747355461
1446,15,12,1.0,0.9916994571685791,0,0,0.25,0.0,0.0,0.27229440212249756,-3.80311394110322e-05,0.0009690355509519577
1447,15,13,1.0,0.991074800491333,0,0,0.25,0.0,0.0,0.27402442693710327,0.0008669409435242414,0.00031296536326408386
1448,15,14,1.0,0.9883992671966553,0,0,0.25,0.0,0.0,0.27807578444480896,0.0014383586822077632,-0.0011017229408025742
1449,15,15,1.0,0.99305260181427,0,0,0.25,0.0,0.0,0.27834656834602356,0.002375653013586998,-0.002527358941733837
1450,15,16,1.0,0.9946528673171997,0,0,0.25,0.0,0.0,0.28018617630004883,0.0016944230301305652,-0.005007565952837467
1451,15,17,1.0,0.9971768856048584,0,0,0.25,0.0,0.0,0.2818984389305115,0.002002644818276167,-0.003554880153387785
1452,15,18,1.0,1.0043566226959229,0,0,0.25,0.0,0.0,0.2869226634502411,0.0011717017041519284,-0.003298125695437193
1453,15,19,1.0,0.9976701140403748,0,0,0.25,0.0,0.0,0.2869744598865509,0.0010819067247211933,-0.0028131785802543163
1454,15,20,1.0,0.9873322248458862,0,0,0.25,0.0,0.0,0.27581751346588135,0.001444519148208201,-0.0023217187263071537
1455,15,21,1.0,0.9889418482780457,0,0,0.25,0.0,0.0,0.22750191390514374,0.003646410070359707,-0.0004963912069797516
1456,15,22,1.0,0.9957736730575562,0,0,0.25,0.0,0.0,0.10855284333229065,0.0030788094736635685,0.007474744692444801
1457,15,23,1.0,1.0030133724212646,0,0,0.0,0.0,0.0,0.05807335674762726,0.0009890361689031124,0.011499717831611633
1458,15,24,1.0,1.0067931413650513,0,0,0.0,0.0,0.0,0.009424593299627304,-0.0013540501240640879,0.007348738610744476
1459,15,25,1.0,1.0091888904571533,0,0,0.0,0.0,0.0,0.002749818842858076,0.0007211447227746248,0.006617293693125248
1460,15,26,1.0,1.0085822343826294,0,0,0.0,0.0,0.0,-0.0020312380511313677,0.06998235732316971,-0.0036732046864926815
1461,15,27,1.0,1.0088404417037964,0,0,0.0,0.0,0.0,-0.0026189154013991356,0.07026936113834381,-0.003442009910941124
1462,15,28,1.0,1.0070040225982666,0,0,0.0,0.0,0.0,-0.0017689568921923637,0.18678602576255798,0.0008483733981847763
1463,15,29,1.0,1.0070185661315918,0,0,0.0,0.25,0.0,-0.0018061073496937752,0.1868567019701004,0.0009030923247337341
1464,15,30,1.0,0.9975201487541199,0,0,0.0,0.25,0.0,5.68171963095665e-05,0.2697679400444031,-0.009460967034101486
1465,15,31,1.0,0.9925258159637451,0,0,0.0,0.25,0.0,0.0009149347897619009,0.2706420421600342,-0.009769323281943798
1466,15,32,1.0,0.9889571070671082,0,0,0.0,0.25,0.0,0.0005344673991203308,0.2719617486000061,-0.00923538114875555
1467,15,33,1.0,0.9868528842926025,0,0,0.0,0.25,0.0,-0.00023542740382254124,0.2754894196987152,-0.004814352840185165
1468,15,34,1.0,0.9841169714927673,0,0,0.0,0.25,0.0,-0.000956175266765058,0.2757876515388489,-0.0015366203151643276
1469,15,35,1.0,0.9826079607009888,0,0,0.0,0.25,0.0,-0.0002938630059361458,0.27662307024002075,0.002407621592283249
1470,15,36,1.0,0.9860409498214722,0,0,0.0,0.25,0.0,-0.0008919744286686182,0.27283400297164917,0.003259355202317238
1471,15,37,1.0,0.987354576587677,0,0,0.0,0.25,0.0,-0.002216368680819869,0.26989850401878357,0.0006025368347764015
1472,15,38,1.0,0.9893986582756042,0,0,0.0,0.25,0.0,0.00012340769171714783,0.1757914125919342,-0.011844963766634464
1473,15,39,1.0,1.0017781257629395,0,0,0.0,0.0,0.0,0.0012961693573743105,0.03768346831202507,0.014420196413993835
1474,15,40,1.0,1.0037786960601807,0,0,0.0,0.0,0.0,0.0013003451749682426,0.003721850458532572,0.025810854509472847
1475,15,41,1.0,1.004082441329956,0,0,0.0,0.0,0.0,0.0009554701391607523,0.0027676657773554325,0.022431006655097008
1476,15,42,1.0,1.0055911540985107,0,0,0.0,0.0,0.0,0.0005411629099398851,0.00020092999329790473,-0.010487040504813194
1477,15,43,1.0,1.0055923461914062,0,0,0.0,0.0,0.0,0.0005211480893194675,-0.00022773459204472601,-0.011252774856984615
1478,15,44,1.0,0.9990778565406799,0,0,0.0,0.0,0.0,-0.0010274604428559542,0.0020722285844385624,-0.03802346810698509
1479,15,45,1.0,0.9990692138671875,0,0,0.0,0.0,0.0,-0.0010348167270421982,0.0019789449870586395,-0.038141392171382904
1480,15,46,1.0,0.9996255040168762,0,0,0.0,0.25,0.0,-0.0009896086994558573,0.0014876594068482518,-0.040284231305122375
1481,15,47,1.0,0.9978777170181274,0,0,0.0,0.0,0.0,-0.0005274709546938539,0.005755376070737839,-0.02034449763596058
1482,15,48,1.0,0.9968401789665222,0,0,0.0,0.0,0.0,-0.0011846820125356317,0.004186911042779684,-0.03092513605952263
1483,15,49,1.0,0.9967646598815918,0,0,0.0,0.0,0.0,-0.0010352639947086573,0.0031805941835045815,-0.03157418966293335
1484,15,50,1.0,0.995318591594696,0,0,0.0,0.0,0.0,-0.0007234762888401747,0.003239086363464594,-0.04749828577041626
1485,15,51,1.0,0.9952523112297058,0,0,0.0,0.0,0.0,-0.0007347083883360028,0.003018808551132679,-0.048460789024829865
1486,15,52,1.0,1.0006611347198486,0,0,0.0,0.0,0.0,0.00017022714018821716,0.0014760730555281043,-0.1142023503780365
1487,15,53,1.0,1.000652551651001,0,0,0.0,0.0,-0.5,0.00017208908684551716,0.0014258396113291383,-0.11462175846099854
1488,15,54,1.0,0.994072437286377,0,0,0.0,0.0,-0.5,0.000930731650441885,0.0006141372723504901,-0.5410193800926208
1489,15,55,1.0,0.9985247850418091,0,0,0.0,0.0,-0.5,0.000753848347812891,0.0011377439368516207,-0.5372502207756042
1490,15,56,1.0,1.0009180307388306,0,0,0.0,0.0,-0.5,0.0009447240736335516,0.0019551501609385014,-0.5430832505226135
1491,15,57,1.0,1.0042160749435425,0,0,0.0,0.0,-0.5,0.001494597876444459,0.0016967210685834289,-0.5535445809364319
1492,15,58,1.0,1.0081826448440552,0,0,0.0,0.0,-0.5,0.0023398222401738167,0.0016552588203921914,-0.5607694387435913
1493,15,59,1.0,1.010941505432129,0,0,0.0,0.0,-0.5,0.0016625807620584965,0.0011975589441135526,-0.5691063404083252
1494,15,60,1.0,1.006469964981079,0,0,0.0,0.0,-0.5,0.0026055495254695415,0.0005437876097857952,-0.5789015293121338
1495,15,61,1.0,1.005725383758545,0,0,0.0,0.0,-0.5,0.002665037289261818,0.0009374762885272503,-0.5742892026901245
1496,15,62,1.0,0.9975149631500244,0,0,0.0,0.0,-0.5,0.002760683186352253,0.0016312400111928582,-0.4962911307811737
1497,15,63,1.0,0.995697557926178,0,0,0.0,0.0,-0.5,0.002897390630096197,0.001689660712145269,-0.4638684391975403
1498,15,64,1.0,1.1165679693222046,0,0,0.0,0.0,0.0,0.003540356643497944,0.003027813509106636,-0.05735742300748825
1499,15,65,1.0,1.1191720962524414,0,0,0.0,0.0,0.0,0.003585308790206909,0.0029854103922843933,-0.05537738651037216
1500,15,66,1.0,1.9962257146835327,0,1,0.0,0.0,0.0,0.0020666103810071945,-0.0018590381368994713,-0.013337869197130203
1501,15,67,1.0,1.996353268623352,0,1,0.0,0.0,0.0,0.002061725128442049,-0.0018528217915445566,-0.01334091555327177
1502,15,68,1.0,2.031834125518799,0,1,0.0,0.0,0.0,0.0017539593391120434,-0.001793821807950735,-0.015396807342767715
1503,15,69,2.0,2.0318362712860107,1,1,0.0,0.0,0.0,0.0017506103031337261,-0.0017876484198495746,-0.015397235751152039
1504,15,70,2.0,2.0434813499450684,1,1,0.0,0.0,0.0,8.504372090101242e-06,-0.0019652065820991993,-0.0031723040156066418
1505,15,71,2.0,2.0466175079345703,1,1,0.0,0.0,0.0,0.00022268551401793957,-0.0018753190524876118,0.001107906922698021
1506,15,72,2.0,2.052793502807617,1,1,0.0,0.0,0.0,-0.00010955869220197201,-0.0021385515574365854,0.001105290837585926
1507,15,73,2.0,2.0541059970855713,1,1,0.0,0.0,0.0,-0.0004831054247915745,-0.002323777647688985,0.0025008758530020714
1508,15,74,2.0,2.0504963397979736,1,1,0.0,0.0,0.0,-0.0007802703185006976,-0.002976026851683855,-0.0006151525303721428
1509,15,75,1.0,2.0277795791625977,0,1,0.0,0.0,0.0,-0.0015537104336544871,-0.003479686100035906,-0.008849671110510826
1510,15,76,1.0,1.002752423286438,0,0,0.0,0.0,0.0,0.0002697128802537918,-0.00030690402491018176,0.2115853875875473
1511,15,77,1.0,0.9943045973777771,0,0,0.0,0.0,0.0,-0.00010299915447831154,2.170656807720661e-05,0.3086993992328644
1512,15,78,1.0,0.9948869347572327,0,0,0.0,0.0,0.0,-0.0009649062994867563,0.0006621070206165314,0.33073690533638
1513,15,79,1.0,0.9948674440383911,0,0,0.0,0.0,0.0,-0.000981855089776218,0.0006723696133121848,0.3311883211135864
1514,15,80,1.0,0.992142379283905,0,0,0.0,0.0,0.0,-0.0003871381049975753,0.00018254300812259316,0.3181675672531128
1515,15,81,1.0,0.9921312928199768,0,0,0.0,0.0,0.5,-0.000383680104278028,0.0001514075556769967,0.31855982542037964
1516,15,82,1.0,1.0008745193481445,0,0,0.0,0.0,0.5,-0.0011907623847946525,0.0007306371117010713,0.5403650999069214
1517,15,83,1.0,1.0015891790390015,0,0,0.0,0.0,0.5,-3.748154267668724e-05,0.00037473399424925447,0.5468180179595947
1518,15,84,1.0,1.0015859603881836,0,0,0.0,0.0,0.5,-0.00039664912037551403,4.0649669244885445e-05,0.5476863980293274
1519,15,85,1.0,1.0005013942718506,0,0,0.0,0.0,0.5,-0.00027451873756945133,-0.0002794232568703592,0.5474042892456055
1520,15,86,1.0,1.0011277198791504,0,0,0.0,0.0,0.5,0.0001827420201152563,-0.00011453739716671407,0.5484554767608643
1521,15,87,1.0,1.0005336999893188,0,0,0.0,0.0,0.5,-0.00025978265330195427,-0.00025798266869969666,0.5464413166046143
1522,15,88,1.0,1.0019874572753906,0,0,0.0,0.0,0.5,0.0005453585181385279,0.00024090224178507924,0.5412915945053101
1523,15,89,1.0,1.001417636871338,0,0,0.0,0.0,0.5,0.00011890288442373276,-0.0006372880307026207,0.5431192517280579
1524,15,90,1.0,1.0024418830871582,0,0,0.0,0.0,0.5,0.0006079489830881357,-0.0004258047847542912,0.5415588617324829
1525,16,0,1.0,1.004946231842041,0,0,0.0,0.0,0.0,0.01019760686904192,0.002797787543386221,-0.007823329418897629
1526,16,1,1.0,1.0059846639633179,0,0,0.0,0.0,0.0,0.01047459989786148,0.0022411788813769817,-0.011917213909327984
1527,16,2,1.0,1.007067084312439,0,0,0.0,0.0,0.0,0.009286520071327686,0.0010739261051639915,-0.005225248169153929
1528,16,3,1.0,1.0069482326507568,0,0,0.0,0.0,0.0,0.009301305748522282,0.0011880341917276382,-0.004430374596267939
1529,16,4,1.0,1.005125880241394,0,0,0.0,0.0,0.0,0.008987185545265675,0.0015922813909128308,0.010813480243086815
1530,16,5,1.0,1.0051600933074951,0,0,0.0,0.0,0.0,0.008998488076031208,0.0016161674866452813,0.011022638529539108
1531,16,6,1.0,1.0007891654968262,0,0,0.0,0.0,0.0,0.0022292323410511017,0.000456714304164052,0.005159467458724976
1532,16,7,1.0,1.0007847547531128,0,0,0.0,0.0,0.0,0.002251936122775078,0.00045994098763912916,0.005241997539997101
1533,16,8,1.0,0.9999312162399292,0,0,0.0,0.0,0.0,-0.00293723214417696,-0.00022812653332948685,0.0030402876436710358
1534,16,9,1.0,0.9999300241470337,0,0,0.0,0.0,0.0,-0.0029297173023223877,-0.00022775412071496248,0.0030644861981272697
1535,16,10,1.0,1.0025361776351929,0,0,-0.25,0.0,0.0,-0.18558956682682037,-0.0013532142620533705,0.0004769628867506981
1536,16,11,1.0,1.0011606216430664,0,0,-0.25,0.0,0.0,-0.2630370259284973,-0.004959000740200281,0.007471596822142601
1537,16,12,1.0,1.0020066499710083,0,0,-0.25,0.0,0.0,-0.27107152342796326,-0.006846561562269926,0.005299510434269905
1538,16,13,1.0,0.9980932474136353,0,0,-0.25,0.0,0.0,-0.2741393744945526,-0.006579883396625519,0.004973047412931919
1539,16,14,1.0,0.9968091249465942,0,0,-0.25,0.0,0.0,-0.275790810585022,-0.008363471366465092,0.0004564626142382622
1540,16,15,1.0,0.9965004324913025,0,0,-0.25,0.0,0.0,-0.2769818603992462,-0.007714820560067892,-0.0005806917324662209
1541,16,16,1.0,0.9968146085739136,0,0,-0.25,0.0,0.0,-0.28040969371795654,-0.006665994878858328,0.0015344573184847832
1542,16,17,1.0,0.9976653456687927,0,0,-0.25,0.0,0.0,-0.2837429344654083,-0.005400258116424084,0.0065488312393426895
1543,16,18,1.0,0.9974802732467651,0,0,-0.25,0.0,0.0,-0.2845255136489868,-0.0036972356028854847,0.0026640594005584717
1544,16,19,1.0,0.9969502687454224,0,0,-0.25,0.0,0.0,-0.2865584194660187,-0.003378715366125107,0.002086869440972805
1545,16,20,1.0,1.001976728439331,0,0,-0.25,0.0,0.0,-0.28781983256340027,-0.002728625200688839,0.005519461818039417
1546,16,21,1.0,1.004812240600586,0,0,-0.25,0.0,0.0,-0.2899652421474457,-0.0021328828297555447,0.0033124424517154694
1547,16,22,1.0,1.002048373222351,0,0,-0.25,0.0,0.0,-0.2669086754322052,-0.001405689399689436,-5.3826719522476196e-05
1548,16,23,1.0,0.9954679608345032,0,0,-0.25,0.0,0.0,-0.14539891481399536,-0.002486926969140768,0.00014314334839582443
1549,16,24,1.0,0.9935333132743835,0,0,0.0,0.0,0.0,-0.03878287971019745,-0.003340141847729683,-0.003082827664911747
1550,16,25,1.0,0.9892692565917969,0,0,0.0,0.0,0.0,0.012419827282428741,0.0003815824748016894,-0.0033150077797472477
1551,16,26,1.0,0.9997717142105103,0,0,0.0,0.0,0.0,0.014158125966787338,0.00011321704369038343,-0.0027022017166018486
1552,16,27,1.0,0.9998550415039062,0,0,0.0,0.0,0.0,0.01858975552022457,-4.085409455001354e-05,-0.0038454015739262104
1553,16,28,1.0,0.9993767738342285,0,0,0.0,0.0,0.0,0.006250903010368347,-0.06411490589380264,-0.004601134452968836
1554,16,29,1.0,0.9993382692337036,0,0,0.0,0.0,0.0,0.006470472551882267,-0.06435713917016983,-0.0048132650554180145
1555,16,30,1.0,0.9974896907806396,0,0,0.0,-0.25,0.0,0.0008787657134234905,-0.16909371316432953,0.00014832708984613419
1556,16,31,1.0,0.9895646572113037,0,0,0.0,-0.25,0.0,-0.004177573136985302,-0.25371915102005005,0.006468550302088261
1557,16,32,1.0,0.9880343675613403,0,0,0.0,-0.25,0.0,-0.003947678953409195,-0.25717371702194214,0.005067121237516403
1558,16,33,1.0,0.9892627000808716,0,0,0.0,-0.25,0.0,-0.0047560082748532295,-0.2629651129245758,0.005344287492334843
1559,16,34,1.0,0.9871265888214111,0,0,0.0,-0.25,0.0,-0.003808842971920967,-0.26817283034324646,0.006219381466507912
1560,16,35,1.0,0.9845153093338013,0,0,0.0,-0.25,0.0,-0.003689276520162821,-0.2728267014026642,0.008899301290512085
1561,16,36,1.0,0.9818480014801025,0,0,0.0,-0.25,0.0,-0.003216350916773081,-0.27577027678489685,0.00993085652589798
1562,16,37,1.0,0.979667067527771,0,0,0.0,-0.25,0.0,-0.002598581137135625,-0.2755900025367737,0.011136014014482498
1563,16,38,1.0,0.9807551503181458,0,0,0.0,-0.25,0.0,-0.0006192798027768731,-0.27563783526420593,0.009877650067210197
1564,16,39,1.0,0.9860664010047913,0,0,0.0,-0.25,0.0,-0.0008777605835348368,-0.25403204560279846,0.004423266276717186
1565,16,40,1.0,0.9893373847007751,0,0,0.0,0.0,0.0,-0.0008304420625790954,-0.11002737283706665,-0.008613158948719501
1566,16,41,1.0,0.9927865266799927,0,0,0.0,0.0,0.0,-0.0016081451904028654,-0.016422638669610023,-0.006496892310678959
1567,16,42,1.0,0.9984130859375,0,0,0.0,0.0,0.0,-0.0011362930526956916,-0.007417771965265274,0.0008328557014465332
1568,16,43,1.0,0.9992902874946594,0,0,0.0,0.0,0.0,-0.0012714932672679424,-0.004745751153677702,0.0041783954948186874
1569,16,44,1.0,1.0005050897598267,0,0,0.0,0.0,0.0,-0.0006131854606792331,-0.004114781506359577,0.013039397075772285
1570,16,45,1.0,1.000451683998108,0,0,0.0,0.0,0.0,-0.0006050915690138936,-0.0037184273824095726,0.012614492326974869
1571,16,46,1.0,1.0022854804992676,0,0,0.0,-0.25,0.0,0.0006235609762370586,-0.002418355317786336,-0.008291282691061497
1572,16,47,1.0,1.000787377357483,0,0,0.0,0.0,0.0,-0.0008956993697211146,-0.006102655548602343,-0.03801931440830231
1573,16,48,1.0,0.9978448748588562,0,0,0.0,0.0,0.0,0.00013774004764854908,0.0005703015485778451,-0.04512564837932587
1574,16,49,1.0,0.9973916411399841,0,0,0.0,0.0,0.0,-4.0732789784669876e-05,0.0017564621521160007,-0.0438619926571846
1575,16,50,1.0,0.9992007613182068,0,0,0.0,0.0,0.0,-0.0004344204207882285,0.0014344920637086034,-0.04840609431266785
1576,16,51,1.0,0.9992464184761047,0,0,0.0,0.0,0.0,-0.00047893705777823925,0.0015918974531814456,-0.0476129874587059
1577,16,52,1.0,1.002428650856018,0,0,0.0,0.0,0.0,-2.4109147489070892e-05,0.0008976610843092203,-0.079872265458107
1578,16,53,1.0,1.0024409294128418,0,0,0.0,0.0,0.0,-3.515766002237797e-05,0.000929937232285738,-0.07969731837511063
1579,16,54,1.0,1.000679850578308,0,0,0.0,0.0,0.0,-0.000602500163950026,0.0014373991871252656,-0.05841574817895889
1580,16,55,1.0,1.0006808042526245,0,0,0.0,0.0,-0.5,-0.0006041675806045532,0.0014439168153330684,-0.05837239325046539
1581,16,56,1.0,0.9986145496368408,0,0,0.0,0.0,-0.5,-1.1570053175091743e-05,0.0009048939682543278,-0.5361766815185547
1582,16,57,1.0,0.9990654587745667,0,0,0.0,0.0,-0.5,-0.00019485782831907272,0.0008135878015309572,-0.5329817533493042
1583,16,58,1.0,0.9991775751113892,0,0,0.0,0.0,-0.5,-0.0005544822197407484,0.001537655363790691,-0.5296338200569153
1584,16,59,1.0,1.0007821321487427,0,0,0.0,0.0,-0.5,-0.00035729678347706795,0.0017336193704977632,-0.5327243208885193
1585,16,60,1.0,1.0044119358062744,0,0,0.0,0.0,-0.5,0.0007396112196147442,0.0011687937658280134,-0.5464925169944763
1586,16,61,1.0,1.0048551559448242,0,0,0.0,0.0,-0.5,0.0016284857410937548,0.0015699832001700997,-0.5550158023834229
1587,16,62,1.0,1.007867455482483,0,0,0.0,0.0,-0.5,0.0006716444622725248,0.0006988720269873738,-0.57440584897995
1588,16,63,1.0,1.0081607103347778,0,0,0.0,0.0,-0.5,0.0014833854511380196,0.000569006078876555,-0.5736377239227295
1589,16,64,1.0,1.0077013969421387,0,0,0.0,0.0,-0.5,0.0019764937460422516,0.0013574095210060477,-0.5464543104171753
1590,16,65,1.0,1.0040971040725708,0,0,0.0,0.0,-0.5,0.0019384217448532581,0.001696185558103025,-0.5035895109176636
1591,16,66,1.0,0.987189769744873,0,0,0.0,0.0,0.0,0.001858326606452465,0.0026037953794002533,-0.3018152415752411
1592,16,67,1.0,0.9875925183296204,0,0,0.0,0.0,0.0,0.001929206307977438,0.0025450587272644043,-0.29091185331344604
1593,16,68,1.0,1.4594825506210327,0,0,0.0,0.0,0.0,0.001864803023636341,0.0019215036882087588,0.01864624209702015
1594,16,69,1.0,1.4605777263641357,0,0,0.0,0.0,0.0,0.0019200933165848255,0.0019005370559170842,0.019221389666199684
1595,16,70,1.0,2.0219807624816895,0,1,0.0,0.0,0.0,0.0007584604900330305,-0.0015993108972907066,-0.011528820730745792
1596,16,71,2.0,2.022031545639038,1,1,0.0,0.0,0.0,0.0007714724633842707,-0.0016132669989019632,-0.011501509696245193
1597,16,72,2.0,2.0501458644866943,1,1,0.0,0.0,0.0,-0.0002497429959475994,-0.0012569529935717583,-0.005822455510497093
1598,16,73,2.0,2.0469791889190674,1,1,0.0,0.0,0.0,-7.303431630134583e-05,0.0008978167315945029,-0.0010217223316431046
1599,16,74,2.0,2.0427098274230957,1,1,0.0,0.0,0.0,-0.0006873816018924117,0.000989920343272388,0.000941581092774868
1600,16,75,2.0,2.047872543334961,1,1,0.0,0.0,0.0,0.0005355665925890207,-0.002342396415770054,0.0031375158578157425
1601,16,76,2.0,2.0476667881011963,1,1,0.0,0.0,0.0,-0.00027874973602592945,-0.0017038757214322686,0.00427562091499567
1602,16,77,2.0,2.047015428543091,1,1,0.0,0.0,0.0,-0.00018760096281766891,-0.0017622566083446145,0.004049021750688553
1603,16,78,2.0,2.050002098083496,1,1,0.0,0.0,0.0,-0.00058502156753093,-0.0011878524674102664,-0.0003453856334090233
1604,16,79,2.0,2.0520806312561035,1,1,0.0,0.0,0.0,0.0002351216971874237,-0.0019747044425457716,-0.0030016694217920303
1605,16,80,1.0,1.9184379577636719,0,1,0.0,0.0,0.0,0.0005700166802853346,-0.000483281328342855,-0.03074277937412262
1606,16,81,1.0,1.5278609991073608,0,1,0.0,0.0,0.0,0.0015188301913440228,3.4036231227219105e-05,-0.020833071321249008
1607,16,82,1.0,0.998944103717804,0,0,0.0,0.0,0.0,-0.00040215346962213516,-0.0012585546355694532,0.34957849979400635
1608,16,83,1.0,1.0784411430358887,0,0,0.0,0.0,0.0,0.002428743988275528,0.0019859089516103268,0.08668947219848633
1609,16,84,1.0,1.0093021392822266,0,0,0.0,0.0,0.5,0.0008009287994354963,0.0005883540725335479,0.21631190180778503
1610,16,85,1.0,0.9943055510520935,0,0,0.0,0.0,0.5,-0.00010136212222278118,6.267882417887449e-05,0.5118792057037354
1611,16,86,1.0,0.9993411302566528,0,0,0.0,0.0,0.5,0.0006598185282200575,-0.0005752280703745782,0.5450499057769775
1612,16,87,1.0,1.003246784210205,0,0,0.0,0.0,0.5,0.0005837590433657169,-0.00022868707310408354,0.5473459362983704
1613,16,88,1.0,1.0027978420257568,0,0,0.0,0.0,0.5,0.00015804101713001728,0.0001481507788412273,0.5501505136489868
1614,16,89,1.0,1.0001879930496216,0,0,0.0,0.0,0.5,0.00012238486669957638,-0.0001576509966980666,0.5465515851974487
1615,16,90,1.0,1.002028465270996,0,0,0.0,0.0,0.5,0.0002749655395746231,-0.00047535536577925086,0.5446211695671082
1616,16,91,1.0,1.0011794567108154,0,0,0.0,0.0,0.5,-0.00022147945128381252,-0.0007006775122135878,0.5402648448944092
1617,16,92,1.0,0.9990705847740173,0,0,0.0,0.0,0.5,-0.00020569772459566593,-0.00040973021532408893,0.5428649187088013
1618,16,93,1.0,0.9988322257995605,0,0,0.0,0.0,0.5,-2.703559584915638e-05,-1.7968181055039167e-05,0.5378846526145935
1619,17,0,1.0,0.9980345368385315,0,0,0.0,0.0,0.0,0.01020596269518137,0.0018068879144266248,0.0007967427372932434
1620,17,1,1.0,0.9990145564079285,0,0,0.0,0.0,0.0,0.009860257618129253,-5.927117308601737e-05,-0.0030914703384041786
1621,17,2,1.0,1.0033339262008667,0,0,0.0,0.0,0.0,0.01054278016090393,-0.0011176986154168844,0.00516989640891552
1622,17,3,1.0,1.0033760070800781,0,0,0.0,0.0,0.0,0.010577945038676262,-0.001088084653019905,0.006468047387897968
1623,17,4,1.0,1.0050530433654785,0,0,0.0,0.0,0.0,0.011187708005309105,-0.00016575923655182123,0.020490458235144615
1624,17,5,1.0,1.0050020217895508,0,0,0.0,0.0,0.0,0.011179707944393158,-0.00017245730850845575,0.020847538486123085
1625,17,6,1.0,1.003173589706421,0,0,0.0,0.0,0.0,-0.003701413981616497,7.036974420771003e-05,-0.008603856898844242
1626,17,7,1.0,1.0031484365463257,0,0,0.0,0.0,0.0,-0.0036778852809220552,6.97135110385716e-05,-0.008490058593451977
1627,17,8,1.0,1.0008786916732788,0,0,0.0,0.0,0.0,-0.023609228432178497,-0.0008515103254467249,-0.011654107831418514
1628,17,9,1.0,1.0008749961853027,0,0,0.0,0.0,0.0,-0.02360057830810547,-0.0008522577118128538,-0.011622915044426918
1629,17,10,1.0,0.9974995255470276,0,0,0.0,0.0,0.0,-0.04288460314273834,-0.0011595458490774035,-0.016018327325582504
1630,17,11,1.0,0.9974985122680664,0,0,-0.25,0.0,0.0,-0.04288239777088165,-0.0011598896235227585,-0.016011783853173256
1631,17,12,1.0,1.0032328367233276,0,0,-0.25,0.0,0.0,-0.2612687349319458,-0.0030224756337702274,0.004034335725009441
1632,17,13,1.0,1.0031704902648926,0,0,-0.25,0.0,0.0,-0.27056485414505005,-0.00199194997549057,0.0065012285485863686
1633,17,14,1.0,1.0014386177062988,0,0,-0.25,0.0,0.0,-0.27613338828086853,-0.0015509556978940964,0.003930816426873207
1634,17,15,1.0,1.0021826028823853,0,0,-0.25,0.0,0.0,-0.27868202328681946,-0.0012459747958928347,0.0037150615826249123
1635,17,16,1.0,0.9994519948959351,0,0,-0.25,0.0,0.0,-0.2783772349357605,-0.0010370092932134867,-0.00042807217687368393
1636,17,17,1.0,1.0009431838989258,0,0,-0.25,0.0,0.0,-0.2804274559020996,-0.001161946915090084,0.0027806321159005165
1637,17,18,1.0,1.0003931522369385,0,0,-0.25,0.0,0.0,-0.28098514676094055,-0.0018566343933343887,0.0026367967948317528
1638,17,19,1.0,0.997714102268219,0,0,-0.25,0.0,0.0,-0.28422170877456665,-0.00242880592122674,0.002124972641468048
1639,17,20,1.0,0.9966160655021667,0,0,-0.25,0.0,0.0,-0.28316956758499146,-0.0026301518082618713,-7.771607488393784e-05
1640,17,21,1.0,0.996820867061615,0,0,-0.25,0.0,0.0,-0.2848028838634491,-0.002791488543152809,0.0017039412632584572
1641,17,22,1.0,0.9934828877449036,0,0,-0.25,0.0,0.0,-0.28384819626808167,-0.0016122799133881927,0.0031895404681563377
1642,17,23,1.0,0.9970619082450867,0,0,-0.25,0.0,0.0,-0.263097882270813,-0.0015989828389137983,0.0046259136870503426
1643,17,24,1.0,1.004023790359497,0,0,-0.25,0.0,0.0,-0.1647600680589676,-0.0023516924120485783,0.003587852232158184
1644,17,25,1.0,1.0018634796142578,0,0,0.0,0.0,0.0,-0.055903658270835876,0.0002366573316976428,0.008862648159265518
1645,17,26,1.0,0.999923825263977,0,0,0.0,0.0,0.0,0.00039480882696807384,-0.0021660607308149338,0.010842820629477501
1646,17,27,1.0,1.001701831817627,0,0,0.0,0.0,0.0,0.01873394474387169,-0.0018581617623567581,0.012034885585308075
1647,17,28,1.0,1.0038273334503174,0,0,0.0,0.0,0.0,0.012075662612915039,0.011263228952884674,0.0161113440990448
1648,17,29,1.0,1.0037178993225098,0,0,0.0,0.0,0.0,0.01304748933762312,0.012768568471074104,0.013771915808320045
1649,17,30,1.0,0.9993256330490112,0,0,0.0,0.0,0.0,0.004022853448987007,0.13243263959884644,0.015321362763643265
1650,17,31,1.0,0.9992507100105286,0,0,0.0,0.25,0.0,0.004138554912060499,0.13282936811447144,0.015219170600175858
1651,17,32,1.0,0.993260383605957,0,0,0.0,0.25,0.0,-0.0019305627793073654,0.2547186315059662,-0.005325895268470049
1652,17,33,1.0,0.9956432580947876,0,0,0.0,0.25,0.0,-0.0012716402998194098,0.26737117767333984,-0.00672776997089386
1653,17,34,1.0,0.9899728298187256,0,0,0.0,0.25,0.0,-0.0011577107943594456,0.26272276043891907,-0.01238017063587904
1654,17,35,1.0,0.9885256886482239,0,0,0.0,0.25,0.0,-0.0003657472552731633,0.2639428377151489,-0.01587284542620182
1655,17,36,1.0,0.9881433844566345,0,0,0.0,0.25,0.0,-5.227513611316681e-06,0.2742536664009094,-0.01661074161529541
1656,17,37,1.0,0.9874758124351501,0,0,0.0,0.25,0.0,0.0005008410662412643,0.2771362066268921,-0.004714499227702618
1657,17,38,1.0,0.9933624267578125,0,0,0.0,0.25,0.0,-0.0009777736850082874,0.2749987542629242,-0.0005245832726359367
1658,17,39,1.0,0.9916407465934753,0,0,0.0,0.25,0.0,-0.0014795752940699458,0.24300098419189453,-0.0011799461208283901
1659,17,40,1.0,0.9905021786689758,0,0,0.0,0.25,0.0,-0.0020231769885867834,0.19304287433624268,0.0028459085151553154
1660,17,41,1.0,0.9930002689361572,0,0,0.0,0.0,0.0,-0.0004299517022445798,0.06634537875652313,0.00702396035194397
1661,17,42,1.0,0.9989548921585083,0,0,0.0,0.0,0.0,-0.0005606390768662095,0.006687100976705551,0.012924646958708763
1662,17,43,1.0,0.998953640460968,0,0,0.0,0.0,0.0,-0.0009605068480595946,0.0013219440588727593,0.01787487231194973
1663,17,44,1.0,0.9991698265075684,0,0,0.0,0.0,0.0,-0.001028364640660584,-0.0007943221717141569,0.03052411414682865
1664,17,45,1.0,0.9991295337677002,0,0,0.0,0.0,0.0,-0.0011046663857996464,-0.0011694901622831821,0.03009610064327717
1665,17,46,1.0,1.0026295185089111,0,0,0.0,0.0,0.0,0.0008893590420484543,0.0005169559735804796,0.01232917606830597
1666,17,47,1.0,1.0026239156723022,0,0,0.0,0.25,0.0,0.0008788350969552994,0.0004541602684184909,0.012243974953889847
1667,17,48,1.0,1.0033425092697144,0,0,0.0,0.25,0.0,-0.0006149554392322898,0.006555544212460518,-0.008233449421823025
1668,17,49,1.0,1.0014196634292603,0,0,0.0,0.0,0.0,-0.0003849173663184047,0.00766780087724328,-0.008743011392652988
1669,17,50,1.0,1.002509355545044,0,0,0.0,0.0,0.0,-0.0009154097642749548,0.005054059438407421,0.008912736549973488
1670,17,51,1.0,1.0032145977020264,0,0,0.0,0.0,0.0,-0.0009974729036912322,0.003849214408546686,0.014207601547241211
1671,17,52,1.0,1.007757306098938,0,0,0.0,0.0,0.0,-0.0011864526895806193,0.0010008811950683594,-0.05650067329406738
1672,17,53,1.0,1.0052989721298218,0,0,0.0,0.0,0.0,-0.0012991789262741804,0.001555060618557036,-0.028559081256389618
1673,17,54,1.0,1.0118671655654907,0,0,0.0,0.0,0.0,-0.0016239695250988007,-0.0007065760437399149,-0.17125551402568817
1674,17,55,1.0,1.011845588684082,0,0,0.0,0.0,0.0,-0.001620569033548236,-0.0007415384170599282,-0.17194128036499023
1675,17,56,1.0,1.01210355758667,0,0,0.0,0.0,-0.5,-0.001867765560746193,-0.0007239576079882681,-0.19696369767189026
1676,17,57,1.0,0.999323308467865,0,0,0.0,0.0,-0.5,0.0020604999735951424,0.0011337833711877465,-0.5504534840583801
1677,17,58,1.0,1.000927448272705,0,0,0.0,0.0,-0.5,0.00244976207613945,0.0012857313267886639,-0.5420737862586975
1678,17,59,1.0,1.0004228353500366,0,0,0.0,0.0,-0.5,0.0021414346992969513,0.001494394731707871,-0.5381529331207275
1679,17,60,1.0,1.0031381845474243,0,0,0.0,0.0,-0.5,0.0014289254322648048,0.0020250575616955757,-0.5419310927391052
1680,17,61,1.0,1.0051538944244385,0,0,0.0,0.0,-0.5,0.0009451147634536028,0.002256208099424839,-0.5471429228782654
1681,17,62,1.0,1.0088554620742798,0,0,0.0,0.0,-0.5,0.00017832382582128048,0.0028850077651441097,-0.5637425184249878
1682,17,63,1.0,1.0081226825714111,0,0,0.0,0.0,-0.5,-0.0003972864942625165,0.00226908503100276,-0.5733070373535156
1683,17,64,1.0,1.0066964626312256,0,0,0.0,0.0,-0.5,1.7159851267933846e-05,0.0014008631696924567,-0.5768325924873352
1684,17,65,1.0,1.000013828277588,0,0,0.0,0.0,-0.5,0.0006517870351672173,0.001382184331305325,-0.5729915499687195
1685,17,66,1.0,0.9818167686462402,0,0,0.0,0.0,-0.5,0.0010065448004752398,0.0019826614297926426,-0.4640176296234131
1686,17,67,1.0,0.9802627563476562,0,0,0.0,0.0,-0.5,0.0013121007941663265,0.00189441058319062,-0.4416228234767914
1687,17,68,1.0,0.9853667616844177,0,0,0.0,0.0,-0.5,0.002167283557355404,0.0025450577959418297,-0.27838894724845886
1688,17,69,1.0,0.9870973229408264,0,0,0.0,0.0,0.0,0.0022518234327435493,0.0026740855537354946,-0.26944389939308167
1689,17,70,1.0,1.9980061054229736,0,1,0.0,0.0,0.0,0.0009526037611067295,-0.0016339132562279701,-0.014711502939462662
1690,17,71,1.0,1.9985134601593018,0,1,0.0,0.0,0.0,0.0009423133451491594,-0.0016077382024377584,-0.014726301655173302
1691,17,72,2.0,2.024611711502075,1,1,0.0,0.0,0.0,0.0007577838841825724,-0.002061577746644616,-0.015531772747635841
1692,17,73,2.0,2.043905019760132,1,1,0.0,0.0,0.0,-0.00028671976178884506,-0.0018219330813735723,-0.0014258208684623241
1693,17,74,2.0,2.0428056716918945,1,1,0.0,0.0,0.0,-0.0005104850279167295,-0.0019525180105119944,-0.001902927178889513
1694,17,75,2.0,2.047126531600952,1,1,0.0,0.0,0.0,8.912361226975918e-05,-0.0035939468070864677,0.0030613457784056664
1695,17,76,2.0,2.04746675491333,1,1,0.0,0.0,0.0,-0.0001514018513262272,-0.002349443733692169,0.004727175459265709
1696,17,77,2.0,2.0486514568328857,1,1,0.0,0.0,0.0,-0.00025209318846464157,-0.0026626787148416042,0.004149148240685463
1697,17,78,2.0,2.0522239208221436,1,1,0.0,0.0,0.0,-0.00028720730915665627,-0.0027096234261989594,0.0017631659284234047
1698,17,79,2.0,2.056943893432617,1,1,0.0,0.0,0.0,-0.0002950455527752638,-0.002960081212222576,-0.0005931202322244644
1699,17,80,2.0,1.0822858810424805,1,0,0.0,0.0,0.0,0.004009316209703684,-0.00046897827996872365,0.12164729088544846
1700,17,81,1.0,0.9904279708862305,0,0,0.0,0.0,0.0,-5.048466846346855e-06,-0.0001806349027901888,0.45790666341781616
1701,17,82,1.0,1.0063127279281616,0,0,0.0,0.0,0.0,0.002994443289935589,-0.001685991301201284,0.21414399147033691
1702,17,83,1.0,0.9946844577789307,0,0,0.0,0.0,0.0,0.0022050971165299416,-0.0020042099058628082,0.28266090154647827
1703,17,84,1.0,0.9926851391792297,0,0,0.0,0.0,0.0,0.002239992842078209,-0.00163283571600914,0.3158777058124542
1704,17,85,1.0,0.9973488450050354,0,0,0.0,0.0,0.5,0.0025222618132829666,-0.0005468017770908773,0.28377532958984375
1705,17,86,1.0,0.9993454217910767,0,0,0.0,0.0,0.5,-0.0004261352587491274,0.0005207698559388518,0.5460851192474365
1706,17,87,1.0,1.0028501749038696,0,0,0.0,0.0,0.5,-0.00023865234106779099,0.00032271392410621047,0.5490288138389587
1707,17,88,1.0,1.0020207166671753,0,0,0.0,0.0,0.5,0.00021387171000242233,0.0007730319630354643,0.5503249764442444
1708,17,89,1.0,1.0025988817214966,0,0,0.0,0.0,0.5,0.0008486681617796421,4.5593827962875366e-05,0.5480587482452393
1709,17,90,1.0,1.0006866455078125,0,0,0.0,0.0,0.5,0.0011654694098979235,5.547230830416083e-05,0.5439355373382568
1710,17,91,1.0,1.0016257762908936,0,0,0.0,0.0,0.5,0.0009543085470795631,0.00011292408453300595,0.5464761853218079
1711,17,92,1.0,1.0009920597076416,0,0,0.0,0.0,0.5,0.0005636592395603657,2.4862878490239382e-05,0.5440554022789001
1712,17,93,1.0,1.0000817775726318,0,0,0.0,0.0,0.5,0.0012451023794710636,6.242556264624e-05,0.545728325843811
1713,17,94,1.0,1.0005667209625244,0,0,0.0,0.0,0.5,0.0010826936922967434,-0.000341612147167325,0.5482036471366882
1714,18,0,1.0,0.9984461069107056,0,0,0.0,0.0,0.0,-0.001946210046298802,0.0036403429694473743,-0.005722406320273876
1715,18,1,1.0,0.9996401071548462,0,0,0.0,0.0,0.0,-0.0023816677276045084,0.0038041207008063793,-0.006373760290443897
1716,18,2,1.0,0.99680495262146,0,0,0.0,0.0,0.0,-0.0039262184873223305,0.0035596811212599277,-0.003568889107555151
1717,18,3,1.0,0.9968301057815552,0,0,0.0,0.0,0.0,-0.004139680415391922,0.0036261356435716152,-0.002637393306940794
1718,18,4,1.0,0.9951144456863403,0,0,0.0,0.0,0.0,-0.009316772222518921,0.0031368834897875786,0.011419728398323059
1719,18,5,1.0,0.9949907064437866,0,0,0.0,0.0,0.0,-0.009350921027362347,0.0031318035908043385,0.011650936678051949
1720,18,6,1.0,0.990422785282135,0,0,0.0,0.0,0.0,0.002723132260143757,0.0011586369946599007,-0.02059018984436989
1721,18,7,1.0,0.9903935194015503,0,0,0.0,0.0,0.0,0.002768267411738634,0.0011520222760736942,-0.020514097064733505
1722,18,8,1.0,0.9895610213279724,0,0,0.0,0.0,0.0,0.05043598264455795,0.0005320581840351224,-0.021944021806120872
1723,18,9,1.0,0.9895534515380859,0,0,0.0,0.0,0.0,0.05045921355485916,0.0005297401221469045,-0.021920697763562202
1724,18,10,1.0,0.9894168972969055,0,0,0.0,0.0,0.0,0.030514227226376534,0.0003264526603743434,-0.02320505492389202
1725,18,11,1.0,0.9894154071807861,0,0,0.0,0.0,0.0,0.030518701300024986,0.0003254871116951108,-0.02319897711277008
1726,18,12,1.0,0.994537889957428,0,0,0.25,0.0,0.0,0.16193294525146484,0.0012763756094500422,-0.003603067249059677
1727,18,13,1.0,0.9899545311927795,0,0,0.25,0.0,0.0,0.24304717779159546,-0.0016433405689895153,-0.005843223072588444
1728,18,14,1.0,0.9882764220237732,0,0,0.25,0.0,0.0,0.25890374183654785,-0.0017093992792069912,-0.00543271005153656
1729,18,15,1.0,0.989582896232605,0,0,0.25,0.0,0.0,0.27055737376213074,-0.0015041942242532969,-0.0010662442073225975
1730,18,16,1.0,0.9892898201942444,0,0,0.25,0.0,0.0,0.277532160282135,-0.00026449712458997965,0.0002490393817424774
1731,18,17,1.0,0.9908250570297241,0,0,0.25,0.0,0.0,0.27894455194473267,0.0007211304036900401,0.0007708296179771423
1732,18,18,1.0,0.9919282793998718,0,0,0.25,0.0,0.0,0.2832862138748169,0.00013417063746601343,0.0013431338593363762
1733,18,19,1.0,0.9900224208831787,0,0,0.25,0.0,0.0,0.2849200963973999,0.00024164962815120816,0.0006387690082192421
1734,18,20,1.0,0.9957326650619507,0,0,0.25,0.0,0.0,0.2865038812160492,-0.0011282222112640738,0.0034658676013350487
1735,18,21,1.0,0.9958131313323975,0,0,0.25,0.0,0.0,0.2890920639038086,3.120873589068651e-05,0.002876807004213333
1736,18,22,1.0,0.9874356985092163,0,0,0.25,0.0,0.0,0.29099240899086,-0.0011982549913227558,0.011086512356996536
1737,18,23,1.0,0.9863309860229492,0,0,0.25,0.0,0.0,0.2610583007335663,-0.0006175864255055785,0.012438546866178513
1738,18,24,1.0,0.9947423338890076,0,0,0.0,0.0,0.0,0.16172826290130615,-0.00257623428478837,0.012359293177723885
1739,18,25,1.0,0.9896493554115295,0,0,0.0,0.0,0.0,0.05252303183078766,-0.007267490029335022,0.012669825926423073
1740,18,26,1.0,0.9879467487335205,0,0,0.0,0.0,0.0,0.006869365461170673,0.0012689305003732443,0.0019086562097072601
1741,18,27,1.0,0.9878321290016174,0,0,0.0,0.0,0.0,0.0021004965528845787,0.0011758997570723295,0.00256209634244442
1742,18,28,1.0,0.9963043928146362,0,0,0.0,0.0,0.0,0.00213483814150095,0.005282020196318626,-0.014097662642598152
1743,18,29,1.0,0.9964311718940735,0,0,0.25,0.0,0.0,0.0018008197657763958,0.005249727983027697,-0.01414426788687706
1744,18,30,1.0,0.9907129406929016,0,0,0.0,0.0,0.0,0.009786264039576054,0.0054548680782318115,-0.001490334514528513
1745,18,31,1.0,0.9889144897460938,0,0,0.0,0.0,0.0,0.008595951832830906,0.004602877423167229,0.0076428912580013275
1746,18,32,1.0,0.9997842907905579,0,0,0.0,0.0,0.0,0.003335799090564251,-0.022830219939351082,0.0005261171609163284
1747,18,33,1.0,1.000216007232666,0,0,0.0,0.0,0.0,0.002298212144523859,-0.02559070661664009,0.0022797798737883568
1748,18,34,1.0,1.0025464296340942,0,0,0.0,0.0,0.0,-0.0006446089828386903,-0.22938306629657745,0.004227940924465656
1749,18,35,1.0,1.002394199371338,0,0,0.0,0.0,0.0,-0.0007249406771734357,-0.22980879247188568,0.004334412515163422
1750,18,36,1.0,0.9990605115890503,0,0,0.0,-0.25,0.0,-0.0008398672798648477,-0.2365369200706482,0.005716988816857338
1751,18,37,1.0,0.9869570732116699,0,0,0.0,-0.25,0.0,-0.004461953416466713,-0.26422226428985596,0.004169153049588203
1752,18,38,1.0,0.9891111850738525,0,0,0.0,-0.25,0.0,-0.0043477388098835945,-0.268849641084671,0.0020569022744894028
1753,18,39,1.0,0.9878101944923401,0,0,0.0,-0.25,0.0,-0.005100009962916374,-0.272055983543396,0.004753461107611656
1754,18,40,1.0,0.9886411428451538,0,0,0.0,-0.25,0.0,-0.004309213720262051,-0.27064740657806396,0.006990313529968262
1755,18,41,1.0,0.98543381690979,0,0,0.0,-0.25,0.0,-0.0037259033415466547,-0.27427002787590027,0.00849626399576664
1756,18,42,1.0,0.982804000377655,0,0,0.0,-0.25,0.0,-0.0026907131541520357,-0.2772224247455597,0.018393786624073982
1757,18,43,1.0,0.981401264667511,0,0,0.0,-0.25,0.0,-0.0015476152766495943,-0.2771480977535248,0.016217520460486412
1758,18,44,1.0,0.9871622920036316,0,0,0.0,-0.25,0.0,-0.003979295492172241,-0.2800311744213104,0.016125192865729332
1759,18,45,1.0,0.9858986735343933,0,0,0.0,-0.25,0.0,-0.004520878661423922,-0.27555862069129944,0.012630010023713112
1760,18,46,1.0,0.9857358336448669,0,0,0.0,-0.25,0.0,-0.0031166477128863335,-0.2087419033050537,0.0027206363156437874
1761,18,47,1.0,0.9911795854568481,0,0,0.0,-0.25,0.0,-0.0018597423331812024,-0.06534203141927719,-0.004239797126501799
1762,18,48,1.0,1.0040113925933838,0,0,0.0,0.0,0.0,-0.0004945499822497368,-0.014716627076268196,-0.04822999984025955
1763,18,49,1.0,1.000669240951538,0,0,0.0,0.0,0.0,-0.0017480086535215378,0.0004057197365909815,-0.01698891818523407
1764,18,50,1.0,1.0045017004013062,0,0,0.0,0.0,0.0,-0.0005104255396872759,0.001154203899204731,-0.014249948784708977
1765,18,51,1.0,1.004452109336853,0,0,0.0,0.0,0.0,-0.0006289107259362936,0.0020574722439050674,-0.015093276277184486
1766,18,52,1.0,1.0082536935806274,0,0,0.0,0.0,0.0,-0.0010435936274006963,0.00039851025212556124,-0.12521246075630188
1767,18,53,1.0,1.0082452297210693,0,0,0.0,0.0,0.0,-0.001079179928638041,0.0005244219209998846,-0.12470155209302902
1768,18,54,1.0,1.0109875202178955,0,0,0.0,0.0,0.0,-0.0004002596251666546,0.00020279688760638237,-0.23823203146457672
1769,18,55,1.0,1.011001706123352,0,0,0.0,0.0,0.0,-0.0004031429998576641,0.0002307809190824628,-0.23809997737407684
1770,18,56,1.0,1.0112500190734863,0,0,0.0,0.0,-0.5,-0.0002147217746824026,0.0002980848075821996,-0.26962119340896606
1771,18,57,1.0,0.9997928142547607,0,0,0.0,0.0,-0.5,0.0018222732469439507,-0.00023007154231891036,-0.5492791533470154
1772,18,58,1.0,0.9996244311332703,0,0,0.0,0.0,-0.5,0.0018806951120495796,0.0007635903311893344,-0.5367172360420227
1773,18,59,1.0,1.0037198066711426,0,0,0.0,0.0,-0.5,0.001554599730297923,0.0015236366307362914,-0.541516125202179
1774,18,60,1.0,1.0061147212982178,0,0,0.0,0.0,-0.5,0.0019908607937395573,0.0020340546034276485,-0.5532353520393372
1775,18,61,1.0,1.006141185760498,0,0,0.0,0.0,-0.5,0.0024557728320360184,0.0015419054543599486,-0.5640899538993835
1776,18,62,1.0,1.0067241191864014,0,0,0.0,0.0,-0.5,0.002123942133039236,0.001190285780467093,-0.5733209252357483
1777,18,63,1.0,1.0042327642440796,0,0,0.0,0.0,-0.5,0.0024412176571786404,5.8445846661925316e-05,-0.5815454125404358
1778,18,64,1.0,1.0002714395523071,0,0,0.0,0.0,-0.5,0.001402050955221057,0.001546756480820477,-0.5681590437889099
1779,18,65,1.0,0.9995177984237671,0,0,0.0,0.0,-0.5,0.00110257463529706,0.0014023693511262536,-0.5394623279571533
1780,18,66,1.0,0.9777612090110779,0,0,0.0,0.0,-0.5,0.002049235627055168,0.0007665924495086074,-0.38195958733558655
1781,18,67,1.0,0.9779816269874573,0,0,0.0,0.0,-0.5,0.002105039544403553,0.0007273063529282808,-0.3722092807292938
1782,18,68,1.0,1.7212868928909302,0,1,0.0,0.0,0.0,0.003987862262874842,-0.0011424946133047342,0.002461315132677555
1783,18,69,1.0,1.7226965427398682,0,1,0.0,0.0,0.0,0.003995533566921949,-0.0011429322184994817,0.002653788775205612
1784,18,70,1.0,2.028402805328369,0,1,0.0,0.0,0.0,0.0020232493989169598,-0.002034710021689534,-0.010750297456979752
1785,18,71,1.0,2.0284345149993896,0,1,0.0,0.0,0.0,0.0020261649042367935,-0.002039833925664425,-0.010740539990365505
1786,18,72,2.0,2.0271449089050293,1,1,0.0,0.0,0.0,0.0019586440175771713,-0.002320254221558571,-0.010415934957563877
1787,18,73,2.0,2.0476622581481934,1,1,0.0,0.0,0.0,0.00048725493252277374,-0.0024361987598240376,-0.0011579585261642933
1788,18,74,2.0,2.05169677734375,1,1,0.0,0.0,0.0,0.0008645651396363974,-0.0020726430229842663,0.001772141084074974
1789,18,75,2.0,2.0531997680664062,1,1,0.0,0.0,0.0,0.00028479984030127525,-0.002112887566909194,0.0029689203947782516
1790,18,76,2.0,2.05444598197937,1,1,0.0,0.0,0.0,0.000163018936291337,-0.0025631487369537354,0.0031022895127534866
1791,18,77,2.0,2.0545289516448975,1,1,0.0,0.0,0.0,-0.0006172896828502417,-0.0025307093746960163,0.0014992402866482735
1792,18,78,2.0,2.042919158935547,1,1,0.0,0.0,0.0,0.0002794500906020403,-0.002094913274049759,-0.0032387999817728996
1793,18,79,2.0,1.6913676261901855,1,1,0.0,0.0,0.0,0.002100772690027952,0.0016794080147519708,-0.032827578485012054
1794,18,80,1.0,0.9935853481292725,0,0,0.0,0.0,0.0,-0.000446019577793777,0.0008039663080126047,0.30020061135292053
1795,18,81,1.0,0.994361937046051,0,0,0.0,0.0,0.0,-0.0006922860629856586,0.0006895301630720496,0.32076483964920044
1796,18,82,1.0,0.9926605820655823,0,0,0.0,0.0,0.0,-0.0003569122636690736,0.0005227861693128943,0.35657018423080444
1797,18,83,1.0,0.9931703805923462,0,0,0.0,0.0,0.0,-0.0002307533286511898,0.0003100991016253829,0.3659961223602295
1798,18,84,1.0,0.9930638670921326,0,0,0.0,0.0,0.0,-0.0003470911178737879,0.0005008934531360865,0.3827713131904602
1799,18,85,1.0,0.9925683736801147,0,0,0.0,0.0,0.5,-0.0002209395170211792,0.0004758590366691351,0.38160717487335205
1800,18,86,1.0,1.0017353296279907,0,0,0.0,0.0,0.5,0.00058891368098557,-0.00010026624659076333,0.5435269474983215
1801,18,87,1.0,1.0005768537521362,0,0,0.0,0.0,0.5,0.00022174231708049774,-0.0003008234780281782,0.5450565218925476
1802,18,88,1.0,1.0014772415161133,0,0,0.0,0.0,0.5,0.0005690958350896835,-0.00048438357771374285,0.5483366847038269
1803,18,89,1.0,1.0010130405426025,0,0,0.0,0.0,0.5,0.0001780248712748289,-0.0004130108864046633,0.547789990901947
1804,18,90,1.0,1.000769019126892,0,0,0.0,0.0,0.5,0.0004080832004547119,-0.00031726915040053427,0.5444859862327576
1805,18,91,1.0,1.000812292098999,0,0,0.0,0.0,0.5,0.00019212858751416206,-1.284497557207942e-05,0.5471182465553284
1806,18,92,1.0,0.998691737651825,0,0,0.0,0.0,0.5,0.0002787818666547537,-0.0005907713784836233,0.5478370785713196
1807,18,93,1.0,1.0001996755599976,0,0,0.0,0.0,0.5,0.0004584142006933689,-0.0005749760894104838,0.5450499057769775
1808,18,94,1.0,0.9996833801269531,0,0,0.0,0.0,0.5,-0.0004780455492436886,-0.0013280464336276054,0.5477743744850159
1809,19,0,1.0,0.9888830780982971,0,0,0.0,0.0,0.0,-0.0006327765295282006,0.0001615044311620295,-0.0011897338554263115
1810,19,1,1.0,0.9924799203872681,0,0,0.0,0.0,0.0,-0.0007726534968242049,0.00041719054570421576,-0.0023128362372517586
1811,19,2,1.0,0.9931407570838928,0,0,0.0,0.0,0.0,-0.0018094993429258466,2.0719075109809637e-05,0.01048024371266365
1812,19,3,1.0,0.9929841160774231,0,0,0.0,0.0,0.0,-0.0024371761828660965,0.00013295351527631283,0.010996527969837189
1813,19,4,1.0,0.9915356636047363,0,0,0.0,0.0,0.0,-0.009772134013473988,0.0023861266672611237,0.008232006803154945
1814,19,5,1.0,0.9914429783821106,0,0,0.0,0.0,0.0,-0.009879696182906628,0.0023480416275560856,0.008537830784916878
1815,19,6,1.0,0.992828905582428,0,0,0.0,0.0,0.0,0.019016817212104797,0.0016991166630759835,-0.04026614874601364
1816,19,7,1.0,0.9927690625190735,0,0,0.0,0.0,0.0,0.019105669111013412,0.0016801675083115697,-0.04015637934207916
1817,19,8,1.0,0.9915266036987305,0,0,0.0,0.0,0.0,0.11547394841909409,-0.0017712714616209269,-0.02304994687438011
1818,19,9,1.0,0.991511881351471,0,0,0.0,0.0,0.0,0.11550741642713547,-0.0017714332789182663,-0.023026078939437866
1819,19,10,1.0,0.9874614477157593,0,0,0.25,0.0,0.0,0.2304595410823822,-0.0016565322875976562,-0.0037811719812452793
1820,19,11,1.0,0.9901686906814575,0,0,0.25,0.0,0.0,0.262518048286438,-0.0008210759842768312,-0.0028797881677746773
1821,19,12,1.0,0.9916994571685791,0,0,0.25,0.0,0.0,0.27229440212249756,-3.80350393243134e-05,0.0009689927101135254
1822,19,13,1.0,0.991074800491333,0,0,0.25,0.0,0.0,0.27402445673942566,0.0008669657399877906,0.0003129728138446808
1823,19,14,1.0,0.9883991479873657,0,0,0.25,0.0,0.0,0.2780757546424866,0.0014383626403287053,-0.0011017518118023872
1824,19,15,1.0,0.99305260181427,0,0,0.25,0.0,0.0,0.27834662795066833,0.00237565441057086,-0.002527377102524042
1825,19,16,1.0,0.9946529269218445,0,0,0.25,0.0,0.0,0.2801862359046936,0.0016944074304774404,-0.005007509142160416
1826,19,17,1.0,0.9971767663955688,0,0,0.25,0.0,0.0,0.2818984389305115,0.002002654131501913,-0.003554840572178364
1827,19,18,1.0,1.0043566226959229,0,0,0.25,0.0,0.0,0.2869226634502411,0.0011716978624463081,-0.0032981294207274914
1828,19,19,1.0,0.9976702332496643,0,0,0.25,0.0,0.0,0.2869744598865509,0.0010819275630638003,-0.0028131571598351
1829,19,20,1.0,0.9873321056365967,0,0,0.25,0.0,0.0,0.27581751346588135,0.001444499590434134,-0.002321682870388031
1830,19,21,1.0,0.9889418482780457,0,0,0.25,0.0,0.0,0.22750195860862732,0.0036464217118918896,-0.0004963697865605354
1831,19,22,1.0,0.9953801035881042,0,0,0.0,0.0,0.0,0.10060061514377594,0.002323185559362173,0.007489407435059547
1832,19,23,1.0,1.00080406665802,0,0,0.0,0.0,0.0,0.02973521687090397,0.002347571775317192,0.012185735628008842
1833,19,24,1.0,1.0069098472595215,0,0,0.0,0.0,0.0,0.003256483469158411,-0.00036627287045121193,0.0058265188708901405
1834,19,25,1.0,1.0074505805969238,0,0,0.0,0.0,0.0,-0.0012749427696689963,-0.0006370523478835821,0.00556525494903326
1835,19,26,1.0,1.007089614868164,0,0,0.0,0.0,0.0,-0.0017437823116779327,0.05865119397640228,-0.021320678293704987
1836,19,27,1.0,1.0071184635162354,0,0,0.0,0.0,0.0,-0.0020497015211731195,0.058922410011291504,-0.021152079105377197
1837,19,28,1.0,1.0047434568405151,0,0,0.25,0.0,0.0,-0.0019816283602267504,0.12294995039701462,-0.019915007054805756
1838,19,29,1.0,1.0082120895385742,0,0,0.0,0.0,0.0,0.006671461276710033,0.027220364660024643,-0.016976751387119293
1839,19,30,1.0,1.0082027912139893,0,0,0.0,0.0,0.0,-0.00027007912285625935,0.09480966627597809,-0.013538146391510963
1840,19,31,1.0,1.0085127353668213,0,0,0.0,0.0,0.0,-0.0012357532978057861,0.10980799049139023,-0.006955794990062714
1841,19,32,1.0,1.0094496011734009,0,0,0.0,0.0,0.0,-0.0018904008902609348,0.13306277990341187,-0.005061999894678593
1842,19,33,1.0,1.0095434188842773,0,0,0.0,0.25,0.0,-0.002084330189973116,0.13341368734836578,-0.004631995689123869
1843,19,34,1.0,0.9966715574264526,0,0,0.0,0.25,0.0,-7.5232237577438354e-06,0.2675146162509918,-0.009074223227798939
1844,19,35,1.0,0.991614043712616,0,0,0.0,0.25,0.0,0.00022054160945117474,0.2718822956085205,-0.008834302425384521
1845,19,36,1.0,0.9888029098510742,0,0,0.0,0.25,0.0,0.0005357896443456411,0.2723483741283417,-0.009503825567662716
1846,19,37,1.0,0.9870971441268921,0,0,0.0,0.25,0.0,-0.0002524896990507841,0.2750759720802307,-0.006662053521722555
1847,19,38,1.0,0.9843754172325134,0,0,0.0,0.25,0.0,-0.001150948111899197,0.27595254778862,-0.0007472196593880653
1848,19,39,1.0,0.9832786321640015,0,0,0.0,0.25,0.0,-0.0006482080789282918,0.27590352296829224,0.005275929346680641
1849,19,40,1.0,0.9859459400177002,0,0,0.0,0.25,0.0,-0.0008557174587622285,0.2727043926715851,0.0032607819885015488
1850,19,41,1.0,0.9874902963638306,0,0,0.0,0.25,0.0,-0.0021217907778918743,0.26902762055397034,0.0006907200440764427
1851,19,42,1.0,0.989310085773468,0,0,0.0,0.25,0.0,6.924034096300602e-05,0.18076887726783752,-0.012103588320314884
1852,19,43,1.0,1.0018880367279053,0,0,0.0,0.25,0.0,0.0013246117159724236,0.03752626106142998,0.013510707765817642
1853,19,44,1.0,1.0052789449691772,0,0,0.0,0.25,0.0,0.001691838726401329,0.013414407148957253,-6.441399455070496e-05
1854,19,45,1.0,1.0035325288772583,0,0,0.0,0.0,0.0,-0.00018012872897088528,0.011489743366837502,0.010470053181052208
1855,19,46,1.0,0.9989070296287537,0,0,0.0,0.0,0.0,-0.0007788517978042364,0.006584262475371361,-0.005490027368068695
1856,19,47,1.0,0.9978840351104736,0,0,0.0,0.0,0.0,-0.0008622987661510706,0.003922848030924797,-0.005925940815359354
1857,19,48,1.0,1.0068246126174927,0,0,0.0,0.0,0.0,-0.00024062907323241234,0.0012487799394875765,-0.13017192482948303
1858,19,49,1.0,1.0065745115280151,0,0,0.0,0.0,0.0,-0.0002034211065620184,0.0007995846681296825,-0.135649636387825
1859,19,50,1.0,1.0097832679748535,0,0,0.0,0.0,0.0,-0.0005036881193518639,-8.667184738442302e-05,-0.25336530804634094
1860,19,51,1.0,1.0097137689590454,0,0,0.0,0.0,0.0,-0.0005069856997579336,-0.00017513541388325393,-0.25543659925460815
1861,19,52,1.0,1.0096986293792725,0,0,0.0,0.0,0.0,4.8575690016150475e-05,0.0002534210798330605,-0.3781066834926605
1862,19,53,1.0,1.0096625089645386,0,0,0.0,0.0,-0.5,5.3720083087682724e-05,0.00023541285190731287,-0.37867411971092224
1863,19,54,1.0,0.9969501495361328,0,0,0.0,0.0,-0.5,0.0015758734662085772,0.00062642025295645,-0.5469731092453003
1864,19,55,1.0,1.0001914501190186,0,0,0.0,0.0,-0.5,0.0015201978385448456,0.0013642350677400827,-0.5470913052558899
1865,19,56,1.0,1.0029939413070679,0,0,0.0,0.0,-0.5,0.0013694490771740675,0.001780588529072702,-0.5499061346054077
1866,19,57,1.0,1.0047601461410522,0,0,0.0,0.0,-0.5,0.0016651758924126625,0.0021111732348799706,-0.5512381792068481
1867,19,58,1.0,1.0075702667236328,0,0,0.0,0.0,-0.5,0.002262725494801998,0.0012536962749436498,-0.5647463202476501
1868,19,59,1.0,1.0084246397018433,0,0,0.0,0.0,-0.5,0.0019032442942261696,0.00027768348809331656,-0.5749399662017822
1869,19,60,1.0,1.0059723854064941,0,0,0.0,0.0,-0.5,0.002580965869128704,0.0004956823540851474,-0.5815734267234802
1870,19,61,1.0,1.0043569803237915,0,0,0.0,0.0,-0.5,0.002529335208237171,0.0007808562368154526,-0.5789108872413635
1871,19,62,1.0,1.0001201629638672,0,0,0.0,0.0,-0.5,0.0027946033515036106,0.001357175293378532,-0.5154089331626892
1872,19,63,1.0,1.0014395713806152,0,0,0.0,0.0,-0.5,0.0027968292124569416,0.0013241140404716134,-0.5157862305641174
1873,19,64,1.0,0.9772744178771973,0,0,0.0,0.0,-0.5,0.0028921663761138916,0.002307402901351452,-0.29705703258514404
1874,19,65,1.0,0.9775993824005127,0,0,0.0,0.0,0.0,0.0029702400788664818,0.0023178602568805218,-0.29255178570747375
1875,19,66,1.0,1.9519190788269043,0,1,0.0,0.0,0.0,0.0026282877661287785,-0.0011946625309064984,-0.009262287057936192
1876,19,67,1.0,1.9522840976715088,0,1,0.0,0.0,0.0,0.002625950612127781,-0.0011904865968972445,-0.009258129633963108
1877,19,68,1.0,1.9782406091690063,0,1,0.0,0.0,0.0,0.0025315233506262302,-0.0015465870965272188,-0.011470590718090534
1878,19,69,2.0,1.9783310890197754,1,1,0.0,0.0,0.0,0.0025285566225647926,-0.0015434814849868417,-0.011473714374005795
1879,19,70,2.0,2.0440499782562256,1,1,0.0,0.0,0.0,0.00011097989045083523,-0.001962355338037014,-0.0022317604161798954
1880,19,71,2.0,2.0466179847717285,1,1,0.0,0.0,0.0,8.723698556423187e-05,-0.0017979436088353395,0.0013818014413118362
1881,19,72,2.0,2.0526323318481445,1,1,0.0,0.0,0.0,-9.501189924776554e-05,-0.002270911820232868,0.00014781951904296875
1882,19,73,2.0,2.053947925567627,1,1,0.0,0.0,0.0,-9.311037138104439e-05,-0.0023655076511204243,-0.0002445988357067108
1883,19,74,2.0,2.055129051208496,1,1,0.0,0.0,0.0,-0.00036534632090479136,-0.0023917427752166986,0.0007284935563802719
1884,19,75,2.0,2.0558528900146484,1,1,0.0,0.0,0.0,-0.00029757246375083923,-0.002625885885208845,-0.000998438335955143
1885,19,76,1.0,2.0329270362854004,0,1,0.0,0.0,0.0,-0.0009774811333045363,-0.0029407781548798084,-0.0065506515093147755
1886,19,77,1.0,1.9191102981567383,0,1,0.0,0.0,0.0,-0.0006450507789850235,-0.0005336242611519992,-0.015387201681733131
1887,19,78,1.0,1.0808027982711792,0,0,0.0,0.0,0.0,0.0021798359230160713,0.0010320149594917893,0.02502141334116459
1888,19,79,1.0,1.036009669303894,0,0,0.0,0.0,0.0,0.0023043910041451454,0.0011797351762652397,0.0813765823841095
1889,19,80,1.0,0.9941014051437378,0,0,0.0,0.0,0.0,-0.000624791719019413,0.0010499046184122562,0.3478456437587738
1890,19,81,1.0,0.9941129088401794,0,0,0.0,0.0,0.0,-0.0007757160346955061,0.0011119035771116614,0.3626413941383362
1891,19,82,1.0,0.9929450154304504,0,0,0.0,0.0,0.5,-0.0007526233093813062,0.0004156502545811236,0.37269628047943115
1892,19,83,1.0,1.0031661987304688,0,0,0.0,0.0,0.5,-0.0002527956385165453,0.0005841839592903852,0.5423471331596375
1893,19,84,1.0,1.0030593872070312,0,0,0.0,0.0,0.5,2.8222566470503807e-05,0.0004081553197465837,0.5499780178070068
1894,19,85,1.0,1.0030183792114258,0,0,0.0,0.0,0.5,-0.0002765145618468523,-0.00030005653388798237,0.5488762259483337
1895,19,86,1.0,1.0022188425064087,0,0,0.0,0.0,0.5,-0.0005442356923595071,0.0001516931806690991,0.5461657643318176
1896,19,87,1.0,1.0015443563461304,0,0,0.0,0.0,0.5,-0.00024423375725746155,-0.0002910550101660192,0.5464197993278503
1897,19,88,1.0,1.002073884010315,0,0,0.0,0.0,0.5,0.00016735424287617207,6.877596024423838e-05,0.5488254427909851
1898,19,89,1.0,1.0008001327514648,0,0,0.0,0.0,0.5,-1.69496051967144e-05,0.000211025879252702,0.5457941293716431
1899,19,90,1.0,1.0018336772918701,0,0,0.0,0.0,0.5,0.00040705897845327854,-0.00042271031998097897,0.5465646982192993
1900,19,91,1.0,1.001773476600647,0,0,0.0,0.0,0.5,3.5556964576244354e-05,-1.7503625713288784e-06,0.5426444411277771
1901,20,0,1.0,1.004946231842041,0,0,0.0,0.0,0.0,0.010197608731687069,0.0027977731078863144,-0.007823343388736248
1902,20,1,1.0,1.0059845447540283,0,0,0.0,0.0,0.0,0.010474598035216331,0.0022411709651350975,-0.011917171999812126
1903,20,2,1.0,1.007067084312439,0,0,0.0,0.0,0.0,0.009286506101489067,0.0010739261051639915,-0.005225225817412138
1904,20,3,1.0,1.0069482326507568,0,0,0.0,0.0,0.0,0.009301296435296535,0.0011880302336066961,-0.004430362023413181
1905,20,4,1.0,1.005125880241394,0,0,0.0,0.0,0.0,0.008987165987491608,0.0015922944294288754,0.010813465341925621
1906,20,5,1.0,1.0051600933074951,0,0,0.0,0.0,0.0,0.008998467586934566,0.0016161907697096467,0.011022616177797318
1907,20,6,1.0,1.0007891654968262,0,0,0.0,0.0,0.0,0.0022292383946478367,0.00045671698171645403,0.005159465596079826
1908,20,7,1.0,1.0007847547531128,0,0,0.0,0.0,0.0,0.0022519314661622047,0.0004599670646712184,0.005242024548351765
1909,20,8,1.0,0.999931275844574,0,0,0.0,0.0,0.0,-0.0029372326098382473,-0.0002281213237438351,0.003040183335542679
1910,20,9,1.0,0.9999300241470337,0,0,0.0,0.0,0.0,-0.00292971171438694,-0.00022775671095587313,0.0030645113438367844
1911,20,10,1.0,1.001763939857483,0,0,0.0,0.0,0.0,0.00879387091845274,0.0010590455494821072,0.00893545150756836
1912,20,11,1.0,1.001762866973877,0,0,0.0,0.0,0.0,0.008793910965323448,0.0010591106256470084,0.008939860388636589
1913,20,12,1.0,1.0010751485824585,0,0,-0.25,0.0,0.0,-0.1721201390028,-0.001149259158410132,-0.0010523069649934769
1914,20,13,1.0,1.0012805461883545,0,0,-0.25,0.0,0.0,-0.26093316078186035,-0.004630094859749079,0.008239887654781342
1915,20,14,1.0,1.0013093948364258,0,0,-0.25,0.0,0.0,-0.2714652717113495,-0.00703480513766408,0.005386802367866039
1916,20,15,1.0,0.9983221292495728,0,0,-0.25,0.0,0.0,-0.2738482654094696,-0.007068962324410677,0.005385936237871647
1917,20,16,1.0,0.996809184551239,0,0,-0.25,0.0,0.0,-0.2757909297943115,-0.008363465778529644,0.0004565911367535591
1918,20,17,1.0,0.9965004920959473,0,0,-0.25,0.0,0.0,-0.2769818603992462,-0.007714828476309776,-0.0005805529654026031
1919,20,18,1.0,0.9968146681785583,0,0,-0.25,0.0,0.0,-0.2804097533226013,-0.006665979046374559,0.0015344684943556786
1920,20,19,1.0,0.997665286064148,0,0,-0.25,0.0,0.0,-0.2837429642677307,-0.005400226917117834,0.006548918783664703
1921,20,20,1.0,0.9974802732467651,0,0,-0.25,0.0,0.0,-0.2845255136489868,-0.003697240725159645,0.002664070576429367
1922,20,21,1.0,0.9969502687454224,0,0,-0.25,0.0,0.0,-0.2865584194660187,-0.003378715366125107,0.0020868824794888496
1923,20,22,1.0,1.0019768476486206,0,0,-0.25,0.0,0.0,-0.28781983256340027,-0.0027286200784146786,0.005519520491361618
1924,20,23,1.0,1.004812240600586,0,0,-0.25,0.0,0.0,-0.2899652421474457,-0.0021328749135136604,0.003312487155199051
1925,20,24,1.0,1.0020484924316406,0,0,-0.25,0.0,0.0,-0.2669086456298828,-0.0014056998770684004,-5.3863972425460815e-05
1926,20,25,1.0,0.9954679608345032,0,0,-0.25,0.0,0.0,-0.14539888501167297,-0.0024869348853826523,0.00014322157949209213
1927,20,26,1.0,0.9935332536697388,0,0,0.0,0.0,0.0,-0.03878287971019745,-0.003340149763971567,-0.0030828635208308697
1928,20,27,1.0,0.9892693161964417,0,0,0.0,0.0,0.0,0.012419827282428741,0.0003815720556303859,-0.0033149789087474346
1929,20,28,1.0,0.999771773815155,0,0,0.0,0.0,0.0,0.014158125966787338,0.00011320406338199973,-0.00270219799131155
1930,20,29,1.0,0.999855101108551,0,0,0.0,0.0,0.0,0.018589796498417854,-4.085409455001354e-05,-0.0038453941233456135
1931,20,30,1.0,0.9993767738342285,0,0,0.0,0.0,0.0,0.0062509095296263695,-0.06411490589380264,-0.0046011824160814285
1932,20,31,1.0,0.9993382692337036,0,0,0.0,0.0,0.0,0.006470480002462864,-0.06435708701610565,-0.004813309758901596
1933,20,32,1.0,0.9974896907806396,0,0,0.0,-0.25,0.0,0.0008787733968347311,-0.16909368336200714,0.00014836620539426804
1934,20,33,1.0,0.9895646572113037,0,0,0.0,-0.25,0.0,-0.0041775768622756,-0.2537190914154053,0.006468522362411022
1935,20,34,1.0,0.9880344271659851,0,0,0.0,-0.25,0.0,-0.003947674762457609,-0.25717368721961975,0.005067203193902969
1936,20,35,1.0,0.9892627000808716,0,0,0.0,-0.25,0.0,-0.004755993373692036,-0.2629651129245758,0.005344226025044918
1937,20,36,1.0,0.9871265888214111,0,0,0.0,-0.25,0.0,-0.003808841574937105,-0.2681727707386017,0.006219289265573025
1938,20,37,1.0,0.9845153093338013,0,0,0.0,-0.25,0.0,-0.0036892900243401527,-0.2728267014026642,0.008899316191673279
1939,20,38,1.0,0.9818480014801025,0,0,0.0,-0.25,0.0,-0.0032163686119019985,-0.2757702171802521,0.009930884465575218
1940,20,39,1.0,0.979667067527771,0,0,0.0,-0.25,0.0,-0.0025986037217080593,-0.2755900025367737,0.011136092245578766
1941,20,40,1.0,0.9807551503181458,0,0,0.0,-0.25,0.0,-0.0006192770088091493,-0.27563783526420593,0.009877663105726242
1942,20,41,1.0,0.9860663414001465,0,0,0.0,-0.25,0.0,-0.0008777534822002053,-0.2540320158004761,0.004423287697136402
1943,20,42,1.0,0.9893374443054199,0,0,0.0,0.0,0.0,-0.0008304498624056578,-0.11002739518880844,-0.008613244630396366
1944,20,43,1.0,0.9927865266799927,0,0,0.0,0.0,0.0,-0.0016081550857052207,-0.016422642394900322,-0.006496891845017672
1945,20,44,1.0,0.9984130859375,0,0,0.0,0.0,0.0,-0.0011362803634256124,-0.007417759858071804,0.0008328286930918694
1946,20,45,1.0,0.9992903470993042,0,0,0.0,0.0,0.0,-0.0012714911717921495,-0.004745734855532646,0.004178399220108986
1947,20,46,1.0,1.0005050897598267,0,0,0.0,0.0,0.0,-0.0006131812697276473,-0.004114776384085417,0.013039395213127136
1948,20,47,1.0,1.000451683998108,0,0,0.0,0.0,0.0,-0.0006050853990018368,-0.0037184380926191807,0.012614468112587929
1949,20,48,1.0,1.0017081499099731,0,0,0.0,0.0,0.0,0.00020334962755441666,-0.003328124526888132,0.005379651673138142
1950,20,49,1.0,1.0017011165618896,0,0,0.0,-0.25,0.0,0.00019954470917582512,-0.0032536806538701057,0.005268254317343235
1951,20,50,1.0,1.0001611709594727,0,0,0.0,0.0,0.0,-0.0011541828280314803,-0.00732090650126338,-0.040942370891571045
1952,20,51,1.0,0.9978698492050171,0,0,0.0,0.0,0.0,-2.064392901957035e-05,4.52715321443975e-05,-0.04400360584259033
1953,20,52,1.0,0.9971389770507812,0,0,0.0,0.0,0.0,2.626236528158188e-05,0.001529588713310659,-0.05935646593570709
1954,20,53,1.0,0.9971919059753418,0,0,0.0,0.0,0.0,-0.00010273628868162632,0.0019574183970689774,-0.056106194853782654
1955,20,54,1.0,1.0020719766616821,0,0,0.0,0.0,0.0,-0.0004273601807653904,0.0011879195226356387,-0.06346471607685089
1956,20,55,1.0,1.0021007061004639,0,0,0.0,0.0,0.0,-0.00044490594882518053,0.0012585468357428908,-0.06298846006393433
1957,20,56,1.0,1.0016144514083862,0,0,0.0,0.0,0.0,-0.0005150068318471313,0.0012238825438544154,-0.06936245411634445
1958,20,57,1.0,1.0016204118728638,0,0,0.0,0.0,0.0,-0.0005183893954381347,0.0012381374835968018,-0.06928076595067978
1959,20,58,1.0,0.9997479915618896,0,0,0.0,0.0,0.0,-0.0005530667258426547,0.001670614699833095,-0.05780892074108124
1960,20,59,1.0,0.9997494220733643,0,0,0.0,0.0,-0.5,-0.0005540617275983095,0.0016734719974920154,-0.05778919905424118
1961,20,60,1.0,0.9982213973999023,0,0,0.0,0.0,-0.5,2.1352898329496384e-05,0.0008335940074175596,-0.5355461239814758
1962,20,61,1.0,0.9986734390258789,0,0,0.0,0.0,-0.5,-0.000345062930136919,0.000730481930077076,-0.5318965911865234
1963,20,62,1.0,0.9989572763442993,0,0,0.0,0.0,-0.5,-0.0004521359223872423,0.0013940015342086554,-0.5284908413887024
1964,20,63,1.0,1.0004048347473145,0,0,0.0,0.0,-0.5,-0.0003931242972612381,0.001571342465467751,-0.5310689210891724
1965,20,64,1.0,1.0044124126434326,0,0,0.0,0.0,-0.5,0.0007397732697427273,0.0011688120430335402,-0.5464909076690674
1966,20,65,1.0,1.004839301109314,0,0,0.0,0.0,-0.5,0.0016341942828148603,0.0015748291043564677,-0.5551794767379761
1967,20,66,1.0,1.0083366632461548,0,0,0.0,0.0,-0.5,0.0005462805274873972,0.0006957350997254252,-0.5734961032867432
1968,20,67,1.0,1.0080723762512207,0,0,0.0,0.0,-0.5,0.0015000044368207455,0.0005690701073035598,-0.5735954642295837
1969,20,68,1.0,1.0077531337738037,0,0,0.0,0.0,-0.5,0.0019841818138957024,0.001410058350302279,-0.5452464818954468
1970,20,69,1.0,1.0039923191070557,0,0,0.0,0.0,-0.5,0.001834061462432146,0.001742251799441874,-0.5011663436889648
1971,20,70,1.0,0.986801028251648,0,0,0.0,0.0,-0.5,0.002003301866352558,0.0026553687639534473,-0.3029063642024994
1972,20,71,1.0,0.9871654510498047,0,0,0.0,0.0,0.0,0.0020723207853734493,0.002593222539871931,-0.2919425368309021
1973,20,72,1.0,1.4425755739212036,0,0,0.0,0.0,0.0,0.0016769017092883587,0.0019110658904537559,0.017186282202601433
1974,20,73,1.0,1.4438707828521729,0,0,0.0,0.0,0.0,0.0017230776138603687,0.0018912256928160787,0.017772136256098747
1975,20,74,1.0,2.0197737216949463,0,1,0.0,0.0,0.0,0.00102711608633399,-0.0015552786644548178,-0.01113706175237894
1976,20,75,2.0,2.019834280014038,1,1,0.0,0.0,0.0,0.0010403217747807503,-0.0015671512810513377,-0.011110194027423859
1977,20,76,2.0,2.050248146057129,1,1,0.0,0.0,0.0,-0.00017980625852942467,-0.0011969164479523897,-0.005714124999940395
1978,20,77,2.0,2.0494191646575928,1,1,0.0,0.0,0.0,0.00019567646086215973,0.0010695582022890449,-0.0015451833605766296
1979,20,78,2.0,2.0425007343292236,1,1,0.0,0.0,0.0,-0.0006318103987723589,0.0008575110696256161,0.0009884480386972427
1980,20,79,2.0,2.0483925342559814,1,1,0.0,0.0,0.0,0.0006266804412007332,-0.00205448386259377,0.0031509194523096085
1981,20,80,2.0,2.0475645065307617,1,1,0.0,0.0,0.0,-0.00032747560180723667,-0.0018131282413378358,0.004317802377045155
1982,20,81,2.0,2.0468664169311523,1,1,0.0,0.0,0.0,-0.00024267379194498062,-0.0018708078423514962,0.004084364511072636
1983,20,82,2.0,2.049630880355835,1,1,0.0,0.0,0.0,-0.0005814173491671681,-0.0012133687268942595,-0.00017098896205425262
1984,20,83,2.0,2.0521600246429443,1,1,0.0,0.0,0.0,0.00011988310143351555,-0.0021501975134015083,-0.0019040987826883793
1985,20,84,1.0,1.9003617763519287,0,1,0.0,0.0,0.0,0.0006012001540511847,-7.073578308336437e-05,-0.03333214670419693
1986,20,85,1.0,1.537460207939148,0,1,0.0,0.0,0.0,0.0016733142547309399,0.0010729091009125113,-0.0214226171374321
1987,20,86,1.0,0.99607914686203,0,0,0.0,0.0,0.0,-0.0002914306242018938,-0.0019259080290794373,0.3491816818714142
1988,20,87,1.0,1.2027249336242676,0,0,0.0,0.0,0.0,0.0041302843019366264,0.0023504961282014847,-0.03583052381873131
1989,20,88,1.0,0.99412602186203,0,0,0.0,0.0,0.0,-0.0001048229169100523,-0.0006134411669336259,0.39843615889549255
1990,20,89,1.0,1.0001983642578125,0,0,0.0,0.0,0.0,0.0005873702466487885,0.0011106228921562433,0.2799237370491028
1991,20,90,1.0,1.0195900201797485,0,0,0.0,0.0,0.5,0.001835471484810114,0.0009077875874936581,0.149910569190979
1992,20,91,1.0,0.9970645904541016,0,0,0.0,0.0,0.5,-0.0003139288164675236,-0.00010238087270408869,0.5230422019958496
1993,20,92,1.0,0.9993520975112915,0,0,0.0,0.0,0.5,0.000997392926365137,-0.0011868341825902462,0.5408879518508911
1994,20,93,1.0,1.002756118774414,0,0,0.0,0.0,0.5,0.0006853705272078514,-0.0004912737058475614,0.5475001931190491
1995,20,94,1.0,1.003757119178772,0,0,0.0,0.0,0.5,1.1606141924858093e-05,-2.3480679374188185e-05,0.549823522567749
1996,20,95,1.0,1.0018802881240845,0,0,0.0,0.0,0.5,0.00016869138926267624,-0.00015060199075378478,0.5450433492660522
1997,20,96,1.0,1.0015473365783691,0,0,0.0,0.0,0.5,0.0001111915335059166,-0.00034065835643559694,0.5427065491676331
1998,20,97,1.0,1.0021388530731201,0,0,0.0,0.0,0.5,-0.0003520336467772722,-0.0004695551178883761,0.5361132621765137
1999,20,98,1.0,0.9995715618133545,0,0,0.0,0.0,0.5,-0.0002223053015768528,-0.000574595236685127,0.5439046621322632
2000,20,99,1.0,0.9990650415420532,0,0,0.0,0.0,0.5,-0.0002901880070567131,-0.00014281601761467755,0.538822591304779
2001,21,0,1.0,0.9980345964431763,0,0,0.0,0.0,0.0,0.010205955244600773,0.0018068853532895446,0.0007967259734869003
2002,21,1,1.0,0.9990145564079285,0,0,0.0,0.0,0.0,0.009860270656645298,-5.927900201641023e-05,-0.0030914652161300182
2003,21,2,1.0,1.0033339262008667,0,0,0.0,0.0,0.0,0.010542788542807102,-0.0011176986154168844,0.005169880576431751
2004,21,3,1.0,1.0033760070800781,0,0,0.0,0.0,0.0,0.010577942244708538,-0.0010880859335884452,0.006468094885349274
2005,21,4,1.0,1.0050530433654785,0,0,0.0,0.0,0.0,0.011187708005309105,-0.00016575792687945068,0.02049046941101551
2006,21,5,1.0,1.0050020217895508,0,0,0.0,0.0,0.0,0.011179705150425434,-0.0001724625180941075,0.020847538486123085
2007,21,6,1.0,1.003173589706421,0,0,0.0,0.0,0.0,-0.003701416775584221,7.037498289719224e-05,-0.00860383827239275
2008,21,7,1.0,1.0031484365463257,0,0,0.0,0.0,0.0,-0.0036778971552848816,6.970309186726809e-05,-0.008490036241710186
2009,21,8,1.0,1.0008786916732788,0,0,0.0,0.0,0.0,-0.0236092209815979,-0.0008514920482411981,-0.011654114350676537
2010,21,9,1.0,1.0008749961853027,0,0,0.0,0.0,0.0,-0.023600593209266663,-0.0008522550924681127,-0.011622944846749306
2011,21,10,1.0,0.9974995851516724,0,0,0.0,0.0,0.0,-0.04288460314273834,-0.0011595406103879213,-0.016018379479646683
2012,21,11,1.0,0.9974985122680664,0,0,0.0,0.0,0.0,-0.04288239777088165,-0.0011598870623856783,-0.01601174846291542
2013,21,12,1.0,0.9978709816932678,0,0,0.0,0.0,0.0,-0.03957756608724594,-0.0008272076956927776,-0.016027027741074562
2014,21,13,1.0,0.9978708028793335,0,0,-0.25,0.0,0.0,-0.03957705199718475,-0.0008272753329947591,-0.016025226563215256
2015,21,14,1.0,1.0027669668197632,0,0,-0.25,0.0,0.0,-0.26142752170562744,-0.0029689744114875793,0.0037285741418600082
2016,21,15,1.0,1.0030475854873657,0,0,-0.25,0.0,0.0,-0.27071040868759155,-0.002104194601997733,0.006271574646234512
2017,21,16,1.0,1.0011740922927856,0,0,-0.25,0.0,0.0,-0.27700018882751465,-0.0015410856576636434,0.004908531904220581
2018,21,17,1.0,1.0013561248779297,0,0,-0.25,0.0,0.0,-0.279076486825943,-0.0014109472976997495,0.0031776931136846542
2019,21,18,1.0,0.9994520545005798,0,0,-0.25,0.0,0.0,-0.2783772647380829,-0.0010370196541771293,-0.00042806006968021393
2020,21,19,1.0,1.0009431838989258,0,0,-0.25,0.0,0.0,-0.280427485704422,-0.0011619157157838345,0.0027806852012872696
2021,21,20,1.0,1.000393271446228,0,0,-0.25,0.0,0.0,-0.2809850871562958,-0.0018566343933343887,0.0026368144899606705
2022,21,21,1.0,0.9977141618728638,0,0,-0.25,0.0,0.0,-0.2842217683792114,-0.002428813837468624,0.0021250350400805473
2023,21,22,1.0,0.9966160655021667,0,0,-0.25,0.0,0.0,-0.28316959738731384,-0.0026301750913262367,-7.770396769046783e-05
2024,21,23,1.0,0.9968208074569702,0,0,-0.25,0.0,0.0,-0.2848029136657715,-0.0027914936654269695,0.0017038891091942787
2025,21,24,1.0,0.9934829473495483,0,0,-0.25,0.0,0.0,-0.28384822607040405,-0.0016122929519042373,0.0031895283609628677
2026,21,25,1.0,0.9970619678497314,0,0,-0.25,0.0,0.0,-0.2630979120731354,-0.0015989776002243161,0.00462587084621191
2027,21,26,1.0,1.004023790359497,0,0,-0.25,0.0,0.0,-0.16476009786128998,-0.002351702656596899,0.003587859682738781
2028,21,27,1.0,1.0018634796142578,0,0,-0.25,0.0,0.0,-0.05590370297431946,0.0002366521512158215,0.008862718939781189
2029,21,28,1.0,1.0074275732040405,0,0,0.0,0.0,0.0,-0.02104414813220501,-0.0035021896474063396,0.019291039556264877
2030,21,29,1.0,1.0109895467758179,0,0,0.0,0.0,0.0,-0.0023862705565989017,0.0013238145038485527,0.016087530180811882
2031,21,30,1.0,1.0052953958511353,0,0,0.0,0.0,0.0,0.0017451955936849117,0.1147414967417717,0.0016206223517656326
2032,21,31,1.0,1.0021579265594482,0,0,0.0,0.0,0.0,0.00027905823662877083,0.1841183602809906,-0.0007427595555782318
2033,21,32,1.0,1.000893235206604,0,0,0.0,0.0,0.0,-0.0025457560550421476,0.2665603458881378,-0.0054854461923241615
2034,21,33,1.0,1.0007061958312988,0,0,0.0,0.0,0.0,-0.002449403051286936,0.2667548656463623,-0.005562815815210342
2035,21,34,1.0,0.9983854293823242,0,0,0.0,0.25,0.0,-0.0026379674673080444,0.2819022536277771,-0.0035683559253811836
2036,21,35,1.0,0.9915163516998291,0,0,0.0,0.25,0.0,-2.4607637897133827e-05,0.27335822582244873,-0.01614498905837536
2037,21,36,1.0,0.9876865744590759,0,0,0.0,0.25,0.0,-1.6130506992340088e-05,0.27453097701072693,-0.014055777341127396
2038,21,37,1.0,0.9842418432235718,0,0,0.0,0.25,0.0,-0.0014194599352777004,0.27835482358932495,-0.005657533183693886
2039,21,38,1.0,0.982721209526062,0,0,0.0,0.25,0.0,-0.0010331214871257544,0.2789060175418854,-0.0064695412293076515
2040,21,39,1.0,0.9808247089385986,0,0,0.0,0.25,0.0,-0.0006282804533839226,0.2757927477359772,-0.0020434600301086903
2041,21,40,1.0,0.9795300960540771,0,0,0.0,0.25,0.0,0.00030434620566666126,0.27412229776382446,-0.004219889175146818
2042,21,41,1.0,0.9834785461425781,0,0,0.0,0.25,0.0,-0.0009499576408416033,0.2691178619861603,-0.004125095438212156
2043,21,42,1.0,0.9852432608604431,0,0,0.0,0.25,0.0,-0.001770190428942442,0.2550301253795624,-0.003451264463365078
2044,21,43,1.0,0.989561915397644,0,0,0.0,0.25,0.0,-0.000997749506495893,0.17682380974292755,-0.0018904032185673714
2045,21,44,1.0,0.996170163154602,0,0,0.0,0.25,0.0,-0.0006579181645065546,0.03889769688248634,0.0010591158643364906
2046,21,45,1.0,1.0034072399139404,0,0,0.0,0.0,0.0,0.000793718034401536,0.02113950066268444,0.011061014607548714
2047,21,46,1.0,1.0026030540466309,0,0,0.0,0.0,0.0,-0.0012084031477570534,0.006031328812241554,-0.018037401139736176
2048,21,47,1.0,1.0024206638336182,0,0,0.0,0.0,0.0,-0.001657052431255579,0.0035758097656071186,-0.017048429697752
2049,21,48,1.0,0.9988965392112732,0,0,0.0,0.0,0.0,-0.0006740853423252702,0.002584591507911682,-0.03524656593799591
2050,21,49,1.0,0.9988002777099609,0,0,0.0,0.0,0.0,-0.0006675709737464786,0.002360824029892683,-0.03684733435511589
2051,21,50,1.0,1.0069090127944946,0,0,0.0,0.0,0.0,-0.001261893194168806,0.001080007292330265,-0.08453522622585297
2052,21,51,1.0,1.0069226026535034,0,0,0.0,0.0,0.0,-0.0012500256998464465,0.0010407055960968137,-0.08514772355556488
2053,21,52,1.0,1.009548306465149,0,0,0.0,0.0,0.0,-0.0015974268317222595,-8.886592695489526e-05,-0.15302853286266327
2054,21,53,1.0,1.009544014930725,0,0,0.0,0.0,0.0,-0.001595320412889123,-9.716296335682273e-05,-0.15321502089500427
2055,21,54,1.0,1.0117765665054321,0,0,0.0,0.0,-0.5,-0.0019505590898916125,-0.0003396892570890486,-0.20994436740875244
2056,21,55,1.0,0.9977389574050903,0,0,0.0,0.0,-0.5,0.0014528275933116674,0.0013088926207274199,-0.5528689026832581
2057,21,56,1.0,1.0010581016540527,0,0,0.0,0.0,-0.5,0.002320567611604929,0.0015972895780578256,-0.5430330634117126
2058,21,57,1.0,1.000842571258545,0,0,0.0,0.0,-0.5,0.0016951961442828178,0.0010428690584376454,-0.5415911674499512
2059,21,58,1.0,1.0042115449905396,0,0,0.0,0.0,-0.5,0.0011517612729221582,0.0012816159287467599,-0.5476746559143066
2060,21,59,1.0,1.0072739124298096,0,0,0.0,0.0,-0.5,0.0012009453494101763,0.0017793866572901607,-0.5529370903968811
2061,21,60,1.0,1.0109063386917114,0,0,0.0,0.0,-0.5,0.00019722501747310162,0.0027325055561959743,-0.5621134042739868
2062,21,61,1.0,1.0093661546707153,0,0,0.0,0.0,-0.5,-0.00023310910910367966,0.001265119994059205,-0.5750863552093506
2063,21,62,1.0,1.0058128833770752,0,0,0.0,0.0,-0.5,0.0013570678420364857,0.0006106679793447256,-0.5765998363494873
2064,21,63,1.0,1.002815842628479,0,0,0.0,0.0,-0.5,0.0006881025619804859,0.0013778378488495946,-0.5757676362991333
2065,21,64,1.0,0.9931309819221497,0,0,0.0,0.0,-0.5,0.0021389001049101353,0.0022363075986504555,-0.512469470500946
2066,21,65,1.0,0.9893953800201416,0,0,0.0,0.0,-0.5,0.0010768561623990536,0.0018502554157748818,-0.4858831465244293
2067,21,66,1.0,1.080521583557129,0,0,0.0,0.0,-0.5,0.0015500993467867374,0.00357881560921669,-0.09618299454450607
2068,21,67,1.0,1.1118016242980957,0,0,0.0,0.0,0.0,0.0006938544102013111,0.0032349196262657642,-0.08782210201025009
2069,21,68,1.0,2.0255165100097656,0,1,0.0,0.0,0.0,0.000892160227522254,-0.000920026155654341,-0.015917818993330002
2070,21,69,1.0,2.0298502445220947,0,1,0.0,0.0,0.0,0.000724180368706584,-0.000234249047935009,-0.015423129312694073
2071,21,70,2.0,2.0418519973754883,1,1,0.0,0.0,0.0,7.180357351899147e-05,-0.0002764362143352628,-0.010266011580824852
2072,21,71,2.0,2.043332099914551,1,1,0.0,0.0,0.0,0.0005014189518988132,-0.0025319214910268784,-5.184486508369446e-05
2073,21,72,2.0,2.0472753047943115,1,1,0.0,0.0,0.0,-0.0009311166359111667,-0.0024309023283421993,0.003086973913013935
2074,21,73,2.0,2.045593738555908,1,1,0.0,0.0,0.0,-0.0003748546587303281,-0.0017381676007062197,0.0038109999150037766
2075,21,74,2.0,2.048316478729248,1,1,0.0,0.0,0.0,5.8979494497179985e-05,-0.001722567598335445,0.0010336339473724365
2076,21,75,2.0,2.0515477657318115,1,1,0.0,0.0,0.0,-0.0001766909845173359,-0.0019111682195216417,-0.0004384368658065796
2077,21,76,2.0,2.0566060543060303,1,1,0.0,0.0,0.0,-0.0006185045931488276,-0.0023514963686466217,-1.2408941984176636e-05
2078,21,77,2.0,2.056018829345703,1,1,0.0,0.0,0.0,-0.0008864332921802998,-0.002645643427968025,-0.0001141941174864769
2079,21,78,1.0,0.9933689832687378,0,0,0.0,0.0,0.0,0.0020633828826248646,-0.0031512179411947727,0.29521259665489197
2080,21,79,1.0,1.076361060142517,0,0,0.0,0.0,0.0,0.0031473664566874504,-0.0038139820098876953,0.05045761913061142
2081,21,80,1.0,1.2372283935546875,0,0,0.0,0.0,0.0,-0.0007219738326966763,0.0028412691317498684,0.003520151600241661
2082,21,81,1.0,1.0233780145645142,0,0,0.0,0.0,0.0,0.0003394666127860546,0.0006998871685937047,0.1988750696182251
2083,21,82,1.0,0.9880943894386292,0,0,0.0,0.0,0.0,-0.00078657700214535,-0.00047911456204019487,0.3952096104621887
2084,21,83,1.0,0.9883784055709839,0,0,0.0,0.0,0.5,0.00010189414024353027,-0.0015834872610867023,0.3811527490615845
2085,21,84,1.0,0.992508053779602,0,0,0.0,0.0,0.5,0.001233329065144062,-0.00493384525179863,0.33942219614982605
2086,21,85,1.0,1.0005838871002197,0,0,0.0,0.0,0.5,-0.00012062699533998966,0.0004727609921246767,0.5448166131973267
2087,21,86,1.0,1.002090573310852,0,0,0.0,0.0,0.5,-0.00020595872774720192,0.0011703084455803037,0.5464615821838379
2088,21,87,1.0,1.0010957717895508,0,0,0.0,0.0,0.5,0.0003704573027789593,-0.00025901393382810056,0.5483769774436951
2089,21,88,1.0,1.0005015134811401,0,0,0.0,0.0,0.5,0.0015602188650518656,-0.00012274656910449266,0.5478261709213257
2090,21,89,1.0,1.0009238719940186,0,0,0.0,0.0,0.5,0.0009819474071264267,-0.00021891016513109207,0.5434882044792175
2091,21,90,1.0,1.0017259120941162,0,0,0.0,0.0,0.5,0.0011925413273274899,0.00022117065964266658,0.5435724854469299
2092,21,91,1.0,1.0011560916900635,0,0,0.0,0.0,0.5,0.0011988671030849218,-1.4990218915045261e-05,0.542339563369751
2093,21,92,1.0,1.0018401145935059,0,0,0.0,0.0,0.5,0.001172187039628625,0.0003235486219637096,0.5398078560829163
2094,22,0,1.0,0.9984460473060608,0,0,0.0,0.0,0.0,-0.0019462001509964466,0.003640341106802225,-0.0057224491611123085
2095,22,1,1.0,0.9996401071548462,0,0,0.0,0.0,0.0,-0.0023816614411771297,0.0038041151128709316,-0.006373723968863487
2096,22,2,1.0,0.99680495262146,0,0,0.0,0.0,0.0,-0.003926209639757872,0.0035596746020019054,-0.003568828571587801
2097,22,3,1.0,0.9968301057815552,0,0,0.0,0.0,0.0,-0.0041396766901016235,0.0036261389032006264,-0.002637325320392847
2098,22,4,1.0,0.9951144456863403,0,0,0.0,0.0,0.0,-0.009316766634583473,0.003136884421110153,0.011419771239161491
2099,22,5,1.0,0.9949907064437866,0,0,0.0,0.0,0.0,-0.00935092382133007,0.0031318101100623608,0.011650951579213142
2100,22,6,1.0,0.990422785282135,0,0,0.0,0.0,0.0,0.0027231136336922646,0.0011586382752284408,-0.02059018239378929
2101,22,7,1.0,0.9903935790061951,0,0,0.0,0.0,0.0,0.002768248785287142,0.0011520391562953591,-0.020514123141765594
2102,22,8,1.0,0.9895609021186829,0,0,0.0,0.0,0.0,0.050436004996299744,0.0005320522468537092,-0.021943964064121246
2103,22,9,1.0,0.9895534515380859,0,0,0.25,0.0,0.0,0.05045921355485916,0.0005297501338645816,-0.0219207052141428
2104,22,10,1.0,0.9892667531967163,0,0,0.25,0.0,0.0,0.2562871277332306,-0.0016124179819598794,-0.005341808777302504
2105,22,11,1.0,0.9905309081077576,0,0,0.25,0.0,0.0,0.273189514875412,-0.0012664988171309233,-0.0014038565568625927
2106,22,12,1.0,0.9942799210548401,0,0,0.25,0.0,0.0,0.27451854944229126,-0.0013859663158655167,-0.00019362196326255798
2107,22,13,1.0,0.9932754039764404,0,0,0.25,0.0,0.0,0.2774662971496582,-0.0004907978000119328,0.0015597967430949211
2108,22,14,1.0,0.997904360294342,0,0,0.25,0.0,0.0,0.27869686484336853,7.421709597110748e-06,-0.001982151996344328
2109,22,15,1.0,0.9963213205337524,0,0,0.25,0.0,0.0,0.2823415994644165,-4.4536456698551774e-05,0.0018906844779849052
2110,22,16,1.0,0.9992966055870056,0,0,0.25,0.0,0.0,0.28458109498023987,0.00010604766430333257,0.0034711118787527084
2111,22,17,1.0,1.0021135807037354,0,0,0.25,0.0,0.0,0.2833479642868042,0.0012108145747333765,0.008120743557810783
2112,22,18,1.0,0.9929128289222717,0,0,0.25,0.0,0.0,0.28714296221733093,-0.0006695113843306899,0.00916818343102932
2113,22,19,1.0,0.988593578338623,0,0,0.25,0.0,0.0,0.26904839277267456,-0.000501437985803932,0.010752197355031967
2114,22,20,1.0,0.9957228899002075,0,0,0.25,0.0,0.0,0.175217866897583,-0.0016202247934415936,0.006376163102686405
2115,22,21,1.0,0.9910215735435486,0,0,0.0,0.0,0.0,0.058559171855449677,-0.0019216176588088274,0.00955149531364441
2116,22,22,1.0,0.9907320737838745,0,0,0.0,0.0,0.0,0.006692860275506973,0.004762342199683189,-0.0005284864455461502
2117,22,23,1.0,0.9918082356452942,0,0,0.0,0.0,0.0,0.0003101967740803957,0.005009298212826252,1.5276484191417694e-05
2118,22,24,1.0,0.9933414459228516,0,0,0.0,0.0,0.0,-0.00031136919278651476,0.005128584802150726,-0.005903737153857946
2119,22,25,1.0,0.9962129592895508,0,0,0.0,0.0,0.0,-0.00044710771180689335,0.004878524225205183,-0.011017980054020882
2120,22,26,1.0,1.0062392950057983,0,0,0.0,0.0,0.0,0.0030431938357651234,-0.060316964983940125,-0.00897715613245964
2121,22,27,1.0,1.006311058998108,0,0,0.0,0.0,0.0,0.002961789257824421,-0.06097755953669548,-0.008900731801986694
2122,22,28,1.0,1.0069423913955688,0,0,0.0,-0.25,0.0,0.002308391034603119,-0.11781579256057739,-0.00528664281591773
2123,22,29,1.0,0.9881268739700317,0,0,0.0,-0.25,0.0,-0.0033170715905725956,-0.2686847150325775,0.0018384456634521484
2124,22,30,1.0,0.9910985827445984,0,0,0.0,-0.25,0.0,-0.004260452464222908,-0.26965785026550293,0.0007971012964844704
2125,22,31,1.0,0.9920469522476196,0,0,0.0,-0.25,0.0,-0.004075400531291962,-0.2724197506904602,0.006464670412242413
2126,22,32,1.0,0.988287091255188,0,0,0.0,-0.25,0.0,-0.0037049874663352966,-0.2754584550857544,0.01306893490254879
2127,22,33,1.0,0.9886387586593628,0,0,0.0,-0.25,0.0,-0.003566707018762827,-0.27728360891342163,0.015259871259331703
2128,22,34,1.0,0.9864466786384583,0,0,0.0,-0.25,0.0,-0.003332153894007206,-0.27999716997146606,0.015597118064761162
2129,22,35,1.0,0.9896995425224304,0,0,0.0,-0.25,0.0,-0.004098174627870321,-0.2785816788673401,0.014021024107933044
2130,22,36,1.0,0.9906039834022522,0,0,0.0,-0.25,0.0,-0.0049452148377895355,-0.2757670283317566,0.012977587059140205
2131,22,37,1.0,0.9887095093727112,0,0,0.0,-0.25,0.0,-0.005625081714242697,-0.2655661106109619,0.0020966967567801476
2132,22,38,1.0,0.9848071932792664,0,0,0.0,-0.25,0.0,-0.004283989779651165,-0.19036386907100677,-0.006369275972247124
2133,22,39,1.0,0.9872483015060425,0,0,0.0,0.0,0.0,-0.0025146028492599726,-0.09905749559402466,-0.01751771755516529
2134,22,40,1.0,1.0007390975952148,0,0,0.0,0.0,0.0,0.0010354367550462484,-0.009016565978527069,0.0004985108971595764
2135,22,41,1.0,1.0018470287322998,0,0,0.0,0.0,0.0,0.00145206437446177,-0.003304222133010626,0.004660498350858688
2136,22,42,1.0,1.0029170513153076,0,0,0.0,0.0,0.0,0.0001450963318347931,0.0011403104290366173,-0.03443922847509384
2137,22,43,1.0,1.0030272006988525,0,0,0.0,0.0,0.0,0.00021482398733496666,0.001824458478949964,-0.03322804719209671
2138,22,44,1.0,1.0029575824737549,0,0,0.0,0.0,0.0,-0.0009092516265809536,0.0020466288551688194,-0.015060164965689182
2139,22,45,1.0,1.002987265586853,0,0,0.0,-0.25,0.0,-0.0008992241928353906,0.0021533682011067867,-0.01468542218208313
2140,22,46,1.0,0.9987667202949524,0,0,0.0,0.0,0.0,-0.0005274404538795352,0.0007588181179016829,-0.037311751395463943
2141,22,47,1.0,1.0003492832183838,0,0,0.0,0.0,0.0,-0.0008559334091842175,0.0024285423569381237,-0.012942876666784286
2142,22,48,1.0,1.0047461986541748,0,0,0.0,0.0,0.0,-0.0004699827404692769,0.0011636540293693542,-0.04137227684259415
2143,22,49,1.0,1.0045617818832397,0,0,0.0,0.0,0.0,-0.0006038403371348977,0.0017146012978628278,-0.0385182723402977
2144,22,50,1.0,1.007763385772705,0,0,0.0,0.0,0.0,-0.0006283504189923406,0.0005044837016612291,-0.13237358629703522
2145,22,51,1.0,1.0077688694000244,0,0,0.0,0.0,0.0,-0.0006472375243902206,0.000569965923205018,-0.13202038407325745
2146,22,52,1.0,1.0101996660232544,0,0,0.0,0.0,-0.5,-0.000697931507602334,0.0005909416358917952,-0.1727079153060913
2147,22,53,1.0,0.999285876750946,0,0,0.0,0.0,-0.5,0.0016895001754164696,0.0002264761133119464,-0.5498163104057312
2148,22,54,1.0,1.0003894567489624,0,0,0.0,0.0,-0.5,0.0015990640968084335,0.0007685229647904634,-0.5387892723083496
2149,22,55,1.0,1.0014528036117554,0,0,0.0,0.0,-0.5,0.0014287512749433517,0.0014238549629226327,-0.5385057330131531
2150,22,56,1.0,1.0052388906478882,0,0,0.0,0.0,-0.5,0.001554772723466158,0.0017308377427980304,-0.5414405465126038
2151,22,57,1.0,1.0086631774902344,0,0,0.0,0.0,-0.5,0.0024933544918894768,0.0015955098206177354,-0.5573663115501404
2152,22,58,1.0,1.0096325874328613,0,0,0.0,0.0,-0.5,0.0020368294790387154,0.0011712171835824847,-0.5710539221763611
2153,22,59,1.0,1.010522723197937,0,0,0.0,0.0,-0.5,0.0021443315781652927,0.0007680774433538318,-0.5769535303115845
2154,22,60,1.0,1.006010890007019,0,0,0.0,0.0,-0.5,0.00274953106418252,0.0015035694232210517,-0.572676956653595
2155,22,61,1.0,1.0029544830322266,0,0,0.0,0.0,-0.5,0.0023901709355413914,0.002505080308765173,-0.5611770153045654
2156,22,62,1.0,0.9877985119819641,0,0,0.0,0.0,-0.5,0.002256610430777073,0.0022623459808528423,-0.43738800287246704
2157,22,63,1.0,0.9879350066184998,0,0,0.0,0.0,-0.5,0.002210118342190981,0.0022559366188943386,-0.42787787318229675
2158,22,64,1.0,1.0535606145858765,0,0,0.0,0.0,0.0,0.004468197468668222,0.003319523297250271,-0.05774147808551788
2159,22,65,1.0,1.0540597438812256,0,0,0.0,0.0,0.0,0.004472234286367893,0.0032999408431351185,-0.05671442300081253
2160,22,66,1.0,2.011878252029419,0,1,0.0,0.0,0.0,0.0022288369946181774,-0.0019260968547314405,-0.008566389791667461
2161,22,67,2.0,2.011918783187866,1,1,0.0,0.0,0.0,0.0022326004691421986,-0.0019304862944409251,-0.00854900386184454
2162,22,68,2.0,2.0468811988830566,1,1,0.0,0.0,0.0,6.955582648515701e-06,-0.0021507726050913334,-0.0019964375533163548
2163,22,69,2.0,2.050765037536621,1,1,0.0,0.0,0.0,0.000652300426736474,-0.0025369934737682343,0.0009030131623148918
2164,22,70,2.0,2.050722360610962,1,1,0.0,0.0,0.0,0.00031265756115317345,-0.002054420066997409,0.001690305769443512
2165,22,71,2.0,2.0537021160125732,1,1,0.0,0.0,0.0,0.0005035626236349344,-0.0017359155463054776,0.0010246261954307556
2166,22,72,2.0,2.0547943115234375,1,1,0.0,0.0,0.0,0.0005923330318182707,-0.002168026752769947,0.0019768355414271355
2167,22,73,2.0,2.055123805999756,1,1,0.0,0.0,0.0,0.00039663398638367653,-0.0019246365409344435,0.0012056156992912292
2168,22,74,2.0,2.0265052318573,1,1,0.0,0.0,0.0,-0.00010181451216340065,-0.0028089494444429874,-0.009189927019178867
2169,22,75,1.0,1.9430608749389648,0,1,0.0,0.0,0.0,-0.0009861104190349579,-0.001659848727285862,-0.01443522423505783
2170,22,76,1.0,1.4868676662445068,0,0,0.0,0.0,0.0,0.0007808895315974951,-0.002493789419531822,-0.03886037692427635
2171,22,77,1.0,1.0519925355911255,0,0,0.0,0.0,0.0,0.0009619584307074547,-0.0026327879168093204,0.029702959582209587
2172,22,78,1.0,1.0003032684326172,0,0,0.0,0.0,0.0,0.002083661500364542,-0.002867152914404869,0.18703636527061462
2173,22,79,1.0,1.0002458095550537,0,0,0.0,0.0,0.0,0.0018293154425919056,-0.0027909502387046814,0.19055336713790894
2174,22,80,1.0,0.9913779497146606,0,0,0.0,0.0,0.0,0.00022058049216866493,-0.0012295129708945751,0.3146255910396576
2175,22,81,1.0,0.9914337396621704,0,0,0.0,0.0,0.0,0.00029246206395328045,-0.0007960826042108238,0.32680392265319824
2176,22,82,1.0,0.9905169606208801,0,0,0.0,0.0,0.5,0.0002965289168059826,-0.0005199586157687008,0.34891948103904724
2177,22,83,1.0,0.9995515942573547,0,0,0.0,0.0,0.5,-0.00013806112110614777,0.00026914634509012103,0.5188435316085815
2178,22,84,1.0,0.9995375871658325,0,0,0.0,0.0,0.5,0.00036047655157744884,0.00015958462608978152,0.5489766001701355
2179,22,85,1.0,1.0024982690811157,0,0,0.0,0.0,0.5,0.0008352296426892281,3.599072806537151e-05,0.5458976030349731
2180,22,86,1.0,1.0008255243301392,0,0,0.0,0.0,0.5,0.00046856794506311417,-0.0001339818409178406,0.5507038831710815
2181,22,87,1.0,0.9997129440307617,0,0,0.0,0.0,0.5,-0.000265707029029727,-0.00031801851582713425,0.5445335507392883
2182,22,88,1.0,0.9985515475273132,0,0,0.0,0.0,0.5,-0.00013490067794919014,-0.0007106015691533685,0.5446013808250427
2183,22,89,1.0,0.9990503787994385,0,0,0.0,0.0,0.5,0.00017290422692894936,-0.00013753725215792656,0.5439096689224243
2184,22,90,1.0,0.9992407560348511,0,0,0.0,0.0,0.5,0.0005599008873105049,-0.00038786709774285555,0.5501013994216919
2185,22,91,1.0,1.0007797479629517,0,0,0.0,0.0,0.5,-0.0001759908627718687,-0.0004118337528780103,0.548236608505249
2186,23,0,1.0,0.9888830184936523,0,0,0.0,0.0,0.0,-0.0006327786250039935,0.0001614961656741798,-0.0011897552758455276
2187,23,1,1.0,0.9924798607826233,0,0,0.0,0.0,0.0,-0.0007726436015218496,0.00041718495776876807,-0.0023128041066229343
2188,23,2,1.0,0.9931407570838928,0,0,0.0,0.0,0.0,-0.0018095102859660983,2.0739564206451178e-05,0.010480176657438278
2189,23,3,1.0,0.9929841756820679,0,0,0.0,0.0,0.0,-0.0024372050538659096,0.00013296020915731788,0.010996514931321144
2190,23,4,1.0,0.9915356040000916,0,0,0.0,0.0,0.0,-0.009772127494215965,0.0023861266672611237,0.00823201984167099
2191,23,5,1.0,0.9914430379867554,0,0,0.0,0.0,0.0,-0.009879708290100098,0.0023480295203626156,0.008537804707884789
2192,23,6,1.0,0.9928289651870728,0,0,0.0,0.0,0.0,0.019016830250620842,0.0016991087468340993,-0.040266163647174835
2193,23,7,1.0,0.9927690625190735,0,0,0.0,0.0,0.0,0.019105667248368263,0.0016801682068035007,-0.04015635699033737
2194,23,8,1.0,0.99152672290802,0,0,0.0,0.0,0.0,0.11547394096851349,-0.001771264593116939,-0.023049935698509216
2195,23,9,1.0,0.9915119409561157,0,0,0.0,0.0,0.0,0.11550741642713547,-0.001771418610587716,-0.023026075214147568
2196,23,10,1.0,0.9874615669250488,0,0,0.25,0.0,0.0,0.2304595410823822,-0.0016565388068556786,-0.0037811826914548874
2197,23,11,1.0,0.990168571472168,0,0,0.25,0.0,0.0,0.26251810789108276,-0.000821094261482358,-0.0028798021376132965
2198,23,12,1.0,0.9916994571685791,0,0,0.25,0.0,0.0,0.27229443192481995,-3.802328137680888e-05,0.0009690243750810623
2199,23,13,1.0,0.991074800491333,0,0,0.25,0.0,0.0,0.27402442693710327,0.0008669474627822638,0.0003129728138446808
2200,23,14,1.0,0.9883992075920105,0,0,0.25,0.0,0.0,0.27807578444480896,0.001438357518054545,-0.0011017480865120888
2201,23,15,1.0,0.99305260181427,0,0,0.25,0.0,0.0,0.27834659814834595,0.002375651616603136,-0.002527369651943445
2202,23,16,1.0,0.9946529269218445,0,0,0.25,0.0,0.0,0.28018614649772644,0.0016944179078564048,-0.0050074877217411995
2203,23,17,1.0,0.9971768260002136,0,0,0.25,0.0,0.0,0.28189849853515625,0.002002646215260029,-0.003554872702807188
2204,23,18,1.0,1.0043566226959229,0,0,0.25,0.0,0.0,0.2869226634502411,0.0011717004235833883,-0.003298097290098667
2205,23,19,1.0,0.9976701736450195,0,0,0.25,0.0,0.0,0.2869744896888733,0.0010818936862051487,-0.002813193015754223
2206,23,20,1.0,0.9873321056365967,0,0,0.25,0.0,0.0,0.27581754326820374,0.0014445061096921563,-0.0023217471316456795
2207,23,21,1.0,0.9889418482780457,0,0,0.25,0.0,0.0,0.22750186920166016,0.0036464212462306023,-0.0004964340478181839
2208,23,22,1.0,0.9953801035881042,0,0,0.0,0.0,0.0,0.10060059279203415,0.0023231790401041508,0.007489383220672607
2209,23,23,1.0,1.00080406665802,0,0,0.0,0.0,0.0,0.02973526157438755,0.002347571775317192,0.012185711413621902
2210,23,24,1.0,1.0069098472595215,0,0,0.0,0.0,0.0,0.003256475552916527,-0.0003662754606921226,0.005826529115438461
2211,23,25,1.0,1.0074505805969238,0,0,0.0,0.0,0.0,-0.001274946378543973,-0.0006370497867465019,0.005565278232097626
2212,23,26,1.0,1.007089614868164,0,0,0.0,0.0,0.0,-0.0017437918577343225,0.05865122377872467,-0.021320726722478867
2213,23,27,1.0,1.0071184635162354,0,0,0.0,0.0,0.0,-0.0020496926736086607,0.0589224211871624,-0.021152034401893616
2214,23,28,1.0,1.0041645765304565,0,0,0.0,0.0,0.0,-0.0004771534586325288,0.1571737676858902,-0.022912923246622086
2215,23,29,1.0,1.0041625499725342,0,0,0.0,0.0,0.0,-0.0004994780756533146,0.15721741318702698,-0.022886116057634354
2216,23,30,1.0,1.0036063194274902,0,0,0.0,0.0,0.0,-0.0007047263206914067,0.1479032337665558,-0.02510528638958931
2217,23,31,1.0,1.0036036968231201,0,0,0.0,0.0,0.0,-0.0007095765322446823,0.14791133999824524,-0.02511238306760788
2218,23,32,1.0,1.0042805671691895,0,0,0.0,0.25,0.0,0.00021572411060333252,0.21345248818397522,-0.015179142355918884
2219,23,33,1.0,0.991950273513794,0,0,0.0,0.25,0.0,-0.00018560700118541718,0.27831804752349854,-0.007742542307823896
2220,23,34,1.0,0.9897382855415344,0,0,0.0,0.25,0.0,-2.6543857529759407e-05,0.27630171179771423,-0.006051558069884777
2221,23,35,1.0,0.9860430359840393,0,0,0.0,0.25,0.0,-0.00017342576757073402,0.2780402898788452,0.0019087688997387886
2222,23,36,1.0,0.982853353023529,0,0,0.0,0.25,0.0,-0.0012499922886490822,0.27642756700515747,0.004763222299516201
2223,23,37,1.0,0.9821898341178894,0,0,0.0,0.25,0.0,-0.0007013869471848011,0.2773974537849426,0.004452353343367577
2224,23,38,1.0,0.9883230924606323,0,0,0.0,0.25,0.0,-0.0007868888787925243,0.27219343185424805,0.0015062112361192703
2225,23,39,1.0,0.9912161231040955,0,0,0.0,0.25,0.0,-0.0016566221602261066,0.2687602639198303,-0.0055539049208164215
2226,23,40,1.0,0.984677791595459,0,0,0.0,0.25,0.0,-0.0020268557127565145,0.24597150087356567,-0.013096013106405735
2227,23,41,1.0,0.989504337310791,0,0,0.0,0.25,0.0,0.0018967492505908012,0.1494554579257965,-0.008879780769348145
2228,23,42,1.0,1.003329873085022,0,0,0.0,0.25,0.0,0.0020780148915946484,0.04928308725357056,-0.01326681300997734
2229,23,43,1.0,1.0060733556747437,0,0,0.0,0.25,0.0,0.0019032829441130161,0.031828250735998154,-0.01122727245092392
2230,23,44,1.0,0.9999207854270935,0,0,0.0,0.0,0.0,-0.0011669574305415154,0.011530734598636627,0.006992807611823082
2231,23,45,1.0,0.999005138874054,0,0,0.0,0.0,0.0,-0.0011934932554140687,0.007247642148286104,0.018216896802186966
2232,23,46,1.0,1.00348699092865,0,0,0.0,0.0,0.0,0.00013965927064418793,0.002311620395630598,-0.06720934808254242
2233,23,47,1.0,1.0028949975967407,0,0,0.0,0.0,0.0,8.100946433842182e-05,0.001489240792579949,-0.07146821916103363
2234,23,48,1.0,1.0073248147964478,0,0,0.0,0.0,0.0,5.135568790137768e-05,-6.69871224090457e-06,-0.2027837634086609
2235,23,49,1.0,1.0071982145309448,0,0,0.0,0.0,0.0,4.489254206418991e-05,-0.00017139120609499514,-0.20520485937595367
2236,23,50,1.0,1.0089184045791626,0,0,0.0,0.0,0.0,-0.00015612086281180382,7.703882874920964e-05,-0.32038795948028564
2237,23,51,1.0,1.008881688117981,0,0,0.0,0.0,-0.5,-0.00014872150495648384,3.945367643609643e-05,-0.32119134068489075
2238,23,52,1.0,0.9958860278129578,0,0,0.0,0.0,-0.5,0.0009891930967569351,0.0007012896239757538,-0.5463069677352905
2239,23,53,1.0,0.9980601668357849,0,0,0.0,0.0,-0.5,0.001274392008781433,0.0009928246727213264,-0.539033055305481
2240,23,54,1.0,1.0030416250228882,0,0,0.0,0.0,-0.5,0.0013255728408694267,0.0020138476975262165,-0.5459736585617065
2241,23,55,1.0,1.0044573545455933,0,0,0.0,0.0,-0.5,0.0017744628712534904,0.0019006769871339202,-0.5500970482826233
2242,23,56,1.0,1.0075364112854004,0,0,0.0,0.0,-0.5,0.00257336487993598,0.0013828080845996737,-0.5583001375198364
2243,23,57,1.0,1.0101909637451172,0,0,0.0,0.0,-0.5,0.0022134236060082912,0.0011896764626726508,-0.5615193247795105
2244,23,58,1.0,1.0076854228973389,0,0,0.0,0.0,-0.5,0.002216273918747902,0.0004535544430837035,-0.5799505114555359
2245,23,59,1.0,1.0029417276382446,0,0,0.0,0.0,-0.5,0.0028548496775329113,0.0007561083184555173,-0.5799944996833801
2246,23,60,1.0,0.9930738210678101,0,0,0.0,0.0,-0.5,0.0026379642076790333,0.001726501272059977,-0.5360330939292908
2247,23,61,1.0,0.9965031743049622,0,0,0.0,0.0,-0.5,0.002776783425360918,0.0018929842626675963,-0.5371414422988892
2248,23,62,1.0,1.8118150234222412,0,1,0.0,0.0,-0.5,0.0021979748271405697,-0.00038477196358144283,-0.004810863174498081
2249,23,63,1.0,1.8152194023132324,0,1,0.0,0.0,0.0,0.002182758878916502,-0.00037246831925585866,-0.004583179485052824
2250,23,64,1.0,2.0349581241607666,0,1,0.0,0.0,0.0,0.0017956127412617207,-0.0016937479376792908,-0.013193321414291859
2251,23,65,1.0,2.034968137741089,0,1,0.0,0.0,0.0,0.0017903917469084263,-0.0016849925741553307,-0.013186348602175713
2252,23,66,1.0,2.0401430130004883,0,1,0.0,0.0,0.0,0.0014018809888511896,-0.0012808453757315874,-0.011975552886724472
2253,23,67,2.0,2.0401313304901123,1,1,0.0,0.0,0.0,0.0013983184471726418,-0.0012753063347190619,-0.011976347304880619
2254,23,68,2.0,2.044921875,1,1,0.0,0.0,0.0,-0.000540589913725853,-0.0016457110177725554,-0.003799289930611849
2255,23,69,2.0,2.048750400543213,1,1,0.0,0.0,0.0,0.0002205090131610632,-0.0019830551464110613,-0.0005095368251204491
2256,23,70,2.0,2.0538554191589355,1,1,0.0,0.0,0.0,-5.135778337717056e-05,-0.0022486895322799683,0.001717517152428627
2257,23,71,2.0,2.055309772491455,1,1,0.0,0.0,0.0,-3.587384708225727e-05,-0.0021856697276234627,0.0015661222860217094
2258,23,72,2.0,2.052520513534546,1,1,0.0,0.0,0.0,-0.0003081049071624875,-0.003137491177767515,-0.0003399904817342758
2259,23,73,2.0,2.050360679626465,1,1,0.0,0.0,0.0,-0.0005743327783420682,-0.003336308989673853,-0.0028146649710834026
2260,23,74,1.0,1.9406254291534424,0,1,0.0,0.0,0.0,0.0011377902701497078,-0.002386914100497961,-0.015693271532654762
2261,23,75,1.0,1.9052717685699463,0,1,0.0,0.0,0.0,0.0021669953130185604,-0.00180729734711349,-0.017397934570908546
2262,23,76,1.0,1.0340962409973145,0,0,0.0,0.0,0.0,0.0013194286730140448,0.00039900990668684244,0.08606335520744324
2263,23,77,1.0,1.0092662572860718,0,0,0.0,0.0,0.0,0.0019239718094468117,-3.283994738012552e-05,0.15609385073184967
2264,23,78,1.0,0.9942945837974548,0,0,0.0,0.0,0.0,-0.0006941573228687048,-0.0010488678235560656,0.358508825302124
2265,23,79,1.0,0.9944044351577759,0,0,0.0,0.0,0.0,-0.000791756552644074,-0.0008552776416763663,0.3680225610733032
2266,23,80,1.0,0.9947645664215088,0,0,0.0,0.0,0.5,-0.0012316838838160038,-0.00045641971519216895,0.3491517901420593
2267,23,81,1.0,1.00430428981781,0,0,0.0,0.0,0.5,-5.215662531554699e-05,0.0003879061550833285,0.5428072214126587
2268,23,82,1.0,1.0016424655914307,0,0,0.0,0.0,0.5,0.0006419485434889793,0.00035331619437783957,0.5505483150482178
2269,23,83,1.0,1.002363681793213,0,0,0.0,0.0,0.5,-0.00016170251183211803,0.00020943733397871256,0.5504589676856995
2270,23,84,1.0,1.0017333030700684,0,0,0.0,0.0,0.5,-2.141343429684639e-05,0.00025020516477525234,0.5488889217376709
2271,23,85,1.0,1.0026310682296753,0,0,0.0,0.0,0.5,-7.732282392680645e-05,-0.00011612856178544462,0.5488574504852295
2272,23,86,1.0,1.0005017518997192,0,0,0.0,0.0,0.5,0.00013419613242149353,0.0001178441452793777,0.5497092008590698
2273,23,87,1.0,1.0000718832015991,0,0,0.0,0.0,0.5,0.0007230981718748808,5.077687092125416e-05,0.5489745736122131
2274,23,88,1.0,1.0010265111923218,0,0,0.0,0.0,0.5,0.0006929386872798204,-0.00012147633242420852,0.5465947985649109
2275,23,89,1.0,1.0004804134368896,0,0,0.0,0.0,0.5,0.0008471442852169275,0.00021718163043260574,0.5441715121269226
2276,24,0,1.0,1.004946231842041,0,0,0.0,0.0,0.0,0.010197615250945091,0.002797769382596016,-0.007823347114026546
2277,24,1,1.0,1.0059846639633179,0,0,0.0,0.0,0.0,0.010474588721990585,0.0022411723621189594,-0.011917222291231155
2278,24,2,1.0,1.007067084312439,0,0,0.0,0.0,0.0,0.009286504238843918,0.0010739235440269113,-0.005225195549428463
2279,24,3,1.0,1.0069482326507568,0,0,0.0,0.0,0.0,0.009301288053393364,0.0011880327947437763,-0.004430396016687155
2280,24,4,1.0,1.005125880241394,0,0,0.0,0.0,0.0,0.008987201377749443,0.0015922944294288754,0.01081346906721592
2281,24,5,1.0,1.0051600933074951,0,0,0.0,0.0,0.0,0.008998476900160313,0.0016161779640242457,0.011022647842764854
2282,24,6,1.0,1.0007891654968262,0,0,0.0,0.0,0.0,0.0022292411886155605,0.0004567039432004094,0.00515944417566061
2283,24,7,1.0,1.0007847547531128,0,0,0.0,0.0,0.0,0.0022519314661622047,0.0004599696258082986,0.005241984501481056
2284,24,8,1.0,0.9999312162399292,0,0,0.0,0.0,0.0,-0.0029372263234108686,-0.00022812391398474574,0.0030402643606066704
2285,24,9,1.0,0.9999299645423889,0,0,-0.25,0.0,0.0,-0.0029297079890966415,-0.0002277619205415249,0.0030645309016108513
2286,24,10,1.0,1.0009058713912964,0,0,-0.25,0.0,0.0,-0.26896798610687256,-0.006035740952938795,0.004846462048590183
2287,24,11,1.0,0.9999462962150574,0,0,-0.25,0.0,0.0,-0.27128374576568604,-0.0074019827879965305,0.006029222160577774
2288,24,12,1.0,0.998323917388916,0,0,-0.25,0.0,0.0,-0.2746313512325287,-0.006376978009939194,0.003347586840391159
2289,24,13,1.0,0.9959945678710938,0,0,-0.25,0.0,0.0,-0.27751752734184265,-0.007658876478672028,0.0033993488177657127
2290,24,14,1.0,0.9951498508453369,0,0,-0.25,0.0,0.0,-0.27885234355926514,-0.006868197117000818,-0.0018695383332669735
2291,24,15,1.0,0.9957579970359802,0,0,-0.25,0.0,0.0,-0.282240092754364,-0.0057175541296601295,-0.000767003744840622
2292,24,16,1.0,0.9981324672698975,0,0,-0.25,0.0,0.0,-0.2809854745864868,-0.0045892661437392235,0.004662131890654564
2293,24,17,1.0,0.9996528625488281,0,0,-0.25,0.0,0.0,-0.28662335872650146,-0.005557183641940355,0.005219234153628349
2294,24,18,1.0,0.996703028678894,0,0,-0.25,0.0,0.0,-0.28509077429771423,-0.003684157505631447,0.0023179082199931145
2295,24,19,1.0,0.9997168779373169,0,0,-0.25,0.0,0.0,-0.2865671217441559,-0.0028895558789372444,0.003642374649643898
2296,24,20,1.0,1.0037404298782349,0,0,-0.25,0.0,0.0,-0.2855796217918396,-0.0013155154883861542,0.002271778881549835
2297,24,21,1.0,1.006393551826477,0,0,-0.25,0.0,0.0,-0.2715720534324646,-0.0005037056398577988,-0.00031485501676797867
2298,24,22,1.0,0.9954569935798645,0,0,-0.25,0.0,0.0,-0.1721642166376114,-0.0019459098111838102,-0.005290991626679897
2299,24,23,1.0,0.9925838112831116,0,0,-0.25,0.0,0.0,-0.0688142254948616,-0.0016154857585206628,-0.002026952337473631
2300,24,24,1.0,0.9940423369407654,0,0,0.0,0.0,0.0,-0.023070169612765312,0.0040407944470644,0.006513225845992565
2301,24,25,1.0,0.9921301007270813,0,0,0.0,0.0,0.0,0.011098996736109257,0.00440358929336071,0.002994522452354431
2302,24,26,1.0,0.9978410601615906,0,0,0.0,0.0,0.0,0.005679996684193611,-0.04027698561549187,-0.0009626587852835655
2303,24,27,1.0,0.9981808066368103,0,0,0.0,0.0,0.0,0.008331133984029293,-0.043093644082546234,-0.0038492297753691673
2304,24,28,1.0,0.9988682866096497,0,0,0.0,0.0,0.0,-0.0001438611652702093,-0.18283265829086304,-0.005389365367591381
2305,24,29,1.0,0.9987719058990479,0,0,0.0,0.0,0.0,1.8077204003930092e-05,-0.18301501870155334,-0.0056743742898106575
2306,24,30,1.0,0.9918218851089478,0,0,0.0,-0.25,0.0,-0.002852473873645067,-0.25071531534194946,-0.0017996421083807945
2307,24,31,1.0,0.9884823560714722,0,0,0.0,-0.25,0.0,-0.004950983449816704,-0.2657757103443146,0.001621125265955925
2308,24,32,1.0,0.9872081279754639,0,0,0.0,-0.25,0.0,-0.0046479906886816025,-0.26624205708503723,1.0867603123188019e-05
2309,24,33,1.0,0.9876817464828491,0,0,0.0,-0.25,0.0,-0.00479206582531333,-0.27583831548690796,0.005537618882954121
2310,24,34,1.0,0.986476480960846,0,0,0.0,-0.25,0.0,-0.004334087483584881,-0.274985134601593,0.009784361347556114
2311,24,35,1.0,0.9835109114646912,0,0,0.0,-0.25,0.0,-0.003389159217476845,-0.27726948261260986,0.014409411698579788
2312,24,36,1.0,0.9836791157722473,0,0,0.0,-0.25,0.0,-0.003536044154316187,-0.27988213300704956,0.013966817408800125
2313,24,37,1.0,0.9824735522270203,0,0,0.0,-0.25,0.0,-0.0022344121243804693,-0.27931714057922363,0.011573109775781631
2314,24,38,1.0,0.9833741188049316,0,0,0.0,-0.25,0.0,-0.0025903915520757437,-0.2554183602333069,0.004971514455974102
2315,24,39,1.0,0.9855441451072693,0,0,0.0,-0.25,0.0,-0.0023151133209466934,-0.15047067403793335,-0.008863845840096474
2316,24,40,1.0,0.9883459210395813,0,0,0.0,0.0,0.0,-0.0018495047697797418,-0.10173051059246063,-0.009772404097020626
2317,24,41,1.0,0.9949408173561096,0,0,0.0,0.0,0.0,-0.0012861387804150581,-0.021820833906531334,-0.005864756181836128
2318,24,42,1.0,0.9992690086364746,0,0,0.0,0.0,0.0,-0.0015758199151605368,-0.0059538837522268295,0.0006661694496870041
2319,24,43,1.0,0.9993845224380493,0,0,0.0,0.0,0.0,-0.001461545703932643,-0.003198179416358471,0.00232098251581192
2320,24,44,1.0,1.0001022815704346,0,0,0.0,0.0,0.0,-0.0007948493584990501,-0.001327709062024951,0.004144597798585892
2321,24,45,1.0,1.0000948905944824,0,0,0.0,0.0,0.0,-0.0007977088680490851,-0.0008322676876559854,0.0037609152495861053
2322,24,46,1.0,1.0015618801116943,0,0,0.0,-0.25,0.0,-0.000251205638051033,-0.0005498674581758678,0.0006258450448513031
2323,24,47,1.0,1.0010823011398315,0,0,0.0,-0.25,0.0,-0.0012675526086241007,-0.008373335935175419,-0.04671291261911392
2324,24,48,1.0,0.9979407787322998,0,0,0.0,0.0,0.0,-0.0001506749540567398,-0.0036494513042271137,-0.05893659591674805
2325,24,49,1.0,0.998881459236145,0,0,0.0,0.0,0.0,-0.00015877396799623966,-0.00033670448465272784,-0.04597984999418259
2326,24,50,1.0,0.9982126951217651,0,0,0.0,0.0,0.0,-0.00033621140755712986,0.0007237873505800962,-0.06803951412439346
2327,24,51,1.0,0.9981245994567871,0,0,0.0,0.0,0.0,-0.0003663151292130351,0.0011692772386595607,-0.06425526738166809
2328,24,52,1.0,1.0025701522827148,0,0,0.0,0.0,0.0,0.0005369975697249174,0.0014888279838487506,-0.09382389485836029
2329,24,53,1.0,1.002603530883789,0,0,0.0,0.0,0.0,0.000509975478053093,0.0015703813405707479,-0.09327679127454758
2330,24,54,1.0,1.004220962524414,0,0,0.0,0.0,0.0,0.0005967379547655582,0.0012851678766310215,-0.12365251034498215
2331,24,55,1.0,1.004227638244629,0,0,0.0,0.0,-0.5,0.0005861220415681601,0.0013012215495109558,-0.12355005741119385
2332,24,56,1.0,0.9956453442573547,0,0,0.0,0.0,-0.5,0.0003995071165263653,0.0006160496268421412,-0.5403380393981934
2333,24,57,1.0,0.9964116811752319,0,0,0.0,0.0,-0.5,0.0003280907403677702,0.0012183829676359892,-0.5313213467597961
2334,24,58,1.0,0.9966603517532349,0,0,0.0,0.0,-0.5,-0.0008410908048972487,0.0014165693428367376,-0.532184362411499
2335,24,59,1.0,0.9991783499717712,0,0,0.0,0.0,-0.5,0.00015587825328111649,0.0014832845190539956,-0.5359867811203003
2336,24,60,1.0,1.0023722648620605,0,0,0.0,0.0,-0.5,0.00010124361142516136,0.0011616660049185157,-0.5376284718513489
2337,24,61,1.0,1.0047776699066162,0,0,0.0,0.0,-0.5,0.0010793495457619429,0.001731561846099794,-0.5453255772590637
2338,24,62,1.0,1.0076757669448853,0,0,0.0,0.0,-0.5,0.001172005431726575,0.0016971466830000281,-0.563921332359314
2339,24,63,1.0,1.0095787048339844,0,0,0.0,0.0,-0.5,0.0022517917677760124,0.001137284911237657,-0.5670278072357178
2340,24,64,1.0,1.0091831684112549,0,0,0.0,0.0,-0.5,0.0023542577400803566,0.0008312112186104059,-0.5587828755378723
2341,24,65,1.0,1.0077871084213257,0,0,0.0,0.0,-0.5,0.002528700977563858,0.0019911378622055054,-0.5385609865188599
2342,24,66,1.0,0.989145040512085,0,0,0.0,0.0,-0.5,0.0025393040850758553,0.003123838920146227,-0.39193570613861084
2343,24,67,1.0,0.9917786121368408,0,0,0.0,0.0,0.0,0.0026143845170736313,0.0029146899469196796,-0.4068547785282135
2344,24,68,1.0,1.3683993816375732,0,0,0.0,0.0,0.0,0.0001170584000647068,0.0016665708972141147,-0.017337987199425697
2345,24,69,1.0,1.3568944931030273,0,0,0.0,0.0,0.0,-0.0006349722389131784,0.0020960024558007717,-0.030505571514368057
2346,24,70,1.0,1.847049355506897,0,1,0.0,0.0,0.0,2.8095440939068794e-05,-0.0009744791896082461,-0.003517528995871544
2347,24,71,1.0,1.847400426864624,0,1,0.0,0.0,0.0,8.513405919075012e-05,-0.001045383047312498,-0.003308601211756468
2348,24,72,2.0,1.953302264213562,1,1,0.0,0.0,0.0,0.000773540697991848,-0.00048322990187443793,-0.010031551122665405
2349,24,73,2.0,2.0473973751068115,1,1,0.0,0.0,0.0,-0.0005636602872982621,-0.00030038011027500033,-0.002624800428748131
2350,24,74,2.0,2.042232036590576,1,1,0.0,0.0,0.0,-0.0010795311536639929,0.0003376667737029493,-0.001224507112056017
2351,24,75,2.0,2.0446906089782715,1,1,0.0,0.0,0.0,-0.00023382273502647877,-0.0020421866793185472,0.004638179205358028
2352,24,76,2.0,2.0445919036865234,1,1,0.0,0.0,0.0,-0.0002500989940017462,-0.0010675216326490045,0.00626251008361578
2353,24,77,2.0,2.0449538230895996,1,1,0.0,0.0,0.0,1.9869301468133926e-05,-0.0016454486176371574,0.004742882214486599
2354,24,78,2.0,2.043276309967041,1,1,0.0,0.0,0.0,0.00011862348765134811,-0.001664999290369451,0.004296853207051754
2355,24,79,2.0,2.0428860187530518,1,1,0.0,0.0,0.0,-0.00018356251530349255,-0.0011619729921221733,0.005274991504848003
2356,24,80,1.0,2.0483009815216064,0,1,0.0,0.0,0.0,-0.0006865038303658366,-0.0017075496725738049,0.0013619419187307358
2357,24,81,1.0,2.0485873222351074,0,1,0.0,0.0,0.0,-0.0007221521809697151,-0.0017734658904373646,-1.0531395673751831e-05
2358,24,82,1.0,2.0478739738464355,0,1,0.0,0.0,0.0,-0.0007415397558361292,-0.0017031797906383872,-0.0022793603129684925
2359,24,83,1.0,2.0461907386779785,0,1,0.0,0.0,0.0,-0.0004752806853502989,-0.0015823821304365993,-0.0065013510175049305
2360,24,84,1.0,1.9884761571884155,0,1,0.0,0.0,0.0,0.0010082621593028307,-0.0003364860313013196,-0.019969791173934937
2361,24,85,1.0,1.9743080139160156,0,1,0.0,0.0,0.0,0.0017218641005456448,0.0002896226942539215,-0.01948990300297737
2362,24,86,1.0,1.2033939361572266,0,0,0.0,0.0,0.0,0.005621697753667831,0.0030678194016218185,0.028310319408774376
2363,24,87,1.0,1.033286213874817,0,0,0.0,0.0,0.5,0.003497632220387459,0.0008415003539994359,0.1608862429857254
2364,24,88,1.0,0.997813880443573,0,0,0.0,0.0,0.5,-0.0007635701913386583,-0.0012235440080985427,0.4687647223472595
2365,24,89,1.0,0.9989884495735168,0,0,0.0,0.0,0.5,-0.00029188976623117924,-0.0017611003713682294,0.5116106271743774
2366,24,90,1.0,1.001966953277588,0,0,0.0,0.0,0.5,0.0007016279269009829,-0.00016389787197113037,0.5579000115394592
2367,24,91,1.0,1.0024830102920532,0,0,0.0,0.0,0.5,0.0008008363656699657,-7.229947368614376e-05,0.553411602973938
2368,24,92,1.0,1.0028287172317505,0,0,0.0,0.0,0.5,0.0010518787894397974,-5.515586235560477e-05,0.5445663928985596
2369,24,93,1.0,1.0010148286819458,0,0,0.0,0.0,0.5,0.0009229688439518213,5.512137431651354e-05,0.54851895570755
2370,24,94,1.0,1.0002421140670776,0,0,0.0,0.0,0.5,0.00031299423426389694,-0.0001527407148387283,0.5435535907745361
2371,24,95,1.0,0.9996535778045654,0,0,0.0,0.0,0.5,-0.0001806362997740507,0.0003131694393232465,0.5421110987663269
2372,24,96,1.0,1.0005149841308594,0,0,0.0,0.0,0.5,-6.243027746677399e-05,5.449051968753338e-06,0.5403406620025635
2373,25,0,1.0,0.9980345964431763,0,0,0.0,0.0,0.0,0.010205965489149094,0.0018069021170958877,0.0007967371493577957
2374,25,1,1.0,0.9990145564079285,0,0,0.0,0.0,0.0,0.00986025482416153,-5.9273792430758476e-05,-0.0030914684757590294
2375,25,2,1.0,1.0033339262008667,0,0,0.0,0.0,0.0,0.010542771779000759,-0.0011177167762070894,0.005169898271560669
2376,25,3,1.0,1.0033760070800781,0,0,0.0,0.0,0.0,0.010577939450740814,-0.0010880872141569853,0.0064680613577365875
2377,25,4,1.0,1.0050530433654785,0,0,0.0,0.0,0.0,0.011187697760760784,-0.00016576185589656234,0.020490458235144615
2378,25,5,1.0,1.0050020217895508,0,0,0.0,0.0,0.0,0.011179698631167412,-0.0001724625180941075,0.02084752917289734
2379,25,6,1.0,1.003173589706421,0,0,0.0,0.0,0.0,-0.0037014209665358067,7.037754403427243e-05,-0.008603885769844055
2380,25,7,1.0,1.0031484365463257,0,0,0.0,0.0,0.0,-0.003677891567349434,6.97135110385716e-05,-0.008490062318742275
2381,25,8,1.0,0.9958946108818054,0,0,-0.25,0.0,0.0,-0.16645391285419464,-0.00227423757314682,0.0008044242858886719
2382,25,9,1.0,1.0014386177062988,0,0,-0.25,0.0,0.0,-0.256445050239563,-0.0031323502771556377,0.0003187134861946106
2383,25,10,1.0,1.0043054819107056,0,0,-0.25,0.0,0.0,-0.2696709632873535,-0.0017170036444440484,0.004160715267062187
2384,25,11,1.0,1.001739740371704,0,0,-0.25,0.0,0.0,-0.2735133469104767,-0.000828429008834064,0.005426014773547649
2385,25,12,1.0,1.0019360780715942,0,0,-0.25,0.0,0.0,-0.2782474756240845,-0.001657598651945591,-0.0008552456274628639
2386,25,13,1.0,1.0002756118774414,0,0,-0.25,0.0,0.0,-0.27859100699424744,-0.0004970648442395031,-0.00019984226673841476
2387,25,14,1.0,1.0014911890029907,0,0,-0.25,0.0,0.0,-0.2796391546726227,-0.00044753507245332,0.0009049056097865105
2388,25,15,1.0,1.0009989738464355,0,0,-0.25,0.0,0.0,-0.280928373336792,-0.0009131028200499713,0.0013974737375974655
2389,25,16,1.0,0.995529055595398,0,0,-0.25,0.0,0.0,-0.28294137120246887,-0.0030747526325285435,0.0009749401360750198
2390,25,17,1.0,0.9956932663917542,0,0,-0.25,0.0,0.0,-0.2850213348865509,-0.0028416174463927746,-0.0007142834365367889
2391,25,18,1.0,0.9993765354156494,0,0,-0.25,0.0,0.0,-0.2843080759048462,-0.002159109804779291,0.001895706169307232
2392,25,19,1.0,0.9953793883323669,0,0,-0.25,0.0,0.0,-0.28591474890708923,-0.0016400018939748406,0.0019797291606664658
2393,25,20,1.0,0.9976876974105835,0,0,-0.25,0.0,0.0,-0.2724914252758026,-0.00245317118242383,-0.0015021990984678268
2394,25,21,1.0,1.0029102563858032,0,0,-0.25,0.0,0.0,-0.15803465247154236,-0.0022192103788256645,0.0026184730231761932
2395,25,22,1.0,1.000593662261963,0,0,0.0,0.0,0.0,-0.04430351406335831,0.0006727061700075865,0.005544496700167656
2396,25,23,1.0,1.0027047395706177,0,0,0.0,0.0,0.0,-0.005994066130369902,-0.0021738940849900246,0.009265296161174774
2397,25,24,1.0,1.0044413805007935,0,0,0.0,0.0,0.0,0.010597595013678074,0.0022947266697883606,0.017185019329190254
2398,25,25,1.0,1.004991888999939,0,0,0.0,0.0,0.0,0.013329064473509789,0.002712634392082691,0.01692616194486618
2399,25,26,1.0,0.9981314539909363,0,0,0.0,0.0,0.0,0.004390704445540905,0.10400186479091644,0.011863084509968758
2400,25,27,1.0,0.997849702835083,0,0,0.0,0.0,0.0,0.004768539685755968,0.10503656417131424,0.011443162336945534
2401,25,28,1.0,0.998569667339325,0,0,0.0,0.25,0.0,0.0016906708478927612,0.18868598341941833,0.010807117447257042
2402,25,29,1.0,0.9949283599853516,0,0,0.0,0.25,0.0,-0.0018150550313293934,0.26758134365081787,-0.009373125620186329
2403,25,30,1.0,0.9896727800369263,0,0,0.0,0.25,0.0,-0.0011416340712457895,0.26139333844184875,-0.01224945392459631
2404,25,31,1.0,0.9885130524635315,0,0,0.0,0.25,0.0,0.0006777399685233831,0.2674689292907715,-0.01429925486445427
2405,25,32,1.0,0.9870279431343079,0,0,0.0,0.25,0.0,-0.0006049833027645946,0.2683127820491791,-0.01670348085463047
2406,25,33,1.0,0.9887001514434814,0,0,0.0,0.25,0.0,-0.0012463690945878625,0.27760690450668335,-0.00876779668033123
2407,25,34,1.0,0.9873868227005005,0,0,0.0,0.25,0.0,-0.000645244144834578,0.27885839343070984,-0.0004639187827706337
2408,25,35,1.0,0.9841530919075012,0,0,0.0,0.25,0.0,-0.0008097323589026928,0.27610406279563904,0.005621837452054024
2409,25,36,1.0,0.9908581972122192,0,0,0.0,0.25,0.0,-0.0013329721987247467,0.22740285098552704,-0.003885685931891203
2410,25,37,1.0,0.9892497062683105,0,0,0.0,0.25,0.0,-0.0018423928413540125,0.16600197553634644,-0.003367528785020113
2411,25,38,1.0,0.9958807826042175,0,0,0.0,0.0,0.0,0.00017627514898777008,0.04759174585342407,0.0043550049886107445
2412,25,39,1.0,0.9992122650146484,0,0,0.0,0.0,0.0,-0.0007753338431939483,0.00797022320330143,0.02359224669635296
2413,25,40,1.0,0.9988555908203125,0,0,0.0,0.0,0.0,-0.0009294601622968912,0.000794364488683641,0.027862844988703728
2414,25,41,1.0,0.9991267919540405,0,0,0.0,0.0,0.0,-0.0008628794457763433,-0.0003035233821719885,0.02769305370748043
2415,25,42,1.0,1.0025571584701538,0,0,0.0,0.0,0.0,0.0007326486520469189,0.0005457658553496003,0.015165271237492561
2416,25,43,1.0,1.0025415420532227,0,0,0.0,0.0,0.0,0.0007070288993418217,0.0003893449902534485,0.015000415965914726
2417,25,44,1.0,1.0029624700546265,0,0,0.0,0.25,0.0,0.0005487478338181973,0.001469037844799459,-0.0014645373448729515
2418,25,45,1.0,1.003182291984558,0,0,0.0,0.0,0.0,-0.0006176066817715764,0.005864149425178766,0.009470533579587936
2419,25,46,1.0,0.9972577691078186,0,0,0.0,0.0,0.0,7.166177965700626e-05,0.0037926346994936466,-0.03350640460848808
2420,25,47,1.0,0.9979538321495056,0,0,0.0,0.0,0.0,-0.00039088947232812643,0.0033595538698136806,-0.02862291783094406
2421,25,48,1.0,1.000609040260315,0,0,0.0,0.0,0.0,-0.0008816008921712637,0.0024925442412495613,-0.05151648074388504
2422,25,49,1.0,1.0006232261657715,0,0,0.0,0.0,0.0,-0.0008729659020900726,0.0023636012338101864,-0.05259965360164642
2423,25,50,1.0,1.0075669288635254,0,0,0.0,0.0,0.0,-0.0012399250408634543,0.0002112316433340311,-0.12149403244256973
2424,25,51,1.0,1.0075609683990479,0,0,0.0,0.0,0.0,-0.0012315724743530154,0.00017996598035097122,-0.12197946757078171
2425,25,52,1.0,1.0103003978729248,0,0,0.0,0.0,-0.5,-0.0018202440114691854,-0.0007391776889562607,-0.21218076348304749
2426,25,53,1.0,0.9989819526672363,0,0,0.0,0.0,-0.5,0.001610173610970378,0.0015171809354797006,-0.5497245788574219
2427,25,54,1.0,1.0011074542999268,0,0,0.0,0.0,-0.5,0.002178517635911703,0.0013379874872043729,-0.5419100522994995
2428,25,55,1.0,1.0024688243865967,0,0,0.0,0.0,-0.5,0.0015095577109605074,0.001377249020151794,-0.5443158745765686
2429,25,56,1.0,1.0030043125152588,0,0,0.0,0.0,-0.5,0.0015442795120179653,0.0018631421262398362,-0.541426956653595
2430,25,57,1.0,1.0055967569351196,0,0,0.0,0.0,-0.5,0.0005393121391534805,0.002021100837737322,-0.5512538552284241
2431,25,58,1.0,1.0114805698394775,0,0,0.0,0.0,-0.5,0.0005549711640924215,0.002823038026690483,-0.5635700821876526
2432,25,59,1.0,1.0056406259536743,0,0,0.0,0.0,-0.5,0.0006323952693492174,0.0013737609842792153,-0.5743429660797119
2433,25,60,1.0,1.002846360206604,0,0,0.0,0.0,-0.5,0.000310688279569149,0.0019698450341820717,-0.5680190920829773
2434,25,61,1.0,0.9983018636703491,0,0,0.0,0.0,-0.5,0.0004990072920918465,0.0020398753695189953,-0.554527997970581
2435,25,62,1.0,0.980614185333252,0,0,0.0,0.0,-0.5,0.0007971187587827444,0.0024999775923788548,-0.40059587359428406
2436,25,63,1.0,0.9766260385513306,0,0,0.0,0.0,-0.5,0.0010438549797981977,0.0023668273352086544,-0.3614997863769531
2437,25,64,1.0,1.2622997760772705,0,0,0.0,0.0,0.0,0.0007594549097120762,0.0015414756489917636,-0.021382350474596024
2438,25,65,1.0,1.2769665718078613,0,0,0.0,0.0,0.0,0.0008473540656268597,0.0015018315752968192,-0.018049653619527817
2439,25,66,1.0,2.0285146236419678,0,1,0.0,0.0,0.0,0.0009910552762448788,-0.0012264444958418608,-0.015063723549246788
2440,25,67,1.0,2.028627395629883,0,1,0.0,0.0,0.0,0.0009822440333664417,-0.0011967718601226807,-0.01505337655544281
2441,25,68,2.0,2.0368099212646484,1,1,0.0,0.0,0.0,0.0007342610042542219,-0.0014627674827352166,-0.015242944471538067
2442,25,69,2.0,2.0453648567199707,1,1,0.0,0.0,0.0,-0.00013954099267721176,-0.001385203329846263,-0.0029816078022122383
2443,25,70,2.0,2.0446677207946777,1,1,0.0,0.0,0.0,-0.00031943933572620153,-0.0020783827640116215,-0.0011003995314240456
2444,25,71,2.0,2.046319007873535,1,1,0.0,0.0,0.0,0.0011800024658441544,-0.004108508583158255,-0.00011437200009822845
2445,25,72,2.0,2.0470077991485596,1,1,0.0,0.0,0.0,-0.0010643063578754663,-0.003125751856714487,0.0020572859793901443
2446,25,73,2.0,2.0498480796813965,1,1,0.0,0.0,0.0,-0.0003527009394019842,-0.0027824025601148605,0.0041892752051353455
2447,25,74,2.0,2.04965877532959,1,1,0.0,0.0,0.0,-0.0003539137542247772,-0.0027492684312164783,0.004520234651863575
2448,25,75,2.0,2.049647808074951,1,1,0.0,0.0,0.0,-0.00032128102611750364,-0.002685610670596361,0.00467391312122345
2449,25,76,1.0,1.0599453449249268,0,0,0.0,0.0,0.0,0.0031394092366099358,-0.00046887443750165403,0.10080941021442413
2450,25,77,1.0,1.0577402114868164,0,0,0.0,0.0,0.0,0.0031024287454783916,-0.00045984136522747576,0.10397835075855255
2451,25,78,1.0,0.9894938468933105,0,0,0.0,0.0,0.0,0.000493085477501154,-0.0015956818824633956,0.36885756254196167
2452,25,79,1.0,0.9894874691963196,0,0,0.0,0.0,0.0,0.0004753733519464731,-0.0015870180213823915,0.3692978024482727
2453,25,80,1.0,0.9887374639511108,0,0,0.0,0.0,0.0,0.0007874397560954094,-0.0013531192671507597,0.3623313307762146
2454,25,81,1.0,0.9887319207191467,0,0,0.0,0.0,0.0,0.0007830632384866476,-0.0013539951760321856,0.362570196390152
2455,25,82,1.0,0.9894568920135498,0,0,0.0,0.0,0.5,1.0422198101878166e-05,-0.001462757121771574,0.36513903737068176
2456,25,83,1.0,0.9972568154335022,0,0,0.0,0.0,0.5,-0.0008631957462057471,-0.0002797455235850066,0.5231480598449707
2457,25,84,1.0,1.0012106895446777,0,0,0.0,0.0,0.5,0.00013944669626653194,0.0010182842379435897,0.5465677976608276
2458,25,85,1.0,1.0005979537963867,0,0,0.0,0.0,0.5,0.0001214656513184309,0.000581040047109127,0.5467174649238586
2459,25,86,1.0,1.0036662817001343,0,0,0.0,0.0,0.5,0.0008393072057515383,0.00033346028067171574,0.5441603064537048
2460,25,87,1.0,1.0034292936325073,0,0,0.0,0.0,0.5,0.000822591595351696,-1.5453784726560116e-05,0.5469275116920471
2461,25,88,1.0,1.0015923976898193,0,0,0.0,0.0,0.5,0.0007574879564344883,4.557688953354955e-05,0.5454244613647461
2462,25,89,1.0,1.002151370048523,0,0,0.0,0.0,0.5,0.0010593771003186703,0.00018201809143647552,0.5446771383285522
2463,25,90,1.0,1.0006659030914307,0,0,0.0,0.0,0.5,0.0010960176587104797,0.00033033068757504225,0.5395246744155884
2464,25,91,1.0,1.0006765127182007,0,0,0.0,0.0,0.5,0.0016619665548205376,0.0003501963219605386,0.540960431098938
2465,26,0,1.0,0.9984461069107056,0,0,0.0,0.0,0.0,-0.0019462107447907329,0.003640356007963419,-0.005722441710531712
2466,26,1,1.0,0.9996401071548462,0,0,0.0,0.0,0.0,-0.002381655154749751,0.0038041160441935062,-0.006373770534992218
2467,26,2,1.0,0.99680495262146,0,0,0.0,0.0,0.0,-0.003926226403564215,0.0035596811212599277,-0.00356884254142642
2468,26,3,1.0,0.9968301057815552,0,0,0.0,0.0,0.0,-0.004139693453907967,0.0036261407658457756,-0.0026373574510216713
2469,26,4,1.0,0.9951145052909851,0,0,0.0,0.0,0.0,-0.0093167619779706,0.003136881161481142,0.011419743299484253
2470,26,5,1.0,0.9949907064437866,0,0,0.0,0.0,0.0,-0.00935092568397522,0.0031318175606429577,0.011650940403342247
2471,26,6,1.0,0.990422785282135,0,0,0.0,0.0,0.0,0.0027231378480792046,0.001158645492978394,-0.020590225234627724
2472,26,7,1.0,0.9903935790061951,0,0,0.0,0.0,0.0,0.0027682543732225895,0.00115203857421875,-0.020514091476798058
2473,26,8,1.0,0.9895609617233276,0,0,0.0,0.0,0.0,0.05043601244688034,0.0005320331547409296,-0.021943960338830948
2474,26,9,1.0,0.9895535111427307,0,0,0.25,0.0,0.0,0.050459206104278564,0.0005297446623444557,-0.0219207052141428
2475,26,10,1.0,0.9892668724060059,0,0,0.25,0.0,0.0,0.25628718733787537,-0.0016124127432703972,-0.005341848358511925
2476,26,11,1.0,0.9905308485031128,0,0,0.25,0.0,0.0,0.273189514875412,-0.0012665026588365436,-0.0014038956724107265
2477,26,12,1.0,0.9942799210548401,0,0,0.25,0.0,0.0,0.2745184600353241,-0.0013859806349501014,-0.00019356515258550644
2478,26,13,1.0,0.9932754039764404,0,0,0.25,0.0,0.0,0.277466356754303,-0.0004908121190965176,0.0015597650781273842
2479,26,14,1.0,0.9979044198989868,0,0,0.25,0.0,0.0,0.2786968946456909,7.41652911528945e-06,-0.0019821878522634506
2480,26,15,1.0,0.9963213801383972,0,0,0.25,0.0,0.0,0.2823416590690613,-4.452213761396706e-05,0.0018906565383076668
2481,26,16,1.0,0.9992965459823608,0,0,0.25,0.0,0.0,0.28458109498023987,0.00010606454452499747,0.003471076488494873
2482,26,17,1.0,1.0021135807037354,0,0,0.25,0.0,0.0,0.2833479642868042,0.001210822374559939,0.008120721206068993
2483,26,18,1.0,0.9929128885269165,0,0,0.25,0.0,0.0,0.28714296221733093,-0.0006695088231936097,0.009168168529868126
2484,26,19,1.0,0.9885936379432678,0,0,0.25,0.0,0.0,0.26904839277267456,-0.0005014575435779989,0.010752255097031593
2485,26,20,1.0,0.9957228899002075,0,0,0.25,0.0,0.0,0.17521785199642181,-0.0016202162951231003,0.006376170553267002
2486,26,21,1.0,0.9910215735435486,0,0,0.25,0.0,0.0,0.05855919420719147,-0.0019216033397242427,0.009551480412483215
2487,26,22,1.0,0.9912638664245605,0,0,0.0,0.0,0.0,0.035210199654102325,0.003043111879378557,-0.0013833767734467983
2488,26,23,1.0,0.9859530925750732,0,0,0.0,0.0,0.0,0.02070232667028904,0.004324532579630613,-0.0006594182923436165
2489,26,24,1.0,0.993891716003418,0,0,0.0,0.0,0.0,0.004906483925879002,-0.005620679818093777,0.0008166898041963577
2490,26,25,1.0,0.9946075081825256,0,0,0.0,0.0,0.0,0.0032489877194166183,-0.007112062070518732,0.001686866395175457
2491,26,26,1.0,1.003298282623291,0,0,0.0,0.0,0.0,0.0036649825051426888,-0.08163043856620789,0.005994393490254879
2492,26,27,1.0,1.0033249855041504,0,0,0.0,-0.25,0.0,0.0034105442464351654,-0.0836920291185379,0.006096973083913326
2493,26,28,1.0,0.9889082908630371,0,0,0.0,-0.25,0.0,-0.0036969867069274187,-0.2583313584327698,0.00644112192094326
2494,26,29,1.0,0.989794909954071,0,0,0.0,-0.25,0.0,-0.004043322987854481,-0.26430368423461914,0.0036639515310525894
2495,26,30,1.0,0.9890065789222717,0,0,0.0,-0.25,0.0,-0.005618946626782417,-0.26839956641197205,0.0021019168198108673
2496,26,31,1.0,0.9875724911689758,0,0,0.0,-0.25,0.0,-0.0031511581037193537,-0.27179068326950073,0.007640333846211433
2497,26,32,1.0,0.9871401190757751,0,0,0.0,-0.25,0.0,-0.004348614253103733,-0.2751573622226715,0.014653753489255905
2498,26,33,1.0,0.9848073124885559,0,0,0.0,-0.25,0.0,-0.0029759355820715427,-0.2786024808883667,0.015648292377591133
2499,26,34,1.0,0.9867094159126282,0,0,0.0,-0.25,0.0,-0.0031844498589634895,-0.27855047583580017,0.017044905573129654
2500,26,35,1.0,0.9878971576690674,0,0,0.0,-0.25,0.0,-0.0035188142210245132,-0.27915072441101074,0.014439065009355545
2501,26,36,1.0,0.9864009618759155,0,0,0.0,-0.25,0.0,-0.0032716142013669014,-0.2744404673576355,0.014123886823654175
2502,26,37,1.0,0.9843502044677734,0,0,0.0,-0.25,0.0,-0.0029813044238835573,-0.20794552564620972,-0.0011230031959712505
2503,26,38,1.0,0.9986928105354309,0,0,0.0,0.0,0.0,-0.001129529788158834,-0.032312747091054916,-0.005060642957687378
2504,26,39,1.0,1.0013232231140137,0,0,0.0,0.0,0.0,-0.00044254923705011606,-0.008642792701721191,0.011980321258306503
2505,26,40,1.0,1.0030183792114258,0,0,0.0,0.0,0.0,0.0006926937494426966,-0.003624053206294775,-0.0011298325844109058
2506,26,41,1.0,1.0032827854156494,0,0,0.0,0.0,0.0,0.0007107243873178959,-0.0017638185527175665,-0.0007286379113793373
2507,26,42,1.0,1.0053235292434692,0,0,0.0,0.0,0.0,0.00014080177061259747,-3.9350183214992285e-05,-0.020031413063406944
2508,26,43,1.0,1.0053656101226807,0,0,0.0,0.0,0.0,0.00016852165572345257,0.00028877175645902753,-0.019605837762355804
2509,26,44,1.0,1.0034661293029785,0,0,0.0,0.0,0.0,-0.001208320027217269,0.0013522175140678883,-0.021098285913467407
2510,26,45,1.0,1.0034639835357666,0,0,0.0,-0.25,0.0,-0.0012043609749525785,0.001407959614880383,-0.021054532378911972
2511,26,46,1.0,0.9986490607261658,0,0,0.0,0.0,0.0,-0.0013716561952605844,0.0008605991024523973,-0.02643289975821972
2512,26,47,1.0,1.0030665397644043,0,0,0.0,0.0,0.0,-0.001645255251787603,0.0018311945023015141,0.004884820431470871
2513,26,48,1.0,1.0074800252914429,0,0,0.0,0.0,0.0,-0.0012731740716844797,0.0007216109661385417,-0.048774100840091705
2514,26,49,1.0,1.007452368736267,0,0,0.0,0.0,0.0,-0.0013301337603479624,0.00135968835093081,-0.04143209010362625
2515,26,50,1.0,1.009950041770935,0,0,0.0,0.0,0.0,-0.0005791992880403996,0.00036099343560636044,-0.19292858242988586
2516,26,51,1.0,1.009964942932129,0,0,0.0,0.0,0.0,-0.0005843971157446504,0.0004290773649699986,-0.19254867732524872
2517,26,52,1.0,1.0116157531738281,0,0,0.0,0.0,0.0,-0.00039172591641545296,0.0002996483235619962,-0.3121580183506012
2518,26,53,1.0,1.011621356010437,0,0,0.0,0.0,-0.5,-0.00039235211443156004,0.00031636387575417757,-0.31209298968315125
2519,26,54,1.0,0.9998228549957275,0,0,0.0,0.0,-0.5,0.001995994243770838,-6.398287951014936e-05,-0.5482672452926636
2520,26,55,1.0,1.0012530088424683,0,0,0.0,0.0,-0.5,0.0014583580195903778,0.0010612070327624679,-0.5429983139038086
2521,26,56,1.0,1.0041906833648682,0,0,0.0,0.0,-0.5,0.0014710335526615381,0.0017531331395730376,-0.5498560667037964
2522,26,57,1.0,1.0048056840896606,0,0,0.0,0.0,-0.5,0.002210074570029974,0.001568928943015635,-0.554374098777771
2523,26,58,1.0,1.0078446865081787,0,0,0.0,0.0,-0.5,0.0023760474286973476,0.0015900902217254043,-0.566202700138092
2524,26,59,1.0,1.0067709684371948,0,0,0.0,0.0,-0.5,0.002247247379273176,0.000569832744076848,-0.5767821669578552
2525,26,60,1.0,1.0043281316757202,0,0,0.0,0.0,-0.5,0.0025133509188890457,0.0007601648103445768,-0.5801649689674377
2526,26,61,1.0,1.0025885105133057,0,0,0.0,0.0,-0.5,0.0016005418729037046,0.0015046767657622695,-0.5673850178718567
2527,26,62,1.0,0.9936610460281372,0,0,0.0,0.0,-0.5,0.0019771107472479343,0.0014097474049776793,-0.5118961930274963
2528,26,63,1.0,0.9896014928817749,0,0,0.0,0.0,-0.5,0.002030753530561924,0.0007966692792251706,-0.47289493680000305
2529,26,64,1.0,1.0659847259521484,0,0,0.0,0.0,0.0,0.004164984915405512,0.0022530476562678814,-0.0833587571978569
2530,26,65,1.0,1.0676937103271484,0,0,0.0,0.0,0.0,0.004183640703558922,0.0022244504652917385,-0.0806308388710022
2531,26,66,1.0,2.0318849086761475,0,1,0.0,0.0,0.0,0.0017477357760071754,-0.001917719142511487,-0.011205194517970085
2532,26,67,1.0,2.0319197177886963,0,1,0.0,0.0,0.0,0.0017519677057862282,-0.0019189092563465238,-0.011189349927008152
2533,26,68,2.0,2.0414352416992188,1,1,0.0,0.0,0.0,0.0013820072636008263,-0.0020697484724223614,-0.01019344013184309
2534,26,69,2.0,2.0459980964660645,1,1,0.0,0.0,0.0,0.0007437041494995356,-0.0023785086814314127,4.4735148549079895e-05
2535,26,70,2.0,2.052755832672119,1,1,0.0,0.0,0.0,0.0009827322792261839,-0.002084537874907255,0.0017020469531416893
2536,26,71,2.0,2.0533299446105957,1,1,0.0,0.0,0.0,0.0003897591959685087,-0.001987708266824484,0.0030962489545345306
2537,26,72,2.0,2.055131196975708,1,1,0.0,0.0,0.0,-2.9738526791334152e-05,-0.0029364749789237976,0.002772267907857895
2538,26,73,2.0,2.054226875305176,1,1,0.0,0.0,0.0,-0.000513735692948103,-0.0028971233405172825,0.0028825299814343452
2539,26,74,2.0,2.0525155067443848,1,1,0.0,0.0,0.0,-0.0002993699163198471,-0.0030252626165747643,-0.0030645434744656086
2540,26,75,1.0,1.9329891204833984,0,1,0.0,0.0,0.0,-0.0015505612827837467,-0.00044951820746064186,-0.016659708693623543
2541,26,76,1.0,1.0098118782043457,0,0,0.0,0.0,0.0,0.0010370651725679636,-0.0008671346586197615,0.10820084810256958
2542,26,77,1.0,0.9921133518218994,0,0,0.0,0.0,0.0,0.0008696685545146465,7.795618148520589e-05,0.26018667221069336
2543,26,78,1.0,0.9918429255485535,0,0,0.0,0.0,0.0,0.00018269987776875496,-0.0008821099763736129,0.2683996558189392
2544,26,79,1.0,0.9911203980445862,0,0,0.0,0.0,0.0,-8.088094182312489e-05,-0.0010403855703771114,0.2985125482082367
2545,26,80,1.0,0.9919947385787964,0,0,0.0,0.0,0.0,-0.0002630394883453846,0.000845503993332386,0.3660625219345093
2546,26,81,1.0,0.991966187953949,0,0,0.0,0.0,0.0,-0.00016788113862276077,0.0004414666327647865,0.35616010427474976
2547,26,82,1.0,0.9925996661186218,0,0,0.0,0.0,0.5,-0.00017875712364912033,0.0005511962808668613,0.3904290795326233
2548,26,83,1.0,1.0000513792037964,0,0,0.0,0.0,0.5,0.00011272472329437733,7.108331192284822e-05,0.5437526702880859
2549,26,84,1.0,1.0009909868240356,0,0,0.0,0.0,0.5,6.083725020289421e-05,-0.00036360937519930303,0.5510087609291077
2550,26,85,1.0,1.0049126148223877,0,0,0.0,0.0,0.5,0.00019132159650325775,-0.0003063756739720702,0.5474830269813538
2551,26,86,1.0,1.0008587837219238,0,0,0.0,0.0,0.5,-4.748115316033363e-06,-3.9643142372369766e-05,0.5509200692176819
2552,26,87,1.0,1.0002864599227905,0,0,0.0,0.0,0.5,-0.00011099129915237427,-7.183654815889895e-05,0.5424883961677551
2553,26,88,1.0,0.9996285438537598,0,0,0.0,0.0,0.5,-0.0005742183420807123,-0.0001800134778022766,0.5499638915061951
2554,26,89,1.0,0.9993427991867065,0,0,0.0,0.0,0.5,0.00012893136590719223,-6.832540384493768e-05,0.548133909702301
2555,26,90,1.0,0.9998075366020203,0,0,0.0,0.0,0.5,0.0003124282229691744,-0.00027159819728694856,0.5505583882331848
2556,26,91,1.0,1.0002782344818115,0,0,0.0,0.0,0.5,4.79754526168108e-05,-0.0005208922084420919,0.5488991141319275
2557,27,0,1.0,0.9888830780982971,0,0,0.0,0.0,0.0,-0.0006327847950160503,0.00016151421004906297,-0.0011897338554263115
2558,27,1,1.0,0.9924798607826233,0,0,0.0,0.0,0.0,-0.0007726522162556648,0.00041718635475263,-0.0023128651082515717
2559,27,2,1.0,0.9931407570838928,0,0,0.0,0.0,0.0,-0.0018094852566719055,2.072850475087762e-05,0.010480204597115517
2560,27,3,1.0,0.9929841756820679,0,0,0.0,0.0,0.0,-0.0024371964391320944,0.00013296410907059908,0.010996488854289055
2561,27,4,1.0,0.9915356040000916,0,0,0.0,0.0,0.0,-0.00977212842553854,0.0023861192166805267,0.008232012391090393
2562,27,5,1.0,0.9914429783821106,0,0,0.0,0.0,0.0,-0.009879721328616142,0.002348034642636776,0.00853782705962658
2563,27,6,1.0,0.9928289651870728,0,0,0.0,0.0,0.0,0.019016820937395096,0.0016991224838420749,-0.04026615619659424
2564,27,7,1.0,0.9927690625190735,0,0,0.0,0.0,0.0,0.01910567656159401,0.0016801609890535474,-0.04015635699033737
2565,27,8,1.0,0.99152672290802,0,0,0.0,0.0,0.0,0.11547394096851349,-0.001771274022758007,-0.023049956187605858
2566,27,9,1.0,0.9915119409561157,0,0,0.0,0.0,0.0,0.11550743132829666,-0.0017714130226522684,-0.02302606776356697
2567,27,10,1.0,0.9906258583068848,0,0,0.0,0.0,0.0,0.12452692538499832,-0.0017553196521475911,-0.022045612335205078
2568,27,11,1.0,0.9906222224235535,0,0,0.0,0.0,0.0,0.12453433126211166,-0.0017554113874211907,-0.02204011380672455
2569,27,12,1.0,0.9906753301620483,0,0,0.0,0.0,0.0,0.1259138435125351,-0.0017474004998803139,-0.021389953792095184
2570,27,13,1.0,0.9906744360923767,0,0,0.25,0.0,0.0,0.12591557204723358,-0.0017474079504609108,-0.02138853818178177
2571,27,14,1.0,0.989691436290741,0,0,0.25,0.0,0.0,0.26959148049354553,-0.0005410723388195038,-0.0011050207540392876
2572,27,15,1.0,0.9899222254753113,0,0,0.25,0.0,0.0,0.27282994985580444,1.306505873799324e-05,-0.001244241837412119
2573,27,16,1.0,0.9893455505371094,0,0,0.25,0.0,0.0,0.2773059904575348,0.000872119446285069,-0.001869424246251583
2574,27,17,1.0,0.9920954704284668,0,0,0.25,0.0,0.0,0.2791321277618408,0.0015444288728758693,-0.004366044886410236
2575,27,18,1.0,0.9997032284736633,0,0,0.25,0.0,0.0,0.2797788679599762,0.0018512859242036939,-0.003255915828049183
2576,27,19,1.0,1.0003182888031006,0,0,0.25,0.0,0.0,0.2804371118545532,0.002017499413341284,-0.004475057125091553
2577,27,20,1.0,1.0003178119659424,0,0,0.25,0.0,0.0,0.28485772013664246,0.0008395041804760695,-0.005250928923487663
2578,27,21,1.0,0.9983588457107544,0,0,0.25,0.0,0.0,0.28482571244239807,0.0008116011740639806,-0.0035303127951920033
2579,27,22,1.0,0.9925078749656677,0,0,0.25,0.0,0.0,0.28307414054870605,0.001163163804449141,-0.002824419178068638
2580,27,23,1.0,0.985387921333313,0,0,0.25,0.0,0.0,0.26506736874580383,0.0015732991741970181,-0.0006783511489629745
2581,27,24,1.0,0.9922786951065063,0,0,0.25,0.0,0.0,0.19296520948410034,0.0027022957801818848,0.005088490433990955
2582,27,25,1.0,0.99431973695755,0,0,0.0,0.0,0.0,0.1095275729894638,0.00206946674734354,0.01095702312886715
2583,27,26,1.0,1.0033493041992188,0,0,0.0,0.0,0.0,0.012565546669065952,0.0005404935218393803,0.008913768455386162
2584,27,27,1.0,1.0046131610870361,0,0,0.0,0.0,0.0,-0.0004943377571180463,2.394424518570304e-05,0.007254905998706818
2585,27,28,1.0,1.008179783821106,0,0,0.0,0.0,0.0,-0.004845673218369484,0.0007234520744532347,-0.003328257706016302
2586,27,29,1.0,1.0085734128952026,0,0,0.0,0.0,0.0,-0.00551386596634984,0.0029627415351569653,-0.008264103904366493
2587,27,30,1.0,1.0051584243774414,0,0,0.0,0.0,0.0,-0.0005414738552644849,0.12439008802175522,-0.025374969467520714
2588,27,31,1.0,1.0051542520523071,0,0,0.0,0.25,0.0,-0.0006078383885324001,0.12452438473701477,-0.025298140943050385
2589,27,32,1.0,0.9916252493858337,0,0,0.0,0.25,0.0,0.0002565088216215372,0.2693861722946167,-0.00989744532853365
2590,27,33,1.0,0.9881510734558105,0,0,0.0,0.25,0.0,0.0005382073577493429,0.27409985661506653,-0.005477006081491709
2591,27,34,1.0,0.9862131476402283,0,0,0.0,0.25,0.0,-0.00031774374656379223,0.27650031447410583,-0.006337427534162998
2592,27,35,1.0,0.9825094938278198,0,0,0.0,0.25,0.0,-0.0008951465133577585,0.2773335874080658,0.004330466501414776
2593,27,36,1.0,0.9831886291503906,0,0,0.0,0.25,0.0,-0.001476228702813387,0.2764088809490204,0.004769047722220421
2594,27,37,1.0,0.9831516742706299,0,0,0.0,0.25,0.0,-0.0010324976174160838,0.2765944004058838,0.006333162076771259
2595,27,38,1.0,0.9914165735244751,0,0,0.0,0.25,0.0,-0.0018689617281779647,0.2699141502380371,-0.0009772172197699547
2596,27,39,1.0,0.9868378043174744,0,0,0.0,0.25,0.0,-0.002805155934765935,0.2669501006603241,-0.00797521322965622
2597,27,40,1.0,0.9846980571746826,0,0,0.0,0.25,0.0,-0.0015217075124382973,0.2188223898410797,-0.016650065779685974
2598,27,41,1.0,1.0010360479354858,0,0,0.0,0.25,0.0,0.0018527409993112087,0.04336848482489586,0.002966228872537613
2599,27,42,1.0,1.0056893825531006,0,0,0.0,0.0,0.0,0.0021600937470793724,0.022102143615484238,-0.009920258074998856
2600,27,43,1.0,1.0034140348434448,0,0,0.0,0.0,0.0,-0.0001711263321340084,0.010234706103801727,-0.025313522666692734
2601,27,44,1.0,0.994910717010498,0,0,0.0,0.0,0.0,-0.0002372879534959793,0.004498418886214495,-0.04160851240158081
2602,27,45,1.0,0.9946877360343933,0,0,0.0,0.0,0.0,-0.00037030328530818224,0.0037094480358064175,-0.03848522529006004
2603,27,46,1.0,1.0005131959915161,0,0,0.0,0.0,0.0,7.4694398790597916e-06,0.0021552564576268196,-0.06334196776151657
2604,27,47,1.0,1.000486969947815,0,0,0.0,0.0,0.0,1.7680460587143898e-05,0.001939401845447719,-0.06420482695102692
2605,27,48,1.0,1.0029668807983398,0,0,0.0,0.0,0.0,0.00020182877779006958,0.0008188595529645681,-0.13833309710025787
2606,27,49,1.0,1.002943515777588,0,0,0.0,0.0,0.0,0.00019792979583144188,0.0007747436175122857,-0.13876008987426758
2607,27,50,1.0,1.004974603652954,0,0,0.0,0.0,-0.5,-5.775340832769871e-05,3.7135614547878504e-05,-0.20933909714221954
2608,27,51,1.0,0.993472158908844,0,0,0.0,0.0,-0.5,0.00037686130963265896,0.0009943140903487802,-0.5426065325737
2609,27,52,1.0,0.9973919987678528,0,0,0.0,0.0,-0.5,0.00041871401481330395,0.0009363905992358923,-0.5370194315910339
2610,27,53,1.0,1.000725507736206,0,0,0.0,0.0,-0.5,0.0011131053324788809,0.0015125841600820422,-0.5395840406417847
2611,27,54,1.0,1.0039098262786865,0,0,0.0,0.0,-0.5,0.0014977485407143831,0.001747020403854549,-0.5420682430267334
2612,27,55,1.0,1.0063481330871582,0,0,0.0,0.0,-0.5,0.0015840607229620218,0.0013303003506734967,-0.5476698279380798
2613,27,56,1.0,1.0098447799682617,0,0,0.0,0.0,-0.5,0.0021200482733547688,0.0014983568107709289,-0.5602701902389526
2614,27,57,1.0,1.012952208518982,0,0,0.0,0.0,-0.5,0.002293625380843878,0.0017558260587975383,-0.5737358927726746
2615,27,58,1.0,1.0080572366714478,0,0,0.0,0.0,-0.5,0.0027158386074006557,0.0012789375614374876,-0.5743285417556763
2616,27,59,1.0,1.0075024366378784,0,0,0.0,0.0,-0.5,0.00324775418266654,0.0020590019412338734,-0.5655389428138733
2617,27,60,1.0,0.9940847158432007,0,0,0.0,0.0,-0.5,0.0028419471345841885,0.002981348428875208,-0.42566320300102234
2618,27,61,1.0,0.9941812753677368,0,0,0.0,0.0,-0.5,0.002838823013007641,0.002930903807282448,-0.41748806834220886
2619,27,62,1.0,1.7000906467437744,0,1,0.0,0.0,0.0,0.0010751693043857813,-0.0003653314197435975,-0.00288962060585618
2620,27,63,1.0,1.7014567852020264,0,1,0.0,0.0,0.0,0.0010692172218114138,-0.0003594914451241493,-0.002717516850680113
2621,27,64,1.0,1.9998865127563477,0,1,0.0,0.0,0.0,0.001147319097071886,-0.0012361998669803143,-0.0122999781742692
2622,27,65,1.0,1.9999035596847534,0,1,0.0,0.0,0.0,0.0011446652933955193,-0.0012301295064389706,-0.012298854067921638
2623,27,66,1.0,2.006074905395508,0,1,0.0,0.0,0.0,0.0013460696209222078,-0.0014395182952284813,-0.01293286494910717
2624,27,67,1.0,2.006056308746338,0,1,0.0,0.0,0.0,0.0013438339810818434,-0.0014337680768221617,-0.012933572754263878
2625,27,68,2.0,2.035419464111328,1,1,0.0,0.0,0.0,0.0009011933580040932,-0.0012955046258866787,-0.015031540766358376
2626,27,69,2.0,2.04789400100708,1,1,0.0,0.0,0.0,-0.00032310851383954287,-0.001759554143063724,-0.003442369867116213
2627,27,70,2.0,2.0548572540283203,1,1,0.0,0.0,0.0,-0.00021230545826256275,-0.002252005273476243,-2.406258136034012e-05
2628,27,71,2.0,2.0540504455566406,1,1,0.0,0.0,0.0,-0.00043196859769523144,-0.0021641720086336136,-0.0003763064742088318
2629,27,72,2.0,2.0529589653015137,1,1,0.0,0.0,0.0,-0.00023184786550700665,-0.0022621883545070887,0.0013856422156095505
2630,27,73,2.0,2.052994728088379,1,1,0.0,0.0,0.0,-0.00013961526565253735,-0.0026680827140808105,0.001437569037079811
2631,27,74,2.0,2.0050387382507324,1,1,0.0,0.0,0.0,0.0010629233438521624,-0.0029904390685260296,-0.011619815602898598
2632,27,75,2.0,2.0088133811950684,1,1,0.0,0.0,0.0,0.0008491335902363062,-0.0032015335746109486,-0.011453768238425255
2633,27,76,1.0,1.124079704284668,0,0,0.0,0.0,0.0,0.001419601496309042,-0.0014475034549832344,-0.003135186154395342
2634,27,77,1.0,1.1235105991363525,0,0,0.0,0.0,0.0,0.0014486955478787422,-0.00141460623126477,-0.0028553889133036137
2635,27,78,1.0,1.063236951828003,0,0,0.0,0.0,0.0,0.0008975216187536716,-0.0017666018102318048,0.05040673911571503
2636,27,79,1.0,1.0629520416259766,0,0,0.0,0.0,0.0,0.0009061729069799185,-0.0017010507872328162,0.050591908395290375
2637,27,80,1.0,1.0018129348754883,0,0,0.0,0.0,0.0,0.0010819332674145699,-0.001465470064431429,0.19220799207687378
2638,27,81,1.0,1.0020205974578857,0,0,0.0,0.0,0.0,0.0010820706374943256,-0.0014723874628543854,0.19111377000808716
2639,27,82,1.0,1.0500513315200806,0,0,0.0,0.0,0.5,0.001140238018706441,-0.0008242232142947614,0.07356493920087814
2640,27,83,1.0,0.9983870387077332,0,0,0.0,0.0,0.5,-8.171983063220978e-05,0.00030616408912464976,0.5273513793945312
2641,27,84,1.0,0.998685359954834,0,0,0.0,0.0,0.5,0.0005038331728428602,0.00044049392454326153,0.5429793000221252
2642,27,85,1.0,1.0028350353240967,0,0,0.0,0.0,0.5,9.450525976717472e-05,0.0004140018136240542,0.5485764741897583
2643,27,86,1.0,1.0007264614105225,0,0,0.0,0.0,0.5,-2.7744797989726067e-05,0.00026941002579405904,0.5486753582954407
2644,27,87,1.0,1.0015603303909302,0,0,0.0,0.0,0.5,0.0004568132571876049,-0.00016444214270450175,0.5485815405845642
2645,27,88,1.0,0.9991536140441895,0,0,0.0,0.0,0.5,0.00021628686226904392,-0.000134951900690794,0.5487416982650757
2646,27,89,1.0,0.9998669028282166,0,0,0.0,0.0,0.5,6.438116542994976e-05,-0.0002882235567085445,0.5484157800674438
2647,27,90,1.0,1.0003036260604858,0,0,0.0,0.0,0.5,0.0005741298664361238,-5.1181152230128646e-05,0.5450098514556885
2648,27,91,1.0,1.0007048845291138,0,0,0.0,0.0,0.5,0.00034678541123867035,-5.6336866691708565e-05,0.5451993346214294
2649,28,0,1.0,1.004946231842041,0,0,0.0,0.0,0.0,0.010197614319622517,0.002797787543386221,-0.007823321968317032
2650,28,1,1.0,1.0059845447540283,0,0,0.0,0.0,0.0,0.010474611073732376,0.0022411695681512356,-0.011917231604456902
2651,28,2,1.0,1.007067084312439,0,0,0.0,0.0,0.0,0.009286507032811642,0.0010739300632849336,-0.005225254222750664
2652,28,3,1.0,1.0069482326507568,0,0,0.0,0.0,0.0,0.009301298297941685,0.0011880341917276382,-0.004430385306477547
2653,28,4,1.0,1.005125880241394,0,0,0.0,0.0,0.0,0.008987192064523697,0.0015922762686386704,0.010813485831022263
2654,28,5,1.0,1.0051600933074951,0,0,0.0,0.0,0.0,0.008998466655611992,0.0016161882085725665,0.011022653430700302
2655,28,6,1.0,1.0007891654968262,0,0,0.0,0.0,0.0,0.002229226753115654,0.0004567195428535342,0.0051594944670796394
2656,28,7,1.0,1.0007847547531128,0,0,0.0,0.0,0.0,0.0022519496269524097,0.00045995134860277176,0.005241993814706802
2657,28,8,1.0,0.999931275844574,0,0,0.0,0.0,0.0,-0.002937233541160822,-0.00022812653332948685,0.0030402429401874542
2658,28,9,1.0,0.9999299645423889,0,0,-0.25,0.0,0.0,-0.002929700305685401,-0.000227764539886266,0.003064509481191635
2659,28,10,1.0,1.0009058713912964,0,0,-0.25,0.0,0.0,-0.26896798610687256,-0.00603572279214859,0.00484649371355772
2660,28,11,1.0,0.9999462366104126,0,0,-0.25,0.0,0.0,-0.27128371596336365,-0.007401987910270691,0.00602923147380352
2661,28,12,1.0,0.998323917388916,0,0,-0.25,0.0,0.0,-0.2746313512325287,-0.0063769337721168995,0.003347594290971756
2662,28,13,1.0,0.9959946274757385,0,0,-0.25,0.0,0.0,-0.27751752734184265,-0.007658871356397867,0.0033993152901530266
2663,28,14,1.0,0.9951499104499817,0,0,-0.25,0.0,0.0,-0.27885231375694275,-0.006868199910968542,-0.0018695583567023277
2664,28,15,1.0,0.9957579970359802,0,0,-0.25,0.0,0.0,-0.282240092754364,-0.005717583000659943,-0.0007670428603887558
2665,28,16,1.0,0.9981325268745422,0,0,-0.25,0.0,0.0,-0.2809855043888092,-0.004589245188981295,0.004662159830331802
2666,28,17,1.0,0.9996529221534729,0,0,-0.25,0.0,0.0,-0.2866233289241791,-0.005557188764214516,0.005219209939241409
2667,28,18,1.0,0.996703028678894,0,0,-0.25,0.0,0.0,-0.2850908041000366,-0.0036841705441474915,0.0023179370909929276
2668,28,19,1.0,0.9997168183326721,0,0,-0.25,0.0,0.0,-0.2865670919418335,-0.002889561001211405,0.0036424482241272926
2669,28,20,1.0,1.0037404298782349,0,0,-0.25,0.0,0.0,-0.2855795919895172,-0.001315512927249074,0.002271815203130245
2670,28,21,1.0,1.0063936710357666,0,0,-0.25,0.0,0.0,-0.2715720534324646,-0.0005037030205130577,-0.0003147860988974571
2671,28,22,1.0,0.9954569935798645,0,0,-0.25,0.0,0.0,-0.17216426134109497,-0.0019459228496998549,-0.0052909813821315765
2672,28,23,1.0,0.9925837516784668,0,0,0.0,0.0,0.0,-0.06881429255008698,-0.001615488319657743,-0.0020269453525543213
2673,28,24,1.0,0.996528685092926,0,0,0.0,0.0,0.0,0.01015055924654007,0.002807821612805128,0.0009009754285216331
2674,28,25,1.0,0.9967141151428223,0,0,0.0,0.0,0.0,0.026036929339170456,0.0028017330914735794,-0.0016197729855775833
2675,28,26,1.0,1.0003726482391357,0,0,0.0,0.0,0.0,0.013372939079999924,-0.009924766607582569,0.0014331759884953499
2676,28,27,1.0,1.0003001689910889,0,0,0.0,0.0,0.0,0.014993799850344658,-0.01023867167532444,0.0006709005683660507
2677,28,28,1.0,0.9982491135597229,0,0,0.0,0.0,0.0,0.0029327981173992157,-0.1173979863524437,-0.0032480088993906975
2678,28,29,1.0,0.9982390403747559,0,0,0.0,0.0,0.0,0.002991511020809412,-0.11756505072116852,-0.0033116363920271397
2679,28,30,1.0,0.9990931153297424,0,0,0.0,-0.25,0.0,0.0016508642584085464,-0.14892810583114624,0.00015389174222946167
2680,28,31,1.0,0.9900175929069519,0,0,0.0,-0.25,0.0,-0.004635910969227552,-0.2528412342071533,0.005803138017654419
2681,28,32,1.0,0.9881175756454468,0,0,0.0,-0.25,0.0,-0.003993551712483168,-0.2567480206489563,0.0045136213302612305
2682,28,33,1.0,0.9896008372306824,0,0,0.0,-0.25,0.0,-0.004946221597492695,-0.2631852626800537,0.005081727169454098
2683,28,34,1.0,0.987034261226654,0,0,0.0,-0.25,0.0,-0.0038652396760880947,-0.2683779299259186,0.006406707689166069
2684,28,35,1.0,0.9844744205474854,0,0,0.0,-0.25,0.0,-0.003748372197151184,-0.272878497838974,0.008675357326865196
2685,28,36,1.0,0.9818480610847473,0,0,0.0,-0.25,0.0,-0.00321633811108768,-0.2757700979709625,0.009930824860930443
2686,28,37,1.0,0.979667067527771,0,0,0.0,-0.25,0.0,-0.002598649589344859,-0.2755899131298065,0.01113598607480526
2687,28,38,1.0,0.9807549715042114,0,0,0.0,-0.25,0.0,-0.0006193672306835651,-0.2756378650665283,0.009877784177660942
2688,28,39,1.0,0.9860661029815674,0,0,0.0,-0.25,0.0,-0.0008778212359175086,-0.25403258204460144,0.004423505626618862
2689,28,40,1.0,0.9891931414604187,0,0,0.0,0.0,0.0,-0.000836438499391079,-0.11258677393198013,-0.008610754273831844
2690,28,41,1.0,0.9933485388755798,0,0,0.0,0.0,0.0,-0.001498631783761084,-0.01518248487263918,-0.005993581376969814
2691,28,42,1.0,0.9984132051467896,0,0,0.0,0.0,0.0,-0.001136298757046461,-0.007417652290314436,0.0008329041302204132
2692,28,43,1.0,0.9992903470993042,0,0,0.0,0.0,0.0,-0.0012714791810140014,-0.004745632875710726,0.004178494215011597
2693,28,44,1.0,1.0005050897598267,0,0,0.0,0.0,0.0,-0.0006131770787760615,-0.004114694427698851,0.013039607554674149
2694,28,45,1.0,1.000451683998108,0,0,0.0,0.0,0.0,-0.0006050708470866084,-0.003718387335538864,0.012614594772458076
2695,28,46,1.0,1.0022854804992676,0,0,0.0,-0.25,0.0,0.000623560044914484,-0.0024182458873838186,-0.008291059173643589
2696,28,47,1.0,1.000787377357483,0,0,0.0,0.0,0.0,-0.0008957171812653542,-0.006102568004280329,-0.038019344210624695
2697,28,48,1.0,0.9978448748588562,0,0,0.0,0.0,0.0,0.0001377202570438385,0.0005703497445210814,-0.045125626027584076
2698,28,49,1.0,0.9973917007446289,0,0,0.0,0.0,0.0,-4.0730927139520645e-05,0.001756510348059237,-0.04386207461357117
2699,28,50,1.0,0.9992007613182068,0,0,0.0,0.0,0.0,-0.0004344242624938488,0.0014345493400469422,-0.04840609431266785
2700,28,51,1.0,0.9992464780807495,0,0,0.0,0.0,0.0,-0.000478962785564363,0.0015919533325359225,-0.04761297255754471
2701,28,52,1.0,1.0027308464050293,0,0,0.0,0.0,0.0,-7.505808025598526e-05,0.0010116122430190444,-0.08013201504945755
2702,28,53,1.0,1.002744197845459,0,0,0.0,0.0,0.0,-8.34362581372261e-05,0.0010438134195283055,-0.07994859665632248
2703,28,54,1.0,1.0008381605148315,0,0,0.0,0.0,-0.5,-0.00031869730446487665,0.001347347628325224,-0.05412600189447403
2704,28,55,1.0,0.9980397820472717,0,0,0.0,0.0,-0.5,6.340350955724716e-05,0.0007325673941522837,-0.5385611653327942
2705,28,56,1.0,0.9990131855010986,0,0,0.0,0.0,-0.5,-0.0006764254067093134,0.0008574642706662416,-0.5343342423439026
2706,28,57,1.0,0.9997570514678955,0,0,0.0,0.0,-0.5,-0.0004106820560991764,0.0017933432245627046,-0.5320496559143066
2707,28,58,1.0,1.0013784170150757,0,0,0.0,0.0,-0.5,-0.00024978257715702057,0.0011543002910912037,-0.536388099193573
2708,28,59,1.0,1.0033822059631348,0,0,0.0,0.0,-0.5,0.0009323651902377605,0.001102139358408749,-0.5425989031791687
2709,28,60,1.0,1.0064436197280884,0,0,0.0,0.0,-0.5,0.0008831755258142948,0.001246109837666154,-0.5628588795661926
2710,28,61,1.0,1.000735878944397,0,0,0.0,0.0,-0.5,0.001451945398002863,0.001156256184913218,-0.5704540610313416
2711,28,62,1.0,1.0073362588882446,0,0,0.0,0.0,-0.5,0.001662086695432663,0.000846153125166893,-0.5700163245201111
2712,28,63,1.0,1.0076090097427368,0,0,0.0,0.0,-0.5,0.002132909372448921,0.0011698403395712376,-0.556706964969635
2713,28,64,1.0,0.9930427074432373,0,0,0.0,0.0,-0.5,0.0013989126309752464,0.0028198445215821266,-0.4230703115463257
2714,28,65,1.0,0.9898146390914917,0,0,0.0,0.0,0.0,0.0014117553364485502,0.00315467594191432,-0.36461007595062256
2715,28,66,1.0,1.1153303384780884,0,0,0.0,0.0,0.0,0.001894474495202303,0.0031657395884394646,-0.0025244615972042084
2716,28,67,1.0,1.1163891553878784,0,0,0.0,0.0,0.0,0.001989176031202078,0.0031462199985980988,-0.00010182056576013565
2717,28,68,1.0,1.9743010997772217,0,1,0.0,0.0,0.0,0.0018515563569962978,-0.0010669890325516462,-0.006443691439926624
2718,28,69,1.0,1.974489688873291,0,1,0.0,0.0,0.0,0.001867340411990881,-0.0010799529263749719,-0.006412968039512634
2719,28,70,2.0,1.9470698833465576,1,1,0.0,0.0,0.0,0.00185668608173728,-0.0011932835914194584,-0.004488430451601744
2720,28,71,2.0,2.0464959144592285,1,1,0.0,0.0,0.0,-0.00010007759556174278,-0.0009237183257937431,-0.005199415609240532
2721,28,72,2.0,2.045576572418213,1,1,0.0,0.0,0.0,-0.00014958670362830162,-0.0005408203578554094,-0.0003731232136487961
2722,28,73,2.0,2.0447216033935547,1,1,0.0,0.0,0.0,-0.0003412817604839802,0.0023789582774043083,-0.0007963245734572411
2723,28,74,2.0,2.0499541759490967,1,1,0.0,0.0,0.0,-0.0004704638849943876,-0.0011619606520980597,0.003078627400100231
2724,28,75,2.0,2.0455002784729004,1,1,0.0,0.0,0.0,-0.0007035705493763089,-0.0015502161113545299,0.004545162431895733
2725,28,76,2.0,2.0534212589263916,1,1,0.0,0.0,0.0,-0.0005764542147517204,-0.0017512752674520016,-0.0024264701642096043
2726,28,77,2.0,2.0554630756378174,1,1,0.0,0.0,0.0,-0.0004926177207380533,-0.0021326965652406216,-0.005373609252274036
2727,28,78,1.0,1.0613198280334473,0,0,0.0,0.0,0.0,-5.5298907682299614e-05,-0.005913730710744858,0.170467346906662
2728,28,79,1.0,1.5340856313705444,0,1,0.0,0.0,0.0,0.001103617949411273,0.0016668838215991855,-0.05937492847442627
2729,28,80,1.0,1.7341325283050537,0,1,0.0,0.0,0.0,0.0029423488304018974,-0.0009845542954280972,-0.005325491540133953
2730,28,81,1.0,1.0102660655975342,0,0,0.0,0.0,0.0,0.00128729990683496,-0.0037441696040332317,0.2729266583919525
2731,28,82,1.0,1.3006478548049927,0,0,0.0,0.0,0.0,0.004011682700365782,0.0019506769021973014,-0.041068337857723236
2732,28,83,1.0,1.095443606376648,0,0,0.0,0.0,0.0,0.002903750166296959,-0.0008874512277543545,0.058070190250873566
2733,28,84,1.0,1.0243558883666992,0,0,0.0,0.0,0.5,0.0010361236054450274,-0.0005169252981431782,0.15257781744003296
2734,28,85,1.0,0.9947217702865601,0,0,0.0,0.0,0.5,-0.0010422059567645192,0.000536963576450944,0.46765339374542236
2735,28,86,1.0,0.9984362721443176,0,0,0.0,0.0,0.5,0.0007724445313215256,-0.0006738266092725098,0.5492880344390869
2736,28,87,1.0,1.0013136863708496,0,0,0.0,0.0,0.5,0.000729850260540843,-0.00027908990159630775,0.5481432676315308
2737,28,88,1.0,1.002508282661438,0,0,0.0,0.0,0.5,-2.479739487171173e-05,6.789376493543386e-05,0.5512041449546814
2738,28,89,1.0,1.0020664930343628,0,0,0.0,0.0,0.5,-0.0002963785082101822,-2.414215123280883e-05,0.5402196049690247
2739,28,90,1.0,1.001692295074463,0,0,0.0,0.0,0.5,0.0003448161296546459,-0.00023704924387857318,0.5448915958404541
2740,28,91,1.0,1.001305341720581,0,0,0.0,0.0,0.5,-0.00012002559378743172,-0.0006064312183298171,0.5389984846115112
2741,28,92,1.0,0.9990202784538269,0,0,0.0,0.0,0.5,-0.00036056688986718655,-0.00034615586628206074,0.544089138507843
2742,28,93,1.0,0.9986264705657959,0,0,0.0,0.0,0.5,-0.0002514254301786423,-0.00024426361778751016,0.5404043793678284
2743,29,0,1.0,0.9980345368385315,0,0,0.0,0.0,0.0,0.010205963626503944,0.0018069009529426694,0.0007967334240674973
2744,29,1,1.0,0.9990145564079285,0,0,0.0,0.0,0.0,0.009860262274742126,-5.9276382671669126e-05,-0.003091482911258936
2745,29,2,1.0,1.0033339262008667,0,0,0.0,0.0,0.0,0.010542775504291058,-0.0011177128180861473,0.005169901996850967
2746,29,3,1.0,1.0033760070800781,0,0,0.0,0.0,0.0,0.010577939450740814,-0.001088081975467503,0.006468047387897968
2747,29,4,1.0,1.0050530433654785,0,0,0.0,0.0,0.0,0.01118769682943821,-0.00016576054622419178,0.020490434020757675
2748,29,5,1.0,1.0050020217895508,0,0,0.0,0.0,0.0,0.011179701425135136,-0.00017246510833501816,0.02084752544760704
2749,29,6,1.0,1.003173589706421,0,0,0.0,0.0,0.0,-0.0037014069966971874,7.038016337901354e-05,-0.00860386062413454
2750,29,7,1.0,1.0031484365463257,0,0,-0.25,0.0,0.0,-0.003677886677905917,6.97135110385716e-05,-0.008490041829645634
2751,29,8,1.0,1.0023808479309082,0,0,-0.25,0.0,0.0,-0.2619142234325409,-0.002920330036431551,0.004318656399846077
2752,29,9,1.0,1.0030301809310913,0,0,-0.25,0.0,0.0,-0.27066025137901306,-0.00208410806953907,0.007674144580960274
2753,29,10,1.0,1.002227783203125,0,0,-0.25,0.0,0.0,-0.2761657238006592,-0.001689945813268423,0.005100352689623833
2754,29,11,1.0,1.001762866973877,0,0,-0.25,0.0,0.0,-0.27849647402763367,-0.0012069193180650473,0.004029012285172939
2755,29,12,1.0,0.999164879322052,0,0,-0.25,0.0,0.0,-0.27857816219329834,-0.0011467981385067105,-0.0005521513521671295
2756,29,13,1.0,1.000367522239685,0,0,-0.25,0.0,0.0,-0.2806059718132019,-0.0014221767196431756,0.0033105360344052315
2757,29,14,1.0,1.000393271446228,0,0,-0.25,0.0,0.0,-0.280985027551651,-0.001856618793681264,0.0026364335790276527
2758,29,15,1.0,0.9977141618728638,0,0,-0.25,0.0,0.0,-0.28422167897224426,-0.0024287851992994547,0.002124830149114132
2759,29,16,1.0,0.9966161251068115,0,0,-0.25,0.0,0.0,-0.2831695079803467,-0.002630154136568308,-7.778964936733246e-05
2760,29,17,1.0,0.996820867061615,0,0,-0.25,0.0,0.0,-0.2848028838634491,-0.0027915015816688538,0.0017038751393556595
2761,29,18,1.0,0.9930806159973145,0,0,-0.25,0.0,0.0,-0.2836660146713257,-0.0015897820703685284,0.0032228361815214157
2762,29,19,1.0,0.9961362481117249,0,0,-0.25,0.0,0.0,-0.264464408159256,-0.0016788934590294957,0.004584742709994316
2763,29,20,1.0,1.004023790359497,0,0,-0.25,0.0,0.0,-0.16476015746593475,-0.002351702656596899,0.0035878485068678856
2764,29,21,1.0,1.0018634796142578,0,0,0.0,0.0,0.0,-0.05590366572141647,0.0002366599510423839,0.008862651884555817
2765,29,22,1.0,0.9999238848686218,0,0,0.0,0.0,0.0,0.00039480114355683327,-0.002166061894968152,0.010842829942703247
2766,29,23,1.0,1.001701831817627,0,0,0.0,0.0,0.0,0.018733931705355644,-0.0018581748008728027,0.012034889310598373
2767,29,24,1.0,1.0038273334503174,0,0,0.0,0.0,0.0,0.01207565888762474,0.011263245716691017,0.01611131988465786
2768,29,25,1.0,1.0037178993225098,0,0,0.0,0.0,0.0,0.01304746326059103,0.012768583372235298,0.01377195119857788
2769,29,26,1.0,0.9993256330490112,0,0,0.0,0.0,0.0,0.0040228478610515594,0.13243266940116882,0.015321331098675728
2770,29,27,1.0,0.9992507100105286,0,0,0.0,0.25,0.0,0.004138566553592682,0.13282935321331024,0.015219129621982574
2771,29,28,1.0,0.9932604432106018,0,0,0.0,0.25,0.0,-0.0019305733731016517,0.2547186017036438,-0.005325857549905777
2772,29,29,1.0,0.9956432580947876,0,0,0.0,0.25,0.0,-0.0012716402998194098,0.26737120747566223,-0.006727761588990688
2773,29,30,1.0,0.9899727702140808,0,0,0.0,0.25,0.0,-0.0011577224358916283,0.26272276043891907,-0.012380187399685383
2774,29,31,1.0,0.9885256886482239,0,0,0.0,0.25,0.0,-0.0003657415509223938,0.26394280791282654,-0.015872860327363014
2775,29,32,1.0,0.9881434440612793,0,0,0.0,0.25,0.0,-5.234731361269951e-06,0.2742536664009094,-0.016610782593488693
2776,29,33,1.0,0.9874758124351501,0,0,0.0,0.25,0.0,0.0005008347798138857,0.2771361768245697,-0.004714497365057468
2777,29,34,1.0,0.9933624267578125,0,0,0.0,0.25,0.0,-0.0009777512168511748,0.2749987840652466,-0.0005246270447969437
2778,29,35,1.0,0.9916408061981201,0,0,0.0,0.25,0.0,-0.0014795841416344047,0.24300093948841095,-0.0011799568310379982
2779,29,36,1.0,0.9905021786689758,0,0,0.0,0.25,0.0,-0.002023175824433565,0.19304290413856506,0.0028458889573812485
2780,29,37,1.0,0.9930002689361572,0,0,0.0,0.0,0.0,-0.00042994495015591383,0.06634538620710373,0.007023915648460388
2781,29,38,1.0,0.9989549517631531,0,0,0.0,0.0,0.0,-0.000560639426112175,0.006687094923108816,0.012924624606966972
2782,29,39,1.0,0.998953640460968,0,0,0.0,0.0,0.0,-0.0009605026571080089,0.0013219413813203573,0.01787490025162697
2783,29,40,1.0,0.9991698265075684,0,0,0.0,0.0,0.0,-0.0010283642914146185,-0.0007943293312564492,0.03052418865263462
2784,29,41,1.0,0.9991294741630554,0,0,0.0,0.0,0.0,-0.0011046550935134292,-0.0011694750282913446,0.030096085742115974
2785,29,42,1.0,1.0026293992996216,0,0,0.0,0.0,0.0,0.0008893562480807304,0.0005169454962015152,0.012329105287790298
2786,29,43,1.0,1.0026239156723022,0,0,0.0,0.0,0.0,0.0008788432460278273,0.00045417784713208675,0.012243924662470818
2787,29,44,1.0,1.003126621246338,0,0,0.0,0.25,0.0,0.0005115424282848835,0.0006821119459345937,0.00027658045291900635
2788,29,45,1.0,1.0033594369888306,0,0,0.0,0.0,0.0,-0.0006107016233727336,0.005238505080342293,0.010070988908410072
2789,29,46,1.0,0.9973863363265991,0,0,0.0,0.0,0.0,8.923094719648361e-05,0.0038399980403482914,-0.03512585908174515
2790,29,47,1.0,0.9980947971343994,0,0,0.0,0.0,0.0,-0.00039885472506284714,0.003313584253191948,-0.030025625601410866
2791,29,48,1.0,1.0011954307556152,0,0,0.0,0.0,0.0,-0.0008139846613630652,0.0023793834261596203,-0.05048982799053192
2792,29,49,1.0,1.0011978149414062,0,0,0.0,0.0,0.0,-0.0008091018535196781,0.002251408528536558,-0.05161202698945999
2793,29,50,1.0,1.0076289176940918,0,0,0.0,0.0,0.0,-0.0012254598550498486,0.00013281352585181594,-0.12275604903697968
2794,29,51,1.0,1.0076251029968262,0,0,0.0,0.0,0.0,-0.0012178629403933883,0.00010182621190324426,-0.12324603646993637
2795,29,52,1.0,1.0082300901412964,0,0,0.0,0.0,0.0,-0.0014955168589949608,-0.0004452433786354959,-0.1461319774389267
2796,29,53,1.0,1.0082285404205322,0,0,0.0,0.0,-0.5,-0.0014934474602341652,-0.000450828461907804,-0.14625221490859985
2797,29,54,1.0,0.9967647194862366,0,0,0.0,0.0,-0.5,0.001705086324363947,0.0009305444546043873,-0.5475441813468933
2798,29,55,1.0,0.9988926649093628,0,0,0.0,0.0,-0.5,0.0019954433664679527,0.0010148881701752543,-0.5376473069190979
2799,29,56,1.0,1.000958800315857,0,0,0.0,0.0,-0.5,0.001692446880042553,0.0015189772238954902,-0.5385027527809143
2800,29,57,1.0,0.999915361404419,0,0,0.0,0.0,-0.5,0.001485820161178708,0.0019513574661687016,-0.5336691737174988
2801,29,58,1.0,1.0051192045211792,0,0,0.0,0.0,-0.5,0.001170676900073886,0.002290728036314249,-0.5428532958030701
2802,29,59,1.0,1.0094455480575562,0,0,0.0,0.0,-0.5,3.69977205991745e-05,0.002856860402971506,-0.554799497127533
2803,29,60,1.0,1.0132906436920166,0,0,0.0,0.0,-0.5,8.225813508033752e-05,0.0020927474834024906,-0.5705291032791138
2804,29,61,1.0,1.0128984451293945,0,0,0.0,0.0,-0.5,-0.0005180089501664042,0.0011291361879557371,-0.5761280655860901
2805,29,62,1.0,1.0072523355484009,0,0,0.0,0.0,-0.5,0.0005358229391276836,0.0019253204809501767,-0.5601162314414978
2806,29,63,1.0,1.0048713684082031,0,0,0.0,0.0,-0.5,0.0012423952575773,0.0021862369030714035,-0.5507411360740662
2807,29,64,1.0,0.9860919117927551,0,0,0.0,0.0,0.0,0.001660164911299944,0.002543318085372448,-0.39512133598327637
2808,29,65,1.0,0.9855128526687622,0,0,0.0,0.0,0.0,0.0018429309129714966,0.0025344272144138813,-0.38269275426864624
2809,29,66,1.0,1.350801944732666,0,0,0.0,0.0,0.0,0.001482639228925109,0.0010459489421918988,-0.017294656485319138
2810,29,67,1.0,1.3595396280288696,0,0,0.0,0.0,0.0,0.0015288391150534153,0.0010413420386612415,-0.01569376140832901
2811,29,68,1.0,2.0347838401794434,0,1,0.0,0.0,0.0,0.0005921903066337109,-0.0011854240437969565,-0.01488738413900137
2812,29,69,1.0,2.0348010063171387,0,1,0.0,0.0,0.0,0.0005860906094312668,-0.0011687009828165174,-0.014883656054735184
2813,29,70,2.0,2.0370073318481445,1,1,0.0,0.0,0.0,0.0007191761396825314,-0.0015180876944214106,-0.015005754306912422
2814,29,71,2.0,2.045743227005005,1,1,0.0,0.0,0.0,2.1317973732948303e-06,-0.0011523328721523285,-0.0031868377700448036
2815,29,72,2.0,2.0437426567077637,1,1,0.0,0.0,0.0,-9.908247739076614e-05,-0.0018172233831137419,-0.0018922109156847
2816,29,73,2.0,2.045999050140381,1,1,0.0,0.0,0.0,0.0013406726066023111,-0.004583593923598528,-0.0006217742338776588
2817,29,74,2.0,2.0481760501861572,1,1,0.0,0.0,0.0,-0.0008142796577885747,-0.0022522155195474625,0.0041733114048838615
2818,29,75,2.0,2.046083927154541,1,1,0.0,0.0,0.0,-4.8580579459667206e-05,-0.002773735672235489,0.003744826652109623
2819,29,76,2.0,2.049572467803955,1,1,0.0,0.0,0.0,-0.00023314333520829678,-0.0028269770555198193,0.004949512891471386
2820,29,77,2.0,2.049196481704712,1,1,0.0,0.0,0.0,-0.00017202412709593773,-0.0027072825469076633,0.00520617701113224
2821,29,78,2.0,1.8580001592636108,1,1,0.0,0.0,0.0,0.001200621947646141,-0.0013074666494503617,0.0007124990224838257
2822,29,79,1.0,1.855303168296814,0,1,0.0,0.0,0.0,0.0011787519324570894,-0.0012418399564921856,0.0005956534296274185
2823,29,80,1.0,0.989364504814148,0,0,0.0,0.0,0.0,0.0007035890594124794,-0.0008846009150147438,0.3663053810596466
2824,29,81,1.0,0.9893437027931213,0,0,0.0,0.0,0.0,0.0006885554175823927,-0.0008766524260863662,0.36684486269950867
2825,29,82,1.0,0.9888948202133179,0,0,0.0,0.0,0.0,0.0007971224840730429,-0.001435181824490428,0.38016271591186523
2826,29,83,1.0,0.9888899326324463,0,0,0.0,0.0,0.0,0.0007918649353086948,-0.0014386195689439774,0.3803360164165497
2827,29,84,1.0,0.9886025190353394,0,0,0.0,0.0,0.5,0.0010060386266559362,-0.0019136870978400111,0.35197779536247253
2828,29,85,1.0,0.9956268072128296,0,0,0.0,0.0,0.5,-0.0006914341356605291,-0.0005137885455042124,0.5195358991622925
2829,29,86,1.0,0.9999717473983765,0,0,0.0,0.0,0.5,0.00027818838134407997,0.0011497663799673319,0.5435053110122681
2830,29,87,1.0,1.0022423267364502,0,0,0.0,0.0,0.5,0.0006363678257912397,0.000499495305120945,0.5486236214637756
2831,29,88,1.0,1.002625584602356,0,0,0.0,0.0,0.5,0.0010750105138868093,7.38359522074461e-05,0.5449202060699463
2832,29,89,1.0,1.0030375719070435,0,0,0.0,0.0,0.5,0.0011122941505163908,-2.990855136886239e-05,0.5484960675239563
2833,29,90,1.0,1.0019580125808716,0,0,0.0,0.0,0.5,0.0008960547856986523,0.000179169699549675,0.5454337000846863
2834,29,91,1.0,1.0018304586410522,0,0,0.0,0.0,0.5,0.0013014024589210749,0.00013016274897381663,0.5461668968200684
2835,29,92,1.0,1.0011693239212036,0,0,0.0,0.0,0.5,0.0007146655116230249,0.0003565721563063562,0.5385016202926636
2836,29,93,1.0,1.0017821788787842,0,0,0.0,0.0,0.5,0.001614581560716033,0.00037909543607383966,0.5398622155189514
2837,30,0,1.0,0.9984461069107056,0,0,0.0,0.0,0.0,-0.00194620864931494,0.0036403415724635124,-0.00572239188477397
2838,30,1,1.0,0.999640166759491,0,0,0.0,0.0,0.0,-0.0023816628381609917,0.0038041137158870697,-0.006373735144734383
2839,30,2,1.0,0.99680495262146,0,0,0.0,0.0,0.0,-0.003926230128854513,0.0035596732050180435,-0.0035688569769263268
2840,30,3,1.0,0.9968301057815552,0,0,0.0,0.0,0.0,-0.004139674827456474,0.0036261440254747868,-0.002637325320392847
2841,30,4,1.0,0.9951144456863403,0,0,0.0,0.0,0.0,-0.00931677594780922,0.003136878367513418,0.011419767513871193
2842,30,5,1.0,0.9949907660484314,0,0,0.0,0.0,0.0,-0.009350918233394623,0.0031318156979978085,0.01165093295276165
2843,30,6,1.0,0.9904228448867798,0,0,0.0,0.0,0.0,0.0027231350541114807,0.0011586473556235433,-0.02059021219611168
2844,30,7,1.0,0.9903935790061951,0,0,0.0,0.0,0.0,0.0027682799845933914,0.0011520340340211987,-0.020514104515314102
2845,30,8,1.0,0.9895609617233276,0,0,0.0,0.0,0.0,0.05043599009513855,0.0005320460768416524,-0.02194402925670147
2846,30,9,1.0,0.9895534515380859,0,0,0.25,0.0,0.0,0.050459250807762146,0.0005297299940139055,-0.0219207014888525
2847,30,10,1.0,0.9892668128013611,0,0,0.25,0.0,0.0,0.2562871277332306,-0.001612411462701857,-0.005341848358511925
2848,30,11,1.0,0.9905308485031128,0,0,0.25,0.0,0.0,0.273189514875412,-0.001266493578441441,-0.0014038779772818089
2849,30,12,1.0,0.9942799806594849,0,0,0.25,0.0,0.0,0.2745184898376465,-0.0013859688770025969,-0.00019362196326255798
2850,30,13,1.0,0.9932753443717957,0,0,0.25,0.0,0.0,0.2774663269519806,-0.0004908068804070354,0.0015597892925143242
2851,30,14,1.0,0.9979043006896973,0,0,0.25,0.0,0.0,0.2786969244480133,7.406109943985939e-06,-0.001982184126973152
2852,30,15,1.0,0.9963213801383972,0,0,0.25,0.0,0.0,0.28234168887138367,-4.452865687198937e-05,0.0018906919285655022
2853,30,16,1.0,0.9992965459823608,0,0,0.25,0.0,0.0,0.2845810651779175,0.00010606198338791728,0.0034711267799139023
2854,30,17,1.0,1.0021135807037354,0,0,0.25,0.0,0.0,0.283348023891449,0.0012108158553019166,0.008120721206068993
2855,30,18,1.0,0.9929128885269165,0,0,0.25,0.0,0.0,0.28714296221733093,-0.0006694996845908463,0.009168161079287529
2856,30,19,1.0,0.988593578338623,0,0,0.25,0.0,0.0,0.26904842257499695,-0.0005014367052353919,0.010752204805612564
2857,30,20,1.0,0.9957228899002075,0,0,0.25,0.0,0.0,0.17521782219409943,-0.0016202228143811226,0.006376163102686405
2858,30,21,1.0,0.9910215139389038,0,0,0.0,0.0,0.0,0.05855915695428848,-0.0019216189393773675,0.009551459923386574
2859,30,22,1.0,0.9907320737838745,0,0,0.0,0.0,0.0,0.006692840717732906,0.004762331489473581,-0.0005285078659653664
2860,30,23,1.0,0.9918082356452942,0,0,0.0,0.0,0.0,0.0003101734910160303,0.005009313579648733,1.52587890625e-05
2861,30,24,1.0,0.9933414459228516,0,0,0.0,0.0,0.0,-0.00031137338373810053,0.005128595046699047,-0.005903761833906174
2862,30,25,1.0,0.9962129592895508,0,0,0.0,0.0,0.0,-0.000447089783847332,0.004878508858382702,-0.011017926037311554
2863,30,26,1.0,1.0062392950057983,0,0,0.0,0.0,0.0,0.0030431817285716534,-0.06031695380806923,-0.008977162651717663
2864,30,27,1.0,1.006311058998108,0,0,0.0,0.0,0.0,0.0029617981053888798,-0.06097760051488876,-0.008900727145373821
2865,30,28,1.0,1.006894588470459,0,0,0.0,0.0,0.0,0.0006591288838535547,-0.20421060919761658,-0.0005106329917907715
2866,30,29,1.0,1.006893277168274,0,0,0.0,-0.25,0.0,0.0006493623368442059,-0.20433309674263,-0.0005290117114782333
2867,30,30,1.0,0.9911958575248718,0,0,0.0,-0.25,0.0,-0.004409675486385822,-0.2702847719192505,0.0021891091018915176
2868,30,31,1.0,0.9877526760101318,0,0,0.0,-0.25,0.0,-0.0035500763915479183,-0.27171093225479126,0.0036859819665551186
2869,30,32,1.0,0.9927772283554077,0,0,0.0,-0.25,0.0,-0.004494907334446907,-0.2735241949558258,0.007601538673043251
2870,30,33,1.0,0.9864587187767029,0,0,0.0,-0.25,0.0,-0.0035309968516230583,-0.27714723348617554,0.011044694110751152
2871,30,34,1.0,0.987772524356842,0,0,0.0,-0.25,0.0,-0.0037803612649440765,-0.2768121063709259,0.016415085643529892
2872,30,35,1.0,0.9856504797935486,0,0,0.0,-0.25,0.0,-0.0035102502442896366,-0.27782008051872253,0.013409590348601341
2873,30,36,1.0,0.991115391254425,0,0,0.0,-0.25,0.0,-0.004513098858296871,-0.27601268887519836,0.015593292191624641
2874,30,37,1.0,0.9916344285011292,0,0,0.0,-0.25,0.0,-0.005446658469736576,-0.2657487690448761,0.007741674780845642
2875,30,38,1.0,0.9897844791412354,0,0,0.0,-0.25,0.0,-0.005681950133293867,-0.2555764317512512,0.0018654176965355873
2876,30,39,1.0,0.9846168160438538,0,0,0.0,-0.25,0.0,-0.004603125154972076,-0.19638577103614807,-0.011272345669567585
2877,30,40,1.0,0.9999767541885376,0,0,0.0,-0.25,0.0,-0.00026107579469680786,-0.031324900686740875,-0.014495894312858582
2878,30,41,1.0,1.001326322555542,0,0,0.0,0.0,0.0,-0.0012537504080682993,-0.01720099151134491,-0.03358443081378937
2879,30,42,1.0,0.9993706345558167,0,0,0.0,0.0,0.0,-0.0003649683203548193,-0.00014231339446268976,-0.03574230521917343
2880,30,43,1.0,0.9997581243515015,0,0,0.0,0.0,0.0,-0.00023821555078029633,0.002310426440089941,-0.014821633696556091
2881,30,44,1.0,1.0033440589904785,0,0,0.0,0.0,0.0,-0.00038434029556810856,0.0021050903014838696,-0.028568744659423828
2882,30,45,1.0,1.0033577680587769,0,0,0.0,0.0,0.0,-0.00045478343963623047,0.002391669899225235,-0.026874689385294914
2883,30,46,1.0,1.0062892436981201,0,0,0.0,0.0,0.0,-0.000716516631655395,0.0006819791160523891,-0.09897807985544205
2884,30,47,1.0,1.006285548210144,0,0,0.0,0.0,0.0,-0.0007364691700786352,0.0007348632207140326,-0.09872370213270187
2885,30,48,1.0,1.0093796253204346,0,0,0.0,0.0,0.0,-0.0004676302196457982,0.0004275987739674747,-0.1750614047050476
2886,30,49,1.0,1.0093809366226196,0,0,0.0,0.0,-0.5,-0.00046980136539787054,0.00044147868175059557,-0.17503796517848969
2887,30,50,1.0,0.999005913734436,0,0,0.0,0.0,-0.5,0.002010915894061327,-0.000260187778621912,-0.547001302242279
2888,30,51,1.0,0.9999257922172546,0,0,0.0,0.0,-0.5,0.0012926156632602215,0.0006382528226822615,-0.5389272570610046
2889,30,52,1.0,1.0020420551300049,0,0,0.0,0.0,-0.5,0.0013053177390247583,0.0011831661686301231,-0.53898686170578
2890,30,53,1.0,1.0036847591400146,0,0,0.0,0.0,-0.5,0.0014904604759067297,0.0013353287940844893,-0.5398359894752502
2891,30,54,1.0,1.0065319538116455,0,0,0.0,0.0,-0.5,0.002501513808965683,0.0016535072354599833,-0.5531772375106812
2892,30,55,1.0,1.0104162693023682,0,0,0.0,0.0,-0.5,0.0024300487712025642,0.0012889457866549492,-0.565420925617218
2893,30,56,1.0,1.0071519613265991,0,0,0.0,0.0,-0.5,0.0018141549080610275,0.000498011359013617,-0.578265368938446
2894,30,57,1.0,1.009831428527832,0,0,0.0,0.0,-0.5,0.002411904279142618,0.001203472027555108,-0.5760436654090881
2895,30,58,1.0,1.0020058155059814,0,0,0.0,0.0,-0.5,0.0021732687018811703,0.002089089248329401,-0.5477584004402161
2896,30,59,1.0,1.0026047229766846,0,0,0.0,0.0,-0.5,0.00225491588935256,0.0019352604867890477,-0.5369377732276917
2897,30,60,1.0,0.9796484112739563,0,0,0.0,0.0,0.0,0.0035652373917400837,0.0018137773731723428,-0.26786038279533386
2898,30,61,1.0,0.9798625111579895,0,0,0.0,0.0,0.0,0.0035714516416192055,0.0018167240777984262,-0.26353639364242554
2899,30,62,1.0,1.7417922019958496,0,1,0.0,0.0,0.0,0.003516530618071556,-0.0003367240133229643,0.008587593212723732
2900,30,63,1.0,1.7421146631240845,0,1,0.0,0.0,0.0,0.003526835236698389,-0.0003366445889696479,0.00865679606795311
2901,30,64,1.0,2.0144200325012207,0,1,0.0,0.0,0.0,0.0024209017865359783,-0.001733308658003807,-0.008531010709702969
2902,30,65,2.0,2.0144577026367188,1,1,0.0,0.0,0.0,0.0024244380183517933,-0.0017376968171447515,-0.008517080917954445
2903,30,66,2.0,2.047276020050049,1,1,0.0,0.0,0.0,6.539048627018929e-05,-0.0020206766203045845,-0.0023147095926105976
2904,30,67,2.0,2.0535941123962402,1,1,0.0,0.0,0.0,0.0003285217098891735,-0.002158793620765209,0.0012896964326500893
2905,30,68,2.0,2.0509750843048096,1,1,0.0,0.0,0.0,0.0004461202770471573,-0.0018858335679396987,0.002185426652431488
2906,30,69,2.0,2.052321434020996,1,1,0.0,0.0,0.0,0.0005137589760124683,-0.0016896026208996773,0.0018589235842227936
2907,30,70,2.0,2.0542750358581543,1,1,0.0,0.0,0.0,0.0004635159857571125,-0.0021887468174099922,0.0024608438834547997
2908,30,71,2.0,2.054877758026123,1,1,0.0,0.0,0.0,0.0003364852163940668,-0.001794043811969459,0.0009124008938670158
2909,30,72,1.0,2.047549247741699,0,1,0.0,0.0,0.0,0.0001905148383229971,-0.0029425411485135555,-0.005226569250226021
2910,30,73,1.0,1.9810945987701416,0,1,0.0,0.0,0.0,-0.0003019459545612335,-0.0019573576282709837,-0.014030084945261478
2911,30,74,1.0,1.3894745111465454,0,0,0.0,0.0,0.0,-0.00015701819211244583,-0.0032585663720965385,-0.036104582250118256
2912,30,75,1.0,1.0582021474838257,0,0,0.0,0.0,0.0,0.0005076855886727571,-0.002367832697927952,0.03195926547050476
2913,30,76,1.0,0.9942784309387207,0,0,0.0,0.0,0.0,0.0014260197058320045,-0.002391831949353218,0.2335740625858307
2914,30,77,1.0,0.9946869611740112,0,0,0.0,0.0,0.0,0.0013264885637909174,-0.0025274595245718956,0.22815245389938354
2915,30,78,1.0,0.9925899505615234,0,0,0.0,0.0,0.0,0.00034248712472617626,-0.000989928375929594,0.30596622824668884
2916,30,79,1.0,0.9921857714653015,0,0,0.0,0.0,0.5,0.0003526650834828615,-0.0008911020122468472,0.31599345803260803
2917,30,80,1.0,0.9992839694023132,0,0,0.0,0.0,0.5,1.3262033462524414e-06,-0.00016602876712568104,0.5374339818954468
2918,30,81,1.0,1.0014798641204834,0,0,0.0,0.0,0.5,0.0002338059712201357,-0.00019128128769807518,0.5485008358955383
2919,30,82,1.0,1.0014283657073975,0,0,0.0,0.0,0.5,0.0006726044230163097,-0.000512301514390856,0.5480324029922485
2920,30,83,1.0,1.0005298852920532,0,0,0.0,0.0,0.5,0.0005144511815160513,-0.00011844764230772853,0.5449305772781372
2921,30,84,1.0,1.0005292892456055,0,0,0.0,0.0,0.5,0.00023881904780864716,9.221205255016685e-05,0.544150173664093
2922,30,85,1.0,0.9999505281448364,0,0,0.0,0.0,0.5,-0.00012366892769932747,-0.00043542153434827924,0.5476372241973877
2923,30,86,1.0,1.0000298023223877,0,0,0.0,0.0,0.5,0.00023367558605968952,-0.000496716529596597,0.5467419028282166
2924,30,87,1.0,0.9991701245307922,0,0,0.0,0.0,0.5,0.00048337411135435104,-0.00035601024865172803,0.5371655821800232
2925,30,88,1.0,1.0011143684387207,0,0,0.0,0.0,0.5,-1.784181222319603e-05,-0.000663150567561388,0.5471346378326416
2926,31,0,1.0,0.9888830184936523,0,0,0.0,0.0,0.0,-0.0006327788578346372,0.00016149872681125998,-0.00118973758071661
2927,31,1,1.0,0.9924799203872681,0,0,0.0,0.0,0.0,-0.0007726404583081603,0.0004171847249381244,-0.0023127864114940166
2928,31,2,1.0,0.9931407570838928,0,0,0.0,0.0,0.0,-0.0018094883998855948,2.0731124095618725e-05,0.010480247437953949
2929,31,3,1.0,0.9929841756820679,0,0,0.0,0.0,0.0,-0.0024371924810111523,0.0001329590450040996,0.01099652424454689
2930,31,4,1.0,0.9915355443954468,0,0,0.0,0.0,0.0,-0.009772111661732197,0.0023861154913902283,0.00823197327554226
2931,31,5,1.0,0.9914429783821106,0,0,0.0,0.0,0.0,-0.009879701770842075,0.002348034642636776,0.008537812158465385
2932,31,6,1.0,0.9928288459777832,0,0,0.0,0.0,0.0,0.01901683211326599,0.001699120388366282,-0.040266163647174835
2933,31,7,1.0,0.9927690029144287,0,0,0.0,0.0,0.0,0.019105667248368263,0.0016801630845293403,-0.040156424045562744
2934,31,8,1.0,0.9859155416488647,0,0,0.25,0.0,0.0,0.21733030676841736,-0.0018332672771066427,-0.005476885475218296
2935,31,9,1.0,0.9876028299331665,0,0,0.25,0.0,0.0,0.2560131251811981,-0.001670059864409268,-0.00464911013841629
2936,31,10,1.0,0.9913522005081177,0,0,0.25,0.0,0.0,0.2717997133731842,-0.00011352109140716493,0.0012390417978167534
2937,31,11,1.0,0.9911364316940308,0,0,0.25,0.0,0.0,0.2735748589038849,0.0007428184617310762,0.0004560202360153198
2938,31,12,1.0,0.9883992671966553,0,0,0.25,0.0,0.0,0.2780759334564209,0.0014383626403287053,-0.0011021341197192669
2939,31,13,1.0,0.99305260181427,0,0,0.25,0.0,0.0,0.2783467471599579,0.00237565441057086,-0.002527555450797081
2940,31,14,1.0,0.9946528673171997,0,0,0.25,0.0,0.0,0.2801862061023712,0.001694419072009623,-0.005007577128708363
2941,31,15,1.0,0.9971767663955688,0,0,0.25,0.0,0.0,0.28189846873283386,0.0020026499405503273,-0.0035549262538552284
2942,31,16,1.0,1.0043566226959229,0,0,0.25,0.0,0.0,0.2869226932525635,0.0011717029847204685,-0.0032981080003082752
2943,31,17,1.0,0.9976701140403748,0,0,0.25,0.0,0.0,0.2869744598865509,0.0010819159215316176,-0.0028131571598351
2944,31,18,1.0,0.9886394739151001,0,0,0.25,0.0,0.0,0.27653494477272034,0.0014733021380379796,-0.0026576980017125607
2945,31,19,1.0,0.9875645041465759,0,0,0.25,0.0,0.0,0.23654207587242126,0.003581239376217127,-0.0010285936295986176
2946,31,20,1.0,0.9957736134529114,0,0,0.25,0.0,0.0,0.10855281352996826,0.0030788108706474304,0.0074747484177351
2947,31,21,1.0,1.0030133724212646,0,0,0.25,0.0,0.0,0.058073341846466064,0.0009890401270240545,0.011499755084514618
2948,31,22,1.0,1.004170536994934,0,0,0.0,0.0,0.0,0.029411764815449715,-0.0010731336660683155,0.005382749252021313
2949,31,23,1.0,1.0045537948608398,0,0,0.0,0.0,0.0,0.014390546828508377,-0.0008285058429464698,0.017418449744582176
2950,31,24,1.0,1.003607988357544,0,0,0.0,0.0,0.0,0.002229912206530571,0.04243213310837746,0.01802797242999077
2951,31,25,1.0,1.0048625469207764,0,0,0.0,0.0,0.0,-0.0019786686170846224,0.06197647377848625,0.01657053828239441
2952,31,26,1.0,1.007944941520691,0,0,0.0,0.0,0.0,-0.002886244561523199,0.0806240364909172,0.00958470068871975
2953,31,27,1.0,1.0081490278244019,0,0,0.0,0.25,0.0,-0.0033160410821437836,0.08069607615470886,0.009778773412108421
2954,31,28,1.0,1.0001879930496216,0,0,0.0,0.25,0.0,-0.0020291253458708525,0.24964196979999542,0.004743532277643681
2955,31,29,1.0,0.9970452785491943,0,0,0.0,0.25,0.0,-0.0014972862554714084,0.2649982273578644,-0.007394791580736637
2956,31,30,1.0,0.9882402420043945,0,0,0.0,0.25,0.0,0.0008790807332843542,0.26891833543777466,-0.007668604608625174
2957,31,31,1.0,0.9846231341362,0,0,0.0,0.25,0.0,0.0007655452936887741,0.27196288108825684,-0.00536112766712904
2958,31,32,1.0,0.9835734367370605,0,0,0.0,0.25,0.0,-0.00044388952665030956,0.2742438316345215,-0.0040169889107346535
2959,31,33,1.0,0.9825960993766785,0,0,0.0,0.25,0.0,4.172325134277344e-07,0.2759252190589905,0.0024191057309508324
2960,31,34,1.0,0.9830046892166138,0,0,0.0,0.25,0.0,-0.0009096086723729968,0.27025675773620605,0.0013143913820385933
2961,31,35,1.0,0.9834110140800476,0,0,0.0,0.25,0.0,0.00031086942180991173,0.27441394329071045,0.006633203476667404
2962,31,36,1.0,0.9862709641456604,0,0,0.0,0.25,0.0,-0.0006765614962205291,0.248385488986969,0.004740163683891296
2963,31,37,1.0,0.9941861629486084,0,0,0.0,0.25,0.0,0.0006112130358815193,0.17055651545524597,0.016047323122620583
2964,31,38,1.0,1.001761794090271,0,0,0.0,0.0,0.0,0.0011778164189308882,0.025987986475229263,0.03237888216972351
2965,31,39,1.0,1.0047650337219238,0,0,0.0,0.0,0.0,0.0010908746626228094,0.0038473722524940968,0.034670598804950714
2966,31,40,1.0,1.0049092769622803,0,0,0.0,0.0,0.0,0.000855371356010437,0.0015343596460297704,-0.007017809431999922
2967,31,41,1.0,1.0050334930419922,0,0,0.0,0.0,0.0,0.0007086137775331736,0.0008909220341593027,-0.01119773555546999
2968,31,42,1.0,1.0014410018920898,0,0,0.0,0.0,0.0,-0.00013853982090950012,0.0010577160865068436,-0.024346739053726196
2969,31,43,1.0,1.0014477968215942,0,0,0.0,0.0,0.0,-0.00015888316556811333,0.000880913925357163,-0.024585586041212082
2970,31,44,1.0,0.9974074363708496,0,0,0.0,0.0,0.0,-0.0004177122609689832,0.0018336150096729398,-0.03223274648189545
2971,31,45,1.0,0.9974018931388855,0,0,0.0,0.25,0.0,-0.000416754512116313,0.001802657381631434,-0.03228646144270897
2972,31,46,1.0,0.9974207282066345,0,0,0.0,0.0,0.0,-0.0009328167652711272,0.006233734544366598,-0.04257544130086899
2973,31,47,1.0,1.0073500871658325,0,0,0.0,0.0,0.0,-0.0001439682673662901,0.003269155975431204,-0.1469927579164505
2974,31,48,1.0,1.0087547302246094,0,0,0.0,0.0,0.0,-6.511504761874676e-05,0.0012071882374584675,-0.2423187792301178
2975,31,49,1.0,1.0081827640533447,0,0,0.0,0.0,0.0,-0.00015918724238872528,0.0005458988016471267,-0.2630072236061096
2976,31,50,1.0,1.0074808597564697,0,0,0.0,0.0,0.0,0.0002491569612175226,0.0009606154635548592,-0.38492825627326965
2977,31,51,1.0,1.007314682006836,0,0,0.0,0.0,0.0,0.00025145174004137516,0.0008605084149166942,-0.3874753713607788
2978,31,52,1.0,1.004162073135376,0,0,0.0,0.0,-0.5,0.0009956182911992073,0.001383475260809064,-0.5039768218994141
2979,31,53,1.0,0.9972699880599976,0,0,0.0,0.0,-0.5,0.001190392067655921,0.0016440741019323468,-0.5472118854522705
2980,31,54,1.0,1.0001753568649292,0,0,0.0,0.0,-0.5,0.001183484448119998,0.0017252644756808877,-0.547441303730011
2981,31,55,1.0,1.002572774887085,0,0,0.0,0.0,-0.5,0.0013845502398908138,0.0016078819753602147,-0.5506327152252197
2982,31,56,1.0,1.0044951438903809,0,0,0.0,0.0,-0.5,0.0021452181972563267,0.0018811480840668082,-0.560305655002594
2983,31,57,1.0,1.004725456237793,0,0,0.0,0.0,-0.5,0.0022741220891475677,0.0013588519068434834,-0.5668583512306213
2984,31,58,1.0,1.0024627447128296,0,0,0.0,0.0,-0.5,0.0024843583814799786,0.00017421826487407088,-0.580470860004425
2985,31,59,1.0,1.0027281045913696,0,0,0.0,0.0,-0.5,0.0022280807606875896,0.00037148507544770837,-0.5828558802604675
2986,31,60,1.0,0.9942243099212646,0,0,0.0,0.0,-0.5,0.0029061497189104557,0.0007061242358759046,-0.5669583082199097
2987,31,61,1.0,0.9842866659164429,0,0,0.0,0.0,-0.5,0.0027523916214704514,0.0008646707283332944,-0.5145629048347473
2988,31,62,1.0,1.0765124559402466,0,0,0.0,0.0,-0.5,0.004395983647555113,0.003452485892921686,-0.10021214932203293
2989,31,63,1.0,1.0830419063568115,0,0,0.0,0.0,0.0,0.004446836654096842,0.0034173731692135334,-0.09245960414409637
2990,31,64,1.0,1.8585400581359863,0,1,0.0,0.0,0.0,0.0025938041508197784,-0.0018735280027613044,-0.002794820349663496
2991,31,65,1.0,1.8598320484161377,0,1,0.0,0.0,0.0,0.002597594168037176,-0.0018568270606920123,-0.002764403820037842
2992,31,66,1.0,2.0157835483551025,0,1,0.0,0.0,0.0,0.0019658138044178486,-0.0027525867335498333,-0.013691225089132786
2993,31,67,2.0,2.015820026397705,1,1,0.0,0.0,0.0,0.0019616722129285336,-0.00274526234716177,-0.013691453263163567
2994,31,68,2.0,2.0461435317993164,1,1,0.0,0.0,0.0,8.424161933362484e-05,-0.0021757171489298344,-0.004293126054108143
2995,31,69,2.0,2.0521128177642822,1,1,0.0,0.0,0.0,0.0007327275816351175,-0.0026581049896776676,-0.00044334959238767624
2996,31,70,2.0,2.055349826812744,1,1,0.0,0.0,0.0,0.00023069698363542557,-0.0024056395050138235,0.0012079700827598572
2997,31,71,2.0,2.05509614944458,1,1,0.0,0.0,0.0,0.0005084250587970018,-0.0024635724257677794,0.0009945165365934372
2998,31,72,2.0,2.05527663230896,1,1,0.0,0.0,0.0,-5.774432793259621e-05,-0.0025828005746006966,0.0019426848739385605
2999,31,73,2.0,2.054352045059204,1,1,0.0,0.0,0.0,-0.0001259804703295231,-0.002913006581366062,-0.002067775931209326
3000,31,74,2.0,1.9450645446777344,1,1,0.0,0.0,0.0,0.0005159834399819374,-0.002101034391671419,-0.011057352647185326
3001,31,75,1.0,1.9298937320709229,0,1,0.0,0.0,0.0,0.000988371903076768,-0.002831596415489912,-0.010845736600458622
3002,31,76,1.0,1.0165818929672241,0,0,0.0,0.0,0.0,0.0007406082004308701,-0.0003305760910734534,0.13673526048660278
3003,31,77,1.0,0.9950249791145325,0,0,0.0,0.0,0.0,9.161513298749924e-05,-0.0008157559204846621,0.24836210906505585
3004,31,78,1.0,0.9935257434844971,0,0,0.0,0.0,0.0,-0.0006410015048459172,-0.0010825955541804433,0.33749905228614807
3005,31,79,1.0,0.9935654401779175,0,0,0.0,0.0,0.0,-0.0006554266437888145,-0.0010947093833237886,0.34111207723617554
3006,31,80,1.0,0.9944860935211182,0,0,0.0,0.0,0.0,-0.0007528902497142553,-0.00032482921960763633,0.3840477764606476
3007,31,81,1.0,0.9945034384727478,0,0,0.0,0.0,0.5,-0.00075255346018821,-0.0003276635834481567,0.3860023021697998
3008,31,82,1.0,1.000752568244934,0,0,0.0,0.0,0.5,-0.0005146609619259834,0.0003500570310279727,0.5372528433799744
3009,31,83,1.0,1.002887487411499,0,0,0.0,0.0,0.5,0.00048153335228562355,0.0002451952896080911,0.5430170297622681
3010,31,84,1.0,1.0022118091583252,0,0,0.0,0.0,0.5,-0.0007323810132220387,-2.3100466933101416e-05,0.5472394227981567
3011,31,85,1.0,1.0036282539367676,0,0,0.0,0.0,0.5,-0.00040040595922619104,4.008132964372635e-05,0.5454337000846863
3012,31,86,1.0,1.0005714893341064,0,0,0.0,0.0,0.5,0.00032181735150516033,0.00041998695814982057,0.5399030447006226
3013,31,87,1.0,1.00276780128479,0,0,0.0,0.0,0.5,-4.9344031140208244e-05,-0.00030554752447642386,0.5458856225013733
3014,31,88,1.0,1.0022920370101929,0,0,0.0,0.0,0.5,0.00030551967211067677,0.0004890712443739176,0.5441775918006897
3015,31,89,1.0,0.9990690350532532,0,0,0.0,0.0,0.5,0.00020917458459734917,0.00017348537221550941,0.5390883684158325
3016,31,90,1.0,1.003861427307129,0,0,0.0,0.0,0.5,0.0004909418057650328,-0.00027640428743325174,0.5339006185531616
3017,32,0,1.0,1.004946231842041,0,0,0.0,0.0,0.0,0.01019761711359024,0.0027977717109024525,-0.007823322899639606
3018,32,1,1.0,1.0059846639633179,0,0,0.0,0.0,0.0,0.010474597103893757,0.0022411798126995564,-0.011917210184037685
3019,32,2,1.0,1.007067084312439,0,0,0.0,0.0,0.0,0.009286517277359962,0.0010739195859059691,-0.005225206725299358
3020,32,3,1.0,1.0069482326507568,0,0,0.0,0.0,0.0,0.009301281534135342,0.001188024994917214,-0.004430372733622789
3021,32,4,1.0,1.005125880241394,0,0,0.0,0.0,0.0,0.008987190201878548,0.0015922841848805547,0.010813474655151367
3022,32,5,1.0,1.0051600933074951,0,0,0.0,0.0,0.0,0.008998467586934566,0.0016161882085725665,0.011022644117474556
3023,32,6,1.0,1.0007891654968262,0,0,0.0,0.0,0.0,0.002229238860309124,0.00045672222040593624,0.005159476771950722
3024,32,7,1.0,1.0007847547531128,0,0,0.0,0.0,0.0,0.0022519342601299286,0.0004599618259817362,0.005241991952061653
3025,32,8,1.0,0.999931275844574,0,0,0.0,0.0,0.0,-0.002937223529443145,-0.00022812391398474574,0.003040226176381111
3026,32,9,1.0,0.9999300241470337,0,0,-0.25,0.0,0.0,-0.002929708920419216,-0.00022774632088840008,0.003064489923417568
3027,32,10,1.0,1.000905990600586,0,0,-0.25,0.0,0.0,-0.26896801590919495,-0.006035733502358198,0.004846449010074139
3028,32,11,1.0,0.9999462962150574,0,0,-0.25,0.0,0.0,-0.27128374576568604,-0.0074019827879965305,0.006029252894222736
3029,32,12,1.0,0.9983238577842712,0,0,-0.25,0.0,0.0,-0.2746313512325287,-0.006376954726874828,0.003347608260810375
3030,32,13,1.0,0.9959946274757385,0,0,-0.25,0.0,0.0,-0.27751755714416504,-0.007658863440155983,0.0033993208780884743
3031,32,14,1.0,0.9951498508453369,0,0,-0.25,0.0,0.0,-0.27885228395462036,-0.006868189666420221,-0.0018695751205086708
3032,32,15,1.0,0.9957579970359802,0,0,-0.25,0.0,0.0,-0.28224003314971924,-0.005717567168176174,-0.0007670344784855843
3033,32,16,1.0,0.998132586479187,0,0,-0.25,0.0,0.0,-0.2809855043888092,-0.004589258227497339,0.0046621281653642654
3034,32,17,1.0,0.9996529817581177,0,0,-0.25,0.0,0.0,-0.28662335872650146,-0.005557204596698284,0.00521926861256361
3035,32,18,1.0,0.9967030882835388,0,0,-0.25,0.0,0.0,-0.2850908041000366,-0.003684151917695999,0.0023179156705737114
3036,32,19,1.0,0.9997168183326721,0,0,-0.25,0.0,0.0,-0.28656715154647827,-0.002889553550630808,0.0036424407735466957
3037,32,20,1.0,1.0037405490875244,0,0,-0.25,0.0,0.0,-0.2855796217918396,-0.0013155232882127166,0.0022718608379364014
3038,32,21,1.0,1.006393551826477,0,0,-0.25,0.0,0.0,-0.271572083234787,-0.0005037030205130577,-0.00031481869518756866
3039,32,22,1.0,0.9954570531845093,0,0,-0.25,0.0,0.0,-0.172164186835289,-0.001945925410836935,-0.005290948785841465
3040,32,23,1.0,0.9925837516784668,0,0,-0.25,0.0,0.0,-0.06881425529718399,-0.0016154857585206628,-0.002026963047683239
3041,32,24,1.0,0.9940422773361206,0,0,0.0,0.0,0.0,-0.023070186376571655,0.004040789324790239,0.006513219326734543
3042,32,25,1.0,0.9921301007270813,0,0,0.0,0.0,0.0,0.011098983697593212,0.0044035762548446655,0.0029944507405161858
3043,32,26,1.0,0.9978410601615906,0,0,0.0,0.0,0.0,0.005679985508322716,-0.04027699679136276,-0.0009626410901546478
3044,32,27,1.0,0.9981809258460999,0,0,0.0,0.0,0.0,0.00833113957196474,-0.043093644082546234,-0.0038492921739816666
3045,32,28,1.0,0.9988682866096497,0,0,0.0,0.0,0.0,-0.00014384975656867027,-0.18283261358737946,-0.0053893388248980045
3046,32,29,1.0,0.9987719058990479,0,0,0.0,0.0,0.0,1.807580702006817e-05,-0.18301498889923096,-0.005674335174262524
3047,32,30,1.0,0.9918219447135925,0,0,0.0,-0.25,0.0,-0.0028524757362902164,-0.2507152855396271,-0.0017996528185904026
3048,32,31,1.0,0.9884822964668274,0,0,0.0,-0.25,0.0,-0.004950999282300472,-0.26577574014663696,0.0016211038455367088
3049,32,32,1.0,0.9872081279754639,0,0,0.0,-0.25,0.0,-0.0046479832381010056,-0.26624205708503723,1.0814517736434937e-05
3050,32,33,1.0,0.9876816868782043,0,0,0.0,-0.25,0.0,-0.00479204673320055,-0.27583831548690796,0.005537544377148151
3051,32,34,1.0,0.9864764213562012,0,0,0.0,-0.25,0.0,-0.0043340991251170635,-0.274985134601593,0.009784340858459473
3052,32,35,1.0,0.9835108518600464,0,0,0.0,-0.25,0.0,-0.003389153629541397,-0.2772694528102875,0.014409460127353668
3053,32,36,1.0,0.9836791157722473,0,0,0.0,-0.25,0.0,-0.003536041360348463,-0.27988219261169434,0.013966834172606468
3054,32,37,1.0,0.982473611831665,0,0,0.0,-0.25,0.0,-0.0022344107273966074,-0.27931708097457886,0.011573079973459244
3055,32,38,1.0,0.9833741784095764,0,0,0.0,-0.25,0.0,-0.0025903950445353985,-0.2554183900356293,0.0049715107306838036
3056,32,39,1.0,0.9855442047119141,0,0,0.0,-0.25,0.0,-0.0023151140194386244,-0.15047070384025574,-0.008863839320838451
3057,32,40,1.0,0.9883458614349365,0,0,0.0,0.0,0.0,-0.0018494990654289722,-0.10173054039478302,-0.009772393852472305
3058,32,41,1.0,0.9949408173561096,0,0,0.0,0.0,0.0,-0.0012861493742093444,-0.021820830181241035,-0.005864737555384636
3059,32,42,1.0,0.9992689490318298,0,0,0.0,0.0,0.0,-0.001575820380821824,-0.005953877232968807,0.0006661349907517433
3060,32,43,1.0,0.9993845224380493,0,0,0.0,0.0,0.0,-0.0014615495456382632,-0.0031981924548745155,0.0023209555074572563
3061,32,44,1.0,1.0001022815704346,0,0,0.0,0.0,0.0,-0.0007948413258418441,-0.0013277025427669287,0.004144567996263504
3062,32,45,1.0,1.0000948905944824,0,0,0.0,0.0,0.0,-0.0007977213244885206,-0.0008322722278535366,0.0037608295679092407
3063,32,46,1.0,1.0015618801116943,0,0,0.0,-0.25,0.0,-0.00025121099315583706,-0.0005498739774338901,0.000625884160399437
3064,32,47,1.0,1.0010823011398315,0,0,0.0,0.0,0.0,-0.001267563202418387,-0.008373336866497993,-0.046712927520275116
3065,32,48,1.0,0.9985915422439575,0,0,0.0,0.0,0.0,-0.00047701410949230194,-0.0002069164183922112,-0.04898415505886078
3066,32,49,1.0,0.9989742636680603,0,0,0.0,0.0,0.0,-0.0004901242209598422,0.00092571962159127,-0.047484807670116425
3067,32,50,1.0,0.998332679271698,0,0,0.0,0.0,0.0,-0.0007617478258907795,0.000804598443210125,-0.05829385668039322
3068,32,51,1.0,0.9983410835266113,0,0,0.0,0.0,0.0,-0.0007848207606002688,0.0009412603685632348,-0.057402871549129486
3069,32,52,1.0,1.003235101699829,0,0,0.0,0.0,0.0,-0.00022395793348550797,0.00016786804189905524,-0.07309824228286743
3070,32,53,1.0,1.0032459497451782,0,0,0.0,0.0,0.0,-0.00023437547497451305,0.0001972391619347036,-0.0728740394115448
3071,32,54,1.0,1.0064808130264282,0,0,0.0,0.0,-0.5,-0.0002493378706276417,-0.00062598567456007,-0.13415028154850006
3072,32,55,1.0,0.9968016147613525,0,0,0.0,0.0,-0.5,0.00045497994869947433,0.0006201470969244838,-0.5429912209510803
3073,32,56,1.0,0.9965485334396362,0,0,0.0,0.0,-0.5,-8.528376929461956e-05,0.0005681168986484408,-0.5371187329292297
3074,32,57,1.0,0.9969046711921692,0,0,0.0,0.0,-0.5,-0.0005431377794593573,0.0008816967019811273,-0.5307025909423828
3075,32,58,1.0,1.001546859741211,0,0,0.0,0.0,-0.5,-0.00021856417879462242,0.0016907973913475871,-0.5383297204971313
3076,32,59,1.0,1.0020347833633423,0,0,0.0,0.0,-0.5,0.0008314871229231358,0.001021164353005588,-0.5423906445503235
3077,32,60,1.0,1.005423665046692,0,0,0.0,0.0,-0.5,0.0005173645913600922,0.0011896466603502631,-0.5569294095039368
3078,32,61,1.0,1.0049070119857788,0,0,0.0,0.0,-0.5,0.0020158574916422367,0.0017891431925818324,-0.5716862678527832
3079,32,62,1.0,1.011152744293213,0,0,0.0,0.0,-0.5,0.0026534292846918106,0.001785069820471108,-0.5711305141448975
3080,32,63,1.0,1.0057214498519897,0,0,0.0,0.0,-0.5,0.002027240116149187,0.0007733753882348537,-0.5709394812583923
3081,32,64,1.0,1.006125807762146,0,0,0.0,0.0,-0.5,0.001536115538328886,0.0013828041264787316,-0.5549970865249634
3082,32,65,1.0,1.0051898956298828,0,0,0.0,0.0,-0.5,0.0016254261136054993,0.0016496604075655341,-0.5302889943122864
3083,32,66,1.0,0.9879828095436096,0,0,0.0,0.0,0.0,0.0014248639345169067,0.0031057014130055904,-0.407268762588501
3084,32,67,1.0,0.9847102761268616,0,0,0.0,0.0,0.0,0.0012535674031823874,0.0029211807996034622,-0.3962513506412506
3085,32,68,1.0,1.4218937158584595,0,0,0.0,0.0,0.0,-0.00033988943323493004,0.0017410974251106381,-0.04867982119321823
3086,32,69,1.0,1.4126776456832886,0,0,0.0,0.0,0.0,-0.000563034787774086,0.0020897965878248215,-0.05657864362001419
3087,32,70,1.0,2.040644407272339,0,1,0.0,0.0,0.0,0.00036182813346385956,-0.0004624117282219231,-0.013488559983670712
3088,32,71,1.0,2.0398151874542236,0,1,0.0,0.0,0.0,0.000610813032835722,-0.0007724460447207093,-0.012136973440647125
3089,32,72,2.0,2.0250706672668457,1,1,0.0,0.0,0.0,0.0009205376263707876,-0.0007577165379188955,-0.012648310512304306
3090,32,73,2.0,2.0460827350616455,1,1,0.0,0.0,0.0,-0.0002999396529048681,-0.0006985771469771862,-0.002260051667690277
3091,32,74,2.0,2.0460872650146484,1,1,0.0,0.0,0.0,-0.0007528121350333095,-0.0021384768187999725,0.0016028359532356262
3092,32,75,2.0,2.046839952468872,1,1,0.0,0.0,0.0,0.00018717837519943714,-0.001907262485474348,0.0033111898228526115
3093,32,76,2.0,2.0508522987365723,1,1,0.0,0.0,0.0,-0.00039243989158421755,-0.0029468806460499763,0.0014929389581084251
3094,32,77,2.0,2.0453503131866455,1,1,0.0,0.0,0.0,-0.0003757376689463854,-0.002694379538297653,0.0024983659386634827
3095,32,78,2.0,1.950718879699707,1,1,0.0,0.0,0.0,0.00215098075568676,-0.004414669703692198,0.004223544150590897
3096,32,79,1.0,1.955935001373291,0,1,0.0,0.0,0.0,0.001741502434015274,-0.00464982446283102,0.0032595833763480186
3097,32,80,1.0,1.741452932357788,0,1,0.0,0.0,0.0,-0.00010846275836229324,-0.003046190831810236,-0.01135907880961895
3098,32,81,1.0,1.7905471324920654,0,1,0.0,0.0,0.0,0.0012792553752660751,-0.0016862900229170918,-0.012191173620522022
3099,32,82,1.0,1.1858506202697754,0,0,0.0,0.0,0.0,0.0008955716621130705,-0.004367358982563019,0.0466364249587059
3100,32,83,1.0,1.2197859287261963,0,0,0.0,0.0,0.0,0.0007461579516530037,-0.004475313704460859,0.02597776986658573
3101,32,84,1.0,1.2194730043411255,0,0,0.0,0.0,0.0,0.0016009698156267405,-0.0002634391712490469,-0.009761899709701538
3102,32,85,1.0,1.0903886556625366,0,0,0.0,0.0,0.0,0.002477858681231737,-0.002936942968517542,0.09728763997554779
3103,32,86,1.0,1.7179009914398193,0,1,0.0,0.0,0.5,0.00270241592079401,-0.004139685537666082,0.003705546259880066
3104,32,87,1.0,1.1502044200897217,0,0,0.0,0.0,0.5,0.0001381800975650549,0.0011650746455416083,0.13403967022895813
3105,32,88,1.0,0.9994708299636841,0,0,0.0,0.0,0.5,-0.0008992275688797235,-0.0005693034618161619,0.5318149924278259
3106,32,89,1.0,1.002654790878296,0,0,0.0,0.0,0.5,0.0005190065130591393,-0.00016169078298844397,0.5483543276786804
3107,32,90,1.0,1.0034608840942383,0,0,0.0,0.0,0.5,0.0011098100803792477,9.870243957266212e-05,0.5469831228256226
3108,32,91,1.0,1.002607822418213,0,0,0.0,0.0,0.5,0.0010873121209442616,-0.0001799926394596696,0.544192373752594
3109,32,92,1.0,1.0017004013061523,0,0,0.0,0.0,0.5,0.00028082355856895447,-0.0006104983622208238,0.5444450378417969
3110,32,93,1.0,1.0017553567886353,0,0,0.0,0.0,0.5,0.0009077931754291058,-3.398611443117261e-05,0.5417484045028687
3111,32,94,1.0,1.0006611347198486,0,0,0.0,0.0,0.5,0.00028530973941087723,-6.241968367248774e-05,0.5441492199897766
3112,32,95,1.0,1.0000413656234741,0,0,0.0,0.0,0.5,-1.4407327398657799e-05,0.00013624102575704455,0.5406441688537598
3113,33,0,1.0,0.9980345368385315,0,0,0.0,0.0,0.0,0.01020596269518137,0.0018068825593218207,0.0007967408746480942
3114,33,1,1.0,0.9990145564079285,0,0,0.0,0.0,0.0,0.009860259480774403,-5.927769234403968e-05,-0.0030914954841136932
3115,33,2,1.0,1.0033339262008667,0,0,0.0,0.0,0.0,0.010542778298258781,-0.0011176986154168844,0.005169866606593132
3116,33,3,1.0,1.0033760070800781,0,0,0.0,0.0,0.0,0.010577940382063389,-0.0010880859335884452,0.0064680613577365875
3117,33,4,1.0,1.0050530433654785,0,0,0.0,0.0,0.0,0.011187692172825336,-0.00016575143672525883,0.02049047313630581
3118,33,5,1.0,1.0050020217895508,0,0,0.0,0.0,0.0,0.011179693043231964,-0.00017247424693778157,0.020847514271736145
3119,33,6,1.0,1.003173589706421,0,0,0.0,0.0,0.0,-0.003701425390318036,7.037236355245113e-05,-0.008603819645941257
3120,33,7,1.0,1.0031483173370361,0,0,0.0,0.0,0.0,-0.003677902976050973,6.970047252252698e-05,-0.008490077219903469
3121,33,8,1.0,1.0008786916732788,0,0,0.0,0.0,0.0,-0.023609204217791557,-0.0008514868677593768,-0.011654124595224857
3122,33,9,1.0,1.0008749961853027,0,0,0.0,0.0,0.0,-0.023600591346621513,-0.000852260272949934,-0.011622906662523746
3123,33,10,1.0,0.9974995851516724,0,0,0.0,0.0,0.0,-0.04288460314273834,-0.0011595406103879213,-0.01601835899055004
3124,33,11,1.0,0.9974985122680664,0,0,-0.25,0.0,0.0,-0.04288241267204285,-0.0011598921846598387,-0.0160118006169796
3125,33,12,1.0,1.0032328367233276,0,0,-0.25,0.0,0.0,-0.2612687349319458,-0.0030224784277379513,0.004034326411783695
3126,33,13,1.0,1.0031704902648926,0,0,-0.25,0.0,0.0,-0.27056485414505005,-0.00199194997549057,0.006501190364360809
3127,33,14,1.0,1.0014386177062988,0,0,-0.25,0.0,0.0,-0.27613338828086853,-0.0015509608201682568,0.00393084529787302
3128,33,15,1.0,1.0021826028823853,0,0,-0.25,0.0,0.0,-0.27868202328681946,-0.0012459983117878437,0.003715038299560547
3129,33,16,1.0,0.9994519948959351,0,0,-0.25,0.0,0.0,-0.2783772647380829,-0.0010370169766247272,-0.0004281355068087578
3130,33,17,1.0,1.0009431838989258,0,0,-0.25,0.0,0.0,-0.2804275155067444,-0.0011619391152635217,0.002780696377158165
3131,33,18,1.0,1.0003931522369385,0,0,-0.25,0.0,0.0,-0.28098514676094055,-0.0018566343933343887,0.002636759541928768
3132,33,19,1.0,0.997714102268219,0,0,-0.25,0.0,0.0,-0.2842217683792114,-0.0024288007989525795,0.0021250564604997635
3133,33,20,1.0,0.9966160655021667,0,0,-0.25,0.0,0.0,-0.28316956758499146,-0.002630162052810192,-7.767137140035629e-05
3134,33,21,1.0,0.9968207478523254,0,0,-0.25,0.0,0.0,-0.2848029136657715,-0.002791506703943014,0.0017039263620972633
3135,33,22,1.0,0.9934829473495483,0,0,-0.25,0.0,0.0,-0.28384822607040405,-0.001612287713214755,0.0031895479187369347
3136,33,23,1.0,0.9970619678497314,0,0,-0.25,0.0,0.0,-0.26309794187545776,-0.0015989828389137983,0.0046259379014372826
3137,33,24,1.0,1.004023790359497,0,0,-0.25,0.0,0.0,-0.16476012766361237,-0.0023516896180808544,0.0035878270864486694
3138,33,25,1.0,1.0018634796142578,0,0,0.0,0.0,0.0,-0.05590366572141647,0.000236641732044518,0.008862663060426712
3139,33,26,1.0,0.9999238848686218,0,0,0.0,0.0,0.0,0.00039478717371821404,-0.0021660607308149338,0.010842865332961082
3140,33,27,1.0,1.001701831817627,0,0,0.0,0.0,0.0,0.01873393915593624,-0.001858178642578423,0.012034943327307701
3141,33,28,1.0,1.0038273334503174,0,0,0.0,0.0,0.0,0.012075639329850674,0.011263236403465271,0.01611127331852913
3142,33,29,1.0,1.0037178993225098,0,0,0.0,0.0,0.0,0.013047474436461926,0.01276856753975153,0.013771891593933105
3143,33,30,1.0,0.9993255734443665,0,0,0.0,0.0,0.0,0.004022842273116112,0.13243266940116882,0.015321368351578712
3144,33,31,1.0,0.9992507696151733,0,0,0.0,0.0,0.0,0.004138552118092775,0.13282930850982666,0.015219150111079216
3145,33,32,1.0,0.9997295141220093,0,0,0.0,0.25,0.0,0.0015996331349015236,0.1913922131061554,0.01296958513557911
3146,33,33,1.0,0.9946416616439819,0,0,0.0,0.25,0.0,-0.0012743694242089987,0.2663092315196991,-0.008011671714484692
3147,33,34,1.0,0.9893925786018372,0,0,0.0,0.25,0.0,-0.0009858931880444288,0.2607799768447876,-0.011585653759539127
3148,33,35,1.0,0.9889423847198486,0,0,0.0,0.25,0.0,0.0011992291547358036,0.2683030962944031,-0.01571499928832054
3149,33,36,1.0,0.9873472452163696,0,0,0.0,0.25,0.0,-0.0005982039729133248,0.26853370666503906,-0.016572246327996254
3150,33,37,1.0,0.9875906109809875,0,0,0.0,0.25,0.0,-0.0009733623592182994,0.2771923542022705,-0.009749174118041992
3151,33,38,1.0,0.9873530268669128,0,0,0.0,0.25,0.0,-0.0006226352415978909,0.2788127660751343,-0.0002222089096903801
3152,33,39,1.0,0.9831021428108215,0,0,0.0,0.25,0.0,-0.0008501897100359201,0.27547240257263184,0.00438194815069437
3153,33,40,1.0,0.990361750125885,0,0,0.0,0.25,0.0,-0.0011728659737855196,0.2299458086490631,-0.003060325514525175
3154,33,41,1.0,0.9898161888122559,0,0,0.0,0.25,0.0,-0.001671528210863471,0.1653236299753189,-0.00198798393830657
3155,33,42,1.0,0.9960309267044067,0,0,0.0,0.0,0.0,0.00024590129032731056,0.046684544533491135,0.0045941732823848724
3156,33,43,1.0,0.9995257258415222,0,0,0.0,0.0,0.0,-0.0009232263546437025,0.008073244243860245,0.020631341263651848
3157,33,44,1.0,0.9988057613372803,0,0,0.0,0.0,0.0,-0.0007922680815681815,0.0012660631909966469,0.028755439445376396
3158,33,45,1.0,0.9989728331565857,0,0,0.0,0.0,0.0,-0.0007304719183593988,0.00011244619963690639,0.02862306870520115
3159,33,46,1.0,1.0026568174362183,0,0,0.0,0.0,0.0,0.0008302184287458658,0.0005906763253733516,0.014346228912472725
3160,33,47,1.0,1.0026419162750244,0,0,0.0,0.0,0.0,0.0008093046490103006,0.00043925107456743717,0.01417599432170391
3161,33,48,1.0,1.0025006532669067,0,0,0.0,0.0,0.0,0.0005903106648474932,0.0003233714960515499,0.00551264826208353
3162,33,49,1.0,1.002501130104065,0,0,0.0,0.25,0.0,0.0005860168021172285,0.0002968155895359814,0.005486312322318554
3163,33,50,1.0,1.002025842666626,0,0,0.0,0.0,0.0,-0.00038996071089059114,0.006247098091989756,-0.019991282373666763
3164,33,51,1.0,0.9988376498222351,0,0,0.0,0.0,0.0,-6.901961751282215e-05,0.004175715614110231,-0.0248258113861084
3165,33,52,1.0,0.9976891875267029,0,0,0.0,0.0,0.0,-0.0008770391577854753,0.0028754305094480515,-0.047610826790332794
3166,33,53,1.0,0.9979745149612427,0,0,0.0,0.0,0.0,-0.0009743692353367805,0.0024595395661890507,-0.04766993224620819
3167,33,54,1.0,1.0058159828186035,0,0,0.0,0.0,0.0,-0.0008033006452023983,0.0011426529381424189,-0.07394595444202423
3168,33,55,1.0,1.0058116912841797,0,0,0.0,0.0,0.0,-0.0007873695576563478,0.001068718614988029,-0.07477717846632004
3169,33,56,1.0,1.0086119174957275,0,0,0.0,0.0,0.0,-0.001601185416802764,-0.0005547337932512164,-0.15494389832019806
3170,33,57,1.0,1.0086075067520142,0,0,0.0,0.0,-0.5,-0.0015975369606167078,-0.0005664101336151361,-0.15518631041049957
3171,33,58,1.0,0.996880054473877,0,0,0.0,0.0,-0.5,0.0017296546138823032,0.0009410517523065209,-0.5478819608688354
3172,33,59,1.0,0.9994532465934753,0,0,0.0,0.0,-0.5,0.0018596700392663479,0.0009617932373657823,-0.5389684438705444
3173,33,60,1.0,1.001004934310913,0,0,0.0,0.0,-0.5,0.0016474018339067698,0.0015044041210785508,-0.5385255217552185
3174,33,61,1.0,1.0002729892730713,0,0,0.0,0.0,-0.5,0.0014841936063021421,0.0019347429042682052,-0.5350974798202515
3175,33,62,1.0,1.0051319599151611,0,0,0.0,0.0,-0.5,0.0011593622621148825,0.002279845532029867,-0.5427250862121582
3176,33,63,1.0,1.009448766708374,0,0,0.0,0.0,-0.5,6.239651702344418e-05,0.0028671082109212875,-0.5546373128890991
3177,33,64,1.0,1.0133639574050903,0,0,0.0,0.0,-0.5,0.00012462865561246872,0.0020252736285328865,-0.5700852274894714
3178,33,65,1.0,1.0132092237472534,0,0,0.0,0.0,-0.5,-0.0004886381793767214,0.0010849253740161657,-0.5759103298187256
3179,33,66,1.0,1.0071296691894531,0,0,0.0,0.0,-0.5,0.00037168641574680805,0.0019429615931585431,-0.5601745247840881
3180,33,67,1.0,1.0047093629837036,0,0,0.0,0.0,-0.5,0.0011481265537440777,0.0021633198484778404,-0.5512376427650452
3181,33,68,1.0,0.9865628480911255,0,0,0.0,0.0,0.0,0.0016534915193915367,0.0025575621984899044,-0.39598405361175537
3182,33,69,1.0,0.9860092997550964,0,0,0.0,0.0,0.0,0.0018440671265125275,0.0025526010431349277,-0.3835154175758362
3183,33,70,1.0,1.3644617795944214,0,0,0.0,0.0,0.0,0.0015695441979914904,0.0010324642062187195,-0.014829861000180244
3184,33,71,1.0,1.3734676837921143,0,0,0.0,0.0,0.0,0.0016001153271645308,0.0010431024711579084,-0.013251831755042076
3185,33,72,1.0,2.034575939178467,0,1,0.0,0.0,0.0,0.000594566110521555,-0.001156131736934185,-0.014873256906867027
3186,33,73,2.0,2.0345888137817383,1,1,0.0,0.0,0.0,0.0005874547641724348,-0.0011393579188734293,-0.014868352562189102
3187,33,74,2.0,2.0453062057495117,1,1,0.0,0.0,0.0,-1.7215963453054428e-05,-0.0010800212621688843,-0.0029341066256165504
3188,33,75,2.0,2.0459671020507812,1,1,0.0,0.0,0.0,0.00047768326476216316,-0.002252149162814021,-0.0016724620945751667
3189,33,76,2.0,2.045853853225708,1,1,0.0,0.0,0.0,0.0008293390274047852,-0.0028315912932157516,-0.0016693323850631714
3190,33,77,2.0,2.0477428436279297,1,1,0.0,0.0,0.0,-0.0009475172264501452,-0.00233527016825974,0.004991713911294937
3191,33,78,2.0,2.0529348850250244,1,1,0.0,0.0,0.0,-0.000545413582585752,-0.0031307395547628403,0.0037592491135001183
3192,33,79,2.0,2.0542335510253906,1,1,0.0,0.0,0.0,-0.0006041575688868761,-0.0029373248107731342,0.00254015251994133
3193,33,80,2.0,2.05385160446167,1,1,0.0,0.0,0.0,-0.001050517545081675,-0.0037098578177392483,0.0005534263327717781
3194,33,81,1.0,2.0535895824432373,0,1,0.0,0.0,0.0,-0.0010264151496812701,-0.0036417031660676003,0.00047773122787475586
3195,33,82,1.0,0.9884236454963684,0,0,0.0,0.0,0.0,0.0011688689701259136,-0.001745100598782301,0.3332214653491974
3196,33,83,1.0,0.9883816242218018,0,0,0.0,0.0,0.0,0.0011421011295169592,-0.0017330424161627889,0.3342473804950714
3197,33,84,1.0,0.9911782741546631,0,0,0.0,0.0,0.0,0.00020151608623564243,-0.001073480467312038,0.3814477324485779
3198,33,85,1.0,0.9911594986915588,0,0,0.0,0.0,0.0,0.00019361777231097221,-0.0010742776794359088,0.38167354464530945
3199,33,86,1.0,0.9890720844268799,0,0,0.0,0.0,0.0,0.0008508709724992514,-0.0011309233959764242,0.3660447597503662
3200,33,87,1.0,0.9890705943107605,0,0,0.0,0.0,0.5,0.0008490304462611675,-0.0011353135341778398,0.36618995666503906
3201,33,88,1.0,0.9961869716644287,0,0,0.0,0.0,0.5,-0.00021623587235808372,-0.0003752053598873317,0.5163795351982117
3202,33,89,1.0,1.0023292303085327,0,0,0.0,0.0,0.5,-0.000438328948803246,0.00043648015707731247,0.5454001426696777
3203,33,90,1.0,0.9998866319656372,0,0,0.0,0.0,0.5,-0.00014214054681360722,0.001016833703033626,0.546000063419342
3204,33,91,1.0,1.003617286682129,0,0,0.0,0.0,0.5,0.0004071106668561697,-0.0002576903498265892,0.5472158193588257
3205,33,92,1.0,1.0019148588180542,0,0,0.0,0.0,0.5,0.0013531516306102276,0.00023323798086494207,0.5454407930374146
3206,33,93,1.0,1.0033133029937744,0,0,0.0,0.0,0.5,0.0007272749207913876,0.000167011225130409,0.5441248416900635
3207,33,94,1.0,1.0014095306396484,0,0,0.0,0.0,0.5,0.0011801200453191996,0.00022354768589138985,0.5417635440826416
3208,33,95,1.0,1.0013985633850098,0,0,0.0,0.0,0.5,0.0013904082588851452,0.0002867769217118621,0.5401254296302795
3209,33,96,1.0,1.0009081363677979,0,0,0.0,0.0,0.5,0.0012252051383256912,0.0002429771120660007,0.5419610738754272
3210,34,0,1.0,0.9984460473060608,0,0,0.0,0.0,0.0,-0.0019462058553472161,0.0036403480917215347,-0.005722435191273689
3211,34,1,1.0,0.9996401071548462,0,0,0.0,0.0,0.0,-0.0023816735483705997,0.0038041118532419205,-0.0063737528398633
3212,34,2,1.0,0.99680495262146,0,0,0.0,0.0,0.0,-0.003926206845790148,0.003559684380888939,-0.003568878397345543
3213,34,3,1.0,0.9968301057815552,0,0,0.0,0.0,0.0,-0.004139692056924105,0.0036261440254747868,-0.0026374110020697117
3214,34,4,1.0,0.9951144456863403,0,0,0.0,0.0,0.0,-0.00931677408516407,0.003136876504868269,0.011419767513871193
3215,34,5,1.0,0.9949907660484314,0,0,0.0,0.0,0.0,-0.009350927546620369,0.0031318189576268196,0.011650929227471352
3216,34,6,1.0,0.9904228448867798,0,0,0.0,0.0,0.0,0.002723120618611574,0.0011586357140913606,-0.020590197294950485
3217,34,7,1.0,0.9903935194015503,0,0,0.0,0.0,0.0,0.002768248785287142,0.001152036595158279,-0.0205141119658947
3218,34,8,1.0,0.9895609617233276,0,0,0.0,0.0,0.0,0.05043599754571915,0.0005320474738255143,-0.021944008767604828
3219,34,9,1.0,0.9895534515380859,0,0,0.0,0.0,0.0,0.050459206104278564,0.0005297361640259624,-0.021920736879110336
3220,34,10,1.0,0.9948690533638,0,0,0.25,0.0,0.0,0.16490811109542847,0.0016003657365217805,-0.002770418766885996
3221,34,11,1.0,0.9901154637336731,0,0,0.25,0.0,0.0,0.2434552162885666,-0.0016988548450171947,-0.004847265314310789
3222,34,12,1.0,0.988479733467102,0,0,0.25,0.0,0.0,0.26360884308815,-0.001625441713258624,-0.004245953634381294
3223,34,13,1.0,0.9905056953430176,0,0,0.25,0.0,0.0,0.2713666558265686,-0.0016586442943662405,-0.0012106350623071194
3224,34,14,1.0,0.989825427532196,0,0,0.25,0.0,0.0,0.2771035432815552,-0.0002793216845020652,-0.00040527619421482086
3225,34,15,1.0,0.9902014136314392,0,0,0.25,0.0,0.0,0.2785261571407318,0.0009232716402038932,0.0005814461037516594
3226,34,16,1.0,0.9919282793998718,0,0,0.25,0.0,0.0,0.2832862436771393,0.00013417587615549564,0.001343119889497757
3227,34,17,1.0,0.9900224804878235,0,0,0.25,0.0,0.0,0.2849201261997223,0.00024164310889318585,0.0006387839093804359
3228,34,18,1.0,0.9957327842712402,0,0,0.25,0.0,0.0,0.2865038514137268,-0.0011282209306955338,0.0034658033400774
3229,34,19,1.0,0.9958131313323975,0,0,0.25,0.0,0.0,0.2890920639038086,3.122957423329353e-05,0.0028767921030521393
3230,34,20,1.0,0.9874357581138611,0,0,0.25,0.0,0.0,0.2909924387931824,-0.0011982484720647335,0.011086517944931984
3231,34,21,1.0,0.9863309264183044,0,0,0.25,0.0,0.0,0.2610583007335663,-0.0006175730959512293,0.012438610196113586
3232,34,22,1.0,0.9951282739639282,0,0,0.25,0.0,0.0,0.1364019364118576,-0.004375779535621405,0.007898380979895592
3233,34,23,1.0,0.99003666639328,0,0,0.0,0.0,0.0,0.05603158473968506,-0.0019977535121142864,0.0017429608851671219
3234,34,24,1.0,0.9886250495910645,0,0,0.0,0.0,0.0,0.017085300758481026,0.0012747326400130987,0.008717328310012817
3235,34,25,1.0,0.9873835444450378,0,0,0.0,0.0,0.0,0.006287009455263615,0.0018849574262276292,0.014511998742818832
3236,34,26,1.0,0.995439887046814,0,0,0.0,0.0,0.0,0.004892396740615368,-0.007519842125475407,0.0014802953228354454
3237,34,27,1.0,0.9959158301353455,0,0,0.0,0.0,0.0,0.004126665182411671,-0.008249551057815552,0.0019170977175235748
3238,34,28,1.0,1.0063433647155762,0,0,0.0,0.0,0.0,0.0011874597985297441,-0.1809982806444168,0.004725651815533638
3239,34,29,1.0,1.00634765625,0,0,0.0,0.0,0.0,0.0011205398477613926,-0.1816062033176422,0.004702589474618435
3240,34,30,1.0,1.0038608312606812,0,0,0.0,-0.25,0.0,-0.0007681914139539003,-0.22561928629875183,0.0050003184005618095
3241,34,31,1.0,0.9901925325393677,0,0,0.0,-0.25,0.0,-0.004180370829999447,-0.2590429186820984,0.0027447855100035667
3242,34,32,1.0,0.9891403913497925,0,0,0.0,-0.25,0.0,-0.004340666346251965,-0.26822179555892944,0.002143734134733677
3243,34,33,1.0,0.9876611232757568,0,0,0.0,-0.25,0.0,-0.005034954287111759,-0.27188169956207275,0.004998728632926941
3244,34,34,1.0,0.9888110160827637,0,0,0.0,-0.25,0.0,-0.004236646927893162,-0.27032795548439026,0.006302372552454472
3245,34,35,1.0,0.9850472211837769,0,0,0.0,-0.25,0.0,-0.0038829073309898376,-0.27350276708602905,0.006391286849975586
3246,34,36,1.0,0.9828031659126282,0,0,0.0,-0.25,0.0,-0.002690519206225872,-0.2772224545478821,0.01839417591691017
3247,34,37,1.0,0.9814006090164185,0,0,0.0,-0.25,0.0,-0.0015474685933440924,-0.27714812755584717,0.016218135133385658
3248,34,38,1.0,0.9872953295707703,0,0,0.0,-0.25,0.0,-0.003964023198932409,-0.279937744140625,0.01650962047278881
3249,34,39,1.0,0.9850537776947021,0,0,0.0,-0.25,0.0,-0.004632361698895693,-0.27741581201553345,0.013558829203248024
3250,34,40,1.0,0.9856232404708862,0,0,0.0,-0.25,0.0,-0.0028866096399724483,-0.2190684676170349,0.004890616983175278
3251,34,41,1.0,0.9913405776023865,0,0,0.0,0.0,0.0,-0.0017692104447633028,-0.06618707627058029,-0.003907312173396349
3252,34,42,1.0,0.9993551969528198,0,0,0.0,0.0,0.0,-0.0010961798252537847,-0.009467991068959236,0.01117687113583088
3253,34,43,1.0,0.9987770318984985,0,0,0.0,0.0,0.0,-0.0008018431253731251,-0.0017355424351990223,0.01587645336985588
3254,34,44,1.0,1.002657175064087,0,0,0.0,0.0,0.0,0.0006268941797316074,-0.0030546714551746845,0.0005226489156484604
3255,34,45,1.0,1.002558946609497,0,0,0.0,0.0,0.0,0.0006341869011521339,-0.002180760260671377,0.00074014812707901
3256,34,46,1.0,1.0055811405181885,0,0,0.0,0.0,0.0,0.000494170468300581,-6.295874482020736e-05,-0.022409554570913315
3257,34,47,1.0,1.0055980682373047,0,0,0.0,0.0,0.0,0.0005030173342674971,9.26267821341753e-05,-0.02228064462542534
3258,34,48,1.0,1.0044379234313965,0,0,0.0,-0.25,0.0,0.00012078951112926006,0.0015292774187400937,-0.024821225553750992
3259,34,49,1.0,0.9998290538787842,0,0,0.0,0.0,0.0,-0.001664547948166728,-0.001407106057740748,-0.016816331073641777
3260,34,50,1.0,1.0005556344985962,0,0,0.0,0.0,0.0,-0.0017252587713301182,0.0010084689129143953,0.009679753333330154
3261,34,51,1.0,1.0031180381774902,0,0,0.0,0.0,0.0,-0.001104419701732695,0.002041327301412821,0.007161904126405716
3262,34,52,1.0,1.0078412294387817,0,0,0.0,0.0,0.0,-0.0010484287049621344,0.0006965426728129387,-0.10702519118785858
3263,34,53,1.0,1.007865071296692,0,0,0.0,0.0,0.0,-0.001088940305635333,0.0008461872348561883,-0.10614065825939178
3264,34,54,1.0,1.0108011960983276,0,0,0.0,0.0,0.0,-0.00035200256388634443,-2.92615732178092e-06,-0.23381909728050232
3265,34,55,1.0,1.0108146667480469,0,0,0.0,0.0,0.0,-0.00035317009314894676,2.6617490220814943e-05,-0.23368223011493683
3266,34,56,1.0,1.0112171173095703,0,0,0.0,0.0,0.0,-0.00044448720291256905,0.00023278064327314496,-0.2636059820652008
3267,34,57,1.0,1.0112206935882568,0,0,0.0,0.0,-0.5,-0.00044515496119856834,0.00024028599727898836,-0.26358556747436523
3268,34,58,1.0,0.9997555017471313,0,0,0.0,0.0,-0.5,0.0020287740044295788,-8.067497401498258e-05,-0.546441912651062
3269,34,59,1.0,1.0012924671173096,0,0,0.0,0.0,-0.5,0.0014311783015727997,0.0010327482596039772,-0.5424562692642212
3270,34,60,1.0,1.0040134191513062,0,0,0.0,0.0,-0.5,0.0013731156941503286,0.001778264413587749,-0.5496917366981506
3271,34,61,1.0,1.0049887895584106,0,0,0.0,0.0,-0.5,0.0020881127566099167,0.0016537333140149713,-0.554752767086029
3272,34,62,1.0,1.0076594352722168,0,0,0.0,0.0,-0.5,0.0024225162342190742,0.0016306667821481824,-0.56638103723526
3273,34,63,1.0,1.007063388824463,0,0,0.0,0.0,-0.5,0.002157498151063919,0.0006406710017472506,-0.5774520635604858
3274,34,64,1.0,1.004675030708313,0,0,0.0,0.0,-0.5,0.002508874051272869,0.0008528553880751133,-0.5802929997444153
3275,34,65,1.0,1.003088116645813,0,0,0.0,0.0,-0.5,0.0015906661283224821,0.0015869821654632688,-0.5682212710380554
3276,34,66,1.0,0.9938516020774841,0,0,0.0,0.0,-0.5,0.0019842800684273243,0.0013456776505336165,-0.5143443942070007
3277,34,67,1.0,0.9898208975791931,0,0,0.0,0.0,-0.5,0.002101309597492218,0.0008305462542921305,-0.4764426052570343
3278,34,68,1.0,1.0648753643035889,0,0,0.0,0.0,0.0,0.004516029264777899,0.0023402641527354717,-0.08511313050985336
3279,34,69,1.0,1.0666555166244507,0,0,0.0,0.0,0.0,0.004537088330835104,0.0023196949623525143,-0.08229400217533112
3280,34,70,1.0,2.030961036682129,0,1,0.0,0.0,0.0,0.0018345490097999573,-0.0020245457999408245,-0.011160515248775482
3281,34,71,1.0,2.0309977531433105,0,1,0.0,0.0,0.0,0.0018383185379207134,-0.0020251083187758923,-0.011144094169139862
3282,34,72,1.0,2.037971258163452,0,1,0.0,0.0,0.0,0.0015479428693652153,-0.0018783913692459464,-0.010096544399857521
3283,34,73,2.0,2.037982225418091,1,1,0.0,0.0,0.0,0.001550521468743682,-0.001883266493678093,-0.010088641196489334
3284,34,74,2.0,2.045106887817383,1,1,0.0,0.0,0.0,0.0005463159177452326,-0.0022102477960288525,-0.0012219641357660294
3285,34,75,2.0,2.0498993396759033,1,1,0.0,0.0,0.0,0.000596541678532958,-0.002787234727293253,0.0026484355330467224
3286,34,76,2.0,2.0533058643341064,1,1,0.0,0.0,0.0,4.321197047829628e-05,-0.0024407710880041122,0.003811364993453026
3287,34,77,2.0,2.0559542179107666,1,1,0.0,0.0,0.0,8.695665746927261e-05,-0.002557800617069006,0.0034032920375466347
3288,34,78,2.0,2.050236940383911,1,1,0.0,0.0,0.0,0.00010179821401834488,-0.0024392087943851948,0.004656439647078514
3289,34,79,2.0,2.044583797454834,1,1,0.0,0.0,0.0,-0.0002505835145711899,-0.0024054013192653656,0.0011304281651973724
3290,34,80,1.0,1.0339914560317993,0,0,0.0,0.0,0.0,0.00048171961680054665,0.0010486214887350798,0.02336973138153553
3291,34,81,1.0,1.0284593105316162,0,0,0.0,0.0,0.0,0.0002671419642865658,0.0009987916564568877,0.05840527266263962
3292,34,82,1.0,0.992563784122467,0,0,0.0,0.0,0.0,0.00022295326925814152,0.0007962548406794667,0.3113690912723541
3293,34,83,1.0,0.992152750492096,0,0,0.0,0.0,0.0,0.00014510983601212502,0.0007398228626698256,0.28609606623649597
3294,34,84,1.0,0.9922516345977783,0,0,0.0,0.0,0.0,-0.00036227505188435316,0.0007547474233433604,0.3622037172317505
3295,34,85,1.0,0.9920654892921448,0,0,0.0,0.0,0.0,-0.0004194598877802491,0.0006895167753100395,0.37189969420433044
3296,34,86,1.0,0.9922874569892883,0,0,0.0,0.0,0.5,0.00039109052158892155,0.00041765847709029913,0.35722261667251587
3297,34,87,1.0,1.0018974542617798,0,0,0.0,0.0,0.5,0.00013022148050367832,-0.00030025315936654806,0.5436186194419861
3298,34,88,1.0,1.0007394552230835,0,0,0.0,0.0,0.5,0.0006353643257170916,-0.00032550108153373003,0.5488691926002502
3299,34,89,1.0,1.0029997825622559,0,0,0.0,0.0,0.5,0.0009853444062173367,-0.0009016370750032365,0.5477361083030701
3300,34,90,1.0,0.9997122883796692,0,0,0.0,0.0,0.5,-0.00020970753394067287,-3.192748408764601e-05,0.5512425899505615
3301,34,91,1.0,0.9992066621780396,0,0,0.0,0.0,0.5,0.0006388332694768906,0.00021855667000636458,0.5421088337898254
3302,34,92,1.0,0.9997344017028809,0,0,0.0,0.0,0.5,0.0001594414934515953,-0.0001435425947420299,0.5506757497787476
3303,34,93,1.0,0.9998899102210999,0,0,0.0,0.0,0.5,0.000385460676625371,-1.604558201506734e-05,0.5465002059936523
3304,34,94,1.0,0.9994485378265381,0,0,0.0,0.0,0.5,0.00036077224649488926,-0.0004373258852865547,0.5518924593925476
3305,34,95,1.0,0.9994897842407227,0,0,0.0,0.0,0.5,-0.00019822665490210056,-0.00032629602355882525,0.5504429340362549
3306,35,0,1.0,0.9888830780982971,0,0,0.0,0.0,0.0,-0.0006327651208266616,0.00016149907605722547,-0.0011897087097167969
3307,35,1,1.0,0.9924798607826233,0,0,0.0,0.0,0.0,-0.0007726434851065278,0.00041718635475263,-0.0023127864114940166
3308,35,2,1.0,0.9931407570838928,0,0,0.0,0.0,0.0,-0.0018095129635185003,2.0729668904095888e-05,0.01048021949827671
3309,35,3,1.0,0.9929841160774231,0,0,0.0,0.0,0.0,-0.002437194110825658,0.0001329546794295311,0.010996511206030846
3310,35,4,1.0,0.9915356040000916,0,0,0.0,0.0,0.0,-0.009772134013473988,0.0023861266672611237,0.008232023566961288
3311,35,5,1.0,0.9914429187774658,0,0,0.0,0.0,0.0,-0.009879719465970993,0.002348031848669052,0.00853780098259449
3312,35,6,1.0,0.992828905582428,0,0,0.0,0.0,0.0,0.0190168097615242,0.0016991094453260303,-0.04026620090007782
3313,35,7,1.0,0.9927690625190735,0,0,0.0,0.0,0.0,0.019105657935142517,0.0016801630845293403,-0.040156349539756775
3314,35,8,1.0,0.9915266036987305,0,0,0.0,0.0,0.0,0.11547396332025528,-0.0017712770495563745,-0.023049980401992798
3315,35,9,1.0,0.9915119409561157,0,0,0.0,0.0,0.0,0.11550741642713547,-0.0017714144196361303,-0.023026075214147568
3316,35,10,1.0,0.987461507320404,0,0,0.25,0.0,0.0,0.2304595708847046,-0.0016565303085371852,-0.003781139850616455
3317,35,11,1.0,0.9901686310768127,0,0,0.25,0.0,0.0,0.2625180780887604,-0.000821094261482358,-0.0028797881677746773
3318,35,12,1.0,0.9916994571685791,0,0,0.25,0.0,0.0,0.27229440212249756,-3.805197775363922e-05,0.0009690318256616592
3319,35,13,1.0,0.991074800491333,0,0,0.25,0.0,0.0,0.27402442693710327,0.0008669539820402861,0.0003129728138446808
3320,35,14,1.0,0.9883991479873657,0,0,0.25,0.0,0.0,0.27807581424713135,0.0014383444795385003,-0.0011017443612217903
3321,35,15,1.0,0.9930526614189148,0,0,0.25,0.0,0.0,0.27834662795066833,0.0023756567388772964,-0.0025273519568145275
3322,35,16,1.0,0.9946529269218445,0,0,0.25,0.0,0.0,0.2801862061023712,0.00169440230820328,-0.005007501691579819
3323,35,17,1.0,0.9971768856048584,0,0,0.25,0.0,0.0,0.2818984389305115,0.0020026606507599354,-0.0035548550076782703
3324,35,18,1.0,1.0043566226959229,0,0,0.25,0.0,0.0,0.2869226932525635,0.0011716822627931833,-0.003298086579889059
3325,35,19,1.0,0.9976701140403748,0,0,0.25,0.0,0.0,0.2869744598865509,0.001081883325241506,-0.002813182305544615
3326,35,20,1.0,0.9873321056365967,0,0,0.25,0.0,0.0,0.27581751346588135,0.0014445072738453746,-0.00232174014672637
3327,35,21,1.0,0.9889418482780457,0,0,0.25,0.0,0.0,0.22750188410282135,0.003646417986601591,-0.0004963986575603485
3328,35,22,1.0,0.9953800439834595,0,0,0.0,0.0,0.0,0.10060062259435654,0.0023231818340718746,0.0074893757700920105
3329,35,23,1.0,1.00080406665802,0,0,0.0,0.0,0.0,0.029735250398516655,0.0023475652560591698,0.012185700237751007
3330,35,24,1.0,1.0069098472595215,0,0,0.0,0.0,0.0,0.0032564657740294933,-0.00036626504152081907,0.005826544016599655
3331,35,25,1.0,1.0074505805969238,0,0,0.0,0.0,0.0,-0.001274954411201179,-0.0006370471674017608,0.00556529127061367
3332,35,26,1.0,1.007089614868164,0,0,0.0,0.0,0.0,-0.001743797678500414,0.05865120142698288,-0.021320682018995285
3333,35,27,1.0,1.0071184635162354,0,0,0.0,0.0,0.0,-0.002049698494374752,0.05892239138484001,-0.021152067929506302
3334,35,28,1.0,1.004164695739746,0,0,0.0,0.0,0.0,-0.00047715974505990744,0.157173752784729,-0.022912967950105667
3335,35,29,1.0,1.0041625499725342,0,0,0.0,0.25,0.0,-0.0004994918126612902,0.1572173833847046,-0.022886112332344055
3336,35,30,1.0,0.9919832348823547,0,0,0.0,0.25,0.0,-0.00015691854059696198,0.27080777287483215,-0.009884283877909184
3337,35,31,1.0,0.989222526550293,0,0,0.0,0.25,0.0,0.0003008139319717884,0.2742857038974762,-0.006439073011279106
3338,35,32,1.0,0.9862721562385559,0,0,0.0,0.25,0.0,-0.00024122442118823528,0.2768191993236542,-0.004988100379705429
3339,35,33,1.0,0.9812505841255188,0,0,0.0,0.25,0.0,-0.0009617136092856526,0.2769685387611389,0.006579129956662655
3340,35,34,1.0,0.9831892848014832,0,0,0.0,0.25,0.0,-0.001476730452850461,0.2764084041118622,0.004767278209328651
3341,35,35,1.0,0.9830397963523865,0,0,0.0,0.25,0.0,-0.0010568047873675823,0.2765701115131378,0.006369170732796192
3342,35,36,1.0,0.9911749362945557,0,0,0.0,0.25,0.0,-0.001946627045981586,0.27007952332496643,-0.00037920568138360977
3343,35,37,1.0,0.986301600933075,0,0,0.0,0.25,0.0,-0.002940215403214097,0.26698634028434753,-0.00755049753934145
3344,35,38,1.0,0.9848793148994446,0,0,0.0,0.25,0.0,-0.001450462732464075,0.21358154714107513,-0.016844555735588074
3345,35,39,1.0,1.001574993133545,0,0,0.0,0.25,0.0,0.0018077492713928223,0.042804427444934845,-0.00011690985411405563
3346,35,40,1.0,1.0066380500793457,0,0,0.0,0.25,0.0,0.001742650754749775,0.02150893397629261,-0.0063648466020822525
3347,35,41,1.0,0.9994717240333557,0,0,0.0,0.0,0.0,-0.0005529311019927263,0.012319165281951427,0.01310807652771473
3348,35,42,1.0,1.0021885633468628,0,0,0.0,0.0,0.0,-0.0005525224842131138,0.005290770437568426,-0.01669488474726677
3349,35,43,1.0,1.0011341571807861,0,0,0.0,0.0,0.0,-0.0006903614848852158,0.0036598239094018936,-0.010001178830862045
3350,35,44,1.0,1.0053050518035889,0,0,0.0,0.0,0.0,0.0002941724378615618,0.0012291574385017157,-0.12630905210971832
3351,35,45,1.0,1.0050969123840332,0,0,0.0,0.0,0.0,0.0002696476876735687,0.0007563779363408685,-0.12923745810985565
3352,35,46,1.0,1.0085043907165527,0,0,0.0,0.0,0.0,-0.0002171217929571867,-0.0001109142613131553,-0.26978346705436707
3353,35,47,1.0,1.0084290504455566,0,0,0.0,0.0,0.0,-0.00021499418653547764,-0.00018646346870809793,-0.27129730582237244
3354,35,48,1.0,1.0088768005371094,0,0,0.0,0.0,-0.5,-0.00035763124469667673,-0.0004242383292876184,-0.3058306574821472
3355,35,49,1.0,0.9962908625602722,0,0,0.0,0.0,-0.5,0.0009759168606251478,0.0012011406943202019,-0.5471047759056091
3356,35,50,1.0,1.0003336668014526,0,0,0.0,0.0,-0.5,0.0014736766461282969,0.0008351495489478111,-0.5411604046821594
3357,35,51,1.0,1.0019677877426147,0,0,0.0,0.0,-0.5,0.0017479714006185532,0.001884046127088368,-0.5405611991882324
3358,35,52,1.0,1.0056778192520142,0,0,0.0,0.0,-0.5,0.0016628308221697807,0.0019694315269589424,-0.5501514673233032
3359,35,53,1.0,1.0074654817581177,0,0,0.0,0.0,-0.5,0.0019815382547676563,0.0016994577599689364,-0.5557051301002502
3360,35,54,1.0,1.009323000907898,0,0,0.0,0.0,-0.5,0.0020838966593146324,0.0014364445814862847,-0.5652520656585693
3361,35,55,1.0,1.0111465454101562,0,0,0.0,0.0,-0.5,0.0015503598842769861,0.0008515944937244058,-0.5784180760383606
3362,35,56,1.0,1.0011029243469238,0,0,0.0,0.0,-0.5,0.0030162776820361614,0.0012168765533715487,-0.5720174908638
3363,35,57,1.0,1.0008225440979004,0,0,0.0,0.0,-0.5,0.0027957968413829803,0.001519291545264423,-0.5657261610031128
3364,35,58,1.0,0.980305552482605,0,0,0.0,0.0,-0.5,0.0025517684407532215,0.002020755782723427,-0.400693416595459
3365,35,59,1.0,0.980418860912323,0,0,0.0,0.0,-0.5,0.002592912409454584,0.0020582410506904125,-0.39183351397514343
3366,35,60,1.0,2.0044503211975098,0,1,0.0,0.0,0.0,0.0023805787786841393,-0.0017486033029854298,-0.011727230623364449
3367,35,61,1.0,2.0046963691711426,0,1,0.0,0.0,0.0,0.0023690778762102127,-0.0017407671548426151,-0.011717374436557293
3368,35,62,1.0,2.037052869796753,0,1,0.0,0.0,0.0,0.0015734643675386906,-0.0015358407981693745,-0.012854397296905518
3369,35,63,1.0,2.037046432495117,0,1,0.0,0.0,0.0,0.001569556538015604,-0.0015284421388059855,-0.012850798666477203
3370,35,64,2.0,2.0218348503112793,1,1,0.0,0.0,0.0,0.0023739743046462536,-0.0012056224513798952,-0.013826337642967701
3371,35,65,2.0,2.0478477478027344,1,1,0.0,0.0,0.0,-0.00020033982582390308,-0.0015575319994241,-0.0026823729276657104
3372,35,66,2.0,2.055635690689087,1,1,0.0,0.0,0.0,0.00012915348634123802,-0.0017698733136057854,-0.001866036094725132
3373,35,67,2.0,2.054922580718994,1,1,0.0,0.0,0.0,0.00011351751163601875,-0.0021373797208070755,-0.00026026926934719086
3374,35,68,2.0,2.0563621520996094,1,1,0.0,0.0,0.0,-9.880540892481804e-05,-0.0024978499859571457,0.0021623093634843826
3375,35,69,2.0,2.0554041862487793,1,1,0.0,0.0,0.0,-0.0002661086618900299,-0.0026249634101986885,0.0017546936869621277
3376,35,70,2.0,2.0490975379943848,1,1,0.0,0.0,0.0,-0.0009137953165918589,-0.0037143826484680176,-0.005991091951727867
3377,35,71,1.0,2.026962995529175,0,1,0.0,0.0,0.0,-0.00047435902524739504,-0.0036935675889253616,-0.007801039610058069
3378,35,72,1.0,1.0600038766860962,0,0,0.0,0.0,0.0,0.0010741197038441896,0.0011320986086502671,0.037496089935302734
3379,35,73,1.0,0.996013879776001,0,0,0.0,0.0,0.0,0.000174245098605752,0.00022175267804414034,0.2598075270652771
3380,35,74,1.0,0.9943658709526062,0,0,0.0,0.0,0.0,-0.0005249122623354197,-0.0005267935339361429,0.3043155372142792
3381,35,75,1.0,0.9939153790473938,0,0,0.0,0.0,0.0,-0.0009998045861721039,-0.00039534870302304626,0.35054123401641846
3382,35,76,1.0,0.9953638911247253,0,0,0.0,0.0,0.0,-0.001143889268860221,-0.0007569736335426569,0.363222599029541
3383,35,77,1.0,0.9962713122367859,0,0,0.0,0.0,0.5,-0.0007723598973825574,-0.0006179669871926308,0.32333314418792725
3384,35,78,1.0,1.003904938697815,0,0,0.0,0.0,0.5,-1.7454149201512337e-05,-2.450932515785098e-05,0.5423920154571533
3385,35,79,1.0,1.0024141073226929,0,0,0.0,0.0,0.5,0.00042695202864706516,0.00030636723386123776,0.5471128821372986
3386,35,80,1.0,1.0021429061889648,0,0,0.0,0.0,0.5,-0.00020817900076508522,3.775116056203842e-05,0.5514697432518005
3387,35,81,1.0,1.0029137134552002,0,0,0.0,0.0,0.5,0.00033975671976804733,0.0003187796100974083,0.5505947470664978
3388,35,82,1.0,1.0017669200897217,0,0,0.0,0.0,0.5,0.00039939815178513527,0.00021017628023400903,0.5506350994110107
3389,35,83,1.0,1.0007227659225464,0,0,0.0,0.0,0.5,0.0005033602938055992,-0.0003589061670936644,0.5482185482978821
3390,35,84,1.0,1.00131094455719,0,0,0.0,0.0,0.5,0.0006041310261934996,0.00044596020597964525,0.5497572422027588
3391,35,85,1.0,0.9995625019073486,0,0,0.0,0.0,0.5,7.324921898543835e-05,-0.00010799296433106065,0.5484697818756104
3392,35,86,1.0,1.000593900680542,0,0,0.0,0.0,0.5,0.0011531275231391191,-4.960104706697166e-05,0.5386691689491272
3393,36,0,1.0,1.004946231842041,0,0,0.0,0.0,0.0,0.010197598487138748,0.0027977782301604748,-0.007823316380381584
3394,36,1,1.0,1.0059846639633179,0,0,0.0,0.0,0.0,0.010474597103893757,0.0022411723621189594,-0.011917198076844215
3395,36,2,1.0,1.007067084312439,0,0,0.0,0.0,0.0,0.009286507032811642,0.001073918305337429,-0.0052251871675252914
3396,36,3,1.0,1.0069482326507568,0,0,0.0,0.0,0.0,0.009301301091909409,0.001188009395264089,-0.004430355038493872
3397,36,4,1.0,1.005125880241394,0,0,0.0,0.0,0.0,0.00898719858378172,0.0015922841848805547,0.01081344485282898
3398,36,5,1.0,1.0051600933074951,0,0,0.0,0.0,0.0,0.00899847224354744,0.0016161830862984061,0.011022621765732765
3399,36,6,1.0,1.0007891654968262,0,0,0.0,0.0,0.0,0.00222924817353487,0.0004567273426800966,0.0051594385877251625
3400,36,7,1.0,1.0007846355438232,0,0,0.0,0.0,0.0,0.0022519370540976524,0.0004599540261551738,0.005242056213319302
3401,36,8,1.0,1.0023003816604614,0,0,-0.25,0.0,0.0,-0.19633550941944122,-0.0014285335782915354,0.0008492972701787949
3402,36,9,1.0,1.000238299369812,0,0,-0.25,0.0,0.0,-0.26603612303733826,-0.005067797377705574,0.004461517557501793
3403,36,10,1.0,1.0021309852600098,0,0,-0.25,0.0,0.0,-0.2711655795574188,-0.007051925174891949,0.005646374076604843
3404,36,11,1.0,0.9986975789070129,0,0,-0.25,0.0,0.0,-0.2742089033126831,-0.0071495003066957,0.005395752377808094
3405,36,12,1.0,0.9968091249465942,0,0,-0.25,0.0,0.0,-0.27579039335250854,-0.00836346298456192,0.00045586563646793365
3406,36,13,1.0,0.9965004324913025,0,0,-0.25,0.0,0.0,-0.2769816517829895,-0.007714830804616213,-0.0005809580907225609
3407,36,14,1.0,0.9968146085739136,0,0,-0.25,0.0,0.0,-0.2804095447063446,-0.006666015833616257,0.001534096896648407
3408,36,15,1.0,0.9976652264595032,0,0,-0.25,0.0,0.0,-0.2837428152561188,-0.0054002683609724045,0.006548665463924408
3409,36,16,1.0,0.9975274205207825,0,0,-0.25,0.0,0.0,-0.2845982313156128,-0.0037100850604474545,0.0026198215782642365
3410,36,17,1.0,0.9969009160995483,0,0,-0.25,0.0,0.0,-0.28661251068115234,-0.003360428847372532,0.00205112062394619
3411,36,18,1.0,1.0019768476486206,0,0,-0.25,0.0,0.0,-0.28781983256340027,-0.0027286303229629993,0.005519479513168335
3412,36,19,1.0,1.004812240600586,0,0,-0.25,0.0,0.0,-0.2899652421474457,-0.002132861874997616,0.003312448039650917
3413,36,20,1.0,1.002048373222351,0,0,-0.25,0.0,0.0,-0.2669086754322052,-0.001405707560479641,-5.385931581258774e-05
3414,36,21,1.0,0.9954679608345032,0,0,-0.25,0.0,0.0,-0.14539895951747894,-0.0024869428016245365,0.00014317873865365982
3415,36,22,1.0,0.9935332536697388,0,0,0.0,0.0,0.0,-0.038782909512519836,-0.0033401548862457275,-0.0030828635208308697
3416,36,23,1.0,0.9892692565917969,0,0,0.0,0.0,0.0,0.012419821694493294,0.0003815720556303859,-0.003314943052828312
3417,36,24,1.0,0.999771773815155,0,0,0.0,0.0,0.0,0.014158107340335846,0.00011321186320856214,-0.0027021337300539017
3418,36,25,1.0,0.999855101108551,0,0,0.0,0.0,0.0,0.018589770421385765,-4.084367537871003e-05,-0.0038454048335552216
3419,36,26,1.0,0.9993767738342285,0,0,0.0,0.0,0.0,0.006250917911529541,-0.06411492079496384,-0.004601201042532921
3420,36,27,1.0,0.9993383288383484,0,0,0.0,0.0,0.0,0.006470478139817715,-0.06435708701610565,-0.0048132711090147495
3421,36,28,1.0,0.9974896907806396,0,0,0.0,-0.25,0.0,0.0008787603583186865,-0.16909368336200714,0.00014838948845863342
3422,36,29,1.0,0.9895646572113037,0,0,0.0,-0.25,0.0,-0.004177572671324015,-0.2537190914154053,0.006468586623668671
3423,36,30,1.0,0.9880343675613403,0,0,0.0,-0.25,0.0,-0.003947676159441471,-0.25717371702194214,0.005067135207355022
3424,36,31,1.0,0.9892627000808716,0,0,0.0,-0.25,0.0,-0.0047559794038534164,-0.2629651129245758,0.005344223231077194
3425,36,32,1.0,0.9871265888214111,0,0,0.0,-0.25,0.0,-0.003808847162872553,-0.2681728005409241,0.0062193600460886955
3426,36,33,1.0,0.9845153093338013,0,0,0.0,-0.25,0.0,-0.0036892718635499477,-0.2728267312049866,0.008899334818124771
3427,36,34,1.0,0.9818480014801025,0,0,0.0,-0.25,0.0,-0.0032163558062165976,-0.27577027678489685,0.009930852800607681
3428,36,35,1.0,0.9796671271324158,0,0,0.0,-0.25,0.0,-0.0025985895190387964,-0.2755900025367737,0.011136049404740334
3429,36,36,1.0,0.9807552099227905,0,0,0.0,-0.25,0.0,-0.0006192756118252873,-0.27563783526420593,0.009877702221274376
3430,36,37,1.0,0.9860663414001465,0,0,0.0,-0.25,0.0,-0.0008777689654380083,-0.2540320158004761,0.004423234611749649
3431,36,38,1.0,0.9893374443054199,0,0,0.0,0.0,0.0,-0.0008304364746436477,-0.11002731323242188,-0.008613169193267822
3432,36,39,1.0,0.9927865862846375,0,0,0.0,0.0,0.0,-0.0016081543872132897,-0.016422610729932785,-0.006496873684227467
3433,36,40,1.0,0.9984130859375,0,0,0.0,0.0,0.0,-0.0011362857185304165,-0.007417764514684677,0.0008328473195433617
3434,36,41,1.0,0.9992903470993042,0,0,0.0,0.0,0.0,-0.001271492219530046,-0.004745736252516508,0.0041784439235925674
3435,36,42,1.0,1.0005050897598267,0,0,0.0,0.0,0.0,-0.0006131823174655437,-0.004114789422601461,0.01303940825164318
3436,36,43,1.0,1.000451683998108,0,0,0.0,0.0,0.0,-0.0006050833035260439,-0.003718441817909479,0.012614522129297256
3437,36,44,1.0,1.0017081499099731,0,0,0.0,0.0,0.0,0.00020335614681243896,-0.0033281277865171432,0.005379601381719112
3438,36,45,1.0,1.0017011165618896,0,0,0.0,-0.25,0.0,0.00019953865557909012,-0.0032536746002733707,0.005268263630568981
3439,36,46,1.0,1.0001611709594727,0,0,0.0,0.0,0.0,-0.0011541818967089057,-0.007320907898247242,-0.040942445397377014
3440,36,47,1.0,0.9978698492050171,0,0,0.0,0.0,0.0,-2.0655104890465736e-05,4.526373231783509e-05,-0.04400370270013809
3441,36,48,1.0,0.9971389770507812,0,0,0.0,0.0,0.0,2.624373883008957e-05,0.0015295861521735787,-0.0593564435839653
3442,36,49,1.0,0.9971919059753418,0,0,0.0,0.0,0.0,-0.00010274536907672882,0.001957422588020563,-0.05610623210668564
3443,36,50,1.0,1.0020719766616821,0,0,0.0,0.0,0.0,-0.0004273614613339305,0.0011879293015226722,-0.06346487253904343
3444,36,51,1.0,1.0021007061004639,0,0,0.0,0.0,0.0,-0.0004449117695912719,0.0012585461372509599,-0.06298841536045074
3445,36,52,1.0,1.0016144514083862,0,0,0.0,0.0,0.0,-0.0005149965872988105,0.0012238663621246815,-0.06936250627040863
3446,36,53,1.0,1.0016204118728638,0,0,0.0,0.0,-0.5,-0.0005183764733374119,0.001238140044733882,-0.0692807212471962
3447,36,54,1.0,0.9985623955726624,0,0,0.0,0.0,-0.5,-2.8325943276286125e-05,0.0010298017878085375,-0.5354905128479004
3448,36,55,1.0,0.9990323185920715,0,0,0.0,0.0,-0.5,-0.00021096295677125454,0.0007616118527948856,-0.5300346612930298
3449,36,56,1.0,0.9991768598556519,0,0,0.0,0.0,-0.5,-0.0005545922322198749,0.001537212752737105,-0.529630720615387
3450,36,57,1.0,1.0007081031799316,0,0,0.0,0.0,-0.5,-0.00038254878018051386,0.001694079372100532,-0.5324980616569519
3451,36,58,1.0,1.00424063205719,0,0,0.0,0.0,-0.5,0.0007759493310004473,0.0011306243250146508,-0.5460803508758545
3452,36,59,1.0,1.0046014785766602,0,0,0.0,0.0,-0.5,0.0015974328853189945,0.0015425189631059766,-0.554667592048645
3453,36,60,1.0,1.008368730545044,0,0,0.0,0.0,-0.5,0.0005523897707462311,0.0006718931253999472,-0.5736141800880432
3454,36,61,1.0,1.0080736875534058,0,0,0.0,0.0,-0.5,0.0014976335223764181,0.0005265969084575772,-0.5737645030021667
3455,36,62,1.0,1.0077013969421387,0,0,0.0,0.0,-0.5,0.0019764970056712627,0.0013573943870142102,-0.5464544296264648
3456,36,63,1.0,1.0040971040725708,0,0,0.0,0.0,-0.5,0.001938419882208109,0.0016961646033450961,-0.503589391708374
3457,36,64,1.0,0.987189769744873,0,0,0.0,0.0,-0.5,0.0018583307974040508,0.002603792119771242,-0.3018154501914978
3458,36,65,1.0,0.9875925779342651,0,0,0.0,0.0,0.0,0.0019292202778160572,0.00254507502540946,-0.2909119129180908
3459,36,66,1.0,1.4594824314117432,0,0,0.0,0.0,0.0,0.0018648132681846619,0.0019215102074667811,0.01864618808031082
3460,36,67,1.0,1.4605778455734253,0,0,0.0,0.0,0.0,0.0019200821407139301,0.0019005514914169908,0.019221369177103043
3461,36,68,1.0,2.0219807624816895,0,1,0.0,0.0,0.0,0.0007584337145090103,-0.0015993108972907066,-0.011528780683875084
3462,36,69,2.0,2.022031307220459,1,1,0.0,0.0,0.0,0.0007714603561908007,-0.0016132539603859186,-0.011501511558890343
3463,36,70,2.0,2.0501458644866943,1,1,0.0,0.0,0.0,-0.0002497495152056217,-0.001256950432434678,-0.005822472274303436
3464,36,71,2.0,2.0469794273376465,1,1,0.0,0.0,0.0,-7.306062616407871e-05,0.0008978727273643017,-0.001021762378513813
3465,36,72,2.0,2.042684316635132,1,1,0.0,0.0,0.0,-0.0006853464292362332,0.0009306534193456173,0.0008898284286260605
3466,36,73,2.0,2.0482091903686523,1,1,0.0,0.0,0.0,0.0005820654332637787,-0.0022921361960470676,0.0029860595241189003
3467,36,74,2.0,2.047943592071533,1,1,0.0,0.0,0.0,-0.00022391974925994873,-0.0017066264990717173,0.004170090891420841
3468,36,75,2.0,2.0473196506500244,1,1,0.0,0.0,0.0,-0.00012790551409125328,-0.0017727419035509229,0.0039519052952528
3469,36,76,2.0,2.048466444015503,1,1,0.0,0.0,0.0,-0.00045372871682047844,-0.0011835125042125583,0.000865464098751545
3470,36,77,2.0,2.0490667819976807,1,1,0.0,0.0,0.0,0.0001668417826294899,-0.0017178220441564918,0.0002338159829378128
3471,36,78,2.0,1.8828001022338867,1,1,0.0,0.0,0.0,0.0003228757996112108,-0.00014625114272348583,-0.03619472682476044
3472,36,79,1.0,1.4837590456008911,0,0,0.0,0.0,0.0,0.001411415170878172,0.0008059969404712319,-0.018817365169525146
3473,36,80,1.0,0.9960435628890991,0,0,0.0,0.0,0.0,-0.000758065958507359,-0.0021179281175136566,0.3712843656539917
3474,36,81,1.0,1.11097252368927,0,0,0.0,0.0,0.0,0.003541473299264908,0.0009584957733750343,0.009598489850759506
3475,36,82,1.0,1.0729471445083618,0,0,0.0,0.0,0.0,0.0018183072097599506,-0.0019328802591189742,0.0860515832901001
3476,36,83,1.0,0.9936853051185608,0,0,0.0,0.0,0.0,-0.0012313429033383727,-0.0018421438289806247,0.4350399374961853
3477,36,84,1.0,1.0105419158935547,0,0,0.0,0.0,0.5,-0.0003547525266185403,-0.0032870876602828503,0.2656102180480957
3478,36,85,1.0,0.995482325553894,0,0,0.0,0.0,0.5,-0.00025564595125615597,-0.0001419579202774912,0.4779624044895172
3479,36,86,1.0,0.9977977275848389,0,0,0.0,0.0,0.5,0.000516688684001565,-0.0010376584250479937,0.5371068120002747
3480,36,87,1.0,1.003109097480774,0,0,0.0,0.0,0.5,0.000837614992633462,-0.0003317746741231531,0.5478968620300293
3481,36,88,1.0,1.0027496814727783,0,0,0.0,0.0,0.5,6.379303522408009e-05,0.00017124373698607087,0.547902524471283
3482,36,89,1.0,1.0004000663757324,0,0,0.0,0.0,0.5,0.00019846251234412193,0.00032076792558655143,0.54227614402771
3483,36,90,1.0,1.0016634464263916,0,0,0.0,0.0,0.5,0.00014650123193860054,-0.0004454256850294769,0.5449714064598083
3484,36,91,1.0,1.001160979270935,0,0,0.0,0.0,0.5,-0.0003422914305701852,-0.0002908258466050029,0.5372959971427917
3485,36,92,1.0,0.9989157915115356,0,0,0.0,0.0,0.5,-0.0005306530511006713,-0.0002725975646171719,0.5418112874031067
3486,36,93,1.0,0.9979351758956909,0,0,0.0,0.0,0.5,-0.000631648232229054,-0.0002130929788108915,0.5365534424781799
3487,37,0,1.0,0.9980345368385315,0,0,0.0,0.0,0.0,0.010205958038568497,0.0018069060752168298,0.0007967585697770119
3488,37,1,1.0,0.9990145564079285,0,0,0.0,0.0,0.0,0.009860267862677574,-5.928159225732088e-05,-0.003091480117291212
3489,37,2,1.0,1.0033339262008667,0,0,0.0,0.0,0.0,0.01054279413074255,-0.001117711653932929,0.005169919691979885
3490,37,3,1.0,1.0033760070800781,0,0,0.0,0.0,0.0,0.01057795062661171,-0.0010880923364311457,0.006468050181865692
3491,37,4,1.0,1.0050530433654785,0,0,0.0,0.0,0.0,0.011187688447535038,-0.00016574232722632587,0.020490437746047974
3492,37,5,1.0,1.0050020217895508,0,0,0.0,0.0,0.0,0.011179699562489986,-0.00017247293726541102,0.020847560837864876
3493,37,6,1.0,1.003173589706421,0,0,0.0,0.0,0.0,-0.0037014014087617397,7.036974420771003e-05,-0.008603879250586033
3494,37,7,1.0,1.0031484365463257,0,0,0.0,0.0,0.0,-0.0036778724752366543,6.97135110385716e-05,-0.008490059524774551
3495,37,8,1.0,1.0008786916732788,0,0,0.0,0.0,0.0,-0.023609226569533348,-0.0008514920482411981,-0.011654077097773552
3496,37,9,1.0,1.0008749961853027,0,0,0.0,0.0,0.0,-0.023600587621331215,-0.000852239434607327,-0.01162292342633009
3497,37,10,1.0,0.9974995255470276,0,0,0.0,0.0,0.0,-0.04288464039564133,-0.0011595431715250015,-0.016018398106098175
3498,37,11,1.0,0.9974985122680664,0,0,-0.25,0.0,0.0,-0.04288238286972046,-0.0011598843848332763,-0.016011757776141167
3499,37,12,1.0,1.0032328367233276,0,0,-0.25,0.0,0.0,-0.2612687349319458,-0.0030224835500121117,0.004034322686493397
3500,37,13,1.0,1.0031704902648926,0,0,-0.25,0.0,0.0,-0.27056482434272766,-0.0019919471815228462,0.006501232273876667
3501,37,14,1.0,1.0014386177062988,0,0,-0.25,0.0,0.0,-0.2761334180831909,-0.001550968736410141,0.00393084529787302
3502,37,15,1.0,1.0021826028823853,0,0,-0.25,0.0,0.0,-0.27868205308914185,-0.0012459905119612813,0.0037150168791413307
3503,37,16,1.0,0.9994519948959351,0,0,-0.25,0.0,0.0,-0.2783772647380829,-0.0010370040545240045,-0.0004281019791960716
3504,37,17,1.0,1.0009431838989258,0,0,-0.25,0.0,0.0,-0.2804275453090668,-0.001161946915090084,0.002780661918222904
3505,37,18,1.0,1.0003931522369385,0,0,-0.25,0.0,0.0,-0.28098511695861816,-0.0018566291546449065,0.0026367930695414543
3506,37,19,1.0,0.997714102268219,0,0,-0.25,0.0,0.0,-0.28422173857688904,-0.0024287905544042587,0.0021250518038868904
3507,37,20,1.0,0.9966160655021667,0,0,-0.25,0.0,0.0,-0.28316956758499146,-0.002630164846777916,-7.771048694849014e-05
3508,37,21,1.0,0.9968208074569702,0,0,-0.25,0.0,0.0,-0.2848028838634491,-0.0027914964593946934,0.0017039235681295395
3509,37,22,1.0,0.9934829473495483,0,0,-0.25,0.0,0.0,-0.28384825587272644,-0.0016122799133881927,0.0031895404681563377
3510,37,23,1.0,0.9970619082450867,0,0,-0.25,0.0,0.0,-0.2630979120731354,-0.0015989776002243161,0.004625923931598663
3511,37,24,1.0,1.004023790359497,0,0,-0.25,0.0,0.0,-0.16476008296012878,-0.0023516924120485783,0.0035878270864486694
3512,37,25,1.0,1.0018634796142578,0,0,0.0,0.0,0.0,-0.05590366572141647,0.0002366495318710804,0.008862640708684921
3513,37,26,1.0,0.9999238848686218,0,0,0.0,0.0,0.0,0.0003947762306779623,-0.0021660644561052322,0.01084277406334877
3514,37,27,1.0,1.001701831817627,0,0,0.0,0.0,0.0,0.018733927980065346,-0.0018581722397357225,0.012034960091114044
3515,37,28,1.0,1.0038273334503174,0,0,0.0,0.0,0.0,0.012075659818947315,0.011263241991400719,0.01611124910414219
3516,37,29,1.0,1.0037178993225098,0,0,0.0,0.0,0.0,0.013047476299107075,0.012768588028848171,0.013771912083029747
3517,37,30,1.0,0.9996242523193359,0,0,0.0,0.25,0.0,0.0004922312218695879,0.19362440705299377,0.008994322270154953
3518,37,31,1.0,0.9904919862747192,0,0,0.0,0.25,0.0,-0.0017096311785280704,0.2540580630302429,-0.005744017660617828
3519,37,32,1.0,0.9904268980026245,0,0,0.0,0.25,0.0,-0.001165573950856924,0.2602735757827759,-0.011751213110983372
3520,37,33,1.0,0.9892967939376831,0,0,0.0,0.25,0.0,0.0008192933164536953,0.2690524458885193,-0.01508173905313015
3521,37,34,1.0,0.9872517585754395,0,0,0.0,0.25,0.0,-0.00023108930326998234,0.2689359784126282,-0.017148954793810844
3522,37,35,1.0,0.9887154698371887,0,0,0.0,0.25,0.0,-0.0009257250931113958,0.27794206142425537,-0.007948789745569229
3523,37,36,1.0,0.9864651560783386,0,0,0.0,0.25,0.0,-0.000352746807038784,0.2790566682815552,-0.0010677594691514969
3524,37,37,1.0,0.9830453991889954,0,0,0.0,0.25,0.0,-0.0006255425978451967,0.2756185233592987,0.007183380424976349
3525,37,38,1.0,0.9910143613815308,0,0,0.0,0.25,0.0,-0.0012424413580447435,0.2267196923494339,-0.0037503852508962154
3526,37,39,1.0,0.9898287653923035,0,0,0.0,0.25,0.0,-0.0015476590488106012,0.16120970249176025,-0.0024989554658532143
3527,37,40,1.0,0.9955189228057861,0,0,0.0,0.25,0.0,7.956940680742264e-05,0.05244724079966545,0.002705310471355915
3528,37,41,1.0,1.0022478103637695,0,0,0.0,0.0,0.0,0.0005900359246879816,0.01717173494398594,0.03606748580932617
3529,37,42,1.0,1.001698613166809,0,0,0.0,0.0,0.0,0.001062570372596383,0.002981162164360285,0.026527302339673042
3530,37,43,1.0,1.0026805400848389,0,0,0.0,0.0,0.0,0.00045409216545522213,0.0014246638165786862,0.011009955778717995
3531,37,44,1.0,0.9963921308517456,0,0,0.0,0.0,0.0,0.00017119525000452995,0.003164266236126423,-0.051088541746139526
3532,37,45,1.0,0.9963136315345764,0,0,0.0,0.0,0.0,0.00017944094724953175,0.0029725180938839912,-0.052829332649707794
3533,37,46,1.0,1.0062531232833862,0,0,0.0,0.0,0.0,-0.0010088951094076037,0.0006831452483311296,-0.07955550402402878
3534,37,47,1.0,1.006250023841858,0,0,0.0,0.0,0.0,-0.00099385145585984,0.0006399375852197409,-0.08032840490341187
3535,37,48,1.0,1.007091760635376,0,0,0.0,0.0,0.0,-0.0010896199382841587,0.0002264666836708784,-0.10813276469707489
3536,37,49,1.0,1.0070912837982178,0,0,0.0,0.0,0.0,-0.0010863121133297682,0.00021602894412353635,-0.10832900553941727
3537,37,50,1.0,1.0081634521484375,0,0,0.0,0.0,0.0,-0.0012843352742493153,-0.0002469593018759042,-0.12621188163757324
3538,37,51,1.0,1.0081630945205688,0,0,0.0,0.0,0.0,-0.0012833287473767996,-0.00024951176601462066,-0.12626473605632782
3539,37,52,1.0,1.008231282234192,0,0,0.0,0.0,0.0,-0.0014505754224956036,-0.0003428956842981279,-0.13507898151874542
3540,37,53,1.0,1.0082309246063232,0,0,0.0,0.0,-0.5,-0.0014502422418445349,-0.00034353829687461257,-0.13509228825569153
3541,37,54,1.0,0.9968607425689697,0,0,0.0,0.0,-0.5,0.0017226291820406914,0.0009129887912422419,-0.5479080677032471
3542,37,55,1.0,0.9987950325012207,0,0,0.0,0.0,-0.5,0.0019536991603672504,0.0009061477612704039,-0.5377318263053894
3543,37,56,1.0,1.000909686088562,0,0,0.0,0.0,-0.5,0.00165137043222785,0.0014915826031938195,-0.5383367538452148
3544,37,57,1.0,1.0001457929611206,0,0,0.0,0.0,-0.5,0.0014532750938087702,0.0019345827167853713,-0.534327507019043
3545,37,58,1.0,1.005131721496582,0,0,0.0,0.0,-0.5,0.0011594828683882952,0.0022792797535657883,-0.5427244901657104
3546,37,59,1.0,1.0092508792877197,0,0,0.0,0.0,-0.5,3.040442243218422e-05,0.0028441972099244595,-0.5543044805526733
3547,37,60,1.0,1.0136514902114868,0,0,0.0,0.0,-0.5,7.809442467987537e-05,0.0020602005533874035,-0.5698953866958618
3548,37,61,1.0,1.0146187543869019,0,0,0.0,0.0,-0.5,-0.0006111458642408252,0.00148393667768687,-0.5751106142997742
3549,37,62,1.0,1.0071297883987427,0,0,0.0,0.0,-0.5,0.00037170061841607094,0.001942976494319737,-0.560173749923706
3550,37,63,1.0,1.0047096014022827,0,0,0.0,0.0,-0.5,0.0011481314431875944,0.002163320779800415,-0.5512366890907288
3551,37,64,1.0,0.9865974187850952,0,0,0.0,0.0,-0.5,0.001628638943657279,0.002507088240236044,-0.39751219749450684
3552,37,65,1.0,0.9860117435455322,0,0,0.0,0.0,0.0,0.0018062684684991837,0.002507021650671959,-0.38502800464630127
3553,37,66,1.0,1.3474518060684204,0,0,0.0,0.0,0.0,0.0014533051289618015,0.0010808507213369012,-0.016753770411014557
3554,37,67,1.0,1.3562183380126953,0,0,0.0,0.0,0.0,0.0015040100552141666,0.0010665562003850937,-0.015135287307202816
3555,37,68,1.0,2.0347840785980225,0,1,0.0,0.0,0.0,0.0005921972915530205,-0.001185452681966126,-0.014887377619743347
3556,37,69,1.0,2.034801483154297,0,1,0.0,0.0,0.0,0.0005860798992216587,-0.0011687232181429863,-0.014883630909025669
3557,37,70,2.0,2.0370073318481445,1,1,0.0,0.0,0.0,0.0007191793993115425,-0.0015180929331108928,-0.015005750581622124
3558,37,71,2.0,2.045743227005005,1,1,0.0,0.0,0.0,2.1513551473617554e-06,-0.0011523457942530513,-0.0031868270598351955
3559,37,72,2.0,2.0437870025634766,1,1,0.0,0.0,0.0,-9.723333641886711e-05,-0.0018265282269567251,-0.001861679833382368
3560,37,73,2.0,2.0462839603424072,1,1,0.0,0.0,0.0,0.0013412691187113523,-0.00442923791706562,-0.00108233280479908
3561,37,74,2.0,2.0481760501861572,1,1,0.0,0.0,0.0,-0.0008142746519297361,-0.002252225298434496,0.004173307679593563
3562,37,75,2.0,2.046083688735962,1,1,0.0,0.0,0.0,-4.859338514506817e-05,-0.002773716114461422,0.00374484620988369
3563,37,76,2.0,2.0495729446411133,1,1,0.0,0.0,0.0,-0.00023330352269113064,-0.002826930023729801,0.00494933407753706
3564,37,77,2.0,2.049196481704712,1,1,0.0,0.0,0.0,-0.00017201947048306465,-0.0027073160745203495,0.005206316709518433
3565,37,78,2.0,1.8751271963119507,1,1,0.0,0.0,0.0,0.0010782030876725912,-0.0015889770584180951,0.0005563590675592422
3566,37,79,1.0,1.8726768493652344,0,1,0.0,0.0,0.0,0.0010571777820587158,-0.001505331601947546,0.00042646657675504684
3567,37,80,1.0,0.989364504814148,0,0,0.0,0.0,0.0,0.000703620258718729,-0.0008846460841596127,0.36630576848983765
3568,37,81,1.0,0.9893437623977661,0,0,0.0,0.0,0.0,0.0006885780021548271,-0.0008766716346144676,0.36684468388557434
3569,37,82,1.0,0.988789975643158,0,0,0.0,0.0,0.0,0.0007277505937963724,-0.001508005429059267,0.3802855908870697
3570,37,83,1.0,0.9887852072715759,0,0,0.0,0.0,0.0,0.0007217759266495705,-0.0015102848410606384,0.38046807050704956
3571,37,84,1.0,0.9877766370773315,0,0,0.0,0.0,0.0,0.000999891897663474,-0.001295297872275114,0.365432471036911
3572,37,85,1.0,0.9877727627754211,0,0,0.0,0.0,0.5,0.0010014630388468504,-0.0013032304123044014,0.3655042052268982
3573,37,86,1.0,0.9968754649162292,0,0,0.0,0.0,0.5,-1.757172867655754e-05,-0.0004640999250113964,0.5170019268989563
3574,37,87,1.0,1.0017931461334229,0,0,0.0,0.0,0.5,-0.0003754879580810666,0.0008549459744244814,0.5471622943878174
3575,37,88,1.0,1.0018410682678223,0,0,0.0,0.0,0.5,7.464340887963772e-05,0.0010043360525742173,0.5475779175758362
3576,37,89,1.0,1.0030885934829712,0,0,0.0,0.0,0.5,0.0003525733482092619,-0.00024887113249860704,0.548258900642395
3577,37,90,1.0,1.0017327070236206,0,0,0.0,0.0,0.5,0.0015216674655675888,0.00019266677554696798,0.5454400777816772
3578,37,91,1.0,1.0028913021087646,0,0,0.0,0.0,0.5,0.0006650339346379042,0.00026926223654299974,0.542944073677063
3579,37,92,1.0,1.0015630722045898,0,0,0.0,0.0,0.5,0.0010954146273434162,0.0001780538004823029,0.5423884391784668
3580,37,93,1.0,1.001379132270813,0,0,0.0,0.0,0.5,0.001577224349603057,0.00021578185260295868,0.5426239967346191
3581,37,94,1.0,1.000659465789795,0,0,0.0,0.0,0.5,0.001406524796038866,0.00021200836636126041,0.5413329601287842
3582,38,0,1.0,0.9984461069107056,0,0,0.0,0.0,0.0,-0.0019462136551737785,0.0036403541453182697,-0.005722406320273876
3583,38,1,1.0,0.999640166759491,0,0,0.0,0.0,0.0,-0.0023816670291125774,0.0038041118532419205,-0.006373763550072908
3584,38,2,1.0,0.99680495262146,0,0,0.0,0.0,0.0,-0.003926199860870838,0.003559678327292204,-0.003568831831216812
3585,38,3,1.0,0.9968301057815552,0,0,0.0,0.0,0.0,-0.004139672964811325,0.0036261421628296375,-0.0026373611763119698
3586,38,4,1.0,0.9951144456863403,0,0,0.0,0.0,0.0,-0.009316764771938324,0.003136891406029463,0.011419754475355148
3587,38,5,1.0,0.9949907064437866,0,0,0.0,0.0,0.0,-0.009350912645459175,0.003131814766675234,0.011650919914245605
3588,38,6,1.0,0.990422785282135,0,0,0.0,0.0,0.0,0.002723130863159895,0.001158642815425992,-0.02059018239378929
3589,38,7,1.0,0.9903935194015503,0,0,0.0,0.0,0.0,0.00276824738830328,0.0011520333355292678,-0.020514100790023804
3590,38,8,1.0,0.9895609021186829,0,0,0.0,0.0,0.0,0.05043599754571915,0.0005320601630955935,-0.02194397896528244
3591,38,9,1.0,0.9895534515380859,0,0,0.0,0.0,0.0,0.050459206104278564,0.0005297462921589613,-0.021920666098594666
3592,38,10,1.0,0.9948690533638,0,0,0.25,0.0,0.0,0.16490812599658966,0.0016003543278202415,-0.0027704364620149136
3593,38,11,1.0,0.9901154637336731,0,0,0.25,0.0,0.0,0.243455171585083,-0.001698857406154275,-0.004847308155149221
3594,38,12,1.0,0.9884797930717468,0,0,0.25,0.0,0.0,0.26360884308815,-0.0016254573129117489,-0.004245953634381294
3595,38,13,1.0,0.9905057549476624,0,0,0.25,0.0,0.0,0.2713666260242462,-0.0016586390556767583,-0.001210670918226242
3596,38,14,1.0,0.9898253679275513,0,0,0.25,0.0,0.0,0.2771035432815552,-0.0002793399034999311,-0.00040530506521463394
3597,38,15,1.0,0.9902013540267944,0,0,0.25,0.0,0.0,0.2785261571407318,0.0009232795564457774,0.0005814637988805771
3598,38,16,1.0,0.9919282793998718,0,0,0.25,0.0,0.0,0.2832861840724945,0.00013416283763945103,0.0013431375846266747
3599,38,17,1.0,0.9900224208831787,0,0,0.25,0.0,0.0,0.2849201261997223,0.00024165486684069037,0.0006388053297996521
3600,38,18,1.0,0.9957327246665955,0,0,0.25,0.0,0.0,0.2865038216114044,-0.001128223491832614,0.003465781919658184
3601,38,19,1.0,0.9958131313323975,0,0,0.25,0.0,0.0,0.289092093706131,3.121525514870882e-05,0.002876785583794117
3602,38,20,1.0,0.9874356985092163,0,0,0.25,0.0,0.0,0.2909924387931824,-0.0011982538271695375,0.011086540296673775
3603,38,21,1.0,0.9863309860229492,0,0,0.25,0.0,0.0,0.2610583007335663,-0.0006175639573484659,0.012438582256436348
3604,38,22,1.0,0.9947423338890076,0,0,0.0,0.0,0.0,0.16172830760478973,-0.00257625849917531,0.012359336018562317
3605,38,23,1.0,0.9896493554115295,0,0,0.0,0.0,0.0,0.05252303183078766,-0.007267492823302746,0.012669803574681282
3606,38,24,1.0,0.9879467487335205,0,0,0.0,0.0,0.0,0.006869371049106121,0.0012689305003732443,0.001908702775835991
3607,38,25,1.0,0.9878321886062622,0,0,0.0,0.0,0.0,0.0021004718728363514,0.0011759101180359721,0.002562139183282852
3608,38,26,1.0,0.996304452419281,0,0,0.0,0.0,0.0,0.002134850714355707,0.00528201786801219,-0.014097677543759346
3609,38,27,1.0,0.9964311718940735,0,0,0.0,0.0,0.0,0.0018007936887443066,0.0052497126162052155,-0.014144270680844784
3610,38,28,1.0,1.006554126739502,0,0,0.0,0.0,0.0,0.0015591804403811693,-0.17690715193748474,-0.0013568839058279991
3611,38,29,1.0,1.0065820217132568,0,0,0.0,0.0,0.0,0.0015260910149663687,-0.17728957533836365,-0.0013519995845854282
3612,38,30,1.0,1.0057716369628906,0,0,0.0,0.0,0.0,0.0007449246477335691,-0.2045356184244156,-0.0010101040825247765
3613,38,31,1.0,1.0057717561721802,0,0,0.0,-0.25,0.0,0.0007411877159029245,-0.20458047091960907,-0.0010217586532235146
3614,38,32,1.0,0.9915027618408203,0,0,0.0,-0.25,0.0,-0.0045018428936600685,-0.2699112594127655,0.001916416920721531
3615,38,33,1.0,0.9878116846084595,0,0,0.0,-0.25,0.0,-0.003773750737309456,-0.2727569341659546,0.004352998919785023
3616,38,34,1.0,0.9926048517227173,0,0,0.0,-0.25,0.0,-0.004490829072892666,-0.27378854155540466,0.007519463077187538
3617,38,35,1.0,0.9862915277481079,0,0,0.0,-0.25,0.0,-0.003589895088225603,-0.2773272693157196,0.011101406067609787
3618,38,36,1.0,0.9877691864967346,0,0,0.0,-0.25,0.0,-0.003782522166147828,-0.2768093943595886,0.016417911276221275
3619,38,37,1.0,0.9856188297271729,0,0,0.0,-0.25,0.0,-0.003500086721032858,-0.27781179547309875,0.013464313000440598
3620,38,38,1.0,0.9912223815917969,0,0,0.0,-0.25,0.0,-0.004482069052755833,-0.2758629322052002,0.015197031199932098
3621,38,39,1.0,0.9912708401679993,0,0,0.0,-0.25,0.0,-0.005493531934916973,-0.2647324502468109,0.007291741669178009
3622,38,40,1.0,0.9897844791412354,0,0,0.0,-0.25,0.0,-0.005682011134922504,-0.25557640194892883,0.0018652817234396935
3623,38,41,1.0,0.984616756439209,0,0,0.0,-0.25,0.0,-0.004603153094649315,-0.1963854432106018,-0.011272460222244263
3624,38,42,1.0,0.9999768733978271,0,0,0.0,-0.25,0.0,-0.0002610867377370596,-0.03132455423474312,-0.014495812356472015
3625,38,43,1.0,1.0013262033462524,0,0,0.0,0.0,0.0,-0.0012537494767457247,-0.017200881615281105,-0.033584579825401306
3626,38,44,1.0,0.9994063973426819,0,0,0.0,0.0,0.0,-0.0003451359225437045,-0.0005638020229525864,-0.035139039158821106
3627,38,45,1.0,0.9997252225875854,0,0,0.0,0.0,0.0,-0.00020719878375530243,0.0018855406669899821,-0.01570671796798706
3628,38,46,1.0,1.003343939781189,0,0,0.0,0.0,0.0,-0.00038435589522123337,0.002105122432112694,-0.02856941521167755
3629,38,47,1.0,1.0033577680587769,0,0,0.0,0.0,0.0,-0.0004547861171886325,0.0023916815407574177,-0.026875467970967293
3630,38,48,1.0,1.0062892436981201,0,0,0.0,0.0,0.0,-0.0007165106944739819,0.0006819934351369739,-0.09897862374782562
3631,38,49,1.0,1.006285548210144,0,0,0.0,0.0,0.0,-0.0007364606717601418,0.0007348866201937199,-0.09872440248727798
3632,38,50,1.0,1.0093796253204346,0,0,0.0,0.0,0.0,-0.00046763569116592407,0.0004276228719390929,-0.17506183683872223
3633,38,51,1.0,1.0093809366226196,0,0,0.0,0.0,-0.5,-0.0004697865806519985,0.00044151709880679846,-0.1750384271144867
3634,38,52,1.0,0.999005913734436,0,0,0.0,0.0,-0.5,0.002010902389883995,-0.0002601752639748156,-0.5470011830329895
3635,38,53,1.0,0.9999257922172546,0,0,0.0,0.0,-0.5,0.001292599132284522,0.0006382804131135345,-0.5389271378517151
3636,38,54,1.0,1.0020885467529297,0,0,0.0,0.0,-0.5,0.0012757040094584227,0.0012140418402850628,-0.5393112301826477
3637,38,55,1.0,1.0039256811141968,0,0,0.0,0.0,-0.5,0.0015218148473650217,0.0013345499755814672,-0.5399786233901978
3638,38,56,1.0,1.006532073020935,0,0,0.0,0.0,-0.5,0.002501515205949545,0.0016535221366211772,-0.553176999092102
3639,38,57,1.0,1.0104162693023682,0,0,0.0,0.0,-0.5,0.0024300608783960342,0.0012889582430943847,-0.5654208660125732
3640,38,58,1.0,1.0071520805358887,0,0,0.0,0.0,-0.5,0.001814146526157856,0.0004980225348845124,-0.5782652497291565
3641,38,59,1.0,1.009831428527832,0,0,0.0,0.0,-0.5,0.00241189356893301,0.0012034655082970858,-0.5760437846183777
3642,38,60,1.0,1.002005696296692,0,0,0.0,0.0,-0.5,0.0021732766181230545,0.002089074347168207,-0.5477584004402161
3643,38,61,1.0,1.0026047229766846,0,0,0.0,0.0,-0.5,0.002254921942949295,0.0019352565286681056,-0.5369377732276917
3644,38,62,1.0,0.9796484112739563,0,0,0.0,0.0,-0.5,0.0035652387887239456,0.0018137592123821378,-0.26786038279533386
3645,38,63,1.0,0.9798625111579895,0,0,0.0,0.0,0.0,0.0035714483819901943,0.0018166914815083146,-0.26353633403778076
3646,38,64,1.0,1.7417922019958496,0,1,0.0,0.0,0.0,0.0035165264271199703,-0.00033673702273517847,0.008587628602981567
3647,38,65,1.0,1.742114543914795,0,1,0.0,0.0,0.0,0.003526853397488594,-0.00033665759838186204,0.008656853809952736
3648,38,66,1.0,2.0144007205963135,0,1,0.0,0.0,0.0,0.0024223681539297104,-0.0017327865352854133,-0.008528371341526508
3649,38,67,1.0,2.0144383907318115,0,1,0.0,0.0,0.0,0.002425882965326309,-0.001737222890369594,-0.008514474146068096
3650,38,68,2.0,1.977211356163025,1,1,0.0,0.0,0.0,0.003037527669221163,-0.001379343681037426,-0.005588973872363567
3651,38,69,2.0,2.049609661102295,1,1,0.0,0.0,0.0,-1.347600482404232e-05,-0.0015156384324654937,-0.0009974036365747452
3652,38,70,2.0,2.0504910945892334,1,1,0.0,0.0,0.0,0.0003876187838613987,-0.002471469109877944,0.001009153202176094
3653,38,71,2.0,2.050971031188965,1,1,0.0,0.0,0.0,2.7335714548826218e-05,-0.0026291804388165474,0.002036936581134796
3654,38,72,2.0,2.0547685623168945,1,1,0.0,0.0,0.0,0.0007530390284955502,-0.0017734639113768935,0.0032954905182123184
3655,38,73,2.0,2.054811716079712,1,1,0.0,0.0,0.0,0.0005452840123325586,-0.0019350905204191804,0.003092394210398197
3656,38,74,2.0,2.053508996963501,1,1,0.0,0.0,0.0,0.00030230521224439144,-0.001846811850555241,0.003703429363667965
3657,38,75,2.0,2.0535778999328613,1,1,0.0,0.0,0.0,0.00024535111151635647,-0.0019254263024777174,0.003568083979189396
3658,38,76,1.0,2.033482551574707,0,1,0.0,0.0,0.0,-0.00042948569171130657,-0.003173855599015951,-0.00941726565361023
3659,38,77,1.0,1.8865927457809448,0,1,0.0,0.0,0.0,-0.0012053231475874782,-0.001667805016040802,-0.02210763469338417
3660,38,78,1.0,0.994709849357605,0,0,0.0,0.0,0.0,0.0011169228237122297,-0.0011985106393694878,0.24127091467380524
3661,38,79,1.0,0.9929307699203491,0,0,0.0,0.0,0.0,0.0010851225815713406,-0.0009864328894764185,0.25538119673728943
3662,38,80,1.0,0.9923856854438782,0,0,0.0,0.0,0.0,0.000597093952819705,-0.0014253633562475443,0.30030563473701477
3663,38,81,1.0,0.9920367002487183,0,0,0.0,0.0,0.0,0.00047282688319683075,-0.0014147814363241196,0.30177000164985657
3664,38,82,1.0,0.991507887840271,0,0,0.0,0.0,0.5,0.0005921293050050735,-0.0005314035224728286,0.3366198241710663
3665,38,83,1.0,0.9986969232559204,0,0,0.0,0.0,0.5,-0.00045544991735368967,0.00045880360994488,0.5291270017623901
3666,38,84,1.0,0.9999700784683228,0,0,0.0,0.0,0.5,0.00012933067046105862,1.5132187400013208e-05,0.5503517985343933
3667,38,85,1.0,1.0031604766845703,0,0,0.0,0.0,0.5,0.0005968143232166767,-0.0002493184001650661,0.5474495887756348
3668,38,86,1.0,1.0002527236938477,0,0,0.0,0.0,0.5,0.0004984098486602306,-0.00026695095584727824,0.5496781468391418
3669,38,87,1.0,1.0000829696655273,0,0,0.0,0.0,0.5,-3.2329000532627106e-05,-6.095675053074956e-05,0.544061005115509
3670,38,88,1.0,0.9984831809997559,0,0,0.0,0.0,0.5,-5.4481904953718185e-05,-0.0007815614808350801,0.5439562201499939
3671,38,89,1.0,0.9992972612380981,0,0,0.0,0.0,0.5,9.248219430446625e-05,-0.00045048113679513335,0.5447816848754883
3672,38,90,1.0,0.9991226196289062,0,0,0.0,0.0,0.5,0.00034272833727300167,-0.0003769534232560545,0.5506961345672607
3673,38,91,1.0,1.0004334449768066,0,0,0.0,0.0,0.5,-4.892866127192974e-05,-0.000498055771458894,0.5478341579437256
3674,39,0,1.0,0.9888830780982971,0,0,0.0,0.0,0.0,-0.0006327700102701783,0.00016148638678714633,-0.0011897552758455276
3675,39,1,1.0,0.9924798607826233,0,0,0.0,0.0,0.0,-0.0007726470939815044,0.000417195085901767,-0.0023128469474613667
3676,39,2,1.0,0.9931407570838928,0,0,0.0,0.0,0.0,-0.0018095034174621105,2.071826020255685e-05,0.010480223223567009
3677,39,3,1.0,0.9929841160774231,0,0,0.0,0.0,0.0,-0.002437203424051404,0.00013295316603034735,0.010996492579579353
3678,39,4,1.0,0.9915356040000916,0,0,0.0,0.0,0.0,-0.00977211631834507,0.0023861322551965714,0.008232012391090393
3679,39,5,1.0,0.9914429783821106,0,0,0.0,0.0,0.0,-0.009879698976874352,0.0023480327799916267,0.00853785127401352
3680,39,6,1.0,0.992828905582428,0,0,0.0,0.0,0.0,0.019016828387975693,0.0016991159645840526,-0.040266141295433044
3681,39,7,1.0,0.9927690029144287,0,0,0.0,0.0,0.0,0.019105667248368263,0.001680155168287456,-0.04015635699033737
3682,39,8,1.0,0.9915266036987305,0,0,0.0,0.0,0.0,0.1154739260673523,-0.0017712776316329837,-0.02304995432496071
3683,39,9,1.0,0.9915119409561157,0,0,0.0,0.0,0.0,0.11550743877887726,-0.001771414652466774,-0.02302604727447033
3684,39,10,1.0,0.987461507320404,0,0,0.25,0.0,0.0,0.2304595708847046,-0.0016565368277952075,-0.0037811859510838985
3685,39,11,1.0,0.990168571472168,0,0,0.25,0.0,0.0,0.2625180780887604,-0.0008210812229663134,-0.0028798021376132965
3686,39,12,1.0,0.9916995167732239,0,0,0.25,0.0,0.0,0.27229440212249756,-3.802980063483119e-05,0.0009689927101135254
3687,39,13,1.0,0.9910748600959778,0,0,0.25,0.0,0.0,0.27402445673942566,0.0008669436210766435,0.0003129374235868454
3688,39,14,1.0,0.988399088382721,0,0,0.25,0.0,0.0,0.27807578444480896,0.0014383677626028657,-0.0011017229408025742
3689,39,15,1.0,0.99305260181427,0,0,0.25,0.0,0.0,0.27834659814834595,0.0023756632581353188,-0.0025274199433624744
3690,39,16,1.0,0.9946529269218445,0,0,0.25,0.0,0.0,0.2801862061023712,0.0016944088274613023,-0.005007509142160416
3691,39,17,1.0,0.9971767663955688,0,0,0.25,0.0,0.0,0.2818984389305115,0.002002652734518051,-0.0035548657178878784
3692,39,18,1.0,1.0043566226959229,0,0,0.25,0.0,0.0,0.2869226932525635,0.001171692623756826,-0.003298079129308462
3693,39,19,1.0,0.9976701736450195,0,0,0.25,0.0,0.0,0.2869744598865509,0.0010819041635841131,-0.002813164610415697
3694,39,20,1.0,0.9873321056365967,0,0,0.25,0.0,0.0,0.2758175730705261,0.0014445126289501786,-0.0023217187263071537
3695,39,21,1.0,0.9889418482780457,0,0,0.25,0.0,0.0,0.22750186920166016,0.003646413329988718,-0.0004964061081409454
3696,39,22,1.0,0.9957736134529114,0,0,0.25,0.0,0.0,0.10855286568403244,0.003078796435147524,0.007474791258573532
3697,39,23,1.0,1.0030133724212646,0,0,0.0,0.0,0.0,0.058073364198207855,0.00098902708850801,0.011499783024191856
3698,39,24,1.0,1.0067931413650513,0,0,0.0,0.0,0.0,0.00942459050565958,-0.00135405408218503,0.00734868086874485
3699,39,25,1.0,1.0091888904571533,0,0,0.0,0.0,0.0,0.002749805338680744,0.0007211291231215,0.006617272272706032
3700,39,26,1.0,1.0085822343826294,0,0,0.0,0.0,0.0,-0.0020312408450990915,0.06998233497142792,-0.0036731655709445477
3701,39,27,1.0,1.0088404417037964,0,0,0.0,0.0,0.0,-0.0026188986375927925,0.0702693983912468,-0.0034419894218444824
3702,39,28,1.0,1.0055874586105347,0,0,0.0,0.25,0.0,-0.0018235906027257442,0.17973168194293976,-0.004636488854885101
3703,39,29,1.0,0.9988712668418884,0,0,0.0,0.25,0.0,-0.0005440327804535627,0.2683524787425995,-0.00644166674464941
3704,39,30,1.0,0.9934253692626953,0,0,0.0,0.25,0.0,0.0007097036577761173,0.26804015040397644,-0.011870123445987701
3705,39,31,1.0,0.9905341267585754,0,0,0.0,0.25,0.0,0.0005582966841757298,0.26850995421409607,-0.009177971631288528
3706,39,32,1.0,0.9849517941474915,0,0,0.0,0.25,0.0,0.0002697897143661976,0.267304390668869,-0.013211456127464771
3707,39,33,1.0,0.9857299327850342,0,0,0.0,0.25,0.0,-0.0009649574058130383,0.2762281000614166,-0.004263137001544237
3708,39,34,1.0,0.9815706610679626,0,0,0.0,0.25,0.0,-0.00030527100898325443,0.2757595181465149,-0.0009791217744350433
3709,39,35,1.0,0.9852967858314514,0,0,0.0,0.25,0.0,-0.0007686907192692161,0.27502456307411194,-0.0003927759826183319
3710,39,36,1.0,0.9854074716567993,0,0,0.0,0.25,0.0,-0.002062372863292694,0.27241531014442444,0.0017422260716557503
3711,39,37,1.0,0.9874661564826965,0,0,0.0,0.25,0.0,-0.0015449963975697756,0.2624514102935791,-0.00463731586933136
3712,39,38,1.0,0.9984134435653687,0,0,0.0,0.25,0.0,0.0008622817695140839,0.06904065608978271,0.0022074012085795403
3713,39,39,1.0,1.002036213874817,0,0,0.0,0.0,0.0,-9.673810563981533e-05,0.019369477406144142,0.024081384763121605
3714,39,40,1.0,1.0045589208602905,0,0,0.0,0.0,0.0,0.0010214683134108782,0.004845429211854935,-0.0038924715481698513
3715,39,41,1.0,1.0049843788146973,0,0,0.0,0.0,0.0,0.0006602031644433737,0.0020289551466703415,-0.007401815615594387
3716,39,42,1.0,0.9983460307121277,0,0,0.0,0.0,0.0,-0.0003091319231316447,0.0026835636235773563,-0.04545009881258011
3717,39,43,1.0,0.9982760548591614,0,0,0.0,0.0,0.0,-0.00031980988569557667,0.0023451875895261765,-0.045983992516994476
3718,39,44,1.0,0.9937237501144409,0,0,0.0,0.0,0.0,-0.0003187676193192601,0.0033346926793456078,-0.05432242155075073
3719,39,45,1.0,0.9937000274658203,0,0,0.0,0.0,0.0,-0.00031759904231876135,0.0032864324748516083,-0.0544898584485054
3720,39,46,1.0,0.9939356446266174,0,0,0.0,0.0,0.0,-0.0006806687451899052,0.0028686108998954296,-0.060270264744758606
3721,39,47,1.0,0.9939329624176025,0,0,0.0,0.0,0.0,-0.0006809158949181437,0.002853537444025278,-0.060304708778858185
3722,39,48,1.0,1.0029523372650146,0,0,0.0,0.0,-0.5,0.00037484709173440933,0.000925782835111022,-0.1608334332704544
3723,39,49,1.0,0.9941964149475098,0,0,0.0,0.0,-0.5,0.0011387655977159739,0.00043863686732947826,-0.5397670865058899
3724,39,50,1.0,0.9974551796913147,0,0,0.0,0.0,-0.5,0.0007660421542823315,0.0009046359919011593,-0.5336906909942627
3725,39,51,1.0,1.0005155801773071,0,0,0.0,0.0,-0.5,0.0013167597353458405,0.0014264179626479745,-0.5383114218711853
3726,39,52,1.0,1.0037728548049927,0,0,0.0,0.0,-0.5,0.0012803664430975914,0.0014136215904727578,-0.5466893911361694
3727,39,53,1.0,1.0052268505096436,0,0,0.0,0.0,-0.5,0.002178987953811884,0.0014468136942014098,-0.5510870814323425
3728,39,54,1.0,1.0096324682235718,0,0,0.0,0.0,-0.5,0.0016494449228048325,0.0013734451495110989,-0.5710881352424622
3729,39,55,1.0,1.0100346803665161,0,0,0.0,0.0,-0.5,0.0018161111511290073,0.0008381519000977278,-0.5775001049041748
3730,39,56,1.0,1.0111011266708374,0,0,0.0,0.0,-0.5,0.0024412013590335846,0.0009756283834576607,-0.5750738978385925
3731,39,57,1.0,1.0092580318450928,0,0,0.0,0.0,-0.5,0.002749253995716572,0.0012814890360459685,-0.5654292702674866
3732,39,58,1.0,0.9982329607009888,0,0,0.0,0.0,-0.5,0.003073610831052065,0.0015222466317936778,-0.46670982241630554
3733,39,59,1.0,0.9980948567390442,0,0,0.0,0.0,0.0,0.0030915583483874798,0.001531636924482882,-0.45894482731819153
3734,39,60,1.0,1.6876963376998901,0,1,0.0,0.0,0.0,0.0016356452833861113,-0.0006693577743135393,0.004819141700863838
3735,39,61,1.0,1.6895473003387451,0,1,0.0,0.0,0.0,0.001634164247661829,-0.0006584825459867716,0.004928817041218281
3736,39,62,1.0,2.0282812118530273,0,1,0.0,0.0,0.0,0.001640211557969451,-0.0017637013224884868,-0.015424294397234917
3737,39,63,1.0,2.0282931327819824,0,1,0.0,0.0,0.0,0.0016368695069104433,-0.0017573171062394977,-0.01542369183152914
3738,39,64,1.0,2.034362316131592,0,1,0.0,0.0,0.0,0.0016543017700314522,-0.0016017485177144408,-0.015661468729376793
3739,39,65,2.0,2.0343546867370605,1,1,0.0,0.0,0.0,0.0016509443521499634,-0.0015970309032127261,-0.015661193057894707
3740,39,66,2.0,2.043466329574585,1,1,0.0,0.0,0.0,6.939913146197796e-05,-0.0017475264612585306,-0.0029339795000851154
3741,39,67,2.0,2.0475831031799316,1,1,0.0,0.0,0.0,0.0004908882547169924,-0.0015373069327324629,0.0020708655938506126
3742,39,68,2.0,2.0523810386657715,1,1,0.0,0.0,0.0,-0.00012156344018876553,-0.0019430426182225347,0.0014103548601269722
3743,39,69,2.0,2.0533719062805176,1,1,0.0,0.0,0.0,-0.0002567360643297434,-0.0023819617927074432,0.0016668615862727165
3744,39,70,2.0,2.0540335178375244,1,1,0.0,0.0,0.0,-0.0005433631595224142,-0.0023891436867415905,0.00128856860101223
3745,39,71,2.0,2.0536773204803467,1,1,0.0,0.0,0.0,-0.0008804104290902615,-0.0026523685082793236,0.0003720000386238098
3746,39,72,2.0,1.0095798969268799,1,0,0.0,0.0,0.0,9.488081559538841e-05,-0.0008433925686404109,0.17117860913276672
3747,39,73,2.0,0.9940353035926819,1,0,0.0,0.0,0.0,-0.0003529549576342106,0.00019802787574008107,0.33664900064468384
3748,39,74,1.0,0.9958952069282532,0,0,0.0,0.0,0.0,-0.0005593061214312911,-7.743173046037555e-05,0.3304116129875183
3749,39,75,1.0,0.9959126114845276,0,0,0.0,0.0,0.0,-0.0005698638269677758,-3.708380972966552e-05,0.33050650358200073
3750,39,76,1.0,0.9919033050537109,0,0,0.0,0.0,0.0,1.6484176740050316e-05,0.0005574519746005535,0.29201406240463257
3751,39,77,1.0,0.991939127445221,0,0,0.0,0.0,0.0,2.331659197807312e-05,0.0005874399794265628,0.2922222912311554
3752,39,78,1.0,0.9911579489707947,0,0,0.0,0.0,0.0,-0.00010149157606065273,-0.0003692865720950067,0.2928793728351593
3753,39,79,1.0,0.9912078976631165,0,0,0.0,0.0,0.0,-0.0001116341445595026,-0.0003383031580597162,0.2915690243244171
3754,39,80,1.0,0.9913588762283325,0,0,0.0,0.0,0.0,-0.00015396159142255783,0.00030516780680045485,0.33856818079948425
3755,39,81,1.0,0.9913430213928223,0,0,0.0,0.0,0.5,-0.00020365742966532707,0.00031194742769002914,0.34218963980674744
3756,39,82,1.0,1.0003700256347656,0,0,0.0,0.0,0.5,-0.0010208705207332969,0.0006564154755324125,0.539230465888977
3757,39,83,1.0,1.0001863241195679,0,0,0.0,0.0,0.5,0.00023946654982864857,0.0005788082489743829,0.53950035572052
3758,39,84,1.0,1.0012024641036987,0,0,0.0,0.0,0.5,-0.0006399312987923622,0.00011284206993877888,0.548176646232605
3759,39,85,1.0,1.0002384185791016,0,0,0.0,0.0,0.5,-0.00024024723097682,0.00011323858052492142,0.5489197373390198
3760,39,86,1.0,1.0006457567214966,0,0,0.0,0.0,0.5,-4.731141962110996e-05,-0.0001391206169500947,0.5472802519798279
3761,39,87,1.0,0.9999879002571106,0,0,0.0,0.0,0.5,-0.0002847258001565933,-0.0003284412669017911,0.5449007749557495
3762,39,88,1.0,1.0023573637008667,0,0,0.0,0.0,0.5,0.0007207377348095179,0.00028147216653451324,0.5394992828369141
3763,39,89,1.0,1.0020133256912231,0,0,0.0,0.0,0.5,0.0003781602717936039,-0.0006534947897307575,0.5426139831542969
3764,39,90,1.0,1.0024348497390747,0,0,0.0,0.0,0.5,0.0007053702138364315,-0.0005435164202935994,0.5394144058227539
