dataset_index,episode_index,frame_index,target_gripper,predicted_gripper,target_is_close,predicted_is_close,target_delta_x,target_delta_y,target_delta_z,predicted_delta_x,predicted_delta_y,predicted_delta_z
0,0,0,1.0,0.988257646560669,0,0,0.0,0.0,0.0,0.0,-0.006588747259229422,-0.013012958690524101
1,0,1,1.0,0.990400493144989,0,0,0.0,0.0,0.0,0.0,-0.008409705944359303,-0.018376082181930542
2,0,2,1.0,0.9915573000907898,0,0,0.0,0.0,0.0,0.0,-0.00796163734048605,-0.018102174624800682
3,0,3,1.0,0.9910265207290649,0,0,0.0,0.0,0.0,0.0,-0.007407619152218103,-0.01704450696706772
4,0,4,1.0,0.9909417033195496,0,0,0.0,0.0,0.0,0.0,-0.006930600386112928,-0.014608271420001984
5,0,5,1.0,0.9909014701843262,0,0,0.0,0.0,0.0,0.0,-0.006809121463447809,-0.014116441830992699
6,0,6,1.0,0.9909226894378662,0,0,0.0,0.0,0.0,0.0,-0.007169654592871666,-0.01514589972794056
7,0,7,1.0,0.9909380078315735,0,0,0.0,0.0,0.0,0.0,-0.007147676777094603,-0.014985920861363411
8,0,8,1.0,0.9916292428970337,0,0,0.0,0.0,0.0,0.0,-0.007472355384379625,-0.01503169909119606
9,0,9,1.0,0.9916349649429321,0,0,0.0,0.0,0.0,0.0,-0.007467632181942463,-0.014986397698521614
10,0,10,1.0,0.9915094375610352,0,0,0.0,0.0,0.0,0.0,-0.00740195345133543,-0.015658976510167122
11,0,11,1.0,0.9915110468864441,0,0,0.0,0.0,0.0,0.0,-0.007400962058454752,-0.015646567568182945
12,0,12,1.0,0.99151211977005,0,0,0.0,0.0,0.0,0.0,-0.007400470785796642,-0.01564023829996586
13,0,13,1.0,0.991512656211853,0,0,0.0,0.0,0.0,0.0,-0.007400219794362783,-0.01563701219856739
14,0,14,1.0,0.9915128350257874,0,0,0.0,0.0,0.0,0.0,-0.007400112226605415,-0.015635335817933083
15,0,15,1.0,0.9915130138397217,0,0,0.0,0.0,0.0,0.0,-0.00740003352984786,-0.015634413808584213
16,0,16,1.0,0.9915130734443665,0,0,0.0,0.0,0.0,0.0,-0.007400030270218849,-0.01563401147723198
17,0,17,1.0,0.9915131330490112,0,0,0.0,0.0,0.0,0.0,-0.007399993948638439,-0.01563386619091034
18,0,18,1.0,0.991513192653656,0,0,0.0,0.0,0.0,0.0,-0.007399962283670902,-0.015633754432201385
19,0,19,1.0,0.991513192653656,0,0,0.0,0.0,0.0,0.0,-0.007399941794574261,-0.015633659437298775
20,0,20,1.0,0.9915132522583008,0,0,0.0,0.0,0.0,0.0,-0.007399954367429018,-0.015633614733815193
21,0,21,1.0,0.991513192653656,0,0,0.0,-0.25,0.0,0.0,-0.007399954367429018,-0.015633543953299522
22,0,22,1.0,0.9993454813957214,0,0,0.0,-0.25,0.0,0.0,-0.05303254351019859,-0.017408963292837143
23,0,23,1.0,0.9982678890228271,0,0,0.0,-0.25,0.0,0.0,-0.061108753085136414,-0.01879863254725933
24,0,24,1.0,0.9984572529792786,0,0,0.0,-0.25,0.0,0.0,-0.06363904476165771,-0.019285595044493675
25,0,25,1.0,0.9983170628547668,0,0,0.0,-0.25,0.0,0.0,-0.06456968933343887,-0.01808079518377781
26,0,26,1.0,0.9981734752655029,0,0,0.0,-0.25,0.0,0.0,-0.06371723115444183,-0.01594552770256996
27,0,27,1.0,0.994788646697998,0,0,0.0,-0.25,0.0,0.0,-0.06447063386440277,-0.019358139485120773
28,0,28,1.0,0.9976099729537964,0,0,0.0,-0.25,0.0,0.0,-0.06270098686218262,-0.01667102798819542
29,0,29,1.0,0.997056245803833,0,0,0.0,-0.25,0.0,0.0,-0.062449194490909576,-0.01765582337975502
30,0,30,1.0,0.992992103099823,0,0,0.0,-0.25,0.0,0.0,-0.05498646944761276,-0.016429128125309944
31,0,31,1.0,0.9937754273414612,0,0,0.0,-0.25,0.0,0.0,-0.056891363114118576,-0.016227543354034424
32,0,32,1.0,0.9894124269485474,0,0,0.0,-0.25,0.0,0.0,-0.04740680009126663,-0.018007967621088028
33,0,33,1.0,0.9883703589439392,0,0,0.0,-0.25,0.0,0.0,-0.046273838728666306,-0.016906756907701492
34,0,34,1.0,0.9897897839546204,0,0,0.0,-0.25,0.0,0.0,-0.04183701053261757,-0.015970170497894287
35,0,35,1.0,0.9871407747268677,0,0,0.0,-0.25,0.0,0.0,-0.03655129671096802,-0.013117508962750435
36,0,36,1.0,0.9860625267028809,0,0,0.0,-0.25,0.0,0.0,-0.03446401283144951,-0.01380721665918827
37,0,37,1.0,0.9854021072387695,0,0,0.0,-0.25,0.0,0.0,-0.034376829862594604,-0.013930818066000938
38,0,38,1.0,0.9859572052955627,0,0,0.0,0.0,0.0,0.0,-0.03233127295970917,-0.023653656244277954
39,0,39,1.0,0.982718825340271,0,0,0.0,0.0,0.0,0.0,-0.013809417374432087,-0.01183728314936161
40,0,40,1.0,0.9840887784957886,0,0,0.0,0.0,0.0,0.0,-0.006014167331159115,-0.010971209034323692
41,0,41,1.0,0.983453094959259,0,0,0.0,0.0,0.0,0.0,-0.0023171675857156515,-0.010605921968817711
42,0,42,1.0,0.9831806421279907,0,0,0.0,0.0,0.0,0.0,-0.0006557093583978713,-0.012124063447117805
43,0,43,1.0,0.983196496963501,0,0,0.0,0.0,0.0,0.0,-0.00016275729285553098,-0.01207767240703106
44,0,44,1.0,0.983323335647583,0,0,0.0,0.0,0.0,0.0,-0.0005330397980287671,-0.01305692084133625
45,0,45,1.0,0.9833192229270935,0,0,0.0,0.0,0.0,0.0,-0.0004399591125547886,-0.013023652136325836
46,0,46,1.0,0.983177900314331,0,0,0.0,0.0,0.0,0.0,-0.00010161516547668725,-0.014574863016605377
47,0,47,1.0,0.9831786155700684,0,0,0.0,0.25,0.0,0.0,-7.816735160304233e-05,-0.014565849676728249
48,0,48,1.0,0.9843913316726685,0,0,0.0,0.0,0.0,0.0,0.026337483897805214,-0.009070003405213356
49,0,49,1.0,0.981041431427002,0,0,0.0,0.0,0.0,0.0,0.01260017417371273,-0.010057389736175537
50,0,50,1.0,0.9822536706924438,0,0,0.0,0.0,0.0,0.0,0.004342934116721153,-0.017350832000374794
51,0,51,1.0,0.9814868569374084,0,0,0.0,0.0,0.0,0.0,0.0014174476964399219,-0.016760438680648804
52,0,52,1.0,0.9823909401893616,0,0,0.0,0.0,0.0,0.0,0.0003812828508671373,-0.021038664504885674
53,0,53,1.0,0.9823611378669739,0,0,0.0,0.0,0.0,0.0,3.244746767450124e-05,-0.020971117541193962
54,0,54,1.0,0.9826784133911133,0,0,0.0,0.0,0.0,0.0,0.00031446866341866553,-0.021350180730223656
55,0,55,1.0,0.9826699495315552,0,0,0.0,0.0,0.0,0.0,0.00025496879243291914,-0.021350927650928497
56,0,56,1.0,0.9828370809555054,0,0,0.0,0.0,0.0,0.0,-0.00015325909771490842,-0.02194187045097351
57,0,57,1.0,0.9828379154205322,0,0,0.0,0.0,0.0,0.0,-0.0001670508208917454,-0.02194736897945404
58,0,58,1.0,0.9813783168792725,0,0,0.0,0.0,-0.5,0.0,0.00015562705812044442,-0.026287110522389412
59,0,59,1.0,1.0169496536254883,0,0,0.0,0.0,-0.5,0.0,-0.003761161584407091,-0.5103784203529358
60,0,60,1.0,1.0330300331115723,0,0,0.0,0.0,-0.5,0.0,-0.0060079703107476234,-0.5517644286155701
61,0,61,1.0,1.030817985534668,0,0,0.0,0.0,-0.5,0.0,-0.0044965292327106,-0.5461885333061218
62,0,62,1.0,1.0016155242919922,0,0,0.0,0.0,-0.5,0.0,-0.006058832630515099,-0.5034322738647461
63,0,63,1.0,0.9947955012321472,0,0,0.0,0.0,-0.5,0.0,-0.005478024482727051,-0.467929869890213
64,0,64,1.0,0.9616086483001709,0,0,0.0,0.0,-0.5,0.0,-0.002002094639465213,-0.38137000799179077
65,0,65,1.0,0.9300088882446289,0,0,0.0,0.0,-0.5,0.0,-0.0012566248187795281,-0.23285271227359772
66,0,66,1.0,0.9315374493598938,0,0,0.0,0.0,-0.5,0.0,-0.000684429716784507,-0.05684206634759903
67,0,67,1.0,0.934609591960907,0,0,0.0,0.0,-0.5,0.0,0.0001621076080482453,-0.050502195954322815
68,0,68,1.0,0.9649652242660522,0,0,0.0,0.0,-0.5,0.0,-0.0019433115376159549,0.014362592250108719
69,0,69,1.0,0.9654444456100464,0,0,0.0,0.0,0.0,0.0,-0.001981132198125124,0.015152635052800179
70,0,70,1.0,0.9848124980926514,0,0,0.0,0.0,0.0,0.0,-0.002474052831530571,0.024542558938264847
71,0,71,1.0,0.984908938407898,0,0,0.0,0.0,0.0,0.0,-0.002471344545483589,0.02461378090083599
72,0,72,1.0,0.9885841608047485,0,0,0.0,0.0,0.0,0.0,-0.002433432498946786,0.025003572925925255
73,0,73,2.0,0.9886412620544434,1,0,0.0,0.0,0.0,0.0,-0.0024290047585964203,0.02504107542335987
74,0,74,2.0,1.9473068714141846,1,1,0.0,0.0,0.0,0.0,0.0003232710587326437,-0.006881508976221085
75,0,75,2.0,2.0023512840270996,1,1,0.0,0.0,0.0,0.0,-0.00016405351925641298,-0.004318960942327976
76,0,76,2.0,2.03948974609375,1,1,0.0,0.0,0.0,0.0,0.0006295312196016312,-0.009169796481728554
77,0,77,2.0,2.0511538982391357,1,1,0.0,0.0,0.0,0.0,0.00215323967859149,-0.011470338329672813
78,0,78,2.0,2.0705995559692383,1,1,0.0,0.0,0.0,0.0,0.0022882225457578897,-0.010283688083291054
79,0,79,2.0,2.0537846088409424,1,1,0.0,0.0,0.0,0.0,0.000723820470739156,-0.0031010485254228115
80,0,80,2.0,1.741612195968628,1,1,0.0,0.0,0.0,0.0,0.00533426646143198,0.010506486520171165
81,0,81,2.0,1.7475340366363525,1,1,0.0,0.0,0.0,0.0,0.004172162152826786,0.018244992941617966
82,0,82,2.0,1.5019049644470215,1,1,0.0,0.0,0.0,0.0,0.002301085740327835,0.0056789652444422245
83,0,83,2.0,1.4412291049957275,1,0,0.0,0.0,0.0,0.0,0.001626842888072133,-0.0022679565008729696
84,0,84,1.0,1.1833264827728271,0,0,0.0,0.0,0.0,0.0,-0.0014215202536433935,-0.01894490048289299
85,0,85,1.0,1.1497925519943237,0,0,0.0,0.0,0.0,0.0,-0.001572837121784687,-0.021658197045326233
86,0,86,1.0,1.0268943309783936,0,0,0.0,0.0,0.0,0.0,-0.0032972742337733507,0.008344892412424088
87,0,87,1.0,1.0202600955963135,0,0,0.0,0.0,0.0,0.0,-0.00330362212844193,0.013578929007053375
88,0,88,1.0,0.990987241268158,0,0,0.0,0.0,0.0,0.0,-0.003990160301327705,0.13335537910461426
89,0,89,1.0,0.9896939396858215,0,0,0.0,0.0,0.0,0.0,-0.004671682603657246,0.12503965198993683
90,0,90,1.0,0.9910933971405029,0,0,0.0,0.0,0.0,0.0,-0.0037199356593191624,0.2284511923789978
91,0,91,1.0,0.9934068918228149,0,0,0.0,0.0,0.5,0.0,-0.003622151678428054,0.22204573452472687
92,0,92,1.0,0.9894474744796753,0,0,0.0,0.0,0.5,0.0,-0.001640518312342465,0.45618006587028503
93,0,93,1.0,0.9958925843238831,0,0,0.0,0.0,0.5,0.0,-0.000611250230576843,0.5428491830825806
94,0,94,1.0,0.9958482980728149,0,0,0.0,0.0,0.5,0.0,-0.0002201680326834321,0.546575129032135
95,0,95,1.0,0.9938811659812927,0,0,0.0,0.0,0.5,0.0,0.00025932706193998456,0.5474266409873962
96,0,96,1.0,0.9904975891113281,0,0,0.0,0.0,0.5,0.0,-0.0008098168764263391,0.5492031574249268
97,0,97,1.0,0.9887147545814514,0,0,0.0,0.0,0.5,0.0,-3.9045549783622846e-05,0.5505313277244568
98,0,98,1.0,0.9882183074951172,0,0,0.0,0.0,0.5,0.0,-0.0006069488008506596,0.5538086295127869
99,0,99,1.0,0.9860368371009827,0,0,0.0,0.0,0.5,0.0,-0.00014735649165231735,0.5532575249671936
100,0,100,1.0,0.9860113859176636,0,0,0.0,0.0,0.5,0.0,-0.00046550712431780994,0.5531015396118164
101,0,101,1.0,0.9855902194976807,0,0,0.0,0.0,0.5,0.0,-0.0003796412784140557,0.5545781254768372
102,1,0,1.0,0.9842694997787476,0,0,0.0,0.0,0.0,0.0,0.009994706138968468,-0.003571478184312582
103,1,1,1.0,0.9869561791419983,0,0,0.0,0.0,0.0,0.0,0.007908140309154987,-0.0136488638818264
104,1,2,1.0,0.9867695569992065,0,0,0.0,0.0,0.0,0.0,0.008114012889564037,-0.011274227872490883
105,1,3,1.0,0.9859750270843506,0,0,0.0,0.0,0.0,0.0,0.008847781457006931,-0.009673843160271645
106,1,4,1.0,0.9862449765205383,0,0,0.0,0.0,0.0,0.0,0.009075291454792023,-0.011018486693501472
107,1,5,1.0,0.9861899018287659,0,0,0.0,0.0,0.0,0.0,0.009231576696038246,-0.010307086631655693
108,1,6,1.0,0.9872366189956665,0,0,0.0,0.0,0.0,0.0,0.010331633500754833,-0.010692885145545006
109,1,7,1.0,0.9872531890869141,0,0,0.0,0.0,0.0,0.0,0.010358666069805622,-0.01045762374997139
110,1,8,1.0,0.9872384071350098,0,0,0.0,0.0,0.0,0.0,0.01045641116797924,-0.00910179503262043
111,1,9,1.0,0.9872442483901978,0,0,0.0,0.0,0.0,0.0,0.010460942052304745,-0.009037533774971962
112,1,10,1.0,0.9857541918754578,0,0,0.0,0.25,0.0,0.0,0.010822615586221218,-0.010022617876529694
113,1,11,1.0,0.9893605709075928,0,0,0.0,0.25,0.0,0.0,0.08426660299301147,-0.0007603801786899567
114,1,12,1.0,0.9971727132797241,0,0,0.0,0.25,0.0,0.0,0.09813837707042694,-0.010078009217977524
115,1,13,1.0,0.9971926212310791,0,0,0.0,0.25,0.0,0.0,0.10052888095378876,-0.01303146779537201
116,1,14,1.0,0.9916660785675049,0,0,0.0,0.25,0.0,0.0,0.10096191614866257,-0.010282833129167557
117,1,15,1.0,0.9961441159248352,0,0,0.0,0.25,0.0,0.0,0.10257447510957718,-0.0115633774548769
118,1,16,1.0,0.9867528080940247,0,0,0.0,0.25,0.0,0.0,0.09863705188035965,-0.009121304377913475
119,1,17,1.0,0.9801244139671326,0,0,0.0,0.25,0.0,0.0,0.09467840194702148,-0.010499466210603714
120,1,18,1.0,0.9760075807571411,0,0,0.0,0.25,0.0,0.0,0.08984969556331635,-0.013388210907578468
121,1,19,1.0,0.9764076471328735,0,0,0.0,0.25,0.0,0.0,0.0851428434252739,-0.017717542126774788
122,1,20,1.0,0.9729986190795898,0,0,0.0,0.25,0.0,0.0,0.07715272158384323,-0.013971686363220215
123,1,21,1.0,0.9716510772705078,0,0,0.0,0.25,0.0,0.0,0.07469213753938675,-0.01498168334364891
124,1,22,1.0,0.9752591252326965,0,0,0.0,0.25,0.0,0.0,0.07069109380245209,-0.013288848102092743
125,1,23,1.0,0.9716696739196777,0,0,0.0,0.25,0.0,0.0,0.06570365279912949,-0.014684055000543594
126,1,24,1.0,0.971855103969574,0,0,0.0,0.25,0.0,0.0,0.058438029140233994,-0.010437041521072388
127,1,25,1.0,0.9678189158439636,0,0,0.0,0.25,0.0,0.0,0.055089324712753296,-0.01075364276766777
128,1,26,1.0,0.9677914977073669,0,0,0.0,0.25,0.0,0.0,0.0516187809407711,-0.015500852838158607
129,1,27,1.0,0.9677519798278809,0,0,0.0,0.25,0.0,0.0,0.05163457989692688,-0.020616667345166206
130,1,28,1.0,0.9677155017852783,0,0,0.0,0.0,0.0,0.0,0.04681279510259628,-0.018323464319109917
131,1,29,1.0,0.9726662635803223,0,0,0.0,0.0,0.0,0.0,0.020450081676244736,-0.019815906882286072
132,1,30,1.0,0.9790237545967102,0,0,0.0,0.0,0.0,0.0,0.0044480739161372185,-0.018544161692261696
133,1,31,1.0,0.9807734489440918,0,0,0.0,0.0,0.0,0.0,-0.0002042587730102241,-0.018569685518741608
134,1,32,1.0,0.9823123812675476,0,0,0.0,0.0,0.0,0.0,-0.0011228196090087295,-0.01739155687391758
135,1,33,1.0,0.982458233833313,0,0,0.0,-0.25,0.0,0.0,-0.0015851501375436783,-0.017635030671954155
136,1,34,1.0,0.9895469546318054,0,0,0.0,0.0,0.0,0.0,-0.024397486820816994,-0.01984608918428421
137,1,35,1.0,0.9867188930511475,0,0,0.0,0.0,0.0,0.0,-0.012905998155474663,-0.023535706102848053
138,1,36,1.0,0.9845801591873169,0,0,0.0,0.0,0.0,0.0,-0.006066095549613237,-0.020689236000180244
139,1,37,1.0,0.9839447736740112,0,0,0.0,0.0,0.0,0.0,-0.003258952172473073,-0.02034691907465458
140,1,38,1.0,0.9850722551345825,0,0,0.0,0.0,0.0,0.0,-0.0022873119451105595,-0.019865168258547783
141,1,39,1.0,0.9849613308906555,0,0,0.0,0.0,0.0,0.0,-0.001978642074391246,-0.01973354071378708
142,1,40,1.0,0.9838356375694275,0,0,0.0,0.0,0.0,0.0,-0.0014260211028158665,-0.020420635119080544
143,1,41,1.0,0.9838200807571411,0,0,0.0,-0.25,0.0,0.0,-0.0013762973248958588,-0.02037631720304489
144,1,42,1.0,0.9903083443641663,0,0,0.0,0.0,0.0,0.0,-0.024689361453056335,-0.01891041174530983
145,1,43,1.0,0.9864300489425659,0,0,0.0,0.0,0.0,0.0,-0.012971542775630951,-0.023418419063091278
146,1,44,1.0,0.9828643798828125,0,0,0.0,0.0,0.0,0.0,-0.0057482593692839146,-0.026894425973296165
147,1,45,1.0,0.9818745851516724,0,0,0.0,0.0,0.0,0.0,-0.002726791426539421,-0.026264389976859093
148,1,46,1.0,0.9831628799438477,0,0,0.0,0.0,0.0,0.0,-0.002055960241705179,-0.027272440493106842
149,1,47,1.0,0.9830377101898193,0,0,0.0,0.0,0.0,0.0,-0.001670782221481204,-0.02705463208258152
150,1,48,1.0,0.9829014539718628,0,0,0.0,0.0,0.0,0.0,-0.001983281457796693,-0.032643575221300125
151,1,49,1.0,0.9828732013702393,0,0,0.0,0.0,-0.5,0.0,-0.0019092048751190305,-0.03258545324206352
152,1,50,1.0,1.01716947555542,0,0,0.0,0.0,-0.5,0.0,-0.002510455437004566,-0.5266026258468628
153,1,51,1.0,1.036668062210083,0,0,0.0,0.0,-0.5,0.0,-0.0051661585457623005,-0.5515704154968262
154,1,52,1.0,1.031988263130188,0,0,0.0,0.0,-0.5,0.0,-0.0031051982659846544,-0.5511651635169983
155,1,53,1.0,1.023881196975708,0,0,0.0,0.0,-0.5,0.0,-0.00631672004237771,-0.53371262550354
156,1,54,1.0,1.0184317827224731,0,0,0.0,0.0,-0.5,0.0,-0.00437356811016798,-0.504264771938324
157,1,55,1.0,0.97501540184021,0,0,0.0,0.0,-0.5,0.0,-0.004233308602124453,-0.4472346305847168
158,1,56,1.0,0.9213055372238159,0,0,0.0,0.0,-0.5,0.0,-0.0015690134605392814,-0.2262556552886963
159,1,57,1.0,0.9229293465614319,0,0,0.0,0.0,-0.5,0.0,-0.0005818398203700781,-0.10729587823152542
160,1,58,1.0,0.9362155199050903,0,0,0.0,0.0,-0.5,0.0,-0.0018945778720080853,-0.011795168742537498
161,1,59,1.0,0.9367278218269348,0,0,0.0,0.0,0.0,0.0,-0.0017636418342590332,-0.01096263900399208
162,1,60,1.0,0.9637711048126221,0,0,0.0,0.0,0.0,0.0,-0.0016654353821650147,0.020888585597276688
163,1,61,1.0,0.9638084769248962,0,0,0.0,0.0,0.0,0.0,-0.001649538753554225,0.02098362147808075
164,1,62,1.0,0.9667139053344727,0,0,0.0,0.0,0.0,0.0,-0.0015788637101650238,0.0211301539093256
165,1,63,1.0,0.9666779637336731,0,0,0.0,0.0,0.0,0.0,-0.0015771836042404175,0.021088389679789543
166,1,64,2.0,0.9824135303497314,1,0,0.0,0.0,0.0,0.0,-0.0017401007935404778,0.024705998599529266
167,1,65,2.0,1.9981193542480469,1,1,0.0,0.0,0.0,0.0,0.001413977355696261,-0.0005504597211256623
168,1,66,2.0,2.021498680114746,1,1,0.0,0.0,0.0,0.0,0.0015925609041005373,-0.0065097264014184475
169,1,67,2.0,2.0552749633789062,1,1,0.0,0.0,0.0,0.0,0.0024181960616260767,-0.013406602665781975
170,1,68,2.0,2.0650081634521484,1,1,0.0,0.0,0.0,0.0,0.0035733256954699755,-0.013478737324476242
171,1,69,2.0,2.0607550144195557,1,1,0.0,0.0,0.0,0.0,0.004538686480373144,-0.006322087254375219
172,1,70,2.0,1.8122899532318115,1,1,0.0,0.0,0.0,0.0,0.006769999396055937,0.014310583472251892
173,1,71,2.0,1.7203197479248047,1,1,0.0,0.0,0.0,0.0,0.006306299939751625,0.011082815006375313
174,1,72,2.0,1.4151145219802856,1,0,0.0,0.0,0.0,0.0,0.0034692473709583282,-0.0026409842539578676
175,1,73,2.0,1.4101682901382446,1,0,0.0,0.0,0.0,0.0,0.0034423295874148607,-0.003679304150864482
176,1,74,2.0,1.1964285373687744,1,0,0.0,0.0,0.0,0.0,-0.00042669876711443067,-0.021367276087403297
177,1,75,1.0,1.1848632097244263,0,0,0.0,0.0,0.0,0.0,-4.602273111231625e-05,-0.02524925395846367
178,1,76,1.0,1.0217952728271484,0,0,0.0,0.0,0.0,0.0,-0.001771958894096315,-0.022035805508494377
179,1,77,1.0,1.0270413160324097,0,0,0.0,0.0,0.0,0.0,-0.0016905507072806358,-0.022961556911468506
180,1,78,1.0,0.9874963164329529,0,0,0.0,0.0,0.0,0.0,-0.002771541941910982,0.003744174260646105
181,1,79,1.0,0.9847797155380249,0,0,0.0,0.0,0.0,0.0,-0.0028530131094157696,0.01142248883843422
182,1,80,1.0,0.9713861346244812,0,0,0.0,0.0,0.0,0.0,-0.003359583206474781,0.09479588270187378
183,1,81,1.0,0.9717842936515808,0,0,0.0,0.0,0.0,0.0,-0.0033741218503564596,0.09245035797357559
184,1,82,1.0,0.9800882339477539,0,0,0.0,0.0,0.0,0.0,-0.002867357572540641,0.2196911871433258
185,1,83,1.0,0.9807053208351135,0,0,0.0,0.0,0.0,0.0,-0.0029433320742100477,0.22883783280849457
186,1,84,1.0,0.9831628799438477,0,0,0.0,0.0,0.5,0.0,-0.0030622268095612526,0.2815040946006775
187,1,85,1.0,0.9941672086715698,0,0,0.0,0.0,0.5,0.0,-0.0016973818419501185,0.5011022090911865
188,1,86,1.0,0.9905312061309814,0,0,0.0,0.0,0.5,0.0,-0.0016075115418061614,0.5416972041130066
189,1,87,1.0,0.9891703724861145,0,0,0.0,0.0,0.5,0.0,-0.0002764355158433318,0.540322482585907
190,1,88,1.0,0.9900559782981873,0,0,0.0,0.0,0.5,0.0,0.0002881832479033619,0.5469202399253845
191,1,89,1.0,0.9910489916801453,0,0,0.0,0.0,0.5,0.0,-0.00047112550237216055,0.5496386885643005
192,1,90,1.0,0.9882367253303528,0,0,0.0,0.0,0.5,0.0,9.219525963999331e-05,0.5454517006874084
193,1,91,1.0,0.9857926368713379,0,0,0.0,0.0,0.5,0.0,-0.00023475087073165923,0.5498276352882385
194,1,92,1.0,0.9840742349624634,0,0,0.0,0.0,0.5,0.0,-0.0003019929863512516,0.5524021983146667
195,1,93,1.0,0.9834555387496948,0,0,0.0,0.0,0.5,0.0,-0.0009002225706353784,0.5518432855606079
196,1,94,1.0,0.9851732850074768,0,0,0.0,0.0,0.5,0.0,-0.0010306027252227068,0.5531976222991943
197,2,0,1.0,0.9842694997787476,0,0,0.0,0.0,0.0,0.0,0.009994684718549252,-0.003571457229554653
198,2,1,1.0,0.9869561791419983,0,0,0.0,0.0,0.0,0.0,0.007908147759735584,-0.013648809865117073
199,2,2,1.0,0.9867694973945618,0,0,0.0,0.0,0.0,0.0,0.008114012889564037,-0.011274199932813644
200,2,3,1.0,0.9859750270843506,0,0,0.0,0.0,0.0,0.0,0.008847794495522976,-0.009673857130110264
201,2,4,1.0,0.9862450361251831,0,0,0.0,0.0,0.0,0.0,0.009075311943888664,-0.011018481105566025
202,2,5,1.0,0.9861899614334106,0,0,0.0,0.0,0.0,0.0,0.00923157949000597,-0.01030709594488144
203,2,6,1.0,0.9872365593910217,0,0,0.0,0.0,0.0,0.0,0.010331619530916214,-0.010692862793803215
204,2,7,1.0,0.9872531890869141,0,0,0.0,0.0,0.0,0.0,0.010358667932450771,-0.010457651689648628
205,2,8,1.0,0.987238347530365,0,0,0.0,0.0,0.0,0.0,0.010456421412527561,-0.009101804345846176
206,2,9,1.0,0.9872442483901978,0,0,0.0,0.0,0.0,0.0,0.01046095322817564,-0.009037505835294724
207,2,10,1.0,0.9857541918754578,0,0,0.0,0.25,0.0,0.0,0.010822621174156666,-0.010022656992077827
208,2,11,1.0,0.9893605709075928,0,0,0.0,0.25,0.0,0.0,0.08426664024591446,-0.0007604185957461596
209,2,12,1.0,0.9971727728843689,0,0,0.0,0.25,0.0,0.0,0.09813834726810455,-0.01007801666855812
210,2,13,1.0,0.9971926808357239,0,0,0.0,0.25,0.0,0.0,0.10052888840436935,-0.01303143985569477
211,2,14,1.0,0.9916660189628601,0,0,0.0,0.25,0.0,0.0,0.10096189379692078,-0.010282894596457481
212,2,15,1.0,0.99614417552948,0,0,0.0,0.25,0.0,0.0,0.10257448256015778,-0.011563289910554886
213,2,16,1.0,0.9867527484893799,0,0,0.0,0.25,0.0,0.0,0.09863702952861786,-0.009121304377913475
214,2,17,1.0,0.9801244735717773,0,0,0.0,0.25,0.0,0.0,0.09467842429876328,-0.010499484837055206
215,2,18,1.0,0.9760075807571411,0,0,0.0,0.25,0.0,0.0,0.08984971791505814,-0.0133882537484169
216,2,19,1.0,0.9764076471328735,0,0,0.0,0.25,0.0,0.0,0.0851428434252739,-0.017717553302645683
217,2,20,1.0,0.9729984998703003,0,0,0.0,0.25,0.0,0.0,0.07715273648500443,-0.013971693813800812
218,2,21,1.0,0.9716510772705078,0,0,0.0,0.25,0.0,0.0,0.07469214498996735,-0.014981657266616821
219,2,22,1.0,0.9752591848373413,0,0,0.0,0.25,0.0,0.0,0.0706910789012909,-0.013288822025060654
220,2,23,1.0,0.9716697335243225,0,0,0.0,0.25,0.0,0.0,0.06570363789796829,-0.014684032648801804
221,2,24,1.0,0.972070038318634,0,0,0.0,0.0,0.0,0.0,0.05874651297926903,-0.010896600782871246
222,2,25,1.0,0.973616898059845,0,0,0.0,0.0,0.0,0.0,0.028486335650086403,-0.011598236858844757
223,2,26,1.0,0.9783118367195129,0,0,0.0,0.0,0.0,0.0,0.011117275804281235,-0.01402810588479042
224,2,27,1.0,0.9804694652557373,0,0,0.0,0.0,0.0,0.0,0.004454349167644978,-0.014151081442832947
225,2,28,1.0,0.9807987213134766,0,0,0.0,0.0,0.0,0.0,0.002855736995115876,-0.01638214848935604
226,2,29,1.0,0.9809335470199585,0,0,0.0,0.0,0.0,0.0,0.0021285295952111483,-0.016708072274923325
227,2,30,1.0,0.9810822010040283,0,0,0.0,0.0,0.0,0.0,0.0011227448703721166,-0.016343891620635986
228,2,31,1.0,0.9811029434204102,0,0,0.0,0.25,0.0,0.0,0.0009908992797136307,-0.016417691484093666
229,2,32,1.0,0.9702325463294983,0,0,0.0,0.0,0.0,0.0,0.0404798798263073,-0.009401321411132812
230,2,33,1.0,0.9764214158058167,0,0,0.0,0.0,0.0,0.0,0.01734348200261593,-0.015522388741374016
231,2,34,1.0,0.9795973896980286,0,0,0.0,0.0,0.0,0.0,0.005130997858941555,-0.016023900359869003
232,2,35,1.0,0.9804131984710693,0,0,0.0,0.0,0.0,0.0,0.001659439061768353,-0.016452033072710037
233,2,36,1.0,0.9802880883216858,0,0,0.0,0.0,0.0,0.0,0.0006380861159414053,-0.0176643505692482
234,2,37,1.0,0.9803793430328369,0,0,0.0,0.0,0.0,0.0,0.0002587870112620294,-0.017866183072328568
235,2,38,1.0,0.9797067642211914,0,0,0.0,0.0,0.0,0.0,0.00021088235371280462,-0.018180960789322853
236,2,39,1.0,0.9797188639640808,0,0,0.0,0.25,0.0,0.0,0.0001492333394708112,-0.018227219581604004
237,2,40,1.0,0.9703420400619507,0,0,0.0,0.0,0.0,0.0,0.03786366060376167,-0.01420329324901104
238,2,41,1.0,0.9768750071525574,0,0,0.0,0.0,0.0,0.0,0.015772458165884018,-0.01970265805721283
239,2,42,1.0,0.9799890518188477,0,0,0.0,0.0,0.0,0.0,0.00396351795643568,-0.022520342841744423
240,2,43,1.0,0.9807813763618469,0,0,0.0,0.0,0.0,0.0,0.0003633681626524776,-0.023281004279851913
241,2,44,1.0,0.9812072515487671,0,0,0.0,0.0,0.0,0.0,-0.0004532534221652895,-0.026120126247406006
242,2,45,1.0,0.9813293218612671,0,0,0.0,0.0,0.0,0.0,-0.000843544490635395,-0.026266878470778465
243,2,46,1.0,0.9812572002410889,0,0,0.0,0.0,0.0,0.0,-0.0013482938520610332,-0.02942071110010147
244,2,47,1.0,0.9812831878662109,0,0,0.0,0.0,0.0,0.0,-0.001414158963598311,-0.02948077954351902
245,2,48,1.0,0.981196403503418,0,0,0.0,0.0,0.0,0.0,-0.0015524267219007015,-0.030668623745441437
246,2,49,1.0,0.9812002778053284,0,0,0.0,0.0,0.0,0.0,-0.0015664916718378663,-0.030689897015690804
247,2,50,1.0,0.9811630249023438,0,0,0.0,0.0,-0.5,0.0,-0.0019636391662061214,-0.03271299973130226
248,2,51,1.0,1.0099495649337769,0,0,0.0,0.0,-0.5,0.0,-0.002437808085232973,-0.5193309783935547
249,2,52,1.0,1.0259729623794556,0,0,0.0,0.0,-0.5,0.0,-0.0033573638647794724,-0.5482637286186218
250,2,53,1.0,1.0278966426849365,0,0,0.0,0.0,-0.5,0.0,-0.004478758201003075,-0.5534600615501404
251,2,54,1.0,1.0120041370391846,0,0,0.0,0.0,-0.5,0.0,-0.004205567762255669,-0.5153329968452454
252,2,55,1.0,1.0181046724319458,0,0,0.0,0.0,-0.5,0.0,-0.006177854724228382,-0.5105675458908081
253,2,56,1.0,0.9642573595046997,0,0,0.0,0.0,-0.5,0.0,-0.003164391964673996,-0.4091150164604187
254,2,57,1.0,0.9289992451667786,0,0,0.0,0.0,-0.5,0.0,-0.000662876816932112,-0.27740344405174255
255,2,58,1.0,0.9216935038566589,0,0,0.0,0.0,-0.5,0.0,-0.0008308850228786469,-0.05480281263589859
256,2,59,1.0,0.9273091554641724,0,0,0.0,0.0,-0.5,0.0,-0.0015187590615823865,-0.03534800186753273
257,2,60,1.0,0.9544675350189209,0,0,0.0,0.0,0.0,0.0,-0.0016936158062890172,0.013355482369661331
258,2,61,1.0,0.9547942280769348,0,0,0.0,0.0,0.0,0.0,-0.0015964831691235304,0.014083843678236008
259,2,62,1.0,0.9665677547454834,0,0,0.0,0.0,0.0,0.0,-0.0018458078848198056,0.020646292716264725
260,2,63,1.0,0.9665364027023315,0,0,0.0,0.0,0.0,0.0,-0.0018409568583592772,0.02061365358531475
261,2,64,2.0,0.9826898574829102,1,0,0.0,0.0,0.0,0.0,-0.0019101286306977272,0.024141302332282066
262,2,65,2.0,1.9999175071716309,1,1,0.0,0.0,0.0,0.0,0.0014512029010802507,-0.0008111650822684169
263,2,66,2.0,2.0210933685302734,1,1,0.0,0.0,0.0,0.0,0.0016228382010012865,-0.0062134042382240295
264,2,67,2.0,2.0560925006866455,1,1,0.0,0.0,0.0,0.0,0.0024626480881124735,-0.013657009229063988
265,2,68,2.0,2.0648179054260254,1,1,0.0,0.0,0.0,0.0,0.003719261847436428,-0.014329887926578522
266,2,69,2.0,2.0627901554107666,1,1,0.0,0.0,0.0,0.0,0.004639919847249985,-0.007822800427675247
267,2,70,2.0,1.832918405532837,1,1,0.0,0.0,0.0,0.0,0.00697301747277379,0.012326125055551529
268,2,71,2.0,1.7728021144866943,1,1,0.0,0.0,0.0,0.0,0.006820212583988905,0.01111847534775734
269,2,72,2.0,1.3849263191223145,1,0,0.0,0.0,0.0,0.0,0.0026834080927073956,-0.0034878416918218136
270,2,73,2.0,1.3823503255844116,1,0,0.0,0.0,0.0,0.0,0.0027829164173454046,-0.005140429362654686
271,2,74,2.0,1.1418194770812988,1,0,0.0,0.0,0.0,0.0,-0.0004710362700279802,-0.02640826255083084
272,2,75,2.0,1.1062051057815552,1,0,0.0,0.0,0.0,0.0,-0.0009738426306284964,-0.03163217380642891
273,2,76,1.0,1.0257453918457031,0,0,0.0,0.0,0.0,0.0,-0.0018193526193499565,-0.025402327999472618
274,2,77,1.0,1.02547287940979,0,0,0.0,0.0,0.0,0.0,-0.0017411612207069993,-0.022875526919960976
275,2,78,1.0,0.981476902961731,0,0,0.0,0.0,0.0,0.0,-0.003000205149874091,0.02457280084490776
276,2,79,1.0,0.9824285507202148,0,0,0.0,0.0,0.0,0.0,-0.002938847290351987,0.02612827531993389
277,2,80,1.0,0.9752494692802429,0,0,0.0,0.0,0.0,0.0,-0.0034489103127270937,0.12101755291223526
278,2,81,1.0,0.9746817946434021,0,0,0.0,0.0,0.0,0.0,-0.003164327936246991,0.10752994567155838
279,2,82,1.0,0.9811370968818665,0,0,0.0,0.0,0.5,0.0,-0.0032088193111121655,0.22788530588150024
280,2,83,1.0,0.9954844117164612,0,0,0.0,0.0,0.5,0.0,-0.0018545796629041433,0.47745364904403687
281,2,84,1.0,0.9921700954437256,0,0,0.0,0.0,0.5,0.0,-0.0018458631820976734,0.5363371968269348
282,2,85,1.0,0.9900554418563843,0,0,0.0,0.0,0.5,0.0,-0.0005421747919172049,0.541231095790863
283,2,86,1.0,0.9896328449249268,0,0,0.0,0.0,0.5,0.0,0.0002730035048443824,0.5469499826431274
284,2,87,1.0,0.99245285987854,0,0,0.0,0.0,0.5,0.0,-0.0004152432957198471,0.5474333763122559
285,2,88,1.0,0.9886051416397095,0,0,0.0,0.0,0.5,0.0,1.971531310118735e-05,0.5456963181495667
286,2,89,1.0,0.9853216409683228,0,0,0.0,0.0,0.5,0.0,-0.00035272265085950494,0.5505257844924927
287,2,90,1.0,0.9847134947776794,0,0,0.0,0.0,0.5,0.0,-0.00019252143101766706,0.5533958077430725
288,2,91,1.0,0.9832173585891724,0,0,0.0,0.0,0.5,0.0,-0.0009349892497994006,0.5523492693901062
289,2,92,1.0,0.9852844476699829,0,0,0.0,0.0,0.5,0.0,-0.001138989464379847,0.5530951023101807
290,3,0,1.0,0.988257646560669,0,0,0.0,0.0,0.0,0.0,-0.006588745396584272,-0.01301298476755619
291,3,1,1.0,0.9904005527496338,0,0,0.0,0.0,0.0,0.0,-0.008409721776843071,-0.018376102671027184
292,3,2,1.0,0.991557240486145,0,0,0.0,0.0,0.0,0.0,-0.007961628027260303,-0.01810215413570404
293,3,3,1.0,0.9910265207290649,0,0,0.0,0.0,0.0,0.0,-0.007407613098621368,-0.017044547945261
294,3,4,1.0,0.9909416437149048,0,0,0.0,0.0,0.0,0.0,-0.00693058455362916,-0.014608258381485939
295,3,5,1.0,0.9909014105796814,0,0,0.0,0.0,0.0,0.0,-0.006809132173657417,-0.014116471633315086
296,3,6,1.0,0.9909226894378662,0,0,0.0,0.0,0.0,0.0,-0.007169646676629782,-0.015145866200327873
297,3,7,1.0,0.9909380674362183,0,0,0.0,0.0,0.0,0.0,-0.0071476721204817295,-0.0149859469383955
298,3,8,1.0,0.9916292428970337,0,0,0.0,0.0,0.0,0.0,-0.007472360040992498,-0.015031686052680016
299,3,9,1.0,0.9916348457336426,0,0,0.0,0.0,0.0,0.0,-0.007467637304216623,-0.01498643308877945
300,3,10,1.0,0.9915093779563904,0,0,0.0,0.0,0.0,0.0,-0.0074019599705934525,-0.015658995136618614
301,3,11,1.0,0.9915110468864441,0,0,0.0,-0.25,0.0,0.0,-0.007400958798825741,-0.015646575018763542
302,3,12,1.0,0.999345064163208,0,0,0.0,-0.25,0.0,0.0,-0.05303339660167694,-0.017413988709449768
303,3,13,1.0,0.9982677102088928,0,0,0.0,-0.25,0.0,0.0,-0.06110932305455208,-0.018800945952534676
304,3,14,1.0,0.9984571933746338,0,0,0.0,-0.25,0.0,0.0,-0.063639335334301,-0.019286703318357468
305,3,15,1.0,0.9983170628547668,0,0,0.0,-0.25,0.0,0.0,-0.0645698681473732,-0.018081502988934517
306,3,16,1.0,0.9981735348701477,0,0,0.0,-0.25,0.0,0.0,-0.0637173131108284,-0.015945926308631897
307,3,17,1.0,0.9947887063026428,0,0,0.0,-0.25,0.0,0.0,-0.06447064876556396,-0.019358325749635696
308,3,18,1.0,0.9976099729537964,0,0,0.0,-0.25,0.0,0.0,-0.062701016664505,-0.016671093180775642
309,3,19,1.0,0.9970563054084778,0,0,0.0,-0.25,0.0,0.0,-0.062449220567941666,-0.01765577867627144
310,3,20,1.0,0.9929921627044678,0,0,0.0,-0.25,0.0,0.0,-0.05498645827174187,-0.01642916537821293
311,3,21,1.0,0.9938310384750366,0,0,0.0,-0.25,0.0,0.0,-0.05690785497426987,-0.01641206257045269
312,3,22,1.0,0.989622950553894,0,0,0.0,-0.25,0.0,0.0,-0.04754287004470825,-0.018087850883603096
313,3,23,1.0,0.9884778261184692,0,0,0.0,-0.25,0.0,0.0,-0.04620404914021492,-0.01662127673625946
314,3,24,1.0,0.9897899031639099,0,0,0.0,-0.25,0.0,0.0,-0.041837047785520554,-0.01597016118466854
315,3,25,1.0,0.9871408939361572,0,0,0.0,0.0,0.0,0.0,-0.03655132278800011,-0.013117507100105286
316,3,26,1.0,0.9875669479370117,0,0,0.0,0.0,0.0,0.0,-0.019706789404153824,-0.010030621662735939
317,3,27,1.0,0.9845194816589355,0,0,0.0,0.0,0.0,0.0,-0.0075338417664170265,-0.007979003712534904
318,3,28,1.0,0.983291745185852,0,0,0.0,0.0,0.0,0.0,-0.002542316447943449,-0.006549575366079807
319,3,29,1.0,0.9833229780197144,0,0,0.0,0.0,0.0,0.0,-0.0007256880053319037,-0.006573009304702282
320,3,30,1.0,0.9839447140693665,0,0,0.0,0.0,0.0,0.0,-0.00014547737373504788,-0.006124613806605339
321,3,31,1.0,0.9839575290679932,0,0,0.0,0.0,0.0,0.0,0.00010471423593116924,-0.006003354676067829
322,3,32,1.0,0.9836422204971313,0,0,0.0,-0.25,0.0,0.0,0.000615598342847079,-0.006125049199908972
323,3,33,1.0,0.985152006149292,0,0,0.0,-0.25,0.0,0.0,-0.027273276820778847,-0.010247182101011276
324,3,34,1.0,0.9880363941192627,0,0,0.0,0.0,0.0,0.0,-0.031218677759170532,-0.01566457562148571
325,3,35,1.0,0.9827766418457031,0,0,0.0,0.0,0.0,0.0,-0.013070588000118732,-0.009944116696715355
326,3,36,1.0,0.9819734692573547,0,0,0.0,0.0,0.0,0.0,-0.005406979937106371,-0.01474737748503685
327,3,37,1.0,0.9820119738578796,0,0,0.0,0.0,0.0,0.0,-0.0018834816291928291,-0.01554952748119831
328,3,38,1.0,0.9823004007339478,0,0,0.0,0.0,0.0,0.0,-0.0010505623649805784,-0.020840343087911606
329,3,39,1.0,0.9823533892631531,0,0,0.0,0.0,0.0,0.0,-0.0005753465811721981,-0.020903833210468292
330,3,40,1.0,0.9826408624649048,0,0,0.0,0.0,0.0,0.0,-0.00016626916476525366,-0.02148924022912979
331,3,41,1.0,0.9826453924179077,0,0,0.0,0.0,0.0,0.0,-8.30798817332834e-05,-0.021478507667779922
332,3,42,1.0,0.9827368855476379,0,0,0.0,0.0,0.0,0.0,-0.00019193085609003901,-0.021455589681863785
333,3,43,1.0,0.9827396869659424,0,0,0.0,0.0,0.0,0.0,-0.0001729439536575228,-0.02144527994096279
334,3,44,1.0,0.9826357364654541,0,0,0.0,0.0,0.0,0.0,0.00013058910553809255,-0.023448266088962555
335,3,45,1.0,0.9826374650001526,0,0,0.0,0.0,0.0,0.0,0.00013550637231674045,-0.023445507511496544
336,3,46,1.0,0.9812626838684082,0,0,0.0,0.0,-0.5,0.0,0.0002427466824883595,-0.029852714389562607
337,3,47,1.0,1.0167860984802246,0,0,0.0,0.0,-0.5,0.0,-0.003468257375061512,-0.5121579766273499
338,3,48,1.0,1.0317615270614624,0,0,0.0,0.0,-0.5,0.0,-0.005733911879360676,-0.5467438101768494
339,3,49,1.0,1.0295263528823853,0,0,0.0,0.0,-0.5,0.0,-0.0040277354419231415,-0.5451444387435913
340,3,50,1.0,1.0013221502304077,0,0,0.0,0.0,-0.5,0.0,-0.00592114357277751,-0.501972496509552
341,3,51,1.0,0.9918431043624878,0,0,0.0,0.0,-0.5,0.0,-0.005170000251382589,-0.4680701494216919
342,3,52,1.0,0.9570341110229492,0,0,0.0,0.0,-0.5,0.0,-0.001741267740726471,-0.3742418885231018
343,3,53,1.0,0.9283859729766846,0,0,0.0,0.0,-0.5,0.0,-0.0006498509319499135,-0.2213761955499649
344,3,54,1.0,0.9315875768661499,0,0,0.0,0.0,-0.5,0.0,-0.0007182347471825778,-0.0576728880405426
345,3,55,1.0,0.9353613257408142,0,0,0.0,0.0,-0.5,0.0,0.00019271025666967034,-0.048321228474378586
346,3,56,1.0,0.9655186533927917,0,0,0.0,0.0,0.0,0.0,-0.0019385917112231255,0.013087542727589607
347,3,57,1.0,0.9659817814826965,0,0,0.0,0.0,0.0,0.0,-0.0019808385986834764,0.013896981254220009
348,3,58,1.0,0.9841573238372803,0,0,0.0,0.0,0.0,0.0,-0.0024202470667660236,0.023549234494566917
349,3,59,1.0,0.9842501878738403,0,0,0.0,0.0,0.0,0.0,-0.002415692899376154,0.02362191118299961
350,3,60,1.0,0.9896985292434692,0,0,0.0,0.0,0.0,0.0,-0.002428761450573802,0.025470690801739693
351,3,61,2.0,0.9897568821907043,1,0,0.0,0.0,0.0,0.0,-0.0024232410360127687,0.025510212406516075
352,3,62,2.0,1.95310640335083,1,1,0.0,0.0,0.0,0.0,0.00038873316952958703,-0.007897119037806988
353,3,63,2.0,2.0112709999084473,1,1,0.0,0.0,0.0,0.0,-7.195168291218579e-05,-0.005240631755441427
354,3,64,2.0,2.0350141525268555,1,1,0.0,0.0,0.0,0.0,0.0005872547044418752,-0.009091435000300407
355,3,65,2.0,2.0450680255889893,1,1,0.0,0.0,0.0,0.0,0.0019078287295997143,-0.011816265061497688
356,3,66,2.0,2.069350242614746,1,1,0.0,0.0,0.0,0.0,0.002176128327846527,-0.011411625891923904
357,3,67,2.0,2.0537729263305664,1,1,0.0,0.0,0.0,0.0,0.0005167084163986146,-0.004721882753074169
358,3,68,2.0,1.7449357509613037,1,1,0.0,0.0,0.0,0.0,0.005427750293165445,0.010730313137173653
359,3,69,2.0,1.7507917881011963,1,1,0.0,0.0,0.0,0.0,0.004179683979600668,0.01839541457593441
360,3,70,2.0,1.5021270513534546,1,1,0.0,0.0,0.0,0.0,0.0021003270521759987,0.006452691275626421
361,3,71,2.0,1.398422122001648,1,0,0.0,0.0,0.0,0.0,0.0010264033917337656,-0.004296492785215378
362,3,72,2.0,1.1817972660064697,1,0,0.0,0.0,0.0,0.0,-0.0012037046253681183,-0.02034921385347843
363,3,73,1.0,1.1335365772247314,0,0,0.0,0.0,0.0,0.0,-0.0017783107468858361,-0.023823045194149017
364,3,74,1.0,1.0300896167755127,0,0,0.0,0.0,0.0,0.0,-0.003277354873716831,0.0001260868739336729
365,3,75,1.0,1.0141332149505615,0,0,0.0,0.0,0.0,0.0,-0.0033345974516123533,0.018775301054120064
366,3,76,1.0,0.993282675743103,0,0,0.0,0.0,0.0,0.0,-0.004203134682029486,0.13599893450737
367,3,77,1.0,0.9956817626953125,0,0,0.0,0.0,0.0,0.0,-0.003711643861606717,0.0752914547920227
368,3,78,1.0,0.9897515177726746,0,0,0.0,0.0,0.0,0.0,-0.0038702257443219423,0.16908366978168488
369,3,79,1.0,0.986884593963623,0,0,0.0,0.0,0.0,0.0,-0.00386594096198678,0.15657559037208557
370,3,80,1.0,0.9861319065093994,0,0,0.0,0.0,0.5,0.0,-0.0035113804042339325,0.16245703399181366
371,3,81,1.0,0.9905915856361389,0,0,0.0,0.0,0.5,0.0,-0.0013987614074721932,0.46264758706092834
372,3,82,1.0,0.9939377307891846,0,0,0.0,0.0,0.5,0.0,-0.00039792549796402454,0.544711172580719
373,3,83,1.0,0.9971604943275452,0,0,0.0,0.0,0.5,0.0,-0.0006037969724275172,0.5515609979629517
374,3,84,1.0,0.9931201934814453,0,0,0.0,0.0,0.5,0.0,-0.00025190445012412965,0.5469543933868408
375,3,85,1.0,0.9897959232330322,0,0,0.0,0.0,0.5,0.0,4.4919070205651224e-05,0.5502157211303711
376,3,86,1.0,0.9889044761657715,0,0,0.0,0.0,0.5,0.0,-0.000619425147306174,0.5490483641624451
377,3,87,1.0,0.9868983626365662,0,0,0.0,0.0,0.5,0.0,-0.00036640066537074745,0.5531253814697266
378,3,88,1.0,0.9855453372001648,0,0,0.0,0.0,0.5,0.0,-0.0002267228119308129,0.5519623756408691
379,3,89,1.0,0.9860482811927795,0,0,0.0,0.0,0.5,0.0,-0.00036557321436703205,0.5521329045295715
380,3,90,1.0,0.9859732389450073,0,0,0.0,0.0,0.5,0.0,-0.000746685080230236,0.5525232553482056
381,4,0,1.0,0.988257646560669,0,0,0.0,0.0,0.0,0.0,-0.00658876309171319,-0.013012915849685669
382,4,1,1.0,0.9904005527496338,0,0,0.0,0.0,0.0,0.0,-0.008409696631133556,-0.018376104533672333
383,4,2,1.0,0.9915573000907898,0,0,0.0,0.0,0.0,0.0,-0.007961641997098923,-0.018102159723639488
384,4,3,1.0,0.9910264611244202,0,0,0.0,0.0,0.0,0.0,-0.007407600525766611,-0.017044560983777046
385,4,4,1.0,0.9909416437149048,0,0,0.0,0.0,0.0,0.0,-0.006930595263838768,-0.014608239755034447
386,4,5,1.0,0.9909013509750366,0,0,0.0,0.0,0.0,0.0,-0.006809141952544451,-0.014116484671831131
387,4,6,1.0,0.9909228086471558,0,0,0.0,0.0,0.0,0.0,-0.007169634103775024,-0.015145814046263695
388,4,7,1.0,0.9909380078315735,0,0,0.0,0.0,0.0,0.0,-0.0071476781740784645,-0.014985918998718262
389,4,8,1.0,0.9916291832923889,0,0,0.0,0.0,0.0,0.0,-0.007472369819879532,-0.015031693503260612
390,4,9,1.0,0.9916348457336426,0,0,0.0,0.0,0.0,0.0,-0.007467634044587612,-0.014986472204327583
391,4,10,1.0,0.9915093183517456,0,0,0.0,0.0,0.0,0.0,-0.007401975803077221,-0.015658952295780182
392,4,11,1.0,0.9915110468864441,0,0,0.0,0.0,0.0,0.0,-0.0074009522795677185,-0.015646550804376602
393,4,12,1.0,0.9915120601654053,0,0,0.0,0.0,0.0,0.0,-0.007400453556329012,-0.0156402625143528
394,4,13,1.0,0.991512656211853,0,0,0.0,-0.25,0.0,0.0,-0.00740022910758853,-0.015637045726180077
395,4,14,1.0,0.9993453621864319,0,0,0.0,-0.25,0.0,0.0,-0.05303273722529411,-0.0174102820456028
396,4,15,1.0,0.9982677698135376,0,0,0.0,-0.25,0.0,0.0,-0.06110890582203865,-0.01879921741783619
397,4,16,1.0,0.9981349110603333,0,0,0.0,-0.25,0.0,0.0,-0.06305080652236938,-0.01950693689286709
398,4,17,1.0,0.9984824657440186,0,0,0.0,-0.25,0.0,0.0,-0.06476063281297684,-0.01815875992178917
399,4,18,1.0,0.9981734752655029,0,0,0.0,-0.25,0.0,0.0,-0.06371724605560303,-0.01594565063714981
400,4,19,1.0,0.994788646697998,0,0,0.0,-0.25,0.0,0.0,-0.06447066366672516,-0.019358143210411072
401,4,20,1.0,0.9976099729537964,0,0,0.0,-0.25,0.0,0.0,-0.06270100176334381,-0.016671035438776016
402,4,21,1.0,0.9970563650131226,0,0,0.0,-0.25,0.0,0.0,-0.06244920566678047,-0.01765579730272293
403,4,22,1.0,0.992992103099823,0,0,0.0,-0.25,0.0,0.0,-0.05498645827174187,-0.016429152339696884
404,4,23,1.0,0.9938310384750366,0,0,0.0,-0.25,0.0,0.0,-0.05690784007310867,-0.016411995515227318
405,4,24,1.0,0.989622950553894,0,0,0.0,-0.25,0.0,0.0,-0.04754285886883736,-0.018087832257151604
406,4,25,1.0,0.9884778261184692,0,0,0.0,-0.25,0.0,0.0,-0.046204037964344025,-0.01662123017013073
407,4,26,1.0,0.9896799325942993,0,0,0.0,0.0,0.0,0.0,-0.042244743555784225,-0.01713434047996998
408,4,27,1.0,0.984510064125061,0,0,0.0,0.0,0.0,0.0,-0.02300570346415043,-0.011356070637702942
409,4,28,1.0,0.9836686849594116,0,0,0.0,0.0,0.0,0.0,-0.0089516406878829,-0.007539830636233091
410,4,29,1.0,0.98307865858078,0,0,0.0,0.0,0.0,0.0,-0.003556877840310335,-0.006935406941920519
411,4,30,1.0,0.9838501214981079,0,0,0.0,0.0,0.0,0.0,-0.0012327570002526045,-0.006298036780208349
412,4,31,1.0,0.9838656783103943,0,0,0.0,0.0,0.0,0.0,-0.0005195843987166882,-0.006248088087886572
413,4,32,1.0,0.9847549796104431,0,0,0.0,0.0,0.0,0.0,-0.0003435781691223383,-0.004311094060540199
414,4,33,1.0,0.9847722053527832,0,0,0.0,-0.25,0.0,0.0,-0.00021938323334325105,-0.004278592299669981
415,4,34,1.0,0.9883652925491333,0,0,0.0,0.0,0.0,0.0,-0.028911618515849113,-0.009462306275963783
416,4,35,1.0,0.9840994477272034,0,0,0.0,0.0,0.0,0.0,-0.012815713882446289,-0.005906008183956146
417,4,36,1.0,0.9830409288406372,0,0,0.0,0.0,0.0,0.0,-0.0051674325950443745,-0.006666218396276236
418,4,37,1.0,0.9824379682540894,0,0,0.0,0.0,0.0,0.0,-0.0018830379704013467,-0.007145068608224392
419,4,38,1.0,0.9842274785041809,0,0,0.0,0.0,0.0,0.0,-0.0003893605316989124,-0.004220359027385712
420,4,39,1.0,0.9842695593833923,0,0,0.0,-0.25,0.0,0.0,-3.4268821764271706e-05,-0.0041718874126672745
421,4,40,1.0,0.9869812726974487,0,0,0.0,0.0,0.0,0.0,-0.028288334608078003,-0.010914614424109459
422,4,41,1.0,0.9843536615371704,0,0,0.0,0.0,0.0,0.0,-0.011859390884637833,-0.0077475267462432384
423,4,42,1.0,0.9843997955322266,0,0,0.0,0.0,0.0,0.0,-0.004704050719738007,-0.008070278912782669
424,4,43,1.0,0.9846053719520569,0,0,0.0,0.0,0.0,0.0,-0.0018330946331843734,-0.007730263751000166
425,4,44,1.0,0.9844049215316772,0,0,0.0,0.0,0.0,0.0,-0.0009561410988681018,-0.010877123102545738
426,4,45,1.0,0.9844346046447754,0,0,0.0,0.0,0.0,0.0,-0.000588143477216363,-0.010907461866736412
427,4,46,1.0,0.9849156141281128,0,0,0.0,0.0,0.0,0.0,-0.0006714622722938657,-0.011437365785241127
428,4,47,1.0,0.9849166870117188,0,0,0.0,-0.25,0.0,0.0,-0.0006130046094767749,-0.011424649506807327
429,4,48,1.0,0.9877528548240662,0,0,0.0,0.0,0.0,0.0,-0.025108179077506065,-0.016717955470085144
430,4,49,1.0,0.9828898310661316,0,0,0.0,0.0,0.0,0.0,-0.010530173778533936,-0.011343492195010185
431,4,50,1.0,0.9824827313423157,0,0,0.0,0.0,0.0,0.0,-0.004249438643455505,-0.015400208532810211
432,4,51,1.0,0.9824628233909607,0,0,0.0,0.0,0.0,0.0,-0.001478231861256063,-0.016195980831980705
433,4,52,1.0,0.9823744297027588,0,0,0.0,0.0,0.0,0.0,-0.0005630202940665185,-0.01909429207444191
434,4,53,1.0,0.9824157357215881,0,0,0.0,0.0,0.0,0.0,-0.0002197622088715434,-0.019177014008164406
435,4,54,1.0,0.9828547835350037,0,0,0.0,0.0,0.0,0.0,-0.000433181703556329,-0.021672358736395836
436,4,55,1.0,0.9828577041625977,0,0,0.0,0.0,0.0,0.0,-0.00037507773959077895,-0.02166370302438736
437,4,56,1.0,0.9815397262573242,0,0,0.0,0.0,-0.5,0.0,0.00021358732192311436,-0.027688492089509964
438,4,57,1.0,1.0167248249053955,0,0,0.0,0.0,-0.5,0.0,-0.00414574658498168,-0.5109012722969055
439,4,58,1.0,1.0331820249557495,0,0,0.0,0.0,-0.5,0.0,-0.005768056958913803,-0.5478208661079407
440,4,59,1.0,1.0333176851272583,0,0,0.0,0.0,-0.5,0.0,-0.004194341134279966,-0.549127995967865
441,4,60,1.0,1.00031578540802,0,0,0.0,0.0,-0.5,0.0,-0.0058701662346720695,-0.500591516494751
442,4,61,1.0,0.995557427406311,0,0,0.0,0.0,-0.5,0.0,-0.0061267404817044735,-0.47583621740341187
443,4,62,1.0,0.9570444822311401,0,0,0.0,0.0,-0.5,0.0,-0.0013045216910541058,-0.37038519978523254
444,4,63,1.0,0.927152156829834,0,0,0.0,0.0,-0.5,0.0,-0.0008755777962505817,-0.22678478062152863
445,4,64,1.0,0.9319132566452026,0,0,0.0,0.0,-0.5,0.0,-0.0007071274449117482,-0.05634869262576103
446,4,65,1.0,0.9348500967025757,0,0,0.0,0.0,-0.5,0.0,0.00014373971498571336,-0.04991324618458748
447,4,66,1.0,0.965278685092926,0,0,0.0,0.0,-0.5,0.0,-0.0018365149153396487,0.012851404026150703
448,4,67,1.0,0.9657278060913086,0,0,0.0,0.0,0.0,0.0,-0.0018763410625979304,0.013642532750964165
449,4,68,1.0,0.9822955131530762,0,0,0.0,0.0,0.0,0.0,-0.0024397186934947968,0.023193150758743286
450,4,69,1.0,0.9823874235153198,0,0,0.0,0.0,0.0,0.0,-0.002435995265841484,0.023262225091457367
451,4,70,1.0,0.9896988272666931,0,0,0.0,0.0,0.0,0.0,-0.0024287046398967505,0.02547103725373745
452,4,71,1.0,0.9897573590278625,0,0,0.0,0.0,0.0,0.0,-0.0024231921415776014,0.025510502979159355
453,4,72,2.0,0.9867283701896667,1,0,0.0,0.0,0.0,0.0,-0.002568695228546858,0.024552660062909126
454,4,73,2.0,1.9819350242614746,1,1,0.0,0.0,0.0,0.0,0.00045926315942779183,-0.006843333598226309
455,4,74,2.0,2.013075113296509,1,1,0.0,0.0,0.0,0.0,0.00012768279702868313,-0.005394205451011658
456,4,75,2.0,2.017155170440674,1,1,0.0,0.0,0.0,0.0,0.00023408580454997718,-0.010901983827352524
457,4,76,2.0,2.0538103580474854,1,1,0.0,0.0,0.0,0.0,0.0018412248464301229,-0.011916911229491234
458,4,77,2.0,2.0569324493408203,1,1,0.0,0.0,0.0,0.0,0.0018273667665198445,-0.009999756701290607
459,4,78,2.0,2.0607874393463135,1,1,0.0,0.0,0.0,0.0,0.0004856310843024403,-0.002393799601122737
460,4,79,2.0,1.9936915636062622,1,1,0.0,0.0,0.0,0.0,0.007246361579746008,-0.007095714099705219
461,4,80,2.0,1.5465667247772217,1,1,0.0,0.0,0.0,0.0,0.0019720846321433783,0.004088152199983597
462,4,81,2.0,1.5292184352874756,1,1,0.0,0.0,0.0,0.0,0.0021538748405873775,0.002007895614951849
463,4,82,2.0,1.4362704753875732,1,0,0.0,0.0,0.0,0.0,0.0013729250058531761,-0.0034449216909706593
464,4,83,1.0,1.4333373308181763,0,0,0.0,0.0,0.0,0.0,0.0012947720242664218,-0.004111579619348049
465,4,84,1.0,1.438483715057373,0,0,0.0,0.0,0.0,0.0,0.0020565467420965433,-0.00045084673911333084
466,4,85,1.0,1.4197063446044922,0,0,0.0,0.0,0.0,0.0,0.001219922094605863,0.0004974810872226954
467,4,86,1.0,1.3584394454956055,0,0,0.0,0.0,0.0,0.0,0.00044449514825828373,-0.004682794213294983
468,4,87,1.0,1.268561601638794,0,0,0.0,0.0,0.0,0.0,-0.0007220710976980627,-0.012284625321626663
469,4,88,1.0,1.1298974752426147,0,0,0.0,0.0,0.0,0.0,-0.002132752677425742,-0.0217466838657856
470,4,89,1.0,1.108931303024292,0,0,0.0,0.0,0.0,0.0,-0.002671121619641781,-0.02085268124938011
471,4,90,1.0,1.0031243562698364,0,0,0.0,0.0,0.0,0.0,-0.0040168436244130135,0.06717430800199509
472,4,91,1.0,1.0032448768615723,0,0,0.0,0.0,0.0,0.0,-0.0037789419293403625,0.06749767065048218
473,4,92,1.0,1.006108283996582,0,0,0.0,0.0,0.0,0.0,-0.004166324622929096,0.0642874538898468
474,4,93,1.0,1.003332257270813,0,0,0.0,0.0,0.5,0.0,-0.004183112643659115,0.08694586902856827
475,4,94,1.0,1.0024480819702148,0,0,0.0,0.0,0.5,0.0,-0.00464803259819746,0.3502791225910187
476,4,95,1.0,0.994543194770813,0,0,0.0,0.0,0.5,0.0,-0.0011766600655391812,0.5363785624504089
477,4,96,1.0,0.9956839680671692,0,0,0.0,0.0,0.5,0.0,-0.0002114641247317195,0.5450032353401184
478,4,97,1.0,0.9930645227432251,0,0,0.0,0.0,0.5,0.0,0.0002835628401953727,0.547571063041687
479,4,98,1.0,0.9905855655670166,0,0,0.0,0.0,0.5,0.0,-0.0006892064702697098,0.5487011671066284
480,4,99,1.0,0.988718569278717,0,0,0.0,0.0,0.5,0.0,-0.00021713777096010745,0.5537593960762024
481,4,100,1.0,0.9872051477432251,0,0,0.0,0.0,0.5,0.0,-0.0003764404682442546,0.5526172518730164
482,4,101,1.0,0.9851179718971252,0,0,0.0,0.0,0.5,0.0,-0.0002401844976702705,0.5528659224510193
483,4,102,1.0,0.9861056804656982,0,0,0.0,0.0,0.5,0.0,-0.0003684755938593298,0.5531277060508728
484,4,103,1.0,0.9847875833511353,0,0,0.0,0.0,0.5,0.0,-0.000307966663967818,0.5552868247032166
485,5,0,1.0,0.9842694401741028,0,0,0.0,0.0,0.0,0.0,0.009994692169129848,-0.0035714765544980764
486,5,1,1.0,0.9869561791419983,0,0,0.0,0.0,0.0,0.0,0.00790814496576786,-0.013648837804794312
487,5,2,1.0,0.986769437789917,0,0,0.0,0.0,0.0,0.0,0.008114011026918888,-0.011274216696619987
488,5,3,1.0,0.9859750270843506,0,0,0.0,0.0,0.0,0.0,0.008847789838910103,-0.00967387855052948
489,5,4,1.0,0.9862450361251831,0,0,0.0,0.0,0.0,0.0,0.009075300768017769,-0.011018473654985428
490,5,5,1.0,0.9861899018287659,0,0,0.0,0.0,0.0,0.0,0.009231572970747948,-0.010307114571332932
491,5,6,1.0,0.9872366189956665,0,0,0.0,0.0,0.0,0.0,0.010331619530916214,-0.01069284975528717
492,5,7,1.0,0.9872531890869141,0,0,0.0,0.0,0.0,0.0,0.010358656756579876,-0.010457640513777733
493,5,8,1.0,0.9872384071350098,0,0,0.0,0.0,0.0,0.0,0.010456424206495285,-0.00910180527716875
494,5,9,1.0,0.9872442483901978,0,0,0.0,0.0,0.0,0.0,0.010460935533046722,-0.009037517011165619
495,5,10,1.0,0.987127959728241,0,0,0.0,0.0,0.0,0.0,0.010371927171945572,-0.009401329793035984
496,5,11,1.0,0.9871299266815186,0,0,0.0,0.0,0.0,0.0,0.010372775606811047,-0.00938434898853302
497,5,12,1.0,0.987126886844635,0,0,0.0,0.0,0.0,0.0,0.010352506302297115,-0.009397068992257118
498,5,13,1.0,0.987127423286438,0,0,0.0,0.25,0.0,0.0,0.010352694429457188,-0.009392669424414635
499,5,14,1.0,0.9905853271484375,0,0,0.0,0.25,0.0,0.0,0.08192256093025208,-0.0031514521688222885
500,5,15,1.0,0.9952371120452881,0,0,0.0,0.25,0.0,0.0,0.09780988842248917,-0.0124562568962574
501,5,16,1.0,0.9946547746658325,0,0,0.0,0.25,0.0,0.0,0.10277009010314941,-0.016878463327884674
502,5,17,1.0,0.9933046698570251,0,0,0.0,0.25,0.0,0.0,0.10308131575584412,-0.014345655217766762
503,5,18,1.0,0.9957231283187866,0,0,0.0,0.25,0.0,0.0,0.10373383015394211,-0.01166013814508915
504,5,19,1.0,0.9856612086296082,0,0,0.0,0.25,0.0,0.0,0.10095729678869247,-0.012460427358746529
505,5,20,1.0,0.9820170998573303,0,0,0.0,0.25,0.0,0.0,0.09336581081151962,-0.010864857584238052
506,5,21,1.0,0.9780126214027405,0,0,0.0,0.25,0.0,0.0,0.0917002409696579,-0.011527124792337418
507,5,22,1.0,0.9752640724182129,0,0,0.0,0.25,0.0,0.0,0.08540087193250656,-0.012578604742884636
508,5,23,1.0,0.9730390310287476,0,0,0.0,0.25,0.0,0.0,0.07990474253892899,-0.013927897438406944
509,5,24,1.0,0.9727314710617065,0,0,0.0,0.25,0.0,0.0,0.07300955802202225,-0.012569082900881767
510,5,25,1.0,0.973750114440918,0,0,0.0,0.25,0.0,0.0,0.06973610818386078,-0.014523088932037354
511,5,26,1.0,0.9729285836219788,0,0,0.0,0.25,0.0,0.0,0.06126527860760689,-0.012691007927060127
512,5,27,1.0,0.969506561756134,0,0,0.0,0.25,0.0,0.0,0.05941982939839363,-0.012600995600223541
513,5,28,1.0,0.9684577584266663,0,0,0.0,0.25,0.0,0.0,0.05571405589580536,-0.013113515451550484
514,5,29,1.0,0.9666967988014221,0,0,0.0,0.25,0.0,0.0,0.0516316257417202,-0.01583166792988777
515,5,30,1.0,0.9672079682350159,0,0,0.0,0.25,0.0,0.0,0.05000252649188042,-0.019010378047823906
516,5,31,1.0,0.9675684571266174,0,0,0.0,0.25,0.0,0.0,0.046540942043066025,-0.017993992194533348
517,5,32,1.0,0.9685825109481812,0,0,0.0,0.0,0.0,0.0,0.042805783450603485,-0.0183849036693573
518,5,33,1.0,0.9729177951812744,0,0,0.0,0.0,0.0,0.0,0.01696176454424858,-0.01935603655874729
519,5,34,1.0,0.9784768223762512,0,0,0.0,0.0,0.0,0.0,0.0038576957304030657,-0.014799557626247406
520,5,35,1.0,0.9803728461265564,0,0,0.0,0.0,0.0,0.0,-0.00043721150723285973,-0.014664681628346443
521,5,36,1.0,0.9809099435806274,0,0,0.0,0.0,0.0,0.0,-0.0015344598796218634,-0.015794960781931877
522,5,37,1.0,0.9810856580734253,0,0,0.0,0.0,0.0,0.0,-0.0019646924920380116,-0.015965478494763374
523,5,38,1.0,0.9803365468978882,0,0,0.0,0.0,0.0,0.0,-0.00215127388946712,-0.01672365516424179
524,5,39,1.0,0.9803683757781982,0,0,0.0,0.0,0.0,0.0,-0.002221134025603533,-0.01677863299846649
525,5,40,1.0,0.9806514382362366,0,0,0.0,-0.25,0.0,0.0,-0.0019288029288873076,-0.01715775951743126
526,5,41,1.0,0.9877113103866577,0,0,0.0,0.0,0.0,0.0,-0.02347548119723797,-0.01588139683008194
527,5,42,1.0,0.9847366213798523,0,0,0.0,0.0,0.0,0.0,-0.012617022730410099,-0.017895454540848732
528,5,43,1.0,0.9830188155174255,0,0,0.0,0.0,0.0,0.0,-0.005930574145168066,-0.019108762964606285
529,5,44,1.0,0.9825745820999146,0,0,0.0,0.0,0.0,0.0,-0.0032875288743525743,-0.01882469467818737
530,5,45,1.0,0.9823207259178162,0,0,0.0,0.0,0.0,0.0,-0.0024313037283718586,-0.018625974655151367
531,5,46,1.0,0.9827239513397217,0,0,0.0,-0.25,0.0,0.0,-0.0016837827861309052,-0.019156023859977722
532,5,47,1.0,0.9897454977035522,0,0,0.0,-0.25,0.0,0.0,-0.02500973455607891,-0.0189006756991148
533,5,48,1.0,0.9934359192848206,0,0,0.0,0.0,0.0,0.0,-0.02936432883143425,-0.016831761226058006
534,5,49,1.0,0.9878308176994324,0,0,0.0,0.0,0.0,0.0,-0.016093866899609566,-0.021334445104002953
535,5,50,1.0,0.9837594032287598,0,0,0.0,0.0,0.0,0.0,-0.007009658496826887,-0.026659635826945305
536,5,51,1.0,0.9824494123458862,0,0,0.0,0.0,0.0,0.0,-0.0029124505817890167,-0.02692209929227829
537,5,52,1.0,0.9820103645324707,0,0,0.0,0.0,0.0,0.0,-0.0015644450904801488,-0.027146395295858383
538,5,53,1.0,0.9818282127380371,0,0,0.0,0.0,0.0,0.0,-0.0010161414975300431,-0.026821814477443695
539,5,54,1.0,0.9817609190940857,0,0,0.0,0.0,0.0,0.0,-0.0018065739423036575,-0.02923673577606678
540,5,55,1.0,0.981735110282898,0,0,0.0,0.0,0.0,0.0,-0.0017069116001948714,-0.02913796715438366
541,5,56,1.0,0.981534481048584,0,0,0.0,0.0,0.0,0.0,-0.0015313823241740465,-0.029925527051091194
542,5,57,1.0,0.9815269708633423,0,0,0.0,0.0,0.0,0.0,-0.0015058564022183418,-0.029893284663558006
543,5,58,1.0,0.981600284576416,0,0,0.0,0.0,0.0,0.0,-0.001497871009632945,-0.029828641563653946
544,5,59,1.0,0.9815981984138489,0,0,0.0,0.0,0.0,0.0,-0.001490896102041006,-0.02982017956674099
545,5,60,1.0,0.9810589551925659,0,0,0.0,0.0,-0.5,0.0,-0.0018225273815914989,-0.033946916460990906
546,5,61,1.0,1.0100733041763306,0,0,0.0,0.0,-0.5,0.0,-0.001793102826923132,-0.5141993761062622
547,5,62,1.0,1.0289064645767212,0,0,0.0,0.0,-0.5,0.0,-0.0029808864928781986,-0.5509041547775269
548,5,63,1.0,1.033471703529358,0,0,0.0,0.0,-0.5,0.0,-0.005488011986017227,-0.5607587099075317
549,5,64,1.0,1.0174766778945923,0,0,0.0,0.0,-0.5,0.0,-0.004166160244494677,-0.5203048586845398
550,5,65,1.0,1.013705849647522,0,0,0.0,0.0,-0.5,0.0,-0.006440396886318922,-0.5105788111686707
551,5,66,1.0,0.965451180934906,0,0,0.0,0.0,-0.5,0.0,-0.0031222649849951267,-0.41024163365364075
552,5,67,1.0,0.9293433427810669,0,0,0.0,0.0,-0.5,0.0,-0.0008945725858211517,-0.28053343296051025
553,5,68,1.0,0.9213889241218567,0,0,0.0,0.0,-0.5,0.0,-0.0009866836480796337,-0.055397141724824905
554,5,69,1.0,0.9269846677780151,0,0,0.0,0.0,-0.5,0.0,-0.001582693075761199,-0.036208126693964005
555,5,70,1.0,0.9541857838630676,0,0,0.0,0.0,-0.5,0.0,-0.001548911677673459,0.013310007750988007
556,5,71,1.0,0.9545432329177856,0,0,0.0,0.0,0.0,0.0,-0.0014586844481527805,0.014075405895709991
557,5,72,1.0,0.9652819037437439,0,0,0.0,0.0,0.0,0.0,-0.0015685934340581298,0.020919527858495712
558,5,73,1.0,0.9652502536773682,0,0,0.0,0.0,0.0,0.0,-0.0015636540483683348,0.020884132012724876
559,5,74,1.0,0.9674285650253296,0,0,0.0,0.0,0.0,0.0,-0.001853117486461997,0.021439040079712868
560,5,75,1.0,0.967400312423706,0,0,0.0,0.0,0.0,0.0,-0.0018538059666752815,0.021396130323410034
561,5,76,2.0,0.9790667295455933,1,0,0.0,0.0,0.0,0.0,-0.002237581880763173,0.026221642270684242
562,5,77,2.0,1.9841965436935425,1,1,0.0,0.0,0.0,0.0,0.0011026760330423713,0.0005064739380031824
563,5,78,2.0,2.0255205631256104,1,1,0.0,0.0,0.0,0.0,0.001806213753297925,-0.007245797198265791
564,5,79,2.0,2.0535566806793213,1,1,0.0,0.0,0.0,0.0,0.002324327826499939,-0.013157187029719353
565,5,80,2.0,2.0635218620300293,1,1,0.0,0.0,0.0,0.0,0.0034999593626707792,-0.013858860358595848
566,5,81,2.0,2.057781219482422,1,1,0.0,0.0,0.0,0.0,0.0046333870850503445,-0.006068604998290539
567,5,82,2.0,1.750402569770813,1,1,0.0,0.0,0.0,0.0,0.006620270665735006,0.013454101979732513
568,5,83,2.0,1.6809117794036865,1,1,0.0,0.0,0.0,0.0,0.006330730393528938,0.010255511850118637
569,5,84,2.0,1.4496369361877441,1,0,0.0,0.0,0.0,0.0,0.003549359505996108,0.0004982207901775837
570,5,85,2.0,1.4494856595993042,1,0,0.0,0.0,0.0,0.0,0.0037344852462410927,0.00016242405399680138
571,5,86,2.0,1.2039778232574463,1,0,0.0,0.0,0.0,0.0,-0.00030463244183920324,-0.020497502759099007
572,5,87,1.0,1.1600309610366821,0,0,0.0,0.0,0.0,0.0,-0.0003778758691623807,-0.027030818164348602
573,5,88,1.0,1.0370919704437256,0,0,0.0,0.0,0.0,0.0,-0.0018174783326685429,-0.02543943002820015
574,5,89,1.0,1.0309522151947021,0,0,0.0,0.0,0.0,0.0,-0.0019321655854582787,-0.022029265761375427
575,5,90,1.0,0.9933624863624573,0,0,0.0,0.0,0.0,0.0,-0.0031901688780635595,-0.004745842888951302
576,5,91,1.0,0.9921367168426514,0,0,0.0,0.0,0.0,0.0,-0.0031048248056322336,-0.0016039987094700336
577,5,92,1.0,0.9828734397888184,0,0,0.0,0.0,0.0,0.0,-0.0035311845131218433,0.022172216325998306
578,5,93,1.0,0.984939694404602,0,0,0.0,0.0,0.0,0.0,-0.0032055063638836145,0.023209137842059135
579,5,94,1.0,0.9764416217803955,0,0,0.0,0.0,0.0,0.0,-0.002802748465910554,0.14263318479061127
580,5,95,1.0,0.9760205745697021,0,0,0.0,0.0,0.0,0.0,-0.0030965448822826147,0.1635235846042633
581,5,96,1.0,0.9836535453796387,0,0,0.0,0.0,0.5,0.0,-0.0038217920809984207,0.27788951992988586
582,5,97,1.0,0.9944042563438416,0,0,0.0,0.0,0.5,0.0,-0.002078444929793477,0.4819908142089844
583,5,98,1.0,0.9922120571136475,0,0,0.0,0.0,0.5,0.0,-0.0015673759626224637,0.5388789772987366
584,5,99,1.0,0.9894130229949951,0,0,0.0,0.0,0.5,0.0,-0.0007735816179774702,0.5371866226196289
585,5,100,1.0,0.9902320504188538,0,0,0.0,0.0,0.5,0.0,0.0003216266632080078,0.546446681022644
586,5,101,1.0,0.9925106167793274,0,0,0.0,0.0,0.5,0.0,-0.0001928388373926282,0.5460838079452515
587,5,102,1.0,0.9887259006500244,0,0,0.0,0.0,0.5,0.0,-5.257040174910799e-05,0.5447593927383423
588,5,103,1.0,0.9852883815765381,0,0,0.0,0.0,0.5,0.0,-0.0005346346879377961,0.5512392520904541
589,5,104,1.0,0.984262228012085,0,0,0.0,0.0,0.5,0.0,-0.0002411619498161599,0.5526798963546753
590,5,105,1.0,0.9840967655181885,0,0,0.0,0.0,0.5,0.0,-0.0007476956816390157,0.552825927734375
591,5,106,1.0,0.9854363799095154,0,0,0.0,0.0,0.5,0.0,-0.00116765929851681,0.5533521771430969
592,6,0,1.0,0.988257646560669,0,0,0.0,0.0,0.0,0.0,-0.006588739342987537,-0.013012966141104698
593,6,1,1.0,0.990400493144989,0,0,0.0,0.0,0.0,0.0,-0.00840970128774643,-0.018376057967543602
594,6,2,1.0,0.9915573000907898,0,0,0.0,0.0,0.0,0.0,-0.007961631752550602,-0.01810215227305889
595,6,3,1.0,0.9910265207290649,0,0,0.0,0.0,0.0,0.0,-0.007407600525766611,-0.017044520005583763
596,6,4,1.0,0.9909417033195496,0,0,0.0,0.0,0.0,0.0,-0.006930597126483917,-0.014608277007937431
597,6,5,1.0,0.9909013509750366,0,0,0.0,0.0,0.0,0.0,-0.006809126120060682,-0.014116458594799042
598,6,6,1.0,0.9909226298332214,0,0,0.0,0.0,0.0,0.0,-0.007169648073613644,-0.015145866200327873
599,6,7,1.0,0.9909379482269287,0,0,0.0,0.0,0.0,0.0,-0.007147664204239845,-0.014985939487814903
600,6,8,1.0,0.9916291832923889,0,0,0.0,0.0,0.0,0.0,-0.007472356781363487,-0.015031680464744568
601,6,9,1.0,0.9916348457336426,0,0,0.0,0.0,0.0,0.0,-0.007467637304216623,-0.014986420050263405
602,6,10,1.0,0.9915094375610352,0,0,0.0,0.0,0.0,0.0,-0.007401975803077221,-0.015658972784876823
603,6,11,1.0,0.9915111064910889,0,0,0.0,0.0,0.0,0.0,-0.00740095553919673,-0.015646569430828094
604,6,12,1.0,0.9916351437568665,0,0,0.0,-0.25,0.0,0.0,-0.007671181112527847,-0.014815215021371841
605,6,13,1.0,0.9996764659881592,0,0,0.0,-0.25,0.0,0.0,-0.0511549673974514,-0.014746380969882011
606,6,14,1.0,0.99796462059021,0,0,0.0,-0.25,0.0,0.0,-0.05932776257395744,-0.01963142305612564
607,6,15,1.0,0.996291995048523,0,0,0.0,-0.25,0.0,0.0,-0.06209924444556236,-0.02027358114719391
608,6,16,1.0,0.99940025806427,0,0,0.0,-0.25,0.0,0.0,-0.06610742211341858,-0.01651732623577118
609,6,17,1.0,0.9955907464027405,0,0,0.0,-0.25,0.0,0.0,-0.06596510857343674,-0.018015224486589432
610,6,18,1.0,0.9944197535514832,0,0,0.0,-0.25,0.0,0.0,-0.06478462368249893,-0.01784917153418064
611,6,19,1.0,0.9964666366577148,0,0,0.0,-0.25,0.0,0.0,-0.06366758793592453,-0.017270833253860474
612,6,20,1.0,0.9951901435852051,0,0,0.0,-0.25,0.0,0.0,-0.05991780385375023,-0.01643187925219536
613,6,21,1.0,0.9965469837188721,0,0,0.0,-0.25,0.0,0.0,-0.0586758516728878,-0.014793682843446732
614,6,22,1.0,0.9918385148048401,0,0,0.0,-0.25,0.0,0.0,-0.05239040404558182,-0.01775183714926243
615,6,23,1.0,0.9909561276435852,0,0,0.0,-0.25,0.0,0.0,-0.05509570986032486,-0.02111637219786644
616,6,24,1.0,0.9888439178466797,0,0,0.0,-0.25,0.0,0.0,-0.044525716453790665,-0.01790008321404457
617,6,25,1.0,0.9871377944946289,0,0,0.0,-0.25,0.0,0.0,-0.04291250556707382,-0.014101574197411537
618,6,26,1.0,0.9879345893859863,0,0,0.0,-0.25,0.0,0.0,-0.036756742745637894,-0.013024384155869484
619,6,27,1.0,0.9855036735534668,0,0,0.0,-0.25,0.0,0.0,-0.03618863597512245,-0.013072209432721138
620,6,28,1.0,0.9872484803199768,0,0,0.0,-0.25,0.0,0.0,-0.034109700471162796,-0.017711183056235313
621,6,29,1.0,0.9849891066551208,0,0,0.0,-0.25,0.0,0.0,-0.033511094748973846,-0.02162586897611618
622,6,30,1.0,0.9866312146186829,0,0,0.0,-0.25,0.0,0.0,-0.031659550964832306,-0.021944543346762657
623,6,31,1.0,0.983196496963501,0,0,0.0,0.0,0.0,0.0,-0.028196336701512337,-0.020713824778795242
624,6,32,1.0,0.9811842441558838,0,0,0.0,0.0,0.0,0.0,-0.012309902347624302,-0.010428307577967644
625,6,33,1.0,0.9800715446472168,0,0,0.0,0.0,0.0,0.0,-0.002381938509643078,-0.008793134242296219
626,6,34,1.0,0.9802732467651367,0,0,0.0,0.0,0.0,0.0,-0.0007203317363746464,-0.00979556143283844
627,6,35,1.0,0.9803776741027832,0,0,0.0,0.0,0.0,0.0,0.0003207234258297831,-0.009886314161121845
628,6,36,1.0,0.979911744594574,0,0,0.0,0.0,0.0,0.0,0.0011641563614830375,-0.012802442535758018
629,6,37,1.0,0.9799532294273376,0,0,0.0,0.0,0.0,0.0,0.0013323839521035552,-0.01275666430592537
630,6,38,1.0,0.9810361266136169,0,0,0.0,0.0,0.0,0.0,0.001578788971528411,-0.01155238226056099
631,6,39,1.0,0.9810408353805542,0,0,0.0,0.25,0.0,0.0,0.0016172491014003754,-0.011527672410011292
632,6,40,1.0,0.9817646145820618,0,0,0.0,0.0,0.0,0.0,0.025703024119138718,-0.008721262216567993
633,6,41,1.0,0.9788012504577637,0,0,0.0,0.0,0.0,0.0,0.01280346978455782,-0.01107759214937687
634,6,42,1.0,0.9823054671287537,0,0,0.0,0.0,0.0,0.0,0.004546971991658211,-0.009895451366901398
635,6,43,1.0,0.9813997745513916,0,0,0.0,0.0,0.0,0.0,0.002411594381555915,-0.009269751608371735
636,6,44,1.0,0.98118656873703,0,0,0.0,0.0,0.0,0.0,0.0014218848664313555,-0.00856282003223896
637,6,45,1.0,0.9811567664146423,0,0,0.0,0.0,0.0,0.0,0.0011499919928610325,-0.008581757545471191
638,6,46,1.0,0.9807306528091431,0,0,0.0,0.0,0.0,0.0,0.0015302463434636593,-0.00965163018554449
639,6,47,1.0,0.9807270169258118,0,0,0.0,0.0,0.0,0.0,0.0014833806781098247,-0.00966760702431202
640,6,48,1.0,0.9817430973052979,0,0,0.0,0.25,0.0,0.0,0.0010920095955953002,-0.007755882106721401
641,6,49,1.0,0.9823521971702576,0,0,0.0,0.0,0.0,0.0,0.026691539213061333,-0.007539000827819109
642,6,50,1.0,0.982609212398529,0,0,0.0,0.0,0.0,0.0,0.01157448347657919,-0.013838749378919601
643,6,51,1.0,0.980629563331604,0,0,0.0,0.0,0.0,0.0,0.004609026946127415,-0.014929698780179024
644,6,52,1.0,0.9824854135513306,0,0,0.0,0.0,0.0,0.0,0.001516887336038053,-0.015046652406454086
645,6,53,1.0,0.9823958277702332,0,0,0.0,0.0,0.0,0.0,0.0006762841367162764,-0.014814792200922966
646,6,54,1.0,0.9828671813011169,0,0,0.0,0.0,0.0,0.0,-2.1648786059813574e-05,-0.01313231885433197
647,6,55,1.0,0.9828382730484009,0,0,0.0,0.0,0.0,0.0,-0.0001415801962139085,-0.013154171407222748
648,6,56,1.0,0.9834362864494324,0,0,0.0,0.0,0.0,0.0,-0.0002027160080615431,-0.014913691207766533
649,6,57,1.0,0.9834332466125488,0,0,0.0,0.0,0.0,0.0,-0.00022684282157570124,-0.01492222212255001
650,6,58,1.0,0.9833394885063171,0,0,0.0,0.0,0.0,0.0,-0.00019035809964407235,-0.014828316867351532
651,6,59,1.0,0.983339786529541,0,0,0.0,0.0,0.0,0.0,-0.0001970944576896727,-0.01483152061700821
652,6,60,1.0,0.9833540916442871,0,0,0.0,0.0,0.0,0.0,-0.00023154375958256423,-0.015043288469314575
653,6,61,1.0,0.9833545684814453,0,0,0.0,0.0,-0.5,0.0,-0.0002335649769520387,-0.01504426822066307
654,6,62,1.0,1.009171962738037,0,0,0.0,0.0,-0.5,0.0,-0.004960125312209129,-0.4907028377056122
655,6,63,1.0,1.034045696258545,0,0,0.0,0.0,-0.5,0.0,-0.005303678568452597,-0.546653687953949
656,6,64,1.0,1.0320184230804443,0,0,0.0,0.0,-0.5,0.0,-0.004513082560151815,-0.5436557531356812
657,6,65,1.0,1.0041688680648804,0,0,0.0,0.0,-0.5,0.0,-0.005915211047977209,-0.5128505825996399
658,6,66,1.0,0.9801881313323975,0,0,0.0,0.0,-0.5,0.0,-0.004648711532354355,-0.45415768027305603
659,6,67,1.0,0.9485543370246887,0,0,0.0,0.0,-0.5,0.0,-0.0011908102314919233,-0.3691280782222748
660,6,68,1.0,0.9116672873497009,0,0,0.0,0.0,-0.5,0.0,-0.0005985275493003428,-0.17192509770393372
661,6,69,1.0,0.9286693334579468,0,0,0.0,0.0,-0.5,0.0,-0.0010627686278894544,-0.08540734648704529
662,6,70,1.0,0.9527702331542969,0,0,0.0,0.0,-0.5,0.0,-0.0005235116113908589,-0.006510494276881218
663,6,71,1.0,0.9556249380111694,0,0,0.0,0.0,-0.5,0.0,-0.0006557172164320946,-0.0030023902654647827
664,6,72,1.0,0.9713162183761597,0,0,0.0,0.0,0.0,0.0,-0.0022941066417843103,0.01677703857421875
665,6,73,1.0,0.9715731143951416,0,0,0.0,0.0,0.0,0.0,-0.0023097144439816475,0.017175940796732903
666,6,74,1.0,0.97487473487854,0,0,0.0,0.0,0.0,0.0,-0.002383850747719407,0.01577340066432953
667,6,75,1.0,0.9749472737312317,0,0,0.0,0.0,0.0,0.0,-0.0023806404788047075,0.015840696170926094
668,6,76,1.0,0.9732061624526978,0,0,0.0,0.0,0.0,0.0,-0.0023223108146339655,0.014450978487730026
669,6,77,1.0,0.9732712507247925,0,0,0.0,0.0,0.0,0.0,-0.0023183992598205805,0.014509722590446472
670,6,78,2.0,0.9672590494155884,1,0,0.0,0.0,0.0,0.0,-0.00231613009236753,0.009870380163192749
671,6,79,2.0,1.9863128662109375,1,1,0.0,0.0,0.0,0.0,-0.0009114255663007498,-0.0012906580232083797
672,6,80,2.0,2.025688886642456,1,1,0.0,0.0,0.0,0.0,0.0012086281785741448,-0.009068988263607025
673,6,81,2.0,2.038966655731201,1,1,0.0,0.0,0.0,0.0,0.0016347470227628946,-0.011356141418218613
674,6,82,2.0,2.0445733070373535,1,1,0.0,0.0,0.0,0.0,0.00043846768676303327,-0.006639628671109676
675,6,83,2.0,1.9970262050628662,1,1,0.0,0.0,0.0,0.0,0.005581296514719725,-0.004395816940814257
676,6,84,2.0,1.7843945026397705,1,1,0.0,0.0,0.0,0.0,0.005356206092983484,0.003536502830684185
677,6,85,2.0,1.796085238456726,1,1,0.0,0.0,0.0,0.0,0.005387271288782358,0.004749037325382233
678,6,86,2.0,1.5089422464370728,1,1,0.0,0.0,0.0,0.0,0.001235906151123345,0.006267400924116373
679,6,87,2.0,1.4390897750854492,1,0,0.0,0.0,0.0,0.0,0.0007634846842847764,0.000809449004009366
680,6,88,2.0,1.1589925289154053,1,0,0.0,0.0,0.0,0.0,-0.0023738425225019455,-0.021194176748394966
681,6,89,2.0,1.1105016469955444,1,0,0.0,0.0,0.0,0.0,-0.003122858004644513,-0.0211259163916111
682,6,90,1.0,1.029420018196106,0,0,0.0,0.0,0.0,0.0,-0.003402175847440958,0.014548586681485176
683,6,91,1.0,1.0272735357284546,0,0,0.0,0.0,0.0,0.0,-0.0033545009791851044,0.016447456553578377
684,6,92,1.0,1.0010900497436523,0,0,0.0,0.0,0.0,0.0,-0.004732773173600435,0.11934041231870651
685,6,93,1.0,1.0020235776901245,0,0,0.0,0.0,0.0,0.0,-0.004459190182387829,0.10416664183139801
686,6,94,1.0,0.9990949034690857,0,0,0.0,0.0,0.0,0.0,-0.0038947986904531717,0.19877371191978455
687,6,95,1.0,0.999039888381958,0,0,0.0,0.0,0.0,0.0,-0.00392358610406518,0.20216397941112518
688,6,96,1.0,0.9977931976318359,0,0,0.0,0.0,0.0,0.0,-0.003911315929144621,0.23311124742031097
689,6,97,1.0,0.9978604316711426,0,0,0.0,0.0,0.5,0.0,-0.003916097339242697,0.2323032170534134
690,6,98,1.0,0.9941733479499817,0,0,0.0,0.0,0.5,0.0,-0.0035594541113823652,0.3108990490436554
691,6,99,1.0,0.9967273473739624,0,0,0.0,0.0,0.5,0.0,-0.0007040261407382786,0.541218101978302
692,6,100,1.0,0.9965686798095703,0,0,0.0,0.0,0.5,0.0,-0.0004878448380623013,0.5449504852294922
693,6,101,1.0,0.9925145506858826,0,0,0.0,0.0,0.5,0.0,0.0001624502765480429,0.5469554662704468
694,6,102,1.0,0.9902617931365967,0,0,0.0,0.0,0.5,0.0,-0.0002614310651551932,0.548448383808136
695,6,103,1.0,0.9889461994171143,0,0,0.0,0.0,0.5,0.0,-0.001002637087367475,0.5516258478164673
696,6,104,1.0,0.9846947193145752,0,0,0.0,0.0,0.5,0.0,5.909450555918738e-05,0.5509772300720215
697,6,105,1.0,0.9820521473884583,0,0,0.0,0.0,0.5,0.0,-4.927011832478456e-05,0.5523446798324585
698,6,106,1.0,0.9837826490402222,0,0,0.0,0.0,0.5,0.0,-0.000535662635229528,0.5513682961463928
699,6,107,1.0,0.9820563197135925,0,0,0.0,0.0,0.5,0.0,-0.00062143849208951,0.5518673062324524
700,7,0,1.0,0.9842694401741028,0,0,0.0,0.0,0.0,0.0,0.009994694031774998,-0.003571478184312582
701,7,1,1.0,0.9869561195373535,0,0,0.0,0.0,0.0,0.0,0.007908136583864689,-0.01364884339272976
702,7,2,1.0,0.986769437789917,0,0,0.0,0.0,0.0,0.0,0.008114014752209187,-0.011274240911006927
703,7,3,1.0,0.9859750270843506,0,0,0.0,0.0,0.0,0.0,0.00884779542684555,-0.009673911146819592
704,7,4,1.0,0.9862449169158936,0,0,0.0,0.0,0.0,0.0,0.009075308218598366,-0.011018440127372742
705,7,5,1.0,0.9861899018287659,0,0,0.0,0.0,0.0,0.0,0.009231547825038433,-0.010307064279913902
706,7,6,1.0,0.9872366189956665,0,0,0.0,0.0,0.0,0.0,0.010331614874303341,-0.010692877694964409
707,7,7,1.0,0.9872531890869141,0,0,0.0,0.0,0.0,0.0,0.01035866979509592,-0.010457649827003479
708,7,8,1.0,0.9872382879257202,0,0,0.0,0.0,0.0,0.0,0.01045641116797924,-0.009101810865104198
709,7,9,1.0,0.9872443079948425,0,0,0.0,0.0,0.0,0.0,0.010460938327014446,-0.009037517942488194
710,7,10,1.0,0.9871279001235962,0,0,0.0,0.0,0.0,0.0,0.010371936485171318,-0.009401332587003708
711,7,11,1.0,0.9871299266815186,0,0,0.0,0.0,0.0,0.0,0.010372789576649666,-0.00938437506556511
712,7,12,1.0,0.987126886844635,0,0,0.0,0.0,0.0,0.0,0.010352504439651966,-0.009397020563483238
713,7,13,1.0,0.987127423286438,0,0,0.0,0.0,0.0,0.0,0.010352687910199165,-0.009392701089382172
714,7,14,1.0,0.9857598543167114,0,0,0.0,0.25,0.0,0.0,0.010824017226696014,-0.009991411119699478
715,7,15,1.0,0.9894375205039978,0,0,0.0,0.25,0.0,0.0,0.08422780781984329,-0.0008472539484500885
716,7,16,1.0,0.9974089860916138,0,0,0.0,0.25,0.0,0.0,0.09824340045452118,-0.010427827015519142
717,7,17,1.0,0.9977651238441467,0,0,0.0,0.25,0.0,0.0,0.10002097487449646,-0.011650452390313148
718,7,18,1.0,0.9917014837265015,0,0,0.0,0.25,0.0,0.0,0.10093905031681061,-0.009944889694452286
719,7,19,1.0,0.9958327412605286,0,0,0.0,0.25,0.0,0.0,0.10271410644054413,-0.011588368564844131
720,7,20,1.0,0.9867527484893799,0,0,0.0,0.25,0.0,0.0,0.09863696992397308,-0.009120836853981018
721,7,21,1.0,0.9801244139671326,0,0,0.0,0.25,0.0,0.0,0.0946783795952797,-0.010499337688088417
722,7,22,1.0,0.9760076403617859,0,0,0.0,0.25,0.0,0.0,0.08984970301389694,-0.013388117775321007
723,7,23,1.0,0.9763263463973999,0,0,0.0,0.25,0.0,0.0,0.08523080497980118,-0.017759596928954124
724,7,24,1.0,0.9729984998703003,0,0,0.0,0.25,0.0,0.0,0.07715274393558502,-0.01397169940173626
725,7,25,1.0,0.9716511368751526,0,0,0.0,0.25,0.0,0.0,0.07469217479228973,-0.014981647953391075
726,7,26,1.0,0.9752591252326965,0,0,0.0,0.25,0.0,0.0,0.07069110870361328,-0.013288790360093117
727,7,27,1.0,0.9716696739196777,0,0,0.0,0.25,0.0,0.0,0.06570366024971008,-0.014684058725833893
728,7,28,1.0,0.971855103969574,0,0,0.0,0.25,0.0,0.0,0.05843804404139519,-0.010436926037073135
729,7,29,1.0,0.9678189754486084,0,0,0.0,0.25,0.0,0.0,0.055089324712753296,-0.010753557085990906
730,7,30,1.0,0.967007040977478,0,0,0.0,0.0,0.0,0.0,0.05197529494762421,-0.016057470813393593
731,7,31,1.0,0.9733929634094238,0,0,0.0,0.0,0.0,0.0,0.023226650431752205,-0.015966622158885002
732,7,32,1.0,0.9777504205703735,0,0,0.0,0.0,0.0,0.0,0.007979408837854862,-0.022599956020712852
733,7,33,1.0,0.9794677495956421,0,0,0.0,0.0,0.0,0.0,0.0021885125897824764,-0.023256966844201088
734,7,34,1.0,0.9812517166137695,0,0,0.0,0.0,0.0,0.0,0.00019259497639723122,-0.024505285546183586
735,7,35,1.0,0.9815127849578857,0,0,0.0,0.0,0.0,0.0,-0.0004580412060022354,-0.024731356650590897
736,7,36,1.0,0.9806625843048096,0,0,0.0,0.0,0.0,0.0,-0.0009681784431450069,-0.02887696400284767
737,7,37,1.0,0.9807146787643433,0,0,0.0,0.0,0.0,0.0,-0.0010972637683153152,-0.029018590226769447
738,7,38,1.0,0.9812619686126709,0,0,0.0,0.0,0.0,0.0,-0.0015364100690931082,-0.03012786991894245
739,7,39,1.0,0.9812717437744141,0,0,0.0,0.0,0.0,0.0,-0.0015657416079193354,-0.03016958199441433
740,7,40,1.0,0.9812569618225098,0,0,0.0,0.0,0.0,0.0,-0.0015712383901700377,-0.03035961091518402
741,7,41,1.0,0.9812584519386292,0,0,0.0,0.25,0.0,0.0,-0.0015781595138832927,-0.03037092462182045
742,7,42,1.0,0.971460223197937,0,0,0.0,0.0,0.0,0.0,0.03496847301721573,-0.01539800688624382
743,7,43,1.0,0.9787067770957947,0,0,0.0,0.0,0.0,0.0,0.013338558375835419,-0.019149739295244217
744,7,44,1.0,0.9834344387054443,0,0,0.0,0.0,0.0,0.0,0.002716277027502656,-0.018140142783522606
745,7,45,1.0,0.9843334555625916,0,0,0.0,0.0,0.0,0.0,-0.0001928814745042473,-0.01802375167608261
746,7,46,1.0,0.9838657975196838,0,0,0.0,0.0,0.0,0.0,-0.0011911386391147971,-0.019054114818572998
747,7,47,1.0,0.9839605689048767,0,0,0.0,0.0,0.0,0.0,-0.0015020002610981464,-0.01912870444357395
748,7,48,1.0,0.984562873840332,0,0,0.0,0.0,0.0,0.0,-0.0016169196460396051,-0.018854061141610146
749,7,49,1.0,0.9845753312110901,0,0,0.0,0.0,0.0,0.0,-0.00165982183534652,-0.018883300945162773
750,7,50,1.0,0.9847363829612732,0,0,0.0,0.0,0.0,0.0,-0.0016501436475664377,-0.01854800432920456
751,7,51,1.0,0.9847381114959717,0,0,0.0,0.0,-0.5,0.0,-0.0016585238045081496,-0.018557598814368248
752,7,52,1.0,1.006561517715454,0,0,0.0,0.0,-0.5,0.0,-0.0031300720293074846,-0.5039188265800476
753,7,53,1.0,1.0314762592315674,0,0,0.0,0.0,-0.5,0.0,-0.005039386451244354,-0.5465214848518372
754,7,54,1.0,1.0338393449783325,0,0,0.0,0.0,-0.5,0.0,-0.004338412079960108,-0.5517719388008118
755,7,55,1.0,1.0408226251602173,0,0,0.0,0.0,-0.5,0.0,-0.007962798699736595,-0.5490882992744446
756,7,56,1.0,1.0036530494689941,0,0,0.0,0.0,-0.5,0.0,-0.00453907111659646,-0.4874928295612335
757,7,57,1.0,0.9705139994621277,0,0,0.0,0.0,-0.5,0.0,-0.004042376764118671,-0.4245712459087372
758,7,58,1.0,0.9282072186470032,0,0,0.0,0.0,-0.5,0.0,-0.0019489125115796924,-0.24892771244049072
759,7,59,1.0,0.9255446195602417,0,0,0.0,0.0,-0.5,0.0,-0.0016259615076705813,-0.12279598414897919
760,7,60,1.0,0.9367193579673767,0,0,0.0,0.0,-0.5,0.0,-0.0014677925501018763,-0.02932926081120968
761,7,61,1.0,0.9372091293334961,0,0,0.0,0.0,-0.5,0.0,-0.0013359469594433904,-0.028439689427614212
762,7,62,1.0,0.9427182078361511,0,0,0.0,0.0,-0.5,0.0,-0.0017920826794579625,-0.010463695973157883
763,7,63,1.0,0.9427641034126282,0,0,0.0,0.0,-0.5,0.0,-0.0017721278127282858,-0.01036548800766468
764,7,64,1.0,0.9438717365264893,0,0,0.0,0.0,0.0,0.0,-0.0020275888964533806,-0.007641005329787731
765,7,65,1.0,0.9438260793685913,0,0,0.0,0.0,0.0,0.0,-0.00202227383852005,-0.007715218234807253
766,7,66,1.0,0.9438683390617371,0,0,0.0,0.0,0.0,0.0,-0.002286790870130062,-0.0063141118735075
767,7,67,1.0,0.9438268542289734,0,0,0.0,0.0,0.0,0.0,-0.0022868618834763765,-0.0063756369054317474
768,7,68,1.0,0.9444883465766907,0,0,0.0,0.0,0.0,0.0,-0.0023245688062161207,-0.00574615690857172
769,7,69,1.0,0.9444454908370972,0,0,0.0,0.0,0.0,0.0,-0.002325268229469657,-0.0058105275966227055
770,7,70,2.0,0.9457129836082458,1,0,0.0,0.0,0.0,0.0,-0.0021137106232345104,-0.009231744334101677
771,7,71,2.0,1.195149302482605,1,0,0.0,0.0,0.0,0.0,-0.005308457650244236,-0.0019839154556393623
772,7,72,2.0,1.8440096378326416,1,1,0.0,0.0,0.0,0.0,-0.0005764839588664472,0.004074512515217066
773,7,73,2.0,1.9935352802276611,1,1,0.0,0.0,0.0,0.0,0.0010710154892876744,-0.0019284012960270047
774,7,74,2.0,2.0335042476654053,1,1,0.0,0.0,0.0,0.0,0.0019041126361116767,-0.0055845556780695915
775,7,75,2.0,2.062115430831909,1,1,0.0,0.0,0.0,0.0,0.002298330655321479,0.0009411841165274382
776,7,76,2.0,2.0446383953094482,1,1,0.0,0.0,0.0,0.0,0.005911718588322401,-0.017783377319574356
777,7,77,2.0,2.076082229614258,1,1,0.0,0.0,0.0,0.0,0.0049486611969769,-0.0076950304210186005
778,7,78,2.0,2.02371883392334,1,1,0.0,0.0,0.0,0.0,0.00697287218645215,-0.004124145954847336
779,7,79,2.0,2.0156121253967285,1,1,0.0,0.0,0.0,0.0,0.007528797257691622,-0.003821559250354767
780,7,80,2.0,1.5990324020385742,1,1,0.0,0.0,0.0,0.0,0.005301415920257568,-0.009135661646723747
781,7,81,2.0,1.4165830612182617,1,0,0.0,0.0,0.0,0.0,0.0027509473729878664,-0.017996322363615036
782,7,82,2.0,1.1810520887374878,1,0,0.0,0.0,0.0,0.0,-0.0017286090878769755,-0.028485024347901344
783,7,83,2.0,1.1657800674438477,1,0,0.0,0.0,0.0,0.0,-0.0017830582801252604,-0.028744926676154137
784,7,84,1.0,1.0479596853256226,0,0,0.0,0.0,0.0,0.0,-0.0034229177981615067,-0.028056852519512177
785,7,85,1.0,1.0468645095825195,0,0,0.0,0.0,0.0,0.0,-0.0033695471938699484,-0.025669429451227188
786,7,86,1.0,0.9968424439430237,0,0,0.0,0.0,0.0,0.0,-0.004298444837331772,0.01123683713376522
787,7,87,1.0,0.9991967678070068,0,0,0.0,0.0,0.0,0.0,-0.003875761991366744,0.008007410913705826
788,7,88,1.0,0.983169674873352,0,0,0.0,0.0,0.0,0.0,-0.004375110846012831,0.16252928972244263
789,7,89,1.0,0.9834452867507935,0,0,0.0,0.0,0.0,0.0,-0.004245481453835964,0.15522168576717377
790,7,90,1.0,0.9840543270111084,0,0,0.0,0.0,0.0,0.0,-0.004265048541128635,0.2372157871723175
791,7,91,1.0,0.9850619435310364,0,0,0.0,0.0,0.5,0.0,-0.00415749242529273,0.24352368712425232
792,7,92,1.0,0.9935921430587769,0,0,0.0,0.0,0.5,0.0,-0.002750630956143141,0.48446500301361084
793,7,93,1.0,0.9975084066390991,0,0,0.0,0.0,0.5,0.0,-0.0013909779954701662,0.5247251391410828
794,7,94,1.0,0.9952883720397949,0,0,0.0,0.0,0.5,0.0,-0.0009457538835704327,0.540471076965332
795,7,95,1.0,0.9944714307785034,0,0,0.0,0.0,0.5,0.0,-0.0007700823480263352,0.5407301783561707
796,7,96,1.0,0.9951806664466858,0,0,0.0,0.0,0.5,0.0,-0.0010478431358933449,0.5459489822387695
797,7,97,1.0,0.9906200170516968,0,0,0.0,0.0,0.5,0.0,-0.0006009056814946234,0.5484902262687683
798,7,98,1.0,0.9879476428031921,0,0,0.0,0.0,0.5,0.0,-0.0010068864794448018,0.5500868558883667
799,7,99,1.0,0.9855937957763672,0,0,0.0,0.0,0.5,0.0,-0.0011561019346117973,0.5538050532341003
800,7,100,1.0,0.9861113429069519,0,0,0.0,0.0,0.5,0.0,-0.0014686910435557365,0.553601086139679
801,7,101,1.0,0.986477792263031,0,0,0.0,0.0,0.5,0.0,-0.002149952109903097,0.5511060953140259
802,8,0,1.0,0.9842694997787476,0,0,0.0,0.0,0.0,0.0,0.0099946903064847,-0.0035714400000870228
803,8,1,1.0,0.9869561195373535,0,0,0.0,0.0,0.0,0.0,0.007908136583864689,-0.013648854568600655
804,8,2,1.0,0.986769437789917,0,0,0.0,0.0,0.0,0.0,0.008114026859402657,-0.011274231597781181
805,8,3,1.0,0.9859749674797058,0,0,0.0,0.0,0.0,0.0,0.008847789838910103,-0.009673889726400375
806,8,4,1.0,0.9862449765205383,0,0,0.0,0.0,0.0,0.0,0.009075310081243515,-0.011018479242920876
807,8,5,1.0,0.9861899018287659,0,0,0.0,0.0,0.0,0.0,0.00923157949000597,-0.01030709221959114
808,8,6,1.0,0.9872366189956665,0,0,0.0,0.0,0.0,0.0,0.010331626050174236,-0.01069285161793232
809,8,7,1.0,0.9872531890869141,0,0,0.0,0.0,0.0,0.0,0.010358653962612152,-0.010457657277584076
810,8,8,1.0,0.9872384071350098,0,0,0.0,0.0,0.0,0.0,0.010456414893269539,-0.00910177268087864
811,8,9,1.0,0.9872443079948425,0,0,0.0,0.0,0.0,0.0,0.010460928082466125,-0.009037517011165619
812,8,10,1.0,0.987127959728241,0,0,0.0,0.0,0.0,0.0,0.01037192065268755,-0.00940130464732647
813,8,11,1.0,0.9871299266815186,0,0,0.0,0.0,0.0,0.0,0.01037278026342392,-0.009384382516145706
814,8,12,1.0,0.9871268272399902,0,0,0.0,0.0,0.0,0.0,0.010352504439651966,-0.009397048503160477
815,8,13,1.0,0.9871274828910828,0,0,0.0,0.0,0.0,0.0,0.010352706536650658,-0.009392705745995045
816,8,14,1.0,0.9857598543167114,0,0,0.0,0.25,0.0,0.0,0.010824023745954037,-0.009991314262151718
817,8,15,1.0,0.989437460899353,0,0,0.0,0.25,0.0,0.0,0.08422776311635971,-0.0008472696645185351
818,8,16,1.0,0.9974089860916138,0,0,0.0,0.25,0.0,0.0,0.09824340045452118,-0.010427886620163918
819,8,17,1.0,0.997765064239502,0,0,0.0,0.25,0.0,0.0,0.10002096742391586,-0.011650489643216133
820,8,18,1.0,0.9917014241218567,0,0,0.0,0.25,0.0,0.0,0.1009390577673912,-0.00994485430419445
821,8,19,1.0,0.9958326816558838,0,0,0.0,0.25,0.0,0.0,0.10271409898996353,-0.01158841885626316
822,8,20,1.0,0.9867528676986694,0,0,0.0,0.25,0.0,0.0,0.09863697737455368,-0.00912085734307766
823,8,21,1.0,0.9801244735717773,0,0,0.0,0.25,0.0,0.0,0.0946783795952797,-0.010499361902475357
824,8,22,1.0,0.9760076403617859,0,0,0.0,0.25,0.0,0.0,0.08984969556331635,-0.013388127088546753
825,8,23,1.0,0.9763262867927551,0,0,0.0,0.25,0.0,0.0,0.08523081243038177,-0.017759544774889946
826,8,24,1.0,0.9729986190795898,0,0,0.0,0.25,0.0,0.0,0.07715272158384323,-0.013971647247672081
827,8,25,1.0,0.9716510772705078,0,0,0.0,0.25,0.0,0.0,0.07469214498996735,-0.014981625601649284
828,8,26,1.0,0.9752590656280518,0,0,0.0,0.25,0.0,0.0,0.07069109380245209,-0.013288864865899086
829,8,27,1.0,0.9716696739196777,0,0,0.0,0.25,0.0,0.0,0.06570366770029068,-0.014683987945318222
830,8,28,1.0,0.971855103969574,0,0,0.0,0.25,0.0,0.0,0.058438029140233994,-0.010436970740556717
831,8,29,1.0,0.9678188562393188,0,0,0.0,0.25,0.0,0.0,0.0550893172621727,-0.010753614827990532
832,8,30,1.0,0.9677914381027222,0,0,0.0,0.25,0.0,0.0,0.0516187883913517,-0.015500826761126518
833,8,31,1.0,0.9677519798278809,0,0,0.0,0.0,0.0,0.0,0.051634594798088074,-0.020616620779037476
834,8,32,1.0,0.9751899838447571,0,0,0.0,0.0,0.0,0.0,0.02027713693678379,-0.01968681439757347
835,8,33,1.0,0.9819009900093079,0,0,0.0,0.0,0.0,0.0,0.005598611664026976,-0.01779567264020443
836,8,34,1.0,0.9826840162277222,0,0,0.0,0.0,0.0,0.0,0.0007404170464724302,-0.017918361350893974
837,8,35,1.0,0.9831859469413757,0,0,0.0,0.0,0.0,0.0,-0.0007574907504022121,-0.018208013847470284
838,8,36,1.0,0.9840065240859985,0,0,0.0,0.0,0.0,0.0,-0.0012695291079580784,-0.019050411880016327
839,8,37,1.0,0.9840697050094604,0,0,0.0,0.0,0.0,0.0,-0.0014641148736700416,-0.019144676625728607
840,8,38,1.0,0.9843339920043945,0,0,0.0,0.0,0.0,0.0,-0.001624327152967453,-0.019506866112351418
841,8,39,1.0,0.984344482421875,0,0,0.0,0.0,0.0,0.0,-0.0016648337477818131,-0.019546573981642723
842,8,40,1.0,0.9843908548355103,0,0,0.0,0.0,0.0,0.0,-0.0015842278953641653,-0.019691839814186096
843,8,41,1.0,0.9843920469284058,0,0,0.0,0.0,0.0,0.0,-0.001592881279066205,-0.019702186807990074
844,8,42,1.0,0.9840965867042542,0,0,0.0,0.0,0.0,0.0,-0.001483776024542749,-0.02004808932542801
845,8,43,1.0,0.9840964078903198,0,0,0.0,0.0,0.0,0.0,-0.0014846003614366055,-0.02004982903599739
846,8,44,1.0,0.9839797616004944,0,0,0.0,0.0,0.0,0.0,-0.001599270268343389,-0.019894441589713097
847,8,45,1.0,0.9839789867401123,0,0,0.0,-0.25,0.0,0.0,-0.0015982406912371516,-0.01989424228668213
848,8,46,1.0,0.9911905527114868,0,0,0.0,0.0,0.0,0.0,-0.025165334343910217,-0.019249556586146355
849,8,47,1.0,0.9871522188186646,0,0,0.0,0.0,0.0,0.0,-0.013069071806967258,-0.023090114817023277
850,8,48,1.0,0.9832321405410767,0,0,0.0,0.0,0.0,0.0,-0.0057990821078419685,-0.0264612827450037
851,8,49,1.0,0.9822672605514526,0,0,0.0,0.0,0.0,0.0,-0.002774550812318921,-0.025931430980563164
852,8,50,1.0,0.9832406044006348,0,0,0.0,0.0,0.0,0.0,-0.002157486043870449,-0.027139434590935707
853,8,51,1.0,0.9831286072731018,0,0,0.0,0.0,0.0,0.0,-0.0017850573640316725,-0.026926739141345024
854,8,52,1.0,0.9824852347373962,0,0,0.0,0.0,0.0,0.0,-0.0018324092961847782,-0.03245218098163605
855,8,53,1.0,0.9824597239494324,0,0,0.0,0.0,0.0,0.0,-0.0017604820895940065,-0.0323949009180069
856,8,54,1.0,0.9824497699737549,0,0,0.0,0.0,0.0,0.0,-0.0016519579803571105,-0.031021228060126305
857,8,55,1.0,0.9824444651603699,0,0,0.0,0.0,-0.5,0.0,-0.0016342343296855688,-0.031001925468444824
858,8,56,1.0,1.0177758932113647,0,0,0.0,0.0,-0.5,0.0,-0.002392388880252838,-0.5275536179542542
859,8,57,1.0,1.03360915184021,0,0,0.0,0.0,-0.5,0.0,-0.004979755263775587,-0.5482447147369385
860,8,58,1.0,1.031955361366272,0,0,0.0,0.0,-0.5,0.0,-0.003312846180051565,-0.5509891510009766
861,8,59,1.0,1.0235884189605713,0,0,0.0,0.0,-0.5,0.0,-0.0062827435322105885,-0.5341269373893738
862,8,60,1.0,1.0189687013626099,0,0,0.0,0.0,-0.5,0.0,-0.004535121843218803,-0.5078009963035583
863,8,61,1.0,0.9740347862243652,0,0,0.0,0.0,-0.5,0.0,-0.003747829468920827,-0.4432637691497803
864,8,62,1.0,0.921920895576477,0,0,0.0,0.0,-0.5,0.0,-0.0016490255948156118,-0.22577302157878876
865,8,63,1.0,0.9228664636611938,0,0,0.0,0.0,-0.5,0.0,-0.0005958257243037224,-0.10691692680120468
866,8,64,1.0,0.9361155033111572,0,0,0.0,0.0,-0.5,0.0,-0.0015887535410001874,-0.011392267420887947
867,8,65,1.0,0.936660885810852,0,0,0.0,0.0,-0.5,0.0,-0.0014544508885592222,-0.010515246540307999
868,8,66,1.0,0.960841178894043,0,0,0.0,0.0,-0.5,0.0,-0.0015747217694297433,0.019141800701618195
869,8,67,1.0,0.9608837366104126,0,0,0.0,0.0,-0.5,0.0,-0.0015570076648145914,0.019239796325564384
870,8,68,1.0,0.9666980504989624,0,0,0.0,0.0,0.0,0.0,-0.0017685148632153869,0.021798959001898766
871,8,69,1.0,0.9666634202003479,0,0,0.0,0.0,0.0,0.0,-0.0017666247440502048,0.02175373025238514
872,8,70,1.0,0.9684556126594543,0,0,0.0,0.0,0.0,0.0,-0.0017475067870691419,0.023364363238215446
873,8,71,1.0,0.9684197902679443,0,0,0.0,0.0,0.0,0.0,-0.0017501912079751492,0.023322924971580505
874,8,72,1.0,0.9704967737197876,0,0,0.0,0.0,0.0,0.0,-0.0017972984351217747,0.023068107664585114
875,8,73,2.0,0.9704639911651611,1,0,0.0,0.0,0.0,0.0,-0.00180013757199049,0.02302558906376362
876,8,74,2.0,2.0005617141723633,1,1,0.0,0.0,0.0,0.0,0.00175024988129735,-0.0009951998945325613
877,8,75,2.0,2.030488967895508,1,1,0.0,0.0,0.0,0.0,0.0017662205500528216,-0.004940390586853027
878,8,76,2.0,2.0364577770233154,1,1,0.0,0.0,0.0,0.0,0.0020861919037997723,-0.01176605373620987
879,8,77,2.0,2.055513620376587,1,1,0.0,0.0,0.0,0.0,0.0029997657984495163,-0.01439233124256134
880,8,78,2.0,2.0668914318084717,1,1,0.0,0.0,0.0,0.0,0.0039574215188622475,-0.005107156001031399
881,8,79,2.0,2.0118789672851562,1,1,0.0,0.0,0.0,0.0,0.00665300665423274,0.0015856779646128416
882,8,80,2.0,1.5363374948501587,1,1,0.0,0.0,0.0,0.0,0.004899789113551378,0.004768109414726496
883,8,81,2.0,1.5109267234802246,1,1,0.0,0.0,0.0,0.0,0.005220698192715645,0.0026443693786859512
884,8,82,2.0,1.3481531143188477,1,0,0.0,0.0,0.0,0.0,0.0022195344790816307,-0.009110288694500923
885,8,83,2.0,1.351879358291626,1,0,0.0,0.0,0.0,0.0,0.0024791345931589603,-0.01058422401547432
886,8,84,2.0,1.1086208820343018,1,0,0.0,0.0,0.0,0.0,-0.0007478670449927449,-0.029451394453644753
887,8,85,2.0,1.0984402894973755,1,0,0.0,0.0,0.0,0.0,-0.0008609562646597624,-0.02875536121428013
888,8,86,1.0,1.004967212677002,0,0,0.0,0.0,0.0,0.0,-0.0026969024911522865,-0.012384338304400444
889,8,87,1.0,0.9990895986557007,0,0,0.0,0.0,0.0,0.0,-0.002827791962772608,-0.0059755886904895306
890,8,88,1.0,0.9834451079368591,0,0,0.0,0.0,0.0,0.0,-0.003251271555200219,0.023446237668395042
891,8,89,1.0,0.9813317656517029,0,0,0.0,0.0,0.0,0.0,-0.003437684616073966,0.026280203834176064
892,8,90,1.0,0.9762957096099854,0,0,0.0,0.0,0.0,0.0,-0.0032574874348938465,0.08144757896661758
893,8,91,1.0,0.9747092723846436,0,0,0.0,0.0,0.0,0.0,-0.003655211301520467,0.09118683636188507
894,8,92,1.0,0.9792956709861755,0,0,0.0,0.0,0.0,0.0,-0.0035498745273798704,0.18214838206768036
895,8,93,1.0,0.9790984392166138,0,0,0.0,0.0,0.5,0.0,-0.003569125197827816,0.18764124810695648
896,8,94,1.0,0.9933003783226013,0,0,0.0,0.0,0.5,0.0,-0.0024260343052446842,0.4626897871494293
897,8,95,1.0,0.9921848773956299,0,0,0.0,0.0,0.5,0.0,-0.0015617385506629944,0.5327452421188354
898,8,96,1.0,0.9904451966285706,0,0,0.0,0.0,0.5,0.0,-0.00034960079938173294,0.5464407205581665
899,8,97,1.0,0.9886197447776794,0,0,0.0,0.0,0.5,0.0,-2.0267087165848352e-05,0.5480273365974426
900,8,98,1.0,0.9904705286026001,0,0,0.0,0.0,0.5,0.0,-0.0004685152671299875,0.5471538305282593
901,8,99,1.0,0.9864031076431274,0,0,0.0,0.0,0.5,0.0,-6.118904275353998e-05,0.5507530570030212
902,8,100,1.0,0.9877904653549194,0,0,0.0,0.0,0.5,0.0,-0.00015775948122609407,0.5511433482170105
903,8,101,1.0,0.9831986427307129,0,0,0.0,0.0,0.5,0.0,-0.0009089185623452067,0.553280234336853
904,8,102,1.0,0.9839859008789062,0,0,0.0,0.0,0.5,0.0,-0.0007749286014586687,0.552247941493988
905,8,103,1.0,0.9839751720428467,0,0,0.0,0.0,0.5,0.0,-0.0012458839919418097,0.5529162883758545
906,9,0,1.0,0.988257646560669,0,0,0.0,0.0,0.0,0.0,-0.0065887500531971455,-0.013012949377298355
907,9,1,1.0,0.9904004335403442,0,0,0.0,0.0,0.0,0.0,-0.008409705944359303,-0.018376067280769348
908,9,2,1.0,0.9915573596954346,0,0,0.0,0.0,0.0,0.0,-0.007961621508002281,-0.018102187663316727
909,9,3,1.0,0.9910265207290649,0,0,0.0,0.0,0.0,0.0,-0.007407603319734335,-0.017044557258486748
910,9,4,1.0,0.9909417629241943,0,0,0.0,0.0,0.0,0.0,-0.006930600386112928,-0.014608228579163551
911,9,5,1.0,0.9909014701843262,0,0,0.0,0.0,0.0,0.0,-0.006809130776673555,-0.014116490259766579
912,9,6,1.0,0.9909226298332214,0,0,0.0,0.0,0.0,0.0,-0.007169642020016909,-0.015145868062973022
913,9,7,1.0,0.9909380674362183,0,0,0.0,0.0,0.0,0.0,-0.007147676777094603,-0.014985911548137665
914,9,8,1.0,0.9916292428970337,0,0,0.0,0.0,0.0,0.0,-0.007472374476492405,-0.01503172516822815
915,9,9,1.0,0.9916348457336426,0,0,0.0,0.0,0.0,0.0,-0.007467659190297127,-0.01498645544052124
916,9,10,1.0,0.9915094375610352,0,0,0.0,0.0,0.0,0.0,-0.0074019660241901875,-0.015658948570489883
917,9,11,1.0,0.9915111064910889,0,0,0.0,0.0,0.0,0.0,-0.007400950882583857,-0.015646517276763916
918,9,12,1.0,0.99151211977005,0,0,0.0,0.0,0.0,0.0,-0.0074004484340548515,-0.01564028300344944
919,9,13,1.0,0.991512656211853,0,0,0.0,0.0,0.0,0.0,-0.007400225847959518,-0.015637043863534927
920,9,14,1.0,0.9915128350257874,0,0,0.0,0.0,0.0,0.0,-0.007400110829621553,-0.01563531532883644
921,9,15,1.0,0.9915130138397217,0,0,0.0,0.0,0.0,0.0,-0.007400017697364092,-0.01563444547355175
922,9,16,1.0,0.9915130734443665,0,0,0.0,0.0,0.0,0.0,-0.007400023750960827,-0.015634026378393173
923,9,17,1.0,0.9915131330490112,0,0,0.0,0.0,0.0,0.0,-0.007399989292025566,-0.01563386805355549
924,9,18,1.0,0.991513192653656,0,0,0.0,0.0,0.0,0.0,-0.007399957627058029,-0.015633735805749893
925,9,19,1.0,0.991513192653656,0,0,0.0,-0.25,0.0,0.0,-0.007399943191558123,-0.015633657574653625
926,9,20,1.0,0.9993454813957214,0,0,0.0,-0.25,0.0,0.0,-0.053032536059617996,-0.0174089428037405
927,9,21,1.0,0.9982678294181824,0,0,0.0,-0.25,0.0,0.0,-0.06110874190926552,-0.01879863813519478
928,9,22,1.0,0.9984571933746338,0,0,0.0,-0.25,0.0,0.0,-0.0636390671133995,-0.019285527989268303
929,9,23,1.0,0.9983171224594116,0,0,0.0,-0.25,0.0,0.0,-0.06456967443227768,-0.01808074861764908
930,9,24,1.0,0.9981734752655029,0,0,0.0,-0.25,0.0,0.0,-0.06371722370386124,-0.015945574268698692
931,9,25,1.0,0.994788646697998,0,0,0.0,-0.25,0.0,0.0,-0.06447063386440277,-0.019358118996024132
932,9,26,1.0,0.9976099729537964,0,0,0.0,-0.25,0.0,0.0,-0.06270098686218262,-0.01667099818587303
933,9,27,1.0,0.9970563054084778,0,0,0.0,-0.25,0.0,0.0,-0.062449198216199875,-0.01765580102801323
934,9,28,1.0,0.9929920434951782,0,0,0.0,-0.25,0.0,0.0,-0.05498645827174187,-0.01642909087240696
935,9,29,1.0,0.9937754273414612,0,0,0.0,-0.25,0.0,0.0,-0.056891363114118576,-0.016227537766098976
936,9,30,1.0,0.9894124269485474,0,0,0.0,-0.25,0.0,0.0,-0.04740682616829872,-0.018007926642894745
937,9,31,1.0,0.988370418548584,0,0,0.0,-0.25,0.0,0.0,-0.04627383500337601,-0.016906721517443657
938,9,32,1.0,0.9897899031639099,0,0,0.0,-0.25,0.0,0.0,-0.041836995631456375,-0.01597015932202339
939,9,33,1.0,0.9871408939361572,0,0,0.0,-0.25,0.0,0.0,-0.03655130788683891,-0.013117514550685883
940,9,34,1.0,0.9860625267028809,0,0,0.0,-0.25,0.0,0.0,-0.034464020282030106,-0.013807188719511032
941,9,35,1.0,0.9854021072387695,0,0,0.0,0.0,0.0,0.0,-0.03437682241201401,-0.013930773362517357
942,9,36,1.0,0.9841955900192261,0,0,0.0,0.0,0.0,0.0,-0.016153164207935333,-0.014304671436548233
943,9,37,1.0,0.9814292788505554,0,0,0.0,0.0,0.0,0.0,-0.005199652165174484,-0.011898057535290718
944,9,38,1.0,0.9822253584861755,0,0,0.0,0.0,0.0,0.0,-0.0026893671602010727,-0.01775229722261429
945,9,39,1.0,0.9822489023208618,0,0,0.0,0.0,0.0,0.0,-0.0011951022315770388,-0.01810719631612301
946,9,40,1.0,0.9834131598472595,0,0,0.0,0.0,0.0,0.0,-0.0005670358659699559,-0.01710228994488716
947,9,41,1.0,0.9834402799606323,0,0,0.0,0.0,0.0,0.0,-0.0003221563238184899,-0.01708751916885376
948,9,42,1.0,0.9827326536178589,0,0,0.0,0.0,0.0,0.0,-0.0002367168344790116,-0.020905308425426483
949,9,43,1.0,0.9827357530593872,0,0,0.0,0.0,0.0,0.0,-0.00018361698312219232,-0.02088497206568718
950,9,44,1.0,0.9821770191192627,0,0,0.0,0.0,0.0,0.0,-8.899512613425031e-05,-0.021182185038924217
951,9,45,1.0,0.982178807258606,0,0,0.0,0.0,0.0,0.0,-7.433491555275396e-05,-0.021175013855099678
952,9,46,1.0,0.982929527759552,0,0,0.0,0.0,0.0,0.0,0.0001599726965650916,-0.02267172373831272
953,9,47,1.0,0.9829311370849609,0,0,0.0,0.0,0.0,0.0,0.00016326508193742484,-0.02266961894929409
954,9,48,1.0,0.9825177192687988,0,0,0.0,0.0,0.0,0.0,-4.1136256186291575e-05,-0.023667912930250168
955,9,49,1.0,0.9825195074081421,0,0,0.0,0.0,0.0,0.0,-4.06783219659701e-05,-0.023667454719543457
956,9,50,1.0,0.9812370538711548,0,0,0.0,0.0,-0.5,0.0,0.00040396323311142623,-0.030331073328852654
957,9,51,1.0,1.0195000171661377,0,0,0.0,0.0,-0.5,0.0,-0.0036498717963695526,-0.5150845646858215
958,9,52,1.0,1.033334493637085,0,0,0.0,0.0,-0.5,0.0,-0.005796554498374462,-0.5491845607757568
959,9,53,1.0,1.0290018320083618,0,0,0.0,0.0,-0.5,0.0,-0.004049184266477823,-0.5442803502082825
960,9,54,1.0,1.00092613697052,0,0,0.0,0.0,-0.5,0.0,-0.0058210757561028,-0.5008388757705688
961,9,55,1.0,0.9927508234977722,0,0,0.0,0.0,-0.5,0.0,-0.005357326474040747,-0.4706837832927704
962,9,56,1.0,0.9590367078781128,0,0,0.0,0.0,-0.5,0.0,-0.001696298597380519,-0.37507516145706177
963,9,57,1.0,0.9291921854019165,0,0,0.0,0.0,-0.5,0.0,-0.0010114641627296805,-0.2260543555021286
964,9,58,1.0,0.932252049446106,0,0,0.0,0.0,-0.5,0.0,-0.0005070859915576875,-0.05665566399693489
965,9,59,1.0,0.9361063241958618,0,0,0.0,0.0,-0.5,0.0,0.0003681622620206326,-0.047389548271894455
966,9,60,1.0,0.9649658203125,0,0,0.0,0.0,-0.5,0.0,-0.0018267830600962043,0.013029342517256737
967,9,61,1.0,0.9654244184494019,0,0,0.0,0.0,0.0,0.0,-0.0018659080378711224,0.013795841485261917
968,9,62,1.0,0.9825760126113892,0,0,0.0,0.0,0.0,0.0,-0.002378789708018303,0.02411080151796341
969,9,63,1.0,0.982670247554779,0,0,0.0,0.0,0.0,0.0,-0.0023742530029267073,0.024185864254832268
970,9,64,1.0,0.9899685382843018,0,0,0.0,0.0,0.0,0.0,-0.0025307387113571167,0.025583632290363312
971,9,65,1.0,0.9900295734405518,0,0,0.0,0.0,0.0,0.0,-0.002525756601244211,0.025619955733418465
972,9,66,2.0,0.9874593615531921,1,0,0.0,0.0,0.0,0.0,-0.0026669662911444902,0.024793192744255066
973,9,67,2.0,1.9830265045166016,1,1,0.0,0.0,0.0,0.0,0.00033010219340212643,-0.00694431783631444
974,9,68,2.0,2.013071060180664,1,1,0.0,0.0,0.0,0.0,0.00010907211253652349,-0.00545908696949482
975,9,69,2.0,2.0172669887542725,1,1,0.0,0.0,0.0,0.0,0.00021009753982070833,-0.010999774560332298
976,9,70,2.0,2.054486036300659,1,1,0.0,0.0,0.0,0.0,0.0017219919245690107,-0.012162568047642708
977,9,71,2.0,2.0566253662109375,1,1,0.0,0.0,0.0,0.0,0.0017805180978029966,-0.010280488058924675
978,9,72,2.0,2.0613136291503906,1,1,0.0,0.0,0.0,0.0,0.000508305907715112,-0.002554544247686863
979,9,73,2.0,1.9944379329681396,1,1,0.0,0.0,0.0,0.0,0.007214727811515331,-0.0068835304118692875
980,9,74,2.0,1.5475424528121948,1,1,0.0,0.0,0.0,0.0,0.0019603660330176353,0.0034983959048986435
981,9,75,2.0,1.530292272567749,1,1,0.0,0.0,0.0,0.0,0.0021424051374197006,0.0014168205671012402
982,9,76,2.0,1.4162989854812622,1,0,0.0,0.0,0.0,0.0,0.0008929221658036113,-0.00424029678106308
983,9,77,2.0,1.4132813215255737,1,0,0.0,0.0,0.0,0.0,0.000803086906671524,-0.0048911599442362785
984,9,78,1.0,1.4322224855422974,0,0,0.0,0.0,0.0,0.0,0.0018975455313920975,-0.0009795925579965115
985,9,79,1.0,1.4141089916229248,0,0,0.0,0.0,0.0,0.0,0.0010705972090363503,-8.200597949326038e-05
986,9,80,1.0,1.3614351749420166,0,0,0.0,0.0,0.0,0.0,0.0005061169504188001,-0.004901095759123564
987,9,81,1.0,1.2735522985458374,0,0,0.0,0.0,0.0,0.0,-0.0006622652872465551,-0.012350929901003838
988,9,82,1.0,1.1146537065505981,0,0,0.0,0.0,0.0,0.0,-0.0022239803802222013,-0.02075672522187233
989,9,83,1.0,1.0975453853607178,0,0,0.0,0.0,0.0,0.0,-0.0025230178143829107,-0.01907198503613472
990,9,84,1.0,1.0109630823135376,0,0,0.0,0.0,0.5,0.0,-0.003684579161927104,0.049146175384521484
991,9,85,1.0,1.0069955587387085,0,0,0.0,0.0,0.5,0.0,-0.004891493357717991,0.30268532037734985
992,9,86,1.0,0.9984480142593384,0,0,0.0,0.0,0.5,0.0,-0.0014413839671760798,0.5306921601295471
993,9,87,1.0,0.9959119558334351,0,0,0.0,0.0,0.5,0.0,-0.000858226849231869,0.5423199534416199
994,9,88,1.0,0.9940235614776611,0,0,0.0,0.0,0.5,0.0,-6.783066783100367e-05,0.5467181205749512
995,9,89,1.0,0.9908089637756348,0,0,0.0,0.0,0.5,0.0,5.98603583057411e-05,0.5490864515304565
996,9,90,1.0,0.9889953136444092,0,0,0.0,0.0,0.5,0.0,-0.0007594393682666123,0.5488508939743042
997,9,91,1.0,0.9872373938560486,0,0,0.0,0.0,0.5,0.0,-0.0005885493010282516,0.5537455677986145
998,9,92,1.0,0.9856934547424316,0,0,0.0,0.0,0.5,0.0,-0.0002428420993965119,0.5518857836723328
999,9,93,1.0,0.9854079484939575,0,0,0.0,0.0,0.5,0.0,-0.00029724312480539083,0.5519769191741943
1000,9,94,1.0,0.9847844839096069,0,0,0.0,0.0,0.5,0.0,-0.0004176261427346617,0.5528037548065186
1001,10,0,1.0,0.9842694401741028,0,0,0.0,0.0,0.0,0.0,0.009994692169129848,-0.0035714502446353436
1002,10,1,1.0,0.9869561791419983,0,0,0.0,0.0,0.0,0.0,0.00790814496576786,-0.013648845255374908
1003,10,2,1.0,0.9867694973945618,0,0,0.0,0.0,0.0,0.0,0.00811401940882206,-0.011274177581071854
1004,10,3,1.0,0.9859750866889954,0,0,0.0,0.0,0.0,0.0,0.008847789838910103,-0.009673889726400375
1005,10,4,1.0,0.9862449765205383,0,0,0.0,0.0,0.0,0.0,0.009075319394469261,-0.011018471792340279
1006,10,5,1.0,0.9861899614334106,0,0,0.0,0.0,0.0,0.0,0.00923158135265112,-0.010307103395462036
1007,10,6,1.0,0.9872366189956665,0,0,0.0,0.0,0.0,0.0,0.010331605561077595,-0.01069285161793232
1008,10,7,1.0,0.9872531890869141,0,0,0.0,0.0,0.0,0.0,0.010358663275837898,-0.010457649827003479
1009,10,8,1.0,0.9872384071350098,0,0,0.0,0.0,0.0,0.0,0.010456415824592113,-0.009101795963943005
1010,10,9,1.0,0.9872442483901978,0,0,0.0,0.0,0.0,0.0,0.010460935533046722,-0.009037517942488194
1011,10,10,1.0,0.987127959728241,0,0,0.0,0.0,0.0,0.0,0.010371913202106953,-0.009401338174939156
1012,10,11,1.0,0.9871299266815186,0,0,0.0,0.0,0.0,0.0,0.010372784920036793,-0.009384374134242535
1013,10,12,1.0,0.9857586026191711,0,0,0.0,0.25,0.0,0.0,0.010823776014149189,-0.0099977757781744
1014,10,13,1.0,0.9893624782562256,0,0,0.0,0.25,0.0,0.0,0.08426490426063538,-0.000748226884752512
1015,10,14,1.0,0.9973527789115906,0,0,0.0,0.25,0.0,0.0,0.09819638729095459,-0.01024756021797657
1016,10,15,1.0,0.9970546960830688,0,0,0.0,0.25,0.0,0.0,0.10014580190181732,-0.013492023572325706
1017,10,16,1.0,0.9917013645172119,0,0,0.0,0.25,0.0,0.0,0.10093909502029419,-0.00994526781141758
1018,10,17,1.0,0.9958325624465942,0,0,0.0,0.25,0.0,0.0,0.10271411389112473,-0.011588562279939651
1019,10,18,1.0,0.986752986907959,0,0,0.0,0.25,0.0,0.0,0.09863699227571487,-0.009120948612689972
1020,10,19,1.0,0.9801244735717773,0,0,0.0,0.25,0.0,0.0,0.09467840939760208,-0.010499302297830582
1021,10,20,1.0,0.9760076403617859,0,0,0.0,0.25,0.0,0.0,0.08984971046447754,-0.013388138264417648
1022,10,21,1.0,0.9763264656066895,0,0,0.0,0.25,0.0,0.0,0.08523081243038177,-0.01775960810482502
1023,10,22,1.0,0.9729985594749451,0,0,0.0,0.25,0.0,0.0,0.07715273648500443,-0.013971658423542976
1024,10,23,1.0,0.9716511368751526,0,0,0.0,0.25,0.0,0.0,0.07469213753938675,-0.014981629326939583
1025,10,24,1.0,0.9752591252326965,0,0,0.0,0.25,0.0,0.0,0.0706910789012909,-0.01328885369002819
1026,10,25,1.0,0.9716696739196777,0,0,0.0,0.25,0.0,0.0,0.06570367515087128,-0.014684004709124565
1027,10,26,1.0,0.9718551635742188,0,0,0.0,0.25,0.0,0.0,0.05843803659081459,-0.010436994954943657
1028,10,27,1.0,0.9678188562393188,0,0,0.0,0.0,0.0,0.0,0.05508933588862419,-0.010753614827990532
1029,10,28,1.0,0.9712080955505371,0,0,0.0,0.0,0.0,0.0,0.027088530361652374,-0.017214853316545486
1030,10,29,1.0,0.9781922698020935,0,0,0.0,0.0,0.0,0.0,0.00946511048823595,-0.014935994520783424
1031,10,30,1.0,0.97965407371521,0,0,0.0,0.0,0.0,0.0,0.003076812019571662,-0.016052471473813057
1032,10,31,1.0,0.9801092147827148,0,0,0.0,0.0,0.0,0.0,0.0011821499792858958,-0.016449209302663803
1033,10,32,1.0,0.980557382106781,0,0,0.0,0.0,0.0,0.0,0.0002111207868438214,-0.018562959507107735
1034,10,33,1.0,0.9806322455406189,0,0,0.0,0.25,0.0,0.0,-4.184842327958904e-05,-0.01876174658536911
1035,10,34,1.0,0.9698502421379089,0,0,0.0,0.0,0.0,0.0,0.037485521286726,-0.01328599825501442
1036,10,35,1.0,0.9765918254852295,0,0,0.0,0.0,0.0,0.0,0.016141658648848534,-0.018998220562934875
1037,10,36,1.0,0.9795705676078796,0,0,0.0,0.0,0.0,0.0,0.003927151672542095,-0.022062625735998154
1038,10,37,1.0,0.9803663492202759,0,0,0.0,0.0,0.0,0.0,0.00038963937549851835,-0.022870875895023346
1039,10,38,1.0,0.9813718199729919,0,0,0.0,0.0,0.0,0.0,-0.0005004017148166895,-0.02569485455751419
1040,10,39,1.0,0.9815025925636292,0,0,0.0,0.0,0.0,0.0,-0.0008889810414984822,-0.025824202224612236
1041,10,40,1.0,0.9813194870948792,0,0,0.0,0.0,0.0,0.0,-0.0012011501239612699,-0.029513409361243248
1042,10,41,1.0,0.981342077255249,0,0,0.0,0.0,0.0,0.0,-0.0012675600592046976,-0.029574371874332428
1043,10,42,1.0,0.9805698394775391,0,0,0.0,-0.25,0.0,0.0,-0.0014600835274904966,-0.025916414335370064
1044,10,43,1.0,0.9902652502059937,0,0,0.0,0.0,0.0,0.0,-0.026294684037566185,-0.019677704200148582
1045,10,44,1.0,0.98405921459198,0,0,0.0,0.0,0.0,0.0,-0.012984072789549828,-0.018640095368027687
1046,10,45,1.0,0.9821960926055908,0,0,0.0,0.0,0.0,0.0,-0.005025244317948818,-0.01835913583636284
1047,10,46,1.0,0.9805352091789246,0,0,0.0,0.0,0.0,0.0,-0.0015987302176654339,-0.01993744634091854
1048,10,47,1.0,0.9802615642547607,0,0,0.0,0.0,0.0,0.0,-0.0005204608314670622,-0.019634243100881577
1049,10,48,1.0,0.9803262948989868,0,0,0.0,0.25,0.0,0.0,-0.0005059142713434994,-0.018865490332245827
1050,10,49,1.0,0.9704497456550598,0,0,0.0,0.0,0.0,0.0,0.03670409694314003,-0.011758500710129738
1051,10,50,1.0,0.975300133228302,0,0,0.0,0.0,0.0,0.0,0.015844445675611496,-0.022204231470823288
1052,10,51,1.0,0.9791743755340576,0,0,0.0,0.0,0.0,0.0,0.004616625607013702,-0.021952703595161438
1053,10,52,1.0,0.9806709885597229,0,0,0.0,0.0,0.0,0.0,0.0006100210594013333,-0.02677750401198864
1054,10,53,1.0,0.9810245633125305,0,0,0.0,0.0,0.0,0.0,-0.0005242758779786527,-0.02704838663339615
1055,10,54,1.0,0.9815139770507812,0,0,0.0,0.0,0.0,0.0,-0.0014346112729981542,-0.031223919242620468
1056,10,55,1.0,0.9815660119056702,0,0,0.0,0.0,0.0,0.0,-0.0015940640587359667,-0.031332891434431076
1057,10,56,1.0,0.9813695549964905,0,0,0.0,0.0,0.0,0.0,-0.001540269353426993,-0.02900635078549385
1058,10,57,1.0,0.9813790917396545,0,0,0.0,0.0,0.0,0.0,-0.0015692487359046936,-0.029042543843388557
1059,10,58,1.0,0.981490969657898,0,0,0.0,0.0,0.0,0.0,-0.0015823551220819354,-0.03061743453145027
1060,10,59,1.0,0.9814929962158203,0,0,0.0,0.0,-0.5,0.0,-0.001589050400070846,-0.030627582222223282
1061,10,60,1.0,1.0180182456970215,0,0,0.0,0.0,-0.5,0.0,-0.00259445165283978,-0.5270308256149292
1062,10,61,1.0,1.0363612174987793,0,0,0.0,0.0,-0.5,0.0,-0.005646061152219772,-0.5504749417304993
1063,10,62,1.0,1.0310451984405518,0,0,0.0,0.0,-0.5,0.0,-0.0038084511179476976,-0.5476109385490417
1064,10,63,1.0,1.024178147315979,0,0,0.0,0.0,-0.5,0.0,-0.006503839045763016,-0.5352109670639038
1065,10,64,1.0,1.0200728178024292,0,0,0.0,0.0,-0.5,0.0,-0.004133380018174648,-0.5083838105201721
1066,10,65,1.0,0.9736477136611938,0,0,0.0,0.0,-0.5,0.0,-0.003122693859040737,-0.4401414096355438
1067,10,66,1.0,0.9217907786369324,0,0,0.0,0.0,-0.5,0.0,-0.001669395831413567,-0.22568805515766144
1068,10,67,1.0,0.9236651062965393,0,0,0.0,0.0,-0.5,0.0,-0.0007600267417728901,-0.10768863558769226
1069,10,68,1.0,0.9353282451629639,0,0,0.0,0.0,-0.5,0.0,-0.0017772819846868515,-0.014864170923829079
1070,10,69,1.0,0.9358820915222168,0,0,0.0,0.0,-0.5,0.0,-0.001643135561607778,-0.013994801789522171
1071,10,70,1.0,0.9598227739334106,0,0,0.0,0.0,0.0,0.0,-0.0016402332112193108,0.018488025292754173
1072,10,71,1.0,0.9598684906959534,0,0,0.0,0.0,0.0,0.0,-0.0016249793116003275,0.018588263541460037
1073,10,72,1.0,0.967107892036438,0,0,0.0,0.0,0.0,0.0,-0.001782887731678784,0.020415348932147026
1074,10,73,1.0,0.9670701026916504,0,0,0.0,0.0,0.0,0.0,-0.0017819907516241074,0.020371684804558754
1075,10,74,2.0,0.978829026222229,1,0,0.0,0.0,0.0,0.0,-0.002092890441417694,0.024806030094623566
1076,10,75,2.0,1.9978783130645752,1,1,0.0,0.0,0.0,0.0,0.0015135986031964421,-0.0007780353771522641
1077,10,76,2.0,2.021068572998047,1,1,0.0,0.0,0.0,0.0,0.0016658010426908731,-0.006639322731643915
1078,10,77,2.0,2.054812431335449,1,1,0.0,0.0,0.0,0.0,0.0024099962320178747,-0.013419890776276588
1079,10,78,2.0,2.0669970512390137,1,1,0.0,0.0,0.0,0.0,0.0036998274736106396,-0.014034368097782135
1080,10,79,2.0,2.0579991340637207,1,1,0.0,0.0,0.0,0.0,0.004841952584683895,-0.007366382982581854
1081,10,80,2.0,1.8044297695159912,1,1,0.0,0.0,0.0,0.0,0.006793900392949581,0.01269734837114811
1082,10,81,2.0,1.7229204177856445,1,1,0.0,0.0,0.0,0.0,0.006452296860516071,0.009636210277676582
1083,10,82,2.0,1.3649832010269165,1,0,0.0,0.0,0.0,0.0,0.002534038620069623,-0.005918416660279036
1084,10,83,2.0,1.3630821704864502,1,0,0.0,0.0,0.0,0.0,0.002885729307308793,-0.007772902492433786
1085,10,84,2.0,1.2011462450027466,1,0,0.0,0.0,0.0,0.0,-9.223145752912387e-05,-0.020816242322325706
1086,10,85,1.0,1.1378968954086304,0,0,0.0,0.0,0.0,0.0,-0.0002574888931121677,-0.028158923611044884
1087,10,86,1.0,1.0302751064300537,0,0,0.0,0.0,0.0,0.0,-0.0014540640404447913,-0.02852380834519863
1088,10,87,1.0,1.027778148651123,0,0,0.0,0.0,0.0,0.0,-0.0015809781616553664,-0.025967709720134735
1089,10,88,1.0,0.9844461679458618,0,0,0.0,0.0,0.0,0.0,-0.0028236540965735912,0.008450299501419067
1090,10,89,1.0,0.9826526641845703,0,0,0.0,0.0,0.0,0.0,-0.002840173663571477,0.013946831226348877
1091,10,90,1.0,0.9726083874702454,0,0,0.0,0.0,0.0,0.0,-0.003262378042563796,0.10987760871648788
1092,10,91,1.0,0.9726343154907227,0,0,0.0,0.0,0.0,0.0,-0.0030934002716094255,0.09790312498807907
1093,10,92,1.0,0.9831912517547607,0,0,0.0,0.0,0.0,0.0,-0.003032723208889365,0.25083643198013306
1094,10,93,1.0,0.9838787317276001,0,0,0.0,0.0,0.5,0.0,-0.002941390499472618,0.25886645913124084
1095,10,94,1.0,0.9927423596382141,0,0,0.0,0.0,0.5,0.0,-0.0017930506728589535,0.5045768618583679
1096,10,95,1.0,0.9928765892982483,0,0,0.0,0.0,0.5,0.0,-0.0015256248880177736,0.5402417778968811
1097,10,96,1.0,0.9897959232330322,0,0,0.0,0.0,0.5,0.0,-0.0003170763957314193,0.5471864938735962
1098,10,97,1.0,0.9895505905151367,0,0,0.0,0.0,0.5,0.0,-5.792823503725231e-05,0.5489745140075684
1099,10,98,1.0,0.9909266233444214,0,0,0.0,0.0,0.5,0.0,-0.00017899343220051378,0.5473234057426453
1100,10,99,1.0,0.9870167970657349,0,0,0.0,0.0,0.5,0.0,0.0003040340670850128,0.549418032169342
1101,10,100,1.0,0.9877443909645081,0,0,0.0,0.0,0.5,0.0,-0.00020848913118243217,0.5498778820037842
1102,10,101,1.0,0.9840943217277527,0,0,0.0,0.0,0.5,0.0,-0.000811771780718118,0.5537647604942322
1103,10,102,1.0,0.9835346937179565,0,0,0.0,0.0,0.5,0.0,-0.0006109107052907348,0.5519033670425415
1104,10,103,1.0,0.9836877584457397,0,0,0.0,0.0,0.5,0.0,-0.000917805649805814,0.5526942610740662
1105,11,0,1.0,0.988257646560669,0,0,0.0,0.0,0.0,0.0,-0.006588756572455168,-0.013012945652008057
1106,11,1,1.0,0.990400493144989,0,0,0.0,0.0,0.0,0.0,-0.008409707807004452,-0.018376102671027184
1107,11,2,1.0,0.9915573596954346,0,0,0.0,0.0,0.0,0.0,-0.007961631752550602,-0.01810220256447792
1108,11,3,1.0,0.9910265207290649,0,0,0.0,0.0,0.0,0.0,-0.007407609838992357,-0.017044544219970703
1109,11,4,1.0,0.9909417033195496,0,0,0.0,0.0,0.0,0.0,-0.006930593866854906,-0.014608239755034447
1110,11,5,1.0,0.9909014105796814,0,0,0.0,0.0,0.0,0.0,-0.0068091354332864285,-0.0141164381057024
1111,11,6,1.0,0.9909226894378662,0,0,0.0,0.0,0.0,0.0,-0.0071696448139846325,-0.015145843848586082
1112,11,7,1.0,0.9909380674362183,0,0,0.0,0.0,0.0,0.0,-0.007147662807255983,-0.01498592458665371
1113,11,8,1.0,0.9916292428970337,0,0,0.0,0.0,0.0,0.0,-0.007472366560250521,-0.015031745657324791
1114,11,9,1.0,0.9916349053382874,0,0,0.0,0.0,0.0,0.0,-0.0074676466174423695,-0.014986429363489151
1115,11,10,1.0,0.9915093779563904,0,0,0.0,0.0,0.0,0.0,-0.0074019660241901875,-0.01565895788371563
1116,11,11,1.0,0.9915111064910889,0,0,0.0,-0.25,0.0,0.0,-0.007400949019938707,-0.015646502375602722
1117,11,12,1.0,0.9993450045585632,0,0,0.0,-0.25,0.0,0.0,-0.053033389151096344,-0.01741400919854641
1118,11,13,1.0,0.9982677698135376,0,0,0.0,-0.25,0.0,0.0,-0.06110932677984238,-0.01880098320543766
1119,11,14,1.0,0.9984571933746338,0,0,0.0,-0.25,0.0,0.0,-0.063639335334301,-0.0192867498844862
1120,11,15,1.0,0.9983170032501221,0,0,0.0,-0.25,0.0,0.0,-0.0645698606967926,-0.018081454560160637
1121,11,16,1.0,0.9981734752655029,0,0,0.0,-0.25,0.0,0.0,-0.063717320561409,-0.01594589091837406
1122,11,17,1.0,0.994788646697998,0,0,0.0,-0.25,0.0,0.0,-0.06447067111730576,-0.019358335062861443
1123,11,18,1.0,0.9976099729537964,0,0,0.0,-0.25,0.0,0.0,-0.062701016664505,-0.016671065241098404
1124,11,19,1.0,0.9970563650131226,0,0,0.0,-0.25,0.0,0.0,-0.062449198216199875,-0.017655836418271065
1125,11,20,1.0,0.9929920434951782,0,0,0.0,-0.25,0.0,0.0,-0.05498646944761276,-0.016429174691438675
1126,11,21,1.0,0.9938310384750366,0,0,0.0,-0.25,0.0,0.0,-0.056907858699560165,-0.016412051394581795
1127,11,22,1.0,0.989622950553894,0,0,0.0,-0.25,0.0,0.0,-0.047542884945869446,-0.01808789186179638
1128,11,23,1.0,0.9884779453277588,0,0,0.0,-0.25,0.0,0.0,-0.046204060316085815,-0.016621258109807968
1129,11,24,1.0,0.9897899031639099,0,0,0.0,-0.25,0.0,0.0,-0.041837017983198166,-0.015970150008797646
1130,11,25,1.0,0.9871407747268677,0,0,0.0,-0.25,0.0,0.0,-0.03655132278800011,-0.013117516413331032
1131,11,26,1.0,0.9860625267028809,0,0,0.0,-0.25,0.0,0.0,-0.03446401655673981,-0.013807212933897972
1132,11,27,1.0,0.9854021668434143,0,0,0.0,-0.25,0.0,0.0,-0.0343768447637558,-0.013930801302194595
1133,11,28,1.0,0.9859572649002075,0,0,0.0,0.0,0.0,0.0,-0.03233129158616066,-0.023653680458664894
1134,11,29,1.0,0.982718825340271,0,0,0.0,0.0,0.0,0.0,-0.013809430412948132,-0.01183735579252243
1135,11,30,1.0,0.9840887784957886,0,0,0.0,0.0,0.0,0.0,-0.006014169193804264,-0.010971259325742722
1136,11,31,1.0,0.983453094959259,0,0,0.0,0.0,0.0,0.0,-0.0023171771317720413,-0.010605962947010994
1137,11,32,1.0,0.9831806421279907,0,0,0.0,0.0,0.0,0.0,-0.0006557235610671341,-0.012124104425311089
1138,11,33,1.0,0.983196496963501,0,0,0.0,0.0,0.0,0.0,-0.00016277308168355376,-0.012077651917934418
1139,11,34,1.0,0.983323335647583,0,0,0.0,0.0,0.0,0.0,-0.0005330413696356118,-0.013056876137852669
1140,11,35,1.0,0.9833192825317383,0,0,0.0,0.0,0.0,0.0,-0.0004399480822030455,-0.01302364096045494
1141,11,36,1.0,0.9826219081878662,0,0,0.0,0.25,0.0,0.0,-0.00011009957961505279,-0.01248096488416195
1142,11,37,1.0,0.9824830293655396,0,0,0.0,0.0,0.0,0.0,0.028337514027953148,-0.010488951578736305
1143,11,38,1.0,0.9822525978088379,0,0,0.0,0.0,0.0,0.0,0.012051545083522797,-0.014173468574881554
1144,11,39,1.0,0.9814188480377197,0,0,0.0,0.0,0.0,0.0,0.005097802262753248,-0.014584878459572792
1145,11,40,1.0,0.9813098311424255,0,0,0.0,0.0,0.0,0.0,0.001773347845301032,-0.020278891548514366
1146,11,41,1.0,0.9812554121017456,0,0,0.0,0.0,0.0,0.0,0.0008088860777206719,-0.020024243742227554
1147,11,42,1.0,0.982733964920044,0,0,0.0,0.0,0.0,0.0,0.0003727921284735203,-0.020545169711112976
1148,11,43,1.0,0.982732892036438,0,0,0.0,0.0,0.0,0.0,0.00023512760526500642,-0.02054239995777607
1149,11,44,1.0,0.9820410013198853,0,0,0.0,-0.25,0.0,0.0,0.0007101017981767654,-0.02128927782177925
1150,11,45,1.0,0.9826236963272095,0,0,0.0,0.0,0.0,0.0,-0.022242123261094093,-0.013312194496393204
1151,11,46,1.0,0.9848443269729614,0,0,0.0,0.0,0.0,0.0,-0.011348971165716648,-0.01299271546304226
1152,11,47,1.0,0.9835898876190186,0,0,0.0,0.0,0.0,0.0,-0.0034904885105788708,-0.011797627434134483
1153,11,48,1.0,0.9821683764457703,0,0,0.0,0.25,0.0,0.0,-0.0013984044780954719,-0.01230677030980587
1154,11,49,1.0,0.9828296899795532,0,0,0.0,0.0,0.0,0.0,0.026679791510105133,-0.009418298490345478
1155,11,50,1.0,0.982418417930603,0,0,0.0,0.0,0.0,0.0,0.012003139592707157,-0.015261741355061531
1156,11,51,1.0,0.9821081161499023,0,0,0.0,0.0,0.0,0.0,0.004563730675727129,-0.014834171161055565
1157,11,52,1.0,0.9815482497215271,0,0,0.0,0.0,0.0,0.0,0.0014586633769795299,-0.02067052572965622
1158,11,53,1.0,0.9814741015434265,0,0,0.0,0.0,0.0,0.0,0.0004984303377568722,-0.02037004753947258
1159,11,54,1.0,0.9823040962219238,0,0,0.0,0.0,0.0,0.0,0.00032798247411847115,-0.021179789677262306
1160,11,55,1.0,0.9822948575019836,0,0,0.0,0.0,0.0,0.0,0.0001957057829713449,-0.021166563034057617
1161,11,56,1.0,0.9818115830421448,0,0,0.0,0.0,-0.5,0.0,0.0003607231774367392,-0.0250888392329216
1162,11,57,1.0,1.017054796218872,0,0,0.0,0.0,-0.5,0.0,-0.00375320459716022,-0.5131396055221558
1163,11,58,1.0,1.0298073291778564,0,0,0.0,0.0,-0.5,0.0,-0.005469834432005882,-0.5453159213066101
1164,11,59,1.0,1.0352364778518677,0,0,0.0,0.0,-0.5,0.0,-0.0021948684006929398,-0.5463615655899048
1165,11,60,1.0,0.9992441534996033,0,0,0.0,0.0,-0.5,0.0,-0.005627304781228304,-0.4994824528694153
1166,11,61,1.0,0.9973640441894531,0,0,0.0,0.0,-0.5,0.0,-0.005574975162744522,-0.47247013449668884
1167,11,62,1.0,0.9620822668075562,0,0,0.0,0.0,-0.5,0.0,-0.002184925600886345,-0.382588267326355
1168,11,63,1.0,0.931223452091217,0,0,0.0,0.0,-0.5,0.0,-0.001159397535957396,-0.2314557284116745
1169,11,64,1.0,0.9319083094596863,0,0,0.0,0.0,-0.5,0.0,-0.0006367398309521377,-0.058932144194841385
1170,11,65,1.0,0.934749186038971,0,0,0.0,0.0,-0.5,0.0,0.00024504741304554045,-0.052590351551771164
1171,11,66,1.0,0.9642331600189209,0,0,0.0,0.0,-0.5,0.0,-0.0019237640080973506,0.013133853673934937
1172,11,67,1.0,0.9647176861763,0,0,0.0,0.0,0.0,0.0,-0.001964577240869403,0.013957761228084564
1173,11,68,1.0,0.984760046005249,0,0,0.0,0.0,0.0,0.0,-0.0022167693823575974,0.023932695388793945
1174,11,69,1.0,0.9848504066467285,0,0,0.0,0.0,0.0,0.0,-0.00221218541264534,0.023996375501155853
1175,11,70,1.0,0.9871313571929932,0,0,0.0,0.0,0.0,0.0,-0.002524562878534198,0.026227470487356186
1176,11,71,1.0,0.9871858358383179,0,0,0.0,0.0,0.0,0.0,-0.0025207509752362967,0.026267625391483307
1177,11,72,1.0,0.9894528388977051,0,0,0.0,0.0,0.0,0.0,-0.002404904691502452,0.026189839467406273
1178,11,73,2.0,0.9895032644271851,1,0,0.0,0.0,0.0,0.0,-0.002399310003966093,0.02622155100107193
1179,11,74,2.0,1.961026668548584,1,1,0.0,0.0,0.0,0.0,0.00045519089326262474,-0.00793266948312521
1180,11,75,2.0,1.973292350769043,1,1,0.0,0.0,0.0,0.0,-0.000492582272272557,-0.004329790361225605
1181,11,76,2.0,2.039254665374756,1,1,0.0,0.0,0.0,0.0,0.0003905185149051249,-0.00863325409591198
1182,11,77,2.0,2.037442684173584,1,1,0.0,0.0,0.0,0.0,0.0017253761179745197,-0.011959526687860489
1183,11,78,2.0,2.0571084022521973,1,1,0.0,0.0,0.0,0.0,0.0002306112291989848,-0.012313060462474823
1184,11,79,2.0,2.055001735687256,1,1,0.0,0.0,0.0,0.0,0.0010435552103444934,-0.0043075717985630035
1185,11,80,2.0,1.7309274673461914,1,1,0.0,0.0,0.0,0.0,0.005448528565466404,0.008676864206790924
1186,11,81,2.0,1.7529630661010742,1,1,0.0,0.0,0.0,0.0,0.003964428324252367,0.017993751913309097
1187,11,82,2.0,1.5297436714172363,1,1,0.0,0.0,0.0,0.0,0.002467883052304387,0.009382760152220726
1188,11,83,2.0,1.5249238014221191,1,1,0.0,0.0,0.0,0.0,0.002743376651778817,0.006430748384445906
1189,11,84,1.0,1.2128280401229858,0,0,0.0,0.0,0.0,0.0,-0.00047681888099759817,-0.015037598088383675
1190,11,85,1.0,1.2121806144714355,0,0,0.0,0.0,0.0,0.0,-0.001081287395209074,-0.013865925371646881
1191,11,86,1.0,1.0653585195541382,0,0,0.0,0.0,0.0,0.0,-0.0022660274989902973,-0.02186760865151882
1192,11,87,1.0,1.0883243083953857,0,0,0.0,0.0,0.0,0.0,-0.0014386615948751569,-0.02981487847864628
1193,11,88,1.0,1.0524611473083496,0,0,0.0,0.0,0.0,0.0,-0.0023557248059660196,-0.0270366370677948
1194,11,89,1.0,1.0677036046981812,0,0,0.0,0.0,0.0,0.0,-0.002155651804059744,-0.029776250943541527
1195,11,90,1.0,1.0564606189727783,0,0,0.0,0.0,0.0,0.0,-0.0012136611621826887,-0.03204631432890892
1196,11,91,1.0,1.0551823377609253,0,0,0.0,0.0,0.0,0.0,-3.826469401246868e-05,-0.028446195647120476
1197,11,92,1.0,0.9925104975700378,0,0,0.0,0.0,0.0,0.0,-0.0012736939825117588,0.023719478398561478
1198,11,93,1.0,0.9832870960235596,0,0,0.0,0.0,0.0,0.0,-0.0015216732863336802,0.10970114171504974
1199,11,94,1.0,0.9886445999145508,0,0,0.0,0.0,0.0,0.0,-0.0014390706783160567,0.2166282832622528
1200,11,95,1.0,0.9893513917922974,0,0,0.0,0.0,0.0,0.0,-0.0014415071345865726,0.24750296771526337
1201,11,96,1.0,0.9892824292182922,0,0,0.0,0.0,0.0,0.0,-0.0016826727660372853,0.28059929609298706
1202,11,97,1.0,0.9897359609603882,0,0,0.0,0.0,0.0,0.0,-0.0015692266169935465,0.2997339069843292
1203,11,98,1.0,0.9901367425918579,0,0,0.0,0.0,0.0,0.0,-0.000922677107155323,0.3924238085746765
1204,11,99,1.0,0.9903298616409302,0,0,0.0,0.0,0.5,0.0,-0.0008466111030429602,0.4031604528427124
1205,11,100,1.0,0.9945164322853088,0,0,0.0,0.0,0.5,0.0,5.27923803019803e-05,0.5368647575378418
1206,11,101,1.0,0.9923145771026611,0,0,0.0,0.0,0.5,0.0,0.00018055920372717083,0.5511107444763184
1207,11,102,1.0,0.9969583749771118,0,0,0.0,0.0,0.5,0.0,-0.00033010542392730713,0.553325891494751
1208,11,103,1.0,0.9935247898101807,0,0,0.0,0.0,0.5,0.0,0.0004577973741106689,0.5509886741638184
1209,11,104,1.0,0.9897552728652954,0,0,0.0,0.0,0.5,0.0,-0.0006156811723485589,0.5502613186836243
1210,11,105,1.0,0.9876512885093689,0,0,0.0,0.0,0.5,0.0,-0.0006056981510482728,0.553030788898468
1211,11,106,1.0,0.9878813028335571,0,0,0.0,0.0,0.5,0.0,-0.0005886267172172666,0.5541139841079712
1212,11,107,1.0,0.9842864274978638,0,0,0.0,0.0,0.5,0.0,-0.00025348353665322065,0.5525962114334106
1213,11,108,1.0,0.9853565692901611,0,0,0.0,0.0,0.5,0.0,-0.0005201387102715671,0.5526140928268433
1214,11,109,1.0,0.9843734502792358,0,0,0.0,0.0,0.5,0.0,-0.0007277328986674547,0.552634060382843
1215,12,0,1.0,0.9842694997787476,0,0,0.0,0.0,0.0,0.0,0.009994689375162125,-0.0035714609548449516
1216,12,1,1.0,0.9869561195373535,0,0,0.0,0.0,0.0,0.0,0.007908143103122711,-0.013648800551891327
1217,12,2,1.0,0.986769437789917,0,0,0.0,0.0,0.0,0.0,0.008114011026918888,-0.011274227872490883
1218,12,3,1.0,0.9859749674797058,0,0,0.0,0.0,0.0,0.0,0.008847772143781185,-0.009673897176980972
1219,12,4,1.0,0.9862449169158936,0,0,0.0,0.0,0.0,0.0,0.009075302630662918,-0.011018462479114532
1220,12,5,1.0,0.9861899614334106,0,0,0.0,0.0,0.0,0.0,0.009231586940586567,-0.01030709594488144
1221,12,6,1.0,0.9872366189956665,0,0,0.0,0.0,0.0,0.0,0.010331607423722744,-0.010692846029996872
1222,12,7,1.0,0.9872531294822693,0,0,0.0,0.0,0.0,0.0,0.0103586595505476,-0.010457610711455345
1223,12,8,1.0,0.9872382879257202,0,0,0.0,0.0,0.0,0.0,0.010456408374011517,-0.009101749397814274
1224,12,9,1.0,0.9872442483901978,0,0,0.0,0.0,0.0,0.0,0.0104609290137887,-0.009037565439939499
1225,12,10,1.0,0.9871279001235962,0,0,0.0,0.0,0.0,0.0,0.010371947661042213,-0.009401323273777962
1226,12,11,1.0,0.9871299266815186,0,0,0.0,0.0,0.0,0.0,0.010372776538133621,-0.009384376928210258
1227,12,12,1.0,0.9871269464492798,0,0,0.0,0.0,0.0,0.0,0.01035250909626484,-0.009397037327289581
1228,12,13,1.0,0.9871275424957275,0,0,0.0,0.25,0.0,0.0,0.010352705605328083,-0.009392673149704933
1229,12,14,1.0,0.9905852675437927,0,0,0.0,0.25,0.0,0.0,0.08192253112792969,-0.003151492215692997
1230,12,15,1.0,0.9952370524406433,0,0,0.0,0.25,0.0,0.0,0.09780990332365036,-0.0124562568962574
1231,12,16,1.0,0.9946548342704773,0,0,0.0,0.25,0.0,0.0,0.10277006775140762,-0.016878485679626465
1232,12,17,1.0,0.9933046102523804,0,0,0.0,0.25,0.0,0.0,0.10308131575584412,-0.014345662668347359
1233,12,18,1.0,0.9957231283187866,0,0,0.0,0.25,0.0,0.0,0.10373382270336151,-0.011660130694508553
1234,12,19,1.0,0.9856611490249634,0,0,0.0,0.25,0.0,0.0,0.10095728933811188,-0.012460408732295036
1235,12,20,1.0,0.9820170998573303,0,0,0.0,0.25,0.0,0.0,0.09336581826210022,-0.010864842683076859
1236,12,21,1.0,0.9780126214027405,0,0,0.0,0.25,0.0,0.0,0.0917002260684967,-0.011527063325047493
1237,12,22,1.0,0.9752640724182129,0,0,0.0,0.25,0.0,0.0,0.08540083467960358,-0.012578589841723442
1238,12,23,1.0,0.9730389714241028,0,0,0.0,0.25,0.0,0.0,0.07990475744009018,-0.013927852734923363
1239,12,24,1.0,0.972731351852417,0,0,0.0,0.25,0.0,0.0,0.07300958037376404,-0.012569095939397812
1240,12,25,1.0,0.973750114440918,0,0,0.0,0.25,0.0,0.0,0.06973610818386078,-0.014523064717650414
1241,12,26,1.0,0.9729285836219788,0,0,0.0,0.25,0.0,0.0,0.06126527115702629,-0.012690981850028038
1242,12,27,1.0,0.9695065021514893,0,0,0.0,0.25,0.0,0.0,0.05941982939839363,-0.012600967660546303
1243,12,28,1.0,0.968457818031311,0,0,0.0,0.25,0.0,0.0,0.05571404844522476,-0.013113442808389664
1244,12,29,1.0,0.9666967988014221,0,0,0.0,0.25,0.0,0.0,0.0516316220164299,-0.015831656754016876
1245,12,30,1.0,0.9660314321517944,0,0,0.0,0.0,0.0,0.0,0.051400650292634964,-0.022431427612900734
1246,12,31,1.0,0.974308431148529,0,0,0.0,0.0,0.0,0.0,0.0224450770765543,-0.018099043518304825
1247,12,32,1.0,0.9803670048713684,0,0,0.0,0.0,0.0,0.0,0.005601492244750261,-0.018587440252304077
1248,12,33,1.0,0.9818471670150757,0,0,0.0,0.0,0.0,0.0,0.0007433667778968811,-0.018794666975736618
1249,12,34,1.0,0.9836776852607727,0,0,0.0,0.0,0.0,0.0,-0.00044177507515996695,-0.019068529829382896
1250,12,35,1.0,0.9838508367538452,0,0,0.0,0.0,0.0,0.0,-0.0009566716616973281,-0.0192332211881876
1251,12,36,1.0,0.9847667217254639,0,0,0.0,0.0,0.0,0.0,-0.0014742715284228325,-0.01878068782389164
1252,12,37,1.0,0.9847979545593262,0,0,0.0,0.0,0.0,0.0,-0.0015611763810738921,-0.0188505407422781
1253,12,38,1.0,0.9845992922782898,0,0,0.0,0.0,0.0,0.0,-0.0017921000253409147,-0.01913456991314888
1254,12,39,1.0,0.9846041798591614,0,0,0.0,-0.25,0.0,0.0,-0.001810648012906313,-0.019155114889144897
1255,12,40,1.0,0.9906412363052368,0,0,0.0,0.0,0.0,0.0,-0.02503725327551365,-0.01901269517838955
1256,12,41,1.0,0.98656165599823,0,0,0.0,0.0,0.0,0.0,-0.012736022472381592,-0.021139569580554962
1257,12,42,1.0,0.9827347993850708,0,0,0.0,0.0,0.0,0.0,-0.005740928929299116,-0.025914007797837257
1258,12,43,1.0,0.9817696809768677,0,0,0.0,0.0,0.0,0.0,-0.0027645330410450697,-0.025598157197237015
1259,12,44,1.0,0.9832598567008972,0,0,0.0,0.0,0.0,0.0,-0.0022126955445855856,-0.026105595752596855
1260,12,45,1.0,0.9831360578536987,0,0,0.0,0.0,0.0,0.0,-0.0018334436463192105,-0.02591836266219616
1261,12,46,1.0,0.9823911786079407,0,0,0.0,0.0,0.0,0.0,-0.0018863871227949858,-0.03345881402492523
1262,12,47,1.0,0.9823619723320007,0,0,0.0,0.0,0.0,0.0,-0.0018137209117412567,-0.033398907631635666
1263,12,48,1.0,0.9819658994674683,0,0,0.0,0.0,0.0,0.0,-0.0016499904450029135,-0.03252477943897247
1264,12,49,1.0,0.9819592237472534,0,0,0.0,0.0,0.0,0.0,-0.0016319035785272717,-0.03250645101070404
1265,12,50,1.0,0.9811192750930786,0,0,0.0,0.0,-0.5,0.0,-0.0018066054908558726,-0.03495296463370323
1266,12,51,1.0,1.0123120546340942,0,0,0.0,0.0,-0.5,0.0,-0.002580378670245409,-0.5236343741416931
1267,12,52,1.0,1.0293266773223877,0,0,0.0,0.0,-0.5,0.0,-0.00363541510887444,-0.5487127304077148
1268,12,53,1.0,1.0367408990859985,0,0,0.0,0.0,-0.5,0.0,-0.0063443840481340885,-0.5516874194145203
1269,12,54,1.0,1.0154823064804077,0,0,0.0,0.0,-0.5,0.0,-0.004034161567687988,-0.5220169425010681
1270,12,55,1.0,1.010015606880188,0,0,0.0,0.0,-0.5,0.0,-0.005880800541490316,-0.50736403465271
1271,12,56,1.0,0.9648765325546265,0,0,0.0,0.0,-0.5,0.0,-0.003298446536064148,-0.40932169556617737
1272,12,57,1.0,0.9301233887672424,0,0,0.0,0.0,-0.5,0.0,-0.0005497086094692349,-0.2766325771808624
1273,12,58,1.0,0.9213333129882812,0,0,0.0,0.0,-0.5,0.0,-0.0010024176444858313,-0.05538952723145485
1274,12,59,1.0,0.9269992113113403,0,0,0.0,0.0,-0.5,0.0,-0.0016690073534846306,-0.035747237503528595
1275,12,60,1.0,0.9551416039466858,0,0,0.0,0.0,-0.5,0.0,-0.0017405934631824493,0.013893727213144302
1276,12,61,1.0,0.9554586410522461,0,0,0.0,0.0,0.0,0.0,-0.0016450479160994291,0.014656959101557732
1277,12,62,1.0,0.9670922756195068,0,0,0.0,0.0,0.0,0.0,-0.0018410359043627977,0.02102905698120594
1278,12,63,1.0,0.9670632481575012,0,0,0.0,0.0,0.0,0.0,-0.0018354995409026742,0.020991366356611252
1279,12,64,2.0,0.9792419672012329,1,0,0.0,0.0,0.0,0.0,-0.00196383660659194,0.022983156144618988
1280,12,65,2.0,2.000570297241211,1,1,0.0,0.0,0.0,0.0,0.0017684302292764187,-0.0016110888682305813
1281,12,66,2.0,2.0206499099731445,1,1,0.0,0.0,0.0,0.0,0.0016907290555536747,-0.006956846918910742
1282,12,67,2.0,2.038299083709717,1,1,0.0,0.0,0.0,0.0,0.002070012502372265,-0.014311138540506363
1283,12,68,2.0,2.0633881092071533,1,1,0.0,0.0,0.0,0.0,0.003615049412474036,-0.014284182339906693
1284,12,69,2.0,2.062466621398926,1,1,0.0,0.0,0.0,0.0,0.004480051342397928,-0.007335320580750704
1285,12,70,2.0,1.8322854042053223,1,1,0.0,0.0,0.0,0.0,0.0069230301305651665,0.013767724856734276
1286,12,71,2.0,1.7589478492736816,1,1,0.0,0.0,0.0,0.0,0.006785742938518524,0.012433089315891266
1287,12,72,2.0,1.4115924835205078,1,0,0.0,0.0,0.0,0.0,0.00320646446198225,-0.0014842173550277948
1288,12,73,2.0,1.408116102218628,1,0,0.0,0.0,0.0,0.0,0.0033811444882303476,-0.0031531923450529575
1289,12,74,2.0,1.2607961893081665,1,0,0.0,0.0,0.0,0.0,0.0007917139446362853,-0.018645813688635826
1290,12,75,2.0,1.1772892475128174,1,0,0.0,0.0,0.0,0.0,-0.00018948012439068407,-0.026348596438765526
1291,12,76,1.0,1.0247020721435547,0,0,0.0,0.0,0.0,0.0,-0.0017173107480630279,-0.025612667202949524
1292,12,77,1.0,1.0159027576446533,0,0,0.0,0.0,0.0,0.0,-0.0015170465921983123,-0.022663339972496033
1293,12,78,1.0,0.9812877178192139,0,0,0.0,0.0,0.0,0.0,-0.003231337061151862,0.018453581258654594
1294,12,79,1.0,0.9796828627586365,0,0,0.0,0.0,0.0,0.0,-0.0032592513598501682,0.024849796667695045
1295,12,80,1.0,0.9737067818641663,0,0,0.0,0.0,0.0,0.0,-0.003190029179677367,0.11220526695251465
1296,12,81,1.0,0.9740917682647705,0,0,0.0,0.0,0.0,0.0,-0.0031167848501354456,0.09447398781776428
1297,12,82,1.0,0.9787305593490601,0,0,0.0,0.0,0.0,0.0,-0.0029838639311492443,0.18249376118183136
1298,12,83,1.0,0.9814102053642273,0,0,0.0,0.0,0.0,0.0,-0.0028616010677069426,0.2129557728767395
1299,12,84,1.0,0.9846817255020142,0,0,0.0,0.0,0.0,0.0,-0.0033765260595828295,0.30862969160079956
1300,12,85,1.0,0.9845296144485474,0,0,0.0,0.0,0.0,0.0,-0.003212506650015712,0.2956455945968628
1301,12,86,1.0,0.9859411716461182,0,0,0.0,0.0,0.5,0.0,-0.0031909963581711054,0.33668190240859985
1302,12,87,1.0,0.9942360520362854,0,0,0.0,0.0,0.5,0.0,-0.0018409821204841137,0.5056835412979126
1303,12,88,1.0,0.9914307594299316,0,0,0.0,0.0,0.5,0.0,-0.0014092907076701522,0.5409582257270813
1304,12,89,1.0,0.9897096157073975,0,0,0.0,0.0,0.5,0.0,-0.00034476089058443904,0.5379679799079895
1305,12,90,1.0,0.9899712800979614,0,0,0.0,0.0,0.5,0.0,0.00023963114654179662,0.5474382638931274
1306,12,91,1.0,0.9917531609535217,0,0,0.0,0.0,0.5,0.0,-0.0002763155207503587,0.5496121048927307
1307,12,92,1.0,0.9891290664672852,0,0,0.0,0.0,0.5,0.0,-0.00016914942534640431,0.5440760254859924
1308,12,93,1.0,0.9868389964103699,0,0,0.0,0.0,0.5,0.0,-0.0005701087648048997,0.5517011880874634
1309,12,94,1.0,0.9844987392425537,0,0,0.0,0.0,0.5,0.0,-0.00037698683445341885,0.5527276396751404
1310,12,95,1.0,0.9840841889381409,0,0,0.0,0.0,0.5,0.0,-0.0008967264438979328,0.5529837012290955
1311,12,96,1.0,0.9851199984550476,0,0,0.0,0.0,0.5,0.0,-0.001034714630804956,0.5528126358985901
1312,13,0,1.0,0.9882575869560242,0,0,0.0,0.0,0.0,0.0,-0.006588736083358526,-0.013012915849685669
1313,13,1,1.0,0.990400493144989,0,0,0.0,0.0,0.0,0.0,-0.008409702219069004,-0.018376104533672333
1314,13,2,1.0,0.9915573596954346,0,0,0.0,0.0,0.0,0.0,-0.007961648516356945,-0.018102191388607025
1315,13,3,1.0,0.9910265207290649,0,0,0.0,0.0,0.0,0.0,-0.0074076177552342415,-0.01704452931880951
1316,13,4,1.0,0.9909417033195496,0,0,0.0,0.0,0.0,0.0,-0.006930592469871044,-0.014608202502131462
1317,13,5,1.0,0.9909014105796814,0,0,0.0,0.0,0.0,0.0,-0.006809144746512175,-0.014116493985056877
1318,13,6,1.0,0.9909226894378662,0,0,0.0,0.0,0.0,0.0,-0.007169642020016909,-0.015145869925618172
1319,13,7,1.0,0.9909379482269287,0,0,0.0,0.0,0.0,0.0,-0.0071476781740784645,-0.014985917136073112
1320,13,8,1.0,0.9916292428970337,0,0,0.0,0.0,0.0,0.0,-0.00747238053008914,-0.015031706541776657
1321,13,9,1.0,0.9916349649429321,0,0,0.0,0.0,0.0,0.0,-0.007467634044587612,-0.014986429363489151
1322,13,10,1.0,0.9915093779563904,0,0,0.0,0.0,0.0,0.0,-0.0074019599705934525,-0.015658987686038017
1323,13,11,1.0,0.9915110468864441,0,0,0.0,-0.25,0.0,0.0,-0.0074009522795677185,-0.015646545216441154
1324,13,12,1.0,0.9993449449539185,0,0,0.0,-0.25,0.0,0.0,-0.053033407777547836,-0.01741398684680462
1325,13,13,1.0,0.9982678294181824,0,0,0.0,-0.25,0.0,0.0,-0.061109334230422974,-0.018800999969244003
1326,13,14,1.0,0.998457133769989,0,0,0.0,-0.25,0.0,0.0,-0.06363935768604279,-0.019286779686808586
1327,13,15,1.0,0.9983170032501221,0,0,0.0,-0.25,0.0,0.0,-0.0645698755979538,-0.018081502988934517
1328,13,16,1.0,0.9981734752655029,0,0,0.0,-0.25,0.0,0.0,-0.06371729075908661,-0.015945913270115852
1329,13,17,1.0,0.994788646697998,0,0,0.0,-0.25,0.0,0.0,-0.06447064876556396,-0.01935829222202301
1330,13,18,1.0,0.9976099729537964,0,0,0.0,-0.25,0.0,0.0,-0.06270100176334381,-0.016671082004904747
1331,13,19,1.0,0.9970563650131226,0,0,0.0,-0.25,0.0,0.0,-0.062449194490909576,-0.01765581965446472
1332,13,20,1.0,0.9929921627044678,0,0,0.0,-0.25,0.0,0.0,-0.05498646944761276,-0.016429178416728973
1333,13,21,1.0,0.9938310384750366,0,0,0.0,-0.25,0.0,0.0,-0.056907836347818375,-0.01641206629574299
1334,13,22,1.0,0.989622950553894,0,0,0.0,-0.25,0.0,0.0,-0.047542884945869446,-0.018087854608893394
1335,13,23,1.0,0.988477885723114,0,0,0.0,-0.25,0.0,0.0,-0.046204060316085815,-0.016621261835098267
1336,13,24,1.0,0.9897899031639099,0,0,0.0,-0.25,0.0,0.0,-0.04183700680732727,-0.015970131382346153
1337,13,25,1.0,0.9871408343315125,0,0,0.0,-0.25,0.0,0.0,-0.036551330238580704,-0.013117538765072823
1338,13,26,1.0,0.9860625863075256,0,0,0.0,-0.25,0.0,0.0,-0.03446401283144951,-0.013807246461510658
1339,13,27,1.0,0.9854021072387695,0,0,0.0,0.0,0.0,0.0,-0.0343768447637558,-0.013930797576904297
1340,13,28,1.0,0.9841955900192261,0,0,0.0,0.0,0.0,0.0,-0.01615319773554802,-0.014304662123322487
1341,13,29,1.0,0.9814292192459106,0,0,0.0,0.0,0.0,0.0,-0.0051996586844325066,-0.0118979811668396
1342,13,30,1.0,0.9822254180908203,0,0,0.0,0.0,0.0,0.0,-0.002689360873773694,-0.01775229349732399
1343,13,31,1.0,0.9822489023208618,0,0,0.0,0.0,0.0,0.0,-0.0011950911721214652,-0.018107201904058456
1344,13,32,1.0,0.9834131002426147,0,0,0.0,0.0,0.0,0.0,-0.0005670280079357326,-0.017102286219596863
1345,13,33,1.0,0.9834403395652771,0,0,0.0,0.0,0.0,0.0,-0.0003221531515009701,-0.01708756573498249
1346,13,34,1.0,0.9827327132225037,0,0,0.0,0.0,0.0,0.0,-0.0002367089327890426,-0.020905353128910065
1347,13,35,1.0,0.9827359318733215,0,0,0.0,0.0,0.0,0.0,-0.0001836106675909832,-0.020885005593299866
1348,13,36,1.0,0.9821770191192627,0,0,0.0,0.0,0.0,0.0,-8.898091618902981e-05,-0.021182173863053322
1349,13,37,1.0,0.982178807258606,0,0,0.0,-0.25,0.0,0.0,-7.432228449033573e-05,-0.021175021305680275
1350,13,38,1.0,0.9864830374717712,0,0,0.0,0.0,0.0,0.0,-0.02386394515633583,-0.01391570270061493
1351,13,39,1.0,0.9833629131317139,0,0,0.0,0.0,0.0,0.0,-0.009124868549406528,-0.00947644840925932
1352,13,40,1.0,0.9835982918739319,0,0,0.0,0.0,0.0,0.0,-0.003551584668457508,-0.011752476915717125
1353,13,41,1.0,0.9830613732337952,0,0,0.0,0.0,0.0,0.0,-0.0010904594091698527,-0.0123565923422575
1354,13,42,1.0,0.9830106496810913,0,0,0.0,0.0,0.0,0.0,-0.0005074412911199033,-0.013792768120765686
1355,13,43,1.0,0.983005166053772,0,0,0.0,0.0,0.0,0.0,-0.00020565625163726509,-0.013804038986563683
1356,13,44,1.0,0.9828664064407349,0,0,0.0,0.0,0.0,0.0,-0.0001678450935287401,-0.014080306515097618
1357,13,45,1.0,0.9828685522079468,0,0,0.0,0.25,0.0,0.0,-0.00011945881124120206,-0.014069603756070137
1358,13,46,1.0,0.9848442077636719,0,0,0.0,0.0,0.0,0.0,0.026558591052889824,-0.00995266530662775
1359,13,47,1.0,0.9820663928985596,0,0,0.0,0.0,0.0,0.0,0.012916418723762035,-0.011891020461916924
1360,13,48,1.0,0.9825838804244995,0,0,0.0,0.0,0.0,0.0,0.004384143278002739,-0.017347708344459534
1361,13,49,1.0,0.9818373918533325,0,0,0.0,0.0,0.0,0.0,0.0014632585225626826,-0.016882719472050667
1362,13,50,1.0,0.9823766946792603,0,0,0.0,0.0,0.0,0.0,0.00047518149949610233,-0.02106371335685253
1363,13,51,1.0,0.9823368191719055,0,0,0.0,0.0,0.0,0.0,0.00012786517618224025,-0.021002206951379776
1364,13,52,1.0,0.9822324514389038,0,0,0.0,0.0,0.0,0.0,0.0003334666253067553,-0.021719684824347496
1365,13,53,1.0,0.9822258353233337,0,0,0.0,0.0,0.0,0.0,0.00027404885622672737,-0.02172316052019596
1366,13,54,1.0,0.9828119874000549,0,0,0.0,0.0,0.0,0.0,-0.00016134716861415654,-0.02077753096818924
1367,13,55,1.0,0.9828119277954102,0,0,0.0,0.0,-0.5,0.0,-0.0001745577756082639,-0.02078302949666977
1368,13,56,1.0,1.0114004611968994,0,0,0.0,0.0,-0.5,0.0,-0.00462822150439024,-0.5072740912437439
1369,13,57,1.0,1.0411767959594727,0,0,0.0,0.0,-0.5,0.0,-0.0051930188201367855,-0.5555645227432251
1370,13,58,1.0,1.034774661064148,0,0,0.0,0.0,-0.5,0.0,-0.0037933005951344967,-0.5412703156471252
1371,13,59,1.0,1.0002660751342773,0,0,0.0,0.0,-0.5,0.0,-0.006680808030068874,-0.512515664100647
1372,13,60,1.0,0.987458348274231,0,0,0.0,0.0,-0.5,0.0,-0.004786278121173382,-0.4635750353336334
1373,13,61,1.0,0.9587772488594055,0,0,0.0,0.0,-0.5,0.0,-0.0024878981057554483,-0.38877397775650024
1374,13,62,1.0,0.9179068207740784,0,0,0.0,0.0,-0.5,0.0,-0.0007673553191125393,-0.17590348422527313
1375,13,63,1.0,0.9300259947776794,0,0,0.0,0.0,-0.5,0.0,-0.0009516675490885973,-0.08127932995557785
1376,13,64,1.0,0.9575332403182983,0,0,0.0,0.0,-0.5,0.0,-0.0011896163923665881,0.0015816714148968458
1377,13,65,1.0,0.9580389261245728,0,0,0.0,0.0,-0.5,0.0,-0.001372488564811647,0.0036183539777994156
1378,13,66,1.0,0.9776542782783508,0,0,0.0,0.0,0.0,0.0,-0.0022829314693808556,0.020129628479480743
1379,13,67,1.0,0.9778875112533569,0,0,0.0,0.0,0.0,0.0,-0.002294844016432762,0.02045508474111557
1380,13,68,1.0,0.98775315284729,0,0,0.0,0.0,0.0,0.0,-0.0024993102997541428,0.025183169171214104
1381,13,69,1.0,0.9878179430961609,0,0,0.0,0.0,0.0,0.0,-0.0024955046828836203,0.025227142497897148
1382,13,70,2.0,0.9875137805938721,1,0,0.0,0.0,0.0,0.0,-0.002573775127530098,0.024679813534021378
1383,13,71,2.0,1.9214380979537964,1,1,0.0,0.0,0.0,0.0,1.290788350161165e-05,-0.00498269684612751
1384,13,72,2.0,2.0083694458007812,1,1,0.0,0.0,0.0,0.0,0.00012100129970349371,-0.004937109537422657
1385,13,73,2.0,2.0196924209594727,1,1,0.0,0.0,0.0,0.0,0.0003417039115447551,-0.009847449138760567
1386,13,74,2.0,2.051429510116577,1,1,0.0,0.0,0.0,0.0,0.0015324195846915245,-0.011461962014436722
1387,13,75,2.0,2.0594844818115234,1,1,0.0,0.0,0.0,0.0,0.001841423800215125,-0.009396162815392017
1388,13,76,2.0,2.044774293899536,1,1,0.0,0.0,0.0,0.0,-4.2103842133656144e-05,-0.004371898714452982
1389,13,77,2.0,1.9745457172393799,1,1,0.0,0.0,0.0,0.0,0.007136631291359663,-0.0052593909204006195
1390,13,78,2.0,1.6120868921279907,1,1,0.0,0.0,0.0,0.0,0.0026386005338281393,0.01743903011083603
1391,13,79,2.0,1.5736470222473145,1,1,0.0,0.0,0.0,0.0,0.0030150306411087513,0.010486798360943794
1392,13,80,2.0,1.3801651000976562,1,0,0.0,0.0,0.0,0.0,0.001216362463310361,-0.008322376757860184
1393,13,81,2.0,1.441292405128479,1,0,0.0,0.0,0.0,0.0,0.0011409232392907143,-0.002737246220931411
1394,13,82,2.0,1.1741327047348022,1,0,0.0,0.0,0.0,0.0,-0.0019028407987207174,-0.02212316356599331
1395,13,83,2.0,1.1683337688446045,1,0,0.0,0.0,0.0,0.0,-0.0016604072879999876,-0.021528087556362152
1396,13,84,2.0,1.0115591287612915,1,0,0.0,0.0,0.0,0.0,-0.0029351310804486275,0.019247349351644516
1397,13,85,2.0,1.0206832885742188,1,0,0.0,0.0,0.0,0.0,-0.0022781130392104387,0.0023343884386122227
1398,13,86,1.0,0.9900543689727783,0,0,0.0,0.0,0.0,0.0,-0.003624177537858486,0.1756938099861145
1399,13,87,1.0,0.9886029958724976,0,0,0.0,0.0,0.0,0.0,-0.004110355395823717,0.11330768465995789
1400,13,88,1.0,0.9857131242752075,0,0,0.0,0.0,0.0,0.0,-0.004055345430970192,0.12300267070531845
1401,13,89,1.0,1.0169085264205933,0,0,0.0,0.0,0.0,0.0,-0.0024305765982717276,-0.013238675892353058
1402,13,90,1.0,1.0067181587219238,0,0,0.0,0.0,0.0,0.0,-0.0024923013988882303,-0.008090026676654816
1403,13,91,1.0,1.0212953090667725,0,0,0.0,0.0,0.5,0.0,-0.0020302378106862307,-0.02007831446826458
1404,13,92,1.0,0.9929342269897461,0,0,0.0,0.0,0.5,0.0,-0.0011374782770872116,0.4975124001502991
1405,13,93,1.0,0.9924077987670898,0,0,0.0,0.0,0.5,0.0,-0.00014582792937289923,0.5472580194473267
1406,13,94,1.0,0.9984485507011414,0,0,0.0,0.0,0.5,0.0,-0.0005289168329909444,0.5511357188224792
1407,13,95,1.0,0.9956328868865967,0,0,0.0,0.0,0.5,0.0,0.00016829761443659663,0.5481807589530945
1408,13,96,1.0,0.990198016166687,0,0,0.0,0.0,0.5,0.0,-0.0008124839514493942,0.5497760772705078
1409,13,97,1.0,0.9886799454689026,0,0,0.0,0.0,0.5,0.0,-0.0007043750956654549,0.5526658892631531
1410,13,98,1.0,0.986796498298645,0,0,0.0,0.0,0.5,0.0,-0.00046011139056645334,0.5532472729682922
1411,13,99,1.0,0.9845607280731201,0,0,0.0,0.0,0.5,0.0,-0.00015152526611927897,0.5514190196990967
1412,13,100,1.0,0.985882580280304,0,0,0.0,0.0,0.5,0.0,-0.0005567070911638439,0.5525388121604919
1413,13,101,1.0,0.9849850535392761,0,0,0.0,0.0,0.5,0.0,-0.0005949493497610092,0.5543224811553955
1414,14,0,1.0,0.988257646560669,0,0,0.0,0.0,0.0,0.0,-0.006588755175471306,-0.01301296055316925
1415,14,1,1.0,0.9904005527496338,0,0,0.0,0.0,0.0,0.0,-0.008409724570810795,-0.018376076593995094
1416,14,2,1.0,0.9915573596954346,0,0,0.0,0.0,0.0,0.0,-0.007961645722389221,-0.01810220442712307
1417,14,3,1.0,0.9910265207290649,0,0,0.0,0.0,0.0,0.0,-0.0074076177552342415,-0.01704450137913227
1418,14,4,1.0,0.9909417033195496,0,0,0.0,0.0,0.0,0.0,-0.006930587347596884,-0.01460825465619564
1419,14,5,1.0,0.9909014701843262,0,0,0.0,0.0,0.0,0.0,-0.0068091354332864285,-0.014116493985056877
1420,14,6,1.0,0.9909226894378662,0,0,0.0,0.0,0.0,0.0,-0.007169663906097412,-0.015145853161811829
1421,14,7,1.0,0.9909380078315735,0,0,0.0,0.0,0.0,0.0,-0.007147684693336487,-0.014985896646976471
1422,14,8,1.0,0.9916292428970337,0,0,0.0,0.0,0.0,0.0,-0.007472348865121603,-0.015031686052680016
1423,14,9,1.0,0.9916349053382874,0,0,0.0,0.0,0.0,0.0,-0.007467640098184347,-0.014986436814069748
1424,14,10,1.0,0.9915093183517456,0,0,0.0,0.0,0.0,0.0,-0.007401950191706419,-0.015658950433135033
1425,14,11,1.0,0.9915111064910889,0,0,0.0,0.0,0.0,0.0,-0.007400954142212868,-0.015646515414118767
1426,14,12,1.0,0.9915120601654053,0,0,0.0,0.0,0.0,0.0,-0.00740046938881278,-0.01564028114080429
1427,14,13,1.0,0.991512656211853,0,0,0.0,0.0,0.0,0.0,-0.007400240283459425,-0.01563706248998642
1428,14,14,1.0,0.9915128946304321,0,0,0.0,0.0,0.0,0.0,-0.007400096394121647,-0.01563531905412674
1429,14,15,1.0,0.9915130138397217,0,0,0.0,0.0,0.0,0.0,-0.007400025613605976,-0.0156344473361969
1430,14,16,1.0,0.9915130138397217,0,0,0.0,0.0,0.0,0.0,-0.007400030270218849,-0.015634000301361084
1431,14,17,1.0,0.9915131330490112,0,0,0.0,0.0,0.0,0.0,-0.007399981375783682,-0.015633856877684593
1432,14,18,1.0,0.9916362166404724,0,0,0.0,-0.25,0.0,0.0,-0.007670584134757519,-0.0148081723600626
1433,14,19,1.0,0.9996768236160278,0,0,0.0,-0.25,0.0,0.0,-0.051154449582099915,-0.014743862673640251
1434,14,20,1.0,0.9983009696006775,0,0,0.0,-0.25,0.0,0.0,-0.05994222313165665,-0.01835489273071289
1435,14,21,1.0,0.9967508316040039,0,0,0.0,-0.25,0.0,0.0,-0.06277639418840408,-0.019868649542331696
1436,14,22,1.0,0.9994001388549805,0,0,0.0,-0.25,0.0,0.0,-0.06610731780529022,-0.016517024487257004
1437,14,23,1.0,0.9955907464027405,0,0,0.0,-0.25,0.0,0.0,-0.06596510857343674,-0.01801503822207451
1438,14,24,1.0,0.9944198131561279,0,0,0.0,-0.25,0.0,0.0,-0.06478460133075714,-0.017849046736955643
1439,14,25,1.0,0.9964666366577148,0,0,0.0,-0.25,0.0,0.0,-0.06366760283708572,-0.017270831391215324
1440,14,26,1.0,0.9951902031898499,0,0,0.0,-0.25,0.0,0.0,-0.05991778522729874,-0.01643192581832409
1441,14,27,1.0,0.9965469241142273,0,0,0.0,-0.25,0.0,0.0,-0.0586758591234684,-0.014793707057833672
1442,14,28,1.0,0.9918385148048401,0,0,0.0,-0.25,0.0,0.0,-0.05239040032029152,-0.01775183156132698
1443,14,29,1.0,0.99095618724823,0,0,0.0,-0.25,0.0,0.0,-0.05509570240974426,-0.021116381511092186
1444,14,30,1.0,0.9888439178466797,0,0,0.0,-0.25,0.0,0.0,-0.044525716453790665,-0.01790011301636696
1445,14,31,1.0,0.9871377944946289,0,0,0.0,-0.25,0.0,0.0,-0.042912498116493225,-0.014101527631282806
1446,14,32,1.0,0.9879345893859863,0,0,0.0,-0.25,0.0,0.0,-0.036756742745637894,-0.013024399057030678
1447,14,33,1.0,0.9855036735534668,0,0,0.0,-0.25,0.0,0.0,-0.03618861362338066,-0.013072183355689049
1448,14,34,1.0,0.9872485399246216,0,0,0.0,-0.25,0.0,0.0,-0.034109700471162796,-0.017711177468299866
1449,14,35,1.0,0.9849890470504761,0,0,0.0,0.0,0.0,0.0,-0.033511076122522354,-0.021625841036438942
1450,14,36,1.0,0.984926164150238,0,0,0.0,0.0,0.0,0.0,-0.016240615397691727,-0.016673821955919266
1451,14,37,1.0,0.982796847820282,0,0,0.0,0.0,0.0,0.0,-0.0056273252703249454,-0.014462742954492569
1452,14,38,1.0,0.9829233288764954,0,0,0.0,0.0,0.0,0.0,-0.002045633038505912,-0.013217220082879066
1453,14,39,1.0,0.9829534292221069,0,0,0.0,0.0,0.0,0.0,-0.000710149819497019,-0.013329988345503807
1454,14,40,1.0,0.9833025336265564,0,0,0.0,0.0,0.0,0.0,-0.00025157915661111474,-0.01227986253798008
1455,14,41,1.0,0.9833130836486816,0,0,0.0,0.0,0.0,0.0,-5.4324766097124666e-05,-0.01223728060722351
1456,14,42,1.0,0.9834007620811462,0,0,0.0,0.0,0.0,0.0,-0.00026193796657025814,-0.01415848359465599
1457,14,43,1.0,0.9833998680114746,0,0,0.0,0.0,0.0,0.0,-0.0002162582240998745,-0.014135327190160751
1458,14,44,1.0,0.9834376573562622,0,0,0.0,0.0,0.0,0.0,-0.00014605847536586225,-0.014326535165309906
1459,14,45,1.0,0.9834379553794861,0,0,0.0,0.25,0.0,0.0,-0.00013410481915343553,-0.014317113906145096
1460,14,46,1.0,0.9848675727844238,0,0,0.0,0.0,0.0,0.0,0.026400431990623474,-0.008702084422111511
1461,14,47,1.0,0.9813541769981384,0,0,0.0,0.0,0.0,0.0,0.012604571878910065,-0.010458854958415031
1462,14,48,1.0,0.982151448726654,0,0,0.0,0.0,0.0,0.0,0.004371057264506817,-0.017551247030496597
1463,14,49,1.0,0.9814141392707825,0,0,0.0,0.0,0.0,0.0,0.0014358408516272902,-0.016994161531329155
1464,14,50,1.0,0.9823974370956421,0,0,0.0,0.0,0.0,0.0,0.0003938934241887182,-0.021059000864624977
1465,14,51,1.0,0.9823668599128723,0,0,0.0,0.0,0.0,0.0,4.452587745618075e-05,-0.020995043218135834
1466,14,52,1.0,0.9824112057685852,0,0,0.0,0.0,0.0,0.0,0.0003947713994421065,-0.020851561799645424
1467,14,53,1.0,0.9824063777923584,0,0,0.0,0.0,0.0,0.0,0.0003355352091602981,-0.02085881680250168
1468,14,54,1.0,0.9825382232666016,0,0,0.0,0.0,0.0,0.0,-0.00020168328774161637,-0.02186831459403038
1469,14,55,1.0,0.9825388789176941,0,0,0.0,0.0,0.0,0.0,-0.00021549710072577,-0.02187155745923519
1470,14,56,1.0,0.981380045413971,0,0,0.0,0.0,-0.5,0.0,0.0001548533036839217,-0.02628745511174202
1471,14,57,1.0,1.016991376876831,0,0,0.0,0.0,-0.5,0.0,-0.0036227130331099033,-0.5108340382575989
1472,14,58,1.0,1.0335088968276978,0,0,0.0,0.0,-0.5,0.0,-0.006033327896147966,-0.5515989065170288
1473,14,59,1.0,1.0300419330596924,0,0,0.0,0.0,-0.5,0.0,-0.004446810577064753,-0.5461949706077576
1474,14,60,1.0,1.0012236833572388,0,0,0.0,0.0,-0.5,0.0,-0.005974357947707176,-0.5031684041023254
1475,14,61,1.0,0.9929026365280151,0,0,0.0,0.0,-0.5,0.0,-0.00468718446791172,-0.46646881103515625
1476,14,62,1.0,0.9604507684707642,0,0,0.0,0.0,-0.5,0.0,-0.002069120528176427,-0.38161906599998474
1477,14,63,1.0,0.9289051294326782,0,0,0.0,0.0,-0.5,0.0,-0.001441005035303533,-0.23252956569194794
1478,14,64,1.0,0.931939423084259,0,0,0.0,0.0,-0.5,0.0,-0.0008377950871363282,-0.05665425956249237
1479,14,65,1.0,0.935061514377594,0,0,0.0,0.0,-0.5,0.0,2.8021293474012055e-05,-0.050351399928331375
1480,14,66,1.0,0.9650056958198547,0,0,0.0,0.0,-0.5,0.0,-0.0018909759819507599,0.013963745906949043
1481,14,67,1.0,0.9654607772827148,0,0,0.0,0.0,-0.5,0.0,-0.0019320653518661857,0.014751136302947998
1482,14,68,1.0,0.9854040741920471,0,0,0.0,0.0,0.0,0.0,-0.002388213761150837,0.024434814229607582
1483,14,69,1.0,0.9854956865310669,0,0,0.0,0.0,0.0,0.0,-0.0023841445799916983,0.024505790323019028
1484,14,70,1.0,0.9884836673736572,0,0,0.0,0.0,0.0,0.0,-0.0024063431192189455,0.025353172793984413
1485,14,71,1.0,0.9885439872741699,0,0,0.0,0.0,0.0,0.0,-0.002401809673756361,0.025390779599547386
1486,14,72,1.0,0.9881449341773987,0,0,0.0,0.0,0.0,0.0,-0.0024553153198212385,0.025642694905400276
1487,14,73,1.0,0.9881974458694458,0,0,0.0,0.0,0.0,0.0,-0.0024505385663360357,0.025675345212221146
1488,14,74,1.0,0.990707516670227,0,0,0.0,0.0,0.0,0.0,-0.0024846752639859915,0.024683577939867973
1489,14,75,2.0,0.9907593727111816,1,0,0.0,0.0,0.0,0.0,-0.002480564871802926,0.024709677323698997
1490,14,76,2.0,1.98624849319458,1,1,0.0,0.0,0.0,0.0,0.0004857695603277534,-0.007967133074998856
1491,14,77,2.0,1.9819014072418213,1,1,0.0,0.0,0.0,0.0,-0.0006243666866794229,-0.004404081963002682
1492,14,78,2.0,2.0338425636291504,1,1,0.0,0.0,0.0,0.0,0.00032035430194810033,-0.008240018039941788
1493,14,79,2.0,2.0233750343322754,1,1,0.0,0.0,0.0,0.0,0.0018133315024897456,-0.012065405026078224
1494,14,80,2.0,2.0553345680236816,1,1,0.0,0.0,0.0,0.0,0.0006722385296598077,-0.009864237159490585
1495,14,81,2.0,2.023003578186035,1,1,0.0,0.0,0.0,0.0,-6.80104858474806e-05,-0.006212468724697828
1496,14,82,2.0,1.8094017505645752,1,1,0.0,0.0,0.0,0.0,0.006778364069759846,0.008338304236531258
1497,14,83,2.0,1.7927495241165161,1,1,0.0,0.0,0.0,0.0,0.005719904787838459,0.014426222071051598
1498,14,84,2.0,1.4891449213027954,1,0,0.0,0.0,0.0,0.0,0.002484627068042755,0.008061593398451805
1499,14,85,2.0,1.5136016607284546,1,1,0.0,0.0,0.0,0.0,0.003225815948098898,0.0036802496761083603
1500,14,86,2.0,1.1793204545974731,1,0,0.0,0.0,0.0,0.0,-0.0015157990856096148,-0.012987151741981506
1501,14,87,2.0,1.1844580173492432,1,0,0.0,0.0,0.0,0.0,-0.0014273356646299362,-0.020923402160406113
1502,14,88,2.0,1.0678811073303223,1,0,0.0,0.0,0.0,0.0,-0.0026863219682127237,-0.02902059443295002
1503,14,89,2.0,1.0967307090759277,1,0,0.0,0.0,0.0,0.0,-0.002016926882788539,-0.0340302437543869
1504,14,90,2.0,1.0803723335266113,1,0,0.0,0.0,0.0,0.0,-0.001149582676589489,-0.032870229333639145
1505,14,91,1.0,1.072022795677185,0,0,0.0,0.0,0.0,0.0,0.0001098407301469706,-0.027818605303764343
1506,14,92,1.0,0.9979625940322876,0,0,0.0,0.0,0.0,0.0,-0.00047945359256118536,0.00616921903565526
1507,14,93,1.0,0.988917887210846,0,0,0.0,0.0,0.0,0.0,-0.0011047982843592763,0.048861727118492126
1508,14,94,1.0,0.9865623116493225,0,0,0.0,0.0,0.0,0.0,-0.00113742146641016,0.15785078704357147
1509,14,95,1.0,0.9876202940940857,0,0,0.0,0.0,0.0,0.0,-0.0011636065319180489,0.21303679049015045
1510,14,96,1.0,0.988792896270752,0,0,0.0,0.0,0.0,0.0,-0.001292987959459424,0.3103622496128082
1511,14,97,1.0,0.9896631240844727,0,0,0.0,0.0,0.0,0.0,-0.0012464635074138641,0.3453899323940277
1512,14,98,1.0,0.9896065592765808,0,0,0.0,0.0,0.0,0.0,-0.0005431348690763116,0.4064784646034241
1513,14,99,1.0,0.9900106191635132,0,0,0.0,0.0,0.5,0.0,-0.0003237638156861067,0.4186633229255676
1514,14,100,1.0,0.994218647480011,0,0,0.0,0.0,0.5,0.0,-3.1495950679527596e-05,0.5374025702476501
1515,14,101,1.0,0.9933638572692871,0,0,0.0,0.0,0.5,0.0,-6.0923757700948045e-05,0.5498580932617188
1516,14,102,1.0,0.9974097609519958,0,0,0.0,0.0,0.5,0.0,-0.0002024207205977291,0.5531342625617981
1517,14,103,1.0,0.9939622282981873,0,0,0.0,0.0,0.5,0.0,0.0005210349336266518,0.5504462718963623
1518,14,104,1.0,0.9888851642608643,0,0,0.0,0.0,0.5,0.0,-0.0005612880340777338,0.5496430993080139
1519,14,105,1.0,0.9886524677276611,0,0,0.0,0.0,0.5,0.0,-0.00018417913815937936,0.5527015328407288
1520,14,106,1.0,0.9881551265716553,0,0,0.0,0.0,0.5,0.0,-0.000534430961124599,0.5537275075912476
1521,14,107,1.0,0.9846367239952087,0,0,0.0,0.0,0.5,0.0,-0.0004287334159016609,0.5521162152290344
1522,14,108,1.0,0.9854626655578613,0,0,0.0,0.0,0.5,0.0,-0.0004703770100604743,0.5520151853561401
1523,14,109,1.0,0.9838211536407471,0,0,0.0,0.0,0.5,0.0,-0.00029982332489453256,0.5523586273193359
1524,15,0,1.0,0.9842694401741028,0,0,0.0,0.0,0.0,0.0,0.0099946903064847,-0.0035714679397642612
1525,15,1,1.0,0.9869561195373535,0,0,0.0,0.0,0.0,0.0,0.007908133789896965,-0.013648811727762222
1526,15,2,1.0,0.9867694973945618,0,0,0.0,0.0,0.0,0.0,0.008113999851047993,-0.01127418503165245
1527,15,3,1.0,0.9859749674797058,0,0,0.0,0.0,0.0,0.0,0.008847786113619804,-0.009673837572336197
1528,15,4,1.0,0.9862449169158936,0,0,0.0,0.0,0.0,0.0,0.009075294248759747,-0.011018466204404831
1529,15,5,1.0,0.9861899018287659,0,0,0.0,0.0,0.0,0.0,0.009231563657522202,-0.010307081043720245
1530,15,6,1.0,0.9872366189956665,0,0,0.0,0.0,0.0,0.0,0.010331607423722744,-0.010692829266190529
1531,15,7,1.0,0.9872531890869141,0,0,0.0,0.0,0.0,0.0,0.010358667932450771,-0.010457655414938927
1532,15,8,1.0,0.987238347530365,0,0,0.0,0.0,0.0,0.0,0.010456415824592113,-0.009101824834942818
1533,15,9,1.0,0.9872442483901978,0,0,0.0,0.0,0.0,0.0,0.010460938327014446,-0.009037522599101067
1534,15,10,1.0,0.987127959728241,0,0,0.0,0.0,0.0,0.0,0.010371929034590721,-0.009401317685842514
1535,15,11,1.0,0.9871299862861633,0,0,0.0,0.25,0.0,0.0,0.010372775606811047,-0.009384378790855408
1536,15,12,1.0,0.9904031157493591,0,0,0.0,0.25,0.0,0.0,0.08128774911165237,-0.0029731467366218567
1537,15,13,1.0,0.9936271905899048,0,0,0.0,0.25,0.0,0.0,0.0974082201719284,-0.009988672100007534
1538,15,14,1.0,0.9946544170379639,0,0,0.0,0.25,0.0,0.0,0.10277017951011658,-0.016879919916391373
1539,15,15,1.0,0.9933044910430908,0,0,0.0,0.25,0.0,0.0,0.1030813679099083,-0.014346417039632797
1540,15,16,1.0,0.9957230091094971,0,0,0.0,0.25,0.0,0.0,0.1037338599562645,-0.011660445481538773
1541,15,17,1.0,0.9856612086296082,0,0,0.0,0.25,0.0,0.0,0.10095732659101486,-0.012460492551326752
1542,15,18,1.0,0.98195481300354,0,0,0.0,0.25,0.0,0.0,0.09327808022499084,-0.011456074193120003
1543,15,19,1.0,0.9775238037109375,0,0,0.0,0.25,0.0,0.0,0.09112940728664398,-0.011577242985367775
1544,15,20,1.0,0.9752640724182129,0,0,0.0,0.25,0.0,0.0,0.08540082722902298,-0.012578586116433144
1545,15,21,1.0,0.973038911819458,0,0,0.0,0.25,0.0,0.0,0.07990474998950958,-0.013927897438406944
1546,15,22,1.0,0.9727314710617065,0,0,0.0,0.25,0.0,0.0,0.07300957292318344,-0.012569140642881393
1547,15,23,1.0,0.973750114440918,0,0,0.0,0.25,0.0,0.0,0.06973610073328018,-0.014523092657327652
1548,15,24,1.0,0.9729285836219788,0,0,0.0,0.25,0.0,0.0,0.06126526743173599,-0.012690963223576546
1549,15,25,1.0,0.9695065021514893,0,0,0.0,0.25,0.0,0.0,0.059419821947813034,-0.012601006776094437
1550,15,26,1.0,0.9684578776359558,0,0,0.0,0.25,0.0,0.0,0.05571403354406357,-0.013113508000969887
1551,15,27,1.0,0.9666967391967773,0,0,0.0,0.25,0.0,0.0,0.05163160711526871,-0.01583166979253292
1552,15,28,1.0,0.9672080278396606,0,0,0.0,0.25,0.0,0.0,0.05000251904129982,-0.019010376185178757
1553,15,29,1.0,0.9675684571266174,0,0,0.0,0.25,0.0,0.0,0.04654094949364662,-0.017993994057178497
1554,15,30,1.0,0.9685826301574707,0,0,0.0,0.0,0.0,0.0,0.042805757373571396,-0.01838487945497036
1555,15,31,1.0,0.9729177951812744,0,0,0.0,0.0,0.0,0.0,0.01696176826953888,-0.0193560179322958
1556,15,32,1.0,0.978476881980896,0,0,0.0,0.0,0.0,0.0,0.0038576845545321703,-0.014799563214182854
1557,15,33,1.0,0.9803727865219116,0,0,0.0,0.0,0.0,0.0,-0.0004372225666884333,-0.014664677903056145
1558,15,34,1.0,0.9809098839759827,0,0,0.0,0.0,0.0,0.0,-0.0015344662824645638,-0.01579497754573822
1559,15,35,1.0,0.9810856580734253,0,0,0.0,0.0,0.0,0.0,-0.001964690862223506,-0.01596548594534397
1560,15,36,1.0,0.9803365468978882,0,0,0.0,0.0,0.0,0.0,-0.002151270629838109,-0.016723638400435448
1561,15,37,1.0,0.9803683757781982,0,0,0.0,0.0,0.0,0.0,-0.0022211389150470495,-0.01677863486111164
1562,15,38,1.0,0.9799479246139526,0,0,0.0,0.0,0.0,0.0,-0.0019403033656999469,-0.01757114939391613
1563,15,39,1.0,0.9799537658691406,0,0,0.0,-0.25,0.0,0.0,-0.0019559902139008045,-0.017586756497621536
1564,15,40,1.0,0.9873239994049072,0,0,0.0,-0.25,0.0,0.0,-0.023974061012268066,-0.015201985836029053
1565,15,41,1.0,0.9907299280166626,0,0,0.0,0.0,0.0,0.0,-0.029696514829993248,-0.015788787975907326
1566,15,42,1.0,0.9861193299293518,0,0,0.0,0.0,0.0,0.0,-0.015587424859404564,-0.02259206958115101
1567,15,43,1.0,0.9836834669113159,0,0,0.0,0.0,0.0,0.0,-0.006737647112458944,-0.023069409653544426
1568,15,44,1.0,0.9849324822425842,0,0,0.0,0.0,0.0,0.0,-0.0038409533444792032,-0.019796518608927727
1569,15,45,1.0,0.9844661355018616,0,0,0.0,0.0,0.0,0.0,-0.0026443947572261095,-0.019417043775320053
1570,15,46,1.0,0.9844357967376709,0,0,0.0,0.0,0.0,0.0,-0.0020184239838272333,-0.021146055310964584
1571,15,47,1.0,0.984375536441803,0,0,0.0,0.0,0.0,0.0,-0.001855512848123908,-0.021033084020018578
1572,15,48,1.0,0.9838765859603882,0,0,0.0,0.0,0.0,0.0,-0.0013031084090471268,-0.020894624292850494
1573,15,49,1.0,0.98386549949646,0,0,0.0,-0.25,0.0,0.0,-0.0012688454007729888,-0.020861944183707237
1574,15,50,1.0,0.9902958869934082,0,0,0.0,0.0,0.0,0.0,-0.02492014691233635,-0.018664762377738953
1575,15,51,1.0,0.9869557619094849,0,0,0.0,0.0,0.0,0.0,-0.012917784973978996,-0.022093640640378
1576,15,52,1.0,0.9826449155807495,0,0,0.0,0.0,0.0,0.0,-0.005711741279810667,-0.0270334854722023
1577,15,53,1.0,0.9816855192184448,0,0,0.0,0.0,0.0,0.0,-0.002692506415769458,-0.02659120410680771
1578,15,54,1.0,0.983055830001831,0,0,0.0,0.0,0.0,0.0,-0.0019678142853081226,-0.0278545543551445
1579,15,55,1.0,0.9829307198524475,0,0,0.0,0.0,0.0,0.0,-0.001589899999089539,-0.02763289399445057
1580,15,56,1.0,0.9815883040428162,0,0,0.0,0.0,0.0,0.0,-0.001687727402895689,-0.029335981234908104
1581,15,57,1.0,0.981563925743103,0,0,0.0,0.0,0.0,0.0,-0.0016172939212992787,-0.029269268736243248
1582,15,58,1.0,0.9816195964813232,0,0,0.0,0.0,0.0,0.0,-0.0015474541578441858,-0.02969571202993393
1583,15,59,1.0,0.9816152453422546,0,0,0.0,0.0,0.0,0.0,-0.0015304838307201862,-0.02967439405620098
1584,15,60,1.0,0.9813098311424255,0,0,0.0,0.0,0.0,0.0,-0.0014759848127141595,-0.030041981488466263
1585,15,61,1.0,0.9813086986541748,0,0,0.0,0.0,0.0,0.0,-0.0014712096890434623,-0.030035633593797684
1586,15,62,1.0,0.9814693331718445,0,0,0.0,0.0,-0.5,0.0,-0.0018628888064995408,-0.033631544560194016
1587,15,63,1.0,1.0110803842544556,0,0,0.0,0.0,-0.5,0.0,-0.002669908106327057,-0.5201910734176636
1588,15,64,1.0,1.029373049736023,0,0,0.0,0.0,-0.5,0.0,-0.003367921570315957,-0.5507550835609436
1589,15,65,1.0,1.0330114364624023,0,0,0.0,0.0,-0.5,0.0,-0.0059250518679618835,-0.5582821369171143
1590,15,66,1.0,1.0184823274612427,0,0,0.0,0.0,-0.5,0.0,-0.003924753051251173,-0.5216501355171204
1591,15,67,1.0,1.0104888677597046,0,0,0.0,0.0,-0.5,0.0,-0.0059997267089784145,-0.5077586770057678
1592,15,68,1.0,0.9654796123504639,0,0,0.0,0.0,-0.5,0.0,-0.0032323035411536694,-0.411173552274704
1593,15,69,1.0,0.9299015998840332,0,0,0.0,0.0,-0.5,0.0,-0.0009102355106733739,-0.281492680311203
1594,15,70,1.0,0.9220688939094543,0,0,0.0,0.0,-0.5,0.0,-0.001063310308381915,-0.054837070405483246
1595,15,71,1.0,0.9275084733963013,0,0,0.0,0.0,-0.5,0.0,-0.0016653328202664852,-0.03578986972570419
1596,15,72,1.0,0.9540916085243225,0,0,0.0,0.0,-0.5,0.0,-0.00158581486903131,0.012523680925369263
1597,15,73,1.0,0.9544477462768555,0,0,0.0,0.0,-0.5,0.0,-0.0014893186744302511,0.013301543891429901
1598,15,74,1.0,0.9657964706420898,0,0,0.0,0.0,-0.5,0.0,-0.0017067205626517534,0.021167678758502007
1599,15,75,1.0,0.9657638072967529,0,0,0.0,0.0,-0.5,0.0,-0.0017015490448102355,0.021137507632374763
1600,15,76,1.0,0.9671984314918518,0,0,0.0,0.0,0.0,0.0,-0.001705267815850675,0.020372329279780388
1601,15,77,1.0,0.9671626687049866,0,0,0.0,0.0,0.0,0.0,-0.0017055567586794496,0.020330695435404778
1602,15,78,1.0,0.9684465527534485,0,0,0.0,0.0,0.0,0.0,-0.0018030115170404315,0.02250976674258709
1603,15,79,1.0,0.9684106111526489,0,0,0.0,0.0,0.0,0.0,-0.0018055065302178264,0.022469710558652878
1604,15,80,1.0,0.9696731567382812,0,0,0.0,0.0,0.0,0.0,-0.002061327686533332,0.02345617488026619
1605,15,81,1.0,0.9696352481842041,0,0,0.0,0.0,0.0,0.0,-0.00206421734765172,0.023411404341459274
1606,15,82,2.0,0.9760298132896423,1,0,0.0,0.0,0.0,0.0,-0.002221951959654689,0.021632464602589607
1607,15,83,2.0,1.9664974212646484,1,1,0.0,0.0,0.0,0.0,0.0009922535391524434,-0.00038852065335959196
1608,15,84,2.0,2.015300750732422,1,1,0.0,0.0,0.0,0.0,0.0016321504954248667,-0.006027458235621452
1609,15,85,2.0,2.0484111309051514,1,1,0.0,0.0,0.0,0.0,0.002338672522455454,-0.013591505587100983
1610,15,86,2.0,2.0663657188415527,1,1,0.0,0.0,0.0,0.0,0.003687490476295352,-0.013211039826273918
1611,15,87,2.0,2.0663836002349854,1,1,0.0,0.0,0.0,0.0,0.004535014275461435,-0.00740816118195653
1612,15,88,2.0,1.8292982578277588,1,1,0.0,0.0,0.0,0.0,0.007192895282059908,0.011617409065365791
1613,15,89,2.0,1.737396001815796,1,1,0.0,0.0,0.0,0.0,0.0064811003394424915,0.008886883035302162
1614,15,90,2.0,1.4652224779129028,1,0,0.0,0.0,0.0,0.0,0.004095268901437521,-0.0006146098021417856
1615,15,91,2.0,1.4635612964630127,1,0,0.0,0.0,0.0,0.0,0.004093946423381567,-0.0008612172678112984
1616,15,92,2.0,1.3369077444076538,1,0,0.0,0.0,0.0,0.0,0.00248149735853076,-0.011506740003824234
1617,15,93,2.0,1.3158552646636963,1,0,0.0,0.0,0.0,0.0,0.0022525680251419544,-0.015019595623016357
1618,15,94,2.0,1.0320582389831543,1,0,0.0,0.0,0.0,0.0,-0.0014365938259288669,-0.02751864120364189
1619,15,95,2.0,1.033231258392334,1,0,0.0,0.0,0.0,0.0,-0.0013077635085210204,-0.02755296230316162
1620,15,96,1.0,0.994856595993042,0,0,0.0,0.0,0.0,0.0,-0.0030322675593197346,-0.006269385106861591
1621,15,97,1.0,0.9929375648498535,0,0,0.0,0.0,0.0,0.0,-0.0031827131751924753,-0.003726092865690589
1622,15,98,1.0,0.971683919429779,0,0,0.0,0.0,0.0,0.0,-0.003473124001175165,0.0877964124083519
1623,15,99,1.0,0.971878170967102,0,0,0.0,0.0,0.0,0.0,-0.003468116046860814,0.0841112956404686
1624,15,100,1.0,0.9787920117378235,0,0,0.0,0.0,0.0,0.0,-0.002862831810489297,0.17880593240261078
1625,15,101,1.0,0.9803034067153931,0,0,0.0,0.0,0.0,0.0,-0.0026966799050569534,0.19374585151672363
1626,15,102,1.0,0.9843306541442871,0,0,0.0,0.0,0.0,0.0,-0.0029473151080310345,0.3053832948207855
1627,15,103,1.0,0.9853396415710449,0,0,0.0,0.0,0.0,0.0,-0.0031026259530335665,0.33569368720054626
1628,15,104,1.0,0.9872534275054932,0,0,0.0,0.0,0.5,0.0,-0.0028110165148973465,0.38679739832878113
1629,15,105,1.0,0.9938009977340698,0,0,0.0,0.0,0.5,0.0,-0.0014831949956715107,0.5091999769210815
1630,15,106,1.0,0.9916950464248657,0,0,0.0,0.0,0.5,0.0,-0.0014300256734713912,0.5403571724891663
1631,15,107,1.0,0.9894067049026489,0,0,0.0,0.0,0.5,0.0,-0.0005109215853735805,0.5391722321510315
1632,15,108,1.0,0.9902176856994629,0,0,0.0,0.0,0.5,0.0,-5.1931529014837e-06,0.5475516319274902
1633,15,109,1.0,0.9916227459907532,0,0,0.0,0.0,0.5,0.0,-0.0003246244159527123,0.5493899583816528
1634,15,110,1.0,0.9890136122703552,0,0,0.0,0.0,0.5,0.0,-0.00010814941197168082,0.5465406775474548
1635,15,111,1.0,0.9860264658927917,0,0,0.0,0.0,0.5,0.0,-0.0003600053896661848,0.5509272217750549
1636,15,112,1.0,0.9841004014015198,0,0,0.0,0.0,0.5,0.0,-0.00036552269011735916,0.5520787239074707
1637,15,113,1.0,0.9836500883102417,0,0,0.0,0.0,0.5,0.0,-0.0008232011459767818,0.5539471507072449
1638,15,114,1.0,0.9851309061050415,0,0,0.0,0.0,0.5,0.0,-0.0010416862787678838,0.5528581738471985
1639,16,0,1.0,0.988257646560669,0,0,0.0,0.0,0.0,0.0,-0.006588737480342388,-0.013012932613492012
1640,16,1,1.0,0.9904005527496338,0,0,0.0,0.0,0.0,0.0,-0.008409715257585049,-0.01837608776986599
1641,16,2,1.0,0.9915573000907898,0,0,0.0,0.0,0.0,0.0,-0.007961626164615154,-0.018102169036865234
1642,16,3,1.0,0.9910265803337097,0,0,0.0,0.0,0.0,0.0,-0.007407600525766611,-0.017044516280293465
1643,16,4,1.0,0.9909416437149048,0,0,0.0,0.0,0.0,0.0,-0.006930585950613022,-0.014608245342969894
1644,16,5,1.0,0.9909014105796814,0,0,0.0,0.0,0.0,0.0,-0.006809141952544451,-0.014116467908024788
1645,16,6,1.0,0.9909226894378662,0,0,0.0,0.0,0.0,0.0,-0.007169654592871666,-0.015145840123295784
1646,16,7,1.0,0.9909379482269287,0,0,0.0,0.0,0.0,0.0,-0.007147665601223707,-0.014985935762524605
1647,16,8,1.0,0.9916293025016785,0,0,0.0,0.0,0.0,0.0,-0.007472361903637648,-0.015031708404421806
1648,16,9,1.0,0.9916348457336426,0,0,0.0,0.0,0.0,0.0,-0.0074676466174423695,-0.014986447989940643
1649,16,10,1.0,0.9915093779563904,0,0,0.0,0.0,0.0,0.0,-0.0074019706808030605,-0.015658991411328316
1650,16,11,1.0,0.9915111064910889,0,0,0.0,0.0,0.0,0.0,-0.007400954142212868,-0.015646595507860184
1651,16,12,1.0,0.9915120601654053,0,0,0.0,0.0,0.0,0.0,-0.007400459609925747,-0.015640266239643097
1652,16,13,1.0,0.991512656211853,0,0,0.0,-0.25,0.0,0.0,-0.007400221191346645,-0.015637019649147987
1653,16,14,1.0,0.9993453621864319,0,0,0.0,-0.25,0.0,0.0,-0.05303273722529411,-0.017410308122634888
1654,16,15,1.0,0.9982678890228271,0,0,0.0,-0.25,0.0,0.0,-0.06110890582203865,-0.018799232318997383
1655,16,16,1.0,0.9981348514556885,0,0,0.0,-0.25,0.0,0.0,-0.06305080652236938,-0.01950692944228649
1656,16,17,1.0,0.998482346534729,0,0,0.0,-0.25,0.0,0.0,-0.06476063281297684,-0.018158787861466408
1657,16,18,1.0,0.9981734752655029,0,0,0.0,-0.25,0.0,0.0,-0.06371723860502243,-0.015945665538311005
1658,16,19,1.0,0.994788646697998,0,0,0.0,-0.25,0.0,0.0,-0.06447064876556396,-0.01935816928744316
1659,16,20,1.0,0.9976099729537964,0,0,0.0,-0.25,0.0,0.0,-0.06270100176334381,-0.016671059653162956
1660,16,21,1.0,0.9970563054084778,0,0,0.0,-0.25,0.0,0.0,-0.06244920566678047,-0.017655743286013603
1661,16,22,1.0,0.992992103099823,0,0,0.0,-0.25,0.0,0.0,-0.05498645827174187,-0.016429098322987556
1662,16,23,1.0,0.9938310384750366,0,0,0.0,-0.25,0.0,0.0,-0.05690784007310867,-0.01641206443309784
1663,16,24,1.0,0.989622950553894,0,0,0.0,-0.25,0.0,0.0,-0.04754288122057915,-0.018087856471538544
1664,16,25,1.0,0.9884778261184692,0,0,0.0,-0.25,0.0,0.0,-0.04620405286550522,-0.01662127673625946
1665,16,26,1.0,0.9897898435592651,0,0,0.0,-0.25,0.0,0.0,-0.04183702543377876,-0.01597018539905548
1666,16,27,1.0,0.9871407747268677,0,0,0.0,-0.25,0.0,0.0,-0.036551330238580704,-0.013117499649524689
1667,16,28,1.0,0.9860625267028809,0,0,0.0,-0.25,0.0,0.0,-0.03446401655673981,-0.013807237148284912
1668,16,29,1.0,0.9854021072387695,0,0,0.0,-0.25,0.0,0.0,-0.03437682241201401,-0.013930803164839745
1669,16,30,1.0,0.9859572649002075,0,0,0.0,0.0,0.0,0.0,-0.03233129903674126,-0.023653646931052208
1670,16,31,1.0,0.9827187657356262,0,0,0.0,0.0,0.0,0.0,-0.013809433206915855,-0.011837312951683998
1671,16,32,1.0,0.9840887784957886,0,0,0.0,0.0,0.0,0.0,-0.006014206912368536,-0.010971229523420334
1672,16,33,1.0,0.9834531545639038,0,0,0.0,0.0,0.0,0.0,-0.002317164558917284,-0.010605944320559502
1673,16,34,1.0,0.9831806421279907,0,0,0.0,0.0,0.0,0.0,-0.0006557282758876681,-0.012124080210924149
1674,16,35,1.0,0.983196496963501,0,0,0.0,0.0,0.0,0.0,-0.00016278887051157653,-0.012077681720256805
1675,16,36,1.0,0.9833233952522278,0,0,0.0,0.0,0.0,0.0,-0.0005330460844561458,-0.013056926429271698
1676,16,37,1.0,0.9833192825317383,0,0,0.0,0.0,0.0,0.0,-0.0004399543977342546,-0.01302366517484188
1677,16,38,1.0,0.983177900314331,0,0,0.0,0.0,0.0,0.0,-0.00010161358659388497,-0.014574874192476273
1678,16,39,1.0,0.9831785559654236,0,0,0.0,0.0,0.0,0.0,-7.818156154826283e-05,-0.014565866440534592
1679,16,40,1.0,0.9833786487579346,0,0,0.0,0.0,0.0,0.0,-0.0002511354396119714,-0.014439107850193977
1680,16,41,1.0,0.9833798408508301,0,0,0.0,0.0,0.0,0.0,-0.00024557390133850276,-0.01443541795015335
1681,16,42,1.0,0.9831554889678955,0,0,0.0,0.0,0.0,0.0,-0.00017566472524777055,-0.014435313642024994
1682,16,43,1.0,0.9831566214561462,0,0,0.0,0.0,0.0,0.0,-0.0001746762136463076,-0.01443401351571083
1683,16,44,1.0,0.9830384254455566,0,0,0.0,0.0,0.0,0.0,1.0155540621781256e-05,-0.014447303488850594
1684,16,45,1.0,0.9830399751663208,0,0,0.0,0.0,0.0,0.0,9.814458280743565e-06,-0.014447210356593132
1685,16,46,1.0,0.9829839468002319,0,0,0.0,0.0,-0.5,0.0,-0.00029934803023934364,-0.014667205512523651
1686,16,47,1.0,1.0081075429916382,0,0,0.0,0.0,-0.5,0.0,-0.0030543154571205378,-0.4890441298484802
1687,16,48,1.0,1.0327768325805664,0,0,0.0,0.0,-0.5,0.0,-0.0058758012019097805,-0.5399779677391052
1688,16,49,1.0,1.0376224517822266,0,0,0.0,0.0,-0.5,0.0,-0.004282604902982712,-0.5441315770149231
1689,16,50,1.0,1.0034699440002441,0,0,0.0,0.0,-0.5,0.0,-0.005072751082479954,-0.5013688206672668
1690,16,51,1.0,0.9929421544075012,0,0,0.0,0.0,-0.5,0.0,-0.0063839321956038475,-0.4830305576324463
1691,16,52,1.0,0.9629911184310913,0,0,0.0,0.0,-0.5,0.0,-0.001662534661591053,-0.3909667432308197
1692,16,53,1.0,0.932769775390625,0,0,0.0,0.0,-0.5,0.0,0.00030196073930710554,-0.26316210627555847
1693,16,54,1.0,0.9229601621627808,0,0,0.0,0.0,-0.5,0.0,0.00014842643577139825,-0.05731534585356712
1694,16,55,1.0,0.927140474319458,0,0,0.0,0.0,-0.5,0.0,0.0005860663368366659,-0.06688617169857025
1695,16,56,1.0,0.9649333953857422,0,0,0.0,0.0,-0.5,0.0,-0.002046509413048625,0.009555317461490631
1696,16,57,1.0,0.965478777885437,0,0,0.0,0.0,-0.5,0.0,-0.002093581948429346,0.010380560532212257
1697,16,58,1.0,0.9704644083976746,0,0,0.0,0.0,0.0,0.0,-0.0022227480076253414,0.015291225165128708
1698,16,59,1.0,0.9705501794815063,0,0,0.0,0.0,0.0,0.0,-0.0022186865098774433,0.015393588691949844
1699,16,60,1.0,0.9734494090080261,0,0,0.0,0.0,0.0,0.0,-0.0023998799733817577,0.014989573508501053
1700,16,61,1.0,0.9735170602798462,0,0,0.0,0.0,0.0,0.0,-0.0023963807616382837,0.01505972258746624
1701,16,62,1.0,0.9734595417976379,0,0,0.0,0.0,0.0,0.0,-0.002262993948534131,0.013808859512209892
1702,16,63,1.0,0.9735190868377686,0,0,0.0,0.0,0.0,0.0,-0.0022583073005080223,0.01386464573442936
1703,16,64,2.0,0.9687548279762268,1,0,0.0,0.0,0.0,0.0,-0.0022671737242490053,0.011515729129314423
1704,16,65,2.0,1.9730465412139893,1,1,0.0,0.0,0.0,0.0,-0.000740452844183892,-0.00024353736080229282
1705,16,66,2.0,2.0247268676757812,1,1,0.0,0.0,0.0,0.0,0.0010772600071504712,-0.008751044049859047
1706,16,67,2.0,2.0462236404418945,1,1,0.0,0.0,0.0,0.0,0.0017444787081331015,-0.011115137487649918
1707,16,68,2.0,2.052546262741089,1,1,0.0,0.0,0.0,0.0,0.0008169226348400116,-0.005021487362682819
1708,16,69,2.0,2.03438138961792,1,1,0.0,0.0,0.0,0.0,0.005182985682040453,-0.005737978965044022
1709,16,70,2.0,1.697155475616455,1,1,0.0,0.0,0.0,0.0,0.004938825033605099,0.0027555529959499836
1710,16,71,2.0,1.7142691612243652,1,1,0.0,0.0,0.0,0.0,0.005039735697209835,0.004354249686002731
1711,16,72,2.0,1.5087227821350098,1,1,0.0,0.0,0.0,0.0,0.0008964231819845736,-0.0002361866645514965
1712,16,73,2.0,1.5280827283859253,1,1,0.0,0.0,0.0,0.0,0.0011878901859745383,0.0031282766722142696
1713,16,74,1.0,1.0971029996871948,0,0,0.0,0.0,0.0,0.0,-0.0033039702102541924,-0.020621860399842262
1714,16,75,1.0,1.057313084602356,0,0,0.0,0.0,0.0,0.0,-0.0034828479401767254,-0.010242870077490807
1715,16,76,1.0,1.0665011405944824,0,0,0.0,0.0,0.0,0.0,-0.0035787371452897787,-0.008529653772711754
1716,16,77,1.0,1.031175136566162,0,0,0.0,0.0,0.0,0.0,-0.003754523117095232,0.017314106225967407
1717,16,78,1.0,1.0046143531799316,0,0,0.0,0.0,0.0,0.0,-0.004469762090593576,0.09248639643192291
1718,16,79,1.0,1.0061341524124146,0,0,0.0,0.0,0.0,0.0,-0.00416293740272522,0.08046561479568481
1719,16,80,1.0,1.0001659393310547,0,0,0.0,0.0,0.0,0.0,-0.004035588353872299,0.19232726097106934
1720,16,81,1.0,1.0000909566879272,0,0,0.0,0.0,0.0,0.0,-0.004059279803186655,0.19619280099868774
1721,16,82,1.0,0.9963091611862183,0,0,0.0,0.0,0.0,0.0,-0.004079417325556278,0.25599023699760437
1722,16,83,1.0,0.9963245987892151,0,0,0.0,0.0,0.5,0.0,-0.004090713337063789,0.25683343410491943
1723,16,84,1.0,0.9951961636543274,0,0,0.0,0.0,0.5,0.0,-0.003489397233352065,0.30959513783454895
1724,16,85,1.0,0.9960651397705078,0,0,0.0,0.0,0.5,0.0,-0.0005234263371676207,0.54215407371521
1725,16,86,1.0,0.9959742426872253,0,0,0.0,0.0,0.5,0.0,-0.00047212978824973106,0.5451328158378601
1726,16,87,1.0,0.9927632212638855,0,0,0.0,0.0,0.5,0.0,-2.7227688406128436e-05,0.547739565372467
1727,16,88,1.0,0.9897504448890686,0,0,0.0,0.0,0.5,0.0,-0.00034223595866933465,0.547784686088562
1728,16,89,1.0,0.9884699583053589,0,0,0.0,0.0,0.5,0.0,-0.0006076041026972234,0.5513280630111694
1729,16,90,1.0,0.9851278066635132,0,0,0.0,0.0,0.5,0.0,4.7249795898096636e-05,0.5504067540168762
1730,16,91,1.0,0.9825930595397949,0,0,0.0,0.0,0.5,0.0,-1.2411145689839032e-05,0.5506881475448608
1731,16,92,1.0,0.9837509393692017,0,0,0.0,0.0,0.5,0.0,-0.00042952137300744653,0.550957202911377
1732,16,93,1.0,0.9825983643531799,0,0,0.0,0.0,0.5,0.0,-0.0005282646743580699,0.5515041351318359
1733,17,0,1.0,0.9842694401741028,0,0,0.0,0.0,0.0,0.0,0.00999471079558134,-0.0035714958794414997
1734,17,1,1.0,0.9869562387466431,0,0,0.0,0.0,0.0,0.0,0.007908150553703308,-0.013648847118020058
1735,17,2,1.0,0.986769437789917,0,0,0.0,0.0,0.0,0.0,0.008114020340144634,-0.01127420924603939
1736,17,3,1.0,0.9859750270843506,0,0,0.0,0.0,0.0,0.0,0.0088477972894907,-0.009673867374658585
1737,17,4,1.0,0.9862449765205383,0,0,0.0,0.0,0.0,0.0,0.009075297974050045,-0.011018505319952965
1738,17,5,1.0,0.9861899018287659,0,0,0.0,0.0,0.0,0.0,0.009231584146618843,-0.010307097807526588
1739,17,6,1.0,0.9872366189956665,0,0,0.0,0.0,0.0,0.0,0.010331612080335617,-0.010692847892642021
1740,17,7,1.0,0.9872531890869141,0,0,0.0,0.0,0.0,0.0,0.01035868190228939,-0.010457651689648628
1741,17,8,1.0,0.9872384071350098,0,0,0.0,0.0,0.0,0.0,0.010456424206495285,-0.009101783856749535
1742,17,9,1.0,0.9872443675994873,0,0,0.0,0.0,0.0,0.0,0.010460928082466125,-0.00903751514852047
1743,17,10,1.0,0.987127959728241,0,0,0.0,0.0,0.0,0.0,0.010371929034590721,-0.00940128043293953
1744,17,11,1.0,0.9871299266815186,0,0,0.0,0.0,0.0,0.0,0.010372775606811047,-0.00938438344746828
1745,17,12,1.0,0.9857586026191711,0,0,0.0,0.25,0.0,0.0,0.010823782533407211,-0.009997772052884102
1746,17,13,1.0,0.9893624782562256,0,0,0.0,0.25,0.0,0.0,0.08426489681005478,-0.0007482059299945831
1747,17,14,1.0,0.9973527789115906,0,0,0.0,0.25,0.0,0.0,0.0981963723897934,-0.010247588157653809
1748,17,15,1.0,0.9970546960830688,0,0,0.0,0.25,0.0,0.0,0.10014581680297852,-0.01349206268787384
1749,17,16,1.0,0.9917013645172119,0,0,0.0,0.25,0.0,0.0,0.1009390726685524,-0.009945215657353401
1750,17,17,1.0,0.9958326816558838,0,0,0.0,0.25,0.0,0.0,0.10271411389112473,-0.01158859208226204
1751,17,18,1.0,0.9867529273033142,0,0,0.0,0.25,0.0,0.0,0.09863697737455368,-0.009120944887399673
1752,17,19,1.0,0.9801244735717773,0,0,0.0,0.25,0.0,0.0,0.0946783721446991,-0.010499326512217522
1753,17,20,1.0,0.9760075807571411,0,0,0.0,0.25,0.0,0.0,0.08984970301389694,-0.013388210907578468
1754,17,21,1.0,0.9763263463973999,0,0,0.0,0.25,0.0,0.0,0.08523084968328476,-0.017759552225470543
1755,17,22,1.0,0.9729985594749451,0,0,0.0,0.25,0.0,0.0,0.07715271413326263,-0.013971671462059021
1756,17,23,1.0,0.9716510772705078,0,0,0.0,0.25,0.0,0.0,0.07469214498996735,-0.014981653541326523
1757,17,24,1.0,0.9752591252326965,0,0,0.0,0.25,0.0,0.0,0.07069110870361328,-0.013288864865899086
1758,17,25,1.0,0.9716697335243225,0,0,0.0,0.25,0.0,0.0,0.06570364534854889,-0.0146840400993824
1759,17,26,1.0,0.9718551635742188,0,0,0.0,0.25,0.0,0.0,0.05843803659081459,-0.010437015444040298
1760,17,27,1.0,0.9678189754486084,0,0,0.0,0.25,0.0,0.0,0.05508933216333389,-0.010753627866506577
1761,17,28,1.0,0.967007040977478,0,0,0.0,0.0,0.0,0.0,0.05197529122233391,-0.016057439148426056
1762,17,29,1.0,0.9733929634094238,0,0,0.0,0.0,0.0,0.0,0.023226644843816757,-0.01596664823591709
1763,17,30,1.0,0.9777503609657288,0,0,0.0,0.0,0.0,0.0,0.007979393005371094,-0.022599952295422554
1764,17,31,1.0,0.9794677495956421,0,0,0.0,0.0,0.0,0.0,0.002188504673540592,-0.023256979882717133
1765,17,32,1.0,0.9812516570091248,0,0,0.0,0.0,0.0,0.0,0.00019258708925917745,-0.02450527437031269
1766,17,33,1.0,0.9815126657485962,0,0,0.0,0.0,0.0,0.0,-0.0004580380627885461,-0.024731356650590897
1767,17,34,1.0,0.9806626439094543,0,0,0.0,0.0,0.0,0.0,-0.0009681926458142698,-0.02887692116200924
1768,17,35,1.0,0.9807146191596985,0,0,0.0,0.0,0.0,0.0,-0.0010972874006256461,-0.029018601402640343
1769,17,36,1.0,0.9812619686126709,0,0,0.0,0.0,0.0,0.0,-0.0015364069258794188,-0.03012782894074917
1770,17,37,1.0,0.9812717437744141,0,0,0.0,0.25,0.0,0.0,-0.0015657416079193354,-0.030169589444994926
1771,17,38,1.0,0.9711472392082214,0,0,0.0,0.0,0.0,0.0,0.034687820822000504,-0.015003737062215805
1772,17,39,1.0,0.9786165356636047,0,0,0.0,0.0,0.0,0.0,0.01307747419923544,-0.017573770135641098
1773,17,40,1.0,0.983370840549469,0,0,0.0,0.0,0.0,0.0,0.002626951551064849,-0.017950911074876785
1774,17,41,1.0,0.9841355085372925,0,0,0.0,0.0,0.0,0.0,-0.00029348331736400723,-0.01834656111896038
1775,17,42,1.0,0.9838277101516724,0,0,0.0,0.0,0.0,0.0,-0.001102940528653562,-0.018537143245339394
1776,17,43,1.0,0.983917236328125,0,0,0.0,0.0,0.0,0.0,-0.001405720366165042,-0.018596326932311058
1777,17,44,1.0,0.9845176935195923,0,0,0.0,0.0,0.0,0.0,-0.0015299736987799406,-0.019600791856646538
1778,17,45,1.0,0.9845296740531921,0,0,0.0,0.0,0.0,0.0,-0.00157363701146096,-0.01963685266673565
1779,17,46,1.0,0.9841093420982361,0,0,0.0,0.0,0.0,0.0,-0.0015823092544451356,-0.01954096369445324
1780,17,47,1.0,0.9841114282608032,0,0,0.0,-0.25,0.0,0.0,-0.001590391038917005,-0.019549626857042313
1781,17,48,1.0,0.9901650547981262,0,0,0.0,0.0,0.0,0.0,-0.024774998426437378,-0.01924341730773449
1782,17,49,1.0,0.9863139390945435,0,0,0.0,0.0,0.0,0.0,-0.01244625635445118,-0.022294340655207634
1783,17,50,1.0,0.983012855052948,0,0,0.0,0.0,0.0,0.0,-0.005727309733629227,-0.026190374046564102
1784,17,51,1.0,0.9819937944412231,0,0,0.0,0.0,0.0,0.0,-0.0026881748344749212,-0.02560250647366047
1785,17,52,1.0,0.9831762909889221,0,0,0.0,0.0,0.0,0.0,-0.0021462775766849518,-0.027368560433387756
1786,17,53,1.0,0.983062207698822,0,0,0.0,0.0,0.0,0.0,-0.0017676432617008686,-0.027150003239512444
1787,17,54,1.0,0.9826879501342773,0,0,0.0,0.0,0.0,0.0,-0.0019748869817703962,-0.03180669993162155
1788,17,55,1.0,0.9826617240905762,0,0,0.0,0.0,0.0,0.0,-0.0019033417338505387,-0.03175124526023865
1789,17,56,1.0,0.9823814034461975,0,0,0.0,0.0,0.0,0.0,-0.0017049110028892756,-0.03214844688773155
1790,17,57,1.0,0.9823755621910095,0,0,0.0,0.0,-0.5,0.0,-0.0016874336870387197,-0.032130494713783264
1791,17,58,1.0,1.0177770853042603,0,0,0.0,0.0,-0.5,0.0,-0.0023921236861497164,-0.5275565385818481
1792,17,59,1.0,1.033577799797058,0,0,0.0,0.0,-0.5,0.0,-0.004947644658386707,-0.5483654737472534
1793,17,60,1.0,1.0317485332489014,0,0,0.0,0.0,-0.5,0.0,-0.003317458787932992,-0.5509549975395203
1794,17,61,1.0,1.0215281248092651,0,0,0.0,0.0,-0.5,0.0,-0.006350371055305004,-0.5312480330467224
1795,17,62,1.0,1.0187711715698242,0,0,0.0,0.0,-0.5,0.0,-0.004569215700030327,-0.5065712332725525
1796,17,63,1.0,0.9745690822601318,0,0,0.0,0.0,-0.5,0.0,-0.00360110099427402,-0.44303828477859497
1797,17,64,1.0,0.9210910797119141,0,0,0.0,0.0,-0.5,0.0,-0.0013863291824236512,-0.22616595029830933
1798,17,65,1.0,0.9220616221427917,0,0,0.0,0.0,-0.5,0.0,-0.0005123238079249859,-0.10826221108436584
1799,17,66,1.0,0.9363572001457214,0,0,0.0,0.0,-0.5,0.0,-0.0016173855401575565,-0.011462152004241943
1800,17,67,1.0,0.9368805885314941,0,0,0.0,0.0,-0.5,0.0,-0.0014857420464977622,-0.0106118805706501
1801,17,68,1.0,0.9608203768730164,0,0,0.0,0.0,-0.5,0.0,-0.0015932192327454686,0.017442481592297554
1802,17,69,1.0,0.9608547687530518,0,0,0.0,0.0,0.0,0.0,-0.0015790705801919103,0.01753810979425907
1803,17,70,1.0,0.9666540622711182,0,0,0.0,0.0,0.0,0.0,-0.0017711692489683628,0.022213434800505638
1804,17,71,1.0,0.966620147228241,0,0,0.0,0.0,0.0,0.0,-0.0017692286055535078,0.022171441465616226
1805,17,72,1.0,0.9685469269752502,0,0,0.0,0.0,0.0,0.0,-0.0017554037040099502,0.021814903244376183
1806,17,73,1.0,0.9685159921646118,0,0,0.0,0.0,0.0,0.0,-0.001757257618010044,0.021772917360067368
1807,17,74,2.0,0.9804127216339111,1,0,0.0,0.0,0.0,0.0,-0.0019630296155810356,0.024719713255763054
1808,17,75,2.0,1.9750149250030518,1,1,0.0,0.0,0.0,0.0,0.001394361723214388,-0.00030919164419174194
1809,17,76,2.0,2.0228688716888428,1,1,0.0,0.0,0.0,0.0,0.0018128720112144947,-0.0072608450427651405
1810,17,77,2.0,2.0541467666625977,1,1,0.0,0.0,0.0,0.0,0.002424331149086356,-0.0136543158441782
1811,17,78,2.0,2.0669515132904053,1,1,0.0,0.0,0.0,0.0,0.0036572408862411976,-0.012812845408916473
1812,17,79,2.0,2.0599093437194824,1,1,0.0,0.0,0.0,0.0,0.004917033948004246,-0.005428126081824303
1813,17,80,2.0,1.8323829174041748,1,1,0.0,0.0,0.0,0.0,0.007230386137962341,0.012507336214184761
1814,17,81,2.0,1.7887866497039795,1,1,0.0,0.0,0.0,0.0,0.00694127706810832,0.010900136083364487
1815,17,82,2.0,1.3573331832885742,1,0,0.0,0.0,0.0,0.0,0.002555151004344225,-0.006394107360392809
1816,17,83,2.0,1.359932541847229,1,0,0.0,0.0,0.0,0.0,0.0026598821859806776,-0.006927029695361853
1817,17,84,2.0,1.1608623266220093,1,0,0.0,0.0,0.0,0.0,-4.2362415115348995e-05,-0.024362917989492416
1818,17,85,1.0,1.0948989391326904,0,0,0.0,0.0,0.0,0.0,-0.0009212022414430976,-0.03158928453922272
1819,17,86,1.0,1.0286450386047363,0,0,0.0,0.0,0.0,0.0,-0.0016230117762461305,-0.025171825662255287
1820,17,87,1.0,1.0313735008239746,0,0,0.0,0.0,0.0,0.0,-0.0016403233166784048,-0.02365378476679325
1821,17,88,1.0,0.980798065662384,0,0,0.0,0.0,0.0,0.0,-0.0036261072382330894,0.03203519433736801
1822,17,89,1.0,0.981155276298523,0,0,0.0,0.0,0.0,0.0,-0.003572220215573907,0.032373107969760895
1823,17,90,1.0,0.9733990430831909,0,0,0.0,0.0,0.0,0.0,-0.003751475363969803,0.07494556158781052
1824,17,91,1.0,0.9729131460189819,0,0,0.0,0.0,0.0,0.0,-0.0036153497640043497,0.06883841753005981
1825,17,92,1.0,0.9805060625076294,0,0,0.0,0.0,0.0,0.0,-0.003402135567739606,0.22527939081192017
1826,17,93,1.0,0.98110032081604,0,0,0.0,0.0,0.5,0.0,-0.0034792935475707054,0.2523238956928253
1827,17,94,1.0,0.9945191740989685,0,0,0.0,0.0,0.5,0.0,-0.0024892608635127544,0.46504393219947815
1828,17,95,1.0,0.993170440196991,0,0,0.0,0.0,0.5,0.0,-0.0017231557285413146,0.5353187322616577
1829,17,96,1.0,0.9908048510551453,0,0,0.0,0.0,0.5,0.0,-0.0005605632322840393,0.5466298460960388
1830,17,97,1.0,0.9886093735694885,0,0,0.0,0.0,0.5,0.0,-0.00014479995297733694,0.5478878021240234
1831,17,98,1.0,0.9900290369987488,0,0,0.0,0.0,0.5,0.0,-0.0002971862559206784,0.5464900135993958
1832,17,99,1.0,0.9864320755004883,0,0,0.0,0.0,0.5,0.0,-0.00019109553250018507,0.548118531703949
1833,17,100,1.0,0.9882364869117737,0,0,0.0,0.0,0.5,0.0,-0.0003210935974493623,0.5506088733673096
1834,17,101,1.0,0.9840410947799683,0,0,0.0,0.0,0.5,0.0,-0.0011000256054103374,0.5533325672149658
1835,17,102,1.0,0.9844191074371338,0,0,0.0,0.0,0.5,0.0,-0.000488339108414948,0.5527399778366089
1836,17,103,1.0,0.9837254285812378,0,0,0.0,0.0,0.5,0.0,-0.0008337810286320746,0.5532834529876709
1837,18,0,1.0,0.9842694401741028,0,0,0.0,0.0,0.0,0.0,0.009994684718549252,-0.0035715079866349697
1838,18,1,1.0,0.9869562387466431,0,0,0.0,0.0,0.0,0.0,0.007908136583864689,-0.01364881731569767
1839,18,2,1.0,0.986769437789917,0,0,0.0,0.0,0.0,0.0,0.00811401940882206,-0.011274205520749092
1840,18,3,1.0,0.9859750270843506,0,0,0.0,0.0,0.0,0.0,0.008847790770232677,-0.009673882275819778
1841,18,4,1.0,0.9862449765205383,0,0,0.0,0.0,0.0,0.0,0.009075312875211239,-0.011018447577953339
1842,18,5,1.0,0.9861899614334106,0,0,0.0,0.0,0.0,0.0,0.009231559000909328,-0.010307122021913528
1843,18,6,1.0,0.9872366189956665,0,0,0.0,0.0,0.0,0.0,0.010331597179174423,-0.010692829266190529
1844,18,7,1.0,0.9872532486915588,0,0,0.0,0.0,0.0,0.0,0.010358667932450771,-0.010457661002874374
1845,18,8,1.0,0.9872384071350098,0,0,0.0,0.0,0.0,0.0,0.010456414893269539,-0.00910179689526558
1846,18,9,1.0,0.9872442483901978,0,0,0.0,0.0,0.0,0.0,0.010460940189659595,-0.009037528187036514
1847,18,10,1.0,0.9871279001235962,0,0,0.0,0.0,0.0,0.0,0.010371910408139229,-0.00940127857029438
1848,18,11,1.0,0.9871299266815186,0,0,0.0,0.0,0.0,0.0,0.010372786782681942,-0.009384391829371452
1849,18,12,1.0,0.9857586622238159,0,0,0.0,0.25,0.0,0.0,0.010823780670762062,-0.009997811168432236
1850,18,13,1.0,0.9893624782562256,0,0,0.0,0.25,0.0,0.0,0.08426488190889359,-0.0007482251385226846
1851,18,14,1.0,0.9973528385162354,0,0,0.0,0.25,0.0,0.0,0.09819638729095459,-0.010247664526104927
1852,18,15,1.0,0.9970547556877136,0,0,0.0,0.25,0.0,0.0,0.10014581680297852,-0.013492072001099586
1853,18,16,1.0,0.9917013645172119,0,0,0.0,0.25,0.0,0.0,0.100939080119133,-0.00994524359703064
1854,18,17,1.0,0.9958325624465942,0,0,0.0,0.25,0.0,0.0,0.10271409898996353,-0.011588551104068756
1855,18,18,1.0,0.9867529273033142,0,0,0.0,0.25,0.0,0.0,0.09863697737455368,-0.009120948612689972
1856,18,19,1.0,0.9801244735717773,0,0,0.0,0.25,0.0,0.0,0.0946783721446991,-0.010499302297830582
1857,18,20,1.0,0.9760076403617859,0,0,0.0,0.25,0.0,0.0,0.08984970301389694,-0.013388169929385185
1858,18,21,1.0,0.9763262867927551,0,0,0.0,0.25,0.0,0.0,0.08523081988096237,-0.017759552225470543
1859,18,22,1.0,0.9729985594749451,0,0,0.0,0.25,0.0,0.0,0.07715272158384323,-0.01397167332470417
1860,18,23,1.0,0.9716511368751526,0,0,0.0,0.25,0.0,0.0,0.07469215244054794,-0.01498165912926197
1861,18,24,1.0,0.9752591848373413,0,0,0.0,0.25,0.0,0.0,0.07069110125303268,-0.013288827612996101
1862,18,25,1.0,0.9716696739196777,0,0,0.0,0.25,0.0,0.0,0.06570364534854889,-0.014684038236737251
1863,18,26,1.0,0.9718550443649292,0,0,0.0,0.25,0.0,0.0,0.05843805521726608,-0.010436994954943657
1864,18,27,1.0,0.9678189158439636,0,0,0.0,0.25,0.0,0.0,0.05508933216333389,-0.010753601789474487
1865,18,28,1.0,0.9677914381027222,0,0,0.0,0.25,0.0,0.0,0.051618799567222595,-0.015500841662287712
1866,18,29,1.0,0.9677519798278809,0,0,0.0,0.0,0.0,0.0,0.051634594798088074,-0.020616641268134117
1867,18,30,1.0,0.9751899242401123,0,0,0.0,0.0,0.0,0.0,0.020277129486203194,-0.01968684233725071
1868,18,31,1.0,0.9819010496139526,0,0,0.0,0.0,0.0,0.0,0.0055986023508012295,-0.017795702442526817
1869,18,32,1.0,0.9826840162277222,0,0,0.0,0.0,0.0,0.0,0.0007404217612929642,-0.017918355762958527
1870,18,33,1.0,0.9831860661506653,0,0,0.0,0.0,0.0,0.0,-0.0007574860355816782,-0.018208006396889687
1871,18,34,1.0,0.984006404876709,0,0,0.0,0.0,0.0,0.0,-0.0012695370241999626,-0.019050369039177895
1872,18,35,1.0,0.9840697050094604,0,0,0.0,0.0,0.0,0.0,-0.0014641211600974202,-0.019144674763083458
1873,18,36,1.0,0.9843340516090393,0,0,0.0,0.0,0.0,0.0,-0.0016243302961811423,-0.019506894052028656
1874,18,37,1.0,0.984344482421875,0,0,0.0,0.0,0.0,0.0,-0.0016648132586851716,-0.019546566531062126
1875,18,38,1.0,0.9843908548355103,0,0,0.0,0.0,0.0,0.0,-0.0015842310385778546,-0.019691845402121544
1876,18,39,1.0,0.9843920469284058,0,0,0.0,0.0,0.0,0.0,-0.0015928986249491572,-0.019702168181538582
1877,18,40,1.0,0.9840965867042542,0,0,0.0,0.0,0.0,0.0,-0.0014837824273854494,-0.020048070698976517
1878,18,41,1.0,0.9840964078903198,0,0,0.0,0.0,-0.5,0.0,-0.0014846051344648004,-0.020049864426255226
1879,18,42,1.0,1.009641170501709,0,0,0.0,0.0,-0.5,0.0,-0.002982557285577059,-0.5073044300079346
1880,18,43,1.0,1.0367003679275513,0,0,0.0,0.0,-0.5,0.0,-0.004515822045505047,-0.5560022592544556
1881,18,44,1.0,1.0313576459884644,0,0,0.0,0.0,-0.5,0.0,-0.004027563147246838,-0.5489665269851685
1882,18,45,1.0,1.039275884628296,0,0,0.0,0.0,-0.5,0.0,-0.0077811721712350845,-0.54525226354599
1883,18,46,1.0,1.0044728517532349,0,0,0.0,0.0,-0.5,0.0,-0.004694577772170305,-0.4872932732105255
1884,18,47,1.0,0.972011148929596,0,0,0.0,0.0,-0.5,0.0,-0.004195868503302336,-0.42736539244651794
1885,18,48,1.0,0.9280354380607605,0,0,0.0,0.0,-0.5,0.0,-0.002053629606962204,-0.24672465026378632
1886,18,49,1.0,0.9260236620903015,0,0,0.0,0.0,-0.5,0.0,-0.0015311911702156067,-0.11723681539297104
1887,18,50,1.0,0.9369115233421326,0,0,0.0,0.0,-0.5,0.0,-0.001533307135105133,-0.025963086634874344
1888,18,51,1.0,0.9374284744262695,0,0,0.0,0.0,-0.5,0.0,-0.001399535103701055,-0.02507941797375679
1889,18,52,1.0,0.9423099756240845,0,0,0.0,0.0,-0.5,0.0,-0.0016869567334651947,-0.011435264721512794
1890,18,53,1.0,0.9423542618751526,0,0,0.0,0.0,0.0,0.0,-0.0016689789481461048,-0.011338450014591217
1891,18,54,1.0,0.9436988234519958,0,0,0.0,0.0,0.0,0.0,-0.002297170227393508,-0.008653281256556511
1892,18,55,1.0,0.9436503052711487,0,0,0.0,0.0,0.0,0.0,-0.0022928512189537287,-0.0087196109816432
1893,18,56,1.0,0.9428455829620361,0,0,0.0,0.0,0.0,0.0,-0.002310303272679448,-0.008525734767317772
1894,18,57,1.0,0.9427998065948486,0,0,0.0,0.0,0.0,0.0,-0.00230824900791049,-0.008589515462517738
1895,18,58,2.0,0.9463568925857544,1,0,0.0,0.0,0.0,0.0,-0.002085620304569602,-0.00929408147931099
1896,18,59,2.0,1.2019926309585571,1,0,0.0,0.0,0.0,0.0,-0.005249685607850552,-0.00112329819239676
1897,18,60,2.0,1.840125560760498,1,1,0.0,0.0,0.0,0.0,-0.00047846982488408685,0.004954686854034662
1898,18,61,2.0,1.9894907474517822,1,1,0.0,0.0,0.0,0.0,0.0010651855263859034,-0.001302419463172555
1899,18,62,2.0,2.0407872200012207,1,1,0.0,0.0,0.0,0.0,0.0024702437222003937,-0.006520354654639959
1900,18,63,2.0,2.046002149581909,1,1,0.0,0.0,0.0,0.0,0.0019984354730695486,-0.0011531285708770156
1901,18,64,2.0,2.049265146255493,1,1,0.0,0.0,0.0,0.0,0.005538979545235634,-0.02281339280307293
1902,18,65,2.0,2.0832736492156982,1,1,0.0,0.0,0.0,0.0,0.004569047596305609,-0.0069358511827886105
1903,18,66,2.0,2.0663156509399414,1,1,0.0,0.0,0.0,0.0,0.006420921999961138,-0.006391630973666906
1904,18,67,2.0,2.0583558082580566,1,1,0.0,0.0,0.0,0.0,0.006807701662182808,-0.005920149851590395
1905,18,68,2.0,1.8057955503463745,1,1,0.0,0.0,0.0,0.0,0.006597626954317093,0.0007447863463312387
1906,18,69,2.0,1.724797248840332,1,1,0.0,0.0,0.0,0.0,0.005285352468490601,-0.0014298103051260114
1907,18,70,2.0,1.3825916051864624,1,0,0.0,0.0,0.0,0.0,0.0015076196286827326,-0.016870463266968727
1908,18,71,2.0,1.3270903825759888,1,0,0.0,0.0,0.0,0.0,0.0005598649731837213,-0.02060019038617611
1909,18,72,2.0,1.0401654243469238,1,0,0.0,0.0,0.0,0.0,-0.0036216385196894407,-0.027615483850240707
1910,18,73,2.0,1.038559913635254,1,0,0.0,0.0,0.0,0.0,-0.003518778597936034,-0.02549727074801922
1911,18,74,2.0,0.9952927827835083,1,0,0.0,0.0,0.0,0.0,-0.003474579891189933,0.021735362708568573
1912,18,75,1.0,0.9903437495231628,0,0,0.0,0.0,0.0,0.0,-0.0041833193972706795,0.03694750368595123
1913,18,76,1.0,0.9830359220504761,0,0,0.0,0.0,0.0,0.0,-0.00453985994681716,0.09086714684963226
1914,18,77,1.0,0.9834338426589966,0,0,0.0,0.0,0.0,0.0,-0.004458976909518242,0.10165426135063171
1915,18,78,1.0,0.9851910471916199,0,0,0.0,0.0,0.0,0.0,-0.004308152012526989,0.23319865763187408
1916,18,79,1.0,0.984957218170166,0,0,0.0,0.0,0.0,0.0,-0.004357384983450174,0.23416011035442352
1917,18,80,1.0,0.9869012236595154,0,0,0.0,0.0,0.0,0.0,-0.004516268149018288,0.30143412947654724
1918,18,81,1.0,0.9869418740272522,0,0,0.0,0.0,0.5,0.0,-0.004477270413190126,0.29871994256973267
1919,18,82,1.0,0.9939616918563843,0,0,0.0,0.0,0.5,0.0,-0.0030100459698587656,0.4769046902656555
1920,18,83,1.0,0.9978215098381042,0,0,0.0,0.0,0.5,0.0,-0.0015834778314456344,0.5237777829170227
1921,18,84,1.0,0.9950408339500427,0,0,0.0,0.0,0.5,0.0,-0.00106788647826761,0.5403814911842346
1922,18,85,1.0,0.9939545392990112,0,0,0.0,0.0,0.5,0.0,-0.0010228146566078067,0.5419243574142456
1923,18,86,1.0,0.9947279691696167,0,0,0.0,0.0,0.5,0.0,-0.0009929162915796041,0.5454192757606506
1924,18,87,1.0,0.9903064370155334,0,0,0.0,0.0,0.5,0.0,-0.0010380701860412955,0.5512509346008301
1925,18,88,1.0,0.9890402555465698,0,0,0.0,0.0,0.5,0.0,-0.0012774956412613392,0.5497053861618042
1926,18,89,1.0,0.9870746731758118,0,0,0.0,0.0,0.5,0.0,-0.0013314023381099105,0.5546144843101501
1927,18,90,1.0,0.9862377643585205,0,0,0.0,0.0,0.5,0.0,-0.0014148443005979061,0.55274498462677
1928,18,91,1.0,0.9868065714836121,0,0,0.0,0.0,0.5,0.0,-0.002136032562702894,0.550481379032135
1929,19,0,1.0,0.988257646560669,0,0,0.0,0.0,0.0,0.0,-0.006588734686374664,-0.013012906536459923
1930,19,1,1.0,0.9904005527496338,0,0,0.0,0.0,0.0,0.0,-0.008409715257585049,-0.018376130610704422
1931,19,2,1.0,0.9915573000907898,0,0,0.0,0.0,0.0,0.0,-0.00796162523329258,-0.018102191388607025
1932,19,3,1.0,0.9910264611244202,0,0,0.0,0.0,0.0,0.0,-0.007407590746879578,-0.017044520005583763
1933,19,4,1.0,0.9909417629241943,0,0,0.0,0.0,0.0,0.0,-0.006930587347596884,-0.014608263969421387
1934,19,5,1.0,0.9909013509750366,0,0,0.0,0.0,0.0,0.0,-0.0068091354332864285,-0.014116475358605385
1935,19,6,1.0,0.9909226298332214,0,0,0.0,0.0,0.0,0.0,-0.007169648073613644,-0.015145868062973022
1936,19,7,1.0,0.9909380078315735,0,0,0.0,0.0,0.0,0.0,-0.007147673517465591,-0.01498592458665371
1937,19,8,1.0,0.9916291236877441,0,0,0.0,0.0,0.0,0.0,-0.007472369819879532,-0.015031695365905762
1938,19,9,1.0,0.9916348457336426,0,0,0.0,0.0,0.0,0.0,-0.007467641960829496,-0.014986416324973106
1939,19,10,1.0,0.9915093779563904,0,0,0.0,0.0,0.0,0.0,-0.007401956710964441,-0.01565895415842533
1940,19,11,1.0,0.9915111064910889,0,0,0.0,-0.25,0.0,0.0,-0.007400962058454752,-0.015646541491150856
1941,19,12,1.0,0.9993450045585632,0,0,0.0,-0.25,0.0,0.0,-0.05303338170051575,-0.017414022237062454
1942,19,13,1.0,0.9982677698135376,0,0,0.0,-0.25,0.0,0.0,-0.06110934913158417,-0.0188010111451149
1943,19,14,1.0,0.9984571933746338,0,0,0.0,-0.25,0.0,0.0,-0.06363935768604279,-0.01928672194480896
1944,19,15,1.0,0.9983169436454773,0,0,0.0,-0.25,0.0,0.0,-0.0645698681473732,-0.018081456422805786
1945,19,16,1.0,0.9981734752655029,0,0,0.0,-0.25,0.0,0.0,-0.0637173131108284,-0.015945959836244583
1946,19,17,1.0,0.994788646697998,0,0,0.0,-0.25,0.0,0.0,-0.06447067111730576,-0.019358282908797264
1947,19,18,1.0,0.9976099729537964,0,0,0.0,-0.25,0.0,0.0,-0.0627010390162468,-0.016671109944581985
1948,19,19,1.0,0.9970563054084778,0,0,0.0,-0.25,0.0,0.0,-0.062449194490909576,-0.01765581965446472
1949,19,20,1.0,0.992992103099823,0,0,0.0,-0.25,0.0,0.0,-0.05498647689819336,-0.016429133713245392
1950,19,21,1.0,0.9938310384750366,0,0,0.0,-0.25,0.0,0.0,-0.056907858699560165,-0.01641204208135605
1951,19,22,1.0,0.989622950553894,0,0,0.0,-0.25,0.0,0.0,-0.047542888671159744,-0.018087873235344887
1952,19,23,1.0,0.988477885723114,0,0,0.0,-0.25,0.0,0.0,-0.04620404168963432,-0.016621248796582222
1953,19,24,1.0,0.9897899031639099,0,0,0.0,-0.25,0.0,0.0,-0.04183703288435936,-0.015970170497894287
1954,19,25,1.0,0.9871408343315125,0,0,0.0,-0.25,0.0,0.0,-0.036551330238580704,-0.013117510825395584
1955,19,26,1.0,0.9860625267028809,0,0,0.0,-0.25,0.0,0.0,-0.03446401283144951,-0.01380721852183342
1956,19,27,1.0,0.9854021072387695,0,0,0.0,-0.25,0.0,0.0,-0.0343768373131752,-0.013930819928646088
1957,19,28,1.0,0.9859572649002075,0,0,0.0,0.0,0.0,0.0,-0.032331302762031555,-0.023653654381632805
1958,19,29,1.0,0.982718825340271,0,0,0.0,0.0,0.0,0.0,-0.013809428550302982,-0.011837359517812729
1959,19,30,1.0,0.984088659286499,0,0,0.0,0.0,0.0,0.0,-0.006014169193804264,-0.010971250012516975
1960,19,31,1.0,0.9834531545639038,0,0,0.0,0.0,0.0,0.0,-0.0023171724751591682,-0.010605935007333755
1961,19,32,1.0,0.9831806421279907,0,0,0.0,0.0,0.0,0.0,-0.0006557204178534448,-0.012124091386795044
1962,19,33,1.0,0.9831965565681458,0,0,0.0,0.0,0.0,0.0,-0.00016278096882160753,-0.012077659368515015
1963,19,34,1.0,0.9833233952522278,0,0,0.0,0.0,0.0,0.0,-0.0005330460844561458,-0.013056950643658638
1964,19,35,1.0,0.9833192825317383,0,0,0.0,0.0,0.0,0.0,-0.00043994333827868104,-0.013023672625422478
1965,19,36,1.0,0.9826219081878662,0,0,0.0,0.25,0.0,0.0,-0.00011010273738065735,-0.01248093694448471
1966,19,37,1.0,0.9824830889701843,0,0,0.0,0.0,0.0,0.0,0.0283375047147274,-0.010488912463188171
1967,19,38,1.0,0.9822525978088379,0,0,0.0,0.0,0.0,0.0,0.012051540426909924,-0.014173505827784538
1968,19,39,1.0,0.9814189076423645,0,0,0.0,0.0,0.0,0.0,0.0050978087820112705,-0.014584885910153389
1969,19,40,1.0,0.9813098907470703,0,0,0.0,0.0,0.0,0.0,0.001773343188688159,-0.02027885988354683
1970,19,41,1.0,0.9812554121017456,0,0,0.0,0.0,0.0,0.0,0.0008088955655694008,-0.020024249330163002
1971,19,42,1.0,0.982733964920044,0,0,0.0,0.0,0.0,0.0,0.0003728047595359385,-0.020545177161693573
1972,19,43,1.0,0.982732892036438,0,0,0.0,0.0,0.0,0.0,0.0002351370785618201,-0.020542383193969727
1973,19,44,1.0,0.9826482534408569,0,0,0.0,0.0,0.0,0.0,0.00010875826410483569,-0.0227071400731802
1974,19,45,1.0,0.9826478958129883,0,0,0.0,-0.25,0.0,0.0,7.99210392870009e-05,-0.02271427772939205
1975,19,46,1.0,0.9858453273773193,0,0,0.0,0.0,0.0,0.0,-0.02443455159664154,-0.014780748635530472
1976,19,47,1.0,0.9828850626945496,0,0,0.0,0.0,0.0,0.0,-0.009859197773039341,-0.010902760550379753
1977,19,48,1.0,0.9834057092666626,0,0,0.0,0.0,0.0,0.0,-0.0036087743937969208,-0.011741433292627335
1978,19,49,1.0,0.9829718470573425,0,0,0.0,0.0,0.0,0.0,-0.0011223000474274158,-0.012226974591612816
1979,19,50,1.0,0.9828590154647827,0,0,0.0,0.0,0.0,0.0,-0.0005770551506429911,-0.013980360701680183
1980,19,51,1.0,0.9828590154647827,0,0,0.0,0.0,0.0,0.0,-0.0002798463392537087,-0.014005586504936218
1981,19,52,1.0,0.9826812744140625,0,0,0.0,0.0,0.0,0.0,-9.984185453504324e-05,-0.014555657282471657
1982,19,53,1.0,0.9826841950416565,0,0,0.0,0.25,0.0,0.0,-5.192297976464033e-05,-0.014542261138558388
1983,19,54,1.0,0.9844688773155212,0,0,0.0,0.0,0.0,0.0,0.026713695377111435,-0.009822385385632515
1984,19,55,1.0,0.9815334677696228,0,0,0.0,0.0,0.0,0.0,0.012828441336750984,-0.012021992355585098
1985,19,56,1.0,0.9825057983398438,0,0,0.0,0.0,0.0,0.0,0.004394118208438158,-0.017672186717391014
1986,19,57,1.0,0.9816968441009521,0,0,0.0,0.0,0.0,0.0,0.0014934410573914647,-0.01701226457953453
1987,19,58,1.0,0.9825342297554016,0,0,0.0,0.0,0.0,0.0,0.00039596043643541634,-0.021737122908234596
1988,19,59,1.0,0.9824995398521423,0,0,0.0,0.0,0.0,0.0,4.6875553380232304e-05,-0.02164563536643982
1989,19,60,1.0,0.9821509122848511,0,0,0.0,0.0,-0.5,0.0,0.0002488387981429696,-0.026022812351584435
1990,19,61,1.0,1.0159132480621338,0,0,0.0,0.0,-0.5,0.0,-0.004041954874992371,-0.5102618336677551
1991,19,62,1.0,1.032742977142334,0,0,0.0,0.0,-0.5,0.0,-0.005594322923570871,-0.5481081604957581
1992,19,63,1.0,1.0446479320526123,0,0,0.0,0.0,-0.5,0.0,-0.003645367454737425,-0.5509874820709229
1993,19,64,1.0,0.9979338049888611,0,0,0.0,0.0,-0.5,0.0,-0.006032610312104225,-0.4979991912841797
1994,19,65,1.0,0.9929569363594055,0,0,0.0,0.0,-0.5,0.0,-0.005376745015382767,-0.46717342734336853
1995,19,66,1.0,0.9607993960380554,0,0,0.0,0.0,-0.5,0.0,-0.0017871875315904617,-0.3793273866176605
1996,19,67,1.0,0.9288831949234009,0,0,0.0,0.0,-0.5,0.0,-0.0006648616981692612,-0.22655229270458221
1997,19,68,1.0,0.9327438473701477,0,0,0.0,0.0,-0.5,0.0,-0.0006716391071677208,-0.0566217303276062
1998,19,69,1.0,0.9357596635818481,0,0,0.0,0.0,-0.5,0.0,0.00016882503405213356,-0.05019252747297287
1999,19,70,1.0,0.9650208950042725,0,0,0.0,0.0,-0.5,0.0,-0.001856916700489819,0.0121694877743721
2000,19,71,1.0,0.9655255675315857,0,0,0.0,0.0,-0.5,0.0,-0.0019009067909792066,0.01294715330004692
2001,19,72,1.0,0.9835444688796997,0,0,0.0,0.0,0.0,0.0,-0.0024106258060783148,0.023726236075162888
2002,19,73,1.0,0.983635425567627,0,0,0.0,0.0,0.0,0.0,-0.0024070916697382927,0.023793691769242287
2003,19,74,1.0,0.988370418548584,0,0,0.0,0.0,0.0,0.0,-0.0024473946541547775,0.025478122755885124
2004,19,75,1.0,0.9884315729141235,0,0,0.0,0.0,0.0,0.0,-0.0024428328033536673,0.025516755878925323
2005,19,76,2.0,0.987332820892334,1,0,0.0,0.0,0.0,0.0,-0.002678223652765155,0.0256337933242321
2006,19,77,2.0,1.9889757633209229,1,1,0.0,0.0,0.0,0.0,0.0004374227428343147,-0.0072731259278953075
2007,19,78,2.0,2.007761240005493,1,1,0.0,0.0,0.0,0.0,0.00010536520858295262,-0.004853997379541397
2008,19,79,2.0,2.00815486907959,1,1,0.0,0.0,0.0,0.0,7.930322317406535e-05,-0.01020047813653946
2009,19,80,2.0,2.0550599098205566,1,1,0.0,0.0,0.0,0.0,0.0016965788090601563,-0.012416278943419456
2010,19,81,2.0,2.056116819381714,1,1,0.0,0.0,0.0,0.0,0.0016567094717174768,-0.010830666869878769
2011,19,82,2.0,2.0525693893432617,1,1,0.0,0.0,0.0,0.0,0.0005061850533820689,-0.00211682403460145
2012,19,83,2.0,1.9773880243301392,1,1,0.0,0.0,0.0,0.0,0.006902575958520174,-0.008708409033715725
2013,19,84,2.0,1.6243784427642822,1,1,0.0,0.0,0.0,0.0,0.0025303594302386045,0.01811007410287857
2014,19,85,2.0,1.64249849319458,1,1,0.0,0.0,0.0,0.0,0.003462990280240774,0.012488136067986488
2015,19,86,2.0,1.348026156425476,1,0,0.0,0.0,0.0,0.0,-0.00028439925517886877,0.0017409170977771282
2016,19,87,2.0,1.3623170852661133,1,0,0.0,0.0,0.0,0.0,0.0002633335825521499,-0.00542820617556572
2017,19,88,1.0,1.1070607900619507,0,0,0.0,0.0,0.0,0.0,-0.0013905951054766774,-0.025436393916606903
2018,19,89,1.0,1.0999540090560913,0,0,0.0,0.0,0.0,0.0,-0.0009914145339280367,-0.030129913240671158
2019,19,90,1.0,1.0227042436599731,0,0,0.0,0.0,0.0,0.0,-0.002393725560978055,-0.021121231839060783
2020,19,91,1.0,1.1024924516677856,0,0,0.0,0.0,0.0,0.0,-0.0010886138770729303,-0.033437568694353104
2021,19,92,1.0,1.0568939447402954,0,0,0.0,0.0,0.0,0.0,0.00024556455900892615,-0.02677011862397194
2022,19,93,1.0,1.026525616645813,0,0,0.0,0.0,0.0,0.0,-0.0002319977356819436,-0.017500972375273705
2023,19,94,1.0,0.9839297533035278,0,0,0.0,0.0,0.0,0.0,-0.0017185171600431204,0.11808975785970688
2024,19,95,1.0,0.9859801530838013,0,0,0.0,0.0,0.0,0.0,-0.00141811219509691,0.18669608235359192
2025,19,96,1.0,0.9873671531677246,0,0,0.0,0.0,0.0,0.0,-0.0015434622764587402,0.27313482761383057
2026,19,97,1.0,0.9885339736938477,0,0,0.0,0.0,0.5,0.0,-0.001703946152701974,0.3151775002479553
2027,19,98,1.0,0.9940426349639893,0,0,0.0,0.0,0.5,0.0,8.508464088663459e-05,0.5390457510948181
2028,19,99,1.0,0.993589460849762,0,0,0.0,0.0,0.5,0.0,0.0002219343587057665,0.5511596202850342
2029,19,100,1.0,0.9991369247436523,0,0,0.0,0.0,0.5,0.0,-0.00020984555885661393,0.552356481552124
2030,19,101,1.0,0.9982082843780518,0,0,0.0,0.0,0.5,0.0,0.0004097237251698971,0.5519891381263733
2031,19,102,1.0,0.9910139441490173,0,0,0.0,0.0,0.5,0.0,-0.0005831188755109906,0.550717294216156
2032,19,103,1.0,0.9891155362129211,0,0,0.0,0.0,0.5,0.0,7.63791540521197e-05,0.5544148087501526
2033,19,104,1.0,0.988261342048645,0,0,0.0,0.0,0.5,0.0,-0.000417277158703655,0.5540474057197571
2034,19,105,1.0,0.9856880903244019,0,0,0.0,0.0,0.5,0.0,-0.00033483951119706035,0.552992582321167
2035,19,106,1.0,0.9849697351455688,0,0,0.0,0.0,0.5,0.0,-0.0002866490394808352,0.5528721213340759
2036,19,107,1.0,0.9833464026451111,0,0,0.0,0.0,0.5,0.0,-0.00020088111341465265,0.552586019039154
