dataset_index,episode_index,frame_index,target_gripper,predicted_gripper,target_is_close,predicted_is_close,target_delta_x,target_delta_y,target_delta_z,predicted_delta_x,predicted_delta_y,predicted_delta_z
0,0,0,1.0,0.991590678691864,0,0,0.0,0.0,0.0,0.0017705222126096487,0.002465568482875824,0.003766331821680069
1,0,1,1.0,0.9924319386482239,0,0,0.0,0.0,0.0,0.0015410620253533125,0.0025989410933107138,0.0019637998193502426
2,0,2,1.0,0.9932329654693604,0,0,0.0,0.0,0.0,0.0013925463426858187,0.003551207249984145,0.0029325000941753387
3,0,3,1.0,0.9932668209075928,0,0,0.0,0.0,0.0,0.0014271184336394072,0.0034878531005233526,0.0036887582391500473
4,0,4,1.0,0.9949416518211365,0,0,0.0,0.0,0.0,0.002459227107465267,0.002674058312550187,-0.010853874497115612
5,0,5,1.0,0.994970440864563,0,0,0.0,0.0,0.0,0.0024736602790653706,0.0026741987094283104,-0.010638258419930935
6,0,6,1.0,0.9957998394966125,0,0,0.0,0.0,0.0,-0.01664092019200325,-0.0009801136329770088,-0.011820763349533081
7,0,7,1.0,0.9958063364028931,0,0,0.0,0.0,0.0,-0.016611354425549507,-0.0009842104045674205,-0.0117715522646904
8,0,8,1.0,0.9951708316802979,0,0,0.0,0.0,0.0,-0.03984352946281433,-0.002433313522487879,-0.010271940380334854
9,0,9,1.0,0.995172381401062,0,0,0.0,0.0,0.0,-0.039833053946495056,-0.002435008529573679,-0.010258473455905914
10,0,10,1.0,0.9949767589569092,0,0,0.0,0.0,0.0,-0.027197912335395813,-0.0019862991757690907,-0.011647324077785015
11,0,11,1.0,0.9949768781661987,0,0,0.0,0.0,0.0,-0.02719637006521225,-0.0019867385271936655,-0.011643733829259872
12,0,12,1.0,0.9951121211051941,0,0,0.0,0.0,0.0,-0.026528874412178993,-0.0018847356550395489,-0.01225645188242197
13,0,13,1.0,0.9951121211051941,0,0,0.0,0.0,0.0,-0.02652853913605213,-0.0018848422914743423,-0.012255490757524967
14,0,14,1.0,0.9951121211051941,0,0,0.0,0.0,0.0,-0.0265283714979887,-0.0018849254120141268,-0.012255053035914898
15,0,15,1.0,0.9951121211051941,0,0,0.0,0.0,0.0,-0.026528295129537582,-0.0018849566113203764,-0.012254828587174416
16,0,16,1.0,0.9951121807098389,0,0,0.0,0.0,0.0,-0.026528250426054,-0.0018849618500098586,-0.012254711240530014
17,0,17,1.0,0.9951121807098389,0,0,0.0,0.0,0.0,-0.026528218761086464,-0.0018849930493161082,-0.012254645116627216
18,0,18,1.0,0.9951121807098389,0,0,0.0,0.0,0.0,-0.026528192684054375,-0.001884990488179028,-0.01225461158901453
19,0,19,1.0,0.9951121807098389,0,0,0.0,0.0,0.0,-0.026528187096118927,-0.0018849852494895458,-0.012254597619175911
20,0,20,1.0,0.9951121807098389,0,0,0.0,0.0,0.0,-0.02652818150818348,-0.001884987810626626,-0.012254605069756508
21,0,21,1.0,0.9951121807098389,0,0,0.0,0.0,0.0,-0.026528194546699524,-0.001884987810626626,-0.012254630215466022
22,0,22,1.0,0.9951121807098389,0,0,0.0,0.0,0.0,-0.026528172194957733,-0.0018849644111469388,-0.012254616245627403
23,0,23,1.0,0.9951121807098389,0,0,-0.25,0.0,0.0,-0.026528188958764076,-0.001884987810626626,-0.012254566885530949
24,0,24,1.0,0.9845218062400818,0,0,-0.25,0.0,0.0,-0.2630200684070587,0.0003112868289463222,-0.011207866482436657
25,0,25,1.0,0.9770736694335938,0,0,-0.25,0.0,0.0,-0.272185742855072,-0.0007247257162816823,-0.007994536310434341
26,0,26,1.0,0.9766309261322021,0,0,-0.25,0.0,0.0,-0.27425795793533325,-0.00014200294390320778,-0.007054191082715988
27,0,27,1.0,0.9752594828605652,0,0,-0.25,0.0,0.0,-0.275857537984848,-0.0002635307901073247,-0.006196684669703245
28,0,28,1.0,0.9756826758384705,0,0,-0.25,0.0,0.0,-0.27482423186302185,-3.962579648941755e-05,-0.007706169504672289
29,0,29,1.0,0.9748584032058716,0,0,-0.25,0.0,0.0,-0.27229970693588257,-0.00021204198128543794,-0.006356983445584774
30,0,30,1.0,0.9779245853424072,0,0,-0.25,0.0,0.0,-0.26943427324295044,0.0007270887726917863,-0.0044049834832549095
31,0,31,1.0,0.9833201169967651,0,0,-0.25,0.0,0.0,-0.27092602849006653,0.00024011958157643676,-0.0067628831602633
32,0,32,1.0,0.9786509275436401,0,0,-0.25,0.0,0.0,-0.27424201369285583,0.0015728706493973732,-0.008418746292591095
33,0,33,1.0,0.984463632106781,0,0,-0.25,0.0,0.0,-0.2768077552318573,0.00183633784763515,-0.011903312057256699
34,0,34,1.0,0.9904592037200928,0,0,-0.25,0.0,0.0,-0.28223878145217896,0.000767527031712234,-0.015294431708753109
35,0,35,1.0,0.9835678339004517,0,0,-0.25,0.0,0.0,-0.28453850746154785,-0.00029690872179344296,-0.013612025417387486
36,0,36,1.0,0.9900586605072021,0,0,-0.25,0.0,0.0,-0.20277144014835358,0.0010518631897866726,-0.013954782858490944
37,0,37,1.0,0.9945697784423828,0,0,-0.25,0.0,0.0,-0.0386800616979599,-0.0007688591722398996,-0.01992955431342125
38,0,38,1.0,0.993265688419342,0,0,0.0,0.0,0.0,-0.0013575677294284105,0.0017633847892284393,-0.007393683772534132
39,0,39,1.0,0.9927842020988464,0,0,0.0,0.0,0.0,0.00234804954379797,0.002165440237149596,-0.01263866201043129
40,0,40,1.0,0.9958046674728394,0,0,0.0,0.0,0.0,0.00038609025068581104,-0.04168526455760002,-0.007660093251615763
41,0,41,1.0,0.9960246682167053,0,0,0.0,0.0,0.0,0.0012355162762105465,-0.055744510143995285,-0.009537537582218647
42,0,42,1.0,0.9960033893585205,0,0,0.0,0.0,0.0,-0.0011395830661058426,-0.26319143176078796,-0.009749814867973328
43,0,43,1.0,0.9959160685539246,0,0,0.0,0.0,0.0,-0.0011281962506473064,-0.2631286084651947,-0.009765387512743473
44,0,44,1.0,0.9893988370895386,0,0,0.0,0.0,0.0,-0.0012907902710139751,-0.2735300064086914,-0.006229890510439873
45,0,45,1.0,0.9893971085548401,0,0,0.0,0.0,0.0,-0.0012950992677360773,-0.2735178470611572,-0.006233000662177801
46,0,46,1.0,0.9886123538017273,0,0,0.0,-0.25,0.0,-0.0012525176862254739,-0.2750604450702667,-0.0074488078244030476
47,0,47,1.0,0.9871917963027954,0,0,0.0,-0.25,0.0,-0.00014467595610767603,-0.2710573673248291,-0.0036776927299797535
48,0,48,1.0,0.9857758283615112,0,0,0.0,-0.25,0.0,0.0005792330484837294,-0.27517881989479065,-0.0010537379421293736
49,0,49,1.0,0.9906544089317322,0,0,0.0,-0.25,0.0,-0.00046558817848563194,-0.2750397026538849,-0.006884018424898386
50,0,50,1.0,0.9909512996673584,0,0,0.0,-0.25,0.0,-0.0011754629667848349,-0.2742617428302765,-0.009223902598023415
51,0,51,1.0,0.9923990368843079,0,0,0.0,-0.25,0.0,-0.0003650210564956069,-0.2767467796802521,-0.008138165809214115
52,0,52,1.0,0.99297034740448,0,0,0.0,-0.25,0.0,0.0008205394260585308,-0.27834391593933105,-0.007892996072769165
53,0,53,1.0,0.9953396916389465,0,0,0.0,-0.25,0.0,0.001079066889360547,-0.2783551812171936,-0.00878563430160284
54,0,54,1.0,0.9980761408805847,0,0,0.0,-0.25,0.0,0.000343116233125329,-0.2773144841194153,-0.009100152179598808
55,0,55,1.0,1.0017582178115845,0,0,0.0,-0.25,0.0,-0.00019542803056538105,-0.27450913190841675,-0.013649647124111652
56,0,56,1.0,1.0002814531326294,0,0,0.0,-0.25,0.0,-0.0022088470868766308,-0.11011580377817154,-0.00884209480136633
57,0,57,1.0,0.9960118532180786,0,0,0.0,0.0,0.0,0.0004898945335298777,-0.026979301124811172,0.0008387314155697823
58,0,58,1.0,1.0002789497375488,0,0,0.0,0.0,0.0,-3.46270389854908e-05,-0.0037447039503604174,0.016751306131482124
59,0,59,1.0,1.0016348361968994,0,0,0.0,0.0,0.0,-0.00014609051868319511,-0.002086892258375883,0.008445259183645248
60,0,60,1.0,1.0039504766464233,0,0,0.0,0.0,0.0,0.00018118624575436115,-0.0026467428542673588,-0.02179931476712227
61,0,61,1.0,1.0040714740753174,0,0,0.0,0.0,0.0,0.00018165865913033485,-0.0025765099562704563,-0.023601489141583443
62,0,62,1.0,1.00572669506073,0,0,0.0,0.0,0.0,0.0002947517205029726,-0.0009486151393502951,-0.042237792164087296
63,0,63,1.0,1.0057346820831299,0,0,0.0,0.0,0.0,0.0002915158402174711,-0.000931748072616756,-0.04260091111063957
64,0,64,1.0,1.0064867734909058,0,0,0.0,0.0,0.0,0.0006856448017060757,-0.00033722640364430845,-0.12853120267391205
65,0,65,1.0,1.0064892768859863,0,0,0.0,0.0,0.0,0.0006837656255811453,-0.00033334887120872736,-0.12868160009384155
66,0,66,1.0,1.006683111190796,0,0,0.0,0.0,-0.5,0.0007774028927087784,-0.0003458772844169289,-0.1785564124584198
67,0,67,1.0,1.0002168416976929,0,0,0.0,0.0,-0.5,-0.0013291978975757957,-0.000337686826242134,-0.5487973690032959
68,0,68,1.0,0.9985185861587524,0,0,0.0,0.0,-0.5,-0.0007570262532681227,-0.0002302965149283409,-0.541962742805481
69,0,69,1.0,0.9991764426231384,0,0,0.0,0.0,-0.5,-0.0007825798820704222,-0.00029734804411418736,-0.5373421907424927
70,0,70,1.0,0.9987812042236328,0,0,0.0,0.0,-0.5,-0.0008232966065406799,-0.0012468600180000067,-0.5273029804229736
71,0,71,1.0,0.9991791248321533,0,0,0.0,0.0,-0.5,-0.00046087615191936493,-0.0009466459741815925,-0.5205790996551514
72,0,72,1.0,0.9989249110221863,0,0,0.0,0.0,-0.5,-0.0004007091047242284,-0.0007839488098397851,-0.5300101041793823
73,0,73,1.0,0.999921977519989,0,0,0.0,0.0,-0.5,-0.0003325854195281863,-0.0009214644087478518,-0.5313568115234375
74,0,74,1.0,0.9980076551437378,0,0,0.0,0.0,-0.5,-0.001611915067769587,-0.0017055945936590433,-0.5382184982299805
75,0,75,1.0,1.0047870874404907,0,0,0.0,0.0,-0.5,-0.0009112355764955282,-0.00015194810112006962,-0.5493452548980713
76,0,76,1.0,1.009940505027771,0,0,0.0,0.0,-0.5,-0.0003908154321834445,0.0006452706875279546,-0.5526885986328125
77,0,77,1.0,1.010636568069458,0,0,0.0,0.0,-0.5,0.000923587940633297,0.0001304897596128285,-0.36214661598205566
78,0,78,1.0,1.0030670166015625,0,0,0.0,0.0,-0.5,0.0001189142931252718,0.00024941290030255914,-0.06586401164531708
79,0,79,1.0,1.0019017457962036,0,0,0.0,0.0,0.0,0.00018882425501942635,-8.545222226530313e-05,-0.05850578472018242
80,0,80,1.0,1.55759859085083,0,1,0.0,0.0,0.0,0.0019295625388622284,-8.52497760206461e-05,0.01877615414559841
81,0,81,1.0,1.5273642539978027,0,1,0.0,0.0,0.0,0.002040254417806864,-0.0003531844122335315,0.01638474501669407
82,0,82,1.0,2.0373620986938477,0,1,0.0,0.0,0.0,-0.0002392069436609745,-2.762314397841692e-05,0.004006023518741131
83,0,83,2.0,2.0375595092773438,1,1,0.0,0.0,0.0,-0.0002244776114821434,-8.488225284963846e-05,0.0030695591121912003
84,0,84,2.0,2.03897762298584,1,1,0.0,0.0,0.0,0.0004305823240429163,-0.0005399627843871713,-0.0008395900949835777
85,0,85,2.0,2.0356078147888184,1,1,0.0,0.0,0.0,0.000514583894982934,-0.0010522324591875076,0.00046686921268701553
86,0,86,2.0,2.0383975505828857,1,1,0.0,0.0,0.0,5.282345227897167e-05,0.00011025829007849097,0.0078953318297863
87,0,87,2.0,2.0382187366485596,1,1,0.0,0.0,0.0,0.0004206181038171053,-0.0003861894365400076,0.00402491819113493
88,0,88,2.0,2.0400009155273438,1,1,0.0,0.0,0.0,0.0003649964928627014,0.00015409471234306693,0.005602658726274967
89,0,89,2.0,2.0390634536743164,1,1,0.0,0.0,0.0,0.000254196347668767,0.0003204687382094562,0.0068085333332419395
90,0,90,2.0,2.042052745819092,1,1,0.0,0.0,0.0,-8.576386608183384e-05,-0.0014075175859034061,0.004770404659211636
91,0,91,2.0,2.0417866706848145,1,1,0.0,0.0,0.0,-0.00017877970822155476,-0.001413771416991949,0.004953222349286079
92,0,92,1.0,1.245428442955017,0,0,0.0,0.0,0.0,6.322353146970272e-05,0.0018718161154538393,0.1460530310869217
93,0,93,1.0,0.9897691607475281,0,0,0.0,0.0,0.0,-0.00028241181280463934,0.0008097173413261771,0.46181923151016235
94,0,94,1.0,1.375409483909607,0,0,0.0,0.0,0.0,0.0003958689048886299,-0.0028782973531633615,0.14110398292541504
95,0,95,1.0,1.3580068349838257,0,0,0.0,0.0,0.0,3.6782585084438324e-05,-0.0033476282842457294,0.14538078010082245
96,0,96,1.0,0.9862468838691711,0,0,0.0,0.0,0.0,-0.0004120789235457778,7.037946488708258e-06,0.4954131543636322
97,0,97,1.0,0.9896445870399475,0,0,0.0,0.0,0.5,-1.1833151802420616e-05,-0.0002190066152252257,0.5148130655288696
98,0,98,1.0,0.9950974583625793,0,0,0.0,0.0,0.5,0.00019644037820398808,-0.0003311426844447851,0.5198023319244385
99,0,99,1.0,0.9992684721946716,0,0,0.0,0.0,0.5,-4.2895786464214325e-05,-0.00023767200764268637,0.5183464288711548
100,0,100,1.0,1.0004242658615112,0,0,0.0,0.0,0.5,-0.0001415155129507184,-1.9216269720345736e-05,0.5176646709442139
101,0,101,1.0,1.0005974769592285,0,0,0.0,0.0,0.5,0.00020526116713881493,-0.0004520866204984486,0.5170762538909912
102,0,102,1.0,0.9998267292976379,0,0,0.0,0.0,0.5,0.0006624208763241768,-0.00037136662285774946,0.5194283723831177
103,0,103,1.0,0.9997520446777344,0,0,0.0,0.0,0.5,0.0002715673763304949,-0.0002538838016334921,0.5190949440002441
104,0,104,1.0,1.0001869201660156,0,0,0.0,0.0,0.5,0.00024409103207290173,5.89082483202219e-05,0.5189416408538818
105,0,105,1.0,0.9982982873916626,0,0,0.0,0.0,0.5,0.00032349536195397377,-0.00019375106785446405,0.5180407762527466
106,0,106,1.0,0.9996435642242432,0,0,0.0,0.0,0.5,0.0006708272267132998,-0.0001997251238208264,0.5180563926696777
107,1,0,1.0,0.9942138195037842,0,0,0.0,0.0,0.0,0.0025913966819643974,0.00015126646030694246,0.0031847339123487473
108,1,1,1.0,0.9936330318450928,0,0,0.0,0.0,0.0,0.0027757245115935802,0.00011664989870041609,5.9897080063819885e-05
109,1,2,1.0,0.99556565284729,0,0,0.0,0.0,0.0,0.003741778898984194,0.0012937140418216586,0.0019114678725600243
110,1,3,1.0,0.9956847429275513,0,0,0.0,0.0,0.0,0.003783330786973238,0.0011952765053138137,0.0025375476107001305
111,1,4,1.0,0.9971722364425659,0,0,0.0,0.0,0.0,0.005099796690046787,0.0016873329877853394,-0.011278118938207626
112,1,5,1.0,0.9972113370895386,0,0,0.0,0.0,0.0,0.005117538385093212,0.0016602901741862297,-0.011129574850201607
113,1,6,1.0,1.0010405778884888,0,0,0.0,0.0,0.0,-0.029220107942819595,0.0013756549451500177,-0.011146186850965023
114,1,7,1.0,1.0010496377944946,0,0,0.0,0.0,0.0,-0.029174432158470154,0.0013700323179364204,-0.011107264086604118
115,1,8,1.0,1.0008639097213745,0,0,0.0,0.0,0.0,-0.04735765978693962,0.00030457484535872936,-0.014296473003923893
116,1,9,1.0,1.0008654594421387,0,0,-0.25,0.0,0.0,-0.04734613001346588,0.00030325690750032663,-0.014285324141383171
117,1,10,1.0,0.9817852973937988,0,0,-0.25,0.0,0.0,-0.2661009430885315,0.0010743074817582965,-0.011855073273181915
118,1,11,1.0,0.9773236513137817,0,0,-0.25,0.0,0.0,-0.27295368909835815,0.0008279790636152029,-0.008976325392723083
119,1,12,1.0,0.9743576645851135,0,0,-0.25,0.0,0.0,-0.2747582495212555,0.0004505590768530965,-0.007222797255963087
120,1,13,1.0,0.9740688800811768,0,0,-0.25,0.0,0.0,-0.2745071351528168,-0.0007541757659055293,-0.006507920101284981
121,1,14,1.0,0.9758690595626831,0,0,-0.25,0.0,0.0,-0.27418023347854614,-0.0006238433416001499,-0.0071341414004564285
122,1,15,1.0,0.9781396985054016,0,0,-0.25,0.0,0.0,-0.2708238363265991,-0.0011662421748042107,-0.006294348277151585
123,1,16,1.0,0.9831977486610413,0,0,-0.25,0.0,0.0,-0.26998576521873474,-0.0016775898402556777,-0.009579198434948921
124,1,17,1.0,0.9910376071929932,0,0,-0.25,0.0,0.0,-0.27031847834587097,-0.0005868390435352921,-0.013577224686741829
125,1,18,1.0,0.9956581592559814,0,0,-0.25,0.0,0.0,-0.27190595865249634,-0.0007751799421384931,-0.019024599343538284
126,1,19,1.0,1.0073508024215698,0,0,-0.25,0.0,0.0,-0.2747584581375122,0.0001856179442256689,-0.025210391730070114
127,1,20,1.0,1.0040744543075562,0,0,-0.25,0.0,0.0,-0.28080442547798157,0.0012424838496372104,-0.02760491892695427
128,1,21,1.0,0.9890726804733276,0,0,-0.25,0.0,0.0,-0.283322274684906,0.0025393457617610693,-0.022997241467237473
129,1,22,1.0,0.977331280708313,0,0,-0.25,0.0,0.0,-0.23184546828269958,0.005145014263689518,-0.01641790382564068
130,1,23,1.0,0.9885522723197937,0,0,-0.25,0.0,0.0,-0.0326991006731987,-0.0012105056084692478,-0.013021356426179409
131,1,24,1.0,1.0013178586959839,0,0,0.0,0.0,0.0,-0.002033415948972106,-0.003427876392379403,0.002902914769947529
132,1,25,1.0,0.9995388984680176,0,0,0.0,0.0,0.0,-0.0046249208971858025,-0.005411687307059765,-0.0041298530995845795
133,1,26,1.0,0.9916810393333435,0,0,0.0,0.0,0.0,-0.0012076797429472208,0.2691029906272888,-0.004894454497843981
134,1,27,1.0,0.9943205118179321,0,0,0.0,0.0,0.0,-0.00046579050831496716,0.26968178153038025,-0.005989084020256996
135,1,28,1.0,0.9924023151397705,0,0,0.0,0.0,0.0,-0.0009504238842055202,0.2728947401046753,-0.005262443795800209
136,1,29,1.0,0.9924603700637817,0,0,0.0,0.25,0.0,-0.0008878384251147509,0.27306312322616577,-0.0053509874269366264
137,1,30,1.0,0.986755907535553,0,0,0.0,0.25,0.0,9.399419650435448e-05,0.26987653970718384,-0.0038553965277969837
138,1,31,1.0,0.9845876097679138,0,0,0.0,0.25,0.0,0.0005128276534378529,0.2705773711204529,-0.004457977134734392
139,1,32,1.0,0.987012505531311,0,0,0.0,0.25,0.0,0.0010551440063863993,0.26965638995170593,-0.003272577654570341
140,1,33,1.0,0.9926722645759583,0,0,0.0,0.25,0.0,-6.582285277545452e-05,0.25456616282463074,-0.0016892747953534126
141,1,34,1.0,0.9886976480484009,0,0,0.0,0.25,0.0,0.0003599913325160742,0.27526095509529114,0.000642050988972187
142,1,35,1.0,0.9907505512237549,0,0,0.0,0.25,0.0,0.0006714758928865194,0.2727132737636566,-0.0005272813141345978
143,1,36,1.0,0.9916456341743469,0,0,0.0,0.25,0.0,0.000579088693484664,0.27211394906044006,0.0015608742833137512
144,1,37,1.0,0.9910825490951538,0,0,0.0,0.25,0.0,-0.00021817930974066257,0.2750565707683563,-8.78702849149704e-06
145,1,38,1.0,0.9970077276229858,0,0,0.0,0.25,0.0,-0.0008539451519027352,0.2676418125629425,-0.0037932945415377617
146,1,39,1.0,1.0030994415283203,0,0,0.0,0.0,0.0,-0.001095884246751666,0.22032156586647034,-0.013498499989509583
147,1,40,1.0,1.0033111572265625,0,0,0.0,0.0,0.0,0.00113772414624691,0.009327596053481102,-0.023661738261580467
148,1,41,1.0,1.0029003620147705,0,0,0.0,0.0,0.0,0.0006516827270388603,-0.006873812526464462,-0.023586547002196312
149,1,42,1.0,1.0009143352508545,0,0,0.0,0.0,0.0,2.7223490178585052e-05,-0.0072397515177726746,-0.018975140526890755
150,1,43,1.0,1.0008317232131958,0,0,0.0,0.0,0.0,2.6355963200330734e-05,-0.009295354597270489,-0.018511347472667694
151,1,44,1.0,1.001097559928894,0,0,0.0,0.0,0.0,0.0003504317719489336,-0.00782218761742115,-0.015659203752875328
152,1,45,1.0,1.0010830163955688,0,0,0.0,0.0,0.0,0.000353250652551651,-0.00815428514033556,-0.015548351220786572
153,1,46,1.0,1.000257968902588,0,0,0.0,0.0,0.0,0.0006904287729412317,-0.006917751394212246,-0.015531113371253014
154,1,47,1.0,1.0002527236938477,0,0,0.0,0.0,0.0,0.0006923750042915344,-0.0069941021502017975,-0.015504540875554085
155,1,48,1.0,0.9989669322967529,0,0,0.0,0.0,0.0,0.0007297154515981674,-0.005987991578876972,-0.012228310108184814
156,1,49,1.0,0.9989664554595947,0,0,0.0,0.0,0.0,0.0007305622566491365,-0.0060014063492417336,-0.012221764773130417
157,1,50,1.0,0.9987343549728394,0,0,0.0,0.0,0.0,0.0006643964443355799,-0.005461209453642368,-0.011537261307239532
158,1,51,1.0,0.9987343549728394,0,0,0.0,0.0,0.0,0.0006645894609391689,-0.005464336834847927,-0.011535760015249252
159,1,52,1.0,0.9986473917961121,0,0,0.0,0.0,0.0,0.0006358337122946978,-0.005540939047932625,-0.010897776111960411
160,1,53,1.0,0.9986473917961121,0,0,0.0,0.0,0.0,0.0006359005346894264,-0.005541772581636906,-0.010897350497543812
161,1,54,1.0,0.9986439347267151,0,0,0.0,0.25,0.0,0.0002843276597559452,-0.003439350053668022,-0.0037972177378833294
162,1,55,1.0,1.0029560327529907,0,0,0.0,0.0,0.0,0.00033230846747756004,-0.0004201145493425429,-0.005905613303184509
163,1,56,1.0,1.0053060054779053,0,0,0.0,0.0,0.0,0.0008420399390161037,-0.0022997597698122263,-0.015869107097387314
164,1,57,1.0,1.0056476593017578,0,0,0.0,0.0,0.0,0.0006758745294064283,-0.0022777384147047997,-0.013767533004283905
165,1,58,1.0,1.0034629106521606,0,0,0.0,0.0,0.0,9.208451956510544e-07,-0.000307816342683509,-0.0036479965783655643
166,1,59,1.0,1.0034379959106445,0,0,0.0,0.0,0.0,-3.4114811569452286e-05,-0.00036297860788181424,-0.003881812561303377
167,1,60,1.0,1.006016731262207,0,0,0.0,0.0,0.0,0.0001678289845585823,0.00044741493184119463,-0.08307629823684692
168,1,61,1.0,1.0060064792633057,0,0,0.0,0.0,0.0,0.00016389181837439537,0.000440418254584074,-0.08308562636375427
169,1,62,1.0,1.006378173828125,0,0,0.0,0.0,0.0,0.00019640219397842884,0.00045971875078976154,-0.1102835014462471
170,1,63,1.0,1.0063763856887817,0,0,0.0,0.0,-0.5,0.0001960238441824913,0.0004584924317896366,-0.11027373373508453
171,1,64,1.0,0.9995681643486023,0,0,0.0,0.0,-0.5,-0.0004968011053279042,-0.0012763198465108871,-0.5419552326202393
172,1,65,1.0,0.998091995716095,0,0,0.0,0.0,-0.5,-7.945974357426167e-05,-0.0019188375445082784,-0.5248119831085205
173,1,66,1.0,0.997257649898529,0,0,0.0,0.0,-0.5,6.77318312227726e-05,-0.0017929913010448217,-0.5289747714996338
174,1,67,1.0,0.9982588291168213,0,0,0.0,0.0,-0.5,0.0006839034613221884,-0.0017834166064858437,-0.5116971731185913
175,1,68,1.0,0.997169017791748,0,0,0.0,0.0,-0.5,0.0005660238675773144,-0.0006816262612119317,-0.5169507265090942
176,1,69,1.0,0.9986271858215332,0,0,0.0,0.0,-0.5,2.2513559088110924e-05,-0.0008457531803287566,-0.5254157781600952
177,1,70,1.0,1.0015004873275757,0,0,0.0,0.0,-0.5,-0.0004986139247193933,5.325296660885215e-05,-0.537844181060791
178,1,71,1.0,1.0128117799758911,0,0,0.0,0.0,-0.5,-6.763148121535778e-05,-0.0007499144994653761,-0.53917396068573
179,1,72,1.0,1.011919617652893,0,0,0.0,0.0,-0.5,0.0007134834304451942,-0.0016465885564684868,-0.5494887828826904
180,1,73,1.0,1.0046379566192627,0,0,0.0,0.0,-0.5,0.0007695839740335941,0.001217927667312324,-0.38493847846984863
181,1,74,1.0,0.9998539090156555,0,0,0.0,0.0,0.0,0.000759476562961936,0.0012016219552606344,-0.20084397494792938
182,1,75,1.0,1.0050618648529053,0,0,0.0,0.0,0.0,0.0002305000089108944,-0.0002499409602023661,-0.036244384944438934
183,1,76,1.0,2.0233094692230225,0,1,0.0,0.0,0.0,-0.0010105103719979525,0.00046622182708233595,0.0001354524865746498
184,1,77,1.0,1.9851174354553223,0,1,0.0,0.0,0.0,-0.000626001157797873,0.0011280475882813334,0.00205414742231369
185,1,78,1.0,2.0288493633270264,0,1,0.0,0.0,0.0,-0.0010107636917382479,0.00021600961918011308,0.0009385254234075546
186,1,79,1.0,2.0296316146850586,0,1,0.0,0.0,0.0,-0.0009762312984094024,0.00014184386236593127,0.0008555138483643532
187,1,80,2.0,2.038285732269287,1,1,0.0,0.0,0.0,-0.0001258128322660923,-0.000249473872827366,5.225278437137604e-05
188,1,81,2.0,2.036515712738037,1,1,0.0,0.0,0.0,0.0006593870930373669,-0.0010262180585414171,0.000789279118180275
189,1,82,2.0,2.040146827697754,1,1,0.0,0.0,0.0,-0.000463582924567163,0.0005345364334061742,0.006701557897031307
190,1,83,2.0,2.037767171859741,1,1,0.0,0.0,0.0,-1.9146595150232315e-05,-0.0008604616159573197,0.004853503778576851
191,1,84,2.0,2.038297176361084,1,1,0.0,0.0,0.0,-0.0007539102807641029,-0.0006984440260566771,0.0029344717040657997
192,1,85,2.0,2.0381669998168945,1,1,0.0,0.0,0.0,-0.0004063645610585809,-0.0007570725865662098,0.002249513752758503
193,1,86,2.0,2.0457968711853027,1,1,0.0,0.0,0.0,-0.0008487652521580458,-5.107739707455039e-05,0.0009702593088150024
194,1,87,2.0,2.043118953704834,1,1,0.0,0.0,0.0,-0.0004584462149068713,-0.0001822969934437424,-7.96932727098465e-06
195,1,88,1.0,2.038018226623535,0,1,0.0,0.0,0.0,-0.0014380041975528002,0.0005877753719687462,-0.0013852319680154324
196,1,89,1.0,2.0202841758728027,0,1,0.0,0.0,0.0,-0.00048411113675683737,-0.0005147827905602753,-0.00540024833753705
197,1,90,1.0,0.9846787452697754,0,0,0.0,0.0,0.0,-0.000585279893130064,0.00018063071183860302,0.4439564645290375
198,1,91,1.0,0.9934027194976807,0,0,0.0,0.0,0.0,0.00023656082339584827,-0.0012952769175171852,0.4031388759613037
199,1,92,1.0,0.9803696274757385,0,0,0.0,0.0,0.0,0.0002167820930480957,-0.0006506629870273173,0.4652582108974457
200,1,93,1.0,0.9843387603759766,0,0,0.0,0.0,0.0,-9.252899326384068e-05,-0.00024105855845846236,0.4419668912887573
201,1,94,1.0,0.982827365398407,0,0,0.0,0.0,0.5,-0.0005779294297099113,0.00023678992874920368,0.47927162051200867
202,1,95,1.0,0.987104594707489,0,0,0.0,0.0,0.5,-0.00013074593152850866,-6.35869218967855e-05,0.5093547105789185
203,1,96,1.0,0.999428391456604,0,0,0.0,0.0,0.5,0.0002581991720944643,0.00017441477393731475,0.5190906524658203
204,1,97,1.0,1.0012544393539429,0,0,0.0,0.0,0.5,0.00021210708655416965,-2.3939937818795443e-05,0.5160782337188721
205,1,98,1.0,0.9988698363304138,0,0,0.0,0.0,0.5,3.243330866098404e-06,0.0005786668043583632,0.5174248218536377
206,1,99,1.0,0.9995134472846985,0,0,0.0,0.0,0.5,-9.699491783976555e-06,0.00017466081771999598,0.5172597169876099
207,1,100,1.0,1.0005970001220703,0,0,0.0,0.0,0.5,3.0101509764790535e-05,0.0004117668140679598,0.5175743103027344
208,1,101,1.0,1.0008255243301392,0,0,0.0,0.0,0.5,5.193985998630524e-05,-0.0002069600741378963,0.5169782638549805
209,1,102,1.0,0.9995601177215576,0,0,0.0,0.0,0.5,0.00020053167827427387,0.0005873889895156026,0.5192493200302124
210,1,103,1.0,0.9994020462036133,0,0,0.0,0.0,0.5,0.0004670449998229742,0.0002072008210234344,0.5203654766082764
211,2,0,1.0,0.9926973581314087,0,0,0.0,0.0,0.0,-0.004370150156319141,0.0034281618427485228,-0.0006234301254153252
212,2,1,1.0,0.9921483397483826,0,0,0.0,0.0,0.0,-0.004638879559934139,0.0038782928604632616,-0.0038092685863375664
213,2,2,1.0,0.993915855884552,0,0,0.0,0.0,0.0,-0.006525272969156504,0.0022103337105363607,-0.00530528649687767
214,2,3,1.0,0.9940147399902344,0,0,0.0,0.0,0.0,-0.006580572109669447,0.0020726239308714867,-0.004721464589238167
215,2,4,1.0,0.9972484707832336,0,0,0.0,0.0,0.0,-0.00798789132386446,0.002286298666149378,-0.004420175217092037
216,2,5,1.0,0.9972648620605469,0,0,0.0,0.0,0.0,-0.00796772912144661,0.0022663497366011143,-0.004293457604944706
217,2,6,1.0,0.9981439709663391,0,0,0.0,0.0,0.0,0.024898335337638855,-0.0011456494685262442,0.0030076000839471817
218,2,7,1.0,0.9981375932693481,0,0,0.0,0.0,0.0,0.02493634819984436,-0.0011527091264724731,0.0030397167429327965
219,2,8,1.0,0.9914692044258118,0,0,0.0,0.0,0.0,0.12971961498260498,-0.0001462648797314614,-0.005450206808745861
220,2,9,1.0,0.9914674162864685,0,0,0.0,0.0,0.0,0.1297384798526764,-0.00014699535677209496,-0.0054436344653368
221,2,10,1.0,0.9912930130958557,0,0,0.0,0.0,0.0,0.1297421157360077,-0.00045989122008904815,-0.005255809053778648
222,2,11,1.0,0.9912927150726318,0,0,0.0,0.0,0.0,0.12974633276462555,-0.00046008487697690725,-0.005253962241113186
223,2,12,1.0,0.9959130883216858,0,0,0.25,0.0,0.0,0.24262180924415588,-0.0021112817339599133,-0.003278404474258423
224,2,13,1.0,0.9883205890655518,0,0,0.25,0.0,0.0,0.26937535405158997,-0.00291354488581419,-0.004174964036792517
225,2,14,1.0,0.9874002933502197,0,0,0.25,0.0,0.0,0.26815295219421387,-0.002801006194204092,-0.006002114154398441
226,2,15,1.0,0.9821184277534485,0,0,0.25,0.0,0.0,0.27355045080184937,-0.002155959839001298,-0.004754126071929932
227,2,16,1.0,0.9816296100616455,0,0,0.25,0.0,0.0,0.2707042396068573,-0.0017896866193041205,-0.004196572117507458
228,2,17,1.0,0.9813115000724792,0,0,0.25,0.0,0.0,0.2726132273674011,-0.0010339835425838828,-0.00524751003831625
229,2,18,1.0,0.980429470539093,0,0,0.25,0.0,0.0,0.2736619710922241,-0.00043518011807464063,-0.0064293937757611275
230,2,19,1.0,0.9818063378334045,0,0,0.25,0.0,0.0,0.2727985084056854,0.0005574905080720782,-0.005357878282666206
231,2,20,1.0,0.9857387542724609,0,0,0.25,0.0,0.0,0.271333247423172,0.00016217277152463794,-0.0047308411449193954
232,2,21,1.0,0.989790678024292,0,0,0.25,0.0,0.0,0.2700482904911041,0.0004870225675404072,-0.0010964400134980679
233,2,22,1.0,0.9925190210342407,0,0,0.25,0.0,0.0,0.2767569124698639,0.0005737453466281295,-0.0061302329413592815
234,2,23,1.0,0.998629629611969,0,0,0.25,0.0,0.0,0.27649104595184326,-0.0011887255823239684,-0.00042863935232162476
235,2,24,1.0,0.9980975389480591,0,0,0.25,0.0,0.0,0.0737365335226059,-0.003120693378150463,-0.01627790555357933
236,2,25,1.0,0.9975171685218811,0,0,0.0,0.0,0.0,0.022943995893001556,-0.0017827004194259644,-0.017001237720251083
237,2,26,1.0,0.9975891709327698,0,0,0.0,0.0,0.0,0.0024619917385280132,-0.0013945808168500662,-0.006446547340601683
238,2,27,1.0,0.9959697723388672,0,0,0.0,0.0,0.0,-0.0018869973719120026,-0.002589281415566802,-0.004901606123894453
239,2,28,1.0,0.9960251450538635,0,0,0.0,0.0,0.0,-0.0030137007124722004,-0.0017678480362519622,-0.00382152758538723
240,2,29,1.0,0.99656081199646,0,0,0.0,0.0,0.0,-0.0024395158980041742,-0.0013921735808253288,-0.005265123210847378
241,2,30,1.0,1.0053919553756714,0,0,0.0,-0.25,0.0,0.00013562384992837906,-0.21677732467651367,-0.013232937082648277
242,2,31,1.0,0.9912800192832947,0,0,0.0,-0.25,0.0,0.00020609376952052116,-0.2748791575431824,-0.007144177798181772
243,2,32,1.0,0.9947105646133423,0,0,0.0,-0.25,0.0,-0.00023041851818561554,-0.2764286398887634,-0.004556270781904459
244,2,33,1.0,0.9958267211914062,0,0,0.0,-0.25,0.0,-0.00022911338601261377,-0.2752164900302887,-0.0073510464280843735
245,2,34,1.0,0.9991251230239868,0,0,0.0,-0.25,0.0,0.00019648205488920212,-0.27332210540771484,-0.010425546206533909
246,2,35,1.0,0.9945915937423706,0,0,0.0,-0.25,0.0,0.00031290575861930847,-0.27542468905448914,-0.010548410005867481
247,2,36,1.0,0.9930616617202759,0,0,0.0,-0.25,0.0,0.0007700936403125525,-0.2750738263130188,-0.00801386870443821
248,2,37,1.0,0.9951378107070923,0,0,0.0,-0.25,0.0,0.0016358359716832638,-0.2763340175151825,-0.005666330922394991
249,2,38,1.0,0.998054027557373,0,0,0.0,-0.25,0.0,0.0005267022643238306,-0.2772979140281677,-0.00671420618891716
250,2,39,1.0,0.9946778416633606,0,0,0.0,-0.25,0.0,-0.0001492451410740614,-0.2789117693901062,-0.006223687902092934
251,2,40,1.0,1.0004388093948364,0,0,0.0,-0.25,0.0,-0.0015750362072139978,-0.2505530118942261,-0.008241300471127033
252,2,41,1.0,0.9992672204971313,0,0,0.0,0.0,0.0,-0.0025355846155434847,-0.14568103849887848,-0.0030332296155393124
253,2,42,1.0,1.001131296157837,0,0,0.0,0.0,0.0,-0.00030545773915946484,-0.038990337401628494,-0.020756369456648827
254,2,43,1.0,1.0005998611450195,0,0,0.0,0.0,0.0,-0.00015158241149038076,-0.009232237935066223,-0.013243221677839756
255,2,44,1.0,1.0012685060501099,0,0,0.0,0.0,0.0,-0.0002332809381186962,-0.0023983123246580362,-0.008306369185447693
256,2,45,1.0,1.0014796257019043,0,0,0.0,0.0,0.0,-0.0003002450102940202,-0.0012680137297138572,-0.00822425540536642
257,2,46,1.0,1.005720615386963,0,0,0.0,0.0,0.0,0.00014931708574295044,-0.0026626107282936573,-0.027576899155974388
258,2,47,1.0,1.0057188272476196,0,0,0.0,-0.25,0.0,0.000140361487865448,-0.0026257631834596395,-0.027646344155073166
259,2,48,1.0,1.0054072141647339,0,0,0.0,0.0,0.0,-0.00026061979588121176,-0.0025140501093119383,-0.013161558657884598
260,2,49,1.0,1.0057228803634644,0,0,0.0,0.0,0.0,-0.00020880717784166336,-0.0017764627700671554,-0.010153675451874733
261,2,50,1.0,1.006317138671875,0,0,0.0,0.0,0.0,0.00035820971243083477,-0.000851901713758707,-0.082516148686409
262,2,51,1.0,1.006354808807373,0,0,0.0,0.0,0.0,0.00031000981107354164,-0.0006339720566757023,-0.07154832780361176
263,2,52,1.0,1.0078628063201904,0,0,0.0,0.0,0.0,0.0006257931236177683,-0.0010901177302002907,-0.21949197351932526
264,2,53,1.0,1.0078586339950562,0,0,0.0,0.0,0.0,0.0006311330944299698,-0.001059131696820259,-0.2195170372724533
265,2,54,1.0,1.0073456764221191,0,0,0.0,0.0,0.0,0.0006816766690462828,-0.0014040498062968254,-0.2651457190513611
266,2,55,1.0,1.0073403120040894,0,0,0.0,0.0,-0.5,0.0006833756342530251,-0.001397759304381907,-0.26524925231933594
267,2,56,1.0,0.9962436556816101,0,0,0.0,0.0,-0.5,-0.0009621928911656141,-0.0013228494208306074,-0.5399856567382812
268,2,57,1.0,0.9959230422973633,0,0,0.0,0.0,-0.5,-0.00045270705595612526,-0.0012380840489640832,-0.5347071886062622
269,2,58,1.0,0.9995039701461792,0,0,0.0,0.0,-0.5,0.0002656250726431608,-0.0005521405837498605,-0.5031576156616211
270,2,59,1.0,1.0023008584976196,0,0,0.0,0.0,-0.5,0.00010414584539830685,-0.0013117669150233269,-0.5104333162307739
271,2,60,1.0,1.00267493724823,0,0,0.0,0.0,-0.5,-0.00021671236027032137,-0.001597661292180419,-0.5297207832336426
272,2,61,1.0,1.0060381889343262,0,0,0.0,0.0,-0.5,-0.0005964771844446659,-0.0012626948300749063,-0.5383843183517456
273,2,62,1.0,1.01166832447052,0,0,0.0,0.0,-0.5,0.0007029250264167786,-0.001520068384706974,-0.5429357290267944
274,2,63,1.0,1.0155655145645142,0,0,0.0,0.0,-0.5,0.0012432716321200132,-0.002034253440797329,-0.5476242303848267
275,2,64,1.0,1.0074548721313477,0,0,0.0,0.0,-0.5,0.0015143854543566704,-0.0017477107467129827,-0.5248135328292847
276,2,65,1.0,1.0047411918640137,0,0,0.0,0.0,-0.5,0.0012864060699939728,-0.0016856055008247495,-0.5010679960250854
277,2,66,1.0,0.9929801225662231,0,0,0.0,0.0,-0.5,-0.0004095417680218816,-0.00033071814686991274,-0.21823462843894958
278,2,67,1.0,0.9931134581565857,0,0,0.0,0.0,0.0,-0.0005977748660370708,-0.000376374926418066,-0.19789890944957733
279,2,68,1.0,1.9007518291473389,0,1,0.0,0.0,0.0,0.0006704092957079411,-0.0004329542862251401,0.005640961229801178
280,2,69,1.0,1.9026710987091064,0,1,0.0,0.0,0.0,0.0006515886634588242,-0.00045061155105941,0.00564834289252758
281,2,70,1.0,2.033461809158325,0,1,0.0,0.0,0.0,0.000306146452203393,-0.0006199817289598286,0.0033854376524686813
282,2,71,2.0,2.0335185527801514,1,1,0.0,0.0,0.0,0.0003045154735445976,-0.0006206289981491864,0.0033708326518535614
283,2,72,2.0,2.04073429107666,1,1,0.0,0.0,0.0,0.0010890970006585121,-0.0003280754026491195,0.0005463594570755959
284,2,73,2.0,2.039246082305908,1,1,0.0,0.0,0.0,0.00048767286352813244,-0.00013446659431792796,0.0019458839669823647
285,2,74,2.0,2.042062282562256,1,1,0.0,0.0,0.0,0.00012300792150199413,0.00017994089284911752,0.0072960685938596725
286,2,75,2.0,2.042379379272461,1,1,0.0,0.0,0.0,1.6134697943925858e-05,0.0001557162031531334,0.0069732386618852615
287,2,76,2.0,2.0395848751068115,1,1,0.0,0.0,0.0,-5.7163648307323456e-05,-0.0005488076712936163,0.01060839556157589
288,2,77,2.0,2.031435489654541,1,1,0.0,0.0,0.0,0.00029586651362478733,-0.0005274679861031473,0.009359106421470642
289,2,78,1.0,1.550954818725586,0,1,0.0,0.0,0.0,0.0012745179701596498,-0.0016853793058544397,-0.02876562438905239
290,2,79,1.0,1.056166410446167,0,0,0.0,0.0,0.0,0.0015277517959475517,-0.001447681337594986,0.028517309576272964
291,2,80,1.0,0.9846403002738953,0,0,0.0,0.0,0.0,-0.0003009889042004943,0.0009316462092101574,0.4405602216720581
292,2,81,1.0,0.9836069941520691,0,0,0.0,0.0,0.0,-0.0005864273989573121,0.0010108099086210132,0.45272311568260193
293,2,82,1.0,0.9913772344589233,0,0,0.0,0.0,0.0,-3.150571137666702e-05,0.0005009243031963706,0.512855052947998
294,2,83,1.0,0.9923117160797119,0,0,0.0,0.0,0.5,-0.00014919100794941187,0.00022867275401949883,0.5151646137237549
295,2,84,1.0,0.9996011853218079,0,0,0.0,0.0,0.5,0.0008079647086560726,0.0003537523443810642,0.518883466720581
296,2,85,1.0,0.9998236298561096,0,0,0.0,0.0,0.5,0.00036582467146217823,-5.008565494790673e-05,0.5162254571914673
297,2,86,1.0,0.9989624619483948,0,0,0.0,0.0,0.5,0.0006248457357287407,0.00026438781060278416,0.5189764499664307
298,2,87,1.0,0.9987367391586304,0,0,0.0,0.0,0.5,0.0006030818913131952,4.183128476142883e-05,0.5170160531997681
299,2,88,1.0,0.9996724128723145,0,0,0.0,0.0,0.5,-4.713668022304773e-05,0.0001773695694282651,0.5187690258026123
300,2,89,1.0,0.9996241331100464,0,0,0.0,0.0,0.5,0.00028605666011571884,1.385941868647933e-05,0.5162689685821533
301,2,90,1.0,0.9997243285179138,0,0,0.0,0.0,0.5,-5.1544979214668274e-05,0.0003555021248757839,0.5183117389678955
302,2,91,1.0,0.9990394115447998,0,0,0.0,0.0,0.5,0.00036797206848859787,0.00033182580955326557,0.5168970823287964
303,2,92,1.0,0.997931957244873,0,0,0.0,0.0,0.5,0.00011073565110564232,0.00015179597539827228,0.5173531770706177
304,3,0,1.0,0.9925092458724976,0,0,0.0,0.0,0.0,-0.0033127684146165848,0.00024934776592999697,0.0026733707636594772
305,3,1,1.0,0.9922855496406555,0,0,0.0,0.0,0.0,-0.003998920321464539,0.0010919066844508052,-0.0016589765436947346
306,3,2,1.0,0.9920883178710938,0,0,0.0,0.0,0.0,-0.0059939660131931305,0.0003246053238399327,0.0027612941339612007
307,3,3,1.0,0.9919997453689575,0,0,0.0,0.0,0.0,-0.0061089457012712955,6.83282851241529e-05,0.0033041443675756454
308,3,4,1.0,0.9924458861351013,0,0,0.0,0.0,0.0,-0.008756516501307487,-0.00016612574108876288,-0.0035190111957490444
309,3,5,1.0,0.9924350380897522,0,0,0.0,0.0,0.0,-0.00873416569083929,-0.00018635313608683646,-0.0033444748260080814
310,3,6,1.0,0.9943112134933472,0,0,0.0,0.0,0.0,-0.00011764478404074907,-0.000780550530180335,-0.00037811603397130966
311,3,7,1.0,0.9943090081214905,0,0,0.0,0.0,0.0,-9.517627768218517e-05,-0.0007896901806816459,-0.00033591967076063156
312,3,8,1.0,0.9918155074119568,0,0,0.0,0.0,0.0,0.05903048813343048,-0.0031393449753522873,-0.0030845319852232933
313,3,9,1.0,0.9918127655982971,0,0,0.0,0.0,0.0,0.05905408039689064,-0.0031404243782162666,-0.003076366148889065
314,3,10,1.0,0.9922056198120117,0,0,0.25,0.0,0.0,0.22855858504772186,-0.0015077367424964905,-0.006271219812333584
315,3,11,1.0,0.9866266250610352,0,0,0.25,0.0,0.0,0.27029263973236084,-0.0010313685052096844,-0.006570469122380018
316,3,12,1.0,0.9841580986976624,0,0,0.25,0.0,0.0,0.27132633328437805,-0.0008516475791111588,-0.0044910721480846405
317,3,13,1.0,0.9851297736167908,0,0,0.25,0.0,0.0,0.27413976192474365,-0.0014509449247270823,-0.005400442518293858
318,3,14,1.0,0.9836968183517456,0,0,0.25,0.0,0.0,0.27202150225639343,-0.0020755878649652004,-0.002645652275532484
319,3,15,1.0,0.9843873381614685,0,0,0.25,0.0,0.0,0.27106061577796936,-0.0022807372733950615,-0.005369951948523521
320,3,16,1.0,0.9871854186058044,0,0,0.25,0.0,0.0,0.26934781670570374,-0.002438169438391924,-0.0031835543923079967
321,3,17,1.0,0.9960023164749146,0,0,0.25,0.0,0.0,0.2659812569618225,-0.0025567703414708376,-0.004090270027518272
322,3,18,1.0,1.0098305940628052,0,0,0.25,0.0,0.0,0.26654353737831116,-0.002811732003465295,-0.007541415747255087
323,3,19,1.0,1.0292384624481201,0,0,0.25,0.0,0.0,0.2645971477031708,-0.0027045169845223427,-0.01030267495661974
324,3,20,1.0,1.006806492805481,0,0,0.25,0.0,0.0,0.26900020241737366,-0.002876350888982415,-0.013762015849351883
325,3,21,1.0,0.9900535345077515,0,0,0.25,0.0,0.0,0.2678114175796509,-0.0009303963743150234,-0.019808329641819
326,3,22,1.0,0.9911890029907227,0,0,0.25,0.0,0.0,0.14100134372711182,0.0028583439998328686,-0.004280293360352516
327,3,23,1.0,1.0007752180099487,0,0,0.0,0.0,0.0,0.03762301430106163,0.004273411817848682,0.0033561615273356438
328,3,24,1.0,1.0010504722595215,0,0,0.0,0.0,0.0,0.002703455276787281,0.0018447772599756718,0.008605511859059334
329,3,25,1.0,0.9966012239456177,0,0,0.0,0.0,0.0,-0.0020734351128339767,-0.0038399123586714268,0.006344785913825035
330,3,26,1.0,0.989828884601593,0,0,0.0,0.0,0.0,0.0042031132616102695,0.1599331647157669,-0.0017930148169398308
331,3,27,1.0,0.9899385571479797,0,0,0.0,0.0,0.0,0.004336165264248848,0.18507887423038483,-0.002158649731427431
332,3,28,1.0,0.99019455909729,0,0,0.0,0.0,0.0,0.0008585944306105375,0.26260697841644287,0.0010446226224303246
333,3,29,1.0,0.990035355091095,0,0,0.0,0.25,0.0,0.000827643321827054,0.2628002464771271,0.0009754383936524391
334,3,30,1.0,0.9903598427772522,0,0,0.0,0.25,0.0,0.0008706466760486364,0.27020135521888733,-0.007047631777822971
335,3,31,1.0,0.990003228187561,0,0,0.0,0.25,0.0,0.0003934800624847412,0.2680343687534332,-0.0069335391744971275
336,3,32,1.0,0.9906030893325806,0,0,0.0,0.25,0.0,1.9432278349995613e-05,0.2654174268245697,-0.00785070937126875
337,3,33,1.0,0.9905991554260254,0,0,0.0,0.25,0.0,0.0006377333775162697,0.26708847284317017,-0.006212915293872356
338,3,34,1.0,0.992682158946991,0,0,0.0,0.25,0.0,0.0017869235016405582,0.27093908190727234,-0.006216257810592651
339,3,35,1.0,0.9919390678405762,0,0,0.0,0.25,0.0,0.0015430338680744171,0.2734437584877014,-0.003570428118109703
340,3,36,1.0,0.9891719222068787,0,0,0.0,0.25,0.0,0.0009498817380517721,0.27326709032058716,-0.005915388464927673
341,3,37,1.0,0.9890798330307007,0,0,0.0,0.25,0.0,0.0010874972213059664,0.27359822392463684,-0.0030447705648839474
342,3,38,1.0,0.9905146360397339,0,0,0.0,0.0,0.0,0.0012015118263661861,0.2695105969905853,-0.002958029042929411
343,3,39,1.0,1.0009812116622925,0,0,0.0,0.0,0.0,-7.153907790780067e-05,0.09177222102880478,-0.010908002965152264
344,3,40,1.0,1.003654956817627,0,0,0.0,0.0,0.0,-0.0001013297587633133,0.01370164193212986,-0.008214935660362244
345,3,41,1.0,1.0040876865386963,0,0,0.0,0.0,0.0,-0.00010826706420630217,0.0021348530426621437,-0.006439622957259417
346,3,42,1.0,1.0021778345108032,0,0,0.0,0.0,0.0,-0.0002895314246416092,-0.002510758815333247,0.009854629635810852
347,3,43,1.0,1.002219319343567,0,0,0.0,0.0,0.0,-0.0003141635097563267,-0.00342695158906281,0.010161768645048141
348,3,44,1.0,1.0023165941238403,0,0,0.0,0.25,0.0,-0.00010703154839575291,-0.0025316199753433466,0.012183167040348053
349,3,45,1.0,1.0019937753677368,0,0,0.0,0.25,0.0,0.00027847662568092346,0.008638886734843254,0.012829912826418877
350,3,46,1.0,1.0051796436309814,0,0,0.0,0.0,0.0,0.0003840245772153139,0.0020782887004315853,-0.009103788062930107
351,3,47,1.0,1.005527377128601,0,0,0.0,0.0,0.0,0.00020867842249572277,-0.0008389592985622585,-0.002514793537557125
352,3,48,1.0,1.0055433511734009,0,0,0.0,0.0,0.0,0.0001589469611644745,-0.001781734637916088,0.010667204856872559
353,3,49,1.0,1.005397081375122,0,0,0.0,0.0,0.0,3.503100015223026e-05,-0.0017962706042453647,0.012149065732955933
354,3,50,1.0,1.006195306777954,0,0,0.0,0.0,0.0,0.0003725271672010422,-2.6554742362350225e-05,-0.09813706576824188
355,3,51,1.0,1.0061531066894531,0,0,0.0,0.0,0.0,0.0003682707902044058,-7.053581066429615e-05,-0.09860499203205109
356,3,52,1.0,1.0070136785507202,0,0,0.0,0.0,0.0,0.00038801063783466816,-1.580017851665616e-05,-0.17829178273677826
357,3,53,1.0,1.007007360458374,0,0,0.0,0.0,0.0,0.00038923718966543674,-2.1692016161978245e-05,-0.17835816740989685
358,3,54,1.0,1.0076396465301514,0,0,0.0,0.0,-0.5,0.000677269883453846,-0.0001363168121315539,-0.19600309431552887
359,3,55,1.0,0.9956702589988708,0,0,0.0,0.0,-0.5,-0.0009761216351762414,-5.8054516557604074e-05,-0.5384113788604736
360,3,56,1.0,0.996498703956604,0,0,0.0,0.0,-0.5,-0.000509325647726655,-0.00098819425329566,-0.5329935550689697
361,3,57,1.0,0.9964211583137512,0,0,0.0,0.0,-0.5,-9.10414382815361e-06,-0.0007696864777244627,-0.5208858251571655
362,3,58,1.0,0.9969613552093506,0,0,0.0,0.0,-0.5,-0.00024412455968558788,-0.0010572343599051237,-0.5129203796386719
363,3,59,1.0,0.9976183176040649,0,0,0.0,0.0,-0.5,-2.0729145035147667e-05,-0.0007728533819317818,-0.5148414373397827
364,3,60,1.0,0.9986323118209839,0,0,0.0,0.0,-0.5,-0.0006397927645593882,-0.0013955978211015463,-0.5292345285415649
365,3,61,1.0,1.007338523864746,0,0,0.0,0.0,-0.5,-0.0007266496540978551,-0.0008334276499226689,-0.5377359390258789
366,3,62,1.0,1.0161346197128296,0,0,0.0,0.0,-0.5,0.0008054208010435104,-0.00041934088221751153,-0.5490859746932983
367,3,63,1.0,1.0181467533111572,0,0,0.0,0.0,-0.5,0.001009681960567832,-0.0004586877766996622,-0.5545405149459839
368,3,64,1.0,1.0051101446151733,0,0,0.0,0.0,-0.5,0.0007468624971807003,0.0010239675175398588,-0.19290713965892792
369,3,65,1.0,1.004964828491211,0,0,0.0,0.0,0.0,0.0006378304678946733,0.0008924222784116864,-0.15643997490406036
370,3,66,1.0,1.8801239728927612,0,1,0.0,0.0,0.0,0.0004490572027862072,0.00023638794664293528,0.0066281883046031
371,3,67,1.0,1.8815863132476807,0,1,0.0,0.0,0.0,0.0004490248393267393,0.00022649287711828947,0.006562979891896248
372,3,68,1.0,2.0363035202026367,0,1,0.0,0.0,0.0,-0.00023574440274387598,4.259980050846934e-05,0.0015067383646965027
373,3,69,2.0,2.0363094806671143,1,1,0.0,0.0,0.0,-0.00023326161317527294,3.960059257224202e-05,0.0015026573091745377
374,3,70,2.0,2.0390264987945557,1,1,0.0,0.0,0.0,0.0006749918684363365,-0.00045985711039975286,6.417743861675262e-05
375,3,71,2.0,2.039642095565796,1,1,0.0,0.0,0.0,0.0006139187607914209,-0.0005541795981116593,0.0010692114010453224
376,3,72,2.0,2.0393760204315186,1,1,0.0,0.0,0.0,0.0002339542843401432,-0.0004872236168012023,0.005777148529887199
377,3,73,2.0,2.0393455028533936,1,1,0.0,0.0,0.0,-0.00011287291999906301,-0.0008148376364260912,0.007061757147312164
378,3,74,2.0,2.0413818359375,1,1,0.0,0.0,0.0,-0.000279570696875453,-0.0006018196581862867,0.0070195626467466354
379,3,75,2.0,2.040342330932617,1,1,0.0,0.0,0.0,-0.00014380912762135267,-0.0004777535214088857,0.00604122132062912
380,3,76,2.0,0.985071063041687,1,0,0.0,0.0,0.0,0.0005065819714218378,-0.0004744498583022505,0.4132501780986786
381,3,77,1.0,0.9846534729003906,0,0,0.0,0.0,0.0,-0.0002715039299800992,-0.00010923267109319568,0.49002617597579956
382,3,78,1.0,1.0043398141860962,0,0,0.0,0.0,0.0,0.0008072978816926479,-0.002064689062535763,0.31745877861976624
383,3,79,1.0,1.0080885887145996,0,0,0.0,0.0,0.0,0.0008793587330728769,-0.002290715929120779,0.3071456253528595
384,3,80,1.0,0.9879389405250549,0,0,0.0,0.0,0.0,-0.000335226533934474,-6.611173739656806e-05,0.5018706321716309
385,3,81,1.0,0.9878732562065125,0,0,0.0,0.0,0.0,-0.00033775309566408396,-7.942505180835724e-05,0.501348614692688
386,3,82,1.0,0.9794421792030334,0,0,0.0,0.0,0.0,0.00044243340380489826,-0.0003908141516149044,0.45025187730789185
387,3,83,1.0,0.9793573617935181,0,0,0.0,0.0,0.0,0.0004197151865810156,-0.0003759341489057988,0.4520629644393921
388,3,84,1.0,0.9861067533493042,0,0,0.0,0.0,0.5,-0.00013963517267256975,-0.00014924880815669894,0.49777260422706604
389,3,85,1.0,0.9992193579673767,0,0,0.0,0.0,0.5,0.00016179261729121208,0.0002032258198596537,0.5183603763580322
390,3,86,1.0,1.000436782836914,0,0,0.0,0.0,0.5,0.00034852116368710995,-0.0003127607924398035,0.5164705514907837
391,3,87,1.0,0.999523937702179,0,0,0.0,0.0,0.5,-0.00021896674297749996,-0.00018384476425126195,0.5166935920715332
392,3,88,1.0,0.9975549578666687,0,0,0.0,0.0,0.5,-0.00015333283226937056,-0.0001880233467090875,0.515653133392334
393,3,89,1.0,0.9982413053512573,0,0,0.0,0.0,0.5,-0.000457044574432075,-3.973417915403843e-05,0.514922022819519
394,3,90,1.0,0.9963765144348145,0,0,0.0,0.0,0.5,-0.00028814782854169607,0.0002525172312743962,0.5167497396469116
395,3,91,1.0,0.9960464239120483,0,0,0.0,0.0,0.5,-0.00024155620485544205,-3.65119194611907e-05,0.5183243751525879
396,3,92,1.0,0.9976949095726013,0,0,0.0,0.0,0.5,-0.00010783784091472626,9.481597226113081e-05,0.520196795463562
397,3,93,1.0,0.9973101615905762,0,0,0.0,0.0,0.5,-8.484104182571173e-05,-2.397177740931511e-05,0.520363450050354
398,4,0,1.0,0.991590678691864,0,0,0.0,0.0,0.0,0.0017705261707305908,0.0024655815213918686,0.0037663066759705544
399,4,1,1.0,0.9924318790435791,0,0,0.0,0.0,0.0,0.0015410517808049917,0.0025989385321736336,0.0019637998193502426
400,4,2,1.0,0.9932330250740051,0,0,0.0,0.0,0.0,0.001392551464959979,0.0035511997994035482,0.002932492643594742
401,4,3,1.0,0.9932668209075928,0,0,0.0,0.0,0.0,0.0014271275140345097,0.0034878698643296957,0.0036887256428599358
402,4,4,1.0,0.9949416518211365,0,0,0.0,0.0,0.0,0.0024592424742877483,0.002674058312550187,-0.010853883810341358
403,4,5,1.0,0.9949703812599182,0,0,0.0,0.0,0.0,0.00247365515679121,0.002674209186807275,-0.010638277977705002
404,4,6,1.0,0.9957998991012573,0,0,0.0,0.0,0.0,-0.016640914604067802,-0.0009801057167351246,-0.011820800602436066
405,4,7,1.0,0.9958063364028931,0,0,0.0,0.0,0.0,-0.01661137118935585,-0.0009841974824666977,-0.011771481484174728
406,4,8,1.0,0.9951708316802979,0,0,0.0,0.0,0.0,-0.039843518286943436,-0.0024333111941814423,-0.010271879844367504
407,4,9,1.0,0.9951723217964172,0,0,-0.25,0.0,0.0,-0.03983304649591446,-0.002435026690363884,-0.010258475318551064
408,4,10,1.0,0.9807901382446289,0,0,-0.25,0.0,0.0,-0.2691045105457306,0.00017316098092123866,-0.010500872507691383
409,4,11,1.0,0.9769963026046753,0,0,-0.25,0.0,0.0,-0.27287667989730835,-0.0006734760827384889,-0.007258205208927393
410,4,12,1.0,0.9760212898254395,0,0,-0.25,0.0,0.0,-0.2741897702217102,-0.00015383338904939592,-0.0069017247296869755
411,4,13,1.0,0.9749693870544434,0,0,-0.25,0.0,0.0,-0.27551591396331787,-0.0002510244958102703,-0.006224503740668297
412,4,14,1.0,0.9756826162338257,0,0,-0.25,0.0,0.0,-0.27482420206069946,-3.965699579566717e-05,-0.007706287316977978
413,4,15,1.0,0.9748584628105164,0,0,-0.25,0.0,0.0,-0.27229970693588257,-0.0002120393910445273,-0.006357090547680855
414,4,16,1.0,0.9779245853424072,0,0,-0.25,0.0,0.0,-0.26943427324295044,0.0007271096110343933,-0.00440502492710948
415,4,17,1.0,0.9833202362060547,0,0,-0.25,0.0,0.0,-0.27092602849006653,0.00024012220092117786,-0.006762861739844084
416,4,18,1.0,0.9786508679389954,0,0,-0.25,0.0,0.0,-0.2742420732975006,0.0015728655271232128,-0.00841878168284893
417,4,19,1.0,0.984463632106781,0,0,-0.25,0.0,0.0,-0.2768076956272125,0.0018363404087722301,-0.0119033083319664
418,4,20,1.0,0.9904592037200928,0,0,-0.25,0.0,0.0,-0.28223881125450134,0.0007675219094380736,-0.015294430777430534
419,4,21,1.0,0.9835678935050964,0,0,-0.25,0.0,0.0,-0.28453847765922546,-0.0002969035122077912,-0.013611900620162487
420,4,22,1.0,0.9900587201118469,0,0,-0.25,0.0,0.0,-0.20277149975299835,0.0010518684284761548,-0.01395479217171669
421,4,23,1.0,0.9945697784423828,0,0,0.0,0.0,0.0,-0.038680050522089005,-0.0007688578916713595,-0.019929537549614906
422,4,24,1.0,0.9943640232086182,0,0,0.0,0.0,0.0,0.0034740441478788853,0.0008465733844786882,-0.012701054103672504
423,4,25,1.0,0.9947351813316345,0,0,0.0,0.0,0.0,0.004361493047326803,0.0006747239967808127,-0.015063385479152203
424,4,26,1.0,0.9975788593292236,0,0,0.0,0.0,0.0,0.001485595479607582,0.0013771210797131062,-0.011407163925468922
425,4,27,1.0,0.9976439476013184,0,0,0.0,0.0,0.0,0.0016735396347939968,0.0012855423847213387,-0.011960096657276154
426,4,28,1.0,0.9982632398605347,0,0,0.0,-0.25,0.0,0.0015275580808520317,-0.17868629097938538,-0.011932813562452793
427,4,29,1.0,0.9869078397750854,0,0,0.0,-0.25,0.0,0.0007615615613758564,-0.2665312886238098,-0.007189767435193062
428,4,30,1.0,0.9871873259544373,0,0,0.0,-0.25,0.0,0.0012855373788625002,-0.274784654378891,-0.006550468038767576
429,4,31,1.0,0.9881452918052673,0,0,0.0,-0.25,0.0,0.0007034835871309042,-0.2752160429954529,-0.004427566193044186
430,4,32,1.0,0.9905679225921631,0,0,0.0,-0.25,0.0,4.265294410288334e-05,-0.2757621109485626,-0.003779779653996229
431,4,33,1.0,0.9932196736335754,0,0,0.0,-0.25,0.0,-0.0004451056011021137,-0.2753748595714569,-0.0036109434440732002
432,4,34,1.0,0.9955493807792664,0,0,0.0,-0.25,0.0,-0.0006609871052205563,-0.27341827750205994,-0.0072624944150447845
433,4,35,1.0,0.9953411817550659,0,0,0.0,-0.25,0.0,0.0015199913177639246,-0.2741180658340454,-0.00797249749302864
434,4,36,1.0,0.9929487109184265,0,0,0.0,-0.25,0.0,0.002043456304818392,-0.2777140438556671,-0.009226047433912754
435,4,37,1.0,0.9943730235099792,0,0,0.0,-0.25,0.0,0.0009012261871248484,-0.27780163288116455,-0.0076509881764650345
436,4,38,1.0,0.9981786608695984,0,0,0.0,-0.25,0.0,-0.0011329841800034046,-0.24950526654720306,-0.009106763638556004
437,4,39,1.0,0.9969915151596069,0,0,0.0,0.0,0.0,-0.002420890610665083,-0.13304367661476135,-0.01437374111264944
438,4,40,1.0,1.0008258819580078,0,0,0.0,0.0,0.0,-0.0004769040970131755,-0.013848241418600082,-0.009909648448228836
439,4,41,1.0,1.0015548467636108,0,0,0.0,0.0,0.0,-0.0006941293831914663,0.0061317989602684975,-0.004868894349783659
440,4,42,1.0,1.0024056434631348,0,0,0.0,0.0,0.0,-0.0006766791921108961,0.005059686489403248,-0.008015338331460953
441,4,43,1.0,1.0024954080581665,0,0,0.0,0.0,0.0,-0.0007168875308707356,0.007227648980915546,-0.007092167157679796
442,4,44,1.0,0.9989944696426392,0,0,0.0,0.0,0.0,-5.7365745306015015e-05,-0.002173012588173151,-0.0002854038029909134
443,4,45,1.0,0.9990224838256836,0,0,0.0,0.0,0.0,-7.101136725395918e-05,-0.001982038374990225,-0.00037198327481746674
444,4,46,1.0,0.9982225894927979,0,0,0.0,0.0,0.0,-1.3425014913082123e-05,-0.00120855076238513,-0.006028530187904835
445,4,47,1.0,0.9982231855392456,0,0,0.0,0.0,0.0,-1.4163786545395851e-05,-0.0011977816466242075,-0.006068629212677479
446,4,48,1.0,0.9980248212814331,0,0,0.0,0.0,0.0,-4.3816748075187206e-05,-0.0012414524098858237,-0.0021279524080455303
447,4,49,1.0,0.9980250000953674,0,0,0.0,-0.25,0.0,-4.41564479842782e-05,-0.0012384356232360005,-0.002134923357516527
448,4,50,1.0,0.9981609582901001,0,0,0.0,0.0,0.0,0.0003928178921341896,-0.005459444597363472,0.013674255460500717
449,4,51,1.0,0.9995585680007935,0,0,0.0,0.0,0.0,0.0004046834073960781,-0.0024055265821516514,-0.00892584677785635
450,4,52,1.0,1.0034137964248657,0,0,0.0,0.0,0.0,0.0008743959479033947,-0.0019733160734176636,-0.02446466125547886
451,4,53,1.0,1.00345778465271,0,0,0.0,0.0,0.0,0.0009523772168904543,-0.0017633215757086873,-0.02731773816049099
452,4,54,1.0,1.004060983657837,0,0,0.0,0.0,0.0,0.0007419607136398554,0.0005046246806159616,-0.10400307923555374
453,4,55,1.0,1.0040768384933472,0,0,0.0,0.0,0.0,0.0007327490020543337,0.0005338191986083984,-0.10448123514652252
454,4,56,1.0,1.0047781467437744,0,0,0.0,0.0,0.0,0.0005052944179624319,0.0006913882680237293,-0.17726381123065948
455,4,57,1.0,1.0047804117202759,0,0,0.0,0.0,-0.5,0.0005043058190494776,0.0006935165729373693,-0.17740757763385773
456,4,58,1.0,1.0031228065490723,0,0,0.0,0.0,-0.5,-0.0013546820264309645,-5.495455116033554e-05,-0.5440614223480225
457,4,59,1.0,0.9994964003562927,0,0,0.0,0.0,-0.5,-0.0008828728459775448,-2.100149868056178e-05,-0.5438433885574341
458,4,60,1.0,0.999187171459198,0,0,0.0,0.0,-0.5,-0.0007353853434324265,-0.0002284599468111992,-0.534165620803833
459,4,61,1.0,1.0005886554718018,0,0,0.0,0.0,-0.5,-0.0010878709144890308,-0.000903604319319129,-0.518425703048706
460,4,62,1.0,1.0013772249221802,0,0,0.0,0.0,-0.5,-0.0009784280555322766,-0.0007181086111813784,-0.5170367956161499
461,4,63,1.0,1.0027202367782593,0,0,0.0,0.0,-0.5,-0.0006307420553639531,-0.000848322466481477,-0.5228149890899658
462,4,64,1.0,1.0010099411010742,0,0,0.0,0.0,-0.5,-0.0010979799553751945,-0.0009367158054374158,-0.5379575490951538
463,4,65,1.0,1.0020924806594849,0,0,0.0,0.0,-0.5,-0.0007964646210893989,-0.0004598346713464707,-0.5383157730102539
464,4,66,1.0,1.0047403573989868,0,0,0.0,0.0,-0.5,-0.0010941849322989583,7.714913226664066e-05,-0.5483373403549194
465,4,67,1.0,1.006569266319275,0,0,0.0,0.0,-0.5,-0.0013785589253529906,0.0002910307957790792,-0.5531723499298096
466,4,68,1.0,1.0087825059890747,0,0,0.0,0.0,-0.5,0.0003847060725092888,0.0008091997588053346,-0.45163583755493164
467,4,69,1.0,1.0095505714416504,0,0,0.0,0.0,0.0,0.00044958549551665783,0.0009262011153623462,-0.39058616757392883
468,4,70,1.0,1.0049450397491455,0,0,0.0,0.0,0.0,-0.00019530102144926786,0.0006380726117640734,-0.1418672353029251
469,4,71,1.0,1.004882574081421,0,0,0.0,0.0,0.0,-0.00029889598954468966,0.0006029471987858415,-0.12940408289432526
470,4,72,1.0,1.1908612251281738,0,0,0.0,0.0,0.0,0.0012901520822197199,-0.001239907811395824,0.04437261074781418
471,4,73,1.0,1.1924481391906738,0,0,0.0,0.0,0.0,0.0012697172351181507,-0.001202899613417685,0.044604744762182236
472,4,74,1.0,1.1254234313964844,0,0,0.0,0.0,0.0,0.0008576356340199709,-0.0012942221947014332,0.049055710434913635
473,4,75,2.0,1.1260476112365723,1,0,0.0,0.0,0.0,0.0008511955384165049,-0.0012765260180458426,0.049132153391838074
474,4,76,2.0,2.038238525390625,1,1,0.0,0.0,0.0,0.0004061567597091198,-0.00026553732459433377,0.00021920446306467056
475,4,77,2.0,2.0389275550842285,1,1,0.0,0.0,0.0,0.0009358101524412632,-0.0003185712266713381,0.0008463598787784576
476,4,78,2.0,2.037015914916992,1,1,0.0,0.0,0.0,0.0002482854761183262,-0.0008215447887778282,0.00044913310557603836
477,4,79,2.0,2.039597272872925,1,1,0.0,0.0,0.0,0.00013357354328036308,0.0004995561903342605,0.006261218339204788
478,4,80,2.0,2.039041519165039,1,1,0.0,0.0,0.0,0.000538715859875083,-0.00042414464405737817,0.0038313372060656548
479,4,81,2.0,2.039196491241455,1,1,0.0,0.0,0.0,0.0004902533255517483,-0.00016188900917768478,0.005637587979435921
480,4,82,2.0,2.0412473678588867,1,1,0.0,0.0,0.0,0.0005042962729930878,1.167540904134512e-05,0.004767948761582375
481,4,83,2.0,2.041715383529663,1,1,0.0,0.0,0.0,0.00035306275822222233,6.353197386488318e-05,0.005680819973349571
482,4,84,2.0,2.040045976638794,1,1,0.0,0.0,0.0,0.0005217103753238916,-0.00014459306839853525,0.001650109887123108
483,4,85,1.0,2.0388946533203125,0,1,0.0,0.0,0.0,0.000395430950447917,0.00017943541752174497,1.6208738088607788e-05
484,4,86,1.0,1.0115524530410767,0,0,0.0,0.0,0.0,0.0008765459060668945,-0.0010671255877241492,0.30375170707702637
485,4,87,1.0,0.9962140917778015,0,0,0.0,0.0,0.0,-3.1728530302643776e-05,-0.000577292637899518,0.5184496641159058
486,4,88,1.0,0.9890297055244446,0,0,0.0,0.0,0.0,-0.0005288788815960288,-0.00029322129557840526,0.44610872864723206
487,4,89,1.0,0.9898342490196228,0,0,0.0,0.0,0.5,-0.00021697627380490303,7.860857294872403e-05,0.5038559436798096
488,4,90,1.0,0.9876817464828491,0,0,0.0,0.0,0.5,-0.00040372798684984446,-0.0013723254669457674,0.516188383102417
489,4,91,1.0,0.9943197965621948,0,0,0.0,0.0,0.5,4.685088060796261e-05,-0.0009309997549280524,0.519477128982544
490,4,92,1.0,0.9980966448783875,0,0,0.0,0.0,0.5,0.0002523069269955158,2.2149470169097185e-05,0.5191746950149536
491,4,93,1.0,1.0003619194030762,0,0,0.0,0.0,0.5,0.0001449217088520527,-1.7918937373906374e-05,0.5156048536300659
492,4,94,1.0,0.998345673084259,0,0,0.0,0.0,0.5,0.0005692485719919205,-0.00011613167589530349,0.5182877779006958
493,4,95,1.0,0.999377429485321,0,0,0.0,0.0,0.5,0.00026826420798897743,-0.0003205350076314062,0.5176671743392944
494,4,96,1.0,0.9981224536895752,0,0,0.0,0.0,0.5,0.00028547761030495167,9.430112550035119e-05,0.5181584358215332
495,4,97,1.0,0.9991066455841064,0,0,0.0,0.0,0.5,0.00036050123162567616,-0.0002906165609601885,0.5176666975021362
496,4,98,1.0,0.9991170763969421,0,0,0.0,0.0,0.5,0.000421654898673296,-4.433130379766226e-05,0.516513466835022
497,5,0,1.0,0.9942138195037842,0,0,0.0,0.0,0.0,0.0025913999415934086,0.00015126127982512116,0.003184751607477665
498,5,1,1.0,0.9936330914497375,0,0,0.0,0.0,0.0,0.0027757235802710056,0.0001166654983535409,5.991477519273758e-05
499,5,2,1.0,0.99556565284729,0,0,0.0,0.0,0.0,0.00374177610501647,0.001293720561079681,0.001911485567688942
500,5,3,1.0,0.9956847429275513,0,0,0.0,0.0,0.0,0.003783327993005514,0.001195263466797769,0.0025375299155712128
501,5,4,1.0,0.9971722364425659,0,0,0.0,0.0,0.0,0.005099797621369362,0.0016873304266482592,-0.011278161779046059
502,5,5,1.0,0.9972113966941833,0,0,0.0,0.0,0.0,0.005117541644722223,0.0016602901741862297,-0.011129560880362988
503,5,6,1.0,1.0010405778884888,0,0,0.0,0.0,0.0,-0.029220091179013252,0.0013756472617387772,-0.011146180331707
504,5,7,1.0,1.0010497570037842,0,0,0.0,0.0,0.0,-0.029174435883760452,0.0013700348790735006,-0.011107240803539753
505,5,8,1.0,0.9952825307846069,0,0,-0.25,0.0,0.0,-0.19208920001983643,-0.002075543627142906,-0.011591056361794472
506,5,9,1.0,0.9835424423217773,0,0,-0.25,0.0,0.0,-0.26003751158714294,0.000504325027577579,-0.009893418289721012
507,5,10,1.0,0.9778428077697754,0,0,-0.25,0.0,0.0,-0.2706725597381592,0.0010542365489527583,-0.009501607157289982
508,5,11,1.0,0.9749437570571899,0,0,-0.25,0.0,0.0,-0.2731519639492035,0.0003863455494865775,-0.005729350261390209
509,5,12,1.0,0.9740527868270874,0,0,-0.25,0.0,0.0,-0.2743476927280426,-0.00047362191253341734,-0.005734844598919153
510,5,13,1.0,0.9771388173103333,0,0,-0.25,0.0,0.0,-0.2717273533344269,-0.0012199744815006852,-0.005431020632386208
511,5,14,1.0,0.9802284240722656,0,0,-0.25,0.0,0.0,-0.27110135555267334,-0.0011852395255118608,-0.005176558159291744
512,5,15,1.0,0.986797034740448,0,0,-0.25,0.0,0.0,-0.2689012885093689,-0.0014263431075960398,-0.009104836732149124
513,5,16,1.0,0.9868696928024292,0,0,-0.25,0.0,0.0,-0.271698921918869,-0.000387808948289603,-0.013507688418030739
514,5,17,1.0,1.0006420612335205,0,0,-0.25,0.0,0.0,-0.271614670753479,-0.0008236870635300875,-0.018668707460165024
515,5,18,1.0,1.008140206336975,0,0,-0.25,0.0,0.0,-0.27517542243003845,7.139734225347638e-05,-0.02608732134103775
516,5,19,1.0,1.008119821548462,0,0,-0.25,0.0,0.0,-0.28169122338294983,0.0010522037046030164,-0.028755994513630867
517,5,20,1.0,0.9881807565689087,0,0,-0.25,0.0,0.0,-0.2809060215950012,0.00324130873195827,-0.02549869753420353
518,5,21,1.0,0.9787468910217285,0,0,-0.25,0.0,0.0,-0.2306896150112152,0.0043968576937913895,-0.017816677689552307
519,5,22,1.0,0.9876708388328552,0,0,-0.25,0.0,0.0,-0.04350011423230171,0.0009952480904757977,-0.013908376917243004
520,5,23,1.0,0.996595561504364,0,0,0.0,0.0,0.0,-0.014510530978441238,-0.0016368565848097205,-0.0043872022069990635
521,5,24,1.0,0.9984989166259766,0,0,0.0,0.0,0.0,-0.000127986422739923,0.07275115698575974,0.0018800506368279457
522,5,25,1.0,0.9952470064163208,0,0,0.0,0.0,0.0,0.0005466160364449024,0.2525240182876587,-0.004391009453684092
523,5,26,1.0,0.9930181503295898,0,0,0.0,0.0,0.0,-0.00036089529749006033,0.2732524871826172,-0.0065204910933971405
524,5,27,1.0,0.9930256605148315,0,0,0.0,0.0,0.0,-0.0002020596293732524,0.2739051282405853,-0.00813786219805479
525,5,28,1.0,0.9909906387329102,0,0,0.0,0.0,0.0,-0.0011289530666545033,0.2743332087993622,-0.006569112651050091
526,5,29,1.0,0.9910061359405518,0,0,0.0,0.25,0.0,-0.0011156729888170958,0.27438852190971375,-0.0066019813530147076
527,5,30,1.0,0.9858880639076233,0,0,0.0,0.25,0.0,5.31559344381094e-05,0.26934921741485596,-0.004205663222819567
528,5,31,1.0,0.9856818914413452,0,0,0.0,0.25,0.0,0.0005252303089946508,0.2716318666934967,-0.004050770308822393
529,5,32,1.0,0.987112283706665,0,0,0.0,0.25,0.0,0.0009732884354889393,0.27020859718322754,-0.0031290315091609955
530,5,33,1.0,0.9925086498260498,0,0,0.0,0.25,0.0,0.0004442143253982067,0.26187270879745483,-0.0013174591585993767
531,5,34,1.0,0.9886082410812378,0,0,0.0,0.25,0.0,0.0003817740362137556,0.27518486976623535,0.0006651440635323524
532,5,35,1.0,0.9908668994903564,0,0,0.0,0.25,0.0,0.0006746822036802769,0.27304860949516296,-0.0005151713266968727
533,5,36,1.0,0.9916151165962219,0,0,0.0,0.25,0.0,0.0006266799755394459,0.27191653847694397,0.0016159964725375175
534,5,37,1.0,0.9911317825317383,0,0,0.0,0.25,0.0,-0.0002049973700195551,0.2750292718410492,-4.827883094549179e-05
535,5,38,1.0,0.9972232580184937,0,0,0.0,0.0,0.0,-0.0008486970327794552,0.2656036913394928,-0.0036128382198512554
536,5,39,1.0,1.0069940090179443,0,0,0.0,0.0,0.0,-0.00016376201529055834,0.08731376379728317,-0.027003327384591103
537,5,40,1.0,1.0049446821212769,0,0,0.0,0.0,0.0,0.000952789094299078,0.0019247380550950766,-0.019019758328795433
538,5,41,1.0,1.0046550035476685,0,0,0.0,0.0,0.0,0.000911731505766511,-0.0069458745419979095,-0.017656102776527405
539,5,42,1.0,1.0027717351913452,0,0,0.0,0.0,0.0,-0.00025484722573310137,-0.01029900275170803,-0.014590883627533913
540,5,43,1.0,1.0027297735214233,0,0,0.0,0.0,0.0,-0.00027982681058347225,-0.012045858427882195,-0.01431946363300085
541,5,44,1.0,1.0027287006378174,0,0,0.0,0.0,0.0,-5.727563984692097e-05,-0.010129673406481743,-0.013376673683524132
542,5,45,1.0,1.0027248859405518,0,0,0.0,0.25,0.0,-5.8941193856298923e-05,-0.010410847142338753,-0.013310586102306843
543,5,46,1.0,1.0027021169662476,0,0,0.0,0.0,0.0,0.000594340730458498,0.016206588596105576,-0.023096682503819466
544,5,47,1.0,1.000543475151062,0,0,0.0,0.0,0.0,0.0007722920272499323,0.0025356297846883535,-0.019273430109024048
545,5,48,1.0,0.999591588973999,0,0,0.0,0.0,0.0,0.0004035932943224907,-0.0026267417706549168,-0.017921220511198044
546,5,49,1.0,0.9994856119155884,0,0,0.0,0.0,0.0,0.00042516738176345825,-0.004399591591209173,-0.017378205433487892
547,5,50,1.0,0.9973126649856567,0,0,0.0,0.0,0.0,0.0007351881358772516,-0.00515193585306406,-0.011829322203993797
548,5,51,1.0,0.9972887635231018,0,0,0.0,0.0,0.0,0.0007425758522003889,-0.0054079266265034676,-0.01176794245839119
549,5,52,1.0,0.9993866086006165,0,0,0.0,0.25,0.0,0.000461972551420331,-0.0021826790180057287,0.0015053050592541695
550,5,53,1.0,1.0041126012802124,0,0,0.0,0.0,0.0,0.0006620849017053843,-0.0012631819117814302,-0.01029971893876791
551,5,54,1.0,1.005523443222046,0,0,0.0,0.0,0.0,0.0008235794957727194,-0.0021733520552515984,-0.012952247634530067
552,5,55,1.0,1.0054681301116943,0,0,0.0,0.0,0.0,0.00026259408332407475,-0.001607110840268433,-0.002576666884124279
553,5,56,1.0,1.0038142204284668,0,0,0.0,0.0,0.0,0.0002178384456783533,8.821726078167558e-05,-0.018822798505425453
554,5,57,1.0,1.0037750005722046,0,0,0.0,0.0,0.0,0.00017941277474164963,3.0830095056444407e-05,-0.019258979707956314
555,5,58,1.0,1.006032943725586,0,0,0.0,0.0,0.0,0.0001588761806488037,0.00043933617416769266,-0.08603318780660629
556,5,59,1.0,1.0060222148895264,0,0,0.0,0.0,0.0,0.0001546763814985752,0.00043204391840845346,-0.08602920174598694
557,5,60,1.0,1.0080567598342896,0,0,0.0,0.0,-0.5,0.00043849763460457325,0.0002575569087639451,-0.16897886991500854
558,5,61,1.0,0.998264729976654,0,0,0.0,0.0,-0.5,-0.00020988448522984982,-0.0014980490086600184,-0.535954475402832
559,5,62,1.0,0.9980118274688721,0,0,0.0,0.0,-0.5,-5.921011324971914e-05,-0.002105018123984337,-0.523439884185791
560,5,63,1.0,0.9986535310745239,0,0,0.0,0.0,-0.5,0.0003589419648051262,-0.0019181971438229084,-0.515916109085083
561,5,64,1.0,1.0002042055130005,0,0,0.0,0.0,-0.5,0.001308063743636012,-0.0015655294992029667,-0.5055053234100342
562,5,65,1.0,0.9971239566802979,0,0,0.0,0.0,-0.5,0.00023812917061150074,-0.0009950657840818167,-0.5193884372711182
563,5,66,1.0,0.9983178973197937,0,0,0.0,0.0,-0.5,-0.0002876979997381568,-0.0008065802976489067,-0.5328216552734375
564,5,67,1.0,1.0032650232315063,0,0,0.0,0.0,-0.5,-7.306807674467564e-05,-8.806021651253104e-05,-0.534691572189331
565,5,68,1.0,1.0132299661636353,0,0,0.0,0.0,-0.5,0.0005669840611517429,-0.001073984894901514,-0.5457899570465088
566,5,69,1.0,1.0088762044906616,0,0,0.0,0.0,-0.5,0.0011973087675869465,-0.0022145789116621017,-0.549911379814148
567,5,70,1.0,0.9993184804916382,0,0,0.0,0.0,-0.5,0.0006721839308738708,-0.0004370085662230849,-0.09209451079368591
568,5,71,1.0,0.9977847337722778,0,0,0.0,0.0,-0.5,0.0017246000934392214,0.0013971030712127686,-0.19169658422470093
569,5,72,1.0,1.8656024932861328,0,1,0.0,0.0,0.0,0.0008322459179908037,-0.00012915156548842788,0.005753441713750362
570,5,73,1.0,1.8213297128677368,0,1,0.0,0.0,0.0,0.0008343914523720741,0.0007100170478224754,0.007113730534911156
571,5,74,1.0,2.041046619415283,0,1,0.0,0.0,0.0,-0.0007747788913547993,-3.8175261579453945e-05,0.0016955025494098663
572,5,75,1.0,2.0399608612060547,0,1,0.0,0.0,0.0,-0.0005763473454862833,-7.420213660225272e-05,0.000277484767138958
573,5,76,2.0,2.037177801132202,1,1,0.0,0.0,0.0,0.00018967781215906143,-0.0002644900232553482,-0.00010064896196126938
574,5,77,2.0,2.0378804206848145,1,1,0.0,0.0,0.0,0.0003884374164044857,-0.0012033183593302965,0.0008807945996522903
575,5,78,2.0,2.040353298187256,1,1,0.0,0.0,0.0,-0.0005923176649957895,0.0005176394479349256,0.006318541243672371
576,5,79,2.0,2.0373117923736572,1,1,0.0,0.0,0.0,-9.329128079116344e-05,-0.000745824130717665,0.004994620569050312
577,5,80,2.0,2.0381083488464355,1,1,0.0,0.0,0.0,-0.0001834434224292636,-0.0004491418367251754,0.0022617941722273827
578,5,81,2.0,2.038315534591675,1,1,0.0,0.0,0.0,-0.0002230461686849594,-0.000633793359156698,0.0017570918425917625
579,5,82,2.0,2.041478157043457,1,1,0.0,0.0,0.0,-0.0008191554807126522,-0.00014003802789375186,0.0024263905361294746
580,5,83,2.0,2.043292999267578,1,1,0.0,0.0,0.0,-0.0007061043288558722,0.00016333558596670628,0.0016215061768889427
581,5,84,1.0,0.981501042842865,0,0,0.0,0.0,0.0,0.00012476113624870777,-0.0003393911465536803,0.48150330781936646
582,5,85,1.0,1.1118359565734863,0,0,0.0,0.0,0.0,0.0016648918390274048,-0.0029734394047409296,0.15347307920455933
583,5,86,1.0,0.9838130474090576,0,0,0.0,0.0,0.0,-0.0002498279791325331,0.0005004683043807745,0.5067354440689087
584,5,87,1.0,0.9967355132102966,0,0,0.0,0.0,0.0,0.00018676510080695152,0.00045899965334683657,0.43484067916870117
585,5,88,1.0,0.9841700196266174,0,0,0.0,0.0,0.5,-0.00017662218306213617,-8.493231143802404e-05,0.5038801431655884
586,5,89,1.0,0.987561047077179,0,0,0.0,0.0,0.5,-2.993270754814148e-05,-0.0001334186817985028,0.5094244480133057
587,5,90,1.0,0.9999504685401917,0,0,0.0,0.0,0.5,0.0001515860203653574,0.0007356612477451563,0.5172274112701416
588,5,91,1.0,1.000726342201233,0,0,0.0,0.0,0.5,0.00018166587688028812,0.0005537294782698154,0.516793966293335
589,5,92,1.0,0.9998047947883606,0,0,0.0,0.0,0.5,8.569867350161076e-05,0.00046467711217701435,0.517513632774353
590,5,93,1.0,0.9990612268447876,0,0,0.0,0.0,0.5,9.177695028483868e-05,0.00041892577428370714,0.5163787603378296
591,5,94,1.0,1.000412940979004,0,0,0.0,0.0,0.5,7.474888116121292e-05,0.00030934467213228345,0.5169347524642944
592,5,95,1.0,0.9984084367752075,0,0,0.0,0.0,0.5,-0.00015950563829392195,0.00022628263104707003,0.5170408487319946
593,5,96,1.0,0.999756395816803,0,0,0.0,0.0,0.5,0.00014026439748704433,0.0004221100825816393,0.5188585519790649
594,5,97,1.0,0.9992038607597351,0,0,0.0,0.0,0.5,0.0003003163728863001,0.00014236505376175046,0.5192868709564209
595,6,0,1.0,0.9926974177360535,0,0,0.0,0.0,0.0,-0.0043701427057385445,0.0034281678963452578,-0.0006234338507056236
596,6,1,1.0,0.9921483397483826,0,0,0.0,0.0,0.0,-0.004638884216547012,0.0038783017080277205,-0.0038092685863375664
597,6,2,1.0,0.993915855884552,0,0,0.0,0.0,0.0,-0.006525279488414526,0.0022103346418589354,-0.005305261351168156
598,6,3,1.0,0.9940147399902344,0,0,0.0,0.0,0.0,-0.006580587942153215,0.0020726178772747517,-0.0047214822843670845
599,6,4,1.0,0.9972484707832336,0,0,0.0,0.0,0.0,-0.00798789132386446,0.0022862982004880905,-0.004420196637511253
600,6,5,1.0,0.9972648620605469,0,0,0.0,0.0,0.0,-0.007967735640704632,0.0022663448471575975,-0.004293459467589855
601,6,6,1.0,0.9981440305709839,0,0,0.0,0.0,0.0,0.02489832416176796,-0.001145666348747909,0.0030076252296566963
602,6,7,1.0,0.9981375932693481,0,0,0.0,0.0,0.0,0.024936337023973465,-0.0011526980670168996,0.0030397027730941772
603,6,8,1.0,0.9914692044258118,0,0,0.0,0.0,0.0,0.1297195851802826,-0.00014627398923039436,-0.005450228229165077
604,6,9,1.0,0.9914673566818237,0,0,0.25,0.0,0.0,0.12973840534687042,-0.00014698755694553256,-0.005443609319627285
605,6,10,1.0,0.9878860116004944,0,0,0.25,0.0,0.0,0.27179282903671265,-0.003193516517058015,-0.005591605789959431
606,6,11,1.0,0.9831237196922302,0,0,0.25,0.0,0.0,0.27398136258125305,-0.0026646482292562723,-0.006582534406334162
607,6,12,1.0,0.9838910698890686,0,0,0.25,0.0,0.0,0.27390217781066895,-0.0019243810093030334,-0.004611060954630375
608,6,13,1.0,0.9827924370765686,0,0,0.25,0.0,0.0,0.273915559053421,-0.0011933163041248918,-0.00370520306751132
609,6,14,1.0,0.980741024017334,0,0,0.25,0.0,0.0,0.275572806596756,-0.0009959186427295208,-0.0059086354449391365
610,6,15,1.0,0.988274872303009,0,0,0.25,0.0,0.0,0.27420052886009216,9.762006811797619e-07,-0.005046566016972065
611,6,16,1.0,0.9916914701461792,0,0,0.25,0.0,0.0,0.27151307463645935,-0.0011461427202448249,-0.0018596062436699867
612,6,17,1.0,1.0057008266448975,0,0,0.25,0.0,0.0,0.2683117389678955,-0.0012714867480099201,-0.0009818654507398605
613,6,18,1.0,0.99486243724823,0,0,0.25,0.0,0.0,0.2732098698616028,-0.00021172224660404027,-0.004044160712510347
614,6,19,1.0,0.9913597106933594,0,0,0.25,0.0,0.0,0.2713248133659363,0.00012409751070663333,-0.004814942833036184
615,6,20,1.0,0.9949605464935303,0,0,0.25,0.0,0.0,0.21399974822998047,-0.0008104880107566714,-0.004161156248301268
616,6,21,1.0,0.9945746660232544,0,0,0.0,0.0,0.0,0.04890758544206619,-0.0006721945246681571,-0.009271644055843353
617,6,22,1.0,0.9966212511062622,0,0,0.0,0.0,0.0,0.01955300197005272,-0.005662461742758751,-0.0041587091982364655
618,6,23,1.0,0.9937081933021545,0,0,0.0,0.0,0.0,0.007272316608577967,-0.005790443159639835,-0.008289086632430553
619,6,24,1.0,0.9903600215911865,0,0,0.0,0.0,0.0,0.00013591023162007332,-0.003933812491595745,-0.008973279036581516
620,6,25,1.0,0.990005612373352,0,0,0.0,0.0,0.0,0.000506822019815445,-0.002875294303521514,-0.010450013913214207
621,6,26,1.0,0.9955586791038513,0,0,0.0,0.0,0.0,0.0036457511596381664,-0.009010103531181812,-0.009252474643290043
622,6,27,1.0,0.9956583976745605,0,0,0.0,0.0,0.0,0.003510503564029932,-0.009476624429225922,-0.009800868108868599
623,6,28,1.0,0.9982110857963562,0,0,0.0,-0.25,0.0,0.0038002063520252705,-0.09945445507764816,-0.006197668612003326
624,6,29,1.0,0.997298002243042,0,0,0.0,-0.25,0.0,-4.337262362241745e-05,-0.2738725543022156,-0.008116636425256729
625,6,30,1.0,0.9953502416610718,0,0,0.0,-0.25,0.0,-0.0007016999879851937,-0.27228862047195435,-0.007228845730423927
626,6,31,1.0,0.9957718849182129,0,0,0.0,-0.25,0.0,-0.0002156557748094201,-0.2732135057449341,-0.010421175509691238
627,6,32,1.0,0.9924908876419067,0,0,0.0,-0.25,0.0,-0.00027000904083251953,-0.27567774057388306,-0.011626074090600014
628,6,33,1.0,0.991119921207428,0,0,0.0,-0.25,0.0,-0.00028668693266808987,-0.27702876925468445,-0.011503607034683228
629,6,34,1.0,0.9947658777236938,0,0,0.0,-0.25,0.0,0.0002887807786464691,-0.2766876518726349,-0.005844661965966225
630,6,35,1.0,0.9965698719024658,0,0,0.0,-0.25,0.0,0.00031786365434527397,-0.2765265703201294,-0.00632281880825758
631,6,36,1.0,0.99455326795578,0,0,0.0,-0.25,0.0,-6.50573056191206e-05,-0.2736909091472626,-0.0020263735204935074
632,6,37,1.0,0.9912300109863281,0,0,0.0,-0.25,0.0,0.00037352461367845535,-0.2711528539657593,-0.0028013563714921474
633,6,38,1.0,0.993352472782135,0,0,0.0,-0.25,0.0,0.0006464030593633652,-0.16490457952022552,0.007714996114373207
634,6,39,1.0,0.9934866428375244,0,0,0.0,-0.25,0.0,0.0005927062593400478,-0.09397198259830475,0.019672391936182976
635,6,40,1.0,1.0010584592819214,0,0,0.0,0.0,0.0,0.0006940714083611965,-0.007686334662139416,-0.017929811030626297
636,6,41,1.0,1.0050687789916992,0,0,0.0,0.0,0.0,0.0006118372548371553,-0.003966915886849165,-0.02736423909664154
637,6,42,1.0,1.004745602607727,0,0,0.0,0.0,0.0,9.695347398519516e-05,-0.000977987190708518,-0.015704672783613205
638,6,43,1.0,1.0050041675567627,0,0,0.0,0.0,0.0,-1.8369872123003006e-05,-0.0007131805759854615,-0.013212967664003372
639,6,44,1.0,1.0067895650863647,0,0,0.0,0.0,0.0,0.00043410598300397396,-0.00017880249652080238,-0.10860433429479599
640,6,45,1.0,1.0068527460098267,0,0,0.0,0.0,0.0,0.00042555597610771656,-0.00014844458200968802,-0.10923226922750473
641,6,46,1.0,1.0082260370254517,0,0,0.0,0.0,0.0,0.0007022635545581579,-0.0007401659386232495,-0.23441173136234283
642,6,47,1.0,1.008219599723816,0,0,0.0,0.0,0.0,0.0007018451578915119,-0.0007303072488866746,-0.23455913364887238
643,6,48,1.0,1.0082427263259888,0,0,0.0,0.0,-0.5,0.0007172436453402042,-0.0005809683352708817,-0.22242572903633118
644,6,49,1.0,0.997626543045044,0,0,0.0,0.0,-0.5,-0.0006840978749096394,-0.0008403272950090468,-0.5449130535125732
645,6,50,1.0,0.9961081743240356,0,0,0.0,0.0,-0.5,-0.0005317864706739783,-0.0016783346654847264,-0.534122109413147
646,6,51,1.0,0.9970412850379944,0,0,0.0,0.0,-0.5,-0.0005867484724149108,-0.0011814883910119534,-0.5316433906555176
647,6,52,1.0,0.9989863634109497,0,0,0.0,0.0,-0.5,0.00011500343680381775,-0.0006640137871727347,-0.5231969356536865
648,6,53,1.0,0.9997572302818298,0,0,0.0,0.0,-0.5,-0.00010731467045843601,-0.001339984592050314,-0.5307656526565552
649,6,54,1.0,1.001859188079834,0,0,0.0,0.0,-0.5,-0.0006757769733667374,-0.0014378228224813938,-0.5319384336471558
650,6,55,1.0,1.0087577104568481,0,0,0.0,0.0,-0.5,-0.0006303710397332907,-0.0007785055786371231,-0.5414057970046997
651,6,56,1.0,1.0149846076965332,0,0,0.0,0.0,-0.5,0.00014547421596944332,-0.0008532427018508315,-0.54694664478302
652,6,57,1.0,1.0168696641921997,0,0,0.0,0.0,-0.5,0.0006082255858927965,-0.0011936931405216455,-0.5504374504089355
653,6,58,1.0,1.0100305080413818,0,0,0.0,0.0,-0.5,0.0003876534756273031,-0.00020308906096033752,-0.44641920924186707
654,6,59,1.0,1.0103510618209839,0,0,0.0,0.0,-0.5,5.3989002481102943e-05,0.00010382075561210513,-0.401902437210083
655,6,60,1.0,1.0145161151885986,0,0,0.0,0.0,0.0,0.0014044169802218676,-0.0014414216857403517,0.025310412049293518
656,6,61,1.0,1.015162467956543,0,0,0.0,0.0,0.0,0.0014351580757647753,-0.001445980160497129,0.02691461890935898
657,6,62,1.0,1.9599614143371582,0,1,0.0,0.0,0.0,0.0009860729333013296,-0.000531122786924243,0.003715828061103821
658,6,63,1.0,1.960211992263794,0,1,0.0,0.0,0.0,0.0009803692810237408,-0.0005274691502563655,0.003715106286108494
659,6,64,2.0,1.7263684272766113,1,1,0.0,0.0,0.0,0.001790829235687852,-0.0007197418017312884,0.013079686090350151
660,6,65,2.0,2.0398147106170654,1,1,0.0,0.0,0.0,0.0007556423079222441,1.6700709238648415e-05,0.00024048518389463425
661,6,66,2.0,2.039405107498169,1,1,0.0,0.0,0.0,0.00042266235686838627,0.00024917960399761796,0.001526995562016964
662,6,67,2.0,2.0399692058563232,1,1,0.0,0.0,0.0,0.0002937992103397846,0.00012657750630751252,0.005817895755171776
663,6,68,2.0,2.0405688285827637,1,1,0.0,0.0,0.0,0.0003583338111639023,0.00019064202206209302,0.005566677078604698
664,6,69,2.0,2.0407934188842773,1,1,0.0,0.0,0.0,0.00028659868985414505,-0.00015085580525919795,0.005103083327412605
665,6,70,2.0,2.0399205684661865,1,1,0.0,0.0,0.0,0.00026021944358944893,0.0007257914403453469,0.007078217342495918
666,6,71,2.0,2.0403196811676025,1,1,0.0,0.0,0.0,0.000227299053221941,0.00042289565317332745,0.0071621183305978775
667,6,72,2.0,2.0141191482543945,1,1,0.0,0.0,0.0,8.864421397447586e-05,0.0001379484892822802,0.00030994880944490433
668,6,73,1.0,1.824910283088684,0,1,0.0,0.0,0.0,0.0009441233705729246,-0.000858787854667753,-0.010946407914161682
669,6,74,1.0,0.9838249683380127,0,0,0.0,0.0,0.0,0.0003223894163966179,9.097048314288259e-05,0.45653483271598816
670,6,75,1.0,0.9867845773696899,0,0,0.0,0.0,0.0,0.0004508642014116049,-3.40478727594018e-05,0.4839129149913788
671,6,76,1.0,0.9909122586250305,0,0,0.0,0.0,0.0,0.0007459595799446106,0.00048792758025228977,0.5044138431549072
672,6,77,1.0,0.9919319748878479,0,0,0.0,0.0,0.0,0.0005308834370225668,0.0003246275591664016,0.5099087953567505
673,6,78,1.0,0.9901228547096252,0,0,0.0,0.0,0.0,0.0003049194347113371,3.66865424439311e-05,0.5038291215896606
674,6,79,1.0,0.9902331829071045,0,0,0.0,0.0,0.5,0.00030839908868074417,3.72453941963613e-05,0.5042822360992432
675,6,80,1.0,1.0016409158706665,0,0,0.0,0.0,0.5,0.00023950892500579357,-6.620044587180018e-05,0.5222653150558472
676,6,81,1.0,1.001473069190979,0,0,0.0,0.0,0.5,0.0006921542808413506,0.0002332471194677055,0.5180641412734985
677,6,82,1.0,0.9987486004829407,0,0,0.0,0.0,0.5,0.00027913041412830353,0.00016508280532434583,0.5191417932510376
678,6,83,1.0,0.9990196228027344,0,0,0.0,0.0,0.5,2.6372727006673813e-05,-0.0003662871604319662,0.5166491270065308
679,6,84,1.0,0.9977686405181885,0,0,0.0,0.0,0.5,-0.00014958612155169249,0.0001563105615787208,0.5205740928649902
680,6,85,1.0,0.9983486533164978,0,0,0.0,0.0,0.5,-6.2282197177410126e-06,-0.00020279781892895699,0.5182437896728516
681,6,86,1.0,0.9973395466804504,0,0,0.0,0.0,0.5,8.013728074729443e-05,0.0002620662562549114,0.5198832750320435
682,6,87,1.0,0.9975742697715759,0,0,0.0,0.0,0.5,0.0006733892951160669,-0.00039656952139921486,0.5179675817489624
683,6,88,1.0,0.9987502694129944,0,0,0.0,0.0,0.5,0.0003988903481513262,0.00011982832802459598,0.5179182291030884
684,7,0,1.0,0.9925092458724976,0,0,0.0,0.0,0.0,-0.003312760731205344,0.00024935376131907105,0.002673409879207611
685,7,1,1.0,0.9922855496406555,0,0,0.0,0.0,0.0,-0.003998923115432262,0.0010918991174548864,-0.0016589728184044361
686,7,2,1.0,0.9920883178710938,0,0,0.0,0.0,0.0,-0.005993986036628485,0.00032459961948916316,0.002761279232800007
687,7,3,1.0,0.9919997453689575,0,0,0.0,0.0,0.0,-0.006108960136771202,6.834161467850208e-05,0.0033041508868336678
688,7,4,1.0,0.9924458861351013,0,0,0.0,0.0,0.0,-0.008756516501307487,-0.00016611552564427257,-0.003519018180668354
689,7,5,1.0,0.9924350380897522,0,0,0.0,0.0,0.0,-0.008734172210097313,-0.000186354445759207,-0.003344462253153324
690,7,6,1.0,0.9943112134933472,0,0,0.0,0.0,0.0,-0.00011763314250856638,-0.0007805489003658295,-0.000378158874809742
691,7,7,1.0,0.9943090081214905,0,0,0.0,0.0,0.0,-9.516847785562277e-05,-0.0007896911120042205,-0.00033589545637369156
692,7,8,1.0,0.9918155074119568,0,0,0.0,0.0,0.0,0.059030503034591675,-0.0031393528915941715,-0.0030845561996102333
693,7,9,1.0,0.9918127655982971,0,0,0.0,0.0,0.0,0.05905410647392273,-0.0031404250767081976,-0.003076337743550539
694,7,10,1.0,0.9922056198120117,0,0,0.25,0.0,0.0,0.22855858504772186,-0.0015077329007908702,-0.006271203048527241
695,7,11,1.0,0.9866265654563904,0,0,0.25,0.0,0.0,0.2702926993370056,-0.0010313710663467646,-0.006570533849298954
696,7,12,1.0,0.9841580986976624,0,0,0.25,0.0,0.0,0.27132633328437805,-0.0008516345988027751,-0.004491061437875032
697,7,13,1.0,0.9851298332214355,0,0,0.25,0.0,0.0,0.27413973212242126,-0.001450942363590002,-0.005400449503213167
698,7,14,1.0,0.9836968183517456,0,0,0.25,0.0,0.0,0.27202150225639343,-0.0020755878649652004,-0.0026456466875970364
699,7,15,1.0,0.9843872785568237,0,0,0.25,0.0,0.0,0.27106064558029175,-0.002280721440911293,-0.005369965918362141
700,7,16,1.0,0.9871854186058044,0,0,0.25,0.0,0.0,0.26934778690338135,-0.0024381722323596478,-0.003183511085808277
701,7,17,1.0,0.996002197265625,0,0,0.25,0.0,0.0,0.2659812867641449,-0.002556780818849802,-0.00409028772264719
702,7,18,1.0,1.0098305940628052,0,0,0.25,0.0,0.0,0.2665434777736664,-0.0028117215260863304,-0.007541391532868147
703,7,19,1.0,1.0292384624481201,0,0,0.25,0.0,0.0,0.26459717750549316,-0.002704509301111102,-0.010302653536200523
704,7,20,1.0,1.006806492805481,0,0,0.25,0.0,0.0,0.26900020241737366,-0.0028763406444340944,-0.013762028887867928
705,7,21,1.0,0.9900535941123962,0,0,0.25,0.0,0.0,0.2678113579750061,-0.0009304015547968447,-0.019808312878012657
706,7,22,1.0,0.9911889433860779,0,0,0.25,0.0,0.0,0.14100132882595062,0.0028583332896232605,-0.004280304070562124
707,7,23,1.0,1.0007752180099487,0,0,0.0,0.0,0.0,0.03762303665280342,0.00427339319139719,0.003356151282787323
708,7,24,1.0,1.0010504722595215,0,0,0.0,0.0,0.0,0.0027034501545131207,0.0018447823822498322,0.0086054727435112
709,7,25,1.0,0.9966012239456177,0,0,0.0,0.0,0.0,-0.0020734439603984356,-0.0038399160839617252,0.006344799883663654
710,7,26,1.0,0.9898289442062378,0,0,0.0,0.0,0.0,0.004203100223094225,0.15993313491344452,-0.0017930292524397373
711,7,27,1.0,0.9899385571479797,0,0,0.0,0.0,0.0,0.004336164798587561,0.1850789189338684,-0.0021586427465081215
712,7,28,1.0,0.9902792572975159,0,0,0.0,0.25,0.0,0.0011996093671768904,0.2671022117137909,-0.0020313910208642483
713,7,29,1.0,0.9863574504852295,0,0,0.0,0.25,0.0,0.0010326947085559368,0.26918599009513855,-0.006296489853411913
714,7,30,1.0,0.9887363314628601,0,0,0.0,0.25,0.0,0.0006531297694891691,0.2700960338115692,-0.004673720803111792
715,7,31,1.0,0.9910873770713806,0,0,0.0,0.25,0.0,0.0003565333317965269,0.2663328945636749,-0.005981226451694965
716,7,32,1.0,0.9908104538917542,0,0,0.0,0.25,0.0,0.0002516175154596567,0.2675277590751648,-0.005377063527703285
717,7,33,1.0,0.9910168647766113,0,0,0.0,0.25,0.0,0.0005582761950790882,0.26855728030204773,-0.004895618185400963
718,7,34,1.0,0.9925755262374878,0,0,0.0,0.25,0.0,0.0016317218542099,0.2713518738746643,-0.002559883054345846
719,7,35,1.0,0.9928624033927917,0,0,0.0,0.25,0.0,0.0017948350869119167,0.2752062976360321,-0.005909200292080641
720,7,36,1.0,0.9919925332069397,0,0,0.0,0.25,0.0,0.0009489716030657291,0.27532973885536194,-0.005348252132534981
721,7,37,1.0,0.9895285964012146,0,0,0.0,0.25,0.0,0.001070281257852912,0.2762186825275421,-0.004361522383987904
722,7,38,1.0,0.993913471698761,0,0,0.0,0.25,0.0,0.001663068076595664,0.20700512826442719,-0.0011088582687079906
723,7,39,1.0,1.0008270740509033,0,0,0.0,0.0,0.0,0.00070137158036232,0.09071394056081772,-0.011095872148871422
724,7,40,1.0,1.0007455348968506,0,0,0.0,0.0,0.0,7.232022471725941e-05,0.013116313144564629,0.025006871670484543
725,7,41,1.0,1.0016765594482422,0,0,0.0,0.0,0.0,0.00014671334065496922,0.004530495963990688,0.017935652285814285
726,7,42,1.0,1.0060420036315918,0,0,0.0,0.0,0.0,0.00043523614294826984,-0.0025827353820204735,-7.2418712079525e-05
727,7,43,1.0,1.0060999393463135,0,0,0.0,0.0,0.0,0.0004159493837505579,-0.002705117454752326,0.00021288543939590454
728,7,44,1.0,1.0043336153030396,0,0,0.0,0.0,0.0,0.0003490275703370571,-0.0001282820012420416,-0.012850779108703136
729,7,45,1.0,1.0043195486068726,0,0,0.0,0.0,0.0,0.0003500985912978649,-0.0001507812412455678,-0.012853872030973434
730,7,46,1.0,1.0049464702606201,0,0,0.0,0.0,0.0,0.0004906177055090666,0.00018485786858946085,-0.04626031965017319
731,7,47,1.0,1.0049412250518799,0,0,0.0,0.0,0.0,0.0004896370228379965,0.00018106290372088552,-0.04623114690184593
732,7,48,1.0,1.0052027702331543,0,0,0.0,0.25,0.0,0.0001083610113710165,-0.0015327429864555597,0.020970258861780167
733,7,49,1.0,1.0060768127441406,0,0,0.0,0.0,0.0,0.0006892357487231493,-0.0013421043986454606,0.005101860500872135
734,7,50,1.0,1.0060102939605713,0,0,0.0,0.0,0.0,-5.812512245029211e-05,-0.0006433452945202589,-0.0013014883734285831
735,7,51,1.0,1.006891131401062,0,0,0.0,0.0,0.0,0.00011671544052660465,-0.0013247518800199032,0.000816107727587223
736,7,52,1.0,1.006381869316101,0,0,0.0,0.0,0.0,0.0003076803404837847,-0.0005874468479305506,-0.11083105206489563
737,7,53,1.0,1.0063073635101318,0,0,0.0,0.0,0.0,0.00030612549744546413,-0.0006730047753080726,-0.11217333376407623
738,7,54,1.0,1.0081242322921753,0,0,0.0,0.0,0.0,0.00036655901931226254,-0.0007641631527803838,-0.20206551253795624
739,7,55,1.0,1.0081108808517456,0,0,0.0,0.0,0.0,0.00036852038465440273,-0.0007780572632327676,-0.20225735008716583
740,7,56,1.0,1.0080420970916748,0,0,0.0,0.0,-0.5,0.0003757628146559,-0.000983787002041936,-0.22156965732574463
741,7,57,1.0,0.9969207048416138,0,0,0.0,0.0,-0.5,-0.000823268317617476,-8.959457045421004e-05,-0.5357226133346558
742,7,58,1.0,0.994357705116272,0,0,0.0,0.0,-0.5,-0.00029427686240524054,-0.0010706615867093205,-0.5251754522323608
743,7,59,1.0,0.9972104430198669,0,0,0.0,0.0,-0.5,5.558552220463753e-05,-0.0008781321812421083,-0.5193372964859009
744,7,60,1.0,0.9987322688102722,0,0,0.0,0.0,-0.5,-3.5448232665658e-05,-0.000773433072026819,-0.51118004322052
745,7,61,1.0,0.9998430609703064,0,0,0.0,0.0,-0.5,-0.00019688368774950504,-0.0011845903936773539,-0.527296781539917
746,7,62,1.0,1.0016429424285889,0,0,0.0,0.0,-0.5,-0.0008866800926625729,-0.000906491419300437,-0.536506175994873
747,7,63,1.0,1.0132089853286743,0,0,0.0,0.0,-0.5,-0.0001394494902342558,-0.00023095711367204785,-0.5441272258758545
748,7,64,1.0,1.0180647373199463,0,0,0.0,0.0,-0.5,0.0015075001865625381,-0.0009903553873300552,-0.5533769130706787
749,7,65,1.0,1.015570044517517,0,0,0.0,0.0,-0.5,0.0018125511705875397,-0.0007390468381345272,-0.55255126953125
750,7,66,1.0,1.002366065979004,0,0,0.0,0.0,-0.5,0.001588371116667986,0.00017271062824875116,-0.06665344536304474
751,7,67,1.0,1.0037354230880737,0,0,0.0,0.0,0.0,0.0015257850755006075,4.979607183486223e-05,-0.044460639357566833
752,7,68,1.0,1.6396331787109375,0,1,0.0,0.0,0.0,0.0018060649745166302,0.000396022223867476,0.014868929982185364
753,7,69,1.0,1.6447741985321045,0,1,0.0,0.0,0.0,0.0017758675385266542,0.0003712838515639305,0.014865020290017128
754,7,70,1.0,1.6930748224258423,0,1,0.0,0.0,0.0,0.0016250470653176308,0.00018495309632271528,0.012884529307484627
755,7,71,2.0,1.6945384740829468,1,1,0.0,0.0,0.0,0.0016133508179336786,0.00017773162107914686,0.012879138812422752
756,7,72,2.0,2.0389158725738525,1,1,0.0,0.0,0.0,0.0007338095456361771,-0.00041556896758265793,0.00048232730478048325
757,7,73,2.0,2.0388686656951904,1,1,0.0,0.0,0.0,0.0008112259674817324,-0.00018110664677806199,0.0006861360743641853
758,7,74,2.0,2.0385794639587402,1,1,0.0,0.0,0.0,0.0001825361978262663,-0.0007809476228430867,0.004759526811540127
759,7,75,2.0,2.0386667251586914,1,1,0.0,0.0,0.0,0.00011038873344659805,-0.0005241475882939994,0.00464787520468235
760,7,76,2.0,2.03977632522583,1,1,0.0,0.0,0.0,4.8883724957704544e-05,-0.0003841865109279752,0.005860009230673313
761,7,77,2.0,2.0396740436553955,1,1,0.0,0.0,0.0,6.519746966660023e-05,-0.0001791548856999725,0.006584987975656986
762,7,78,2.0,2.040904998779297,1,1,0.0,0.0,0.0,0.00013510952703654766,-0.00032925704726949334,0.00709034688770771
763,7,79,2.0,2.0409131050109863,1,1,0.0,0.0,0.0,0.000294532161206007,-0.00017058677622117102,0.006405112333595753
764,7,80,1.0,2.0017199516296387,0,1,0.0,0.0,0.0,5.283369682729244e-05,0.0001862359349615872,-0.002468596678227186
765,7,81,1.0,1.7759336233139038,0,1,0.0,0.0,0.0,0.0012953002005815506,-0.0006296747014857829,0.00021071545779705048
766,7,82,1.0,0.982729434967041,0,0,0.0,0.0,0.0,0.0005591218359768391,-0.00035663461312651634,0.4426496624946594
767,7,83,1.0,0.9831762313842773,0,0,0.0,0.0,0.0,0.00018257577903568745,-0.0003373240469954908,0.4655541181564331
768,7,84,1.0,0.9861893653869629,0,0,0.0,0.0,0.0,-0.0002540608402341604,-0.00011375453323125839,0.4882030785083771
769,7,85,1.0,0.9854034781455994,0,0,0.0,0.0,0.5,-9.441620204597712e-05,-0.0003180019266437739,0.4690392017364502
770,7,86,1.0,1.0002585649490356,0,0,0.0,0.0,0.5,0.00039689033292233944,8.311501005664468e-05,0.5182502269744873
771,7,87,1.0,1.000278353691101,0,0,0.0,0.0,0.5,0.0001251965295523405,-4.471861757338047e-05,0.5174633264541626
772,7,88,1.0,0.9992485046386719,0,0,0.0,0.0,0.5,-1.916848123073578e-05,0.00017311499686911702,0.5163733959197998
773,7,89,1.0,0.9984282851219177,0,0,0.0,0.0,0.5,-0.00021000218112021685,-0.00033899894333444536,0.5151804685592651
774,7,90,1.0,0.999173641204834,0,0,0.0,0.0,0.5,-0.00021970935631543398,-0.0001888264378067106,0.517777681350708
775,7,91,1.0,0.9979831576347351,0,0,0.0,0.0,0.5,-0.0003260857192799449,-3.0607974622398615e-05,0.5160266160964966
776,7,92,1.0,0.9976547956466675,0,0,0.0,0.0,0.5,-4.107458516955376e-05,-0.00029477319912984967,0.519149899482727
777,7,93,1.0,0.9977531433105469,0,0,0.0,0.0,0.5,2.8125708922743797e-05,7.10715539753437e-06,0.5172033309936523
778,7,94,1.0,0.9961704015731812,0,0,0.0,0.0,0.5,0.0001509096473455429,0.00014911149628460407,0.5210402011871338
779,8,0,1.0,0.991590678691864,0,0,0.0,0.0,0.0,0.0017705275677144527,0.002465584082528949,0.0037663429975509644
780,8,1,1.0,0.9924318790435791,0,0,0.0,0.0,0.0,0.001541058300063014,0.0025989541318267584,0.001963782124221325
781,8,2,1.0,0.9932329654693604,0,0,0.0,0.0,0.0,0.0013925577513873577,0.003551211440935731,0.002932453528046608
782,8,3,1.0,0.9932668209075928,0,0,0.0,0.0,0.0,0.001427114475518465,0.003487867536023259,0.003688736818730831
783,8,4,1.0,0.9949416518211365,0,0,0.0,0.0,0.0,0.0024592247791588306,0.0026740452740341425,-0.010853908956050873
784,8,5,1.0,0.994970440864563,0,0,0.0,0.0,0.0,0.0024736719205975533,0.00267419614829123,-0.01063824724406004
785,8,6,1.0,0.9957998991012573,0,0,0.0,0.0,0.0,-0.01664091646671295,-0.0009801083942875266,-0.011820768937468529
786,8,7,1.0,0.9958063364028931,0,0,0.0,0.0,0.0,-0.01661134697496891,-0.0009842051658779383,-0.011771497316658497
787,8,8,1.0,0.9951708316802979,0,0,0.0,0.0,0.0,-0.03984350711107254,-0.0024333111941814423,-0.01027191337198019
788,8,9,1.0,0.995172381401062,0,0,0.0,0.0,0.0,-0.03983304277062416,-0.002435026690363884,-0.01025847252458334
789,8,10,1.0,0.9947903156280518,0,0,-0.25,0.0,0.0,-0.22081726789474487,-0.0013379566371440887,-0.0151471346616745
790,8,11,1.0,0.9834519624710083,0,0,-0.25,0.0,0.0,-0.2609861493110657,-0.0002857515646610409,-0.008949418552219868
791,8,12,1.0,0.9776387214660645,0,0,-0.25,0.0,0.0,-0.2728758156299591,-0.00010660523548722267,-0.007468733005225658
792,8,13,1.0,0.974696934223175,0,0,-0.25,0.0,0.0,-0.27443766593933105,-0.00048469589091837406,-0.006514642387628555
793,8,14,1.0,0.974875807762146,0,0,-0.25,0.0,0.0,-0.27451595664024353,-0.0004580143722705543,-0.005381366237998009
794,8,15,1.0,0.9758893847465515,0,0,-0.25,0.0,0.0,-0.27252641320228577,-2.776936162263155e-05,-0.004916826728731394
795,8,16,1.0,0.9756602644920349,0,0,-0.25,0.0,0.0,-0.2720681130886078,0.00012578460155054927,-0.0034118695184588432
796,8,17,1.0,0.9793049097061157,0,0,-0.25,0.0,0.0,-0.2686828076839447,0.001543399877846241,-0.0033619734458625317
797,8,18,1.0,0.9781815409660339,0,0,-0.25,0.0,0.0,-0.27351251244544983,0.0015125435311347246,-0.005204234272241592
798,8,19,1.0,0.9817690253257751,0,0,-0.25,0.0,0.0,-0.27444547414779663,0.0004380318569019437,-0.008286058902740479
799,8,20,1.0,0.9828245639801025,0,0,-0.25,0.0,0.0,-0.279012531042099,0.0016608412843197584,-0.013101611286401749
800,8,21,1.0,0.982750654220581,0,0,-0.25,0.0,0.0,-0.2847045361995697,0.00048717332538217306,-0.013932431116700172
801,8,22,1.0,0.9858944416046143,0,0,-0.25,0.0,0.0,-0.2799726724624634,-0.00029835925670340657,-0.014554819092154503
802,8,23,1.0,0.9912875890731812,0,0,-0.25,0.0,0.0,-0.21807171404361725,-0.0005447969306260347,-0.015461282804608345
803,8,24,1.0,0.9950779676437378,0,0,0.0,0.0,0.0,-0.008281469345092773,0.0006757988594472408,-0.016146523877978325
804,8,25,1.0,0.9940339922904968,0,0,0.0,0.0,0.0,0.0011940589174628258,0.0007827850058674812,-0.01740405708551407
805,8,26,1.0,0.9966914653778076,0,0,0.0,0.0,0.0,0.005314985755831003,-0.0001681567810010165,-0.009298963472247124
806,8,27,1.0,0.9969638586044312,0,0,0.0,0.0,0.0,0.006091082934290171,-0.00021646509412676096,-0.011226305738091469
807,8,28,1.0,0.9979583024978638,0,0,0.0,0.0,0.0,0.0012906058691442013,-0.08775582164525986,-0.003233522642403841
808,8,29,1.0,0.9980076551437378,0,0,0.0,0.0,0.0,0.001354442210868001,-0.08844199031591415,-0.003302073571830988
809,8,30,1.0,0.9960551261901855,0,0,0.0,0.0,0.0,0.000490162055939436,-0.20651847124099731,-0.006668305490165949
810,8,31,1.0,0.9960566759109497,0,0,0.0,0.0,0.0,0.0004937248304486275,-0.2065720409154892,-0.006667858920991421
811,8,32,1.0,0.9963201284408569,0,0,0.0,-0.25,0.0,0.00018066377379000187,-0.23031456768512726,-0.010441086255013943
812,8,33,1.0,0.9855934381484985,0,0,0.0,-0.25,0.0,0.0007072263397276402,-0.2679159641265869,-0.005697206594049931
813,8,34,1.0,0.9870651960372925,0,0,0.0,-0.25,0.0,0.0013331219088286161,-0.27456071972846985,-0.006404446437954903
814,8,35,1.0,0.9880580306053162,0,0,0.0,-0.25,0.0,0.000670265406370163,-0.2750456929206848,-0.0049818879924714565
815,8,36,1.0,0.9902821779251099,0,0,0.0,-0.25,0.0,-7.757917046546936e-06,-0.2757762372493744,-0.003825816325843334
816,8,37,1.0,0.9931284785270691,0,0,0.0,-0.25,0.0,-0.0004893540171906352,-0.27538636326789856,-0.004115775227546692
817,8,38,1.0,0.9956158995628357,0,0,0.0,-0.25,0.0,-0.0007935522589832544,-0.27355772256851196,-0.006828076206147671
818,8,39,1.0,0.9957709312438965,0,0,0.0,-0.25,0.0,0.0013618378434330225,-0.2737569808959961,-0.007936105132102966
819,8,40,1.0,0.9929486513137817,0,0,0.0,-0.25,0.0,0.0020434637553989887,-0.2777140736579895,-0.009225854650139809
820,8,41,1.0,0.9944264888763428,0,0,0.0,-0.25,0.0,0.0008371684234589338,-0.2775331437587738,-0.00762046268209815
821,8,42,1.0,0.99827641248703,0,0,0.0,-0.25,0.0,-0.001243750099092722,-0.2489144504070282,-0.009119316935539246
822,8,43,1.0,0.9967842102050781,0,0,0.0,0.0,0.0,-0.002465109573677182,-0.13212913274765015,-0.015117628499865532
823,8,44,1.0,1.0008138418197632,0,0,0.0,0.0,0.0,-0.00047510990407317877,-0.013792047277092934,-0.009907197207212448
824,8,45,1.0,1.0015496015548706,0,0,0.0,0.0,0.0,-0.0006958026206120849,0.006227213889360428,-0.0048538693226873875
825,8,46,1.0,1.0024057626724243,0,0,0.0,0.0,0.0,-0.0006766972364857793,0.005059799179434776,-0.008015395142138004
826,8,47,1.0,1.0024956464767456,0,0,0.0,0.0,0.0,-0.0007169080199673772,0.007227691821753979,-0.007092292420566082
827,8,48,1.0,0.9991236329078674,0,0,0.0,0.0,0.0,-4.4909422285854816e-05,-0.0021571400575339794,-0.0019038459286093712
828,8,49,1.0,0.9991554617881775,0,0,0.0,0.0,0.0,-5.934783257544041e-05,-0.0019539364147931337,-0.0019804690964519978
829,8,50,1.0,0.9982225894927979,0,0,0.0,0.0,0.0,-1.3425014913082123e-05,-0.0012085118796676397,-0.006028076633810997
830,8,51,1.0,0.9982231855392456,0,0,0.0,0.0,0.0,-1.4176592230796814e-05,-0.0011977576650679111,-0.006068218499422073
831,8,52,1.0,0.9980248212814331,0,0,0.0,0.0,0.0,-4.382955376058817e-05,-0.001241400372236967,-0.002127476967871189
832,8,53,1.0,0.9980250000953674,0,0,0.0,-0.25,0.0,-4.41655283793807e-05,-0.0012383803259581327,-0.0021345801651477814
833,8,54,1.0,0.9982323050498962,0,0,0.0,0.0,0.0,0.0003668575081974268,-0.0054759373888373375,0.011221373453736305
834,8,55,1.0,0.9996461868286133,0,0,0.0,0.0,0.0,0.00037667807191610336,-0.0024189064279198647,-0.011931230314075947
835,8,56,1.0,1.0034966468811035,0,0,0.0,0.0,0.0,0.0008800062350928783,-0.0019658193923532963,-0.024307414889335632
836,8,57,1.0,1.0035861730575562,0,0,0.0,0.0,0.0,0.0009532473050057888,-0.0017531008925288916,-0.02708686701953411
837,8,58,1.0,1.0039719343185425,0,0,0.0,0.0,0.0,0.0007179554086178541,0.0005109329940751195,-0.10160443186759949
838,8,59,1.0,1.0039855241775513,0,0,0.0,0.0,0.0,0.0007084335666149855,0.0005421916721388698,-0.1021418422460556
839,8,60,1.0,1.0057626962661743,0,0,0.0,0.0,-0.5,0.0005715144798159599,0.000360877369530499,-0.19079530239105225
840,8,61,1.0,1.0004184246063232,0,0,0.0,0.0,-0.5,-0.001509052817709744,-2.38922075368464e-05,-0.5469069480895996
841,8,62,1.0,0.9990609884262085,0,0,0.0,0.0,-0.5,-0.000866855145432055,-0.0003327704907860607,-0.5434856414794922
842,8,63,1.0,0.9984257817268372,0,0,0.0,0.0,-0.5,-0.0010856750886887312,-0.0006404179148375988,-0.5306103229522705
843,8,64,1.0,0.9976939558982849,0,0,0.0,0.0,-0.5,-0.0014120868872851133,-0.0010415969882160425,-0.5244061946868896
844,8,65,1.0,0.9988802075386047,0,0,0.0,0.0,-0.5,-0.00069492741022259,-0.0009401799761690199,-0.5202867984771729
845,8,66,1.0,1.0003904104232788,0,0,0.0,0.0,-0.5,-0.000519832712598145,-0.0010440960759297013,-0.5245414972305298
846,8,67,1.0,1.0000029802322388,0,0,0.0,0.0,-0.5,-0.0007887633983045816,-0.0009765729773789644,-0.5331457853317261
847,8,68,1.0,1.00399911403656,0,0,0.0,0.0,-0.5,-0.0007375598652288318,-9.532226249575615e-05,-0.5469752550125122
848,8,69,1.0,1.0074119567871094,0,0,0.0,0.0,-0.5,-0.000926803913898766,0.0004367587389424443,-0.5528485774993896
849,8,70,1.0,1.0055029392242432,0,0,0.0,0.0,-0.5,0.0004487140104174614,0.0006977486191317439,-0.5182830095291138
850,8,71,1.0,1.008142352104187,0,0,0.0,0.0,-0.5,0.000865614041686058,0.0009624704252928495,-0.4157463312149048
851,8,72,1.0,1.0057607889175415,0,0,0.0,0.0,0.0,0.00012011965736746788,-0.00025200581876561046,-0.06175847351551056
852,8,73,1.0,1.0060580968856812,0,0,0.0,0.0,0.0,5.764933302998543e-05,-0.0002897804952226579,-0.04417038708925247
853,8,74,1.0,1.11043381690979,0,0,0.0,0.0,0.0,0.0012349023018032312,-0.0016371244564652443,0.047332342714071274
854,8,75,1.0,1.1117509603500366,0,0,0.0,0.0,0.0,0.0012317844666540623,-0.0016005936777219176,0.04796137660741806
855,8,76,1.0,1.218169093132019,0,0,0.0,0.0,0.0,0.001139817526564002,-0.0009958697482943535,0.04746684804558754
856,8,77,2.0,1.219415545463562,1,0,0.0,0.0,0.0,0.0011245645582675934,-0.0009657822083681822,0.047530628740787506
857,8,78,2.0,2.0382823944091797,1,1,0.0,0.0,0.0,0.00042516901157796383,-0.00030124213662929833,0.0002500982955098152
858,8,79,2.0,2.0391833782196045,1,1,0.0,0.0,0.0,0.0008702450431883335,-0.0004263033624738455,0.0004320293664932251
859,8,80,2.0,2.0367980003356934,1,1,0.0,0.0,0.0,0.00022571859881281853,-0.0007916316972114146,0.000491652637720108
860,8,81,2.0,2.0395946502685547,1,1,0.0,0.0,0.0,0.0002892380580306053,0.00048635026905685663,0.0057992832735180855
861,8,82,2.0,2.039327621459961,1,1,0.0,0.0,0.0,0.0005068208556622267,-0.0004365169152151793,0.004055481404066086
862,8,83,2.0,2.0393874645233154,1,1,0.0,0.0,0.0,0.0005975752137601376,-0.00017277876031585038,0.005663360469043255
863,8,84,2.0,2.038668632507324,1,1,0.0,0.0,0.0,0.0006522496696561575,-0.00019052287098020315,0.0035613346844911575
864,8,85,2.0,2.0398476123809814,1,1,0.0,0.0,0.0,0.0006021971348673105,0.00011730828555300832,0.004211807623505592
865,8,86,2.0,2.0429751873016357,1,1,0.0,0.0,0.0,0.0004899813793599606,-0.001044193166308105,0.005054358392953873
866,8,87,1.0,2.041367530822754,0,1,0.0,0.0,0.0,0.0007678309921175241,-0.0008657980943098664,0.0037656649947166443
867,8,88,1.0,0.993552029132843,0,0,0.0,0.0,0.0,0.0008989681955426931,-0.0011205715127289295,0.4613272547721863
868,8,89,1.0,0.9919787645339966,0,0,0.0,0.0,0.0,0.0008655388373881578,-0.001098639564588666,0.42706412076950073
869,8,90,1.0,0.9913384914398193,0,0,0.0,0.0,0.0,-0.00011572381481528282,-0.0008492800989188254,0.4118906259536743
870,8,91,1.0,0.9962005019187927,0,0,0.0,0.0,0.0,1.0726507753133774e-05,-0.0005675312713719904,0.5179790258407593
871,8,92,1.0,0.9901690483093262,0,0,0.0,0.0,0.0,-4.72731189802289e-05,-8.885451825335622e-05,0.513047456741333
872,8,93,1.0,0.9904100894927979,0,0,0.0,0.0,0.5,-0.00036270427517592907,-0.000667416607029736,0.42784807085990906
873,8,94,1.0,0.9984325766563416,0,0,0.0,0.0,0.5,-0.00021418393589556217,-0.00040032860124483705,0.5176116228103638
874,8,95,1.0,0.9993904829025269,0,0,0.0,0.0,0.5,-0.0001323283649981022,-0.0008134429808706045,0.5210596323013306
875,8,96,1.0,0.99847811460495,0,0,0.0,0.0,0.5,0.0002746474929153919,0.0001923188683576882,0.5198795795440674
876,8,97,1.0,0.9993578195571899,0,0,0.0,0.0,0.5,0.00011972314678132534,0.00011944404104724526,0.515960693359375
877,8,98,1.0,0.998618483543396,0,0,0.0,0.0,0.5,0.0006451925728470087,-2.6467314455658197e-05,0.5180530548095703
878,8,99,1.0,0.9997912645339966,0,0,0.0,0.0,0.5,0.00046672066673636436,-0.0002761664509307593,0.5187448263168335
879,8,100,1.0,0.9988592267036438,0,0,0.0,0.0,0.5,0.0006226315163075924,7.625651778653264e-05,0.5178521871566772
880,8,101,1.0,0.9990382194519043,0,0,0.0,0.0,0.5,0.00029083178378641605,-0.00018727013957686722,0.5172927379608154
881,8,102,1.0,0.9989021420478821,0,0,0.0,0.0,0.5,0.00027167564257979393,-7.868045940995216e-05,0.5161241292953491
882,9,0,1.0,0.9942138195037842,0,0,0.0,0.0,0.0,0.00259140832349658,0.00015126127982512116,0.003184765577316284
883,9,1,1.0,0.9936330914497375,0,0,0.0,0.0,0.0,0.002775725908577442,0.0001166642177850008,5.98859041929245e-05
884,9,2,1.0,0.99556565284729,0,0,0.0,0.0,0.0,0.003741774708032608,0.0012937166029587388,0.0019115041941404343
885,9,3,1.0,0.9956847429275513,0,0,0.0,0.0,0.0,0.003783326130360365,0.0011952712666243315,0.002537541091442108
886,9,4,1.0,0.9971722364425659,0,0,0.0,0.0,0.0,0.0050997962243855,0.001687327865511179,-0.011278120800852776
887,9,5,1.0,0.9972113370895386,0,0,0.0,0.0,0.0,0.005117562133818865,0.0016603004187345505,-0.011129566468298435
888,9,6,1.0,1.0010405778884888,0,0,0.0,0.0,0.0,-0.029220102354884148,0.0013756523840129375,-0.011146205477416515
889,9,7,1.0,1.0010496377944946,0,0,0.0,0.0,0.0,-0.029174448922276497,0.0013700451236218214,-0.011107240803539753
890,9,8,1.0,0.9952825307846069,0,0,-0.25,0.0,0.0,-0.19208924472332,-0.002075543627142906,-0.011591038666665554
891,9,9,1.0,0.9835424423217773,0,0,-0.25,0.0,0.0,-0.26003751158714294,0.0005043094279244542,-0.00989347044378519
892,9,10,1.0,0.9778428077697754,0,0,-0.25,0.0,0.0,-0.27067258954048157,0.001054228749126196,-0.009501613676548004
893,9,11,1.0,0.9749436378479004,0,0,-0.25,0.0,0.0,-0.2731519639492035,0.0003863481106236577,-0.00572936050593853
894,9,12,1.0,0.974052906036377,0,0,-0.25,0.0,0.0,-0.274347722530365,-0.0004736011032946408,-0.0057347966358065605
895,9,13,1.0,0.9771387577056885,0,0,-0.25,0.0,0.0,-0.2717273533344269,-0.0012199744815006852,-0.005431054625660181
896,9,14,1.0,0.9802284240722656,0,0,-0.25,0.0,0.0,-0.27110132575035095,-0.0011852188035845757,-0.005176563747227192
897,9,15,1.0,0.986797034740448,0,0,-0.25,0.0,0.0,-0.2689012289047241,-0.0014263663906604052,-0.009104888886213303
898,9,16,1.0,0.986869752407074,0,0,-0.25,0.0,0.0,-0.2716989815235138,-0.0003878011484630406,-0.013507643714547157
899,9,17,1.0,1.0006420612335205,0,0,-0.25,0.0,0.0,-0.271614670753479,-0.0008236818830482662,-0.018668677657842636
900,9,18,1.0,1.008140206336975,0,0,-0.25,0.0,0.0,-0.27517542243003845,7.141294190660119e-05,-0.026087339967489243
901,9,19,1.0,1.008119821548462,0,0,-0.25,0.0,0.0,-0.28169122338294983,0.0010522141819819808,-0.028755977749824524
902,9,20,1.0,0.9881807565689087,0,0,-0.25,0.0,0.0,-0.28090596199035645,0.003241324331611395,-0.025498708710074425
903,9,21,1.0,0.9787468910217285,0,0,-0.25,0.0,0.0,-0.2306896299123764,0.004396853037178516,-0.017816714942455292
904,9,22,1.0,0.9876708388328552,0,0,-0.25,0.0,0.0,-0.043500110507011414,0.0009952598484233022,-0.013908385299146175
905,9,23,1.0,0.9965956211090088,0,0,0.0,0.0,0.0,-0.014510516077280045,-0.0016368631040677428,-0.004387191496789455
906,9,24,1.0,0.9984989166259766,0,0,0.0,0.0,0.0,-0.00012798130046576262,0.07275118678808212,0.0018801046535372734
907,9,25,1.0,0.9952470064163208,0,0,0.0,0.0,0.0,0.0005466153379529715,0.25252407789230347,-0.00439100619405508
908,9,26,1.0,0.9930181503295898,0,0,0.0,0.0,0.0,-0.0003608937840908766,0.2732525169849396,-0.006520457100123167
909,9,27,1.0,0.9930256605148315,0,0,0.0,0.0,0.0,-0.0002020596293732524,0.2739051282405853,-0.008137878030538559
910,9,28,1.0,0.9960812330245972,0,0,0.0,0.25,0.0,-0.00133266462944448,0.27458930015563965,-0.006185771897435188
911,9,29,1.0,0.9898390769958496,0,0,0.0,0.25,0.0,-0.0008015867788344622,0.267987996339798,-0.008568696677684784
912,9,30,1.0,0.9921046495437622,0,0,0.0,0.25,0.0,-0.0006466052727773786,0.26672202348709106,-0.006409819237887859
913,9,31,1.0,0.9922402501106262,0,0,0.0,0.25,0.0,0.0007286176551133394,0.26928916573524475,-0.0054142652079463005
914,9,32,1.0,0.9908947348594666,0,0,0.0,0.25,0.0,0.0009961365722119808,0.27251988649368286,-0.002776114270091057
915,9,33,1.0,0.9891339540481567,0,0,0.0,0.25,0.0,0.0007885864470154047,0.2739305794239044,-0.002190086990594864
916,9,34,1.0,0.9927359819412231,0,0,0.0,0.25,0.0,0.0005362988449633121,0.27287811040878296,-0.004318922758102417
917,9,35,1.0,0.9883719682693481,0,0,0.0,0.25,0.0,0.0013851211406290531,0.26722201704978943,-0.010000095702707767
918,9,36,1.0,0.9867117404937744,0,0,0.0,0.25,0.0,0.00202208012342453,0.2611147463321686,-0.008931348100304604
919,9,37,1.0,0.9902493357658386,0,0,0.0,0.25,0.0,0.0031227697618305683,0.20648391544818878,-0.0249654371291399
920,9,38,1.0,0.9994481205940247,0,0,0.0,0.25,0.0,0.0006296890787780285,0.04952765628695488,-0.01297471858561039
921,9,39,1.0,1.0005511045455933,0,0,0.0,0.0,0.0,0.0009382118005305529,0.011987091973423958,0.00599011592566967
922,9,40,1.0,1.0023139715194702,0,0,0.0,0.0,0.0,0.0002334339078515768,-0.000597829872276634,-0.003276845905929804
923,9,41,1.0,1.0040510892868042,0,0,0.0,0.0,0.0,0.0006997021846473217,-0.0024217565078288317,-0.017224233597517014
924,9,42,1.0,1.0053772926330566,0,0,0.0,0.0,0.0,0.0005857020150870085,-0.001968273427337408,-0.0020678271539509296
925,9,43,1.0,1.0054032802581787,0,0,0.0,0.0,0.0,0.0005497848615050316,-0.0019852365367114544,-0.0016903635114431381
926,9,44,1.0,1.0051347017288208,0,0,0.0,0.0,0.0,0.00011794315651059151,0.0003275949275121093,-0.04927804321050644
927,9,45,1.0,1.0051153898239136,0,0,0.0,0.0,0.0,0.00011466885916888714,0.00030982913449406624,-0.049246348440647125
928,9,46,1.0,1.0065417289733887,0,0,0.0,0.0,0.0,0.00021286262199282646,0.0005032686749473214,-0.10890227556228638
929,9,47,1.0,1.0065377950668335,0,0,0.0,0.0,0.0,0.00021244166418910027,0.0005008673761039972,-0.10886918753385544
930,9,48,1.0,1.006400227546692,0,0,0.0,0.0,0.0,0.00024076784029603004,0.0004938157508149743,-0.11067336797714233
931,9,49,1.0,1.006399393081665,0,0,0.0,0.0,-0.5,0.0002407766878604889,0.0004932348383590579,-0.11066409945487976
932,9,50,1.0,0.9995872378349304,0,0,0.0,0.0,-0.5,-0.0004875650629401207,-0.0012849236372858286,-0.5417987108230591
933,9,51,1.0,0.9985865354537964,0,0,0.0,0.0,-0.5,-0.00010786682832986116,-0.0019670301117002964,-0.525723934173584
934,9,52,1.0,0.9971828460693359,0,0,0.0,0.0,-0.5,7.307063788175583e-05,-0.0018170784460380673,-0.5280331373214722
935,9,53,1.0,0.9985158443450928,0,0,0.0,0.0,-0.5,0.000741318566724658,-0.0018267519772052765,-0.5099825859069824
936,9,54,1.0,0.9981867074966431,0,0,0.0,0.0,-0.5,0.0005495788063853979,-0.0006952620460651815,-0.512810230255127
937,9,55,1.0,0.9988791346549988,0,0,0.0,0.0,-0.5,-2.9759248718619347e-05,-0.0008914278587326407,-0.5226384401321411
938,9,56,1.0,1.0014110803604126,0,0,0.0,0.0,-0.5,-0.0005351102445274591,9.190209675580263e-05,-0.5378783941268921
939,9,57,1.0,1.013238549232483,0,0,0.0,0.0,-0.5,-7.330428343266249e-05,-0.0008516674279235303,-0.5391712188720703
940,9,58,1.0,1.0112524032592773,0,0,0.0,0.0,-0.5,0.0009245185647159815,-0.0017454170156270266,-0.5500726699829102
941,9,59,1.0,1.0050259828567505,0,0,0.0,0.0,-0.5,0.0006899493746459484,0.001268846681341529,-0.35984504222869873
942,9,60,1.0,1.0001775026321411,0,0,0.0,0.0,-0.5,0.0005943137221038342,0.001288868486881256,-0.20431450009346008
943,9,61,1.0,1.0054360628128052,0,0,0.0,0.0,-0.5,0.0002505304291844368,-0.0002539752749726176,-0.03446563333272934
944,9,62,1.0,2.019923210144043,0,1,0.0,0.0,0.0,-0.0009280415251851082,0.00042542419396340847,-1.7561018466949463e-05
945,9,63,1.0,1.9780583381652832,0,1,0.0,0.0,0.0,-0.0006182355573400855,0.0010740910656750202,0.0019592856988310814
946,9,64,1.0,2.0396978855133057,0,1,0.0,0.0,0.0,-0.0005914939101785421,-0.00021747758728452027,0.0007915683090686798
947,9,65,1.0,2.039635419845581,0,1,0.0,0.0,0.0,-0.0005492102354764938,-0.0002832534082699567,0.0008141743019223213
948,9,66,2.0,2.0395140647888184,1,1,0.0,0.0,0.0,-0.00036288739647716284,-0.00017475959612056613,6.811041384935379e-05
949,9,67,2.0,2.0375208854675293,1,1,0.0,0.0,0.0,0.0005291181150823832,-0.0011410905281081796,-1.6451813280582428e-05
950,9,68,2.0,2.0397636890411377,1,1,0.0,0.0,0.0,-0.0005282991332933307,0.0008837508503347635,0.003683115355670452
951,9,69,2.0,2.0400962829589844,1,1,0.0,0.0,0.0,-0.00010610220488160849,-0.00046416191617026925,0.005333472974598408
952,9,70,2.0,2.0388598442077637,1,1,0.0,0.0,0.0,-8.371484000235796e-05,-0.0007665043231099844,0.0021993443369865417
953,9,71,2.0,2.039381742477417,1,1,0.0,0.0,0.0,3.6410754546523094e-05,-0.0006244818214327097,0.002126239240169525
954,9,72,2.0,2.0462474822998047,1,1,0.0,0.0,0.0,-0.0007614911301061511,0.0001803496852517128,0.004211739636957645
955,9,73,2.0,2.033512592315674,1,1,0.0,0.0,0.0,-0.0005337864859029651,-0.0003984202048741281,-0.004511480685323477
956,9,74,1.0,0.9980084896087646,0,0,0.0,0.0,0.0,0.0008085353765636683,0.0006317694205790758,0.414179265499115
957,9,75,1.0,1.6027429103851318,0,1,0.0,0.0,0.0,0.0012588778045028448,0.000937017728574574,0.024479255080223083
958,9,76,1.0,0.9843277931213379,0,0,0.0,0.0,0.0,0.00039245933294296265,2.8236419893801212e-05,0.45568665862083435
959,9,77,1.0,0.9913304448127747,0,0,0.0,0.0,0.0,0.0006452591624110937,-0.00012661638902500272,0.42519065737724304
960,9,78,1.0,1.2086440324783325,0,0,0.0,0.0,0.0,0.0017963643185794353,-0.0004156482464168221,0.10268248617649078
961,9,79,1.0,0.9826425909996033,0,0,0.0,0.0,0.5,0.00012786174193024635,0.00016710639465600252,0.49816247820854187
962,9,80,1.0,0.9861679673194885,0,0,0.0,0.0,0.5,2.7002766728401184e-05,-0.0002598128339741379,0.5147712230682373
963,9,81,1.0,1.0002081394195557,0,0,0.0,0.0,0.5,1.5852274373173714e-05,0.0001662293798290193,0.5167500972747803
964,9,82,1.0,0.9988342523574829,0,0,0.0,0.0,0.5,-0.0001526159467175603,0.0007143627153709531,0.5164611339569092
965,9,83,1.0,1.0011658668518066,0,0,0.0,0.0,0.5,0.0003032218664884567,0.0007845901418477297,0.5166651010513306
966,9,84,1.0,1.0000892877578735,0,0,0.0,0.0,0.5,6.311573088169098e-05,0.00035728118382394314,0.5151524543762207
967,9,85,1.0,1.0004416704177856,0,0,0.0,0.0,0.5,0.00019092042930424213,8.295255247503519e-05,0.5158153772354126
968,9,86,1.0,0.9989107847213745,0,0,0.0,0.0,0.5,9.977957233786583e-06,0.0002990803914144635,0.5163280963897705
969,9,87,1.0,0.9991199374198914,0,0,0.0,0.0,0.5,0.00011014356277883053,0.0003623119555413723,0.5181409120559692
970,9,88,1.0,1.000126838684082,0,0,0.0,0.0,0.5,0.0004109849687665701,0.0004272414371371269,0.5187233686447144
971,10,0,1.0,0.9926973581314087,0,0,0.0,0.0,0.0,-0.004370138980448246,0.003428157651796937,-0.0006234515458345413
972,10,1,1.0,0.9921483397483826,0,0,0.0,0.0,0.0,-0.004638871178030968,0.00387829658575356,-0.0038092685863375664
973,10,2,1.0,0.993915855884552,0,0,0.0,0.0,0.0,-0.006525267846882343,0.0022103392984718084,-0.005305261351168156
974,10,3,1.0,0.9940147399902344,0,0,0.0,0.0,0.0,-0.006580578628927469,0.002072622301056981,-0.004721503704786301
975,10,4,1.0,0.9972485303878784,0,0,0.0,0.0,0.0,-0.00798788107931614,0.002286287024617195,-0.004420198034495115
976,10,5,1.0,0.9972648620605469,0,0,0.0,0.0,0.0,-0.007967731915414333,0.002266338560730219,-0.0042934720404446125
977,10,6,1.0,0.9981440305709839,0,0,0.0,0.0,0.0,0.02489832229912281,-0.0011456501670181751,0.0030076075345277786
978,10,7,1.0,0.9981375932693481,0,0,0.0,0.0,0.0,0.02493637427687645,-0.001152704586274922,0.0030396776273846626
979,10,8,1.0,0.9941684603691101,0,0,0.25,0.0,0.0,0.23132942616939545,-0.0018695284379646182,-0.004508648533374071
980,10,9,1.0,0.9894019365310669,0,0,0.25,0.0,0.0,0.26698577404022217,-0.0032236319966614246,-0.005150086246430874
981,10,10,1.0,0.9859557747840881,0,0,0.25,0.0,0.0,0.2706126570701599,-0.0027282091323286295,-0.005657698027789593
982,10,11,1.0,0.9818142056465149,0,0,0.25,0.0,0.0,0.2737795412540436,-0.0020151459611952305,-0.003815803211182356
983,10,12,1.0,0.9820069074630737,0,0,0.25,0.0,0.0,0.27118444442749023,-0.0017274694982916117,-0.004274918232113123
984,10,13,1.0,0.9812939167022705,0,0,0.25,0.0,0.0,0.2720606327056885,-0.0011259964667260647,-0.00576335284858942
985,10,14,1.0,0.9804295301437378,0,0,0.25,0.0,0.0,0.2736620306968689,-0.00043516710866242647,-0.006429421715438366
986,10,15,1.0,0.9818062782287598,0,0,0.25,0.0,0.0,0.27279847860336304,0.0005574827082455158,-0.005357903428375721
987,10,16,1.0,0.9857387542724609,0,0,0.25,0.0,0.0,0.2713333070278168,0.00016217277152463794,-0.004730840213596821
988,10,17,1.0,0.989790678024292,0,0,0.25,0.0,0.0,0.2700483202934265,0.0004870329285040498,-0.001096460036933422
989,10,18,1.0,0.9925189018249512,0,0,0.25,0.0,0.0,0.2767568826675415,0.0005737349856644869,-0.006130279041826725
990,10,19,1.0,0.998629629611969,0,0,0.25,0.0,0.0,0.27649107575416565,-0.0011887437431141734,-0.0004285750910639763
991,10,20,1.0,1.0022509098052979,0,0,0.0,0.0,0.0,0.14635129272937775,-0.003795156953856349,-0.005887910723686218
992,10,21,1.0,1.0021731853485107,0,0,0.0,0.0,0.0,0.07580222189426422,-0.0044327471405267715,-0.011034773662686348
993,10,22,1.0,0.998781144618988,0,0,0.0,0.0,0.0,0.010244632139801979,-0.0036813048645853996,-0.012002229690551758
994,10,23,1.0,0.9974598288536072,0,0,0.0,0.0,0.0,0.004616891965270042,-0.0041087837889790535,-0.011920539662241936
995,10,24,1.0,0.98995041847229,0,0,0.0,0.0,0.0,0.0025655566714704037,-0.0027205937076359987,-0.012872043997049332
996,10,25,1.0,0.9899720549583435,0,0,0.0,0.0,0.0,0.0021788603626191616,-0.0025364316534250975,-0.013833537697792053
997,10,26,1.0,0.9938321113586426,0,0,0.25,0.0,0.0,0.0035746735520660877,-0.0035012122243642807,-0.004701296798884869
998,10,27,1.0,0.99406898021698,0,0,0.0,0.0,0.0,0.03427742421627045,-0.0049938028678298,-0.004475558176636696
999,10,28,1.0,0.9936994910240173,0,0,0.0,0.0,0.0,0.0006014569662511349,-0.004397768061608076,0.0014167744666337967
1000,10,29,1.0,0.9929848313331604,0,0,0.0,0.0,0.0,0.0006563072092831135,-0.0031971570570021868,0.0004120487719774246
1001,10,30,1.0,1.001628041267395,0,0,0.0,0.0,0.0,0.00028761732392013073,-0.0032054248731583357,-0.002951481845229864
1002,10,31,1.0,1.0023566484451294,0,0,0.0,0.0,0.0,0.0003710559103637934,-0.00496383011341095,-0.004149201791733503
1003,10,32,1.0,1.0042937994003296,0,0,0.0,0.0,0.0,-0.0005428913282230496,-0.22977891564369202,-0.009076179005205631
1004,10,33,1.0,1.0042585134506226,0,0,0.0,-0.25,0.0,-0.0005610866937786341,-0.2306271344423294,-0.009180686436593533
1005,10,34,1.0,0.9908884167671204,0,0,0.0,-0.25,0.0,0.00016952026635408401,-0.2749224305152893,-0.007964793592691422
1006,10,35,1.0,0.9938197135925293,0,0,0.0,-0.25,0.0,0.00014925398863852024,-0.2747059464454651,-0.0055213854648172855
1007,10,36,1.0,0.9952738881111145,0,0,0.0,-0.25,0.0,0.0002340930514037609,-0.2733982503414154,-0.00804290734231472
1008,10,37,1.0,0.9973070025444031,0,0,0.0,-0.25,0.0,-2.2460240870714188e-05,-0.2745242416858673,-0.011429647915065289
1009,10,38,1.0,0.993630588054657,0,0,0.0,-0.25,0.0,0.0007727809716016054,-0.27445781230926514,-0.010695667937397957
1010,10,39,1.0,0.9937903881072998,0,0,0.0,-0.25,0.0,0.0007882001809775829,-0.27484869956970215,-0.008057446219027042
1011,10,40,1.0,0.9945807456970215,0,0,0.0,-0.25,0.0,0.0013008741661906242,-0.27650517225265503,-0.005422430112957954
1012,10,41,1.0,0.9977303743362427,0,0,0.0,-0.25,0.0,0.00035915058106184006,-0.2769467532634735,-0.00843403022736311
1013,10,42,1.0,0.9939336776733398,0,0,0.0,-0.25,0.0,-0.0002508624456822872,-0.27743279933929443,-0.009025516919791698
1014,10,43,1.0,0.999677300453186,0,0,0.0,-0.25,0.0,-0.0008196219569072127,-0.2678607702255249,-0.012219246476888657
1015,10,44,1.0,0.9981541633605957,0,0,0.0,0.0,0.0,-0.001388082979246974,-0.0879121646285057,-0.004700471181422472
1016,10,45,1.0,1.000351071357727,0,0,0.0,0.0,0.0,0.0005991749931126833,-0.017716512084007263,-0.0027270494028925896
1017,10,46,1.0,1.0007262229919434,0,0,0.0,0.0,0.0,0.00013659941032528877,-0.005110061727464199,-0.0078498013317585
1018,10,47,1.0,1.0013211965560913,0,0,0.0,0.0,0.0,0.00011754035949707031,-0.0017425351543352008,-0.005910202860832214
1019,10,48,1.0,1.0056402683258057,0,0,0.0,0.0,0.0,0.00011001224629580975,-0.002691560424864292,-0.020719703286886215
1020,10,49,1.0,1.0056490898132324,0,0,0.0,0.0,0.0,9.728572331368923e-05,-0.0026147710159420967,-0.02083408087491989
1021,10,50,1.0,1.007097840309143,0,0,0.0,0.0,0.0,0.0006030723452568054,-0.002894623437896371,-0.02703285589814186
1022,10,51,1.0,1.0070996284484863,0,0,0.0,-0.25,0.0,0.0006015652325004339,-0.002888038055971265,-0.02710089646279812
1023,10,52,1.0,1.0048134326934814,0,0,0.0,0.0,0.0,-0.00015568174421787262,-0.0025326013565063477,-0.020198430866003036
1024,10,53,1.0,1.0054019689559937,0,0,0.0,0.0,0.0,-0.00014261668547987938,-0.0016275944653898478,-0.026064369827508926
1025,10,54,1.0,1.0062205791473389,0,0,0.0,0.0,0.0,0.00034720636904239655,-0.000866855843923986,-0.08440781384706497
1026,10,55,1.0,1.0062943696975708,0,0,0.0,0.0,0.0,0.0003089737147092819,-0.0006334398058243096,-0.07316403090953827
1027,10,56,1.0,1.007880449295044,0,0,0.0,0.0,0.0,0.0006082090549170971,-0.001106257550418377,-0.2275194376707077
1028,10,57,1.0,1.00789213180542,0,0,0.0,0.0,-0.5,0.0006249088328331709,-0.0011215518461540341,-0.2318786084651947
1029,10,58,1.0,0.9955406785011292,0,0,0.0,0.0,-0.5,-0.0010364674963057041,-0.0011839885264635086,-0.5394351482391357
1030,10,59,1.0,0.9955810308456421,0,0,0.0,0.0,-0.5,-0.00033444270957261324,-0.0011478071101009846,-0.5330448150634766
1031,10,60,1.0,0.9989473819732666,0,0,0.0,0.0,-0.5,0.00025913305580616,-0.0006046367343515158,-0.5045676231384277
1032,10,61,1.0,1.0027719736099243,0,0,0.0,0.0,-0.5,-0.00011388328857719898,-0.0013999140355736017,-0.5101078748703003
1033,10,62,1.0,1.0027114152908325,0,0,0.0,0.0,-0.5,-0.00023297592997550964,-0.0016066143289208412,-0.5292861461639404
1034,10,63,1.0,1.006420612335205,0,0,0.0,0.0,-0.5,-0.0006446911720559001,-0.0012780693359673023,-0.5378701686859131
1035,10,64,1.0,1.0116689205169678,0,0,0.0,0.0,-0.5,0.0007029634434729815,-0.0015201771166175604,-0.5429354906082153
1036,10,65,1.0,1.0155658721923828,0,0,0.0,0.0,-0.5,0.0012433212250471115,-0.002034312579780817,-0.5476237535476685
1037,10,66,1.0,1.0079134702682495,0,0,0.0,0.0,-0.5,0.0015108042862266302,-0.0016642760019749403,-0.526495099067688
1038,10,67,1.0,1.0050263404846191,0,0,0.0,0.0,-0.5,0.001220752950757742,-0.0015471839578822255,-0.5032126903533936
1039,10,68,1.0,0.9928234815597534,0,0,0.0,0.0,0.0,-0.0004504874814301729,-0.0004089502617716789,-0.21520154178142548
1040,10,69,1.0,0.9929360747337341,0,0,0.0,0.0,0.0,-0.0006277399370446801,-0.00045403739204630256,-0.19474512338638306
1041,10,70,1.0,1.8963665962219238,0,1,0.0,0.0,0.0,0.0007170422468334436,-0.0004224918084219098,0.005388258956372738
1042,10,71,1.0,1.898329734802246,0,1,0.0,0.0,0.0,0.0006959906313568354,-0.00044308658107183874,0.00543432030826807
1043,10,72,2.0,2.040493965148926,1,1,0.0,0.0,0.0,4.878849722445011e-05,-0.0005577022675424814,0.003000468946993351
1044,10,73,2.0,2.042294979095459,1,1,0.0,0.0,0.0,0.0008395579643547535,-0.00011462700786069036,0.00026582833379507065
1045,10,74,2.0,2.0412590503692627,1,1,0.0,0.0,0.0,0.00036623142659664154,-0.00018224070663563907,0.0024662455543875694
1046,10,75,2.0,2.041820526123047,1,1,0.0,0.0,0.0,0.0002733180299401283,0.00010247825412079692,0.005614563822746277
1047,10,76,2.0,2.042811870574951,1,1,0.0,0.0,0.0,4.978920333087444e-05,0.0001550224842503667,0.00730242021381855
1048,10,77,2.0,2.043426990509033,1,1,0.0,0.0,0.0,-0.00024262000806629658,-0.0002591180964373052,0.009079748764634132
1049,10,78,2.0,2.022693157196045,1,1,0.0,0.0,0.0,-0.000187177793122828,-7.786258356645703e-05,0.009876880794763565
1050,10,79,1.0,1.9486981630325317,0,1,0.0,0.0,0.0,0.0004600631073117256,0.0004556735511869192,0.0028634415939450264
1051,10,80,1.0,1.1988588571548462,0,0,0.0,0.0,0.0,0.005701257847249508,-0.003446784568950534,-0.0029183216392993927
1052,10,81,1.0,1.0049163103103638,0,0,0.0,0.0,0.0,0.004779400769621134,-0.0029585836455225945,0.16992412507534027
1053,10,82,1.0,0.9812459349632263,0,0,0.0,0.0,0.0,0.00019282661378383636,0.0010931092547252774,0.38002994656562805
1054,10,83,1.0,0.989967405796051,0,0,0.0,0.0,0.5,0.0005060704424977303,0.0003732455661520362,0.5040292739868164
1055,10,84,1.0,0.9973031282424927,0,0,0.0,0.0,0.5,0.00041657453402876854,-7.614592323079705e-05,0.5192712545394897
1056,10,85,1.0,0.9989464282989502,0,0,0.0,0.0,0.5,0.00013476144522428513,3.994518192484975e-05,0.5163452625274658
1057,10,86,1.0,0.9994168281555176,0,0,0.0,0.0,0.5,0.0004922214429825544,7.054500747472048e-05,0.5178737640380859
1058,10,87,1.0,0.9990655183792114,0,0,0.0,0.0,0.5,0.00020648515783250332,-0.00013696443056687713,0.516273021697998
1059,10,88,1.0,0.9990346431732178,0,0,0.0,0.0,0.5,-0.0001990968594327569,-1.0855728760361671e-05,0.5190712213516235
1060,10,89,1.0,0.999740481376648,0,0,0.0,0.0,0.5,0.00010085850954055786,-2.213945845142007e-05,0.516171932220459
1061,10,90,1.0,0.9990153312683105,0,0,0.0,0.0,0.5,-0.00013225956354290247,0.0003259119112044573,0.5180065631866455
1062,10,91,1.0,0.9986535906791687,0,0,0.0,0.0,0.5,0.0002553574740886688,0.00023434439208358526,0.5167765617370605
1063,10,92,1.0,0.9984824061393738,0,0,0.0,0.0,0.5,0.0001501773949712515,9.999459143728018e-05,0.5169270038604736
1064,11,0,1.0,0.9925092458724976,0,0,0.0,0.0,0.0,-0.003312755608931184,0.00024935684632509947,0.002673359587788582
1065,11,1,1.0,0.9922855496406555,0,0,0.0,0.0,0.0,-0.003998920321464539,0.0010918962070718408,-0.0016590012237429619
1066,11,2,1.0,0.9920883178710938,0,0,0.0,0.0,0.0,-0.005993979051709175,0.0003246027044951916,0.0027612941339612007
1067,11,3,1.0,0.9919997453689575,0,0,0.0,0.0,0.0,-0.006108949892222881,6.833235966041684e-05,0.0033041443675756454
1068,11,4,1.0,0.9924459457397461,0,0,0.0,0.0,0.0,-0.008756516501307487,-0.0001661213464103639,-0.0035190251655876637
1069,11,5,1.0,0.9924350380897522,0,0,0.0,0.0,0.0,-0.008734161034226418,-0.000186349410796538,-0.00334447855129838
1070,11,6,1.0,0.9943112134933472,0,0,0.0,0.0,0.0,-0.00011764606460928917,-0.0007805537898093462,-0.0003781374543905258
1071,11,7,1.0,0.9943090081214905,0,0,0.0,0.0,0.0,-9.516207501292229e-05,-0.0007896852912381291,-0.0003359094262123108
1072,11,8,1.0,0.9918155074119568,0,0,0.0,0.0,0.0,0.05903046205639839,-0.0031393442768603563,-0.0030845622532069683
1073,11,9,1.0,0.9918127059936523,0,0,0.25,0.0,0.0,0.05905407667160034,-0.003140420652925968,-0.0030763731338083744
1074,11,10,1.0,0.9863760471343994,0,0,0.25,0.0,0.0,0.27228468656539917,-0.0016665029106661677,-0.00829880777746439
1075,11,11,1.0,0.984786331653595,0,0,0.25,0.0,0.0,0.2722811698913574,-0.0014535184018313885,-0.006716212723404169
1076,11,12,1.0,0.986243724822998,0,0,0.25,0.0,0.0,0.27433109283447266,-0.0015922239981591702,-0.006597450934350491
1077,11,13,1.0,0.9870883226394653,0,0,0.25,0.0,0.0,0.27253592014312744,-0.0020999684929847717,-0.004243426024913788
1078,11,14,1.0,0.9885605573654175,0,0,0.25,0.0,0.0,0.27031785249710083,-0.002761119045317173,-0.004793275613337755
1079,11,15,1.0,0.9976813793182373,0,0,0.25,0.0,0.0,0.2670375406742096,-0.0034497182350605726,-0.00423977617174387
1080,11,16,1.0,0.9990512728691101,0,0,0.25,0.0,0.0,0.26877161860466003,-0.003137995721772313,-0.007318501360714436
1081,11,17,1.0,1.0231575965881348,0,0,0.25,0.0,0.0,0.2658035159111023,-0.0030684377998113632,-0.011560788378119469
1082,11,18,1.0,1.0031033754348755,0,0,0.25,0.0,0.0,0.26816681027412415,-0.0026732212863862514,-0.013426130637526512
1083,11,19,1.0,0.9886006116867065,0,0,0.25,0.0,0.0,0.2731262743473053,-0.001892607077024877,-0.01791735552251339
1084,11,20,1.0,0.9903843402862549,0,0,0.25,0.0,0.0,0.2329345941543579,-0.002322294283658266,-0.018084026873111725
1085,11,21,1.0,0.994590699672699,0,0,0.0,0.0,0.0,0.10862470418214798,0.0021947382483631372,-0.003267694264650345
1086,11,22,1.0,1.0020798444747925,0,0,0.0,0.0,0.0,0.011758748441934586,0.002530567115172744,-0.005866379477083683
1087,11,23,1.0,0.9982749819755554,0,0,0.0,0.0,0.0,-0.0061683813109993935,0.0003673079190775752,-0.008100193925201893
1088,11,24,1.0,0.9924242496490479,0,0,0.0,0.0,0.0,-0.0021571479737758636,-0.0029907210264354944,-0.003086464013904333
1089,11,25,1.0,0.9892414808273315,0,0,0.0,0.0,0.0,-8.290400728583336e-05,0.0014292416162788868,-0.005014683585613966
1090,11,26,1.0,0.9951672554016113,0,0,0.0,0.0,0.0,0.002173030748963356,0.2497558444738388,-0.006589609198272228
1091,11,27,1.0,0.9950928688049316,0,0,0.0,0.0,0.0,0.002099917735904455,0.2506093382835388,-0.006588929798454046
1092,11,28,1.0,0.9956641793251038,0,0,0.0,0.0,0.0,0.0017494664061814547,0.246074378490448,-0.0050657037645578384
1093,11,29,1.0,0.9956564903259277,0,0,0.0,0.25,0.0,0.0017380262725055218,0.2462129145860672,-0.005092175677418709
1094,11,30,1.0,0.9941491484642029,0,0,0.0,0.25,0.0,-0.0001571226166561246,0.2654605805873871,-0.011216908693313599
1095,11,31,1.0,0.9925722479820251,0,0,0.0,0.25,0.0,0.00010851724073290825,0.26464730501174927,-0.00945829413831234
1096,11,32,1.0,0.9906666278839111,0,0,0.0,0.25,0.0,0.0005557304248213768,0.26820194721221924,-0.00847451202571392
1097,11,33,1.0,0.9890469908714294,0,0,0.0,0.25,0.0,0.0010552611202001572,0.27078863978385925,-0.0055595021694898605
1098,11,34,1.0,0.991430401802063,0,0,0.0,0.25,0.0,0.0011054326314479113,0.27228185534477234,-0.0032613417133688927
1099,11,35,1.0,0.9940028786659241,0,0,0.0,0.25,0.0,0.00045130145736038685,0.27259477972984314,-0.00021373573690652847
1100,11,36,1.0,0.9909666776657104,0,0,0.0,0.25,0.0,0.0011451172176748514,0.27156126499176025,-0.004645187873393297
1101,11,37,1.0,0.9887751340866089,0,0,0.0,0.25,0.0,0.002171347849071026,0.268393337726593,-0.0020925705321133137
1102,11,38,1.0,0.9858759641647339,0,0,0.0,0.25,0.0,0.0019853394478559494,0.2607184946537018,0.004258773289620876
1103,11,39,1.0,0.9912979602813721,0,0,0.0,0.0,0.0,0.002922407817095518,0.1935977041721344,0.005017736926674843
1104,11,40,1.0,1.0007718801498413,0,0,0.0,0.0,0.0,0.0002792745362967253,0.017099538818001747,0.008261198177933693
1105,11,41,1.0,1.0013991594314575,0,0,0.0,0.0,0.0,0.00015110219828784466,0.004945199005305767,0.006323307752609253
1106,11,42,1.0,1.0015723705291748,0,0,0.0,0.0,0.0,-3.6002835258841515e-05,9.119533933699131e-05,0.0242324061691761
1107,11,43,1.0,1.0015504360198975,0,0,0.0,0.0,0.0,-3.865174949169159e-05,-0.0005966665921732783,0.024533670395612717
1108,11,44,1.0,1.0026723146438599,0,0,0.0,0.0,0.0,-1.3189390301704407e-05,-0.0017042485997080803,0.007800847291946411
1109,11,45,1.0,1.0026640892028809,0,0,0.0,0.0,0.0,-4.2030587792396545e-06,-0.0017593326047062874,0.007878860458731651
1110,11,46,1.0,1.0037423372268677,0,0,0.0,0.25,0.0,0.00023500807583332062,-0.0020977973472326994,-0.007723948918282986
1111,11,47,1.0,1.0032272338867188,0,0,0.0,0.0,0.0,0.0004793340340256691,0.0004925004905089736,0.0010974230244755745
1112,11,48,1.0,1.0059733390808105,0,0,0.0,0.0,0.0,0.0005065312143415213,-0.001261245459318161,0.004968930035829544
1113,11,49,1.0,1.0061882734298706,0,0,0.0,0.0,0.0,0.0006299156229943037,-0.0021564303897321224,0.005014166235923767
1114,11,50,1.0,1.005859136581421,0,0,0.0,0.0,0.0,0.0006808284670114517,0.0005059676477685571,-0.08539937436580658
1115,11,51,1.0,1.0058581829071045,0,0,0.0,0.0,0.0,0.0006697596982121468,0.00044415867887437344,-0.08644337207078934
1116,11,52,1.0,1.0075719356536865,0,0,0.0,0.0,0.0,0.0007687073666602373,9.843596490100026e-05,-0.17881184816360474
1117,11,53,1.0,1.007561445236206,0,0,0.0,0.0,0.0,0.0007676598615944386,9.13971452973783e-05,-0.17903831601142883
1118,11,54,1.0,1.0094337463378906,0,0,0.0,0.0,-0.5,0.0007279971614480019,-0.0007235244265757501,-0.2528133690357208
1119,11,55,1.0,0.9976575374603271,0,0,0.0,0.0,-0.5,-0.0009764897404238582,-0.0003674403706099838,-0.5448672771453857
1120,11,56,1.0,0.9962511658668518,0,0,0.0,0.0,-0.5,-0.0005636455025523901,-0.000915020820684731,-0.5286538600921631
1121,11,57,1.0,0.9959380030632019,0,0,0.0,0.0,-0.5,-0.00012317916844040155,-0.0008857949869707227,-0.5167453289031982
1122,11,58,1.0,0.9968782663345337,0,0,0.0,0.0,-0.5,-6.002746522426605e-05,-0.001054153311997652,-0.513572096824646
1123,11,59,1.0,0.9982206225395203,0,0,0.0,0.0,-0.5,-0.00015090801753103733,-0.0013095620088279247,-0.5229871273040771
1124,11,60,1.0,0.9977239370346069,0,0,0.0,0.0,-0.5,-0.0007434263825416565,-0.0017348944675177336,-0.5311386585235596
1125,11,61,1.0,1.0042414665222168,0,0,0.0,0.0,-0.5,-0.00047934125177562237,-0.0008914993377402425,-0.5366307497024536
1126,11,62,1.0,1.0124199390411377,0,0,0.0,0.0,-0.5,3.415183164179325e-05,-0.0004421744670253247,-0.5476119518280029
1127,11,63,1.0,1.0154154300689697,0,0,0.0,0.0,-0.5,0.0007455623708665371,-0.00036444017314352095,-0.5555036067962646
1128,11,64,1.0,1.0041754245758057,0,0,0.0,0.0,-0.5,0.0012700485531240702,0.0013246930902823806,-0.18667519092559814
1129,11,65,1.0,1.0040972232818604,0,0,0.0,0.0,0.0,0.0011800620704889297,0.0010683429427444935,-0.14546015858650208
1130,11,66,1.0,1.1090409755706787,0,0,0.0,0.0,0.0,0.002645379863679409,-1.871609129011631e-06,0.027792707085609436
1131,11,67,1.0,1.1108765602111816,0,0,0.0,0.0,0.0,0.0026482907123863697,4.486821126192808e-06,0.028533264994621277
1132,11,68,1.0,1.8787331581115723,0,1,0.0,0.0,0.0,0.0005471506156027317,0.0006434861570596695,0.0052203768864274025
1133,11,69,2.0,1.8792219161987305,1,1,0.0,0.0,0.0,0.0005468414165079594,0.0006402048747986555,0.0052047232165932655
1134,11,70,2.0,2.0402634143829346,1,1,0.0,0.0,0.0,0.0005001223180443048,-0.00043154467130079865,0.00019971560686826706
1135,11,71,2.0,2.039823055267334,1,1,0.0,0.0,0.0,0.0007238122634589672,-0.00012485909974202514,0.002847295254468918
1136,11,72,2.0,2.039958953857422,1,1,0.0,0.0,0.0,3.59145924448967e-05,-0.00015949842054396868,0.0038708997890353203
1137,11,73,2.0,2.0398457050323486,1,1,0.0,0.0,0.0,-0.00018977257423102856,-0.000255104765528813,0.005554313771426678
1138,11,74,2.0,2.040835380554199,1,1,0.0,0.0,0.0,-6.806780584156513e-05,-0.0001549843291286379,0.006190760992467403
1139,11,75,2.0,2.041781187057495,1,1,0.0,0.0,0.0,0.00019268901087343693,0.00011907168664038181,0.004537335596978664
1140,11,76,2.0,2.0399277210235596,1,1,0.0,0.0,0.0,-0.00015326007269322872,-0.0005406786222010851,0.001225341111421585
1141,11,77,1.0,2.040065050125122,0,1,0.0,0.0,0.0,-0.0001814963761717081,-0.0005569056957028806,0.0013436134904623032
1142,11,78,1.0,1.0497784614562988,0,0,0.0,0.0,0.0,0.0025579240173101425,-0.0016940676141530275,0.219413161277771
1143,11,79,1.0,1.0493345260620117,0,0,0.0,0.0,0.0,0.002550375647842884,-0.001680706045590341,0.22049464285373688
1144,11,80,1.0,0.9842568039894104,0,0,0.0,0.0,0.0,-0.00023074739146977663,0.000382876954972744,0.4841947853565216
1145,11,81,1.0,0.9841958284378052,0,0,0.0,0.0,0.0,-0.0002410542219877243,0.0003787480527535081,0.4835357069969177
1146,11,82,1.0,0.9825630187988281,0,0,0.0,0.0,0.0,0.00011265208013355732,-0.00019552395679056644,0.47318771481513977
1147,11,83,1.0,0.9825636744499207,0,0,0.0,0.0,0.5,0.00011046533472836018,-0.0001936620392370969,0.47333797812461853
1148,11,84,1.0,0.9864265322685242,0,0,0.0,0.0,0.5,-0.00027189136017113924,-0.000429690582677722,0.5054261684417725
1149,11,85,1.0,1.0000258684158325,0,0,0.0,0.0,0.5,0.0006396891549229622,-0.00030082539888098836,0.5180665254592896
1150,11,86,1.0,0.9987505078315735,0,0,0.0,0.0,0.5,3.286218270659447e-05,0.00020355370361357927,0.5155155658721924
1151,11,87,1.0,0.9991397261619568,0,0,0.0,0.0,0.5,-0.00015895545948296785,0.00018744991393759847,0.5163137912750244
1152,11,88,1.0,0.999536395072937,0,0,0.0,0.0,0.5,0.00010877847671508789,-0.0001680225832387805,0.5166226625442505
1153,11,89,1.0,0.9981691837310791,0,0,0.0,0.0,0.5,0.00024313083849847317,-0.0003562013152986765,0.5150221586227417
1154,11,90,1.0,0.9963703155517578,0,0,0.0,0.0,0.5,-1.5760306268930435e-05,0.00010127684799954295,0.5197775363922119
1155,11,91,1.0,0.9976176023483276,0,0,0.0,0.0,0.5,0.00013953400775790215,0.00010830978862941265,0.5167630910873413
1156,11,92,1.0,0.9963711500167847,0,0,0.0,0.0,0.5,0.00011140108108520508,-7.216911762952805e-05,0.5182520151138306
1157,12,0,1.0,0.991590678691864,0,0,0.0,0.0,0.0,0.001770530128851533,0.0024655815213918686,0.003766331821680069
1158,12,1,1.0,0.9924318790435791,0,0,0.0,0.0,0.0,0.0015410620253533125,0.002598947612568736,0.0019638147205114365
1159,12,2,1.0,0.9932330250740051,0,0,0.0,0.0,0.0,0.001392547506839037,0.0035512035246938467,0.002932492643594742
1160,12,3,1.0,0.9932668209075928,0,0,0.0,0.0,0.0,0.0014271338004618883,0.0034878712613135576,0.0036887116730213165
1161,12,4,1.0,0.9949417114257812,0,0,0.0,0.0,0.0,0.0024592424742877483,0.002674058312550187,-0.01085387822240591
1162,12,5,1.0,0.9949703812599182,0,0,0.0,0.0,0.0,0.002473673317581415,0.0026742066256701946,-0.010638225823640823
1163,12,6,1.0,0.9957998991012573,0,0,0.0,0.0,0.0,-0.01664092391729355,-0.0009801136329770088,-0.011820756830275059
1164,12,7,1.0,0.9958063364028931,0,0,0.0,0.0,0.0,-0.016611356288194656,-0.0009842078434303403,-0.011771464720368385
1165,12,8,1.0,0.9959110617637634,0,0,-0.25,0.0,0.0,-0.18710872530937195,-0.0025987320113927126,-0.014829163439571857
1166,12,9,1.0,0.9835439324378967,0,0,-0.25,0.0,0.0,-0.25919902324676514,-0.0001441657659597695,-0.00948354508727789
1167,12,10,1.0,0.9776279330253601,0,0,-0.25,0.0,0.0,-0.2731342315673828,-0.00010705232853069901,-0.0073016039095819
1168,12,11,1.0,0.9745655655860901,0,0,-0.25,0.0,0.0,-0.27480775117874146,-0.0005000279052183032,-0.0060830144211649895
1169,12,12,1.0,0.974875807762146,0,0,-0.25,0.0,0.0,-0.27451592683792114,-0.0004580845416057855,-0.005381607450544834
1170,12,13,1.0,0.9758894443511963,0,0,-0.25,0.0,0.0,-0.272526353597641,-2.7787580620497465e-05,-0.0049170199781656265
1171,12,14,1.0,0.9756603837013245,0,0,-0.25,0.0,0.0,-0.2720681130886078,0.00012576644076034427,-0.003411994781345129
1172,12,15,1.0,0.9793049097061157,0,0,-0.25,0.0,0.0,-0.2686827480792999,0.001543399877846241,-0.003362005576491356
1173,12,16,1.0,0.9781120419502258,0,0,-0.25,0.0,0.0,-0.2734965980052948,0.0014944898430258036,-0.005140134133398533
1174,12,17,1.0,0.9814493060112,0,0,-0.25,0.0,0.0,-0.2744449973106384,0.00041619327384978533,-0.008149935863912106
1175,12,18,1.0,0.9828245639801025,0,0,-0.25,0.0,0.0,-0.2790125012397766,0.0016608387231826782,-0.01310159545391798
1176,12,19,1.0,0.9827507138252258,0,0,-0.25,0.0,0.0,-0.2847045063972473,0.0004871838027611375,-0.013932431116700172
1177,12,20,1.0,0.9858944416046143,0,0,-0.25,0.0,0.0,-0.2799726724624634,-0.00029837744659744203,-0.014554815366864204
1178,12,21,1.0,0.9912876486778259,0,0,-0.25,0.0,0.0,-0.21807175874710083,-0.0005447891307994723,-0.015461265109479427
1179,12,22,1.0,0.9950779676437378,0,0,0.0,0.0,0.0,-0.008281474933028221,0.0006758001400157809,-0.016146570444107056
1180,12,23,1.0,0.9940339922904968,0,0,0.0,0.0,0.0,0.0011940686963498592,0.0007827810477465391,-0.017404112964868546
1181,12,24,1.0,0.9966914653778076,0,0,0.0,0.0,0.0,0.005314961541444063,-0.0001681516005191952,-0.00929900910705328
1182,12,25,1.0,0.9969638586044312,0,0,0.0,0.0,0.0,0.006091104354709387,-0.0002164676843676716,-0.011226311326026917
1183,12,26,1.0,0.9979583024978638,0,0,0.0,0.0,0.0,0.0012906019110232592,-0.08775589615106583,-0.0032335403375327587
1184,12,27,1.0,0.9980076551437378,0,0,0.0,0.0,0.0,0.0013544359244406223,-0.08844204246997833,-0.0033020414412021637
1185,12,28,1.0,0.9954994916915894,0,0,0.0,-0.25,0.0,-0.0001818931195884943,-0.24381095170974731,-0.0088066216558218
1186,12,29,1.0,0.9860462546348572,0,0,0.0,-0.25,0.0,0.0008665691129863262,-0.26810693740844727,-0.00480383588001132
1187,12,30,1.0,0.987082839012146,0,0,0.0,-0.25,0.0,0.0013398970477283,-0.2748025357723236,-0.006372648291289806
1188,12,31,1.0,0.9880415201187134,0,0,0.0,-0.25,0.0,0.0006179059855639935,-0.2752639651298523,-0.0051378048956394196
1189,12,32,1.0,0.9901745915412903,0,0,0.0,-0.25,0.0,1.3292301446199417e-05,-0.275826096534729,-0.003830724861472845
1190,12,33,1.0,0.9933487772941589,0,0,0.0,-0.25,0.0,-0.0004498317139223218,-0.2753756642341614,-0.004275688901543617
1191,12,34,1.0,0.9955493807792664,0,0,0.0,-0.25,0.0,-0.0006609690608456731,-0.2734183073043823,-0.007262297440320253
1192,12,35,1.0,0.9953057765960693,0,0,0.0,-0.25,0.0,0.0015264421235769987,-0.27415481209754944,-0.0080233383923769
1193,12,36,1.0,0.9929486513137817,0,0,0.0,-0.25,0.0,0.002043505199253559,-0.2777140140533447,-0.009226004593074322
1194,12,37,1.0,0.994373083114624,0,0,0.0,-0.25,0.0,0.0009012133814394474,-0.27780163288116455,-0.007650857791304588
1195,12,38,1.0,0.9981786608695984,0,0,0.0,-0.25,0.0,-0.0011329739354550838,-0.24950557947158813,-0.009106623008847237
1196,12,39,1.0,0.9969915151596069,0,0,0.0,0.0,0.0,-0.002420890610665083,-0.1330442577600479,-0.0143736582249403
1197,12,40,1.0,1.0008138418197632,0,0,0.0,0.0,0.0,-0.00047510990407317877,-0.013792159035801888,-0.009907064959406853
1198,12,41,1.0,1.0015496015548706,0,0,0.0,0.0,0.0,-0.0006958128651604056,0.00622718408703804,-0.004853704944252968
1199,12,42,1.0,1.0024056434631348,0,0,0.0,0.0,0.0,-0.0006766766309738159,0.005059702321887016,-0.008015330880880356
1200,12,43,1.0,1.002495527267456,0,0,0.0,0.0,0.0,-0.0007168900920078158,0.007227692753076553,-0.00709224957972765
1201,12,44,1.0,0.9989944696426392,0,0,0.0,0.0,0.0,-5.737354513257742e-05,-0.002173012588173151,-0.0002854475751519203
1202,12,45,1.0,0.9990224838256836,0,0,0.0,0.0,0.0,-7.103709504008293e-05,-0.001982029527425766,-0.00037203356623649597
1203,12,46,1.0,0.9982225894927979,0,0,0.0,0.0,0.0,-1.3415934517979622e-05,-0.0012085416819900274,-0.0060283588245511055
1204,12,47,1.0,0.9982231855392456,0,0,0.0,-0.25,0.0,-1.4163786545395851e-05,-0.0011977790854871273,-0.006068454124033451
1205,12,48,1.0,0.997683048248291,0,0,0.0,0.0,0.0,0.0003491190727800131,-0.005991403944790363,0.012411341071128845
1206,12,49,1.0,1.0006994009017944,0,0,0.0,0.0,0.0,0.0004027863033115864,-0.002467261627316475,-0.014238993637263775
1207,12,50,1.0,1.003406286239624,0,0,0.0,0.0,0.0,0.0010317231062799692,-0.001920234179124236,-0.023501643911004066
1208,12,51,1.0,1.003522515296936,0,0,0.0,0.0,0.0,0.0010830529499799013,-0.0017294689314439893,-0.024999424815177917
1209,12,52,1.0,1.0041013956069946,0,0,0.0,0.0,0.0,0.0007763167377561331,0.0004964796826243401,-0.10456833243370056
1210,12,53,1.0,1.0041168928146362,0,0,0.0,0.0,0.0,0.0007670740596950054,0.0005242276238277555,-0.10505225509405136
1211,12,54,1.0,1.0057220458984375,0,0,0.0,0.0,-0.5,0.0006341102998703718,0.0003031301312148571,-0.19339433312416077
1212,12,55,1.0,1.0006027221679688,0,0,0.0,0.0,-0.5,-0.001415681792423129,-7.612316403537989e-05,-0.5471374988555908
1213,12,56,1.0,0.9991247653961182,0,0,0.0,0.0,-0.5,-0.0008543023141101003,-0.0002906795998569578,-0.5437043905258179
1214,12,57,1.0,0.9985969066619873,0,0,0.0,0.0,-0.5,-0.0010647149756550789,-0.0006123904604464769,-0.5310684442520142
1215,12,58,1.0,0.9975362420082092,0,0,0.0,0.0,-0.5,-0.0013439259491860867,-0.0010245940648019314,-0.5242577791213989
1216,12,59,1.0,0.9986401200294495,0,0,0.0,0.0,-0.5,-0.0006264715921133757,-0.0010329525684937835,-0.5204513072967529
1217,12,60,1.0,1.0003865957260132,0,0,0.0,0.0,-0.5,-0.0004916153848171234,-0.0010400625178590417,-0.5247054100036621
1218,12,61,1.0,1.000230312347412,0,0,0.0,0.0,-0.5,-0.0007574748015031219,-0.0009965524077415466,-0.5337170362472534
1219,12,62,1.0,1.0048409700393677,0,0,0.0,0.0,-0.5,-0.0007080555660650134,4.267843905836344e-06,-0.5482438802719116
1220,12,63,1.0,1.0085712671279907,0,0,0.0,0.0,-0.5,-0.0008970722556114197,0.0005724417278543115,-0.5545368194580078
1221,12,64,1.0,1.0057549476623535,0,0,0.0,0.0,-0.5,0.0006207393016666174,0.0006902484456077218,-0.5167001485824585
1222,12,65,1.0,1.0084640979766846,0,0,0.0,0.0,-0.5,0.000990389846265316,0.000998114119283855,-0.4136219918727875
1223,12,66,1.0,1.005384087562561,0,0,0.0,0.0,0.0,-2.978113479912281e-05,-0.00025946644018404186,-0.0655830055475235
1224,12,67,1.0,1.0056363344192505,0,0,0.0,0.0,0.0,-8.375942707061768e-05,-0.00028434066916815937,-0.04754054173827171
1225,12,68,1.0,1.1122565269470215,0,0,0.0,0.0,0.0,0.001250013941898942,-0.0016413240227848291,0.04727616161108017
1226,12,69,2.0,1.1135907173156738,1,0,0.0,0.0,0.0,0.0012439258862286806,-0.0016054516891017556,0.04790852218866348
1227,12,70,2.0,2.0383965969085693,1,1,0.0,0.0,0.0,0.00037328898906707764,-0.00021648587426170707,0.00016629695892333984
1228,12,71,2.0,2.038980007171631,1,1,0.0,0.0,0.0,0.0007502972148358822,-0.0003061224124394357,0.0004297485575079918
1229,12,72,2.0,2.0370657444000244,1,1,0.0,0.0,0.0,3.205658867955208e-05,-0.0007802362088114023,0.0007646027952432632
1230,12,73,2.0,2.0382561683654785,1,1,0.0,0.0,0.0,0.0007567079737782478,0.00028595770709216595,0.0057984646409749985
1231,12,74,2.0,2.038137435913086,1,1,0.0,0.0,0.0,0.0006158363539725542,-0.00027808311278931797,0.004746759310364723
1232,12,75,2.0,2.0388238430023193,1,1,0.0,0.0,0.0,0.0005897032096982002,-0.00010056339669972658,0.005603143014013767
1233,12,76,2.0,2.044294834136963,1,1,0.0,0.0,0.0,0.0001004247460514307,-0.00117390020750463,0.0037745293229818344
1234,12,77,2.0,2.043301582336426,1,1,0.0,0.0,0.0,0.000268690288066864,-0.0007585136918351054,0.004813721403479576
1235,12,78,1.0,2.0434083938598633,0,1,0.0,0.0,0.0,0.0008488770108669996,-0.0006645915564149618,0.0015362957492470741
1236,12,79,1.0,1.999511957168579,0,1,0.0,0.0,0.0,0.0010843342170119286,-0.0007777338032610714,-0.006135402247309685
1237,12,80,1.0,0.989528238773346,0,0,0.0,0.0,0.0,-0.00011638924479484558,-0.001243787119165063,0.4705840051174164
1238,12,81,1.0,0.9878498911857605,0,0,0.0,0.0,0.0,0.0002883921843022108,-0.000656197196803987,0.5039734840393066
1239,12,82,1.0,1.00322425365448,0,0,0.0,0.0,0.0,-0.00047840678598731756,-0.0019511028658598661,0.32551050186157227
1240,12,83,1.0,0.9924888014793396,0,0,0.0,0.0,0.0,0.00014218781143426895,-0.0009387843310832977,0.5174696445465088
1241,12,84,1.0,0.9907341599464417,0,0,0.0,0.0,0.5,1.862458884716034e-05,9.69475950114429e-05,0.5149593353271484
1242,12,85,1.0,0.9956672191619873,0,0,0.0,0.0,0.5,-0.000122770550660789,-0.0005712129641324282,0.5179483890533447
1243,12,86,1.0,1.0225768089294434,0,0,0.0,0.0,0.5,-0.0013683962170034647,-0.0006697807111777365,0.44463956356048584
1244,12,87,1.0,0.9995999336242676,0,0,0.0,0.0,0.5,-2.4633482098579407e-05,-0.00018041860312223434,0.5198615789413452
1245,12,88,1.0,0.9997987151145935,0,0,0.0,0.0,0.5,0.00015801191329956055,0.00011303689097985625,0.5170122385025024
1246,12,89,1.0,0.9999284148216248,0,0,0.0,0.0,0.5,0.00034478423185646534,-0.00018599213217385113,0.5169391632080078
1247,12,90,1.0,0.9984996318817139,0,0,0.0,0.0,0.5,0.00038913823664188385,-0.00013239966938272119,0.5187742710113525
1248,12,91,1.0,0.9989246129989624,0,0,0.0,0.0,0.5,-0.0002165193436667323,1.0616844519972801e-05,0.5190402269363403
1249,12,92,1.0,0.9984051585197449,0,0,0.0,0.0,0.5,0.0004459691699594259,3.903178730979562e-05,0.5170434713363647
1250,12,93,1.0,0.9980300068855286,0,0,0.0,0.0,0.5,0.0005382441449910402,-0.00013763998867943883,0.5192002058029175
1251,13,0,1.0,0.994213879108429,0,0,0.0,0.0,0.0,0.0025914120487868786,0.00015126256039366126,0.0031847376376390457
1252,13,1,1.0,0.9936330318450928,0,0,0.0,0.0,0.0,0.0027757184579968452,0.0001166693982668221,5.9946440160274506e-05
1253,13,2,1.0,0.99556565284729,0,0,0.0,0.0,0.0,0.003741782158613205,0.0012937114806845784,0.0019115181639790535
1254,13,3,1.0,0.995684802532196,0,0,0.0,0.0,0.0,0.0037833270616829395,0.0011952478671446443,0.002537541091442108
1255,13,4,1.0,0.9971722364425659,0,0,0.0,0.0,0.0,0.0050997864454984665,0.0016873173881322145,-0.011278118938207626
1256,13,5,1.0,0.9972113370895386,0,0,0.0,0.0,0.0,0.005117554683238268,0.00166029529646039,-0.011129580438137054
1257,13,6,1.0,1.0010405778884888,0,0,0.0,0.0,0.0,-0.029220107942819595,0.0013756367843598127,-0.01114620640873909
1258,13,7,1.0,1.0010496377944946,0,0,0.0,0.0,0.0,-0.029174432158470154,0.0013700425624847412,-0.011107276193797588
1259,13,8,1.0,1.0008639097213745,0,0,0.0,0.0,0.0,-0.047357648611068726,0.00030456966487690806,-0.014296503737568855
1260,13,9,1.0,1.0008654594421387,0,0,-0.25,0.0,0.0,-0.04734613001346588,0.0003032516688108444,-0.014285344630479813
1261,13,10,1.0,0.981785237789154,0,0,-0.25,0.0,0.0,-0.2661009132862091,0.0010743283201009035,-0.011855078861117363
1262,13,11,1.0,0.9773236513137817,0,0,-0.25,0.0,0.0,-0.27295368909835815,0.0008279582252725959,-0.008976327255368233
1263,13,12,1.0,0.9743576049804688,0,0,-0.25,0.0,0.0,-0.2747582793235779,0.00045054603833705187,-0.007222795393317938
1264,13,13,1.0,0.9740688800811768,0,0,-0.25,0.0,0.0,-0.2745071351528168,-0.0007541731465607882,-0.00650786841288209
1265,13,14,1.0,0.9758690595626831,0,0,-0.25,0.0,0.0,-0.27418023347854614,-0.0006238407222554088,-0.007134114392101765
1266,13,15,1.0,0.9781396389007568,0,0,-0.25,0.0,0.0,-0.27082380652427673,-0.0011662188917398453,-0.006294324994087219
1267,13,16,1.0,0.9831976890563965,0,0,-0.25,0.0,0.0,-0.2699858248233795,-0.0016775820404291153,-0.009579231031239033
1268,13,17,1.0,0.9910376667976379,0,0,-0.25,0.0,0.0,-0.27031850814819336,-0.0005868234438821673,-0.013577250763773918
1269,13,18,1.0,0.9956581592559814,0,0,-0.25,0.0,0.0,-0.27190595865249634,-0.0007751981029286981,-0.019024603068828583
1270,13,19,1.0,1.0073509216308594,0,0,-0.25,0.0,0.0,-0.2747584581375122,0.0001856049057096243,-0.025210324674844742
1271,13,20,1.0,1.0040743350982666,0,0,-0.25,0.0,0.0,-0.2808043658733368,0.0012424838496372104,-0.027604883536696434
1272,13,21,1.0,0.9890726804733276,0,0,-0.25,0.0,0.0,-0.2833222448825836,0.0025393508840352297,-0.022997241467237473
1273,13,22,1.0,0.977331280708313,0,0,-0.25,0.0,0.0,-0.2318454384803772,0.005145027302205563,-0.016417888924479485
1274,13,23,1.0,0.9885522723197937,0,0,0.0,0.0,0.0,-0.03269911929965019,-0.0012105004861950874,-0.013021356426179409
1275,13,24,1.0,0.995823860168457,0,0,0.0,0.0,0.0,-0.0034970329143106937,-0.004657115787267685,-0.008798728697001934
1276,13,25,1.0,0.9993095397949219,0,0,0.0,0.0,0.0,0.0014755253214389086,-0.005734691396355629,-0.008505954407155514
1277,13,26,1.0,0.9931970238685608,0,0,0.0,0.0,0.0,0.0033722673542797565,0.1355028599500656,-0.00314088212326169
1278,13,27,1.0,0.9929759502410889,0,0,0.0,0.0,0.0,0.0029832138679921627,0.16475845873355865,-0.004523963201791048
1279,13,28,1.0,0.9919021129608154,0,0,0.0,0.0,0.0,-8.274102583527565e-06,0.2615869641304016,-0.0004705684259533882
1280,13,29,1.0,0.9919196963310242,0,0,0.0,0.25,0.0,1.157401129603386e-06,0.2616010904312134,-0.0005257567390799522
1281,13,30,1.0,0.9856550097465515,0,0,0.0,0.25,0.0,-6.943184416741133e-05,0.269868403673172,-0.0027091987431049347
1282,13,31,1.0,0.9849417805671692,0,0,0.0,0.25,0.0,0.00023676687851548195,0.26865828037261963,-0.005008102394640446
1283,13,32,1.0,0.987503707408905,0,0,0.0,0.25,0.0,-0.0002089866902679205,0.26987871527671814,-0.003626917488873005
1284,13,33,1.0,0.9894919991493225,0,0,0.0,0.25,0.0,-0.00010768219362944365,0.2696695625782013,-0.004782756790518761
1285,13,34,1.0,0.9922678470611572,0,0,0.0,0.25,0.0,0.0003876870032399893,0.27045440673828125,-0.0038706129416823387
1286,13,35,1.0,0.9949575066566467,0,0,0.0,0.25,0.0,0.0016628371085971594,0.2725547254085541,-0.005829695612192154
1287,13,36,1.0,0.993230938911438,0,0,0.0,0.25,0.0,0.0015680522192269564,0.27318495512008667,-0.0068112993612885475
1288,13,37,1.0,0.9960519075393677,0,0,0.0,0.25,0.0,0.0018328812438994646,0.2734284996986389,-0.010549088940024376
1289,13,38,1.0,0.9925199747085571,0,0,0.0,0.25,0.0,0.0012246277183294296,0.23544132709503174,-0.012191668152809143
1290,13,39,1.0,1.0000627040863037,0,0,0.0,0.0,0.0,0.0006297791842371225,0.06237965077161789,-0.021368347108364105
1291,13,40,1.0,1.0015920400619507,0,0,0.0,0.0,0.0,0.0002165499608963728,0.005698265507817268,-0.02376655861735344
1292,13,41,1.0,1.0011557340621948,0,0,0.0,0.0,0.0,0.00017549493350088596,-0.0006810523918829858,-0.02877144329249859
1293,13,42,1.0,0.9987685680389404,0,0,0.0,0.0,0.0,0.00048242160119116306,-0.0037836208939552307,-0.015147179365158081
1294,13,43,1.0,0.9987889528274536,0,0,0.0,0.0,0.0,0.0005027859006077051,-0.004556066356599331,-0.014914091676473618
1295,13,44,1.0,0.999371349811554,0,0,0.0,0.0,0.0,0.00015619909390807152,-0.001509358873590827,0.010420698672533035
1296,13,45,1.0,0.9993730783462524,0,0,0.0,0.0,0.0,0.00016058539040386677,-0.0015762862749397755,0.010434489697217941
1297,13,46,1.0,0.9991519451141357,0,0,0.0,0.25,0.0,0.00010928255505859852,-0.000926684238947928,0.008927455171942711
1298,13,47,1.0,1.0014289617538452,0,0,0.0,0.0,0.0,0.0005148728378117085,-0.0009326091967523098,-0.007862545549869537
1299,13,48,1.0,1.0020567178726196,0,0,0.0,0.0,0.0,0.0007297552656382322,-0.0023740995675325394,-0.009557116776704788
1300,13,49,1.0,1.0034257173538208,0,0,0.0,0.0,0.0,0.0007799346931278706,-0.0022791328374296427,-0.0050649140030145645
1301,13,50,1.0,1.0020060539245605,0,0,0.0,0.0,0.0,0.0002734570298343897,-0.000313025462673977,-0.01324954628944397
1302,13,51,1.0,1.0020055770874023,0,0,0.0,0.0,0.0,0.00022697541862726212,-0.0003532333066686988,-0.013269564136862755
1303,13,52,1.0,1.0048718452453613,0,0,0.0,0.0,0.0,0.00031957169994711876,0.0005744147347286344,-0.08398153632879257
1304,13,53,1.0,1.0048670768737793,0,0,0.0,0.0,0.0,0.00031460728496313095,0.0005699903704226017,-0.08400877565145493
1305,13,54,1.0,1.0054073333740234,0,0,0.0,0.0,-0.5,0.0005198202561587095,0.0005019694799557328,-0.14003992080688477
1306,13,55,1.0,0.9983723759651184,0,0,0.0,0.0,-0.5,-0.0003592537250369787,-0.0013345570769160986,-0.5376955270767212
1307,13,56,1.0,0.9980410933494568,0,0,0.0,0.0,-0.5,-0.00018604903016239405,-0.0020757759921252728,-0.5225304365158081
1308,13,57,1.0,0.9966660737991333,0,0,0.0,0.0,-0.5,0.0003487574867904186,-0.0019412455148994923,-0.5189224481582642
1309,13,58,1.0,1.0003116130828857,0,0,0.0,0.0,-0.5,0.0010941552463918924,-0.001682911766692996,-0.5034089088439941
1310,13,59,1.0,0.9982978105545044,0,0,0.0,0.0,-0.5,0.0005033984780311584,-0.0011188394855707884,-0.5187904834747314
1311,13,60,1.0,0.9992479681968689,0,0,0.0,0.0,-0.5,-0.0004129499429836869,-0.0012923618778586388,-0.5370155572891235
1312,13,61,1.0,1.003124475479126,0,0,0.0,0.0,-0.5,-0.00010068563278764486,-0.000691458466462791,-0.533517599105835
1313,13,62,1.0,1.0056953430175781,0,0,0.0,0.0,-0.5,0.0008274849969893694,-0.0015717586502432823,-0.54047691822052
1314,13,63,1.0,1.009495496749878,0,0,0.0,0.0,-0.5,0.0016447368543595076,-0.0019457907183095813,-0.5504417419433594
1315,13,64,1.0,0.9897577166557312,0,0,0.0,0.0,-0.5,0.0026898798532783985,0.0004119437653571367,-0.2597838044166565
1316,13,65,1.0,1.0026206970214844,0,0,0.0,0.0,0.0,0.00195412989705801,0.0010343865724280477,-0.04751243814826012
1317,13,66,1.0,1.3307214975357056,0,0,0.0,0.0,0.0,0.002113096881657839,0.0009695752523839474,0.024354778230190277
1318,13,67,1.0,1.3713573217391968,0,0,0.0,0.0,0.0,0.0019784788601100445,0.0007097285706549883,0.025132935494184494
1319,13,68,1.0,2.0408520698547363,0,1,0.0,0.0,0.0,-0.0003362976713106036,-0.00030924411839805543,0.001933232881128788
1320,13,69,2.0,2.040846824645996,1,1,0.0,0.0,0.0,-0.00032317847944796085,-0.00031387063791044056,0.0019001718610525131
1321,13,70,2.0,2.0386805534362793,1,1,0.0,0.0,0.0,0.0004946491681039333,-0.0007450832636095583,0.0012651579454541206
1322,13,71,2.0,2.037569999694824,1,1,0.0,0.0,0.0,0.0005229893140494823,-0.0012332613114267588,0.000781400129199028
1323,13,72,2.0,2.0386054515838623,1,1,0.0,0.0,0.0,-0.0006409692578017712,-0.0002562420559115708,0.0015236278995871544
1324,13,73,2.0,2.0420241355895996,1,1,0.0,0.0,0.0,-0.0006021915469318628,-0.0005706079537048936,0.007568713277578354
1325,13,74,2.0,2.0408859252929688,1,1,0.0,0.0,0.0,5.378294736146927e-05,0.0002897082595154643,0.00305249635130167
1326,13,75,2.0,2.040395498275757,1,1,0.0,0.0,0.0,-5.920755211263895e-05,-7.327354978770018e-06,0.0025536539033055305
1327,13,76,2.0,2.038808822631836,1,1,0.0,0.0,0.0,-0.0005118830595165491,0.0002822111709974706,0.0033175963908433914
1328,13,77,2.0,2.0390114784240723,1,1,0.0,0.0,0.0,-0.0005340671632438898,0.0001922532101161778,0.003164593130350113
1329,13,78,1.0,0.9960238337516785,0,0,0.0,0.0,0.0,0.0008719530887901783,0.0005788858979940414,0.3846113681793213
1330,13,79,1.0,0.993112325668335,0,0,0.0,0.0,0.0,0.0008766294922679663,0.0005307437386363745,0.3931029736995697
1331,13,80,1.0,0.981985330581665,0,0,0.0,0.0,0.0,0.00025822408497333527,0.0005657514557242393,0.47374463081359863
1332,13,81,1.0,0.9819983243942261,0,0,0.0,0.0,0.5,0.00025282567366957664,0.0005757905310019851,0.4751081168651581
1333,13,82,1.0,0.9861876964569092,0,0,0.0,0.0,0.5,0.00042991084046661854,0.00011851341696456075,0.5193068981170654
1334,13,83,1.0,1.0018855333328247,0,0,0.0,0.0,0.5,0.0003333897329866886,-4.012981662526727e-05,0.5156766176223755
1335,13,84,1.0,0.9997380375862122,0,0,0.0,0.0,0.5,0.00046830042265355587,0.00023226888151839375,0.5155563354492188
1336,13,85,1.0,0.9994826316833496,0,0,0.0,0.0,0.5,0.0004822150804102421,0.000339978258125484,0.5158290863037109
1337,13,86,1.0,1.0002124309539795,0,0,0.0,0.0,0.5,9.685242548584938e-05,0.0003473181859590113,0.5156697034835815
1338,13,87,1.0,1.0007402896881104,0,0,0.0,0.0,0.5,0.00043033622205257416,0.00019363389583304524,0.5158979892730713
1339,13,88,1.0,0.999884307384491,0,0,0.0,0.0,0.5,0.00018305587582290173,0.00018703920068219304,0.5171716213226318
1340,13,89,1.0,0.9994877576828003,0,0,0.0,0.0,0.5,-0.00010369415394961834,0.0004381097387522459,0.5186883211135864
1341,13,90,1.0,1.0003130435943604,0,0,0.0,0.0,0.5,0.00036400859244167805,1.986598363146186e-05,0.5178735256195068
1342,14,0,1.0,0.9926973581314087,0,0,0.0,0.0,0.0,-0.004370136186480522,0.003428151598200202,-0.0006234664469957352
1343,14,1,1.0,0.9921483397483826,0,0,0.0,0.0,0.0,-0.00463887769728899,0.003878297982737422,-0.0038092578761279583
1344,14,2,1.0,0.993915855884552,0,0,0.0,0.0,0.0,-0.006525266449898481,0.00221034768037498,-0.0053053004667162895
1345,14,3,1.0,0.9940147399902344,0,0,0.0,0.0,0.0,-0.006580576300621033,0.0020726199727505445,-0.004721525125205517
1346,14,4,1.0,0.9972485303878784,0,0,0.0,0.0,0.0,-0.00798789132386446,0.0022863163612782955,-0.004420182202011347
1347,14,5,1.0,0.9972648620605469,0,0,0.0,0.0,0.0,-0.007967734709382057,0.002266353229060769,-0.004293450620025396
1348,14,6,1.0,0.9981440305709839,0,0,0.0,0.0,0.0,0.024898327887058258,-0.0011456443462520838,0.0030076196417212486
1349,14,7,1.0,0.9981375932693481,0,0,0.0,0.0,0.0,0.024936353787779808,-0.0011527169262990355,0.0030397288501262665
1350,14,8,1.0,0.9914692044258118,0,0,0.0,0.0,0.0,0.1297195851802826,-0.00014626746997237206,-0.0054501816630363464
1351,14,9,1.0,0.9914673566818237,0,0,0.0,0.0,0.0,0.1297384351491928,-0.00014699663734063506,-0.00544362049549818
1352,14,10,1.0,0.9963617920875549,0,0,0.25,0.0,0.0,0.24392229318618774,-0.002153797075152397,-0.0034623267129063606
1353,14,11,1.0,0.9882089495658875,0,0,0.25,0.0,0.0,0.27027052640914917,-0.0029831549618393183,-0.004370236303657293
1354,14,12,1.0,0.9863672852516174,0,0,0.25,0.0,0.0,0.2710946202278137,-0.0027082525193691254,-0.005963512696325779
1355,14,13,1.0,0.982128381729126,0,0,0.25,0.0,0.0,0.27433663606643677,-0.0019928058609366417,-0.004334196448326111
1356,14,14,1.0,0.9820069074630737,0,0,0.25,0.0,0.0,0.2711843252182007,-0.0017274538986384869,-0.00427471986040473
1357,14,15,1.0,0.981293797492981,0,0,0.25,0.0,0.0,0.2720605134963989,-0.0011259885504841805,-0.005763293243944645
1358,14,16,1.0,0.980429470539093,0,0,0.25,0.0,0.0,0.27366194128990173,-0.0004351645184215158,-0.006429377011954784
1359,14,17,1.0,0.9818062782287598,0,0,0.25,0.0,0.0,0.2727985084056854,0.000557469786144793,-0.005357892718166113
1360,14,18,1.0,0.9857387542724609,0,0,0.25,0.0,0.0,0.2713332772254944,0.00016218057135120034,-0.004730804357677698
1361,14,19,1.0,0.9897907376289368,0,0,0.25,0.0,0.0,0.2700483202934265,0.0004870434058830142,-0.0010964465327560902
1362,14,20,1.0,0.992518961429596,0,0,0.25,0.0,0.0,0.2767569124698639,0.0005737375468015671,-0.006130254361778498
1363,14,21,1.0,0.998629629611969,0,0,0.25,0.0,0.0,0.27649107575416565,-0.0011887229047715664,-0.0004286179319024086
1364,14,22,1.0,0.9980975985527039,0,0,0.25,0.0,0.0,0.0737365335226059,-0.003120693378150463,-0.016277890652418137
1365,14,23,1.0,0.9975171685218811,0,0,0.0,0.0,0.0,0.022943997755646706,-0.0017827016999945045,-0.017001288011670113
1366,14,24,1.0,0.9975892305374146,0,0,0.0,0.0,0.0,0.0024619968608021736,-0.0013945781392976642,-0.00644656689837575
1367,14,25,1.0,0.995969831943512,0,0,0.0,0.0,0.0,-0.0018869979539886117,-0.0025892825797200203,-0.004901597276329994
1368,14,26,1.0,0.9960251450538635,0,0,0.0,0.0,0.0,-0.003013692796230316,-0.0017678324365988374,-0.0038214954547584057
1369,14,27,1.0,0.99656081199646,0,0,0.0,0.0,0.0,-0.0024395198561251163,-0.0013921917416155338,-0.005265119485557079
1370,14,28,1.0,1.005392074584961,0,0,0.0,-0.25,0.0,0.00013562245294451714,-0.2167772501707077,-0.013232879340648651
1371,14,29,1.0,0.9912800192832947,0,0,0.0,-0.25,0.0,0.0002060835249722004,-0.2748790979385376,-0.007144216913729906
1372,14,30,1.0,0.9947106242179871,0,0,0.0,-0.25,0.0,-0.00023041595704853535,-0.2764286398887634,-0.004556231666356325
1373,14,31,1.0,0.9958267211914062,0,0,0.0,-0.25,0.0,-0.00022911082487553358,-0.2752164602279663,-0.0073510464280843735
1374,14,32,1.0,0.9991251230239868,0,0,0.0,-0.25,0.0,0.0001964871771633625,-0.27332210540771484,-0.010425524786114693
1375,14,33,1.0,0.9945916533470154,0,0,0.0,-0.25,0.0,0.0003129187971353531,-0.27542468905448914,-0.010548398829996586
1376,14,34,1.0,0.9930616617202759,0,0,0.0,-0.25,0.0,0.0007700962014496326,-0.2750737965106964,-0.008013879880309105
1377,14,35,1.0,0.9951376914978027,0,0,0.0,-0.25,0.0,0.0016358180437237024,-0.2763340175151825,-0.005666349083185196
1378,14,36,1.0,0.9980539679527283,0,0,0.0,-0.25,0.0,0.0005266894586384296,-0.27729788422584534,-0.006714267190545797
1379,14,37,1.0,0.9946778416633606,0,0,0.0,-0.25,0.0,-0.00014926306903362274,-0.2789117395877838,-0.006223713047802448
1380,14,38,1.0,1.0004388093948364,0,0,0.0,-0.25,0.0,-0.0015750181628391147,-0.25055307149887085,-0.00824128556996584
1381,14,39,1.0,0.9992672204971313,0,0,0.0,0.0,0.0,-0.0025355794932693243,-0.14568102359771729,-0.0030332482419908047
1382,14,40,1.0,1.001131296157837,0,0,0.0,0.0,0.0,-0.000305473105981946,-0.038990337401628494,-0.020756341516971588
1383,14,41,1.0,1.0005998611450195,0,0,0.0,0.0,0.0,-0.00015157985035330057,-0.009232236072421074,-0.013243225403130054
1384,14,42,1.0,1.0012685060501099,0,0,0.0,0.0,0.0,-0.00023327325470745564,-0.0023983188439160585,-0.008306322619318962
1385,14,43,1.0,1.0014797449111938,0,0,0.0,0.0,0.0,-0.0003002347657456994,-0.001268008491024375,-0.008224247954785824
1386,14,44,1.0,1.005720615386963,0,0,0.0,0.0,0.0,0.00014930404722690582,-0.0026626107282936573,-0.027576925233006477
1387,14,45,1.0,1.0057188272476196,0,0,0.0,0.0,0.0,0.00014034472405910492,-0.0026257559657096863,-0.027646316215395927
1388,14,46,1.0,1.0061326026916504,0,0,0.0,-0.25,0.0,0.00033966032788157463,-0.0027255387976765633,-0.023585505783557892
1389,14,47,1.0,1.0077117681503296,0,0,0.0,0.0,0.0,0.0004287350457161665,-0.003713352372869849,-0.014593617990612984
1390,14,48,1.0,1.0055968761444092,0,0,0.0,0.0,0.0,-3.209779970347881e-05,-0.002196408109739423,0.0003089914098381996
1391,14,49,1.0,1.0047777891159058,0,0,0.0,0.0,0.0,-0.00018064340110868216,-0.0013954178430140018,-0.011649321764707565
1392,14,50,1.0,1.0086323022842407,0,0,0.0,0.0,0.0,0.00046670250594615936,-0.0009257853962481022,-0.1705666035413742
1393,14,51,1.0,1.0086678266525269,0,0,0.0,0.0,0.0,0.0004885918460786343,-0.0008640883024781942,-0.17063987255096436
1394,14,52,1.0,1.0080486536026,0,0,0.0,0.0,0.0,0.0006481586024165154,-0.0013936059549450874,-0.24045884609222412
1395,14,53,1.0,1.0080405473709106,0,0,0.0,0.0,0.0,0.0006510866805911064,-0.0013806810602545738,-0.24060288071632385
1396,14,54,1.0,1.0079339742660522,0,0,0.0,0.0,-0.5,0.0006866680923849344,-0.0012130162212997675,-0.23901066184043884
1397,14,55,1.0,0.9960265159606934,0,0,0.0,0.0,-0.5,-0.0009732926264405251,-0.0009273198083974421,-0.5425723791122437
1398,14,56,1.0,0.9956824779510498,0,0,0.0,0.0,-0.5,-0.0005917771486565471,-0.0018819301621988416,-0.520530104637146
1399,14,57,1.0,0.9964290857315063,0,0,0.0,0.0,-0.5,0.0003610257990658283,-0.0009200184140354395,-0.5163713693618774
1400,14,58,1.0,1.0017625093460083,0,0,0.0,0.0,-0.5,0.00021134642884135246,-0.0009862802689895034,-0.5118672847747803
1401,14,59,1.0,1.001307725906372,0,0,0.0,0.0,-0.5,-5.176244303584099e-05,-0.0015410592313855886,-0.5270993709564209
1402,14,60,1.0,1.0044257640838623,0,0,0.0,0.0,-0.5,-0.00032169476617127657,-0.0013483663788065314,-0.5367162227630615
1403,14,61,1.0,1.0125280618667603,0,0,0.0,0.0,-0.5,0.0001564682461321354,-0.0009729405282996595,-0.5420929193496704
1404,14,62,1.0,1.016237735748291,0,0,0.0,0.0,-0.5,0.001311897998675704,-0.0023455643095076084,-0.5486514568328857
1405,14,63,1.0,1.0146608352661133,0,0,0.0,0.0,-0.5,0.0007563726976513863,-0.001613942557014525,-0.5469392538070679
1406,14,64,1.0,0.997860848903656,0,0,0.0,0.0,-0.5,0.00043176417239010334,-0.00042888373718596995,-0.42088982462882996
1407,14,65,1.0,0.9975844621658325,0,0,0.0,0.0,0.0,1.5336787328124046e-05,-0.00013885751832276583,-0.37968873977661133
1408,14,66,1.0,1.0280884504318237,0,0,0.0,0.0,0.0,-5.567772313952446e-05,-0.0023769885301589966,-0.055578093975782394
1409,14,67,1.0,1.0301278829574585,0,0,0.0,0.0,0.0,-2.4019507691264153e-05,-0.0023121535778045654,-0.05187307670712471
1410,14,68,1.0,2.0232768058776855,0,1,0.0,0.0,0.0,0.0006725599523633718,-0.0006581434281542897,0.003972750157117844
1411,14,69,2.0,2.0234439373016357,1,1,0.0,0.0,0.0,0.0006681811064481735,-0.0006613278528675437,0.003945216536521912
1412,14,70,2.0,2.0408689975738525,1,1,0.0,0.0,0.0,0.0010206445585936308,-0.0003007309860549867,0.001100294291973114
1413,14,71,2.0,2.0393764972686768,1,1,0.0,0.0,0.0,0.0007678207475692034,-0.00013750072685070336,0.0017690202221274376
1414,14,72,2.0,2.0423669815063477,1,1,0.0,0.0,0.0,-9.054085239768028e-06,0.0005017319926992059,0.007339956238865852
1415,14,73,2.0,2.041815996170044,1,1,0.0,0.0,0.0,0.0001772870309650898,0.00015128141967579722,0.006226826459169388
1416,14,74,2.0,2.0427308082580566,1,1,0.0,0.0,0.0,-0.00014914153143763542,0.00033012113999575377,0.008898114785552025
1417,14,75,2.0,2.0391993522644043,1,1,0.0,0.0,0.0,-0.00010915775783360004,-5.793815944343805e-05,0.00945071317255497
1418,14,76,1.0,2.0356533527374268,0,1,0.0,0.0,0.0,0.00015296065248548985,-0.000528724049217999,0.008657321333885193
1419,14,77,1.0,1.8269267082214355,0,1,0.0,0.0,0.0,0.000681702746078372,-0.00041476343176327646,-0.005384350661188364
1420,14,78,1.0,0.9911981225013733,0,0,0.0,0.0,0.0,0.0029647955670952797,-0.0013618436641991138,0.16514931619167328
1421,14,79,1.0,0.9844089150428772,0,0,0.0,0.0,0.0,-0.00036469672340899706,-0.0002916316734626889,0.4337003529071808
1422,14,80,1.0,0.989349365234375,0,0,0.0,0.0,0.0,0.000260351225733757,0.00015760120004415512,0.5069230794906616
1423,14,81,1.0,0.988768458366394,0,0,0.0,0.0,0.0,-0.00040239072404801846,-0.00026059820083901286,0.5029672384262085
1424,14,82,1.0,0.9903380274772644,0,0,0.0,0.0,0.5,0.0006008553318679333,0.0006349070463329554,0.5099809169769287
1425,14,83,1.0,1.0012661218643188,0,0,0.0,0.0,0.5,0.0006528918165713549,-0.00020329523249529302,0.519243597984314
1426,14,84,1.0,0.9973443746566772,0,0,0.0,0.0,0.5,0.0003551023546606302,0.0002986523322761059,0.516909122467041
1427,14,85,1.0,1.0002052783966064,0,0,0.0,0.0,0.5,0.00021571596153080463,5.3607625886797905e-05,0.5169569253921509
1428,14,86,1.0,0.9987131357192993,0,0,0.0,0.0,0.5,0.00037099746987223625,0.0002040932304225862,0.5187606811523438
1429,14,87,1.0,0.9989707469940186,0,0,0.0,0.0,0.5,-0.00021911412477493286,-3.052817191928625e-06,0.5163118839263916
1430,14,88,1.0,0.9983869791030884,0,0,0.0,0.0,0.5,-9.534100536257029e-05,0.0004998049698770046,0.5186638832092285
1431,14,89,1.0,0.9981926083564758,0,0,0.0,0.0,0.5,6.529665552079678e-05,0.00036025478038936853,0.5157382488250732
1432,14,90,1.0,0.9992544054985046,0,0,0.0,0.0,0.5,0.00031291483901441097,0.0004451759159564972,0.5169341564178467
1433,14,91,1.0,0.9970641136169434,0,0,0.0,0.0,0.5,5.049258470535278e-05,0.0003756525693461299,0.5166922807693481
1434,15,0,1.0,0.9925092458724976,0,0,0.0,0.0,0.0,-0.0033127665519714355,0.0002493539359420538,0.0026733987033367157
1435,15,1,1.0,0.9922855496406555,0,0,0.0,0.0,0.0,-0.003998929634690285,0.0010918908519670367,-0.0016590012237429619
1436,15,2,1.0,0.9920883178710938,0,0,0.0,0.0,0.0,-0.005993982311338186,0.0003246088745072484,0.0027613043785095215
1437,15,3,1.0,0.9919997453689575,0,0,0.0,0.0,0.0,-0.006108955014497042,6.834027590230107e-05,0.003304148092865944
1438,15,4,1.0,0.9924458861351013,0,0,0.0,0.0,0.0,-0.008756518363952637,-0.00016613159095868468,-0.0035189948976039886
1439,15,5,1.0,0.9924350380897522,0,0,0.0,0.0,0.0,-0.008734161034226418,-0.0001863580255303532,-0.003344472963362932
1440,15,6,1.0,0.9943112134933472,0,0,0.0,0.0,0.0,-0.00011765374802052975,-0.0007805609493516386,-0.0003781365230679512
1441,15,7,1.0,0.9943090081214905,0,0,0.0,0.0,0.0,-9.516975842416286e-05,-0.0007896882016211748,-0.0003359029069542885
1442,15,8,1.0,0.9918155074119568,0,0,0.0,0.0,0.0,0.05903048813343048,-0.003139358712360263,-0.0030845864675939083
1443,15,9,1.0,0.9918127655982971,0,0,0.0,0.0,0.0,0.05905410274863243,-0.0031404101755470037,-0.0030763475224375725
1444,15,10,1.0,0.9922056198120117,0,0,0.25,0.0,0.0,0.22855858504772186,-0.0015077355783432722,-0.006271206773817539
1445,15,11,1.0,0.9866265654563904,0,0,0.25,0.0,0.0,0.2702926993370056,-0.0010313944658264518,-0.006570493336766958
1446,15,12,1.0,0.9841580986976624,0,0,0.25,0.0,0.0,0.27132630348205566,-0.0008516372181475163,-0.004491108935326338
1447,15,13,1.0,0.9851298332214355,0,0,0.25,0.0,0.0,0.27413976192474365,-0.0014509474858641624,-0.005400466732680798
1448,15,14,1.0,0.9836968183517456,0,0,0.25,0.0,0.0,0.27202150225639343,-0.0020755825098603964,-0.002645646221935749
1449,15,15,1.0,0.9843873381614685,0,0,0.25,0.0,0.0,0.27106061577796936,-0.0022807344794273376,-0.005369945429265499
1450,15,16,1.0,0.9871854782104492,0,0,0.25,0.0,0.0,0.26934778690338135,-0.0024381540715694427,-0.003183559514582157
1451,15,17,1.0,0.9960022568702698,0,0,0.25,0.0,0.0,0.2659812867641449,-0.002556778024882078,-0.004090264439582825
1452,15,18,1.0,1.0098305940628052,0,0,0.25,0.0,0.0,0.26654350757598877,-0.002811732003465295,-0.007541432045400143
1453,15,19,1.0,1.0292384624481201,0,0,0.25,0.0,0.0,0.26459720730781555,-0.0027045325841754675,-0.010302670300006866
1454,15,20,1.0,1.006806492805481,0,0,0.25,0.0,0.0,0.26900023221969604,-0.002876348327845335,-0.013761975802481174
1455,15,21,1.0,0.9900535345077515,0,0,0.25,0.0,0.0,0.2678114175796509,-0.0009303937549702823,-0.0198083333671093
1456,15,22,1.0,0.9911889433860779,0,0,0.25,0.0,0.0,0.1410013735294342,0.0028583446983247995,-0.00428033247590065
1457,15,23,1.0,1.0007752180099487,0,0,0.0,0.0,0.0,0.03762301802635193,0.004273398779332638,0.0033561615273356438
1458,15,24,1.0,1.001050591468811,0,0,0.0,0.0,0.0,0.002703455276787281,0.0018447719048708677,0.008605493232607841
1459,15,25,1.0,0.9966012239456177,0,0,0.0,0.0,0.0,-0.0020734479185193777,-0.0038399084005504847,0.006344788707792759
1460,15,26,1.0,0.9898289442062378,0,0,0.0,0.0,0.0,0.004203109070658684,0.15993313491344452,-0.0017930436879396439
1461,15,27,1.0,0.989938497543335,0,0,0.0,0.0,0.0,0.00433617178350687,0.1850789189338684,-0.0021586534567177296
1462,15,28,1.0,0.99019455909729,0,0,0.0,0.0,0.0,0.0008585937321186066,0.26260697841644287,0.0010445937514305115
1463,15,29,1.0,0.990035355091095,0,0,0.0,0.25,0.0,0.0008276563603430986,0.2628002464771271,0.0009754588827490807
1464,15,30,1.0,0.9903597831726074,0,0,0.0,0.25,0.0,0.0008706387598067522,0.27020129561424255,-0.007047628052532673
1465,15,31,1.0,0.9900032877922058,0,0,0.0,0.25,0.0,0.00039349752478301525,0.26803433895111084,-0.0069335284642875195
1466,15,32,1.0,0.9906031489372253,0,0,0.0,0.25,0.0,1.9445782527327538e-05,0.2654174268245697,-0.00785071961581707
1467,15,33,1.0,0.9905991554260254,0,0,0.0,0.25,0.0,0.0006377371028065681,0.2670884430408478,-0.006212913431227207
1468,15,34,1.0,0.992682158946991,0,0,0.0,0.25,0.0,0.0017869293224066496,0.2709391117095947,-0.006216291803866625
1469,15,35,1.0,0.9919390678405762,0,0,0.0,0.25,0.0,0.0015430441126227379,0.2734437584877014,-0.0035704299807548523
1470,15,36,1.0,0.9891719222068787,0,0,0.0,0.25,0.0,0.0009498842991888523,0.2732670307159424,-0.00591535959392786
1471,15,37,1.0,0.9890798330307007,0,0,0.0,0.25,0.0,0.001087510259822011,0.27359825372695923,-0.0030447691679000854
1472,15,38,1.0,0.9922901391983032,0,0,0.0,0.25,0.0,0.001888395519927144,0.2575671374797821,-0.0020385030657052994
1473,15,39,1.0,0.997001588344574,0,0,0.0,0.0,0.0,0.0010636632796376944,0.12547999620437622,0.0013581402599811554
1474,15,40,1.0,1.0017642974853516,0,0,0.0,0.0,0.0,-0.0002781046787276864,0.011740218847990036,0.003833077847957611
1475,15,41,1.0,1.0007264614105225,0,0,0.0,0.0,0.0,-0.000376123352907598,0.0028645724523812532,-0.003926491364836693
1476,15,42,1.0,1.0025928020477295,0,0,0.0,0.0,0.0,-4.3052248656749725e-05,-0.0010221186093986034,0.010007862001657486
1477,15,43,1.0,1.002556324005127,0,0,0.0,0.0,0.0,-9.812181815505028e-06,-0.0014180829748511314,0.010171471163630486
1478,15,44,1.0,1.00615656375885,0,0,0.0,0.0,0.0,0.0001845262013375759,-0.0028329603374004364,-0.023058010265231133
1479,15,45,1.0,1.0061534643173218,0,0,0.0,0.0,0.0,0.00018492271192371845,-0.0028550426941365004,-0.023028690367937088
1480,15,46,1.0,1.006631851196289,0,0,0.0,0.25,0.0,0.00011599971912801266,-0.002735969377681613,-0.02085339091718197
1481,15,47,1.0,1.0077179670333862,0,0,0.0,0.0,0.0,0.0005678243469446898,-0.0017048127483576536,-0.02252434566617012
1482,15,48,1.0,1.005107045173645,0,0,0.0,0.0,0.0,0.00020592915825545788,-0.0005147902993485332,0.004367420449852943
1483,15,49,1.0,1.00505793094635,0,0,0.0,0.0,0.0,0.00010510836727917194,-0.0011476072249934077,0.01287110522389412
1484,15,50,1.0,1.0045967102050781,0,0,0.0,0.0,0.0,0.0004757172428071499,8.523103315383196e-05,-0.050383321940898895
1485,15,51,1.0,1.0045716762542725,0,0,0.0,0.0,0.0,0.000448539387434721,1.1477386578917503e-06,-0.05115082114934921
1486,15,52,1.0,1.0070658922195435,0,0,0.0,0.0,0.0,0.0003855484537780285,-7.149111479520798e-05,-0.16815529763698578
1487,15,53,1.0,1.0070583820343018,0,0,0.0,0.0,-0.5,0.00038743275217711926,-8.165789768099785e-05,-0.16833151876926422
1488,15,54,1.0,0.9973230361938477,0,0,0.0,0.0,-0.5,-0.001167232054285705,-0.0001315496047027409,-0.5415719747543335
1489,15,55,1.0,0.9953113198280334,0,0,0.0,0.0,-0.5,-0.00017981964629143476,-0.0008233582484535873,-0.5226545333862305
1490,15,56,1.0,0.9970348477363586,0,0,0.0,0.0,-0.5,7.408484816551208e-05,-0.0009642285294830799,-0.5230478048324585
1491,15,57,1.0,0.9975572824478149,0,0,0.0,0.0,-0.5,0.00013262243010103703,-0.0008526724996045232,-0.5223604440689087
1492,15,58,1.0,0.9979255795478821,0,0,0.0,0.0,-0.5,-0.0001514974283054471,-0.0011964081786572933,-0.5233778953552246
1493,15,59,1.0,0.9978257417678833,0,0,0.0,0.0,-0.5,-0.00048651406541466713,-0.0018897560657933354,-0.5314409732818604
1494,15,60,1.0,1.0093835592269897,0,0,0.0,0.0,-0.5,-0.0001750317169353366,-0.0006030082586221397,-0.5384458303451538
1495,15,61,1.0,1.0168230533599854,0,0,0.0,0.0,-0.5,0.0010372523684054613,-0.0007063292432576418,-0.5496430397033691
1496,15,62,1.0,1.003208041191101,0,0,0.0,0.0,-0.5,0.0010206755250692368,0.0016324683092534542,-0.220274418592453
1497,15,63,1.0,1.0030030012130737,0,0,0.0,0.0,-0.5,0.0006856382824480534,0.0014506308361887932,-0.17227484285831451
1498,15,64,1.0,1.2200807332992554,0,0,0.0,0.0,0.0,0.0018877447582781315,2.9765302315354347e-05,0.03149089589715004
1499,15,65,1.0,1.2271407842636108,0,0,0.0,0.0,0.0,0.0018338582012802362,-5.533930379897356e-05,0.03248564526438713
1500,15,66,1.0,1.9958906173706055,0,1,0.0,0.0,0.0,0.0001665262971073389,-0.00023914725170470774,0.002480480819940567
1501,15,67,1.0,1.996179223060608,0,1,0.0,0.0,0.0,0.00016680080443620682,-0.00024180786567740142,0.002449668012559414
1502,15,68,1.0,2.0388784408569336,0,1,0.0,0.0,0.0,-0.0002557658590376377,-5.6811957620084286e-05,0.0015178481116890907
1503,15,69,2.0,2.0388736724853516,1,1,0.0,0.0,0.0,-0.00025448750238865614,-5.859258817508817e-05,0.0015128785744309425
1504,15,70,2.0,2.039201259613037,1,1,0.0,0.0,0.0,0.0006472805980592966,-0.0005039392272010446,6.589014083147049e-05
1505,15,71,2.0,2.040123224258423,1,1,0.0,0.0,0.0,0.0005969309713691473,-0.0005678449524566531,0.0009840205311775208
1506,15,72,2.0,2.0394978523254395,1,1,0.0,0.0,0.0,6.495346315205097e-05,-0.0005662215990014374,0.005223848856985569
1507,15,73,2.0,2.0405890941619873,1,1,0.0,0.0,0.0,-0.00024748581927269697,-0.0007057795883156359,0.006799946539103985
1508,15,74,2.0,2.0429015159606934,1,1,0.0,0.0,0.0,-0.0001271266955882311,-0.0003888773499056697,0.006081627681851387
1509,15,75,1.0,2.042445182800293,0,1,0.0,0.0,0.0,0.00014360505156219006,-8.944800356402993e-05,0.004858975298702717
1510,15,76,1.0,0.9887149333953857,0,0,0.0,0.0,0.0,0.000980418873950839,-0.0007533397292718291,0.3876893222332001
1511,15,77,1.0,0.982986569404602,0,0,0.0,0.0,0.0,7.250113412737846e-06,-0.0006756584043614566,0.470859169960022
1512,15,78,1.0,0.9872698783874512,0,0,0.0,0.0,0.0,-0.0003362754359841347,-0.0003243954561185092,0.4970594346523285
1513,15,79,1.0,0.9871498346328735,0,0,0.0,0.0,0.0,-0.00033790303859859705,-0.00032473323517479,0.4967687427997589
1514,15,80,1.0,0.9853340983390808,0,0,0.0,0.0,0.0,-8.626456838101149e-05,-0.000291009753709659,0.49787744879722595
1515,15,81,1.0,0.9853404760360718,0,0,0.0,0.0,0.5,-9.045458864420652e-05,-0.00029180358978919685,0.4979654848575592
1516,15,82,1.0,0.9961058497428894,0,0,0.0,0.0,0.5,0.00018091080710291862,0.00030166696524247527,0.5194300413131714
1517,15,83,1.0,1.0005061626434326,0,0,0.0,0.0,0.5,6.769574247300625e-05,-4.720897413790226e-05,0.5161818265914917
1518,15,84,1.0,0.9987099170684814,0,0,0.0,0.0,0.5,-0.00029842578805983067,-0.00016622795374132693,0.5155839920043945
1519,15,85,1.0,0.9982462525367737,0,0,0.0,0.0,0.5,-0.00015279417857527733,-0.00023715916904620826,0.5174611806869507
1520,15,86,1.0,0.9989643692970276,0,0,0.0,0.0,0.5,-0.00012629327829927206,-0.000323130952892825,0.5170882940292358
1521,15,87,1.0,0.9964766502380371,0,0,0.0,0.0,0.5,-0.00011417025234550238,0.00015217746840789914,0.5142405033111572
1522,15,88,1.0,0.9966071844100952,0,0,0.0,0.0,0.5,-4.616496153175831e-05,-0.00012267677811905742,0.5201277732849121
1523,15,89,1.0,0.9979819059371948,0,0,0.0,0.0,0.5,-0.00011717621237039566,1.5376717783510685e-06,0.5179442167282104
1524,15,90,1.0,0.9979015588760376,0,0,0.0,0.0,0.5,0.000241836067289114,0.0001970628509297967,0.5194405317306519
1525,16,0,1.0,0.991590678691864,0,0,0.0,0.0,0.0,0.0017705196514725685,0.0024655803572386503,0.003766321577131748
1526,16,1,1.0,0.9924318790435791,0,0,0.0,0.0,0.0,0.001541058300063014,0.002598945051431656,0.0019637970253825188
1527,16,2,1.0,0.9932329654693604,0,0,0.0,0.0,0.0,0.0013925398234277964,0.003551210043951869,0.0029324963688850403
1528,16,3,1.0,0.9932668209075928,0,0,0.0,0.0,0.0,0.0014271209947764874,0.003487867536023259,0.0036887042224407196
1529,16,4,1.0,0.9949417114257812,0,0,0.0,0.0,0.0,0.002459240145981312,0.002674063667654991,-0.010853897780179977
1530,16,5,1.0,0.994970440864563,0,0,0.0,0.0,0.0,0.002473673317581415,0.002674211747944355,-0.010638254694640636
1531,16,6,1.0,0.9957998991012573,0,0,0.0,0.0,0.0,-0.01664092391729355,-0.0009801057167351246,-0.011820761486887932
1532,16,7,1.0,0.9958063364028931,0,0,0.0,0.0,0.0,-0.016611343249678612,-0.000984220765531063,-0.011771501041948795
1533,16,8,1.0,0.9951708316802979,0,0,0.0,0.0,0.0,-0.03984352573752403,-0.0024333111941814423,-0.010271953418850899
1534,16,9,1.0,0.9951723217964172,0,0,0.0,0.0,0.0,-0.039833053946495056,-0.002435016445815563,-0.010258479043841362
1535,16,10,1.0,0.9947901964187622,0,0,-0.25,0.0,0.0,-0.22081725299358368,-0.0013379617594182491,-0.015147116035223007
1536,16,11,1.0,0.9834519624710083,0,0,-0.25,0.0,0.0,-0.2609861493110657,-0.0002857515646610409,-0.008949434384703636
1537,16,12,1.0,0.9776387214660645,0,0,-0.25,0.0,0.0,-0.2728758156299591,-0.00010659999679774046,-0.007468710653483868
1538,16,13,1.0,0.9746969938278198,0,0,-0.25,0.0,0.0,-0.27443766593933105,-0.00048469071043655276,-0.0065146517008543015
1539,16,14,1.0,0.9748758673667908,0,0,-0.25,0.0,0.0,-0.27451592683792114,-0.0004580169334076345,-0.005381368100643158
1540,16,15,1.0,0.9758894443511963,0,0,-0.25,0.0,0.0,-0.2725263833999634,-2.7771980967372656e-05,-0.004916822537779808
1541,16,16,1.0,0.9756602644920349,0,0,-0.25,0.0,0.0,-0.2720681428909302,0.00012578460155054927,-0.0034118392504751682
1542,16,17,1.0,0.9793049097061157,0,0,-0.25,0.0,0.0,-0.2686828076839447,0.0015433973167091608,-0.003361975308507681
1543,16,18,1.0,0.9781814813613892,0,0,-0.25,0.0,0.0,-0.2735125422477722,0.0015125407371670008,-0.0052042435854673386
1544,16,19,1.0,0.9817689657211304,0,0,-0.25,0.0,0.0,-0.27444547414779663,0.0004380396567285061,-0.008286062628030777
1545,16,20,1.0,0.9828245639801025,0,0,-0.25,0.0,0.0,-0.279012531042099,0.001660848967730999,-0.013101636432111263
1546,16,21,1.0,0.982750654220581,0,0,-0.25,0.0,0.0,-0.2847045958042145,0.00048717332538217306,-0.013932403177022934
1547,16,22,1.0,0.985894501209259,0,0,-0.25,0.0,0.0,-0.2799726724624634,-0.0002983618469443172,-0.014554787427186966
1548,16,23,1.0,0.9912875890731812,0,0,-0.25,0.0,0.0,-0.21807169914245605,-0.000544802111107856,-0.015461280010640621
1549,16,24,1.0,0.9950779676437378,0,0,0.0,0.0,0.0,-0.008281480520963669,0.0006758079398423433,-0.01614655740559101
1550,16,25,1.0,0.9940339922904968,0,0,0.0,0.0,0.0,0.0011940549593418837,0.0007827823283150792,-0.0174040999263525
1551,16,26,1.0,0.9966914653778076,0,0,0.0,0.0,0.0,0.005314992740750313,-0.0001681567810010165,-0.009298992343246937
1552,16,27,1.0,0.9969637989997864,0,0,0.0,0.0,0.0,0.006091079208999872,-0.00021646637469530106,-0.011226322501897812
1553,16,28,1.0,0.9979583024978638,0,0,0.0,0.0,0.0,0.0012906149495393038,-0.08775584399700165,-0.0032335366122424603
1554,16,29,1.0,0.9980076551437378,0,0,0.0,0.0,0.0,0.001354430802166462,-0.08844202011823654,-0.0033020414412021637
1555,16,30,1.0,0.9954994916915894,0,0,0.0,-0.25,0.0,-0.0001818918390199542,-0.2438109964132309,-0.00880657508969307
1556,16,31,1.0,0.9860462546348572,0,0,0.0,-0.25,0.0,0.0008665781933814287,-0.26810693740844727,-0.0048036822117865086
1557,16,32,1.0,0.987082839012146,0,0,0.0,-0.25,0.0,0.0013399086892604828,-0.2748025357723236,-0.0063727376982569695
1558,16,33,1.0,0.9880415201187134,0,0,0.0,-0.25,0.0,0.0006178994663059711,-0.2752639949321747,-0.00513785146176815
1559,16,34,1.0,0.9901745319366455,0,0,0.0,-0.25,0.0,1.3293465599417686e-05,-0.2758260667324066,-0.003830692730844021
1560,16,35,1.0,0.9933487176895142,0,0,0.0,-0.25,0.0,-0.0004498240305110812,-0.2753756046295166,-0.0042756530456244946
1561,16,36,1.0,0.9955493807792664,0,0,0.0,-0.25,0.0,-0.0006609639385715127,-0.2734183073043823,-0.0072623081505298615
1562,16,37,1.0,0.9953057765960693,0,0,0.0,-0.25,0.0,0.0015264293178915977,-0.2741548418998718,-0.008023370988667011
1563,16,38,1.0,0.9929486513137817,0,0,0.0,-0.25,0.0,0.0020434767939150333,-0.2777140438556671,-0.00922597199678421
1564,16,39,1.0,0.994373083114624,0,0,0.0,-0.25,0.0,0.0009011928923428059,-0.27780166268348694,-0.007650843355804682
1565,16,40,1.0,0.9999812245368958,0,0,0.0,0.0,0.0,-0.002318732673302293,-0.17641019821166992,-0.014736105687916279
1566,16,41,1.0,1.003849983215332,0,0,0.0,0.0,0.0,-0.0014216731069609523,-0.02703842706978321,-0.005177493207156658
1567,16,42,1.0,1.003190517425537,0,0,0.0,0.0,0.0,-0.0008029800374060869,-0.002887131180614233,-0.007840191945433617
1568,16,43,1.0,1.002210021018982,0,0,0.0,0.0,0.0,-0.000647163949906826,-0.0010083301458507776,-0.007303154561668634
1569,16,44,1.0,0.9983331561088562,0,0,0.0,0.0,0.0,-0.0004722449230030179,-0.0015894658863544464,-0.001598922535777092
1570,16,45,1.0,0.998386561870575,0,0,0.0,0.0,0.0,-0.0004889665869995952,-0.00132658495567739,-0.0015412140637636185
1571,16,46,1.0,0.9998705387115479,0,0,0.0,-0.25,0.0,-0.00013034301809966564,-0.0012401812709867954,0.010485764592885971
1572,16,47,1.0,1.0014361143112183,0,0,0.0,0.0,0.0,-0.0002405117265880108,-0.0035912019666284323,-0.0028248392045497894
1573,16,48,1.0,0.997768759727478,0,0,0.0,0.0,0.0,-9.28324880078435e-05,-0.004659191705286503,0.012191509827971458
1574,16,49,1.0,0.9988521933555603,0,0,0.0,0.0,0.0,0.0001169741153717041,-0.0019635267090052366,0.013636840507388115
1575,16,50,1.0,0.9983668327331543,0,0,0.0,0.0,0.0,-0.0001567924628034234,-0.0016162390820682049,-0.003089195117354393
1576,16,51,1.0,0.9983682036399841,0,0,0.0,0.0,0.0,-0.00015900633297860622,-0.001478108111768961,-0.0034274253994226456
1577,16,52,1.0,1.0008037090301514,0,0,0.0,0.0,0.0,9.043700993061066e-05,-0.0015514465048909187,-0.023179855197668076
1578,16,53,1.0,1.0008004903793335,0,0,0.0,0.0,0.0,8.897879160940647e-05,-0.0015359974931925535,-0.023279035463929176
1579,16,54,1.0,0.9999083280563354,0,0,0.0,0.0,0.0,-1.983577385544777e-05,-0.001538541167974472,-0.0170634426176548
1580,16,55,1.0,0.9999098181724548,0,0,0.0,0.0,-0.5,-1.9924715161323547e-05,-0.0015342506812885404,-0.017083201557397842
1581,16,56,1.0,0.9974303245544434,0,0,0.0,0.0,-0.5,-0.0012807755265384912,-0.0005214460543356836,-0.5456498861312866
1582,16,57,1.0,0.9979491233825684,0,0,0.0,0.0,-0.5,-0.0008289816323667765,-0.00020628274069167674,-0.5390069484710693
1583,16,58,1.0,0.9976505637168884,0,0,0.0,0.0,-0.5,-0.0011903196573257446,-0.0012059090659022331,-0.5313495397567749
1584,16,59,1.0,0.9970390796661377,0,0,0.0,0.0,-0.5,-0.0008957886602729559,-0.0009265906410291791,-0.5218250751495361
1585,16,60,1.0,0.9980696439743042,0,0,0.0,0.0,-0.5,-0.00036102859303355217,-0.0010875259758904576,-0.525987982749939
1586,16,61,1.0,1.0011793375015259,0,0,0.0,0.0,-0.5,9.685894474387169e-05,-0.0008551881765015423,-0.5210940837860107
1587,16,62,1.0,1.002924919128418,0,0,0.0,0.0,-0.5,3.124750219285488e-05,-0.0002324983070138842,-0.541913628578186
1588,16,63,1.0,1.0079032182693481,0,0,0.0,0.0,-0.5,6.572413258254528e-05,0.0004214316140860319,-0.5500202178955078
1589,16,64,1.0,1.0114208459854126,0,0,0.0,0.0,-0.5,0.00015809549950063229,0.00012222165241837502,-0.5586608648300171
1590,16,65,1.0,1.0090984106063843,0,0,0.0,0.0,-0.5,0.00042908452451229095,7.420452311635017e-05,-0.5564041137695312
1591,16,66,1.0,1.00298011302948,0,0,0.0,0.0,0.0,0.00129968230612576,0.000205844989977777,-0.1729658991098404
1592,16,67,1.0,1.0029505491256714,0,0,0.0,0.0,0.0,0.0009696201886981726,-6.437621777877212e-05,-0.11260861158370972
1593,16,68,1.0,1.2122489213943481,0,0,0.0,0.0,0.0,0.0013124598190188408,-0.0010569131700322032,0.036093175411224365
1594,16,69,1.0,1.2170073986053467,0,0,0.0,0.0,0.0,0.0012725044507533312,-0.0009597927564755082,0.037125226110219955
1595,16,70,1.0,1.922083854675293,0,1,0.0,0.0,0.0,0.0009634403977543116,-0.0005051089683547616,0.005810528062283993
1596,16,71,2.0,1.9229122400283813,1,1,0.0,0.0,0.0,0.0009491054806858301,-0.00048651458928361535,0.005798786878585815
1597,16,72,2.0,2.0388994216918945,1,1,0.0,0.0,0.0,0.0005548521876335144,-0.0002570924407336861,0.00048612896353006363
1598,16,73,2.0,2.038393259048462,1,1,0.0,0.0,0.0,0.0006532801780849695,-0.0008874008199200034,-0.0007748054340481758
1599,16,74,2.0,2.036646604537964,1,1,0.0,0.0,0.0,-0.00036893633659929037,-0.0012128442758694291,1.8132850527763367e-05
1600,16,75,2.0,2.0391530990600586,1,1,0.0,0.0,0.0,-0.0001942850649356842,0.00043143006041646004,0.008341997861862183
1601,16,76,2.0,2.039243459701538,1,1,0.0,0.0,0.0,0.0002821956295520067,-3.0503259040415287e-05,0.005704868584871292
1602,16,77,2.0,2.039067506790161,1,1,0.0,0.0,0.0,0.0004823971539735794,-0.00013017526362091303,0.005811262875795364
1603,16,78,2.0,2.0427615642547607,1,1,0.0,0.0,0.0,-0.00031819078139960766,-0.00034976357710547745,0.007348541170358658
1604,16,79,2.0,2.0431013107299805,1,1,0.0,0.0,0.0,0.0002635759301483631,-0.0011981404386460781,0.003145083785057068
1605,16,80,1.0,1.9887785911560059,0,1,0.0,0.0,0.0,-0.0012601339258253574,0.00047557486686855555,-0.0060458434745669365
1606,16,81,1.0,1.6462898254394531,0,1,0.0,0.0,0.0,-0.0009787939488887787,0.00024140439927577972,0.03080873191356659
1607,16,82,1.0,0.9877939224243164,0,0,0.0,0.0,0.0,-2.4728011339902878e-05,-0.00017035435303114355,0.49548032879829407
1608,16,83,1.0,0.9901621341705322,0,0,0.0,0.0,0.0,0.0005984192248433828,-0.00015714584151282907,0.43114402890205383
1609,16,84,1.0,0.9864863753318787,0,0,0.0,0.0,0.5,0.00029431539587676525,-4.44615725427866e-05,0.45580610632896423
1610,16,85,1.0,0.9922418594360352,0,0,0.0,0.0,0.5,-0.0007891868008300662,-1.2129021342843771e-05,0.4911321997642517
1611,16,86,1.0,0.9952574372291565,0,0,0.0,0.0,0.5,-8.058210369199514e-05,-0.000631767965387553,0.5190551280975342
1612,16,87,1.0,0.9989484548568726,0,0,0.0,0.0,0.5,-9.992753621190786e-05,-0.00014287314843386412,0.5187444686889648
1613,16,88,1.0,0.9987601041793823,0,0,0.0,0.0,0.5,3.910623490810394e-06,0.0002477215602993965,0.5169954299926758
1614,16,89,1.0,0.9977196455001831,0,0,0.0,0.0,0.5,0.0003248685970902443,-5.9609999880194664e-05,0.5168447494506836
1615,16,90,1.0,0.998870313167572,0,0,0.0,0.0,0.5,0.00036340951919555664,-0.00010030332487076521,0.5198076963424683
1616,16,91,1.0,0.9992539286613464,0,0,0.0,0.0,0.5,0.0004565133713185787,-0.00037630085716955364,0.5198312997817993
1617,16,92,1.0,0.9993935823440552,0,0,0.0,0.0,0.5,0.00035977852530777454,-0.00021814211504533887,0.5170681476593018
1618,16,93,1.0,0.9987472891807556,0,0,0.0,0.0,0.5,0.0004243031144142151,-8.20985296741128e-05,0.5184226036071777
1619,17,0,1.0,0.9942138195037842,0,0,0.0,0.0,0.0,0.0025913985446095467,0.00015125737991183996,0.0031847553327679634
1620,17,1,1.0,0.9936330318450928,0,0,0.0,0.0,0.0,0.0027757324278354645,0.00011665507918223739,5.989335477352142e-05
1621,17,2,1.0,0.99556565284729,0,0,0.0,0.0,0.0,0.00374178821220994,0.001293721841648221,0.0019114967435598373
1622,17,3,1.0,0.9956847429275513,0,0,0.0,0.0,0.0,0.003783327527344227,0.0011952674249187112,0.0025375476107001305
1623,17,4,1.0,0.9971722364425659,0,0,0.0,0.0,0.0,0.005099794361740351,0.001687327865511179,-0.011278174817562103
1624,17,5,1.0,0.9972113370895386,0,0,0.0,0.0,0.0,0.005117541179060936,0.0016602796968072653,-0.011129554361104965
1625,17,6,1.0,1.0010405778884888,0,0,0.0,0.0,0.0,-0.029220102354884148,0.001375644700601697,-0.011146187782287598
1626,17,7,1.0,1.0010496377944946,0,0,0.0,0.0,0.0,-0.029174447059631348,0.0013700530398637056,-0.011107238940894604
1627,17,8,1.0,1.0008639097213745,0,0,0.0,0.0,0.0,-0.047357670962810516,0.00030456442618742585,-0.014296472072601318
1628,17,9,1.0,1.0008654594421387,0,0,0.0,0.0,0.0,-0.047346118837594986,0.0003032516688108444,-0.014285348355770111
1629,17,10,1.0,0.9987185597419739,0,0,0.0,0.0,0.0,-0.11581180989742279,-0.0008922574343159795,-0.016809659078717232
1630,17,11,1.0,0.9987192153930664,0,0,-0.25,0.0,0.0,-0.11580782383680344,-0.0008924705907702446,-0.016807114705443382
1631,17,12,1.0,0.9801281094551086,0,0,-0.25,0.0,0.0,-0.2696516811847687,0.0013860478065907955,-0.011303888633847237
1632,17,13,1.0,0.9762998223304749,0,0,-0.25,0.0,0.0,-0.2735157012939453,0.0009622133802622557,-0.008468770422041416
1633,17,14,1.0,0.974632740020752,0,0,-0.25,0.0,0.0,-0.2745685875415802,0.00044724985491484404,-0.007461700588464737
1634,17,15,1.0,0.9740885496139526,0,0,-0.25,0.0,0.0,-0.274600625038147,-0.0007250896887853742,-0.00671859085559845
1635,17,16,1.0,0.9758690595626831,0,0,-0.25,0.0,0.0,-0.27418023347854614,-0.0006238329224288464,-0.007134043145924807
1636,17,17,1.0,0.9781396985054016,0,0,-0.25,0.0,0.0,-0.2708238363265991,-0.0011662448523566127,-0.006294298451393843
1637,17,18,1.0,0.9831976890563965,0,0,-0.25,0.0,0.0,-0.26998579502105713,-0.0016775820404291153,-0.009579180739820004
1638,17,19,1.0,0.9910376071929932,0,0,-0.25,0.0,0.0,-0.2703184485435486,-0.000586836482398212,-0.013577211648225784
1639,17,20,1.0,0.9956580996513367,0,0,-0.25,0.0,0.0,-0.27190595865249634,-0.000775177322793752,-0.019024629145860672
1640,17,21,1.0,1.0073509216308594,0,0,-0.25,0.0,0.0,-0.2747584283351898,0.00018559710588306189,-0.02521032840013504
1641,17,22,1.0,1.0040744543075562,0,0,-0.25,0.0,0.0,-0.2808043956756592,0.00124247872736305,-0.02760489098727703
1642,17,23,1.0,0.9890727400779724,0,0,-0.25,0.0,0.0,-0.283322274684906,0.00253935600630939,-0.02299722656607628
1643,17,24,1.0,0.977331280708313,0,0,-0.25,0.0,0.0,-0.23184546828269958,0.005145014263689518,-0.016417909413576126
1644,17,25,1.0,0.9885522127151489,0,0,0.0,0.0,0.0,-0.032699115574359894,-0.0012105056084692478,-0.013021395541727543
1645,17,26,1.0,0.9958239197731018,0,0,0.0,0.0,0.0,-0.003497031517326832,-0.004657122306525707,-0.008798757568001747
1646,17,27,1.0,0.9993094801902771,0,0,0.0,0.0,0.0,0.0014755278825759888,-0.005734700709581375,-0.008505968376994133
1647,17,28,1.0,0.993196964263916,0,0,0.0,0.0,0.0,0.003372279927134514,0.1355029195547104,-0.0031408355571329594
1648,17,29,1.0,0.9929759502410889,0,0,0.0,0.0,0.0,0.002983231097459793,0.16475848853588104,-0.004523925948888063
1649,17,30,1.0,0.9919021129608154,0,0,0.0,0.0,0.0,-8.275965228676796e-06,0.2615869641304016,-0.0004706289619207382
1650,17,31,1.0,0.9919196367263794,0,0,0.0,0.25,0.0,1.1650845408439636e-06,0.2616010904312134,-0.0005257511511445045
1651,17,32,1.0,0.9856550097465515,0,0,0.0,0.25,0.0,-6.943277548998594e-05,0.269868403673172,-0.0027092094533145428
1652,17,33,1.0,0.9849417805671692,0,0,0.0,0.25,0.0,0.0002367696724832058,0.26865828037261963,-0.005008091684430838
1653,17,34,1.0,0.987503707408905,0,0,0.0,0.25,0.0,-0.0002089841291308403,0.26987868547439575,-0.0036269533447921276
1654,17,35,1.0,0.9894920587539673,0,0,0.0,0.25,0.0,-0.00010768533684313297,0.2696695625782013,-0.004782753065228462
1655,17,36,1.0,0.9922678470611572,0,0,0.0,0.25,0.0,0.0003876960836350918,0.27045437693595886,-0.003870637621730566
1656,17,37,1.0,0.9949575066566467,0,0,0.0,0.25,0.0,0.001662826631218195,0.2725547254085541,-0.0058297086507081985
1657,17,38,1.0,0.993230938911438,0,0,0.0,0.25,0.0,0.0015680508222430944,0.27318501472473145,-0.006811325903981924
1658,17,39,1.0,0.9960519075393677,0,0,0.0,0.25,0.0,0.0018328914884477854,0.27342846989631653,-0.010549051687121391
1659,17,40,1.0,0.9925199747085571,0,0,0.0,0.25,0.0,0.001224620034918189,0.23544134199619293,-0.012191650457680225
1660,17,41,1.0,1.0000627040863037,0,0,0.0,0.0,0.0,0.0006297894287854433,0.06237966567277908,-0.021368375048041344
1661,17,42,1.0,1.0015920400619507,0,0,0.0,0.0,0.0,0.00021656043827533722,0.00569827388972044,-0.023766586557030678
1662,17,43,1.0,1.0011557340621948,0,0,0.0,0.0,0.0,0.00017550773918628693,-0.0006810484919697046,-0.028771447017788887
1663,17,44,1.0,0.9987686276435852,0,0,0.0,0.0,0.0,0.00048241904005408287,-0.003783623455092311,-0.015147143043577671
1664,17,45,1.0,0.9987888932228088,0,0,0.0,0.0,0.0,0.0005028038285672665,-0.004556073807179928,-0.014914070256054401
1665,17,46,1.0,0.999371349811554,0,0,0.0,0.0,0.0,0.0001561886165291071,-0.0015093563124537468,0.010420694947242737
1666,17,47,1.0,0.9993730783462524,0,0,0.0,0.25,0.0,0.0001605777069926262,-0.0015762888360768557,0.010434446856379509
1667,17,48,1.0,1.0010826587677002,0,0,0.0,0.25,0.0,0.0004846740048378706,0.00026683363830670714,0.00638140644878149
1668,17,49,1.0,1.0050582885742188,0,0,0.0,0.0,0.0,0.0015172858256846666,-0.0010568515863269567,-0.0043344199657440186
1669,17,50,1.0,1.0045472383499146,0,0,0.0,0.0,0.0,0.001602195668965578,-0.0019830469973385334,-0.006549767218530178
1670,17,51,1.0,1.004420518875122,0,0,0.0,0.0,0.0,0.0014238427393138409,-0.0022674333304166794,-0.006262063980102539
1671,17,52,1.0,1.0027570724487305,0,0,0.0,0.0,0.0,-0.0001591260079294443,-0.0005052578053437173,-0.0016513620503246784
1672,17,53,1.0,1.0035507678985596,0,0,0.0,0.0,0.0,0.00011124275624752045,-0.0010211288463324308,0.002862866036593914
1673,17,54,1.0,1.0050818920135498,0,0,0.0,0.0,0.0,0.00021516764536499977,0.00026224966859444976,-0.08786524087190628
1674,17,55,1.0,1.0050767660140991,0,0,0.0,0.0,0.0,0.00020394707098603249,0.0002530112979002297,-0.08791482448577881
1675,17,56,1.0,1.0040779113769531,0,0,0.0,0.0,-0.5,-6.683613173663616e-05,1.9768776837736368e-05,-0.0676330178976059
1676,17,57,1.0,0.9994898438453674,0,0,0.0,0.0,-0.5,-0.00020172051154077053,-0.0004401309124659747,-0.5427556037902832
1677,17,58,1.0,0.999437689781189,0,0,0.0,0.0,-0.5,0.00030146632343530655,-0.0018869212362915277,-0.5197770595550537
1678,17,59,1.0,0.9983686208724976,0,0,0.0,0.0,-0.5,8.816272020339966e-05,-0.0018682039808481932,-0.5186975002288818
1679,17,60,1.0,1.002411127090454,0,0,0.0,0.0,-0.5,0.0011185635812580585,-0.0018168659880757332,-0.4990609288215637
1680,17,61,1.0,0.998676061630249,0,0,0.0,0.0,-0.5,0.00013789162039756775,-0.0008546383469365537,-0.5172123908996582
1681,17,62,1.0,0.9990392923355103,0,0,0.0,0.0,-0.5,-0.00012980704195797443,-0.0009644560050219297,-0.527728796005249
1682,17,63,1.0,1.0034765005111694,0,0,0.0,0.0,-0.5,-0.0002544160233810544,-0.0002611613308545202,-0.5358102321624756
1683,17,64,1.0,1.007283091545105,0,0,0.0,0.0,-0.5,-0.00018724286928772926,-0.0005452404730021954,-0.5413997173309326
1684,17,65,1.0,1.0106929540634155,0,0,0.0,0.0,-0.5,0.0010038076434284449,-0.0011375528993085027,-0.5481321811676025
1685,17,66,1.0,1.0001553297042847,0,0,0.0,0.0,-0.5,0.0030024126172065735,-0.0009665856487117708,-0.5011637210845947
1686,17,67,1.0,1.000274896621704,0,0,0.0,0.0,-0.5,0.0019373157992959023,0.0005027425941079855,-0.3177514374256134
1687,17,68,1.0,1.0197128057479858,0,0,0.0,0.0,-0.5,0.0033299769274890423,1.8345541320741177e-05,-0.026481853798031807
1688,17,69,1.0,1.027315378189087,0,0,0.0,0.0,0.0,0.0031853308901190758,-0.00027681567007675767,-0.009688195772469044
1689,17,70,1.0,1.4811302423477173,0,0,0.0,0.0,0.0,0.0024833553470671177,-4.901376087218523e-06,0.018691498786211014
1690,17,71,1.0,1.4944686889648438,0,0,0.0,0.0,0.0,0.0024026338942348957,-9.865523315966129e-05,0.01874493435025215
1691,17,72,2.0,1.7453489303588867,1,1,0.0,0.0,0.0,0.0016106937546283007,9.105628123506904e-05,0.009041020646691322
1692,17,73,2.0,2.0385427474975586,1,1,0.0,0.0,0.0,0.00047493563033640385,-0.0006673948373645544,0.0008660769090056419
1693,17,74,2.0,2.0386486053466797,1,1,0.0,0.0,0.0,0.0003428789786994457,-0.000934446114115417,0.0009189704433083534
1694,17,75,2.0,2.036898612976074,1,1,0.0,0.0,0.0,-0.0003596900496631861,-0.0009696641354821622,0.0029830588027834892
1695,17,76,2.0,2.0390734672546387,1,1,0.0,0.0,0.0,0.00012696115300059319,-0.00017969883629120886,0.005302956327795982
1696,17,77,2.0,2.038996696472168,1,1,0.0,0.0,0.0,1.2362375855445862e-05,-0.00013496392057277262,0.0041644033044576645
1697,17,78,2.0,2.0376994609832764,1,1,0.0,0.0,0.0,-0.00013860093895345926,-6.423867307603359e-05,0.0018265703693032265
1698,17,79,2.0,2.0381851196289062,1,1,0.0,0.0,0.0,-9.890971705317497e-05,-0.00024069054052233696,0.0027789557352662086
1699,17,80,2.0,1.7139549255371094,1,1,0.0,0.0,0.0,0.0009745112620294094,-0.00040384248131886125,0.00852624885737896
1700,17,81,1.0,0.989990234375,0,0,0.0,0.0,0.0,0.0007982773240655661,0.00013853644486516714,0.5124717950820923
1701,17,82,1.0,1.0887484550476074,0,0,0.0,0.0,0.0,0.0019171168096363544,0.0022070864215493202,0.18635913729667664
1702,17,83,1.0,1.0182569026947021,0,0,0.0,0.0,0.0,0.0007718801498413086,0.0014358579646795988,0.3172309100627899
1703,17,84,1.0,0.9841859340667725,0,0,0.0,0.0,0.0,0.0008402143139392138,0.0005972831277176738,0.436104953289032
1704,17,85,1.0,0.9904961585998535,0,0,0.0,0.0,0.5,0.0009597651660442352,0.0015749679878354073,0.3874152600765228
1705,17,86,1.0,1.0000361204147339,0,0,0.0,0.0,0.5,0.000395321287214756,0.00028250989271327853,0.5174458026885986
1706,17,87,1.0,1.0018366575241089,0,0,0.0,0.0,0.5,0.00039540743455290794,6.324343848973513e-05,0.5161309242248535
1707,17,88,1.0,0.9989694356918335,0,0,0.0,0.0,0.5,0.00036454200744628906,0.00032293039839714766,0.5163888931274414
1708,17,89,1.0,0.9997045993804932,0,0,0.0,0.0,0.5,0.0004237373359501362,0.0004502212395891547,0.516491174697876
1709,17,90,1.0,1.0005279779434204,0,0,0.0,0.0,0.5,-7.529219146817923e-05,0.0002709368127398193,0.5163240432739258
1710,17,91,1.0,1.000425934791565,0,0,0.0,0.0,0.5,-0.0003334104549139738,7.851648842915893e-05,0.5162901878356934
1711,17,92,1.0,0.9997789263725281,0,0,0.0,0.0,0.5,3.458117134869099e-05,0.00022098218323662877,0.5161182880401611
1712,17,93,1.0,0.9977467060089111,0,0,0.0,0.0,0.5,-0.00042254896834492683,0.0004632604541257024,0.5197803974151611
1713,17,94,1.0,1.000180721282959,0,0,0.0,0.0,0.5,0.00020507373847067356,0.00048519554547965527,0.5172853469848633
1714,18,0,1.0,0.9926974177360535,0,0,0.0,0.0,0.0,-0.0043701427057385445,0.0034281632397323847,-0.0006234981119632721
1715,18,1,1.0,0.9921483397483826,0,0,0.0,0.0,0.0,-0.004638887941837311,0.003878301242366433,-0.0038092685863375664
1716,18,2,1.0,0.9939159154891968,0,0,0.0,0.0,0.0,-0.006525262724608183,0.002210320672020316,-0.0053052292205393314
1717,18,3,1.0,0.9940147399902344,0,0,0.0,0.0,0.0,-0.006580577231943607,0.0020726232323795557,-0.004721518140286207
1718,18,4,1.0,0.9972485303878784,0,0,0.0,0.0,0.0,-0.007987894117832184,0.002286303322762251,-0.004420194774866104
1719,18,5,1.0,0.9972648024559021,0,0,0.0,0.0,0.0,-0.007967736572027206,0.0022663467098027468,-0.004293450620025396
1720,18,6,1.0,0.9981440305709839,0,0,0.0,0.0,0.0,0.024898312985897064,-0.0011456443462520838,0.0030076075345277786
1721,18,7,1.0,0.9981375932693481,0,0,0.0,0.0,0.0,0.02493634819984436,-0.001152704586274922,0.003039705567061901
1722,18,8,1.0,0.991469144821167,0,0,0.0,0.0,0.0,0.1297195702791214,-0.000146276579471305,-0.005450151395052671
1723,18,9,1.0,0.9914674162864685,0,0,0.0,0.0,0.0,0.1297384351491928,-0.00014700053725391626,-0.005443628877401352
1724,18,10,1.0,0.9912930130958557,0,0,0.0,0.0,0.0,0.12974214553833008,-0.0004598821105901152,-0.005255871452391148
1725,18,11,1.0,0.9912927150726318,0,0,0.0,0.0,0.0,0.12974628806114197,-0.00046007835771888494,-0.005253965966403484
1726,18,12,1.0,0.9959130883216858,0,0,0.25,0.0,0.0,0.24262180924415588,-0.0021112817339599133,-0.003278357908129692
1727,18,13,1.0,0.9883206486701965,0,0,0.25,0.0,0.0,0.26937535405158997,-0.0029135553631931543,-0.004174958914518356
1728,18,14,1.0,0.9874002933502197,0,0,0.25,0.0,0.0,0.26815298199653625,-0.002801011549308896,-0.006002098321914673
1729,18,15,1.0,0.9821183681488037,0,0,0.25,0.0,0.0,0.27355045080184937,-0.002155954483896494,-0.004754111636430025
1730,18,16,1.0,0.9816295504570007,0,0,0.25,0.0,0.0,0.2707042694091797,-0.001789694419130683,-0.0041964794509112835
1731,18,17,1.0,0.9813115000724792,0,0,0.25,0.0,0.0,0.2726132869720459,-0.0010339757427573204,-0.005247483961284161
1732,18,18,1.0,0.980429470539093,0,0,0.25,0.0,0.0,0.2736619710922241,-0.0004351749084889889,-0.006429366767406464
1733,18,19,1.0,0.9818062782287598,0,0,0.25,0.0,0.0,0.27279847860336304,0.0005574645474553108,-0.005357807036489248
1734,18,20,1.0,0.9857387542724609,0,0,0.25,0.0,0.0,0.2713332772254944,0.00016217539086937904,-0.00473081273958087
1735,18,21,1.0,0.9897907376289368,0,0,0.25,0.0,0.0,0.2700483202934265,0.00048701732885092497,-0.001096411608159542
1736,18,22,1.0,0.992518961429596,0,0,0.25,0.0,0.0,0.2767569124698639,0.0005737297469750047,-0.006130245514214039
1737,18,23,1.0,0.9986296892166138,0,0,0.25,0.0,0.0,0.27649104595184326,-0.0011887308210134506,-0.0004285946488380432
1738,18,24,1.0,1.0022509098052979,0,0,0.0,0.0,0.0,0.14635132253170013,-0.003795166499912739,-0.005887885577976704
1739,18,25,1.0,1.0021730661392212,0,0,0.0,0.0,0.0,0.07580221444368362,-0.004432762041687965,-0.011034809984266758
1740,18,26,1.0,0.998781144618988,0,0,0.0,0.0,0.0,0.010244632139801979,-0.0036813216283917427,-0.0120022501796484
1741,18,27,1.0,0.9974598288536072,0,0,0.0,0.0,0.0,0.004616884049028158,-0.004108795430511236,-0.011920548975467682
1742,18,28,1.0,0.98995041847229,0,0,0.0,0.0,0.0,0.0025655566714704037,-0.0027205911464989185,-0.012872074730694294
1743,18,29,1.0,0.9899721145629883,0,0,0.25,0.0,0.0,0.002178856637328863,-0.0025364370085299015,-0.013833517208695412
1744,18,30,1.0,0.9935100078582764,0,0,0.0,0.0,0.0,0.007790897507220507,-0.0050895120948553085,-0.002825432922691107
1745,18,31,1.0,0.9916924238204956,0,0,0.0,0.0,0.0,0.00010924250818789005,-0.004362083040177822,-0.005117043852806091
1746,18,32,1.0,0.9989234209060669,0,0,0.0,0.0,0.0,-0.00021042628213763237,-0.0019838998559862375,-2.2268854081630707e-05
1747,18,33,1.0,1.002005934715271,0,0,0.0,0.0,0.0,0.0005279339384287596,-0.00314844842068851,-0.0025999844074249268
1748,18,34,1.0,1.0052424669265747,0,0,0.0,0.0,0.0,-0.00017465197015553713,-0.19445663690567017,-0.008222031407058239
1749,18,35,1.0,1.0053149461746216,0,0,0.0,0.0,0.0,-0.00023351004347205162,-0.1982598602771759,-0.008705107495188713
1750,18,36,1.0,1.0028917789459229,0,0,0.0,-0.25,0.0,-0.0006689606234431267,-0.2585730254650116,-0.010913991369307041
1751,18,37,1.0,0.9904958009719849,0,0,0.0,-0.25,0.0,-0.00043077790178358555,-0.2744191884994507,-0.007165665738284588
1752,18,38,1.0,0.9949036836624146,0,0,0.0,-0.25,0.0,-0.00018717523198574781,-0.2758632302284241,-0.0045200614258646965
1753,18,39,1.0,0.9969907999038696,0,0,0.0,-0.25,0.0,-0.00011071003973484039,-0.2736109495162964,-0.008437658660113811
1754,18,40,1.0,0.9989005327224731,0,0,0.0,-0.25,0.0,0.0002661333419382572,-0.27312299609184265,-0.010320810601115227
1755,18,41,1.0,0.9939323663711548,0,0,0.0,-0.25,0.0,0.0005393233150243759,-0.2754124104976654,-0.01014629751443863
1756,18,42,1.0,0.9930626153945923,0,0,0.0,-0.25,0.0,0.0007696971297264099,-0.27507442235946655,-0.00801509153097868
1757,18,43,1.0,0.9951385259628296,0,0,0.0,-0.25,0.0,0.0016354962717741728,-0.2763341963291168,-0.005666638724505901
1758,18,44,1.0,0.9980581998825073,0,0,0.0,-0.25,0.0,0.0005298531614243984,-0.2771698236465454,-0.007212639320641756
1759,18,45,1.0,0.99461829662323,0,0,0.0,-0.25,0.0,-0.00017144973389804363,-0.2786954343318939,-0.006251789629459381
1760,18,46,1.0,1.0004762411117554,0,0,0.0,-0.25,0.0,-0.001757726538926363,-0.24920666217803955,-0.007437654305249453
1761,18,47,1.0,0.9989016056060791,0,0,0.0,-0.25,0.0,-0.0025723823346197605,-0.12898917496204376,-0.002769801300019026
1762,18,48,1.0,1.0022363662719727,0,0,0.0,0.0,0.0,0.0009091340471059084,-0.009745554998517036,-0.0006122980266809464
1763,18,49,1.0,1.0069183111190796,0,0,0.0,0.0,0.0,0.00039127725176513195,-0.004317164421081543,-0.015075957402586937
1764,18,50,1.0,1.0041438341140747,0,0,0.0,0.0,0.0,3.6403071135282516e-05,-0.0011069024913012981,-0.008665630593895912
1765,18,51,1.0,1.0045729875564575,0,0,0.0,0.0,0.0,-3.103865310549736e-06,-0.0008405183907598257,-0.00780449016019702
1766,18,52,1.0,1.0074028968811035,0,0,0.0,0.0,0.0,0.0005453932099044323,-0.0008144730818457901,-0.1957959532737732
1767,18,53,1.0,1.0074056386947632,0,0,0.0,0.0,0.0,0.0005575909744948149,-0.0007705774623900652,-0.19604459404945374
1768,18,54,1.0,1.0078014135360718,0,0,0.0,0.0,0.0,0.0007013792637735605,-0.0013759960420429707,-0.24916964769363403
1769,18,55,1.0,1.0077927112579346,0,0,0.0,0.0,0.0,0.0007061026990413666,-0.0013655927032232285,-0.2493748813867569
1770,18,56,1.0,1.007705569267273,0,0,0.0,0.0,-0.5,0.0008346997201442719,-0.0012497452553361654,-0.23984795808792114
1771,18,57,1.0,0.9955815076828003,0,0,0.0,0.0,-0.5,-0.0009527303045615554,-0.0008204623591154814,-0.5430516004562378
1772,18,58,1.0,0.9958064556121826,0,0,0.0,0.0,-0.5,-0.000586440903134644,-0.001888770842924714,-0.5200197696685791
1773,18,59,1.0,0.9963617920875549,0,0,0.0,0.0,-0.5,0.00012948177754878998,-0.0010179821401834488,-0.5218416452407837
1774,18,60,1.0,1.0018423795700073,0,0,0.0,0.0,-0.5,0.000129960710182786,-0.000977622577920556,-0.5109519958496094
1775,18,61,1.0,1.0008577108383179,0,0,0.0,0.0,-0.5,-5.487597081810236e-05,-0.0015621907077729702,-0.527245044708252
1776,18,62,1.0,1.0037956237792969,0,0,0.0,0.0,-0.5,-0.0004662824794650078,-0.0014156934339553118,-0.535253643989563
1777,18,63,1.0,1.0110877752304077,0,0,0.0,0.0,-0.5,-3.139488399028778e-05,-0.0010862302733585238,-0.5401219129562378
1778,18,64,1.0,1.0165657997131348,0,0,0.0,0.0,-0.5,0.0012743417173624039,-0.002304544672369957,-0.5480759143829346
1779,18,65,1.0,1.0149993896484375,0,0,0.0,0.0,-0.5,0.0006986726075410843,-0.0015969739761203527,-0.5466288328170776
1780,18,66,1.0,0.9973628520965576,0,0,0.0,0.0,-0.5,0.00043499539606273174,-0.0003961589536629617,-0.40512096881866455
1781,18,67,1.0,0.9971117973327637,0,0,0.0,0.0,-0.5,-2.783956006169319e-06,-0.00013386449427343905,-0.3629801571369171
1782,18,68,1.0,1.0226374864578247,0,0,0.0,0.0,0.0,-0.00036642199847847223,-0.002367597073316574,-0.056761883199214935
1783,18,69,1.0,1.0245239734649658,0,0,0.0,0.0,0.0,-0.00031462102197110653,-0.002311232965439558,-0.052890095859766006
1784,18,70,1.0,2.0249454975128174,0,1,0.0,0.0,0.0,0.0006420740392059088,-0.000600035535171628,0.0038527194410562515
1785,18,71,1.0,2.0251030921936035,0,1,0.0,0.0,0.0,0.0006387545727193356,-0.0006034650141373277,0.003821589983999729
1786,18,72,2.0,1.918702244758606,1,1,0.0,0.0,0.0,0.0005340490024536848,-0.0002950084744952619,0.007112493738532066
1787,18,73,2.0,2.041195869445801,1,1,0.0,0.0,0.0,0.0008206437341868877,-0.000131599314045161,0.0006521120667457581
1788,18,74,2.0,2.0408453941345215,1,1,0.0,0.0,0.0,0.0005828710272908211,0.00010924576781690121,0.002928175963461399
1789,18,75,2.0,2.0415289402008057,1,1,0.0,0.0,0.0,0.00024175806902348995,6.684329127892852e-05,0.006476588547229767
1790,18,76,2.0,2.041839838027954,1,1,0.0,0.0,0.0,-1.6900012269616127e-05,0.00018375343643128872,0.00737348198890686
1791,18,77,2.0,2.0418009757995605,1,1,0.0,0.0,0.0,-0.00016415328718721867,-0.00017939633107744157,0.008356066420674324
1792,18,78,2.0,2.0395894050598145,1,1,0.0,0.0,0.0,0.0004328228533267975,-0.0006008358905091882,0.008981345221400261
1793,18,79,2.0,1.9314544200897217,1,1,0.0,0.0,0.0,0.0013744602911174297,0.0005247631343081594,-9.943731129169464e-06
1794,18,80,1.0,0.9849000573158264,0,0,0.0,0.0,0.0,-8.141354192048311e-05,0.0017578178085386753,0.404391884803772
1795,18,81,1.0,0.986233115196228,0,0,0.0,0.0,0.0,-0.0007485406240448356,0.0003631772706285119,0.4743834137916565
1796,18,82,1.0,0.9897598028182983,0,0,0.0,0.0,0.0,-0.0003986717201769352,0.0004989065928384662,0.5037781000137329
1797,18,83,1.0,0.9903162717819214,0,0,0.0,0.0,0.0,-0.0003220558864995837,0.00036192499101161957,0.50495445728302
1798,18,84,1.0,0.9924691319465637,0,0,0.0,0.0,0.0,-0.00012997107114642859,0.0003946517826989293,0.5130082368850708
1799,18,85,1.0,0.992320716381073,0,0,0.0,0.0,0.5,-0.00010014697909355164,0.0003304121783003211,0.5121008157730103
1800,18,86,1.0,1.0005961656570435,0,0,0.0,0.0,0.5,0.0005787934642285109,0.00018835539231076837,0.5182147026062012
1801,18,87,1.0,0.9989427328109741,0,0,0.0,0.0,0.5,0.00036031659692525864,-0.0004231755156069994,0.5166263580322266
1802,18,88,1.0,0.9998562335968018,0,0,0.0,0.0,0.5,0.0006236925255507231,0.00030991830863058567,0.5190623998641968
1803,18,89,1.0,0.9993692636489868,0,0,0.0,0.0,0.5,0.0006326641887426376,-2.1782529074698687e-05,0.5177080631256104
1804,18,90,1.0,0.9992450475692749,0,0,0.0,0.0,0.5,-0.0001433567376807332,0.00019427662482485175,0.5187314748764038
1805,18,91,1.0,1.0000622272491455,0,0,0.0,0.0,0.5,0.0001840507611632347,-1.1340074706822634e-05,0.5166101455688477
1806,18,92,1.0,0.9991214275360107,0,0,0.0,0.0,0.5,-1.8250197172164917e-05,0.00030370091553777456,0.5194588899612427
1807,18,93,1.0,0.9991782307624817,0,0,0.0,0.0,0.5,0.0002537344116717577,0.00022513658041134477,0.5178031921386719
1808,18,94,1.0,0.9987897276878357,0,0,0.0,0.0,0.5,0.0001769028604030609,0.00018354691565036774,0.5170836448669434
1809,19,0,1.0,0.9925092458724976,0,0,0.0,0.0,0.0,-0.003312757471576333,0.00024934043176472187,0.002673359587788582
1810,19,1,1.0,0.9922855496406555,0,0,0.0,0.0,0.0,-0.003998915199190378,0.0010919133201241493,-0.00165901193395257
1811,19,2,1.0,0.9920883774757385,0,0,0.0,0.0,0.0,-0.005993977654725313,0.00032460340298712254,0.0027612829580903053
1812,19,3,1.0,0.9919996857643127,0,0,0.0,0.0,0.0,-0.006108956411480904,6.832747021690011e-05,0.003304148092865944
1813,19,4,1.0,0.9924459457397461,0,0,0.0,0.0,0.0,-0.008756520226597786,-0.00016612233594059944,-0.0035190358757972717
1814,19,5,1.0,0.9924350380897522,0,0,0.0,0.0,0.0,-0.008734168484807014,-0.0001863513607531786,-0.0033444571308791637
1815,19,6,1.0,0.9943112134933472,0,0,0.0,0.0,0.0,-0.00011765630915760994,-0.0007805495988577604,-0.0003781439736485481
1816,19,7,1.0,0.9943090677261353,0,0,0.0,0.0,0.0,-9.516079444438219e-05,-0.0007896937313489616,-0.0003359150141477585
1817,19,8,1.0,0.9918155074119568,0,0,0.0,0.0,0.0,0.059030476957559586,-0.0031393521931022406,-0.0030845068395137787
1818,19,9,1.0,0.9918127655982971,0,0,0.0,0.0,0.0,0.059054091572761536,-0.003140426939353347,-0.0030763400718569756
1819,19,10,1.0,0.9922056198120117,0,0,0.25,0.0,0.0,0.22855858504772186,-0.0015077381394803524,-0.006271224468946457
1820,19,11,1.0,0.9866265654563904,0,0,0.25,0.0,0.0,0.27029263973236084,-0.0010313632665202022,-0.006570535246282816
1821,19,12,1.0,0.9841580986976624,0,0,0.25,0.0,0.0,0.2713262736797333,-0.0008516345988027751,-0.004491067491471767
1822,19,13,1.0,0.9851298332214355,0,0,0.25,0.0,0.0,0.27413976192474365,-0.001450942363590002,-0.005400392226874828
1823,19,14,1.0,0.9836968183517456,0,0,0.25,0.0,0.0,0.27202150225639343,-0.0020755771547555923,-0.002645665779709816
1824,19,15,1.0,0.9843873381614685,0,0,0.25,0.0,0.0,0.27106061577796936,-0.002280742395669222,-0.005369960330426693
1825,19,16,1.0,0.9871854782104492,0,0,0.25,0.0,0.0,0.26934781670570374,-0.002438169438391924,-0.00318351062014699
1826,19,17,1.0,0.9960023164749146,0,0,0.25,0.0,0.0,0.2659812867641449,-0.002556780818849802,-0.004090266302227974
1827,19,18,1.0,1.0098305940628052,0,0,0.25,0.0,0.0,0.26654353737831116,-0.0028117215260863304,-0.007541433908045292
1828,19,19,1.0,1.0292384624481201,0,0,0.25,0.0,0.0,0.26459717750549316,-0.002704506739974022,-0.010302657261490822
1829,19,20,1.0,1.0068063735961914,0,0,0.25,0.0,0.0,0.26900023221969604,-0.0028763432055711746,-0.013762041926383972
1830,19,21,1.0,0.9900535345077515,0,0,0.25,0.0,0.0,0.2678113877773285,-0.0009303846163675189,-0.019808340817689896
1831,19,22,1.0,0.9913467168807983,0,0,0.0,0.0,0.0,0.14278575778007507,0.001962804002687335,-0.004860804416239262
1832,19,23,1.0,1.00021493434906,0,0,0.0,0.0,0.0,0.028721779584884644,0.0019880514591932297,-0.0029044440016150475
1833,19,24,1.0,0.9972891807556152,0,0,0.0,0.0,0.0,-0.0009919359581544995,0.0007370073581114411,-0.004772108979523182
1834,19,25,1.0,0.9943150281906128,0,0,0.0,0.0,0.0,-0.007201529107987881,-0.0008100785780698061,-0.0068109845742583275
1835,19,26,1.0,0.9929683804512024,0,0,0.0,0.0,0.0,0.004110465757548809,0.16081546247005463,-0.010785854421555996
1836,19,27,1.0,0.9932070374488831,0,0,0.0,0.0,0.0,0.0038172961212694645,0.1696299910545349,-0.01111199427396059
1837,19,28,1.0,0.9953404068946838,0,0,0.25,0.0,0.0,0.001972523517906666,0.24383166432380676,-0.007783066015690565
1838,19,29,1.0,0.997999370098114,0,0,0.0,0.0,0.0,0.004685606341809034,-0.004509265534579754,0.0020509688183665276
1839,19,30,1.0,0.9931477308273315,0,0,0.0,0.0,0.0,0.003318680915981531,0.05553286522626877,-0.004459603689610958
1840,19,31,1.0,0.9929651618003845,0,0,0.0,0.0,0.0,0.0034507145173847675,0.21809612214565277,-0.004275081213563681
1841,19,32,1.0,0.9919770956039429,0,0,0.0,0.0,0.0,0.0023327437229454517,0.2577449679374695,-0.00015025772154331207
1842,19,33,1.0,0.9913369417190552,0,0,0.0,0.25,0.0,0.0021065017208456993,0.26004767417907715,-0.00011892896145582199
1843,19,34,1.0,0.9910911321640015,0,0,0.0,0.25,0.0,0.0008632014505565166,0.2701287269592285,-0.007414435502141714
1844,19,35,1.0,0.9914717078208923,0,0,0.0,0.25,0.0,0.00034783524461090565,0.26613596081733704,-0.008171597495675087
1845,19,36,1.0,0.990780234336853,0,0,0.0,0.25,0.0,0.0001030568964779377,0.26584237813949585,-0.00781653355807066
1846,19,37,1.0,0.9905794262886047,0,0,0.0,0.25,0.0,0.00070729642175138,0.2668904662132263,-0.006429798901081085
1847,19,38,1.0,0.9921985268592834,0,0,0.0,0.25,0.0,0.0017536166124045849,0.27200791239738464,-0.005390112288296223
1848,19,39,1.0,0.9907385110855103,0,0,0.0,0.25,0.0,0.0011326465755701065,0.273728609085083,-0.002570818178355694
1849,19,40,1.0,0.9890944957733154,0,0,0.0,0.25,0.0,0.0009369670879095793,0.27321335673332214,-0.0060287946835160255
1850,19,41,1.0,0.9884193539619446,0,0,0.0,0.25,0.0,0.0012592938728630543,0.27353858947753906,-0.0026275422424077988
1851,19,42,1.0,0.9926429986953735,0,0,0.0,0.25,0.0,0.0019336286932229996,0.2563360929489136,-0.002149791456758976
1852,19,43,1.0,0.9970230460166931,0,0,0.0,0.25,0.0,0.0010226157028228045,0.12390739470720291,0.001595458947122097
1853,19,44,1.0,1.0021482706069946,0,0,0.0,0.25,0.0,0.0006205830723047256,0.011908498592674732,0.011459685862064362
1854,19,45,1.0,1.001621127128601,0,0,0.0,0.0,0.0,0.00020268559455871582,0.007368152029812336,0.012752996757626534
1855,19,46,1.0,1.0076868534088135,0,0,0.0,0.0,0.0,0.0006460039876401424,-0.0006560004549100995,-0.0018243412487208843
1856,19,47,1.0,1.0070371627807617,0,0,0.0,0.0,0.0,0.000616367906332016,-0.00214450154453516,-0.005699022673070431
1857,19,48,1.0,1.0064294338226318,0,0,0.0,0.0,0.0,0.0002954259980469942,-0.0004474181914702058,-0.07004237174987793
1858,19,49,1.0,1.0062205791473389,0,0,0.0,0.0,0.0,0.0002954825758934021,-0.0006276223575696349,-0.07128036022186279
1859,19,50,1.0,1.0078214406967163,0,0,0.0,0.0,0.0,0.0002209944650530815,-0.000605970446486026,-0.17583420872688293
1860,19,51,1.0,1.0077786445617676,0,0,0.0,0.0,0.0,0.0002251090481877327,-0.0006321792025119066,-0.17613539099693298
1861,19,52,1.0,1.0086010694503784,0,0,0.0,0.0,0.0,0.00028156815096735954,-0.0008102413848973811,-0.23926293849945068
1862,19,53,1.0,1.0085978507995605,0,0,0.0,0.0,-0.5,0.0002823416143655777,-0.000815956445876509,-0.2393234372138977
1863,19,54,1.0,0.9977673292160034,0,0,0.0,0.0,-0.5,-0.0005967516917735338,-0.0001706588373053819,-0.5445661544799805
1864,19,55,1.0,0.9950566291809082,0,0,0.0,0.0,-0.5,-0.00031994760502129793,-0.0007520096842199564,-0.5260409116744995
1865,19,56,1.0,0.9971358180046082,0,0,0.0,0.0,-0.5,0.0002840894740074873,-0.0009291719761677086,-0.5149596929550171
1866,19,57,1.0,0.9988465309143066,0,0,0.0,0.0,-0.5,0.0002103412989526987,-0.0011622110614553094,-0.5123177766799927
1867,19,58,1.0,0.9991400837898254,0,0,0.0,0.0,-0.5,-0.0002520311390981078,-0.0011753772851079702,-0.528184175491333
1868,19,59,1.0,1.0003637075424194,0,0,0.0,0.0,-0.5,-0.00041744625195860863,-0.0015322022372856736,-0.5332217216491699
1869,19,60,1.0,1.0116207599639893,0,0,0.0,0.0,-0.5,-5.394022446125746e-05,-0.0006581471534445882,-0.5388779640197754
1870,19,61,1.0,1.0174798965454102,0,0,0.0,0.0,-0.5,0.001316222595050931,-0.0014697429724037647,-0.5500521659851074
1871,19,62,1.0,1.007987141609192,0,0,0.0,0.0,-0.5,0.0014896607026457787,0.000354631629306823,-0.4676732122898102
1872,19,63,1.0,1.0097904205322266,0,0,0.0,0.0,-0.5,0.000513929408043623,0.0007163869449868798,-0.42877957224845886
1873,19,64,1.0,1.007264256477356,0,0,0.0,0.0,-0.5,0.0021789497695863247,-0.00043748493772000074,-0.06847304105758667
1874,19,65,1.0,1.0085638761520386,0,0,0.0,0.0,0.0,0.0021080500446259975,-0.00044763280311599374,-0.05878458172082901
1875,19,66,1.0,1.4229576587677002,0,0,0.0,0.0,0.0,0.002594646532088518,-2.6398105546832085e-05,0.019168511033058167
1876,19,67,1.0,1.4262254238128662,0,0,0.0,0.0,0.0,0.002578482497483492,-4.1413644794374704e-05,0.01936406083405018
1877,19,68,1.0,1.316004991531372,0,0,0.0,0.0,0.0,0.002922673709690571,-0.00012625375529751182,0.02017402835190296
1878,19,69,2.0,1.3171297311782837,1,0,0.0,0.0,0.0,0.0029094284400343895,-0.00013808676158078015,0.020275982096791267
1879,19,70,2.0,2.038966178894043,1,1,0.0,0.0,0.0,0.0007646447047591209,-0.0004264642484486103,0.0006547141820192337
1880,19,71,2.0,2.038841724395752,1,1,0.0,0.0,0.0,0.0007522483356297016,-0.00014244779595173895,0.0012683682143688202
1881,19,72,2.0,2.0384435653686523,1,1,0.0,0.0,0.0,0.00023095449432730675,-0.000860180240124464,0.0046747419983148575
1882,19,73,2.0,2.038527011871338,1,1,0.0,0.0,0.0,0.00018343934789299965,-0.0006285897106863558,0.004586116410791874
1883,19,74,2.0,2.0399467945098877,1,1,0.0,0.0,0.0,0.00021637766622006893,-0.0004262910224497318,0.005332223139703274
1884,19,75,2.0,2.0397677421569824,1,1,0.0,0.0,0.0,0.0001674247905611992,-0.00020394186140038073,0.0061165811493992805
1885,19,76,1.0,2.0408897399902344,0,1,0.0,0.0,0.0,-7.597112562507391e-05,-0.00029303040355443954,0.006697588600218296
1886,19,77,1.0,2.0407700538635254,0,1,0.0,0.0,0.0,0.00016078748740255833,-0.0001702586014289409,0.005612138658761978
1887,19,78,1.0,2.0182785987854004,0,1,0.0,0.0,0.0,-0.00020632799714803696,0.00010666449088603258,0.00013999361544847488
1888,19,79,1.0,1.919922113418579,0,1,0.0,0.0,0.0,0.0004824718926101923,-0.0008891047909855843,-0.0015503093600273132
1889,19,80,1.0,0.9835167527198792,0,0,0.0,0.0,0.0,-1.09176617115736e-05,-0.00040074955904856324,0.4696076810359955
1890,19,81,1.0,0.9843200445175171,0,0,0.0,0.0,0.0,-4.47459751740098e-05,-0.00042599468724802136,0.4781782925128937
1891,19,82,1.0,0.987202525138855,0,0,0.0,0.0,0.5,0.00027511734515428543,-0.00019392784452065825,0.5007773637771606
1892,19,83,1.0,1.0009510517120361,0,0,0.0,0.0,0.5,0.00022831209935247898,-3.582442877814174e-05,0.5185103416442871
1893,19,84,1.0,0.99885094165802,0,0,0.0,0.0,0.5,0.0001158516388386488,5.1311799325048923e-05,0.5178405046463013
1894,19,85,1.0,0.9982092976570129,0,0,0.0,0.0,0.5,-1.3583805412054062e-05,-0.00011102569987997413,0.5164127349853516
1895,19,86,1.0,0.9976426959037781,0,0,0.0,0.0,0.5,-0.00035145587753504515,-0.00035005895188078284,0.51758873462677
1896,19,87,1.0,0.9955229163169861,0,0,0.0,0.0,0.5,-0.0001219082623720169,-0.00045658525777980685,0.5168169736862183
1897,19,88,1.0,0.9982248544692993,0,0,0.0,0.0,0.5,-0.00039320741780102253,6.955250864848495e-05,0.5168665647506714
1898,19,89,1.0,0.9975312352180481,0,0,0.0,0.0,0.5,-0.0002959886332973838,-0.00028069986728951335,0.515870213508606
1899,19,90,1.0,0.9980897307395935,0,0,0.0,0.0,0.5,3.649829886853695e-05,-0.0002225950884167105,0.5190417766571045
1900,19,91,1.0,0.9966296553611755,0,0,0.0,0.0,0.5,0.00019675679504871368,-0.00015993561828508973,0.5207170248031616
1901,20,0,1.0,0.991590678691864,0,0,0.0,0.0,0.0,0.0017705170903354883,0.002465571276843548,0.0037663569673895836
1902,20,1,1.0,0.9924319386482239,0,0,0.0,0.0,0.0,0.0015410645864903927,0.0025989385321736336,0.001963810995221138
1903,20,2,1.0,0.9932330250740051,0,0,0.0,0.0,0.0,0.0013925551902502775,0.0035512035246938467,0.0029324889183044434
1904,20,3,1.0,0.9932668209075928,0,0,0.0,0.0,0.0,0.0014271275140345097,0.003487861016765237,0.0036887507885694504
1905,20,4,1.0,0.9949417114257812,0,0,0.0,0.0,0.0,0.0024592489935457706,0.0026740531902760267,-0.010853905230760574
1906,20,5,1.0,0.994970440864563,0,0,0.0,0.0,0.0,0.0024736709892749786,0.00267419614829123,-0.010638276115059853
1907,20,6,1.0,0.9957998991012573,0,0,0.0,0.0,0.0,-0.016640909016132355,-0.0009801031555980444,-0.011820790357887745
1908,20,7,1.0,0.9958063364028931,0,0,0.0,0.0,0.0,-0.01661134511232376,-0.0009842260042205453,-0.011771531775593758
1909,20,8,1.0,0.9951708316802979,0,0,0.0,0.0,0.0,-0.03984352946281433,-0.002433303277939558,-0.010271929204463959
1910,20,9,1.0,0.9951723217964172,0,0,0.0,0.0,0.0,-0.039833053946495056,-0.0024350190069526434,-0.010258499532938004
1911,20,10,1.0,0.9949767589569092,0,0,0.0,0.0,0.0,-0.027197906747460365,-0.0019862966146320105,-0.011647301726043224
1912,20,11,1.0,0.9949768781661987,0,0,0.0,0.0,0.0,-0.027196375653147697,-0.0019867385271936655,-0.011643744073808193
1913,20,12,1.0,0.9943907856941223,0,0,-0.25,0.0,0.0,-0.22610162198543549,-0.0010374304838478565,-0.015324353240430355
1914,20,13,1.0,0.9824203848838806,0,0,-0.25,0.0,0.0,-0.2624649703502655,-0.0005040129763074219,-0.009013491682708263
1915,20,14,1.0,0.9776602387428284,0,0,-0.25,0.0,0.0,-0.27256765961647034,-0.0001915863249450922,-0.007145727053284645
1916,20,15,1.0,0.9743033051490784,0,0,-0.25,0.0,0.0,-0.2742869257926941,-0.0005622371681965888,-0.006211201194673777
1917,20,16,1.0,0.974875807762146,0,0,-0.25,0.0,0.0,-0.27451592683792114,-0.0004580117529258132,-0.0053813643753528595
1918,20,17,1.0,0.9758894443511963,0,0,-0.25,0.0,0.0,-0.27252641320228577,-2.7756381314247847e-05,-0.004916748963296413
1919,20,18,1.0,0.9756603240966797,0,0,-0.25,0.0,0.0,-0.27206817269325256,0.00012578722089529037,-0.0034118532203137875
1920,20,19,1.0,0.9793049097061157,0,0,-0.25,0.0,0.0,-0.2686828076839447,0.001543399877846241,-0.0033619594760239124
1921,20,20,1.0,0.9781814813613892,0,0,-0.25,0.0,0.0,-0.2735125720500946,0.0015125435311347246,-0.0052042147144675255
1922,20,21,1.0,0.9817689657211304,0,0,-0.25,0.0,0.0,-0.27444547414779663,0.0004380318569019437,-0.008286060765385628
1923,20,22,1.0,0.9828246235847473,0,0,-0.25,0.0,0.0,-0.279012531042099,0.001660830806940794,-0.01310159731656313
1924,20,23,1.0,0.982750654220581,0,0,-0.25,0.0,0.0,-0.2847045660018921,0.00048717076424509287,-0.013932429254055023
1925,20,24,1.0,0.985894501209259,0,0,-0.25,0.0,0.0,-0.27997270226478577,-0.00029835925670340657,-0.01455477625131607
1926,20,25,1.0,0.9912875890731812,0,0,-0.25,0.0,0.0,-0.21807174384593964,-0.0005447943112812936,-0.015461232513189316
1927,20,26,1.0,0.9950779676437378,0,0,0.0,0.0,0.0,-0.008281465619802475,0.0006758001400157809,-0.016146544367074966
1928,20,27,1.0,0.9940340518951416,0,0,0.0,0.0,0.0,0.0011940691620111465,0.0007827862864360213,-0.017404094338417053
1929,20,28,1.0,0.9966914653778076,0,0,0.0,0.0,0.0,0.005314978770911694,-0.00016816720017232,-0.009298966266214848
1930,20,29,1.0,0.9969638586044312,0,0,0.0,0.0,0.0,0.006091095972806215,-0.00021646119421347976,-0.011226324364542961
1931,20,30,1.0,0.9979583024978638,0,0,0.0,0.0,0.0,0.0012906044721603394,-0.08775585144758224,-0.0032335189171135426
1932,20,31,1.0,0.9980076551437378,0,0,0.0,0.0,0.0,0.0013544333633035421,-0.08844207227230072,-0.0033020307309925556
1933,20,32,1.0,0.9954994916915894,0,0,0.0,-0.25,0.0,-0.0001818944001570344,-0.24381093680858612,-0.00880655087530613
1934,20,33,1.0,0.9860462546348572,0,0,0.0,-0.25,0.0,0.0008665767963975668,-0.2681069076061249,-0.004803786054253578
1935,20,34,1.0,0.987082839012146,0,0,0.0,-0.25,0.0,0.001339924056082964,-0.2748025059700012,-0.006372716277837753
1936,20,35,1.0,0.9880415201187134,0,0,0.0,-0.25,0.0,0.0006178929470479488,-0.2752639651298523,-0.00513779791072011
1937,20,36,1.0,0.9901745915412903,0,0,0.0,-0.25,0.0,1.3281824067234993e-05,-0.2758260667324066,-0.003830674570053816
1938,20,37,1.0,0.9933487176895142,0,0,0.0,-0.25,0.0,-0.0004498433554545045,-0.2753756046295166,-0.0042756423354148865
1939,20,38,1.0,0.9955494403839111,0,0,0.0,-0.25,0.0,-0.0006609484553337097,-0.2734183073043823,-0.007262304425239563
1940,20,39,1.0,0.9953057169914246,0,0,0.0,-0.25,0.0,0.0015264421235769987,-0.2741548418998718,-0.008023370988667011
1941,20,40,1.0,0.9929486513137817,0,0,0.0,-0.25,0.0,0.0020434819161891937,-0.2777140438556671,-0.00922600831836462
1942,20,41,1.0,0.9943730235099792,0,0,0.0,-0.25,0.0,0.0009012005757540464,-0.27780166268348694,-0.00765089550986886
1943,20,42,1.0,0.9999812245368958,0,0,0.0,0.0,0.0,-0.002318722428753972,-0.1764102280139923,-0.014736110344529152
1944,20,43,1.0,1.003849983215332,0,0,0.0,0.0,0.0,-0.0014216783456504345,-0.027038466185331345,-0.0051775360479950905
1945,20,44,1.0,1.0031906366348267,0,0,0.0,0.0,0.0,-0.0008029749151319265,-0.002887129783630371,-0.007840238511562347
1946,20,45,1.0,1.002210021018982,0,0,0.0,0.0,0.0,-0.0006471535889431834,-0.0010083288652822375,-0.007303211838006973
1947,20,46,1.0,0.9983331561088562,0,0,0.0,0.0,0.0,-0.0004722578451037407,-0.001589460764080286,-0.0015989295206964016
1948,20,47,1.0,0.998386561870575,0,0,0.0,0.0,0.0,-0.0004889614647254348,-0.0013265900779515505,-0.0015411851927638054
1949,20,48,1.0,0.9985286593437195,0,0,0.0,0.0,0.0,-0.0004567613359540701,-0.0012335192877799273,0.003851627930998802
1950,20,49,1.0,0.998538613319397,0,0,0.0,-0.25,0.0,-0.0004618684761226177,-0.0011860454687848687,0.003853689879179001
1951,20,50,1.0,0.9964947700500488,0,0,0.0,0.0,0.0,-2.7042115107178688e-05,-0.01026721578091383,0.0019297609105706215
1952,20,51,1.0,1.000306487083435,0,0,0.0,0.0,0.0,6.115483120083809e-05,-0.002434608293697238,0.009572349488735199
1953,20,52,1.0,0.9974664449691772,0,0,0.0,0.0,0.0,-0.00045044953003525734,-0.0031391968950629234,0.004454910755157471
1954,20,53,1.0,0.9974713325500488,0,0,0.0,0.0,0.0,-0.0005113334627822042,-0.00209445646032691,0.005006340332329273
1955,20,54,1.0,0.9991965889930725,0,0,0.0,0.0,0.0,-0.00016694364603608847,-0.001577046699821949,-0.013203136622905731
1956,20,55,1.0,0.9992013573646545,0,0,0.0,0.0,0.0,-0.00016382383182644844,-0.0015283452812582254,-0.013393858447670937
1957,20,56,1.0,1.0008472204208374,0,0,0.0,0.0,0.0,0.00014260876923799515,-0.0016790572553873062,-0.02576616033911705
1958,20,57,1.0,1.0008461475372314,0,0,0.0,0.0,0.0,0.00014314940199255943,-0.0016716857207939029,-0.025826282799243927
1959,20,58,1.0,0.9992467761039734,0,0,0.0,0.0,0.0,3.5507138818502426e-05,-0.001327156089246273,-0.009557288140058517
1960,20,59,1.0,0.9992472529411316,0,0,0.0,0.0,-0.5,3.5247066989541054e-05,-0.0013248490868136287,-0.00956565048545599
1961,20,60,1.0,0.997401237487793,0,0,0.0,0.0,-0.5,-0.0013061927165836096,-0.000571547367144376,-0.54578697681427
1962,20,61,1.0,0.9979634284973145,0,0,0.0,0.0,-0.5,-0.0008392331656068563,-0.0003988718963228166,-0.5390093326568604
1963,20,62,1.0,0.997862696647644,0,0,0.0,0.0,-0.5,-0.0011452436447143555,-0.001180372666567564,-0.5316470861434937
1964,20,63,1.0,0.9971076250076294,0,0,0.0,0.0,-0.5,-0.000916164368391037,-0.0009323141421191394,-0.5212829113006592
1965,20,64,1.0,0.9980693459510803,0,0,0.0,0.0,-0.5,-0.0003610478015616536,-0.001087344717234373,-0.525986909866333
1966,20,65,1.0,1.0011323690414429,0,0,0.0,0.0,-0.5,0.00010358402505517006,-0.0008590874494984746,-0.5210393667221069
1967,20,66,1.0,1.0027151107788086,0,0,0.0,0.0,-0.5,-2.1778978407382965e-06,-0.0003398031694814563,-0.5416773557662964
1968,20,67,1.0,1.0075221061706543,0,0,0.0,0.0,-0.5,9.261188097298145e-05,0.0003418683190830052,-0.549582839012146
1969,20,68,1.0,1.011289358139038,0,0,0.0,0.0,-0.5,0.0002598939463496208,1.639494439586997e-05,-0.5587543249130249
1970,20,69,1.0,1.0089818239212036,0,0,0.0,0.0,-0.5,0.0005455161444842815,5.448644515126944e-06,-0.5556573867797852
1971,20,70,1.0,1.0030088424682617,0,0,0.0,0.0,-0.5,0.0013891032431274652,0.00021134607959538698,-0.17185315489768982
1972,20,71,1.0,1.0029271841049194,0,0,0.0,0.0,0.0,0.0010767404455691576,-0.00010907248361036181,-0.11143358796834946
1973,20,72,1.0,1.188193440437317,0,0,0.0,0.0,0.0,0.0016677826642990112,-0.0013767944183200598,0.03665875270962715
1974,20,73,1.0,1.1927928924560547,0,0,0.0,0.0,0.0,0.00163709232583642,-0.0012842045398429036,0.03788135573267937
1975,20,74,1.0,1.9161157608032227,0,1,0.0,0.0,0.0,0.0010114239994436502,-0.0004742633318528533,0.006077452562749386
1976,20,75,2.0,1.9169998168945312,1,1,0.0,0.0,0.0,0.0009954203851521015,-0.000459456437965855,0.006055803038179874
1977,20,76,2.0,2.039055109024048,1,1,0.0,0.0,0.0,0.000567013630643487,-0.00020163285080343485,0.0005570929497480392
1978,20,77,2.0,2.0388076305389404,1,1,0.0,0.0,0.0,0.0005938517861068249,-0.0008631472592242062,-0.0009798817336559296
1979,20,78,2.0,2.03678035736084,1,1,0.0,0.0,0.0,-0.00033938896376639605,-0.0011835063342005014,0.00036925170570611954
1980,20,79,2.0,2.0400495529174805,1,1,0.0,0.0,0.0,-0.00032835290767252445,0.0005639061564579606,0.008027426898479462
1981,20,80,2.0,2.0390493869781494,1,1,0.0,0.0,0.0,0.0002650562673807144,-0.00016257332754321396,0.005774234421551228
1982,20,81,2.0,2.038806915283203,1,1,0.0,0.0,0.0,0.00046321330592036247,-0.00025346121401526034,0.00587675254791975
1983,20,82,2.0,2.0423038005828857,1,1,0.0,0.0,0.0,-0.0001831802073866129,-0.0002940125996246934,0.007847320288419724
1984,20,83,2.0,2.042538642883301,1,1,0.0,0.0,0.0,0.00038041616789996624,-0.0011013083858415484,0.004569019190967083
1985,20,84,1.0,2.011050224304199,0,1,0.0,0.0,0.0,-0.0015272649470716715,0.0010823599295690656,-0.002925594337284565
1986,20,85,1.0,1.8738267421722412,0,1,0.0,0.0,0.0,-0.0013220951659604907,0.001302548567764461,0.0025549912825226784
1987,20,86,1.0,0.9938180446624756,0,0,0.0,0.0,0.0,6.475276313722134e-05,-0.00042931752977892756,0.5184656381607056
1988,20,87,1.0,1.090411901473999,0,0,0.0,0.0,0.0,0.0005173736717551947,0.0011602817103266716,0.16237622499465942
1989,20,88,1.0,0.9899292588233948,0,0,0.0,0.0,0.0,-0.0006584360962733626,-0.0009425075259059668,0.4760948717594147
1990,20,89,1.0,1.0111619234085083,0,0,0.0,0.0,0.0,-6.428058259189129e-05,-0.0008287067757919431,0.37398701906204224
1991,20,90,1.0,1.0056973695755005,0,0,0.0,0.0,0.5,-0.0008258073357865214,0.0005410491721704602,0.3556126356124878
1992,20,91,1.0,0.9948245286941528,0,0,0.0,0.0,0.5,-0.000165809178724885,-0.0004880494379904121,0.5186537504196167
1993,20,92,1.0,0.9964374899864197,0,0,0.0,0.0,0.5,-0.00025478960014879704,-0.0002545380557421595,0.5188573598861694
1994,20,93,1.0,0.9993656873703003,0,0,0.0,0.0,0.5,-6.657862104475498e-05,-0.0005286763189360499,0.5182193517684937
1995,20,94,1.0,0.9994368553161621,0,0,0.0,0.0,0.5,-2.8815818950533867e-05,1.9842234905809164e-05,0.5173808336257935
1996,20,95,1.0,0.9987423419952393,0,0,0.0,0.0,0.5,0.00017143809236586094,-0.00016302158473990858,0.5175251960754395
1997,20,96,1.0,0.9987331628799438,0,0,0.0,0.0,0.5,0.0002275398001074791,-8.234643610194325e-05,0.5194637775421143
1998,20,97,1.0,0.9989027976989746,0,0,0.0,0.0,0.5,0.00011460972018539906,-7.483799709007144e-05,0.5198831558227539
1999,20,98,1.0,0.9992561340332031,0,0,0.0,0.0,0.5,0.0002793183084577322,-0.00015713999164290726,0.5163581371307373
2000,20,99,1.0,0.9987058639526367,0,0,0.0,0.0,0.5,0.0004465135280042887,-2.022425178438425e-05,0.5177351236343384
2001,21,0,1.0,0.9942138195037842,0,0,0.0,0.0,0.0,0.002591400872915983,0.00015125347999855876,0.003184741362929344
2002,21,1,1.0,0.9936330914497375,0,0,0.0,0.0,0.0,0.002775730099529028,0.0001166615984402597,5.990080535411835e-05
2003,21,2,1.0,0.99556565284729,0,0,0.0,0.0,0.0,0.0037417812272906303,0.001293717883527279,0.0019114892929792404
2004,21,3,1.0,0.995684802532196,0,0,0.0,0.0,0.0,0.0037833205424249172,0.0011952725471928716,0.0025375476107001305
2005,21,4,1.0,0.9971722364425659,0,0,0.0,0.0,0.0,0.005099785048514605,0.001687327865511179,-0.01127813383936882
2006,21,5,1.0,0.9972113370895386,0,0,0.0,0.0,0.0,0.0051175509579479694,0.0016602876130491495,-0.011129584163427353
2007,21,6,1.0,1.0010405778884888,0,0,0.0,0.0,0.0,-0.029220091179013252,0.0013756498228758574,-0.011146183125674725
2008,21,7,1.0,1.0010497570037842,0,0,0.0,0.0,0.0,-0.029174447059631348,0.0013700479175895452,-0.011107256636023521
2009,21,8,1.0,1.0008639097213745,0,0,0.0,0.0,0.0,-0.04735769331455231,0.00030457484535872936,-0.014296500012278557
2010,21,9,1.0,1.0008654594421387,0,0,0.0,0.0,0.0,-0.04734610766172409,0.0003032516688108444,-0.014285318553447723
2011,21,10,1.0,0.9987186193466187,0,0,0.0,0.0,0.0,-0.11581180989742279,-0.0008922652341425419,-0.016809696331620216
2012,21,11,1.0,0.9987192749977112,0,0,0.0,0.0,0.0,-0.11580779403448105,-0.0008924809517338872,-0.016807101666927338
2013,21,12,1.0,0.9984968900680542,0,0,0.0,0.0,0.0,-0.1200360506772995,-0.000940535799600184,-0.016325568780303
2014,21,13,1.0,0.9984971284866333,0,0,-0.25,0.0,0.0,-0.12003512680530548,-0.0009406033786945045,-0.016324911266565323
2015,21,14,1.0,0.9800848960876465,0,0,-0.25,0.0,0.0,-0.2698708176612854,0.0014206944033503532,-0.011075282469391823
2016,21,15,1.0,0.9766908288002014,0,0,-0.25,0.0,0.0,-0.2734104096889496,0.0008388138376176357,-0.008206885308027267
2017,21,16,1.0,0.9745670557022095,0,0,-0.25,0.0,0.0,-0.2747301459312439,0.0004153978079557419,-0.00714066531509161
2018,21,17,1.0,0.9750388860702515,0,0,-0.25,0.0,0.0,-0.27397751808166504,-0.0006021216977387667,-0.00630314601585269
2019,21,18,1.0,0.9758689999580383,0,0,-0.25,0.0,0.0,-0.27418023347854614,-0.0006238407222554088,-0.007134030573070049
2020,21,19,1.0,0.9781396389007568,0,0,-0.25,0.0,0.0,-0.27082380652427673,-0.00116623449139297,-0.006294273305684328
2021,21,20,1.0,0.9831977486610413,0,0,-0.25,0.0,0.0,-0.26998579502105713,-0.0016775742406025529,-0.009579145349562168
2022,21,21,1.0,0.9910376071929932,0,0,-0.25,0.0,0.0,-0.2703184485435486,-0.0005868338630534708,-0.013577213510870934
2023,21,22,1.0,0.9956581592559814,0,0,-0.25,0.0,0.0,-0.2719059884548187,-0.0007752033416181803,-0.019024617969989777
2024,21,23,1.0,1.0073508024215698,0,0,-0.25,0.0,0.0,-0.2747584879398346,0.0001856049057096243,-0.025210339576005936
2025,21,24,1.0,1.0040743350982666,0,0,-0.25,0.0,0.0,-0.2808043956756592,0.0012424943270161748,-0.027604905888438225
2026,21,25,1.0,0.9890726804733276,0,0,-0.25,0.0,0.0,-0.2833222448825836,0.002539358800277114,-0.02299720048904419
2027,21,26,1.0,0.9773313403129578,0,0,-0.25,0.0,0.0,-0.23184546828269958,0.005145019851624966,-0.016417885199189186
2028,21,27,1.0,0.9885522127151489,0,0,-0.25,0.0,0.0,-0.0326991006731987,-0.0012105109635740519,-0.013021362945437431
2029,21,28,1.0,1.0013178586959839,0,0,0.0,0.0,0.0,-0.0020334171131253242,-0.0034278789535164833,0.0029029538854956627
2030,21,29,1.0,0.9995388984680176,0,0,0.0,0.0,0.0,-0.004624921828508377,-0.005411703139543533,-0.004129817243665457
2031,21,30,1.0,0.9916810393333435,0,0,0.0,0.0,0.0,-0.0012076778803020716,0.2691030204296112,-0.004894479643553495
2032,21,31,1.0,0.9943205118179321,0,0,0.0,0.0,0.0,-0.00046579958871006966,0.26968181133270264,-0.0059890784323215485
2033,21,32,1.0,0.9924023151397705,0,0,0.0,0.0,0.0,-0.0009504315676167607,0.2728947699069977,-0.005262420512735844
2034,21,33,1.0,0.9924603700637817,0,0,0.0,0.0,0.0,-0.0008878422668203712,0.27306312322616577,-0.00535102654248476
2035,21,34,1.0,0.9965345859527588,0,0,0.0,0.25,0.0,-0.0018213724251836538,0.2708536982536316,-0.005903121083974838
2036,21,35,1.0,0.9904579520225525,0,0,0.0,0.25,0.0,-0.0007601538673043251,0.2670428156852722,-0.009470336139202118
2037,21,36,1.0,0.9922266006469727,0,0,0.0,0.25,0.0,-0.0006517375586554408,0.26718997955322266,-0.005869063548743725
2038,21,37,1.0,0.992165744304657,0,0,0.0,0.25,0.0,0.0006870285142213106,0.2698320746421814,-0.005437612533569336
2039,21,38,1.0,0.9901585578918457,0,0,0.0,0.25,0.0,0.0009320569224655628,0.2729744017124176,-0.002142051700502634
2040,21,39,1.0,0.9895549416542053,0,0,0.0,0.25,0.0,0.0004816546570509672,0.273878276348114,-0.0010297899134457111
2041,21,40,1.0,0.9927359819412231,0,0,0.0,0.25,0.0,0.000536296283826232,0.2728781998157501,-0.0043187690898776054
2042,21,41,1.0,0.9883719086647034,0,0,0.0,0.25,0.0,0.0013851455878466368,0.2672220468521118,-0.009999948553740978
2043,21,42,1.0,0.9867992997169495,0,0,0.0,0.25,0.0,0.002023966982960701,0.26117876172065735,-0.00927877239882946
2044,21,43,1.0,0.9900479316711426,0,0,0.0,0.25,0.0,0.003181813284754753,0.21093128621578217,-0.024136168882250786
2045,21,44,1.0,0.9994480609893799,0,0,0.0,0.25,0.0,0.0006297123618423939,0.04952767863869667,-0.01297462172806263
2046,21,45,1.0,1.000471591949463,0,0,0.0,0.0,0.0,0.0009306822903454304,0.012219656258821487,0.006083526648581028
2047,21,46,1.0,1.0021133422851562,0,0,0.0,0.0,0.0,0.0002628874499350786,-0.00044023359077982605,-0.00140062952414155
2048,21,47,1.0,1.0037569999694824,0,0,0.0,0.0,0.0,0.0006370935589075089,-0.0023959169629961252,-0.01854177564382553
2049,21,48,1.0,1.0054994821548462,0,0,0.0,0.0,0.0,0.0006085874047130346,-0.001996513456106186,-0.00363432290032506
2050,21,49,1.0,1.0055207014083862,0,0,0.0,0.0,0.0,0.0005732725840061903,-0.002015299629420042,-0.003255761694163084
2051,21,50,1.0,1.005110740661621,0,0,0.0,0.0,0.0,0.00012487033382058144,0.00033292232546955347,-0.04911720007658005
2052,21,51,1.0,1.0050914287567139,0,0,0.0,0.0,0.0,0.0001214414369314909,0.000315080804284662,-0.0490860641002655
2053,21,52,1.0,1.0065416097640991,0,0,0.0,0.0,0.0,0.00021287286654114723,0.0005032764747738838,-0.10890122503042221
2054,21,53,1.0,1.006537675857544,0,0,0.0,0.0,0.0,0.0002124430611729622,0.0005008748266845942,-0.10886840522289276
2055,21,54,1.0,1.0082345008850098,0,0,0.0,0.0,-0.5,0.0004619250539690256,0.0002261520130559802,-0.1757473647594452
2056,21,55,1.0,0.998331606388092,0,0,0.0,0.0,-0.5,-0.00016639020759612322,-0.0014768765540793538,-0.5379811525344849
2057,21,56,1.0,0.9981331825256348,0,0,0.0,0.0,-0.5,-4.978361539542675e-05,-0.002107403939589858,-0.5220557451248169
2058,21,57,1.0,0.9987961053848267,0,0,0.0,0.0,-0.5,0.00043937540613114834,-0.0019444838399067521,-0.5150620937347412
2059,21,58,1.0,0.999681830406189,0,0,0.0,0.0,-0.5,0.0012633674778044224,-0.001515174051746726,-0.5066034197807312
2060,21,59,1.0,0.9968557357788086,0,0,0.0,0.0,-0.5,0.00022295466624200344,-0.0009110106620937586,-0.5197349786758423
2061,21,60,1.0,0.9984257221221924,0,0,0.0,0.0,-0.5,-0.0002932208590209484,-0.0007772956159897149,-0.5322861671447754
2062,21,61,1.0,1.0031216144561768,0,0,0.0,0.0,-0.5,-0.0001607174053788185,-0.00013699464034289122,-0.5346906185150146
2063,21,62,1.0,1.0132452249526978,0,0,0.0,0.0,-0.5,0.0006370916962623596,-0.00114497821778059,-0.5459274053573608
2064,21,63,1.0,1.009218692779541,0,0,0.0,0.0,-0.5,0.0011724745854735374,-0.0021199211478233337,-0.5500848293304443
2065,21,64,1.0,0.9989871978759766,0,0,0.0,0.0,-0.5,0.0006826838944107294,-0.0004296115948818624,-0.09417423605918884
2066,21,65,1.0,0.9968198537826538,0,0,0.0,0.0,-0.5,0.0014621855225414038,0.0012255238834768534,-0.2188062071800232
2067,21,66,1.0,1.8681058883666992,0,1,0.0,0.0,-0.5,0.0007689495105296373,-0.0001687078911345452,0.005689472891390324
2068,21,67,1.0,1.873204231262207,0,1,0.0,0.0,0.0,0.0005721624474972486,0.0007098604692146182,0.005798620171844959
2069,21,68,1.0,2.0411598682403564,0,1,0.0,0.0,0.0,-0.0007202145643532276,-5.543226143345237e-05,0.0015644347295165062
2070,21,69,1.0,2.039856195449829,0,1,0.0,0.0,0.0,-0.0005029255989938974,-0.00010041054338216782,0.0002064630389213562
2071,21,70,2.0,2.0371253490448,1,1,0.0,0.0,0.0,0.00016077840700745583,-0.00028189580189064145,-0.00012238416820764542
2072,21,71,2.0,2.0376248359680176,1,1,0.0,0.0,0.0,0.0003971974365413189,-0.001226683845743537,0.0010817404836416245
2073,21,72,2.0,2.040408134460449,1,1,0.0,0.0,0.0,-0.0005793870659545064,0.0005567253101617098,0.006163899786770344
2074,21,73,2.0,2.0372774600982666,1,1,0.0,0.0,0.0,-7.146084681153297e-05,-0.0007450314587913454,0.00488540343940258
2075,21,74,2.0,2.0384066104888916,1,1,0.0,0.0,0.0,-0.000233933562412858,-0.0005575385293923318,0.0017628436908125877
2076,21,75,2.0,2.0394136905670166,1,1,0.0,0.0,0.0,-0.0003392859362065792,-0.0005057507660239935,0.0008793724700808525
2077,21,76,2.0,2.0409793853759766,1,1,0.0,0.0,0.0,-0.0006568299140781164,-0.0002077280660159886,0.0021952176466584206
2078,21,77,2.0,2.0409774780273438,1,1,0.0,0.0,0.0,-0.0005178170977160335,-5.5987213272601366e-05,0.0019391467794775963
2079,21,78,1.0,0.9810516834259033,0,0,0.0,0.0,0.0,0.000279679661616683,-0.00042343090171925724,0.4515131413936615
2080,21,79,1.0,1.9025132656097412,0,1,0.0,0.0,0.0,-0.0006412691436707973,7.683539297431707e-05,-0.007859623990952969
2081,21,80,1.0,1.9046969413757324,0,1,0.0,0.0,0.0,-0.000258132116869092,0.0013399145100265741,-0.003317924216389656
2082,21,81,1.0,0.9854385852813721,0,0,0.0,0.0,0.0,0.0012183997314423323,6.749446038156748e-05,0.4472905695438385
2083,21,82,1.0,0.986346960067749,0,0,0.0,0.0,0.0,-0.00026138860266655684,0.0005872480105608702,0.45375919342041016
2084,21,83,1.0,0.9826052784919739,0,0,0.0,0.0,0.5,-7.608660962432623e-05,7.852393900975585e-05,0.4611942172050476
2085,21,84,1.0,0.9847752451896667,0,0,0.0,0.0,0.5,-2.218899317085743e-05,0.0003582937642931938,0.5031735897064209
2086,21,85,1.0,1.0007133483886719,0,0,0.0,0.0,0.5,0.0004981665406376123,0.00020081718685105443,0.5176335573196411
2087,21,86,1.0,0.9980238676071167,0,0,0.0,0.0,0.5,7.227901369333267e-05,0.0007121653761714697,0.5180765390396118
2088,21,87,1.0,0.9997313022613525,0,0,0.0,0.0,0.5,-0.00012450420763343573,0.0006439937278628349,0.5156241655349731
2089,21,88,1.0,1.000016689300537,0,0,0.0,0.0,0.5,4.4581713154911995e-05,0.00015801418339833617,0.5151646137237549
2090,21,89,1.0,1.0001287460327148,0,0,0.0,0.0,0.5,0.00010885181836783886,-0.00015956812421791255,0.5170186758041382
2091,21,90,1.0,0.9993565678596497,0,0,0.0,0.0,0.5,-9.247532580047846e-05,0.0001483384403400123,0.5171267986297607
2092,21,91,1.0,0.9990091323852539,0,0,0.0,0.0,0.5,3.094063140451908e-05,0.0002538784174248576,0.5181916952133179
2093,21,92,1.0,0.9996134638786316,0,0,0.0,0.0,0.5,0.0003814485389739275,0.00037348142359405756,0.5188456773757935
2094,22,0,1.0,0.9926974177360535,0,0,0.0,0.0,0.0,-0.004370146431028843,0.003428151598200202,-0.0006234487518668175
2095,22,1,1.0,0.9921483397483826,0,0,0.0,0.0,0.0,-0.004638880491256714,0.0038783049676567316,-0.0038092685863375664
2096,22,2,1.0,0.993915855884552,0,0,0.0,0.0,0.0,-0.006525271572172642,0.0022103318478912115,-0.005305257625877857
2097,22,3,1.0,0.9940147399902344,0,0,0.0,0.0,0.0,-0.006580581422895193,0.002072620205581188,-0.004721518140286207
2098,22,4,1.0,0.9972485303878784,0,0,0.0,0.0,0.0,-0.007987888529896736,0.002286304021254182,-0.004420185927301645
2099,22,5,1.0,0.9972648620605469,0,0,0.0,0.0,0.0,-0.007967734709382057,0.0022663455456495285,-0.004293477162718773
2100,22,6,1.0,0.9981439709663391,0,0,0.0,0.0,0.0,0.024898316711187363,-0.0011456669308245182,0.0030076364055275917
2101,22,7,1.0,0.9981375932693481,0,0,0.0,0.0,0.0,0.024936363101005554,-0.0011526993475854397,0.003039732575416565
2102,22,8,1.0,0.9914692044258118,0,0,0.0,0.0,0.0,0.1297195851802826,-0.00014627008931711316,-0.00545020867139101
2103,22,9,1.0,0.9914673566818237,0,0,0.25,0.0,0.0,0.129738450050354,-0.00014699663734063506,-0.005443668458610773
2104,22,10,1.0,0.9878859519958496,0,0,0.25,0.0,0.0,0.27179282903671265,-0.0031935139559209347,-0.005591616965830326
2105,22,11,1.0,0.9831237196922302,0,0,0.25,0.0,0.0,0.2739814221858978,-0.002664637751877308,-0.006582530681043863
2106,22,12,1.0,0.9838911294937134,0,0,0.25,0.0,0.0,0.27390214800834656,-0.0019243836868554354,-0.004611085634678602
2107,22,13,1.0,0.9827924370765686,0,0,0.25,0.0,0.0,0.2739156484603882,-0.0011933189816772938,-0.0037051639519631863
2108,22,14,1.0,0.9807410836219788,0,0,0.25,0.0,0.0,0.2755727469921112,-0.000995926558971405,-0.005908671300858259
2109,22,15,1.0,0.988274872303009,0,0,0.25,0.0,0.0,0.27420052886009216,9.52801201492548e-07,-0.00504650454968214
2110,22,16,1.0,0.991691529750824,0,0,0.25,0.0,0.0,0.27151307463645935,-0.0011461271205917,-0.001859588548541069
2111,22,17,1.0,1.0057008266448975,0,0,0.25,0.0,0.0,0.2683117389678955,-0.0012714867480099201,-0.0009818663820624352
2112,22,18,1.0,0.99486243724823,0,0,0.25,0.0,0.0,0.2732098698616028,-0.00021174823632463813,-0.004044139292091131
2113,22,19,1.0,0.9913596510887146,0,0,0.25,0.0,0.0,0.27132487297058105,0.00012410013005137444,-0.004814930260181427
2114,22,20,1.0,0.9949605464935303,0,0,0.25,0.0,0.0,0.21399976313114166,-0.0008104958105832338,-0.0041611152701079845
2115,22,21,1.0,0.9945746660232544,0,0,0.0,0.0,0.0,0.04890761524438858,-0.0006722048856317997,-0.009271630086004734
2116,22,22,1.0,0.9966212511062622,0,0,0.0,0.0,0.0,0.019553009420633316,-0.0056624505668878555,-0.004158698488026857
2117,22,23,1.0,0.9937081933021545,0,0,0.0,0.0,0.0,0.007272318471223116,-0.005790433846414089,-0.008289111778140068
2118,22,24,1.0,0.9903600811958313,0,0,0.0,0.0,0.0,0.00013591349124908447,-0.003933806903660297,-0.00897330604493618
2119,22,25,1.0,0.990005612373352,0,0,0.0,0.0,0.0,0.0005068245809525251,-0.0028752877842634916,-0.010450015775859356
2120,22,26,1.0,0.9955586791038513,0,0,0.0,0.0,0.0,0.0036457646638154984,-0.00901010725647211,-0.009252510033547878
2121,22,27,1.0,0.9956583976745605,0,0,0.0,0.0,0.0,0.003510511014610529,-0.009476623497903347,-0.009800839237868786
2122,22,28,1.0,0.9982110261917114,0,0,0.0,-0.25,0.0,0.003800210077315569,-0.09945447742938995,-0.006197690032422543
2123,22,29,1.0,0.997298002243042,0,0,0.0,-0.25,0.0,-4.337786231189966e-05,-0.2738725543022156,-0.008116700686514378
2124,22,30,1.0,0.995350182056427,0,0,0.0,-0.25,0.0,-0.0007016870658844709,-0.27228865027427673,-0.007228880189359188
2125,22,31,1.0,0.9957718849182129,0,0,0.0,-0.25,0.0,-0.00021564285270869732,-0.27321356534957886,-0.010421163402497768
2126,22,32,1.0,0.9924908876419067,0,0,0.0,-0.25,0.0,-0.0002700167242437601,-0.27567771077156067,-0.011626096442341805
2127,22,33,1.0,0.991119921207428,0,0,0.0,-0.25,0.0,-0.0002866818103939295,-0.27702876925468445,-0.011503553949296474
2128,22,34,1.0,0.9947658777236938,0,0,0.0,-0.25,0.0,0.0002887474838644266,-0.2766876518726349,-0.005844665691256523
2129,22,35,1.0,0.9965699315071106,0,0,0.0,-0.25,0.0,0.000317850848659873,-0.2765265107154846,-0.006322850473225117
2130,22,36,1.0,0.99455326795578,0,0,0.0,-0.25,0.0,-6.504706107079983e-05,-0.2736908793449402,-0.0020264270715415478
2131,22,37,1.0,0.9912299513816833,0,0,0.0,-0.25,0.0,0.00037352973595261574,-0.27115288376808167,-0.0028013847768306732
2132,22,38,1.0,0.993352472782135,0,0,0.0,-0.25,0.0,0.000646400498226285,-0.16490454971790314,0.0077150072902441025
2133,22,39,1.0,0.9934866428375244,0,0,0.0,0.0,0.0,0.0005927036982029676,-0.09397200495004654,0.01967235654592514
2134,22,40,1.0,0.9986701011657715,0,0,0.0,0.0,0.0,0.0012132420670241117,-0.009308182634413242,0.004010200500488281
2135,22,41,1.0,1.000537633895874,0,0,0.0,0.0,0.0,0.0007747695781290531,-0.003374441061168909,-0.005339565686881542
2136,22,42,1.0,1.0051592588424683,0,0,0.0,0.0,0.0,0.0004960673395544291,-0.003381422720849514,-0.04173915088176727
2137,22,43,1.0,1.005169153213501,0,0,0.0,0.0,0.0,0.0004953234456479549,-0.003281177021563053,-0.042298346757888794
2138,22,44,1.0,1.0056029558181763,0,0,0.0,0.0,0.0,0.0008063209243118763,-0.0031834086403250694,-0.04028656333684921
2139,22,45,1.0,1.0056041479110718,0,0,0.0,-0.25,0.0,0.0008021560497581959,-0.0031710537150502205,-0.0403749905526638
2140,22,46,1.0,1.0051106214523315,0,0,0.0,0.0,0.0,1.793215051293373e-05,-0.003044772194698453,0.0002961084246635437
2141,22,47,1.0,1.0053883790969849,0,0,0.0,0.0,0.0,-4.191952757537365e-05,-0.0019208333687856793,0.0027357982471585274
2142,22,48,1.0,1.0051177740097046,0,0,0.0,0.0,0.0,0.0004404487553983927,-0.00036732727312482893,-0.0714109018445015
2143,22,49,1.0,1.005435585975647,0,0,0.0,0.0,0.0,0.0004043630324304104,-0.00026906910352408886,-0.06914014369249344
2144,22,50,1.0,1.008107304573059,0,0,0.0,0.0,0.0,0.0005582999438047409,-0.0004957497585564852,-0.1894357055425644
2145,22,51,1.0,1.0081236362457275,0,0,0.0,0.0,0.0,0.0005590864457190037,-0.00047515431651845574,-0.18945057690143585
2146,22,52,1.0,1.0083335638046265,0,0,0.0,0.0,-0.5,0.000634737079963088,-0.000788685109000653,-0.25297224521636963
2147,22,53,1.0,0.996678352355957,0,0,0.0,0.0,-0.5,-0.0007146993884816766,-0.0008740840712562203,-0.5417057275772095
2148,22,54,1.0,0.9958384037017822,0,0,0.0,0.0,-0.5,-0.0004363972693681717,-0.0016385969938710332,-0.5323512554168701
2149,22,55,1.0,0.9966727495193481,0,0,0.0,0.0,-0.5,-0.00012615229934453964,-0.001187796937301755,-0.5268979072570801
2150,22,56,1.0,0.9990723729133606,0,0,0.0,0.0,-0.5,0.00013816449791193008,-0.0008178050047717988,-0.5227537155151367
2151,22,57,1.0,0.999836266040802,0,0,0.0,0.0,-0.5,-0.00011566013563424349,-0.001315522938966751,-0.53078293800354
2152,22,58,1.0,1.001659870147705,0,0,0.0,0.0,-0.5,-0.000706356018781662,-0.0014429267030209303,-0.5316973924636841
2153,22,59,1.0,1.0088213682174683,0,0,0.0,0.0,-0.5,-0.0006384294247254729,-0.000804120150860399,-0.5413781404495239
2154,22,60,1.0,1.0148965120315552,0,0,0.0,0.0,-0.5,5.35803847014904e-05,-0.0008251392282545567,-0.5466468334197998
2155,22,61,1.0,1.0170314311981201,0,0,0.0,0.0,-0.5,0.000564053189009428,-0.0011588416527956724,-0.5501612424850464
2156,22,62,1.0,1.0101226568222046,0,0,0.0,0.0,-0.5,0.000599689781665802,-0.0002617818827275187,-0.44698867201805115
2157,22,63,1.0,1.010588526725769,0,0,0.0,0.0,-0.5,0.00024718628264963627,6.528396625071764e-05,-0.40323129296302795
2158,22,64,1.0,1.0141122341156006,0,0,0.0,0.0,0.0,0.0014960735570639372,-0.0015141030307859182,0.02326839044690132
2159,22,65,1.0,1.0147448778152466,0,0,0.0,0.0,0.0,0.0015278123319149017,-0.001518874429166317,0.024905674159526825
2160,22,66,1.0,1.9495759010314941,0,1,0.0,0.0,0.0,0.0010727017652243376,-0.0006543643539771438,0.003747151233255863
2161,22,67,2.0,1.949859380722046,1,1,0.0,0.0,0.0,0.00106702814809978,-0.0006502915639430285,0.0037463856860995293
2162,22,68,2.0,2.039717674255371,1,1,0.0,0.0,0.0,0.000808072742074728,-0.0002431349130347371,-0.00040105637162923813
2163,22,69,2.0,2.038079261779785,1,1,0.0,0.0,0.0,0.0003500871825963259,0.00037978170439600945,0.0007215738296508789
2164,22,70,2.0,2.040191888809204,1,1,0.0,0.0,0.0,0.0003596646711230278,-8.457066724076867e-05,0.0052498746663331985
2165,22,71,2.0,2.039931058883667,1,1,0.0,0.0,0.0,0.00027162465266883373,3.5691249649971724e-05,0.0055039552971720695
2166,22,72,2.0,2.040210485458374,1,1,0.0,0.0,0.0,-7.133511826395988e-05,0.0005604939069598913,0.007339805364608765
2167,22,73,2.0,2.0393149852752686,1,1,0.0,0.0,0.0,0.0002104912418872118,0.0004200440598651767,0.00728566013276577
2168,22,74,2.0,2.021287441253662,1,1,0.0,0.0,0.0,0.00031906459480524063,0.000575934536755085,0.004115338437259197
2169,22,75,1.0,1.9549973011016846,0,1,0.0,0.0,0.0,0.001112387515604496,0.00045500160194933414,-0.004858990199863911
2170,22,76,1.0,1.6043732166290283,0,1,0.0,0.0,0.0,0.0025340616703033447,-0.00028592051239684224,-0.01693679578602314
2171,22,77,1.0,1.053398609161377,0,0,0.0,0.0,0.0,0.003181822132319212,-0.0034317385870963335,0.06876933574676514
2172,22,78,1.0,0.9831276535987854,0,0,0.0,0.0,0.0,0.0013162875548005104,-5.565251922234893e-05,0.42519277334213257
2173,22,79,1.0,0.9837421178817749,0,0,0.0,0.0,0.0,0.001299606403335929,0.000266888237092644,0.4490845501422882
2174,22,80,1.0,0.9901174306869507,0,0,0.0,0.0,0.0,0.0005046706646680832,0.000560985878109932,0.5062505006790161
2175,22,81,1.0,0.9914590716362,0,0,0.0,0.0,0.0,0.0003713262267410755,0.00023733125999569893,0.5107694864273071
2176,22,82,1.0,0.9912066459655762,0,0,0.0,0.0,0.5,0.0004788422957062721,0.000411554123274982,0.5112870931625366
2177,22,83,1.0,1.0015774965286255,0,0,0.0,0.0,0.5,0.0005045819561928511,-0.0004684335726778954,0.5217365026473999
2178,22,84,1.0,0.9983041286468506,0,0,0.0,0.0,0.5,0.00035679060965776443,0.0002586226910352707,0.5169934034347534
2179,22,85,1.0,1.00016188621521,0,0,0.0,0.0,0.5,0.0003909091465175152,-0.00029702033498324454,0.5157943964004517
2180,22,86,1.0,0.9978128671646118,0,0,0.0,0.0,0.5,0.0004632384516298771,0.00013958470663055778,0.5184613466262817
2181,22,87,1.0,0.9982653856277466,0,0,0.0,0.0,0.5,-0.00014206580817699432,-4.134874325245619e-05,0.5152883529663086
2182,22,88,1.0,0.9971327781677246,0,0,0.0,0.0,0.5,-0.00015334575437009335,0.0002565039321780205,0.5196437835693359
2183,22,89,1.0,0.998034656047821,0,0,0.0,0.0,0.5,0.0002232557162642479,-0.00040906883077695966,0.5166721343994141
2184,22,90,1.0,0.9979246854782104,0,0,0.0,0.0,0.5,0.00044269999489188194,0.0002679683384485543,0.5200930833816528
2185,22,91,1.0,0.9984859824180603,0,0,0.0,0.0,0.5,0.0008539834525436163,-0.0007360658491961658,0.5179070234298706
2186,23,0,1.0,0.9925092458724976,0,0,0.0,0.0,0.0,-0.003312753513455391,0.00024934631073847413,0.002673402428627014
2187,23,1,1.0,0.9922855496406555,0,0,0.0,0.0,0.0,-0.003998921252787113,0.0010919084306806326,-0.0016590012237429619
2188,23,2,1.0,0.9920883178710938,0,0,0.0,0.0,0.0,-0.005993981380015612,0.0003246084088459611,0.0027612904086709023
2189,23,3,1.0,0.9919996857643127,0,0,0.0,0.0,0.0,-0.006108949892222881,6.83287507854402e-05,0.0033041266724467278
2190,23,4,1.0,0.9924459457397461,0,0,0.0,0.0,0.0,-0.008756516501307487,-0.0001661267306189984,-0.0035190144553780556
2191,23,5,1.0,0.9924350380897522,0,0,0.0,0.0,0.0,-0.008734158240258694,-0.00018634225125424564,-0.003344471100717783
2192,23,6,1.0,0.9943112134933472,0,0,0.0,0.0,0.0,-0.00011765246745198965,-0.0007805450586602092,-0.00037815235555171967
2193,23,7,1.0,0.9943090081214905,0,0,0.0,0.0,0.0,-9.517371654510498e-05,-0.0007896849419921637,-0.00033591128885746
2194,23,8,1.0,0.9918155074119568,0,0,0.0,0.0,0.0,0.05903049185872078,-0.0031393507961183786,-0.003084557130932808
2195,23,9,1.0,0.9918128252029419,0,0,0.0,0.0,0.0,0.059054091572761536,-0.0031404178589582443,-0.0030763866379857063
2196,23,10,1.0,0.9922056198120117,0,0,0.25,0.0,0.0,0.22855857014656067,-0.0015077394200488925,-0.006271217484027147
2197,23,11,1.0,0.9866265654563904,0,0,0.25,0.0,0.0,0.2702926993370056,-0.0010313710663467646,-0.006570464000105858
2198,23,12,1.0,0.9841580986976624,0,0,0.25,0.0,0.0,0.27132630348205566,-0.0008516475791111588,-0.004491057712584734
2199,23,13,1.0,0.9851297736167908,0,0,0.25,0.0,0.0,0.27413976192474365,-0.0014509501634165645,-0.005400463938713074
2200,23,14,1.0,0.9836968183517456,0,0,0.25,0.0,0.0,0.27202150225639343,-0.002075579948723316,-0.00264562526717782
2201,23,15,1.0,0.9843873381614685,0,0,0.25,0.0,0.0,0.27106061577796936,-0.002280718879774213,-0.005369930993765593
2202,23,16,1.0,0.9871854782104492,0,0,0.25,0.0,0.0,0.26934775710105896,-0.002438159193843603,-0.003183540888130665
2203,23,17,1.0,0.9960022568702698,0,0,0.25,0.0,0.0,0.2659812569618225,-0.0025567677803337574,-0.0040902430191636086
2204,23,18,1.0,1.0098304748535156,0,0,0.25,0.0,0.0,0.26654353737831116,-0.00281171640381217,-0.007541431114077568
2205,23,19,1.0,1.0292384624481201,0,0,0.25,0.0,0.0,0.2645972669124603,-0.0027045144233852625,-0.01030266284942627
2206,23,20,1.0,1.006806492805481,0,0,0.25,0.0,0.0,0.26900023221969604,-0.0028763534501194954,-0.013762026093900204
2207,23,21,1.0,0.9900535345077515,0,0,0.25,0.0,0.0,0.2678113877773285,-0.0009304054547101259,-0.01980830915272236
2208,23,22,1.0,0.9913467168807983,0,0,0.0,0.0,0.0,0.14278575778007507,0.001962807262316346,-0.0048608011566102505
2209,23,23,1.0,1.00021493434906,0,0,0.0,0.0,0.0,0.02872180938720703,0.001988076139241457,-0.002904418855905533
2210,23,24,1.0,0.9972891807556152,0,0,0.0,0.0,0.0,-0.0009919436415657401,0.0007370164385065436,-0.004772127140313387
2211,23,25,1.0,0.994314968585968,0,0,0.0,0.0,0.0,-0.007201537024229765,-0.0008100733975879848,-0.0068109845742583275
2212,23,26,1.0,0.9929683804512024,0,0,0.0,0.0,0.0,0.004110467154532671,0.16081547737121582,-0.010785815306007862
2213,23,27,1.0,0.9932070374488831,0,0,0.0,0.0,0.0,0.003817304503172636,0.1696300208568573,-0.011111951433122158
2214,23,28,1.0,0.9956909418106079,0,0,0.0,0.0,0.0,0.0016924056690186262,0.25244835019111633,-0.005370166152715683
2215,23,29,1.0,0.9956466555595398,0,0,0.0,0.0,0.0,0.0016680883709341288,0.25270020961761475,-0.005393679719418287
2216,23,30,1.0,0.9975900650024414,0,0,0.0,0.0,0.0,0.0017331403214484453,0.24652881920337677,-0.007573310285806656
2217,23,31,1.0,0.9975917339324951,0,0,0.0,0.0,0.0,0.0017277649603784084,0.24657991528511047,-0.007580231409519911
2218,23,32,1.0,0.9977059960365295,0,0,0.0,0.25,0.0,0.0005901127588003874,0.2628577947616577,-0.008954607881605625
2219,23,33,1.0,0.9936701059341431,0,0,0.0,0.25,0.0,-0.0003455668920651078,0.2657579183578491,-0.01251229364424944
2220,23,34,1.0,0.9926051497459412,0,0,0.0,0.25,0.0,0.000190668273717165,0.2659552991390228,-0.01007011067122221
2221,23,35,1.0,0.9901242852210999,0,0,0.0,0.25,0.0,0.0011248430237174034,0.2693813443183899,-0.007528296206146479
2222,23,36,1.0,0.9884563684463501,0,0,0.0,0.25,0.0,0.0011437772773206234,0.2718390226364136,-0.007840506732463837
2223,23,37,1.0,0.9907792806625366,0,0,0.0,0.25,0.0,0.0007387443911284208,0.27268144488334656,-0.004652273375540972
2224,23,38,1.0,0.9959061145782471,0,0,0.0,0.25,0.0,0.0010227726306766272,0.27124759554862976,0.0004014279693365097
2225,23,39,1.0,0.9877561330795288,0,0,0.0,0.25,0.0,0.0014227693900465965,0.2685660123825073,-0.003371609840542078
2226,23,40,1.0,0.984391450881958,0,0,0.0,0.25,0.0,0.002099866047501564,0.26222121715545654,0.00424467958509922
2227,23,41,1.0,0.9882448315620422,0,0,0.0,0.25,0.0,0.003665632102638483,0.19158661365509033,0.02571229264140129
2228,23,42,1.0,0.991248369216919,0,0,0.0,0.25,0.0,0.0025816578418016434,0.0978413000702858,0.015775660052895546
2229,23,43,1.0,1.000901699066162,0,0,0.0,0.25,0.0,0.0007728659547865391,0.014523876830935478,0.021982239559292793
2230,23,44,1.0,1.00596284866333,0,0,0.0,0.0,0.0,0.0008317125029861927,0.0006829602643847466,-0.007391227874904871
2231,23,45,1.0,1.006683349609375,0,0,0.0,0.0,0.0,0.0004795605782419443,-0.0018166693625971675,-0.0029368000105023384
2232,23,46,1.0,1.0037354230880737,0,0,0.0,0.0,0.0,0.0004850034601986408,8.77220300026238e-05,-0.01137988269329071
2233,23,47,1.0,1.00347101688385,0,0,0.0,0.0,0.0,0.0003183747176080942,-0.00017273714183829725,-0.007908561266958714
2234,23,48,1.0,1.0080444812774658,0,0,0.0,0.0,0.0,0.0005693263374269009,-0.0003859116113744676,-0.15472406148910522
2235,23,49,1.0,1.0079783201217651,0,0,0.0,0.0,0.0,0.0005697731394320726,-0.00042269070399925113,-0.15555433928966522
2236,23,50,1.0,1.0091363191604614,0,0,0.0,0.0,0.0,0.000520126661285758,-0.0007722197333350778,-0.24096570909023285
2237,23,51,1.0,1.0091347694396973,0,0,0.0,0.0,-0.5,0.0005201562307775021,-0.0007796938298270106,-0.24112719297409058
2238,23,52,1.0,0.9994534254074097,0,0,0.0,0.0,-0.5,-0.0007016150048002601,-0.00042086385656148195,-0.5483700037002563
2239,23,53,1.0,0.9967103004455566,0,0,0.0,0.0,-0.5,-0.0006693170871585608,-0.0006630617426708341,-0.5339072942733765
2240,23,54,1.0,0.9961081147193909,0,0,0.0,0.0,-0.5,0.00015254761092364788,-0.0011757701868191361,-0.5140550136566162
2241,23,55,1.0,0.9966574907302856,0,0,0.0,0.0,-0.5,0.0002513926010578871,-0.0010414239950478077,-0.5144426822662354
2242,23,56,1.0,0.9970723390579224,0,0,0.0,0.0,-0.5,8.871243335306644e-05,-0.0013721565483137965,-0.5266836881637573
2243,23,57,1.0,0.9991112947463989,0,0,0.0,0.0,-0.5,-0.0003378025721758604,-0.001604346907697618,-0.530666708946228
2244,23,58,1.0,1.0095006227493286,0,0,0.0,0.0,-0.5,-0.00020098814275115728,-0.0004995783092454076,-0.5422348976135254
2245,23,59,1.0,1.0151734352111816,0,0,0.0,0.0,-0.5,0.0011280537582933903,-0.0007507565896958113,-0.5518349409103394
2246,23,60,1.0,1.0099564790725708,0,0,0.0,0.0,-0.5,0.001694441307336092,0.00017454964108765125,-0.5059946179389954
2247,23,61,1.0,1.0098681449890137,0,0,0.0,0.0,-0.5,0.0007286060135811567,0.0007101200753822923,-0.43914595246315
2248,23,62,1.0,1.1106233596801758,0,0,0.0,0.0,-0.5,0.002601312007755041,0.0001828305539675057,0.014348229393362999
2249,23,63,1.0,1.115681767463684,0,0,0.0,0.0,0.0,0.0025533465668559074,0.00015995086869224906,0.016811739653348923
2250,23,64,1.0,2.006744861602783,0,1,0.0,0.0,0.0,0.00014299573376774788,0.00015750143211334944,0.001332288607954979
2251,23,65,1.0,2.0069923400878906,0,1,0.0,0.0,0.0,0.00014541693963110447,0.00015210610581561923,0.0013065654784440994
2252,23,66,1.0,2.037203073501587,0,1,0.0,0.0,0.0,-4.89155063405633e-05,-0.00019970204448327422,0.0016638869419693947
2253,23,67,2.0,2.0372090339660645,1,1,0.0,0.0,0.0,-4.733842797577381e-05,-0.00020105054136365652,0.001661042682826519
2254,23,68,2.0,2.039695978164673,1,1,0.0,0.0,0.0,0.000491191865876317,-0.0005814902251586318,0.0003462163731455803
2255,23,69,2.0,2.039902687072754,1,1,0.0,0.0,0.0,0.0005535923410207033,-0.00012487825006246567,0.0017919577658176422
2256,23,70,2.0,2.039635419845581,1,1,0.0,0.0,0.0,-0.0001714365789666772,-0.0006373353535309434,0.007015503942966461
2257,23,71,2.0,2.039644956588745,1,1,0.0,0.0,0.0,-0.00036067015025764704,-0.0005452861078083515,0.00724945031106472
2258,23,72,2.0,2.040830612182617,1,1,0.0,0.0,0.0,-0.00015100650489330292,-0.00048279581824317575,0.007644075900316238
2259,23,73,2.0,2.041110038757324,1,1,0.0,0.0,0.0,-1.1815456673502922e-05,-0.0003643256495706737,0.007346769794821739
2260,23,74,1.0,2.041492462158203,0,1,0.0,0.0,0.0,-0.0001315793488174677,0.0002721759956330061,0.006401439197361469
2261,23,75,1.0,2.042236566543579,0,1,0.0,0.0,0.0,-0.00024104455951601267,0.0002523443545214832,0.0049733612686395645
2262,23,76,1.0,1.517135500907898,0,1,0.0,0.0,0.0,0.0021781367249786854,0.0012511922977864742,0.012630444020032883
2263,23,77,1.0,1.2766519784927368,0,0,0.0,0.0,0.0,0.0033098971471190453,0.0010217756498605013,0.0626557469367981
2264,23,78,1.0,0.9868463277816772,0,0,0.0,0.0,0.0,-0.0002429481828585267,-0.0002555526152718812,0.478219598531723
2265,23,79,1.0,0.9867985248565674,0,0,0.0,0.0,0.0,-0.0003397833788767457,-0.00027071882504969835,0.481898695230484
2266,23,80,1.0,0.985355794429779,0,0,0.0,0.0,0.5,-1.5341443940997124e-05,5.2637478802353144e-05,0.48210713267326355
2267,23,81,1.0,0.9997324347496033,0,0,0.0,0.0,0.5,-6.170966662466526e-05,3.929971717298031e-05,0.5165742635726929
2268,23,82,1.0,0.9994696974754333,0,0,0.0,0.0,0.5,0.00017361133359372616,1.2816628441214561e-05,0.5192470550537109
2269,23,83,1.0,0.9994063973426819,0,0,0.0,0.0,0.5,0.00037392997182905674,0.0003721249522641301,0.5169450044631958
2270,23,84,1.0,0.9986676573753357,0,0,0.0,0.0,0.5,0.00020404858514666557,0.00013928901171311736,0.5174764394760132
2271,23,85,1.0,0.9989994764328003,0,0,0.0,0.0,0.5,-0.00031931884586811066,-0.00014128224574960768,0.515139102935791
2272,23,86,1.0,0.997726559638977,0,0,0.0,0.0,0.5,-0.00010771816596388817,0.0001496536424383521,0.517256498336792
2273,23,87,1.0,0.996350884437561,0,0,0.0,0.0,0.5,-0.0003278611693531275,-5.5980170145630836e-05,0.5161527395248413
2274,23,88,1.0,0.9972385168075562,0,0,0.0,0.0,0.5,-4.303618334233761e-05,-0.00033278949558734894,0.5197144746780396
2275,23,89,1.0,0.9970545768737793,0,0,0.0,0.0,0.5,-0.00010274164378643036,-0.0002060848637484014,0.5205668210983276
2276,24,0,1.0,0.991590678691864,0,0,0.0,0.0,0.0,0.0017705312930047512,0.002465569879859686,0.0037663178518414497
2277,24,1,1.0,0.9924319386482239,0,0,0.0,0.0,0.0,0.0015410659834742546,0.0025989527348428965,0.0019638072699308395
2278,24,2,1.0,0.9932329654693604,0,0,0.0,0.0,0.0,0.0013925409875810146,0.0035511942114681005,0.0029324889183044434
2279,24,3,1.0,0.9932668209075928,0,0,0.0,0.0,0.0,0.0014271209947764874,0.0034878647420555353,0.003688686527311802
2280,24,4,1.0,0.9949416518211365,0,0,0.0,0.0,0.0,0.0024592517875134945,0.0026740452740341425,-0.010853901505470276
2281,24,5,1.0,0.994970440864563,0,0,0.0,0.0,0.0,0.002473674714565277,0.002674211747944355,-0.010638266801834106
2282,24,6,1.0,0.9957998394966125,0,0,0.0,0.0,0.0,-0.01664091646671295,-0.0009801187552511692,-0.011820785701274872
2283,24,7,1.0,0.9958063364028931,0,0,0.0,0.0,0.0,-0.016611343249678612,-0.0009842104045674205,-0.011771493591368198
2284,24,8,1.0,0.9951708316802979,0,0,0.0,0.0,0.0,-0.03984351083636284,-0.002433303277939558,-0.010271921753883362
2285,24,9,1.0,0.9951723217964172,0,0,-0.25,0.0,0.0,-0.03983306139707565,-0.002435011323541403,-0.01025847066193819
2286,24,10,1.0,0.9807901382446289,0,0,-0.25,0.0,0.0,-0.2691045105457306,0.00017316360026597977,-0.010500853881239891
2287,24,11,1.0,0.9769962430000305,0,0,-0.25,0.0,0.0,-0.27287665009498596,-0.0006734838825650513,-0.0072582499124109745
2288,24,12,1.0,0.9760212898254395,0,0,-0.25,0.0,0.0,-0.2741897404193878,-0.00015384118887595832,-0.006901690736413002
2289,24,13,1.0,0.9749693870544434,0,0,-0.25,0.0,0.0,-0.27551591396331787,-0.00025102708605118096,-0.006224578246474266
2290,24,14,1.0,0.9756827354431152,0,0,-0.25,0.0,0.0,-0.27482420206069946,-3.963883500546217e-05,-0.0077063036151230335
2291,24,15,1.0,0.9748584628105164,0,0,-0.25,0.0,0.0,-0.27229970693588257,-0.00021204460063017905,-0.006357090547680855
2292,24,16,1.0,0.9779245853424072,0,0,-0.25,0.0,0.0,-0.26943427324295044,0.0007271174108609557,-0.004404980223625898
2293,24,17,1.0,0.9833202362060547,0,0,-0.25,0.0,0.0,-0.27092602849006653,0.00024012476205825806,-0.006762893870472908
2294,24,18,1.0,0.9786508679389954,0,0,-0.25,0.0,0.0,-0.274242103099823,0.001572849927470088,-0.008418765850365162
2295,24,19,1.0,0.984463632106781,0,0,-0.25,0.0,0.0,-0.2768077254295349,0.00183633784763515,-0.011903290636837482
2296,24,20,1.0,0.9904592037200928,0,0,-0.25,0.0,0.0,-0.28223878145217896,0.0007675322704017162,-0.015294456854462624
2297,24,21,1.0,0.9835679531097412,0,0,-0.25,0.0,0.0,-0.28453847765922546,-0.00029690872179344296,-0.013611951842904091
2298,24,22,1.0,0.9900586605072021,0,0,-0.25,0.0,0.0,-0.20277152955532074,0.0010518814669921994,-0.013954758644104004
2299,24,23,1.0,0.9945698380470276,0,0,-0.25,0.0,0.0,-0.03868004307150841,-0.0007688630721531808,-0.019929565489292145
2300,24,24,1.0,0.9932656288146973,0,0,0.0,0.0,0.0,-0.001357586937956512,0.0017634041141718626,-0.007393664214760065
2301,24,25,1.0,0.9927841424942017,0,0,0.0,0.0,0.0,0.0023480551317334175,0.0021654260344803333,-0.012638657353818417
2302,24,26,1.0,0.9958046674728394,0,0,0.0,0.0,0.0,0.00038608768954873085,-0.041685208678245544,-0.007660077419131994
2303,24,27,1.0,0.9960246682167053,0,0,0.0,0.0,0.0,0.001235508592799306,-0.05574455484747887,-0.009537502191960812
2304,24,28,1.0,0.9960033893585205,0,0,0.0,0.0,0.0,-0.0011395830661058426,-0.26319146156311035,-0.009749872609972954
2305,24,29,1.0,0.9959160685539246,0,0,0.0,0.0,0.0,-0.001128191128373146,-0.2631286382675171,-0.00976540520787239
2306,24,30,1.0,0.9887646436691284,0,0,0.0,-0.25,0.0,-0.0011440170928835869,-0.27459099888801575,-0.008366601541638374
2307,24,31,1.0,0.985984742641449,0,0,0.0,-0.25,0.0,0.00042638741433620453,-0.2697938084602356,-0.003427432384341955
2308,24,32,1.0,0.9859406352043152,0,0,0.0,-0.25,0.0,0.0006795106455683708,-0.27661123871803284,-0.0017149620689451694
2309,24,33,1.0,0.9903737306594849,0,0,0.0,-0.25,0.0,-0.00019911164417862892,-0.27594566345214844,-0.0058984095230698586
2310,24,34,1.0,0.9914864897727966,0,0,0.0,-0.25,0.0,-0.0007619325770065188,-0.27431145310401917,-0.009038249962031841
2311,24,35,1.0,0.9938552379608154,0,0,0.0,-0.25,0.0,-6.184994708746672e-05,-0.27604302763938904,-0.009077508933842182
2312,24,36,1.0,0.9932941198348999,0,0,0.0,-0.25,0.0,0.0008078899700194597,-0.2776831090450287,-0.007708644960075617
2313,24,37,1.0,0.9945637583732605,0,0,0.0,-0.25,0.0,0.0011761588975787163,-0.2785786986351013,-0.0071363309398293495
2314,24,38,1.0,0.9980725049972534,0,0,0.0,-0.25,0.0,0.0003571966663002968,-0.2773384749889374,-0.009047186933457851
2315,24,39,1.0,1.0018149614334106,0,0,0.0,-0.25,0.0,-0.00019922747742384672,-0.27500656247138977,-0.013127927668392658
2316,24,40,1.0,0.9986220002174377,0,0,0.0,0.0,0.0,-0.0024669396225363016,-0.14081840217113495,-0.009591531939804554
2317,24,41,1.0,1.0043225288391113,0,0,0.0,0.0,0.0,-0.0009772529592737556,-0.017272254452109337,-0.01020282506942749
2318,24,42,1.0,1.0021523237228394,0,0,0.0,0.0,0.0,-0.000499428017064929,0.0010838075540959835,-0.012647571042180061
2319,24,43,1.0,1.001929759979248,0,0,0.0,0.0,0.0,-0.0005847123684361577,0.0029725723434239626,-0.01158622931689024
2320,24,44,1.0,0.9981735944747925,0,0,0.0,0.0,0.0,-0.0009114292915910482,-0.0004219537368044257,0.004191659390926361
2321,24,45,1.0,0.9982001781463623,0,0,0.0,0.0,0.0,-0.0009214530000463128,-0.00012491235975176096,0.00418732687830925
2322,24,46,1.0,0.9998462200164795,0,0,0.0,-0.25,0.0,-0.0003164365189149976,-0.0007837694138288498,0.009195864200592041
2323,24,47,1.0,1.0023466348648071,0,0,0.0,-0.25,0.0,-0.00030736380722373724,-0.004271922633051872,-0.003538199234753847
2324,24,48,1.0,1.0013288259506226,0,0,0.0,0.0,0.0,0.0006360935512930155,-0.005723115988075733,0.01639711856842041
2325,24,49,1.0,1.004270076751709,0,0,0.0,0.0,0.0,0.00023195892572402954,-0.0029619093984365463,-0.0035251937806606293
2326,24,50,1.0,1.0043373107910156,0,0,0.0,0.0,0.0,0.0005585935432463884,-0.0015303636901080608,-0.015596507117152214
2327,24,51,1.0,1.0046279430389404,0,0,0.0,0.0,0.0,0.0005825692787766457,-0.0013692730572074652,-0.018774665892124176
2328,24,52,1.0,1.0053106546401978,0,0,0.0,0.0,0.0,0.0006206461694091558,0.00028245901921764016,-0.08671225607395172
2329,24,53,1.0,1.0053222179412842,0,0,0.0,0.0,0.0,0.0006091163959354162,0.0003145625232718885,-0.08742175996303558
2330,24,54,1.0,1.0051167011260986,0,0,0.0,0.0,0.0,0.00019172742031514645,0.0003558926982805133,-0.21844744682312012
2331,24,55,1.0,1.0051146745681763,0,0,0.0,0.0,-0.5,0.00018904008902609348,0.00035967573057860136,-0.21862512826919556
2332,24,56,1.0,0.998961865901947,0,0,0.0,0.0,-0.5,-0.0016058268956840038,-0.0005901060067117214,-0.5462654829025269
2333,24,57,1.0,0.99808669090271,0,0,0.0,0.0,-0.5,-0.0008226505015045404,-0.00022634718334302306,-0.5411809682846069
2334,24,58,1.0,0.9993347525596619,0,0,0.0,0.0,-0.5,-0.0008786821272224188,-0.0005331503925845027,-0.5328578948974609
2335,24,59,1.0,0.9980201125144958,0,0,0.0,0.0,-0.5,-0.0013830697862431407,-0.0005760328494943678,-0.5249423980712891
2336,24,60,1.0,0.998918354511261,0,0,0.0,0.0,-0.5,-0.0009121139300987124,-0.0009172628633677959,-0.5187135934829712
2337,24,61,1.0,0.9997303485870361,0,0,0.0,0.0,-0.5,-0.0003597337054088712,-0.000997726689092815,-0.51984703540802
2338,24,62,1.0,1.0004740953445435,0,0,0.0,0.0,-0.5,-0.0009014441166073084,-0.001117536798119545,-0.5397613048553467
2339,24,63,1.0,1.0014796257019043,0,0,0.0,0.0,-0.5,-0.0011931038461625576,-0.00022876603179611266,-0.546570897102356
2340,24,64,1.0,1.005868911743164,0,0,0.0,0.0,-0.5,-0.00041125318966805935,0.0009633678710088134,-0.5582616329193115
2341,24,65,1.0,1.0068210363388062,0,0,0.0,0.0,-0.5,0.0011067993473261595,0.00044979772064834833,-0.4309096932411194
2342,24,66,1.0,1.0070818662643433,0,0,0.0,0.0,-0.5,0.0002167609054595232,0.0002562957815825939,-0.1866951882839203
2343,24,67,1.0,1.006651759147644,0,0,0.0,0.0,0.0,0.00011204532347619534,0.00016710476484149694,-0.18356038630008698
2344,24,68,1.0,1.0329854488372803,0,0,0.0,0.0,0.0,0.001952130813151598,-0.001537197269499302,0.04774291440844536
2345,24,69,1.0,1.0239882469177246,0,0,0.0,0.0,0.0,0.0015005108434706926,-0.0020191406365484,0.021894928067922592
2346,24,70,1.0,1.1585615873336792,0,0,0.0,0.0,0.0,0.0011533894576132298,-0.0016740335850045085,0.024709466844797134
2347,24,71,1.0,1.163275122642517,0,0,0.0,0.0,0.0,0.0012185764499008656,-0.0014876408968120813,0.026553582400083542
2348,24,72,2.0,1.9116277694702148,1,1,0.0,0.0,0.0,0.0007966009434312582,-0.00028064445359632373,0.0068275537341833115
2349,24,73,2.0,2.040078639984131,1,1,0.0,0.0,0.0,0.000767918536439538,-0.0004920600331388414,-0.0008167978376150131
2350,24,74,2.0,2.037332057952881,1,1,0.0,0.0,0.0,-0.000708836130797863,-0.0008249171660281718,0.0007121087983250618
2351,24,75,2.0,2.039181709289551,1,1,0.0,0.0,0.0,0.00041826674714684486,-7.791619282215834e-05,0.00458860769867897
2352,24,76,2.0,2.0405893325805664,1,1,0.0,0.0,0.0,0.00021394062787294388,1.9583269022405148e-05,0.0073601920157670975
2353,24,77,2.0,2.0424575805664062,1,1,0.0,0.0,0.0,0.00010279566049575806,-0.0011709181126207113,0.006402706727385521
2354,24,78,2.0,2.0423545837402344,1,1,0.0,0.0,0.0,0.0003291752655059099,-0.0007850038819015026,0.005239296704530716
2355,24,79,2.0,2.039801836013794,1,1,0.0,0.0,0.0,0.00038005528040230274,-0.00017858829232864082,0.005466805770993233
2356,24,80,1.0,2.0416922569274902,0,1,0.0,0.0,0.0,-0.0005268588429316878,-0.00011486123548820615,0.00512324832379818
2357,24,81,1.0,2.041153907775879,0,1,0.0,0.0,0.0,-0.000670107314363122,-0.0002521317219361663,0.00448707677423954
2358,24,82,1.0,2.0390613079071045,0,1,0.0,0.0,0.0,-0.0004890426062047482,-0.00011777202598750591,0.0018598204478621483
2359,24,83,1.0,2.038816213607788,0,1,0.0,0.0,0.0,-0.0005660504102706909,0.0002265034127049148,0.0018766587600111961
2360,24,84,1.0,2.0020809173583984,0,1,0.0,0.0,0.0,-0.0004890342243015766,0.0006304631242528558,-0.004139583092182875
2361,24,85,1.0,1.5508649349212646,0,1,0.0,0.0,0.0,0.0008389702998101711,0.0012902667513117194,0.0177568681538105
2362,24,86,1.0,0.9925629496574402,0,0,0.0,0.0,0.0,0.00017060711979866028,-0.0002029595780186355,0.41213762760162354
2363,24,87,1.0,0.9859093427658081,0,0,0.0,0.0,0.5,6.74067996442318e-06,-0.00032799335895106196,0.4941859543323517
2364,24,88,1.0,0.9946670532226562,0,0,0.0,0.0,0.5,-0.00023200351279228926,-0.0007187001756392419,0.5192035436630249
2365,24,89,1.0,0.9989825487136841,0,0,0.0,0.0,0.5,-0.000379853299818933,-0.0002299377811141312,0.5197566747665405
2366,24,90,1.0,1.000702977180481,0,0,0.0,0.0,0.5,-6.948108784854412e-05,-0.0004047777038067579,0.5199763774871826
2367,24,91,1.0,1.0008713006973267,0,0,0.0,0.0,0.5,0.00026498595252633095,-0.00013966418919153512,0.5187065601348877
2368,24,92,1.0,0.9991937279701233,0,0,0.0,0.0,0.5,0.0006688775029033422,-0.00021903373999521136,0.5199313163757324
2369,24,93,1.0,0.9995545744895935,0,0,0.0,0.0,0.5,0.0003266769926995039,-0.00017799535999074578,0.5191885232925415
2370,24,94,1.0,0.9996309876441956,0,0,0.0,0.0,0.5,0.0002102600410580635,0.00013172696344554424,0.5188957452774048
2371,24,95,1.0,0.998815655708313,0,0,0.0,0.0,0.5,9.359931573271751e-05,-8.65256879478693e-07,0.5186747312545776
2372,24,96,1.0,1.0009464025497437,0,0,0.0,0.0,0.5,0.00044085364788770676,7.666595047339797e-05,0.5173110961914062
2373,25,0,1.0,0.9942138195037842,0,0,0.0,0.0,0.0,0.0025914032012224197,0.00015125476056709886,0.0031847376376390457
2374,25,1,1.0,0.9936330914497375,0,0,0.0,0.0,0.0,0.0027757175266742706,0.0001166642177850008,5.992874503135681e-05
2375,25,2,1.0,0.99556565284729,0,0,0.0,0.0,0.0,0.003741784021258354,0.0012937153223901987,0.001911485567688942
2376,25,3,1.0,0.995684802532196,0,0,0.0,0.0,0.0,0.0037833191454410553,0.0011952609056606889,0.002537572756409645
2377,25,4,1.0,0.9971722364425659,0,0,0.0,0.0,0.0,0.005099794827401638,0.0016873250715434551,-0.011278156191110611
2378,25,5,1.0,0.9972113370895386,0,0,0.0,0.0,0.0,0.0051175495609641075,0.00166029273532331,-0.011129587888717651
2379,25,6,1.0,1.0010405778884888,0,0,0.0,0.0,0.0,-0.029220091179013252,0.001375657506287098,-0.011146217584609985
2380,25,7,1.0,1.0010496377944946,0,0,0.0,0.0,0.0,-0.029174452647566795,0.0013700451236218214,-0.011107275262475014
2381,25,8,1.0,0.9952824711799622,0,0,-0.25,0.0,0.0,-0.19208920001983643,-0.0020755408331751823,-0.011591030284762383
2382,25,9,1.0,0.9835424423217773,0,0,-0.25,0.0,0.0,-0.26003754138946533,0.0005042990669608116,-0.00989342201501131
2383,25,10,1.0,0.9778428673744202,0,0,-0.25,0.0,0.0,-0.27067258954048157,0.0010542339878156781,-0.0095016248524189
2384,25,11,1.0,0.9749436378479004,0,0,-0.25,0.0,0.0,-0.2731519341468811,0.0003863455494865775,-0.005729416385293007
2385,25,12,1.0,0.9740528464317322,0,0,-0.25,0.0,0.0,-0.2743477523326874,-0.0004735881229862571,-0.005734878592193127
2386,25,13,1.0,0.9771387577056885,0,0,-0.25,0.0,0.0,-0.2717273533344269,-0.0012199718039482832,-0.005431004799902439
2387,25,14,1.0,0.9802284240722656,0,0,-0.25,0.0,0.0,-0.27110135555267334,-0.0011852188035845757,-0.0051765525713562965
2388,25,15,1.0,0.986797034740448,0,0,-0.25,0.0,0.0,-0.2689012587070465,-0.0014263560296967626,-0.009104929864406586
2389,25,16,1.0,0.986869752407074,0,0,-0.25,0.0,0.0,-0.2716989815235138,-0.0003878011484630406,-0.013507634401321411
2390,25,17,1.0,1.0006420612335205,0,0,-0.25,0.0,0.0,-0.271614670753479,-0.0008236714638769627,-0.01866868883371353
2391,25,18,1.0,1.008140206336975,0,0,-0.25,0.0,0.0,-0.27517542243003845,7.140514208003879e-05,-0.026087356731295586
2392,25,19,1.0,1.008119821548462,0,0,-0.25,0.0,0.0,-0.28169122338294983,0.001052216743119061,-0.028755968436598778
2393,25,20,1.0,0.9881806969642639,0,0,-0.25,0.0,0.0,-0.2809060215950012,0.003241332247853279,-0.025498710572719574
2394,25,21,1.0,0.9787469506263733,0,0,-0.25,0.0,0.0,-0.2306896299123764,0.0043968502432107925,-0.017816729843616486
2395,25,22,1.0,0.9912862181663513,0,0,0.0,0.0,0.0,-0.021679207682609558,-0.00039074383676052094,-0.01290428452193737
2396,25,23,1.0,0.9959309101104736,0,0,0.0,0.0,0.0,-0.006703306920826435,-0.00523462425917387,-0.009240014478564262
2397,25,24,1.0,0.9979066252708435,0,0,0.0,0.0,0.0,0.0027276123873889446,0.06644558906555176,-0.0020842822268605232
2398,25,25,1.0,0.9995546340942383,0,0,0.0,0.0,0.0,0.0018439926207065582,0.04914503172039986,-0.00458391010761261
2399,25,26,1.0,0.9903537631034851,0,0,0.0,0.0,0.0,-0.0002705685328692198,0.26128795742988586,-0.0012366105802357197
2400,25,27,1.0,0.9903944134712219,0,0,0.0,0.0,0.0,-0.00024661794304847717,0.2613185942173004,-0.0013817758299410343
2401,25,28,1.0,0.9886520504951477,0,0,0.0,0.25,0.0,-0.00029151025228202343,0.27200084924697876,-0.0021099052391946316
2402,25,29,1.0,0.9850414395332336,0,0,0.0,0.25,0.0,-8.776586037129164e-05,0.2680070996284485,-0.00366828590631485
2403,25,30,1.0,0.9856947660446167,0,0,0.0,0.25,0.0,-0.0005312133580446243,0.26779085397720337,-0.0032472284510731697
2404,25,31,1.0,0.9883255958557129,0,0,0.0,0.25,0.0,-0.0003794698277488351,0.2676914632320404,-0.005634838715195656
2405,25,32,1.0,0.9913724660873413,0,0,0.0,0.25,0.0,0.000377055024728179,0.2683132290840149,-0.005436434410512447
2406,25,33,1.0,0.9933263659477234,0,0,0.0,0.25,0.0,0.0007951704319566488,0.2711147964000702,-0.004090915899723768
2407,25,34,1.0,0.9946900010108948,0,0,0.0,0.25,0.0,0.0022536255419254303,0.2746903896331787,-0.006168297491967678
2408,25,35,1.0,0.9947485327720642,0,0,0.0,0.25,0.0,0.001590140862390399,0.2745913863182068,-0.0074349320493638515
2409,25,36,1.0,0.9971121549606323,0,0,0.0,0.25,0.0,0.0012268878053873777,0.272677481174469,-0.010658664628863335
2410,25,37,1.0,0.9936671257019043,0,0,0.0,0.25,0.0,0.001119325403124094,0.25869858264923096,-0.0140485018491745
2411,25,38,1.0,1.001129388809204,0,0,0.0,0.0,0.0,0.0003368891775608063,0.048575930297374725,-0.019251393154263496
2412,25,39,1.0,1.0013452768325806,0,0,0.0,0.0,0.0,-6.917852442711592e-05,0.006793626584112644,-0.026450825855135918
2413,25,40,1.0,0.999285876750946,0,0,0.0,0.0,0.0,0.00030647055245935917,-0.0016920964699238539,-0.02244991436600685
2414,25,41,1.0,0.9985380172729492,0,0,0.0,0.0,0.0,0.0004660089034587145,-0.004626422189176083,-0.021101344376802444
2415,25,42,1.0,0.9989381432533264,0,0,0.0,0.0,0.0,0.00012004747986793518,-0.0019325071480125189,0.008036503568291664
2416,25,43,1.0,0.9989387392997742,0,0,0.0,0.0,0.0,0.00012745335698127747,-0.00208524102345109,0.008090680465102196
2417,25,44,1.0,0.9994843006134033,0,0,0.0,0.25,0.0,6.429641507565975e-05,-0.000878204358741641,0.006824197247624397
2418,25,45,1.0,1.0016942024230957,0,0,0.0,0.0,0.0,0.0004956861957907677,-0.0009489439544267952,-0.007374444045126438
2419,25,46,1.0,1.0022356510162354,0,0,0.0,0.0,0.0,0.0007360531017184258,-0.0024112092796713114,-0.010155080817639828
2420,25,47,1.0,1.0035923719406128,0,0,0.0,0.0,0.0,0.0007780916057527065,-0.0022195703350007534,-0.004690163303166628
2421,25,48,1.0,1.0020593404769897,0,0,0.0,0.0,0.0,0.00026361970230937004,-0.00042810291051864624,-0.01105664111673832
2422,25,49,1.0,1.0020567178726196,0,0,0.0,0.0,0.0,0.0002148677594959736,-0.00046210698201321065,-0.011034959927201271
2423,25,50,1.0,1.0049711465835571,0,0,0.0,0.0,0.0,0.00027718045748770237,0.0005345162935554981,-0.09062109142541885
2424,25,51,1.0,1.0049664974212646,0,0,0.0,0.0,0.0,0.00027306703850626945,0.000530339078977704,-0.09066694229841232
2425,25,52,1.0,1.005352258682251,0,0,0.0,0.0,-0.5,0.0005429773591458797,0.000515066902153194,-0.13677287101745605
2426,25,53,1.0,0.9985765218734741,0,0,0.0,0.0,-0.5,-0.0002753735752776265,-0.001387056428939104,-0.5390826463699341
2427,25,54,1.0,0.9980813264846802,0,0,0.0,0.0,-0.5,-0.00013460975605994463,-0.0021681925281882286,-0.5208907127380371
2428,25,55,1.0,0.9967538118362427,0,0,0.0,0.0,-0.5,0.00038797990418970585,-0.001993540208786726,-0.5182219743728638
2429,25,56,1.0,1.0000165700912476,0,0,0.0,0.0,-0.5,0.0009976541623473167,-0.0017315208679065108,-0.504137396812439
2430,25,57,1.0,0.9975965619087219,0,0,0.0,0.0,-0.5,0.00040064076893031597,-0.0010605760617181659,-0.5179122686386108
2431,25,58,1.0,0.999236524105072,0,0,0.0,0.0,-0.5,-0.0004128823056817055,-0.0012921486049890518,-0.5371149778366089
2432,25,59,1.0,1.002861738204956,0,0,0.0,0.0,-0.5,-5.25797950103879e-05,-0.0006619900814257562,-0.5338828563690186
2433,25,60,1.0,1.005695104598999,0,0,0.0,0.0,-0.5,0.0008274626452475786,-0.001571746077388525,-0.5404770374298096
2434,25,61,1.0,1.0094956159591675,0,0,0.0,0.0,-0.5,0.0016447303351014853,-0.0019457702292129397,-0.5504412651062012
2435,25,62,1.0,0.989762544631958,0,0,0.0,0.0,-0.5,0.0026592821814119816,0.0005647600628435612,-0.25700217485427856
2436,25,63,1.0,1.002846360206604,0,0,0.0,0.0,-0.5,0.0019625923596322536,0.0010155497584491968,-0.04537460580468178
2437,25,64,1.0,1.3308594226837158,0,0,0.0,0.0,0.0,0.0021300390362739563,0.0009594032308086753,0.02441098541021347
2438,25,65,1.0,1.371485710144043,0,0,0.0,0.0,0.0,0.0019935513846576214,0.0007020703051239252,0.025186385959386826
2439,25,66,1.0,2.0408623218536377,0,1,0.0,0.0,0.0,-0.00033236690796911716,-0.0003110702964477241,0.0019354140385985374
2440,25,67,1.0,2.0408568382263184,0,1,0.0,0.0,0.0,-0.00031907076481729746,-0.0003158066247124225,0.0019022775813937187
2441,25,68,2.0,2.0400748252868652,1,1,0.0,0.0,0.0,-0.0003257909556850791,-0.0002132234803866595,0.002100655809044838
2442,25,69,2.0,2.0380859375,1,1,0.0,0.0,0.0,0.0005982934962958097,-0.0006957891164347529,0.0016484539955854416
2443,25,70,2.0,2.038379669189453,1,1,0.0,0.0,0.0,0.0001633455976843834,-0.0012697167694568634,0.0007238900288939476
2444,25,71,2.0,2.037743330001831,1,1,0.0,0.0,0.0,-0.00036413746420294046,-0.00014696316793560982,0.0025863824412226677
2445,25,72,2.0,2.043207883834839,1,1,0.0,0.0,0.0,-0.00022017396986484528,-0.00020048083388246596,0.00831008143723011
2446,25,73,2.0,2.0385091304779053,1,1,0.0,0.0,0.0,0.00038189138285815716,-5.532498471438885e-05,0.0035941796377301216
2447,25,74,2.0,2.0372555255889893,1,1,0.0,0.0,0.0,-0.0001254921080544591,0.00016385450726374984,0.004180797375738621
2448,25,75,2.0,2.03727126121521,1,1,0.0,0.0,0.0,-0.00022438785526901484,0.00011270871618762612,0.003890290856361389
2449,25,76,1.0,1.093833327293396,0,0,0.0,0.0,0.0,0.0030876421369612217,0.0014693336561322212,0.20637677609920502
2450,25,77,1.0,1.0861116647720337,0,0,0.0,0.0,0.0,0.002951357513666153,0.0013860419858247042,0.2142242193222046
2451,25,78,1.0,0.9826761484146118,0,0,0.0,0.0,0.0,-1.225154846906662e-06,-3.970478428527713e-05,0.4731374979019165
2452,25,79,1.0,0.9826518297195435,0,0,0.0,0.0,0.0,-2.8100330382585526e-06,-3.35763324983418e-05,0.47368115186691284
2453,25,80,1.0,0.9808132648468018,0,0,0.0,0.0,0.0,-9.230570867657661e-06,-0.0003496417193673551,0.4712737500667572
2454,25,81,1.0,0.9807978272438049,0,0,0.0,0.0,0.0,-1.041218638420105e-05,-0.0003449073410592973,0.4716391861438751
2455,25,82,1.0,0.9792462587356567,0,0,0.0,0.0,0.5,0.00027695787139236927,-0.000337586592650041,0.4394303262233734
2456,25,83,1.0,0.9990515112876892,0,0,0.0,0.0,0.5,0.0005277153104543686,-0.00021570862736552954,0.5174533128738403
2457,25,84,1.0,1.0002970695495605,0,0,0.0,0.0,0.5,0.0006378511898219585,0.00019428995437920094,0.5183717012405396
2458,25,85,1.0,0.9986217021942139,0,0,0.0,0.0,0.5,0.000359181547537446,0.0003972066333517432,0.5177769660949707
2459,25,86,1.0,1.0003784894943237,0,0,0.0,0.0,0.5,0.00026805256493389606,0.0003408016636967659,0.5176751613616943
2460,25,87,1.0,1.0001304149627686,0,0,0.0,0.0,0.5,0.00032853218726813793,0.00039708451367914677,0.5165818929672241
2461,25,88,1.0,1.0004332065582275,0,0,0.0,0.0,0.5,0.0001641525886952877,0.0003961605252698064,0.5173817873001099
2462,25,89,1.0,1.0002819299697876,0,0,0.0,0.0,0.5,4.4509535655379295e-05,0.0002440416137687862,0.518342137336731
2463,25,90,1.0,1.0007312297821045,0,0,0.0,0.0,0.5,-0.00015313783660531044,0.0006833996158093214,0.5203025341033936
2464,25,91,1.0,0.999541163444519,0,0,0.0,0.0,0.5,0.0005733093712478876,0.000320520659442991,0.5203260183334351
2465,26,0,1.0,0.9926974177360535,0,0,0.0,0.0,0.0,-0.004370145034044981,0.003428156254813075,-0.0006234627217054367
2466,26,1,1.0,0.9921483397483826,0,0,0.0,0.0,0.0,-0.004638871178030968,0.003878297982737422,-0.003809283021837473
2467,26,2,1.0,0.993915855884552,0,0,0.0,0.0,0.0,-0.006525269243866205,0.0022103346418589354,-0.005305275321006775
2468,26,3,1.0,0.9940147399902344,0,0,0.0,0.0,0.0,-0.006580582819879055,0.0020726239308714867,-0.004721528850495815
2469,26,4,1.0,0.9972484707832336,0,0,0.0,0.0,0.0,-0.007987888529896736,0.002286310540512204,-0.004420189186930656
2470,26,5,1.0,0.9972648620605469,0,0,0.0,0.0,0.0,-0.007967732846736908,0.0022663252893835306,-0.0042934720404446125
2471,26,6,1.0,0.9981439709663391,0,0,0.0,0.0,0.0,0.02489832416176796,-0.001145645510405302,0.0030075861141085625
2472,26,7,1.0,0.9981375932693481,0,0,0.0,0.0,0.0,0.02493634819984436,-0.0011527091264724731,0.003039713017642498
2473,26,8,1.0,0.991469144821167,0,0,0.0,0.0,0.0,0.12971961498260498,-0.00014627008931711316,-0.005450235679745674
2474,26,9,1.0,0.9914673566818237,0,0,0.25,0.0,0.0,0.12973842024803162,-0.00014699535677209496,-0.0054436130449175835
2475,26,10,1.0,0.9878860116004944,0,0,0.25,0.0,0.0,0.27179282903671265,-0.0031935216393321753,-0.005591609515249729
2476,26,11,1.0,0.9831237196922302,0,0,0.25,0.0,0.0,0.27398136258125305,-0.0026646247133612633,-0.006582546979188919
2477,26,12,1.0,0.9838911294937134,0,0,0.25,0.0,0.0,0.27390220761299133,-0.001924375887028873,-0.004611107055097818
2478,26,13,1.0,0.9827924370765686,0,0,0.25,0.0,0.0,0.2739156186580658,-0.0011933163041248918,-0.003705187700688839
2479,26,14,1.0,0.980741024017334,0,0,0.25,0.0,0.0,0.2755727767944336,-0.0009959135204553604,-0.005908626597374678
2480,26,15,1.0,0.988274872303009,0,0,0.25,0.0,0.0,0.27420055866241455,9.631621651351452e-07,-0.005046541802585125
2481,26,16,1.0,0.991691529750824,0,0,0.25,0.0,0.0,0.27151307463645935,-0.0011461374815553427,-0.0018595927394926548
2482,26,17,1.0,1.0057008266448975,0,0,0.25,0.0,0.0,0.2683117091655731,-0.001271484070457518,-0.0009818854741752148
2483,26,18,1.0,0.99486243724823,0,0,0.25,0.0,0.0,0.2732098698616028,-0.00021174043649807572,-0.004044124856591225
2484,26,19,1.0,0.9913596510887146,0,0,0.25,0.0,0.0,0.27132487297058105,0.00012410792987793684,-0.0048149037174880505
2485,26,20,1.0,0.9949605464935303,0,0,0.25,0.0,0.0,0.21399979293346405,-0.000810498371720314,-0.004161100834608078
2486,26,21,1.0,0.9945746064186096,0,0,0.25,0.0,0.0,0.0489075742661953,-0.0006721984245814383,-0.00927165150642395
2487,26,22,1.0,0.9980250597000122,0,0,0.0,0.0,0.0,0.028815677389502525,-0.002684604609385133,-0.004545902367681265
2488,26,23,1.0,0.9948787689208984,0,0,0.0,0.0,0.0,0.0030902004800736904,-0.0013608350418508053,-0.007608174346387386
2489,26,24,1.0,0.994516909122467,0,0,0.0,0.0,0.0,-0.0005772318691015244,-0.004196095280349255,0.004338213242590427
2490,26,25,1.0,0.9959182143211365,0,0,0.0,0.0,0.0,5.859998054802418e-05,-0.002954227617010474,0.0007546190172433853
2491,26,26,1.0,1.0020921230316162,0,0,0.0,0.0,0.0,0.0007758147548884153,-0.08931035548448563,-0.004621309693902731
2492,26,27,1.0,1.0025570392608643,0,0,0.0,-0.25,0.0,0.0006803020369261503,-0.09780260175466537,-0.0057755871675908566
2493,26,28,1.0,0.9896647334098816,0,0,0.0,-0.25,0.0,0.00034861196763813496,-0.27517497539520264,-0.007880755700170994
2494,26,29,1.0,0.9929027557373047,0,0,0.0,-0.25,0.0,0.0004620910622179508,-0.2752577066421509,-0.005992102436721325
2495,26,30,1.0,0.9952487945556641,0,0,0.0,-0.25,0.0,0.0002665941137820482,-0.27395927906036377,-0.007861519232392311
2496,26,31,1.0,0.9972023367881775,0,0,0.0,-0.25,0.0,7.649650797247887e-06,-0.2744191288948059,-0.01102618407458067
2497,26,32,1.0,0.9938127994537354,0,0,0.0,-0.25,0.0,0.0007885708473622799,-0.27427440881729126,-0.010876107960939407
2498,26,33,1.0,0.993696391582489,0,0,0.0,-0.25,0.0,0.0009593919385224581,-0.2749108374118805,-0.008621681481599808
2499,26,34,1.0,0.9946905970573425,0,0,0.0,-0.25,0.0,0.0012502558529376984,-0.2766021192073822,-0.005697839893400669
2500,26,35,1.0,0.9972487688064575,0,0,0.0,-0.25,0.0,0.0002056872472167015,-0.2767016291618347,-0.008861681446433067
2501,26,36,1.0,0.9944647550582886,0,0,0.0,-0.25,0.0,-7.03627010807395e-05,-0.27754056453704834,-0.008439725264906883
2502,26,37,1.0,0.9999200105667114,0,0,0.0,-0.25,0.0,-0.000685222796164453,-0.2676040232181549,-0.011827472597360611
2503,26,38,1.0,0.9977062344551086,0,0,0.0,0.0,0.0,-0.0017562154680490494,-0.10594085603952408,-0.00630655512213707
2504,26,39,1.0,1.0003931522369385,0,0,0.0,0.0,0.0,0.0005638678558170795,-0.019193539395928383,-0.0055383192375302315
2505,26,40,1.0,1.0003812313079834,0,0,0.0,0.0,0.0,0.0001158697996288538,-0.005345859564840794,-0.0059473710134625435
2506,26,41,1.0,1.0009570121765137,0,0,0.0,0.0,0.0,0.00010028318502008915,-0.001857800642028451,-0.0042767650447785854
2507,26,42,1.0,1.0055979490280151,0,0,0.0,0.0,0.0,0.00010844715870916843,-0.002656773431226611,-0.019714342430233955
2508,26,43,1.0,1.0056006908416748,0,0,0.0,0.0,0.0,9.727268479764462e-05,-0.002577233826741576,-0.01987561210989952
2509,26,44,1.0,1.0071769952774048,0,0,0.0,0.0,0.0,0.0006117343436926603,-0.002915860852226615,-0.026665765792131424
2510,26,45,1.0,1.007179856300354,0,0,0.0,-0.25,0.0,0.0006099799647927284,-0.0029090954922139645,-0.02672492153942585
2511,26,46,1.0,1.0047990083694458,0,0,0.0,0.0,0.0,-0.000181367970071733,-0.002550637349486351,-0.022988783195614815
2512,26,47,1.0,1.0053949356079102,0,0,0.0,0.0,0.0,-0.00014360120985656977,-0.0017518199747428298,-0.028475157916545868
2513,26,48,1.0,1.006364107131958,0,0,0.0,0.0,0.0,0.0004660114645957947,-0.0008400290389545262,-0.08786443620920181
2514,26,49,1.0,1.0064016580581665,0,0,0.0,0.0,0.0,0.00040965410880744457,-0.0006007413612678647,-0.07629746198654175
2515,26,50,1.0,1.0079090595245361,0,0,0.0,0.0,0.0,0.0006809341721236706,-0.0010830152314156294,-0.22764235734939575
2516,26,51,1.0,1.0078973770141602,0,0,0.0,0.0,0.0,0.0006865984760224819,-0.0010542540112510324,-0.2276548594236374
2517,26,52,1.0,1.0074315071105957,0,0,0.0,0.0,0.0,0.000682958634570241,-0.0014710996765643358,-0.27356886863708496
2518,26,53,1.0,1.0074266195297241,0,0,0.0,0.0,-0.5,0.0006845276802778244,-0.001464321743696928,-0.2736647129058838
2519,26,54,1.0,0.9962849617004395,0,0,0.0,0.0,-0.5,-0.0009417141554877162,-0.0012995842844247818,-0.5399150848388672
2520,26,55,1.0,0.9958710670471191,0,0,0.0,0.0,-0.5,-0.00043286161962896585,-0.0012271283194422722,-0.5344994068145752
2521,26,56,1.0,0.9994053840637207,0,0,0.0,0.0,-0.5,0.0002844240516424179,-0.0005823327810503542,-0.5036443471908569
2522,26,57,1.0,1.0022871494293213,0,0,0.0,0.0,-0.5,8.48923809826374e-05,-0.0012915716506540775,-0.5107345581054688
2523,26,58,1.0,1.0027374029159546,0,0,0.0,0.0,-0.5,-0.0002051698975265026,-0.0016201705439016223,-0.5296498537063599
2524,26,59,1.0,1.006248116493225,0,0,0.0,0.0,-0.5,-0.0005925489822402596,-0.001262761652469635,-0.5382080078125
2525,26,60,1.0,1.0121066570281982,0,0,0.0,0.0,-0.5,0.000820391345769167,-0.0015777249354869127,-0.5433146953582764
2526,26,61,1.0,1.016040325164795,0,0,0.0,0.0,-0.5,0.0013250024057924747,-0.0020696374122053385,-0.5476000308990479
2527,26,62,1.0,1.0079044103622437,0,0,0.0,0.0,-0.5,0.0014616816770285368,-0.0016733002848923206,-0.5265474319458008
2528,26,63,1.0,1.0052001476287842,0,0,0.0,0.0,-0.5,0.0012323134578764439,-0.0015898486599326134,-0.5037661790847778
2529,26,64,1.0,0.992584764957428,0,0,0.0,0.0,0.0,-0.00044227472972124815,-0.00035052135353907943,-0.22100864350795746
2530,26,65,1.0,0.9927194118499756,0,0,0.0,0.0,0.0,-0.0006253485335037112,-0.00039691347046755254,-0.20062963664531708
2531,26,66,1.0,1.8975026607513428,0,1,0.0,0.0,0.0,0.000658875796943903,-0.00042611558455973864,0.0055557722225785255
2532,26,67,1.0,1.899463176727295,0,1,0.0,0.0,0.0,0.0006375103257596493,-0.0004466407699510455,0.005580968223512173
2533,26,68,2.0,2.039811849594116,1,1,0.0,0.0,0.0,-4.7577195800840855e-05,-0.0005931279738433659,0.00317183043807745
2534,26,69,2.0,2.042248487472534,1,1,0.0,0.0,0.0,0.000847766175866127,-0.00013384662452153862,0.00042450055480003357
2535,26,70,2.0,2.0414726734161377,1,1,0.0,0.0,0.0,0.0003410528879612684,-0.0001521617523394525,0.002377125434577465
2536,26,71,2.0,2.042236804962158,1,1,0.0,0.0,0.0,0.0002470144536346197,8.732592687010765e-05,0.005304908379912376
2537,26,72,2.0,2.043093204498291,1,1,0.0,0.0,0.0,2.0256033167243004e-05,5.0669361371546984e-05,0.007631642743945122
2538,26,73,2.0,2.042952299118042,1,1,0.0,0.0,0.0,-5.970895290374756e-05,-0.00018715966143645346,0.00919986143708229
2539,26,74,2.0,2.02693772315979,1,1,0.0,0.0,0.0,0.00017247023060917854,2.4661771021783352e-05,0.010775065049529076
2540,26,75,1.0,1.9639456272125244,0,1,0.0,0.0,0.0,0.00066517130471766,0.0006857066182419658,0.005388966761529446
2541,26,76,1.0,1.1842684745788574,0,0,0.0,0.0,0.0,0.006867702584713697,-0.004188086371868849,-0.005109119229018688
2542,26,77,1.0,0.9975668787956238,0,0,0.0,0.0,0.0,0.0043060509487986565,-0.0028402116149663925,0.19180576503276825
2543,26,78,1.0,0.9814508557319641,0,0,0.0,0.0,0.0,0.0003768091555684805,0.0008315995801240206,0.3736403286457062
2544,26,79,1.0,0.9815683960914612,0,0,0.0,0.0,0.0,-0.0003262542886659503,-2.0469247829169035e-05,0.43158262968063354
2545,26,80,1.0,0.9864842891693115,0,0,0.0,0.0,0.0,5.359179340302944e-05,0.0002049278700724244,0.5000060796737671
2546,26,81,1.0,0.986562967300415,0,0,0.0,0.0,0.0,-7.424165960401297e-05,0.00029637530678883195,0.49897345900535583
2547,26,82,1.0,0.9916336536407471,0,0,0.0,0.0,0.5,-9.596580639481544e-06,4.949700087308884e-05,0.51289963722229
2548,26,83,1.0,1.0013030767440796,0,0,0.0,0.0,0.5,0.0007488657720386982,-6.365648005157709e-05,0.5186026096343994
2549,26,84,1.0,0.9973042011260986,0,0,0.0,0.0,0.5,0.00030945916660130024,0.00048458785749971867,0.5170588493347168
2550,26,85,1.0,0.99945467710495,0,0,0.0,0.0,0.5,9.525078348815441e-05,-2.739951014518738e-06,0.5161560773849487
2551,26,86,1.0,0.9988530874252319,0,0,0.0,0.0,0.5,0.0002963219303637743,0.0001159843523055315,0.5180250406265259
2552,26,87,1.0,0.9991803169250488,0,0,0.0,0.0,0.5,-0.00025857589207589626,-9.048555511981249e-05,0.5165590047836304
2553,26,88,1.0,0.9984889626502991,0,0,0.0,0.0,0.5,-0.00010569172445684671,0.0004234299995005131,0.5179322957992554
2554,26,89,1.0,0.9986174702644348,0,0,0.0,0.0,0.5,9.283493272960186e-05,0.00022387318313121796,0.516181230545044
2555,26,90,1.0,0.9991980195045471,0,0,0.0,0.0,0.5,0.0003048249054700136,0.0003661405062302947,0.51705002784729
2556,26,91,1.0,0.9970808029174805,0,0,0.0,0.0,0.5,4.17809933423996e-05,0.0002147541963495314,0.5164762735366821
2557,27,0,1.0,0.9925093054771423,0,0,0.0,0.0,0.0,-0.003312754910439253,0.00024934078101068735,0.0026734061539173126
2558,27,1,1.0,0.9922855496406555,0,0,0.0,0.0,0.0,-0.003998912870883942,0.0010919026099145412,-0.0016589942388236523
2559,27,2,1.0,0.9920883178710938,0,0,0.0,0.0,0.0,-0.0059939841739833355,0.00032459787325933576,0.002761300653219223
2560,27,3,1.0,0.9919997453689575,0,0,0.0,0.0,0.0,-0.006108960136771202,6.832077633589506e-05,0.0033041266724467278
2561,27,4,1.0,0.9924459457397461,0,0,0.0,0.0,0.0,-0.008756503462791443,-0.00016612964100204408,-0.003518998622894287
2562,27,5,1.0,0.9924350380897522,0,0,0.0,0.0,0.0,-0.008734168484807014,-0.00018635412561707199,-0.003344472963362932
2563,27,6,1.0,0.9943112134933472,0,0,0.0,0.0,0.0,-0.00011764990631490946,-0.0007805388886481524,-0.00037811044603586197
2564,27,7,1.0,0.9943090081214905,0,0,0.0,0.0,0.0,-9.516335558146238e-05,-0.0007896918104961514,-0.0003358842805027962
2565,27,8,1.0,0.9918155670166016,0,0,0.0,0.0,0.0,0.05903049185872078,-0.0031393482349812984,-0.003084548283368349
2566,27,9,1.0,0.9918127655982971,0,0,0.0,0.0,0.0,0.059054095298051834,-0.003140417393296957,-0.0030763493850827217
2567,27,10,1.0,0.9894715547561646,0,0,0.0,0.0,0.0,0.10250286757946014,-0.002997544826939702,-0.006558413617312908
2568,27,11,1.0,0.9894710779190063,0,0,0.0,0.0,0.0,0.10250885039567947,-0.0029977657832205296,-0.006555777508765459
2569,27,12,1.0,0.9894717931747437,0,0,0.0,0.0,0.0,0.10340704768896103,-0.002973213093355298,-0.0061635179445147514
2570,27,13,1.0,0.9894716739654541,0,0,0.25,0.0,0.0,0.10340850055217743,-0.0029732834082096815,-0.006162872072309256
2571,27,14,1.0,0.9860764741897583,0,0,0.25,0.0,0.0,0.2734774053096771,-0.0015128371305763721,-0.007971960119903088
2572,27,15,1.0,0.9846862554550171,0,0,0.25,0.0,0.0,0.2727207839488983,-0.0012207855470478535,-0.006234494037926197
2573,27,16,1.0,0.9864130616188049,0,0,0.25,0.0,0.0,0.27402132749557495,-0.001753342687152326,-0.005773835349828005
2574,27,17,1.0,0.9876489639282227,0,0,0.25,0.0,0.0,0.2709944248199463,-0.0026270330417901278,-0.0032323398627340794
2575,27,18,1.0,0.9883092641830444,0,0,0.25,0.0,0.0,0.27022209763526917,-0.0027767864521592855,-0.00469000032171607
2576,27,19,1.0,0.9981290102005005,0,0,0.25,0.0,0.0,0.26676517724990845,-0.0034845597110688686,-0.004367549903690815
2577,27,20,1.0,0.9990512132644653,0,0,0.25,0.0,0.0,0.26877161860466003,-0.0031379880383610725,-0.007318445015698671
2578,27,21,1.0,1.0231574773788452,0,0,0.25,0.0,0.0,0.26580357551574707,-0.0030684194061905146,-0.011560766026377678
2579,27,22,1.0,1.0031033754348755,0,0,0.25,0.0,0.0,0.26816681027412415,-0.0026732292026281357,-0.013426139019429684
2580,27,23,1.0,0.9888800382614136,0,0,0.25,0.0,0.0,0.27309879660606384,-0.0019209184683859348,-0.01763484813272953
2581,27,24,1.0,0.9903843402862549,0,0,0.25,0.0,0.0,0.23293454945087433,-0.0023222877644002438,-0.01808408461511135
2582,27,25,1.0,0.994590699672699,0,0,0.0,0.0,0.0,0.10862469673156738,0.0021947368513792753,-0.003267676569521427
2583,27,26,1.0,1.002079963684082,0,0,0.0,0.0,0.0,0.011758735403418541,0.0025305827148258686,-0.0058664074167609215
2584,27,27,1.0,0.9982750415802002,0,0,0.0,0.0,0.0,-0.006168402265757322,0.0003673079190775752,-0.008100205101072788
2585,27,28,1.0,0.9924242496490479,0,0,0.0,0.0,0.0,-0.0021571400575339794,-0.00299070798791945,-0.0030864570289850235
2586,27,29,1.0,0.9892414212226868,0,0,0.0,0.0,0.0,-8.288980461657047e-05,0.0014292194973677397,-0.005014726892113686
2587,27,30,1.0,0.9951673150062561,0,0,0.0,0.0,0.0,0.0021730302833020687,0.24975578486919403,-0.0065896715968847275
2588,27,31,1.0,0.9950928092002869,0,0,0.0,0.25,0.0,0.0020999046973884106,0.25060930848121643,-0.006588958203792572
2589,27,32,1.0,0.994785487651825,0,0,0.0,0.25,0.0,-0.00018539722077548504,0.26531583070755005,-0.011855868622660637
2590,27,33,1.0,0.9920448064804077,0,0,0.0,0.25,0.0,0.00011770636774599552,0.264182448387146,-0.010652696713805199
2591,27,34,1.0,0.9901853799819946,0,0,0.0,0.25,0.0,0.0004286861512809992,0.2681725025177002,-0.009065789170563221
2592,27,35,1.0,0.9883653521537781,0,0,0.0,0.25,0.0,0.0010728966444730759,0.2712887227535248,-0.0052332887426018715
2593,27,36,1.0,0.991459310054779,0,0,0.0,0.25,0.0,0.001100616529583931,0.2722907066345215,-0.0032642213627696037
2594,27,37,1.0,0.9941147565841675,0,0,0.0,0.25,0.0,0.00045111216604709625,0.27259352803230286,-0.0002682507038116455
2595,27,38,1.0,0.9913648366928101,0,0,0.0,0.25,0.0,0.001136359991505742,0.2715570330619812,-0.005313309840857983
2596,27,39,1.0,0.9887822270393372,0,0,0.0,0.25,0.0,0.0021870192140340805,0.26840832829475403,-0.0020885509438812733
2597,27,40,1.0,0.986116886138916,0,0,0.0,0.25,0.0,0.002045001834630966,0.25943899154663086,0.0055174147710204124
2598,27,41,1.0,0.9919145107269287,0,0,0.0,0.25,0.0,0.002763936296105385,0.17160731554031372,0.006455398164689541
2599,27,42,1.0,1.0010346174240112,0,0,0.0,0.0,0.0,0.0012966382782906294,0.015351533889770508,0.013455420732498169
2600,27,43,1.0,1.0031373500823975,0,0,0.0,0.0,0.0,0.0006605274975299835,0.0025820755399763584,0.01223745383322239
2601,27,44,1.0,1.006223440170288,0,0,0.0,0.0,0.0,0.0009419815614819527,-0.002439644653350115,-0.009461854584515095
2602,27,45,1.0,1.0060200691223145,0,0,0.0,0.0,0.0,0.0009243974927812815,-0.0026224427856504917,-0.007312098518013954
2603,27,46,1.0,1.0049086809158325,0,0,0.0,0.0,0.0,0.0007188976742327213,0.0003948661033064127,-0.04082712531089783
2604,27,47,1.0,1.0048842430114746,0,0,0.0,0.0,0.0,0.0007099395152181387,0.00034749950282275677,-0.04108390212059021
2605,27,48,1.0,1.0070960521697998,0,0,0.0,0.0,0.0,0.0007640908006578684,0.00024851085618138313,-0.1279713213443756
2606,27,49,1.0,1.007085919380188,0,0,0.0,0.0,0.0,0.0007656507659703493,0.00024261773796752095,-0.1280445158481598
2607,27,50,1.0,1.0083063840866089,0,0,0.0,0.0,-0.5,0.0007707024924457073,-0.00039240685873664916,-0.2146906554698944
2608,27,51,1.0,0.9985158443450928,0,0,0.0,0.0,-0.5,-0.0010424910578876734,-0.0003231028385926038,-0.5473246574401855
2609,27,52,1.0,0.9962665438652039,0,0,0.0,0.0,-0.5,-0.0005639466689899564,-0.0009101720061153173,-0.5291198492050171
2610,27,53,1.0,0.9960384368896484,0,0,0.0,0.0,-0.5,-0.0002890538889914751,-0.0008957362151704729,-0.5177515745162964
2611,27,54,1.0,0.9964894652366638,0,0,0.0,0.0,-0.5,-0.00014394230674952269,-0.0011229666415601969,-0.514423131942749
2612,27,55,1.0,0.9975139498710632,0,0,0.0,0.0,-0.5,-0.00020953314378857613,-0.0011079582618549466,-0.5222221612930298
2613,27,56,1.0,0.9975049495697021,0,0,0.0,0.0,-0.5,-0.0006404948653653264,-0.0017084383871406317,-0.5305945873260498
2614,27,57,1.0,1.0033786296844482,0,0,0.0,0.0,-0.5,-0.0004271630896255374,-0.0009399845730513334,-0.5352927446365356
2615,27,58,1.0,1.012294054031372,0,0,0.0,0.0,-0.5,-2.1048588678240776e-05,-0.00037633514148183167,-0.5470738410949707
2616,27,59,1.0,1.0152928829193115,0,0,0.0,0.0,-0.5,0.0006963007617741823,-0.00031895985011942685,-0.5552487373352051
2617,27,60,1.0,1.008178472518921,0,0,0.0,0.0,-0.5,0.0012595481239259243,0.000615348806604743,-0.4307703375816345
2618,27,61,1.0,1.0087671279907227,0,0,0.0,0.0,-0.5,0.0009435922838747501,0.0011210102820768952,-0.3787734806537628
2619,27,62,1.0,1.1220425367355347,0,0,0.0,0.0,0.0,0.0025946535170078278,5.472236080095172e-05,0.027947470545768738
2620,27,63,1.0,1.123993992805481,0,0,0.0,0.0,0.0,0.002592984586954117,6.071623647585511e-05,0.028699524700641632
2621,27,64,1.0,1.8615739345550537,0,1,0.0,0.0,0.0,0.000530011486262083,0.000612413277849555,0.005856391973793507
2622,27,65,1.0,1.862105131149292,0,1,0.0,0.0,0.0,0.0005281299818307161,0.0006107022054493427,0.0058339666575193405
2623,27,66,1.0,1.8465182781219482,0,1,0.0,0.0,0.0,0.000638516852632165,0.0005726353265345097,0.006487254053354263
2624,27,67,1.0,1.8467575311660767,0,1,0.0,0.0,0.0,0.0006362628191709518,0.000573390512727201,0.006476457230746746
2625,27,68,2.0,1.98260498046875,1,1,0.0,0.0,0.0,0.00019126711413264275,-3.073347033932805e-05,0.003009623847901821
2626,27,69,2.0,2.0404915809631348,1,1,0.0,0.0,0.0,0.00044496776536107063,-0.0004194893699605018,0.0012835236266255379
2627,27,70,2.0,2.0398616790771484,1,1,0.0,0.0,0.0,0.00035523693077266216,-0.00013197853695601225,0.0022645359858870506
2628,27,71,2.0,2.039431571960449,1,1,0.0,0.0,0.0,0.00030176062136888504,-0.00015169300604611635,0.003269033506512642
2629,27,72,2.0,2.0401134490966797,1,1,0.0,0.0,0.0,-6.202375516295433e-05,-0.00042708453838713467,0.00561175774782896
2630,27,73,2.0,2.04050874710083,1,1,0.0,0.0,0.0,1.462944783270359e-05,-0.0003458940191194415,0.005650085397064686
2631,27,74,2.0,2.0422801971435547,1,1,0.0,0.0,0.0,-0.0004606464644894004,-0.0009096524445340037,0.0035417620092630386
2632,27,75,2.0,2.0421972274780273,1,1,0.0,0.0,0.0,-0.0004849104443565011,-0.0009037036215886474,0.0038533415645360947
2633,27,76,1.0,1.70674729347229,0,1,0.0,0.0,0.0,0.0029036402702331543,-0.0011113975197076797,-0.0019998569041490555
2634,27,77,1.0,1.7066810131072998,0,1,0.0,0.0,0.0,0.002920824568718672,-0.0011021060636267066,-0.0019745221361517906
2635,27,78,1.0,1.0377806425094604,0,0,0.0,0.0,0.0,0.0010653615463525057,-0.00041693274397403,0.26941022276878357
2636,27,79,1.0,1.0375028848648071,0,0,0.0,0.0,0.0,0.001065439311787486,-0.00039636139990761876,0.2699225842952728
2637,27,80,1.0,0.9828265905380249,0,0,0.0,0.0,0.0,0.0002510689664632082,0.0004585067508742213,0.48058298230171204
2638,27,81,1.0,0.9827611446380615,0,0,0.0,0.0,0.0,0.00025083660148084164,0.00045145617332309484,0.4799709916114807
2639,27,82,1.0,0.9851639270782471,0,0,0.0,0.0,0.5,0.000267799012362957,-0.0005668916273862123,0.38322702050209045
2640,27,83,1.0,0.9886505603790283,0,0,0.0,0.0,0.5,0.0001764390617609024,-0.0002951251226477325,0.5013654232025146
2641,27,84,1.0,0.9985151886940002,0,0,0.0,0.0,0.5,0.00022669346071779728,0.00022651039762422442,0.5181609392166138
2642,27,85,1.0,0.9994762539863586,0,0,0.0,0.0,0.5,-0.00018927128985524178,2.6844150852411985e-05,0.5162763595581055
2643,27,86,1.0,0.9985460638999939,0,0,0.0,0.0,0.5,1.3502081856131554e-05,6.151502020657063e-05,0.5172053575515747
2644,27,87,1.0,0.9971507787704468,0,0,0.0,0.0,0.5,-7.172313053160906e-05,0.0002000058302655816,0.513695240020752
2645,27,88,1.0,0.99661785364151,0,0,0.0,0.0,0.5,-4.9178022891283035e-05,-1.1590425856411457e-05,0.5150983333587646
2646,27,89,1.0,0.9970756769180298,0,0,0.0,0.0,0.5,0.0001734960824251175,0.0001005003578029573,0.5162649154663086
2647,27,90,1.0,0.9968348145484924,0,0,0.0,0.0,0.5,0.00011531822383403778,0.000329484639223665,0.5179016590118408
2648,27,91,1.0,0.9969273805618286,0,0,0.0,0.0,0.5,-7.090624421834946e-06,-5.449343007057905e-06,0.5190914869308472
2649,28,0,1.0,0.991590678691864,0,0,0.0,0.0,0.0,0.001770524773746729,0.0024655750021338463,0.0037663429975509644
2650,28,1,1.0,0.9924318790435791,0,0,0.0,0.0,0.0,0.001541058300063014,0.0025989359710365534,0.0019637970253825188
2651,28,2,1.0,0.9932330250740051,0,0,0.0,0.0,0.0,0.001392551464959979,0.0035511956084519625,0.0029324712231755257
2652,28,3,1.0,0.9932668209075928,0,0,0.0,0.0,0.0,0.0014271312393248081,0.003487859619781375,0.003688754513859749
2653,28,4,1.0,0.9949417114257812,0,0,0.0,0.0,0.0,0.0024592364206910133,0.0026740662287920713,-0.010853858664631844
2654,28,5,1.0,0.9949703812599182,0,0,0.0,0.0,0.0,0.0024736630730330944,0.00267419358715415,-0.010638274252414703
2655,28,6,1.0,0.9957998991012573,0,0,0.0,0.0,0.0,-0.01664091646671295,-0.0009800901170819998,-0.011820776388049126
2656,28,7,1.0,0.9958063364028931,0,0,0.0,0.0,0.0,-0.01661134511232376,-0.000984202604740858,-0.011771487072110176
2657,28,8,1.0,0.9951708316802979,0,0,0.0,0.0,0.0,-0.039843518286943436,-0.0024332902394235134,-0.01027193944901228
2658,28,9,1.0,0.9951723217964172,0,0,-0.25,0.0,0.0,-0.03983306884765625,-0.002435008529573679,-0.010258466005325317
2659,28,10,1.0,0.9807901382446289,0,0,-0.25,0.0,0.0,-0.2691045105457306,0.00017315580043941736,-0.010500860400497913
2660,28,11,1.0,0.9769962430000305,0,0,-0.25,0.0,0.0,-0.27287667989730835,-0.0006734709022566676,-0.007258200086653233
2661,28,12,1.0,0.9760212898254395,0,0,-0.25,0.0,0.0,-0.27418971061706543,-0.00015385419828817248,-0.0069017186760902405
2662,28,13,1.0,0.9749693870544434,0,0,-0.25,0.0,0.0,-0.27551591396331787,-0.00025103488587774336,-0.006224542856216431
2663,28,14,1.0,0.9756827354431152,0,0,-0.25,0.0,0.0,-0.2748241722583771,-3.9631035178899765e-05,-0.007706284057348967
2664,28,15,1.0,0.9748584032058716,0,0,-0.25,0.0,0.0,-0.2722996771335602,-0.00021204198128543794,-0.006357038393616676
2665,28,16,1.0,0.977924644947052,0,0,-0.25,0.0,0.0,-0.26943427324295044,0.0007271018112078309,-0.004405044484883547
2666,28,17,1.0,0.9833201766014099,0,0,-0.25,0.0,0.0,-0.27092602849006653,0.00024012220092117786,-0.006762865465134382
2667,28,18,1.0,0.9786508679389954,0,0,-0.25,0.0,0.0,-0.2742421329021454,0.0015728629659861326,-0.008418762125074863
2668,28,19,1.0,0.9844636917114258,0,0,-0.25,0.0,0.0,-0.2768077254295349,0.0018363352864980698,-0.011903325095772743
2669,28,20,1.0,0.9904592037200928,0,0,-0.25,0.0,0.0,-0.28223878145217896,0.0007675295928493142,-0.015294451266527176
2670,28,21,1.0,0.9835678935050964,0,0,-0.25,0.0,0.0,-0.28453847765922546,-0.0002969217312056571,-0.01361199002712965
2671,28,22,1.0,0.9900587201118469,0,0,-0.25,0.0,0.0,-0.20277146995067596,0.0010518631897866726,-0.013954784721136093
2672,28,23,1.0,0.9945698976516724,0,0,0.0,0.0,0.0,-0.03868003934621811,-0.0007688630721531808,-0.019929539412260056
2673,28,24,1.0,0.9943640232086182,0,0,0.0,0.0,0.0,0.00347405718639493,0.0008465825812891126,-0.012701092287898064
2674,28,25,1.0,0.9947351217269897,0,0,0.0,0.0,0.0,0.004361496772617102,0.0006747227162122726,-0.015063363127410412
2675,28,26,1.0,0.9975788593292236,0,0,0.0,0.0,0.0,0.0014855749905109406,0.0013771210797131062,-0.01140713132917881
2676,28,27,1.0,0.9976438879966736,0,0,0.0,0.0,0.0,0.0016735282260924578,0.0012855501845479012,-0.011960076168179512
2677,28,28,1.0,0.9975028038024902,0,0,0.0,0.0,0.0,0.0007933061569929123,-0.17162178456783295,-0.004779948852956295
2678,28,29,1.0,0.9974951148033142,0,0,0.0,0.0,0.0,0.0008143407758325338,-0.17182813584804535,-0.004806677810847759
2679,28,30,1.0,0.9968357682228088,0,0,0.0,-0.25,0.0,0.0005014408379793167,-0.22339579463005066,-0.010459131561219692
2680,28,31,1.0,0.9858444333076477,0,0,0.0,-0.25,0.0,0.0007646738085895777,-0.2677154242992401,-0.005944092757999897
2681,28,32,1.0,0.9870654344558716,0,0,0.0,-0.25,0.0,0.0013329647481441498,-0.27456119656562805,-0.006405136547982693
2682,28,33,1.0,0.9880580902099609,0,0,0.0,-0.25,0.0,0.0006702321115881205,-0.27504581212997437,-0.004982359707355499
2683,28,34,1.0,0.9902929663658142,0,0,0.0,-0.25,0.0,-7.131136953830719e-06,-0.2758594751358032,-0.003749779425561428
2684,28,35,1.0,0.993384838104248,0,0,0.0,-0.25,0.0,-0.00048793177120387554,-0.2754385769367218,-0.003999367821961641
2685,28,36,1.0,0.9955493211746216,0,0,0.0,-0.25,0.0,-0.0006609536940231919,-0.2734183371067047,-0.007262215483933687
2686,28,37,1.0,0.9953057169914246,0,0,0.0,-0.25,0.0,0.0015264370013028383,-0.27415481209754944,-0.00802324153482914
2687,28,38,1.0,0.9929486513137817,0,0,0.0,-0.25,0.0,0.0020434665493667126,-0.2777140140533447,-0.009225907735526562
2688,28,39,1.0,0.994373083114624,0,0,0.0,-0.25,0.0,0.0009011980146169662,-0.2778016924858093,-0.007650779094547033
2689,28,40,1.0,1.000015377998352,0,0,0.0,0.0,0.0,-0.002340373583137989,-0.17605717480182648,-0.014561090618371964
2690,28,41,1.0,1.0037987232208252,0,0,0.0,0.0,0.0,-0.001275211339816451,-0.026307350024580956,-0.0053647952154278755
2691,28,42,1.0,1.0031906366348267,0,0,0.0,0.0,0.0,-0.0008029749151319265,-0.002887149341404438,-0.007840302772819996
2692,28,43,1.0,1.002210021018982,0,0,0.0,0.0,0.0,-0.0006471690721809864,-0.0010083664674311876,-0.0073031652718782425
2693,28,44,1.0,0.998333215713501,0,0,0.0,0.0,0.0,-0.00047227321192622185,-0.0015894672833383083,-0.0015989011153578758
2694,28,45,1.0,0.9983866214752197,0,0,0.0,0.0,0.0,-0.0004889769479632378,-0.0013265926390886307,-0.0015411530621349812
2695,28,46,1.0,0.9998705387115479,0,0,0.0,-0.25,0.0,-0.00013034569565206766,-0.0012401792919263244,0.010486038401722908
2696,28,47,1.0,1.0014361143112183,0,0,0.0,0.0,0.0,-0.0002405053237453103,-0.003591196844354272,-0.002824764233082533
2697,28,48,1.0,0.9977687001228333,0,0,0.0,0.0,0.0,-9.283761028200388e-05,-0.004659175872802734,0.012191571295261383
2698,28,49,1.0,0.9988521933555603,0,0,0.0,0.0,0.0,0.00011696619912981987,-0.001963505055755377,0.013636879622936249
2699,28,50,1.0,0.9983668923377991,0,0,0.0,0.0,0.0,-0.0001567937433719635,-0.001616219524294138,-0.0030890237540006638
2700,28,51,1.0,0.9983682632446289,0,0,0.0,0.0,0.0,-0.0001590140163898468,-0.0014780925121158361,-0.0034273038618266582
2701,28,52,1.0,1.0012956857681274,0,0,0.0,0.0,0.0,0.00020873756147921085,-0.0016459899488836527,-0.026627901941537857
2702,28,53,1.0,1.0012933015823364,0,0,0.0,0.0,0.0,0.00020832684822380543,-0.0016317887930199504,-0.026741642504930496
2703,28,54,1.0,1.0027104616165161,0,0,0.0,0.0,-0.5,0.00038402085192501545,-0.0018924276810139418,-0.026225298643112183
2704,28,55,1.0,0.9995716214179993,0,0,0.0,0.0,-0.5,-0.0009223989909514785,-7.612904300913215e-05,-0.5458999872207642
2705,28,56,1.0,0.9978333115577698,0,0,0.0,0.0,-0.5,-0.0009357589296996593,-0.0004276226391084492,-0.5413287878036499
2706,28,57,1.0,0.9983611106872559,0,0,0.0,0.0,-0.5,-0.0008853903273120522,-0.0007413731073029339,-0.5252206325531006
2707,28,58,1.0,0.99650639295578,0,0,0.0,0.0,-0.5,-0.0008266546064987779,-0.0012201499193906784,-0.5253990888595581
2708,28,59,1.0,0.9989333748817444,0,0,0.0,0.0,-0.5,-0.00014432589523494244,-0.0011559815611690283,-0.5149980783462524
2709,28,60,1.0,0.9995452761650085,0,0,0.0,0.0,-0.5,-0.0005938358372077346,-0.0010066947434097528,-0.5357627868652344
2710,28,61,1.0,1.002253770828247,0,0,0.0,0.0,-0.5,0.00031194952316582203,-0.0007063396042212844,-0.5359001159667969
2711,28,62,1.0,1.0096954107284546,0,0,0.0,0.0,-0.5,0.00017598271369934082,0.0002289565745741129,-0.5532568693161011
2712,28,63,1.0,1.0090916156768799,0,0,0.0,0.0,-0.5,0.0005032471381127834,0.0001273186644539237,-0.5601162910461426
2713,28,64,1.0,1.0027790069580078,0,0,0.0,0.0,-0.5,0.002358177676796913,0.00047700514551252127,-0.4608262777328491
2714,28,65,1.0,1.0019556283950806,0,0,0.0,0.0,0.0,0.0016796397976577282,0.00038374995347112417,-0.22606633603572845
2715,28,66,1.0,1.110009789466858,0,0,0.0,0.0,0.0,0.0013483017683029175,-0.001270645996555686,0.037802230566740036
2716,28,67,1.0,1.1154125928878784,0,0,0.0,0.0,0.0,0.001287313411012292,-0.0012134260032325983,0.041069984436035156
2717,28,68,1.0,1.7339619398117065,0,1,0.0,0.0,0.0,0.0010136389173567295,-0.0001421592605765909,0.01474982500076294
2718,28,69,1.0,1.7364673614501953,0,1,0.0,0.0,0.0,0.0009860312566161156,-0.00012762402184307575,0.014764931052923203
2719,28,70,2.0,1.6974005699157715,1,1,0.0,0.0,0.0,0.001050223596394062,6.050535012036562e-05,0.016467731446027756
2720,28,71,2.0,2.0387771129608154,1,1,0.0,0.0,0.0,0.0010137271601706743,-0.0004220716655254364,-0.00022107642143964767
2721,28,72,2.0,2.038726806640625,1,1,0.0,0.0,0.0,0.00048438902013003826,-0.0009570487891323864,-0.0005891788750886917
2722,28,73,2.0,2.0366969108581543,1,1,0.0,0.0,0.0,-0.00015540572348982096,-0.0009562270133756101,0.0010829614475369453
2723,28,74,2.0,2.04280686378479,1,1,0.0,0.0,0.0,-4.218914546072483e-05,0.0006266338750720024,0.007679745554924011
2724,28,75,2.0,2.0425257682800293,1,1,0.0,0.0,0.0,2.5648856535553932e-05,-0.0001366852957289666,0.00601436011493206
2725,28,76,2.0,2.042245626449585,1,1,0.0,0.0,0.0,-0.00021727290004491806,-0.0006453105597756803,0.006854154169559479
2726,28,77,2.0,2.044346809387207,1,1,0.0,0.0,0.0,-0.0003392698708921671,-0.0006092967232689261,0.006614260375499725
2727,28,78,1.0,1.9317638874053955,0,1,0.0,0.0,0.0,0.001883636461570859,0.0008112348150461912,0.0033083055168390274
2728,28,79,1.0,2.038426399230957,0,1,0.0,0.0,0.0,-0.0007629037136211991,0.0010829886887222528,0.0031387507915496826
2729,28,80,1.0,2.032872200012207,0,1,0.0,0.0,0.0,-0.0004090945003554225,-0.0002868270967155695,0.00024949200451374054
2730,28,81,1.0,1.1321624517440796,0,0,0.0,0.0,0.0,0.000677488511428237,-0.0021628537215292454,0.2856495976448059
2731,28,82,1.0,1.1878645420074463,0,0,0.0,0.0,0.0,0.0009837409015744925,0.0008265180513262749,0.1184137612581253
2732,28,83,1.0,0.9981973171234131,0,0,0.0,0.0,0.0,-0.00029214227106422186,-0.0010752042289823294,0.40402698516845703
2733,28,84,1.0,1.0353785753250122,0,0,0.0,0.0,0.5,0.0002788696438074112,-0.0017344193765893579,0.2985181212425232
2734,28,85,1.0,1.0580534934997559,0,0,0.0,0.0,0.5,0.0012353677302598953,-0.0005081124254502356,0.3720240294933319
2735,28,86,1.0,0.9981213808059692,0,0,0.0,0.0,0.5,8.602696470916271e-05,-4.8040528781712055e-06,0.5173779726028442
2736,28,87,1.0,0.9986999034881592,0,0,0.0,0.0,0.5,0.00018810946494340897,0.00012668099952861667,0.5185559988021851
2737,28,88,1.0,0.9993815422058105,0,0,0.0,0.0,0.5,-0.00014600425492972136,0.00014987116446718574,0.5175367593765259
2738,28,89,1.0,0.997972309589386,0,0,0.0,0.0,0.5,0.00014921859838068485,-0.0005697746528312564,0.5179784297943115
2739,28,90,1.0,0.999119222164154,0,0,0.0,0.0,0.5,0.0003812618087977171,-0.00013582909014075994,0.5198951959609985
2740,28,91,1.0,0.9990829229354858,0,0,0.0,0.0,0.5,4.1380757465958595e-05,-0.0001274595852009952,0.5195044279098511
2741,28,92,1.0,0.9994983077049255,0,0,0.0,0.0,0.5,0.0002676662988960743,-0.00022362906020134687,0.5171022415161133
2742,28,93,1.0,0.9988436102867126,0,0,0.0,0.0,0.5,0.0005294631700962782,-0.00022249063476920128,0.5180805921554565
2743,29,0,1.0,0.994213879108429,0,0,0.0,0.0,0.0,0.0025914087891578674,0.00015127297956496477,0.0031847190111875534
2744,29,1,1.0,0.9936330914497375,0,0,0.0,0.0,0.0,0.0027757412753999233,0.0001166706788353622,5.9903599321842194e-05
2745,29,2,1.0,0.99556565284729,0,0,0.0,0.0,0.0,0.0037417812272906303,0.0012937166029587388,0.0019114892929792404
2746,29,3,1.0,0.995684802532196,0,0,0.0,0.0,0.0,0.0037833270616829395,0.0011952674249187112,0.0025375299155712128
2747,29,4,1.0,0.9971722364425659,0,0,0.0,0.0,0.0,0.00509978411719203,0.0016873199492692947,-0.01127814780920744
2748,29,5,1.0,0.9972113966941833,0,0,0.0,0.0,0.0,0.005117548629641533,0.00166029273532331,-0.011129580438137054
2749,29,6,1.0,1.0010405778884888,0,0,0.0,0.0,0.0,-0.029220104217529297,0.0013756419066339731,-0.011146203614771366
2750,29,7,1.0,1.0010496377944946,0,0,-0.25,0.0,0.0,-0.0291744414716959,0.0013700556010007858,-0.011107254773378372
2751,29,8,1.0,0.9826633334159851,0,0,-0.25,0.0,0.0,-0.26646143198013306,0.0013519395142793655,-0.011814681813120842
2752,29,9,1.0,0.9766169786453247,0,0,-0.25,0.0,0.0,-0.27310675382614136,0.0010030284756794572,-0.008041534572839737
2753,29,10,1.0,0.9745440483093262,0,0,-0.25,0.0,0.0,-0.274657666683197,0.0004571046447381377,-0.0071442886255681515
2754,29,11,1.0,0.9745444655418396,0,0,-0.25,0.0,0.0,-0.27389413118362427,-0.00035498212673701346,-0.0063818590715527534
2755,29,12,1.0,0.9755148887634277,0,0,-0.25,0.0,0.0,-0.2741124629974365,-0.0006743235280737281,-0.006653203628957272
2756,29,13,1.0,0.9780935049057007,0,0,-0.25,0.0,0.0,-0.2705332040786743,-0.0011460023233667016,-0.005085302982479334
2757,29,14,1.0,0.983197808265686,0,0,-0.25,0.0,0.0,-0.26998576521873474,-0.001677540480159223,-0.009579318575561047
2758,29,15,1.0,0.9910377264022827,0,0,-0.25,0.0,0.0,-0.2703184485435486,-0.000586836482398212,-0.013577219098806381
2759,29,16,1.0,0.9956582188606262,0,0,-0.25,0.0,0.0,-0.2719060182571411,-0.0007751929224468768,-0.019024619832634926
2760,29,17,1.0,1.0073509216308594,0,0,-0.25,0.0,0.0,-0.2747584283351898,0.0001856049057096243,-0.025210386142134666
2761,29,18,1.0,1.004937767982483,0,0,-0.25,0.0,0.0,-0.2805316746234894,0.0011954766232520342,-0.027154361829161644
2762,29,19,1.0,0.989713728427887,0,0,-0.25,0.0,0.0,-0.2837366759777069,0.002384707797318697,-0.02209770306944847
2763,29,20,1.0,0.9773313403129578,0,0,-0.25,0.0,0.0,-0.23184551298618317,0.0051450300961732864,-0.01641789637506008
2764,29,21,1.0,0.9885522723197937,0,0,0.0,0.0,0.0,-0.03269914910197258,-0.001210491405799985,-0.013021370396018028
2765,29,22,1.0,0.9958239197731018,0,0,0.0,0.0,0.0,-0.003497048281133175,-0.004657126031816006,-0.008798682130873203
2766,29,23,1.0,0.9993094801902771,0,0,0.0,0.0,0.0,0.0014755267184227705,-0.005734695121645927,-0.00850597769021988
2767,29,24,1.0,0.9931970238685608,0,0,0.0,0.0,0.0,0.0033722813241183758,0.1355028748512268,-0.003140869550406933
2768,29,25,1.0,0.9929759502410889,0,0,0.0,0.0,0.0,0.002983217127621174,0.164758563041687,-0.004523938521742821
2769,29,26,1.0,0.9919021129608154,0,0,0.0,0.0,0.0,-8.283648639917374e-06,0.261586993932724,-0.0004705991595983505
2770,29,27,1.0,0.9919196367263794,0,0,0.0,0.25,0.0,1.1525116860866547e-06,0.26160112023353577,-0.0005257604643702507
2771,29,28,1.0,0.9856549501419067,0,0,0.0,0.25,0.0,-6.94373156875372e-05,0.269868403673172,-0.002709220163524151
2772,29,29,1.0,0.9849417805671692,0,0,0.0,0.25,0.0,0.00023677037097513676,0.26865828037261963,-0.005008102394640446
2773,29,30,1.0,0.9875037670135498,0,0,0.0,0.25,0.0,-0.00020898610819131136,0.26987868547439575,-0.0036269337870180607
2774,29,31,1.0,0.9894920587539673,0,0,0.0,0.25,0.0,-0.00010766985360532999,0.2696695625782013,-0.004782776348292828
2775,29,32,1.0,0.9922678470611572,0,0,0.0,0.25,0.0,0.00038768514059484005,0.27045440673828125,-0.0038705915212631226
2776,29,33,1.0,0.9949575066566467,0,0,0.0,0.25,0.0,0.0016628459561616182,0.2725547254085541,-0.005829731933772564
2777,29,34,1.0,0.9932309985160828,0,0,0.0,0.25,0.0,0.001568045699968934,0.27318498492240906,-0.0068112812004983425
2778,29,35,1.0,0.9960519671440125,0,0,0.0,0.25,0.0,0.0018328772857785225,0.27342844009399414,-0.010549092665314674
2779,29,36,1.0,0.9925199747085571,0,0,0.0,0.25,0.0,0.0012246251571923494,0.23544134199619293,-0.01219165325164795
2780,29,37,1.0,1.0000627040863037,0,0,0.0,0.0,0.0,0.0006297612562775612,0.06237968057394028,-0.0213683620095253
2781,29,38,1.0,1.0015920400619507,0,0,0.0,0.0,0.0,0.0002165499608963728,0.005698258988559246,-0.023766590282320976
2782,29,39,1.0,1.0011557340621948,0,0,0.0,0.0,0.0,0.00017550261691212654,-0.0006810445920564234,-0.028771473094820976
2783,29,40,1.0,0.9987686276435852,0,0,0.0,0.0,0.0,0.0004824164789170027,-0.0037836364936083555,-0.015147168189287186
2784,29,41,1.0,0.9987888932228088,0,0,0.0,0.0,0.0,0.0005027910228818655,-0.004556071013212204,-0.0149140739813447
2785,29,42,1.0,0.9993714094161987,0,0,0.0,0.0,0.0,0.00015619117766618729,-0.0015093523543328047,0.010420706123113632
2786,29,43,1.0,0.9993731379508972,0,0,0.0,0.0,0.0,0.0001605777069926262,-0.0015762785915285349,0.01043444313108921
2787,29,44,1.0,0.9991519451141357,0,0,0.0,0.25,0.0,0.00010927463881671429,-0.0009266900597140193,0.008927436545491219
2788,29,45,1.0,1.0014289617538452,0,0,0.0,0.0,0.0,0.0005148728378117085,-0.00093261175788939,-0.007862502709031105
2789,29,46,1.0,1.00205659866333,0,0,0.0,0.0,0.0,0.0007297606207430363,-0.0023740932811051607,-0.009557106532156467
2790,29,47,1.0,1.0034255981445312,0,0,0.0,0.0,0.0,0.0007799398154020309,-0.0022791302762925625,-0.00506488885730505
2791,29,48,1.0,1.002005934715271,0,0,0.0,0.0,0.0,0.00027345167472958565,-0.0003130283730570227,-0.013249542564153671
2792,29,49,1.0,1.0020055770874023,0,0,0.0,0.0,0.0,0.00022697937674820423,-0.00035323621705174446,-0.013269606977701187
2793,29,50,1.0,1.0048717260360718,0,0,0.0,0.0,0.0,0.0003195805475115776,0.0005744105437770486,-0.08398161828517914
2794,29,51,1.0,1.0048669576644897,0,0,0.0,0.0,0.0,0.00031460728496313095,0.0005699956091120839,-0.08400870114564896
2795,29,52,1.0,1.004764199256897,0,0,0.0,0.0,0.0,0.0002140556462109089,0.0006582679925486445,-0.0967731922864914
2796,29,53,1.0,1.0047625303268433,0,0,0.0,0.0,-0.5,0.0002135215327143669,0.0006573984865099192,-0.09676368534564972
2797,29,54,1.0,1.000637173652649,0,0,0.0,0.0,-0.5,-0.00037786609027534723,-0.0007198756793513894,-0.5445706844329834
2798,29,55,1.0,0.9984804391860962,0,0,0.0,0.0,-0.5,-7.993343751877546e-05,-0.0012605751398950815,-0.5297366380691528
2799,29,56,1.0,0.997069776058197,0,0,0.0,0.0,-0.5,-0.00023939460515975952,-0.0016632020706310868,-0.5267190933227539
2800,29,57,1.0,0.997950553894043,0,0,0.0,0.0,-0.5,0.00042025581933557987,-0.0019461722113192081,-0.5089136362075806
2801,29,58,1.0,0.9969192147254944,0,0,0.0,0.0,-0.5,0.00033697416074573994,-0.0007498794002458453,-0.5157428979873657
2802,29,59,1.0,0.997944712638855,0,0,0.0,0.0,-0.5,-0.00030654529109597206,-0.0013959330972284079,-0.5243792533874512
2803,29,60,1.0,1.0015887022018433,0,0,0.0,0.0,-0.5,-0.0005557247204706073,-0.0006476462003774941,-0.5352729558944702
2804,29,61,1.0,1.0072904825210571,0,0,0.0,0.0,-0.5,-0.00015526474453508854,-0.00025578291388228536,-0.5389212369918823
2805,29,62,1.0,1.0117627382278442,0,0,0.0,0.0,-0.5,0.0008122595027089119,-0.001038180198520422,-0.5494978427886963
2806,29,63,1.0,1.0101838111877441,0,0,0.0,0.0,-0.5,0.001376305939629674,-0.0012693100143224,-0.553220272064209
2807,29,64,1.0,0.996428370475769,0,0,0.0,0.0,0.0,0.002040350344032049,0.0011610907968133688,-0.17561620473861694
2808,29,65,1.0,0.9963170886039734,0,0,0.0,0.0,0.0,0.0016226873267441988,0.0005482992855831981,-0.08756522089242935
2809,29,66,1.0,1.682122826576233,0,1,0.0,0.0,0.0,0.001652429811656475,0.0007841978222131729,0.013496555387973785
2810,29,67,1.0,1.699512243270874,0,1,0.0,0.0,0.0,0.0015605969820171595,0.0005975525127723813,0.013251841068267822
2811,29,68,1.0,2.039966583251953,0,1,0.0,0.0,0.0,-0.0004382554907351732,-0.00018778842058964074,0.002041463740170002
2812,29,69,1.0,2.039968967437744,0,1,0.0,0.0,0.0,-0.00042741058859974146,-0.00019146999693475664,0.002030803821980953
2813,29,70,2.0,2.040067195892334,1,1,0.0,0.0,0.0,-0.00028172682505100965,-0.00026537320809438825,0.0018897773697972298
2814,29,71,2.0,2.0381851196289062,1,1,0.0,0.0,0.0,0.0006322935223579407,-0.0006682010134682059,0.0017124442383646965
2815,29,72,2.0,2.0383799076080322,1,1,0.0,0.0,0.0,0.00012103887274861336,-0.001269677421078086,0.0005805948749184608
2816,29,73,2.0,2.037856101989746,1,1,0.0,0.0,0.0,-0.0002490089973434806,-0.0001952142920345068,0.0018757367506623268
2817,29,74,2.0,2.041407823562622,1,1,0.0,0.0,0.0,-0.00032493926119059324,-0.00046301016118377447,0.008581195026636124
2818,29,75,2.0,2.036980390548706,1,1,0.0,0.0,0.0,0.0004524250980466604,9.815231896936893e-05,0.004340578801929951
2819,29,76,2.0,2.0367255210876465,1,1,0.0,0.0,0.0,-0.00014225556515157223,0.0003029434592463076,0.004060846753418446
2820,29,77,2.0,2.0369327068328857,1,1,0.0,0.0,0.0,-0.0001633167266845703,0.00025253184139728546,0.003486563451588154
2821,29,78,2.0,2.0361361503601074,1,1,0.0,0.0,0.0,-0.0002192093525081873,0.0002677523880265653,0.00020150654017925262
2822,29,79,1.0,2.0361289978027344,0,1,0.0,0.0,0.0,-0.00024384143762290478,0.00024248420959338546,0.000122767873108387
2823,29,80,1.0,0.9818073511123657,0,0,0.0,0.0,0.0,0.00010135537013411522,-0.0001885533274617046,0.47452840209007263
2824,29,81,1.0,0.9818013310432434,0,0,0.0,0.0,0.0,9.640748612582684e-05,-0.00017845642287284136,0.4751690924167633
2825,29,82,1.0,0.9837040901184082,0,0,0.0,0.0,0.0,-0.00010403653141111135,-0.00013162766117602587,0.4788171947002411
2826,29,83,1.0,0.9836982488632202,0,0,0.0,0.0,0.0,-0.00010106596164405346,-0.00012675381731241941,0.47913435101509094
2827,29,84,1.0,0.9808164834976196,0,0,0.0,0.0,0.5,-0.0001244985032826662,-0.00037545309169217944,0.4678749442100525
2828,29,85,1.0,0.9982824921607971,0,0,0.0,0.0,0.5,0.0004697947297245264,-0.0001343345211353153,0.5164753198623657
2829,29,86,1.0,1.0001685619354248,0,0,0.0,0.0,0.5,0.0007774080149829388,0.00018414692021906376,0.5188771486282349
2830,29,87,1.0,1.0002267360687256,0,0,0.0,0.0,0.5,0.0003220492508262396,0.0004455844173207879,0.5163305997848511
2831,29,88,1.0,0.9997480511665344,0,0,0.0,0.0,0.5,0.0003300162497907877,0.0003683327231556177,0.5175069570541382
2832,29,89,1.0,1.000830054283142,0,0,0.0,0.0,0.5,0.00011169700883328915,0.0001661520218476653,0.5159463882446289
2833,29,90,1.0,1.0008310079574585,0,0,0.0,0.0,0.5,0.00031419796869158745,0.00040156557224690914,0.5176964998245239
2834,29,91,1.0,1.0008618831634521,0,0,0.0,0.0,0.5,0.00024398020468652248,5.48973330296576e-05,0.519466757774353
2835,29,92,1.0,1.001294493675232,0,0,0.0,0.0,0.5,-0.00011075823567807674,0.0005563725717365742,0.520797848701477
2836,29,93,1.0,0.9995261430740356,0,0,0.0,0.0,0.5,0.0005106390453875065,0.0002842230023816228,0.520316481590271
2837,30,0,1.0,0.9926974177360535,0,0,0.0,0.0,0.0,-0.004370139911770821,0.0034281632397323847,-0.0006234701722860336
2838,30,1,1.0,0.9921483397483826,0,0,0.0,0.0,0.0,-0.004638866521418095,0.0038782942574471235,-0.0038092792965471745
2839,30,2,1.0,0.993915855884552,0,0,0.0,0.0,0.0,-0.006525262724608183,0.0022103325463831425,-0.005305275321006775
2840,30,3,1.0,0.9940147399902344,0,0,0.0,0.0,0.0,-0.006580581422895193,0.0020726220682263374,-0.004721518140286207
2841,30,4,1.0,0.9972484707832336,0,0,0.0,0.0,0.0,-0.007987888529896736,0.0022863035555928946,-0.004420210607349873
2842,30,5,1.0,0.9972648024559021,0,0,0.0,0.0,0.0,-0.007967734709382057,0.0022663353011012077,-0.004293455742299557
2843,30,6,1.0,0.9981440305709839,0,0,0.0,0.0,0.0,0.02489832229912281,-0.0011456545908004045,0.0030075935646891594
2844,30,7,1.0,0.9981375932693481,0,0,0.0,0.0,0.0,0.024936361238360405,-0.001152707147412002,0.0030397381633520126
2845,30,8,1.0,0.991469144821167,0,0,0.0,0.0,0.0,0.1297196000814438,-0.00014627788914367557,-0.005450185388326645
2846,30,9,1.0,0.9914673566818237,0,0,0.25,0.0,0.0,0.1297384351491928,-0.00014699794701300561,-0.005443621892482042
2847,30,10,1.0,0.9878860116004944,0,0,0.25,0.0,0.0,0.27179282903671265,-0.00319353467784822,-0.005591654218733311
2848,30,11,1.0,0.9831236600875854,0,0,0.25,0.0,0.0,0.27398136258125305,-0.002664640313014388,-0.006582560949027538
2849,30,12,1.0,0.9838911294937134,0,0,0.25,0.0,0.0,0.27390217781066895,-0.0019243836868554354,-0.004611062817275524
2850,30,13,1.0,0.9827923774719238,0,0,0.25,0.0,0.0,0.2739156186580658,-0.001193321542814374,-0.0037052021361887455
2851,30,14,1.0,0.980741024017334,0,0,0.25,0.0,0.0,0.275572806596756,-0.0009959160815924406,-0.005908671300858259
2852,30,15,1.0,0.988274872303009,0,0,0.25,0.0,0.0,0.27420052886009216,9.475625120103359e-07,-0.0050465622916817665
2853,30,16,1.0,0.991691529750824,0,0,0.25,0.0,0.0,0.27151307463645935,-0.0011461583198979497,-0.0018596234731376171
2854,30,17,1.0,1.0057008266448975,0,0,0.25,0.0,0.0,0.2683117389678955,-0.001271484070457518,-0.000981879886239767
2855,30,18,1.0,0.99486243724823,0,0,0.25,0.0,0.0,0.2732098400592804,-0.00021174564608372748,-0.004044128581881523
2856,30,19,1.0,0.9913596510887146,0,0,0.25,0.0,0.0,0.27132487297058105,0.00012410013005137444,-0.00481491070240736
2857,30,20,1.0,0.9949604868888855,0,0,0.25,0.0,0.0,0.21399979293346405,-0.000810499710496515,-0.004161120392382145
2858,30,21,1.0,0.9945746660232544,0,0,0.0,0.0,0.0,0.04890760779380798,-0.0006722023244947195,-0.009271671064198017
2859,30,22,1.0,0.9966212511062622,0,0,0.0,0.0,0.0,0.019553015008568764,-0.005662461742758751,-0.0041587091982364655
2860,30,23,1.0,0.9937082529067993,0,0,0.0,0.0,0.0,0.007272316608577967,-0.005790432915091515,-0.008289100602269173
2861,30,24,1.0,0.9903600811958313,0,0,0.0,0.0,0.0,0.0001359113957732916,-0.003933805972337723,-0.008973325602710247
2862,30,25,1.0,0.990005612373352,0,0,0.0,0.0,0.0,0.0005068362224847078,-0.0028752798680216074,-0.010450035333633423
2863,30,26,1.0,0.9955586791038513,0,0,0.0,0.0,0.0,0.0036457539536058903,-0.009010097943246365,-0.009252475574612617
2864,30,27,1.0,0.9956583380699158,0,0,0.0,0.0,0.0,0.003510521724820137,-0.009476630948483944,-0.009800850413739681
2865,30,28,1.0,0.9978824853897095,0,0,0.0,0.0,0.0,0.002014957834035158,-0.06500281393527985,-0.005504019558429718
2866,30,29,1.0,0.9978780150413513,0,0,0.0,-0.25,0.0,0.002008866984397173,-0.06528733670711517,-0.005615115165710449
2867,30,30,1.0,0.997626543045044,0,0,0.0,-0.25,0.0,-5.017360672354698e-05,-0.2724984586238861,-0.007449778262525797
2868,30,31,1.0,0.9948058128356934,0,0,0.0,-0.25,0.0,-0.00026456464547663927,-0.27400264143943787,-0.006521686911582947
2869,30,32,1.0,0.9950616955757141,0,0,0.0,-0.25,0.0,0.0003266492858529091,-0.2724979817867279,-0.01135288830846548
2870,30,33,1.0,0.9912582635879517,0,0,0.0,-0.25,0.0,-0.00034724909346550703,-0.27610448002815247,-0.014457512646913528
2871,30,34,1.0,0.9930450916290283,0,0,0.0,-0.25,0.0,-0.0005560594145208597,-0.27570775151252747,-0.008152572438120842
2872,30,35,1.0,0.9980656504631042,0,0,0.0,-0.25,0.0,-4.807824734598398e-05,-0.27679651975631714,-0.005521764513105154
2873,30,36,1.0,0.9930375218391418,0,0,0.0,-0.25,0.0,-0.00010370055679231882,-0.2770577073097229,-0.00733276829123497
2874,30,37,1.0,0.9923139214515686,0,0,0.0,-0.25,0.0,-0.00011589692439883947,-0.2716955244541168,-0.005671056918799877
2875,30,38,1.0,0.9909495711326599,0,0,0.0,-0.25,0.0,0.0006560380570590496,-0.26340171694755554,-0.0016285008750855923
2876,30,39,1.0,0.9937223196029663,0,0,0.0,-0.25,0.0,0.001756038749590516,-0.2461620569229126,-0.0010058707557618618
2877,30,40,1.0,0.9964247941970825,0,0,0.0,-0.25,0.0,0.0008285320363938808,-0.03496359661221504,0.006689264439046383
2878,30,41,1.0,1.0018185377120972,0,0,0.0,0.0,0.0,0.0007990014273673296,-0.008856778964400291,-0.02738201804459095
2879,30,42,1.0,1.0051305294036865,0,0,0.0,0.0,0.0,0.0005313048604875803,-0.003964669071137905,-0.025699779391288757
2880,30,43,1.0,1.0062464475631714,0,0,0.0,0.0,0.0,0.0006637219339609146,-0.002824515337124467,-0.025756629183888435
2881,30,44,1.0,1.0052107572555542,0,0,0.0,0.0,0.0,0.00023323833011090755,-0.0002672312257345766,-0.04550965502858162
2882,30,45,1.0,1.0053423643112183,0,0,0.0,0.0,0.0,0.0001959425862878561,-0.0001655416563153267,-0.046186916530132294
2883,30,46,1.0,1.007493257522583,0,0,0.0,0.0,0.0,0.0005959083791822195,-0.0004869145923294127,-0.1740584671497345
2884,30,47,1.0,1.0075030326843262,0,0,0.0,0.0,0.0,0.0005994853563606739,-0.0004774578264914453,-0.17436203360557556
2885,30,48,1.0,1.008080005645752,0,0,0.0,0.0,0.0,0.0006663256790488958,-0.0007273583905771375,-0.24067677557468414
2886,30,49,1.0,1.0080772638320923,0,0,0.0,0.0,-0.5,0.0006664698012173176,-0.0007224823348224163,-0.2407834678888321
2887,30,50,1.0,0.9969742298126221,0,0,0.0,0.0,-0.5,-0.0007952653104439378,-0.0011164210736751556,-0.5438027381896973
2888,30,51,1.0,0.996313214302063,0,0,0.0,0.0,-0.5,-0.00045034533832222223,-0.001659406814724207,-0.5371118783950806
2889,30,52,1.0,0.9972595572471619,0,0,0.0,0.0,-0.5,-3.6714598536491394e-05,-0.0014226464554667473,-0.5217165946960449
2890,30,53,1.0,0.9986689686775208,0,0,0.0,0.0,-0.5,0.00023388187400996685,-0.0011226455681025982,-0.5199577808380127
2891,30,54,1.0,0.9985755085945129,0,0,0.0,0.0,-0.5,0.0001304163597524166,-0.001059789676219225,-0.5286509990692139
2892,30,55,1.0,1.0011203289031982,0,0,0.0,0.0,-0.5,-0.00042802421376109123,-0.0015487424097955227,-0.5330994129180908
2893,30,56,1.0,1.0074524879455566,0,0,0.0,0.0,-0.5,-0.0007390780374407768,-0.0007055535679683089,-0.5400787591934204
2894,30,57,1.0,1.0121264457702637,0,0,0.0,0.0,-0.5,-0.00034310726914554834,-0.00031356519320979714,-0.5454267263412476
2895,30,58,1.0,1.0164352655410767,0,0,0.0,0.0,-0.5,0.0008131992071866989,-0.0006610173732042313,-0.5451540946960449
2896,30,59,1.0,1.0168479681015015,0,0,0.0,0.0,-0.5,0.000586850568652153,-0.00038783252239227295,-0.5388586521148682
2897,30,60,1.0,1.0035672187805176,0,0,0.0,0.0,0.0,-0.0007888209074735641,0.00017740408657118678,-0.13595634698867798
2898,30,61,1.0,1.0033644437789917,0,0,0.0,0.0,0.0,-0.000887662754394114,0.0001290163490921259,-0.11711876839399338
2899,30,62,1.0,1.475136160850525,0,0,0.0,0.0,0.0,0.0023881900124251842,-0.00010187929728999734,0.025368183851242065
2900,30,63,1.0,1.4770026206970215,0,0,0.0,0.0,0.0,0.0023769554682075977,-0.00010125344851985574,0.025382135063409805
2901,30,64,1.0,1.911031723022461,0,1,0.0,0.0,0.0,0.000981355318799615,-0.0006626204703934491,0.00444005336612463
2902,30,65,2.0,1.9112892150878906,1,1,0.0,0.0,0.0,0.000976606272161007,-0.0006591916899196804,0.004439718089997768
2903,30,66,2.0,2.039576292037964,1,1,0.0,0.0,0.0,0.0008407470304518938,-0.0003324332064948976,-0.0006699031218886375
2904,30,67,2.0,2.038483142852783,1,1,0.0,0.0,0.0,0.0005511092022061348,0.000828630174510181,0.0015216367319226265
2905,30,68,2.0,2.040487766265869,1,1,0.0,0.0,0.0,0.0003638805355876684,-2.1469430066645145e-05,0.005229371599853039
2906,30,69,2.0,2.0399270057678223,1,1,0.0,0.0,0.0,0.00019736867398023605,-2.5467656087130308e-05,0.0056373486295342445
2907,30,70,2.0,2.0398313999176025,1,1,0.0,0.0,0.0,-2.6575755327939987e-05,0.0004858258180320263,0.0070754773914813995
2908,30,71,2.0,2.0385186672210693,1,1,0.0,0.0,0.0,0.00011184578761458397,0.0003616671310737729,0.007115919142961502
2909,30,72,1.0,2.0213940143585205,0,1,0.0,0.0,0.0,0.0001487166155129671,0.0006269430741667747,0.00422730203717947
2910,30,73,1.0,1.7577292919158936,0,1,0.0,0.0,0.0,0.0014428265858441591,-0.0006232181331142783,-0.01298828050494194
2911,30,74,1.0,1.3044313192367554,0,0,0.0,0.0,0.0,0.0025660088285803795,-0.0014369816053658724,-0.0013849269598722458
2912,30,75,1.0,0.9884177446365356,0,0,0.0,0.0,0.0,0.0006682120729237795,-0.0011725213844329119,0.23587828874588013
2913,30,76,1.0,0.9820926785469055,0,0,0.0,0.0,0.0,0.0016747945919632912,0.00018043379532173276,0.4370570182800293
2914,30,77,1.0,0.984016478061676,0,0,0.0,0.0,0.0,0.0012121482286602259,0.0004575289785861969,0.4538547992706299
2915,30,78,1.0,0.9903520941734314,0,0,0.0,0.0,0.0,0.00021606683731079102,0.0005276941228657961,0.5035775899887085
2916,30,79,1.0,0.9905593395233154,0,0,0.0,0.0,0.5,0.00017203064635396004,0.000406383303925395,0.5064449310302734
2917,30,80,1.0,1.0011428594589233,0,0,0.0,0.0,0.5,0.000666510546579957,0.0001854005386121571,0.5211347341537476
2918,30,81,1.0,1.0001624822616577,0,0,0.0,0.0,0.5,0.0006831344217061996,0.0003127995878458023,0.5171421766281128
2919,30,82,1.0,0.9986608028411865,0,0,0.0,0.0,0.5,0.000535937026143074,0.00014352414291352034,0.5192493200302124
2920,30,83,1.0,0.9988356828689575,0,0,0.0,0.0,0.5,0.00031366595067083836,-0.00011868233559653163,0.517574667930603
2921,30,84,1.0,0.9978452324867249,0,0,0.0,0.0,0.5,2.3681437596678734e-05,0.00021124113118276,0.5200484991073608
2922,30,85,1.0,0.9986699819564819,0,0,0.0,0.0,0.5,0.00024454970844089985,7.522956002503633e-05,0.5171418190002441
2923,30,86,1.0,0.997895359992981,0,0,0.0,0.0,0.5,9.847222827374935e-05,0.0001915461616590619,0.5198934078216553
2924,30,87,1.0,0.9974995255470276,0,0,0.0,0.0,0.5,0.0006608974654227495,-0.00041789846727624536,0.5189489126205444
2925,30,88,1.0,0.9986429810523987,0,0,0.0,0.0,0.5,0.00041118008084595203,0.00010493432637304068,0.5174179077148438
2926,31,0,1.0,0.9925092458724976,0,0,0.0,0.0,0.0,-0.0033127698116004467,0.0002493525971658528,0.0026733670383691788
2927,31,1,1.0,0.9922855496406555,0,0,0.0,0.0,0.0,-0.003998907282948494,0.0010919022606685758,-0.0016589905135333538
2928,31,2,1.0,0.9920883178710938,0,0,0.0,0.0,0.0,-0.005993979051709175,0.00032461510272696614,0.002761300653219223
2929,31,3,1.0,0.9919996857643127,0,0,0.0,0.0,0.0,-0.006108957342803478,6.833556108176708e-05,0.003304140642285347
2930,31,4,1.0,0.9924459457397461,0,0,0.0,0.0,0.0,-0.008756511844694614,-0.00016612184117548168,-0.0035189930349588394
2931,31,5,1.0,0.9924350380897522,0,0,0.0,0.0,0.0,-0.008734157308936119,-0.000186349410796538,-0.003344471100717783
2932,31,6,1.0,0.9943112134933472,0,0,0.0,0.0,0.0,-0.00011764862574636936,-0.0007805372588336468,-0.000378158874809742
2933,31,7,1.0,0.9943090677261353,0,0,0.0,0.0,0.0,-9.516591671854258e-05,-0.0007896937313489616,-0.0003358982503414154
2934,31,8,1.0,0.9926167130470276,0,0,0.25,0.0,0.0,0.2343084067106247,-0.0013428488746285439,-0.006119012366980314
2935,31,9,1.0,0.9866675138473511,0,0,0.25,0.0,0.0,0.2689952552318573,-0.001199362799525261,-0.006007094867527485
2936,31,10,1.0,0.9846130609512329,0,0,0.25,0.0,0.0,0.2701241075992584,-0.0008996608667075634,-0.004822862334549427
2937,31,11,1.0,0.9856802821159363,0,0,0.25,0.0,0.0,0.2729383707046509,-0.0013191126054152846,-0.004917202517390251
2938,31,12,1.0,0.9836969971656799,0,0,0.25,0.0,0.0,0.272021621465683,-0.002075475873425603,-0.0026459130458533764
2939,31,13,1.0,0.9843873977661133,0,0,0.25,0.0,0.0,0.2710607349872589,-0.002280659042298794,-0.00537011306732893
2940,31,14,1.0,0.9871855974197388,0,0,0.25,0.0,0.0,0.26934778690338135,-0.002438114956021309,-0.0031836265698075294
2941,31,15,1.0,0.9960023164749146,0,0,0.25,0.0,0.0,0.2659813165664673,-0.002556762658059597,-0.004090319853276014
2942,31,16,1.0,1.0098305940628052,0,0,0.25,0.0,0.0,0.2665434777736664,-0.002811708487570286,-0.007541414815932512
2943,31,17,1.0,1.0292385816574097,0,0,0.25,0.0,0.0,0.2645971477031708,-0.002704527461901307,-0.010302664712071419
2944,31,18,1.0,1.0093884468078613,0,0,0.25,0.0,0.0,0.2683875560760498,-0.0028283922001719475,-0.013318296521902084
2945,31,19,1.0,0.9911355376243591,0,0,0.25,0.0,0.0,0.27207133173942566,-0.00107579433824867,-0.020148202776908875
2946,31,20,1.0,0.9911890029907227,0,0,0.25,0.0,0.0,0.141001358628273,0.0028583290986716747,-0.004280321765691042
2947,31,21,1.0,1.0007752180099487,0,0,0.25,0.0,0.0,0.03762301430106163,0.004273388534784317,0.0033561550080776215
2948,31,22,1.0,1.0045573711395264,0,0,0.0,0.0,0.0,0.01561516523361206,0.0024954592809081078,0.005841108970344067
2949,31,23,1.0,1.0008890628814697,0,0,0.0,0.0,0.0,0.0007115767803043127,-0.002909078961238265,0.0023983148857951164
2950,31,24,1.0,0.9937871098518372,0,0,0.0,0.0,0.0,-0.0010480551281943917,0.029058203101158142,0.004310235381126404
2951,31,25,1.0,0.9925490021705627,0,0,0.0,0.0,0.0,-0.0003727627918124199,0.05999619886279106,0.0004647420719265938
2952,31,26,1.0,0.9908868074417114,0,0,0.0,0.0,0.0,0.0022923126816749573,0.18348746001720428,0.0007205773144960403
2953,31,27,1.0,0.9909290075302124,0,0,0.0,0.25,0.0,0.0022274614311754704,0.18993262946605682,0.0005780858919024467
2954,31,28,1.0,0.9852702617645264,0,0,0.0,0.25,0.0,0.001138369319960475,0.2667141854763031,-0.0034240526147186756
2955,31,29,1.0,0.9877476096153259,0,0,0.0,0.25,0.0,0.0003412417136132717,0.2698545455932617,-0.0041301194578409195
2956,31,30,1.0,0.9887559413909912,0,0,0.0,0.25,0.0,0.00023209629580378532,0.267555296421051,-0.004623086657375097
2957,31,31,1.0,0.9889812469482422,0,0,0.0,0.25,0.0,0.0004335243720561266,0.2683095932006836,-0.005838659591972828
2958,31,32,1.0,0.9911611080169678,0,0,0.0,0.25,0.0,0.0003815095406025648,0.26823705434799194,-0.005009873770177364
2959,31,33,1.0,0.9911190867424011,0,0,0.0,0.25,0.0,0.0009583088103681803,0.27003490924835205,-0.004938855767250061
2960,31,34,1.0,0.9896501898765564,0,0,0.0,0.25,0.0,0.001494482858106494,0.27533385157585144,-0.004436991177499294
2961,31,35,1.0,0.9885478615760803,0,0,0.0,0.25,0.0,0.0016097456682473421,0.27617207169532776,-0.006613981910049915
2962,31,36,1.0,0.9884405136108398,0,0,0.0,0.25,0.0,0.0007663625292479992,0.2723824977874756,-0.0005089351907372475
2963,31,37,1.0,0.9942034482955933,0,0,0.0,0.25,0.0,0.001206397544592619,0.2259817123413086,-0.008324479684233665
2964,31,38,1.0,1.0022950172424316,0,0,0.0,0.0,0.0,0.0003141723573207855,0.05695619434118271,-0.0041957697831094265
2965,31,39,1.0,1.0033460855484009,0,0,0.0,0.0,0.0,1.8221791833639145e-05,0.014098001644015312,0.01694037951529026
2966,31,40,1.0,1.0025272369384766,0,0,0.0,0.0,0.0,-0.00026474741753190756,0.0017053489573299885,0.030282240360975266
2967,31,41,1.0,1.002270221710205,0,0,0.0,0.0,0.0,-0.0002632673131301999,-0.0004199715913273394,0.030893322080373764
2968,31,42,1.0,1.0054666996002197,0,0,0.0,0.0,0.0,6.938166916370392e-05,-0.0023135007359087467,-0.0069954609498381615
2969,31,43,1.0,1.0054670572280884,0,0,0.0,0.0,0.0,7.37758819013834e-05,-0.002397559117525816,-0.006917983293533325
2970,31,44,1.0,1.0061726570129395,0,0,0.0,0.0,0.0,0.00015267636626958847,-0.0025440664030611515,-0.00975670013576746
2971,31,45,1.0,1.0061734914779663,0,0,0.0,0.25,0.0,0.00015342026017606258,-0.002557686995714903,-0.00971919298171997
2972,31,46,1.0,1.0055010318756104,0,0,0.0,0.0,0.0,0.0005135755054652691,8.153787348419428e-06,-0.010430436581373215
2973,31,47,1.0,1.0071213245391846,0,0,0.0,0.0,0.0,-0.00019705749582499266,-0.0004178094386588782,-0.011092782951891422
2974,31,48,1.0,1.0086265802383423,0,0,0.0,0.0,0.0,0.0002677177544683218,-0.0004826459917239845,-0.1314893662929535
2975,31,49,1.0,1.0081316232681274,0,0,0.0,0.0,0.0,0.00018610944971442223,-0.0007391360704787076,-0.1273093819618225
2976,31,50,1.0,1.0089716911315918,0,0,0.0,0.0,0.0,0.00030707404948771,-0.0011844523251056671,-0.2618798315525055
2977,31,51,1.0,1.0089508295059204,0,0,0.0,0.0,0.0,0.00030199531465768814,-0.0012343397829681635,-0.26259714365005493
2978,31,52,1.0,1.0088789463043213,0,0,0.0,0.0,-0.5,0.0006351270712912083,-0.0009604606893844903,-0.34596824645996094
2979,31,53,1.0,0.995250403881073,0,0,0.0,0.0,-0.5,-0.0006384208099916577,-0.0003181799838785082,-0.5291996002197266
2980,31,54,1.0,0.9958590865135193,0,0,0.0,0.0,-0.5,9.733205661177635e-05,-0.0008091785130091012,-0.5215128660202026
2981,31,55,1.0,0.996415376663208,0,0,0.0,0.0,-0.5,3.92089132219553e-05,-0.000897867139428854,-0.5211257934570312
2982,31,56,1.0,1.0011249780654907,0,0,0.0,0.0,-0.5,-8.131051436066628e-05,-0.0008598510758019984,-0.5112189054489136
2983,31,57,1.0,1.0009839534759521,0,0,0.0,0.0,-0.5,-0.00046409061178565025,-0.0011585366446524858,-0.5247316360473633
2984,31,58,1.0,1.0037577152252197,0,0,0.0,0.0,-0.5,-0.0006213837768882513,-0.001344676362350583,-0.5309973955154419
2985,31,59,1.0,1.0135483741760254,0,0,0.0,0.0,-0.5,0.000514419749379158,-0.0015840455889701843,-0.5426837205886841
2986,31,60,1.0,1.0127848386764526,0,0,0.0,0.0,-0.5,0.0018251028377562761,-0.0008125047315843403,-0.5546821355819702
2987,31,61,1.0,0.9987357258796692,0,0,0.0,0.0,-0.5,0.002020613756030798,0.0004946859553456306,-0.427633136510849
2988,31,62,1.0,1.0280017852783203,0,0,0.0,0.0,-0.5,0.0025634211488068104,-0.001188158872537315,-0.01798390969634056
2989,31,63,1.0,1.0334956645965576,0,0,0.0,0.0,0.0,0.0024011079221963882,-0.0011631540255621076,-0.0081165237352252
2990,31,64,1.0,1.8489599227905273,0,1,0.0,0.0,0.0,0.0010646693408489227,-0.00025567892589606345,0.005965542048215866
2991,31,65,1.0,1.8517000675201416,0,1,0.0,0.0,0.0,0.0010471278801560402,-0.0002805999538395554,0.005894280970096588
2992,31,66,1.0,2.013382911682129,0,1,0.0,0.0,0.0,8.163927122950554e-05,-0.0002824397524818778,0.0019307611510157585
2993,31,67,2.0,2.0135293006896973,1,1,0.0,0.0,0.0,8.139177225530148e-05,-0.0002863357949536294,0.001911030150949955
2994,31,68,2.0,2.0380876064300537,1,1,0.0,0.0,0.0,0.00033514248207211494,-0.0003559767792467028,0.0018860222771763802
2995,31,69,2.0,2.0382776260375977,1,1,0.0,0.0,0.0,0.00044580944813787937,-0.00014501027180813253,0.0025653112679719925
2996,31,70,2.0,2.0383026599884033,1,1,0.0,0.0,0.0,0.0006221288349479437,-0.00030456497916020453,0.004828118719160557
2997,31,71,2.0,2.0376250743865967,1,1,0.0,0.0,0.0,0.0005406406708061695,-0.00043151999125257134,0.004822747781872749
2998,31,72,2.0,2.0397980213165283,1,1,0.0,0.0,0.0,0.0001991435419768095,-0.00017299549654126167,0.0056733740493655205
2999,31,73,2.0,2.0405397415161133,1,1,0.0,0.0,0.0,-6.319722160696983e-06,0.0001172416377812624,0.005788049660623074
3000,31,74,2.0,2.0434823036193848,1,1,0.0,0.0,0.0,0.00011198781430721283,0.00031085516093298793,0.00516100600361824
3001,31,75,1.0,2.043612003326416,0,1,0.0,0.0,0.0,0.00028420728631317616,0.0002686266670934856,0.004869958385825157
3002,31,76,1.0,2.013333320617676,0,1,0.0,0.0,0.0,0.00044310465455055237,-0.0013898892793804407,-0.001008873339742422
3003,31,77,1.0,1.9871279001235962,0,1,0.0,0.0,0.0,0.0008081230334937572,-0.0007504058303311467,-0.0027545643970370293
3004,31,78,1.0,0.9805221557617188,0,0,0.0,0.0,0.0,0.000921639846637845,2.5355839170515537e-05,0.42960694432258606
3005,31,79,1.0,0.9803751111030579,0,0,0.0,0.0,0.0,0.0008791754953563213,2.54753977060318e-05,0.43387559056282043
3006,31,80,1.0,0.98414146900177,0,0,0.0,0.0,0.0,0.00039656320586800575,0.00022677978267893195,0.48787468671798706
3007,31,81,1.0,0.984339714050293,0,0,0.0,0.0,0.5,0.00038575497455894947,0.00021718267817050219,0.4892115294933319
3008,31,82,1.0,0.9994491338729858,0,0,0.0,0.0,0.5,0.00024771923199296,0.0002881830441765487,0.5198662281036377
3009,31,83,1.0,1.0006883144378662,0,0,0.0,0.0,0.5,0.00029606116004288197,-0.00018776225624606013,0.5214372873306274
3010,31,84,1.0,0.9990622997283936,0,0,0.0,0.0,0.5,-0.00013601267710328102,-8.241483010351658e-05,0.5204097032546997
3011,31,85,1.0,0.9996392726898193,0,0,0.0,0.0,0.5,0.00011987448669970036,2.2030959371477365e-05,0.519176721572876
3012,31,86,1.0,0.9981873035430908,0,0,0.0,0.0,0.5,0.00013555632904171944,-0.00012926122872158885,0.5186036825180054
3013,31,87,1.0,0.9981292486190796,0,0,0.0,0.0,0.5,-9.968748781830072e-05,-4.032778088003397e-05,0.51768958568573
3014,31,88,1.0,0.9983830451965332,0,0,0.0,0.0,0.5,-7.706577889621258e-05,-0.00036950374487787485,0.5209695100784302
3015,31,89,1.0,0.9986444711685181,0,0,0.0,0.0,0.5,0.0002559802960604429,-0.00029055189224891365,0.5194410085678101
3016,31,90,1.0,0.9984297752380371,0,0,0.0,0.0,0.5,0.00020817061886191368,-0.0002129997592419386,0.5235071182250977
3017,32,0,1.0,0.9915906190872192,0,0,0.0,0.0,0.0,0.0017705261707305908,0.002465584082528949,0.003766353242099285
3018,32,1,1.0,0.9924318790435791,0,0,0.0,0.0,0.0,0.0015410634223371744,0.002598943654447794,0.001963803544640541
3019,32,2,1.0,0.9932330250740051,0,0,0.0,0.0,0.0,0.0013925449457019567,0.0035512123722583055,0.0029324889183044434
3020,32,3,1.0,0.9932668209075928,0,0,0.0,0.0,0.0,0.001427128678187728,0.0034878684673458338,0.0036887144669890404
3021,32,4,1.0,0.9949416518211365,0,0,0.0,0.0,0.0,0.0024592489935457706,0.0026740662287920713,-0.01085391454398632
3022,32,5,1.0,0.994970440864563,0,0,0.0,0.0,0.0,0.002473673317581415,0.002674188232049346,-0.010638263076543808
3023,32,6,1.0,0.9957998991012573,0,0,0.0,0.0,0.0,-0.016640910878777504,-0.000980095355771482,-0.01182076707482338
3024,32,7,1.0,0.9958063364028931,0,0,0.0,0.0,0.0,-0.016611360013484955,-0.0009842156432569027,-0.011771533638238907
3025,32,8,1.0,0.9951708316802979,0,0,0.0,0.0,0.0,-0.03984350711107254,-0.002433313522487879,-0.010271906852722168
3026,32,9,1.0,0.995172381401062,0,0,-0.25,0.0,0.0,-0.039833053946495056,-0.0024350215680897236,-0.010258522816002369
3027,32,10,1.0,0.9807900786399841,0,0,-0.25,0.0,0.0,-0.2691045105457306,0.00017318956088274717,-0.010500894859433174
3028,32,11,1.0,0.9769963026046753,0,0,-0.25,0.0,0.0,-0.27287667989730835,-0.0006734760827384889,-0.007258203346282244
3029,32,12,1.0,0.9760213494300842,0,0,-0.25,0.0,0.0,-0.2741897404193878,-0.00015384898870252073,-0.006901706103235483
3030,32,13,1.0,0.9749693274497986,0,0,-0.25,0.0,0.0,-0.27551594376564026,-0.00025104268570430577,-0.006224541924893856
3031,32,14,1.0,0.9756826758384705,0,0,-0.25,0.0,0.0,-0.27482420206069946,-3.965181531384587e-05,-0.0077063278295099735
3032,32,15,1.0,0.9748584628105164,0,0,-0.25,0.0,0.0,-0.27229970693588257,-0.00021204978111200035,-0.006357092410326004
3033,32,16,1.0,0.9779245853424072,0,0,-0.25,0.0,0.0,-0.26943424344062805,0.0007271096110343933,-0.004404996056109667
3034,32,17,1.0,0.9833201169967651,0,0,-0.25,0.0,0.0,-0.27092602849006653,0.00024011696223169565,-0.006762893870472908
3035,32,18,1.0,0.9786508679389954,0,0,-0.25,0.0,0.0,-0.274242103099823,0.0015728629659861326,-0.008418753743171692
3036,32,19,1.0,0.9844636917114258,0,0,-0.25,0.0,0.0,-0.2768077254295349,0.0018363404087722301,-0.011903282254934311
3037,32,20,1.0,0.990459144115448,0,0,-0.25,0.0,0.0,-0.28223878145217896,0.0007675426313653588,-0.015294438228011131
3038,32,21,1.0,0.9835679531097412,0,0,-0.25,0.0,0.0,-0.28453847765922546,-0.0002969035122077912,-0.013611992821097374
3039,32,22,1.0,0.9900586605072021,0,0,-0.25,0.0,0.0,-0.20277151465415955,0.0010518553899601102,-0.013954774476587772
3040,32,23,1.0,0.9945697784423828,0,0,-0.25,0.0,0.0,-0.0386800654232502,-0.0007688578916713595,-0.019929509609937668
3041,32,24,1.0,0.993265688419342,0,0,0.0,0.0,0.0,-0.0013575688935816288,0.0017634015530347824,-0.00739364605396986
3042,32,25,1.0,0.9927842020988464,0,0,0.0,0.0,0.0,0.0023480579257011414,0.0021654271986335516,-0.012638678774237633
3043,32,26,1.0,0.9958046674728394,0,0,0.0,0.0,0.0,0.00038608768954873085,-0.04168526828289032,-0.0076600308530032635
3044,32,27,1.0,0.9960246682167053,0,0,0.0,0.0,0.0,0.0012355137150734663,-0.05574455484747887,-0.009537533856928349
3045,32,28,1.0,0.9960033893585205,0,0,0.0,0.0,0.0,-0.0011395779438316822,-0.2631914019584656,-0.009749837219715118
3046,32,29,1.0,0.9959160685539246,0,0,0.0,0.0,0.0,-0.0011281885672360659,-0.2631286084651947,-0.009765380062162876
3047,32,30,1.0,0.9887645840644836,0,0,0.0,-0.25,0.0,-0.001144004170782864,-0.27459102869033813,-0.008366523310542107
3048,32,31,1.0,0.9859846830368042,0,0,0.0,-0.25,0.0,0.0004263925366103649,-0.2697938084602356,-0.0034274039790034294
3049,32,32,1.0,0.9859406352043152,0,0,0.0,-0.25,0.0,0.0006795157678425312,-0.2766112685203552,-0.0017149834893643856
3050,32,33,1.0,0.9903736710548401,0,0,0.0,-0.25,0.0,-0.00019910652190446854,-0.2759456932544708,-0.005898438394069672
3051,32,34,1.0,0.9914864897727966,0,0,0.0,-0.25,0.0,-0.0007619248935952783,-0.27431145310401917,-0.00903825368732214
3052,32,35,1.0,0.9938552379608154,0,0,0.0,-0.25,0.0,-6.183446384966373e-05,-0.27604302763938904,-0.009077477268874645
3053,32,36,1.0,0.9932941198348999,0,0,0.0,-0.25,0.0,0.0008078925311565399,-0.2776831090450287,-0.0077086808159947395
3054,32,37,1.0,0.9945638179779053,0,0,0.0,-0.25,0.0,0.0011761793866753578,-0.2785786986351013,-0.007136337924748659
3055,32,38,1.0,0.9980725049972534,0,0,0.0,-0.25,0.0,0.0003571838606148958,-0.27733850479125977,-0.009047192521393299
3056,32,39,1.0,1.001814842224121,0,0,0.0,-0.25,0.0,-0.0001992480829358101,-0.27500656247138977,-0.013127888552844524
3057,32,40,1.0,0.998621940612793,0,0,0.0,0.0,0.0,-0.0024669396225363016,-0.14081832766532898,-0.009591557085514069
3058,32,41,1.0,1.0043225288391113,0,0,0.0,0.0,0.0,-0.000977258081547916,-0.017272254452109337,-0.010202765464782715
3059,32,42,1.0,1.0021523237228394,0,0,0.0,0.0,0.0,-0.000499428017064929,0.0010838023154065013,-0.012647553347051144
3060,32,43,1.0,1.001929759979248,0,0,0.0,0.0,0.0,-0.0005847123684361577,0.0029725516214966774,-0.011586243286728859
3061,32,44,1.0,0.9981735944747925,0,0,0.0,0.0,0.0,-0.0009114189306274056,-0.00042194852721877396,0.004191616550087929
3062,32,45,1.0,0.9982001781463623,0,0,0.0,0.0,0.0,-0.000921455561183393,-0.00012491625966504216,0.004187298007309437
3063,32,46,1.0,0.9998461604118347,0,0,0.0,-0.25,0.0,-0.0003164365189149976,-0.0007837590528652072,0.009195851162075996
3064,32,47,1.0,1.0023467540740967,0,0,0.0,0.0,0.0,-0.00030737416818737984,-0.004271923564374447,-0.0035382062196731567
3065,32,48,1.0,1.0043060779571533,0,0,0.0,0.0,0.0,0.00018165353685617447,-0.002784817712381482,-0.0182025246322155
3066,32,49,1.0,1.004372000694275,0,0,0.0,0.0,0.0,0.0003081848844885826,-0.00248355558142066,-0.019408393651247025
3067,32,50,1.0,1.0046255588531494,0,0,0.0,0.0,0.0,0.0003573112189769745,-0.0017932862974703312,-0.024347759783267975
3068,32,51,1.0,1.0046383142471313,0,0,0.0,0.0,0.0,0.0003550152759999037,-0.0017641573213040829,-0.025134406983852386
3069,32,52,1.0,1.0061473846435547,0,0,0.0,0.0,0.0,0.0007373851258307695,-0.00042599113658070564,-0.11569222807884216
3070,32,53,1.0,1.0061534643173218,0,0,0.0,0.0,0.0,0.000731936888769269,-0.00041538538062013686,-0.11594121903181076
3071,32,54,1.0,1.0063132047653198,0,0,0.0,0.0,-0.5,0.0007521235384047031,-0.00041444890666753054,-0.1906534731388092
3072,32,55,1.0,0.9998006820678711,0,0,0.0,0.0,-0.5,-0.0013853003038093448,-0.0002591200463939458,-0.5488425493240356
3073,32,56,1.0,0.99882972240448,0,0,0.0,0.0,-0.5,-0.0008006659336388111,-0.00011512322816997766,-0.5403212308883667
3074,32,57,1.0,0.9988522529602051,0,0,0.0,0.0,-0.5,-0.0009064031764864922,-0.0005380271468311548,-0.5344390869140625
3075,32,58,1.0,0.9991368055343628,0,0,0.0,0.0,-0.5,-0.0007891658460721374,-0.0013321959413588047,-0.5285897254943848
3076,32,59,1.0,0.9986411929130554,0,0,0.0,0.0,-0.5,-0.0003913997206836939,-0.0011754289735108614,-0.5211737155914307
3077,32,60,1.0,0.9989244341850281,0,0,0.0,0.0,-0.5,-0.00040072586853057146,-0.0007839442696422338,-0.5300085544586182
3078,32,61,1.0,0.9999866485595703,0,0,0.0,0.0,-0.5,-0.0003093465929850936,-0.0009287047432735562,-0.5313081741333008
3079,32,62,1.0,0.9985800981521606,0,0,0.0,0.0,-0.5,-0.0013635335490107536,-0.0016444399952888489,-0.5393997430801392
3080,32,63,1.0,1.005712866783142,0,0,0.0,0.0,-0.5,-0.0007005615625530481,0.00022119632922112942,-0.5518684387207031
3081,32,64,1.0,1.009124755859375,0,0,0.0,0.0,-0.5,-0.00030439719557762146,0.0006438165437430143,-0.5516942739486694
3082,32,65,1.0,1.0103075504302979,0,0,0.0,0.0,-0.5,0.0008855478372424841,0.00011466874275356531,-0.35289132595062256
3083,32,66,1.0,1.0034674406051636,0,0,0.0,0.0,0.0,5.5511947721242905e-05,0.00023159640841186047,-0.07157430052757263
3084,32,67,1.0,1.0022838115692139,0,0,0.0,0.0,0.0,0.00011490820907056332,-7.321784505620599e-05,-0.06461998075246811
3085,32,68,1.0,1.5856529474258423,0,1,0.0,0.0,0.0,0.0018530928064137697,3.1236966606229544e-05,0.018250390887260437
3086,32,69,1.0,1.5567567348480225,0,1,0.0,0.0,0.0,0.0020248377695679665,-0.00023927949951030314,0.015938805416226387
3087,32,70,1.0,2.0384957790374756,0,1,0.0,0.0,0.0,-0.00029538723174482584,-0.00010885577648878098,0.0037726983428001404
3088,32,71,1.0,2.038381338119507,0,1,0.0,0.0,0.0,-0.00024222780484706163,-8.275295840576291e-05,0.002930351532995701
3089,32,72,2.0,2.000387191772461,1,1,0.0,0.0,0.0,-0.00010431476403027773,0.00017687637591734529,0.003836824558675289
3090,32,73,2.0,2.0384979248046875,1,1,0.0,0.0,0.0,0.00068263104185462,-0.00031451042741537094,-0.0012444332242012024
3091,32,74,2.0,2.0383200645446777,1,1,0.0,0.0,0.0,-0.0006299563683569431,-0.0012375437654554844,0.00568750873208046
3092,32,75,2.0,2.0401718616485596,1,1,0.0,0.0,0.0,2.8473325073719025e-05,-0.00029030023142695427,0.007454322651028633
3093,32,76,2.0,2.044959783554077,1,1,0.0,0.0,0.0,0.00021412852220237255,-0.0006476351409219205,0.006925519555807114
3094,32,77,2.0,2.0409092903137207,1,1,0.0,0.0,0.0,3.3527612686157227e-05,-0.00013400730676949024,0.0076154377311468124
3095,32,78,2.0,2.0122416019439697,1,1,0.0,0.0,0.0,0.0002783567178994417,-0.0009186237584799528,-0.0013904403895139694
3096,32,79,1.0,2.0142645835876465,0,1,0.0,0.0,0.0,0.0002073559444397688,-0.000980584416538477,-0.001535346731543541
3097,32,80,1.0,1.8334153890609741,0,1,0.0,0.0,0.0,-0.0007428890094161034,-0.001493243151344359,0.0047943973913788795
3098,32,81,1.0,1.9153571128845215,0,1,0.0,0.0,0.0,-0.0005468381568789482,-0.0006952796247787774,-0.0004884330555796623
3099,32,82,1.0,1.121039628982544,0,0,0.0,0.0,0.0,-0.00037853955291211605,0.00014094635844230652,0.29988980293273926
3100,32,83,1.0,1.1370360851287842,0,0,0.0,0.0,0.0,-0.00041261722799390554,-0.0002153875830117613,0.2800517976284027
3101,32,84,1.0,1.1499358415603638,0,0,0.0,0.0,0.0,0.001550536835566163,0.0014152547810226679,0.18449509143829346
3102,32,85,1.0,1.0081101655960083,0,0,0.0,0.0,0.0,-0.000559596810489893,0.0006861463189125061,0.41863730549812317
3103,32,86,1.0,0.9871724247932434,0,0,0.0,0.0,0.5,-0.0007738496642559767,0.000858291401527822,0.47780221700668335
3104,32,87,1.0,0.9874333739280701,0,0,0.0,0.0,0.5,-0.00011790927965193987,0.0002050470793619752,0.5141052007675171
3105,32,88,1.0,0.9989066123962402,0,0,0.0,0.0,0.5,-0.00021978653967380524,-0.00010527961421757936,0.5194694995880127
3106,32,89,1.0,1.0001556873321533,0,0,0.0,0.0,0.5,-0.0001663175644353032,-0.00021250828285701573,0.5184770822525024
3107,32,90,1.0,0.9998005628585815,0,0,0.0,0.0,0.5,2.229982055723667e-05,-0.0002229424426332116,0.5184322595596313
3108,32,91,1.0,0.9997546672821045,0,0,0.0,0.0,0.5,0.0004369409289211035,-0.000275781232630834,0.5199450254440308
3109,32,92,1.0,0.9994986653327942,0,0,0.0,0.0,0.5,0.00016966951079666615,2.8885318897664547e-05,0.5193063020706177
3110,32,93,1.0,1.000604271888733,0,0,0.0,0.0,0.5,-0.000297894817776978,0.00017077411757782102,0.5195258855819702
3111,32,94,1.0,0.999697744846344,0,0,0.0,0.0,0.5,0.00041431281715631485,-0.0002003288536798209,0.5190780162811279
3112,32,95,1.0,0.9995088577270508,0,0,0.0,0.0,0.5,0.0005825401749461889,-0.00017455650959163904,0.5182545185089111
3113,33,0,1.0,0.9942139387130737,0,0,0.0,0.0,0.0,0.002591399010270834,0.00015125737991183996,0.0031847478821873665
3114,33,1,1.0,0.9936330318450928,0,0,0.0,0.0,0.0,0.0027757370844483376,0.0001166720176115632,5.9903599321842194e-05
3115,33,2,1.0,0.9955657124519348,0,0,0.0,0.0,0.0,0.003741777967661619,0.0012937192805111408,0.0019115079194307327
3116,33,3,1.0,0.9956847429275513,0,0,0.0,0.0,0.0,0.0037833312526345253,0.0011952582281082869,0.002537541091442108
3117,33,4,1.0,0.9971722364425659,0,0,0.0,0.0,0.0,0.005099797621369362,0.0016873199492692947,-0.011278107762336731
3118,33,5,1.0,0.9972113370895386,0,0,0.0,0.0,0.0,0.005117548163980246,0.0016602848190814257,-0.011129602789878845
3119,33,6,1.0,1.0010405778884888,0,0,0.0,0.0,0.0,-0.029220083728432655,0.001375639345496893,-0.011146215721964836
3120,33,7,1.0,1.0010496377944946,0,0,0.0,0.0,0.0,-0.029174435883760452,0.001370040001347661,-0.011107262223958969
3121,33,8,1.0,1.0008639097213745,0,0,0.0,0.0,0.0,-0.047357670962810516,0.00030457484535872936,-0.014296473003923893
3122,33,9,1.0,1.0008654594421387,0,0,0.0,0.0,0.0,-0.047346118837594986,0.00030324910767376423,-0.014285336248576641
3123,33,10,1.0,0.9987185597419739,0,0,0.0,0.0,0.0,-0.11581183224916458,-0.0008922521956264973,-0.016809707507491112
3124,33,11,1.0,0.9987192749977112,0,0,-0.25,0.0,0.0,-0.11580780893564224,-0.000892478390596807,-0.016807101666927338
3125,33,12,1.0,0.9801281094551086,0,0,-0.25,0.0,0.0,-0.2696516513824463,0.0013860634062439203,-0.01130394171923399
3126,33,13,1.0,0.9762997627258301,0,0,-0.25,0.0,0.0,-0.2735157310962677,0.0009622133802622557,-0.008468790911138058
3127,33,14,1.0,0.9746327996253967,0,0,-0.25,0.0,0.0,-0.2745685577392578,0.00044724985491484404,-0.007461712695658207
3128,33,15,1.0,0.9740886092185974,0,0,-0.25,0.0,0.0,-0.27460065484046936,-0.0007250766502693295,-0.006718603428453207
3129,33,16,1.0,0.9758690595626831,0,0,-0.25,0.0,0.0,-0.27418023347854614,-0.0006238355417735875,-0.007134048268198967
3130,33,17,1.0,0.9781395792961121,0,0,-0.25,0.0,0.0,-0.27082380652427673,-0.0011662421748042107,-0.0062943268567323685
3131,33,18,1.0,0.9831976890563965,0,0,-0.25,0.0,0.0,-0.26998576521873474,-0.001677576801739633,-0.00957919005304575
3132,33,19,1.0,0.9910376667976379,0,0,-0.25,0.0,0.0,-0.27031847834587097,-0.0005868338630534708,-0.013577197678387165
3133,33,20,1.0,0.9956580996513367,0,0,-0.25,0.0,0.0,-0.27190595865249634,-0.0007752085221000016,-0.01902463287115097
3134,33,21,1.0,1.0073509216308594,0,0,-0.25,0.0,0.0,-0.2747584283351898,0.00018559710588306189,-0.025210348889231682
3135,33,22,1.0,1.0040744543075562,0,0,-0.25,0.0,0.0,-0.2808043360710144,0.0012424865271896124,-0.02760491333901882
3136,33,23,1.0,0.9890727996826172,0,0,-0.25,0.0,0.0,-0.2833222448825836,0.002539379522204399,-0.022997237741947174
3137,33,24,1.0,0.9773313403129578,0,0,-0.25,0.0,0.0,-0.2318454384803772,0.005145017057657242,-0.016417894512414932
3138,33,25,1.0,0.9885522127151489,0,0,0.0,0.0,0.0,-0.03269912302494049,-0.0012105082860216498,-0.013021370396018028
3139,33,26,1.0,0.995823860168457,0,0,0.0,0.0,0.0,-0.0034970405977219343,-0.00465712696313858,-0.00879870355129242
3140,33,27,1.0,0.9993094801902771,0,0,0.0,0.0,0.0,0.0014755292795598507,-0.005734693259000778,-0.00850596372038126
3141,33,28,1.0,0.9931970238685608,0,0,0.0,0.0,0.0,0.003372278530150652,0.135502889752388,-0.0031408676877617836
3142,33,29,1.0,0.9929759502410889,0,0,0.0,0.0,0.0,0.0029832194559276104,0.16475850343704224,-0.004523939918726683
3143,33,30,1.0,0.9919021129608154,0,0,0.0,0.0,0.0,-8.284579962491989e-06,0.261586993932724,-0.00047060754150152206
3144,33,31,1.0,0.9919196367263794,0,0,0.0,0.0,0.0,1.1702068150043488e-06,0.26160112023353577,-0.0005257679149508476
3145,33,32,1.0,0.987837016582489,0,0,0.0,0.25,0.0,-0.00030592677649110556,0.27188751101493835,-0.002875355537980795
3146,33,33,1.0,0.9842017292976379,0,0,0.0,0.25,0.0,-3.583100624382496e-05,0.2676745653152466,-0.0035688066855072975
3147,33,34,1.0,0.9856678247451782,0,0,0.0,0.25,0.0,-0.0005178785650059581,0.26784926652908325,-0.003472166135907173
3148,33,35,1.0,0.9882220029830933,0,0,0.0,0.25,0.0,-0.0003825040766969323,0.268449068069458,-0.005503133870661259
3149,33,36,1.0,0.9912203550338745,0,0,0.0,0.25,0.0,0.0004156995564699173,0.2683545649051666,-0.005198326893150806
3150,33,37,1.0,0.993133544921875,0,0,0.0,0.25,0.0,0.000663939630612731,0.27091675996780396,-0.004256927873939276
3151,33,38,1.0,0.9947364926338196,0,0,0.0,0.25,0.0,0.002236961852759123,0.2745553255081177,-0.005826576612889767
3152,33,39,1.0,0.9954522848129272,0,0,0.0,0.25,0.0,0.00160564249381423,0.27453702688217163,-0.007293493486940861
3153,33,40,1.0,0.9972135424613953,0,0,0.0,0.25,0.0,0.0012750269379466772,0.27319037914276123,-0.010131525807082653
3154,33,41,1.0,0.9932858347892761,0,0,0.0,0.25,0.0,0.0011467942968010902,0.2585226893424988,-0.012849459424614906
3155,33,42,1.0,1.0009509325027466,0,0,0.0,0.0,0.0,0.0003176473546773195,0.0500849112868309,-0.0190364271402359
3156,33,43,1.0,1.0014822483062744,0,0,0.0,0.0,0.0,-5.7388911955058575e-05,0.00667969137430191,-0.0262992512434721
3157,33,44,1.0,0.9993026256561279,0,0,0.0,0.0,0.0,0.00029639527201652527,-0.0016853377455845475,-0.022311897948384285
3158,33,45,1.0,0.9985408782958984,0,0,0.0,0.0,0.0,0.00045077502727508545,-0.004570513963699341,-0.021030612289905548
3159,33,46,1.0,0.9991493225097656,0,0,0.0,0.0,0.0,0.00010641221888363361,-0.0018881410360336304,0.007208921015262604
3160,33,47,1.0,0.9991428852081299,0,0,0.0,0.0,0.0,0.00011559692211449146,-0.002040478400886059,0.0072513148188591
3161,33,48,1.0,0.9991389513015747,0,0,0.0,0.0,0.0,0.000128887128084898,-0.001709119533188641,0.007647482678294182
3162,33,49,1.0,0.9991390109062195,0,0,0.0,0.25,0.0,0.00013267132453620434,-0.0017334393924102187,0.007645599544048309
3163,33,50,1.0,1.0016734600067139,0,0,0.0,0.0,0.0,0.0005848640576004982,-0.0008779775816947222,-0.007700841408222914
3164,33,51,1.0,1.0011943578720093,0,0,0.0,0.0,0.0,0.00044944416731595993,-0.0013178099179640412,0.004687546752393246
3165,33,52,1.0,1.0037548542022705,0,0,0.0,0.0,0.0,0.00047877151519060135,-0.0013993096072226763,-0.002958513330668211
3166,33,53,1.0,1.003415822982788,0,0,0.0,0.0,0.0,0.0002923563588410616,-0.0011227583745494485,-0.0012341206893324852
3167,33,54,1.0,1.0032237768173218,0,0,0.0,0.0,0.0,0.0003687355201691389,0.00037112366408109665,-0.03841838985681534
3168,33,55,1.0,1.003217101097107,0,0,0.0,0.0,0.0,0.00035106134600937366,0.0003574979491531849,-0.0384385883808136
3169,33,56,1.0,1.004982590675354,0,0,0.0,0.0,0.0,0.0002557931002229452,0.0006318786181509495,-0.10587670654058456
3170,33,57,1.0,1.004979133605957,0,0,0.0,0.0,-0.5,0.00025489088147878647,0.0006298590451478958,-0.10587922483682632
3171,33,58,1.0,1.0006455183029175,0,0,0.0,0.0,-0.5,-0.00042303476948291063,-0.0007705911411903799,-0.5441986322402954
3172,33,59,1.0,0.998676061630249,0,0,0.0,0.0,-0.5,-0.00013889954425394535,-0.0012395521625876427,-0.5300781726837158
3173,33,60,1.0,0.9970203042030334,0,0,0.0,0.0,-0.5,-0.00023227441124618053,-0.0016780077712610364,-0.5266270637512207
3174,33,61,1.0,0.9982643723487854,0,0,0.0,0.0,-0.5,0.0005242528859525919,-0.001994714606553316,-0.5075562000274658
3175,33,62,1.0,0.9968861937522888,0,0,0.0,0.0,-0.5,0.0003632139414548874,-0.0007188416784629226,-0.5153704881668091
3176,33,63,1.0,0.9982253313064575,0,0,0.0,0.0,-0.5,-0.0003065761411562562,-0.0013800824526697397,-0.5239803791046143
3177,33,64,1.0,1.0021144151687622,0,0,0.0,0.0,-0.5,-0.0004777072463184595,-0.0006671884912066162,-0.5355900526046753
3178,33,65,1.0,1.007731556892395,0,0,0.0,0.0,-0.5,-6.286450661718845e-05,-0.00030740120564587414,-0.5391668081283569
3179,33,66,1.0,1.0121148824691772,0,0,0.0,0.0,-0.5,0.0007276998367160559,-0.00115473591722548,-0.5496523380279541
3180,33,67,1.0,1.0105781555175781,0,0,0.0,0.0,-0.5,0.001261696219444275,-0.0013325507752597332,-0.5531051158905029
3181,33,68,1.0,0.9967049956321716,0,0,0.0,0.0,0.0,0.001933869905769825,0.0011257905280217528,-0.1639721691608429
3182,33,69,1.0,0.9967798590660095,0,0,0.0,0.0,0.0,0.0015805484727025032,0.0005133161321282387,-0.0797734409570694
3183,33,70,1.0,1.6918137073516846,0,1,0.0,0.0,0.0,0.0015509568620473146,0.0007417669985443354,0.013329574838280678
3184,33,71,1.0,1.7088847160339355,0,1,0.0,0.0,0.0,0.0014655357226729393,0.0005620403680950403,0.013100195676088333
3185,33,72,1.0,2.039612293243408,0,1,0.0,0.0,0.0,-0.0004425093065947294,-0.00020867623970843852,0.002124834805727005
3186,33,73,2.0,2.039619207382202,1,1,0.0,0.0,0.0,-0.0004319333238527179,-0.00021152402041479945,0.0021183835342526436
3187,33,74,2.0,2.038902759552002,1,1,0.0,0.0,0.0,0.0004762224853038788,-0.0007379999151453376,0.0006593773141503334
3188,33,75,2.0,2.038468599319458,1,1,0.0,0.0,0.0,0.0007127523422241211,-0.0011044405400753021,0.0006401855498552322
3189,33,76,2.0,2.038937568664551,1,1,0.0,0.0,0.0,-0.0009068498620763421,-0.0006126280059106648,0.0016177082434296608
3190,33,77,2.0,2.0427396297454834,1,1,0.0,0.0,0.0,-0.0007701667491346598,-0.00036444570287130773,0.007845422253012657
3191,33,78,2.0,2.038099527359009,1,1,0.0,0.0,0.0,-0.00023892999161034822,0.0006926055066287518,0.004071966744959354
3192,33,79,2.0,2.0386478900909424,1,1,0.0,0.0,0.0,-0.00043372076470404863,0.00012489216169342399,0.0030038179829716682
3193,33,80,2.0,2.0289673805236816,1,1,0.0,0.0,0.0,-0.0004023489309474826,0.00023989612236618996,-0.0006017507985234261
3194,33,81,1.0,2.0271482467651367,0,1,0.0,0.0,0.0,-0.0004037929465994239,6.69858418405056e-05,-0.0009470023214817047
3195,33,82,1.0,0.9796350598335266,0,0,0.0,0.0,0.0,0.00010432698763906956,-0.00020853060414083302,0.4536677598953247
3196,33,83,1.0,0.9795968532562256,0,0,0.0,0.0,0.0,9.42847691476345e-05,-0.00019388803048059344,0.45505598187446594
3197,33,84,1.0,0.9844675064086914,0,0,0.0,0.0,0.0,-0.00028698169626295567,-8.164893370121717e-05,0.4822124242782593
3198,33,85,1.0,0.9844532608985901,0,0,0.0,0.0,0.0,-0.00028739706613123417,-7.817486766725779e-05,0.48254841566085815
3199,33,86,1.0,0.9805309176445007,0,0,0.0,0.0,0.0,0.00025364593602716923,-0.0002735266461968422,0.4713350832462311
3200,33,87,1.0,0.9805169105529785,0,0,0.0,0.0,0.5,0.00025225640274584293,-0.0002704781945794821,0.471639484167099
3201,33,88,1.0,0.9995306134223938,0,0,0.0,0.0,0.5,0.0006506801582872868,-4.819338209927082e-05,0.519038200378418
3202,33,89,1.0,1.0003743171691895,0,0,0.0,0.0,0.5,0.0005558945704251528,0.00017302681226283312,0.5174992084503174
3203,33,90,1.0,0.9996955394744873,0,0,0.0,0.0,0.5,0.0004540106747299433,0.00045024289283901453,0.516132116317749
3204,33,91,1.0,0.999901533126831,0,0,0.0,0.0,0.5,0.00032670656219124794,0.0003874736139550805,0.5163830518722534
3205,33,92,1.0,1.0012264251708984,0,0,0.0,0.0,0.5,3.845454193651676e-05,0.00031962478533387184,0.5156887769699097
3206,33,93,1.0,1.0000532865524292,0,0,0.0,0.0,0.5,0.0004372021649032831,0.00015327183064073324,0.5166529417037964
3207,33,94,1.0,1.0001083612442017,0,0,0.0,0.0,0.5,0.0004020913038402796,0.0002936888486146927,0.5180684328079224
3208,33,95,1.0,1.0006189346313477,0,0,0.0,0.0,0.5,-3.0016526579856873e-06,0.00026327650994062424,0.5212411880493164
3209,33,96,1.0,1.000243067741394,0,0,0.0,0.0,0.5,0.00043711205944418907,0.00048253219574689865,0.5196077823638916
3210,34,0,1.0,0.9926974177360535,0,0,0.0,0.0,0.0,-0.004370150156319141,0.0034281585831195116,-0.0006234301254153252
3211,34,1,1.0,0.9921483397483826,0,0,0.0,0.0,0.0,-0.004638884216547012,0.0038782942574471235,-0.0038092578761279583
3212,34,2,1.0,0.9939159154891968,0,0,0.0,0.0,0.0,-0.006525271572172642,0.002210342325270176,-0.005305268336087465
3213,34,3,1.0,0.9940147399902344,0,0,0.0,0.0,0.0,-0.00658058375120163,0.0020726234652101994,-0.004721496719866991
3214,34,4,1.0,0.9972485303878784,0,0,0.0,0.0,0.0,-0.00798789132386446,0.0022863009944558144,-0.004420173354446888
3215,34,5,1.0,0.9972648024559021,0,0,0.0,0.0,0.0,-0.007967731915414333,0.002266346476972103,-0.004293470177799463
3216,34,6,1.0,0.9981440305709839,0,0,0.0,0.0,0.0,0.02489832043647766,-0.0011456605279818177,0.0030076466500759125
3217,34,7,1.0,0.9981375932693481,0,0,0.0,0.0,0.0,0.024936342611908913,-0.001152705866843462,0.003039740025997162
3218,34,8,1.0,0.9914692044258118,0,0,0.0,0.0,0.0,0.1297195702791214,-0.00014627008931711316,-0.005450176540762186
3219,34,9,1.0,0.9914674162864685,0,0,0.0,0.0,0.0,0.1297384649515152,-0.00014698883751407266,-0.005443625617772341
3220,34,10,1.0,0.9963617324829102,0,0,0.25,0.0,0.0,0.2439223676919937,-0.002153807319700718,-0.003462358843535185
3221,34,11,1.0,0.9882089495658875,0,0,0.25,0.0,0.0,0.2702704966068268,-0.0029831472784280777,-0.004370245151221752
3222,34,12,1.0,0.9863673448562622,0,0,0.25,0.0,0.0,0.2710946500301361,-0.00270826811902225,-0.005963502451777458
3223,34,13,1.0,0.9821284413337708,0,0,0.25,0.0,0.0,0.2743366062641144,-0.0019928007386624813,-0.004334235563874245
3224,34,14,1.0,0.982006847858429,0,0,0.25,0.0,0.0,0.2711843252182007,-0.0017274487763643265,-0.004274727310985327
3225,34,15,1.0,0.9812938570976257,0,0,0.25,0.0,0.0,0.2720605432987213,-0.0011259964667260647,-0.005763280671089888
3226,34,16,1.0,0.980429470539093,0,0,0.25,0.0,0.0,0.27366194128990173,-0.0004351723182480782,-0.006429397035390139
3227,34,17,1.0,0.9818063378334045,0,0,0.25,0.0,0.0,0.27279847860336304,0.0005574749084189534,-0.0053578754886984825
3228,34,18,1.0,0.9857387542724609,0,0,0.25,0.0,0.0,0.2713333070278168,0.00016216497169807553,-0.004730800166726112
3229,34,19,1.0,0.9897907376289368,0,0,0.25,0.0,0.0,0.2700483202934265,0.0004870303673669696,-0.001096466090530157
3230,34,20,1.0,0.992518961429596,0,0,0.25,0.0,0.0,0.2767569124698639,0.0005737219471484423,-0.00613024178892374
3231,34,21,1.0,0.998629629611969,0,0,0.25,0.0,0.0,0.27649107575416565,-0.0011887333821505308,-0.0004286244511604309
3232,34,22,1.0,0.9980975389480591,0,0,0.25,0.0,0.0,0.0737365111708641,-0.0031206829007714987,-0.01627790927886963
3233,34,23,1.0,0.9975171685218811,0,0,0.0,0.0,0.0,0.022943995893001556,-0.0017826977418735623,-0.01700127124786377
3234,34,24,1.0,0.9975892305374146,0,0,0.0,0.0,0.0,0.002461998723447323,-0.0013945808168500662,-0.006446581333875656
3235,34,25,1.0,0.995969831943512,0,0,0.0,0.0,0.0,-0.0018869973719120026,-0.002589278854429722,-0.0049015795812010765
3236,34,26,1.0,0.9960252046585083,0,0,0.0,0.0,0.0,-0.0030136965215206146,-0.0017678402364253998,-0.003821473103016615
3237,34,27,1.0,0.99656081199646,0,0,0.0,0.0,0.0,-0.002439523581415415,-0.001392177538946271,-0.005265098065137863
3238,34,28,1.0,1.004374623298645,0,0,0.0,0.0,0.0,0.00013242545537650585,-0.1454436331987381,-0.005449885036796331
3239,34,29,1.0,1.004537582397461,0,0,0.0,0.0,0.0,0.00010324083268642426,-0.14796182513237,-0.0059394845739007
3240,34,30,1.0,1.0026240348815918,0,0,0.0,-0.25,0.0,-0.000695164198987186,-0.26063641905784607,-0.011148192919790745
3241,34,31,1.0,0.9907658696174622,0,0,0.0,-0.25,0.0,0.00023827841505408287,-0.2756115794181824,-0.006998159922659397
3242,34,32,1.0,0.994712233543396,0,0,0.0,-0.25,0.0,-0.0001601208932697773,-0.2759352922439575,-0.004376159980893135
3243,34,33,1.0,0.9972954988479614,0,0,0.0,-0.25,0.0,-8.108140900731087e-05,-0.2733668088912964,-0.00863675307482481
3244,34,34,1.0,0.9989416003227234,0,0,0.0,-0.25,0.0,0.0002069047186523676,-0.27343040704727173,-0.010411207564175129
3245,34,35,1.0,0.9943529367446899,0,0,0.0,-0.25,0.0,0.0004616172518581152,-0.27554696798324585,-0.010562705807387829
3246,34,36,1.0,0.993062436580658,0,0,0.0,-0.25,0.0,0.0007697897963225842,-0.27507421374320984,-0.008015227504074574
3247,34,37,1.0,0.9951382279396057,0,0,0.0,-0.25,0.0,0.001635632710531354,-0.2763340473175049,-0.005666881799697876
3248,34,38,1.0,0.9980581998825073,0,0,0.0,-0.25,0.0,0.0005271914415061474,-0.2772943675518036,-0.006699013523757458
3249,34,39,1.0,0.9946913123130798,0,0,0.0,-0.25,0.0,-0.0001328708603978157,-0.27894195914268494,-0.0061901346780359745
3250,34,40,1.0,0.9996259212493896,0,0,0.0,-0.25,0.0,-0.001486763241700828,-0.2556472420692444,-0.006803180556744337
3251,34,41,1.0,0.9989840388298035,0,0,0.0,0.0,0.0,-0.0025061105843633413,-0.14305737614631653,-0.0024038339033722878
3252,34,42,1.0,1.0011823177337646,0,0,0.0,0.0,0.0,-0.0002160032745450735,-0.03756968677043915,-0.020486129447817802
3253,34,43,1.0,1.0004812479019165,0,0,0.0,0.0,0.0,-0.0001305567566305399,-0.009317600168287754,-0.011764773167669773
3254,34,44,1.0,1.0007129907608032,0,0,0.0,0.0,0.0,-4.892249125987291e-05,-0.002796367509290576,-0.005937629379332066
3255,34,45,1.0,1.0009602308273315,0,0,0.0,0.0,0.0,-0.00012835836969316006,-0.001594198402017355,-0.0059916237369179726
3256,34,46,1.0,1.005720615386963,0,0,0.0,0.0,0.0,0.0001492875162512064,-0.0026626153849065304,-0.02757652848958969
3257,34,47,1.0,1.0057188272476196,0,0,0.0,0.0,0.0,0.00014034612104296684,-0.002625766908749938,-0.0276458989828825
3258,34,48,1.0,1.0061326026916504,0,0,0.0,-0.25,0.0,0.0003396563697606325,-0.002725535538047552,-0.023585151880979538
3259,34,49,1.0,1.0077118873596191,0,0,0.0,0.0,0.0,0.0004287350457161665,-0.003713349811732769,-0.014593368396162987
3260,34,50,1.0,1.005605936050415,0,0,0.0,0.0,0.0,-5.4982141591608524e-05,-0.002172724809497595,0.0011472636833786964
3261,34,51,1.0,1.004760980606079,0,0,0.0,0.0,0.0,-0.00020350958220660686,-0.001344933407381177,-0.009724347852170467
3262,34,52,1.0,1.0086324214935303,0,0,0.0,0.0,0.0,0.00046405638568103313,-0.0009260697988793254,-0.17058682441711426
3263,34,53,1.0,1.0086679458618164,0,0,0.0,0.0,0.0,0.0004859650507569313,-0.0008645746856927872,-0.17065557837486267
3264,34,54,1.0,1.0080486536026,0,0,0.0,0.0,0.0,0.0006481742020696402,-0.001393596874549985,-0.24046002328395844
3265,34,55,1.0,1.0080406665802002,0,0,0.0,0.0,0.0,0.0006511022802442312,-0.0013806628994643688,-0.2406042218208313
3266,34,56,1.0,1.0076028108596802,0,0,0.0,0.0,0.0,0.0005603465251624584,-0.0014381689252331853,-0.2583363652229309
3267,34,57,1.0,1.0076000690460205,0,0,0.0,0.0,-0.5,0.0005613917019218206,-0.0014355811290442944,-0.2583908438682556
3268,34,58,1.0,0.9965553879737854,0,0,0.0,0.0,-0.5,-0.0008777335751801729,-0.0012309392914175987,-0.5407712459564209
3269,34,59,1.0,0.9962210059165955,0,0,0.0,0.0,-0.5,-0.0005271760746836662,-0.001324622891843319,-0.5348944664001465
3270,34,60,1.0,0.9991323351860046,0,0,0.0,0.0,-0.5,0.0002794160973280668,-0.0005978831322863698,-0.5043346285820007
3271,34,61,1.0,1.0023821592330933,0,0,0.0,0.0,-0.5,4.880456253886223e-05,-0.001437721773982048,-0.5103702545166016
3272,34,62,1.0,1.0026804208755493,0,0,0.0,0.0,-0.5,-0.00017530133482068777,-0.0015716415364295244,-0.5298014879226685
3273,34,63,1.0,1.007068395614624,0,0,0.0,0.0,-0.5,-0.0007438855245709419,-0.0011987718753516674,-0.5385580062866211
3274,34,64,1.0,1.0119667053222656,0,0,0.0,0.0,-0.5,0.0008338759653270245,-0.00152207154314965,-0.5430382490158081
3275,34,65,1.0,1.0160218477249146,0,0,0.0,0.0,-0.5,0.0014579780399799347,-0.002020556014031172,-0.5474761724472046
3276,34,66,1.0,1.0078668594360352,0,0,0.0,0.0,-0.5,0.0014573750086128712,-0.0017486839788034558,-0.5289977788925171
3277,34,67,1.0,1.0051826238632202,0,0,0.0,0.0,-0.5,0.0012323926202952862,-0.0017215537372976542,-0.5082120895385742
3278,34,68,1.0,0.9930645227432251,0,0,0.0,0.0,0.0,-0.00034874409902840853,-0.00048740458441898227,-0.20848818123340607
3279,34,69,1.0,0.9931207299232483,0,0,0.0,0.0,0.0,-0.0005414832849055529,-0.0005366435507312417,-0.18863268196582794
3280,34,70,1.0,1.900551438331604,0,1,0.0,0.0,0.0,0.0006238408386707306,-0.0004069108981639147,0.0054577430710196495
3281,34,71,1.0,1.902455449104309,0,1,0.0,0.0,0.0,0.0006060695741325617,-0.0004244804731570184,0.005470358766615391
3282,34,72,1.0,2.033308506011963,0,1,0.0,0.0,0.0,0.00029274122789502144,-0.000489664264023304,0.0033244220539927483
3283,34,73,2.0,2.03336763381958,1,1,0.0,0.0,0.0,0.00028990418650209904,-0.0004906656686216593,0.0033114776015281677
3284,34,74,2.0,2.0406370162963867,1,1,0.0,0.0,0.0,0.0010642390698194504,-0.0003360595437698066,0.0005434053018689156
3285,34,75,2.0,2.0393176078796387,1,1,0.0,0.0,0.0,0.00047145457938313484,-0.0001469842973165214,0.001953468658030033
3286,34,76,2.0,2.0421535968780518,1,1,0.0,0.0,0.0,0.0001570794265717268,0.00017608643975108862,0.007266271859407425
3287,34,77,2.0,2.0423645973205566,1,1,0.0,0.0,0.0,3.0102673918008804e-05,0.00016727729234844446,0.006966378539800644
3288,34,78,2.0,2.0395736694335938,1,1,0.0,0.0,0.0,-2.366560511291027e-05,-0.000496892724186182,0.010566957294940948
3289,34,79,2.0,2.03153920173645,1,1,0.0,0.0,0.0,0.00034704944118857384,-0.0004661350976675749,0.009400282055139542
3290,34,80,1.0,1.5519824028015137,0,1,0.0,0.0,0.0,0.0012691947631537914,-0.0017414211761206388,-0.027771318331360817
3291,34,81,1.0,1.056060791015625,0,0,0.0,0.0,0.0,0.001384509727358818,-0.00175832724198699,0.031230732798576355
3292,34,82,1.0,0.9848988652229309,0,0,0.0,0.0,0.0,-0.00030199799221009016,0.0008930074982345104,0.4434652626514435
3293,34,83,1.0,0.9837262630462646,0,0,0.0,0.0,0.0,-0.0005807004636153579,0.000998067669570446,0.45515066385269165
3294,34,84,1.0,0.9912574291229248,0,0,0.0,0.0,0.0,-0.00011179945431649685,0.0004511617589741945,0.5123738050460815
3295,34,85,1.0,0.9921689629554749,0,0,0.0,0.0,0.0,-0.00022114056628197432,0.0001799801830202341,0.5147069692611694
3296,34,86,1.0,0.991363525390625,0,0,0.0,0.0,0.5,-3.7797726690769196e-05,0.0005620408337563276,0.511743426322937
3297,34,87,1.0,1.0017927885055542,0,0,0.0,0.0,0.5,0.0005134635139256716,-2.195098204538226e-05,0.5180046558380127
3298,34,88,1.0,0.9979141354560852,0,0,0.0,0.0,0.5,0.00020123389549553394,0.0005536588141694665,0.5164691209793091
3299,34,89,1.0,1.0007010698318481,0,0,0.0,0.0,0.5,0.00036596949212253094,0.0003366575692780316,0.5161134004592896
3300,34,90,1.0,0.999921977519989,0,0,0.0,0.0,0.5,0.0004284048918634653,-2.5937508326023817e-05,0.5171964168548584
3301,34,91,1.0,0.9996588230133057,0,0,0.0,0.0,0.5,-0.00010538345668464899,1.3105454854667187e-06,0.5177692174911499
3302,34,92,1.0,0.9997028112411499,0,0,0.0,0.0,0.5,4.259520210325718e-05,0.00046606920659542084,0.5168455839157104
3303,34,93,1.0,1.000543236732483,0,0,0.0,0.0,0.5,0.00012589083053171635,0.00010765815386548638,0.515410304069519
3304,34,94,1.0,0.9984758496284485,0,0,0.0,0.0,0.5,0.00033612153492867947,0.00026037119096145034,0.5172282457351685
3305,34,95,1.0,0.9962490797042847,0,0,0.0,0.0,0.5,0.0001098171342164278,0.00013467628741636872,0.5173287391662598
3306,35,0,1.0,0.9925092458724976,0,0,0.0,0.0,0.0,-0.0033127639908343554,0.00024934939574450254,0.0026733847334980965
3307,35,1,1.0,0.9922855496406555,0,0,0.0,0.0,0.0,-0.003998915199190378,0.0010919141350314021,-0.0016589979641139507
3308,35,2,1.0,0.9920883178710938,0,0,0.0,0.0,0.0,-0.00599397299811244,0.0003246114938519895,0.0027612941339612007
3309,35,3,1.0,0.9919996857643127,0,0,0.0,0.0,0.0,-0.006108970381319523,6.832549115642905e-05,0.0033041294664144516
3310,35,4,1.0,0.9924459457397461,0,0,0.0,0.0,0.0,-0.008756509982049465,-0.00016611357568763196,-0.0035190037451684475
3311,35,5,1.0,0.9924350380897522,0,0,0.0,0.0,0.0,-0.00873416569083929,-0.00018634097068570554,-0.003344462253153324
3312,35,6,1.0,0.9943112134933472,0,0,0.0,0.0,0.0,-0.00011765374802052975,-0.0007805463392287493,-0.0003781113773584366
3313,35,7,1.0,0.9943089485168457,0,0,0.0,0.0,0.0,-9.517115540802479e-05,-0.000789684010669589,-0.00033592525869607925
3314,35,8,1.0,0.9918155074119568,0,0,0.0,0.0,0.0,0.05903049558401108,-0.003139341017231345,-0.0030845426954329014
3315,35,9,1.0,0.9918127655982971,0,0,0.0,0.0,0.0,0.05905408784747124,-0.003140414133667946,-0.0030763614922761917
3316,35,10,1.0,0.9922056198120117,0,0,0.25,0.0,0.0,0.22855858504772186,-0.0015077329007908702,-0.006271287798881531
3317,35,11,1.0,0.9866265654563904,0,0,0.25,0.0,0.0,0.27029263973236084,-0.0010313736274838448,-0.00657053105533123
3318,35,12,1.0,0.9841580390930176,0,0,0.25,0.0,0.0,0.27132633328437805,-0.0008516450179740787,-0.0044910479336977005
3319,35,13,1.0,0.9851297736167908,0,0,0.25,0.0,0.0,0.27413973212242126,-0.0014509449247270823,-0.005400457419455051
3320,35,14,1.0,0.9836968183517456,0,0,0.25,0.0,0.0,0.27202150225639343,-0.002075556665658951,-0.0026456923224031925
3321,35,15,1.0,0.9843873381614685,0,0,0.25,0.0,0.0,0.27106061577796936,-0.002280721440911293,-0.005369952414184809
3322,35,16,1.0,0.9871854186058044,0,0,0.25,0.0,0.0,0.26934781670570374,-0.002438151277601719,-0.0031835497356951237
3323,35,17,1.0,0.9960022568702698,0,0,0.25,0.0,0.0,0.2659812569618225,-0.002556783379986882,-0.004090246744453907
3324,35,18,1.0,1.0098305940628052,0,0,0.25,0.0,0.0,0.26654353737831116,-0.002811726648360491,-0.0075413817539811134
3325,35,19,1.0,1.0292384624481201,0,0,0.25,0.0,0.0,0.26459717750549316,-0.002704519545659423,-0.010302627459168434
3326,35,20,1.0,1.0068063735961914,0,0,0.25,0.0,0.0,0.26900020241737366,-0.0028763588052242994,-0.013761995360255241
3327,35,21,1.0,0.9900535345077515,0,0,0.25,0.0,0.0,0.2678113579750061,-0.0009303911356255412,-0.019808340817689896
3328,35,22,1.0,0.9913467168807983,0,0,0.0,0.0,0.0,0.14278575778007507,0.001962792593985796,-0.004860804416239262
3329,35,23,1.0,1.00021493434906,0,0,0.0,0.0,0.0,0.028721792623400688,0.0019880656618624926,-0.0029044225811958313
3330,35,24,1.0,0.9972891807556152,0,0,0.0,0.0,0.0,-0.0009919436415657401,0.0007370202802121639,-0.00477216299623251
3331,35,25,1.0,0.9943150281906128,0,0,0.0,0.0,0.0,-0.007201539818197489,-0.0008100603590719402,-0.006810992024838924
3332,35,26,1.0,0.9929683804512024,0,0,0.0,0.0,0.0,0.00411046901717782,0.16081543266773224,-0.010785825550556183
3333,35,27,1.0,0.9932070374488831,0,0,0.0,0.0,0.0,0.003817289136350155,0.1696300506591797,-0.011111961677670479
3334,35,28,1.0,0.9956909418106079,0,0,0.0,0.0,0.0,0.0016924154479056597,0.2524483799934387,-0.00537017360329628
3335,35,29,1.0,0.9956466555595398,0,0,0.0,0.25,0.0,0.001668088836595416,0.25270020961761475,-0.005393659695982933
3336,35,30,1.0,0.9941142201423645,0,0,0.0,0.25,0.0,-0.00017427292186766863,0.2650042474269867,-0.011328552849590778
3337,35,31,1.0,0.9924145936965942,0,0,0.0,0.25,0.0,0.00013330182991921902,0.26433834433555603,-0.011009135283529758
3338,35,32,1.0,0.9907616972923279,0,0,0.0,0.25,0.0,0.0005790786817669868,0.2685648500919342,-0.008145591244101524
3339,35,33,1.0,0.9881986379623413,0,0,0.0,0.25,0.0,0.0009737864602357149,0.2714551091194153,-0.0045836023055016994
3340,35,34,1.0,0.9914596080780029,0,0,0.0,0.25,0.0,0.0011006384156644344,0.27229073643684387,-0.0032649883069097996
3341,35,35,1.0,0.9940661191940308,0,0,0.0,0.25,0.0,0.0004455030430108309,0.2725898027420044,-0.0002478519454598427
3342,35,36,1.0,0.9909666180610657,0,0,0.0,0.25,0.0,0.0011451158206909895,0.27156132459640503,-0.00464479299262166
3343,35,37,1.0,0.9887751340866089,0,0,0.0,0.25,0.0,0.0021713669411838055,0.2683933675289154,-0.0020923400297760963
3344,35,38,1.0,0.9860489964485168,0,0,0.0,0.25,0.0,0.0021106787025928497,0.2590010464191437,0.00546630471944809
3345,35,39,1.0,0.9913558959960938,0,0,0.0,0.25,0.0,0.002834741026163101,0.1760081946849823,0.006227223202586174
3346,35,40,1.0,1.0029715299606323,0,0,0.0,0.25,0.0,0.0006647412665188313,0.007960120216012001,-0.0029921350069344044
3347,35,41,1.0,1.0041817426681519,0,0,0.0,0.0,0.0,0.0013985966797918081,0.000946994754485786,-0.010418425314128399
3348,35,42,1.0,1.0033140182495117,0,0,0.0,0.0,0.0,0.00030261813662946224,0.00012572389096021652,0.014572622254490852
3349,35,43,1.0,1.0042229890823364,0,0,0.0,0.0,0.0,0.00014765141531825066,-0.0012886276235803962,0.02229788340628147
3350,35,44,1.0,1.0082834959030151,0,0,0.0,0.0,0.0,0.0007107285782694817,-7.93241779319942e-05,-0.13678403198719025
3351,35,45,1.0,1.0082299709320068,0,0,0.0,0.0,0.0,0.0007021913770586252,-0.00014786553219892085,-0.13957712054252625
3352,35,46,1.0,1.0083446502685547,0,0,0.0,0.0,0.0,0.0004098215140402317,-0.0005960729322396219,-0.19895616173744202
3353,35,47,1.0,1.0083235502243042,0,0,0.0,0.0,0.0,0.0004101137164980173,-0.000611203140579164,-0.199173241853714
3354,35,48,1.0,1.0084600448608398,0,0,0.0,0.0,-0.5,0.0004936861805617809,-0.0007320281583815813,-0.23659716546535492
3355,35,49,1.0,0.9975486397743225,0,0,0.0,0.0,-0.5,-0.0008760294876992702,-0.00021344638662412763,-0.544919490814209
3356,35,50,1.0,0.9964519143104553,0,0,0.0,0.0,-0.5,-0.0003403503214940429,-0.0012462972663342953,-0.528508186340332
3357,35,51,1.0,0.995631992816925,0,0,0.0,0.0,-0.5,0.00011613359674811363,-0.001193128526210785,-0.5207796096801758
3358,35,52,1.0,0.9966942071914673,0,0,0.0,0.0,-0.5,9.927921928465366e-05,-0.0007726973854005337,-0.5132143497467041
3359,35,53,1.0,0.9982020258903503,0,0,0.0,0.0,-0.5,6.975512951612473e-05,-0.0011705690994858742,-0.5238057374954224
3360,35,54,1.0,0.9994500875473022,0,0,0.0,0.0,-0.5,-0.0008411026792600751,-0.0013661666307598352,-0.5333701372146606
3361,35,55,1.0,1.0097709894180298,0,0,0.0,0.0,-0.5,-0.00033580861054360867,-0.000898717378731817,-0.5406520366668701
3362,35,56,1.0,1.0162062644958496,0,0,0.0,0.0,-0.5,0.0010877135209739208,-0.0007979064248502254,-0.5542131662368774
3363,35,57,1.0,1.0158880949020386,0,0,0.0,0.0,-0.5,0.0012430115602910519,-0.0007878633332438767,-0.5502270460128784
3364,35,58,1.0,1.0055118799209595,0,0,0.0,0.0,-0.5,0.0006845218595117331,0.0017635244876146317,-0.32598674297332764
3365,35,59,1.0,1.00509512424469,0,0,0.0,0.0,-0.5,0.0006225213874131441,0.0018208730034530163,-0.26922351121902466
3366,35,60,1.0,1.8053054809570312,0,1,0.0,0.0,0.0,0.0007649369072169065,0.000363275408744812,0.008617980405688286
3367,35,61,1.0,1.8079042434692383,0,1,0.0,0.0,0.0,0.0007444324437528849,0.0003450247459113598,0.008562643080949783
3368,35,62,1.0,2.0310754776000977,0,1,0.0,0.0,0.0,-0.00013397936709225178,-0.00011392025044187903,0.0014207810163497925
3369,35,63,1.0,2.0311167240142822,0,1,0.0,0.0,0.0,-0.0001318599097430706,-0.00012011884246021509,0.0014132698997855186
3370,35,64,2.0,2.037015199661255,1,1,0.0,0.0,0.0,-0.00022186711430549622,-8.420832455158234e-05,0.0021975524723529816
3371,35,65,2.0,2.039454698562622,1,1,0.0,0.0,0.0,0.0005288554821163416,-0.0005170307704247534,0.0003294544294476509
3372,35,66,2.0,2.0389537811279297,1,1,0.0,0.0,0.0,0.00045716017484664917,-0.0003249610308557749,0.0020531993359327316
3373,35,67,2.0,2.039257287979126,1,1,0.0,0.0,0.0,2.4709152057766914e-05,-0.0007117725908756256,0.006406932137906551
3374,35,68,2.0,2.040026903152466,1,1,0.0,0.0,0.0,-0.00020647177007049322,-0.0006854641251266003,0.006476989947259426
3375,35,69,2.0,2.0395593643188477,1,1,0.0,0.0,0.0,-0.0002352971350774169,-0.0007247921894304454,0.007016072049736977
3376,35,70,2.0,2.0415830612182617,1,1,0.0,0.0,0.0,-0.0006101675098761916,-0.0004761704185511917,0.007734553888440132
3377,35,71,1.0,2.042499303817749,0,1,0.0,0.0,0.0,-0.00039985449984669685,-0.0006044235778972507,0.005994267761707306
3378,35,72,1.0,1.9518648386001587,0,1,0.0,0.0,0.0,8.807843551039696e-05,-0.0002379859215579927,-0.0034019039012491703
3379,35,73,1.0,1.0327610969543457,0,0,0.0,0.0,0.0,0.0017720055766403675,-0.000604641274549067,0.2305491417646408
3380,35,74,1.0,0.9843979477882385,0,0,0.0,0.0,0.0,-0.000152700231410563,0.000178001937456429,0.4652954041957855
3381,35,75,1.0,0.984279453754425,0,0,0.0,0.0,0.0,-0.0001670994097366929,-5.376903573051095e-05,0.46590790152549744
3382,35,76,1.0,0.9867556095123291,0,0,0.0,0.0,0.0,-0.00033493945375084877,-7.132324390113354e-05,0.48375916481018066
3383,35,77,1.0,0.9862097501754761,0,0,0.0,0.0,0.5,0.0002489753533154726,5.601497832685709e-06,0.4447956383228302
3384,35,78,1.0,1.0002937316894531,0,0,0.0,0.0,0.5,7.876590825617313e-05,-0.00014066288713365793,0.5182603597640991
3385,35,79,1.0,0.9993926286697388,0,0,0.0,0.0,0.5,-0.0002089564222842455,-0.0003944053896702826,0.5179545879364014
3386,35,80,1.0,0.9995948672294617,0,0,0.0,0.0,0.5,0.00023645348846912384,0.0001448154216632247,0.5168015956878662
3387,35,81,1.0,0.9993260502815247,0,0,0.0,0.0,0.5,-0.00021788175217807293,0.00017785385716706514,0.5155298709869385
3388,35,82,1.0,0.9993181228637695,0,0,0.0,0.0,0.5,-6.629619747400284e-05,-2.2786553017795086e-05,0.5180574655532837
3389,35,83,1.0,0.9988802671432495,0,0,0.0,0.0,0.5,-0.0001311558298766613,-0.00026047174469567835,0.5169168710708618
3390,35,84,1.0,0.9985270500183105,0,0,0.0,0.0,0.5,-0.00029652146622538567,-0.00013087975094094872,0.5189539194107056
3391,35,85,1.0,0.9966027736663818,0,0,0.0,0.0,0.5,3.829505294561386e-05,-0.0001555441995151341,0.5172488689422607
3392,35,86,1.0,0.997128963470459,0,0,0.0,0.0,0.5,3.841589204967022e-05,4.574866034090519e-05,0.5212687253952026
3393,36,0,1.0,0.991590678691864,0,0,0.0,0.0,0.0,0.0017705196514725685,0.002465573837980628,0.003766324371099472
3394,36,1,1.0,0.9924318790435791,0,0,0.0,0.0,0.0,0.0015410506166517735,0.002598943654447794,0.001963771879673004
3395,36,2,1.0,0.9932329654693604,0,0,0.0,0.0,0.0,0.0013925565872341394,0.0035512049216777086,0.0029324889183044434
3396,36,3,1.0,0.9932668209075928,0,0,0.0,0.0,0.0,0.0014271377585828304,0.0034878633450716734,0.003688679076731205
3397,36,4,1.0,0.9949416518211365,0,0,0.0,0.0,0.0,0.002459237352013588,0.0026740531902760267,-0.010853910818696022
3398,36,5,1.0,0.9949703812599182,0,0,0.0,0.0,0.0,0.0024736630730330944,0.002674211747944355,-0.010638240724802017
3399,36,6,1.0,0.9957998991012573,0,0,0.0,0.0,0.0,-0.016640910878777504,-0.0009801057167351246,-0.011820713989436626
3400,36,7,1.0,0.9958063364028931,0,0,0.0,0.0,0.0,-0.016611356288194656,-0.0009842182043939829,-0.011771502904593945
3401,36,8,1.0,0.9959110021591187,0,0,-0.25,0.0,0.0,-0.18710872530937195,-0.0025987320113927126,-0.014829181134700775
3402,36,9,1.0,0.9835439324378967,0,0,-0.25,0.0,0.0,-0.2591990530490875,-0.0001441657659597695,-0.009483595378696918
3403,36,10,1.0,0.9776279330253601,0,0,-0.25,0.0,0.0,-0.2731342017650604,-0.00010706274770200253,-0.007301631383597851
3404,36,11,1.0,0.9745655655860901,0,0,-0.25,0.0,0.0,-0.27480775117874146,-0.0005000279052183032,-0.006082986015826464
3405,36,12,1.0,0.9748758673667908,0,0,-0.25,0.0,0.0,-0.27451592683792114,-0.00045808975119143724,-0.005381631664931774
3406,36,13,1.0,0.9758894443511963,0,0,-0.25,0.0,0.0,-0.2725263833999634,-2.7797999791800976e-05,-0.004917052108794451
3407,36,14,1.0,0.9756603240966797,0,0,-0.25,0.0,0.0,-0.2720681130886078,0.00012578460155054927,-0.0034119910560548306
3408,36,15,1.0,0.9793049097061157,0,0,-0.25,0.0,0.0,-0.2686827778816223,0.0015434101223945618,-0.0033620023168623447
3409,36,16,1.0,0.9781120419502258,0,0,-0.25,0.0,0.0,-0.2734965980052948,0.0014944870490580797,-0.005140134133398533
3410,36,17,1.0,0.9814493060112,0,0,-0.25,0.0,0.0,-0.2744450271129608,0.00041618815157562494,-0.00814991258084774
3411,36,18,1.0,0.9828246235847473,0,0,-0.25,0.0,0.0,-0.2790125012397766,0.0016608256846666336,-0.013101570308208466
3412,36,19,1.0,0.982750654220581,0,0,-0.25,0.0,0.0,-0.2847045361995697,0.0004871760029345751,-0.013932449743151665
3413,36,20,1.0,0.985894501209259,0,0,-0.25,0.0,0.0,-0.279972642660141,-0.0002983696467708796,-0.014554796740412712
3414,36,21,1.0,0.9912875890731812,0,0,-0.25,0.0,0.0,-0.21807177364826202,-0.0005447969306260347,-0.015461253002285957
3415,36,22,1.0,0.9950779676437378,0,0,0.0,0.0,0.0,-0.008281481452286243,0.0006758144591003656,-0.016146548092365265
3416,36,23,1.0,0.9940339922904968,0,0,0.0,0.0,0.0,0.0011940647382289171,0.0007827706867828965,-0.01740412972867489
3417,36,24,1.0,0.9966914653778076,0,0,0.0,0.0,0.0,0.005314982496201992,-0.0001681633002590388,-0.009298983961343765
3418,36,25,1.0,0.9969638586044312,0,0,0.0,0.0,0.0,0.006091101560741663,-0.00021647027460858226,-0.011226332746446133
3419,36,26,1.0,0.9979583024978638,0,0,0.0,0.0,0.0,0.0012906084302812815,-0.08775587379932404,-0.0032335007563233376
3420,36,27,1.0,0.9980076551437378,0,0,0.0,0.0,0.0,0.0013544282410293818,-0.08844204992055893,-0.003302084282040596
3421,36,28,1.0,0.9954994916915894,0,0,0.0,-0.25,0.0,-0.00018189824186265469,-0.2438109815120697,-0.008806564845144749
3422,36,29,1.0,0.9860462546348572,0,0,0.0,-0.25,0.0,0.0008665730711072683,-0.2681069076061249,-0.004803753923624754
3423,36,30,1.0,0.987082839012146,0,0,0.0,-0.25,0.0,0.0013399086892604828,-0.2748025059700012,-0.006372676696628332
3424,36,31,1.0,0.9880415201187134,0,0,0.0,-0.25,0.0,0.000617913668975234,-0.2752639949321747,-0.005137830041348934
3425,36,32,1.0,0.9901745915412903,0,0,0.0,-0.25,0.0,1.3296026736497879e-05,-0.2758260667324066,-0.0038307425566017628
3426,36,33,1.0,0.9933487772941589,0,0,0.0,-0.25,0.0,-0.000449836952611804,-0.2753756642341614,-0.00427562789991498
3427,36,34,1.0,0.9955493807792664,0,0,0.0,-0.25,0.0,-0.0006609639385715127,-0.2734183073043823,-0.007262279745191336
3428,36,35,1.0,0.9953057765960693,0,0,0.0,-0.25,0.0,0.0015264370013028383,-0.2741548418998718,-0.008023334667086601
3429,36,36,1.0,0.9929486513137817,0,0,0.0,-0.25,0.0,0.0020434819161891937,-0.2777140736579895,-0.009225983172655106
3430,36,37,1.0,0.9943730235099792,0,0,0.0,-0.25,0.0,0.0009011954534798861,-0.2778017222881317,-0.007650866638869047
3431,36,38,1.0,0.9999812245368958,0,0,0.0,0.0,0.0,-0.0023187429178506136,-0.17641016840934753,-0.01473609171807766
3432,36,39,1.0,1.0038498640060425,0,0,0.0,0.0,0.0,-0.001421670545823872,-0.02703845128417015,-0.005177516024559736
3433,36,40,1.0,1.0031906366348267,0,0,0.0,0.0,0.0,-0.0008029852760955691,-0.0028871388640254736,-0.007840185426175594
3434,36,41,1.0,1.002210021018982,0,0,0.0,0.0,0.0,-0.0006471613887697458,-0.0010083261877298355,-0.007303157821297646
3435,36,42,1.0,0.9983331561088562,0,0,0.0,0.0,0.0,-0.0004722526064142585,-0.0015894490061327815,-0.0015989402309060097
3436,36,43,1.0,0.998386561870575,0,0,0.0,0.0,0.0,-0.0004889614647254348,-0.0013265744782984257,-0.0015412033535540104
3437,36,44,1.0,0.9985287189483643,0,0,0.0,0.0,0.0,-0.0004567742580547929,-0.0012335180072113872,0.0038515636697411537
3438,36,45,1.0,0.998538613319397,0,0,0.0,-0.25,0.0,-0.00046186591498553753,-0.001186049310490489,0.003853708505630493
3439,36,46,1.0,0.9964947700500488,0,0,0.0,0.0,0.0,-2.7042115107178688e-05,-0.010267229750752449,0.0019297925755381584
3440,36,47,1.0,1.0003066062927246,0,0,0.0,0.0,0.0,6.115483120083809e-05,-0.0024345992133021355,0.009572334587574005
3441,36,48,1.0,0.9974664449691772,0,0,0.0,0.0,0.0,-0.00045044696889817715,-0.003139202017337084,0.004454907029867172
3442,36,49,1.0,0.9974713325500488,0,0,0.0,0.0,0.0,-0.0005113334627822042,-0.0020944615826010704,0.005006326362490654
3443,36,50,1.0,0.9991965293884277,0,0,0.0,0.0,0.0,-0.0001669359626248479,-0.0015770376194268465,-0.013203151524066925
3444,36,51,1.0,0.9992014169692993,0,0,0.0,0.0,0.0,-0.00016382511239498854,-0.0015283471439033747,-0.013393876142799854
3445,36,52,1.0,1.0008472204208374,0,0,0.0,0.0,0.0,0.00014260108582675457,-0.0016790624940767884,-0.025766102597117424
3446,36,53,1.0,1.0008461475372314,0,0,0.0,0.0,-0.5,0.0001431480050086975,-0.001671686302870512,-0.025826256722211838
3447,36,54,1.0,0.9974072575569153,0,0,0.0,0.0,-0.5,-0.001303954515606165,-0.0005797170451842248,-0.5462255477905273
3448,36,55,1.0,0.9974594712257385,0,0,0.0,0.0,-0.5,-0.0008275066502392292,-0.0002520844282116741,-0.5372495651245117
3449,36,56,1.0,0.997650682926178,0,0,0.0,0.0,-0.5,-0.0011903028935194016,-0.0012060324661433697,-0.5313502550125122
3450,36,57,1.0,0.9970534443855286,0,0,0.0,0.0,-0.5,-0.0009009228087961674,-0.0009241977822966874,-0.5219924449920654
3451,36,58,1.0,0.9980916380882263,0,0,0.0,0.0,-0.5,-0.00031480705365538597,-0.0010516245383769274,-0.5260069370269775
3452,36,59,1.0,1.00074303150177,0,0,0.0,0.0,-0.5,0.00013013440184295177,-0.0008853095350787044,-0.5226758718490601
3453,36,60,1.0,1.0027265548706055,0,0,0.0,0.0,-0.5,-1.9301660358905792e-06,-0.00029051583260297775,-0.541841983795166
3454,36,61,1.0,1.007447600364685,0,0,0.0,0.0,-0.5,7.781782187521458e-05,0.0003434523823671043,-0.5498228073120117
3455,36,62,1.0,1.0114209651947021,0,0,0.0,0.0,-0.5,0.0001580989919602871,0.00012220704229548573,-0.5586609840393066
3456,36,63,1.0,1.0090985298156738,0,0,0.0,0.0,-0.5,0.0004290989600121975,7.420615293085575e-05,-0.5564041137695312
3457,36,64,1.0,1.0029802322387695,0,0,0.0,0.0,-0.5,0.0012996881268918514,0.00020583928562700748,-0.1729666292667389
3458,36,65,1.0,1.0029505491256714,0,0,0.0,0.0,0.0,0.0009696332272142172,-6.436876719817519e-05,-0.11260924488306046
3459,36,66,1.0,1.21224844455719,0,0,0.0,0.0,0.0,0.0013124379329383373,-0.0010569082805886865,0.03609320521354675
3460,36,67,1.0,1.217006802558899,0,0,0.0,0.0,0.0,0.0012725137639790773,-0.0009598078904673457,0.03712517395615578
3461,36,68,1.0,1.9220834970474243,0,1,0.0,0.0,0.0,0.000963438767939806,-0.0005051148473285139,0.005810555070638657
3462,36,69,2.0,1.9229121208190918,1,1,0.0,0.0,0.0,0.0009491054806858301,-0.00048651621909812093,0.005798790603876114
3463,36,70,2.0,2.0388994216918945,1,1,0.0,0.0,0.0,0.0005548580083996058,-0.0002570878714323044,0.0004861624911427498
3464,36,71,2.0,2.038393020629883,1,1,0.0,0.0,0.0,0.0006532869301736355,-0.0008874144405126572,-0.000774802640080452
3465,36,72,2.0,2.0368008613586426,1,1,0.0,0.0,0.0,-0.0003906011115759611,-0.0011905706487596035,-6.91097229719162e-05
3466,36,73,2.0,2.0390233993530273,1,1,0.0,0.0,0.0,-0.00019458564929664135,0.000558953732252121,0.008137505501508713
3467,36,74,2.0,2.0390830039978027,1,1,0.0,0.0,0.0,0.0002774256281554699,-7.433793507516384e-05,0.0057670315727591515
3468,36,75,2.0,2.038902997970581,1,1,0.0,0.0,0.0,0.00048027350567281246,-0.00015943357720971107,0.005865498445928097
3469,36,76,2.0,2.0421721935272217,1,1,0.0,0.0,0.0,-0.00018166983500123024,-0.00024973374092951417,0.0076002515852451324
3470,36,77,2.0,2.044830560684204,1,1,0.0,0.0,0.0,0.00016066385433077812,-0.0011441961396485567,0.006362195126712322
3471,36,78,2.0,1.9869823455810547,1,1,0.0,0.0,0.0,-0.0011634544935077429,0.00042605551425367594,-0.00585536751896143
3472,36,79,1.0,1.937159538269043,0,1,0.0,0.0,0.0,-0.001308769453316927,0.0004696265095844865,-0.002273725811392069
3473,36,80,1.0,1.1085686683654785,0,0,0.0,0.0,0.0,4.880293272435665e-05,-0.001623513177037239,0.3251940906047821
3474,36,81,1.0,2.0428452491760254,0,1,0.0,0.0,0.0,-0.0005883084377273917,0.0007659342372789979,0.002458450384438038
3475,36,82,1.0,0.9865712523460388,0,0,0.0,0.0,0.0,-0.0008112498326227069,-0.0007746184710413218,0.4595127999782562
3476,36,83,1.0,0.9935379028320312,0,0,0.0,0.0,0.0,-0.0003233380848541856,-0.0005871760076843202,0.51888108253479
3477,36,84,1.0,1.0051019191741943,0,0,0.0,0.0,0.5,-0.0014753560535609722,-0.0009606522507965565,0.44172385334968567
3478,36,85,1.0,1.1426992416381836,0,0,0.0,0.0,0.5,0.0008145107422024012,0.0005640068557113409,0.3161388635635376
3479,36,86,1.0,0.9958425760269165,0,0,0.0,0.0,0.5,-0.00014279235620051622,-0.0003907633072230965,0.5182852745056152
3480,36,87,1.0,1.0003092288970947,0,0,0.0,0.0,0.5,-0.0001220188569277525,-0.0003060869930777699,0.5177823305130005
3481,36,88,1.0,0.9984157681465149,0,0,0.0,0.0,0.5,-4.3649342842400074e-05,0.0002310092095285654,0.5176076889038086
3482,36,89,1.0,0.9978346824645996,0,0,0.0,0.0,0.5,3.9326027035713196e-05,-0.0004550309095066041,0.516714334487915
3483,36,90,1.0,0.9992242455482483,0,0,0.0,0.0,0.5,0.00038448465056717396,-4.778278525918722e-05,0.518890380859375
3484,36,91,1.0,0.9989039897918701,0,0,0.0,0.0,0.5,0.00044695427641272545,-0.00030705693643540144,0.519629955291748
3485,36,92,1.0,0.999135434627533,0,0,0.0,0.0,0.5,0.0003551142290234566,-0.0002458176459185779,0.5168644189834595
3486,36,93,1.0,0.9981887936592102,0,0,0.0,0.0,0.5,0.00043397024273872375,-0.00018661521608009934,0.517819881439209
3487,37,0,1.0,0.994213879108429,0,0,0.0,0.0,0.0,0.00259140832349658,0.00015126127982512116,0.0031847087666392326
3488,37,1,1.0,0.9936330914497375,0,0,0.0,0.0,0.0,0.0027757356874644756,0.0001166745787486434,5.9903599321842194e-05
3489,37,2,1.0,0.99556565284729,0,0,0.0,0.0,0.0,0.0037417798303067684,0.0012937153223901987,0.0019115004688501358
3490,37,3,1.0,0.995684802532196,0,0,0.0,0.0,0.0,0.0037833270616829395,0.001195280347019434,0.002537504769861698
3491,37,4,1.0,0.9971722364425659,0,0,0.0,0.0,0.0,0.005099788308143616,0.0016873434651643038,-0.011278131976723671
3492,37,5,1.0,0.9972113370895386,0,0,0.0,0.0,0.0,0.005117546301335096,0.0016602876130491495,-0.011129576712846756
3493,37,6,1.0,1.0010405778884888,0,0,0.0,0.0,0.0,-0.029220109805464745,0.001375644700601697,-0.011146177537739277
3494,37,7,1.0,1.0010496377944946,0,0,0.0,0.0,0.0,-0.029174432158470154,0.0013700425624847412,-0.011107238009572029
3495,37,8,1.0,1.0008639097213745,0,0,0.0,0.0,0.0,-0.04735768213868141,0.00030456442618742585,-0.014296481385827065
3496,37,9,1.0,1.0008654594421387,0,0,0.0,0.0,0.0,-0.047346148639917374,0.00030324910767376423,-0.014285357668995857
3497,37,10,1.0,0.9987185597419739,0,0,0.0,0.0,0.0,-0.1158117949962616,-0.0008922703564167023,-0.016809668391942978
3498,37,11,1.0,0.9987192749977112,0,0,-0.25,0.0,0.0,-0.11580778658390045,-0.0008924757712520659,-0.016807053238153458
3499,37,12,1.0,0.9801281094551086,0,0,-0.25,0.0,0.0,-0.2696516811847687,0.0013860426843166351,-0.011303910054266453
3500,37,13,1.0,0.9762998223304749,0,0,-0.25,0.0,0.0,-0.2735157310962677,0.0009622186189517379,-0.008468804880976677
3501,37,14,1.0,0.9746327996253967,0,0,-0.25,0.0,0.0,-0.2745685577392578,0.0004472393775358796,-0.007461712695658207
3502,37,15,1.0,0.9740885496139526,0,0,-0.25,0.0,0.0,-0.27460068464279175,-0.000725084450095892,-0.006718614138662815
3503,37,16,1.0,0.9758689999580383,0,0,-0.25,0.0,0.0,-0.27418026328086853,-0.0006238381029106677,-0.0071340445429086685
3504,37,17,1.0,0.9781395792961121,0,0,-0.25,0.0,0.0,-0.2708238363265991,-0.0011662265751510859,-0.006294348277151585
3505,37,18,1.0,0.9831976890563965,0,0,-0.25,0.0,0.0,-0.26998576521873474,-0.0016776028787717223,-0.009579209610819817
3506,37,19,1.0,0.9910376071929932,0,0,-0.25,0.0,0.0,-0.2703184485435486,-0.0005868260632269084,-0.013577219098806381
3507,37,20,1.0,0.9956580996513367,0,0,-0.25,0.0,0.0,-0.27190595865249634,-0.0007751903031021357,-0.019024644047021866
3508,37,21,1.0,1.0073508024215698,0,0,-0.25,0.0,0.0,-0.27475839853286743,0.0001856101443991065,-0.025210339576005936
3509,37,22,1.0,1.0040743350982666,0,0,-0.25,0.0,0.0,-0.2808043658733368,0.0012424890883266926,-0.027604902163147926
3510,37,23,1.0,0.9890727400779724,0,0,-0.25,0.0,0.0,-0.2833222448825836,0.0025393664836883545,-0.022997258231043816
3511,37,24,1.0,0.9773313403129578,0,0,-0.25,0.0,0.0,-0.2318454384803772,0.005145024508237839,-0.0164178479462862
3512,37,25,1.0,0.9885522127151489,0,0,0.0,0.0,0.0,-0.032699134200811386,-0.0012104965280741453,-0.01302141323685646
3513,37,26,1.0,0.995823860168457,0,0,0.0,0.0,0.0,-0.003497036639600992,-0.0046571288257837296,-0.008798696100711823
3514,37,27,1.0,0.9993094801902771,0,0,0.0,0.0,0.0,0.0014755267184227705,-0.005734681151807308,-0.008505959995090961
3515,37,28,1.0,0.9931970238685608,0,0,0.0,0.0,0.0,0.0033722813241183758,0.1355029195547104,-0.0031408569775521755
3516,37,29,1.0,0.9929760098457336,0,0,0.0,0.0,0.0,0.002983211074024439,0.16475845873355865,-0.0045239366590976715
3517,37,30,1.0,0.9868887066841125,0,0,0.0,0.25,0.0,-0.00033796578645706177,0.274104505777359,-0.0031613497994840145
3518,37,31,1.0,0.9821330308914185,0,0,0.0,0.25,0.0,6.80810771882534e-05,0.2657099962234497,-0.0029346407391130924
3519,37,32,1.0,0.9856150150299072,0,0,0.0,0.25,0.0,-0.0005382144590839744,0.267733097076416,-0.0030933208763599396
3520,37,33,1.0,0.988705575466156,0,0,0.0,0.25,0.0,-0.00033202324993908405,0.26750609278678894,-0.00603239331394434
3521,37,34,1.0,0.9911880493164062,0,0,0.0,0.25,0.0,0.0003897314891219139,0.2685460150241852,-0.005539625883102417
3522,37,35,1.0,0.9932962656021118,0,0,0.0,0.25,0.0,0.001020616851747036,0.271566778421402,-0.005593691952526569
3523,37,36,1.0,0.9949142336845398,0,0,0.0,0.25,0.0,0.0023066867142915726,0.27470773458480835,-0.006571654230356216
3524,37,37,1.0,0.994949221611023,0,0,0.0,0.25,0.0,0.0016003127675503492,0.2751604914665222,-0.0077440147288143635
3525,37,38,1.0,0.9974274635314941,0,0,0.0,0.25,0.0,0.0012060049921274185,0.2730155885219574,-0.010489383712410927
3526,37,39,1.0,0.9932778477668762,0,0,0.0,0.25,0.0,0.0010991788003593683,0.2558552026748657,-0.01350350584834814
3527,37,40,1.0,1.0010089874267578,0,0,0.0,0.25,0.0,0.00040338747203350067,0.053847942501306534,-0.022636132314801216
3528,37,41,1.0,1.0001404285430908,0,0,0.0,0.0,0.0,0.000650936271995306,0.03297914192080498,-0.01309252716600895
3529,37,42,1.0,0.9978988170623779,0,0,0.0,0.0,0.0,0.0002030152827501297,0.0008925162255764008,0.009991992264986038
3530,37,43,1.0,0.9999040961265564,0,0,0.0,0.0,0.0,0.0005390967708081007,-0.000743732787668705,0.0010558795183897018
3531,37,44,1.0,1.0028585195541382,0,0,0.0,0.0,0.0,0.0008749042171984911,-0.002481649164110422,-0.012644928880035877
3532,37,45,1.0,1.0028822422027588,0,0,0.0,0.0,0.0,0.000848166411742568,-0.0025054863654077053,-0.01228291541337967
3533,37,46,1.0,1.0043772459030151,0,0,0.0,0.0,0.0,0.00024074711836874485,0.0004155430942773819,-0.06889751553535461
3534,37,47,1.0,1.0043681859970093,0,0,0.0,0.0,0.0,0.00023352797143161297,0.0004060902865603566,-0.06885357201099396
3535,37,48,1.0,1.0046172142028809,0,0,0.0,0.0,0.0,0.0002579463180154562,0.0005499301478266716,-0.08091531693935394
3536,37,49,1.0,1.0046147108078003,0,0,0.0,0.0,0.0,0.00025744689628481865,0.0005472926422953606,-0.08087261021137238
3537,37,50,1.0,1.0048105716705322,0,0,0.0,0.0,0.0,0.0002817045897245407,0.0005803019739687443,-0.09327850490808487
3538,37,51,1.0,1.0048097372055054,0,0,0.0,0.0,0.0,0.0002817597705870867,0.0005798565689474344,-0.09327005594968796
3539,37,52,1.0,1.0047359466552734,0,0,0.0,0.0,0.0,0.0002269381657242775,0.0006461708107963204,-0.09321241825819016
3540,37,53,1.0,1.0047358274459839,0,0,0.0,0.0,-0.5,0.0002269688993692398,0.0006460632430389524,-0.09321170300245285
3541,37,54,1.0,1.0007778406143188,0,0,0.0,0.0,-0.5,-0.00044747127685695887,-0.0007359660812653601,-0.5444058179855347
3542,37,55,1.0,0.9985930323600769,0,0,0.0,0.0,-0.5,-6.055005360394716e-05,-0.0012304206611588597,-0.5307942628860474
3543,37,56,1.0,0.997002899646759,0,0,0.0,0.0,-0.5,-0.00022241671103984118,-0.001716561964713037,-0.5263341665267944
3544,37,57,1.0,0.998260498046875,0,0,0.0,0.0,-0.5,0.0005179115105420351,-0.002060310449451208,-0.507319450378418
3545,37,58,1.0,0.9968862533569336,0,0,0.0,0.0,-0.5,0.0003632304724305868,-0.0007190171745605767,-0.5153700113296509
3546,37,59,1.0,0.9981003403663635,0,0,0.0,0.0,-0.5,-0.0002856039209291339,-0.0013493775622919202,-0.5239782333374023
3547,37,60,1.0,1.0017293691635132,0,0,0.0,0.0,-0.5,-0.0004779479932039976,-0.0007353880209848285,-0.5348738431930542
3548,37,61,1.0,1.0063213109970093,0,0,0.0,0.0,-0.5,-0.00019436387810856104,-0.00023044028785079718,-0.5377613306045532
3549,37,62,1.0,1.0121150016784668,0,0,0.0,0.0,-0.5,0.0007277268450707197,-0.0011547461617738008,-0.5496525764465332
3550,37,63,1.0,1.010577917098999,0,0,0.0,0.0,-0.5,0.0012616601306945086,-0.0013324976898729801,-0.5531038045883179
3551,37,64,1.0,0.9972184300422668,0,0,0.0,0.0,-0.5,0.0019456208683550358,0.0012430070200935006,-0.17163889110088348
3552,37,65,1.0,0.9969229698181152,0,0,0.0,0.0,0.0,0.0015688654966652393,0.0006126388907432556,-0.08515450358390808
3553,37,66,1.0,1.6821095943450928,0,1,0.0,0.0,0.0,0.0016140034422278404,0.0007564947009086609,0.013431597501039505
3554,37,67,1.0,1.6995277404785156,0,1,0.0,0.0,0.0,0.001525862142443657,0.0005669976817443967,0.013194778934121132
3555,37,68,1.0,2.0399668216705322,0,1,0.0,0.0,0.0,-0.0004382618935778737,-0.00018778775120154023,0.002041451632976532
3556,37,69,1.0,2.039968967437744,0,1,0.0,0.0,0.0,-0.00042741280049085617,-0.00019147322745993733,0.002030814066529274
3557,37,70,2.0,2.040067195892334,1,1,0.0,0.0,0.0,-0.00028172589372843504,-0.00026535827782936394,0.0018897848203778267
3558,37,71,2.0,2.0381851196289062,1,1,0.0,0.0,0.0,0.0006322911940515041,-0.0006681918748654425,0.0017124572768807411
3559,37,72,2.0,2.038275957107544,1,1,0.0,0.0,0.0,0.00010783248580992222,-0.00128654926083982,0.0006251689046621323
3560,37,73,2.0,2.037853717803955,1,1,0.0,0.0,0.0,-0.00036227062810212374,-0.0002887946320697665,0.0018072882667183876
3561,37,74,2.0,2.041407585144043,1,1,0.0,0.0,0.0,-0.00032492505852133036,-0.0004630057665053755,0.008581191301345825
3562,37,75,2.0,2.036980628967285,1,1,0.0,0.0,0.0,0.0004524257965385914,9.81716439127922e-05,0.004340610466897488
3563,37,76,2.0,2.0367257595062256,1,1,0.0,0.0,0.0,-0.00014235731214284897,0.00030286621768027544,0.004060747101902962
3564,37,77,2.0,2.036932945251465,1,1,0.0,0.0,0.0,-0.00016334885731339455,0.0002525031450204551,0.0034864740446209908
3565,37,78,2.0,2.0350730419158936,1,1,0.0,0.0,0.0,-0.00026041059754788876,0.000252274505328387,-0.00012830551713705063
3566,37,79,1.0,2.0350451469421387,0,1,0.0,0.0,0.0,-0.000287433504126966,0.0002231088001281023,-0.00018753856420516968
3567,37,80,1.0,0.9818074107170105,0,0,0.0,0.0,0.0,0.0001013569999486208,-0.00018858362454921007,0.4745289385318756
3568,37,81,1.0,0.9818013310432434,0,0,0.0,0.0,0.0,9.640748612582684e-05,-0.00017846893751993775,0.47516879439353943
3569,37,82,1.0,0.9836140275001526,0,0,0.0,0.0,0.0,-8.67967028170824e-05,-0.00012754672206938267,0.4782700538635254
3570,37,83,1.0,0.9836053252220154,0,0,0.0,0.0,0.0,-8.521624840795994e-05,-0.00012327928561717272,0.4785797595977783
3571,37,84,1.0,0.9801555871963501,0,0,0.0,0.0,0.0,0.0001350189559161663,-3.5540200769901276e-05,0.4787552058696747
3572,37,85,1.0,0.980164110660553,0,0,0.0,0.0,0.5,0.00013792957179248333,-3.2724346965551376e-05,0.4790123999118805
3573,37,86,1.0,0.9975463151931763,0,0,0.0,0.0,0.5,0.0005598047282546759,4.23476449213922e-05,0.5197453498840332
3574,37,87,1.0,0.9995859861373901,0,0,0.0,0.0,0.5,0.0004628845490515232,5.149404751136899e-05,0.5185009241104126
3575,37,88,1.0,0.9996705651283264,0,0,0.0,0.0,0.5,0.0004216497763991356,0.0002610561205074191,0.5166769027709961
3576,37,89,1.0,0.9996592402458191,0,0,0.0,0.0,0.5,0.0005153631791472435,0.00042708893306553364,0.5173227787017822
3577,37,90,1.0,1.000975489616394,0,0,0.0,0.0,0.5,0.00023614522069692612,0.00032427057158201933,0.515864372253418
3578,37,91,1.0,1.0001168251037598,0,0,0.0,0.0,0.5,0.0004207231104373932,0.00022294966038316488,0.5171395540237427
3579,37,92,1.0,0.9999304413795471,0,0,0.0,0.0,0.5,0.000314521137624979,0.0003161405911669135,0.5186316967010498
3580,37,93,1.0,0.9996314644813538,0,0,0.0,0.0,0.5,0.00019789393991231918,0.00022378237918019295,0.5210156440734863
3581,37,94,1.0,1.0002943277359009,0,0,0.0,0.0,0.5,0.00045659136958420277,0.00041298032738268375,0.519391655921936
3582,38,0,1.0,0.9926974177360535,0,0,0.0,0.0,0.0,-0.004370146431028843,0.0034281641710549593,-0.0006234552711248398
3583,38,1,1.0,0.9921483397483826,0,0,0.0,0.0,0.0,-0.0046388753689825535,0.003878300776705146,-0.0038092685863375664
3584,38,2,1.0,0.993915855884552,0,0,0.0,0.0,0.0,-0.006525276694446802,0.002210344420745969,-0.005305279046297073
3585,38,3,1.0,0.9940147399902344,0,0,0.0,0.0,0.0,-0.006580577231943607,0.0020726160146296024,-0.004721514414995909
3586,38,4,1.0,0.9972484707832336,0,0,0.0,0.0,0.0,-0.007987895049154758,0.00228630262427032,-0.004420198034495115
3587,38,5,1.0,0.9972648620605469,0,0,0.0,0.0,0.0,-0.007967731915414333,0.0022663555573672056,-0.004293482750654221
3588,38,6,1.0,0.9981440305709839,0,0,0.0,0.0,0.0,0.024898316711187363,-0.0011456540087237954,0.0030075935646891594
3589,38,7,1.0,0.9981375932693481,0,0,0.0,0.0,0.0,0.024936353787779808,-0.001152725424617529,0.0030397186055779457
3590,38,8,1.0,0.9914692044258118,0,0,0.0,0.0,0.0,0.1297195851802826,-0.00014626746997237206,-0.005450156517326832
3591,38,9,1.0,0.9914674162864685,0,0,0.0,0.0,0.0,0.1297384351491928,-0.00014698883751407266,-0.0054436614736914635
3592,38,10,1.0,0.9963617920875549,0,0,0.25,0.0,0.0,0.2439223676919937,-0.002153807319700718,-0.0034623462706804276
3593,38,11,1.0,0.9882089495658875,0,0,0.25,0.0,0.0,0.27027052640914917,-0.0029831628780812025,-0.004370241425931454
3594,38,12,1.0,0.9863673448562622,0,0,0.25,0.0,0.0,0.2710946798324585,-0.002708249958232045,-0.005963509436696768
3595,38,13,1.0,0.982128381729126,0,0,0.25,0.0,0.0,0.27433663606643677,-0.001992808422073722,-0.004334244877099991
3596,38,14,1.0,0.982006847858429,0,0,0.25,0.0,0.0,0.2711843252182007,-0.0017274565761908889,-0.004274751991033554
3597,38,15,1.0,0.9812939167022705,0,0,0.25,0.0,0.0,0.27206048369407654,-0.0011259755119681358,-0.005763307213783264
3598,38,16,1.0,0.980429470539093,0,0,0.25,0.0,0.0,0.27366191148757935,-0.0004351827083155513,-0.00642940029501915
3599,38,17,1.0,0.9818063378334045,0,0,0.25,0.0,0.0,0.2727985084056854,0.0005574957467615604,-0.0053578754886984825
3600,38,18,1.0,0.9857387542724609,0,0,0.25,0.0,0.0,0.2713332772254944,0.00016218581004068255,-0.00473081273958087
3601,38,19,1.0,0.989790678024292,0,0,0.25,0.0,0.0,0.2700483798980713,0.0004870459670200944,-0.001096414402127266
3602,38,20,1.0,0.992518961429596,0,0,0.25,0.0,0.0,0.2767569124698639,0.0005737453466281295,-0.006130259484052658
3603,38,21,1.0,0.998629629611969,0,0,0.25,0.0,0.0,0.27649107575416565,-0.0011887385044246912,-0.0004286356270313263
3604,38,22,1.0,1.0022509098052979,0,0,0.0,0.0,0.0,0.14635135233402252,-0.0037951581180095673,-0.005887849722057581
3605,38,23,1.0,1.0021730661392212,0,0,0.0,0.0,0.0,0.07580222189426422,-0.0044327485375106335,-0.011034777387976646
3606,38,24,1.0,0.998781144618988,0,0,0.0,0.0,0.0,0.010244650766253471,-0.0036813230253756046,-0.012002219446003437
3607,38,25,1.0,0.9974598288536072,0,0,0.0,0.0,0.0,0.004616884049028158,-0.00410879822447896,-0.01192053034901619
3608,38,26,1.0,0.98995041847229,0,0,0.0,0.0,0.0,0.002565560396760702,-0.002720603020861745,-0.012872092425823212
3609,38,27,1.0,0.9899721145629883,0,0,0.0,0.0,0.0,0.002178858034312725,-0.002536448650062084,-0.013833511620759964
3610,38,28,1.0,0.9966027736663818,0,0,0.0,0.0,0.0,0.001936676912009716,-0.026860620826482773,-0.004889395087957382
3611,38,29,1.0,0.9966256618499756,0,0,0.0,0.0,0.0,0.0018979848828166723,-0.027306586503982544,-0.005113570019602776
3612,38,30,1.0,0.9977827072143555,0,0,0.0,0.0,0.0,0.0017769653350114822,-0.07238650321960449,-0.0024894638918340206
3613,38,31,1.0,0.9977772235870361,0,0,0.0,-0.25,0.0,0.0017752009443938732,-0.0724957212805748,-0.002550168428570032
3614,38,32,1.0,0.997548520565033,0,0,0.0,-0.25,0.0,-0.00016034487634897232,-0.2725803852081299,-0.00765727274119854
3615,38,33,1.0,0.9961776733398438,0,0,0.0,-0.25,0.0,9.248359128832817e-05,-0.2742447257041931,-0.006814398802816868
3616,38,34,1.0,0.9950412511825562,0,0,0.0,-0.25,0.0,0.00036766077391803265,-0.2727319300174713,-0.01131741888821125
3617,38,35,1.0,0.9911760091781616,0,0,0.0,-0.25,0.0,-0.00025690917391330004,-0.2764263153076172,-0.014131290838122368
3618,38,36,1.0,0.9930459856987,0,0,0.0,-0.25,0.0,-0.0005570221692323685,-0.275710791349411,-0.008152887225151062
3619,38,37,1.0,0.9980296492576599,0,0,0.0,-0.25,0.0,-5.159457214176655e-05,-0.2767992317676544,-0.005499096587300301
3620,38,38,1.0,0.9933154582977295,0,0,0.0,-0.25,0.0,-0.00012794649228453636,-0.27699968218803406,-0.007739342283457518
3621,38,39,1.0,0.9923362731933594,0,0,0.0,-0.25,0.0,-0.00016875972505658865,-0.2717578113079071,-0.0062211425974965096
3622,38,40,1.0,0.9909495711326599,0,0,0.0,-0.25,0.0,0.0006560073234140873,-0.26340174674987793,-0.0016285078600049019
3623,38,41,1.0,0.9937223792076111,0,0,0.0,-0.25,0.0,0.0017560208216309547,-0.2461620271205902,-0.0010056635364890099
3624,38,42,1.0,0.9964247941970825,0,0,0.0,-0.25,0.0,0.0008285294752568007,-0.03496344015002251,0.006689389236271381
3625,38,43,1.0,1.0018185377120972,0,0,0.0,0.0,0.0,0.0007990025915205479,-0.008856743574142456,-0.027381656691432
3626,38,44,1.0,1.0049381256103516,0,0,0.0,0.0,0.0,0.0005338301416486502,-0.003989277873188257,-0.027829447761178017
3627,38,45,1.0,1.0059891939163208,0,0,0.0,0.0,0.0,0.0006592662539333105,-0.002897823229432106,-0.02596849575638771
3628,38,46,1.0,1.0052107572555542,0,0,0.0,0.0,0.0,0.0002332255244255066,-0.0002672331756912172,-0.04550984874367714
3629,38,47,1.0,1.0053423643112183,0,0,0.0,0.0,0.0,0.00019594654440879822,-0.0001655436062719673,-0.04618719592690468
3630,38,48,1.0,1.007493257522583,0,0,0.0,0.0,0.0,0.0005959083791822195,-0.0004869106924161315,-0.17405883967876434
3631,38,49,1.0,1.0075031518936157,0,0,0.0,0.0,0.0,0.0005994890816509724,-0.00047745328629389405,-0.17436255514621735
3632,38,50,1.0,1.008080005645752,0,0,0.0,0.0,0.0,0.0006663077510893345,-0.0007273489609360695,-0.24067743122577667
3633,38,51,1.0,1.0080772638320923,0,0,0.0,0.0,-0.5,0.0006664686370640993,-0.0007224813452921808,-0.24078410863876343
3634,38,52,1.0,0.9969742298126221,0,0,0.0,0.0,-0.5,-0.0007952884770929813,-0.0011164314346387982,-0.5438027381896973
3635,38,53,1.0,0.9963131546974182,0,0,0.0,0.0,-0.5,-0.00045034661889076233,-0.0016594055341556668,-0.537111759185791
3636,38,54,1.0,0.9971134662628174,0,0,0.0,0.0,-0.5,-5.5445474572479725e-05,-0.0014331265119835734,-0.522210955619812
3637,38,55,1.0,0.9984656572341919,0,0,0.0,0.0,-0.5,0.00018370524048805237,-0.001168352784588933,-0.5207041501998901
3638,38,56,1.0,0.9985755085945129,0,0,0.0,0.0,-0.5,0.0001304163597524166,-0.0010597767541185021,-0.5286508798599243
3639,38,57,1.0,1.0011203289031982,0,0,0.0,0.0,-0.5,-0.0004280434222891927,-0.0015487453201785684,-0.5330994129180908
3640,38,58,1.0,1.0074524879455566,0,0,0.0,0.0,-0.5,-0.0007390676764771342,-0.0007055506575852633,-0.5400785207748413
3641,38,59,1.0,1.0121265649795532,0,0,0.0,0.0,-0.5,-0.00034310214687138796,-0.00031357136322185397,-0.5454267263412476
3642,38,60,1.0,1.016435146331787,0,0,0.0,0.0,-0.5,0.0008131933864206076,-0.0006609960692003369,-0.5451537370681763
3643,38,61,1.0,1.016847848892212,0,0,0.0,0.0,-0.5,0.0005868133157491684,-0.0003878258285112679,-0.5388582944869995
3644,38,62,1.0,1.0035672187805176,0,0,0.0,0.0,-0.5,-0.0007888370892032981,0.00017738644964993,-0.13595442473888397
3645,38,63,1.0,1.0033644437789917,0,0,0.0,0.0,0.0,-0.0008876794017851353,0.00012900709407404065,-0.11711718142032623
3646,38,64,1.0,1.4751369953155518,0,0,0.0,0.0,0.0,0.0023881755769252777,-0.0001018666080199182,0.025368142873048782
3647,38,65,1.0,1.4770036935806274,0,0,0.0,0.0,0.0,0.002376921009272337,-0.00010125344851985574,0.02538209781050682
3648,38,66,1.0,1.9111354351043701,0,1,0.0,0.0,0.0,0.0009797625243663788,-0.0006612270954065025,0.00443839468061924
3649,38,67,1.0,1.9113932847976685,0,1,0.0,0.0,0.0,0.000975009985268116,-0.0006578184547834098,0.004438023082911968
3650,38,68,2.0,1.9691097736358643,1,1,0.0,0.0,0.0,0.000944438623264432,-0.0005588616477325559,0.003964331932365894
3651,38,69,2.0,2.040104627609253,1,1,0.0,0.0,0.0,0.0007745630573481321,1.5605648513883352e-05,-1.7974525690078735e-05
3652,38,70,2.0,2.0393424034118652,1,1,0.0,0.0,0.0,0.00036570755764842033,0.00021753879263997078,0.0014141295105218887
3653,38,71,2.0,2.0402352809906006,1,1,0.0,0.0,0.0,0.0003026733174920082,0.00012856320245191455,0.005565549246966839
3654,38,72,2.0,2.04056453704834,1,1,0.0,0.0,0.0,0.00034306454472243786,0.0001479248167015612,0.006133791990578175
3655,38,73,2.0,2.0409467220306396,1,1,0.0,0.0,0.0,0.00019980897195637226,-0.0001635272055864334,0.005226886831223965
3656,38,74,2.0,2.040287733078003,1,1,0.0,0.0,0.0,0.00037921546027064323,0.0004559938097372651,0.0072186850011348724
3657,38,75,2.0,2.0407462120056152,1,1,0.0,0.0,0.0,0.00036648940294981003,0.00020279426826164126,0.0074964649975299835
3658,38,76,1.0,2.0021891593933105,0,1,0.0,0.0,0.0,0.0001674247905611992,0.0003979309694841504,-0.0011266288347542286
3659,38,77,1.0,1.7066757678985596,0,1,0.0,0.0,0.0,0.0013744453899562359,-0.0016646988224238157,-0.014925642870366573
3660,38,78,1.0,0.9838212132453918,0,0,0.0,0.0,0.0,-5.3722644224762917e-05,7.023278158158064e-05,0.45170602202415466
3661,38,79,1.0,0.986571192741394,0,0,0.0,0.0,0.0,0.0002186107449233532,-0.00022399169392883778,0.47943177819252014
3662,38,80,1.0,0.9913182258605957,0,0,0.0,0.0,0.0,0.00046258396469056606,0.0005574580281972885,0.5073401927947998
3663,38,81,1.0,0.9917488694190979,0,0,0.0,0.0,0.0,0.0003323040436953306,0.000369634828530252,0.5101792812347412
3664,38,82,1.0,0.992821216583252,0,0,0.0,0.0,0.5,0.0004783615004271269,-0.00014747236855328083,0.5142791271209717
3665,38,83,1.0,1.0017118453979492,0,0,0.0,0.0,0.5,0.0009780519176274538,-0.0001710507203824818,0.5202063322067261
3666,38,84,1.0,0.9983315467834473,0,0,0.0,0.0,0.5,0.0004101213999092579,0.00019866687944158912,0.5178405046463013
3667,38,85,1.0,0.999981164932251,0,0,0.0,0.0,0.5,0.0007505789399147034,-0.0005812780582346022,0.5178465843200684
3668,38,86,1.0,0.9978477358818054,0,0,0.0,0.0,0.5,0.0001598356757313013,0.0001055788598023355,0.5186740159988403
3669,38,87,1.0,0.9986061453819275,0,0,0.0,0.0,0.5,-0.0003852378576993942,-0.00022969066048972309,0.5167702436447144
3670,38,88,1.0,0.9972236156463623,0,0,0.0,0.0,0.5,-0.00010386784560978413,0.00031734874937683344,0.5193964242935181
3671,38,89,1.0,0.9985877275466919,0,0,0.0,0.0,0.5,0.00022957916371524334,-0.0003540222533047199,0.5164231061935425
3672,38,90,1.0,0.9978840351104736,0,0,0.0,0.0,0.5,0.0003808848559856415,0.00020887883147224784,0.5198308229446411
3673,38,91,1.0,0.9988633990287781,0,0,0.0,0.0,0.5,0.0006930422969162464,-0.0005737082101404667,0.5174801349639893
3674,39,0,1.0,0.9925092458724976,0,0,0.0,0.0,0.0,-0.0033127511851489544,0.0002493517822586,0.002673388458788395
3675,39,1,1.0,0.9922856092453003,0,0,0.0,0.0,0.0,-0.003998917527496815,0.0010919077321887016,-0.0016589798033237457
3676,39,2,1.0,0.9920883178710938,0,0,0.0,0.0,0.0,-0.005993982311338186,0.0003246036940254271,0.0027612540870904922
3677,39,3,1.0,0.9919997453689575,0,0,0.0,0.0,0.0,-0.006108972709625959,6.833625957369804e-05,0.003304119221866131
3678,39,4,1.0,0.9924458861351013,0,0,0.0,0.0,0.0,-0.008756514638662338,-0.0001661210262682289,-0.0035190037451684475
3679,39,5,1.0,0.992435097694397,0,0,0.0,0.0,0.0,-0.008734168484807014,-0.00018636128515936434,-0.003344501368701458
3680,39,6,1.0,0.9943112134933472,0,0,0.0,0.0,0.0,-0.00011763698421418667,-0.0007805430795997381,-0.00037812255322933197
3681,39,7,1.0,0.9943089485168457,0,0,0.0,0.0,0.0,-9.518139995634556e-05,-0.0007896992610767484,-0.00033588334918022156
3682,39,8,1.0,0.9918155074119568,0,0,0.0,0.0,0.0,0.059030454605817795,-0.00313935661688447,-0.003084589261561632
3683,39,9,1.0,0.9918127655982971,0,0,0.0,0.0,0.0,0.05905410274863243,-0.0031404211185872555,-0.003076354507356882
3684,39,10,1.0,0.9922056198120117,0,0,0.25,0.0,0.0,0.22855857014656067,-0.0015077302232384682,-0.006271248683333397
3685,39,11,1.0,0.9866266250610352,0,0,0.25,0.0,0.0,0.2702926993370056,-0.0010313632665202022,-0.006570524536073208
3686,39,12,1.0,0.9841580986976624,0,0,0.25,0.0,0.0,0.27132633328437805,-0.0008516345988027751,-0.004491066560149193
3687,39,13,1.0,0.9851298332214355,0,0,0.25,0.0,0.0,0.2741397023200989,-0.001450942363590002,-0.005400454625487328
3688,39,14,1.0,0.9836968183517456,0,0,0.25,0.0,0.0,0.27202150225639343,-0.002075574826449156,-0.0026456774212419987
3689,39,15,1.0,0.9843872785568237,0,0,0.25,0.0,0.0,0.27106061577796936,-0.0022807372733950615,-0.005369956139475107
3690,39,16,1.0,0.9871854782104492,0,0,0.25,0.0,0.0,0.26934781670570374,-0.002438151277601719,-0.003183516673743725
3691,39,17,1.0,0.996002197265625,0,0,0.25,0.0,0.0,0.2659812867641449,-0.0025567887350916862,-0.0040902947075665
3692,39,18,1.0,1.0098305940628052,0,0,0.25,0.0,0.0,0.26654350757598877,-0.0028117476031184196,-0.0075414227321743965
3693,39,19,1.0,1.0292384624481201,0,0,0.25,0.0,0.0,0.26459720730781555,-0.0027045300230383873,-0.010302694514393806
3694,39,20,1.0,1.0068063735961914,0,0,0.25,0.0,0.0,0.26900020241737366,-0.002876345766708255,-0.013762015849351883
3695,39,21,1.0,0.9900535345077515,0,0,0.25,0.0,0.0,0.2678113877773285,-0.0009304002160206437,-0.019808297976851463
3696,39,22,1.0,0.9911889433860779,0,0,0.25,0.0,0.0,0.141001358628273,0.0028583426028490067,-0.0042803180404007435
3697,39,23,1.0,1.0007752180099487,0,0,0.0,0.0,0.0,0.037623025476932526,0.004273402504622936,0.00335618294775486
3698,39,24,1.0,1.001050591468811,0,0,0.0,0.0,0.0,0.0027034669183194637,0.0018447889015078545,0.00860551930963993
3699,39,25,1.0,0.9966012239456177,0,0,0.0,0.0,0.0,-0.0020734427962452173,-0.0038399214390665293,0.006344782188534737
3700,39,26,1.0,0.9898289442062378,0,0,0.0,0.0,0.0,0.004203109070658684,0.1599331647157669,-0.0017930506728589535
3701,39,27,1.0,0.9899385571479797,0,0,0.0,0.0,0.0,0.004336162935942411,0.18507887423038483,-0.0021586460061371326
3702,39,28,1.0,0.9902793169021606,0,0,0.0,0.25,0.0,0.001199611695483327,0.26710227131843567,-0.002031428273767233
3703,39,29,1.0,0.9863574504852295,0,0,0.0,0.25,0.0,0.0010326800402253866,0.2691860496997833,-0.006296477280557156
3704,39,30,1.0,0.9887362718582153,0,0,0.0,0.25,0.0,0.0006531381513923407,0.2700960338115692,-0.004673751071095467
3705,39,31,1.0,0.9910873174667358,0,0,0.0,0.25,0.0,0.0003565403167158365,0.2663328945636749,-0.005981185473501682
3706,39,32,1.0,0.9908103942871094,0,0,0.0,0.25,0.0,0.00025160564109683037,0.2675277888774872,-0.005377042107284069
3707,39,33,1.0,0.9910168647766113,0,0,0.0,0.25,0.0,0.0005582871381193399,0.26855725049972534,-0.004895602352917194
3708,39,34,1.0,0.992575466632843,0,0,0.0,0.25,0.0,0.0016317334957420826,0.2713519036769867,-0.0025598756037652493
3709,39,35,1.0,0.9928624033927917,0,0,0.0,0.25,0.0,0.0017948313616216183,0.2752062976360321,-0.005909198895096779
3710,39,36,1.0,0.9919925332069397,0,0,0.0,0.25,0.0,0.0009489678777754307,0.2753297686576843,-0.00534824701026082
3711,39,37,1.0,0.9895285964012146,0,0,0.0,0.25,0.0,0.001070281257852912,0.2762186527252197,-0.004361534956842661
3712,39,38,1.0,0.993913471698761,0,0,0.0,0.25,0.0,0.0016630655154585838,0.20700512826442719,-0.0011088475584983826
3713,39,39,1.0,1.0008271932601929,0,0,0.0,0.0,0.0,0.0007013638969510794,0.09071396291255951,-0.011095857247710228
3714,39,40,1.0,1.0007456541061401,0,0,0.0,0.0,0.0,7.231766358017921e-05,0.013116312213242054,0.025006894022226334
3715,39,41,1.0,1.0016765594482422,0,0,0.0,0.0,0.0,0.00014672870747745037,0.004530496895313263,0.01793556846678257
3716,39,42,1.0,1.0060420036315918,0,0,0.0,0.0,0.0,0.00043524266220629215,-0.0025827425997704268,-7.246527820825577e-05
3717,39,43,1.0,1.0060999393463135,0,0,0.0,0.0,0.0,0.00041595567017793655,-0.0027051272336393595,0.00021289288997650146
3718,39,44,1.0,1.0043336153030396,0,0,0.0,0.0,0.0,0.00034903548657894135,-0.00012828008038923144,-0.012850732542574406
3719,39,45,1.0,1.0043195486068726,0,0,0.0,0.0,0.0,0.00035010743886232376,-0.00015079064178280532,-0.012853845953941345
3720,39,46,1.0,1.0049464702606201,0,0,0.0,0.0,0.0,0.000490610022097826,0.00018486473709344864,-0.04626030847430229
3721,39,47,1.0,1.0049413442611694,0,0,0.0,0.0,0.0,0.0004896395839750767,0.00018106808420270681,-0.046231064945459366
3722,39,48,1.0,1.0068085193634033,0,0,0.0,0.0,-0.5,0.0006340665277093649,-0.00030482394504360855,-0.19033591449260712
3723,39,49,1.0,0.9965770244598389,0,0,0.0,0.0,-0.5,-0.0010255388915538788,3.917684080079198e-05,-0.5391865968704224
3724,39,50,1.0,0.9964673519134521,0,0,0.0,0.0,-0.5,-0.0005215902347117662,-0.0009569752146489918,-0.5335313081741333
3725,39,51,1.0,0.9965497255325317,0,0,0.0,0.0,-0.5,-7.742492016404867e-05,-0.0007505520479753613,-0.5211188793182373
3726,39,52,1.0,0.9969612956047058,0,0,0.0,0.0,-0.5,-0.00024416192900389433,-0.0010572688188403845,-0.5129202604293823
3727,39,53,1.0,0.9976664781570435,0,0,0.0,0.0,-0.5,-1.287786290049553e-05,-0.0008046741713769734,-0.5149505138397217
3728,39,54,1.0,0.9983662366867065,0,0,0.0,0.0,-0.5,-0.0006251059239730239,-0.0014639104483649135,-0.5287753343582153
3729,39,55,1.0,1.0066664218902588,0,0,0.0,0.0,-0.5,-0.0007435216102749109,-0.0008480397518724203,-0.5370233058929443
3730,39,56,1.0,1.016279697418213,0,0,0.0,0.0,-0.5,0.0007867149543017149,-0.0004104646504856646,-0.5495773553848267
3731,39,57,1.0,1.0181583166122437,0,0,0.0,0.0,-0.5,0.0010094328317791224,-0.00045706797391176224,-0.5547550916671753
3732,39,58,1.0,1.0059587955474854,0,0,0.0,0.0,-0.5,0.0007255466189235449,0.001217023585923016,-0.22539547085762024
3733,39,59,1.0,1.0057156085968018,0,0,0.0,0.0,0.0,0.0005866347346454859,0.0010311302030459046,-0.18549923598766327
3734,39,60,1.0,1.860550045967102,0,1,0.0,0.0,0.0,0.0005789180286228657,0.00017275480786338449,0.007493620738387108
3735,39,61,1.0,1.8621519804000854,0,1,0.0,0.0,0.0,0.0005769794806838036,0.00016288633923977613,0.007425345480442047
3736,39,62,1.0,2.035966634750366,0,1,0.0,0.0,0.0,-0.0002682682825252414,5.498912651091814e-05,0.0013962900266051292
3737,39,63,1.0,2.035977840423584,0,1,0.0,0.0,0.0,-0.00026560237165540457,5.174300167709589e-05,0.0013923095539212227
3738,39,64,1.0,2.0395395755767822,0,1,0.0,0.0,0.0,-0.0001910957507789135,-9.834195952862501e-05,0.0015002163127064705
3739,39,65,2.0,2.0395355224609375,1,1,0.0,0.0,0.0,-0.00019029260147362947,-9.908800711855292e-05,0.001497737132012844
3740,39,66,2.0,2.03903865814209,1,1,0.0,0.0,0.0,0.0007375609129667282,-0.00039662004564888775,0.00014558248221874237
3741,39,67,2.0,2.039567470550537,1,1,0.0,0.0,0.0,0.0007503789383918047,-0.0003050133818760514,0.0007982663810253143
3742,39,68,2.0,2.039323329925537,1,1,0.0,0.0,0.0,0.0004243692383170128,-0.0004561722744256258,0.00549689494073391
3743,39,69,2.0,2.039405107498169,1,1,0.0,0.0,0.0,-0.0001084331888705492,-0.0009719185763970017,0.0064409952610731125
3744,39,70,2.0,2.041513442993164,1,1,0.0,0.0,0.0,-0.00028191832825541496,-0.0002443233970552683,0.0068175941705703735
3745,39,71,2.0,2.041480541229248,1,1,0.0,0.0,0.0,-4.8788730055093765e-05,-0.00018816045485436916,0.006045683287084103
3746,39,72,2.0,0.9868470430374146,1,0,0.0,0.0,0.0,0.0005073382053524256,-0.0010921077337116003,0.42319560050964355
3747,39,73,2.0,0.98683100938797,1,0,0.0,0.0,0.0,-0.00012163340579718351,-0.00041333725675940514,0.4970761835575104
3748,39,74,1.0,0.9878156185150146,0,0,0.0,0.0,0.0,-0.0005649749655276537,-9.186461102217436e-05,0.4985608160495758
3749,39,75,1.0,0.9877034425735474,0,0,0.0,0.0,0.0,-0.0005651655374094844,-9.30377864278853e-05,0.4983274042606354
3750,39,76,1.0,0.9856650829315186,0,0,0.0,0.0,0.0,-0.0002623025793582201,-0.0005833760369569063,0.49364086985588074
3751,39,77,1.0,0.9856680035591125,0,0,0.0,0.0,0.0,-0.00025244615972042084,-0.0005766911781392992,0.4938245713710785
3752,39,78,1.0,0.9837030172348022,0,0,0.0,0.0,0.0,-0.00028797530103474855,-0.00044745084596797824,0.48962849378585815
3753,39,79,1.0,0.9835522770881653,0,0,0.0,0.0,0.0,-0.00029112352058291435,-0.0004533024039119482,0.48896661400794983
3754,39,80,1.0,0.9852303862571716,0,0,0.0,0.0,0.0,5.3220661357045174e-05,-0.0001722377201076597,0.4976402223110199
3755,39,81,1.0,0.9855316877365112,0,0,0.0,0.0,0.5,7.082335650920868e-05,-0.00013875355944037437,0.49923017621040344
3756,39,82,1.0,0.9948233366012573,0,0,0.0,0.0,0.5,-5.171424709260464e-05,0.00010174809722229838,0.5168776512145996
3757,39,83,1.0,1.00006103515625,0,0,0.0,0.0,0.5,0.00019714212976396084,-0.00044486188562586904,0.5182743072509766
3758,39,84,1.0,0.9989655017852783,0,0,0.0,0.0,0.5,-0.00045664876233786345,4.7329929657280445e-05,0.515588641166687
3759,39,85,1.0,0.9979037046432495,0,0,0.0,0.0,0.5,-0.00042585027404129505,0.00011683354387059808,0.5163227319717407
3760,39,86,1.0,0.9985334277153015,0,0,0.0,0.0,0.5,-0.00021561072207987309,-0.0002445372811052948,0.5159519910812378
3761,39,87,1.0,0.9963156580924988,0,0,0.0,0.0,0.5,-0.0001647762255743146,6.826245225965977e-05,0.5145581960678101
3762,39,88,1.0,0.9974939227104187,0,0,0.0,0.0,0.5,-0.00012040871661156416,-0.0002393668983131647,0.5210658311843872
3763,39,89,1.0,0.9990665316581726,0,0,0.0,0.0,0.5,-0.00016098713967949152,-1.347734360024333e-05,0.5183063745498657
3764,39,90,1.0,0.9986522793769836,0,0,0.0,0.0,0.5,0.00020779925398528576,7.720792200416327e-05,0.5193259716033936
3765,40,0,1.0,0.9983773231506348,0,0,0.0,0.0,0.0,0.005593253765255213,0.0009390073828399181,0.0004001772031188011
3766,40,1,1.0,0.999207615852356,0,0,0.0,0.0,0.0,0.0058829993940889835,0.0014211232773959637,-0.003602186683565378
3767,40,2,1.0,0.9979477524757385,0,0,0.0,0.0,0.0,0.007268108893185854,0.0027010180056095123,-0.0011894782073795795
3768,40,3,1.0,0.9980859756469727,0,0,0.0,0.0,0.0,0.007379451300948858,0.002597050042822957,-0.0006590895354747772
3769,40,4,1.0,0.9988419413566589,0,0,0.0,0.0,0.0,0.005185888148844242,0.001138530089519918,-0.0035459832288324833
3770,40,5,1.0,0.9988654851913452,0,0,0.0,0.0,0.0,0.005224185064435005,0.0010932008735835552,-0.0033885659649968147
3771,40,6,1.0,0.9900298118591309,0,0,0.0,0.0,0.0,-0.20710673928260803,-0.0017338956240564585,-0.009895756840705872
3772,40,7,1.0,0.9900436401367188,0,0,0.0,0.0,0.0,-0.2070736438035965,-0.0017347352113574743,-0.009862734004855156
3773,40,8,1.0,0.9812231659889221,0,0,0.0,0.0,0.0,-0.2714957594871521,-0.0006228684796951711,-0.007772811688482761
3774,40,9,1.0,0.9812245965003967,0,0,-0.25,0.0,0.0,-0.27149805426597595,-0.0006221796502359211,-0.0077698854729533195
3775,40,10,1.0,0.9724427461624146,0,0,-0.25,0.0,0.0,-0.28021204471588135,-0.0004727458581328392,-0.00852094404399395
3776,40,11,1.0,0.9781592488288879,0,0,-0.25,0.0,0.0,-0.27468493580818176,-0.001534818671643734,-0.010075279511511326
3777,40,12,1.0,0.9842908978462219,0,0,-0.25,0.0,0.0,-0.2784835696220398,-0.00034170635626651347,-0.015130070969462395
3778,40,13,1.0,0.9859009981155396,0,0,-0.25,0.0,0.0,-0.2844851315021515,0.0038684599567204714,-0.01978316716849804
3779,40,14,1.0,0.9878319501876831,0,0,-0.25,0.0,0.0,-0.2840917408466339,0.003589593106880784,-0.02148934081196785
3780,40,15,1.0,0.9825918674468994,0,0,-0.25,0.0,0.0,-0.21706341207027435,0.002566926646977663,-0.015770267695188522
3781,40,16,1.0,0.9884638786315918,0,0,0.0,0.0,0.0,-0.03939307481050491,-0.0009981913026422262,-0.008092116564512253
3782,40,17,1.0,0.9918646812438965,0,0,0.0,0.0,0.0,-0.008388783782720566,-0.0025220843963325024,-0.005415622144937515
3783,40,18,1.0,0.9974507093429565,0,0,0.0,0.0,0.0,0.0011072049383074045,-0.006273976527154446,-0.010113229975104332
3784,40,19,1.0,0.9978437423706055,0,0,0.0,0.0,0.0,0.0011680065654218197,-0.00618981197476387,-0.009927592240273952
3785,40,20,1.0,0.990584671497345,0,0,0.0,0.0,0.0,0.00263979472219944,0.14298631250858307,-0.0005979491397738457
3786,40,21,1.0,0.9905369281768799,0,0,0.0,0.0,0.0,0.0026512984186410904,0.14197787642478943,-0.0007996847853064537
3787,40,22,1.0,0.9929067492485046,0,0,0.0,0.0,0.0,0.00023598014377057552,0.2432016134262085,-0.0007188254967331886
3788,40,23,1.0,0.992907702922821,0,0,0.0,0.0,0.0,0.0002368241548538208,0.24315519630908966,-0.000711146742105484
3789,40,24,1.0,0.9915601015090942,0,0,0.0,0.0,0.0,0.0009739389643073082,0.22768260538578033,0.0004701884463429451
3790,40,25,1.0,0.9915589094161987,0,0,0.0,0.25,0.0,0.0009740374516695738,0.2276764214038849,0.000475175678730011
3791,40,26,1.0,0.9823360443115234,0,0,0.0,0.25,0.0,0.0009602317586541176,0.2681790292263031,-0.00693582184612751
3792,40,27,1.0,0.9837344884872437,0,0,0.0,0.25,0.0,0.0014998898841440678,0.27107295393943787,-0.008138995617628098
3793,40,28,1.0,0.9846779108047485,0,0,0.0,0.25,0.0,0.0006125795189291239,0.2711462378501892,-0.004145062528550625
3794,40,29,1.0,0.9867743253707886,0,0,0.0,0.25,0.0,0.0009753978811204433,0.2699281573295593,-0.004752506501972675
3795,40,30,1.0,0.9882563352584839,0,0,0.0,0.25,0.0,0.0003567701205611229,0.27192503213882446,-0.001363320741802454
3796,40,31,1.0,0.9886584281921387,0,0,0.0,0.25,0.0,0.0003689622972160578,0.27314338088035583,-0.003485940396785736
3797,40,32,1.0,0.992748498916626,0,0,0.0,0.25,0.0,0.0010564678814262152,0.2724769711494446,-0.006004557479172945
3798,40,33,1.0,0.9955117702484131,0,0,0.0,0.25,0.0,0.0017118649557232857,0.2692212164402008,-0.00976829044520855
3799,40,34,1.0,0.9942490458488464,0,0,0.0,0.25,0.0,0.0015850814525038004,0.16820594668388367,-0.016030821949243546
3800,40,35,1.0,0.99937903881073,0,0,0.0,0.0,0.0,0.001369560370221734,0.07340305298566818,-0.025052260607481003
3801,40,36,1.0,1.0015472173690796,0,0,0.0,0.0,0.0,0.0002106113824993372,0.002769273705780506,-0.02932187356054783
3802,40,37,1.0,1.0017588138580322,0,0,0.0,0.0,0.0,1.4023156836628914e-05,-0.004798383451998234,-0.025232326239347458
3803,40,38,1.0,1.0023794174194336,0,0,0.0,0.0,0.0,-0.00013255164958536625,-0.00441383570432663,-0.025905339047312737
3804,40,39,1.0,1.0023393630981445,0,0,0.0,0.0,0.0,-0.00010546902194619179,-0.005308491177856922,-0.025505350902676582
3805,40,40,1.0,1.0011897087097168,0,0,0.0,0.0,0.0,-0.00039467529859393835,-0.0032411839347332716,-0.01482821349054575
3806,40,41,1.0,1.0011743307113647,0,0,0.0,0.0,0.0,-0.00038920005317777395,-0.003355499589815736,-0.014740186743438244
3807,40,42,1.0,1.000422716140747,0,0,0.0,0.25,0.0,-0.0001188494497910142,-0.0014843072276562452,-0.002352831419557333
3808,40,43,1.0,1.0030126571655273,0,0,0.0,0.0,0.0,0.0004741277080029249,-0.0002758323971647769,-0.017056437209248543
3809,40,44,1.0,1.0041476488113403,0,0,0.0,0.0,0.0,0.0006920131854712963,-0.0023394464515149593,-0.021052559837698936
3810,40,45,1.0,1.005577802658081,0,0,0.0,0.0,0.0,0.0006629226263612509,-0.0026430850848555565,-0.015316629782319069
3811,40,46,1.0,1.0046916007995605,0,0,0.0,0.0,0.0,6.953231059014797e-05,-0.0011063595302402973,-0.005207317881286144
3812,40,47,1.0,1.0047118663787842,0,0,0.0,0.0,0.0,3.259582445025444e-05,-0.0011419057846069336,-0.0051714335568249226
3813,40,48,1.0,1.006557822227478,0,0,0.0,0.0,0.0,1.657288521528244e-05,5.4637202993035316e-05,-0.10185078531503677
3814,40,49,1.0,1.0065546035766602,0,0,0.0,0.0,0.0,1.6374746337532997e-05,4.838698077946901e-05,-0.10188901424407959
3815,40,50,1.0,1.0077074766159058,0,0,0.0,0.0,0.0,0.0003693185281008482,-7.544178515672684e-05,-0.2058667689561844
3816,40,51,1.0,1.0077073574066162,0,0,0.0,0.0,0.0,0.0003702244721353054,-7.713306695222855e-05,-0.20587152242660522
3817,40,52,1.0,1.00735604763031,0,0,0.0,0.0,-0.5,0.0004313632380217314,-0.0002157765266019851,-0.1775442212820053
3818,40,53,1.0,0.9975149035453796,0,0,0.0,0.0,-0.5,-0.0002764211967587471,-0.0007140261004678905,-0.5413072109222412
3819,40,54,1.0,0.9972653985023499,0,0,0.0,0.0,-0.5,-0.00040661683306097984,-0.0009166052332147956,-0.5267267227172852
3820,40,55,1.0,0.996748149394989,0,0,0.0,0.0,-0.5,-0.00018804788123816252,-0.0014450342860072851,-0.5122177600860596
3821,40,56,1.0,0.997594952583313,0,0,0.0,0.0,-0.5,0.0004950787406414747,-0.0009032540256157517,-0.5071560144424438
3822,40,57,1.0,0.9960587620735168,0,0,0.0,0.0,-0.5,0.0001735449768602848,-0.0010836777510121465,-0.5163531303405762
3823,40,58,1.0,0.9981424808502197,0,0,0.0,0.0,-0.5,-0.0003024762263521552,-0.0012736760545521975,-0.5295522212982178
3824,40,59,1.0,1.0001040697097778,0,0,0.0,0.0,-0.5,-0.0005227832589298487,-0.001275060698390007,-0.5287965536117554
3825,40,60,1.0,1.0076639652252197,0,0,0.0,0.0,-0.5,-0.0004938362399116158,-0.0005199545412324369,-0.5393856763839722
3826,40,61,1.0,1.0135854482650757,0,0,0.0,0.0,-0.5,9.202398359775543e-05,-0.0004239582922309637,-0.549602746963501
3827,40,62,1.0,1.0015844106674194,0,0,0.0,0.0,-0.5,0.0022821472957730293,0.0009784805588424206,-0.36486274003982544
3828,40,63,1.0,1.0003166198730469,0,0,0.0,0.0,0.0,0.0016151205636560917,0.001522220904007554,-0.21040652692317963
3829,40,64,1.0,1.2401487827301025,0,0,0.0,0.0,0.0,0.001989890355616808,0.0005822754465043545,0.018577272072434425
3830,40,65,1.0,1.2550631761550903,0,0,0.0,0.0,0.0,0.0019268989562988281,0.00041991390753537416,0.02012132667005062
3831,40,66,1.0,2.029022693634033,0,1,0.0,0.0,0.0,-0.0006232741288840771,0.00034786929609254,0.0024856403470039368
3832,40,67,1.0,2.029261589050293,0,1,0.0,0.0,0.0,-0.0006208618870005012,0.00032581231789663434,0.0024552512913942337
3833,40,68,1.0,2.040510892868042,0,1,0.0,0.0,0.0,-0.0001655857777222991,-0.00022755400277674198,0.001793093979358673
3834,40,69,2.0,2.0405030250549316,1,1,0.0,0.0,0.0,-0.0001671084901317954,-0.00022961347713135183,0.0017899759113788605
3835,40,70,2.0,2.038912773132324,1,1,0.0,0.0,0.0,0.0004974775947630405,-0.0007196153746917844,0.0014781774953007698
3836,40,71,2.0,2.04034686088562,1,1,0.0,0.0,0.0,0.00046732393093407154,-0.0011074224021285772,0.0016723843291401863
3837,40,72,2.0,2.039883613586426,1,1,0.0,0.0,0.0,-0.00018691271543502808,-0.0003668582357931882,0.007436143234372139
3838,40,73,2.0,2.0390243530273438,1,1,0.0,0.0,0.0,0.0001957386266440153,-0.0002800233487505466,0.00632642675191164
3839,40,74,2.0,2.0381455421447754,1,1,0.0,0.0,0.0,-1.2884847819805145e-06,0.00019504869123920798,0.005903841927647591
3840,40,75,2.0,2.0378787517547607,1,1,0.0,0.0,0.0,-2.6263296604156494e-06,-7.67555320635438e-06,0.00539514422416687
3841,40,76,1.0,1.9935128688812256,0,1,0.0,0.0,0.0,0.00019209366291761398,0.00233625341206789,-0.004685480147600174
3842,40,77,1.0,1.9975636005401611,0,1,0.0,0.0,0.0,0.00017865560948848724,0.0022549477871507406,-0.004097854718565941
3843,40,78,1.0,1.3587437868118286,0,0,0.0,0.0,0.0,0.0009132036939263344,0.0008077176753431559,0.054474927484989166
3844,40,79,1.0,1.3549797534942627,0,0,0.0,0.0,0.0,0.0009054273832589388,0.0007635991787537932,0.056027449667453766
3845,40,80,1.0,0.9798344969749451,0,0,0.0,0.0,0.0,0.0015064990147948265,-0.0011101081036031246,0.4111305773258209
3846,40,81,1.0,0.9798205494880676,0,0,0.0,0.0,0.0,0.0014812129084020853,-0.0011276088189333677,0.4108056426048279
3847,40,82,1.0,0.9885381460189819,0,0,0.0,0.0,0.0,0.00014673382975161076,-0.00014428957365453243,0.49247798323631287
3848,40,83,1.0,0.9886392951011658,0,0,0.0,0.0,0.0,0.00014448282308876514,-0.0001359509478788823,0.49310633540153503
3849,40,84,1.0,0.9881470203399658,0,0,0.0,0.0,0.5,0.00033615552820265293,0.00016607710858806968,0.4968371093273163
3850,40,85,1.0,1.0020521879196167,0,0,0.0,0.0,0.5,0.0002831416204571724,3.318709786981344e-05,0.518351674079895
3851,40,86,1.0,1.0005559921264648,0,0,0.0,0.0,0.5,0.000413285568356514,-0.0002414257323835045,0.516963005065918
3852,40,87,1.0,1.0019468069076538,0,0,0.0,0.0,0.5,0.00013208878226578236,-0.00032883413950912654,0.5171025991439819
3853,40,88,1.0,1.0006630420684814,0,0,0.0,0.0,0.5,0.0005132395308464766,2.2218446247279644e-06,0.5161949396133423
3854,40,89,1.0,1.0003446340560913,0,0,0.0,0.0,0.5,0.00026451097801327705,0.0002281474880874157,0.515717625617981
3855,40,90,1.0,1.000441074371338,0,0,0.0,0.0,0.5,2.1884683519601822e-05,0.00016364525072276592,0.5155495405197144
3856,40,91,1.0,0.9997074604034424,0,0,0.0,0.0,0.5,0.00018743053078651428,-1.73143926076591e-05,0.5175113677978516
3857,40,92,1.0,0.9997302889823914,0,0,0.0,0.0,0.5,8.630356751382351e-05,0.0005939615657553077,0.5179198980331421
3858,40,93,1.0,0.998070478439331,0,0,0.0,0.0,0.5,0.00020971894264221191,0.0002829571603797376,0.5159314870834351
3859,41,0,1.0,0.9950827956199646,0,0,0.0,0.0,0.0,-0.006025385111570358,-0.0031903281342238188,0.007532333955168724
3860,41,1,1.0,0.9958500862121582,0,0,0.0,0.0,0.0,-0.006645725574344397,-0.0029015883337706327,0.004576948471367359
3861,41,2,1.0,0.9960649609565735,0,0,0.0,0.0,0.0,-0.00920834019780159,-0.0016860649921000004,-0.0007609007880091667
3862,41,3,1.0,0.9957765340805054,0,0,0.0,0.0,0.0,-0.009173196740448475,-0.0016628894954919815,5.871150642633438e-05
3863,41,4,1.0,0.9951233267784119,0,0,0.0,0.0,0.0,-0.008701443672180176,-0.0011683134362101555,0.0006430596113204956
3864,41,5,1.0,0.9951052069664001,0,0,0.0,0.0,0.0,-0.00865473784506321,-0.0011234281118959188,0.0008849352598190308
3865,41,6,1.0,0.9909818768501282,0,0,0.0,0.0,0.0,0.16397392749786377,-0.00019538812921382487,-0.006005359813570976
3866,41,7,1.0,0.9909714460372925,0,0,0.0,0.0,0.0,0.16410909593105316,-0.00019699594122357666,-0.005945607554167509
3867,41,8,1.0,0.9872034788131714,0,0,0.0,0.0,0.0,0.2571859657764435,0.00011591683141887188,-0.007279613986611366
3868,41,9,1.0,0.9871978759765625,0,0,0.0,0.0,0.0,0.257191002368927,0.0001150459866039455,-0.00727265328168869
3869,41,10,1.0,0.9859773516654968,0,0,0.0,0.0,0.0,0.2705274224281311,-0.0004525865369942039,-0.007301875855773687
3870,41,11,1.0,0.98597651720047,0,0,0.0,0.0,0.0,0.27052760124206543,-0.0004528127028606832,-0.007300304714590311
3871,41,12,1.0,0.9880039095878601,0,0,0.25,0.0,0.0,0.2757105529308319,-0.0015725689008831978,-0.008119613863527775
3872,41,13,1.0,0.9955006241798401,0,0,0.25,0.0,0.0,0.27189117670059204,-0.00023201154544949532,-0.00896651390939951
3873,41,14,1.0,1.0042790174484253,0,0,0.25,0.0,0.0,0.2676021456718445,-0.002120312536135316,-0.0062646688893437386
3874,41,15,1.0,1.0205820798873901,0,0,0.25,0.0,0.0,0.2665828764438629,-0.00264725205488503,-0.01136958971619606
3875,41,16,1.0,1.0312167406082153,0,0,0.25,0.0,0.0,0.26731371879577637,-0.002632463350892067,-0.013368891552090645
3876,41,17,1.0,0.9947263598442078,0,0,0.25,0.0,0.0,0.27210256457328796,-0.000997613649815321,-0.017008870840072632
3877,41,18,1.0,0.9850921034812927,0,0,0.25,0.0,0.0,0.2418609857559204,-0.000428577302955091,-0.020487751811742783
3878,41,19,1.0,0.9915981292724609,0,0,0.0,0.0,0.0,0.10852127522230148,-0.0001891918363980949,-0.012197824195027351
3879,41,20,1.0,1.001869559288025,0,0,0.0,0.0,0.0,0.015085410326719284,0.0003442696179263294,-1.6633421182632446e-05
3880,41,21,1.0,0.9976193308830261,0,0,0.0,0.0,0.0,-0.006879283580929041,-0.002402080222964287,0.0019343327730894089
3881,41,22,1.0,0.9999458193778992,0,0,0.0,0.0,0.0,-0.0006057611899450421,-0.005228910595178604,-0.001553321722894907
3882,41,23,1.0,0.9993686676025391,0,0,0.0,0.0,0.0,-0.0007367072394117713,-0.004216316156089306,-0.002719163428992033
3883,41,24,1.0,0.9962178468704224,0,0,0.0,0.0,0.0,0.002138829790055752,0.08415136486291885,-0.005167240276932716
3884,41,25,1.0,0.9960528016090393,0,0,0.0,0.0,0.0,0.0021527251228690147,0.08727193623781204,-0.005469511263072491
3885,41,26,1.0,0.9948400259017944,0,0,0.0,0.25,0.0,0.001241795951500535,0.23607152700424194,-0.00421100202947855
3886,41,27,1.0,0.9817447066307068,0,0,0.0,0.25,0.0,0.000901264138519764,0.2673356235027313,-0.005337652750313282
3887,41,28,1.0,0.9856899380683899,0,0,0.0,0.25,0.0,0.0005855048075318336,0.27061256766319275,-0.0029757479205727577
3888,41,29,1.0,0.9886523485183716,0,0,0.0,0.25,0.0,0.00010098656639456749,0.26799464225769043,-0.0032557579688727856
3889,41,30,1.0,0.9874752759933472,0,0,0.0,0.25,0.0,0.00032370281405746937,0.2696113586425781,-0.004826763179153204
3890,41,31,1.0,0.9880037307739258,0,0,0.0,0.25,0.0,2.2412044927477837e-05,0.2679727375507355,-0.006175476126372814
3891,41,32,1.0,0.9892919063568115,0,0,0.0,0.25,0.0,0.00019798916764557362,0.26886269450187683,-0.005386614240705967
3892,41,33,1.0,0.990671694278717,0,0,0.0,0.25,0.0,0.0013363119214773178,0.27278366684913635,-0.006919316481798887
3893,41,34,1.0,0.9927601218223572,0,0,0.0,0.25,0.0,0.0013096944894641638,0.2748464047908783,-0.009583215229213238
3894,41,35,1.0,0.9933503866195679,0,0,0.0,0.25,0.0,0.0015150606632232666,0.26990917325019836,-0.011218705214560032
3895,41,36,1.0,0.9972934126853943,0,0,0.0,0.0,0.0,0.0007290719076991081,0.12614522874355316,-0.01934261992573738
3896,41,37,1.0,1.0032646656036377,0,0,0.0,0.0,0.0,0.0008554654195904732,0.01809554547071457,-0.027693161740899086
3897,41,38,1.0,1.0017021894454956,0,0,0.0,0.0,0.0,-0.0001977937063202262,0.0037674789782613516,-0.019745726138353348
3898,41,39,1.0,1.0018264055252075,0,0,0.0,0.0,0.0,-0.0004014016594737768,-0.0023832740262150764,-0.017833711579442024
3899,41,40,1.0,1.0024772882461548,0,0,0.0,0.0,0.0,-6.178626790642738e-06,-0.001728397561237216,-0.014525363221764565
3900,41,41,1.0,1.0024195909500122,0,0,0.0,0.0,0.0,-8.745118975639343e-06,-0.002421004930511117,-0.014241253025829792
3901,41,42,1.0,1.0013000965118408,0,0,0.0,0.0,0.0,-0.0004410538822412491,-0.0023024471011012793,-0.0016920436173677444
3902,41,43,1.0,1.0012940168380737,0,0,0.0,0.25,0.0,-0.0004368091467767954,-0.0024053596425801516,-0.0016243327409029007
3903,41,44,1.0,1.0021475553512573,0,0,0.0,0.0,0.0,0.0005880007520318031,0.0038947255816310644,0.012388158589601517
3904,41,45,1.0,1.0016475915908813,0,0,0.0,0.0,0.0,0.0003310020547360182,0.0013606622815132141,0.015386223793029785
3905,41,46,1.0,1.0060011148452759,0,0,0.0,0.0,0.0,0.0006952874828130007,-0.0026502986438572407,-0.021340642124414444
3906,41,47,1.0,1.00603187084198,0,0,0.0,0.0,0.0,0.0006504599004983902,-0.002740365918725729,-0.02116721123456955
3907,41,48,1.0,1.0052624940872192,0,0,0.0,0.0,0.0,0.0002491723280400038,-0.0008202336030080914,-0.01823459379374981
3908,41,49,1.0,1.005262017250061,0,0,0.0,0.0,0.0,0.0002452479675412178,-0.0008355776662938297,-0.018173929303884506
3909,41,50,1.0,1.0063064098358154,0,0,0.0,0.0,0.0,0.0005613453686237335,0.0002338907797820866,-0.08703628182411194
3910,41,51,1.0,1.006305456161499,0,0,0.0,0.0,0.0,0.0005620582960546017,0.0002313748118467629,-0.08703992515802383
3911,41,52,1.0,1.0077314376831055,0,0,0.0,0.0,-0.5,0.0006952348630875349,-5.731591954827309e-06,-0.19877825677394867
3912,41,53,1.0,0.9984186291694641,0,0,0.0,0.0,-0.5,-0.0010239712428301573,0.000464495038613677,-0.5451787710189819
3913,41,54,1.0,0.9985233545303345,0,0,0.0,0.0,-0.5,-0.0005522097926586866,0.0001377034350298345,-0.5363764762878418
3914,41,55,1.0,0.9980968832969666,0,0,0.0,0.0,-0.5,-0.0008674601558595896,-0.000811747508123517,-0.5305492877960205
3915,41,56,1.0,0.9979633688926697,0,0,0.0,0.0,-0.5,-0.0005931091727688909,-0.0006049915682524443,-0.5146496295928955
3916,41,57,1.0,0.9981033205986023,0,0,0.0,0.0,-0.5,-0.0005696740699931979,-0.0010487234685570002,-0.5158326625823975
3917,41,58,1.0,0.9979543685913086,0,0,0.0,0.0,-0.5,-0.000800040434114635,-0.0015294791664928198,-0.5217511653900146
3918,41,59,1.0,0.9997385144233704,0,0,0.0,0.0,-0.5,-0.0007749523501843214,-0.0015461095608770847,-0.5290107727050781
3919,41,60,1.0,1.0090161561965942,0,0,0.0,0.0,-0.5,-0.0005076730158179998,-0.000519007327966392,-0.5407218933105469
3920,41,61,1.0,1.013230562210083,0,0,0.0,0.0,-0.5,-0.0006320745451375842,-0.00047764077316969633,-0.5454438924789429
3921,41,62,1.0,1.008763074874878,0,0,0.0,0.0,-0.5,0.0007533237803727388,0.0004067182308062911,-0.48220938444137573
3922,41,63,1.0,1.009932279586792,0,0,0.0,0.0,0.0,0.000979346688836813,0.0009072578977793455,-0.41471531987190247
3923,41,64,1.0,0.9988183379173279,0,0,0.0,0.0,0.0,0.0009310974273830652,0.0004902493674308062,-0.013539672829210758
3924,41,65,1.0,0.9987672567367554,0,0,0.0,0.0,0.0,0.0009001870639622211,0.0004523770185187459,-0.008456823416054249
3925,41,66,1.0,1.3659708499908447,0,0,0.0,0.0,0.0,0.0016697943210601807,6.556400330737233e-05,0.02861233800649643
3926,41,67,1.0,1.3678535223007202,0,0,0.0,0.0,0.0,0.0016620538663119078,5.603156751021743e-05,0.02868664264678955
3927,41,68,1.0,1.8131178617477417,0,1,0.0,0.0,0.0,0.0005244533531367779,-0.00017987089813686907,0.009571930393576622
3928,41,69,1.0,1.8136107921600342,0,1,0.0,0.0,0.0,0.0005180966109037399,-0.00018424331210553646,0.00955146923661232
3929,41,70,2.0,1.4362812042236328,1,0,0.0,0.0,0.0,0.0017221178859472275,0.00023368769325315952,0.023286432027816772
3930,41,71,2.0,2.039794683456421,1,1,0.0,0.0,0.0,0.000636096578091383,-0.00023318588500842452,0.0001329733058810234
3931,41,72,2.0,2.03848934173584,1,1,0.0,0.0,0.0,0.0001687435433268547,0.00019861327018588781,0.0015851594507694244
3932,41,73,2.0,2.038811683654785,1,1,0.0,0.0,0.0,0.00024536089040338993,4.3659412767738104e-05,0.003757072612643242
3933,41,74,2.0,2.0404317378997803,1,1,0.0,0.0,0.0,-0.00015257089398801327,0.0001530460431240499,0.005136790685355663
3934,41,75,2.0,2.040403127670288,1,1,0.0,0.0,0.0,-0.0001840515760704875,0.00015274027828127146,0.005189715884625912
3935,41,76,2.0,2.040847063064575,1,1,0.0,0.0,0.0,-0.0003509253729134798,0.0003049850929528475,0.004901783540844917
3936,41,77,2.0,2.040836811065674,1,1,0.0,0.0,0.0,-0.000361262122169137,0.0003060357994399965,0.004905276000499725
3937,41,78,1.0,2.0405797958374023,0,1,0.0,0.0,0.0,-0.0004644574364647269,0.00023964355932548642,0.006243451498448849
3938,41,79,1.0,2.040571451187134,0,1,0.0,0.0,0.0,-0.0004654072690755129,0.0002387699205428362,0.00623386912047863
3939,41,80,1.0,1.8671324253082275,0,1,0.0,0.0,0.0,0.0006967580411583185,-0.0008473141933791339,0.002860579639673233
3940,41,81,1.0,1.8621397018432617,0,1,0.0,0.0,0.0,0.0007619741372764111,-0.0008582568843849003,0.0030155451968312263
3941,41,82,1.0,0.9842562675476074,0,0,0.0,0.0,0.0,0.0010116531047970057,-0.00028663408011198044,0.42310747504234314
3942,41,83,1.0,0.9841461181640625,0,0,0.0,0.0,0.0,0.0010191048495471478,-0.00029168822220526636,0.4239741861820221
3943,41,84,1.0,0.9825053811073303,0,0,0.0,0.0,0.0,0.0011205996852368116,2.394948387518525e-05,0.4536697566509247
3944,41,85,1.0,0.9824923276901245,0,0,0.0,0.0,0.0,0.0011234497651457787,2.571195363998413e-05,0.45402535796165466
3945,41,86,1.0,0.9829807877540588,0,0,0.0,0.0,0.0,0.000896034762263298,-5.681096808984876e-05,0.46474841237068176
3946,41,87,1.0,0.9829768538475037,0,0,0.0,0.0,0.5,0.0008975896053016186,-5.4928241297602654e-05,0.4649589955806732
3947,41,88,1.0,0.992705762386322,0,0,0.0,0.0,0.5,0.0002423019614070654,0.00045547785703092813,0.5191817283630371
3948,41,89,1.0,0.999186635017395,0,0,0.0,0.0,0.5,0.0005107393953949213,-0.00011989072663709521,0.5178754329681396
3949,41,90,1.0,0.9996467232704163,0,0,0.0,0.0,0.5,0.0005208661314100027,-9.203958325088024e-05,0.5152308940887451
3950,41,91,1.0,0.9993651509284973,0,0,0.0,0.0,0.5,0.0006151997949928045,3.396009560674429e-06,0.5153639316558838
3951,41,92,1.0,0.9997925758361816,0,0,0.0,0.0,0.5,0.00032274029217660427,-0.00026008920394815505,0.5167719125747681
3952,41,93,1.0,0.9991787672042847,0,0,0.0,0.0,0.5,0.0004571422468870878,-0.00013510772259905934,0.5156826972961426
3953,41,94,1.0,0.997583270072937,0,0,0.0,0.0,0.5,0.0002591833472251892,4.922662628814578e-05,0.5184605121612549
3954,41,95,1.0,0.9996297359466553,0,0,0.0,0.0,0.5,0.00042962003499269485,0.00010653614299371839,0.519199013710022
3955,41,96,1.0,0.9993418455123901,0,0,0.0,0.0,0.5,0.0001449498813599348,0.00018441485008224845,0.5198198556900024
3956,42,0,1.0,0.9947889447212219,0,0,0.0,0.0,0.0,-0.006080630235373974,0.00539840292185545,0.005173139274120331
3957,42,1,1.0,0.9952613115310669,0,0,0.0,0.0,0.0,-0.00701514258980751,0.0060646310448646545,-0.00044838525354862213
3958,42,2,1.0,0.996493399143219,0,0,0.0,0.0,0.0,-0.008830323815345764,0.0038068608846515417,0.005025219172239304
3959,42,3,1.0,0.996549129486084,0,0,0.0,0.0,0.0,-0.008664146065711975,0.0039041482377797365,0.0056573087349534035
3960,42,4,1.0,1.0001757144927979,0,0,0.0,0.0,0.0,-0.008457778953015804,-0.001933668158017099,-0.0031931838020682335
3961,42,5,1.0,1.0001451969146729,0,0,0.0,0.0,0.0,-0.008418932557106018,-0.0019014142453670502,-0.002999237272888422
3962,42,6,1.0,0.9969672560691833,0,0,0.0,0.0,0.0,0.03663593903183937,0.0035505585838109255,-0.0007275892421603203
3963,42,7,1.0,0.9969666004180908,0,0,0.0,0.0,0.0,0.03670988604426384,0.003557562595233321,-0.000665660947561264
3964,42,8,1.0,0.9923146367073059,0,0,0.0,0.0,0.0,0.24414579570293427,-0.0010168604785576463,-0.0008245157077908516
3965,42,9,1.0,0.9923107624053955,0,0,0.0,0.0,0.0,0.2441551834344864,-0.0010177157819271088,-0.0008205417543649673
3966,42,10,1.0,0.9856429100036621,0,0,0.0,0.0,0.0,0.27210724353790283,-0.0015555836725980043,-0.0052110375836491585
3967,42,11,1.0,0.9856421947479248,0,0,0.0,0.0,0.0,0.2721078395843506,-0.0015553523553535342,-0.005209757946431637
3968,42,12,1.0,0.9852129817008972,0,0,0.25,0.0,0.0,0.282465398311615,0.0004757276037707925,-0.009384090080857277
3969,42,13,1.0,0.9844034314155579,0,0,0.25,0.0,0.0,0.2783603072166443,0.0010172765469178557,-0.008842677809298038
3970,42,14,1.0,0.9871172904968262,0,0,0.25,0.0,0.0,0.27871763706207275,-0.0007118398789316416,-0.00579434260725975
3971,42,15,1.0,0.9992474317550659,0,0,0.25,0.0,0.0,0.2759134769439697,0.00023853644961491227,-0.002834480721503496
3972,42,16,1.0,0.9957026243209839,0,0,0.25,0.0,0.0,0.258323609828949,-0.002923408756032586,-0.011736529879271984
3973,42,17,1.0,1.003028392791748,0,0,0.0,0.0,0.0,0.08039239794015884,-0.002369522349908948,-0.03399410843849182
3974,42,18,1.0,1.0024768114089966,0,0,0.0,0.0,0.0,0.005124071147292852,-6.309436867013574e-05,-0.024097677320241928
3975,42,19,1.0,1.0016049146652222,0,0,0.0,0.0,0.0,-0.0013041384518146515,0.0010324850445613265,-0.019653750583529472
3976,42,20,1.0,1.0002083778381348,0,0,0.0,0.0,0.0,-0.00343001214787364,0.0012663670349866152,-0.012221156619489193
3977,42,21,1.0,1.0002162456512451,0,0,0.0,0.0,0.0,-0.003951273392885923,0.0012115248246118426,-0.012204423546791077
3978,42,22,1.0,0.9963663220405579,0,0,0.0,0.0,0.0,-0.002161293523386121,0.0010003614006564021,-0.009413635358214378
3979,42,23,1.0,0.9963584542274475,0,0,0.0,0.0,0.0,-0.002246629446744919,0.0009620002238079906,-0.009661121293902397
3980,42,24,1.0,0.9940512776374817,0,0,0.0,0.0,0.0,-0.0019033541902899742,0.0005555057432502508,-0.008473806083202362
3981,42,25,1.0,0.9940484762191772,0,0,0.0,-0.25,0.0,-0.0019195765489712358,0.0005461305845528841,-0.00853880774229765
3982,42,26,1.0,0.9962183833122253,0,0,0.0,-0.25,0.0,0.0010763639584183693,-0.22459742426872253,-0.01604204624891281
3983,42,27,1.0,0.9927194118499756,0,0,0.0,-0.25,0.0,0.0005354699678719044,-0.26763227581977844,-0.010526771657168865
3984,42,28,1.0,0.993914008140564,0,0,0.0,-0.25,0.0,0.00015890575014054775,-0.2693020701408386,-0.009078031405806541
3985,42,29,1.0,0.9928796887397766,0,0,0.0,-0.25,0.0,0.0002562010195106268,-0.2724502384662628,-0.005649636499583721
3986,42,30,1.0,0.9924132227897644,0,0,0.0,-0.25,0.0,-8.17030668258667e-05,-0.27384671568870544,-0.0034228567965328693
3987,42,31,1.0,0.9919618368148804,0,0,0.0,-0.25,0.0,-0.0001530149020254612,-0.274056077003479,-0.0012025046162307262
3988,42,32,1.0,0.9936741590499878,0,0,0.0,-0.25,0.0,0.00026693264953792095,-0.2753870487213135,-0.00015105772763490677
3989,42,33,1.0,0.9972823262214661,0,0,0.0,-0.25,0.0,0.0012532626278698444,-0.27663812041282654,-0.006907945033162832
3990,42,34,1.0,0.9990863800048828,0,0,0.0,-0.25,0.0,0.0010576860513538122,-0.2736551761627197,-0.004696440417319536
3991,42,35,1.0,1.0035783052444458,0,0,0.0,0.0,0.0,0.0016774111427366734,-0.25575369596481323,-0.006306740455329418
3992,42,36,1.0,1.0011117458343506,0,0,0.0,0.0,0.0,-9.050802327692509e-05,-0.06570959091186523,-0.013784017413854599
3993,42,37,1.0,1.0032089948654175,0,0,0.0,0.0,0.0,0.0004493540618568659,-0.01519689615815878,-0.015732629224658012
3994,42,38,1.0,1.0028629302978516,0,0,0.0,0.0,0.0,-0.0004957469645887613,-0.005333803594112396,-0.022715885192155838
3995,42,39,1.0,1.003070592880249,0,0,0.0,0.0,0.0,-0.0004883514484390616,-0.0024289386346936226,-0.022636335343122482
3996,42,40,1.0,1.0045130252838135,0,0,0.0,0.0,0.0,-0.0007503463421016932,0.0013687817845493555,-0.016381166875362396
3997,42,41,1.0,1.004547119140625,0,0,0.0,0.0,0.0,-0.0007530286675319076,0.001828071428462863,-0.01637081801891327
3998,42,42,1.0,1.003004550933838,0,0,0.0,-0.25,0.0,-0.0005954104708507657,-0.0004450674168765545,-0.019538242369890213
3999,42,43,1.0,1.0016274452209473,0,0,0.0,0.0,0.0,-0.0003033855464309454,-0.02143244445323944,-0.019666355103254318
4000,42,44,1.0,1.0021319389343262,0,0,0.0,0.0,0.0,0.00022459682077169418,-0.01322034653276205,-0.0039335801266133785
4001,42,45,1.0,1.0014150142669678,0,0,0.0,0.0,0.0,6.874208338558674e-05,-0.006671413779258728,-0.0030164439231157303
4002,42,46,1.0,1.0001660585403442,0,0,0.0,0.0,0.0,0.00028155255131423473,-0.00332821486517787,-0.0009237313643097878
4003,42,47,1.0,1.0002166032791138,0,0,0.0,0.0,0.0,0.000251496909186244,-0.0027733200695365667,-0.001036542933434248
4004,42,48,1.0,1.0035767555236816,0,0,0.0,0.0,0.0,0.00041235960088670254,-0.0022117705084383488,-0.02539241872727871
4005,42,49,1.0,1.0035878419876099,0,0,0.0,0.0,0.0,0.0004069667775183916,-0.0021867980249226093,-0.025510841980576515
4006,42,50,1.0,1.0061922073364258,0,0,0.0,0.0,0.0,0.0007313808891922235,-0.0019512244034558535,-0.025735698640346527
4007,42,51,1.0,1.006193995475769,0,0,0.0,0.0,0.0,0.0007309820502996445,-0.0019489865517243743,-0.02578207664191723
4008,42,52,1.0,1.0060614347457886,0,0,0.0,0.0,0.0,0.0008447442669421434,-0.0013281323481351137,-0.024205870926380157
4009,42,53,1.0,1.0060621500015259,0,0,0.0,0.0,0.0,0.0008448832668364048,-0.001327658537775278,-0.02422397769987583
4010,42,54,1.0,1.0063844919204712,0,0,0.0,0.0,0.0,0.000840871362015605,-0.0012034050887450576,-0.024943657219409943
4011,42,55,1.0,1.0063846111297607,0,0,0.0,0.0,0.0,0.0008408315479755402,-0.0012031847145408392,-0.024948036298155785
4012,42,56,1.0,1.0070381164550781,0,0,0.0,0.0,-0.5,0.0010670777410268784,-0.0008362843655049801,-0.07180912792682648
4013,42,57,1.0,1.0020924806594849,0,0,0.0,0.0,-0.5,-0.001128532225266099,-3.733433550223708e-05,-0.5499324798583984
4014,42,58,1.0,0.9994056820869446,0,0,0.0,0.0,-0.5,-0.0008340128697454929,-0.0004465062520466745,-0.5429062843322754
4015,42,59,1.0,0.999350905418396,0,0,0.0,0.0,-0.5,-0.001237004529684782,-0.0011757792672142386,-0.5311338901519775
4016,42,60,1.0,0.9990453720092773,0,0,0.0,0.0,-0.5,-0.0008775662863627076,-0.001225330401211977,-0.5241819620132446
4017,42,61,1.0,0.9988349676132202,0,0,0.0,0.0,-0.5,-0.000990500906482339,-0.0014396116603165865,-0.5304033756256104
4018,42,62,1.0,1.0000547170639038,0,0,0.0,0.0,-0.5,-0.0007543028332293034,-0.0011981036514043808,-0.5284041166305542
4019,42,63,1.0,1.002925157546997,0,0,0.0,0.0,-0.5,-0.0012769476743414998,-0.001267079496756196,-0.5328913927078247
4020,42,64,1.0,1.0050395727157593,0,0,0.0,0.0,-0.5,-0.001389426994137466,-0.00057478022063151,-0.5419999361038208
4021,42,65,1.0,1.0078401565551758,0,0,0.0,0.0,-0.5,-0.0014739835169166327,0.00014747120440006256,-0.5425366163253784
4022,42,66,1.0,1.0084961652755737,0,0,0.0,0.0,-0.5,0.0010231162887066603,0.0005858165677636862,-0.375908225774765
4023,42,67,1.0,1.0095312595367432,0,0,0.0,0.0,-0.5,0.0009928075596690178,0.00039685796946287155,-0.35947102308273315
4024,42,68,1.0,1.0020536184310913,0,0,0.0,0.0,0.0,0.0016696411184966564,6.445025792345405e-05,-0.03394670784473419
4025,42,69,1.0,1.0021450519561768,0,0,0.0,0.0,0.0,0.0016822069883346558,4.048721166327596e-05,-0.030653243884444237
4026,42,70,1.0,1.3029333353042603,0,0,0.0,0.0,0.0,0.002631616313010454,-0.0003846187028102577,0.014964604750275612
4027,42,71,1.0,1.304770588874817,0,0,0.0,0.0,0.0,0.002622040454298258,-0.00038111029425635934,0.015100084245204926
4028,42,72,1.0,1.742234230041504,0,1,0.0,0.0,0.0,0.001340312883257866,-0.0004225867160130292,0.009656541049480438
4029,42,73,2.0,1.7430427074432373,1,1,0.0,0.0,0.0,0.0013346986379474401,-0.00042337144259363413,0.009666185826063156
4030,42,74,2.0,2.0394680500030518,1,1,0.0,0.0,0.0,0.0009598990436643362,-0.00031972507713362575,-0.0013574454933404922
4031,42,75,2.0,2.0382766723632812,1,1,0.0,0.0,0.0,0.0005443107802420855,-0.0007867187377996743,-0.00014911126345396042
4032,42,76,2.0,2.040588855743408,1,1,0.0,0.0,0.0,0.0007318828720599413,6.586377276107669e-05,0.005124622955918312
4033,42,77,2.0,2.040649175643921,1,1,0.0,0.0,0.0,0.0007191016338765621,0.00011005601845681667,0.005384410731494427
4034,42,78,2.0,2.0408554077148438,1,1,0.0,0.0,0.0,0.0007090624421834946,-1.9521394278854132e-05,0.0051197148859500885
4035,42,79,2.0,2.0408596992492676,1,1,0.0,0.0,0.0,0.0007097560446709394,-1.5489524230360985e-05,0.0051237670704722404
4036,42,80,2.0,2.0449535846710205,1,1,0.0,0.0,0.0,6.593228317797184e-05,-0.0004973156028427184,0.005517957732081413
4037,42,81,1.0,2.0449492931365967,0,1,0.0,0.0,0.0,6.445939652621746e-05,-0.0004931121948175132,0.005523988977074623
4038,42,82,1.0,1.9731640815734863,0,1,0.0,0.0,0.0,0.0004634533543139696,-0.0014561153948307037,0.0022089704871177673
4039,42,83,1.0,1.9728710651397705,0,1,0.0,0.0,0.0,0.00046025123447179794,-0.001458429149352014,0.0022031813859939575
4040,42,84,1.0,2.0406928062438965,0,1,0.0,0.0,0.0,7.766531780362129e-05,-0.0008411378948949277,0.005648312158882618
4041,42,85,1.0,2.040735960006714,0,1,0.0,0.0,0.0,7.625599391758442e-05,-0.0008384104585275054,0.0056684138253331184
4042,42,86,1.0,1.3935929536819458,0,0,0.0,0.0,0.0,0.0013542710803449154,-0.0017478244844824076,0.07500507682561874
4043,42,87,1.0,1.3921637535095215,0,0,0.0,0.0,0.0,0.0013542897067964077,-0.0017462446121498942,0.07550391554832458
4044,42,88,1.0,1.0165095329284668,0,0,0.0,0.0,0.0,0.000882752938196063,-7.790187373757362e-05,0.3367618918418884
4045,42,89,1.0,1.0157822370529175,0,0,0.0,0.0,0.5,0.0008628352079540491,-6.92389439791441e-05,0.33850395679473877
4046,42,90,1.0,0.9962154626846313,0,0,0.0,0.0,0.5,-7.786275818943977e-05,-0.00022126201656647027,0.5200616121292114
4047,42,91,1.0,0.9994179010391235,0,0,0.0,0.0,0.5,0.0003069646190851927,-8.184794569388032e-05,0.5201132297515869
4048,42,92,1.0,1.0002399682998657,0,0,0.0,0.0,0.5,0.00043639889918267727,-0.0001630652986932546,0.5200917720794678
4049,42,93,1.0,1.0003503561019897,0,0,0.0,0.0,0.5,0.00036704097874462605,-0.00020292456611059606,0.51819908618927
4050,42,94,1.0,0.9986297488212585,0,0,0.0,0.0,0.5,9.18656587600708e-05,0.00041558954399079084,0.5214418172836304
4051,42,95,1.0,0.9994546175003052,0,0,0.0,0.0,0.5,7.452210411429405e-06,0.00019117147894576192,0.5197069644927979
4052,42,96,1.0,0.9991419315338135,0,0,0.0,0.0,0.5,1.4308374375104904e-05,0.00038523459807038307,0.5183846950531006
4053,42,97,1.0,0.9978571534156799,0,0,0.0,0.0,0.5,0.0004028906114399433,-4.030106356367469e-05,0.5204794406890869
4054,42,98,1.0,0.9988545775413513,0,0,0.0,0.0,0.5,0.0001506446860730648,0.00010979699436575174,0.5204411745071411
4055,43,0,1.0,0.9950876235961914,0,0,0.0,0.0,0.0,0.004324013367295265,0.0023768336977809668,-0.005682307295501232
4056,43,1,1.0,0.995345950126648,0,0,0.0,0.0,0.0,0.004280135501176119,0.0022179533261805773,-0.012204013764858246
4057,43,2,1.0,0.9951173067092896,0,0,0.0,0.0,0.0,0.004628842230886221,0.0023902147077023983,-0.009407422505319118
4058,43,3,1.0,0.9950558543205261,0,0,0.0,0.0,0.0,0.004743038211017847,0.0024003114085644484,-0.008327700197696686
4059,43,4,1.0,0.995211124420166,0,0,0.0,0.0,0.0,0.004795145709067583,-0.0018019212875515223,-0.014441672712564468
4060,43,5,1.0,0.9952295422554016,0,0,0.0,0.0,0.0,0.004844177979975939,-0.001801283098757267,-0.01422020886093378
4061,43,6,1.0,1.0003637075424194,0,0,0.0,0.0,0.0,-0.02187764085829258,-0.001643655588850379,-0.008000092580914497
4062,43,7,1.0,1.0003684759140015,0,0,0.0,0.0,0.0,-0.021834833547472954,-0.001650349353440106,-0.007942788302898407
4063,43,8,1.0,0.9901015758514404,0,0,0.0,0.0,0.0,-0.16059574484825134,-0.00027218463947065175,-0.014971885830163956
4064,43,9,1.0,0.9901036024093628,0,0,0.0,0.0,0.0,-0.1605791598558426,-0.0002720182528719306,-0.014959728345274925
4065,43,10,1.0,0.9871464967727661,0,0,0.0,0.0,0.0,-0.1966019719839096,-2.6625581085681915e-05,-0.014068626798689365
4066,43,11,1.0,0.9871470928192139,0,0,0.0,0.0,0.0,-0.1965988129377365,-2.628506626933813e-05,-0.01406574621796608
4067,43,12,1.0,0.9725852608680725,0,0,-0.25,0.0,0.0,-0.2808569669723511,-0.0002017504593823105,-0.008134622126817703
4068,43,13,1.0,0.9735162258148193,0,0,-0.25,0.0,0.0,-0.27640217542648315,0.0014791812282055616,-0.007892698980867863
4069,43,14,1.0,0.9760488271713257,0,0,-0.25,0.0,0.0,-0.2788645029067993,0.002344087464734912,-0.007150490768253803
4070,43,15,1.0,0.9789416790008545,0,0,-0.25,0.0,0.0,-0.28223565220832825,0.0037357776891440153,-0.010936428792774677
4071,43,16,1.0,0.9794319868087769,0,0,-0.25,0.0,0.0,-0.285978764295578,0.004751573316752911,-0.0160218458622694
4072,43,17,1.0,0.9772622585296631,0,0,-0.25,0.0,0.0,-0.28806009888648987,0.0027253886219114065,-0.02111460641026497
4073,43,18,1.0,0.9914981722831726,0,0,-0.25,0.0,0.0,-0.20112064480781555,0.000538682914339006,-0.018810831010341644
4074,43,19,1.0,0.9937694668769836,0,0,0.0,0.0,0.0,-0.10550622642040253,-0.0020347503013908863,-0.016330890357494354
4075,43,20,1.0,0.9929270148277283,0,0,0.0,0.0,0.0,0.0016401864122599363,-4.68901707790792e-05,-0.018341539427638054
4076,43,21,1.0,0.9929940104484558,0,0,0.0,0.0,0.0,0.005368456710129976,-3.417982952669263e-05,-0.018968721851706505
4077,43,22,1.0,0.9957669973373413,0,0,0.0,0.0,0.0,0.006877587642520666,0.0002071679919026792,-0.012003345414996147
4078,43,23,1.0,0.9959135055541992,0,0,0.0,0.0,0.0,0.007112310733646154,9.455130202695727e-05,-0.012127886526286602
4079,43,24,1.0,1.0024300813674927,0,0,0.0,0.0,0.0,-0.0006058126455172896,-0.15540103614330292,-0.012136172503232956
4080,43,25,1.0,1.0024594068527222,0,0,0.0,0.0,0.0,-0.0006041111191734672,-0.15546923875808716,-0.012085109017789364
4081,43,26,1.0,1.000388503074646,0,0,0.0,0.0,0.0,-0.0014439420774579048,-0.2416735589504242,-0.011241396889090538
4082,43,27,1.0,1.0003926753997803,0,0,0.0,0.0,0.0,-0.0014445174019783735,-0.24168962240219116,-0.011234422214329243
4083,43,28,1.0,0.9941002726554871,0,0,0.0,-0.25,0.0,-0.0009652805747464299,-0.2737995684146881,-0.011144554242491722
4084,43,29,1.0,0.9893260598182678,0,0,0.0,-0.25,0.0,0.00033547356724739075,-0.27230003476142883,-0.005717097315937281
4085,43,30,1.0,0.9855567216873169,0,0,0.0,-0.25,0.0,0.001363883027806878,-0.27591583132743835,-0.0025852215476334095
4086,43,31,1.0,0.9871390461921692,0,0,0.0,-0.25,0.0,-5.871464964002371e-05,-0.2771529257297516,-0.00236140051856637
4087,43,32,1.0,0.992986261844635,0,0,0.0,-0.25,0.0,-0.000611421768553555,-0.27246999740600586,-0.007921330630779266
4088,43,33,1.0,0.9936286807060242,0,0,0.0,-0.25,0.0,-0.0007466061506420374,-0.27303576469421387,-0.009081059135496616
4089,43,34,1.0,0.991352379322052,0,0,0.0,-0.25,0.0,-0.00024511944502592087,-0.27546605467796326,-0.010548116639256477
4090,43,35,1.0,0.9936705231666565,0,0,0.0,-0.25,0.0,0.0008291113190352917,-0.27610746026039124,-0.007931139320135117
4091,43,36,1.0,0.9996249079704285,0,0,0.0,-0.25,0.0,0.0010860248003154993,-0.2777133285999298,-0.008012717589735985
4092,43,37,1.0,0.9967289566993713,0,0,0.0,-0.25,0.0,0.0007837933953851461,-0.2771197259426117,-0.00851341150701046
4093,43,38,1.0,0.9968701004981995,0,0,0.0,-0.25,0.0,-0.0023157440591603518,-0.15485776960849762,-0.01375940814614296
4094,43,39,1.0,0.9957064390182495,0,0,0.0,0.0,0.0,-0.0007716140244156122,-0.10461445152759552,-0.00713537260890007
4095,43,40,1.0,1.0008494853973389,0,0,0.0,0.0,0.0,0.0002843302208930254,-0.016403045505285263,-0.014992274343967438
4096,43,41,1.0,1.000212550163269,0,0,0.0,0.0,0.0,0.00020523415878415108,-0.007285240106284618,-0.014242293313145638
4097,43,42,1.0,0.9982097148895264,0,0,0.0,0.0,0.0,0.00010236818343400955,-0.003918660804629326,-0.012986215762794018
4098,43,43,1.0,0.998382568359375,0,0,0.0,0.0,0.0,4.982459358870983e-05,-0.00282234326004982,-0.013085028156638145
4099,43,44,1.0,0.9985054135322571,0,0,0.0,0.0,0.0,0.00019179447554051876,-0.0018230436835438013,-0.004561601206660271
4100,43,45,1.0,0.9985283017158508,0,0,0.0,0.0,0.0,0.0001781899482011795,-0.0017336498713120818,-0.004624872002750635
4101,43,46,1.0,1.0004138946533203,0,0,0.0,0.0,0.0,0.0004406895022839308,-0.0016607728321105242,-0.020166877657175064
4102,43,47,1.0,1.000421166419983,0,0,0.0,0.0,0.0,0.0004397344309836626,-0.001652268460020423,-0.020205629989504814
4103,43,48,1.0,1.004148244857788,0,0,0.0,0.0,0.0,0.0009212687145918608,-0.002001941204071045,-0.032344743609428406
4104,43,49,1.0,1.0041487216949463,0,0,0.0,0.0,0.0,0.0009214051533490419,-0.0020010287407785654,-0.03236125037074089
4105,43,50,1.0,1.0052127838134766,0,0,0.0,0.0,0.0,0.0007691681385040283,-0.0011719283647835255,-0.024194348603487015
4106,43,51,1.0,1.005212664604187,0,0,0.0,0.0,0.0,0.0007691141217947006,-0.0011716411681845784,-0.02420267090201378
4107,43,52,1.0,1.0051777362823486,0,0,0.0,0.0,0.0,0.0008623423054814339,-0.001040387200191617,-0.02930574305355549
4108,43,53,1.0,1.0051778554916382,0,0,0.0,0.0,-0.5,0.0008622922468930483,-0.0010402887128293514,-0.029308123514056206
4109,43,54,1.0,1.0025560855865479,0,0,0.0,0.0,-0.5,-0.0011048822198063135,0.00029537902446463704,-0.5432393550872803
4110,43,55,1.0,0.9989719390869141,0,0,0.0,0.0,-0.5,-0.0005832412280142307,-0.00010938412742689252,-0.5384503602981567
4111,43,56,1.0,1.0003349781036377,0,0,0.0,0.0,-0.5,-0.0012177331373095512,-0.0007385513163171709,-0.5324180126190186
4112,43,57,1.0,0.9982995390892029,0,0,0.0,0.0,-0.5,-0.0013468204997479916,-0.0010309090139344335,-0.5242797136306763
4113,43,58,1.0,0.9986903667449951,0,0,0.0,0.0,-0.5,-0.0010379012674093246,-0.0010915474267676473,-0.5284105539321899
4114,43,59,1.0,1.0006568431854248,0,0,0.0,0.0,-0.5,-0.0009389232145622373,-0.0012838109396398067,-0.5301672220230103
4115,43,60,1.0,1.0009527206420898,0,0,0.0,0.0,-0.5,-0.0003231177106499672,-0.001048312522470951,-0.5362273454666138
4116,43,61,1.0,1.0039621591567993,0,0,0.0,0.0,-0.5,-0.0005228637019172311,-0.00023010771838016808,-0.541398286819458
4117,43,62,1.0,1.0103371143341064,0,0,0.0,0.0,-0.5,-0.0001730357762426138,0.0007422540802508593,-0.5511305332183838
4118,43,63,1.0,1.0093179941177368,0,0,0.0,0.0,-0.5,0.00018033687956631184,0.0008769502164795995,-0.5153039693832397
4119,43,64,1.0,1.008994460105896,0,0,0.0,0.0,-0.5,0.0014522711280733347,0.00160956010222435,-0.2775209844112396
4120,43,65,1.0,1.0086091756820679,0,0,0.0,0.0,0.0,0.0013388211373239756,0.001490849768742919,-0.24034877121448517
4121,43,66,1.0,1.0684432983398438,0,0,0.0,0.0,0.0,0.0015412031207233667,-0.0011452045291662216,0.023111846297979355
4122,43,67,1.0,1.0700043439865112,0,0,0.0,0.0,0.0,0.0015100056771188974,-0.0011248108930885792,0.024307753890752792
4123,43,68,1.0,1.4046746492385864,0,0,0.0,0.0,0.0,0.001781271304935217,0.0005700098117813468,0.027614623308181763
4124,43,69,1.0,1.407071828842163,0,0,0.0,0.0,0.0,0.00175881152972579,0.0005869363667443395,0.027655061334371567
4125,43,70,2.0,1.7057753801345825,1,1,0.0,0.0,0.0,0.0017359894700348377,0.0008443784900009632,0.014819687232375145
4126,43,71,2.0,2.038153886795044,1,1,0.0,0.0,0.0,0.0006652600131928921,5.071400664746761e-06,0.0010761292651295662
4127,43,72,2.0,2.038853645324707,1,1,0.0,0.0,0.0,0.000632306095212698,-0.00043547857785597444,-0.00023583043366670609
4128,43,73,2.0,2.038717269897461,1,1,0.0,0.0,0.0,0.0003265463747084141,0.0004891807911917567,0.00555415078997612
4129,43,74,2.0,2.037559747695923,1,1,0.0,0.0,0.0,0.000690436689183116,-0.0001963081886060536,0.003307940438389778
4130,43,75,2.0,2.0377893447875977,1,1,0.0,0.0,0.0,0.0006338316015899181,-0.00018562472541816533,0.0035646269097924232
4131,43,76,2.0,2.038844108581543,1,1,0.0,0.0,0.0,0.0001467305701225996,-0.0004966689739376307,0.0048226118087768555
4132,43,77,2.0,2.0388412475585938,1,1,0.0,0.0,0.0,0.00012448616325855255,-0.0005070618935860693,0.0048635415732860565
4133,43,78,2.0,2.041518211364746,1,1,0.0,0.0,0.0,-0.00028448214288800955,-0.000405910745030269,0.0032057110220193863
4134,43,79,1.0,2.0416202545166016,0,1,0.0,0.0,0.0,-0.0003046925412490964,-0.00039750209543854,0.0032591940835118294
4135,43,80,1.0,1.7388348579406738,0,1,0.0,0.0,0.0,-0.00031389447394758463,-0.003043702570721507,0.00787501223385334
4136,43,81,1.0,1.7395572662353516,0,1,0.0,0.0,0.0,-0.00032550329342484474,-0.0030341902747750282,0.007804069668054581
4137,43,82,1.0,1.0861713886260986,0,0,0.0,0.0,0.0,-0.002060496248304844,-0.003209187649190426,0.2825274169445038
4138,43,83,1.0,1.087241291999817,0,0,0.0,0.0,0.0,-0.0020590461790561676,-0.003208615118637681,0.2811310589313507
4139,43,84,1.0,0.9923829436302185,0,0,0.0,0.0,0.0,6.718607619404793e-05,-9.609188418835402e-05,0.518078088760376
4140,43,85,1.0,0.9923213720321655,0,0,0.0,0.0,0.5,6.555975414812565e-05,-9.946885984390974e-05,0.5179610252380371
4141,43,86,1.0,0.9919024109840393,0,0,0.0,0.0,0.5,0.0003874097019433975,8.30075005069375e-05,0.5208954811096191
4142,43,87,1.0,0.9992011189460754,0,0,0.0,0.0,0.5,0.0004887895192950964,4.787789657711983e-05,0.5176283121109009
4143,43,88,1.0,0.9989801645278931,0,0,0.0,0.0,0.5,-1.2412667274475098e-05,1.9265979062765837e-05,0.5179457664489746
4144,43,89,1.0,1.0000431537628174,0,0,0.0,0.0,0.5,-0.00013596820645034313,-5.274754948914051e-05,0.5183123350143433
4145,43,90,1.0,0.9984968304634094,0,0,0.0,0.0,0.5,0.00030015408992767334,5.580292781814933e-05,0.5190973281860352
4146,43,91,1.0,0.9976902008056641,0,0,0.0,0.0,0.5,-0.0004432747373357415,0.00026331160916015506,0.5177431106567383
4147,43,92,1.0,0.9984420537948608,0,0,0.0,0.0,0.5,0.00020546256564557552,0.00013089465210214257,0.5182429552078247
4148,43,93,1.0,0.9983755946159363,0,0,0.0,0.0,0.5,4.852982237935066e-05,-1.3084325473755598e-05,0.5194929838180542
4149,43,94,1.0,0.9982985258102417,0,0,0.0,0.0,0.5,0.0004268444608896971,8.990109199658036e-05,0.516427755355835
4150,44,0,1.0,0.9950827360153198,0,0,0.0,0.0,0.0,-0.006025406997650862,-0.003190338844433427,0.007532346993684769
4151,44,1,1.0,0.995850145816803,0,0,0.0,0.0,0.0,-0.0066457269713282585,-0.002901585539802909,0.004576878622174263
4152,44,2,1.0,0.9960650205612183,0,0,0.0,0.0,0.0,-0.009208349511027336,-0.0016860581235960126,-0.0007608877494931221
4153,44,3,1.0,0.9957764148712158,0,0,0.0,0.0,0.0,-0.009173196740448475,-0.0016628996236249804,5.875341594219208e-05
4154,44,4,1.0,0.9951233267784119,0,0,0.0,0.0,0.0,-0.00870144460350275,-0.0011683108750730753,0.0006430540233850479
4155,44,5,1.0,0.9951052665710449,0,0,0.0,0.0,0.0,-0.00865473784506321,-0.0011234339326620102,0.0008849753066897392
4156,44,6,1.0,0.9909818768501282,0,0,0.0,0.0,0.0,0.16397394239902496,-0.00019538681954145432,-0.006005384959280491
4157,44,7,1.0,0.9909713864326477,0,0,0.0,0.0,0.0,0.16410912573337555,-0.00019698162213899195,-0.005945594981312752
4158,44,8,1.0,0.9872034788131714,0,0,0.0,0.0,0.0,0.2571859657764435,0.00011591945076361299,-0.007279596757143736
4159,44,9,1.0,0.9871978759765625,0,0,0.0,0.0,0.0,0.2571910321712494,0.0001150486059486866,-0.007272617891430855
4160,44,10,1.0,0.985977292060852,0,0,0.0,0.0,0.0,0.2705273926258087,-0.0004525995464064181,-0.007301887962967157
4161,44,11,1.0,0.98597651720047,0,0,0.25,0.0,0.0,0.27052760124206543,-0.0004528178833425045,-0.007300271652638912
4162,44,12,1.0,0.9925904273986816,0,0,0.25,0.0,0.0,0.2736421227455139,-0.0002887410228140652,-0.010235938243567944
4163,44,13,1.0,0.9989112615585327,0,0,0.25,0.0,0.0,0.27153119444847107,-0.0009903479367494583,-0.010289153084158897
4164,44,14,1.0,1.0611504316329956,0,0,0.25,0.0,0.0,0.26075130701065063,-0.002619650214910507,-0.015085261315107346
4165,44,15,1.0,1.0449426174163818,0,0,0.25,0.0,0.0,0.26406964659690857,-0.002581411274150014,-0.015053863637149334
4166,44,16,1.0,0.9888332486152649,0,0,0.25,0.0,0.0,0.2546460032463074,-0.0005318226758390665,-0.019104542210698128
4167,44,17,1.0,0.9888457655906677,0,0,0.25,0.0,0.0,0.2168932557106018,-0.0010582422837615013,-0.01959744468331337
4168,44,18,1.0,0.9963275790214539,0,0,0.0,0.0,0.0,0.05905276909470558,0.0006924319313839078,-0.003530498594045639
4169,44,19,1.0,0.9927599430084229,0,0,0.0,0.0,0.0,0.040301613509655,0.0009063119068741798,-0.007567885797470808
4170,44,20,1.0,0.9948922395706177,0,0,0.0,0.0,0.0,-0.0035115834325551987,-0.0020712348632514477,-0.007155163213610649
4171,44,21,1.0,0.994444727897644,0,0,0.0,0.0,0.0,-0.007409572601318359,-0.0038628673646599054,-0.007561676204204559
4172,44,22,1.0,0.9992493391036987,0,0,0.0,0.0,0.0,-0.0028921000193804502,-0.005876606330275536,-0.005866089835762978
4173,44,23,1.0,0.9992028474807739,0,0,0.0,0.0,0.0,-0.0028995187021791935,-0.005952603183686733,-0.00635546026751399
4174,44,24,1.0,0.9978979825973511,0,0,0.0,0.0,0.0,-0.0011679078452289104,0.0069969771429896355,-0.003657924011349678
4175,44,25,1.0,0.9978628158569336,0,0,0.0,0.0,0.0,-0.001176516991108656,0.00722907017916441,-0.0038122176192700863
4176,44,26,1.0,0.9949508309364319,0,0,0.0,0.25,0.0,0.0008939839899539948,0.20149284601211548,-0.004250178579241037
4177,44,27,1.0,0.9812545776367188,0,0,0.0,0.25,0.0,0.000899274367839098,0.2659909129142761,-0.005420342553406954
4178,44,28,1.0,0.9855720400810242,0,0,0.0,0.25,0.0,0.0005945179145783186,0.26976221799850464,-0.0026089190505445004
4179,44,29,1.0,0.9881126880645752,0,0,0.0,0.25,0.0,0.00025437865406274796,0.2685643136501312,-0.0036815893836319447
4180,44,30,1.0,0.9871501922607422,0,0,0.0,0.25,0.0,0.0006860226858407259,0.2699248194694519,-0.004888990428298712
4181,44,31,1.0,0.9873246550559998,0,0,0.0,0.25,0.0,0.00028536724857985973,0.270719438791275,-0.004355818964540958
4182,44,32,1.0,0.9892919659614563,0,0,0.0,0.25,0.0,0.00019798148423433304,0.26886263489723206,-0.00538666034117341
4183,44,33,1.0,0.990671694278717,0,0,0.0,0.25,0.0,0.0013363338075578213,0.2727835476398468,-0.006919384468346834
4184,44,34,1.0,0.9927600026130676,0,0,0.0,0.25,0.0,0.0013096930924803019,0.2748464047908783,-0.009583225473761559
4185,44,35,1.0,0.9933503270149231,0,0,0.0,0.25,0.0,0.0015150760300457478,0.26990923285484314,-0.0112187210470438
4186,44,36,1.0,0.996828556060791,0,0,0.0,0.0,0.0,0.0007560285739600658,0.14112602174282074,-0.017869245260953903
4187,44,37,1.0,1.0040225982666016,0,0,0.0,0.0,0.0,0.0007812320254743099,0.018511973321437836,-0.027690354734659195
4188,44,38,1.0,1.0017021894454956,0,0,0.0,0.0,0.0,-0.00019782199524343014,0.003767564659938216,-0.01974579319357872
4189,44,39,1.0,1.0018264055252075,0,0,0.0,0.0,0.0,-0.0004014093428850174,-0.0023832013830542564,-0.017833711579442024
4190,44,40,1.0,1.0024774074554443,0,0,0.0,0.0,0.0,-6.1658211052417755e-06,-0.0017283547203987837,-0.014525488950312138
4191,44,41,1.0,1.0024195909500122,0,0,0.0,0.0,0.0,-8.745118975639343e-06,-0.0024209737312048674,-0.014241321012377739
4192,44,42,1.0,1.000994086265564,0,0,0.0,0.0,0.0,-0.0004317457787692547,-0.002317216247320175,-0.0011376645416021347
4193,44,43,1.0,1.000989556312561,0,0,0.0,0.0,0.0,-0.0004288600757718086,-0.0024203769862651825,-0.0010769600048661232
4194,44,44,1.0,1.0010265111923218,0,0,0.0,0.25,0.0,-0.0001746081979945302,-0.003027085680514574,-0.0019987220875918865
4195,44,45,1.0,1.0033529996871948,0,0,0.0,0.0,0.0,0.00022428156808018684,0.0053014615550637245,0.004168969579041004
4196,44,46,1.0,1.003502368927002,0,0,0.0,0.0,0.0,0.00032742531038820744,-0.0011435879860073328,-4.5357272028923035e-05
4197,44,47,1.0,1.0036342144012451,0,0,0.0,0.0,0.0,0.00047293328680098057,-0.0020835869945585728,-0.006896326784044504
4198,44,48,1.0,1.0062474012374878,0,0,0.0,0.0,0.0,0.0006952309049665928,-0.002165519632399082,-0.0014710682444274426
4199,44,49,1.0,1.0062320232391357,0,0,0.0,0.0,0.0,0.0006748759187757969,-0.0021989266388118267,-0.001228518784046173
4200,44,50,1.0,1.0048034191131592,0,0,0.0,0.0,0.0,0.00026606000028550625,-0.000434697576565668,-0.01840111054480076
4201,44,51,1.0,1.0048015117645264,0,0,0.0,0.0,0.0,0.000266501447185874,-0.00044020661152899265,-0.018408264964818954
4202,44,52,1.0,1.0064338445663452,0,0,0.0,0.0,0.0,0.0004583713598549366,0.00036631873808801174,-0.11142139881849289
4203,44,53,1.0,1.006432056427002,0,0,0.0,0.0,0.0,0.0004585322458297014,0.00036550743971019983,-0.1114233061671257
4204,44,54,1.0,1.0074809789657593,0,0,0.0,0.0,-0.5,0.0007058917544782162,-2.2777006961405277e-05,-0.2338799685239792
4205,44,55,1.0,0.9989100098609924,0,0,0.0,0.0,-0.5,-0.0010722200386226177,0.0003456174745224416,-0.5434058904647827
4206,44,56,1.0,0.9986368417739868,0,0,0.0,0.0,-0.5,-0.0005837779026478529,0.00018461060244590044,-0.5364046096801758
4207,44,57,1.0,0.9977498650550842,0,0,0.0,0.0,-0.5,-0.0007565448759123683,-0.0008220890304073691,-0.5297672748565674
4208,44,58,1.0,0.9978263974189758,0,0,0.0,0.0,-0.5,-0.0006723224651068449,-0.000636451703030616,-0.5142419338226318
4209,44,59,1.0,0.998530387878418,0,0,0.0,0.0,-0.5,-0.0005881411489099264,-0.0010717413388192654,-0.5145543813705444
4210,44,60,1.0,0.9982512593269348,0,0,0.0,0.0,-0.5,-0.0007701589493080974,-0.0015487456694245338,-0.5229538679122925
4211,44,61,1.0,1.0000091791152954,0,0,0.0,0.0,-0.5,-0.0007653546053916216,-0.001630463870242238,-0.5295274257659912
4212,44,62,1.0,1.00941002368927,0,0,0.0,0.0,-0.5,-0.0003957358421757817,-0.000394307600799948,-0.5411618947982788
4213,44,63,1.0,1.0136173963546753,0,0,0.0,0.0,-0.5,-0.0005332273431122303,-0.0003484077751636505,-0.5463323593139648
4214,44,64,1.0,1.0087229013442993,0,0,0.0,0.0,-0.5,0.0012401684653013945,0.001006109407171607,-0.42148464918136597
4215,44,65,1.0,1.0084384679794312,0,0,0.0,0.0,-0.5,0.0010162878315895796,0.0018684521783143282,-0.3442824184894562
4216,44,66,1.0,0.9988945126533508,0,0,0.0,0.0,0.0,0.0010646071750670671,0.0003830645000562072,-0.014528201892971992
4217,44,67,1.0,0.9988364577293396,0,0,0.0,0.0,0.0,0.001038081245496869,0.00033995043486356735,-0.00941657554358244
4218,44,68,1.0,1.3840515613555908,0,0,0.0,0.0,0.0,0.0016008971724659204,2.5777611881494522e-05,0.029102876782417297
4219,44,69,1.0,1.3859437704086304,0,0,0.0,0.0,0.0,0.001593956258147955,1.727975904941559e-05,0.029161542654037476
4220,44,70,2.0,1.9570248126983643,1,1,0.0,0.0,0.0,0.00022056279703974724,-3.28761525452137e-05,0.003207869827747345
4221,44,71,2.0,2.0392532348632812,1,1,0.0,0.0,0.0,0.0006735825445502996,-0.0003850141365546733,0.0009247399866580963
4222,44,72,2.0,2.0385963916778564,1,1,0.0,0.0,0.0,0.00014567328616976738,8.746696403250098e-05,0.001624053344130516
4223,44,73,2.0,2.0385842323303223,1,1,0.0,0.0,0.0,0.00022960500791668892,-6.612506695091724e-06,0.0036535989493131638
4224,44,74,2.0,2.039384126663208,1,1,0.0,0.0,0.0,-0.0002531013451516628,-0.000320996914524585,0.004710664041340351
4225,44,75,2.0,2.039381504058838,1,1,0.0,0.0,0.0,-0.000283130444586277,-0.000320421444484964,0.004783027805387974
4226,44,76,2.0,2.040947437286377,1,1,0.0,0.0,0.0,-0.00027805648278445005,0.0003823298029601574,0.005869223736226559
4227,44,77,2.0,2.0409231185913086,1,1,0.0,0.0,0.0,-0.0002811215817928314,0.0003855415852740407,0.005875442177057266
4228,44,78,1.0,2.0416204929351807,0,1,0.0,0.0,0.0,-0.001187976449728012,0.0005492554046213627,0.00528569333255291
4229,44,79,1.0,2.0416042804718018,0,1,0.0,0.0,0.0,-0.0011910905595868826,0.0005428921431303024,0.005263211205601692
4230,44,80,1.0,1.6461780071258545,0,1,0.0,0.0,0.0,0.0029025571420788765,0.00012321892427280545,0.041982922703027725
4231,44,81,1.0,1.6364240646362305,0,1,0.0,0.0,0.0,0.0029335422441363335,0.00012586067896336317,0.04448310285806656
4232,44,82,1.0,0.9824738502502441,0,0,0.0,0.0,0.0,0.000977830495685339,5.909125320613384e-06,0.47019270062446594
4233,44,83,1.0,0.9824925661087036,0,0,0.0,0.0,0.0,0.0009748439770191908,1.0418938472867012e-05,0.4709590971469879
4234,44,84,1.0,0.9826591610908508,0,0,0.0,0.0,0.5,0.0006714926566928625,0.0009733219631016254,0.4622785747051239
4235,44,85,1.0,0.9951739311218262,0,0,0.0,0.0,0.5,0.00025968579575419426,0.00037967192474752665,0.5175615549087524
4236,44,86,1.0,0.9998195767402649,0,0,0.0,0.0,0.5,0.00044052465818822384,0.00031228980515152216,0.5168336629867554
4237,44,87,1.0,1.0000503063201904,0,0,0.0,0.0,0.5,0.0003303766716271639,0.00013744429452344775,0.5172141790390015
4238,44,88,1.0,0.9987737536430359,0,0,0.0,0.0,0.5,0.0004223145078867674,-0.0003175678721163422,0.5180197954177856
4239,44,89,1.0,0.9992544054985046,0,0,0.0,0.0,0.5,0.000678100623190403,-7.076864130795002e-05,0.5173443555831909
4240,44,90,1.0,0.9970601797103882,0,0,0.0,0.0,0.5,0.0004045148380100727,0.00014790432760491967,0.5174036026000977
4241,44,91,1.0,0.998239278793335,0,0,0.0,0.0,0.5,0.00027423957362771034,-5.1067734602838755e-05,0.5179094076156616
4242,44,92,1.0,0.9989562034606934,0,0,0.0,0.0,0.5,0.0002451636828482151,0.00017480453243479133,0.5190826654434204
4243,44,93,1.0,0.9999954700469971,0,0,0.0,0.0,0.5,0.00040088221430778503,-0.00016241671983152628,0.5188586711883545
4244,45,0,1.0,0.9950876235961914,0,0,0.0,0.0,0.0,0.004324014764279127,0.002376836258918047,-0.005682296119630337
4245,45,1,1.0,0.995345950126648,0,0,0.0,0.0,0.0,0.00428013177588582,0.0022179519291967154,-0.012203986756503582
4246,45,2,1.0,0.9951173663139343,0,0,0.0,0.0,0.0,0.004628847353160381,0.00239021354354918,-0.00940743274986744
4247,45,3,1.0,0.9950558543205261,0,0,0.0,0.0,0.0,0.004743046127259731,0.0024003125727176666,-0.008327684365212917
4248,45,4,1.0,0.995211124420166,0,0,0.0,0.0,0.0,0.004795145709067583,-0.0018019031267613173,-0.014441725797951221
4249,45,5,1.0,0.9952295422554016,0,0,0.0,0.0,0.0,0.004844191018491983,-0.0018013077788054943,-0.01422024890780449
4250,45,6,1.0,1.000363826751709,0,0,0.0,0.0,0.0,-0.021877652034163475,-0.0016436608275398612,-0.008000114001333714
4251,45,7,1.0,1.0003684759140015,0,0,0.0,0.0,0.0,-0.021834805607795715,-0.0016503623919561505,-0.007942848838865757
4252,45,8,1.0,0.9901015758514404,0,0,0.0,0.0,0.0,-0.16059575974941254,-0.00027218202012591064,-0.014971870929002762
4253,45,9,1.0,0.990103542804718,0,0,0.0,0.0,0.0,-0.1605791300535202,-0.00027203126228414476,-0.014959723688662052
4254,45,10,1.0,0.9871464967727661,0,0,0.0,0.0,0.0,-0.1966019868850708,-2.6609981432557106e-05,-0.014068663120269775
4255,45,11,1.0,0.9871470928192139,0,0,0.0,0.0,0.0,-0.1965988427400589,-2.6287627406418324e-05,-0.014065753668546677
4256,45,12,1.0,0.9725853204727173,0,0,-0.25,0.0,0.0,-0.2808569669723511,-0.00020177126862108707,-0.008134594187140465
4257,45,13,1.0,0.9735161662101746,0,0,-0.25,0.0,0.0,-0.27640217542648315,0.0014791914727538824,-0.007892681285738945
4258,45,14,1.0,0.9760488867759705,0,0,-0.25,0.0,0.0,-0.2788645625114441,0.002344069303944707,-0.00715045677497983
4259,45,15,1.0,0.9789415597915649,0,0,-0.25,0.0,0.0,-0.28223565220832825,0.003735780017450452,-0.010936394333839417
4260,45,16,1.0,0.9794319272041321,0,0,-0.25,0.0,0.0,-0.2859788239002228,0.004751565866172314,-0.016021886840462685
4261,45,17,1.0,0.9772621989250183,0,0,-0.25,0.0,0.0,-0.2880600690841675,0.002725393744185567,-0.021114515140652657
4262,45,18,1.0,0.9914981722831726,0,0,-0.25,0.0,0.0,-0.2011205106973648,0.0005386647535488009,-0.01881079375743866
4263,45,19,1.0,0.9937694072723389,0,0,0.0,0.0,0.0,-0.1055062934756279,-0.00203475309535861,-0.016330886632204056
4264,45,20,1.0,0.992927074432373,0,0,0.0,0.0,0.0,0.0016401871107518673,-4.689540946856141e-05,-0.01834150031208992
4265,45,21,1.0,0.9929940700531006,0,0,0.0,0.0,0.0,0.005368460901081562,-3.418501000851393e-05,-0.018968723714351654
4266,45,22,1.0,0.9957669377326965,0,0,0.0,0.0,0.0,0.006877572741359472,0.0002071601920761168,-0.012003336101770401
4267,45,23,1.0,0.9959135055541992,0,0,0.0,0.0,0.0,0.0071123079396784306,9.456434054300189e-05,-0.012127873487770557
4268,45,24,1.0,1.0024300813674927,0,0,0.0,0.0,0.0,-0.0006058062426745892,-0.1554010659456253,-0.012136196717619896
4269,45,25,1.0,1.0024594068527222,0,0,0.0,0.0,0.0,-0.0006041123997420073,-0.15546928346157074,-0.012085109017789364
4270,45,26,1.0,1.000388503074646,0,0,0.0,0.0,0.0,-0.0014439357910305262,-0.24167349934577942,-0.011241378262639046
4271,45,27,1.0,1.0003925561904907,0,0,0.0,0.0,0.0,-0.0014445122797042131,-0.24168965220451355,-0.011234486475586891
4272,45,28,1.0,0.9941002726554871,0,0,0.0,-0.25,0.0,-0.0009652805747464299,-0.2737995386123657,-0.011144507676362991
4273,45,29,1.0,0.9893261194229126,0,0,0.0,-0.25,0.0,0.0003354630898684263,-0.27230003476142883,-0.005717118736356497
4274,45,30,1.0,0.9855567216873169,0,0,0.0,-0.25,0.0,0.0013638779055327177,-0.27591580152511597,-0.002585228532552719
4275,45,31,1.0,0.9871389865875244,0,0,0.0,-0.25,0.0,-5.8719771914184093e-05,-0.2771528661251068,-0.002361411228775978
4276,45,32,1.0,0.9929863214492798,0,0,0.0,-0.25,0.0,-0.0006114088464528322,-0.27246999740600586,-0.007921387441456318
4277,45,33,1.0,0.9936286807060242,0,0,0.0,-0.25,0.0,-0.000746598350815475,-0.27303576469421387,-0.00908111222088337
4278,45,34,1.0,0.9913523197174072,0,0,0.0,-0.25,0.0,-0.00024512724485248327,-0.27546608448028564,-0.010548120364546776
4279,45,35,1.0,0.9936705231666565,0,0,0.0,-0.25,0.0,0.0008290985133498907,-0.27610746026039124,-0.007931143045425415
4280,45,36,1.0,0.9996249675750732,0,0,0.0,-0.25,0.0,0.0010860506445169449,-0.2777133285999298,-0.008012739010155201
4281,45,37,1.0,0.9967288970947266,0,0,0.0,-0.25,0.0,0.0007837985176593065,-0.2771197259426117,-0.008513386361300945
4282,45,38,1.0,0.9968700408935547,0,0,0.0,-0.25,0.0,-0.002315746620297432,-0.1548578143119812,-0.013759396970272064
4283,45,39,1.0,0.9957064986228943,0,0,0.0,-0.25,0.0,-0.0007716165855526924,-0.1046144887804985,-0.007135406136512756
4284,45,40,1.0,0.9951309561729431,0,0,0.0,0.0,0.0,0.0016300056595355272,-0.03096717782318592,0.00405476801097393
4285,45,41,1.0,0.9988234639167786,0,0,0.0,0.0,0.0,0.0004888235125690699,-0.008062201552093029,0.004169877618551254
4286,45,42,1.0,1.002718210220337,0,0,0.0,0.0,0.0,0.00041677546687424183,-0.0021958467550575733,-0.022094225510954857
4287,45,43,1.0,1.0029057264328003,0,0,0.0,0.0,0.0,0.00043410342186689377,-0.001889738836325705,-0.024150263518095016
4288,45,44,1.0,1.0046663284301758,0,0,0.0,0.0,0.0,0.0005396902561187744,-0.0006605408270843327,-0.008915893733501434
4289,45,45,1.0,1.0046796798706055,0,0,0.0,0.0,0.0,0.0005331030115485191,-0.0006288510048761964,-0.009693339467048645
4290,45,46,1.0,1.006127119064331,0,0,0.0,0.0,0.0,0.0006963133346289396,0.00033314398024231195,-0.10154125839471817
4291,45,47,1.0,1.0061266422271729,0,0,0.0,0.0,0.0,0.0006934895645827055,0.00034007232170552015,-0.10174843668937683
4292,45,48,1.0,1.006055235862732,0,0,0.0,0.0,0.0,0.0006923105102032423,0.0004478354239836335,-0.13221779465675354
4293,45,49,1.0,1.0060549974441528,0,0,0.0,0.0,-0.5,0.0006919836159795523,0.0004489053972065449,-0.13228411972522736
4294,45,50,1.0,1.0018978118896484,0,0,0.0,0.0,-0.5,-0.0012360572582110763,-0.00010705360909923911,-0.5454182624816895
4295,45,51,1.0,0.998720109462738,0,0,0.0,0.0,-0.5,-0.0009380383417010307,-0.00025529484264552593,-0.5384771823883057
4296,45,52,1.0,1.0003068447113037,0,0,0.0,0.0,-0.5,-0.0011288629611954093,-0.0005475556827150285,-0.5298669338226318
4297,45,53,1.0,0.9992517828941345,0,0,0.0,0.0,-0.5,-0.0011620696168392897,-0.0014285915531218052,-0.5241351127624512
4298,45,54,1.0,0.998978316783905,0,0,0.0,0.0,-0.5,-0.0012130250688642263,-0.000590365962125361,-0.5284602642059326
4299,45,55,1.0,0.9998863935470581,0,0,0.0,0.0,-0.5,-0.0008504996076226234,-0.0009169324184767902,-0.5272105932235718
4300,45,56,1.0,1.0014677047729492,0,0,0.0,0.0,-0.5,-0.0010100605431944132,-0.0011830676812678576,-0.5359612703323364
4301,45,57,1.0,1.0054928064346313,0,0,0.0,0.0,-0.5,-0.000606182380579412,-0.0002140228170901537,-0.5411953926086426
4302,45,58,1.0,1.0094726085662842,0,0,0.0,0.0,-0.5,-0.0005441632820293307,0.0007761874003335834,-0.5523592233657837
4303,45,59,1.0,1.008085012435913,0,0,0.0,0.0,-0.5,-0.0005128905177116394,0.0009664363460615277,-0.530121922492981
4304,45,60,1.0,1.0106202363967896,0,0,0.0,0.0,0.0,0.0007594695780426264,0.0010886640520766377,-0.30087676644325256
4305,45,61,1.0,1.0101419687271118,0,0,0.0,0.0,0.0,0.0006503870245069265,0.001121804816648364,-0.26464220881462097
4306,45,62,1.0,1.0978432893753052,0,0,0.0,0.0,0.0,0.0017599051352590322,-0.0006581401685252786,0.033254653215408325
4307,45,63,1.0,1.1001173257827759,0,0,0.0,0.0,0.0,0.001744505250826478,-0.0006204359815455973,0.03439381718635559
4308,45,64,1.0,1.6479008197784424,0,1,0.0,0.0,0.0,0.001471321564167738,0.00025913381250575185,0.019538821652531624
4309,45,65,1.0,1.6498486995697021,0,1,0.0,0.0,0.0,0.0014549985062330961,0.0002648310037329793,0.019531121477484703
4310,45,66,2.0,1.9831517934799194,1,1,0.0,0.0,0.0,5.028280429542065e-05,-0.00010055775055661798,0.0067142099142074585
4311,45,67,2.0,2.0391860008239746,1,1,0.0,0.0,0.0,0.0008090122137218714,-0.00013858132297173142,0.0010373108088970184
4312,45,68,2.0,2.0389347076416016,1,1,0.0,0.0,0.0,0.0010094817262142897,-0.0005103034782223403,-0.0001942543312907219
4313,45,69,2.0,2.038623094558716,1,1,0.0,0.0,0.0,0.0011431698221713305,7.223407737910748e-05,0.0033007245510816574
4314,45,70,2.0,2.038477897644043,1,1,0.0,0.0,0.0,0.0004782781470566988,-0.00018475038814358413,0.005465720780193806
4315,45,71,2.0,2.0385019779205322,1,1,0.0,0.0,0.0,0.0005223499611020088,-0.00014794612070545554,0.0053457291796803474
4316,45,72,2.0,2.0390658378601074,1,1,0.0,0.0,0.0,0.00044221733696758747,-0.000411416549468413,0.004831366240978241
4317,45,73,2.0,2.0383565425872803,1,1,0.0,0.0,0.0,0.0004357805009931326,-0.0007675656233914196,0.004883609712123871
4318,45,74,2.0,2.033449649810791,1,1,0.0,0.0,0.0,0.00018646521493792534,-0.0014913820195943117,-0.000426645390689373
4319,45,75,1.0,1.9741836786270142,0,1,0.0,0.0,0.0,0.0013808414805680513,-0.0021949741058051586,-0.00807826966047287
4320,45,76,1.0,0.9885802865028381,0,0,0.0,0.0,0.0,1.1979369446635246e-05,0.00013408728409558535,0.504557728767395
4321,45,77,1.0,0.9904118776321411,0,0,0.0,0.0,0.0,9.062187746167183e-05,0.00021092576207593083,0.5105454921722412
4322,45,78,1.0,0.9916012287139893,0,0,0.0,0.0,0.0,0.00010892841964960098,2.402666723355651e-05,0.5093945264816284
4323,45,79,1.0,0.9908176064491272,0,0,0.0,0.0,0.0,0.0003781858831644058,0.0001601269468665123,0.5070867538452148
4324,45,80,1.0,0.9926830530166626,0,0,0.0,0.0,0.0,5.5999960750341415e-05,0.00030261219944804907,0.5173453092575073
4325,45,81,1.0,0.9927144050598145,0,0,0.0,0.0,0.5,5.074799992144108e-05,0.0003052933025173843,0.517341136932373
4326,45,82,1.0,0.9979984164237976,0,0,0.0,0.0,0.5,6.797956302762032e-05,-7.57527886889875e-05,0.5183581113815308
4327,45,83,1.0,0.9986023902893066,0,0,0.0,0.0,0.5,0.0002016585785895586,-0.0002581541775725782,0.5171947479248047
4328,45,84,1.0,0.9997988939285278,0,0,0.0,0.0,0.5,0.00035940157249569893,0.00019987323321402073,0.5183523893356323
4329,45,85,1.0,0.9987037181854248,0,0,0.0,0.0,0.5,0.00014612963423132896,3.014691174030304e-06,0.5162663459777832
4330,45,86,1.0,0.9976400136947632,0,0,0.0,0.0,0.5,0.00029106601141393185,0.00012913328828290105,0.5180234909057617
4331,45,87,1.0,0.9984965920448303,0,0,0.0,0.0,0.5,0.0001727496273815632,-0.00020819110795855522,0.5167737007141113
4332,45,88,1.0,0.9972237348556519,0,0,0.0,0.0,0.5,0.00010501127690076828,0.00012409640476107597,0.5187925100326538
4333,45,89,1.0,0.9970535039901733,0,0,0.0,0.0,0.5,-7.033953443169594e-05,7.452064892277122e-05,0.5193253755569458
4334,45,90,1.0,0.9986129999160767,0,0,0.0,0.0,0.5,0.00021471851505339146,1.7600134015083313e-05,0.516423225402832
4335,46,0,1.0,0.9983773231506348,0,0,0.0,0.0,0.0,0.0055932593531906605,0.0009390204213559628,0.0004001576453447342
4336,46,1,1.0,0.999207615852356,0,0,0.0,0.0,0.0,0.005883003119379282,0.0014211258385330439,-0.003602183423936367
4337,46,2,1.0,0.9979478120803833,0,0,0.0,0.0,0.0,0.007268099579960108,0.0027010077610611916,-0.001189477276057005
4338,46,3,1.0,0.9980859756469727,0,0,0.0,0.0,0.0,0.007379454094916582,0.002597046084702015,-0.0006591137498617172
4339,46,4,1.0,0.9988419413566589,0,0,0.0,0.0,0.0,0.005185894668102264,0.0011385353282094002,-0.003545972518622875
4340,46,5,1.0,0.9988654851913452,0,0,0.0,0.0,0.0,0.005224185064435005,0.0010932048317044973,-0.003388595301657915
4341,46,6,1.0,0.9900298714637756,0,0,0.0,0.0,0.0,-0.20710673928260803,-0.0017338903853669763,-0.009895751252770424
4342,46,7,1.0,0.9900436401367188,0,0,0.0,0.0,0.0,-0.20707367360591888,-0.0017347326502203941,-0.009862717241048813
4343,46,8,1.0,0.9812231063842773,0,0,0.0,0.0,0.0,-0.2714957892894745,-0.0006228840793482959,-0.007772813551127911
4344,46,9,1.0,0.9812245965003967,0,0,0.0,0.0,0.0,-0.27149802446365356,-0.0006221692310646176,-0.007769889198243618
4345,46,10,1.0,0.978962779045105,0,0,0.0,0.0,0.0,-0.276155561208725,-0.0007787594804540277,-0.00803895853459835
4346,46,11,1.0,0.9789630770683289,0,0,0.0,0.0,0.0,-0.27615630626678467,-0.0007784995250403881,-0.008038227446377277
4347,46,12,1.0,0.9776229858398438,0,0,-0.25,0.0,0.0,-0.2805282771587372,-0.00037254192284308374,-0.010181940160691738
4348,46,13,1.0,0.9794844388961792,0,0,-0.25,0.0,0.0,-0.2750692069530487,0.0005851495079696178,-0.0073829591274261475
4349,46,14,1.0,0.9760919213294983,0,0,-0.25,0.0,0.0,-0.280444473028183,0.0009938833536580205,-0.0106751574203372
4350,46,15,1.0,0.9780608415603638,0,0,-0.25,0.0,0.0,-0.2814495265483856,0.0022288791369646788,-0.013302180916070938
4351,46,16,1.0,0.9845317602157593,0,0,-0.25,0.0,0.0,-0.2880716323852539,0.002763248048722744,-0.02391410619020462
4352,46,17,1.0,0.9846718311309814,0,0,-0.25,0.0,0.0,-0.2809055745601654,0.0031901656184345484,-0.022184409201145172
4353,46,18,1.0,0.9843102693557739,0,0,-0.25,0.0,0.0,-0.21223174035549164,0.002813078463077545,-0.012989014387130737
4354,46,19,1.0,0.9898126721382141,0,0,0.0,0.0,0.0,-0.06519022583961487,3.181892680004239e-05,-0.00333581306040287
4355,46,20,1.0,0.9896920323371887,0,0,0.0,0.0,0.0,-0.02611251175403595,-0.0026398408226668835,-0.01514523383229971
4356,46,21,1.0,0.9937973618507385,0,0,0.0,0.0,0.0,-0.007545369677245617,-0.0047171274200081825,-0.01120765320956707
4357,46,22,1.0,0.9993042349815369,0,0,0.0,0.0,0.0,0.002334748860448599,0.00300571508705616,-0.0033205305226147175
4358,46,23,1.0,0.999331533908844,0,0,0.0,0.0,0.0,0.0023055924102663994,0.002807006472721696,-0.0036171134561300278
4359,46,24,1.0,0.990829586982727,0,0,0.0,0.0,0.0,0.002149227075278759,0.14912110567092896,-0.000160939060151577
4360,46,25,1.0,0.9908114671707153,0,0,0.0,0.0,0.0,0.002151106484234333,0.14858944714069366,-0.00020432472229003906
4361,46,26,1.0,0.9914163947105408,0,0,0.0,0.0,0.0,0.001061206217855215,0.20995941758155823,-0.0007334966212511063
4362,46,27,1.0,0.991413414478302,0,0,0.0,0.25,0.0,0.0010614828206598759,0.20993433892726898,-0.0007283948361873627
4363,46,28,1.0,0.9820513725280762,0,0,0.0,0.25,0.0,0.0010251190979033709,0.26905906200408936,-0.007403201889246702
4364,46,29,1.0,0.9840837121009827,0,0,0.0,0.25,0.0,0.0014251337852329016,0.2715223729610443,-0.007483122870326042
4365,46,30,1.0,0.9846499562263489,0,0,0.0,0.25,0.0,0.0005834451876580715,0.2707798182964325,-0.004151255823671818
4366,46,31,1.0,0.9869391322135925,0,0,0.0,0.25,0.0,0.0008750753477215767,0.26955512166023254,-0.00506944302469492
4367,46,32,1.0,0.9882563352584839,0,0,0.0,0.25,0.0,0.000356786185875535,0.27192503213882446,-0.0013633673079311848
4368,46,33,1.0,0.9886584281921387,0,0,0.0,0.25,0.0,0.0003689834848046303,0.27314338088035583,-0.003485966008156538
4369,46,34,1.0,0.992748498916626,0,0,0.0,0.25,0.0,0.001056476030498743,0.27247700095176697,-0.006004578899592161
4370,46,35,1.0,0.9955117106437683,0,0,0.0,0.25,0.0,0.0017118675168603659,0.26922130584716797,-0.009768269024789333
4371,46,36,1.0,0.9934611320495605,0,0,0.0,0.25,0.0,0.0015234972815960646,0.16730859875679016,-0.01748514175415039
4372,46,37,1.0,0.9993327260017395,0,0,0.0,0.0,0.0,0.0013443310745060444,0.07574401795864105,-0.02546432614326477
4373,46,38,1.0,1.0013524293899536,0,0,0.0,0.0,0.0,0.0002185450866818428,0.002985952189192176,-0.029536399990320206
4374,46,39,1.0,1.001670479774475,0,0,0.0,0.0,0.0,6.377394311130047e-05,-0.004507085774093866,-0.02604868821799755
4375,46,40,1.0,1.0023853778839111,0,0,0.0,0.0,0.0,-0.00013330334331840277,-0.004417719319462776,-0.025965485721826553
4376,46,41,1.0,1.0023454427719116,0,0,0.0,0.0,0.0,-0.00010646518785506487,-0.005314027890563011,-0.025565458461642265
4377,46,42,1.0,1.0011897087097168,0,0,0.0,0.0,0.0,-0.00039467017631977797,-0.0032412074506282806,-0.014828044921159744
4378,46,43,1.0,1.0011743307113647,0,0,0.0,0.0,0.0,-0.00038921553641557693,-0.003355524269863963,-0.014740093611180782
4379,46,44,1.0,1.000422716140747,0,0,0.0,0.25,0.0,-0.00011886493302881718,-0.0014843086246401072,-0.0023528174497187138
4380,46,45,1.0,1.0030126571655273,0,0,0.0,0.0,0.0,0.00047413166612386703,-0.0002758376067504287,-0.017056383192539215
4381,46,46,1.0,1.0041476488113403,0,0,0.0,0.0,0.0,0.0006920287851244211,-0.0023394497111439705,-0.0210525281727314
4382,46,47,1.0,1.005577802658081,0,0,0.0,0.0,0.0,0.0006629251874983311,-0.0026430890429764986,-0.015316594392061234
4383,46,48,1.0,1.004691481590271,0,0,0.0,0.0,0.0,6.954139098525047e-05,-0.001106357667595148,-0.005207314155995846
4384,46,49,1.0,1.0047118663787842,0,0,0.0,0.0,0.0,3.2581621780991554e-05,-0.0011419104412198067,-0.005171426571905613
4385,46,50,1.0,1.0065577030181885,0,0,0.0,0.0,0.0,1.6549834981560707e-05,5.4628122597932816e-05,-0.10185116529464722
4386,46,51,1.0,1.0065546035766602,0,0,0.0,0.0,0.0,1.6369624063372612e-05,4.8389891162514687e-05,-0.10188941657543182
4387,46,52,1.0,1.0075268745422363,0,0,0.0,0.0,-0.5,0.00046176533214747906,-0.00012370944023132324,-0.205462247133255
4388,46,53,1.0,0.9975320100784302,0,0,0.0,0.0,-0.5,-0.00035980972461402416,-0.0007102320669218898,-0.5418107509613037
4389,46,54,1.0,0.9975138902664185,0,0,0.0,0.0,-0.5,-0.0003123384667560458,-0.000985548598691821,-0.5257271528244019
4390,46,55,1.0,0.997527539730072,0,0,0.0,0.0,-0.5,-8.59568826854229e-05,-0.0012787652667611837,-0.5107707977294922
4391,46,56,1.0,0.9971837997436523,0,0,0.0,0.0,-0.5,0.00017917598597705364,-0.00109240529127419,-0.5091058015823364
4392,46,57,1.0,0.9956414699554443,0,0,0.0,0.0,-0.5,7.017073221504688e-05,-0.0008883178234100342,-0.5186610221862793
4393,46,58,1.0,0.9980711340904236,0,0,0.0,0.0,-0.5,-0.00034197664353996515,-0.0012439563870429993,-0.5304040908813477
4394,46,59,1.0,0.9996234774589539,0,0,0.0,0.0,-0.5,-0.0005958545953035355,-0.0014408749993890524,-0.5295403003692627
4395,46,60,1.0,1.0068392753601074,0,0,0.0,0.0,-0.5,-0.0004639049293473363,-0.0005555591196753085,-0.5385817289352417
4396,46,61,1.0,1.0141832828521729,0,0,0.0,0.0,-0.5,3.481120802462101e-05,-0.00019617617363110185,-0.5457123517990112
4397,46,62,1.0,1.0017887353897095,0,0,0.0,0.0,-0.5,0.0021697422489523888,0.0010966653935611248,-0.34070026874542236
4398,46,63,1.0,0.9998862147331238,0,0,0.0,0.0,-0.5,0.0016133978497236967,0.0015912519302219152,-0.18995234370231628
4399,46,64,1.0,1.2040550708770752,0,0,0.0,0.0,0.0,0.002176444511860609,0.0003931273240596056,0.018864842131733894
4400,46,65,1.0,1.2167901992797852,0,0,0.0,0.0,0.0,0.002089688554406166,0.00021570519311353564,0.02048439532518387
4401,46,66,1.0,2.0292439460754395,0,1,0.0,0.0,0.0,-0.0006676686462014914,0.0003669133875519037,0.0024651214480400085
4402,46,67,1.0,2.029478073120117,0,1,0.0,0.0,0.0,-0.0006657950580120087,0.00034387578489258885,0.0024353768676519394
4403,46,68,1.0,2.0410170555114746,0,1,0.0,0.0,0.0,-0.0002182144671678543,-0.00018741082749329507,0.001657712273299694
4404,46,69,1.0,2.041008234024048,0,1,0.0,0.0,0.0,-0.00021865649614483118,-0.00018988686497323215,0.0016529010608792305
4405,46,70,2.0,2.032634735107422,1,1,0.0,0.0,0.0,-0.0006804859731346369,0.00022066017845645547,0.0025621550157666206
4406,46,71,2.0,2.037923574447632,1,1,0.0,0.0,0.0,0.0002433229237794876,-0.0011277657467871904,0.002712726593017578
4407,46,72,2.0,2.039712429046631,1,1,0.0,0.0,0.0,-0.00018210161942988634,-0.0008307943353429437,0.0013513341546058655
4408,46,73,2.0,2.0390360355377197,1,1,0.0,0.0,0.0,2.215174026787281e-05,-0.0003708633012138307,0.00867425836622715
4409,46,74,2.0,2.0386157035827637,1,1,0.0,0.0,0.0,2.1316809579730034e-05,-0.00035808191751129925,0.005785086192190647
4410,46,75,2.0,2.037745952606201,1,1,0.0,0.0,0.0,7.974146865308285e-05,-0.00036512938095256686,0.0053117480129003525
4411,46,76,2.0,2.040951728820801,1,1,0.0,0.0,0.0,-8.70637595653534e-05,-0.00039958106935955584,0.0007726224139332771
4412,46,77,1.0,2.0410513877868652,0,1,0.0,0.0,0.0,-0.00010911084245890379,-0.0004227308090776205,0.0008573662489652634
4413,46,78,1.0,1.088061809539795,0,0,0.0,0.0,0.0,0.002154761925339699,0.0006914125988259912,0.177013099193573
4414,46,79,1.0,1.0913687944412231,0,0,0.0,0.0,0.0,0.0020831599831581116,0.0006167935207486153,0.17405937612056732
4415,46,80,1.0,0.9801862835884094,0,0,0.0,0.0,0.0,0.0009272354654967785,-0.00032757013104856014,0.44279900193214417
4416,46,81,1.0,0.9799618124961853,0,0,0.0,0.0,0.0,0.0009317859075963497,-0.0003188708215020597,0.4404900074005127
4417,46,82,1.0,0.9862915277481079,0,0,0.0,0.0,0.0,0.00029915012419223785,2.8563954401761293e-05,0.485044926404953
4418,46,83,1.0,0.9863096475601196,0,0,0.0,0.0,0.0,0.00029886490665376186,3.4083263017237186e-05,0.48555877804756165
4419,46,84,1.0,0.9904678463935852,0,0,0.0,0.0,0.5,0.00041647045873105526,0.0001477748155593872,0.5052577257156372
4420,46,85,1.0,1.0007513761520386,0,0,0.0,0.0,0.5,0.0004828954115509987,-0.00029410625575110316,0.5193319320678711
4421,46,86,1.0,1.0004013776779175,0,0,0.0,0.0,0.5,0.00033399276435375214,-4.7898502089083195e-05,0.5165034532546997
4422,46,87,1.0,1.0008150339126587,0,0,0.0,0.0,0.5,0.00018981751054525375,-6.504368502646685e-05,0.5163273811340332
4423,46,88,1.0,1.0010950565338135,0,0,0.0,0.0,0.5,0.0004797528963536024,-0.00010719173587858677,0.5167438983917236
4424,46,89,1.0,1.000427484512329,0,0,0.0,0.0,0.5,0.00021630222909152508,0.00011905329301953316,0.5163259506225586
4425,46,90,1.0,1.0007479190826416,0,0,0.0,0.0,0.5,0.0003546592779457569,0.000146894424688071,0.5154800415039062
4426,46,91,1.0,0.9991669654846191,0,0,0.0,0.0,0.5,0.0002938660327345133,-6.11354480497539e-05,0.5168695449829102
4427,46,92,1.0,0.9995759129524231,0,0,0.0,0.0,0.5,0.00014844955876469612,0.0006257558707147837,0.5181357860565186
4428,46,93,1.0,0.9987066984176636,0,0,0.0,0.0,0.5,0.00017220457084476948,0.0002312815049663186,0.5164631605148315
4429,47,0,1.0,0.9947889447212219,0,0,0.0,0.0,0.0,-0.0060806237161159515,0.005398433655500412,0.005173162557184696
4430,47,1,1.0,0.9952613115310669,0,0,0.0,0.0,0.0,-0.007015144918113947,0.006064657121896744,-0.0004483778029680252
4431,47,2,1.0,0.996493399143219,0,0,0.0,0.0,0.0,-0.008830315433442593,0.003806865541264415,0.005025191232562065
4432,47,3,1.0,0.996549129486084,0,0,0.0,0.0,0.0,-0.008664149791002274,0.0039041314739733934,0.005657312460243702
4433,47,4,1.0,1.0001755952835083,0,0,0.0,0.0,0.0,-0.008457778953015804,-0.001933643827214837,-0.0031931805424392223
4434,47,5,1.0,1.0001453161239624,0,0,0.0,0.0,0.0,-0.008418941870331764,-0.0019014028366655111,-0.0029992209747433662
4435,47,6,1.0,0.9969672560691833,0,0,0.0,0.0,0.0,0.03663594648241997,0.0035505492705851793,-0.0007276022806763649
4436,47,7,1.0,0.9969666004180908,0,0,0.0,0.0,0.0,0.036709852516651154,0.003557557938620448,-0.0006656674668192863
4437,47,8,1.0,0.9923146963119507,0,0,0.0,0.0,0.0,0.24414579570293427,-0.0010168786393478513,-0.0008245119825005531
4438,47,9,1.0,0.9923107624053955,0,0,0.0,0.0,0.0,0.24415527284145355,-0.0010177131043747067,-0.0008205277845263481
4439,47,10,1.0,0.9856429696083069,0,0,0.0,0.0,0.0,0.27210724353790283,-0.001555596711114049,-0.005211042705923319
4440,47,11,1.0,0.9856421947479248,0,0,0.0,0.0,0.0,0.272107869386673,-0.0015553445555269718,-0.005209739785641432
4441,47,12,1.0,0.9852129817008972,0,0,0.25,0.0,0.0,0.2824654281139374,0.0004757094429805875,-0.009384122677147388
4442,47,13,1.0,0.9844034910202026,0,0,0.25,0.0,0.0,0.2783602476119995,0.001017279108054936,-0.00884268619120121
4443,47,14,1.0,0.9871172904968262,0,0,0.25,0.0,0.0,0.27871760725975037,-0.0007118554785847664,-0.005794362165033817
4444,47,15,1.0,0.9992474913597107,0,0,0.25,0.0,0.0,0.2759134769439697,0.00023853126913309097,-0.002834470011293888
4445,47,16,1.0,0.9957026243209839,0,0,0.25,0.0,0.0,0.25832363963127136,-0.0029234050307422876,-0.011736528016626835
4446,47,17,1.0,1.003028392791748,0,0,0.25,0.0,0.0,0.08039239794015884,-0.002369520952925086,-0.03399410471320152
4447,47,18,1.0,0.9991229772567749,0,0,0.0,0.0,0.0,0.01214122399687767,0.0001410763361491263,-0.01864868961274624
4448,47,19,1.0,0.9961089491844177,0,0,0.0,0.0,0.0,-0.0018090397352352738,0.0026078964583575726,-0.018342098221182823
4449,47,20,1.0,0.9935060143470764,0,0,0.0,0.0,0.0,-0.0024034488014876842,0.0006039505824446678,-0.00651210080832243
4450,47,21,1.0,0.9929666519165039,0,0,0.0,0.0,0.0,-0.0029422349762171507,9.284081170335412e-05,-0.008714617229998112
4451,47,22,1.0,1.0002528429031372,0,0,0.0,0.0,0.0,0.0015868511982262135,-0.010595246218144894,-0.010701362043619156
4452,47,23,1.0,1.000431776046753,0,0,0.0,0.0,0.0,0.0014377136249095201,-0.011551476083695889,-0.011145231314003468
4453,47,24,1.0,1.00186288356781,0,0,0.0,0.0,0.0,0.0011883731931447983,-0.019865525886416435,-0.009929665364325047
4454,47,25,1.0,1.0018937587738037,0,0,0.0,-0.25,0.0,0.0011592493392527103,-0.020048797130584717,-0.01008510310202837
4455,47,26,1.0,0.9894704818725586,0,0,0.0,-0.25,0.0,-0.0002082588616758585,-0.274109810590744,-0.006070985458791256
4456,47,27,1.0,0.9879711866378784,0,0,0.0,-0.25,0.0,0.0005766486283391714,-0.2756129205226898,-0.003745843656361103
4457,47,28,1.0,0.9892109036445618,0,0,0.0,-0.25,0.0,-0.00012063467875123024,-0.2760721743106842,-0.0024358145892620087
4458,47,29,1.0,0.9908695220947266,0,0,0.0,-0.25,0.0,-0.0009759684326127172,-0.27568113803863525,-0.0028174682520329952
4459,47,30,1.0,0.9933419823646545,0,0,0.0,-0.25,0.0,-0.0006818146212026477,-0.2747679352760315,-0.0029446003027260303
4460,47,31,1.0,0.9947736859321594,0,0,0.0,-0.25,0.0,7.950467988848686e-05,-0.2739197313785553,-0.004259258974343538
4461,47,32,1.0,0.9937717318534851,0,0,0.0,-0.25,0.0,0.001312092412263155,-0.277645081281662,-0.008302583359181881
4462,47,33,1.0,0.994620680809021,0,0,0.0,-0.25,0.0,0.0014145334716886282,-0.28006699681282043,-0.009663243778049946
4463,47,34,1.0,0.9934090971946716,0,0,0.0,-0.25,0.0,0.0009288468863815069,-0.2809804677963257,-0.0048832399770617485
4464,47,35,1.0,0.9982775449752808,0,0,0.0,-0.25,0.0,0.0001603227574378252,-0.265818327665329,-0.001992455217987299
4465,47,36,1.0,0.9987942576408386,0,0,0.0,-0.25,0.0,0.0006294264458119869,-0.02230488508939743,0.008297208696603775
4466,47,37,1.0,0.9995355010032654,0,0,0.0,0.0,0.0,0.001000046730041504,-0.017649957910180092,-0.021402647718787193
4467,47,38,1.0,1.0055887699127197,0,0,0.0,0.0,0.0,0.0003060419112443924,-0.003831420326605439,-0.02420429140329361
4468,47,39,1.0,1.0069503784179688,0,0,0.0,0.0,0.0,0.00021251500584185123,-0.00256379134953022,-0.02776237390935421
4469,47,40,1.0,1.0067378282546997,0,0,0.0,0.0,0.0,0.00010544317774474621,-0.0018639586633071303,-0.0018951301462948322
4470,47,41,1.0,1.006837010383606,0,0,0.0,0.0,0.0,7.888046093285084e-05,-0.001767133828252554,-0.0024520657025277615
4471,47,42,1.0,1.0055131912231445,0,0,0.0,0.0,0.0,0.000312738586217165,0.00031512632267549634,-0.05911802873015404
4472,47,43,1.0,1.0055325031280518,0,0,0.0,0.0,0.0,0.00030401977710425854,0.00033564178738743067,-0.05974448844790459
4473,47,44,1.0,1.0050948858261108,0,0,0.0,0.0,0.0,0.0005701438058167696,0.0002026915899477899,-0.08268371969461441
4474,47,45,1.0,1.0050994157791138,0,0,0.0,0.0,0.0,0.0005673004779964685,0.00020695937564596534,-0.08284365385770798
4475,47,46,1.0,1.005873680114746,0,0,0.0,0.0,-0.5,0.00041239941492676735,-9.00391023606062e-05,-0.060894690454006195
4476,47,47,1.0,1.0033202171325684,0,0,0.0,0.0,-0.5,-0.0013978569768369198,-0.0003682481765281409,-0.5438168048858643
4477,47,48,1.0,0.9972595572471619,0,0,0.0,0.0,-0.5,-0.0008665990317240357,-0.0009465816547162831,-0.5414022207260132
4478,47,49,1.0,0.9975710511207581,0,0,0.0,0.0,-0.5,-0.0010260164272040129,-0.0012655297759920359,-0.5289177894592285
4479,47,50,1.0,0.9984451532363892,0,0,0.0,0.0,-0.5,-0.0009318821830675006,-0.0012210228014737368,-0.5179979801177979
4480,47,51,1.0,1.0000805854797363,0,0,0.0,0.0,-0.5,-0.0009039976866915822,-0.0011053720954805613,-0.521454930305481
4481,47,52,1.0,1.0026777982711792,0,0,0.0,0.0,-0.5,-0.0007957041962072253,-0.0009176391758956015,-0.5263122320175171
4482,47,53,1.0,1.0053282976150513,0,0,0.0,0.0,-0.5,-0.0012218246702104807,-0.0012146285735070705,-0.5341503620147705
4483,47,54,1.0,1.0080233812332153,0,0,0.0,0.0,-0.5,-0.0006310481112450361,-0.0004977471544407308,-0.5385105609893799
4484,47,55,1.0,1.0125396251678467,0,0,0.0,0.0,-0.5,-0.001279180170968175,-0.0002254610590171069,-0.5406033992767334
4485,47,56,1.0,1.0141667127609253,0,0,0.0,0.0,-0.5,0.000517530832439661,0.0001369914971292019,-0.4039308726787567
4486,47,57,1.0,1.0145515203475952,0,0,0.0,0.0,0.0,0.0004924940876662731,3.9043661672621965e-05,-0.39498192071914673
4487,47,58,1.0,1.0040298700332642,0,0,0.0,0.0,0.0,0.00044463062658905983,0.00011127552716061473,-0.05669919028878212
4488,47,59,1.0,1.0039682388305664,0,0,0.0,0.0,0.0,0.0004480432253330946,7.560924859717488e-05,-0.05111845210194588
4489,47,60,1.0,1.0693166255950928,0,0,0.0,0.0,0.0,0.002665085718035698,-0.0016715384554117918,0.04255132004618645
4490,47,61,1.0,1.069825530052185,0,0,0.0,0.0,0.0,0.002652971539646387,-0.0016590416198596358,0.04279483109712601
4491,47,62,1.0,1.4184731245040894,0,0,0.0,0.0,0.0,0.002732877153903246,-0.0010585529962554574,0.03370196744799614
4492,47,63,1.0,1.419154405593872,0,0,0.0,0.0,0.0,0.002722417935729027,-0.0010542504023760557,0.03368927165865898
4493,47,64,2.0,1.3011603355407715,1,0,0.0,0.0,0.0,0.002173210959881544,2.7044559828937054e-05,0.026965167373418808
4494,47,65,2.0,2.0398495197296143,1,1,0.0,0.0,0.0,0.0009313225746154785,-0.00024236287572421134,-0.0015717754140496254
4495,47,66,2.0,2.0384647846221924,1,1,0.0,0.0,0.0,0.0007419348694384098,-0.0006299569504335523,0.0016169901937246323
4496,47,67,2.0,2.0370140075683594,1,1,0.0,0.0,0.0,0.000532014761120081,-0.0005765000823885202,0.007225198671221733
4497,47,68,2.0,2.0384159088134766,1,1,0.0,0.0,0.0,0.0003802194260060787,-6.964628119021654e-05,0.006067580543458462
4498,47,69,2.0,2.0378191471099854,1,1,0.0,0.0,0.0,0.0003186655230820179,-0.00019380045705474913,0.005797385238111019
4499,47,70,2.0,2.038355588912964,1,1,0.0,0.0,0.0,0.00040299096144735813,-9.501411113888025e-05,0.00679819006472826
4500,47,71,1.0,2.0327367782592773,0,1,0.0,0.0,0.0,0.0005484153516590595,-0.0006171843269839883,0.0051495954394340515
4501,47,72,1.0,1.997361183166504,0,1,0.0,0.0,0.0,0.0014487213920801878,-0.00021636695601046085,-0.0003267452120780945
4502,47,73,1.0,1.9162895679473877,0,1,0.0,0.0,0.0,0.0019499240443110466,8.845346746966243e-05,-0.006707716267555952
4503,47,74,1.0,1.432577133178711,0,0,0.0,0.0,0.0,0.0042609260417521,-7.206917507573962e-05,-0.012297556735575199
4504,47,75,1.0,0.9876744151115417,0,0,0.0,0.0,0.0,0.0015007052570581436,-0.00044467521365731955,0.2865620255470276
4505,47,76,1.0,0.9841823577880859,0,0,0.0,0.0,0.0,-0.0005358963971957564,0.0002696760348044336,0.4715691804885864
4506,47,77,1.0,0.9833477139472961,0,0,0.0,0.0,0.0,-0.0003228532150387764,1.2176053132861853e-05,0.4722612202167511
4507,47,78,1.0,0.987186074256897,0,0,0.0,0.0,0.0,0.0002602797467261553,0.00015898369019851089,0.5007462501525879
4508,47,79,1.0,0.9872732758522034,0,0,0.0,0.0,0.5,0.0002636795397847891,0.0001564726117067039,0.5010859966278076
4509,47,80,1.0,0.9991931915283203,0,0,0.0,0.0,0.5,0.00013760197907686234,0.00012967828661203384,0.5196102857589722
4510,47,81,1.0,1.002271056175232,0,0,0.0,0.0,0.5,1.333397813141346e-05,0.00030797941144555807,0.5179966688156128
4511,47,82,1.0,1.0011101961135864,0,0,0.0,0.0,0.5,0.0007616246584802866,9.503873297944665e-05,0.518940806388855
4512,47,83,1.0,1.0001190900802612,0,0,0.0,0.0,0.5,0.0003192930016666651,6.186863174661994e-05,0.5179647207260132
4513,47,84,1.0,0.9985479712486267,0,0,0.0,0.0,0.5,0.00019106082618236542,0.0005883504636585712,0.5202319622039795
4514,47,85,1.0,0.9991565346717834,0,0,0.0,0.0,0.5,0.00032364646904170513,0.00028817408019676805,0.5184322595596313
4515,47,86,1.0,0.9996240139007568,0,0,0.0,0.0,0.5,-5.647074431180954e-06,0.00024670694256201386,0.5176069736480713
4516,47,87,1.0,0.9981417059898376,0,0,0.0,0.0,0.5,0.00036205281503498554,0.00020971603225916624,0.5192084312438965
4517,47,88,1.0,0.9998897314071655,0,0,0.0,0.0,0.5,-9.063631296157837e-06,9.706674609333277e-05,0.5182156562805176
4518,48,0,1.0,0.9947888851165771,0,0,0.0,0.0,0.0,-0.006080613471567631,0.005398415960371494,0.005173148587346077
4519,48,1,1.0,0.9952613115310669,0,0,0.0,0.0,0.0,-0.007015147712081671,0.006064645946025848,-0.00044839736074209213
4520,48,2,1.0,0.9964934587478638,0,0,0.0,0.0,0.0,-0.00883032102137804,0.00380685948766768,0.005025197751820087
4521,48,3,1.0,0.996549129486084,0,0,0.0,0.0,0.0,-0.008664151653647423,0.0039041496347635984,0.005657306872308254
4522,48,4,1.0,1.0001755952835083,0,0,0.0,0.0,0.0,-0.008457763120532036,-0.0019336581462994218,-0.0031931749545037746
4523,48,5,1.0,1.0001453161239624,0,0,0.0,0.0,0.0,-0.00841892696917057,-0.0019014165736734867,-0.0029992451891303062
4524,48,6,1.0,0.9969672560691833,0,0,0.0,0.0,0.0,0.03663594648241997,0.003550564171746373,-0.0007275836542248726
4525,48,7,1.0,0.9969666004180908,0,0,0.0,0.0,0.0,0.036709874868392944,0.003557562595233321,-0.0006656600162386894
4526,48,8,1.0,0.9923146367073059,0,0,0.0,0.0,0.0,0.24414582550525665,-0.0010168786393478513,-0.0008244942873716354
4527,48,9,1.0,0.9923108220100403,0,0,0.0,0.0,0.0,0.24415525794029236,-0.001017718343064189,-0.0008205417543649673
4528,48,10,1.0,0.9856429100036621,0,0,0.0,0.0,0.0,0.27210724353790283,-0.0015555889112874866,-0.005211042705923319
4529,48,11,1.0,0.9856421947479248,0,0,0.25,0.0,0.0,0.272107869386673,-0.0015553523553535342,-0.005209754221141338
4530,48,12,1.0,0.9800890684127808,0,0,0.25,0.0,0.0,0.27842748165130615,-0.0007655305089429021,-0.010729875415563583
4531,48,13,1.0,0.9882560968399048,0,0,0.25,0.0,0.0,0.27810484170913696,0.00018180441111326218,-0.007747610565274954
4532,48,14,1.0,0.9938547611236572,0,0,0.25,0.0,0.0,0.2773095369338989,-0.0003543738566804677,-0.011102701537311077
4533,48,15,1.0,0.9937000870704651,0,0,0.25,0.0,0.0,0.273017555475235,-0.0016095628961920738,-0.00896544847637415
4534,48,16,1.0,0.9981406927108765,0,0,0.25,0.0,0.0,0.16527296602725983,-0.004711066372692585,-0.026016520336270332
4535,48,17,1.0,1.0029311180114746,0,0,0.0,0.0,0.0,0.07853029668331146,-0.004299255087971687,-0.03321820870041847
4536,48,18,1.0,0.9958205223083496,0,0,0.0,0.0,0.0,0.0010702235158532858,0.0006287136347964406,-0.01507787685841322
4537,48,19,1.0,0.9954390525817871,0,0,0.0,0.0,0.0,-0.00243339198641479,0.0017408402636647224,-0.010314738377928734
4538,48,20,1.0,0.9930312633514404,0,0,0.0,0.0,0.0,-0.0017508239252492785,-0.0009683403186500072,-0.00941084697842598
4539,48,21,1.0,0.9930017590522766,0,0,0.0,0.0,0.0,-0.0014695447171106935,-0.0010731532238423824,-0.010364949703216553
4540,48,22,1.0,1.001408338546753,0,0,0.0,0.0,0.0,0.0025244783610105515,-0.015216467902064323,-0.00935059692710638
4541,48,23,1.0,1.0014803409576416,0,0,0.0,0.0,0.0,0.002443208359181881,-0.015662066638469696,-0.00963563285768032
4542,48,24,1.0,1.0002385377883911,0,0,0.0,0.0,0.0,0.002643521409481764,-0.009176990017294884,-0.010483779013156891
4543,48,25,1.0,1.0002552270889282,0,0,0.0,-0.25,0.0,0.0026374347507953644,-0.009206285700201988,-0.010561374016106129
4544,48,26,1.0,0.9905135035514832,0,0,0.0,-0.25,0.0,-0.00013038935139775276,-0.27141380310058594,-0.007473999634385109
4545,48,27,1.0,0.9885522723197937,0,0,0.0,-0.25,0.0,0.000696336617693305,-0.2757475972175598,-0.004084727726876736
4546,48,28,1.0,0.9892114996910095,0,0,0.0,-0.25,0.0,-0.00012076075654476881,-0.27607277035713196,-0.002436776179820299
4547,48,29,1.0,0.9908697009086609,0,0,0.0,-0.25,0.0,-0.0009761023102328181,-0.2756813168525696,-0.0028178896754980087
4548,48,30,1.0,0.9933421015739441,0,0,0.0,-0.25,0.0,-0.000681878998875618,-0.27476808428764343,-0.0029449756257236004
4549,48,31,1.0,0.9947736859321594,0,0,0.0,-0.25,0.0,7.94918742030859e-05,-0.27391982078552246,-0.004259423352777958
4550,48,32,1.0,0.9937717318534851,0,0,0.0,-0.25,0.0,0.0013120768126100302,-0.2776451110839844,-0.008302615955471992
4551,48,33,1.0,0.994620680809021,0,0,0.0,-0.25,0.0,0.001414543716236949,-0.28006696701049805,-0.00966323260217905
4552,48,34,1.0,0.9934090971946716,0,0,0.0,-0.25,0.0,0.000928821275010705,-0.28098049759864807,-0.004883265122771263
4553,48,35,1.0,0.9982775449752808,0,0,0.0,-0.25,0.0,0.00016031507402658463,-0.2658185362815857,-0.0019924589432775974
4554,48,36,1.0,0.9995923638343811,0,0,0.0,0.0,0.0,-0.002253797138109803,-0.12904463708400726,-0.0050065359100699425
4555,48,37,1.0,1.0023374557495117,0,0,0.0,0.0,0.0,-0.0013506109826266766,-0.0757240280508995,-0.00854009110480547
4556,48,38,1.0,1.0072270631790161,0,0,0.0,0.0,0.0,-0.0002746656537055969,-0.004310763441026211,-0.010350825265049934
4557,48,39,1.0,1.007535696029663,0,0,0.0,0.0,0.0,-0.00053900305647403,0.019673528149724007,-0.010779528878629208
4558,48,40,1.0,1.0046117305755615,0,0,0.0,0.0,0.0,-0.0010358046274632215,-0.01246701367199421,0.005890609696507454
4559,48,41,1.0,1.0048015117645264,0,0,0.0,0.0,0.0,-0.001053705345839262,-0.010076943784952164,0.005570919252932072
4560,48,42,1.0,1.0017191171646118,0,0,0.0,0.0,0.0,0.0004906358662992716,-0.005539446137845516,0.007980750873684883
4561,48,43,1.0,1.001732587814331,0,0,0.0,0.0,0.0,0.00047771097160875797,-0.005358812399208546,0.007849486544728279
4562,48,44,1.0,1.0002086162567139,0,0,0.0,0.0,0.0,0.0005827904678881168,-0.006247255019843578,0.0051756734028458595
4563,48,45,1.0,1.0002130270004272,0,0,0.0,0.0,0.0,0.000579657731577754,-0.006213880144059658,0.005141284316778183
4564,48,46,1.0,0.9993771314620972,0,0,0.0,0.0,0.0,0.0005649593658745289,-0.0045205578207969666,0.013931021094322205
4565,48,47,1.0,0.9993780255317688,0,0,0.0,0.0,0.0,0.0005641407333314419,-0.004512920510023832,0.01392287015914917
4566,48,48,1.0,1.002139687538147,0,0,0.0,0.0,0.0,0.00026863045059144497,-0.0021779784001410007,0.0005335062742233276
4567,48,49,1.0,1.0021401643753052,0,0,0.0,0.0,0.0,0.00026839878410100937,-0.002176934154704213,0.0005327770486474037
4568,48,50,1.0,1.0062623023986816,0,0,0.0,-0.25,0.0,0.0003843773156404495,-0.002033072989434004,-0.04020949453115463
4569,48,51,1.0,1.0022755861282349,0,0,0.0,0.0,0.0,0.0005824766121804714,-0.0061738379299640656,-0.029386745765805244
4570,48,52,1.0,1.0072109699249268,0,0,0.0,0.0,0.0,0.00016932073049247265,-0.002950913505628705,-0.013199146836996078
4571,48,53,1.0,1.007310390472412,0,0,0.0,0.0,0.0,0.00014313380233943462,-0.0024528575595468283,-0.018402529880404472
4572,48,54,1.0,1.0053799152374268,0,0,0.0,0.0,0.0,0.0001576533541083336,-0.0007254669326357543,-0.003833602648228407
4573,48,55,1.0,1.0053977966308594,0,0,0.0,0.0,0.0,0.0001514896284788847,-0.0006587399984709918,-0.004359937272965908
4574,48,56,1.0,1.00448739528656,0,0,0.0,0.0,0.0,0.0005419156514108181,0.00036051636561751366,-0.07834283262491226
4575,48,57,1.0,1.0044922828674316,0,0,0.0,0.0,0.0,0.0005374583415687084,0.00037022202741354704,-0.07857781648635864
4576,48,58,1.0,1.0044715404510498,0,0,0.0,0.0,0.0,0.000359060475602746,0.00039579160511493683,-0.09828878194093704
4577,48,59,1.0,1.0044739246368408,0,0,0.0,0.0,-0.5,0.00035791099071502686,0.00039769895374774933,-0.0983685627579689
4578,48,60,1.0,1.002370834350586,0,0,0.0,0.0,-0.5,-0.0010167945874854922,-7.836654549464583e-05,-0.5441713333129883
4579,48,61,1.0,0.9984314441680908,0,0,0.0,0.0,-0.5,-0.0008782175136730075,-0.000699972384609282,-0.540745735168457
4580,48,62,1.0,0.9987172484397888,0,0,0.0,0.0,-0.5,-0.001109183533117175,-0.000955116527620703,-0.5352753400802612
4581,48,63,1.0,0.9984400272369385,0,0,0.0,0.0,-0.5,-0.0010013316059485078,-0.0008847304852679372,-0.522273063659668
4582,48,64,1.0,0.9995757341384888,0,0,0.0,0.0,-0.5,-0.0007797200232744217,-0.00039397634100168943,-0.5267360210418701
4583,48,65,1.0,1.0018855333328247,0,0,0.0,0.0,-0.5,-0.0006281280657276511,-0.000771542196162045,-0.5222030878067017
4584,48,66,1.0,1.0023226737976074,0,0,0.0,0.0,-0.5,-0.001327910227701068,-0.0015842253342270851,-0.5339733362197876
4585,48,67,1.0,1.006670594215393,0,0,0.0,0.0,-0.5,-0.0008328788680955768,-0.0004514252068474889,-0.5394736528396606
4586,48,68,1.0,1.0138503313064575,0,0,0.0,0.0,-0.5,-0.0007898814510554075,-5.561648868024349e-05,-0.5432165861129761
4587,48,69,1.0,1.0143486261367798,0,0,0.0,0.0,-0.5,-0.0010681553976610303,0.0002617835416458547,-0.5383204221725464
4588,48,70,1.0,1.0121819972991943,0,0,0.0,0.0,0.0,0.0007388736121356487,0.0001579326344653964,-0.38548707962036133
4589,48,71,1.0,1.01224684715271,0,0,0.0,0.0,0.0,0.0007091660518199205,0.00026273156981915236,-0.36383989453315735
4590,48,72,1.0,1.0018789768218994,0,0,0.0,0.0,0.0,0.0006761422846466303,0.0003699235385283828,-0.029680311679840088
4591,48,73,1.0,1.0018975734710693,0,0,0.0,0.0,0.0,0.000682704383507371,0.0003590310225263238,-0.02727041020989418
4592,48,74,1.0,1.2177324295043945,0,0,0.0,0.0,0.0,0.002486943732947111,-0.001417625928297639,0.040356945246458054
4593,48,75,1.0,1.2184659242630005,0,0,0.0,0.0,0.0,0.0024806405417621136,-0.0014109372859820724,0.04040614515542984
4594,48,76,1.0,1.3012361526489258,0,0,0.0,0.0,0.0,0.0023508602753281593,-0.0013213383499532938,0.03979937732219696
4595,48,77,2.0,1.3017958402633667,1,0,0.0,0.0,0.0,0.002342343796044588,-0.001316154608502984,0.0397825762629509
4596,48,78,2.0,2.0394208431243896,1,1,0.0,0.0,0.0,0.0008323425427079201,-0.00035952901816926897,-0.0002497527748346329
4597,48,79,2.0,2.0382485389709473,1,1,0.0,0.0,0.0,0.0006071117240935564,-0.0003348881145939231,0.0009080758318305016
4598,48,80,2.0,2.0378997325897217,1,1,0.0,0.0,0.0,0.0003762443084269762,-0.00037321553099900484,0.006963646039366722
4599,48,81,2.0,2.037947416305542,1,1,0.0,0.0,0.0,0.00047675264067947865,-0.00016447293455712497,0.006070446223020554
4600,48,82,2.0,2.0374889373779297,1,1,0.0,0.0,0.0,0.0005750269629061222,-2.3418106138706207e-05,0.00582948699593544
4601,48,83,2.0,2.037860870361328,1,1,0.0,0.0,0.0,0.0002779823262244463,0.00015321775572374463,0.006060302257537842
4602,48,84,2.0,2.0384984016418457,1,1,0.0,0.0,0.0,0.00097777065820992,-0.00018618174362927675,0.005377884954214096
4603,48,85,1.0,2.034538745880127,0,1,0.0,0.0,0.0,0.0008993612136691809,-0.0004609180032275617,0.004188585095107555
4604,48,86,1.0,1.0593416690826416,0,0,0.0,0.0,0.0,0.0043919142335653305,0.0002621453604660928,0.11254163086414337
4605,48,87,1.0,1.5382308959960938,0,1,0.0,0.0,0.0,0.0014314604923129082,-0.0009464861359447241,-0.004308475647121668
4606,48,88,1.0,0.98416668176651,0,0,0.0,0.0,0.0,0.0016361565794795752,7.052195724099874e-05,0.3579530417919159
4607,48,89,1.0,0.9904047846794128,0,0,0.0,0.0,0.0,0.0025832997635006905,0.0003450546646490693,0.2942846417427063
4608,48,90,1.0,0.9797145128250122,0,0,0.0,0.0,0.0,0.00048451521433889866,0.00013812683755531907,0.44683653116226196
4609,48,91,1.0,0.9802302718162537,0,0,0.0,0.0,0.0,0.0004933313466608524,0.00014261784963309765,0.4549255669116974
4610,48,92,1.0,0.9883195161819458,0,0,0.0,0.0,0.5,0.00032577989622950554,0.00041867361869663,0.5023292303085327
4611,48,93,1.0,1.0000693798065186,0,0,0.0,0.0,0.5,0.0005382616072893143,-0.00020515942014753819,0.518268346786499
4612,48,94,1.0,1.000154733657837,0,0,0.0,0.0,0.5,0.00023495149798691273,0.00020466966088861227,0.5174943208694458
4613,48,95,1.0,0.9998399019241333,0,0,0.0,0.0,0.5,0.00023728865198791027,0.00024351204046979547,0.5167363882064819
4614,48,96,1.0,1.000026822090149,0,0,0.0,0.0,0.5,0.0004935183096677065,9.061838500201702e-05,0.5182671546936035
4615,48,97,1.0,0.9987087845802307,0,0,0.0,0.0,0.5,0.00010303757153451443,0.0003346629091538489,0.5174639225006104
4616,48,98,1.0,0.9982561469078064,0,0,0.0,0.0,0.5,-4.681292921304703e-06,-3.6707206163555384e-05,0.5179977416992188
4617,48,99,1.0,0.9979699850082397,0,0,0.0,0.0,0.5,0.00013739150017499924,9.824457811191678e-05,0.5174732208251953
4618,48,100,1.0,1.0001583099365234,0,0,0.0,0.0,0.5,0.0002938634715974331,0.00038013607263565063,0.5198618173599243
4619,48,101,1.0,0.9984786510467529,0,0,0.0,0.0,0.5,0.00014276267029345036,-0.00010843673953786492,0.5194886922836304
4620,49,0,1.0,0.9950827956199646,0,0,0.0,0.0,0.0,-0.006025390233844519,-0.003190323244780302,0.007532350718975067
4621,49,1,1.0,0.9958500862121582,0,0,0.0,0.0,0.0,-0.006645732559263706,-0.0029016067273914814,0.004576876759529114
4622,49,2,1.0,0.9960650205612183,0,0,0.0,0.0,0.0,-0.009208349511027336,-0.0016860577743500471,-0.0007609212771058083
4623,49,3,1.0,0.9957764744758606,0,0,0.0,0.0,0.0,-0.009173193015158176,-0.0016628875164315104,5.8747828006744385e-05
4624,49,4,1.0,0.9951233267784119,0,0,0.0,0.0,0.0,-0.00870145671069622,-0.0011683185584843159,0.0006430353969335556
4625,49,5,1.0,0.9951052665710449,0,0,0.0,0.0,0.0,-0.008654738776385784,-0.0011234346311539412,0.00088497344404459
4626,49,6,1.0,0.9909818768501282,0,0,0.0,0.0,0.0,0.16397395730018616,-0.00019539202912710607,-0.006005388684570789
4627,49,7,1.0,0.9909714460372925,0,0,0.0,0.0,0.0,0.16410908102989197,-0.00019698162213899195,-0.0059455763548612595
4628,49,8,1.0,0.9872035384178162,0,0,0.0,0.0,0.0,0.2571859657764435,0.00011591683141887188,-0.007279621437191963
4629,49,9,1.0,0.9871978759765625,0,0,0.0,0.0,0.0,0.2571910321712494,0.00011505116708576679,-0.007272600196301937
4630,49,10,1.0,0.9859773516654968,0,0,0.0,0.0,0.0,0.27052736282348633,-0.000452596927061677,-0.007301848381757736
4631,49,11,1.0,0.9859764575958252,0,0,0.25,0.0,0.0,0.27052757143974304,-0.0004528205026872456,-0.00730026513338089
4632,49,12,1.0,0.9925904870033264,0,0,0.25,0.0,0.0,0.27364206314086914,-0.00028874361305497587,-0.010235951282083988
4633,49,13,1.0,0.9989113211631775,0,0,0.25,0.0,0.0,0.27153119444847107,-0.0009903453756123781,-0.010289156809449196
4634,49,14,1.0,1.0611504316329956,0,0,0.25,0.0,0.0,0.26075124740600586,-0.0026196555700153112,-0.015085229650139809
4635,49,15,1.0,1.0449424982070923,0,0,0.25,0.0,0.0,0.26406964659690857,-0.0025814243126660585,-0.015053885988891125
4636,49,16,1.0,0.9888333082199097,0,0,0.25,0.0,0.0,0.254645973443985,-0.0005317967152222991,-0.0191044844686985
4637,49,17,1.0,0.9888457655906677,0,0,0.0,0.0,0.0,0.21689319610595703,-0.0010582319227978587,-0.01959742046892643
4638,49,18,1.0,1.005341649055481,0,0,0.0,0.0,0.0,0.011745421215891838,0.0034797152038663626,0.0048047443851828575
4639,49,19,1.0,1.0011790990829468,0,0,0.0,0.0,0.0,-0.006110874004662037,0.0003868719795718789,0.003234345465898514
4640,49,20,1.0,0.995505154132843,0,0,0.0,0.0,0.0,-0.002893939148634672,0.02000742219388485,-0.002505999058485031
4641,49,21,1.0,0.9953064322471619,0,0,0.0,0.0,0.0,-0.002494006883352995,0.03710271418094635,-0.006066988222301006
4642,49,22,1.0,0.9941906332969666,0,0,0.0,0.0,0.0,0.0012092303950339556,0.263606458902359,-0.002455831505358219
4643,49,23,1.0,0.9940316677093506,0,0,0.0,0.0,0.0,0.0011321583297103643,0.2641249895095825,-0.002498386427760124
4644,49,24,1.0,0.9893926382064819,0,0,0.0,0.25,0.0,0.0009570030961185694,0.2740044891834259,-0.002165690530091524
4645,49,25,1.0,0.9863681793212891,0,0,0.0,0.25,0.0,0.0006590671837329865,0.2690817415714264,-0.004597467370331287
4646,49,26,1.0,0.9875298738479614,0,0,0.0,0.25,0.0,0.0006218482740223408,0.2691120505332947,-0.005475994199514389
4647,49,27,1.0,0.9906782507896423,0,0,0.0,0.25,0.0,0.0001261045690625906,0.26742541790008545,-0.003998767118901014
4648,49,28,1.0,0.9908905625343323,0,0,0.0,0.25,0.0,0.0006038884166628122,0.26594215631484985,-0.002240681555122137
4649,49,29,1.0,0.9908995032310486,0,0,0.0,0.25,0.0,0.0007313326932489872,0.2691727578639984,-0.0021490943618118763
4650,49,30,1.0,0.9925210475921631,0,0,0.0,0.25,0.0,0.002050096169114113,0.2737414240837097,-0.004669790156185627
4651,49,31,1.0,0.9963973760604858,0,0,0.0,0.25,0.0,0.0012811277993023396,0.275852233171463,-0.004032900091260672
4652,49,32,1.0,0.9907676577568054,0,0,0.0,0.25,0.0,0.0004455635789781809,0.2752954959869385,-0.004056171979755163
4653,49,33,1.0,0.9914699792861938,0,0,0.0,0.25,0.0,0.0005593837704509497,0.21536102890968323,-0.004085846710950136
4654,49,34,1.0,1.000557541847229,0,0,0.0,0.25,0.0,0.0005765713285654783,0.07332352548837662,-0.006841220427304506
4655,49,35,1.0,1.0001708269119263,0,0,0.0,0.0,0.0,0.00019977171905338764,0.013896120712161064,-0.001740235835313797
4656,49,36,1.0,1.0031001567840576,0,0,0.0,0.0,0.0,1.0459451004862785e-05,-0.0006484445766545832,-0.008243673481047153
4657,49,37,1.0,1.0030499696731567,0,0,0.0,0.0,0.0,3.307336010038853e-05,-0.001363877672702074,-0.011881722137331963
4658,49,38,1.0,1.0049086809158325,0,0,0.0,0.0,0.0,0.0004433549474924803,-0.0018394652288407087,0.0036725029349327087
4659,49,39,1.0,1.004854440689087,0,0,0.0,0.0,0.0,0.0004198760725557804,-0.0019005603389814496,0.004170095548033714
4660,49,40,1.0,1.005686640739441,0,0,0.0,0.0,0.0,0.0003318800590932369,0.0006395641248673201,-0.10381046682596207
4661,49,41,1.0,1.0056787729263306,0,0,0.0,0.0,0.0,0.00033003673888742924,0.0006282789399847388,-0.10374349355697632
4662,49,42,1.0,1.0064284801483154,0,0,0.0,0.0,0.0,0.00041795335710048676,0.000621662475168705,-0.14578774571418762
4663,49,43,1.0,1.006426215171814,0,0,0.0,0.0,0.0,0.00041963416151702404,0.0006188198458403349,-0.14576171338558197
4664,49,44,1.0,1.0071650743484497,0,0,0.0,0.0,-0.5,0.0004825980868190527,8.859322406351566e-05,-0.21297979354858398
4665,49,45,1.0,0.9986376762390137,0,0,0.0,0.0,-0.5,-0.0011751051060855389,-0.00028793775709345937,-0.5439537763595581
4666,49,46,1.0,0.9979648590087891,0,0,0.0,0.0,-0.5,-0.0005172141827642918,-0.0004579448141157627,-0.5378772020339966
4667,49,47,1.0,0.9973036646842957,0,0,0.0,0.0,-0.5,-0.0005736872553825378,-0.0008866469725035131,-0.5308864116668701
4668,49,48,1.0,0.9977839589118958,0,0,0.0,0.0,-0.5,-0.0003392846556380391,-0.0005802973755635321,-0.5148072242736816
4669,49,49,1.0,0.9969470500946045,0,0,0.0,0.0,-0.5,-0.00025950768031179905,-0.00040748086757957935,-0.5179688930511475
4670,49,50,1.0,0.9960913062095642,0,0,0.0,0.0,-0.5,-0.00046104216016829014,-0.001319088856689632,-0.5227681398391724
4671,49,51,1.0,1.0000462532043457,0,0,0.0,0.0,-0.5,-0.0008983088191598654,-0.0015439132694154978,-0.5318732261657715
4672,49,52,1.0,1.0091736316680908,0,0,0.0,0.0,-0.5,-0.0002579133724793792,-0.00029146726592443883,-0.5424066781997681
4673,49,53,1.0,1.0148983001708984,0,0,0.0,0.0,-0.5,-0.0002762352814897895,-0.00022439606254920363,-0.5480542182922363
4674,49,54,1.0,1.008536458015442,0,0,0.0,0.0,-0.5,0.0009879772551357746,0.001515531912446022,-0.3609682023525238
4675,49,55,1.0,1.0081229209899902,0,0,0.0,0.0,-0.5,0.0005588149651885033,0.0020028711296617985,-0.2904207110404968
4676,49,56,1.0,1.0621895790100098,0,0,0.0,0.0,0.0,0.0019205543212592602,-0.000515238381922245,0.030055955052375793
4677,49,57,1.0,1.0640618801116943,0,0,0.0,0.0,0.0,0.0018675492610782385,-0.0005503573338501155,0.0315784215927124
4678,49,58,1.0,1.7984663248062134,0,1,0.0,0.0,0.0,0.00033540837466716766,4.7138542868196964e-05,0.011947359889745712
4679,49,59,1.0,1.7996647357940674,0,1,0.0,0.0,0.0,0.0003255857154726982,4.075607284903526e-05,0.01190422847867012
4680,49,60,1.0,1.944111704826355,0,1,0.0,0.0,0.0,-0.0002757797483354807,-0.0001861221098806709,0.003296835348010063
4681,49,61,1.0,1.944420576095581,0,1,0.0,0.0,0.0,-0.00027533690445125103,-0.00018983619520440698,0.0032879505306482315
4682,49,62,2.0,2.0420031547546387,1,1,0.0,0.0,0.0,-0.00019920594058930874,-0.0004871686687693,8.363369852304459e-05
4683,49,63,2.0,2.039673089981079,1,1,0.0,0.0,0.0,0.0006337938830256462,-0.00048147898633033037,0.0018225796520709991
4684,49,64,2.0,2.0382988452911377,1,1,0.0,0.0,0.0,0.00041876034811139107,0.0005083923460915685,0.00284369383007288
4685,49,65,2.0,2.0375912189483643,1,1,0.0,0.0,0.0,0.0004395311698317528,3.425369504839182e-05,0.0040046703070402145
4686,49,66,2.0,2.0401268005371094,1,1,0.0,0.0,0.0,0.0004978117067366838,-0.0003023396129719913,0.00410772580653429
4687,49,67,2.0,2.039987325668335,1,1,0.0,0.0,0.0,0.000591750256717205,-0.00033968326169997454,0.0036596981808543205
4688,49,68,2.0,2.041701078414917,1,1,0.0,0.0,0.0,0.00037487572990357876,-0.00025535342865623534,0.0027795806527137756
4689,49,69,2.0,2.0416948795318604,1,1,0.0,0.0,0.0,0.0003732922486960888,-0.0002554708917159587,0.0027813883498311043
4690,49,70,1.0,1.0173823833465576,0,0,0.0,0.0,0.0,0.002634350210428238,-0.0010471228742972016,0.30221131443977356
4691,49,71,1.0,1.0169543027877808,0,0,0.0,0.0,0.0,0.0026041092351078987,-0.0010697997640818357,0.3030441105365753
4692,49,72,1.0,0.9948475360870361,0,0,0.0,0.0,0.0,0.002067500725388527,-0.0008232614491134882,0.3568606972694397
4693,49,73,1.0,0.9945330023765564,0,0,0.0,0.0,0.0,0.0020656767301261425,-0.0008253556443378329,0.3577297627925873
4694,49,74,1.0,0.9809180498123169,0,0,0.0,0.0,0.0,0.0015031557995826006,-0.0012290787417441607,0.4336739182472229
4695,49,75,1.0,0.9808963537216187,0,0,0.0,0.0,0.5,0.0015024291351437569,-0.001224446576088667,0.433834969997406
4696,49,76,1.0,0.9989869594573975,0,0,0.0,0.0,0.5,0.00030152290128171444,-0.0004594406927935779,0.5189173221588135
4697,49,77,1.0,1.0012444257736206,0,0,0.0,0.0,0.5,0.0004950119182467461,-0.00017561402637511492,0.517593502998352
4698,49,78,1.0,1.0001420974731445,0,0,0.0,0.0,0.5,0.0002310445997864008,0.00014591781655326486,0.5157787799835205
4699,49,79,1.0,0.9989197254180908,0,0,0.0,0.0,0.5,0.0002224198542535305,0.00031311478232964873,0.5179003477096558
4700,49,80,1.0,1.001176357269287,0,0,0.0,0.0,0.5,0.0004736599512398243,8.872337639331818e-05,0.5187019109725952
4701,49,81,1.0,0.9988669753074646,0,0,0.0,0.0,0.5,0.0006453432142734528,-6.11406285315752e-05,0.5189582109451294
4702,49,82,1.0,1.000080943107605,0,0,0.0,0.0,0.5,7.301638834178448e-05,7.973139872774482e-05,0.5216734409332275
4703,49,83,1.0,1.0011063814163208,0,0,0.0,0.0,0.5,0.00021890481002628803,0.00016216078074648976,0.5204166173934937
4704,49,84,1.0,0.9997966885566711,0,0,0.0,0.0,0.5,0.0002871849574148655,0.00031447579385712743,0.5214349031448364
4705,50,0,1.0,0.9983773231506348,0,0,0.0,0.0,0.0,0.005593250039964914,0.0009390073828399181,0.0004002135246992111
4706,50,1,1.0,0.999207615852356,0,0,0.0,0.0,0.0,0.005883007775992155,0.001421111635863781,-0.003602207638323307
4707,50,2,1.0,0.9979477524757385,0,0,0.0,0.0,0.0,0.007268100511282682,0.002701016841456294,-0.0011894977651536465
4708,50,3,1.0,0.9980859756469727,0,0,0.0,0.0,0.0,0.007379438262432814,0.002597046084702015,-0.0006590848788619041
4709,50,4,1.0,0.9988419413566589,0,0,0.0,0.0,0.0,0.005185884423553944,0.0011385353282094002,-0.003545951098203659
4710,50,5,1.0,0.9988654851913452,0,0,0.0,0.0,0.0,0.005224192980676889,0.0010932021541520953,-0.0033885613083839417
4711,50,6,1.0,0.9900298714637756,0,0,0.0,0.0,0.0,-0.20710673928260803,-0.0017338929465040565,-0.009895703755319118
4712,50,7,1.0,0.9900436401367188,0,0,0.0,0.0,0.0,-0.2070736140012741,-0.0017347248503938317,-0.009862720966339111
4713,50,8,1.0,0.9812231063842773,0,0,0.0,0.0,0.0,-0.2714958190917969,-0.0006228996790014207,-0.007772854529321194
4714,50,9,1.0,0.981224536895752,0,0,0.0,0.0,0.0,-0.27149805426597595,-0.0006221874500624835,-0.007769876625388861
4715,50,10,1.0,0.9785053730010986,0,0,-0.25,0.0,0.0,-0.28050845861434937,-0.0003241049707867205,-0.009703617542982101
4716,50,11,1.0,0.9772596955299377,0,0,-0.25,0.0,0.0,-0.2776910364627838,0.00023627228802070022,-0.007955895736813545
4717,50,12,1.0,0.974755585193634,0,0,-0.25,0.0,0.0,-0.28086844086647034,0.0006049396470189095,-0.01117479894310236
4718,50,13,1.0,0.9760816097259521,0,0,-0.25,0.0,0.0,-0.28309378027915955,0.003111311700195074,-0.013805215246975422
4719,50,14,1.0,0.9845317006111145,0,0,-0.25,0.0,0.0,-0.28807157278060913,0.002763211727142334,-0.023914160206913948
4720,50,15,1.0,0.9846718907356262,0,0,-0.25,0.0,0.0,-0.28090566396713257,0.003190178656950593,-0.02218451350927353
4721,50,16,1.0,0.9843102693557739,0,0,-0.25,0.0,0.0,-0.21223199367523193,0.002813073107972741,-0.012989092618227005
4722,50,17,1.0,0.9898126721382141,0,0,0.0,0.0,0.0,-0.06519041210412979,3.1820847652852535e-05,-0.00333584425970912
4723,50,18,1.0,0.9896920323371887,0,0,0.0,0.0,0.0,-0.026112565770745277,-0.0026398259215056896,-0.015145258978009224
4724,50,19,1.0,0.9937973618507385,0,0,0.0,0.0,0.0,-0.007545382250100374,-0.004717105068266392,-0.01120764296501875
4725,50,20,1.0,0.9993042349815369,0,0,0.0,0.0,0.0,0.002334730699658394,0.0030057390686124563,-0.0033205589279532433
4726,50,21,1.0,0.999331533908844,0,0,0.0,0.0,0.0,0.00230557844042778,0.0028070046100765467,-0.003617122769355774
4727,50,22,1.0,0.990829586982727,0,0,0.0,0.0,0.0,0.0021492261439561844,0.14912112057209015,-0.00016091205179691315
4728,50,23,1.0,0.9908114671707153,0,0,0.0,0.0,0.0,0.002151091117411852,0.14858944714069366,-0.00020431075245141983
4729,50,24,1.0,0.9910937547683716,0,0,0.0,0.25,0.0,0.001691021490842104,0.16961708664894104,-0.0011672298423945904
4730,50,25,1.0,0.9826141595840454,0,0,0.0,0.25,0.0,0.0005754590965807438,0.2631053924560547,-0.005541397258639336
4731,50,26,1.0,0.9820647835731506,0,0,0.0,0.25,0.0,0.0006458098068833351,0.2697336971759796,-0.007254409603774548
4732,50,27,1.0,0.987163782119751,0,0,0.0,0.25,0.0,0.0013842461630702019,0.27068737149238586,-0.006895733065903187
4733,50,28,1.0,0.988105297088623,0,0,0.0,0.25,0.0,0.00036155455745756626,0.2718702554702759,-0.0035887868143618107
4734,50,29,1.0,0.9878242611885071,0,0,0.0,0.25,0.0,0.00029578967951238155,0.27353888750076294,-0.0030754106119275093
4735,50,30,1.0,0.9869035482406616,0,0,0.0,0.25,0.0,-6.230070721358061e-05,0.27493488788604736,-0.0028620176017284393
4736,50,31,1.0,0.9920966029167175,0,0,0.0,0.25,0.0,0.0004861715715378523,0.27399611473083496,-0.005406484939157963
4737,50,32,1.0,0.9960291981697083,0,0,0.0,0.25,0.0,0.0010205453727394342,0.2697713375091553,-0.009535235352814198
4738,50,33,1.0,0.9969033002853394,0,0,0.0,0.25,0.0,0.0013220503460615873,0.1834607571363449,-0.017093725502490997
4739,50,34,1.0,0.9999593496322632,0,0,0.0,0.0,0.0,0.0017384495586156845,0.054827917367219925,-0.027536042034626007
4740,50,35,1.0,1.0024325847625732,0,0,0.0,0.0,0.0,0.0010076984763145447,0.0034789314959198236,-0.027381541207432747
4741,50,36,1.0,1.0014253854751587,0,0,0.0,0.0,0.0,-0.00024792528711259365,-0.0028614907059818506,-0.02598951943218708
4742,50,37,1.0,1.001423716545105,0,0,0.0,0.0,0.0,-0.00033991015516221523,-0.005080200731754303,-0.024105649441480637
4743,50,38,1.0,1.001705288887024,0,0,0.0,0.0,0.0,-0.00022358924616128206,-0.004987712018191814,-0.0192208681255579
4744,50,39,1.0,1.0017133951187134,0,0,0.0,0.0,0.0,-0.00021765322890132666,-0.005324718542397022,-0.01901049166917801
4745,50,40,1.0,1.000961184501648,0,0,0.0,0.0,0.0,-0.0002915700897574425,-0.0037767670582979918,-0.012724000960588455
4746,50,41,1.0,1.000956416130066,0,0,0.0,0.0,0.0,-0.00028775783721357584,-0.00383751280605793,-0.012674836441874504
4747,50,42,1.0,1.0005875825881958,0,0,0.0,0.0,0.0,-0.00023616664111614227,-0.002592308446764946,-0.009906096383929253
4748,50,43,1.0,1.0005851984024048,0,0,0.0,0.0,0.0,-0.00023573159705847502,-0.0026029301807284355,-0.009899994358420372
4749,50,44,1.0,1.0003365278244019,0,0,0.0,0.25,0.0,9.462260641157627e-05,-0.0023478581570088863,-0.00306143332272768
4750,50,45,1.0,1.003352165222168,0,0,0.0,0.0,0.0,0.0003317627124488354,-2.14869505725801e-05,-0.013057991862297058
4751,50,46,1.0,1.005334734916687,0,0,0.0,0.0,0.0,0.0006664146203547716,-0.002445272170007229,-0.014626302756369114
4752,50,47,1.0,1.0059053897857666,0,0,0.0,0.0,0.0,0.000426469836384058,-0.002344695385545492,-0.004960696212947369
4753,50,48,1.0,1.0047094821929932,0,0,0.0,0.0,0.0,1.7049256712198257e-05,-0.0010508415289223194,-0.0032063713297247887
4754,50,49,1.0,1.0047321319580078,0,0,0.0,0.0,0.0,-1.9687926396727562e-05,-0.0010814388515427709,-0.003132712095975876
4755,50,50,1.0,1.0064281225204468,0,0,0.0,0.0,0.0,-7.526518311351538e-05,3.329216269776225e-05,-0.10413654893636703
4756,50,51,1.0,1.006428599357605,0,0,0.0,0.0,0.0,-7.543759420514107e-05,2.7654808945953846e-05,-0.10418172180652618
4757,50,52,1.0,1.0077605247497559,0,0,0.0,0.0,0.0,0.00036503118462860584,-7.846695370972157e-05,-0.20844511687755585
4758,50,53,1.0,1.0077606439590454,0,0,0.0,0.0,-0.5,0.00036595668643713,-8.006923599168658e-05,-0.20845063030719757
4759,50,54,1.0,0.9979913234710693,0,0,0.0,0.0,-0.5,-0.0002668183296918869,-0.0006042643217369914,-0.5376086235046387
4760,50,55,1.0,0.9973121881484985,0,0,0.0,0.0,-0.5,-0.00033471290953457355,-0.0009437910630367696,-0.5243403911590576
4761,50,56,1.0,0.9961065649986267,0,0,0.0,0.0,-0.5,-0.00024485692847520113,-0.0010845735669136047,-0.5175938606262207
4762,50,57,1.0,0.9951494932174683,0,0,0.0,0.0,-0.5,0.00021255621686577797,-0.0006691706366837025,-0.5193437337875366
4763,50,58,1.0,0.9961497783660889,0,0,0.0,0.0,-0.5,0.00012755254283547401,-0.0010947254486382008,-0.5207226276397705
4764,50,59,1.0,0.9987698197364807,0,0,0.0,0.0,-0.5,1.2387288734316826e-05,-0.0017091331537812948,-0.5258954763412476
4765,50,60,1.0,1.0003217458724976,0,0,0.0,0.0,-0.5,-0.0006422472652047873,-0.0011278260499238968,-0.5339376926422119
4766,50,61,1.0,1.009179711341858,0,0,0.0,0.0,-0.5,-7.651618216186762e-05,-0.0003933979314751923,-0.538223385810852
4767,50,62,1.0,1.008442759513855,0,0,0.0,0.0,-0.5,0.0009953842964023352,-0.00035103881964460015,-0.549799919128418
4768,50,63,1.0,1.0044177770614624,0,0,0.0,0.0,-0.5,0.0024198018945753574,0.0004011717392131686,-0.42873647809028625
4769,50,64,1.0,1.1234914064407349,0,0,0.0,0.0,0.0,0.0019011592958122492,0.0006039125146344304,0.015144532546401024
4770,50,65,1.0,1.1408472061157227,0,0,0.0,0.0,0.0,0.0018423914443701506,0.00024428957840427756,0.019774947315454483
4771,50,66,1.0,1.9993574619293213,0,1,0.0,0.0,0.0,-0.00021692831069231033,0.00044054631143808365,0.0036855097860097885
4772,50,67,1.0,2.0009334087371826,0,1,0.0,0.0,0.0,-0.0002362674567848444,0.0004150534514337778,0.003554563969373703
4773,50,68,1.0,2.039963722229004,0,1,0.0,0.0,0.0,-0.00025273836217820644,-0.00021579375606961548,0.0016536246985197067
4774,50,69,2.0,2.0399680137634277,1,1,0.0,0.0,0.0,-0.0002524983137845993,-0.0002184322802349925,0.00164744071662426
4775,50,70,2.0,2.039045810699463,1,1,0.0,0.0,0.0,0.0005908783059567213,-0.0007159406086429954,0.0009579909965395927
4776,50,71,2.0,2.0384912490844727,1,1,0.0,0.0,0.0,0.000414873706176877,-0.0008767856634221971,0.002309768460690975
4777,50,72,2.0,2.039975166320801,1,1,0.0,0.0,0.0,-0.0002048249589279294,-0.00035214898525737226,0.007482491433620453
4778,50,73,2.0,2.038740396499634,1,1,0.0,0.0,0.0,0.00024314713664352894,-0.0003713331534527242,0.006034418940544128
4779,50,74,2.0,2.0384304523468018,1,1,0.0,0.0,0.0,0.00012540561147034168,0.00016895105363801122,0.0062749795615673065
4780,50,75,2.0,2.0384888648986816,1,1,0.0,0.0,0.0,0.00013061007484793663,9.477144340053201e-05,0.006125768646597862
4781,50,76,2.0,2.038741111755371,1,1,0.0,0.0,0.0,0.0002680872566998005,0.0001654751831665635,0.005547830834984779
4782,50,77,1.0,2.0385708808898926,0,1,0.0,0.0,0.0,0.00025650556199252605,0.00023657060228288174,0.005545149557292461
4783,50,78,1.0,0.994337260723114,0,0,0.0,0.0,0.0,0.0010973266325891018,0.00017160974675789475,0.3452850580215454
4784,50,79,1.0,0.9944719076156616,0,0,0.0,0.0,0.0,0.0010755376424640417,0.00014521932462230325,0.3449583947658539
4785,50,80,1.0,1.0503143072128296,0,0,0.0,0.0,0.0,0.0004888966213911772,0.0010217392118647695,0.24694731831550598
4786,50,81,1.0,1.0531879663467407,0,0,0.0,0.0,0.0,0.00047403224743902683,0.0010635207872837782,0.24203059077262878
4787,50,82,1.0,0.9859731197357178,0,0,0.0,0.0,0.0,0.0006804575677961111,3.985769581049681e-06,0.48047345876693726
4788,50,83,1.0,0.9860871434211731,0,0,0.0,0.0,0.0,0.0006738814990967512,1.4949939213693142e-05,0.4814663529396057
4789,50,84,1.0,0.9893076419830322,0,0,0.0,0.0,0.0,0.0002609903458505869,5.4993375670164824e-05,0.4962346851825714
4790,50,85,1.0,0.989432692527771,0,0,0.0,0.0,0.5,0.0002599162980914116,5.917227827012539e-05,0.4969698488712311
4791,50,86,1.0,1.0018117427825928,0,0,0.0,0.0,0.5,0.000624033622443676,-0.0028904040809720755,0.35968032479286194
4792,50,87,1.0,1.002548336982727,0,0,0.0,0.0,0.5,0.0003651534207165241,-0.0005270512774586678,0.5170085430145264
4793,50,88,1.0,1.0019009113311768,0,0,0.0,0.0,0.5,0.00037420541048049927,-0.00015837396495044231,0.5170361995697021
4794,50,89,1.0,1.0014336109161377,0,0,0.0,0.0,0.5,0.00018065213225781918,-1.4737655874341726e-05,0.5164134502410889
4795,50,90,1.0,1.0007339715957642,0,0,0.0,0.0,0.5,0.00046559120528399944,3.345950972288847e-05,0.5161454677581787
4796,50,91,1.0,1.000265121459961,0,0,0.0,0.0,0.5,0.00022130575962364674,-6.178009789437056e-05,0.515472412109375
4797,50,92,1.0,0.9988894462585449,0,0,0.0,0.0,0.5,0.0003304493147879839,0.00019164331024512649,0.518502950668335
4798,50,93,1.0,0.998328685760498,0,0,0.0,0.0,0.5,0.00013194791972637177,0.0004600842949002981,0.5163747072219849
4799,50,94,1.0,0.9984622001647949,0,0,0.0,0.0,0.5,-0.00021431781351566315,0.0004023892106488347,0.5174741744995117
4800,51,0,1.0,0.9950875639915466,0,0,0.0,0.0,0.0,0.004324004519730806,0.0023768481332808733,-0.0056822821497917175
4801,51,1,1.0,0.995345950126648,0,0,0.0,0.0,0.0,0.004280116409063339,0.002217945409938693,-0.012204008176922798
4802,51,2,1.0,0.9951173663139343,0,0,0.0,0.0,0.0,0.004628850147128105,0.0023902070242911577,-0.009407438337802887
4803,51,3,1.0,0.9950559139251709,0,0,0.0,0.0,0.0,0.004743038211017847,0.0024003114085644484,-0.008327675051987171
4804,51,4,1.0,0.995211124420166,0,0,0.0,0.0,0.0,0.004795139189809561,-0.0018019095296040177,-0.014441685751080513
4805,51,5,1.0,0.9952295422554016,0,0,0.0,0.0,0.0,0.004844180773943663,-0.0018012908985838294,-0.014220229350030422
4806,51,6,1.0,1.0003637075424194,0,0,0.0,0.0,0.0,-0.021877652034163475,-0.0016436660662293434,-0.00800007302314043
4807,51,7,1.0,1.0003684759140015,0,0,0.0,0.0,0.0,-0.021834809333086014,-0.0016503545921295881,-0.00794282928109169
4808,51,8,1.0,0.9901015758514404,0,0,0.0,0.0,0.0,-0.16059572994709015,-0.00027218202012591064,-0.01497190073132515
4809,51,9,1.0,0.990103542804718,0,0,0.0,0.0,0.0,-0.1605791300535202,-0.00027200786280445755,-0.014959710650146008
4810,51,10,1.0,0.9743947982788086,0,0,-0.25,0.0,0.0,-0.28025108575820923,-0.0003138004394713789,-0.007865496911108494
4811,51,11,1.0,0.9728450179100037,0,0,-0.25,0.0,0.0,-0.27637290954589844,0.0009576043812558055,-0.00751271890476346
4812,51,12,1.0,0.9759974479675293,0,0,-0.25,0.0,0.0,-0.2780926525592804,0.002096371026709676,-0.00673715490847826
4813,51,13,1.0,0.9794793128967285,0,0,-0.25,0.0,0.0,-0.2822277545928955,0.003896711627021432,-0.013005880638957024
4814,51,14,1.0,0.9793132543563843,0,0,-0.25,0.0,0.0,-0.2881021499633789,0.005136215128004551,-0.01697182096540928
4815,51,15,1.0,0.9781306982040405,0,0,-0.25,0.0,0.0,-0.2890365421772003,0.003136209910735488,-0.019575007259845734
4816,51,16,1.0,0.9914981722831726,0,0,-0.25,0.0,0.0,-0.20112110674381256,0.0005386933917179704,-0.01881091669201851
4817,51,17,1.0,0.9937694668769836,0,0,0.0,0.0,0.0,-0.10550661385059357,-0.0020347335375845432,-0.016330957412719727
4818,51,18,1.0,0.9929270148277283,0,0,0.0,0.0,0.0,0.0016401831526309252,-4.689930938184261e-05,-0.01834157481789589
4819,51,19,1.0,0.9929940104484558,0,0,0.0,0.0,0.0,0.005368462763726711,-3.4190190490335226e-05,-0.018968790769577026
4820,51,20,1.0,0.9957669377326965,0,0,0.0,0.0,0.0,0.006877582054585218,0.00020717841107398272,-0.012003328651189804
4821,51,21,1.0,0.9959135055541992,0,0,0.0,0.0,0.0,0.007112319115549326,9.454350220039487e-05,-0.012127919122576714
4822,51,22,1.0,1.0024300813674927,0,0,0.0,0.0,0.0,-0.0006058100843802094,-0.1554010510444641,-0.012136168777942657
4823,51,23,1.0,1.0024594068527222,0,0,0.0,0.0,0.0,-0.0006041150772944093,-0.15546928346157074,-0.01208511646836996
4824,51,24,1.0,1.000388503074646,0,0,0.0,0.0,0.0,-0.0014439434744417667,-0.2416735142469406,-0.011241381987929344
4825,51,25,1.0,1.0003925561904907,0,0,0.0,-0.25,0.0,-0.0014445162378251553,-0.24168969690799713,-0.011234457604587078
4826,51,26,1.0,0.9881137609481812,0,0,0.0,-0.25,0.0,0.0011695162393152714,-0.2722818851470947,-0.008036158047616482
4827,51,27,1.0,0.9871589541435242,0,0,0.0,-0.25,0.0,0.0014506475999951363,-0.274695485830307,-0.004979746416211128
4828,51,28,1.0,0.9872466325759888,0,0,0.0,-0.25,0.0,0.00012017111293971539,-0.27570322155952454,-0.0035774651914834976
4829,51,29,1.0,0.9893434643745422,0,0,0.0,-0.25,0.0,-0.00044927315320819616,-0.27411776781082153,-0.0032675908878445625
4830,51,30,1.0,0.9938756227493286,0,0,0.0,-0.25,0.0,-0.0004890515701845288,-0.2724098563194275,-0.006812075152993202
4831,51,31,1.0,0.993586540222168,0,0,0.0,-0.25,0.0,0.00016525737009942532,-0.2732938528060913,-0.007993284612894058
4832,51,32,1.0,0.9939410090446472,0,0,0.0,-0.25,0.0,0.0014600367285311222,-0.27666139602661133,-0.008190612308681011
4833,51,33,1.0,0.9943498969078064,0,0,0.0,-0.25,0.0,0.002178722992539406,-0.27811819314956665,-0.009945337660610676
4834,51,34,1.0,0.9945875406265259,0,0,0.0,-0.25,0.0,0.0007731106597930193,-0.27850034832954407,-0.009905397891998291
4835,51,35,1.0,1.0008926391601562,0,0,0.0,-0.25,0.0,-0.001914245425723493,-0.2278633415699005,-0.013696389272809029
4836,51,36,1.0,0.9986119270324707,0,0,0.0,0.0,0.0,-0.0019923169165849686,-0.09991294145584106,-0.010231493040919304
4837,51,37,1.0,1.0020153522491455,0,0,0.0,0.0,0.0,-0.0007962486706674099,-0.019986452534794807,-0.016069665551185608
4838,51,38,1.0,0.9993427395820618,0,0,0.0,0.0,0.0,0.0003967976663261652,-0.008033807389438152,-0.01209217682480812
4839,51,39,1.0,1.00009024143219,0,0,0.0,0.0,0.0,0.0001879124902188778,-0.004496866837143898,-0.011620168574154377
4840,51,40,1.0,0.9982211589813232,0,0,0.0,0.0,0.0,-7.479789201170206e-05,-0.002563134068623185,-0.004492638632655144
4841,51,41,1.0,0.9983062744140625,0,0,0.0,0.0,0.0,-8.693255949765444e-05,-0.0021992716938257217,-0.004604069981724024
4842,51,42,1.0,1.0008410215377808,0,0,0.0,0.0,0.0,0.0003765956498682499,-0.0018274837639182806,-0.025872372090816498
4843,51,43,1.0,1.0008549690246582,0,0,0.0,-0.25,0.0,0.0003742596600204706,-0.001809708192013204,-0.02594907395541668
4844,51,44,1.0,0.9994633197784424,0,0,0.0,0.0,0.0,0.0005324273370206356,-0.0043691955506801605,-0.014025678858160973
4845,51,45,1.0,1.001671552658081,0,0,0.0,0.0,0.0,0.00034845108166337013,-0.002618588972836733,-0.021048570051789284
4846,51,46,1.0,1.005104422569275,0,0,0.0,0.0,0.0,0.00048786867409944534,-0.002292932476848364,-0.028888791799545288
4847,51,47,1.0,1.005096673965454,0,0,0.0,0.0,0.0,0.0005852142348885536,-0.002190602710470557,-0.028441619127988815
4848,51,48,1.0,1.0056511163711548,0,0,0.0,0.0,0.0,0.0008536751847714186,0.0002063367865048349,-0.05546598508954048
4849,51,49,1.0,1.005643606185913,0,0,0.0,0.0,0.0,0.0008514446672052145,0.00022342411102727056,-0.0558461956679821
4850,51,50,1.0,1.0058404207229614,0,0,0.0,0.0,0.0,0.0007260318379849195,0.0003211767179891467,-0.10427998006343842
4851,51,51,1.0,1.0058410167694092,0,0,0.0,0.0,0.0,0.0007246017921715975,0.0003249216824769974,-0.10438205301761627
4852,51,52,1.0,1.0061452388763428,0,0,0.0,0.0,-0.5,0.0007252865470945835,0.00011304242070764303,-0.11536287516355515
4853,51,53,1.0,1.0013360977172852,0,0,0.0,0.0,-0.5,-0.001414950704202056,-0.0003262703539803624,-0.547829270362854
4854,51,54,1.0,0.9990077018737793,0,0,0.0,0.0,-0.5,-0.0011503816349431872,-0.00041112216422334313,-0.5392642021179199
4855,51,55,1.0,0.9985637664794922,0,0,0.0,0.0,-0.5,-0.001543991849757731,-0.0009066795464605093,-0.5314569473266602
4856,51,56,1.0,0.9977656006813049,0,0,0.0,0.0,-0.5,-0.0012517969589680433,-0.0010795980924740434,-0.5234110355377197
4857,51,57,1.0,0.9976856708526611,0,0,0.0,0.0,-0.5,-0.00047448568511754274,-0.0011487016454339027,-0.5242501497268677
4858,51,58,1.0,1.0003482103347778,0,0,0.0,0.0,-0.5,-0.000852693454362452,-0.0011370491702109575,-0.530243992805481
4859,51,59,1.0,1.002099871635437,0,0,0.0,0.0,-0.5,-0.0005495216464623809,-0.0006527910009026527,-0.5368916988372803
4860,51,60,1.0,1.0065481662750244,0,0,0.0,0.0,-0.5,-0.0004096939228475094,0.00021891295909881592,-0.5441607236862183
4861,51,61,1.0,1.0096925497055054,0,0,0.0,0.0,-0.5,-0.0005114332307130098,0.0007744651520624757,-0.5510822534561157
4862,51,62,1.0,1.0094410181045532,0,0,0.0,0.0,-0.5,0.0011538544204086065,0.0016050804406404495,-0.379180371761322
4863,51,63,1.0,1.0094341039657593,0,0,0.0,0.0,-0.5,0.0007691599894315004,0.0016496332827955484,-0.2935156524181366
4864,51,64,1.0,1.002535104751587,0,0,0.0,0.0,0.0,0.00111910211853683,-0.0003568018146324903,-0.02132040075957775
4865,51,65,1.0,1.0031400918960571,0,0,0.0,0.0,0.0,0.0010585302952677011,-0.0003671427257359028,-0.013621479272842407
4866,51,66,1.0,1.6197736263275146,0,1,0.0,0.0,0.0,0.0013403892517089844,0.00038544321432709694,0.023609355092048645
4867,51,67,1.0,1.6222612857818604,0,1,0.0,0.0,0.0,0.0013189427554607391,0.0003935975255444646,0.023592282086610794
4868,51,68,2.0,1.982724905014038,1,1,0.0,0.0,0.0,0.0001582286786288023,-5.0563947297632694e-05,0.006395922042429447
4869,51,69,2.0,2.0381531715393066,1,1,0.0,0.0,0.0,0.0009560808539390564,-0.00035345295327715576,0.0007992852479219437
4870,51,70,2.0,2.039060592651367,1,1,0.0,0.0,0.0,0.001038584392517805,-0.0005922109703533351,0.00044226180762052536
4871,51,71,2.0,2.0391552448272705,1,1,0.0,0.0,0.0,0.0010344560723751783,0.00012830161722376943,0.004055391997098923
4872,51,72,2.0,2.037595510482788,1,1,0.0,0.0,0.0,0.00021488917991518974,-0.0002567445917520672,0.005999124608933926
4873,51,73,2.0,2.037564277648926,1,1,0.0,0.0,0.0,0.0002833076287060976,-0.00035577418748289347,0.005956999957561493
4874,51,74,2.0,2.039123773574829,1,1,0.0,0.0,0.0,0.0005743775982409716,-0.00046252436004579067,0.004866475239396095
4875,51,75,2.0,2.0387837886810303,1,1,0.0,0.0,0.0,0.0003876278642565012,-0.0010374474804848433,0.005043440498411655
4876,51,76,1.0,1.3860222101211548,0,0,0.0,0.0,0.0,0.0015757137443870306,-0.004375348333269358,0.04316173866391182
4877,51,77,1.0,0.9861438274383545,0,0,0.0,0.0,0.0,-4.791084211319685e-05,0.00030953879468142986,0.49723997712135315
4878,51,78,1.0,0.9861894845962524,0,0,0.0,0.0,0.0,-0.00012017006520181894,0.0005850588204339147,0.4904401898384094
4879,51,79,1.0,0.9877044558525085,0,0,0.0,0.0,0.0,0.0001398532185703516,0.0005841455422341824,0.5012884140014648
4880,51,80,1.0,0.9929420948028564,0,0,0.0,0.0,0.0,-0.00013008888345211744,0.00019584107212722301,0.5103836059570312
4881,51,81,1.0,0.9927811026573181,0,0,0.0,0.0,0.0,5.1659299060702324e-05,8.263118797913194e-05,0.5101423263549805
4882,51,82,1.0,0.9932482838630676,0,0,0.0,0.0,0.0,0.00010796566493809223,0.0003697579959407449,0.5162011384963989
4883,51,83,1.0,0.9936238527297974,0,0,0.0,0.0,0.0,0.00012650038115680218,0.0003561918856576085,0.5169596672058105
4884,51,84,1.0,0.9916803240776062,0,0,0.0,0.0,0.5,0.00015595904551446438,0.00020544370636343956,0.5187761783599854
4885,51,85,1.0,0.9968738555908203,0,0,0.0,0.0,0.5,6.0854945331811905e-05,-1.0218995157629251e-05,0.5196171998977661
4886,51,86,1.0,0.9987004995346069,0,0,0.0,0.0,0.5,0.00036556413397192955,1.872313441708684e-05,0.5199317932128906
4887,51,87,1.0,0.9995064735412598,0,0,0.0,0.0,0.5,0.00036526727490127087,-9.747105650603771e-05,0.5175402164459229
4888,51,88,1.0,0.9993211627006531,0,0,0.0,0.0,0.5,0.00021204468794167042,-0.00014160978025756776,0.5172834396362305
4889,51,89,1.0,0.9979552030563354,0,0,0.0,0.0,0.5,0.0002548901829868555,-0.00011126697063446045,0.5166702270507812
4890,51,90,1.0,0.9978029131889343,0,0,0.0,0.0,0.5,0.0003141839988529682,4.697073018178344e-05,0.5182374715805054
4891,51,91,1.0,0.9977423548698425,0,0,0.0,0.0,0.5,0.0001412064302712679,-0.0004529876750893891,0.5186421871185303
4892,51,92,1.0,0.9971002340316772,0,0,0.0,0.0,0.5,0.00030185491777956486,8.193013491109014e-05,0.519652247428894
4893,51,93,1.0,0.9974887371063232,0,0,0.0,0.0,0.5,0.00022571091540157795,9.685230907052755e-06,0.5193266868591309
4894,52,0,1.0,0.9947889447212219,0,0,0.0,0.0,0.0,-0.006080631632357836,0.0053984057158231735,0.005173164419829845
4895,52,1,1.0,0.9952613115310669,0,0,0.0,0.0,0.0,-0.007015143521130085,0.006064645014703274,-0.00044839177280664444
4896,52,2,1.0,0.9964934587478638,0,0,0.0,0.0,0.0,-0.00883030891418457,0.0038068618159741163,0.005025208927690983
4897,52,3,1.0,0.996549129486084,0,0,0.0,0.0,0.0,-0.008664155378937721,0.003904155222699046,0.005657316185534
4898,52,4,1.0,1.0001755952835083,0,0,0.0,0.0,0.0,-0.008457768708467484,-0.0019336594268679619,-0.0031931372359395027
4899,52,5,1.0,1.0001453161239624,0,0,0.0,0.0,0.0,-0.008418917655944824,-0.0019014265853911638,-0.0029992256313562393
4900,52,6,1.0,0.9969672560691833,0,0,0.0,0.0,0.0,0.03663592040538788,0.0035505646374076605,-0.0007275929674506187
4901,52,7,1.0,0.9969666004180908,0,0,0.0,0.0,0.0,0.03670985996723175,0.0035575723741203547,-0.0006656982004642487
4902,52,8,1.0,0.9923146367073059,0,0,0.0,0.0,0.0,0.24414579570293427,-0.001016855239868164,-0.000824490562081337
4903,52,9,1.0,0.9923108220100403,0,0,0.0,0.0,0.0,0.2441551834344864,-0.0010177131043747067,-0.0008205240592360497
4904,52,10,1.0,0.9856429100036621,0,0,0.0,0.0,0.0,0.27210721373558044,-0.0015555811114609241,-0.005211014300584793
4905,52,11,1.0,0.9856421947479248,0,0,0.25,0.0,0.0,0.272107869386673,-0.0015553575940430164,-0.005209730938076973
4906,52,12,1.0,0.9800890684127808,0,0,0.25,0.0,0.0,0.27842748165130615,-0.0007655408699065447,-0.010729869827628136
4907,52,13,1.0,0.9882560968399048,0,0,0.25,0.0,0.0,0.27810484170913696,0.00018181221093982458,-0.007747611962258816
4908,52,14,1.0,0.9938547611236572,0,0,0.25,0.0,0.0,0.2773095369338989,-0.0003543504572007805,-0.011102729476988316
4909,52,15,1.0,0.9937000870704651,0,0,0.25,0.0,0.0,0.273017555475235,-0.0016095550963655114,-0.00896547269076109
4910,52,16,1.0,0.9969422817230225,0,0,0.0,0.0,0.0,0.1483737975358963,-0.004530181176960468,-0.026417460292577744
4911,52,17,1.0,1.0000516176223755,0,0,0.0,0.0,0.0,0.011270364746451378,-0.0006476367707364261,-0.022464018315076828
4912,52,18,1.0,0.9994493722915649,0,0,0.0,0.0,0.0,-0.0009407836478203535,0.0016958906780928373,-0.01165720447897911
4913,52,19,1.0,0.9995009899139404,0,0,0.0,0.0,0.0,-0.0015272237360477448,0.0017287526279687881,-0.011093797162175179
4914,52,20,1.0,0.9983686208724976,0,0,0.0,0.0,0.0,-0.0014098809333518147,0.0008659360464662313,-0.007662856951355934
4915,52,21,1.0,0.9983300566673279,0,0,0.0,0.0,0.0,-0.00155345827806741,0.000799681874923408,-0.007960016839206219
4916,52,22,1.0,0.9933790564537048,0,0,0.0,0.0,0.0,-0.0026985802687704563,-0.0003761812695302069,-0.008755382150411606
4917,52,23,1.0,0.9933795928955078,0,0,0.0,0.0,0.0,-0.0027245983947068453,-0.0003924829070456326,-0.008881069719791412
4918,52,24,1.0,0.9940581321716309,0,0,0.0,-0.25,0.0,3.4220051020383835e-05,0.000693799345754087,-0.01260820310562849
4919,52,25,1.0,0.9970564842224121,0,0,0.0,-0.25,0.0,0.00022658542729914188,-0.24941091239452362,-0.012812978588044643
4920,52,26,1.0,0.9885508418083191,0,0,0.0,-0.25,0.0,0.0007655089721083641,-0.2739854156970978,-0.00472129276022315
4921,52,27,1.0,0.9915437698364258,0,0,0.0,-0.25,0.0,0.000622803345322609,-0.27395099401474,-0.004020194988697767
4922,52,28,1.0,0.9913536310195923,0,0,0.0,-0.25,0.0,0.00046672835014760494,-0.27504804730415344,-0.00149525236338377
4923,52,29,1.0,0.9921494126319885,0,0,0.0,-0.25,0.0,9.870901703834534e-05,-0.2759536802768707,-0.001006782054901123
4924,52,30,1.0,0.9944593906402588,0,0,0.0,-0.25,0.0,0.0001711677759885788,-0.273712158203125,-0.0007006395608186722
4925,52,31,1.0,0.9962226748466492,0,0,0.0,-0.25,0.0,0.0004929988645017147,-0.2760615050792694,-0.004621004220098257
4926,52,32,1.0,0.997760534286499,0,0,0.0,-0.25,0.0,0.0010135341435670853,-0.27705708146095276,-0.009573397226631641
4927,52,33,1.0,0.9986977577209473,0,0,0.0,-0.25,0.0,0.001370111247524619,-0.2776249051094055,-0.010990800336003304
4928,52,34,1.0,1.0004007816314697,0,0,0.0,-0.25,0.0,-0.0004076387267559767,-0.252289354801178,-0.005444050766527653
4929,52,35,1.0,0.9981923699378967,0,0,0.0,0.0,0.0,-0.0022660347167402506,-0.1602257341146469,-0.012895291671156883
4930,52,36,1.0,1.0021392107009888,0,0,0.0,0.0,0.0,-0.00036995834670960903,-0.02500188909471035,-0.012249771505594254
4931,52,37,1.0,1.0037142038345337,0,0,0.0,0.0,0.0,-0.00019559788051992655,-0.008719065226614475,-0.014574351720511913
4932,52,38,1.0,1.0021512508392334,0,0,0.0,0.0,0.0,0.00025493837893009186,-0.005820518359541893,-0.009669596329331398
4933,52,39,1.0,1.0022615194320679,0,0,0.0,0.0,0.0,0.00018813647329807281,-0.004125365987420082,-0.009869018569588661
4934,52,40,1.0,0.999640941619873,0,0,0.0,0.0,0.0,0.00023413938470184803,-0.002053802367299795,0.0006437543779611588
4935,52,41,1.0,0.9996605515480042,0,0,0.0,0.0,0.0,0.0002213302068412304,-0.001955960877239704,0.0005285050719976425
4936,52,42,1.0,1.0029853582382202,0,0,0.0,-0.25,0.0,-7.778906729072332e-05,-0.0014223098987713456,-0.01129703875631094
4937,52,43,1.0,1.0022051334381104,0,0,0.0,0.0,0.0,0.000290208263322711,-0.00580794271081686,-0.008729884400963783
4938,52,44,1.0,1.0061808824539185,0,0,0.0,0.0,0.0,0.0006262166425585747,-0.002440907061100006,-0.016566522419452667
4939,52,45,1.0,1.0062345266342163,0,0,0.0,0.0,0.0,0.0006441017612814903,-0.00219242786988616,-0.022944454103708267
4940,52,46,1.0,1.0052675008773804,0,0,0.0,0.0,0.0,0.0006139662582427263,-0.00041686775512062013,-0.042062532156705856
4941,52,47,1.0,1.0053216218948364,0,0,0.0,0.0,0.0,0.0006073955446481705,-0.00034388151834718883,-0.04289952293038368
4942,52,48,1.0,1.0052474737167358,0,0,0.0,0.0,0.0,0.0006299233064055443,-6.456795381382108e-05,-0.06463751941919327
4943,52,49,1.0,1.0052616596221924,0,0,0.0,0.0,0.0,0.0006252937018871307,-5.403172690421343e-05,-0.06491076946258545
4944,52,50,1.0,1.0048757791519165,0,0,0.0,0.0,-0.5,0.0006132738199084997,0.00017815304454416037,-0.08084489405155182
4945,52,51,1.0,1.0018935203552246,0,0,0.0,0.0,-0.5,-0.0013449208345264196,-0.00029909686418250203,-0.5474483966827393
4946,52,52,1.0,0.9983959794044495,0,0,0.0,0.0,-0.5,-0.0006349148461595178,-0.0009670048020780087,-0.5427062511444092
4947,52,53,1.0,0.9981663227081299,0,0,0.0,0.0,-0.5,-0.0007481827633455396,-0.00046383857261389494,-0.5327863693237305
4948,52,54,1.0,0.998124361038208,0,0,0.0,0.0,-0.5,-0.001042709918692708,-0.0013512636069208384,-0.5266990661621094
4949,52,55,1.0,0.9988956451416016,0,0,0.0,0.0,-0.5,-0.001166754518635571,-0.0009165525552816689,-0.5242735147476196
4950,52,56,1.0,1.0000889301300049,0,0,0.0,0.0,-0.5,-0.001176249235868454,-0.00041187729220837355,-0.5211467742919922
4951,52,57,1.0,1.0037012100219727,0,0,0.0,0.0,-0.5,-0.001507849432528019,-0.0010106430854648352,-0.5294400453567505
4952,52,58,1.0,1.0044764280319214,0,0,0.0,0.0,-0.5,-0.0012302582617849112,-0.0011865824926644564,-0.5379377603530884
4953,52,59,1.0,1.0068632364273071,0,0,0.0,0.0,-0.5,-0.001774831092916429,-0.0003996978630311787,-0.5367259979248047
4954,52,60,1.0,1.0103709697723389,0,0,0.0,0.0,-0.5,-0.00037927483208477497,-1.4684977941215038e-05,-0.44593796133995056
4955,52,61,1.0,1.0109221935272217,0,0,0.0,0.0,-0.5,-0.0004804703639820218,-4.8105313908308744e-05,-0.4513990879058838
4956,52,62,1.0,1.011122226715088,0,0,0.0,0.0,0.0,0.0004674340598285198,0.0006721812533214688,-0.2619098424911499
4957,52,63,1.0,1.0111351013183594,0,0,0.0,0.0,0.0,0.00042729685083031654,0.0006605952512472868,-0.25487130880355835
4958,52,64,1.0,1.0041534900665283,0,0,0.0,0.0,0.0,0.0021691680885851383,-0.000646848464384675,0.0271892286837101
4959,52,65,1.0,1.0042260885238647,0,0,0.0,0.0,0.0,0.002166162244975567,-0.0006461087614297867,0.027656827121973038
4960,52,66,1.0,1.0671714544296265,0,0,0.0,0.0,0.0,0.0024615461006760597,-0.0012652436271309853,0.04514528438448906
4961,52,67,1.0,1.0673514604568481,0,0,0.0,0.0,0.0,0.0024616988375782967,-0.0012606045929715037,0.045155249536037445
4962,52,68,2.0,1.022533893585205,1,0,0.0,0.0,0.0,0.003078281879425049,-0.001375651452690363,0.031024865806102753
4963,52,69,2.0,2.039874315261841,1,1,0.0,0.0,0.0,0.0007373581174761057,5.0920527428388596e-05,-0.0004978394135832787
4964,52,70,2.0,2.038724422454834,1,1,0.0,0.0,0.0,0.0004976193886250257,-7.279287092387676e-05,0.000590156763792038
4965,52,71,2.0,2.0381834506988525,1,1,0.0,0.0,0.0,0.0003322330303490162,4.1800783947110176e-05,0.00695984810590744
4966,52,72,2.0,2.038691520690918,1,1,0.0,0.0,0.0,0.00030465121380984783,0.00031371653312817216,0.005596858449280262
4967,52,73,2.0,2.038254976272583,1,1,0.0,0.0,0.0,0.0004696075338870287,0.00010959041537716985,0.005573173053562641
4968,52,74,2.0,2.0380167961120605,1,1,0.0,0.0,0.0,0.000639789504930377,0.0003984776558354497,0.006594068370759487
4969,52,75,2.0,2.0368101596832275,1,1,0.0,0.0,0.0,0.000931538175791502,-7.899792399257421e-05,0.006194219924509525
4970,52,76,1.0,1.628793716430664,0,1,0.0,0.0,0.0,0.005468992982059717,0.00014261656906455755,-0.006253761239349842
4971,52,77,1.0,1.8153456449508667,0,1,0.0,0.0,0.0,0.004327915143221617,-0.0007266675820574164,-0.010335681959986687
4972,52,78,1.0,1.6636743545532227,0,1,0.0,0.0,0.0,0.004797323141247034,-0.0014278501039370894,-0.005209850613027811
4973,52,79,1.0,1.7169406414031982,0,1,0.0,0.0,0.0,0.0037704771384596825,-0.0014364493545144796,-0.006076428107917309
4974,52,80,1.0,0.9974243640899658,0,0,0.0,0.0,0.0,0.0022505507804453373,-0.000998666393570602,0.2992771565914154
4975,52,81,1.0,0.9941854476928711,0,0,0.0,0.0,0.0,0.00207714457064867,-0.0010321892332285643,0.3157566785812378
4976,52,82,1.0,0.9825345277786255,0,0,0.0,0.0,0.0,0.0007792061660438776,-0.00034946625237353146,0.38555413484573364
4977,52,83,1.0,0.9824674129486084,0,0,0.0,0.0,0.0,0.0007600015960633755,-0.000339951686328277,0.3878878951072693
4978,52,84,1.0,0.981699526309967,0,0,0.0,0.0,0.5,0.0018100659362971783,-0.0008480885298922658,0.3874574899673462
4979,52,85,1.0,0.9967603087425232,0,0,0.0,0.0,0.5,3.918376751244068e-05,-0.0007705934112891555,0.5217233896255493
4980,52,86,1.0,0.9993318915367126,0,0,0.0,0.0,0.5,7.636030204594135e-05,-0.0003461029555182904,0.5208395719528198
4981,52,87,1.0,1.0005414485931396,0,0,0.0,0.0,0.5,-0.000258065527305007,7.629528408870101e-05,0.5212398767471313
4982,52,88,1.0,0.9990871548652649,0,0,0.0,0.0,0.5,5.920557305216789e-05,0.00023505848366767168,0.5188490152359009
4983,52,89,1.0,0.9989439845085144,0,0,0.0,0.0,0.5,8.813571184873581e-05,0.00029670767253264785,0.5185168981552124
4984,52,90,1.0,0.9994694590568542,0,0,0.0,0.0,0.5,-0.00011926842853426933,0.000371672329492867,0.5192707777023315
4985,52,91,1.0,0.9995018243789673,0,0,0.0,0.0,0.5,0.0003647538833320141,-4.4594809878617525e-05,0.518244743347168
4986,52,92,1.0,0.9978470802307129,0,0,0.0,0.0,0.5,-0.00017072318587452173,0.000354367948602885,0.5196293592453003
4987,52,93,1.0,0.9963667988777161,0,0,0.0,0.0,0.5,-0.00011779984924942255,0.00012193148722872138,0.5193347930908203
4988,53,0,1.0,0.9950876235961914,0,0,0.0,0.0,0.0,0.004324017092585564,0.0023768336977809668,-0.005682305432856083
4989,53,1,1.0,0.995345950126648,0,0,0.0,0.0,0.0,0.004280128050595522,0.0022179533261805773,-0.012204006314277649
4990,53,2,1.0,0.9951173663139343,0,0,0.0,0.0,0.0,0.004628840833902359,0.0023902147077023983,-0.00940741878002882
4991,53,3,1.0,0.9950558543205261,0,0,0.0,0.0,0.0,0.004743034485727549,0.002400324447080493,-0.008327657356858253
4992,53,4,1.0,0.995211124420166,0,0,0.0,0.0,0.0,0.004795136395841837,-0.0018019134877249599,-0.01444169506430626
4993,53,5,1.0,0.9952295422554016,0,0,0.0,0.0,0.0,0.004844196140766144,-0.001801301259547472,-0.014220234006643295
4994,53,6,1.0,1.000363826751709,0,0,0.0,0.0,0.0,-0.02187764085829258,-0.001643658266402781,-0.008000092580914497
4995,53,7,1.0,1.0003684759140015,0,0,0.0,0.0,0.0,-0.021834827959537506,-0.0016503623919561505,-0.007942821830511093
4996,53,8,1.0,0.9901016354560852,0,0,0.0,0.0,0.0,-0.16059572994709015,-0.00027218981995247304,-0.014971897937357426
4997,53,9,1.0,0.9901036024093628,0,0,0.0,0.0,0.0,-0.1605791449546814,-0.00027202084311284125,-0.014959709718823433
4998,53,10,1.0,0.9871465563774109,0,0,0.0,0.0,0.0,-0.196602001786232,-2.661778125911951e-05,-0.014068640768527985
4999,53,11,1.0,0.9871470928192139,0,0,0.0,0.0,0.0,-0.1965988427400589,-2.629024675115943e-05,-0.014065749943256378
5000,53,12,1.0,0.9725853204727173,0,0,-0.25,0.0,0.0,-0.28085699677467346,-0.00020176084944978356,-0.008134591393172741
5001,53,13,1.0,0.9735162258148193,0,0,-0.25,0.0,0.0,-0.27640217542648315,0.0014791940338909626,-0.007892685011029243
5002,53,14,1.0,0.9760488867759705,0,0,-0.25,0.0,0.0,-0.2788645029067993,0.002344087464734912,-0.007150478195399046
5003,53,15,1.0,0.9789416193962097,0,0,-0.25,0.0,0.0,-0.28223565220832825,0.003735772566869855,-0.010936394333839417
5004,53,16,1.0,0.9794319868087769,0,0,-0.25,0.0,0.0,-0.2859788239002228,0.004751573316752911,-0.01602190174162388
5005,53,17,1.0,0.9772621393203735,0,0,-0.25,0.0,0.0,-0.2880600392818451,0.002725399099290371,-0.02111460268497467
5006,53,18,1.0,0.9914981722831726,0,0,-0.25,0.0,0.0,-0.20112057030200958,0.0005386725533753633,-0.018810827285051346
5007,53,19,1.0,0.9937694668769836,0,0,-0.25,0.0,0.0,-0.10550624132156372,-0.002034754492342472,-0.016330890357494354
5008,53,20,1.0,0.9930123090744019,0,0,0.0,0.0,0.0,-0.0028505423106253147,0.0014927585143595934,-0.017490636557340622
5009,53,21,1.0,0.9961187839508057,0,0,0.0,0.0,0.0,0.000864323228597641,0.0007827784866094589,-0.020103663206100464
5010,53,22,1.0,0.9974533319473267,0,0,0.0,0.0,0.0,0.005402754060924053,0.001218979014083743,-0.014841028489172459
5011,53,23,1.0,0.9976005554199219,0,0,0.0,0.0,0.0,0.006554995197802782,0.0008346987888216972,-0.01717362180352211
5012,53,24,1.0,1.0015921592712402,0,0,0.0,0.0,0.0,0.0005822384264320135,-0.09404804557561874,-0.005234701093286276
5013,53,25,1.0,1.0016156435012817,0,0,0.0,0.0,0.0,0.0007391239050775766,-0.09422293305397034,-0.00509350560605526
5014,53,26,1.0,1.003227949142456,0,0,0.0,0.0,0.0,-0.0001102890819311142,-0.15875868499279022,-0.0086936354637146
5015,53,27,1.0,1.003236174583435,0,0,0.0,-0.25,0.0,-0.0001016128808259964,-0.15882478654384613,-0.008661751635372639
5016,53,28,1.0,0.9866514205932617,0,0,0.0,-0.25,0.0,0.0008992080111056566,-0.2690415382385254,-0.006418116390705109
5017,53,29,1.0,0.9869838356971741,0,0,0.0,-0.25,0.0,0.0018530238885432482,-0.2739950120449066,-0.004205840174108744
5018,53,30,1.0,0.9870283007621765,0,0,0.0,-0.25,0.0,0.0007639890536665916,-0.2754010558128357,-0.001968993805348873
5019,53,31,1.0,0.9884966611862183,0,0,0.0,-0.25,0.0,0.00022073183208703995,-0.27524566650390625,-0.0008835969492793083
5020,53,32,1.0,0.9914036989212036,0,0,0.0,-0.25,0.0,-0.00046634755562990904,-0.27369293570518494,-0.002667110413312912
5021,53,33,1.0,0.9934585094451904,0,0,0.0,-0.25,0.0,-0.00043269817251712084,-0.27325212955474854,-0.003403316717594862
5022,53,34,1.0,0.995430052280426,0,0,0.0,-0.25,0.0,0.0008838095236569643,-0.2737205922603607,-0.008141097612679005
5023,53,35,1.0,0.9945755004882812,0,0,0.0,-0.25,0.0,0.0025058104656636715,-0.2762390971183777,-0.010527372360229492
5024,53,36,1.0,0.994659423828125,0,0,0.0,-0.25,0.0,0.0019380291923880577,-0.27726492285728455,-0.009135959669947624
5025,53,37,1.0,1.0002195835113525,0,0,0.0,0.0,0.0,-8.799054194241762e-05,-0.2674099802970886,-0.014089449308812618
5026,53,38,1.0,1.0043857097625732,0,0,0.0,0.0,0.0,-0.0013431150000542402,-0.023034296929836273,-0.013913989067077637
5027,53,39,1.0,1.0048218965530396,0,0,0.0,0.0,0.0,-0.0011819935170933604,-0.006824134849011898,-0.01494654081761837
5028,53,40,1.0,1.0035443305969238,0,0,0.0,0.0,0.0,-0.0010340851731598377,-0.0005806314293295145,-0.00747655937448144
5029,53,41,1.0,1.0036532878875732,0,0,0.0,0.0,0.0,-0.001005808124318719,0.001102600828744471,-0.007388918660581112
5030,53,42,1.0,1.0002386569976807,0,0,0.0,0.0,0.0,-0.0005765445530414581,-0.0036966081243008375,-0.0034689507447183132
5031,53,43,1.0,1.000268578529358,0,0,0.0,0.0,0.0,-0.0005875567439943552,-0.0034650645684450865,-0.00350619712844491
5032,53,44,1.0,1.0017058849334717,0,0,0.0,-0.25,0.0,-0.0006483428878709674,-0.001052904175594449,-0.009783297777175903
5033,53,45,1.0,0.9977938532829285,0,0,0.0,0.0,0.0,7.748138159513474e-05,-0.017878523096442223,-0.01152599137276411
5034,53,46,1.0,0.99847412109375,0,0,0.0,0.0,0.0,0.000575243029743433,-0.004356970079243183,-0.0022167195565998554
5035,53,47,1.0,0.9986852407455444,0,0,0.0,0.0,0.0,0.0004936500918120146,-0.002236983273178339,-0.0042380173690617085
5036,53,48,1.0,1.0005831718444824,0,0,0.0,0.0,0.0,0.0004902663640677929,-0.001967595424503088,-0.014844868332147598
5037,53,49,1.0,1.000645637512207,0,0,0.0,0.0,0.0,0.0004964752588421106,-0.0018713702447712421,-0.015301983803510666
5038,53,50,1.0,1.0042450428009033,0,0,0.0,0.0,0.0,0.0008508577011525631,-0.0018814479699358344,-0.03130004554986954
5039,53,51,1.0,1.0042494535446167,0,0,0.0,0.0,0.0,0.0008502528071403503,-0.001873105764389038,-0.031493671238422394
5040,53,52,1.0,1.0046606063842773,0,0,0.0,0.0,0.0,0.0007402063347399235,-0.0008823447860777378,-0.03201787918806076
5041,53,53,1.0,1.0046619176864624,0,0,0.0,0.0,-0.5,0.0007395988795906305,-0.0008803184609860182,-0.0320887491106987
5042,53,54,1.0,1.0016628503799438,0,0,0.0,0.0,-0.5,-0.001018439419567585,2.0427163690328598e-05,-0.5439369678497314
5043,53,55,1.0,0.9999648332595825,0,0,0.0,0.0,-0.5,-0.00043578585609793663,-0.00013989603030495346,-0.5403610467910767
5044,53,56,1.0,1.0001959800720215,0,0,0.0,0.0,-0.5,-0.0007558370707556605,-8.397892815992236e-05,-0.5393168926239014
5045,53,57,1.0,1.0000802278518677,0,0,0.0,0.0,-0.5,-0.0012412054929882288,-0.0007731782970950007,-0.5331865549087524
5046,53,58,1.0,0.999087929725647,0,0,0.0,0.0,-0.5,-0.001102615613490343,-0.0011861799284815788,-0.5228137969970703
5047,53,59,1.0,1.000025749206543,0,0,0.0,0.0,-0.5,-0.0008888307493180037,-0.0008445378625765443,-0.520850658416748
5048,53,60,1.0,1.000809907913208,0,0,0.0,0.0,-0.5,-0.0011732839047908783,-0.000870587769895792,-0.5334668159484863
5049,53,61,1.0,1.0010768175125122,0,0,0.0,0.0,-0.5,-0.0016920019406825304,-0.0007730061188340187,-0.5365891456604004
5050,53,62,1.0,1.004601240158081,0,0,0.0,0.0,-0.5,-0.0015000458806753159,-0.00039696641033515334,-0.5406304597854614
5051,53,63,1.0,1.0060268640518188,0,0,0.0,0.0,-0.5,-0.0020267341751605272,5.344016244634986e-05,-0.5419652462005615
5052,53,64,1.0,1.0126298666000366,0,0,0.0,0.0,-0.5,-0.0004852450219914317,0.0004902554210275412,-0.47675758600234985
5053,53,65,1.0,1.0123634338378906,0,0,0.0,0.0,0.0,6.8855006247758865e-06,0.0003598179901018739,-0.44145849347114563
5054,53,66,1.0,1.0061441659927368,0,0,0.0,0.0,0.0,0.00039744493551552296,0.0008505663136020303,-0.13327524065971375
5055,53,67,1.0,1.0061194896697998,0,0,0.0,0.0,0.0,0.00029772729612886906,0.0008099551778286695,-0.1247997060418129
5056,53,68,1.0,1.038515329360962,0,0,0.0,0.0,0.0,0.0022291638888418674,-0.0011936565861105919,0.03795316442847252
5057,53,69,1.0,1.0389747619628906,0,0,0.0,0.0,0.0,0.0022159339860081673,-0.001183424494229257,0.0384206548333168
5058,53,70,1.0,1.1592741012573242,0,0,0.0,0.0,0.0,0.0021771970205008984,-0.001257023774087429,0.03746204078197479
5059,53,71,1.0,1.1603319644927979,0,0,0.0,0.0,0.0,0.0021763434633612633,-0.0012523576151579618,0.03753757104277611
5060,53,72,2.0,1.9627869129180908,1,1,0.0,0.0,0.0,0.0004707188345491886,0.00017191714141517878,0.006388233974575996
5061,53,73,2.0,2.038508892059326,1,1,0.0,0.0,0.0,0.0006925149355083704,-4.4261396396905184e-05,0.0005782684311270714
5062,53,74,2.0,2.0377907752990723,1,1,0.0,0.0,0.0,0.000595437828451395,-0.0005665403441525996,-0.0002799294888973236
5063,53,75,2.0,2.0398402214050293,1,1,0.0,0.0,0.0,0.0003380710259079933,0.00033024547155946493,0.005977177992463112
5064,53,76,2.0,2.039618968963623,1,1,0.0,0.0,0.0,0.0002627072390168905,-0.00016474328003823757,0.0056427353993058205
5065,53,77,2.0,2.0398054122924805,1,1,0.0,0.0,0.0,0.0003298965748399496,-0.0002135325048584491,0.006159134209156036
5066,53,78,2.0,2.0409891605377197,1,1,0.0,0.0,0.0,0.00020859134383499622,0.00010801473399624228,0.005342415533959866
5067,53,79,2.0,2.0416860580444336,1,1,0.0,0.0,0.0,0.00013625831343233585,0.00021875352831557393,0.005101978778839111
5068,53,80,2.0,1.98422110080719,1,1,0.0,0.0,0.0,0.000661767553538084,-0.001119315274991095,-0.004658794961869717
5069,53,81,1.0,1.9517641067504883,0,1,0.0,0.0,0.0,0.0007114480249583721,-0.0010424430947750807,-0.005127713084220886
5070,53,82,1.0,0.98619145154953,0,0,0.0,0.0,0.0,0.00043017673306167126,-0.00037408311618492007,0.4935872256755829
5071,53,83,1.0,0.9862051606178284,0,0,0.0,0.0,0.0,0.00044611236080527306,-0.0004475850728340447,0.4951607882976532
5072,53,84,1.0,0.9872382879257202,0,0,0.0,0.0,0.0,0.00026976759545505047,-0.00018730334704741836,0.5100163221359253
5073,53,85,1.0,0.9874573945999146,0,0,0.0,0.0,0.0,0.00026100827381014824,-0.00021009412012062967,0.5107572078704834
5074,53,86,1.0,0.9906511306762695,0,0,0.0,0.0,0.0,-0.00032728456426411867,-0.0001623653806746006,0.5155409574508667
5075,53,87,1.0,0.9908455610275269,0,0,0.0,0.0,0.5,-0.00032429536804556847,-0.00016816207789815962,0.5159255266189575
5076,53,88,1.0,1.0257633924484253,0,0,0.0,0.0,0.5,0.0006756074726581573,0.00036291207652539015,0.4063834249973297
5077,53,89,1.0,0.9994600415229797,0,0,0.0,0.0,0.5,0.00011480855755507946,2.894195495173335e-05,0.5174940824508667
5078,53,90,1.0,0.9978576898574829,0,0,0.0,0.0,0.5,3.881240263581276e-05,4.796555731445551e-05,0.517751932144165
5079,53,91,1.0,0.9975184202194214,0,0,0.0,0.0,0.5,0.00033132010139524937,-0.00019285359303466976,0.518933892250061
5080,53,92,1.0,0.9983011484146118,0,0,0.0,0.0,0.5,0.0003544888459146023,-2.7415866497904062e-05,0.5171072483062744
5081,53,93,1.0,0.9980141520500183,0,0,0.0,0.0,0.5,-0.0002913674106821418,1.7105601727962494e-05,0.517290472984314
5082,53,94,1.0,0.9988877773284912,0,0,0.0,0.0,0.5,-0.00018371175974607468,-8.960010018199682e-05,0.5191949605941772
5083,53,95,1.0,0.9979977011680603,0,0,0.0,0.0,0.5,-0.00012226926628500223,-0.00021760188974440098,0.5179497003555298
5084,53,96,1.0,1.0006489753723145,0,0,0.0,0.0,0.5,0.0005586869083344936,-0.00010520505020394921,0.5171921253204346
5085,54,0,1.0,0.9983773231506348,0,0,0.0,0.0,0.0,0.005593250039964914,0.0009390151826664805,0.0004001753404736519
5086,54,1,1.0,0.999207615852356,0,0,0.0,0.0,0.0,0.005883007775992155,0.001421131193637848,-0.003602209035307169
5087,54,2,1.0,0.9979478120803833,0,0,0.0,0.0,0.0,0.007268107030540705,0.0027010259218513966,-0.0011894782073795795
5088,54,3,1.0,0.9980859756469727,0,0,0.0,0.0,0.0,0.007379463408142328,0.0025970526039600372,-0.000659075565636158
5089,54,4,1.0,0.9988419413566589,0,0,0.0,0.0,0.0,0.005185884423553944,0.0011385288089513779,-0.0035459562204778194
5090,54,5,1.0,0.9988654851913452,0,0,0.0,0.0,0.0,0.005224195308983326,0.0010932295117527246,-0.0033885794691741467
5091,54,6,1.0,0.9900298714637756,0,0,0.0,0.0,0.0,-0.20710676908493042,-0.0017338929465040565,-0.009895737282931805
5092,54,7,1.0,0.9900436401367188,0,0,0.0,0.0,0.0,-0.2070736438035965,-0.0017347196117043495,-0.009862711653113365
5093,54,8,1.0,0.9812231063842773,0,0,0.0,0.0,0.0,-0.27149584889411926,-0.0006228840793482959,-0.007772836834192276
5094,54,9,1.0,0.9812245965003967,0,0,-0.25,0.0,0.0,-0.27149802446365356,-0.0006221874500624835,-0.007769865915179253
5095,54,10,1.0,0.9724426865577698,0,0,-0.25,0.0,0.0,-0.28021201491355896,-0.0004727458581328392,-0.008520925417542458
5096,54,11,1.0,0.9781591892242432,0,0,-0.25,0.0,0.0,-0.27468493580818176,-0.0015348161105066538,-0.010075211524963379
5097,54,12,1.0,0.9842908978462219,0,0,-0.25,0.0,0.0,-0.2784835994243622,-0.00034171415609307587,-0.015130050480365753
5098,54,13,1.0,0.9859009385108948,0,0,-0.25,0.0,0.0,-0.2844851315021515,0.00386847578920424,-0.019783146679401398
5099,54,14,1.0,0.9878318905830383,0,0,-0.25,0.0,0.0,-0.2840917408466339,0.0035895986948162317,-0.02148931473493576
5100,54,15,1.0,0.9825918078422546,0,0,-0.25,0.0,0.0,-0.21706339716911316,0.002566926646977663,-0.015770288184285164
5101,54,16,1.0,0.9881865978240967,0,0,-0.25,0.0,0.0,-0.04512915387749672,-0.001859777607023716,-0.011044497601687908
5102,54,17,1.0,0.9903995990753174,0,0,0.0,0.0,0.0,-0.0409214086830616,-0.002646184293553233,-0.00864196103066206
5103,54,18,1.0,0.9983898401260376,0,0,0.0,0.0,0.0,-0.0021788517478853464,-0.0013599491212517023,0.005799708887934685
5104,54,19,1.0,0.9987242221832275,0,0,0.0,0.0,0.0,-0.00042210810352116823,-0.00283293635584414,0.0010199062526226044
5105,54,20,1.0,1.0003507137298584,0,0,0.0,0.0,0.0,0.003036742564290762,0.005636850371956825,0.007148511707782745
5106,54,21,1.0,1.0004725456237793,0,0,0.0,0.0,0.0,0.0032655992545187473,0.005286442115902901,0.00651173572987318
5107,54,22,1.0,0.9912305474281311,0,0,0.0,0.0,0.0,0.0020135613158345222,0.1231788843870163,0.002929944545030594
5108,54,23,1.0,0.9912416934967041,0,0,0.0,0.25,0.0,0.0020304126664996147,0.12266223132610321,0.002904660999774933
5109,54,24,1.0,0.9871404767036438,0,0,0.0,0.25,0.0,-0.0001285491744056344,0.2657245993614197,-0.0044905259273946285
5110,54,25,1.0,0.9845187664031982,0,0,0.0,0.25,0.0,0.0004439502954483032,0.27022334933280945,-0.005709958262741566
5111,54,26,1.0,0.9838778972625732,0,0,0.0,0.25,0.0,0.0009591041598469019,0.26926058530807495,-0.0026813955046236515
5112,54,27,1.0,0.9877105951309204,0,0,0.0,0.25,0.0,0.00046118395403027534,0.2693810760974884,-0.0022609527222812176
5113,54,28,1.0,0.9897935390472412,0,0,0.0,0.25,0.0,-0.0001792254624888301,0.2733311951160431,-0.0014966605231165886
5114,54,29,1.0,0.9913384914398193,0,0,0.0,0.25,0.0,0.0002760179340839386,0.2735383212566376,-0.0040182145312428474
5115,54,30,1.0,0.9937499761581421,0,0,0.0,0.25,0.0,8.868798613548279e-05,0.2726426422595978,-0.006613771431148052
5116,54,31,1.0,0.9956141710281372,0,0,0.0,0.25,0.0,0.0007235947996377945,0.27090057730674744,-0.009901207871735096
5117,54,32,1.0,0.9981392621994019,0,0,0.0,0.25,0.0,0.0017869698349386454,0.1776208132505417,-0.01189784798771143
5118,54,33,1.0,1.0011625289916992,0,0,0.0,0.0,0.0,0.0018205060623586178,0.05630218982696533,-0.021100444719195366
5119,54,34,1.0,1.0022497177124023,0,0,0.0,0.0,0.0,-3.834022209048271e-05,0.003930111415684223,-0.026105830445885658
5120,54,35,1.0,1.0018442869186401,0,0,0.0,0.0,0.0,-0.00012261292431503534,-0.002721619326621294,-0.027039887383580208
5121,54,36,1.0,1.001975655555725,0,0,0.0,0.0,0.0,9.307567961513996e-05,-0.0017877161735668778,-0.02594766952097416
5122,54,37,1.0,1.0018458366394043,0,0,0.0,0.0,0.0,9.89111140370369e-05,-0.00312454323284328,-0.02557728812098503
5123,54,38,1.0,1.0000730752944946,0,0,0.0,0.0,0.0,-1.719081774353981e-05,-0.0034613029565662146,-0.006067102774977684
5124,54,39,1.0,1.0000590085983276,0,0,0.0,0.0,0.0,-1.2642471119761467e-05,-0.003612032625824213,-0.006004768423736095
5125,54,40,1.0,1.0003728866577148,0,0,0.0,0.0,0.0,-0.00023299525491893291,-0.002797503490000963,-0.004795088432729244
5126,54,41,1.0,1.000369906425476,0,0,0.0,0.25,0.0,-0.0002325884997844696,-0.0028224927373230457,-0.004773732274770737
5127,54,42,1.0,1.003022313117981,0,0,0.0,0.0,0.0,0.0007633685600012541,0.0010088287526741624,-0.014117717742919922
5128,54,43,1.0,1.0032707452774048,0,0,0.0,0.0,0.0,0.0006681752856820822,-0.0021304618567228317,-0.024604998528957367
5129,54,44,1.0,1.0054163932800293,0,0,0.0,0.0,0.0,0.0007510783616453409,-0.0023451608140021563,-0.024250470101833344
5130,54,45,1.0,1.0050922632217407,0,0,0.0,0.0,0.0,0.0003580308984965086,-0.0021451201755553484,-0.01963220350444317
5131,54,46,1.0,1.0061053037643433,0,0,0.0,0.0,0.0,3.029312938451767e-05,-6.388267502188683e-05,-0.1159282848238945
5132,54,47,1.0,1.0061039924621582,0,0,0.0,0.0,0.0,2.6227440685033798e-05,-7.725396426394582e-05,-0.11608067154884338
5133,54,48,1.0,1.006969928741455,0,0,0.0,0.0,0.0,0.0001653553918004036,3.708101576194167e-05,-0.15414930880069733
5134,54,49,1.0,1.006969928741455,0,0,0.0,0.0,0.0,0.0001658610999584198,3.4709926694631577e-05,-0.15412408113479614
5135,54,50,1.0,1.0072739124298096,0,0,0.0,0.0,-0.5,0.00026768818497657776,-8.395587792620063e-05,-0.14847292006015778
5136,54,51,1.0,0.9982359409332275,0,0,0.0,0.0,-0.5,-0.0005237202858552337,-0.0012259852373972535,-0.5425631999969482
5137,54,52,1.0,0.9979543685913086,0,0,0.0,0.0,-0.5,-0.00036545866169035435,-0.001456255791708827,-0.5272133350372314
5138,54,53,1.0,0.9969563484191895,0,0,0.0,0.0,-0.5,4.1422899812459946e-06,-0.0018274629255756736,-0.521296501159668
5139,54,54,1.0,0.994890570640564,0,0,0.0,0.0,-0.5,1.9480474293231964e-05,-0.0014452545437961817,-0.5205693244934082
5140,54,55,1.0,0.9944590926170349,0,0,0.0,0.0,-0.5,0.00016803364269435406,-0.0008314629085361958,-0.5170501470565796
5141,54,56,1.0,0.9966287016868591,0,0,0.0,0.0,-0.5,-0.00042011705227196217,-0.0013444572687149048,-0.5298625230789185
5142,54,57,1.0,1.0018178224563599,0,0,0.0,0.0,-0.5,-0.0003104901406913996,-0.00078108866000548,-0.5303114652633667
5143,54,58,1.0,1.0088701248168945,0,0,0.0,0.0,-0.5,-6.999587640166283e-05,-0.00036162164178676903,-0.541840672492981
5144,54,59,1.0,1.0134265422821045,0,0,0.0,0.0,-0.5,0.0009213658049702644,-0.0006766224978491664,-0.5506964921951294
5145,54,60,1.0,1.0888627767562866,0,0,0.0,0.0,-0.5,0.0032133227214217186,0.0018638642504811287,-0.04401024803519249
5146,54,61,1.0,1.1783357858657837,0,0,0.0,0.0,-0.5,0.0031387880444526672,0.0016819215379655361,-0.01476236805319786
5147,54,62,1.0,1.2789320945739746,0,0,0.0,0.0,0.0,0.002926426939666271,0.0014760650228708982,0.00572553463280201
5148,54,63,1.0,1.3057469129562378,0,0,0.0,0.0,0.0,0.002839168068021536,0.001279450487345457,0.008357735350728035
5149,54,64,1.0,1.9288609027862549,0,1,0.0,0.0,0.0,0.0009512323886156082,0.0008907524170354009,0.0046839164569973946
5150,54,65,1.0,1.9320907592773438,0,1,0.0,0.0,0.0,0.0009084867779165506,0.0008341866778209805,0.004628928378224373
5151,54,66,1.0,2.0299434661865234,0,1,0.0,0.0,0.0,-0.00031619740184396505,0.00040920451283454895,0.0032352106645703316
5152,54,67,2.0,2.0301144123077393,1,1,0.0,0.0,0.0,-0.00032027193810790777,0.0003845928004011512,0.003210796043276787
5153,54,68,2.0,2.039703130722046,1,1,0.0,0.0,0.0,0.0005129599012434483,-0.0005190034862607718,0.00022274721413850784
5154,54,69,2.0,2.0393447875976562,1,1,0.0,0.0,0.0,0.000292391050606966,-0.000916257849894464,0.0012817401438951492
5155,54,70,2.0,2.0390396118164062,1,1,0.0,0.0,0.0,-0.00036036991514265537,-9.64496866799891e-05,0.004475458525121212
5156,54,71,2.0,2.038783073425293,1,1,0.0,0.0,0.0,-3.423378802835941e-05,0.00010899640619754791,0.004675517790019512
5157,54,72,2.0,2.0387370586395264,1,1,0.0,0.0,0.0,-0.00019687984604388475,3.56764649040997e-05,0.004839122295379639
5158,54,73,2.0,2.0368525981903076,1,1,0.0,0.0,0.0,-3.0229566618800163e-05,-0.0002127419866155833,0.004746617749333382
5159,54,74,1.0,1.9984817504882812,0,1,0.0,0.0,0.0,-0.0004754316760227084,0.000848224270157516,-0.006052336189895868
5160,54,75,1.0,1.5070090293884277,0,1,0.0,0.0,0.0,0.0021232953295111656,0.0017358390614390373,0.035091105848550797
5161,54,76,1.0,1.093503475189209,0,0,0.0,0.0,0.0,0.002154973801225424,0.0029818404000252485,0.14673221111297607
5162,54,77,1.0,0.9801406860351562,0,0,0.0,0.0,0.0,0.0005042562261223793,-5.428941221907735e-05,0.398705393075943
5163,54,78,1.0,0.981480598449707,0,0,0.0,0.0,0.0,0.0011353024747222662,0.000612049363553524,0.4282835125923157
5164,54,79,1.0,1.0303118228912354,0,0,0.0,0.0,0.0,0.0017159096896648407,0.001583474688231945,0.2727217674255371
5165,54,80,1.0,0.9860275983810425,0,0,0.0,0.0,0.0,-0.0005846923450008035,-9.491515811532736e-05,0.4853878617286682
5166,54,81,1.0,0.9859448671340942,0,0,0.0,0.0,0.0,-0.0005590750370174646,-5.3422816563397646e-05,0.48685166239738464
5167,54,82,1.0,0.9849410653114319,0,0,0.0,0.0,0.0,0.00024114781990647316,0.00010135251795873046,0.47853583097457886
5168,54,83,1.0,0.9840481877326965,0,0,0.0,0.0,0.0,0.00028792163357138634,0.00010021618800237775,0.47365403175354004
5169,54,84,1.0,0.9857115745544434,0,0,0.0,0.0,0.5,2.2532185539603233e-05,-0.00012368004536256194,0.49455514550209045
5170,54,85,1.0,1.0004979372024536,0,0,0.0,0.0,0.5,0.0001432439312338829,-0.0003695669292937964,0.5165551900863647
5171,54,86,1.0,1.0006202459335327,0,0,0.0,0.0,0.5,0.00022759311832487583,0.00014686485519632697,0.5166877508163452
5172,54,87,1.0,1.0009733438491821,0,0,0.0,0.0,0.5,3.1118979677557945e-05,0.00029434001771733165,0.5157444477081299
5173,54,88,1.0,0.9998185634613037,0,0,0.0,0.0,0.5,0.0006390840280801058,8.975405944511294e-05,0.5167123079299927
5174,54,89,1.0,1.0002179145812988,0,0,0.0,0.0,0.5,5.557411350309849e-05,0.0003174751764163375,0.5162175893783569
5175,54,90,1.0,1.0009019374847412,0,0,0.0,0.0,0.5,-0.000283167464658618,0.00038811122067272663,0.5180056095123291
5176,54,91,1.0,1.0010868310928345,0,0,0.0,0.0,0.5,0.00027309590950608253,0.00020551146008074284,0.5187520980834961
5177,54,92,1.0,1.0001773834228516,0,0,0.0,0.0,0.5,-2.8186477720737457e-05,0.00010726787149906158,0.5204869508743286
5178,54,93,1.0,0.9987714290618896,0,0,0.0,0.0,0.5,0.00016882456839084625,-3.536842996254563e-05,0.5175216197967529
5179,55,0,1.0,0.9950827956199646,0,0,0.0,0.0,0.0,-0.006025402806699276,-0.0031903311610221863,0.0075323376804590225
5180,55,1,1.0,0.9958500862121582,0,0,0.0,0.0,0.0,-0.0066457223147153854,-0.0029015897307544947,0.004576927050948143
5181,55,2,1.0,0.9960650205612183,0,0,0.0,0.0,0.0,-0.009208343923091888,-0.0016860561445355415,-0.0007608775049448013
5182,55,3,1.0,0.9957764148712158,0,0,0.0,0.0,0.0,-0.00917320791631937,-0.0016628943849354982,5.870778113603592e-05
5183,55,4,1.0,0.9951233267784119,0,0,0.0,0.0,0.0,-0.008701451122760773,-0.001168305054306984,0.000643058679997921
5184,55,5,1.0,0.9951052069664001,0,0,0.0,0.0,0.0,-0.008654743432998657,-0.0011234339326620102,0.0008849576115608215
5185,55,6,1.0,0.9909818172454834,0,0,0.0,0.0,0.0,0.16397392749786377,-0.00019539333879947662,-0.006005405448377132
5186,55,7,1.0,0.9909713864326477,0,0,0.0,0.0,0.0,0.16410908102989197,-0.0001969868317246437,-0.0059455824084579945
5187,55,8,1.0,0.9872035384178162,0,0,0.0,0.0,0.0,0.2571859657764435,0.00011591421207413077,-0.007279574871063232
5188,55,9,1.0,0.9871978759765625,0,0,0.0,0.0,0.0,0.2571910321712494,0.0001150486059486866,-0.007272610440850258
5189,55,10,1.0,0.985977292060852,0,0,0.0,0.0,0.0,0.2705273926258087,-0.00045258132740855217,-0.007301920559257269
5190,55,11,1.0,0.98597651720047,0,0,0.0,0.0,0.0,0.27052760124206543,-0.0004528100835159421,-0.007300288882106543
5191,55,12,1.0,0.9880040287971497,0,0,0.25,0.0,0.0,0.2757105529308319,-0.0015725715784355998,-0.00811962503939867
5192,55,13,1.0,0.9955005645751953,0,0,0.25,0.0,0.0,0.27189117670059204,-0.00023201934527605772,-0.008966504596173763
5193,55,14,1.0,1.0042790174484253,0,0,0.25,0.0,0.0,0.2676021456718445,-0.0021202866919338703,-0.006264632102102041
5194,55,15,1.0,1.0205821990966797,0,0,0.25,0.0,0.0,0.2665828466415405,-0.00264725461602211,-0.011369612067937851
5195,55,16,1.0,1.0312167406082153,0,0,0.25,0.0,0.0,0.26731371879577637,-0.0026324528735131025,-0.01336892694234848
5196,55,17,1.0,0.9947263598442078,0,0,0.25,0.0,0.0,0.27210259437561035,-0.0009976187720894814,-0.01700885221362114
5197,55,18,1.0,0.9850921034812927,0,0,0.25,0.0,0.0,0.2418610006570816,-0.00042857861262746155,-0.020487802103161812
5198,55,19,1.0,0.9915981292724609,0,0,0.0,0.0,0.0,0.1085212230682373,-0.0001891863066703081,-0.012197845615446568
5199,55,20,1.0,1.0018694400787354,0,0,0.0,0.0,0.0,0.015085423365235329,0.0003442786983214319,-1.664087176322937e-05
5200,55,21,1.0,0.9976193308830261,0,0,0.0,0.0,0.0,-0.006879290100187063,-0.002402062062174082,0.0019343504682183266
5201,55,22,1.0,0.9999458193778992,0,0,0.0,0.0,0.0,-0.0006057560676708817,-0.00522891990840435,-0.0015533645637333393
5202,55,23,1.0,0.9993686676025391,0,0,0.0,0.0,0.0,-0.0007367072394117713,-0.004216327331960201,-0.0027191671542823315
5203,55,24,1.0,0.9962178468704224,0,0,0.0,0.0,0.0,0.00213882839307189,0.08415139466524124,-0.005167199298739433
5204,55,25,1.0,0.9960527420043945,0,0,0.0,0.0,0.0,0.002152723725885153,0.08727195113897324,-0.005469486117362976
5205,55,26,1.0,0.9948400259017944,0,0,0.0,0.25,0.0,0.0012417940888553858,0.23607151210308075,-0.004211030900478363
5206,55,27,1.0,0.9817447066307068,0,0,0.0,0.25,0.0,0.0009012699592858553,0.2673356533050537,-0.005337670911103487
5207,55,28,1.0,0.9856898784637451,0,0,0.0,0.25,0.0,0.0005855059716850519,0.27061259746551514,-0.002975740469992161
5208,55,29,1.0,0.9886522889137268,0,0,0.0,0.25,0.0,0.00010097934864461422,0.26799461245536804,-0.0032557970844209194
5209,55,30,1.0,0.9874753355979919,0,0,0.0,0.25,0.0,0.00032370700500905514,0.2696113586425781,-0.004826773889362812
5210,55,31,1.0,0.9880037903785706,0,0,0.0,0.25,0.0,2.241530455648899e-05,0.2679727375507355,-0.0061755096539855
5211,55,32,1.0,0.9892919659614563,0,0,0.0,0.25,0.0,0.00019797682762145996,0.26886269450187683,-0.005386612378060818
5212,55,33,1.0,0.990671694278717,0,0,0.0,0.25,0.0,0.0013363235630095005,0.27278366684913635,-0.00691929692402482
5213,55,34,1.0,0.992760181427002,0,0,0.0,0.25,0.0,0.0013096944894641638,0.2748464047908783,-0.009583180770277977
5214,55,35,1.0,0.9933503866195679,0,0,0.0,0.25,0.0,0.0015150555409491062,0.2699091136455536,-0.011218699626624584
5215,55,36,1.0,0.9977326393127441,0,0,0.0,0.25,0.0,0.0005742495413869619,0.09178708493709564,-0.024226393550634384
5216,55,37,1.0,1.0002328157424927,0,0,0.0,0.0,0.0,0.00039156433194875717,0.03997574746608734,-0.009992904961109161
5217,55,38,1.0,1.0008199214935303,0,0,0.0,0.0,0.0,-9.839527774602175e-05,0.009053238667547703,0.01907269097864628
5218,55,39,1.0,1.0013285875320435,0,0,0.0,0.0,0.0,-0.00020710437092930079,0.0008348769042640924,0.03249780833721161
5219,55,40,1.0,1.0061274766921997,0,0,0.0,0.0,0.0,0.0004811526741832495,-0.0023899045772850513,-0.019975030794739723
5220,55,41,1.0,1.0061335563659668,0,0,0.0,0.0,0.0,0.00046619540080428123,-0.002516783308237791,-0.019825510680675507
5221,55,42,1.0,1.0063658952713013,0,0,0.0,0.0,0.0,0.0005224330816417933,-0.0018740880768746138,-0.007264231331646442
5222,55,43,1.0,1.0063508749008179,0,0,0.0,0.0,0.0,0.0005177995190024376,-0.0018857595277950168,-0.007039159536361694
5223,55,44,1.0,1.006203055381775,0,0,0.0,0.0,0.0,0.000608878443017602,0.00016465468797832727,-0.08810192346572876
5224,55,45,1.0,1.0062012672424316,0,0,0.0,0.0,0.0,0.0006102619227021933,0.00016245292499661446,-0.08808361738920212
5225,55,46,1.0,1.0064538717269897,0,0,0.0,0.0,0.0,0.0004603483248502016,0.00026830268325284123,-0.09212454408407211
5226,55,47,1.0,1.006453037261963,0,0,0.0,0.0,-0.5,0.00046086194925010204,0.0002677268930710852,-0.09211114048957825
5227,55,48,1.0,1.0010759830474854,0,0,0.0,0.0,-0.5,-0.0010638012317940593,0.0002897237427532673,-0.5479124784469604
5228,55,49,1.0,0.9984036087989807,0,0,0.0,0.0,-0.5,-0.00045056536328047514,0.00019711890490725636,-0.5351513624191284
5229,55,50,1.0,0.9984705448150635,0,0,0.0,0.0,-0.5,-0.0010424498468637466,-0.0002533965453039855,-0.5292656421661377
5230,55,51,1.0,0.9988195896148682,0,0,0.0,0.0,-0.5,-0.0008722827769815922,-0.0008121179416775703,-0.5232677459716797
5231,55,52,1.0,0.9969173073768616,0,0,0.0,0.0,-0.5,-0.000732688931748271,-0.00047028670087456703,-0.5129090547561646
5232,55,53,1.0,0.9971594214439392,0,0,0.0,0.0,-0.5,-0.0007438421016559005,-0.0003710296587087214,-0.5197173357009888
5233,55,54,1.0,0.9990153908729553,0,0,0.0,0.0,-0.5,-0.0007481267675757408,-0.0019648070447146893,-0.5301827192306519
5234,55,55,1.0,1.0079525709152222,0,0,0.0,0.0,-0.5,-0.00030263897497206926,-0.00041642796713858843,-0.5409473180770874
5235,55,56,1.0,1.0159631967544556,0,0,0.0,0.0,-0.5,-0.0002581569133326411,-0.00016432971460744739,-0.5455511808395386
5236,55,57,1.0,1.0166267156600952,0,0,0.0,0.0,-0.5,-0.0009261727100238204,-9.558064630255103e-05,-0.5436187982559204
5237,55,58,1.0,1.0028754472732544,0,0,0.0,0.0,-0.5,0.0007823852356523275,0.0013651850167661905,-0.12332244217395782
5238,55,59,1.0,1.002256989479065,0,0,0.0,0.0,0.0,0.0007219808176159859,0.001113414647988975,-0.10020807385444641
5239,55,60,1.0,1.067000389099121,0,0,0.0,0.0,0.0,0.002051976043730974,-0.0004724254831671715,0.03618806600570679
5240,55,61,1.0,1.0680052042007446,0,0,0.0,0.0,0.0,0.002032756805419922,-0.0005013737827539444,0.03688524663448334
5241,55,62,1.0,1.347373604774475,0,0,0.0,0.0,0.0,0.0017124207224696875,-0.00023693765979260206,0.03118758276104927
5242,55,63,1.0,1.348462700843811,0,0,0.0,0.0,0.0,0.0017060704994946718,-0.00024483955348841846,0.03123963624238968
5243,55,64,1.0,1.5795917510986328,0,1,0.0,0.0,0.0,0.0011961075942963362,0.00023593957303091884,0.022752758115530014
5244,55,65,2.0,1.5802171230316162,1,1,0.0,0.0,0.0,0.0011896893847733736,0.0002329013659618795,0.022764533758163452
5245,55,66,2.0,2.038699150085449,1,1,0.0,0.0,0.0,0.0005695342551916838,-0.0003858219424728304,0.0007374826818704605
5246,55,67,2.0,2.038618564605713,1,1,0.0,0.0,0.0,0.0003152736462652683,-0.0002028130111284554,0.0021658586338162422
5247,55,68,2.0,2.040567398071289,1,1,0.0,0.0,0.0,-4.791223909705877e-05,-0.00021846606978215277,0.003778926096856594
5248,55,69,2.0,2.040462017059326,1,1,0.0,0.0,0.0,-8.215813431888819e-05,-0.0002337054756935686,0.0038945581763982773
5249,55,70,2.0,2.0412425994873047,1,1,0.0,0.0,0.0,-0.0005722102941945195,9.908492211252451e-05,0.004035669378936291
5250,55,71,2.0,2.0412440299987793,1,1,0.0,0.0,0.0,-0.0005985889583826065,0.00010070146527141333,0.004070143215358257
5251,55,72,2.0,2.040923833847046,1,1,0.0,0.0,0.0,-0.0005133888917043805,0.0005441699177026749,0.005980759859085083
5252,55,73,1.0,2.0408856868743896,0,1,0.0,0.0,0.0,-0.0005173260578885674,0.0005399069050326943,0.0059576742351055145
5253,55,74,1.0,2.043610095977783,0,1,0.0,0.0,0.0,-0.0004959837533533573,-0.000623815692961216,0.0033448543399572372
5254,55,75,1.0,2.0436577796936035,0,1,0.0,0.0,0.0,-0.0005013573681935668,-0.000622052582912147,0.0033304747194051743
5255,55,76,1.0,0.9963312149047852,0,0,0.0,0.0,0.0,0.0018493726383894682,-0.0009620956261642277,0.37767910957336426
5256,55,77,1.0,0.9955596923828125,0,0,0.0,0.0,0.0,0.0018543426413089037,-0.000958454969804734,0.38005530834198
5257,55,78,1.0,0.9817627668380737,0,0,0.0,0.0,0.0,0.0012432658113539219,-0.0002852566831279546,0.46241092681884766
5258,55,79,1.0,0.9817733764648438,0,0,0.0,0.0,0.0,0.001244130777195096,-0.0002817755739670247,0.46290236711502075
5259,55,80,1.0,0.9841592311859131,0,0,0.0,0.0,0.5,0.0003994202706962824,0.0008309725672006607,0.4839763939380646
5260,55,81,1.0,0.9980693459510803,0,0,0.0,0.0,0.5,0.0004388981033116579,0.0006461101584136486,0.5174691677093506
5261,55,82,1.0,0.9992998838424683,0,0,0.0,0.0,0.5,0.0004480998031795025,0.0003717523068189621,0.5162004232406616
5262,55,83,1.0,0.9975757598876953,0,0,0.0,0.0,0.5,-5.889357998967171e-05,-3.4792174119502306e-05,0.5176801681518555
5263,55,84,1.0,0.9995523691177368,0,0,0.0,0.0,0.5,0.00046650320291519165,-0.00013576311175711453,0.5167874097824097
5264,55,85,1.0,0.9997067451477051,0,0,0.0,0.0,0.5,0.0006169432308524847,4.691811045631766e-05,0.5160870552062988
5265,55,86,1.0,0.9966182112693787,0,0,0.0,0.0,0.5,0.0004666594322770834,0.00010464672232046723,0.5171641111373901
5266,55,87,1.0,0.9987925887107849,0,0,0.0,0.0,0.5,0.0002786773256957531,8.179398719221354e-05,0.5192006826400757
5267,55,88,1.0,0.9989622831344604,0,0,0.0,0.0,0.5,0.000291961245238781,0.00025124457897618413,0.5191256999969482
5268,55,89,1.0,0.9991747736930847,0,0,0.0,0.0,0.5,0.0004041094798594713,0.00012253067689016461,0.5185493230819702
5269,56,0,1.0,0.9947889447212219,0,0,0.0,0.0,0.0,-0.006080631632357836,0.005398414097726345,0.005173191428184509
5270,56,1,1.0,0.9952613115310669,0,0,0.0,0.0,0.0,-0.0070151579566299915,0.006064653396606445,-0.0004483703523874283
5271,56,2,1.0,0.9964934587478638,0,0,0.0,0.0,0.0,-0.008830323815345764,0.0038068604189902544,0.005025235936045647
5272,56,3,1.0,0.996549129486084,0,0,0.0,0.0,0.0,-0.008664148859679699,0.0039041463751345873,0.005657314322888851
5273,56,4,1.0,1.0001757144927979,0,0,0.0,0.0,0.0,-0.00845777615904808,-0.0019336554687470198,-0.003193147946149111
5274,56,5,1.0,1.0001453161239624,0,0,0.0,0.0,0.0,-0.008418925106525421,-0.0019014343852177262,-0.0029992307536303997
5275,56,6,1.0,0.9969671964645386,0,0,0.0,0.0,0.0,0.036635953933000565,0.0035505855921655893,-0.0007276041433215141
5276,56,7,1.0,0.9969666004180908,0,0,0.0,0.0,0.0,0.03670985624194145,0.0035575663205236197,-0.0006657205522060394
5277,56,8,1.0,0.9923146367073059,0,0,0.0,0.0,0.0,0.24414579570293427,-0.0010168657172471285,-0.0008245371282100677
5278,56,9,1.0,0.9923108220100403,0,0,0.0,0.0,0.0,0.24415525794029236,-0.0010177157819271088,-0.0008205436170101166
5279,56,10,1.0,0.9856429100036621,0,0,0.0,0.0,0.0,0.27210721373558044,-0.0015555862337350845,-0.005211024545133114
5280,56,11,1.0,0.9856421947479248,0,0,0.25,0.0,0.0,0.27210789918899536,-0.0015553601551800966,-0.005209752358496189
5281,56,12,1.0,0.9800890684127808,0,0,0.25,0.0,0.0,0.27842745184898376,-0.0007655330700799823,-0.010729863308370113
5282,56,13,1.0,0.9882560968399048,0,0,0.25,0.0,0.0,0.27810487151145935,0.00018181221093982458,-0.00774760264903307
5283,56,14,1.0,0.9938547611236572,0,0,0.25,0.0,0.0,0.2773095667362213,-0.0003543504572007805,-0.011102693155407906
5284,56,15,1.0,0.9937000870704651,0,0,0.25,0.0,0.0,0.273017555475235,-0.0016095628961920738,-0.008965506218373775
5285,56,16,1.0,0.9981406331062317,0,0,0.25,0.0,0.0,0.16527295112609863,-0.004711066372692585,-0.026016589254140854
5286,56,17,1.0,1.0029311180114746,0,0,0.0,0.0,0.0,0.07853031158447266,-0.004299260210245848,-0.03321821987628937
5287,56,18,1.0,0.9958205223083496,0,0,0.0,0.0,0.0,0.0010702235158532858,0.0006287085125222802,-0.015077868476510048
5288,56,19,1.0,0.9954391121864319,0,0,0.0,0.0,0.0,-0.00243338942527771,0.0017408272251486778,-0.010314751416444778
5289,56,20,1.0,0.9930312037467957,0,0,0.0,0.0,0.0,-0.0017508419696241617,-0.0009683507378213108,-0.009410888887941837
5290,56,21,1.0,0.9930017590522766,0,0,0.0,0.0,0.0,-0.0014695485588163137,-0.0010731519432738423,-0.010364972054958344
5291,56,22,1.0,1.001408338546753,0,0,0.0,0.0,0.0,0.002524480689316988,-0.015216462314128876,-0.009350583888590336
5292,56,23,1.0,1.0014804601669312,0,0,0.0,0.0,0.0,0.0024432200007140636,-0.015662066638469696,-0.009635638445615768
5293,56,24,1.0,1.0019879341125488,0,0,0.0,-0.25,0.0,-0.0010973797179758549,-0.03155600652098656,-0.013858312740921974
5294,56,25,1.0,0.990058183670044,0,0,0.0,-0.25,0.0,-0.00047331838868558407,-0.2689952254295349,-0.005727835930883884
5295,56,26,1.0,0.9884065985679626,0,0,0.0,-0.25,0.0,0.000594031997025013,-0.27751660346984863,-0.0028458023443818092
5296,56,27,1.0,0.9887838959693909,0,0,0.0,-0.25,0.0,-0.00019443826749920845,-0.2761234939098358,-0.0032105431891977787
5297,56,28,1.0,0.9929556846618652,0,0,0.0,-0.25,0.0,-0.00010023056529462337,-0.2757250666618347,-0.0020661684684455395
5298,56,29,1.0,0.9945665001869202,0,0,0.0,-0.25,0.0,8.866097778081894e-05,-0.27457526326179504,-0.00408046692609787
5299,56,30,1.0,0.9955173134803772,0,0,0.0,-0.25,0.0,-7.695250678807497e-05,-0.27327483892440796,-0.004343821667134762
5300,56,31,1.0,0.9939674139022827,0,0,0.0,-0.25,0.0,0.0015666557010263205,-0.278170108795166,-0.008761225268244743
5301,56,32,1.0,0.9936956763267517,0,0,0.0,-0.25,0.0,0.001518436474725604,-0.2807636559009552,-0.009508181363344193
5302,56,33,1.0,0.993843138217926,0,0,0.0,-0.25,0.0,0.0009262058883905411,-0.2808610796928406,-0.009522154927253723
5303,56,34,1.0,0.9987502098083496,0,0,0.0,0.0,0.0,-0.00222869124263525,-0.18680472671985626,-0.004456620663404465
5304,56,35,1.0,1.0038728713989258,0,0,0.0,0.0,0.0,-0.0003993577556684613,-0.0307244174182415,-0.015525339171290398
5305,56,36,1.0,0.9989351034164429,0,0,0.0,0.0,0.0,-0.0003310756292194128,-0.007497760467231274,0.003888837993144989
5306,56,37,1.0,0.9993260502815247,0,0,0.0,0.0,0.0,-0.0005402850219979882,-0.0048154378309845924,0.004130179062485695
5307,56,38,1.0,0.9984939694404602,0,0,0.0,0.0,0.0,-0.00055579689797014,-0.0037567131221294403,0.002300943247973919
5308,56,39,1.0,0.9985085129737854,0,0,0.0,0.0,0.0,-0.0005841846577823162,-0.0034658547956496477,0.0022560041397809982
5309,56,40,1.0,1.0024077892303467,0,0,0.0,0.0,0.0,3.063306212425232e-05,-0.002950570546090603,-0.03238067775964737
5310,56,41,1.0,1.0024151802062988,0,0,0.0,-0.25,0.0,2.5578541681170464e-05,-0.002930265851318836,-0.03240672126412392
5311,56,42,1.0,1.0036258697509766,0,0,0.0,0.0,0.0,0.0003885680343955755,-0.004809311591088772,-0.011955163441598415
5312,56,43,1.0,1.0052614212036133,0,0,0.0,0.0,0.0,0.00022993562743067741,-0.003501503961160779,-0.01260601356625557
5313,56,44,1.0,1.0049662590026855,0,0,0.0,0.0,0.0,1.2831529602408409e-05,-0.0020492025651037693,-0.0017407899722456932
5314,56,45,1.0,1.0051413774490356,0,0,0.0,0.0,0.0,-7.947208359837532e-06,-0.0018055099062621593,-0.003499147482216358
5315,56,46,1.0,1.0042897462844849,0,0,0.0,0.0,0.0,0.0008496749214828014,-0.0004546131822280586,-0.06240910291671753
5316,56,47,1.0,1.0043402910232544,0,0,0.0,0.0,0.0,0.0008386343251913786,-0.0004034580779261887,-0.06307017803192139
5317,56,48,1.0,1.0048367977142334,0,0,0.0,0.0,0.0,0.0007739998400211334,-0.0005687268567271531,-0.06855852901935577
5318,56,49,1.0,1.0048472881317139,0,0,0.0,0.0,-0.5,0.0007719187997281551,-0.000558271596673876,-0.06875903904438019
5319,56,50,1.0,1.0010130405426025,0,0,0.0,0.0,-0.5,-0.0011751463171094656,-0.0003952650586143136,-0.5480951070785522
5320,56,51,1.0,0.9994484186172485,0,0,0.0,0.0,-0.5,-0.0005863971309736371,-0.0006155007868073881,-0.5418976545333862
5321,56,52,1.0,0.9991051554679871,0,0,0.0,0.0,-0.5,-0.0010255685774609447,-0.0014521901030093431,-0.5302972793579102
5322,56,53,1.0,0.9997252821922302,0,0,0.0,0.0,-0.5,-0.0011094989022240043,-0.0016301472205668688,-0.5237827301025391
5323,56,54,1.0,0.999271035194397,0,0,0.0,0.0,-0.5,-0.0007702278671786189,-0.001128380186855793,-0.5238481760025024
5324,56,55,1.0,1.0007404088974,0,0,0.0,0.0,-0.5,-0.0011372091248631477,-0.001561331213451922,-0.5337709188461304
5325,56,56,1.0,1.0019371509552002,0,0,0.0,0.0,-0.5,-0.0014041360700502992,-0.0014141685096547008,-0.5345669984817505
5326,56,57,1.0,1.0074294805526733,0,0,0.0,0.0,-0.5,-0.0009240406798198819,-2.6125169824808836e-05,-0.5393955707550049
5327,56,58,1.0,1.0113565921783447,0,0,0.0,0.0,-0.5,-0.00032839085906744003,-0.00013729147030971944,-0.5409952402114868
5328,56,59,1.0,1.0118962526321411,0,0,0.0,0.0,-0.5,-0.0005362692754715681,0.00021508109057322145,-0.5339893102645874
5329,56,60,1.0,1.0115231275558472,0,0,0.0,0.0,-0.5,0.0016983321402221918,0.0013187023578211665,-0.27528563141822815
5330,56,61,1.0,1.0114524364471436,0,0,0.0,0.0,0.0,0.0015749477315694094,0.0013040422927588224,-0.2506037950515747
5331,56,62,1.0,1.0157790184020996,0,0,0.0,0.0,0.0,0.0030131107196211815,-0.0009307058644481003,0.012030759826302528
5332,56,63,1.0,1.0161609649658203,0,0,0.0,0.0,0.0,0.003010569605976343,-0.000938525190576911,0.013016166165471077
5333,56,64,1.0,1.820846438407898,0,1,0.0,0.0,0.0,0.0010929843410849571,0.0002013957710005343,0.009386375546455383
5334,56,65,1.0,1.8214881420135498,0,1,0.0,0.0,0.0,0.0010878730099648237,0.000201869523152709,0.009363535791635513
5335,56,66,1.0,1.925764799118042,0,1,0.0,0.0,0.0,0.0006198503542691469,-0.00031197493080981076,0.005594920367002487
5336,56,67,2.0,1.9260294437408447,1,1,0.0,0.0,0.0,0.0006163639482110739,-0.00031056272564455867,0.005588596686720848
5337,56,68,2.0,2.039177417755127,1,1,0.0,0.0,0.0,0.0007599650416523218,-0.0004110571462661028,-0.0012254249304533005
5338,56,69,2.0,2.040015935897827,1,1,0.0,0.0,0.0,0.0004591359756886959,-0.0003607654361985624,0.0009088041260838509
5339,56,70,2.0,2.040339469909668,1,1,0.0,0.0,0.0,0.0003835612442344427,-0.0006270321318879724,0.004943137988448143
5340,56,71,2.0,2.040278911590576,1,1,0.0,0.0,0.0,0.00039681303314864635,-0.0005649023223668337,0.0050304606556892395
5341,56,72,2.0,2.0431137084960938,1,1,0.0,0.0,0.0,5.561648868024349e-05,-0.001058498746715486,0.004888821393251419
5342,56,73,2.0,2.043142080307007,1,1,0.0,0.0,0.0,6.197532638907433e-05,-0.0010615198407322168,0.004896068945527077
5343,56,74,1.0,1.8887913227081299,0,1,0.0,0.0,0.0,0.0009155604057013988,-0.0019807452335953712,-0.001031331717967987
5344,56,75,1.0,1.887267827987671,0,1,0.0,0.0,0.0,0.0009287395514547825,-0.00198793294839561,-0.000982401892542839
5345,56,76,1.0,1.2900841236114502,0,0,0.0,0.0,0.0,0.0030365907587110996,-0.0033840606920421124,0.12692201137542725
5346,56,77,1.0,1.2912367582321167,0,0,0.0,0.0,0.0,0.003033911343663931,-0.003370640566572547,0.12621089816093445
5347,56,78,1.0,0.9813999533653259,0,0,0.0,0.0,0.0,-0.00030993507243692875,-4.770385567098856e-05,0.47364673018455505
5348,56,79,1.0,0.9814000129699707,0,0,0.0,0.0,0.0,-0.0003115703584626317,-4.9962487537413836e-05,0.4734286367893219
5349,56,80,1.0,0.9808976650238037,0,0,0.0,0.0,0.5,-7.769803050905466e-05,-0.0006033015670254827,0.4603636562824249
5350,56,81,1.0,0.9880958199501038,0,0,0.0,0.0,0.5,0.0003191691357642412,-0.0007400824688374996,0.5066080093383789
5351,56,82,1.0,0.998678982257843,0,0,0.0,0.0,0.5,0.00039164931513369083,-0.00035681333974935114,0.5195373296737671
5352,56,83,1.0,0.9993177056312561,0,0,0.0,0.0,0.5,0.0005107675679028034,-8.09635384939611e-05,0.5176490545272827
5353,56,84,1.0,1.0006850957870483,0,0,0.0,0.0,0.5,0.0003188482951372862,6.726215360686183e-05,0.5187777280807495
5354,56,85,1.0,0.9981583952903748,0,0,0.0,0.0,0.5,0.00034591625444591045,0.0002167781349271536,0.5182124376296997
5355,56,86,1.0,0.9986048340797424,0,0,0.0,0.0,0.5,9.391154162585735e-05,0.00019889092072844505,0.517711877822876
5356,56,87,1.0,0.9980027079582214,0,0,0.0,0.0,0.5,0.000359534053131938,-0.00013614038471132517,0.5183926820755005
5357,56,88,1.0,0.9987787008285522,0,0,0.0,0.0,0.5,0.0005034487694501877,2.296624006703496e-05,0.5183852910995483
5358,56,89,1.0,0.9987629652023315,0,0,0.0,0.0,0.5,8.398294448852539e-05,-0.000179026072146371,0.5188145637512207
5359,57,0,1.0,0.9983773231506348,0,0,0.0,0.0,0.0,0.005593256559222937,0.000939022982493043,0.0004002060741186142
5360,57,1,1.0,0.999207615852356,0,0,0.0,0.0,0.0,0.005883007775992155,0.0014211207162588835,-0.0036022234708070755
5361,57,2,1.0,0.9979477524757385,0,0,0.0,0.0,0.0,0.007268103305250406,0.0027010049670934677,-0.001189522910863161
5362,57,3,1.0,0.9980859756469727,0,0,0.0,0.0,0.0,0.007379445713013411,0.002597042126581073,-0.0006591165438294411
5363,57,4,1.0,0.9988419413566589,0,0,0.0,0.0,0.0,0.005185888148844242,0.00113853404764086,-0.0035460134968161583
5364,57,5,1.0,0.9988654255867004,0,0,0.0,0.0,0.0,0.0052241734229028225,0.0010932229924947023,-0.0033885794691741467
5365,57,6,1.0,0.9900298714637756,0,0,0.0,0.0,0.0,-0.20710673928260803,-0.0017338956240564585,-0.009895740076899529
5366,57,7,1.0,0.9900436401367188,0,0,0.0,0.0,0.0,-0.2070736438035965,-0.0017347221728414297,-0.009862739592790604
5367,57,8,1.0,0.9812231659889221,0,0,0.0,0.0,0.0,-0.2714958190917969,-0.0006228632992133498,-0.007772804703563452
5368,57,9,1.0,0.9812245965003967,0,0,0.0,0.0,0.0,-0.27149805426597595,-0.0006221848307177424,-0.007769891060888767
5369,57,10,1.0,0.978962779045105,0,0,0.0,0.0,0.0,-0.27615559101104736,-0.0007787594804540277,-0.008038942702114582
5370,57,11,1.0,0.9789630174636841,0,0,-0.25,0.0,0.0,-0.27615630626678467,-0.0007784995250403881,-0.008038236759603024
5371,57,12,1.0,0.972137451171875,0,0,-0.25,0.0,0.0,-0.2814907729625702,-0.0008083343273028731,-0.008697117678821087
5372,57,13,1.0,0.9794989228248596,0,0,-0.25,0.0,0.0,-0.27995389699935913,-0.001149581978097558,-0.012689012102782726
5373,57,14,1.0,0.9832565784454346,0,0,-0.25,0.0,0.0,-0.2785993814468384,-0.00041911762673407793,-0.014964316040277481
5374,57,15,1.0,0.9859812259674072,0,0,-0.25,0.0,0.0,-0.28459152579307556,0.003813443472608924,-0.020992562174797058
5375,57,16,1.0,0.9878319501876831,0,0,-0.25,0.0,0.0,-0.2840915322303772,0.003589603817090392,-0.021488960832357407
5376,57,17,1.0,0.9825918674468994,0,0,-0.25,0.0,0.0,-0.21706295013427734,0.0025669371243566275,-0.01577005535364151
5377,57,18,1.0,0.9884639382362366,0,0,0.0,0.0,0.0,-0.039392974227666855,-0.0009981965413317084,-0.008092019706964493
5378,57,19,1.0,0.9918646812438965,0,0,0.0,0.0,0.0,-0.008388755843043327,-0.0025220909155905247,-0.005415509454905987
5379,57,20,1.0,0.9974507093429565,0,0,0.0,0.0,0.0,0.0011071895714849234,-0.006273960694670677,-0.010113148018717766
5380,57,21,1.0,0.9978437423706055,0,0,0.0,0.0,0.0,0.0011679911985993385,-0.006189792416989803,-0.009927524253726006
5381,57,22,1.0,0.990584671497345,0,0,0.0,0.0,0.0,0.002639779821038246,0.14298631250858307,-0.0005979379639029503
5382,57,23,1.0,0.9905369281768799,0,0,0.0,0.0,0.0,0.0026513002812862396,0.14197780191898346,-0.0007996866479516029
5383,57,24,1.0,0.9929066896438599,0,0,0.0,0.0,0.0,0.00023598852567374706,0.2432015985250473,-0.0007188320159912109
5384,57,25,1.0,0.992907702922821,0,0,0.0,0.25,0.0,0.00023682252503931522,0.24315518140792847,-0.0007111933082342148
5385,57,26,1.0,0.9818219542503357,0,0,0.0,0.25,0.0,0.0011067872401326895,0.26952651143074036,-0.008069070056080818
5386,57,27,1.0,0.9837020635604858,0,0,0.0,0.25,0.0,0.0013380751479417086,0.2719337046146393,-0.008199679665267467
5387,57,28,1.0,0.9846501350402832,0,0,0.0,0.25,0.0,0.0005834819748997688,0.2707797586917877,-0.0041516865603625774
5388,57,29,1.0,0.9869391322135925,0,0,0.0,0.25,0.0,0.0008750883862376213,0.269555002450943,-0.0050697168335318565
5389,57,30,1.0,0.9882080554962158,0,0,0.0,0.25,0.0,0.0003633846063166857,0.27188387513160706,-0.0013450812548398972
5390,57,31,1.0,0.9889237880706787,0,0,0.0,0.25,0.0,0.00039468263275921345,0.2731618285179138,-0.0033470154739916325
5391,57,32,1.0,0.9927484393119812,0,0,0.0,0.25,0.0,0.0010564730037003756,0.2724769711494446,-0.006004643626511097
5392,57,33,1.0,0.9955117106437683,0,0,0.0,0.25,0.0,0.0017118663527071476,0.26922139525413513,-0.00976833701133728
5393,57,34,1.0,0.9926034212112427,0,0,0.0,0.25,0.0,0.001621173694729805,0.17319855093955994,-0.01763373613357544
5394,57,35,1.0,0.9997686147689819,0,0,0.0,0.0,0.0,0.0011872046161442995,0.06127128750085831,-0.025381406769156456
5395,57,36,1.0,1.0013524293899536,0,0,0.0,0.0,0.0,0.00021855277009308338,0.0029858716297894716,-0.029536403715610504
5396,57,37,1.0,1.0016705989837646,0,0,0.0,0.0,0.0,6.376882083714008e-05,-0.004507145844399929,-0.02604864165186882
5397,57,38,1.0,1.0025004148483276,0,0,0.0,0.0,0.0,-8.420785889029503e-06,-0.004510263912379742,-0.024919116869568825
5398,57,39,1.0,1.0024466514587402,0,0,0.0,0.0,0.0,2.147536724805832e-05,-0.005381573922932148,-0.024511631578207016
5399,57,40,1.0,1.0011639595031738,0,0,0.0,0.0,0.0,-0.00039398798253387213,-0.0031628822907805443,-0.01394468080252409
5400,57,41,1.0,1.0011463165283203,0,0,0.0,0.0,0.0,-0.00038727978244423866,-0.0032749492675065994,-0.01385497022420168
5401,57,42,1.0,1.0003061294555664,0,0,0.0,0.25,0.0,-0.00014187011402100325,-0.001411861041560769,-0.001778054516762495
5402,57,43,1.0,1.0029845237731934,0,0,0.0,0.0,0.0,0.0005004587583243847,-0.0003997264720965177,-0.016925612464547157
5403,57,44,1.0,1.0041476488113403,0,0,0.0,0.0,0.0,0.0006920415908098221,-0.002339437371119857,-0.02105257287621498
5404,57,45,1.0,1.005577802658081,0,0,0.0,0.0,0.0,0.0006629251874983311,-0.0026430957950651646,-0.015316586941480637
5405,57,46,1.0,1.004691481590271,0,0,0.0,0.0,0.0,6.954255513846874e-05,-0.0011063686106353998,-0.00520739983767271
5406,57,47,1.0,1.0047118663787842,0,0,0.0,0.0,0.0,3.258418291807175e-05,-0.0011419139336794615,-0.005171537399291992
5407,57,48,1.0,1.006502628326416,0,0,0.0,0.0,0.0,-1.3739336282014847e-06,-6.097136065363884e-06,-0.10606162995100021
5408,57,49,1.0,1.006500482559204,0,0,0.0,0.0,0.0,-1.5890691429376602e-06,-1.1879426892846823e-05,-0.10608863830566406
5409,57,50,1.0,1.0075268745422363,0,0,0.0,0.0,-0.5,0.00046176789328455925,-0.00012371561024338007,-0.20546260476112366
5410,57,51,1.0,0.9975320100784302,0,0,0.0,0.0,-0.5,-0.00035982124973088503,-0.0007102229865267873,-0.5418108701705933
5411,57,52,1.0,0.9975139498710632,0,0,0.0,0.0,-0.5,-0.0003123306669294834,-0.0009855511598289013,-0.5257272720336914
5412,57,53,1.0,0.9975274801254272,0,0,0.0,0.0,-0.5,-8.597492706030607e-05,-0.0012787646846845746,-0.5107707977294922
5413,57,54,1.0,0.9971837997436523,0,0,0.0,0.0,-0.5,0.0001791978720575571,-0.0010924040107056499,-0.509105920791626
5414,57,55,1.0,0.9956414699554443,0,0,0.0,0.0,-0.5,7.017841562628746e-05,-0.0008883243426680565,-0.5186607837677002
5415,57,56,1.0,0.9978094696998596,0,0,0.0,0.0,-0.5,-0.0003127425443381071,-0.0012418865226209164,-0.5302032232284546
5416,57,57,1.0,0.9993352890014648,0,0,0.0,0.0,-0.5,-0.0005952927749603987,-0.001412859302945435,-0.5293976068496704
5417,57,58,1.0,1.0074468851089478,0,0,0.0,0.0,-0.5,-0.0003655957989394665,-0.0005235974676907063,-0.5388615131378174
5418,57,59,1.0,1.0147539377212524,0,0,0.0,0.0,-0.5,0.00011695409193634987,-0.00024661910720169544,-0.5464462041854858
5419,57,60,1.0,1.0017887353897095,0,0,0.0,0.0,-0.5,0.0021697268821299076,0.0010967154521495104,-0.3406960964202881
5420,57,61,1.0,0.9998860955238342,0,0,0.0,0.0,-0.5,0.0016133766621351242,0.0015912528615444899,-0.18994897603988647
5421,57,62,1.0,1.2040562629699707,0,0,0.0,0.0,0.0,0.002176431007683277,0.00039312418084591627,0.01886507123708725
5422,57,63,1.0,1.2167911529541016,0,0,0.0,0.0,0.0,0.002089668530970812,0.0002156925038434565,0.02048458158969879
5423,57,64,1.0,2.0292439460754395,0,1,0.0,0.0,0.0,-0.0006676584016531706,0.00036690698470920324,0.002465108409523964
5424,57,65,1.0,2.029478073120117,0,1,0.0,0.0,0.0,-0.0006658036727458239,0.00034387316554784775,0.0024353936314582825
5425,57,66,1.0,2.0410172939300537,0,1,0.0,0.0,0.0,-0.00021821283735334873,-0.00018740497762337327,0.001657695509493351
5426,57,67,2.0,2.041008234024048,1,1,0.0,0.0,0.0,-0.00021865044254809618,-0.00018988753436133265,0.0016529308632016182
5427,57,68,2.0,2.0384092330932617,1,1,0.0,0.0,0.0,0.0007381471805274487,-0.0007372664986178279,0.0019175047054886818
5428,57,69,2.0,2.0403571128845215,1,1,0.0,0.0,0.0,0.00047437846660614014,-0.0009473052923567593,0.0019776225090026855
5429,57,70,2.0,2.0399813652038574,1,1,0.0,0.0,0.0,-0.00021956197451800108,-0.00033577115391381085,0.007285702973604202
5430,57,71,2.0,2.0390219688415527,1,1,0.0,0.0,0.0,0.0001517808996140957,-0.00028060449403710663,0.0062361545860767365
5431,57,72,2.0,2.0382726192474365,1,1,0.0,0.0,0.0,0.0002651745453476906,7.412763079628348e-05,0.00571188610047102
5432,57,73,2.0,2.0381901264190674,1,1,0.0,0.0,0.0,0.00014599505811929703,-5.203759064897895e-05,0.005370455794036388
5433,57,74,2.0,2.0385775566101074,1,1,0.0,0.0,0.0,0.0004378962330520153,-4.500732757151127e-05,0.0059577422216534615
5434,57,75,1.0,2.0385847091674805,0,1,0.0,0.0,0.0,0.000427112216129899,-4.864844959229231e-05,0.0059192124754190445
5435,57,76,1.0,0.9791646003723145,0,0,0.0,0.0,0.0,0.0006103166379034519,-0.0004046116373501718,0.4095699191093445
5436,57,77,1.0,0.9790806770324707,0,0,0.0,0.0,0.0,0.0006061138119548559,-0.0003690822923090309,0.4092073142528534
5437,57,78,1.0,0.9846743941307068,0,0,0.0,0.0,0.0,0.0011625995393842459,-0.0002447427250444889,0.37202373147010803
5438,57,79,1.0,0.9845237135887146,0,0,0.0,0.0,0.0,0.0011526516173034906,-0.0002996239345520735,0.37271827459335327
5439,57,80,1.0,0.988433837890625,0,0,0.0,0.0,0.0,0.00014196522533893585,4.144851118326187e-06,0.49270525574684143
5440,57,81,1.0,0.9884575605392456,0,0,0.0,0.0,0.0,0.00014515966176986694,1.424434594810009e-05,0.49316510558128357
5441,57,82,1.0,0.9868724346160889,0,0,0.0,0.0,0.5,0.0002366136759519577,-0.00012581748887896538,0.4959971010684967
5442,57,83,1.0,1.0010097026824951,0,0,0.0,0.0,0.5,0.00042801047675311565,-9.902880992740393e-05,0.5186964273452759
5443,57,84,1.0,1.0009407997131348,0,0,0.0,0.0,0.5,0.000394993694499135,-0.00018348358571529388,0.516316294670105
5444,57,85,1.0,1.0013307332992554,0,0,0.0,0.0,0.5,0.00012586847878992558,-0.0002775380271486938,0.5170247554779053
5445,57,86,1.0,1.0012719631195068,0,0,0.0,0.0,0.5,0.00044839014299213886,-4.191114567220211e-05,0.5159978866577148
5446,57,87,1.0,1.0007442235946655,0,0,0.0,0.0,0.5,0.00029201339930295944,-2.0098639652132988e-05,0.516337513923645
5447,57,88,1.0,1.0004892349243164,0,0,0.0,0.0,0.5,0.00015090196393430233,0.0002777529298327863,0.5151822566986084
5448,57,89,1.0,0.9994410276412964,0,0,0.0,0.0,0.5,0.0003143744543194771,3.0175200663506985e-05,0.5170692205429077
5449,57,90,1.0,1.0000348091125488,0,0,0.0,0.0,0.5,9.186705574393272e-05,0.0006014484679326415,0.5183130502700806
5450,57,91,1.0,0.9984917640686035,0,0,0.0,0.0,0.5,2.9641902074217796e-05,0.0002100314013659954,0.515597939491272
5451,58,0,1.0,0.9950876235961914,0,0,0.0,0.0,0.0,0.0043240198865532875,0.0023768492974340916,-0.005682251416146755
5452,58,1,1.0,0.995345950126648,0,0,0.0,0.0,0.0,0.00428013177588582,0.0022179402876645327,-0.01220400258898735
5453,58,2,1.0,0.9951173663139343,0,0,0.0,0.0,0.0,0.004628860391676426,0.0023902070242911577,-0.009407424367964268
5454,58,3,1.0,0.9950558543205261,0,0,0.0,0.0,0.0,0.0047430433332920074,0.0024003256112337112,-0.008327666670084
5455,58,4,1.0,0.995211124420166,0,0,0.0,0.0,0.0,0.004795145709067583,-0.0018019004492089152,-0.014441709965467453
5456,58,5,1.0,0.9952295422554016,0,0,0.0,0.0,0.0,0.004844194743782282,-0.001801299978978932,-0.014220192097127438
5457,58,6,1.0,1.000363826751709,0,0,0.0,0.0,0.0,-0.021877644583582878,-0.0016436530277132988,-0.008000104688107967
5458,58,7,1.0,1.0003684759140015,0,0,0.0,0.0,0.0,-0.021834803745150566,-0.0016503598308190703,-0.007942816242575645
5459,58,8,1.0,0.9901015758514404,0,0,0.0,0.0,0.0,-0.16059574484825134,-0.000272179429885,-0.014971887692809105
5460,58,9,1.0,0.990103542804718,0,0,0.0,0.0,0.0,-0.1605791449546814,-0.00027203644276596606,-0.01495971530675888
5461,58,10,1.0,0.9743948578834534,0,0,-0.25,0.0,0.0,-0.28025102615356445,-0.00031379522988572717,-0.0078654820099473
5462,58,11,1.0,0.9728449583053589,0,0,-0.25,0.0,0.0,-0.2763729393482208,0.0009576070588082075,-0.007512708194553852
5463,58,12,1.0,0.9759973883628845,0,0,-0.25,0.0,0.0,-0.278092622756958,0.002096355427056551,-0.0067371465265750885
5464,58,13,1.0,0.9794793128967285,0,0,-0.25,0.0,0.0,-0.2822277247905731,0.0038967037107795477,-0.013005946762859821
5465,58,14,1.0,0.9793132543563843,0,0,-0.25,0.0,0.0,-0.2881021201610565,0.005136184394359589,-0.016971837729215622
5466,58,15,1.0,0.9781307578086853,0,0,-0.25,0.0,0.0,-0.28903651237487793,0.0031362203881144524,-0.019575048238039017
5467,58,16,1.0,0.9914981722831726,0,0,-0.25,0.0,0.0,-0.20112113654613495,0.000538685591891408,-0.018810931593179703
5468,58,17,1.0,0.9937694668769836,0,0,0.0,0.0,0.0,-0.10550656169652939,-0.0020347426179796457,-0.01633090153336525
5469,58,18,1.0,0.992927074432373,0,0,0.0,0.0,0.0,0.001640181988477707,-4.6897970605641603e-05,-0.018341539427638054
5470,58,19,1.0,0.9929940104484558,0,0,0.0,0.0,0.0,0.005368454847484827,-3.4191529266536236e-05,-0.018968775868415833
5471,58,20,1.0,0.9957669377326965,0,0,0.0,0.0,0.0,0.006877584848552942,0.0002071706112474203,-0.012003353796899319
5472,58,21,1.0,0.9959134459495544,0,0,0.0,0.0,0.0,0.007112324703484774,9.454740211367607e-05,-0.01212791632860899
5473,58,22,1.0,1.0024300813674927,0,0,0.0,0.0,0.0,-0.0006058126455172896,-0.15540103614330292,-0.012136176228523254
5474,58,23,1.0,1.0024594068527222,0,0,0.0,0.0,0.0,-0.00060412404127419,-0.15546926856040955,-0.012085145339369774
5475,58,24,1.0,1.000388503074646,0,0,0.0,0.0,0.0,-0.0014439343940466642,-0.2416735589504242,-0.01124143972992897
5476,58,25,1.0,1.0003926753997803,0,0,0.0,-0.25,0.0,-0.0014445174019783735,-0.24168968200683594,-0.011234447360038757
5477,58,26,1.0,0.9881137013435364,0,0,0.0,-0.25,0.0,0.0011695253197103739,-0.2722819149494171,-0.008036164566874504
5478,58,27,1.0,0.9871589541435242,0,0,0.0,-0.25,0.0,0.0014506294392049313,-0.2746955454349518,-0.004979739896953106
5479,58,28,1.0,0.9872466325759888,0,0,0.0,-0.25,0.0,0.00012016459368169308,-0.2757032513618469,-0.0035774544812738895
5480,58,29,1.0,0.9893434643745422,0,0,0.0,-0.25,0.0,-0.0004492576699703932,-0.27411773800849915,-0.0032676407136023045
5481,58,30,1.0,0.9938756227493286,0,0,0.0,-0.25,0.0,-0.0004890335258096457,-0.2724098563194275,-0.006812063977122307
5482,58,31,1.0,0.9935865998268127,0,0,0.0,-0.25,0.0,0.00016523944213986397,-0.2732938230037689,-0.00799328088760376
5483,58,32,1.0,0.9939409494400024,0,0,0.0,-0.25,0.0,0.0014600290451198816,-0.27666139602661133,-0.008190598338842392
5484,58,33,1.0,0.9943498969078064,0,0,0.0,-0.25,0.0,0.0021787332370877266,-0.2781182825565338,-0.009945319965481758
5485,58,34,1.0,0.9945876002311707,0,0,0.0,-0.25,0.0,0.0007731053046882153,-0.2785003185272217,-0.00990540161728859
5486,58,35,1.0,1.0008926391601562,0,0,0.0,-0.25,0.0,-0.0019142403034493327,-0.22786332666873932,-0.013696406967937946
5487,58,36,1.0,0.9986119270324707,0,0,0.0,0.0,0.0,-0.001992306672036648,-0.09991297870874405,-0.010231460444629192
5488,58,37,1.0,1.002015233039856,0,0,0.0,0.0,0.0,-0.0007962435483932495,-0.019986441358923912,-0.016069693490862846
5489,58,38,1.0,0.9993427991867065,0,0,0.0,0.0,0.0,0.0003967820666730404,-0.008033809252083302,-0.012092122808098793
5490,58,39,1.0,1.00009024143219,0,0,0.0,0.0,0.0,0.00018789968453347683,-0.004496859386563301,-0.011620143428444862
5491,58,40,1.0,0.9982211589813232,0,0,0.0,0.0,0.0,-7.480313070118427e-05,-0.002563128713518381,-0.004492649342864752
5492,58,41,1.0,0.9983062744140625,0,0,0.0,0.0,0.0,-8.693255949765444e-05,-0.0021992549300193787,-0.00460413470864296
5493,58,42,1.0,0.9983986020088196,0,0,0.0,-0.25,0.0,0.0003860658034682274,-0.0023252954706549644,-0.002245750743895769
5494,58,43,1.0,0.9994774460792542,0,0,0.0,0.0,0.0,0.0006915356498211622,-0.006269694305956364,-0.007888942025601864
5495,58,44,1.0,1.004252552986145,0,0,0.0,0.0,0.0,0.00045218179002404213,-0.00258120009675622,-0.029800118878483772
5496,58,45,1.0,1.0041968822479248,0,0,0.0,0.0,0.0,0.0006455047987401485,-0.002152091357856989,-0.03693629056215286
5497,58,46,1.0,1.0050544738769531,0,0,0.0,0.0,0.0,0.0004345641937106848,-0.0008178232237696648,-0.007169501855969429
5498,58,47,1.0,1.0050647258758545,0,0,0.0,0.0,0.0,0.00042617390863597393,-0.0007689290214329958,-0.007931947708129883
5499,58,48,1.0,1.0057333707809448,0,0,0.0,0.0,0.0,0.0007188075687736273,0.0002886644215323031,-0.08628778904676437
5500,58,49,1.0,1.005730390548706,0,0,0.0,0.0,0.0,0.0007161998655647039,0.000296231999527663,-0.08644687384366989
5501,58,50,1.0,1.0061136484146118,0,0,0.0,0.0,0.0,0.0007620186079293489,0.0003158785402774811,-0.12531030178070068
5502,58,51,1.0,1.0061131715774536,0,0,0.0,0.0,-0.5,0.0007613736670464277,0.0003173801233060658,-0.12537725269794464
5503,58,52,1.0,1.0013291835784912,0,0,0.0,0.0,-0.5,-0.0013147182762622833,-0.00019451597472652793,-0.5448272228240967
5504,58,53,1.0,0.9979777336120605,0,0,0.0,0.0,-0.5,-0.001039810013025999,-0.00018665241077542305,-0.5377902984619141
5505,58,54,1.0,1.0005052089691162,0,0,0.0,0.0,-0.5,-0.0010021141497418284,-0.0005694014253094792,-0.5297867059707642
5506,58,55,1.0,0.9987056255340576,0,0,0.0,0.0,-0.5,-0.0012122347252443433,-0.0013922203797847033,-0.5231488943099976
5507,58,56,1.0,0.9990825057029724,0,0,0.0,0.0,-0.5,-0.0011761076748371124,-0.0006015666876919568,-0.5280660390853882
5508,58,57,1.0,0.9996953010559082,0,0,0.0,0.0,-0.5,-0.0007980525260791183,-0.0007517880876548588,-0.5267093181610107
5509,58,58,1.0,1.0010637044906616,0,0,0.0,0.0,-0.5,-0.0008827454876154661,-0.0011837744386866689,-0.5338221788406372
5510,58,59,1.0,1.0047513246536255,0,0,0.0,0.0,-0.5,-0.0005035543581470847,-0.00042086452594958246,-0.5392252206802368
5511,58,60,1.0,1.0097154378890991,0,0,0.0,0.0,-0.5,-0.000556472223252058,0.0008755967719480395,-0.5525951385498047
5512,58,61,1.0,1.0078649520874023,0,0,0.0,0.0,-0.5,-0.0004287336487323046,0.0009657347109168768,-0.5261577367782593
5513,58,62,1.0,1.0094643831253052,0,0,0.0,0.0,-0.5,0.0006777441594749689,0.0011116828536614776,-0.2838047742843628
5514,58,63,1.0,1.0088084936141968,0,0,0.0,0.0,0.0,0.0005199126899242401,0.0010505991522222757,-0.24661417305469513
5515,58,64,1.0,1.0954457521438599,0,0,0.0,0.0,0.0,0.001922651194036007,-0.0005349294515326619,0.03408452868461609
5516,58,65,1.0,1.097682237625122,0,0,0.0,0.0,0.0,0.0019050142727792263,-0.0004986126441508532,0.03521977737545967
5517,58,66,1.0,1.6503899097442627,0,1,0.0,0.0,0.0,0.0016063540242612362,0.00036272755824029446,0.020567435771226883
5518,58,67,1.0,1.6523544788360596,0,1,0.0,0.0,0.0,0.001587885431945324,0.0003639751812443137,0.020549790933728218
5519,58,68,2.0,2.001408815383911,1,1,0.0,0.0,0.0,-0.00026763835921883583,7.24053243175149e-05,0.006056829355657101
5520,58,69,2.0,2.038874864578247,1,1,0.0,0.0,0.0,0.0007653939537703991,-0.0001099813380278647,0.0012839939445257187
5521,58,70,2.0,2.039139986038208,1,1,0.0,0.0,0.0,0.0010032400023192167,-0.00042835375643335283,9.219162166118622e-06
5522,58,71,2.0,2.0390114784240723,1,1,0.0,0.0,0.0,0.0011035928037017584,9.167497046291828e-05,0.0036492077633738518
5523,58,72,2.0,2.0384247303009033,1,1,0.0,0.0,0.0,0.0005293814465403557,-0.00019379932200536132,0.0054948590695858
5524,58,73,2.0,2.038487434387207,1,1,0.0,0.0,0.0,0.0005713908467441797,-0.00015190421254374087,0.005382178351283073
5525,58,74,2.0,2.0391528606414795,1,1,0.0,0.0,0.0,0.000484830467030406,-0.000401296594645828,0.004934077151119709
5526,58,75,2.0,2.0385398864746094,1,1,0.0,0.0,0.0,0.0005102148279547691,-0.0007772456156089902,0.004988495260477066
5527,58,76,1.0,2.0172040462493896,0,1,0.0,0.0,0.0,0.00021817372180521488,-0.0018687993288040161,-0.00521055655553937
5528,58,77,1.0,1.913231372833252,0,1,0.0,0.0,0.0,0.001442542066797614,-0.0031818244606256485,-0.011021198704838753
5529,58,78,1.0,0.9875361919403076,0,0,0.0,0.0,0.0,-8.660496678203344e-05,-4.536542110145092e-05,0.49455705285072327
5530,58,79,1.0,0.9903132915496826,0,0,0.0,0.0,0.0,-1.5581492334604263e-05,6.502633914351463e-05,0.5079509019851685
5531,58,80,1.0,0.9922563433647156,0,0,0.0,0.0,0.0,9.418372064828873e-05,-0.00010827003279700875,0.511243462562561
5532,58,81,1.0,0.9916681051254272,0,0,0.0,0.0,0.0,0.0003331978805363178,-4.463770892471075e-05,0.5092350244522095
5533,58,82,1.0,0.9931760430335999,0,0,0.0,0.0,0.0,-5.915283691138029e-05,0.00028437928995117545,0.5175756216049194
5534,58,83,1.0,0.993205189704895,0,0,0.0,0.0,0.5,-6.20456412434578e-05,0.000284619745798409,0.51756751537323
5535,58,84,1.0,0.9984453320503235,0,0,0.0,0.0,0.5,6.828783079981804e-05,-3.493711119517684e-05,0.5182572603225708
5536,58,85,1.0,0.999175488948822,0,0,0.0,0.0,0.5,0.00027668243274092674,-0.00039617015863768756,0.5167516469955444
5537,58,86,1.0,0.9995669722557068,0,0,0.0,0.0,0.5,0.0003662153612822294,0.0002549234195612371,0.5188829898834229
5538,58,87,1.0,0.9983365535736084,0,0,0.0,0.0,0.5,0.0001648648176342249,0.00021652644500136375,0.5169421434402466
5539,58,88,1.0,0.9976598620414734,0,0,0.0,0.0,0.5,0.0003049420192837715,7.359165465459228e-05,0.5179170370101929
5540,58,89,1.0,0.9985321760177612,0,0,0.0,0.0,0.5,0.0001753680408000946,-0.00019957107724621892,0.51683509349823
5541,58,90,1.0,0.9972644448280334,0,0,0.0,0.0,0.5,0.00013158749788999557,0.00011472869664430618,0.5189234018325806
5542,58,91,1.0,0.9971438050270081,0,0,0.0,0.0,0.5,-6.585277151316404e-05,0.00013372651301324368,0.5194202661514282
5543,58,92,1.0,0.9986624121665955,0,0,0.0,0.0,0.5,0.00017820927314460278,3.3433898352086544e-06,0.5161968469619751
5544,59,0,1.0,0.9950827360153198,0,0,0.0,0.0,0.0,-0.006025388836860657,-0.003190332092344761,0.007532328367233276
5545,59,1,1.0,0.9958500862121582,0,0,0.0,0.0,0.0,-0.006645732093602419,-0.0029015846084803343,0.004576866514980793
5546,59,2,1.0,0.9960650205612183,0,0,0.0,0.0,0.0,-0.00920835230499506,-0.0016860479954630136,-0.0007608961313962936
5547,59,3,1.0,0.9957764148712158,0,0,0.0,0.0,0.0,-0.009173199534416199,-0.0016628947341814637,5.8717094361782074e-05
5548,59,4,1.0,0.9951233267784119,0,0,0.0,0.0,0.0,-0.008701435290277004,-0.0011683101765811443,0.0006430437788367271
5549,59,5,1.0,0.9951052665710449,0,0,0.0,0.0,0.0,-0.008654730394482613,-0.0011234442936256528,0.0008849287405610085
5550,59,6,1.0,0.9909818768501282,0,0,0.0,0.0,0.0,0.16397397220134735,-0.00019539202912710607,-0.006005378905683756
5551,59,7,1.0,0.9909713864326477,0,0,0.0,0.0,0.0,0.16410908102989197,-0.0001969868317246437,-0.005945578217506409
5552,59,8,1.0,0.9872035384178162,0,0,0.0,0.0,0.0,0.25718599557876587,0.00011590903159230947,-0.007279600948095322
5553,59,9,1.0,0.9871978759765625,0,0,0.0,0.0,0.0,0.2571910321712494,0.0001150486059486866,-0.0072726416401565075
5554,59,10,1.0,0.9880071878433228,0,0,0.25,0.0,0.0,0.27571097016334534,-0.0015719477087259293,-0.008120317943394184
5555,59,11,1.0,0.9955024123191833,0,0,0.25,0.0,0.0,0.27189120650291443,-0.0002318061888217926,-0.008966755121946335
5556,59,12,1.0,1.00789475440979,0,0,0.25,0.0,0.0,0.2678717374801636,-0.0022603438701480627,-0.008085248991847038
5557,59,13,1.0,1.0289114713668823,0,0,0.25,0.0,0.0,0.2662443220615387,-0.0026560358237475157,-0.013714475557208061
5558,59,14,1.0,1.0312172174453735,0,0,0.25,0.0,0.0,0.26731371879577637,-0.0026324063073843718,-0.013369075953960419
5559,59,15,1.0,0.9947264194488525,0,0,0.25,0.0,0.0,0.27210259437561035,-0.0009976265719160438,-0.017008919268846512
5560,59,16,1.0,0.9858585000038147,0,0,0.0,0.0,0.0,0.2212897688150406,-0.0006440910510718822,-0.020314108580350876
5561,59,17,1.0,0.996857225894928,0,0,0.0,0.0,0.0,0.018968302756547928,0.0020550445187836885,-0.008793430402874947
5562,59,18,1.0,1.0024700164794922,0,0,0.0,0.0,0.0,-0.002771629486232996,0.0017063068225979805,-0.0007367776706814766
5563,59,19,1.0,1.0008234977722168,0,0,0.0,0.0,0.0,-0.007526010740548372,-0.0004014395526610315,-0.002001614309847355
5564,59,20,1.0,0.9933788776397705,0,0,0.0,0.0,0.0,0.0028560198843479156,0.19951952993869781,-0.0061247581616044044
5565,59,21,1.0,0.9935064911842346,0,0,0.0,0.0,0.0,0.002783131320029497,0.20751191675662994,-0.0060743242502212524
5566,59,22,1.0,0.9935474991798401,0,0,0.0,0.0,0.0,0.0010154389310628176,0.2603788375854492,-0.0025271927006542683
5567,59,23,1.0,0.9934820532798767,0,0,0.0,0.0,0.0,0.0009901486337184906,0.2605941593647003,-0.0025526457466185093
5568,59,24,1.0,0.9906536340713501,0,0,0.0,0.25,0.0,0.0009581975173205137,0.26997110247612,-0.0034162113443017006
5569,59,25,1.0,0.9859746694564819,0,0,0.0,0.25,0.0,0.000823689391836524,0.26905909180641174,-0.004805033560842276
5570,59,26,1.0,0.9876012802124023,0,0,0.0,0.25,0.0,0.0006452801171690226,0.2700418531894684,-0.0044646174646914005
5571,59,27,1.0,0.990024983882904,0,0,0.0,0.25,0.0,7.834983989596367e-05,0.26706284284591675,-0.0037230844609439373
5572,59,28,1.0,0.99046790599823,0,0,0.0,0.25,0.0,0.00048236572183668613,0.26620638370513916,-0.0017822189256548882
5573,59,29,1.0,0.9917051196098328,0,0,0.0,0.25,0.0,0.000721832038834691,0.2678869068622589,-0.0024302410893142223
5574,59,30,1.0,0.9924250245094299,0,0,0.0,0.25,0.0,0.0020136781968176365,0.27374202013015747,-0.004563783295452595
5575,59,31,1.0,0.996614933013916,0,0,0.0,0.25,0.0,0.0013192188926041126,0.2756583094596863,-0.004090041853487492
5576,59,32,1.0,0.9907677173614502,0,0,0.0,0.25,0.0,0.00044558034278452396,0.27529552578926086,-0.004056205973029137
5577,59,33,1.0,0.9916355609893799,0,0,0.0,0.25,0.0,0.0006014506798237562,0.21339453756809235,-0.004237759858369827
5578,59,34,1.0,0.9967669248580933,0,0,0.0,0.0,0.0,0.00021826964803040028,0.12513130903244019,-0.007637834642082453
5579,59,35,1.0,1.0023306608200073,0,0,0.0,0.0,0.0,-4.442036151885986e-05,0.023687347769737244,-0.01588733121752739
5580,59,36,1.0,1.0008022785186768,0,0,0.0,0.0,0.0,-0.0005425914423540235,0.001699050422757864,-0.008245403878390789
5581,59,37,1.0,1.0008119344711304,0,0,0.0,0.0,0.0,-0.0006507625803351402,-0.0014327261596918106,-0.006346265785396099
5582,59,38,1.0,1.0019091367721558,0,0,0.0,0.0,0.0,-0.000526237883605063,-0.0013914431910961866,-0.0012648319825530052
5583,59,39,1.0,1.001861810684204,0,0,0.0,0.0,0.0,-0.0005230021197348833,-0.0017055541975423694,-0.0010252357460558414
5584,59,40,1.0,1.0014925003051758,0,0,0.0,0.0,0.0,-0.0005666828947141767,-0.0017169128404930234,0.00626002624630928
5585,59,41,1.0,1.0014806985855103,0,0,0.0,0.25,0.0,-0.0005627342034131289,-0.0017645114567130804,0.006303256377577782
5586,59,42,1.0,1.0045208930969238,0,0,0.0,0.0,0.0,5.990755744278431e-05,0.0004924965323880315,-0.010203998535871506
5587,59,43,1.0,1.0055607557296753,0,0,0.0,0.0,0.0,0.00015556439757347107,-0.0010136825731024146,-0.011483062990009785
5588,59,44,1.0,1.0047824382781982,0,0,0.0,0.0,0.0,0.0002466188743710518,-0.0007858672179281712,-0.0010931827127933502
5589,59,45,1.0,1.0045397281646729,0,0,0.0,0.0,0.0,0.00026021036319434643,-0.0006540589383803308,-0.006450000684708357
5590,59,46,1.0,1.0055606365203857,0,0,0.0,0.0,0.0,0.00033470126800239086,0.0006951465038582683,-0.1319141983985901
5591,59,47,1.0,1.0055572986602783,0,0,0.0,0.0,0.0,0.0003296714276075363,0.000678467913530767,-0.13225676119327545
5592,59,48,1.0,1.006516456604004,0,0,0.0,0.0,0.0,0.0004277171101421118,0.0007244480075314641,-0.15208280086517334
5593,59,49,1.0,1.0065133571624756,0,0,0.0,0.0,0.0,0.00042847893200814724,0.0007202208507806063,-0.15208379924297333
5594,59,50,1.0,1.0072617530822754,0,0,0.0,0.0,-0.5,0.000509914942085743,7.522286614403129e-05,-0.20918765664100647
5595,59,51,1.0,0.9983478784561157,0,0,0.0,0.0,-0.5,-0.0012101882603019476,-6.711774040013552e-05,-0.5437958240509033
5596,59,52,1.0,0.9981272220611572,0,0,0.0,0.0,-0.5,-0.000562438159249723,-0.00042873522033914924,-0.5372099876403809
5597,59,53,1.0,0.9967151880264282,0,0,0.0,0.0,-0.5,-0.0005846981657668948,-0.0009483227040618658,-0.5292705297470093
5598,59,54,1.0,0.9975977540016174,0,0,0.0,0.0,-0.5,-0.00041995092760771513,-0.0005336573231033981,-0.5149050951004028
5599,59,55,1.0,0.9970547556877136,0,0,0.0,0.0,-0.5,-0.00038436579052358866,-0.0003682995156850666,-0.5174384117126465
5600,59,56,1.0,0.996039867401123,0,0,0.0,0.0,-0.5,-0.0005148903001099825,-0.0013148555299267173,-0.5232774019241333
5601,59,57,1.0,0.999847948551178,0,0,0.0,0.0,-0.5,-0.0009665791876614094,-0.0014559989795088768,-0.5337989330291748
5602,59,58,1.0,1.0099294185638428,0,0,0.0,0.0,-0.5,-0.00020381493959575891,-0.00023965869331732392,-0.5424405336380005
5603,59,59,1.0,1.015307068824768,0,0,0.0,0.0,-0.5,-0.00011978682596236467,-0.00019822161993943155,-0.5479594469070435
5604,59,60,1.0,1.008026361465454,0,0,0.0,0.0,0.0,0.0008898272644728422,0.0016765266191214323,-0.3271201550960541
5605,59,61,1.0,1.007658839225769,0,0,0.0,0.0,0.0,0.0005654341075569391,0.002025322988629341,-0.2600412964820862
5606,59,62,1.0,1.0811316967010498,0,0,0.0,0.0,0.0,0.0016781662125140429,-0.0004210516926832497,0.03282766416668892
5607,59,63,1.0,1.0832901000976562,0,0,0.0,0.0,0.0,0.0016159596852958202,-0.0004788612714037299,0.03426003456115723
5608,59,64,1.0,1.8259782791137695,0,1,0.0,0.0,0.0,0.00028997124172747135,2.8345268219709396e-05,0.00956982932984829
5609,59,65,1.0,1.8270783424377441,0,1,0.0,0.0,0.0,0.0002819004002958536,2.5802291929721832e-05,0.009524434804916382
5610,59,66,2.0,2.0420455932617188,1,1,0.0,0.0,0.0,-0.0003330538747832179,-0.0003662166418507695,9.0024434030056e-05
5611,59,67,2.0,2.0393424034118652,1,1,0.0,0.0,0.0,0.0006366490852087736,-0.0004491408762987703,0.001680050976574421
5612,59,68,2.0,2.0380241870880127,1,1,0.0,0.0,0.0,0.0004647565074265003,0.0005044565768912435,0.0026320526376366615
5613,59,69,2.0,2.0378050804138184,1,1,0.0,0.0,0.0,0.0004916449543088675,-1.4843884855508804e-05,0.003115728497505188
5614,59,70,2.0,2.0403096675872803,1,1,0.0,0.0,0.0,0.00031137745827436447,-0.00021213036961853504,0.0049600182101130486
5615,59,71,2.0,2.0401103496551514,1,1,0.0,0.0,0.0,0.0004066533874720335,-0.0003198300546500832,0.004352071322500706
5616,59,72,2.0,1.0173847675323486,1,0,0.0,0.0,0.0,0.002272514160722494,-0.0017850574804469943,0.29561302065849304
5617,59,73,2.0,1.0206458568572998,1,0,0.0,0.0,0.0,0.0023320000618696213,-0.0018483235035091639,0.2890847623348236
5618,59,74,1.0,0.9844055771827698,0,0,0.0,0.0,0.0,0.0014831256121397018,-0.0011051056208088994,0.40327680110931396
5619,59,75,1.0,0.9842689037322998,0,0,0.0,0.0,0.0,0.0014790133573114872,-0.0011142552830278873,0.4040638506412506
5620,59,76,1.0,0.9813627004623413,0,0,0.0,0.0,0.0,0.0009835471864789724,-0.0011019331868737936,0.4422900974750519
5621,59,77,1.0,0.9813398718833923,0,0,0.0,0.0,0.0,0.0009840079583227634,-0.0010993502801284194,0.44333910942077637
5622,59,78,1.0,1.0228946208953857,0,0,0.0,0.0,0.0,0.0015229412820190191,-0.0010381168685853481,0.31012389063835144
5623,59,79,1.0,1.028300404548645,0,0,0.0,0.0,0.0,0.0015054713003337383,-0.0011456059291958809,0.3007901608943939
5624,59,80,1.0,0.9803335666656494,0,0,0.0,0.0,0.0,0.0012695877812802792,-0.0009038880234584212,0.4534890353679657
5625,59,81,1.0,0.9801087975502014,0,0,0.0,0.0,0.5,0.0012927211355417967,-0.0009396864334121346,0.4445609152317047
5626,59,82,1.0,0.9888017773628235,0,0,0.0,0.0,0.5,0.0003610576968640089,-0.000931346439756453,0.5125745534896851
5627,59,83,1.0,1.0008752346038818,0,0,0.0,0.0,0.5,0.0006003307644277811,-3.1862989999353886e-05,0.5176048278808594
5628,59,84,1.0,1.0003013610839844,0,0,0.0,0.0,0.5,0.00028323358856141567,0.00012851168867200613,0.5159307718276978
5629,59,85,1.0,0.9993692636489868,0,0,0.0,0.0,0.5,0.00032627349719405174,0.0002895219367928803,0.5168466567993164
5630,59,86,1.0,1.0008429288864136,0,0,0.0,0.0,0.5,0.0005813438910990953,5.553389200940728e-05,0.5188218355178833
5631,59,87,1.0,0.9985381364822388,0,0,0.0,0.0,0.5,0.0006540566682815552,5.2164774388074875e-05,0.5184012651443481
5632,59,88,1.0,0.9987753033638,0,0,0.0,0.0,0.5,0.00038484763354063034,-3.6378041841089725e-06,0.5220919847488403
5633,59,89,1.0,1.000606656074524,0,0,0.0,0.0,0.5,0.00023883720859885216,8.200859883800149e-05,0.5215106010437012
5634,59,90,1.0,1.0001864433288574,0,0,0.0,0.0,0.5,0.0003654635511338711,0.0003277129144407809,0.5212123394012451
