dataset_index,episode_index,frame_index,target_gripper,predicted_gripper,target_is_close,predicted_is_close,target_delta_x,target_delta_y,target_delta_z,predicted_delta_x,predicted_delta_y,predicted_delta_z
0,0,0,1.0,0.9806137084960938,0,0,0.0,0.0,0.0,-0.1255955696105957,-0.01927041821181774,0.011208313517272472
1,0,1,1.0,0.9755973815917969,0,0,0.0,0.0,0.0,-0.14134082198143005,-0.01504688709974289,0.00012905709445476532
2,0,2,1.0,0.9737639427185059,0,0,0.0,0.0,0.0,-0.15356287360191345,-0.0130854407325387,-0.0014386475086212158
3,0,3,1.0,0.9742203950881958,0,0,0.0,0.0,0.0,-0.1512025147676468,-0.013899719342589378,0.001187358982861042
4,0,4,1.0,0.975434422492981,0,0,0.0,0.0,0.0,-0.16797028481960297,-0.00619641225785017,-0.0019396250136196613
5,0,5,1.0,0.9755090475082397,0,0,0.0,0.0,0.0,-0.1675199568271637,-0.006351938005536795,-0.0012160949409008026
6,0,6,1.0,0.975698709487915,0,0,0.0,0.0,0.0,-0.18986769020557404,0.002238030079752207,-0.005638474598526955
7,0,7,1.0,0.9757040739059448,0,0,0.0,0.0,0.0,-0.18978624045848846,0.002217012457549572,-0.005469888914376497
8,0,8,1.0,0.9746568202972412,0,0,0.0,0.0,0.0,-0.18692003190517426,0.0008038401138037443,-0.005438639782369137
9,0,9,1.0,0.9746615886688232,0,0,0.0,0.0,0.0,-0.1869029998779297,0.0007987963035702705,-0.005395849701017141
10,0,10,1.0,0.9760777950286865,0,0,0.0,0.0,0.0,-0.1847485452890396,-0.0008071761694736779,-0.002824874594807625
11,0,11,1.0,0.9760789275169373,0,0,0.0,0.0,0.0,-0.18474484980106354,-0.0008084060391411185,-0.002814243547618389
12,0,12,1.0,0.9754158854484558,0,0,0.0,0.0,0.0,-0.18440879881381989,-0.0006373018259182572,-0.0037213019095361233
13,0,13,1.0,0.9754161834716797,0,0,0.0,0.0,0.0,-0.18440797924995422,-0.0006375577067956328,-0.003718588501214981
14,0,14,1.0,0.9754163026809692,0,0,0.0,0.0,0.0,-0.1844075471162796,-0.0006376670207828283,-0.0037171891890466213
15,0,15,1.0,0.9754164218902588,0,0,0.0,0.0,0.0,-0.1844073385000229,-0.0006377341342158616,-0.0037164604291319847
16,0,16,1.0,0.9754165410995483,0,0,0.0,0.0,0.0,-0.18440723419189453,-0.0006377986865118146,-0.0037160757929086685
17,0,17,1.0,0.9754165410995483,0,0,0.0,0.0,0.0,-0.18440717458724976,-0.0006378210964612663,-0.003715919330716133
18,0,18,1.0,0.9754164814949036,0,0,0.0,0.0,0.0,-0.18440712988376617,-0.0006378260441124439,-0.0037157945334911346
19,0,19,1.0,0.9754164814949036,0,0,0.0,0.0,0.0,-0.18440711498260498,-0.000637818593531847,-0.003715706057846546
20,0,20,1.0,0.9754166007041931,0,0,0.0,0.0,0.0,-0.18440712988376617,-0.000637818593531847,-0.003715724218636751
21,0,21,1.0,0.9754165410995483,0,0,0.0,0.0,0.0,-0.1844070851802826,-0.0006378385005518794,-0.0037157158367335796
22,0,22,1.0,0.9754166007041931,0,0,0.0,0.0,0.0,-0.18440712988376617,-0.0006378285470418632,-0.0037156902253627777
23,0,23,1.0,0.9754166007041931,0,0,0.0,0.0,0.0,-0.18440712988376617,-0.0006378210964612663,-0.003715731203556061
24,0,24,1.0,0.9754165410995483,0,0,0.0,0.0,0.0,-0.18440714478492737,-0.0006378409452736378,-0.003715761937201023
25,0,25,1.0,0.9754164814949036,0,0,0.0,0.0,0.0,-0.18440712988376617,-0.0006378111429512501,-0.003715729806572199
26,0,26,1.0,0.9754165410995483,0,0,0.0,0.0,0.0,-0.18440717458724976,-0.0006378334946930408,-0.00371573306620121
27,0,27,1.0,0.9754164814949036,0,0,-0.25,0.0,0.0,-0.18440711498260498,-0.0006378135876730084,-0.0037157414481043816
28,0,28,1.0,1.0026984214782715,0,0,-0.25,0.0,0.0,-0.2661479413509369,0.0248585008084774,-0.013216622173786163
29,0,29,1.0,1.00685715675354,0,0,-0.25,0.0,0.0,-0.27798062562942505,0.025063125416636467,-0.011451206170022488
30,0,30,1.0,1.0163302421569824,0,0,-0.25,0.0,0.0,-0.27833092212677,0.026538502424955368,-0.012665986083447933
31,0,31,1.0,1.012696623802185,0,0,-0.25,0.0,0.0,-0.2862972617149353,0.022530226036906242,-0.015914365649223328
32,0,32,1.0,1.0031418800354004,0,0,-0.25,0.0,0.0,-0.2874518930912018,0.02564784698188305,-0.010118275880813599
33,0,33,1.0,1.0089466571807861,0,0,-0.25,0.0,0.0,-0.2891378104686737,0.025304902344942093,-0.01301136426627636
34,0,34,1.0,1.0289547443389893,0,0,-0.25,0.0,0.0,-0.29000815749168396,0.020174019038677216,-0.020752616226673126
35,0,35,1.0,1.0017529726028442,0,0,-0.25,0.0,0.0,-0.28886285424232483,0.0049602314829826355,-0.013423416763544083
36,0,36,1.0,1.005789041519165,0,0,-0.25,0.0,0.0,-0.25905874371528625,-0.03696933388710022,-0.02233772538602352
37,0,37,1.0,0.9968564510345459,0,0,-0.25,0.0,0.0,-0.24118509888648987,-0.06322447210550308,-0.017772918567061424
38,0,38,1.0,0.9841763973236084,0,0,0.0,0.0,0.0,-0.1459111124277115,-0.18840140104293823,-0.017850421369075775
39,0,39,1.0,0.9866251945495605,0,0,0.0,0.0,0.0,-0.06553414463996887,-0.24920907616615295,-0.011223177425563335
40,0,40,1.0,0.9778422713279724,0,0,0.0,0.0,0.0,-0.017445866018533707,-0.27549615502357483,-0.003369402140378952
41,0,41,1.0,0.9791600704193115,0,0,0.0,0.0,0.0,-0.002262967173010111,-0.27733299136161804,-0.0034019784070551395
42,0,42,1.0,0.9798778295516968,0,0,0.0,0.0,0.0,0.001214630901813507,-0.27587890625,-0.005994100123643875
43,0,43,1.0,0.9798322916030884,0,0,0.0,-0.25,0.0,0.0033032260835170746,-0.27600064873695374,-0.005786365829408169
44,0,44,1.0,0.9890699982643127,0,0,0.0,-0.25,0.0,-0.0033017215318977833,-0.2811175286769867,-0.002903569955378771
45,0,45,1.0,0.9862059354782104,0,0,0.0,-0.25,0.0,-0.0028072670102119446,-0.2788364291191101,0.0012997938320040703
46,0,46,1.0,0.9862209558486938,0,0,0.0,-0.25,0.0,-0.010313328355550766,-0.27089157700538635,-0.0033919508568942547
47,0,47,1.0,0.9905611276626587,0,0,0.0,-0.25,0.0,0.0009143820498138666,-0.2768923044204712,0.0037194471806287766
48,0,48,1.0,0.9922648072242737,0,0,0.0,-0.25,0.0,-0.004569634795188904,-0.28388962149620056,0.010325941257178783
49,0,49,1.0,0.9915716052055359,0,0,0.0,-0.25,0.0,0.0017709059175103903,-0.2820071578025818,0.015038504265248775
50,0,50,1.0,0.9899585843086243,0,0,0.0,-0.25,0.0,-0.001460359082557261,-0.27309325337409973,0.016490347683429718
51,0,51,1.0,0.9842844009399414,0,0,0.0,-0.25,0.0,-0.0035175643861293793,-0.2470184713602066,0.011530905030667782
52,0,52,1.0,0.9910365343093872,0,0,0.0,-0.25,0.0,-0.0034053432755172253,-0.15644396841526031,-0.003846533130854368
53,0,53,1.0,0.9915759563446045,0,0,0.0,0.0,0.0,-0.00400148332118988,-0.051050931215286255,-0.01001079473644495
54,0,54,1.0,0.9856424927711487,0,0,0.0,0.0,0.0,-0.004766681231558323,-0.026363002136349678,-0.006025888491421938
55,0,55,1.0,0.9839049577713013,0,0,0.0,0.0,0.0,-0.004657678306102753,-0.01824510470032692,-0.007886103354394436
56,0,56,1.0,0.9854514598846436,0,0,0.0,0.0,0.0,-0.004571262747049332,-0.014604887925088406,-0.008322778157889843
57,0,57,1.0,0.9853522181510925,0,0,0.0,0.0,0.0,-0.00471486896276474,-0.013708577491343021,-0.008413012139499187
58,0,58,1.0,0.9871463775634766,0,0,0.0,0.0,0.0,-0.003867151215672493,-0.010974958539009094,-0.00915063451975584
59,0,59,1.0,0.9871496558189392,0,0,0.0,-0.25,0.0,-0.003902426455169916,-0.010817530564963818,-0.009191236458718777
60,0,60,1.0,0.9917231798171997,0,0,0.0,0.0,0.0,-0.003415012964978814,-0.01577795296907425,-0.007847399450838566
61,0,61,1.0,0.9923890233039856,0,0,0.0,0.0,0.0,-0.004502932541072369,-0.01083273533731699,-0.008194167166948318
62,0,62,1.0,0.9915255904197693,0,0,0.0,0.0,0.0,-0.005514656193554401,-0.004492297302931547,-0.011741682887077332
63,0,63,1.0,0.9911677837371826,0,0,0.0,0.0,0.0,-0.0058491709642112255,-0.0036844508722424507,-0.012862572446465492
64,0,64,1.0,0.9921455383300781,0,0,0.0,0.0,0.0,-0.006945886183530092,-0.0032661007717251778,-0.013625506311655045
65,0,65,1.0,0.9920753240585327,0,0,0.0,-0.25,0.0,-0.006994918920099735,-0.0030898856930434704,-0.013628663495182991
66,0,66,1.0,0.9973047971725464,0,0,0.0,0.0,0.0,-0.008959291502833366,-0.0062577142380177975,-0.003788513131439686
67,0,67,1.0,0.9951616525650024,0,0,0.0,0.0,0.0,-0.010619144886732101,-0.004529360216110945,0.002516860142350197
68,0,68,1.0,0.9912237524986267,0,0,0.0,0.0,0.0,-0.011144224554300308,-0.003867965890094638,0.008020640350878239
69,0,69,1.0,0.9902417659759521,0,0,0.0,0.0,0.0,-0.011259013786911964,-0.003181665437296033,0.00753785390406847
70,0,70,1.0,0.9859254956245422,0,0,0.0,0.0,0.0,-0.011452695354819298,-0.002413511276245117,0.006104115396738052
71,0,71,1.0,0.985845685005188,0,0,0.0,0.0,0.0,-0.011502886191010475,-0.0022948775440454483,0.00600004568696022
72,0,72,1.0,0.9831658005714417,0,0,-0.25,0.0,0.0,-0.010966407135128975,-0.002715699840337038,0.010315223596990108
73,0,73,1.0,0.9858165383338928,0,0,-0.25,0.0,0.0,-0.013607975095510483,-0.0012413359945639968,0.011711030267179012
74,0,74,1.0,0.986199140548706,0,0,0.0,0.0,0.0,-0.011418500915169716,-0.00329549890011549,0.0013375096023082733
75,0,75,1.0,0.9915945529937744,0,0,0.0,0.0,0.0,-0.006997174117714167,-0.001815816736780107,0.011898198164999485
76,0,76,1.0,0.986374020576477,0,0,0.0,0.0,0.0,-0.003935803193598986,-0.00022926912060938776,0.0042698923498392105
77,0,77,1.0,0.9867501258850098,0,0,0.0,0.0,0.0,-0.0035500749945640564,2.4994573323056102e-05,0.003618808463215828
78,0,78,1.0,0.9854415655136108,0,0,0.0,0.0,0.0,-0.002906029112637043,0.0009202837245538831,0.0002135932445526123
79,0,79,1.0,0.9854593276977539,0,0,0.0,0.0,0.0,-0.002825401024892926,0.0009651959408074617,2.5785528123378754e-05
80,0,80,1.0,0.9861104488372803,0,0,-0.25,0.0,0.0,-0.002444590674713254,0.0010795213747769594,0.006385212764143944
81,0,81,1.0,0.9851372241973877,0,0,0.0,0.0,0.0,-0.00452531548216939,-0.00045021265395917,0.0107908109202981
82,0,82,1.0,0.9804527759552002,0,0,0.0,0.0,0.0,-0.0031620014924556017,-0.0021022739820182323,-0.001720065250992775
83,0,83,1.0,0.9814499616622925,0,0,0.0,0.0,0.0,-0.0015118211740627885,-0.0005256895674392581,0.005286875180900097
84,0,84,1.0,0.9794058799743652,0,0,0.0,0.0,0.0,-0.0006498170550912619,0.0005616579437628388,-0.05311402678489685
85,0,85,1.0,0.9792664647102356,0,0,0.0,0.0,0.0,-0.0004156209179200232,0.0007638921961188316,-0.05437719449400902
86,0,86,1.0,0.976790189743042,0,0,0.0,0.0,0.0,0.0005456262733787298,0.0007243331056088209,-0.19223356246948242
87,0,87,1.0,0.976771354675293,0,0,0.0,0.0,0.0,0.000571568263694644,0.0007407391676679254,-0.1924312859773636
88,0,88,1.0,0.976609468460083,0,0,0.0,0.0,-0.5,0.001380369532853365,0.00026772957062348723,-0.27438390254974365
89,0,89,1.0,1.0003124475479126,0,0,0.0,0.0,-0.5,-0.0010188259184360504,-0.0005417322390712798,-0.5335853099822998
90,0,90,1.0,1.0073089599609375,0,0,0.0,0.0,-0.5,-0.00205075740814209,-0.00036014686338603497,-0.5549216270446777
91,0,91,1.0,1.0041537284851074,0,0,0.0,0.0,-0.5,-0.001365957548841834,-0.00048187433276325464,-0.5650963187217712
92,0,92,1.0,1.0013554096221924,0,0,0.0,0.0,-0.5,-0.0006909125368110836,-0.0023229813668876886,-0.5690376162528992
93,0,93,1.0,0.990730345249176,0,0,0.0,0.0,-0.5,-0.0004486953839659691,-0.0028106688987463713,-0.5765446424484253
94,0,94,1.0,0.9849011898040771,0,0,0.0,0.0,-0.5,0.0026326202787458897,-0.0030588656663894653,-0.57615727186203
95,0,95,1.0,0.9734785556793213,0,0,0.0,0.0,-0.5,0.003485587425529957,-0.0021507362835109234,-0.5763453841209412
96,0,96,1.0,0.9593032002449036,0,0,0.0,0.0,-0.5,-0.0011129064951092005,-0.0017568240873515606,-0.5569188594818115
97,0,97,1.0,0.9501543045043945,0,0,0.0,0.0,-0.5,0.0013122023083269596,0.0006100278696976602,-0.5185909867286682
98,0,98,1.0,1.4506875276565552,0,0,0.0,0.0,-0.5,-0.0011293533025309443,-0.0027135314885526896,-0.10800822079181671
99,0,99,1.0,1.5422272682189941,0,1,0.0,0.0,-0.5,-0.0012379386462271214,-0.004146778956055641,-0.07412989437580109
100,0,100,1.0,1.9045774936676025,0,1,0.0,0.0,0.0,-0.0018280232325196266,-0.0038393770810216665,0.014592264778912067
101,0,101,1.0,1.9140264987945557,0,1,0.0,0.0,0.0,-0.002164022531360388,-0.003935082815587521,0.0158233679831028
102,0,102,1.0,2.0391857624053955,0,1,0.0,0.0,0.0,-0.0027122991159558296,-0.003070880426093936,0.017909828573465347
103,0,103,2.0,2.039675235748291,1,1,0.0,0.0,0.0,-0.0027327933348715305,-0.0030600731261074543,0.017762236297130585
104,0,104,2.0,2.0584189891815186,1,1,0.0,0.0,0.0,-0.0026470180600881577,-0.0009913474787026644,0.0026020873337984085
105,0,105,2.0,2.052891254425049,1,1,0.0,0.0,0.0,-0.0032620637211948633,-0.0006981448968872428,-0.0002518352121114731
106,0,106,2.0,2.043297052383423,1,1,0.0,0.0,0.0,-0.004098447505384684,-0.003952852450311184,-0.0039834268391132355
107,0,107,2.0,2.0358121395111084,1,1,0.0,0.0,0.0,-0.0010870686965063214,-0.0017917754594236612,0.008785690180957317
108,0,108,2.0,2.0371837615966797,1,1,0.0,0.0,0.0,-0.0004245270974934101,-0.0025287133175879717,0.0076369838789105415
109,0,109,2.0,2.038398265838623,1,1,0.0,0.0,0.0,-0.0008719307370483875,-0.0030352764297276735,0.008394398726522923
110,0,110,2.0,2.05157208442688,1,1,0.0,0.0,0.0,-0.0009197220206260681,-0.0029377867467701435,-9.164959192276001e-05
111,0,111,2.0,2.05999493598938,1,1,0.0,0.0,0.0,0.0003752087941393256,-0.0037627157289534807,8.329562842845917e-05
112,0,112,2.0,1.89626145362854,1,1,0.0,0.0,0.0,-0.005978694651275873,-0.004408309701830149,-0.014968523755669594
113,0,113,1.0,1.8673465251922607,0,1,0.0,0.0,0.0,-0.0051776207983493805,-0.006353239994496107,-0.006108603440225124
114,0,114,1.0,1.1038353443145752,0,0,0.0,0.0,0.0,-0.003637009533122182,-0.005124756600707769,0.2116503119468689
115,0,115,1.0,1.0240447521209717,0,0,0.0,0.0,0.0,-0.0007527326233685017,-0.008148851804435253,0.3690558671951294
116,0,116,1.0,1.0186344385147095,0,0,0.0,0.0,0.0,-0.000934395007789135,-0.005466585047543049,0.35467448830604553
117,0,117,1.0,1.0107550621032715,0,0,0.0,0.0,0.5,-0.0017472300678491592,-0.006736911833286285,0.29010647535324097
118,0,118,1.0,1.0042990446090698,0,0,0.0,0.0,0.5,-0.005979825742542744,-0.008444412611424923,0.482995867729187
119,0,119,1.0,0.9919962882995605,0,0,0.0,0.0,0.5,-0.005801918916404247,-0.008993685245513916,0.5210168361663818
120,0,120,1.0,0.9738893508911133,0,0,0.0,0.0,0.5,-0.004989476874470711,-0.005687783006578684,0.5565245747566223
121,0,121,1.0,0.9773833751678467,0,0,0.0,0.0,0.5,-0.0053003705106675625,-0.00820241030305624,0.5710817575454712
122,0,122,1.0,0.9867566823959351,0,0,0.0,0.0,0.5,-0.006749042309820652,-0.006505738943815231,0.5600837469100952
123,0,123,1.0,0.9871284365653992,0,0,0.0,0.0,0.5,-0.005680725909769535,-0.007219174411147833,0.5605709552764893
124,0,124,1.0,0.9798495769500732,0,0,0.0,0.0,0.5,-0.004998969845473766,-0.0033774373587220907,0.5433019995689392
125,0,125,1.0,0.9835586547851562,0,0,0.0,0.0,0.5,-0.003975791856646538,-0.0053113242611289024,0.540269672870636
126,0,126,1.0,0.9838656783103943,0,0,0.0,0.0,0.5,-0.002251117490231991,-0.0013956266921013594,0.5416390895843506
127,1,0,1.0,0.9843235015869141,0,0,0.0,0.0,0.0,0.19393625855445862,0.002287740120664239,-0.0036972230300307274
128,1,1,1.0,0.9807835817337036,0,0,0.0,0.0,0.0,0.1897881180047989,0.0028497043531388044,-0.007441038265824318
129,1,2,1.0,0.9790521860122681,0,0,0.0,0.0,0.0,0.20096778869628906,0.000736533896997571,-0.009342753328382969
130,1,3,1.0,0.9784729480743408,0,0,0.0,0.0,0.0,0.2042551338672638,0.0005233672563917935,-0.0074346065521240234
131,1,4,1.0,0.9787608981132507,0,0,0.0,0.0,0.0,0.2089006006717682,-0.0007027644314803183,-0.005571628920733929
132,1,5,1.0,0.9789431691169739,0,0,0.0,0.0,0.0,0.2092372477054596,-0.0007758598076179624,-0.005193435121327639
133,1,6,1.0,0.9777346849441528,0,0,0.0,0.0,0.0,0.2153880000114441,-0.0025878306478261948,-0.0008285762742161751
134,1,7,1.0,0.9777818918228149,0,0,0.0,0.0,0.0,0.21545957028865814,-0.002611809875816107,-0.00070988480001688
135,1,8,1.0,0.9805313348770142,0,0,0.0,0.0,0.0,0.21891923248767853,-0.0020173690281808376,-0.0009273374453186989
136,1,9,1.0,0.9805444478988647,0,0,0.0,0.0,0.0,0.21893644332885742,-0.0020234338007867336,-0.0008930591866374016
137,1,10,1.0,0.9802451133728027,0,0,0.0,0.0,0.0,0.21689604222774506,-0.00259233545511961,-0.002490982413291931
138,1,11,1.0,0.9802474975585938,0,0,0.0,0.0,0.0,0.21689970791339874,-0.00259376154281199,-0.0024829464964568615
139,1,12,1.0,0.9801833629608154,0,0,0.0,0.0,0.0,0.21754592657089233,-0.002365746768191457,-0.0022780406288802624
140,1,13,1.0,0.980184018611908,0,0,0.0,0.0,0.0,0.21754682064056396,-0.0023661369923502207,-0.0022759372368454933
141,1,14,1.0,0.9801842570304871,0,0,0.0,0.0,0.0,0.21754728257656097,-0.0023663281463086605,-0.002274916972965002
142,1,15,1.0,0.9801844954490662,0,0,0.0,0.0,0.0,0.21754750609397888,-0.0023664599284529686,-0.0022743851877748966
143,1,16,1.0,0.9801846742630005,0,0,0.0,0.0,0.0,0.21754761040210724,-0.0023664722684770823,-0.0022741490975022316
144,1,17,1.0,0.9801846742630005,0,0,0.0,0.0,0.0,0.21754762530326843,-0.00236650463193655,-0.002274054102599621
145,1,18,1.0,0.9793573021888733,0,0,0.25,0.0,0.0,0.22487184405326843,-0.004592154640704393,0.0005332892760634422
146,1,19,1.0,0.9882075786590576,0,0,0.25,0.0,0.0,0.25056377053260803,-0.011232989840209484,0.005844788625836372
147,1,20,1.0,1.00344979763031,0,0,0.25,0.0,0.0,0.2615175247192383,-0.014186786487698555,0.002352183684706688
148,1,21,1.0,1.0068895816802979,0,0,0.25,0.0,0.0,0.2666447162628174,-0.014324355870485306,0.005896316841244698
149,1,22,1.0,1.0062165260314941,0,0,0.25,0.0,0.0,0.26954877376556396,-0.019373435527086258,0.003089793026447296
150,1,23,1.0,0.9953250885009766,0,0,0.25,0.0,0.0,0.2718128561973572,-0.017133528366684914,-0.002413391135632992
151,1,24,1.0,1.0038557052612305,0,0,0.25,0.0,0.0,0.26990604400634766,-0.016768978908658028,0.0022377707064151764
152,1,25,1.0,0.9964677691459656,0,0,0.25,0.0,0.0,0.26807400584220886,-0.01776951551437378,0.004398173652589321
153,1,26,1.0,0.9997214674949646,0,0,0.25,0.0,0.0,0.2473321408033371,-0.0025483251083642244,0.002888549119234085
154,1,27,1.0,0.9971392750740051,0,0,0.0,0.0,0.0,0.17885586619377136,0.058407530188560486,1.5731900930404663e-05
155,1,28,1.0,1.0033891201019287,0,0,0.0,0.0,0.0,0.03808475658297539,0.19345107674598694,-0.001700391061604023
156,1,29,1.0,0.9934701323509216,0,0,0.0,0.0,0.0,-0.00492455530911684,0.228365957736969,-0.0018015890382230282
157,1,30,1.0,0.9957430958747864,0,0,0.0,0.0,0.0,-0.012584220618009567,0.23775561153888702,-0.0030040969140827656
158,1,31,1.0,0.9943934679031372,0,0,0.0,0.0,0.0,-0.016801362857222557,0.23791584372520447,-0.0038193403743207455
159,1,32,1.0,0.9910112619400024,0,0,0.0,0.0,0.0,-0.01791468821465969,0.23849529027938843,-0.0031333379447460175
160,1,33,1.0,0.9908491373062134,0,0,0.0,0.25,0.0,-0.018570659682154655,0.2384852021932602,-0.0033745472319424152
161,1,34,1.0,0.9844877123832703,0,0,0.0,0.25,0.0,-0.007004843559116125,0.24513296782970428,0.004120051860809326
162,1,35,1.0,0.975403904914856,0,0,0.0,0.25,0.0,-0.009597225114703178,0.2596426010131836,0.0035081133246421814
163,1,36,1.0,0.9644303321838379,0,0,0.0,0.25,0.0,-0.01055753044784069,0.27000296115875244,0.010408555157482624
164,1,37,1.0,0.9716879725456238,0,0,0.0,0.25,0.0,-0.010389378294348717,0.26862719655036926,0.0048936400562524796
165,1,38,1.0,0.9939660429954529,0,0,0.0,0.25,0.0,-0.00825413316488266,0.27390047907829285,-0.002447808161377907
166,1,39,1.0,0.9834768772125244,0,0,0.0,0.25,0.0,-0.007833011448383331,0.27836835384368896,-0.003173903562128544
167,1,40,1.0,1.0037059783935547,0,0,0.0,0.25,0.0,-0.006523534189909697,0.2535715103149414,-0.0026399334892630577
168,1,41,1.0,0.9984796047210693,0,0,0.0,0.25,0.0,-0.005632405634969473,0.21016013622283936,-0.0008878419175744057
169,1,42,1.0,0.9934872984886169,0,0,0.0,0.0,0.0,-0.0030684764496982098,0.09640492498874664,-0.0019199145026504993
170,1,43,1.0,0.9948468804359436,0,0,0.0,0.0,0.0,0.0013503881637006998,0.050584882497787476,-0.01184818148612976
171,1,44,1.0,0.990003228187561,0,0,0.0,0.0,0.0,-0.00222273962572217,0.022658349946141243,-0.0063620335422456264
172,1,45,1.0,0.9901660084724426,0,0,0.0,0.0,0.0,-0.0024556517601013184,0.01651928760111332,-0.005604083649814129
173,1,46,1.0,0.9838075041770935,0,0,0.0,0.0,0.0,-0.003973589278757572,0.013473998755216599,-0.005417949520051479
174,1,47,1.0,0.9836991429328918,0,0,0.0,0.0,0.0,-0.003946477547287941,0.01283871941268444,-0.005246669519692659
175,1,48,1.0,0.9867230653762817,0,0,0.0,0.25,0.0,-0.0036500710994005203,0.009569362737238407,-0.0031917206943035126
176,1,49,1.0,0.9882873296737671,0,0,0.0,0.0,0.0,-0.0019256644882261753,0.014831491746008396,-0.006928573362529278
177,1,50,1.0,0.9864092469215393,0,0,0.0,0.0,0.0,-0.002436382230371237,0.006981865968555212,-0.0031440085731446743
178,1,51,1.0,0.9848043322563171,0,0,0.0,0.0,0.0,-0.0008317888132296503,0.0028671366162598133,-0.0028594802133738995
179,1,52,1.0,0.9899975061416626,0,0,0.0,0.0,0.0,-0.0007634967914782465,0.0022841347381472588,-0.0008226465433835983
180,1,53,1.0,0.9898178577423096,0,0,0.0,0.0,0.0,-0.0007507891859859228,0.0019613835029304028,-0.0006648693233728409
181,1,54,1.0,0.9923204183578491,0,0,0.0,0.0,0.0,0.0013173194602131844,0.0007883856305852532,-0.0025574108585715294
182,1,55,1.0,0.9922791123390198,0,0,0.0,0.25,0.0,0.0013179576490074396,0.0007433529244735837,-0.002524680458009243
183,1,56,1.0,1.0011240243911743,0,0,0.0,0.25,0.0,0.0019763449672609568,0.004158880095928907,-0.0040317075327038765
184,1,57,1.0,1.0040901899337769,0,0,0.0,0.0,0.0,0.002263021655380726,0.004447825253009796,-0.008287853561341763
185,1,58,1.0,0.992071270942688,0,0,0.0,0.0,0.0,0.004844993352890015,0.00041404837975278497,0.0025139451026916504
186,1,59,1.0,0.9903478026390076,0,0,0.0,0.0,0.0,0.0070276386104524136,-0.0008313081925734878,0.0014331769198179245
187,1,60,1.0,0.9889678955078125,0,0,0.0,0.0,0.0,0.005069325212389231,-0.0011780275963246822,0.01797255128622055
188,1,61,1.0,0.989564836025238,0,0,0.0,0.0,0.0,0.005460554268211126,-0.0018656858010217547,0.017663605511188507
189,1,62,1.0,0.9840022325515747,0,0,0.0,0.0,0.0,0.006080279126763344,-0.0012392116477712989,0.028798721730709076
190,1,63,1.0,0.9840142726898193,0,0,0.0,0.0,0.0,0.006079019978642464,-0.0013040307676419616,0.028871864080429077
191,1,64,1.0,0.9827537536621094,0,0,0.0,0.0,0.0,0.006758312229067087,-0.0014750567497685552,0.029413502663373947
192,1,65,1.0,0.982755720615387,0,0,0.25,0.0,0.0,0.006757857743650675,-0.001488805515691638,0.02943611890077591
193,1,66,1.0,0.9829327464103699,0,0,0.25,0.0,0.0,0.012000547721982002,-0.003316809656098485,0.025460101664066315
194,1,67,1.0,0.9806894063949585,0,0,0.25,0.0,0.0,0.011647051200270653,-0.0029337352607399225,0.027543123811483383
195,1,68,1.0,0.9906618595123291,0,0,0.0,0.0,0.0,0.009762417525053024,-0.0005078138783574104,0.002523987554013729
196,1,69,1.0,0.9900498390197754,0,0,0.0,0.0,0.0,0.006909951101988554,-0.00026646905462257564,0.003396528773009777
197,1,70,1.0,0.987794041633606,0,0,0.0,0.0,0.0,0.005100390873849392,0.0018724510446190834,-0.0011781807988882065
198,1,71,1.0,0.9873126745223999,0,0,0.0,0.0,0.0,0.004480648320168257,0.0018801458645612001,-0.0027961689047515392
199,1,72,1.0,0.9857800006866455,0,0,0.0,0.0,0.0,0.003372631035745144,0.0023445587139576674,0.004927066154778004
200,1,73,1.0,0.9857006072998047,0,0,0.0,0.0,0.0,0.003245009109377861,0.0023251313250511885,0.004464658908545971
201,1,74,1.0,0.9845050573348999,0,0,0.0,0.0,0.0,0.003941831178963184,0.0023119403049349785,0.0030535394325852394
202,1,75,1.0,0.9844940900802612,0,0,0.0,0.0,0.0,0.0039185527712106705,0.0023036454804241657,0.002974291332066059
203,1,76,1.0,0.9839028120040894,0,0,0.25,0.0,0.0,0.0035497439093887806,0.002048862399533391,-0.00248922361060977
204,1,77,1.0,0.9814654588699341,0,0,0.0,0.0,0.0,0.007280528079718351,0.002841588342562318,-0.0687536671757698
205,1,78,1.0,0.984051525592804,0,0,0.0,0.0,0.0,0.003961542155593634,0.004105477128177881,-0.14560995995998383
206,1,79,1.0,0.9858347773551941,0,0,0.0,0.0,0.0,0.00263637350872159,0.004124841652810574,-0.16482992470264435
207,1,80,1.0,0.9872092008590698,0,0,0.0,0.0,0.0,0.00018395809456706047,0.002509313402697444,-0.2494664341211319
208,1,81,1.0,0.9871784448623657,0,0,0.0,0.0,0.0,-0.0003513606498017907,0.0023870503064244986,-0.2508457899093628
209,1,82,1.0,0.9877736568450928,0,0,0.0,0.0,0.0,-0.00044417998287826777,0.0012097676517441869,-0.2813527584075928
210,1,83,1.0,0.9877766370773315,0,0,0.0,0.0,-0.5,-0.0005313922883942723,0.00117518100887537,-0.282084584236145
211,1,84,1.0,1.0146790742874146,0,0,0.0,0.0,-0.5,-0.0019056678283959627,-0.0023361595813184977,-0.5391113758087158
212,1,85,1.0,1.0118964910507202,0,0,0.0,0.0,-0.5,-0.001008525025099516,-0.004136248491704464,-0.5720652937889099
213,1,86,1.0,1.0048058032989502,0,0,0.0,0.0,-0.5,-0.0006913975812494755,-0.004020045977085829,-0.5786675214767456
214,1,87,1.0,0.999987781047821,0,0,0.0,0.0,-0.5,-0.000924004940316081,-0.002040029736235738,-0.5841336846351624
215,1,88,1.0,0.9969176650047302,0,0,0.0,0.0,-0.5,-6.857444532215595e-06,-0.0023294950369745493,-0.590305507183075
216,1,89,1.0,0.9806220531463623,0,0,0.0,0.0,-0.5,0.003890714608132839,-0.00462390435859561,-0.587238073348999
217,1,90,1.0,0.9611624479293823,0,0,0.0,0.0,-0.5,0.0004906702088192105,-0.004030315671116114,-0.5770893692970276
218,1,91,1.0,0.9507785439491272,0,0,0.0,0.0,-0.5,-0.003733567427843809,-0.0026505845598876476,-0.5561262965202332
219,1,92,1.0,1.0686883926391602,0,0,0.0,0.0,-0.5,-0.0021802971605211496,0.0011558288242667913,-0.2916278839111328
220,1,93,1.0,1.0840095281600952,0,0,0.0,0.0,-0.5,-0.002883933950215578,0.0013027824461460114,-0.2781052589416504
221,1,94,1.0,1.9584139585494995,0,1,0.0,0.0,0.0,-0.005243015009909868,-0.0008765129605308175,0.013246619142591953
222,1,95,1.0,1.9615957736968994,0,1,0.0,0.0,0.0,-0.005310773849487305,-0.0009078870643861592,0.014108565635979176
223,1,96,1.0,2.0511550903320312,0,1,0.0,0.0,0.0,-0.005267179571092129,-0.0008232958498410881,0.017637547105550766
224,1,97,2.0,2.0513105392456055,1,1,0.0,0.0,0.0,-0.005271231289952993,-0.0008595584658905864,0.017628997564315796
225,1,98,2.0,2.0538930892944336,1,1,0.0,0.0,0.0,-0.002568431431427598,9.701645467430353e-06,0.005657855421304703
226,1,99,2.0,2.0492067337036133,1,1,0.0,0.0,0.0,-0.0036372633185237646,-0.0006633003940805793,0.017387360334396362
227,1,100,2.0,2.048020839691162,1,1,0.0,0.0,0.0,-0.002063257386907935,-0.0037739442195743322,0.010216997005045414
228,1,101,2.0,2.054500102996826,1,1,0.0,0.0,0.0,-0.001975398510694504,-0.004287061281502247,0.009304755367338657
229,1,102,2.0,2.060932159423828,1,1,0.0,0.0,0.0,-0.001557031529955566,-0.004752244800329208,0.005822336301207542
230,1,103,2.0,2.0662548542022705,1,1,0.0,0.0,0.0,-0.0021720146760344505,-0.005133055616170168,0.002657677046954632
231,1,104,2.0,2.072746992111206,1,1,0.0,0.0,0.0,-5.096488166600466e-05,-0.004840956535190344,-0.01562660187482834
232,1,105,2.0,1.9040896892547607,1,1,0.0,0.0,0.0,-0.0021922437008470297,-0.004809544421732426,0.0010205693542957306
233,1,106,1.0,1.0255990028381348,0,0,0.0,0.0,0.0,-0.0019987672567367554,-0.0035021197982132435,0.3196834921836853
234,1,107,1.0,0.977826714515686,0,0,0.0,0.0,0.0,-0.0029735909774899483,-0.00397668220102787,0.3803826868534088
235,1,108,1.0,0.9592739343643188,0,0,0.0,0.0,0.0,-0.0031469950918108225,-0.004233923740684986,0.40681809186935425
236,1,109,1.0,0.9587386846542358,0,0,0.0,0.0,0.5,-0.0035365764051675797,-0.004104931838810444,0.4136051833629608
237,1,110,1.0,0.9690157175064087,0,0,0.0,0.0,0.5,-0.002960702870041132,-0.005076305009424686,0.5379732251167297
238,1,111,1.0,0.9702538251876831,0,0,0.0,0.0,0.5,-0.004110168665647507,-0.004300364293158054,0.552371084690094
239,1,112,1.0,0.9819464087486267,0,0,0.0,0.0,0.5,-0.006555582862347364,-0.0022867827210575342,0.5472308993339539
240,1,113,1.0,0.9850594401359558,0,0,0.0,0.0,0.5,-0.005242056213319302,-0.005890363827347755,0.5635379552841187
241,1,114,1.0,0.977222204208374,0,0,0.0,0.0,0.5,-0.004675357602536678,-0.006910236086696386,0.5677046775817871
242,1,115,1.0,0.9807873368263245,0,0,0.0,0.0,0.5,-0.004739835392683744,-0.0069534736685454845,0.5741499066352844
243,1,116,1.0,0.9840351939201355,0,0,0.0,0.0,0.5,-0.005928433034569025,-0.0027994010597467422,0.5638453364372253
244,1,117,1.0,0.9922159314155579,0,0,0.0,0.0,0.5,-0.005431013647466898,0.0029350565746426582,0.5368263125419617
245,1,118,1.0,0.99329674243927,0,0,0.0,0.0,0.5,-0.004042910411953926,0.005009905900806189,0.48946890234947205
246,2,0,1.0,0.9914568066596985,0,0,0.0,0.0,0.0,-0.17223024368286133,0.008536905981600285,0.006965787149965763
247,2,1,1.0,0.9889326691627502,0,0,0.0,0.0,0.0,-0.1909427046775818,0.009750974364578724,0.0009913118556141853
248,2,2,1.0,0.9922153949737549,0,0,0.0,0.0,0.0,-0.20243893563747406,0.009927197359502316,0.003852422349154949
249,2,3,1.0,0.9922796487808228,0,0,0.0,0.0,0.0,-0.20051881670951843,0.009595093317329884,0.0055435821413993835
250,2,4,1.0,0.9910008311271667,0,0,0.0,0.0,0.0,-0.22103556990623474,0.010748634114861488,0.00011207908391952515
251,2,5,1.0,0.9910522103309631,0,0,0.0,0.0,0.0,-0.22071556746959686,0.010668251663446426,0.0006356080994009972
252,2,6,1.0,0.9879091382026672,0,0,0.0,0.0,0.0,-0.23744003474712372,0.009645956568419933,-0.00645122304558754
253,2,7,1.0,0.9879103899002075,0,0,0.0,0.0,0.0,-0.23740215599536896,0.009627495892345905,-0.006293906830251217
254,2,8,1.0,0.9885261058807373,0,0,0.0,0.0,0.0,-0.23811909556388855,0.009258030913770199,-0.004721581004559994
255,2,9,1.0,0.9885277152061462,0,0,0.0,0.0,0.0,-0.23811204731464386,0.009252030402421951,-0.004679846111685038
256,2,10,1.0,0.9908350706100464,0,0,-0.25,0.0,0.0,-0.24771180748939514,0.009216311387717724,-0.010537059977650642
257,2,11,1.0,0.9892811179161072,0,0,-0.25,0.0,0.0,-0.2684909701347351,0.0021406521555036306,-0.009777350351214409
258,2,12,1.0,1.0028314590454102,0,0,-0.25,0.0,0.0,-0.28017914295196533,-0.0011433172039687634,-0.014037106186151505
259,2,13,1.0,1.007175087928772,0,0,-0.25,0.0,0.0,-0.28461748361587524,-0.0009981996845453978,-0.013474632985889912
260,2,14,1.0,1.0073184967041016,0,0,-0.25,0.0,0.0,-0.28773680329322815,-0.005341375712305307,-0.0142831327393651
261,2,15,1.0,1.0008164644241333,0,0,-0.25,0.0,0.0,-0.2891791760921478,-0.005627525504678488,-0.015967726707458496
262,2,16,1.0,1.0013527870178223,0,0,-0.25,0.0,0.0,-0.2899668216705322,-0.006028562784194946,-0.012798522599041462
263,2,17,1.0,0.9980143308639526,0,0,-0.25,0.0,0.0,-0.2920461595058441,-0.003461996791884303,-0.016412995755672455
264,2,18,1.0,0.9931101202964783,0,0,-0.25,0.0,0.0,-0.27856558561325073,0.0027265362441539764,-0.012143954634666443
265,2,19,1.0,1.0029700994491577,0,0,-0.25,0.0,0.0,-0.24855150282382965,0.026304665952920914,-0.017743468284606934
266,2,20,1.0,0.9989653825759888,0,0,0.0,0.0,0.0,-0.19789256155490875,0.08021392673254013,-0.012209873646497726
267,2,21,1.0,0.9797799587249756,0,0,0.0,0.0,0.0,-0.0766284167766571,0.18180584907531738,-0.0016082837246358395
268,2,22,1.0,0.9883962869644165,0,0,0.0,0.0,0.0,-0.025265278294682503,0.22696596384048462,0.0022293152287602425
269,2,23,1.0,0.9866735935211182,0,0,0.0,0.0,0.0,-0.01570390723645687,0.2272435575723648,-0.002854620572179556
270,2,24,1.0,0.9901321530342102,0,0,0.0,0.0,0.0,-0.006590507458895445,0.23446203768253326,-0.009350481443107128
271,2,25,1.0,0.9903776049613953,0,0,0.0,0.0,0.0,-0.005047496408224106,0.2343776673078537,-0.009666052646934986
272,2,26,1.0,0.9953624606132507,0,0,0.0,0.25,0.0,-0.008511903695762157,0.2357209324836731,-0.0060385046526789665
273,2,27,1.0,0.9879684448242188,0,0,0.0,0.25,0.0,-0.012357112020254135,0.23883041739463806,0.0008631842210888863
274,2,28,1.0,0.9846593737602234,0,0,0.0,0.25,0.0,-0.008764124475419521,0.2486574649810791,0.0083501311019063
275,2,29,1.0,0.983276903629303,0,0,0.0,0.25,0.0,-0.007158290129154921,0.26162999868392944,0.0024193832650780678
276,2,30,1.0,0.9744913578033447,0,0,0.0,0.25,0.0,-0.0008418844663538039,0.27005597949028015,0.003508559428155422
277,2,31,1.0,0.9757015705108643,0,0,0.0,0.25,0.0,0.001336290268227458,0.27779462933540344,0.00048682093620300293
278,2,32,1.0,0.9867972135543823,0,0,0.0,0.25,0.0,-0.003962287679314613,0.27639076113700867,0.013822180218994617
279,2,33,1.0,1.0048902034759521,0,0,0.0,0.25,0.0,-0.0018697921186685562,0.2707686126232147,0.0064289746806025505
280,2,34,1.0,0.9953153729438782,0,0,0.0,0.25,0.0,-0.002930012531578541,0.19364899396896362,0.005412578582763672
281,2,35,1.0,0.9884575605392456,0,0,0.0,0.0,0.0,0.0004456108435988426,0.1338951289653778,-0.0004455195739865303
282,2,36,1.0,0.9855972528457642,0,0,0.0,0.0,0.0,-0.0027389712631702423,0.07522547990083694,-0.0043130856938660145
283,2,37,1.0,0.9841206073760986,0,0,0.0,0.0,0.0,0.0018325871787965298,0.04452711343765259,-0.007163912057876587
284,2,38,1.0,0.9824302792549133,0,0,0.0,0.0,0.0,-0.002904643537476659,0.03470972925424576,-0.006448877975344658
285,2,39,1.0,0.9818025827407837,0,0,0.0,0.0,0.0,-0.003006561892107129,0.03232186287641525,-0.006682622246444225
286,2,40,1.0,0.980175256729126,0,0,0.0,0.0,0.0,-0.004092989955097437,0.019599536433815956,-0.0011900421231985092
287,2,41,1.0,0.9800403118133545,0,0,0.0,0.25,0.0,-0.004122748970985413,0.019316716119647026,-0.0012228181585669518
288,2,42,1.0,0.9828512072563171,0,0,0.0,0.0,0.0,-0.0044715371914207935,0.026626816019415855,-0.0039350721053779125
289,2,43,1.0,0.9822032451629639,0,0,0.0,0.0,0.0,-0.00504616042599082,0.01523870974779129,-0.0016756178811192513
290,2,44,1.0,0.9828195571899414,0,0,0.0,0.0,0.0,-0.006455690134316683,0.013213510625064373,-0.005443385802209377
291,2,45,1.0,0.9826757907867432,0,0,0.0,0.0,0.0,-0.006456261035054922,0.012036737985908985,-0.005586191080510616
292,2,46,1.0,0.9860346913337708,0,0,0.0,0.0,0.0,-0.006519895978271961,0.009497106075286865,-0.0031969244591891766
293,2,47,1.0,0.9859923720359802,0,0,0.0,0.0,0.0,-0.006527269724756479,0.009338854812085629,-0.0031978990882635117
294,2,48,1.0,0.9857496023178101,0,0,0.0,0.25,0.0,-0.0059417663142085075,0.008733297698199749,-0.006210611667484045
295,2,49,1.0,0.9874787926673889,0,0,0.0,0.25,0.0,-0.005774727091193199,0.014595731161534786,-0.008431672118604183
296,2,50,1.0,0.9904773831367493,0,0,0.0,0.0,0.0,-0.007035252172499895,0.011976438574492931,-0.008488303050398827
297,2,51,1.0,0.9936290979385376,0,0,0.0,0.0,0.0,-0.011652540415525436,0.002747508930042386,-0.006378944963216782
298,2,52,1.0,0.9905577898025513,0,0,0.0,0.0,0.0,-0.012513171881437302,0.0018193419091403484,-0.004888419061899185
299,2,53,1.0,0.989578366279602,0,0,0.0,0.0,0.0,-0.01230030320584774,0.0005025944556109607,-0.00617744168266654
300,2,54,1.0,0.9898671507835388,0,0,0.0,0.0,0.0,-0.01486280933022499,-0.0020578287076205015,0.0070157041773200035
301,2,55,1.0,0.9898991584777832,0,0,-0.25,0.0,0.0,-0.01488921232521534,-0.002225894248113036,0.006992076523602009
302,2,56,1.0,0.9841182231903076,0,0,0.0,0.0,0.0,-0.01838734745979309,-0.0008160885190591216,-0.0009996918961405754
303,2,57,1.0,0.9843524694442749,0,0,0.0,0.0,0.0,-0.014843335375189781,-0.0022428096272051334,0.0038495101034641266
304,2,58,1.0,0.9846232533454895,0,0,0.0,0.0,0.0,-0.011506328359246254,-0.001632911735214293,-0.0025079562328755856
305,2,59,1.0,0.9847096800804138,0,0,0.0,0.0,0.0,-0.010751811787486076,-0.0019074090523645282,-0.000735539011657238
306,2,60,1.0,0.9847027063369751,0,0,-0.25,0.0,0.0,-0.009726045653223991,-0.0007912322762422264,-0.005223169457167387
307,2,61,1.0,0.9871978163719177,0,0,-0.25,0.0,0.0,-0.011841237545013428,0.001009423634968698,-0.0034622722305357456
308,2,62,1.0,0.9845601916313171,0,0,0.0,0.0,0.0,-0.009174101054668427,0.0013853188138455153,-0.010147792287170887
309,2,63,1.0,0.9834641814231873,0,0,0.0,0.0,0.0,-0.005038907285779715,0.0004320073057897389,-0.005602505058050156
310,2,64,1.0,0.9827547669410706,0,0,0.0,0.0,0.0,-0.0017336643068119884,0.001264637685380876,-0.0018074247054755688
311,2,65,1.0,0.9834223985671997,0,0,0.0,0.0,0.0,-0.0016120477812364697,0.0006456372793763876,-0.0027008429169654846
312,2,66,1.0,0.979691743850708,0,0,0.0,0.0,0.0,0.0016144244000315666,0.00046877365093678236,-0.003959510941058397
313,2,67,1.0,0.9797846674919128,0,0,-0.25,0.0,0.0,0.001705218106508255,0.0004424439975991845,-0.0037782229483127594
314,2,68,1.0,0.9808925986289978,0,0,0.0,0.0,0.0,-0.001806868240237236,0.0013211345067247748,-0.01197034865617752
315,2,69,1.0,0.980685293674469,0,0,0.0,0.0,0.0,4.410860128700733e-05,0.0021166817750781775,-0.015678545460104942
316,2,70,1.0,0.9803287982940674,0,0,0.0,0.0,0.0,-0.0004460295895114541,-0.0001439592451788485,-0.053070537745952606
317,2,71,1.0,0.9800065755844116,0,0,0.0,0.0,0.0,0.0004538617795333266,-0.0003576724848244339,-0.06661146879196167
318,2,72,1.0,0.9807919263839722,0,0,0.0,0.0,0.0,-0.0002886174479499459,-0.000813812599517405,-0.17926524579524994
319,2,73,1.0,0.9808050990104675,0,0,0.0,0.0,0.0,-0.00018110894598066807,-0.0008509827312082052,-0.17964980006217957
320,2,74,1.0,0.979913592338562,0,0,0.0,0.0,0.0,-0.00031103112269192934,-0.0017688360530883074,-0.23699931800365448
321,2,75,1.0,0.9799209833145142,0,0,0.0,0.0,-0.5,-0.0002942477585747838,-0.0017721361946314573,-0.23704639077186584
322,2,76,1.0,1.0035037994384766,0,0,0.0,0.0,-0.5,-0.0009492395911365747,0.0010646923910826445,-0.5311729311943054
323,2,77,1.0,1.0051368474960327,0,0,0.0,0.0,-0.5,-0.0008005026029422879,-0.001341276685707271,-0.555317223072052
324,2,78,1.0,1.0031155347824097,0,0,0.0,0.0,-0.5,-0.002170122927054763,-0.000642868340946734,-0.560384213924408
325,2,79,1.0,1.0045547485351562,0,0,0.0,0.0,-0.5,-0.0004066221881657839,-0.0012982331681996584,-0.5569120049476624
326,2,80,1.0,0.9992854595184326,0,0,0.0,0.0,-0.5,0.000549467746168375,-0.002778001129627228,-0.5695697665214539
327,2,81,1.0,0.985049307346344,0,0,0.0,0.0,-0.5,-0.000989639083854854,-0.005136306397616863,-0.5760501027107239
328,2,82,1.0,0.9709140062332153,0,0,0.0,0.0,-0.5,0.0007588062435388565,-0.005503878928720951,-0.5705586671829224
329,2,83,1.0,0.9562397003173828,0,0,0.0,0.0,-0.5,-0.00047640001866966486,-0.006643651053309441,-0.556461751461029
330,2,84,1.0,0.9535208940505981,0,0,0.0,0.0,-0.5,-0.0008141343132592738,-0.0019149243598803878,-0.47394123673439026
331,2,85,1.0,0.976409375667572,0,0,0.0,0.0,-0.5,-0.003973211161792278,-0.00029606351745314896,-0.42718127369880676
332,2,86,1.0,1.88644278049469,0,1,0.0,0.0,0.0,-0.004165074788033962,0.0015549937961623073,0.017337221652269363
333,2,87,1.0,1.9025757312774658,0,1,0.0,0.0,0.0,-0.004728136584162712,0.0010170949390158057,0.022017821669578552
334,2,88,1.0,2.0570249557495117,0,1,0.0,0.0,0.0,-0.0036886511370539665,0.0004888998228125274,0.02066645398736
335,2,89,1.0,2.0573601722717285,0,1,0.0,0.0,0.0,-0.003675145097076893,0.00039016606751829386,0.020788095891475677
336,2,90,2.0,2.05198335647583,1,1,0.0,0.0,0.0,-0.004222548101097345,0.000541963498108089,0.021005183458328247
337,2,91,2.0,2.0534799098968506,1,1,0.0,0.0,0.0,-0.0023493929766118526,-0.0005806785775348544,0.0072768619284033775
338,2,92,2.0,2.0558853149414062,1,1,0.0,0.0,0.0,-0.0027703382074832916,-0.00015608347894158214,0.004664277657866478
339,2,93,2.0,2.0424511432647705,1,1,0.0,0.0,0.0,-0.0032745725475251675,-0.003786926856264472,0.011734970845282078
340,2,94,2.0,2.0479531288146973,1,1,0.0,0.0,0.0,0.0006397308316081762,-0.0026493549812585115,0.008193383924663067
341,2,95,2.0,2.0568625926971436,1,1,0.0,0.0,0.0,0.0005758394254371524,-0.0036635962314903736,0.004572201520204544
342,2,96,2.0,2.0560462474823,1,1,0.0,0.0,0.0,0.000329395174048841,-0.003597169416025281,0.004342696629464626
343,2,97,2.0,2.069033622741699,1,1,0.0,0.0,0.0,0.0015704999677836895,-0.0047426181845366955,-0.006760584656149149
344,2,98,1.0,1.9957828521728516,0,1,0.0,0.0,0.0,-0.003889197949320078,-0.0032088214065879583,-0.010490410961210728
345,2,99,1.0,1.219778299331665,0,0,0.0,0.0,0.0,-0.003934483043849468,-0.006559876725077629,0.19635269045829773
346,2,100,1.0,1.1817045211791992,0,0,0.0,0.0,0.0,-0.002518653403967619,-0.005013035144656897,0.20770810544490814
347,2,101,1.0,1.0805516242980957,0,0,0.0,0.0,0.0,-0.0035671067889779806,-0.00375368888489902,0.2453364133834839
348,2,102,1.0,1.0463494062423706,0,0,0.0,0.0,0.0,-0.002193354070186615,-0.007064185105264187,0.32035648822784424
349,2,103,1.0,1.0359959602355957,0,0,0.0,0.0,0.0,-0.003298700787127018,-0.006544032134115696,0.32021281123161316
350,2,104,1.0,1.0519427061080933,0,0,0.0,0.0,0.5,-0.0025131888687610626,-0.006073037628084421,0.3064457178115845
351,2,105,1.0,0.974623441696167,0,0,0.0,0.0,0.5,-0.0002696544397622347,-0.008109329268336296,0.5170074105262756
352,2,106,1.0,0.9737886786460876,0,0,0.0,0.0,0.5,-0.0037971585988998413,-0.003766940673813224,0.5495113730430603
353,2,107,1.0,0.9857566952705383,0,0,0.0,0.0,0.5,-0.0038069875445216894,-0.004866377450525761,0.5687598586082458
354,2,108,1.0,0.9934714436531067,0,0,0.0,0.0,0.5,-0.003922720439732075,-0.005111288744956255,0.5574610233306885
355,2,109,1.0,0.9967771768569946,0,0,0.0,0.0,0.5,-0.004584813490509987,-0.005129671189934015,0.5618049502372742
356,2,110,1.0,0.9922561645507812,0,0,0.0,0.0,0.5,-0.00437813438475132,-0.0039888108149170876,0.5605424642562866
357,2,111,1.0,0.98993980884552,0,0,0.0,0.0,0.5,-0.004408081062138081,-0.0036187770310789347,0.5519773364067078
358,2,112,1.0,0.9891364574432373,0,0,0.0,0.0,0.5,-0.004652274306863546,0.005476502235978842,0.4989534318447113
359,2,113,1.0,0.9918465614318848,0,0,0.0,0.0,0.5,-0.004877201747149229,-0.0030277997720986605,0.488677054643631
360,3,0,1.0,0.9840095639228821,0,0,0.0,0.0,0.0,0.1992078721523285,-0.0070512862876057625,0.014658150263130665
361,3,1,1.0,0.9822196960449219,0,0,0.0,0.0,0.0,0.1974894255399704,-0.0067436289973556995,0.009304958395659924
362,3,2,1.0,0.9810002446174622,0,0,0.0,0.0,0.0,0.20376786589622498,-0.008217542432248592,0.008769652806222439
363,3,3,1.0,0.9810397028923035,0,0,0.0,0.0,0.0,0.20473796129226685,-0.008490949869155884,0.009985865093767643
364,3,4,1.0,0.9786555767059326,0,0,0.0,0.0,0.0,0.21588370203971863,-0.007911312393844128,0.008030234836041927
365,3,5,1.0,0.9786393642425537,0,0,0.0,0.0,0.0,0.21609841287136078,-0.007964307442307472,0.008347808383405209
366,3,6,1.0,0.9761962890625,0,0,0.0,0.0,0.0,0.23299024999141693,-0.005403841845691204,0.002715684473514557
367,3,7,1.0,0.9761990308761597,0,0,0.0,0.0,0.0,0.23303934931755066,-0.0054156887345016,0.002784482203423977
368,3,8,1.0,0.9737634658813477,0,0,0.0,0.0,0.0,0.23646396398544312,-0.005213048309087753,0.0030915196985006332
369,3,9,1.0,0.9737634658813477,0,0,0.0,0.0,0.0,0.23647496104240417,-0.005216018762439489,0.003110465593636036
370,3,10,1.0,0.9730010628700256,0,0,0.0,0.0,0.0,0.24112190306186676,-0.004989669658243656,0.0014931363984942436
371,3,11,1.0,0.97300124168396,0,0,0.25,0.0,0.0,0.2411244809627533,-0.004990411456674337,0.0014981795102357864
372,3,12,1.0,0.9829281568527222,0,0,0.25,0.0,0.0,0.2633746564388275,-0.003826986998319626,0.005127927288413048
373,3,13,1.0,0.9941275119781494,0,0,0.25,0.0,0.0,0.26460084319114685,0.001755044562742114,0.008350522257387638
374,3,14,1.0,1.0004723072052002,0,0,0.25,0.0,0.0,0.2667222023010254,0.005959551315754652,0.012004704214632511
375,3,15,1.0,0.9996773600578308,0,0,0.25,0.0,0.0,0.2695622444152832,0.006345474161207676,0.013415991328656673
376,3,16,1.0,0.9870068430900574,0,0,0.25,0.0,0.0,0.2749131917953491,0.012507453560829163,0.007959677837789059
377,3,17,1.0,0.994391918182373,0,0,0.25,0.0,0.0,0.275239497423172,0.01000127661973238,0.00954821240156889
378,3,18,1.0,0.9860579371452332,0,0,0.25,0.0,0.0,0.27676457166671753,0.010057814419269562,0.008233821950852871
379,3,19,1.0,0.9881793260574341,0,0,0.25,0.0,0.0,0.2739637494087219,0.00192732154391706,0.009162616916000843
380,3,20,1.0,0.9731675982475281,0,0,0.25,0.0,0.0,0.23239047825336456,-0.04155697673559189,0.008395197801291943
381,3,21,1.0,0.9748886823654175,0,0,0.0,0.0,0.0,0.17152833938598633,-0.10709284245967865,0.007699976675212383
382,3,22,1.0,0.9731097221374512,0,0,0.0,0.0,0.0,0.04295969381928444,-0.24243046343326569,0.010502244345843792
383,3,23,1.0,0.9687523245811462,0,0,0.0,0.0,0.0,0.004361642058938742,-0.25990456342697144,0.001583760604262352
384,3,24,1.0,0.9682967066764832,0,0,0.0,0.0,0.0,-0.0034926687367260456,-0.2721209228038788,0.0032312916591763496
385,3,25,1.0,0.9686105847358704,0,0,0.0,-0.25,0.0,-0.008589101955294609,-0.27170905470848083,0.0018689706921577454
386,3,26,1.0,0.9780222177505493,0,0,0.0,-0.25,0.0,-0.010598555207252502,-0.2799926996231079,-0.0005749501287937164
387,3,27,1.0,0.986871600151062,0,0,0.0,-0.25,0.0,-0.005233608651906252,-0.2804625332355499,-0.005713305901736021
388,3,28,1.0,0.9899394512176514,0,0,0.0,-0.25,0.0,-0.00674127321690321,-0.2743448317050934,0.0008720532059669495
389,3,29,1.0,0.9880340099334717,0,0,0.0,-0.25,0.0,-0.01129528321325779,-0.27557170391082764,0.004350909031927586
390,3,30,1.0,0.9966655969619751,0,0,0.0,-0.25,0.0,-0.009729117155075073,-0.28089943528175354,0.006181593053042889
391,3,31,1.0,0.9903938174247742,0,0,0.0,-0.25,0.0,-0.006697061005979776,-0.2842452824115753,0.01284786406904459
392,3,32,1.0,0.9836708307266235,0,0,0.0,-0.25,0.0,-0.01375826820731163,-0.27235114574432373,0.011442783288657665
393,3,33,1.0,0.9854510426521301,0,0,0.0,-0.25,0.0,-0.009223980829119682,-0.2465294897556305,0.003929133526980877
394,3,34,1.0,0.9888573288917542,0,0,0.0,-0.25,0.0,-0.001035541296005249,-0.10717291384935379,0.014847918413579464
395,3,35,1.0,0.9880229234695435,0,0,0.0,0.0,0.0,-0.0018749053124338388,-0.0478229895234108,0.00963131245225668
396,3,36,1.0,0.9818460941314697,0,0,0.0,0.0,0.0,-0.0035700113512575626,-0.020863216370344162,0.004959377460181713
397,3,37,1.0,0.9815317392349243,0,0,0.0,0.0,0.0,-0.004846449941396713,-0.01383776031434536,0.0031613409519195557
398,3,38,1.0,0.9837484359741211,0,0,0.0,0.0,0.0,-0.003609553910791874,-0.010160054080188274,2.5352463126182556e-05
399,3,39,1.0,0.9837196469306946,0,0,0.0,0.0,0.0,-0.003757217200472951,-0.009593400172889233,-0.00038752704858779907
400,3,40,1.0,0.983971357345581,0,0,0.0,0.0,0.0,-0.0015895124524831772,-0.009750605560839176,-0.0017513222992420197
401,3,41,1.0,0.9839658141136169,0,0,0.0,-0.25,0.0,-0.0016148383729159832,-0.009646852500736713,-0.0018286705017089844
402,3,42,1.0,0.9887513518333435,0,0,0.0,-0.25,0.0,0.0009913926478475332,-0.010846497491002083,-0.0005146972835063934
403,3,43,1.0,0.9992889165878296,0,0,0.0,0.0,0.0,0.0037636440247297287,-0.010684729553759098,-0.002975622657686472
404,3,44,1.0,0.994810163974762,0,0,0.0,0.0,0.0,0.0033212932758033276,-0.004209849052131176,-0.010782917961478233
405,3,45,1.0,0.9911704659461975,0,0,0.0,0.0,0.0,0.0016591288149356842,-0.006169114727526903,-0.015334125608205795
406,3,46,1.0,0.9956321120262146,0,0,0.0,0.0,0.0,0.0017015293706208467,-0.0020976299419999123,-0.008034384809434414
407,3,47,1.0,0.9955861568450928,0,0,0.0,0.0,0.0,0.0015727889258414507,-0.0018131494289264083,-0.008111510425806046
408,3,48,1.0,0.9865145087242126,0,0,0.0,0.0,0.0,0.0005634670378640294,-0.0036598816514015198,0.009444731287658215
409,3,49,1.0,0.986512303352356,0,0,0.0,0.0,0.0,0.0005447344155982137,-0.0036127916537225246,0.009457453154027462
410,3,50,1.0,0.9844201803207397,0,0,0.0,0.0,0.0,0.0004938381025567651,-0.0035958115477114916,0.013470844365656376
411,3,51,1.0,0.9844180941581726,0,0,0.0,0.0,0.0,0.0004894917365163565,-0.003584981197491288,0.013477508910000324
412,3,52,1.0,0.9831819534301758,0,0,0.0,0.0,0.0,0.0011589934583753347,-0.0036735248286277056,0.013489811681210995
413,3,53,1.0,0.9831810593605042,0,0,0.0,0.0,0.0,0.0011578428093343973,-0.003670512232929468,0.01349122915416956
414,3,54,1.0,0.9837421774864197,0,0,0.0,0.0,0.0,0.0008423882536590099,-0.0032954071648418903,0.014828811399638653
415,3,55,1.0,0.9837419986724854,0,0,0.25,0.0,0.0,0.0008420557714998722,-0.00329463928937912,0.014828725717961788
416,3,56,1.0,0.9869769811630249,0,0,0.25,0.0,0.0,0.004848406184464693,-0.0024894019588828087,-0.002358097583055496
417,3,57,1.0,0.9874117970466614,0,0,0.0,0.0,0.0,0.006627456750720739,-0.001237858785316348,-0.015270060859620571
418,3,58,1.0,0.9873758554458618,0,0,0.0,0.0,0.0,0.004053295124322176,-0.0018524153856560588,-0.0102187879383564
419,3,59,1.0,0.9845202565193176,0,0,0.0,0.0,0.0,0.0021707939449697733,-0.0013676696689799428,-0.014501521363854408
420,3,60,1.0,0.9835151433944702,0,0,0.0,0.0,0.0,0.0023362955544143915,-0.000994568457826972,-0.014188564382493496
421,3,61,1.0,0.983169674873352,0,0,0.0,0.0,0.0,0.002172160893678665,-0.001004441175609827,-0.015481127426028252
422,3,62,1.0,0.9822532534599304,0,0,0.0,0.0,0.0,0.0018016498070210218,-0.0010171872563660145,-0.020039718598127365
423,3,63,1.0,0.9822246432304382,0,0,0.25,0.0,0.0,0.001747846370562911,-0.001031762221828103,-0.02030821144580841
424,3,64,1.0,0.9842653870582581,0,0,0.0,0.0,0.0,0.008164430037140846,-0.0009521197061985731,-0.058305662125349045
425,3,65,1.0,0.9844118356704712,0,0,0.0,0.0,0.0,0.004914144519716501,-0.0010699962731450796,-0.13447509706020355
426,3,66,1.0,0.9873839616775513,0,0,0.0,0.0,0.0,0.005567428655922413,0.0017702258192002773,-0.19537900388240814
427,3,67,1.0,0.9869459867477417,0,0,0.0,0.0,0.0,0.00434158043935895,0.0012857620604336262,-0.1916871815919876
428,3,68,1.0,0.9868009090423584,0,0,0.0,0.0,0.0,0.003886821214109659,0.0018548350781202316,-0.23707568645477295
429,3,69,1.0,0.9867691993713379,0,0,0.0,0.0,-0.5,0.0036924900487065315,0.0017764335498213768,-0.23767003417015076
430,3,70,1.0,1.0140451192855835,0,0,0.0,0.0,-0.5,6.405659951269627e-05,-0.0003129130636807531,-0.5399717688560486
431,3,71,1.0,1.0121806859970093,0,0,0.0,0.0,-0.5,-0.000894345692358911,-0.0007612722693011165,-0.5680862069129944
432,3,72,1.0,1.007419228553772,0,0,0.0,0.0,-0.5,-0.0009093895205296576,-0.001308404142037034,-0.5844265222549438
433,3,73,1.0,1.0000723600387573,0,0,0.0,0.0,-0.5,-0.003563609905540943,-0.002204485237598419,-0.5970511436462402
434,3,74,1.0,0.9997684955596924,0,0,0.0,0.0,-0.5,-8.837087079882622e-05,-0.0013434619177132845,-0.593340277671814
435,3,75,1.0,0.9850178956985474,0,0,0.0,0.0,-0.5,0.00039796740747988224,-0.00402909517288208,-0.5890046954154968
436,3,76,1.0,0.95331871509552,0,0,0.0,0.0,-0.5,-0.0005809516296721995,-0.001539392862468958,-0.543620228767395
437,3,77,1.0,0.9483665823936462,0,0,0.0,0.0,-0.5,-0.0014032151084393263,-0.0025149427819997072,-0.5187435746192932
438,3,78,1.0,1.4463576078414917,0,0,0.0,0.0,-0.5,-0.0038035912439227104,-0.003863353282213211,-0.10853016376495361
439,3,79,1.0,1.445751428604126,0,0,0.0,0.0,-0.5,-0.004873994737863541,-0.0042199632152915,-0.10735506564378738
440,3,80,1.0,1.9934711456298828,0,1,0.0,0.0,0.0,-0.0055425576865673065,-0.0052512409165501595,0.019687514752149582
441,3,81,1.0,1.995334506034851,0,1,0.0,0.0,0.0,-0.005560173187404871,-0.005258892197161913,0.02024838700890541
442,3,82,1.0,2.0536983013153076,0,1,0.0,0.0,0.0,-0.004892127588391304,-0.005537605378776789,0.018250063061714172
443,3,83,2.0,2.0538511276245117,1,1,0.0,0.0,0.0,-0.004871633369475603,-0.005536769982427359,0.018245123326778412
444,3,84,2.0,2.0501458644866943,1,1,0.0,0.0,0.0,-0.0008422015816904604,-0.0019158263457939029,0.004573113285005093
445,3,85,2.0,2.0511345863342285,1,1,0.0,0.0,0.0,-0.001906784251332283,-0.0016649099998176098,0.01134254690259695
446,3,86,2.0,2.037708282470703,1,1,0.0,0.0,0.0,-0.0011074896901845932,-0.0031792286317795515,0.01289066020399332
447,3,87,2.0,2.040295362472534,1,1,0.0,0.0,0.0,-0.0013488350668922067,-0.003249840810894966,0.01256530825048685
448,3,88,2.0,2.052795886993408,1,1,0.0,0.0,0.0,-0.001384248142130673,-0.004494085442274809,0.00835776049643755
449,3,89,2.0,2.0583202838897705,1,1,0.0,0.0,0.0,-0.0009626842802390456,-0.005451351869851351,0.004529307596385479
450,3,90,2.0,2.0717833042144775,1,1,0.0,0.0,0.0,0.0010747879277914762,-0.0056676859967410564,-0.004849642049521208
451,3,91,2.0,1.9927611351013184,1,1,0.0,0.0,0.0,-0.0005548433400690556,-0.005664501804858446,-0.006198115646839142
452,3,92,2.0,1.4572759866714478,1,0,0.0,0.0,0.0,-0.003353486768901348,-0.008705918677151203,0.13624553382396698
453,3,93,1.0,1.4306738376617432,0,0,0.0,0.0,0.0,-0.003455442376434803,-0.007921283133327961,0.14815069735050201
454,3,94,1.0,1.0537389516830444,0,0,0.0,0.0,0.0,-0.0007951493025757372,-0.0075805168598890305,0.3314097821712494
455,3,95,1.0,1.0274648666381836,0,0,0.0,0.0,0.0,-0.0008935483638197184,-0.006770269479602575,0.3486405909061432
456,3,96,1.0,0.9970580339431763,0,0,0.0,0.0,0.5,-0.0012288260040804744,-0.007528368383646011,0.3998996615409851
457,3,97,1.0,0.9816427230834961,0,0,0.0,0.0,0.5,-0.004054769407957792,-0.0112329525873065,0.5280763506889343
458,3,98,1.0,0.9746701121330261,0,0,0.0,0.0,0.5,-0.002431514672935009,-0.00999534409493208,0.5602102279663086
459,3,99,1.0,0.9823927879333496,0,0,0.0,0.0,0.5,-0.0054359170608222485,-0.00565729895606637,0.5576870441436768
460,3,100,1.0,0.980408787727356,0,0,0.0,0.0,0.5,-0.005264150444418192,-0.006174999754875898,0.5561315417289734
461,3,101,1.0,0.9839004874229431,0,0,0.0,0.0,0.5,-0.004864162299782038,-0.006387151312083006,0.5650739669799805
462,3,102,1.0,0.9862931370735168,0,0,0.0,0.0,0.5,-0.006261133123189211,-0.004596319980919361,0.5631728172302246
463,3,103,1.0,0.9853107929229736,0,0,0.0,0.0,0.5,-0.006872650235891342,-0.0018379299435764551,0.5557315349578857
464,3,104,1.0,0.9867441654205322,0,0,0.0,0.0,0.5,-0.0051037329249084,-0.002075288211926818,0.5690821409225464
465,3,105,1.0,0.9864132404327393,0,0,0.0,0.0,0.5,-0.006099011283367872,-0.0020872466266155243,0.5651584267616272
466,4,0,1.0,0.980613648891449,0,0,0.0,0.0,0.0,-0.1255955696105957,-0.019270429387688637,0.011208265088498592
467,4,1,1.0,0.9755973815917969,0,0,0.0,0.0,0.0,-0.14134080708026886,-0.015046890825033188,0.00012908410280942917
468,4,2,1.0,0.9737639427185059,0,0,0.0,0.0,0.0,-0.15356287360191345,-0.013085433281958103,-0.001438705250620842
469,4,3,1.0,0.9742203950881958,0,0,0.0,0.0,0.0,-0.1512024700641632,-0.013899718411266804,0.0011873934417963028
470,4,4,1.0,0.9754343628883362,0,0,0.0,0.0,0.0,-0.16797028481960297,-0.006196422036737204,-0.0019396012648940086
471,4,5,1.0,0.9755091667175293,0,0,0.0,0.0,0.0,-0.1675199568271637,-0.006351927760988474,-0.0012160902842879295
472,4,6,1.0,0.9756986498832703,0,0,0.0,0.0,0.0,-0.18986764550209045,0.0022380200680345297,-0.005638486240059137
473,4,7,1.0,0.9757040739059448,0,0,0.0,0.0,0.0,-0.18978619575500488,0.0022169752046465874,-0.005469886586070061
474,4,8,1.0,0.9746567606925964,0,0,0.0,0.0,0.0,-0.18692000210285187,0.0008038152009248734,-0.005438584368675947
475,4,9,1.0,0.9746614694595337,0,0,0.0,0.0,0.0,-0.1869029998779297,0.0007987814024090767,-0.005395787302404642
476,4,10,1.0,0.9760777950286865,0,0,0.0,0.0,0.0,-0.1847485452890396,-0.0008071836200542748,-0.0028248541057109833
477,4,11,1.0,0.9760791063308716,0,0,0.0,0.0,0.0,-0.18474484980106354,-0.0008084283908829093,-0.002814254257827997
478,4,12,1.0,0.975415825843811,0,0,0.0,0.0,0.0,-0.18440879881381989,-0.0006373067735694349,-0.0037213284522295
479,4,13,1.0,0.9754161834716797,0,0,0.0,0.0,0.0,-0.18440793454647064,-0.0006375577067956328,-0.0037186001427471638
480,4,14,1.0,0.975416362285614,0,0,0.0,0.0,0.0,-0.1844075471162796,-0.0006376695237122476,-0.0037171626463532448
481,4,15,1.0,0.9754164218902588,0,0,0.0,0.0,0.0,-0.1844073385000229,-0.0006377440877258778,-0.003716462291777134
482,4,16,1.0,0.9820738434791565,0,0,-0.25,0.0,0.0,-0.20364181697368622,0.015912968665361404,-0.014341548085212708
483,4,17,1.0,0.9925010800361633,0,0,-0.25,0.0,0.0,-0.2658655643463135,0.022015366703271866,-0.02311340719461441
484,4,18,1.0,1.0092922449111938,0,0,-0.25,0.0,0.0,-0.2776415944099426,0.02432517521083355,-0.015477972105145454
485,4,19,1.0,1.012549877166748,0,0,-0.25,0.0,0.0,-0.2804701626300812,0.02444833517074585,-0.01798335276544094
486,4,20,1.0,1.0141420364379883,0,0,-0.25,0.0,0.0,-0.28737306594848633,0.024685297161340714,-0.010191112756729126
487,4,21,1.0,1.0105466842651367,0,0,-0.25,0.0,0.0,-0.2881614863872528,0.022602610290050507,-0.008502640761435032
488,4,22,1.0,1.0192365646362305,0,0,-0.25,0.0,0.0,-0.2908734083175659,0.023774728178977966,-0.01445052120834589
489,4,23,1.0,1.0241540670394897,0,0,-0.25,0.0,0.0,-0.292264848947525,0.02249794825911522,-0.017497053369879723
490,4,24,1.0,1.0090904235839844,0,0,-0.25,0.0,0.0,-0.28457188606262207,0.002665093634277582,-0.01360365841537714
491,4,25,1.0,1.0009329319000244,0,0,-0.25,0.0,0.0,-0.2822234630584717,-0.009417018853127956,-0.01834116503596306
492,4,26,1.0,0.984819233417511,0,0,-0.25,0.0,0.0,-0.2153732180595398,-0.10911275446414948,-0.02447747439146042
493,4,27,1.0,0.9809352159500122,0,0,0.0,0.0,0.0,-0.18109814822673798,-0.156005859375,-0.015551043674349785
494,4,28,1.0,0.9849974513053894,0,0,0.0,0.0,0.0,-0.06727880984544754,-0.2507665753364563,-0.005023421719670296
495,4,29,1.0,0.9807337522506714,0,0,0.0,0.0,0.0,-0.017441755160689354,-0.2687918543815613,0.0008306009694933891
496,4,30,1.0,0.978335440158844,0,0,0.0,0.0,0.0,-0.0027914983220398426,-0.2768665850162506,-0.0032007605768740177
497,4,31,1.0,0.9783456325531006,0,0,0.0,-0.25,0.0,0.002965726424008608,-0.27719011902809143,-0.0029471153393387794
498,4,32,1.0,0.9882290363311768,0,0,0.0,-0.25,0.0,-0.006801690440624952,-0.2788527309894562,-0.0037357411347329617
499,4,33,1.0,0.9834938645362854,0,0,0.0,-0.25,0.0,-0.004855062812566757,-0.2792058289051056,-0.0018011671490967274
500,4,34,1.0,0.9871764183044434,0,0,0.0,-0.25,0.0,-0.010951142758131027,-0.2707386612892151,-0.005165124777704477
501,4,35,1.0,0.9919106364250183,0,0,0.0,-0.25,0.0,-0.00045487104216590524,-0.27717188000679016,0.002014424651861191
502,4,36,1.0,0.9922292232513428,0,0,0.0,-0.25,0.0,-0.004663910251110792,-0.2840280532836914,0.010340551845729351
503,4,37,1.0,0.9915378093719482,0,0,0.0,-0.25,0.0,0.0009539842139929533,-0.28179389238357544,0.01456329133361578
504,4,38,1.0,0.9902880191802979,0,0,0.0,-0.25,0.0,-0.0013873131247237325,-0.27375781536102295,0.015609475784003735
505,4,39,1.0,0.9855796694755554,0,0,0.0,-0.25,0.0,-0.003998917527496815,-0.2494046688079834,0.012262488715350628
506,4,40,1.0,0.9904497265815735,0,0,0.0,0.0,0.0,-0.002819881308823824,-0.16711640357971191,-0.0012949644587934017
507,4,41,1.0,0.9872010946273804,0,0,0.0,0.0,0.0,0.001979849999770522,-0.09063293784856796,-0.007404148578643799
508,4,42,1.0,0.9802013635635376,0,0,0.0,0.0,0.0,-0.0005640892777591944,-0.06259936094284058,-0.0031908052042126656
509,4,43,1.0,0.9796121716499329,0,0,0.0,0.0,0.0,-0.0009093675180338323,-0.05732208490371704,-0.0032765204086899757
510,4,44,1.0,0.9785915017127991,0,0,0.0,0.0,0.0,-0.004303875379264355,-0.03656172752380371,-0.005968145560473204
511,4,45,1.0,0.9786043167114258,0,0,0.0,0.0,0.0,-0.004446056205779314,-0.035774022340774536,-0.006329073570668697
512,4,46,1.0,0.9823439121246338,0,0,0.0,-0.25,0.0,-0.0044434997253119946,-0.03266257792711258,-0.007707906421273947
513,4,47,1.0,0.9878336191177368,0,0,0.0,-0.25,0.0,-0.004283864051103592,-0.03321722149848938,-0.006723788566887379
514,4,48,1.0,0.9885897636413574,0,0,0.0,0.0,0.0,-0.003252325113862753,-0.02529848739504814,-0.010086837224662304
515,4,49,1.0,0.9933708906173706,0,0,0.0,0.0,0.0,-0.005619990173727274,-0.013536622747778893,-0.013347698375582695
516,4,50,1.0,0.9897094964981079,0,0,0.0,0.0,0.0,-0.00451871519908309,-0.0078024594113230705,-0.013701207935810089
517,4,51,1.0,0.9890031218528748,0,0,0.0,0.0,0.0,-0.005051878746598959,-0.006614304147660732,-0.014690342359244823
518,4,52,1.0,0.9917731285095215,0,0,0.0,0.0,0.0,-0.006668186746537685,-0.005217991303652525,-0.013439267873764038
519,4,53,1.0,0.9917037487030029,0,0,0.0,0.0,0.0,-0.006733987480401993,-0.004960769787430763,-0.013491546735167503
520,4,54,1.0,0.9913545846939087,0,0,0.0,-0.25,0.0,-0.0063887182623147964,-0.004483579657971859,-0.013709006831049919
521,4,55,1.0,1.000028371810913,0,0,0.0,0.0,0.0,-0.0073554376140236855,-0.00941519346088171,-0.009029213339090347
522,4,56,1.0,0.995120108127594,0,0,0.0,0.0,0.0,-0.01065588928759098,-0.005158402491360903,-0.0008144816383719444
523,4,57,1.0,0.995941162109375,0,0,0.0,0.0,0.0,-0.011277467012405396,-0.0026078568771481514,-0.0011856518685817719
524,4,58,1.0,0.9888353943824768,0,0,0.0,0.0,0.0,-0.011563461273908615,-0.0026451810263097286,0.005209942348301411
525,4,59,1.0,0.988639235496521,0,0,0.0,0.0,0.0,-0.01168464682996273,-0.002377317752689123,0.005011131055653095
526,4,60,1.0,0.98616623878479,0,0,-0.25,0.0,0.0,-0.012014679610729218,-0.002892173593863845,0.011092851869761944
527,4,61,1.0,0.9840128421783447,0,0,-0.25,0.0,0.0,-0.014926319941878319,-0.0021794664207845926,0.013568402267992496
528,4,62,1.0,0.9855992794036865,0,0,-0.25,0.0,0.0,-0.011992888525128365,-0.004062125459313393,-0.004421431105583906
529,4,63,1.0,0.9860347509384155,0,0,0.0,0.0,0.0,-0.013290353119373322,-0.0049946503713727,-0.0034906286746263504
530,4,64,1.0,0.9835551977157593,0,0,0.0,0.0,0.0,-0.004744615871459246,-0.001460583764128387,-0.005957264918833971
531,4,65,1.0,0.985435962677002,0,0,0.0,0.0,0.0,-0.0037355581298470497,-0.0005115134990774095,0.0009918147698044777
532,4,66,1.0,0.9839193224906921,0,0,0.0,0.0,0.0,-0.0026176897808909416,-0.0001507783163106069,0.006179945543408394
533,4,67,1.0,0.9839680790901184,0,0,0.0,0.0,0.0,-0.002339571248739958,7.644883589819074e-05,0.006281611509621143
534,4,68,1.0,0.9771438241004944,0,0,0.0,0.0,0.0,-0.0010623181005939841,0.0010669230250641704,-0.10704607516527176
535,4,69,1.0,0.9771085381507874,0,0,-0.25,0.0,0.0,-0.0010192031040787697,0.0011058385716751218,-0.10721886903047562
536,4,70,1.0,0.9779956340789795,0,0,0.0,0.0,0.0,-0.003805269952863455,-0.002774415537714958,-0.010396027006208897
537,4,71,1.0,0.9796265363693237,0,0,0.0,0.0,0.0,-0.0025507607497274876,0.00037715904181823134,-0.0033259554766118526
538,4,72,1.0,0.9795256853103638,0,0,0.0,0.0,0.0,-0.0023879618383944035,0.0001803562045097351,-0.011231619864702225
539,4,73,1.0,0.979418158531189,0,0,0.0,0.0,0.0,-0.0018204778898507357,0.0005173171521164477,-0.018156562000513077
540,4,74,1.0,0.9732180833816528,0,0,0.0,0.0,0.0,-0.0010736200492829084,0.0006471914239227772,-0.1255064457654953
541,4,75,1.0,0.9730794429779053,0,0,0.0,0.0,0.0,-0.0009932483080774546,0.0007121919188648462,-0.12628178298473358
542,4,76,1.0,0.9716819524765015,0,0,0.0,0.0,0.0,-0.0014163795858621597,0.00077846460044384,-0.1877090483903885
543,4,77,1.0,0.9716697335243225,0,0,0.0,0.0,-0.5,-0.0014050905592739582,0.000786648946814239,-0.1877705603837967
544,4,78,1.0,0.9983182549476624,0,0,0.0,0.0,-0.5,7.811153773218393e-05,-0.0031315977685153484,-0.4727917015552521
545,4,79,1.0,1.0043647289276123,0,0,0.0,0.0,-0.5,-0.0005246832151897252,-0.00015563267515972257,-0.5296963453292847
546,4,80,1.0,1.007814645767212,0,0,0.0,0.0,-0.5,-0.0011262301122769713,-0.0009129215031862259,-0.5552774667739868
547,4,81,1.0,1.0049575567245483,0,0,0.0,0.0,-0.5,-0.0001959062647074461,-0.0022008696105331182,-0.5669794678688049
548,4,82,1.0,0.9957746863365173,0,0,0.0,0.0,-0.5,-0.0019568856805562973,-0.004606039263308048,-0.5660024285316467
549,4,83,1.0,0.9955446720123291,0,0,0.0,0.0,-0.5,-0.00014569144695997238,-0.006250356324017048,-0.5650411248207092
550,4,84,1.0,0.9830759763717651,0,0,0.0,0.0,-0.5,-0.001659442437812686,-0.006087140645831823,-0.5719653367996216
551,4,85,1.0,0.9645164012908936,0,0,0.0,0.0,-0.5,0.0004054479068145156,-0.0008070160401985049,-0.5741027593612671
552,4,86,1.0,0.9507887363433838,0,0,0.0,0.0,-0.5,-0.0023867955897003412,-0.00014981241838540882,-0.5248404741287231
553,4,87,1.0,0.9728984236717224,0,0,0.0,0.0,-0.5,0.0020283914636820555,0.00014689812087453902,-0.4527028799057007
554,4,88,1.0,1.477811574935913,0,0,0.0,0.0,-0.5,0.0003808921901509166,-0.004293132107704878,-0.09649570286273956
555,4,89,1.0,1.5470259189605713,0,1,0.0,0.0,-0.5,0.00038523715920746326,-0.005359720904380083,-0.06827432662248611
556,4,90,1.0,1.926353931427002,0,1,0.0,0.0,0.0,-0.0016640967223793268,-0.00586058059707284,0.014416649006307125
557,4,91,1.0,1.9212141036987305,0,1,0.0,0.0,0.0,-0.0018428831826895475,-0.005700314417481422,0.01399186346679926
558,4,92,1.0,2.02022123336792,0,1,0.0,0.0,0.0,-0.0011968188919126987,-0.0035373668652027845,0.016362231224775314
559,4,93,1.0,2.019679307937622,0,1,0.0,0.0,0.0,-0.001365103293210268,-0.0035085862036794424,0.016743402928113937
560,4,94,2.0,2.0323657989501953,1,1,0.0,0.0,0.0,-0.0017881336389109492,-0.003742264350876212,0.01447466854006052
561,4,95,2.0,2.0496554374694824,1,1,0.0,0.0,0.0,-0.0017302647465839982,-0.003027848433703184,-0.004956093151122332
562,4,96,2.0,2.036227226257324,1,1,0.0,0.0,0.0,-0.003673665225505829,-0.006638499442487955,-0.005027641076594591
563,4,97,2.0,2.0383481979370117,1,1,0.0,0.0,0.0,-0.0024006045423448086,-0.0020334681030362844,0.009191022254526615
564,4,98,2.0,2.0453062057495117,1,1,0.0,0.0,0.0,-0.0013795458944514394,-0.002322861459106207,0.011673531495034695
565,4,99,2.0,2.046691656112671,1,1,0.0,0.0,0.0,-0.0015440573915839195,-0.0020133412908762693,0.008183014579117298
566,4,100,2.0,2.0470762252807617,1,1,0.0,0.0,0.0,-0.0006337403319776058,-0.0031294149812310934,0.00482883770018816
567,4,101,2.0,2.046964168548584,1,1,0.0,0.0,0.0,-0.0005172855453565717,-0.003167090704664588,0.005475834012031555
568,4,102,2.0,2.0666794776916504,1,1,0.0,0.0,0.0,0.000638923142105341,-0.004912444856017828,-0.007651412859559059
569,4,103,2.0,2.0707478523254395,1,1,0.0,0.0,0.0,0.00132830161601305,-0.005981554742902517,-0.01702258363366127
570,4,104,1.0,1.9052224159240723,0,1,0.0,0.0,0.0,-0.0005824368563480675,-0.008929483592510223,-0.0010463818907737732
571,4,105,1.0,1.9669487476348877,0,1,0.0,0.0,0.0,0.001268862746655941,-0.007358404342085123,-0.010592086240649223
572,4,106,1.0,1.211017370223999,0,0,0.0,0.0,0.0,-0.0018175126751884818,-0.006313944235444069,0.15052098035812378
573,4,107,1.0,1.1909059286117554,0,0,0.0,0.0,0.0,-0.0029194136150181293,-0.007401793729513884,0.17081931233406067
574,4,108,1.0,1.0733461380004883,0,0,0.0,0.0,0.0,-0.0019025560468435287,-0.009673267602920532,0.27006906270980835
575,4,109,1.0,1.0222532749176025,0,0,0.0,0.0,0.5,-0.0025880481116473675,-0.009176371619105339,0.3152380883693695
576,4,110,1.0,0.9795644879341125,0,0,0.0,0.0,0.5,-0.008740205317735672,-0.008295790292322636,0.49483832716941833
577,4,111,1.0,0.9855394959449768,0,0,0.0,0.0,0.5,-0.009474391117691994,-0.008071504533290863,0.5413644313812256
578,4,112,1.0,0.97602778673172,0,0,0.0,0.0,0.5,-0.007552226074039936,-0.004928275477141142,0.5570388436317444
579,4,113,1.0,0.9789181351661682,0,0,0.0,0.0,0.5,-0.006342172157019377,-0.007620339281857014,0.5612066984176636
580,4,114,1.0,0.9856500625610352,0,0,0.0,0.0,0.5,-0.006239917129278183,-0.007538536563515663,0.5617731809616089
581,4,115,1.0,0.9807009100914001,0,0,0.0,0.0,0.5,-0.005828820634633303,-0.007424467243254185,0.5631129741668701
582,4,116,1.0,0.9791692495346069,0,0,0.0,0.0,0.5,-0.004315067548304796,-0.0043878271244466305,0.5377171039581299
583,4,117,1.0,0.9849367141723633,0,0,0.0,0.0,0.5,-0.0037296132650226355,-0.004594580736011267,0.5394906401634216
584,4,118,1.0,0.9854903817176819,0,0,0.0,0.0,0.5,-0.002161017619073391,-0.0066475109197199345,0.5340156555175781
585,5,0,1.0,0.9843235611915588,0,0,0.0,0.0,0.0,0.19393625855445862,0.0022877550218254328,-0.003697180189192295
586,5,1,1.0,0.9807836413383484,0,0,0.0,0.0,0.0,0.18978816270828247,0.0028496994636952877,-0.007441096939146519
587,5,2,1.0,0.9790521860122681,0,0,0.0,0.0,0.0,0.20096777379512787,0.0007365463534370065,-0.009342740289866924
588,5,3,1.0,0.9784729480743408,0,0,0.0,0.0,0.0,0.204255148768425,0.0005233598058111966,-0.007434655912220478
589,5,4,1.0,0.9787609577178955,0,0,0.0,0.0,0.0,0.2089006006717682,-0.000702769379131496,-0.005571635439991951
590,5,5,1.0,0.9789431095123291,0,0,0.0,0.0,0.0,0.2092372328042984,-0.0007758797146379948,-0.005193441640585661
591,5,6,1.0,0.9777346253395081,0,0,0.0,0.0,0.0,0.21538802981376648,-0.002587818307802081,-0.0008285660296678543
592,5,7,1.0,0.9777818918228149,0,0,0.0,0.0,0.0,0.2154596447944641,-0.002611794974654913,-0.0007099071517586708
593,5,8,1.0,0.9805313348770142,0,0,0.0,0.0,0.0,0.21891921758651733,-0.002017354127019644,-0.000927354209125042
594,5,9,1.0,0.9805444478988647,0,0,0.0,0.0,0.0,0.21893644332885742,-0.002023438923060894,-0.0008931206539273262
595,5,10,1.0,0.9787282347679138,0,0,0.25,0.0,0.0,0.22471410036087036,-0.005241143051534891,-3.7925317883491516e-05
596,5,11,1.0,0.9874950647354126,0,0,0.25,0.0,0.0,0.2511919438838959,-0.011984789744019508,0.0055770669132471085
597,5,12,1.0,1.0041829347610474,0,0,0.25,0.0,0.0,0.2618122398853302,-0.014435876160860062,0.0017467327415943146
598,5,13,1.0,1.0086867809295654,0,0,0.25,0.0,0.0,0.26714640855789185,-0.013999220915138721,0.006303397007286549
599,5,14,1.0,1.0062161684036255,0,0,0.25,0.0,0.0,0.269548624753952,-0.019373321905732155,0.0030892174690961838
600,5,15,1.0,0.9953249096870422,0,0,0.25,0.0,0.0,0.2718127965927124,-0.017133457586169243,-0.002413663547486067
601,5,16,1.0,1.0038554668426514,0,0,0.25,0.0,0.0,0.26990604400634766,-0.016768958419561386,0.002237606793642044
602,5,17,1.0,0.9964677095413208,0,0,0.25,0.0,0.0,0.2680739760398865,-0.017769502475857735,0.0043980833142995834
603,5,18,1.0,0.9997214078903198,0,0,0.25,0.0,0.0,0.24733208119869232,-0.0025483225472271442,0.0028884373605251312
604,5,19,1.0,0.9971392154693604,0,0,0.0,0.0,0.0,0.17885586619377136,0.05840754508972168,1.5688128769397736e-05
605,5,20,1.0,1.0033891201019287,0,0,0.0,0.0,0.0,0.038084741681814194,0.19345112144947052,-0.0017004203982651234
606,5,21,1.0,0.9934701323509216,0,0,0.0,0.0,0.0,-0.004924541339278221,0.22836598753929138,-0.0018016002140939236
607,5,22,1.0,0.9957431554794312,0,0,0.0,0.0,0.0,-0.012584229931235313,0.23775562644004822,-0.0030041495338082314
608,5,23,1.0,0.9943934679031372,0,0,0.0,0.0,0.0,-0.01680135726928711,0.23791584372520447,-0.003819333389401436
609,5,24,1.0,0.9946579337120056,0,0,0.0,0.25,0.0,-0.019719330593943596,0.23504024744033813,-0.0012979144230484962
610,5,25,1.0,0.988588273525238,0,0,0.0,0.25,0.0,-0.009097618982195854,0.24372942745685577,0.002956349402666092
611,5,26,1.0,0.9783069491386414,0,0,0.0,0.25,0.0,-0.015962686389684677,0.2528580129146576,0.008842709474265575
612,5,27,1.0,0.9611401557922363,0,0,0.0,0.25,0.0,-0.00400861632078886,0.26150962710380554,0.003480026498436928
613,5,28,1.0,0.978331446647644,0,0,0.0,0.25,0.0,-0.012488840147852898,0.27420109510421753,0.003201243467628956
614,5,29,1.0,0.9789102673530579,0,0,0.0,0.25,0.0,-0.010483339428901672,0.2719602882862091,0.005253308452665806
615,5,30,1.0,0.997115433216095,0,0,0.0,0.25,0.0,-0.010081248357892036,0.27252936363220215,0.0005904817953705788
616,5,31,1.0,1.0014593601226807,0,0,0.0,0.25,0.0,-0.00784553773701191,0.2662355899810791,0.0024716826155781746
617,5,32,1.0,0.9930820465087891,0,0,0.0,0.25,0.0,-0.005909591447561979,0.14811107516288757,0.0030078478157520294
618,5,33,1.0,0.991305410861969,0,0,0.0,0.0,0.0,0.0010170598980039358,0.09677039831876755,-0.001954718492925167
619,5,34,1.0,0.9936726093292236,0,0,0.0,0.0,0.0,-0.0015034455573186278,0.04204782098531723,-0.008754417300224304
620,5,35,1.0,0.9905989170074463,0,0,0.0,0.0,0.0,-0.00010783446487039328,0.02268795110285282,-0.008495436981320381
621,5,36,1.0,0.9852263331413269,0,0,0.0,0.0,0.0,-0.003500936320051551,0.010885808616876602,-0.007808800786733627
622,5,37,1.0,0.9851250648498535,0,0,0.0,0.0,0.0,-0.0034602803643792868,0.009451295249164104,-0.007553912233561277
623,5,38,1.0,0.9842652082443237,0,0,0.0,0.0,0.0,-0.004179191775619984,0.009492700919508934,-0.002347241621464491
624,5,39,1.0,0.9842154383659363,0,0,0.0,0.25,0.0,-0.004154074937105179,0.009289232082664967,-0.0022813319228589535
625,5,40,1.0,0.989756166934967,0,0,0.0,0.0,0.0,-0.0009854240342974663,0.009812739677727222,-0.005458282306790352
626,5,41,1.0,0.9902512431144714,0,0,0.0,0.0,0.0,-0.0024107119534164667,0.006610868964344263,-0.0006654597818851471
627,5,42,1.0,0.9870210289955139,0,0,0.0,0.0,0.0,-0.0011900580720975995,0.0035470775328576565,-0.002962694503366947
628,5,43,1.0,0.9873133897781372,0,0,0.0,0.0,0.0,-0.0010859069880098104,0.00241454946808517,-0.003665017429739237
629,5,44,1.0,0.9926451444625854,0,0,0.0,0.0,0.0,0.0010689971968531609,0.0011614782270044088,-0.00221338402479887
630,5,45,1.0,0.9925594925880432,0,0,0.0,0.0,0.0,0.0010758789721876383,0.0010521120857447386,-0.0021514049731194973
631,5,46,1.0,0.9935367107391357,0,0,0.0,0.25,0.0,-5.074287764728069e-05,0.0010628594318404794,-0.0021078959107398987
632,5,47,1.0,1.004412055015564,0,0,0.0,0.0,0.0,0.0010155497584491968,0.006111159920692444,-0.0027175014838576317
633,5,48,1.0,0.9969781041145325,0,0,0.0,0.0,0.0,0.0029805218800902367,0.0015154341235756874,-0.00587192177772522
634,5,49,1.0,0.9973393678665161,0,0,0.0,0.0,0.0,0.004483405500650406,0.0013519005151465535,-0.004191721323877573
635,5,50,1.0,0.9956986904144287,0,0,0.0,0.0,0.0,0.0030570938251912594,0.0003050276427529752,0.007123333401978016
636,5,51,1.0,0.9955582618713379,0,0,0.0,0.0,0.0,0.003040431998670101,8.562210132367909e-05,0.007313280366361141
637,5,52,1.0,0.9964795708656311,0,0,0.25,0.0,0.0,0.002727826125919819,0.0005333604640327394,0.007976152934134007
638,5,53,1.0,0.9984208941459656,0,0,0.25,0.0,0.0,0.006473698187619448,-0.001314058667048812,0.01130023691803217
639,5,54,1.0,1.0009422302246094,0,0,0.0,0.0,0.0,0.007608774583786726,-0.0010568543802946806,-0.009553649462759495
640,5,55,1.0,0.9850471019744873,0,0,0.0,0.0,0.0,0.001162071479484439,-0.001334630185738206,0.012625507079064846
641,5,56,1.0,0.986027717590332,0,0,0.0,0.0,0.0,0.0028935917653143406,-0.0001274836395168677,-0.015595538541674614
642,5,57,1.0,0.986228883266449,0,0,0.0,0.0,0.0,0.0020722420886158943,7.261379505507648e-05,-0.015255071222782135
643,5,58,1.0,0.9852034449577332,0,0,0.0,0.0,0.0,0.0020831027068197727,0.0019018964376300573,-0.015598585829138756
644,5,59,1.0,0.9851291179656982,0,0,0.0,0.0,0.0,0.0019669535104185343,0.0019060992635786533,-0.01602650061249733
645,5,60,1.0,0.9846867918968201,0,0,0.25,0.0,0.0,0.0021394845098257065,0.0015491667436435819,-0.019670460373163223
646,5,61,1.0,0.985717236995697,0,0,0.0,0.0,0.0,0.006431763991713524,0.0009407036704942584,-0.014083840884268284
647,5,62,1.0,0.9862930178642273,0,0,0.0,0.0,0.0,0.002344192238524556,-0.001819889061152935,-0.009655218571424484
648,5,63,1.0,0.9823077917098999,0,0,0.0,0.0,0.0,0.0019728282932192087,0.0005269463872537017,-0.02464606612920761
649,5,64,1.0,0.9820054173469543,0,0,0.0,0.0,0.0,-3.737781662493944e-05,0.0010307305492460728,-0.01818826235830784
650,5,65,1.0,0.9817905426025391,0,0,0.0,0.0,0.0,-0.00035995361395180225,0.0010520388605073094,-0.01901208981871605
651,5,66,1.0,0.9804564714431763,0,0,0.0,0.0,0.0,0.0002539184642955661,0.0011059640673920512,-0.023281782865524292
652,5,67,1.0,0.9804196357727051,0,0,0.0,0.0,0.0,0.00019490800332278013,0.0011074424255639315,-0.023497462272644043
653,5,68,1.0,0.9795231819152832,0,0,0.0,0.0,0.0,0.0003847039770334959,0.0017129636835306883,-0.02530757337808609
654,5,69,1.0,0.9795140027999878,0,0,0.0,0.0,0.0,0.00037369446363300085,0.0017130791675299406,-0.025354716926813126
655,5,70,1.0,0.9751831293106079,0,0,0.0,0.0,-0.5,-0.00023550516925752163,0.0005556377000175416,-0.07627449929714203
656,5,71,1.0,0.9995733499526978,0,0,0.0,0.0,-0.5,-0.0026460126973688602,-0.0029539777897298336,-0.494791716337204
657,5,72,1.0,1.015018343925476,0,0,0.0,0.0,-0.5,-0.0005824873805977404,-0.0020881895907223225,-0.5521855354309082
658,5,73,1.0,1.0112978219985962,0,0,0.0,0.0,-0.5,-0.0005828174180351198,-0.003216615878045559,-0.5651812553405762
659,5,74,1.0,1.0088727474212646,0,0,0.0,0.0,-0.5,-0.0011592403752729297,-0.0008955315570347011,-0.567882239818573
660,5,75,1.0,1.0056793689727783,0,0,0.0,0.0,-0.5,-0.0009617130272090435,-0.002160297706723213,-0.5798766613006592
661,5,76,1.0,0.9952272772789001,0,0,0.0,0.0,-0.5,0.000384329236112535,-0.0005329633713699877,-0.5938217043876648
662,5,77,1.0,0.9820665121078491,0,0,0.0,0.0,-0.5,0.00022702780552208424,-0.0025429183151572943,-0.5938851833343506
663,5,78,1.0,0.9576181173324585,0,0,0.0,0.0,-0.5,-0.00012067286297678947,-0.001719192718155682,-0.5623055100440979
664,5,79,1.0,0.956213116645813,0,0,0.0,0.0,-0.5,-0.001813180628232658,-0.0011516469530761242,-0.5255999565124512
665,5,80,1.0,1.107177972793579,0,0,0.0,0.0,-0.5,-0.0012997811427339911,0.001526997541077435,-0.25897476077079773
666,5,81,1.0,1.121745228767395,0,0,0.0,0.0,-0.5,-0.001433484605513513,0.0015884182648733258,-0.24592874944210052
667,5,82,1.0,1.6562628746032715,0,1,0.0,0.0,0.0,-0.003425491275265813,-0.0001362947659799829,-0.033326227217912674
668,5,83,1.0,1.6597464084625244,0,1,0.0,0.0,0.0,-0.0034765643067657948,-0.0002455906942486763,-0.03177071735262871
669,5,84,1.0,1.8402026891708374,0,1,0.0,0.0,0.0,-0.005000079981982708,-0.0004939570790156722,0.001042162999510765
670,5,85,2.0,1.8406546115875244,1,1,0.0,0.0,0.0,-0.005027939099818468,-0.0005481761181727052,0.001279217191040516
671,5,86,2.0,2.0547852516174316,1,1,0.0,0.0,0.0,-0.0016735355602577329,0.00016821036115288734,0.007853836752474308
672,5,87,2.0,2.047039270401001,1,1,0.0,0.0,0.0,-0.0037137626204639673,-0.0012968326918780804,0.015382635407149792
673,5,88,2.0,2.0591533184051514,1,1,0.0,0.0,0.0,-0.002382165752351284,-0.00388556020334363,0.005465265363454819
674,5,89,2.0,2.0598554611206055,1,1,0.0,0.0,0.0,-0.002160097472369671,-0.005219793412834406,0.0029228925704956055
675,5,90,2.0,2.0629162788391113,1,1,0.0,0.0,0.0,-0.0013285628519952297,-0.0058219656348228455,-0.0070424387231469154
676,5,91,2.0,2.068415641784668,1,1,0.0,0.0,0.0,-0.0004617503145709634,-0.00433418108150363,-0.008582308888435364
677,5,92,2.0,1.7045917510986328,1,1,0.0,0.0,0.0,-0.0048837363719940186,-0.0072610042989254,0.04881872609257698
678,5,93,2.0,1.7047638893127441,1,1,0.0,0.0,0.0,-0.0048850541934370995,-0.007235425058752298,0.047815952450037
679,5,94,1.0,1.0991342067718506,0,0,0.0,0.0,0.0,-0.00539579289034009,-0.006472534500062466,0.27458715438842773
680,5,95,1.0,1.0984605550765991,0,0,0.0,0.0,0.0,-0.005320029333233833,-0.006389981135725975,0.2750687897205353
681,5,96,1.0,1.1305924654006958,0,0,0.0,0.0,0.0,-0.004336846061050892,-0.006596035789698362,0.24577686190605164
682,5,97,1.0,1.130387306213379,0,0,0.0,0.0,0.0,-0.004333386197686195,-0.006638480816036463,0.246038019657135
683,5,98,1.0,0.9881306886672974,0,0,0.0,0.0,0.0,-0.003963330760598183,-0.005523382686078548,0.36261186003685
684,5,99,1.0,0.9879790544509888,0,0,0.0,0.0,0.5,-0.003933502361178398,-0.005413528066128492,0.3626213073730469
685,5,100,1.0,0.9679433107376099,0,0,0.0,0.0,0.5,-0.00470691779628396,-0.007610385771840811,0.5138177275657654
686,5,101,1.0,0.971153736114502,0,0,0.0,0.0,0.5,-0.00494835339486599,-0.006602935492992401,0.5501272082328796
687,5,102,1.0,0.979435920715332,0,0,0.0,0.0,0.5,-0.004692066460847855,-0.005614090245217085,0.5505625009536743
688,5,103,1.0,0.9839636087417603,0,0,0.0,0.0,0.5,-0.0047654882073402405,-0.00595887890085578,0.5610056519508362
689,5,104,1.0,0.9776734709739685,0,0,0.0,0.0,0.5,-0.0033386750146746635,-0.007180473767220974,0.5669300556182861
690,5,105,1.0,0.9804903864860535,0,0,0.0,0.0,0.5,-0.006454049609601498,-0.007669613230973482,0.5712836980819702
691,5,106,1.0,0.9872502684593201,0,0,0.0,0.0,0.5,-0.005957973655313253,-0.0017617634730413556,0.5349327325820923
692,5,107,1.0,0.996116042137146,0,0,0.0,0.0,0.5,-0.004499512724578381,0.0018634863663464785,0.5284463763237
693,5,108,1.0,0.9877213835716248,0,0,0.0,0.0,0.5,-0.004768640734255314,0.004540064837783575,0.5377192497253418
694,6,0,1.0,0.9914568066596985,0,0,0.0,0.0,0.0,-0.17223022878170013,0.008536913432180882,0.00696579460054636
695,6,1,1.0,0.9889326691627502,0,0,0.0,0.0,0.0,-0.1909426748752594,0.009750972501933575,0.0009913593530654907
696,6,2,1.0,0.9922155141830444,0,0,0.0,0.0,0.0,-0.20243896543979645,0.009927209466695786,0.0038523664698004723
697,6,3,1.0,0.9922796487808228,0,0,0.0,0.0,0.0,-0.20051880180835724,0.009595115669071674,0.005543542094528675
698,6,4,1.0,0.9910009503364563,0,0,0.0,0.0,0.0,-0.22103556990623474,0.010748626664280891,0.00011203531175851822
699,6,5,1.0,0.9910523295402527,0,0,0.0,0.0,0.0,-0.22071556746959686,0.010668263770639896,0.0006356388330459595
700,6,6,1.0,0.9879090785980225,0,0,0.0,0.0,0.0,-0.23744003474712372,0.00964594166725874,-0.006451193243265152
701,6,7,1.0,0.9879103302955627,0,0,0.0,0.0,0.0,-0.23740215599536896,0.009627506136894226,-0.00629388727247715
702,6,8,1.0,0.9891155362129211,0,0,-0.25,0.0,0.0,-0.24718141555786133,0.009418230503797531,-0.010119592770934105
703,6,9,1.0,0.9906505942344666,0,0,-0.25,0.0,0.0,-0.27071133255958557,0.0029153733048588037,-0.01101591344922781
704,6,10,1.0,1.002833366394043,0,0,-0.25,0.0,0.0,-0.2801799476146698,-0.0011421444360166788,-0.014047471806406975
705,6,11,1.0,1.0076185464859009,0,0,-0.25,0.0,0.0,-0.2846490442752838,-0.000953781942371279,-0.013556040823459625
706,6,12,1.0,1.007928490638733,0,0,-0.25,0.0,0.0,-0.28772446513175964,-0.005252833478152752,-0.014526656828820705
707,6,13,1.0,1.0027579069137573,0,0,-0.25,0.0,0.0,-0.2880946099758148,-0.0068808491341769695,-0.015628142282366753
708,6,14,1.0,1.0013527870178223,0,0,-0.25,0.0,0.0,-0.289966881275177,-0.006028448697179556,-0.0127991558983922
709,6,15,1.0,0.9980144500732422,0,0,-0.25,0.0,0.0,-0.2920462191104889,-0.003461922286078334,-0.016413258388638496
710,6,16,1.0,0.993110179901123,0,0,-0.25,0.0,0.0,-0.27856558561325073,0.002726573497056961,-0.01214403472840786
711,6,17,1.0,1.0029700994491577,0,0,-0.25,0.0,0.0,-0.24855156242847443,0.026304686442017555,-0.017743568867444992
712,6,18,1.0,0.9993502497673035,0,0,-0.25,0.0,0.0,-0.19949223101139069,0.078020840883255,-0.011428479105234146
713,6,19,1.0,0.9981213808059692,0,0,0.0,0.0,0.0,-0.13113215565681458,0.1566077321767807,-0.006766334641724825
714,6,20,1.0,0.9789080619812012,0,0,0.0,0.0,0.0,-0.0426088385283947,0.23260286450386047,0.0026723621413111687
715,6,21,1.0,0.9754191040992737,0,0,0.0,0.0,0.0,-0.020881734788417816,0.24056854844093323,-0.006778952665627003
716,6,22,1.0,0.984767496585846,0,0,0.0,0.0,0.0,-0.010093757882714272,0.24029777944087982,-0.008421697653830051
717,6,23,1.0,0.9834058880805969,0,0,0.0,0.0,0.0,-0.009148450568318367,0.23863014578819275,-0.009697401896119118
718,6,24,1.0,0.9788953065872192,0,0,0.0,0.25,0.0,-0.003947583958506584,0.23721858859062195,-0.0064156195148825645
719,6,25,1.0,0.9808530211448669,0,0,0.0,0.25,0.0,-0.007070769555866718,0.24117593467235565,-0.0004269378259778023
720,6,26,1.0,0.9805594086647034,0,0,0.0,0.25,0.0,-0.001166311209090054,0.2496301829814911,-0.0007093334570527077
721,6,27,1.0,0.984272301197052,0,0,0.0,0.25,0.0,-0.0044569773599505424,0.25883743166923523,-0.004580735228955746
722,6,28,1.0,0.9789410829544067,0,0,0.0,0.25,0.0,-0.002120756544172764,0.262492299079895,-0.0003827465698122978
723,6,29,1.0,0.9853485822677612,0,0,0.0,0.25,0.0,0.002649769652634859,0.2659699022769928,0.0053942762315273285
724,6,30,1.0,0.99079829454422,0,0,0.0,0.25,0.0,-0.004175207577645779,0.27219143509864807,0.007021537981927395
725,6,31,1.0,0.9918172359466553,0,0,0.0,0.25,0.0,0.0026878989301621914,0.27407556772232056,0.010033941827714443
726,6,32,1.0,0.9937372803688049,0,0,0.0,0.25,0.0,-0.004734142683446407,0.1888662427663803,0.008485977537930012
727,6,33,1.0,0.9858087301254272,0,0,0.0,0.25,0.0,-0.003121616318821907,0.08881835639476776,0.006573767401278019
728,6,34,1.0,0.9886527061462402,0,0,0.0,0.0,0.0,-0.004142451100051403,0.0354699045419693,0.0020200777798891068
729,6,35,1.0,0.9869563579559326,0,0,0.0,0.0,0.0,-0.004243922419846058,0.018422873690724373,-0.002581153530627489
730,6,36,1.0,0.9837644100189209,0,0,0.0,0.0,0.0,-0.005183075554668903,0.011849590577185154,-0.0070462413132190704
731,6,37,1.0,0.9826488494873047,0,0,0.0,0.0,0.0,-0.005292897112667561,0.008604958653450012,-0.009272056631743908
732,6,38,1.0,0.98587965965271,0,0,0.0,0.0,0.0,-0.006359104532748461,0.009240162558853626,-0.0032065878622233868
733,6,39,1.0,0.9857892394065857,0,0,0.0,0.0,0.0,-0.006375172175467014,0.008982107043266296,-0.0031848233193159103
734,6,40,1.0,0.9860585331916809,0,0,0.0,0.25,0.0,-0.00738254701718688,0.008480144664645195,-0.0036474992521107197
735,6,41,1.0,0.9881848692893982,0,0,0.0,0.25,0.0,-0.006157023832201958,0.01141229085624218,-0.010377681814134121
736,6,42,1.0,0.9899090528488159,0,0,0.0,0.0,0.0,-0.008224155753850937,0.010655488818883896,-0.00990151334553957
737,6,43,1.0,0.9869559407234192,0,0,0.0,0.0,0.0,-0.010975003242492676,0.006185842677950859,-0.010830545797944069
738,6,44,1.0,0.991637647151947,0,0,0.0,0.0,0.0,-0.013555239886045456,0.0007858463795855641,-0.00260933768004179
739,6,45,1.0,0.9934478998184204,0,0,0.0,0.0,0.0,-0.012645598500967026,-0.0008212317479774356,-0.0055531952530145645
740,6,46,1.0,0.9868687391281128,0,0,0.0,0.0,0.0,-0.012529334053397179,-0.0017282943008467555,0.005092796869575977
741,6,47,1.0,0.9868961572647095,0,0,0.0,0.0,0.0,-0.012570522725582123,-0.001871098531410098,0.005031567998230457
742,6,48,1.0,0.9855706691741943,0,0,0.0,0.0,0.0,-0.012142622843384743,-0.0017306547379121184,0.000988297164440155
743,6,49,1.0,0.9855716228485107,0,0,-0.25,0.0,0.0,-0.012147542089223862,-0.0017605075845494866,0.0009576454758644104
744,6,50,1.0,0.9894632697105408,0,0,-0.25,0.0,0.0,-0.010333968326449394,0.0020465294364839792,0.0010643787682056427
745,6,51,1.0,0.9837539792060852,0,0,0.0,0.0,0.0,-0.008449203334748745,0.0018135665450245142,-0.009785889647901058
746,6,52,1.0,0.9837247133255005,0,0,0.0,0.0,0.0,-0.005678968504071236,0.0008729998953640461,-0.0008430592715740204
747,6,53,1.0,0.9848403930664062,0,0,0.0,0.0,0.0,-0.004311894997954369,-1.1368043487891555e-05,0.006317685358226299
748,6,54,1.0,0.9827526211738586,0,0,0.0,0.0,0.0,0.0009958450682461262,0.0005085538723506033,0.0009109191596508026
749,6,55,1.0,0.9828797578811646,0,0,0.0,0.0,0.0,0.001296477159485221,0.0004276852705515921,0.0007195286452770233
750,6,56,1.0,0.9799045324325562,0,0,0.0,0.0,0.0,0.0017515041399747133,-0.0005253665731288493,-0.0008591599762439728
751,6,57,1.0,0.9799285531044006,0,0,-0.25,0.0,0.0,0.0017880932427942753,-0.0005381114897318184,-0.0007556052878499031
752,6,58,1.0,0.9806357026100159,0,0,0.0,0.0,0.0,-0.0020258238073438406,0.0010539196664467454,-0.009130856022238731
753,6,59,1.0,0.9822528958320618,0,0,0.0,0.0,0.0,-6.56831543892622e-05,0.001556476461701095,-0.010233662091195583
754,6,60,1.0,0.9799193739891052,0,0,0.0,0.0,0.0,-0.0006508576334454119,-0.0003451735246926546,-0.05333485081791878
755,6,61,1.0,0.9796975255012512,0,0,0.0,0.0,0.0,0.0002475996734574437,-0.0005960382404737175,-0.06620059907436371
756,6,62,1.0,0.9808757305145264,0,0,0.0,0.0,0.0,-0.000122388475574553,-0.0010933263693004847,-0.1840479075908661
757,6,63,1.0,0.9808896780014038,0,0,0.0,0.0,0.0,-1.7179991118609905e-05,-0.0011297306045889854,-0.18443581461906433
758,6,64,1.0,0.9802391529083252,0,0,0.0,0.0,0.0,-0.00024586357176303864,-0.001638061716221273,-0.23242992162704468
759,6,65,1.0,0.9802463054656982,0,0,0.0,0.0,-0.5,-0.00022923038341104984,-0.0016422172775492072,-0.2324826568365097
760,6,66,1.0,1.003947377204895,0,0,0.0,0.0,-0.5,-0.0008211495005525649,0.0006909898947924376,-0.52879399061203
761,6,67,1.0,1.005204200744629,0,0,0.0,0.0,-0.5,-0.0009886068291962147,-0.0010783546604216099,-0.5549488663673401
762,6,68,1.0,1.003006100654602,0,0,0.0,0.0,-0.5,-0.0021274429745972157,-0.0007847947417758405,-0.5596532225608826
763,6,69,1.0,1.0041455030441284,0,0,0.0,0.0,-0.5,-0.0007502533844672143,-0.0012248186394572258,-0.5558955669403076
764,6,70,1.0,0.9994272589683533,0,0,0.0,0.0,-0.5,-0.0002330038696527481,-0.0020895227789878845,-0.5690476894378662
765,6,71,1.0,0.9843511581420898,0,0,0.0,0.0,-0.5,-0.0006939034210518003,-0.005108174867928028,-0.575007438659668
766,6,72,1.0,0.971023440361023,0,0,0.0,0.0,-0.5,0.00031846563797444105,-0.005814692005515099,-0.5694916844367981
767,6,73,1.0,0.9565871953964233,0,0,0.0,0.0,-0.5,-0.0005609499639831483,-0.0071095735765993595,-0.5564591884613037
768,6,74,1.0,0.9529201984405518,0,0,0.0,0.0,-0.5,-0.0007808755617588758,-0.002323421183973551,-0.4759470820426941
769,6,75,1.0,0.9751095771789551,0,0,0.0,0.0,-0.5,-0.003937648143619299,-0.0006968677625991404,-0.4296592175960541
770,6,76,1.0,1.8597488403320312,0,1,0.0,0.0,-0.5,-0.004573375452309847,0.0015992004191502929,0.01543299201875925
771,6,77,1.0,1.8787131309509277,0,1,0.0,0.0,0.0,-0.005071964114904404,0.0010684144217520952,0.021008290350437164
772,6,78,1.0,2.0573463439941406,0,1,0.0,0.0,0.0,-0.003692364552989602,0.0005368115962482989,0.02040623500943184
773,6,79,1.0,2.0576930046081543,0,1,0.0,0.0,0.0,-0.0036800734233111143,0.00044530630111694336,0.020539890974760056
774,6,80,1.0,2.0574073791503906,0,1,0.0,0.0,0.0,-0.003540539415553212,0.0008149495115503669,0.01918157935142517
775,6,81,2.0,2.0575523376464844,1,1,0.0,0.0,0.0,-0.003560985904186964,0.0007743444293737411,0.019177913665771484
776,6,82,2.0,2.05928111076355,1,1,0.0,0.0,0.0,-0.002738489769399166,-0.00017027802823577076,0.00485723651945591
777,6,83,2.0,2.053133726119995,1,1,0.0,0.0,0.0,-0.002711434615775943,-0.0006283738766796887,0.007276429794728756
778,6,84,2.0,2.042651414871216,1,1,0.0,0.0,0.0,-0.0026856018230319023,-0.003685791976749897,0.00930450577288866
779,6,85,2.0,2.044328212738037,1,1,0.0,0.0,0.0,0.0011044899001717567,-0.001974178245291114,0.010658065788447857
780,6,86,2.0,2.0453479290008545,1,1,0.0,0.0,0.0,0.00045492127537727356,-0.002078150399029255,0.00936183612793684
781,6,87,2.0,2.0484325885772705,1,1,0.0,0.0,0.0,0.0010232566855847836,-0.0027268279809504747,0.008324735797941685
782,6,88,2.0,2.0665369033813477,1,1,0.0,0.0,0.0,-0.0016678088577464223,-0.004795626737177372,0.0018931077793240547
783,6,89,2.0,2.073434591293335,1,1,0.0,0.0,0.0,-0.0011704504722729325,-0.005240180995315313,-0.00451084366068244
784,6,90,2.0,1.5546053647994995,1,1,0.0,0.0,0.0,-0.002155956579372287,-0.007274238858371973,0.12165504693984985
785,6,91,2.0,1.328593373298645,1,0,0.0,0.0,0.0,-0.0043123033829033375,-0.007124677300453186,0.13549219071865082
786,6,92,1.0,1.0663814544677734,0,0,0.0,0.0,0.0,-0.0015282673994079232,-0.006670174654573202,0.29088345170021057
787,6,93,1.0,1.0034584999084473,0,0,0.0,0.0,0.0,-0.0009942475007846951,-0.005060385912656784,0.37279462814331055
788,6,94,1.0,1.077042579650879,0,0,0.0,0.0,0.0,-0.005024316255003214,-0.005606197752058506,0.257651686668396
789,6,95,1.0,1.0223027467727661,0,0,0.0,0.0,0.5,-0.002003950998187065,-0.0036866124719381332,0.33615294098854065
790,6,96,1.0,0.9719897508621216,0,0,0.0,0.0,0.5,-0.0023751026019454002,-0.006914425175637007,0.5133270025253296
791,6,97,1.0,0.9775679111480713,0,0,0.0,0.0,0.5,-0.003127396572381258,-0.005242297425866127,0.5428858399391174
792,6,98,1.0,0.9858165383338928,0,0,0.0,0.0,0.5,-0.0026529068127274513,-0.00417704414576292,0.5678614377975464
793,6,99,1.0,0.9913268685340881,0,0,0.0,0.0,0.5,-0.0025193283800035715,-0.0041193002834916115,0.5551439523696899
794,6,100,1.0,0.9933948516845703,0,0,0.0,0.0,0.5,-0.00474458746612072,-0.003554713446646929,0.5632430911064148
795,6,101,1.0,0.9913623929023743,0,0,0.0,0.0,0.5,-0.00453520193696022,-0.003648356767371297,0.5623422265052795
796,6,102,1.0,0.992169201374054,0,0,0.0,0.0,0.5,-0.004835057538002729,-0.002917539095506072,0.54712975025177
797,6,103,1.0,0.9888519644737244,0,0,0.0,0.0,0.5,-0.004577653016895056,0.0029721371829509735,0.47610995173454285
798,6,104,1.0,0.9925600290298462,0,0,0.0,0.0,0.5,-0.0037853543180972338,0.0007533213356509805,0.5058660507202148
799,7,0,1.0,0.9840096235275269,0,0,0.0,0.0,0.0,0.1992078423500061,-0.0070512788370251656,0.014658131636679173
800,7,1,1.0,0.9822196364402771,0,0,0.0,0.0,0.0,0.19748938083648682,-0.0067436243407428265,0.009304947219789028
801,7,2,1.0,0.9810001850128174,0,0,0.0,0.0,0.0,0.20376792550086975,-0.008217534981667995,0.008769632317125797
802,7,3,1.0,0.9810397624969482,0,0,0.0,0.0,0.0,0.20473794639110565,-0.008490943349897861,0.009985840879380703
803,7,4,1.0,0.9786554574966431,0,0,0.0,0.0,0.0,0.21588364243507385,-0.007911301217973232,0.008030257187783718
804,7,5,1.0,0.9786393642425537,0,0,0.0,0.0,0.0,0.2160983830690384,-0.007964315824210644,0.008347799070179462
805,7,6,1.0,0.9761962890625,0,0,0.0,0.0,0.0,0.23299026489257812,-0.005403838120400906,0.0027156751602888107
806,7,7,1.0,0.9761989116668701,0,0,0.0,0.0,0.0,0.23303930461406708,-0.005415681283921003,0.002784518525004387
807,7,8,1.0,0.9737633466720581,0,0,0.0,0.0,0.0,0.23646396398544312,-0.005213052034378052,0.0030914833769202232
808,7,9,1.0,0.9737634658813477,0,0,0.0,0.0,0.0,0.23647494614124298,-0.005216012243181467,0.003110458143055439
809,7,10,1.0,0.9730010032653809,0,0,0.0,0.0,0.0,0.24112193286418915,-0.004989662207663059,0.0014931662008166313
810,7,11,1.0,0.97300124168396,0,0,0.25,0.0,0.0,0.2411244809627533,-0.004990407731384039,0.0014982055872678757
811,7,12,1.0,0.9829282164573669,0,0,0.25,0.0,0.0,0.2633746862411499,-0.003827003063634038,0.005127878859639168
812,7,13,1.0,0.9941275715827942,0,0,0.25,0.0,0.0,0.26460087299346924,0.001755038509145379,0.00835049245506525
813,7,14,1.0,1.0004723072052002,0,0,0.25,0.0,0.0,0.2667222321033478,0.005959516391158104,0.012004691176116467
814,7,15,1.0,0.999677300453186,0,0,0.25,0.0,0.0,0.2695622742176056,0.006345460657030344,0.01341602299362421
815,7,16,1.0,0.9870068430900574,0,0,0.25,0.0,0.0,0.27491316199302673,0.01250744890421629,0.007959648035466671
816,7,17,1.0,0.994391918182373,0,0,0.25,0.0,0.0,0.275239497423172,0.010001295246183872,0.009548208676278591
817,7,18,1.0,0.9860578775405884,0,0,0.25,0.0,0.0,0.27676451206207275,0.010057833977043629,0.008233836852014065
818,7,19,1.0,0.9881793856620789,0,0,0.25,0.0,0.0,0.27396368980407715,0.00192732154391706,0.009162594564259052
819,7,20,1.0,0.9731675982475281,0,0,0.25,0.0,0.0,0.23239047825336456,-0.04155699908733368,0.008395151235163212
820,7,21,1.0,0.9748887419700623,0,0,0.0,0.0,0.0,0.17152833938598633,-0.10709281265735626,0.0077000027522444725
821,7,22,1.0,0.9731097221374512,0,0,0.0,0.0,0.0,0.04295971617102623,-0.24243047833442688,0.01050229836255312
822,7,23,1.0,0.968752384185791,0,0,0.0,0.0,0.0,0.004361647181212902,-0.25990456342697144,0.001583724282681942
823,7,24,1.0,0.9682966470718384,0,0,0.0,0.0,0.0,-0.0034926803782582283,-0.2721209228038788,0.003231278620660305
824,7,25,1.0,0.9686105847358704,0,0,0.0,0.0,0.0,-0.008589107543230057,-0.27170905470848083,0.0018688989803195
825,7,26,1.0,0.9716031551361084,0,0,0.0,-0.25,0.0,-0.004596390761435032,-0.27793675661087036,-0.004774032160639763
826,7,27,1.0,0.9727891087532043,0,0,0.0,-0.25,0.0,-0.01086052879691124,-0.2786349356174469,-0.004995186813175678
827,7,28,1.0,0.9852641820907593,0,0,0.0,-0.25,0.0,-0.0015168644022196531,-0.2773727774620056,-0.006144708022475243
828,7,29,1.0,0.9843747019767761,0,0,0.0,-0.25,0.0,-0.0011758956825360656,-0.2767292559146881,-0.007674149237573147
829,7,30,1.0,0.9856950044631958,0,0,0.0,-0.25,0.0,-0.012147258967161179,-0.2801371216773987,0.00978571642190218
830,7,31,1.0,0.9900317788124084,0,0,0.0,-0.25,0.0,-0.014592738822102547,-0.2775764763355255,0.008215299807488918
831,7,32,1.0,0.984251081943512,0,0,0.0,-0.25,0.0,-0.011065348982810974,-0.2814444601535797,0.015918519347906113
832,7,33,1.0,0.9876368641853333,0,0,0.0,-0.25,0.0,-0.012445371598005295,-0.27743422985076904,0.01718251034617424
833,7,34,1.0,0.9911306500434875,0,0,0.0,-0.25,0.0,-0.005504992790520191,-0.24414218962192535,0.007087920792400837
834,7,35,1.0,0.9863299131393433,0,0,0.0,0.0,0.0,-0.005532428156584501,-0.1399649679660797,0.014873343519866467
835,7,36,1.0,0.9849911332130432,0,0,0.0,0.0,0.0,-0.003688578959554434,-0.11009969562292099,0.010690237395465374
836,7,37,1.0,0.9797405004501343,0,0,0.0,0.0,0.0,-0.007209413684904575,-0.07345326989889145,0.004240840673446655
837,7,38,1.0,0.9824654459953308,0,0,0.0,0.0,0.0,-0.006363393738865852,-0.05887525528669357,0.0041123246774077415
838,7,39,1.0,0.9822508096694946,0,0,0.0,0.0,0.0,-0.006841456983238459,-0.05518419295549393,0.0026945993304252625
839,7,40,1.0,0.981601357460022,0,0,0.0,0.0,0.0,-0.006764743011444807,-0.040254145860672,-0.0016958070918917656
840,7,41,1.0,0.9816411733627319,0,0,0.0,-0.25,0.0,-0.006809733808040619,-0.03968016803264618,-0.002013967838138342
841,7,42,1.0,0.9814034104347229,0,0,0.0,0.0,0.0,-0.003896215232089162,-0.03396744281053543,0.0036066407337784767
842,7,43,1.0,0.9792243838310242,0,0,0.0,0.0,0.0,-0.006265869364142418,-0.021705184131860733,0.0015944736078381538
843,7,44,1.0,0.9803270101547241,0,0,0.0,0.0,0.0,-0.00506033468991518,-0.0083607267588377,0.0038306284695863724
844,7,45,1.0,0.9805014133453369,0,0,0.0,0.0,0.0,-0.005095119588077068,-0.007133955135941505,0.0031285444274544716
845,7,46,1.0,0.983622670173645,0,0,0.0,0.0,0.0,-0.0027126267086714506,-0.009880072437226772,-0.00196907389909029
846,7,47,1.0,0.9836134910583496,0,0,0.0,0.0,0.0,-0.0027472779620438814,-0.009738979861140251,-0.0020735417492687702
847,7,48,1.0,0.9832509756088257,0,0,0.0,-0.25,0.0,-0.0025327284820377827,-0.009950936771929264,-0.0017208592034876347
848,7,49,1.0,0.9869076013565063,0,0,0.0,0.0,0.0,0.0010845495853573084,-0.012558064423501492,0.002632489427924156
849,7,50,1.0,0.9910127520561218,0,0,0.0,0.0,0.0,0.001097600208595395,-0.007292141672223806,-0.0014465553686022758
850,7,51,1.0,0.9902793765068054,0,0,0.0,0.0,0.0,0.00020361749920994043,-0.006813216023147106,-0.0039007537998259068
851,7,52,1.0,0.990574300289154,0,0,0.0,0.0,0.0,0.00127134146168828,-0.004350581206381321,-0.00524534098803997
852,7,53,1.0,0.9905339479446411,0,0,0.0,0.0,0.0,0.0011920491233468056,-0.0041204579174518585,-0.0054201348684728146
853,7,54,1.0,0.9914956092834473,0,0,0.0,0.0,0.0,0.0007895957678556442,-0.00245498726144433,-0.00782698392868042
854,7,55,1.0,0.991503119468689,0,0,0.0,0.0,0.0,0.000773940933868289,-0.002421820070594549,-0.007839178666472435
855,7,56,1.0,0.9904682636260986,0,0,0.0,0.0,0.0,0.0014493511989712715,-0.0023085144348442554,-0.007314956746995449
856,7,57,1.0,0.9904714822769165,0,0,0.0,-0.25,0.0,0.001446202164515853,-0.002300848253071308,-0.0073181563057005405
857,7,58,1.0,0.9965469837188721,0,0,0.0,0.0,0.0,0.0042755939066410065,-0.004692163318395615,-0.003244320396333933
858,7,59,1.0,0.9994949102401733,0,0,0.0,0.0,0.0,0.0014768012333661318,-0.0025385008193552494,0.00011627748608589172
859,7,60,1.0,0.9887672662734985,0,0,0.0,0.0,0.0,0.0009360061958432198,-0.0029859808273613453,0.006444169208407402
860,7,61,1.0,0.9887201189994812,0,0,0.0,0.0,0.0,0.0011018584482371807,-0.002272120676934719,0.004281340166926384
861,7,62,1.0,0.9849812388420105,0,0,0.0,0.0,0.0,0.00042393594048917294,-0.003909372258931398,0.011414219625294209
862,7,63,1.0,0.9849685430526733,0,0,0.0,0.0,0.0,0.00039419380482286215,-0.0038341388572007418,0.011417328380048275
863,7,64,1.0,0.983639121055603,0,0,0.25,0.0,0.0,-3.2944721169769764e-05,-0.004213118925690651,0.013540084473788738
864,7,65,1.0,0.9841548204421997,0,0,0.0,0.0,0.0,0.004436848685145378,-0.003403662471100688,0.001794799230992794
865,7,66,1.0,0.9851837158203125,0,0,0.0,0.0,0.0,0.0031565632671117783,-0.0024692355655133724,0.001091749407351017
866,7,67,1.0,0.9853999614715576,0,0,0.0,0.0,0.0,0.0019688832107931376,-0.002698398195207119,0.0014022942632436752
867,7,68,1.0,0.986276388168335,0,0,0.0,0.0,0.0,0.0011916181538254023,-0.0023970408365130424,-0.005810871720314026
868,7,69,1.0,0.9862391948699951,0,0,0.0,0.0,0.0,0.001003551296889782,-0.0024091980885714293,-0.0060473098419606686
869,7,70,1.0,0.9834271669387817,0,0,0.25,0.0,0.0,0.00014241831377148628,-0.0029379006009548903,-0.014165856875479221
870,7,71,1.0,0.9888522624969482,0,0,0.0,0.0,0.0,0.003699260763823986,-0.0008082134881988168,-0.007615080568939447
871,7,72,1.0,0.9846774935722351,0,0,0.0,0.0,0.0,0.0045106299221515656,-0.0008201882010325789,-0.014589373022317886
872,7,73,1.0,0.9830748438835144,0,0,0.0,0.0,0.0,0.0033534844405949116,-0.0007402562769129872,-0.015276264399290085
873,7,74,1.0,0.9836485385894775,0,0,0.0,0.0,0.0,0.0026980764232575893,-0.0007429869147017598,-0.01189485378563404
874,7,75,1.0,0.9835270047187805,0,0,0.0,0.0,0.0,0.0024887025356292725,-0.0008094769436866045,-0.012562895193696022
875,7,76,1.0,0.9824515581130981,0,0,0.0,0.0,0.0,0.0015364536084234715,-0.00138894934207201,-0.019057586789131165
876,7,77,1.0,0.9824222326278687,0,0,0.0,0.0,0.0,0.0015004535671323538,-0.0013995548943057656,-0.01921927183866501
877,7,78,1.0,0.9817910194396973,0,0,0.0,0.0,-0.5,0.0022352354135364294,-0.0013249700423330069,-0.015568778850138187
878,7,79,1.0,1.0104360580444336,0,0,0.0,0.0,-0.5,-0.00014588411431759596,-0.0026758494786918163,-0.5094835758209229
879,7,80,1.0,1.010985016822815,0,0,0.0,0.0,-0.5,-0.0012925950577482581,-8.963077561929822e-06,-0.5704018473625183
880,7,81,1.0,1.008811116218567,0,0,0.0,0.0,-0.5,-0.0013079537311568856,-0.0024133033584803343,-0.5819501280784607
881,7,82,1.0,1.0020664930343628,0,0,0.0,0.0,-0.5,-0.0013309958158060908,-0.002498493529856205,-0.5928160548210144
882,7,83,1.0,0.9933567047119141,0,0,0.0,0.0,-0.5,-0.0002366157714277506,-0.004219467751681805,-0.5933244824409485
883,7,84,1.0,0.977737307548523,0,0,0.0,0.0,-0.5,-0.0002667495282366872,-0.003232112620025873,-0.5885120630264282
884,7,85,1.0,0.9678793549537659,0,0,0.0,0.0,-0.5,-0.0013555820332840085,-0.004830839578062296,-0.5830497741699219
885,7,86,1.0,0.9624021649360657,0,0,0.0,0.0,-0.5,-0.002509166020900011,-0.0020580431446433067,-0.4520917236804962
886,7,87,1.0,1.0561411380767822,0,0,0.0,0.0,-0.5,-0.0002843590918928385,-0.0031185310799628496,-0.33108454942703247
887,7,88,1.0,2.033064842224121,0,1,0.0,0.0,-0.5,-0.0040434119291603565,-0.004624898079782724,0.01685980334877968
888,7,89,1.0,2.036134719848633,0,1,0.0,0.0,0.0,-0.004059698432683945,-0.004733101464807987,0.0174156054854393
889,7,90,1.0,2.0607731342315674,0,1,0.0,0.0,0.0,-0.004300541244447231,-0.0050483159720897675,0.015291689895093441
890,7,91,1.0,2.0609965324401855,0,1,0.0,0.0,0.0,-0.004281097557395697,-0.0050379373133182526,0.015245788730680943
891,7,92,2.0,2.052208662033081,1,1,0.0,0.0,0.0,-0.004034826532006264,-0.004883205518126488,0.018350284546613693
892,7,93,2.0,2.0463614463806152,1,1,0.0,0.0,0.0,-0.0009454569080844522,-8.663797052577138e-05,0.007785304449498653
893,7,94,2.0,2.046858310699463,1,1,0.0,0.0,0.0,4.641758278012276e-05,-0.002008941723033786,0.005850058048963547
894,7,95,2.0,2.0467729568481445,1,1,0.0,0.0,0.0,-0.00013516726903617382,-0.002852141624316573,0.007261835969984531
895,7,96,2.0,2.052610397338867,1,1,0.0,0.0,0.0,0.0009503667242825031,-0.0035739524755626917,0.002392585389316082
896,7,97,2.0,2.0582566261291504,1,1,0.0,0.0,0.0,0.0018938879948109388,-0.004644904751330614,0.0004146825522184372
897,7,98,2.0,2.0735394954681396,1,1,0.0,0.0,0.0,0.002676547970622778,-0.005731882993131876,-0.007353374734520912
898,7,99,2.0,2.0272138118743896,1,1,0.0,0.0,0.0,0.002076756674796343,-0.006914082448929548,-0.012118940241634846
899,7,100,2.0,1.2217872142791748,1,0,0.0,0.0,0.0,-0.0016388336662203074,-0.011357571929693222,0.19698908925056458
900,7,101,1.0,1.079419493675232,0,0,0.0,0.0,0.0,-0.001652923529036343,-0.010365884751081467,0.278452068567276
901,7,102,1.0,0.9916635155677795,0,0,0.0,0.0,0.0,-0.0016860088799148798,-0.007393134757876396,0.3704091012477875
902,7,103,1.0,1.0092014074325562,0,0,0.0,0.0,0.5,-0.0017265358474105597,-0.007740213070064783,0.35276538133621216
903,7,104,1.0,0.9792748689651489,0,0,0.0,0.0,0.5,-0.001815621042624116,-0.012447571381926537,0.5256830453872681
904,7,105,1.0,0.9753684401512146,0,0,0.0,0.0,0.5,-0.004430194851011038,-0.009285037405788898,0.5591748356819153
905,7,106,1.0,0.9800660610198975,0,0,0.0,0.0,0.5,-0.005392555613070726,-0.005898992996662855,0.5618274807929993
906,7,107,1.0,0.9844977855682373,0,0,0.0,0.0,0.5,-0.006958941929042339,-0.004418245051056147,0.5649459362030029
907,7,108,1.0,0.980255126953125,0,0,0.0,0.0,0.5,-0.004614745266735554,-0.005693242885172367,0.5452887415885925
908,7,109,1.0,0.9878896474838257,0,0,0.0,0.0,0.5,-0.007324929349124432,-0.0020215455442667007,0.5563480854034424
909,7,110,1.0,0.9839611053466797,0,0,0.0,0.0,0.5,-0.006104831583797932,-0.003046582220122218,0.534175455570221
910,7,111,1.0,0.9827938079833984,0,0,0.0,0.0,0.5,-0.00649248668923974,-0.0005218309815973043,0.5475068092346191
911,7,112,1.0,0.9849494695663452,0,0,0.0,0.0,0.5,-0.004678796045482159,-0.002443242585286498,0.5597332119941711
912,8,0,1.0,0.9806135892868042,0,0,0.0,0.0,0.0,-0.1255955696105957,-0.01927042566239834,0.011208259500563145
913,8,1,1.0,0.9755973815917969,0,0,0.0,0.0,0.0,-0.14134077727794647,-0.015046905726194382,0.00012903474271297455
914,8,2,1.0,0.9737638831138611,0,0,0.0,0.0,0.0,-0.15356291830539703,-0.013085433281958103,-0.00143866753205657
915,8,3,1.0,0.9742203950881958,0,0,0.0,0.0,0.0,-0.1512024998664856,-0.013899699784815311,0.0011873375624418259
916,8,4,1.0,0.9754344820976257,0,0,0.0,0.0,0.0,-0.16797026991844177,-0.006196419708430767,-0.0019396422430872917
917,8,5,1.0,0.9755091071128845,0,0,0.0,0.0,0.0,-0.1675199717283249,-0.006351923104375601,-0.0012161117047071457
918,8,6,1.0,0.9756986498832703,0,0,0.0,0.0,0.0,-0.18986769020557404,0.0022380324080586433,-0.0056385016068816185
919,8,7,1.0,0.9757040739059448,0,0,0.0,0.0,0.0,-0.18978624045848846,0.002216994995251298,-0.005469880066812038
920,8,8,1.0,0.9746568202972412,0,0,0.0,0.0,0.0,-0.18692003190517426,0.0008038525702431798,-0.005438658408820629
921,8,9,1.0,0.9746615886688232,0,0,-0.25,0.0,0.0,-0.18690302968025208,0.0007987963035702705,-0.005395835731178522
922,8,10,1.0,1.001207947731018,0,0,-0.25,0.0,0.0,-0.2684849500656128,0.025023750960826874,-0.014773777686059475
923,8,11,1.0,1.0049241781234741,0,0,-0.25,0.0,0.0,-0.27992743253707886,0.02603961154818535,-0.01069220993667841
924,8,12,1.0,1.0176637172698975,0,0,-0.25,0.0,0.0,-0.2766740918159485,0.027069034054875374,-0.014377692714333534
925,8,13,1.0,1.012149691581726,0,0,-0.25,0.0,0.0,-0.2852405607700348,0.023146778345108032,-0.018291208893060684
926,8,14,1.0,1.0031417608261108,0,0,-0.25,0.0,0.0,-0.28745174407958984,0.025647953152656555,-0.010119440034031868
927,8,15,1.0,1.008946418762207,0,0,-0.25,0.0,0.0,-0.28913769125938416,0.025304922834038734,-0.013011894188821316
928,8,16,1.0,1.0289546251296997,0,0,-0.25,0.0,0.0,-0.2900080680847168,0.020174073055386543,-0.020752832293510437
929,8,17,1.0,1.0017529726028442,0,0,-0.25,0.0,0.0,-0.28886282444000244,0.00496026873588562,-0.013423684984445572
930,8,18,1.0,1.005789041519165,0,0,-0.25,0.0,0.0,-0.25905877351760864,-0.036969274282455444,-0.022337842732667923
931,8,19,1.0,0.9968565106391907,0,0,0.0,0.0,0.0,-0.24118509888648987,-0.06322444975376129,-0.017772894352674484
932,8,20,1.0,0.9769526720046997,0,0,0.0,0.0,0.0,-0.09622953832149506,-0.22323907911777496,3.313552588224411e-05
933,8,21,1.0,0.9742498397827148,0,0,0.0,0.0,0.0,-0.0412905253469944,-0.24793826043605804,6.213504821062088e-05
934,8,22,1.0,0.9713806509971619,0,0,0.0,0.0,0.0,-0.01704467087984085,-0.2665414810180664,0.0018480727449059486
935,8,23,1.0,0.9718886017799377,0,0,0.0,-0.25,0.0,-0.010617682710289955,-0.2676233947277069,0.0016962839290499687
936,8,24,1.0,0.9821410775184631,0,0,0.0,-0.25,0.0,-0.010968862101435661,-0.27071860432624817,-0.000929463654756546
937,8,25,1.0,0.9768257141113281,0,0,0.0,-0.25,0.0,-0.007174248807132244,-0.2744359076023102,0.0019022459164261818
938,8,26,1.0,0.9832752346992493,0,0,0.0,-0.25,0.0,-0.01396387629210949,-0.267010897397995,0.0015894407406449318
939,8,27,1.0,0.9832709431648254,0,0,0.0,-0.25,0.0,-0.003226148895919323,-0.2793880105018616,0.01631995663046837
940,8,28,1.0,0.9854490160942078,0,0,0.0,-0.25,0.0,-0.009478433057665825,-0.2829906642436981,0.004215828143060207
941,8,29,1.0,0.9851665496826172,0,0,0.0,-0.25,0.0,-0.006328368093818426,-0.28338542580604553,0.009102380834519863
942,8,30,1.0,0.9875274300575256,0,0,0.0,-0.25,0.0,-0.007269399240612984,-0.2829257845878601,0.0151383550837636
943,8,31,1.0,0.9859938025474548,0,0,0.0,0.0,0.0,-0.011141913011670113,-0.2521604001522064,0.014831258915364742
944,8,32,1.0,0.9897472262382507,0,0,0.0,0.0,0.0,-0.005139152053743601,-0.20860068500041962,0.012570184655487537
945,8,33,1.0,0.9792508482933044,0,0,0.0,0.0,0.0,0.0035267816856503487,-0.15423394739627838,0.008700561709702015
946,8,34,1.0,0.9761285185813904,0,0,0.0,0.0,0.0,-0.002054818905889988,-0.11052507162094116,0.005652392283082008
947,8,35,1.0,0.9763892889022827,0,0,0.0,0.0,0.0,-0.002103984821587801,-0.09653645753860474,0.005002439022064209
948,8,36,1.0,0.9802734851837158,0,0,0.0,0.0,0.0,-0.003551617730408907,-0.07930855453014374,-0.00012763775885105133
949,8,37,1.0,0.9803119897842407,0,0,0.0,-0.25,0.0,-0.00361547339707613,-0.0786311998963356,-0.0002556992694735527
950,8,38,1.0,0.9884961247444153,0,0,0.0,-0.25,0.0,-0.004195726476609707,-0.05408827215433121,0.0017178095877170563
951,8,39,1.0,0.9901300072669983,0,0,0.0,0.0,0.0,-0.005799599923193455,-0.03668320178985596,-0.0051435260102152824
952,8,40,1.0,0.9871401786804199,0,0,0.0,0.0,0.0,-0.005769109819084406,-0.019061468541622162,-0.007985725998878479
953,8,41,1.0,0.9863287210464478,0,0,0.0,0.0,0.0,-0.005276102107018232,-0.01589321717619896,-0.010807443410158157
954,8,42,1.0,0.9894331097602844,0,0,0.0,0.0,0.0,-0.0056154681369662285,-0.011489278636872768,-0.009729081764817238
955,8,43,1.0,0.9893489480018616,0,0,0.0,0.0,0.0,-0.005747305694967508,-0.010922711342573166,-0.009851447306573391
956,8,44,1.0,0.9903729557991028,0,0,0.0,0.0,0.0,-0.006423997227102518,-0.009590670466423035,-0.008863281458616257
957,8,45,1.0,0.9903489351272583,0,0,0.0,-0.25,0.0,-0.006452457047998905,-0.009496794082224369,-0.008897317573428154
958,8,46,1.0,0.9947122931480408,0,0,0.0,-0.25,0.0,-0.005060465075075626,-0.01099089253693819,-0.010568632744252682
959,8,47,1.0,1.000909686088562,0,0,0.0,-0.25,0.0,-0.006779927760362625,-0.010056959465146065,-0.01357746496796608
960,8,48,1.0,1.0042822360992432,0,0,0.0,0.0,0.0,-0.010486174374818802,-0.006656037177890539,0.004427256993949413
961,8,49,1.0,1.0035258531570435,0,0,0.0,0.0,0.0,-0.013490777462720871,-0.0047415802255272865,0.005041206255555153
962,8,50,1.0,0.998063862323761,0,0,0.0,0.0,0.0,-0.014559401199221611,-0.0027135605923831463,0.00949994008988142
963,8,51,1.0,0.9970819354057312,0,0,0.0,0.0,0.0,-0.014858847483992577,-0.0015468464698642492,0.008515381254255772
964,8,52,1.0,0.9863178730010986,0,0,0.0,0.0,0.0,-0.014708742499351501,-0.002113059628754854,0.02448444813489914
965,8,53,1.0,0.9862282872200012,0,0,0.0,0.0,0.0,-0.014773871749639511,-0.0019201849354431033,0.024337582290172577
966,8,54,1.0,0.9827378988265991,0,0,-0.25,0.0,0.0,-0.014041168615221977,-0.0022898660972714424,0.024389903992414474
967,8,55,1.0,0.9802155494689941,0,0,-0.25,0.0,0.0,-0.017353881150484085,-0.0016757219564169645,0.030505474656820297
968,8,56,1.0,0.9841518402099609,0,0,0.0,0.0,0.0,-0.015704244375228882,-0.0024940657895058393,0.00932107213884592
969,8,57,1.0,0.988349199295044,0,0,0.0,0.0,0.0,-0.01069202832877636,0.0004694134695455432,0.013372362591326237
970,8,58,1.0,0.9882099628448486,0,0,0.0,0.0,0.0,-0.007144381292164326,0.0012820623815059662,0.0023443587124347687
971,8,59,1.0,0.9884693026542664,0,0,0.0,0.0,0.0,-0.006468395236879587,0.0016402495093643665,-0.00042019132524728775
972,8,60,1.0,0.987136960029602,0,0,0.0,0.0,0.0,-0.005882508121430874,0.002773426240310073,0.005399460904300213
973,8,61,1.0,0.987155020236969,0,0,-0.25,0.0,0.0,-0.005773792043328285,0.002844317816197872,0.005197304300963879
974,8,62,1.0,0.9835473895072937,0,0,-0.25,0.0,0.0,-0.00832497701048851,0.001275637187063694,0.009013333357870579
975,8,63,1.0,0.9785723090171814,0,0,0.0,0.0,0.0,-0.007126996293663979,-0.0018069366924464703,-0.004994113929569721
976,8,64,1.0,0.9770596027374268,0,0,0.0,0.0,0.0,-0.0023595099337399006,-0.0020780982449650764,-0.011327218264341354
977,8,65,1.0,0.9789310693740845,0,0,0.0,0.0,0.0,-0.00138863327447325,0.0007820982718840241,-0.000792965292930603
978,8,66,1.0,0.9743334650993347,0,0,0.0,0.0,0.0,-0.0007249676273204386,0.0017846489790827036,-0.16533923149108887
979,8,67,1.0,0.974086344242096,0,0,0.0,0.0,0.0,-0.0004199555842205882,0.0018849859479814768,-0.16894550621509552
980,8,68,1.0,0.9746350049972534,0,0,0.0,0.0,0.0,0.0006235348992049694,0.0009424267336726189,-0.23296399414539337
981,8,69,1.0,0.9746222496032715,0,0,0.0,0.0,0.0,0.0006686716806143522,0.0009675476467236876,-0.23322667181491852
982,8,70,1.0,0.9741449356079102,0,0,0.0,0.0,-0.5,0.0005940725095570087,0.0013908359687775373,-0.24547293782234192
983,8,71,1.0,1.0044405460357666,0,0,0.0,0.0,-0.5,-0.0012021340662613511,0.0002792918239720166,-0.5225605368614197
984,8,72,1.0,1.0066471099853516,0,0,0.0,0.0,-0.5,-0.002458340022712946,0.0006703367689624429,-0.5601197481155396
985,8,73,1.0,1.0081132650375366,0,0,0.0,0.0,-0.5,-0.001728563685901463,4.235570668242872e-05,-0.5626631379127502
986,8,74,1.0,1.0016260147094727,0,0,0.0,0.0,-0.5,-0.0016384825576096773,-0.0013969880528748035,-0.5659218430519104
987,8,75,1.0,0.9940080046653748,0,0,0.0,0.0,-0.5,6.530142854899168e-05,-0.003717720741406083,-0.5705982446670532
988,8,76,1.0,0.9864864349365234,0,0,0.0,0.0,-0.5,0.002206383505836129,-0.004020335152745247,-0.5801398158073425
989,8,77,1.0,0.9829384088516235,0,0,0.0,0.0,-0.5,0.0042335474863648415,-0.003520045895129442,-0.5744763016700745
990,8,78,1.0,0.9476369619369507,0,0,0.0,0.0,-0.5,-0.0003093673149123788,-0.0028500023763626814,-0.5320867896080017
991,8,79,1.0,0.9501700401306152,0,0,0.0,0.0,-0.5,0.0013729347847402096,0.001113120699301362,-0.4914352595806122
992,8,80,1.0,1.3342554569244385,0,0,0.0,0.0,-0.5,0.00016224535647779703,-0.0012084899935871363,-0.15323452651500702
993,8,81,1.0,1.4190131425857544,0,0,0.0,0.0,-0.5,-0.00011959532275795937,-0.002330421470105648,-0.1150096207857132
994,8,82,1.0,1.8524348735809326,0,1,0.0,0.0,0.0,-0.00022973841987550259,-0.003599610412493348,0.007203909568488598
995,8,83,1.0,1.863210678100586,0,1,0.0,0.0,0.0,-0.0005539684207178652,-0.0035938627552241087,0.008757202886044979
996,8,84,1.0,2.010925054550171,0,1,0.0,0.0,0.0,-0.0012362386332824826,-0.0037135148886591196,0.013835600577294827
997,8,85,2.0,2.012023687362671,1,1,0.0,0.0,0.0,-0.0012637771433219314,-0.003638679627329111,0.01372778881341219
998,8,86,2.0,2.055396556854248,1,1,0.0,0.0,0.0,-0.0008625391637906432,-0.0015920914011076093,0.0037644412368535995
999,8,87,2.0,2.0453062057495117,1,1,0.0,0.0,0.0,-0.00010068982373923063,-0.0015267833368852735,0.011056472547352314
1000,8,88,2.0,2.0404653549194336,1,1,0.0,0.0,0.0,-4.5922817662358284e-05,-0.001818380900658667,0.007244857959449291
1001,8,89,2.0,2.0387520790100098,1,1,0.0,0.0,0.0,-0.0008074918878264725,-0.0015126682119444013,0.010485111735761166
1002,8,90,2.0,2.0350942611694336,1,1,0.0,0.0,0.0,-1.2969598174095154e-05,-0.002530312165617943,0.008939630351960659
1003,8,91,2.0,2.035191059112549,1,1,0.0,0.0,0.0,-8.707563392817974e-05,-0.0024941815063357353,0.008974661119282246
1004,8,92,2.0,2.057107448577881,1,1,0.0,0.0,0.0,0.001075160689651966,-0.0034533406142145395,-0.0034885075874626637
1005,8,93,2.0,2.0571703910827637,1,1,0.0,0.0,0.0,0.0010489416308701038,-0.0034304633736610413,-0.003473423421382904
1006,8,94,2.0,2.0603268146514893,1,1,0.0,0.0,0.0,0.0008656678255647421,-0.0035322795156389475,-0.004526560660451651
1007,8,95,2.0,2.060375452041626,1,1,0.0,0.0,0.0,0.0008479850366711617,-0.0035101305693387985,-0.00451640086248517
1008,8,96,1.0,2.0601234436035156,0,1,0.0,0.0,0.0,0.0005581474397331476,-0.0035345470532774925,-0.0041874852031469345
1009,8,97,1.0,2.0601696968078613,0,1,0.0,0.0,0.0,0.0005422636168077588,-0.0035107608418911695,-0.004174898378551006
1010,8,98,1.0,2.06333065032959,0,1,0.0,0.0,0.0,0.0003703965339809656,-0.0036586446221917868,-0.006549077108502388
1011,8,99,1.0,2.063394546508789,0,1,0.0,0.0,0.0,0.00035995536018162966,-0.0036298315972089767,-0.006531825289130211
1012,8,100,1.0,2.0575568675994873,0,1,0.0,0.0,0.5,0.0006614313460886478,-0.003137946594506502,-0.0010631103068590164
1013,8,101,1.0,1.2755169868469238,0,0,0.0,0.0,0.5,-0.0024844135623425245,-0.008964568376541138,0.3329911530017853
1014,8,102,1.0,1.005837321281433,0,0,0.0,0.0,0.5,-0.004361690953373909,-0.009949836879968643,0.5208739638328552
1015,8,103,1.0,0.9791862964630127,0,0,0.0,0.0,0.5,-0.006000762805342674,-0.0050627985037863255,0.5643163919448853
1016,8,104,1.0,0.9769037365913391,0,0,0.0,0.0,0.5,-0.006194767542183399,-0.0018949485383927822,0.5755394697189331
1017,8,105,1.0,0.9739114046096802,0,0,0.0,0.0,0.5,-0.003429574193432927,-0.006309232208877802,0.5719398856163025
1018,8,106,1.0,0.9800986647605896,0,0,0.0,0.0,0.5,-0.006582370027899742,-0.0052444301545619965,0.5783240795135498
1019,8,107,1.0,0.9833887815475464,0,0,0.0,0.0,0.5,-0.005445638671517372,-0.0068406169302761555,0.5619401931762695
1020,9,0,1.0,0.9843235611915588,0,0,0.0,0.0,0.0,0.19393621385097504,0.0022877648007124662,-0.0036972127854824066
1021,9,1,1.0,0.9807835221290588,0,0,0.0,0.0,0.0,0.18978819251060486,0.0028496894519776106,-0.007441021502017975
1022,9,2,1.0,0.9790521860122681,0,0,0.0,0.0,0.0,0.20096777379512787,0.0007365363417193294,-0.009342744015157223
1023,9,3,1.0,0.9784729480743408,0,0,0.0,0.0,0.0,0.2042551338672638,0.0005233846604824066,-0.0074346656911075115
1024,9,4,1.0,0.9787608981132507,0,0,0.0,0.0,0.0,0.20890063047409058,-0.000702769379131496,-0.005571615882217884
1025,9,5,1.0,0.9789432287216187,0,0,0.0,0.0,0.0,0.2092372477054596,-0.0007758623687550426,-0.005193481221795082
1026,9,6,1.0,0.9777346849441528,0,0,0.0,0.0,0.0,0.21538802981376648,-0.0025878059677779675,-0.0008285725489258766
1027,9,7,1.0,0.9777818918228149,0,0,0.0,0.0,0.0,0.2154596447944641,-0.0026117900852113962,-0.0007099071517586708
1028,9,8,1.0,0.9805313348770142,0,0,0.0,0.0,0.0,0.21891921758651733,-0.002017346676439047,-0.0009273635223507881
1029,9,9,1.0,0.98054438829422,0,0,0.25,0.0,0.0,0.21893645823001862,-0.0020234487019479275,-0.0008930852636694908
1030,9,10,1.0,0.9954556822776794,0,0,0.25,0.0,0.0,0.2515594959259033,-0.011665042489767075,0.006063817068934441
1031,9,11,1.0,0.9966622591018677,0,0,0.25,0.0,0.0,0.25922638177871704,-0.013595093041658401,0.001776023767888546
1032,9,12,1.0,1.0171020030975342,0,0,0.25,0.0,0.0,0.2637239992618561,-0.016035502776503563,0.004560258239507675
1033,9,13,1.0,1.0052902698516846,0,0,0.25,0.0,0.0,0.27291497588157654,-0.01702800579369068,0.008439279161393642
1034,9,14,1.0,1.004955530166626,0,0,0.25,0.0,0.0,0.27143624424934387,-0.014681206084787846,0.0022246884182095528
1035,9,15,1.0,0.9960201978683472,0,0,0.25,0.0,0.0,0.27144360542297363,-0.021956760436296463,0.005094187334179878
1036,9,16,1.0,0.989238440990448,0,0,0.25,0.0,0.0,0.26429980993270874,-0.01336931437253952,0.005488160066306591
1037,9,17,1.0,0.9972031116485596,0,0,0.25,0.0,0.0,0.24870534241199493,-0.008888651616871357,0.00611184723675251
1038,9,18,1.0,1.0031054019927979,0,0,0.25,0.0,0.0,0.16621394455432892,0.08451486378908157,0.0013731764629483223
1039,9,19,1.0,1.002618670463562,0,0,0.0,0.0,0.0,0.06420151144266129,0.19931882619857788,-0.004263358656316996
1040,9,20,1.0,0.9940212368965149,0,0,0.0,0.0,0.0,0.01615193672478199,0.23801247775554657,-0.0034059323370456696
1041,9,21,1.0,0.993078887462616,0,0,0.0,0.0,0.0,-0.007038969546556473,0.24463766813278198,-0.002376717049628496
1042,9,22,1.0,0.9816341996192932,0,0,0.0,0.0,0.0,-0.012610767036676407,0.25101107358932495,-0.005617644637823105
1043,9,23,1.0,0.9788114428520203,0,0,0.0,0.25,0.0,-0.01575341820716858,0.2536679208278656,-0.005806968547403812
1044,9,24,1.0,0.9704346656799316,0,0,0.0,0.25,0.0,-0.009078902192413807,0.25410643219947815,-0.003281819634139538
1045,9,25,1.0,0.9649857878684998,0,0,0.0,0.25,0.0,-0.008694734424352646,0.2559278607368469,-0.003987207543104887
1046,9,26,1.0,0.9782441258430481,0,0,0.0,0.25,0.0,-0.005701194517314434,0.2657695710659027,0.0034118620678782463
1047,9,27,1.0,0.9781755805015564,0,0,0.0,0.25,0.0,-0.005194623954594135,0.2724752426147461,0.008308042772114277
1048,9,28,1.0,0.990007758140564,0,0,0.0,0.25,0.0,-0.005263450555503368,0.27629807591438293,0.002610960975289345
1049,9,29,1.0,0.9769517183303833,0,0,0.0,0.25,0.0,-0.005447149742394686,0.2779146432876587,-0.005617959890514612
1050,9,30,1.0,0.9888678789138794,0,0,0.0,0.25,0.0,-0.008380640298128128,0.2749824821949005,0.0010609300807118416
1051,9,31,1.0,0.9942788481712341,0,0,0.0,0.25,0.0,-0.0060737174935638905,0.25260406732559204,-0.004731432069092989
1052,9,32,1.0,0.9943082928657532,0,0,0.0,0.0,0.0,-0.004400160163640976,0.10235943645238876,-0.008768316358327866
1053,9,33,1.0,0.99399334192276,0,0,0.0,0.0,0.0,-0.003348275553435087,0.050914205610752106,-0.011838741600513458
1054,9,34,1.0,0.991477906703949,0,0,0.0,0.0,0.0,-0.0038889183197170496,0.031001636758446693,8.717458695173264e-05
1055,9,35,1.0,0.9911749362945557,0,0,0.0,0.0,0.0,-0.0051285987719893456,0.0265765693038702,0.003976977430284023
1056,9,36,1.0,0.991006076335907,0,0,0.0,0.0,0.0,-0.0057238005101680756,0.022718258202075958,-0.004903039894998074
1057,9,37,1.0,0.9908660054206848,0,0,0.0,0.0,0.0,-0.005787041038274765,0.02140524424612522,-0.004526522941887379
1058,9,38,1.0,0.9929665923118591,0,0,0.0,0.25,0.0,-0.004514239262789488,0.01659935899078846,-0.002454416360706091
1059,9,39,1.0,0.9900012612342834,0,0,0.0,0.0,0.0,-0.004619430750608444,0.03702203929424286,-0.0020981277339160442
1060,9,40,1.0,0.9815155863761902,0,0,0.0,0.0,0.0,-0.005823575891554356,0.013813682831823826,0.0019967062398791313
1061,9,41,1.0,0.9807885885238647,0,0,0.0,0.0,0.0,-0.005268287379294634,0.009719857014715672,-0.0009145969524979591
1062,9,42,1.0,0.9822954535484314,0,0,0.0,0.0,0.0,-0.006067328155040741,0.004802608862519264,-0.004322909750044346
1063,9,43,1.0,0.9821451902389526,0,0,0.0,0.0,0.0,-0.006038419436663389,0.004321438260376453,-0.004130239598453045
1064,9,44,1.0,0.9865684509277344,0,0,0.0,0.0,0.0,-0.0027090441435575485,0.004013466648757458,-0.0020885434933006763
1065,9,45,1.0,0.9865370392799377,0,0,0.0,0.25,0.0,-0.0026975530199706554,0.003952476661652327,-0.002050612587481737
1066,9,46,1.0,0.9913804531097412,0,0,0.0,0.0,0.0,-0.0014845356345176697,0.006249920465052128,-0.005517515353858471
1067,9,47,1.0,0.991769015789032,0,0,0.0,0.0,0.0,0.0006422935985028744,0.0014505317667499185,-0.004830406978726387
1068,9,48,1.0,0.9932764768600464,0,0,0.0,0.0,0.0,0.001895157853141427,0.0005225945496931672,-0.005469346418976784
1069,9,49,1.0,0.9929049611091614,0,0,0.0,0.0,0.0,0.0020424819085747004,0.00017468002624809742,-0.005036658141762018
1070,9,50,1.0,0.9949647784233093,0,0,0.0,0.0,0.0,0.0022753500379621983,0.0006249924772419035,-0.004225670825690031
1071,9,51,1.0,0.9949135184288025,0,0,0.0,0.0,0.0,0.0022787710186094046,0.0005416317726485431,-0.004168610088527203
1072,9,52,1.0,0.9949982762336731,0,0,0.0,0.0,0.0,0.0024515478871762753,0.0002590358490124345,-0.0029573035426437855
1073,9,53,1.0,0.9949831962585449,0,0,0.25,0.0,0.0,0.0024538233410567045,0.00024325470440089703,-0.002944227773696184
1074,9,54,1.0,0.9987392425537109,0,0,0.25,0.0,0.0,0.004442649893462658,-0.001406095689162612,-0.012878765352070332
1075,9,55,1.0,1.0041195154190063,0,0,0.0,0.0,0.0,0.005710299126803875,-0.001100183930248022,-0.013016622513532639
1076,9,56,1.0,0.9957976937294006,0,0,0.0,0.0,0.0,0.00025537842884659767,-0.0026434094179421663,-0.004411584697663784
1077,9,57,1.0,1.001049280166626,0,0,0.0,0.0,0.0,-0.0025848078075796366,-0.0009428110206499696,-0.009302443824708462
1078,9,58,1.0,0.9916543364524841,0,0,0.0,0.0,0.0,-0.004435041453689337,-0.0009807141032069921,-0.0030829724855720997
1079,9,59,1.0,0.9915409088134766,0,0,0.0,0.0,0.0,-0.004964230582118034,-0.0009374727960675955,-0.003550419118255377
1080,9,60,1.0,0.9849238991737366,0,0,0.0,0.0,0.0,-0.0012581960763782263,-0.00040918885497376323,-0.011899011209607124
1081,9,61,1.0,0.9848928451538086,0,0,0.0,0.0,0.0,-0.0013297199038788676,-0.0004099826910533011,-0.0121364900842309
1082,9,62,1.0,0.9866056442260742,0,0,0.0,0.25,0.0,-0.003162019420415163,-0.00119158742018044,-0.013313878327608109
1083,9,63,1.0,0.9862105846405029,0,0,0.0,0.0,0.0,-0.0022287480533123016,0.0021274129394441843,-0.010299782268702984
1084,9,64,1.0,0.9876785278320312,0,0,0.0,0.0,0.0,0.0025606341660022736,0.0026297324802726507,0.0064384471625089645
1085,9,65,1.0,0.987981379032135,0,0,0.0,0.0,0.0,0.0025107823312282562,0.0008261136244982481,-0.0012124991044402122
1086,9,66,1.0,0.9867812395095825,0,0,0.0,0.0,0.0,0.003062349744141102,0.002255009952932596,-0.005585863254964352
1087,9,67,1.0,0.9868532419204712,0,0,0.0,0.0,0.0,0.003021449316293001,0.0020214905962347984,-0.005753956735134125
1088,9,68,1.0,0.9872718453407288,0,0,0.0,0.0,0.0,0.0037947711534798145,0.0023793112486600876,-0.0003276970237493515
1089,9,69,1.0,0.9872873425483704,0,0,0.0,0.0,0.0,0.0037843631580471992,0.0023256568238139153,-0.00045060180127620697
1090,9,70,1.0,0.9847115874290466,0,0,0.0,0.25,0.0,0.0029092542827129364,0.0016264610458165407,-0.008751673623919487
1091,9,71,1.0,0.9844826459884644,0,0,0.0,0.0,0.0,0.0027751801535487175,0.008614280261099339,-0.01832260563969612
1092,9,72,1.0,0.9819190502166748,0,0,0.0,0.0,0.0,0.00297726271674037,0.005079661961644888,-0.017144879326224327
1093,9,73,1.0,0.9803772568702698,0,0,0.0,0.0,0.0,0.0027234693989157677,0.002497634384781122,-0.02923828735947609
1094,9,74,1.0,0.9816242456436157,0,0,0.0,0.0,0.0,0.001655559055507183,3.044708864763379e-05,-0.07855843007564545
1095,9,75,1.0,0.9813612103462219,0,0,0.0,0.0,0.0,0.0016322873998433352,-0.0003114583087153733,-0.0799546018242836
1096,9,76,1.0,0.9838573932647705,0,0,0.0,0.0,0.0,-0.00025503255892544985,6.234543980099261e-05,-0.16514262557029724
1097,9,77,1.0,0.9838276505470276,0,0,0.0,0.0,0.0,-0.0002640668535605073,-2.3632805095985532e-05,-0.16495366394519806
1098,9,78,1.0,0.984658420085907,0,0,0.0,0.0,-0.5,-5.3976080380380154e-05,4.399643512442708e-05,-0.16552351415157318
1099,9,79,1.0,1.00861656665802,0,0,0.0,0.0,-0.5,-0.003468933515250683,-0.00290942145511508,-0.5111401081085205
1100,9,80,1.0,1.0145268440246582,0,0,0.0,0.0,-0.5,-0.00043579412158578634,-0.0019306745380163193,-0.5500268936157227
1101,9,81,1.0,1.0076454877853394,0,0,0.0,0.0,-0.5,-0.00011752115096896887,-0.003235850716009736,-0.5639000535011292
1102,9,82,1.0,1.009975790977478,0,0,0.0,0.0,-0.5,0.0003718413645401597,-0.002546427072957158,-0.5754609107971191
1103,9,83,1.0,1.0017025470733643,0,0,0.0,0.0,-0.5,-0.0005431294557638466,-0.003844155464321375,-0.5839792490005493
1104,9,84,1.0,1.001405954360962,0,0,0.0,0.0,-0.5,0.00031223997939378023,-0.0024814740754663944,-0.5870035886764526
1105,9,85,1.0,0.992211639881134,0,0,0.0,0.0,-0.5,3.632158041000366e-07,-0.004653322510421276,-0.5950314402580261
1106,9,86,1.0,0.9663951992988586,0,0,0.0,0.0,-0.5,-0.0005447871517390013,-0.00432672630995512,-0.5758644938468933
1107,9,87,1.0,0.9587866067886353,0,0,0.0,0.0,-0.5,-0.0005930528859607875,-0.003996070474386215,-0.5602138042449951
1108,9,88,1.0,0.944409191608429,0,0,0.0,0.0,-0.5,-0.0026328377425670624,-0.002253222279250622,-0.4811168611049652
1109,9,89,1.0,0.945274829864502,0,0,0.0,0.0,-0.5,-0.0025574499741196632,-0.0021422335412353277,-0.47407862544059753
1110,9,90,1.0,1.079958200454712,0,0,0.0,0.0,0.0,-0.0012922812020406127,-0.00017454320914112031,-0.2787323594093323
1111,9,91,1.0,1.0825496912002563,0,0,0.0,0.0,0.0,-0.001343446783721447,-0.0001726753980619833,-0.2757021486759186
1112,9,92,1.0,1.4559261798858643,0,0,0.0,0.0,0.0,-0.00027254270389676094,6.765572470612824e-05,-0.09754984080791473
1113,9,93,1.0,1.4566230773925781,0,0,0.0,0.0,0.0,-0.0002865490969270468,2.559646964073181e-05,-0.09700627624988556
1114,9,94,1.0,1.6225322484970093,0,1,0.0,0.0,0.0,-0.0012181615456938744,0.0006223929231055081,-0.04764813557267189
1115,9,95,2.0,1.6224863529205322,1,1,0.0,0.0,0.0,-0.0012218619231134653,0.0005840221419930458,-0.047516874969005585
1116,9,96,2.0,2.0576260089874268,1,1,0.0,0.0,0.0,-0.00223740516230464,0.0004454879672266543,0.009739403612911701
1117,9,97,2.0,2.05726957321167,1,1,0.0,0.0,0.0,-0.0026039551012218,0.00043174298480153084,0.008600731380283833
1118,9,98,2.0,2.0740065574645996,1,1,0.0,0.0,0.0,-0.0005254746647551656,-0.002557513304054737,0.0020064925774931908
1119,9,99,2.0,2.0742979049682617,1,1,0.0,0.0,0.0,-0.0005761355278082192,-0.002493378473445773,0.0021201735362410545
1120,9,100,2.0,2.084014415740967,1,1,0.0,0.0,0.0,0.0011452892795205116,-0.003874806687235832,-0.009869196452200413
1121,9,101,2.0,2.084136486053467,1,1,0.0,0.0,0.0,0.0010996742639690638,-0.003867295105010271,-0.009894299320876598
1122,9,102,2.0,1.7335281372070312,1,1,0.0,0.0,0.0,-0.00021628825925290585,-0.005725533235818148,0.06506051123142242
1123,9,103,2.0,1.7332844734191895,1,1,0.0,0.0,0.0,-0.0002244737697765231,-0.005727278534322977,0.06516106426715851
1124,9,104,1.0,1.1099227666854858,0,0,0.0,0.0,0.0,-0.0001383590279147029,-0.008784330449998379,0.29146066308021545
1125,9,105,1.0,1.1096534729003906,0,0,0.0,0.0,0.0,-0.0001413275022059679,-0.008793066255748272,0.2916860580444336
1126,9,106,1.0,1.0338863134384155,0,0,0.0,0.0,0.0,-0.0005712695419788361,-0.008072486147284508,0.341640442609787
1127,9,107,1.0,1.0337152481079102,0,0,0.0,0.0,0.0,-0.0005719788023270667,-0.008079820312559605,0.3418181538581848
1128,9,108,1.0,0.9953508377075195,0,0,0.0,0.0,0.5,-0.0012964262859895825,-0.00774448923766613,0.37437140941619873
1129,9,109,1.0,0.9915544986724854,0,0,0.0,0.0,0.5,-0.0010538325877860188,-0.007350674830377102,0.4356357157230377
1130,9,110,1.0,0.9694933891296387,0,0,0.0,0.0,0.5,-0.002278615953400731,-0.005973494611680508,0.5473339557647705
1131,9,111,1.0,0.9783275723457336,0,0,0.0,0.0,0.5,-0.004266808275133371,-0.004134412854909897,0.5534235835075378
1132,9,112,1.0,0.9797376990318298,0,0,0.0,0.0,0.5,-0.005437385756522417,-0.0036249514669179916,0.5508897304534912
1133,9,113,1.0,0.981797456741333,0,0,0.0,0.0,0.5,-0.005930689163506031,-0.00534013332799077,0.5637806057929993
1134,9,114,1.0,0.979280412197113,0,0,0.0,0.0,0.5,-0.004792612977325916,-0.006754372734576464,0.5692775845527649
1135,9,115,1.0,0.9846720695495605,0,0,0.0,0.0,0.5,-0.004996262025088072,-0.005755449645221233,0.5676131248474121
1136,9,116,1.0,0.9850301146507263,0,0,0.0,0.0,0.5,-0.00497809611260891,-0.003485866589471698,0.566625714302063
1137,9,117,1.0,0.979079008102417,0,0,0.0,0.0,0.5,-0.00586157850921154,-0.0048165940679609776,0.5567691326141357
1138,10,0,1.0,0.9914568662643433,0,0,0.0,0.0,0.0,-0.17223022878170013,0.008536908775568008,0.006965785287320614
1139,10,1,1.0,0.9889325499534607,0,0,0.0,0.0,0.0,-0.19094273447990417,0.009750984609127045,0.0009913183748722076
1140,10,2,1.0,0.9922155141830444,0,0,0.0,0.0,0.0,-0.20243896543979645,0.009927204810082912,0.0038524027913808823
1141,10,3,1.0,0.9922796487808228,0,0,0.0,0.0,0.0,-0.20051880180835724,0.009595111012458801,0.005543563514947891
1142,10,4,1.0,0.9910008907318115,0,0,0.0,0.0,0.0,-0.22103556990623474,0.010748624801635742,0.0001120278611779213
1143,10,5,1.0,0.9910522103309631,0,0,0.0,0.0,0.0,-0.22071559727191925,0.010668274015188217,0.0006356267258524895
1144,10,6,1.0,0.9879091382026672,0,0,0.0,0.0,0.0,-0.23744003474712372,0.009645931422710419,-0.006451132707297802
1145,10,7,1.0,0.9879103899002075,0,0,0.0,0.0,0.0,-0.23740209639072418,0.0096275107935071,-0.006293897982686758
1146,10,8,1.0,0.9885261058807373,0,0,0.0,0.0,0.0,-0.23811905086040497,0.009258028119802475,-0.004721532575786114
1147,10,9,1.0,0.9885277152061462,0,0,-0.25,0.0,0.0,-0.23811209201812744,0.009252045303583145,-0.004679847043007612
1148,10,10,1.0,0.9978868961334229,0,0,-0.25,0.0,0.0,-0.27722281217575073,-0.0007900570053607225,-0.00644941721111536
1149,10,11,1.0,1.0041899681091309,0,0,-0.25,0.0,0.0,-0.2846023440361023,-0.0021286432165652514,-0.01143166609108448
1150,10,12,1.0,1.0037490129470825,0,0,-0.25,0.0,0.0,-0.2880151867866516,-0.0023608917836099863,-0.020138971507549286
1151,10,13,1.0,1.0041224956512451,0,0,-0.25,0.0,0.0,-0.2915210723876953,-0.004689390771090984,-0.027298178523778915
1152,10,14,1.0,0.9882780313491821,0,0,-0.25,0.0,0.0,-0.2931596338748932,-0.007357342168688774,-0.0156791340559721
1153,10,15,1.0,1.0009640455245972,0,0,-0.25,0.0,0.0,-0.2903467118740082,-0.006527931895107031,-0.015936285257339478
1154,10,16,1.0,0.9955804347991943,0,0,-0.25,0.0,0.0,-0.29074424505233765,0.002408600179478526,-0.01927109807729721
1155,10,17,1.0,0.9904740452766418,0,0,-0.25,0.0,0.0,-0.27455368638038635,0.010000449605286121,-0.011446774005889893
1156,10,18,1.0,1.0026228427886963,0,0,-0.25,0.0,0.0,-0.24613907933235168,0.0352349728345871,-0.015203193761408329
1157,10,19,1.0,1.004442811012268,0,0,0.0,0.0,0.0,-0.18192411959171295,0.09929061681032181,-0.017061859369277954
1158,10,20,1.0,0.9828686118125916,0,0,0.0,0.0,0.0,-0.06784015893936157,0.2112874537706375,0.0100398613139987
1159,10,21,1.0,0.9867017269134521,0,0,0.0,0.0,0.0,-0.0392177440226078,0.22221705317497253,0.00045330170542001724
1160,10,22,1.0,0.991611123085022,0,0,0.0,0.25,0.0,-0.008572762832045555,0.23274485766887665,0.0009353300556540489
1161,10,23,1.0,0.9875924587249756,0,0,0.0,0.25,0.0,-0.005602211691439152,0.23540061712265015,0.0018649157136678696
1162,10,24,1.0,0.988612949848175,0,0,0.0,0.25,0.0,-0.005852401722222567,0.2507408559322357,0.004591570235788822
1163,10,25,1.0,0.9881906509399414,0,0,0.0,0.25,0.0,-0.005640480667352676,0.25842994451522827,0.003405575640499592
1164,10,26,1.0,0.9753406047821045,0,0,0.0,0.25,0.0,-0.0006159357144497335,0.26919713616371155,0.0011732624843716621
1165,10,27,1.0,0.9829362630844116,0,0,0.0,0.25,0.0,-0.0032461138907819986,0.27356791496276855,-0.0019233599305152893
1166,10,28,1.0,0.9864770770072937,0,0,0.0,0.25,0.0,-0.003731160657480359,0.2756444811820984,0.0129484748467803
1167,10,29,1.0,1.0061829090118408,0,0,0.0,0.25,0.0,6.39219069853425e-05,0.26784977316856384,0.0017184615135192871
1168,10,30,1.0,0.9954957962036133,0,0,0.0,0.25,0.0,-0.0028591109439730644,0.19421827793121338,0.004738073796033859
1169,10,31,1.0,0.9884963631629944,0,0,0.0,0.25,0.0,0.0005799430655315518,0.13593600690364838,-0.0006454866379499435
1170,10,32,1.0,0.9860868453979492,0,0,0.0,0.0,0.0,-0.00256192940287292,0.06548096239566803,0.0013682106509804726
1171,10,33,1.0,0.9820725321769714,0,0,0.0,0.0,0.0,0.0001684677554294467,0.03391744941473007,0.0012673065066337585
1172,10,34,1.0,0.9813939332962036,0,0,0.0,0.0,0.0,-0.005339777562767267,0.018354225903749466,-0.00405821343883872
1173,10,35,1.0,0.9810588359832764,0,0,0.0,0.0,0.0,-0.005066751502454281,0.013932119123637676,-0.007268357090651989
1174,10,36,1.0,0.9848008751869202,0,0,0.0,0.0,0.0,-0.00623382767662406,0.0100259305909276,-0.005788242444396019
1175,10,37,1.0,0.9846935272216797,0,0,0.0,0.0,0.0,-0.006254433188587427,0.009690215811133385,-0.005784235894680023
1176,10,38,1.0,0.9850922226905823,0,0,0.0,0.25,0.0,-0.005571573972702026,0.00881778635084629,-0.004624142777174711
1177,10,39,1.0,0.9871922731399536,0,0,0.0,0.0,0.0,-0.006058500614017248,0.015597930178046227,-0.007972671650350094
1178,10,40,1.0,0.98466956615448,0,0,0.0,0.0,0.0,-0.005976952146738768,0.010600336827337742,-0.0038054571487009525
1179,10,41,1.0,0.9818441867828369,0,0,0.0,0.0,0.0,-0.005234997253865004,0.007755977101624012,-0.007382878102362156
1180,10,42,1.0,0.9850316643714905,0,0,0.0,0.0,0.0,-0.005747783463448286,0.0051302737556397915,-0.006329011172056198
1181,10,43,1.0,0.9849671125411987,0,0,0.0,0.0,0.0,-0.005761941894888878,0.004771468695253134,-0.006359959952533245
1182,10,44,1.0,0.9863856434822083,0,0,0.0,0.0,0.0,-0.0071548353880643845,0.003862247336655855,-0.005745347123593092
1183,10,45,1.0,0.9863815903663635,0,0,0.0,0.25,0.0,-0.007151423953473568,0.0038069365546107292,-0.0057271854020655155
1184,10,46,1.0,0.9930423498153687,0,0,0.0,0.0,0.0,-0.008454447612166405,0.007855000905692577,-0.010362098924815655
1185,10,47,1.0,0.9898537993431091,0,0,0.0,0.0,0.0,-0.011802762746810913,0.0027771233581006527,-0.008630308322608471
1186,10,48,1.0,0.9929583668708801,0,0,0.0,0.0,0.0,-0.014315342530608177,0.0002860823296941817,0.0002594711259007454
1187,10,49,1.0,0.9939007759094238,0,0,0.0,0.0,0.0,-0.013749413192272186,-0.0006291372701525688,-0.003531842492520809
1188,10,50,1.0,0.9884467124938965,0,0,0.0,0.0,0.0,-0.015337903052568436,-0.0018161385087296367,0.008758933283388615
1189,10,51,1.0,0.9884675145149231,0,0,0.0,0.0,0.0,-0.01534820906817913,-0.0019249331671744585,0.008717070333659649
1190,10,52,1.0,0.987696647644043,0,0,0.0,0.0,0.0,-0.015343829989433289,-0.0024954446125775576,0.009755373932421207
1191,10,53,1.0,0.9876981973648071,0,0,-0.25,0.0,0.0,-0.01534593477845192,-0.002516149077564478,0.00973993819206953
1192,10,54,1.0,0.9833524823188782,0,0,-0.25,0.0,0.0,-0.01806670054793358,-0.0012416838435456157,-0.00437462842091918
1193,10,55,1.0,0.9850842952728271,0,0,0.0,0.0,0.0,-0.017942538484930992,0.0005106285680085421,-0.004435299895703793
1194,10,56,1.0,0.988287091255188,0,0,0.0,0.0,0.0,-0.009025451727211475,0.0002286251401528716,-0.0012815934605896473
1195,10,57,1.0,0.9873043894767761,0,0,0.0,0.0,0.0,-0.007299361284822226,-0.001564430189318955,-0.002427813597023487
1196,10,58,1.0,0.9863589406013489,0,0,0.0,0.0,0.0,-0.005388595629483461,0.0006421228172257543,-0.0028693960048258305
1197,10,59,1.0,0.9861399531364441,0,0,0.0,0.0,0.0,-0.005078124348074198,0.0005711380508728325,-0.004037974867969751
1198,10,60,1.0,0.9863184690475464,0,0,-0.25,0.0,0.0,-0.003810867900028825,4.11570945288986e-05,-0.0023207427002489567
1199,10,61,1.0,0.9839669466018677,0,0,-0.25,0.0,0.0,-0.005238940939307213,0.0007741351146250963,-0.011401476338505745
1200,10,62,1.0,0.9803939461708069,0,0,0.0,0.0,0.0,-0.0025282292626798153,0.0016024061478674412,-0.019465580582618713
1201,10,63,1.0,0.9811345934867859,0,0,0.0,0.0,0.0,-0.0006937059806659818,0.0005640394520014524,-0.016486480832099915
1202,10,64,1.0,0.9798283576965332,0,0,0.0,0.0,0.0,-0.0010646246373653412,-0.0007847585948184133,-0.054130688309669495
1203,10,65,1.0,0.9806627035140991,0,0,0.0,0.0,0.0,8.198677096515894e-05,-0.0010230287443846464,-0.0502244308590889
1204,10,66,1.0,0.9806826710700989,0,0,0.0,0.0,0.0,-0.00022148515563458204,-0.0008712238050065935,-0.1837969273328781
1205,10,67,1.0,0.9807031750679016,0,0,0.0,0.0,0.0,-6.580224726349115e-05,-0.0009157111635431647,-0.18429259955883026
1206,10,68,1.0,0.9794349074363708,0,0,0.0,0.0,0.0,-0.00020503439009189606,-0.0014192381640896201,-0.22415243089199066
1207,10,69,1.0,0.9794420003890991,0,0,0.0,0.0,0.0,-0.00018119951710104942,-0.0014260809402912855,-0.22420983016490936
1208,10,70,1.0,0.9798496961593628,0,0,0.0,0.0,-0.5,0.0005495428340509534,-0.0019237827509641647,-0.24750326573848724
1209,10,71,1.0,1.0033113956451416,0,0,0.0,0.0,-0.5,-0.0008922553388401866,0.0009620208293199539,-0.5326001644134521
1210,10,72,1.0,1.0047154426574707,0,0,0.0,0.0,-0.5,-0.0016155359335243702,0.00011835526674985886,-0.5581607818603516
1211,10,73,1.0,1.0055171251296997,0,0,0.0,0.0,-0.5,0.00018705509137362242,-0.001504209591075778,-0.561816930770874
1212,10,74,1.0,1.0063350200653076,0,0,0.0,0.0,-0.5,0.00048024579882621765,-0.0018719504587352276,-0.5647199749946594
1213,10,75,1.0,0.9969735741615295,0,0,0.0,0.0,-0.5,1.8968130461871624e-05,-0.003942164592444897,-0.5725951790809631
1214,10,76,1.0,0.9719125628471375,0,0,0.0,0.0,-0.5,0.0016632811166346073,-0.0025311114732176065,-0.5708737969398499
1215,10,77,1.0,0.9703778624534607,0,0,0.0,0.0,-0.5,-0.00023687549401074648,-0.006411462090909481,-0.5764948725700378
1216,10,78,1.0,0.9502412676811218,0,0,0.0,0.0,-0.5,-0.0014936624793335795,-0.005256231874227524,-0.5315290689468384
1217,10,79,1.0,0.9519448280334473,0,0,0.0,0.0,-0.5,0.0010014092549681664,-0.003433945821598172,-0.5246279239654541
1218,10,80,1.0,1.8233776092529297,0,1,0.0,0.0,-0.5,-0.0028638122603297234,0.0031472579576075077,-0.004471130669116974
1219,10,81,1.0,1.8584234714508057,0,1,0.0,0.0,-0.5,-0.003606604877859354,0.002216208726167679,0.007341885007917881
1220,10,82,1.0,2.027348279953003,0,1,0.0,0.0,0.0,-0.003873226698487997,0.001066984492354095,0.02306150272488594
1221,10,83,1.0,2.028684139251709,0,1,0.0,0.0,0.0,-0.003981470130383968,0.0009286246495321393,0.023531612008810043
1222,10,84,1.0,2.0610976219177246,0,1,0.0,0.0,0.0,-0.003483894281089306,0.00023209559731185436,0.018383324146270752
1223,10,85,2.0,2.06129789352417,1,1,0.0,0.0,0.0,-0.0034722518175840378,0.0001652577193453908,0.018417011946439743
1224,10,86,2.0,2.059892416000366,1,1,0.0,0.0,0.0,-0.002995280548930168,1.9533326849341393e-06,0.005538751371204853
1225,10,87,2.0,2.0534005165100098,1,1,0.0,0.0,0.0,-0.0030607632361352444,-0.0003004023164976388,0.008077592588961124
1226,10,88,2.0,2.0438716411590576,1,1,0.0,0.0,0.0,-0.0024354171473532915,-0.004233799874782562,0.008751942776143551
1227,10,89,2.0,2.045538902282715,1,1,0.0,0.0,0.0,0.0003128829412162304,-0.0021241845097392797,0.010647612623870373
1228,10,90,2.0,2.0455660820007324,1,1,0.0,0.0,0.0,0.0002288831165060401,-0.001665544230490923,0.010481727309525013
1229,10,91,2.0,2.0464284420013428,1,1,0.0,0.0,0.0,0.0013991876039654016,-0.0027459077537059784,0.009050543420016766
1230,10,92,2.0,2.0689330101013184,1,1,0.0,0.0,0.0,4.071102011948824e-05,-0.00430853758007288,-0.006181025877594948
1231,10,93,2.0,2.074018955230713,1,1,0.0,0.0,0.0,-0.0021285652182996273,-0.004151402041316032,-0.008557993918657303
1232,10,94,2.0,1.8873887062072754,1,1,0.0,0.0,0.0,-0.0029712470714002848,-0.003640878014266491,0.020068995654582977
1233,10,95,1.0,1.590031385421753,0,1,0.0,0.0,0.0,-0.005697581917047501,-0.0066208248026669025,0.07113020122051239
1234,10,96,1.0,1.0812304019927979,0,0,0.0,0.0,0.0,-0.004199620336294174,-0.0059832679107785225,0.2708889842033386
1235,10,97,1.0,1.0403238534927368,0,0,0.0,0.0,0.0,-0.0023596815299242735,-0.004897960461676121,0.3185771405696869
1236,10,98,1.0,0.9952173233032227,0,0,0.0,0.0,0.5,-0.0016511031426489353,-0.005005186423659325,0.3688437342643738
1237,10,99,1.0,0.9743578433990479,0,0,0.0,0.0,0.5,-0.0014247058425098658,-0.007760429289191961,0.526759147644043
1238,10,100,1.0,0.9810387492179871,0,0,0.0,0.0,0.5,-0.003643774427473545,-0.0034763007424771786,0.545742928981781
1239,10,101,1.0,0.9868063926696777,0,0,0.0,0.0,0.5,-0.0029314125422388315,-0.005553075112402439,0.5627726912498474
1240,10,102,1.0,0.9920258522033691,0,0,0.0,0.0,0.5,-0.0059460182674229145,-0.0035306732170283794,0.5635280609130859
1241,10,103,1.0,0.9952898621559143,0,0,0.0,0.0,0.5,-0.00486425356939435,-0.004634998273104429,0.5597739815711975
1242,10,104,1.0,0.9926109313964844,0,0,0.0,0.0,0.5,-0.00466425996273756,-0.0041913907043635845,0.556465208530426
1243,10,105,1.0,0.9910076260566711,0,0,0.0,0.0,0.5,-0.003916023299098015,-0.0043377443216741085,0.5580494403839111
1244,10,106,1.0,0.9900153875350952,0,0,0.0,0.0,0.5,-0.004483151249587536,0.004662701394408941,0.49817124009132385
1245,10,107,1.0,0.9912527203559875,0,0,0.0,0.0,0.5,-0.005168362054973841,-0.0031358625274151564,0.4840340316295624
1246,11,0,1.0,0.9840095639228821,0,0,0.0,0.0,0.0,0.1992078423500061,-0.007051297463476658,0.014658135361969471
1247,11,1,1.0,0.9822196960449219,0,0,0.0,0.0,0.0,0.197489395737648,-0.0067436168901622295,0.009304963983595371
1248,11,2,1.0,0.9810001850128174,0,0,0.0,0.0,0.0,0.20376791059970856,-0.008217532187700272,0.00876967515796423
1249,11,3,1.0,0.9810397624969482,0,0,0.0,0.0,0.0,0.20473794639110565,-0.008490937761962414,0.009985900484025478
1250,11,4,1.0,0.9786555767059326,0,0,0.0,0.0,0.0,0.21588371694087982,-0.007911301217973232,0.008030218072235584
1251,11,5,1.0,0.9786393642425537,0,0,0.0,0.0,0.0,0.21609842777252197,-0.007964334450662136,0.008347813971340656
1252,11,6,1.0,0.9761962890625,0,0,0.0,0.0,0.0,0.2329902946949005,-0.005403850693255663,0.002715648151934147
1253,11,7,1.0,0.9761989712715149,0,0,0.0,0.0,0.0,0.23303934931755066,-0.005415679886937141,0.0027844849973917007
1254,11,8,1.0,0.9737634658813477,0,0,0.0,0.0,0.0,0.23646396398544312,-0.005213040858507156,0.003091513179242611
1255,11,9,1.0,0.9737635254859924,0,0,0.0,0.0,0.0,0.23647494614124298,-0.00521600479260087,0.0031104879453778267
1256,11,10,1.0,0.975023090839386,0,0,0.25,0.0,0.0,0.23825518786907196,-0.005584281869232655,0.0038531767204403877
1257,11,11,1.0,0.9777482748031616,0,0,0.25,0.0,0.0,0.26143792271614075,-0.0018798880046233535,0.009684787131845951
1258,11,12,1.0,0.9908459782600403,0,0,0.25,0.0,0.0,0.26524099707603455,8.488664752803743e-05,0.001737779937684536
1259,11,13,1.0,0.9876581430435181,0,0,0.25,0.0,0.0,0.27180972695350647,0.0037470199167728424,0.006081942468881607
1260,11,14,1.0,0.9935595393180847,0,0,0.25,0.0,0.0,0.27229034900665283,0.008833948522806168,0.010854975320398808
1261,11,15,1.0,0.9954044818878174,0,0,0.25,0.0,0.0,0.2751912772655487,0.00889073871076107,0.01489021722227335
1262,11,16,1.0,0.983174741268158,0,0,0.25,0.0,0.0,0.279216468334198,0.007018521893769503,0.0031952718272805214
1263,11,17,1.0,0.9988834261894226,0,0,0.25,0.0,0.0,0.27645477652549744,0.01074724830687046,0.014420435763895512
1264,11,18,1.0,0.9761698246002197,0,0,0.25,0.0,0.0,0.272689551115036,-0.004156303592026234,0.001393384300172329
1265,11,19,1.0,0.9886544942855835,0,0,0.25,0.0,0.0,0.2499203234910965,-0.023327799513936043,0.017498444765806198
1266,11,20,1.0,0.9708508253097534,0,0,0.0,0.0,0.0,0.1614818423986435,-0.1306120902299881,0.0030706701800227165
1267,11,21,1.0,0.971930205821991,0,0,0.0,0.0,0.0,0.05045317858457565,-0.2318297028541565,0.011167158372700214
1268,11,22,1.0,0.9671927094459534,0,0,0.0,0.0,0.0,0.0054780468344688416,-0.2719389498233795,0.006978304125368595
1269,11,23,1.0,0.9680142402648926,0,0,0.0,0.0,0.0,-0.006545261479914188,-0.2732596695423126,0.004193182103335857
1270,11,24,1.0,0.97519850730896,0,0,0.0,-0.25,0.0,-0.009241987019777298,-0.27484339475631714,0.00035967957228422165
1271,11,25,1.0,0.9758091568946838,0,0,0.0,-0.25,0.0,-0.008517853915691376,-0.27979621291160583,-0.001159260980784893
1272,11,26,1.0,0.9859768748283386,0,0,0.0,-0.25,0.0,-0.004929861053824425,-0.2788453996181488,-0.004121964331716299
1273,11,27,1.0,0.9848031997680664,0,0,0.0,-0.25,0.0,-0.0016771466471254826,-0.2755841612815857,-0.002632636111229658
1274,11,28,1.0,0.9856733679771423,0,0,0.0,-0.25,0.0,-0.012611208483576775,-0.279112309217453,0.010722308419644833
1275,11,29,1.0,0.9896236658096313,0,0,0.0,-0.25,0.0,-0.014134552329778671,-0.2783747613430023,0.008079682476818562
1276,11,30,1.0,0.9878835082054138,0,0,0.0,-0.25,0.0,-0.011849673464894295,-0.28133633732795715,0.013683824799954891
1277,11,31,1.0,0.9907420873641968,0,0,0.0,-0.25,0.0,-0.013566773384809494,-0.2786625325679779,0.015997130423784256
1278,11,32,1.0,0.9911883473396301,0,0,0.0,-0.25,0.0,-0.005807511042803526,-0.244987353682518,0.007500139065086842
1279,11,33,1.0,0.9861700534820557,0,0,0.0,0.0,0.0,-0.0055633485317230225,-0.1365923434495926,0.014877990819513798
1280,11,34,1.0,0.9849912524223328,0,0,0.0,0.0,0.0,-0.003688361495733261,-0.11009977012872696,0.010690958239138126
1281,11,35,1.0,0.9797406196594238,0,0,0.0,0.0,0.0,-0.007209277246147394,-0.07345321029424667,0.004241345450282097
1282,11,36,1.0,0.9824655055999756,0,0,0.0,0.0,0.0,-0.006363323889672756,-0.05887517333030701,0.004112613387405872
1283,11,37,1.0,0.9822509288787842,0,0,0.0,0.0,0.0,-0.006841410882771015,-0.05518423765897751,0.0026948312297463417
1284,11,38,1.0,0.9816014170646667,0,0,0.0,0.0,0.0,-0.006764720194041729,-0.040254175662994385,-0.0016956874169409275
1285,11,39,1.0,0.9816412925720215,0,0,0.0,-0.25,0.0,-0.006809711456298828,-0.03968021273612976,-0.0020138463005423546
1286,11,40,1.0,0.9813957214355469,0,0,0.0,-0.25,0.0,-0.003557216841727495,-0.03341667354106903,0.0024861879646778107
1287,11,41,1.0,0.9828094840049744,0,0,0.0,0.0,0.0,-0.0014990747440606356,-0.021868595853447914,0.0015975041314959526
1288,11,42,1.0,0.9879713654518127,0,0,0.0,0.0,0.0,0.00023836723994463682,-0.008091302588582039,0.0022388994693756104
1289,11,43,1.0,0.9862838387489319,0,0,0.0,0.0,0.0,-0.0011214916594326496,-0.0063386475667357445,-0.0026258635334670544
1290,11,44,1.0,0.9906113743782043,0,0,0.0,0.0,0.0,0.0011983057484030724,-0.0037154105957597494,-0.005582611076533794
1291,11,45,1.0,0.9905771613121033,0,0,0.0,0.0,0.0,0.0010781129822134972,-0.0033828127197921276,-0.005825034808367491
1292,11,46,1.0,0.9912274479866028,0,0,0.0,-0.25,0.0,0.0006547151133418083,-0.003889643121510744,-0.008753360249102116
1293,11,47,1.0,0.991619884967804,0,0,0.0,0.0,0.0,0.0012353335041552782,-0.008473457768559456,-0.004905045032501221
1294,11,48,1.0,0.9971075057983398,0,0,0.0,0.0,0.0,0.0023567366879433393,-0.0036810769233852625,-0.011251547373831272
1295,11,49,1.0,0.9961609840393066,0,0,0.0,0.0,0.0,0.0030217808671295643,-0.0020615854300558567,-0.012723215855658054
1296,11,50,1.0,0.9923412799835205,0,0,0.0,0.0,0.0,0.0022644042037427425,-0.0029975492507219315,-0.0034254654310643673
1297,11,51,1.0,0.9922853708267212,0,0,0.0,0.0,0.0,0.0021823225542902946,-0.0028135247994214296,-0.0034660291858017445
1298,11,52,1.0,0.9881783127784729,0,0,0.25,0.0,0.0,0.00020837539341300726,-0.003077186644077301,0.008144763298332691
1299,11,53,1.0,0.9917559027671814,0,0,0.25,0.0,0.0,0.004231729544699192,-0.0025703401770442724,0.0004858309403061867
1300,11,54,1.0,0.9867472648620605,0,0,0.0,0.0,0.0,0.005115626845508814,-0.002463440177962184,-0.003395369742065668
1301,11,55,1.0,0.9866503477096558,0,0,0.0,0.0,0.0,0.0006485891062766314,-0.0035735059063881636,-0.0023376508615911007
1302,11,56,1.0,0.9860981702804565,0,0,0.0,0.0,0.0,0.0019206635188311338,-0.0028144654352217913,-0.01293799839913845
1303,11,57,1.0,0.9854477643966675,0,0,0.0,0.0,0.0,0.001343678217381239,-0.002934921532869339,-0.013693518936634064
1304,11,58,1.0,0.9829506278038025,0,0,0.0,0.0,0.0,0.001230248250067234,-0.002178795635700226,-0.018340786918997765
1305,11,59,1.0,0.9828668236732483,0,0,0.0,0.0,0.0,0.0011182264424860477,-0.0021936846897006035,-0.01868550479412079
1306,11,60,1.0,0.9819332361221313,0,0,0.0,0.0,0.0,0.001301223412156105,-0.0017825847025960684,-0.019219955429434776
1307,11,61,1.0,0.9819170236587524,0,0,0.0,0.0,0.0,0.0012803655117750168,-0.001787165179848671,-0.01932818628847599
1308,11,62,1.0,0.9826229214668274,0,0,0.0,0.0,0.0,0.0013971386943012476,-0.001039417227730155,-0.016542570665478706
1309,11,63,1.0,0.9826200604438782,0,0,0.25,0.0,0.0,0.0013926925603300333,-0.0010401577455922961,-0.01657719723880291
1310,11,64,1.0,0.9843665361404419,0,0,0.25,0.0,0.0,0.00776485214009881,-0.00012315167987253517,-0.024228744208812714
1311,11,65,1.0,0.9852412343025208,0,0,0.0,0.0,0.0,0.008468914777040482,0.0016782733146101236,-0.030920904129743576
1312,11,66,1.0,0.9869434237480164,0,0,0.0,0.0,0.0,0.006682138424366713,0.0024154253769665956,-0.09046091884374619
1313,11,67,1.0,0.9858469367027283,0,0,0.0,0.0,0.0,0.0015704294200986624,-0.00025966737302951515,-0.04132285341620445
1314,11,68,1.0,0.9849293231964111,0,0,0.0,0.0,0.0,0.0022240150719881058,0.001002942444756627,-0.11161069571971893
1315,11,69,1.0,0.9846879839897156,0,0,0.0,0.0,0.0,0.0016696413513273,0.0007921512005850673,-0.11235115677118301
1316,11,70,1.0,0.9889642596244812,0,0,0.0,0.0,0.0,0.0033435258083045483,0.0015652013244107366,-0.2155841588973999
1317,11,71,1.0,0.9889655113220215,0,0,0.0,0.0,0.0,0.0032397788017988205,0.0015222084475681186,-0.21615615487098694
1318,11,72,1.0,0.9899404048919678,0,0,0.0,0.0,0.0,0.002817540429532528,0.0015475889667868614,-0.25150367617607117
1319,11,73,1.0,0.9899515509605408,0,0,0.0,0.0,-0.5,0.0027893641963601112,0.0015415811212733388,-0.2517964839935303
1320,11,74,1.0,1.013360857963562,0,0,0.0,0.0,-0.5,-0.0003206511028110981,0.0007366463541984558,-0.5233732461929321
1321,11,75,1.0,1.013665795326233,0,0,0.0,0.0,-0.5,-0.0012038127752020955,0.0006510503590106964,-0.5679343342781067
1322,11,76,1.0,1.0068185329437256,0,0,0.0,0.0,-0.5,-0.0006714469636790454,-0.0019469053950160742,-0.5822260975837708
1323,11,77,1.0,0.998928427696228,0,0,0.0,0.0,-0.5,-0.0007117544300854206,-0.001653997227549553,-0.5929741263389587
1324,11,78,1.0,0.985110878944397,0,0,0.0,0.0,-0.5,0.004580203909426928,-0.003840687684714794,-0.583031177520752
1325,11,79,1.0,0.9663591384887695,0,0,0.0,0.0,-0.5,0.00026702822651714087,-0.005334051791578531,-0.5804600715637207
1326,11,80,1.0,0.952399492263794,0,0,0.0,0.0,-0.5,-0.0018436203245073557,-0.00018958580039907247,-0.5160800218582153
1327,11,81,1.0,0.9709581136703491,0,0,0.0,0.0,-0.5,-0.0027033593505620956,-0.00268471403978765,-0.43932080268859863
1328,11,82,1.0,1.668027639389038,0,1,0.0,0.0,-0.5,-0.001221515703946352,-0.004593818448483944,-0.049531519412994385
1329,11,83,1.0,1.65470552444458,0,1,0.0,0.0,-0.5,-0.002293995115906,-0.005106245167553425,-0.0450708232820034
1330,11,84,1.0,2.0054311752319336,0,1,0.0,0.0,0.0,-0.003711115336045623,-0.004348323214799166,0.01917661353945732
1331,11,85,1.0,2.006359100341797,0,1,0.0,0.0,0.0,-0.0037154932506382465,-0.0043708705343306065,0.01944611966609955
1332,11,86,1.0,2.0437350273132324,0,1,0.0,0.0,0.0,-0.0033775640185922384,-0.004682372324168682,0.01789778843522072
1333,11,87,2.0,2.043804168701172,1,1,0.0,0.0,0.0,-0.0033665045630186796,-0.004662516992539167,0.01789984479546547
1334,11,88,2.0,2.048344612121582,1,1,0.0,0.0,0.0,-0.001031754189170897,-0.0024422998540103436,0.006028385832905769
1335,11,89,2.0,2.0460739135742188,1,1,0.0,0.0,0.0,-0.0024991692043840885,-0.0027422085404396057,0.013181746937334538
1336,11,90,2.0,2.04852294921875,1,1,0.0,0.0,0.0,-0.001507562818005681,-0.0029234059620648623,0.010031809099018574
1337,11,91,2.0,2.052323341369629,1,1,0.0,0.0,0.0,-0.0010509734274819493,-0.0029704326298087835,0.007838682271540165
1338,11,92,2.0,2.05141019821167,1,1,0.0,0.0,0.0,-0.0007989300065673888,-0.0035299863666296005,0.005888842046260834
1339,11,93,2.0,2.0545883178710938,1,1,0.0,0.0,0.0,-0.0012541098985821009,-0.00473980326205492,0.006936720572412014
1340,11,94,2.0,2.0642149448394775,1,1,0.0,0.0,0.0,-0.00022851850371807814,-0.005337502807378769,0.0007607974112033844
1341,11,95,2.0,2.0789034366607666,1,1,0.0,0.0,0.0,0.0007900823839008808,-0.004854651167988777,-0.005645148456096649
1342,11,96,2.0,1.7515103816986084,1,1,0.0,0.0,0.0,-0.0043892571702599525,-0.007952772080898285,0.03987707570195198
1343,11,97,1.0,1.102082371711731,0,0,0.0,0.0,0.0,-0.0032614644151180983,-0.01073757279664278,0.2643653154373169
1344,11,98,1.0,0.9770327210426331,0,0,0.0,0.0,0.0,-0.004435844719409943,-0.007225203327834606,0.3923415243625641
1345,11,99,1.0,0.9756819009780884,0,0,0.0,0.0,0.0,-0.0045865802094340324,-0.0069780852645635605,0.3967876732349396
1346,11,100,1.0,0.9783430695533752,0,0,0.0,0.0,0.0,-0.004539958201348782,-0.007404169999063015,0.4060293138027191
1347,11,101,1.0,0.9787302017211914,0,0,0.0,0.0,0.0,-0.00426095724105835,-0.007909076288342476,0.39757704734802246
1348,11,102,1.0,0.9808668494224548,0,0,0.0,0.0,0.5,-0.005033911671489477,-0.009153061546385288,0.4069384038448334
1349,11,103,1.0,0.9868494272232056,0,0,0.0,0.0,0.5,-0.0024859278928488493,-0.0037993278820067644,0.5065763592720032
1350,11,104,1.0,0.9743242263793945,0,0,0.0,0.0,0.5,-0.003588292747735977,-0.0011635110713541508,0.5499155521392822
1351,11,105,1.0,0.9830396175384521,0,0,0.0,0.0,0.5,-0.004269932396709919,-0.000786321354098618,0.556646466255188
1352,11,106,1.0,0.9858562350273132,0,0,0.0,0.0,0.5,-0.006764056161046028,-0.004440576769411564,0.5515044331550598
1353,11,107,1.0,0.9847193360328674,0,0,0.0,0.0,0.5,-0.005751312244683504,-0.006362999323755503,0.5519838333129883
1354,11,108,1.0,0.9864439964294434,0,0,0.0,0.0,0.5,-0.007262176368385553,-0.004031805321574211,0.5582271218299866
1355,11,109,1.0,0.9912094473838806,0,0,0.0,0.0,0.5,-0.009350180625915527,-0.0038022249937057495,0.5613210797309875
1356,11,110,1.0,0.9876028895378113,0,0,0.0,0.0,0.5,-0.006392364390194416,-0.003023527329787612,0.5432561039924622
1357,11,111,1.0,0.9863920211791992,0,0,0.0,0.0,0.5,-0.005193911958485842,-0.002936089411377907,0.5544071197509766
1358,12,0,1.0,0.980613648891449,0,0,0.0,0.0,0.0,-0.1255955547094345,-0.01927042193710804,0.01120822411030531
1359,12,1,1.0,0.9755973815917969,0,0,0.0,0.0,0.0,-0.14134080708026886,-0.01504688709974289,0.00012910831719636917
1360,12,2,1.0,0.9737639427185059,0,0,0.0,0.0,0.0,-0.15356287360191345,-0.013085435144603252,-0.0014386181719601154
1361,12,3,1.0,0.9742204546928406,0,0,0.0,0.0,0.0,-0.15120245516300201,-0.013899708166718483,0.0011873412877321243
1362,12,4,1.0,0.9754343628883362,0,0,0.0,0.0,0.0,-0.16797026991844177,-0.006196399684995413,-0.001939588226377964
1363,12,5,1.0,0.9755092263221741,0,0,0.0,0.0,0.0,-0.1675199568271637,-0.006351930554956198,-0.001216050237417221
1364,12,6,1.0,0.9756986498832703,0,0,0.0,0.0,0.0,-0.18986769020557404,0.0022380126174539328,-0.005638476461172104
1365,12,7,1.0,0.9757040143013,0,0,0.0,0.0,0.0,-0.18978622555732727,0.0022170173469930887,-0.005469946190714836
1366,12,8,1.0,0.9746567606925964,0,0,0.0,0.0,0.0,-0.18692004680633545,0.0008038401138037443,-0.005438635125756264
1367,12,9,1.0,0.9746615290641785,0,0,0.0,0.0,0.0,-0.1869029849767685,0.0007988013094291091,-0.00539579801261425
1368,12,10,1.0,0.980918288230896,0,0,-0.25,0.0,0.0,-0.2012677788734436,0.014306651428341866,-0.01415315829217434
1369,12,11,1.0,0.9917513132095337,0,0,-0.25,0.0,0.0,-0.2626698315143585,0.020972965285182,-0.022440077736973763
1370,12,12,1.0,1.0081251859664917,0,0,-0.25,0.0,0.0,-0.27623143792152405,0.023702416568994522,-0.014332642778754234
1371,12,13,1.0,1.0107431411743164,0,0,-0.25,0.0,0.0,-0.280372679233551,0.024893183261156082,-0.01515299454331398
1372,12,14,1.0,1.0141419172286987,0,0,-0.25,0.0,0.0,-0.2873729467391968,0.024685407057404518,-0.010192343033850193
1373,12,15,1.0,1.0105468034744263,0,0,-0.25,0.0,0.0,-0.2881614565849304,0.022602690383791924,-0.00850323773920536
1374,12,16,1.0,1.01923668384552,0,0,-0.25,0.0,0.0,-0.29087337851524353,0.023774798959493637,-0.014450780116021633
1375,12,17,1.0,1.0241540670394897,0,0,-0.25,0.0,0.0,-0.292264848947525,0.022497963160276413,-0.017497284337878227
1376,12,18,1.0,1.0090903043746948,0,0,-0.25,0.0,0.0,-0.2845718264579773,0.0026651136577129364,-0.013603787869215012
1377,12,19,1.0,1.000933051109314,0,0,-0.25,0.0,0.0,-0.2822234630584717,-0.009417020715773106,-0.018341194838285446
1378,12,20,1.0,0.9848191738128662,0,0,-0.25,0.0,0.0,-0.21537326276302338,-0.1091127097606659,-0.02447744831442833
1379,12,21,1.0,0.9809352159500122,0,0,0.0,0.0,0.0,-0.18109819293022156,-0.15600579977035522,-0.015551069751381874
1380,12,22,1.0,0.9849974513053894,0,0,0.0,0.0,0.0,-0.06727881729602814,-0.2507665157318115,-0.005023428238928318
1381,12,23,1.0,0.9807337522506714,0,0,0.0,0.0,0.0,-0.017441725358366966,-0.2687918543815613,0.0008304864168167114
1382,12,24,1.0,0.9783354997634888,0,0,0.0,0.0,0.0,-0.002791504841297865,-0.2768665552139282,-0.0032007996924221516
1383,12,25,1.0,0.9783455729484558,0,0,0.0,-0.25,0.0,0.00296570872887969,-0.2771901488304138,-0.0029471218585968018
1384,12,26,1.0,0.988228976726532,0,0,0.0,-0.25,0.0,-0.0068016997538506985,-0.2788527309894562,-0.003735731355845928
1385,12,27,1.0,0.9834938049316406,0,0,0.0,-0.25,0.0,-0.004855046980082989,-0.2792058289051056,-0.0018011475913226604
1386,12,28,1.0,0.9871763586997986,0,0,0.0,-0.25,0.0,-0.010951139032840729,-0.2707386612892151,-0.005165163893252611
1387,12,29,1.0,0.9919106364250183,0,0,0.0,-0.25,0.0,-0.00045485422015190125,-0.2771718502044678,0.00201441440731287
1388,12,30,1.0,0.9922292232513428,0,0,0.0,-0.25,0.0,-0.004663948900997639,-0.284028023481369,0.010340574197471142
1389,12,31,1.0,0.9915379285812378,0,0,0.0,-0.25,0.0,0.0009539802558720112,-0.2817939221858978,0.014563248492777348
1390,12,32,1.0,0.9902880787849426,0,0,0.0,-0.25,0.0,-0.0013872833224013448,-0.27375781536102295,0.015609457157552242
1391,12,33,1.0,0.9855797290802002,0,0,0.0,-0.25,0.0,-0.003998912870883942,-0.2494046539068222,0.01226246077567339
1392,12,34,1.0,0.991218626499176,0,0,0.0,-0.25,0.0,-0.0032242205925285816,-0.15630145370960236,-0.0033930139616131783
1393,12,35,1.0,0.9922443628311157,0,0,0.0,0.0,0.0,-0.004094558767974377,-0.051231205463409424,-0.009698119014501572
1394,12,36,1.0,0.9856426119804382,0,0,0.0,0.0,0.0,-0.004766649100929499,-0.026363074779510498,-0.00602592620998621
1395,12,37,1.0,0.9839049577713013,0,0,0.0,0.0,0.0,-0.004657655023038387,-0.01824515499174595,-0.007886040955781937
1396,12,38,1.0,0.9854514598846436,0,0,0.0,0.0,0.0,-0.004571239463984966,-0.014604965224862099,-0.008322814479470253
1397,12,39,1.0,0.9853522181510925,0,0,0.0,0.0,0.0,-0.004714849404990673,-0.01370866596698761,-0.008412999100983143
1398,12,40,1.0,0.9871463775634766,0,0,0.0,0.0,0.0,-0.003867118852213025,-0.010975005105137825,-0.00915069691836834
1399,12,41,1.0,0.9871496558189392,0,0,0.0,-0.25,0.0,-0.0039024122525006533,-0.010817591100931168,-0.009191246703267097
1400,12,42,1.0,0.9917231798171997,0,0,0.0,0.0,0.0,-0.0034149910788983107,-0.015778012573719025,-0.007847461849451065
1401,12,43,1.0,0.9923891425132751,0,0,0.0,0.0,0.0,-0.004502926021814346,-0.010832768864929676,-0.00819411501288414
1402,12,44,1.0,0.9915255904197693,0,0,0.0,0.0,0.0,-0.0055146669037640095,-0.004492325708270073,-0.01174162421375513
1403,12,45,1.0,0.9911678433418274,0,0,0.0,0.0,0.0,-0.005849168170243502,-0.0036844981368631124,-0.012862542644143105
1404,12,46,1.0,0.9921454787254333,0,0,0.0,0.0,0.0,-0.006945887580513954,-0.0032661156728863716,-0.013625463470816612
1405,12,47,1.0,0.9920753240585327,0,0,0.0,-0.25,0.0,-0.0069949086755514145,-0.00308993156068027,-0.01362861692905426
1406,12,48,1.0,0.9973047971725464,0,0,0.0,0.0,0.0,-0.00895928218960762,-0.00625773286446929,-0.0037884325720369816
1407,12,49,1.0,0.9951617121696472,0,0,0.0,0.0,0.0,-0.010619163513183594,-0.004529372788965702,0.0025168079882860184
1408,12,50,1.0,0.9912238121032715,0,0,0.0,0.0,0.0,-0.011144217103719711,-0.003867985913529992,0.00802068505436182
1409,12,51,1.0,0.9902418255805969,0,0,0.0,0.0,0.0,-0.011258997023105621,-0.0031816877890378237,0.007537937723100185
1410,12,52,1.0,0.9850903153419495,0,0,-0.25,0.0,0.0,-0.011544954031705856,-0.002662464277818799,0.004071306437253952
1411,12,53,1.0,0.9854662418365479,0,0,-0.25,0.0,0.0,-0.014438293874263763,-0.002388786757364869,0.008587596006691456
1412,12,54,1.0,0.9863419532775879,0,0,0.0,0.0,0.0,-0.011816684156656265,-0.003255436895415187,0.002178155817091465
1413,12,55,1.0,0.9904490113258362,0,0,0.0,0.0,0.0,-0.007735495455563068,-0.002600153209641576,0.012410691939294338
1414,12,56,1.0,0.9863569736480713,0,0,0.0,0.0,0.0,-0.004091511946171522,-0.00045186118222773075,0.004277274943888187
1415,12,57,1.0,0.9866248369216919,0,0,0.0,0.0,0.0,-0.0037178597413003445,-0.00014756071323063225,0.003753739409148693
1416,12,58,1.0,0.9859688878059387,0,0,-0.25,0.0,0.0,-0.003585951402783394,0.0012855309760197997,0.0032378295436501503
1417,12,59,1.0,0.9849474430084229,0,0,0.0,0.0,0.0,-0.00525094335898757,-0.00044847215758636594,0.005010189488530159
1418,12,60,1.0,0.9808498620986938,0,0,0.0,0.0,0.0,-0.002756043104454875,-0.0019317248370498419,-0.009610550478100777
1419,12,61,1.0,0.9808946847915649,0,0,0.0,0.0,0.0,-0.0012297702487558126,-0.0005121446447446942,-0.00015349406749010086
1420,12,62,1.0,0.9794222712516785,0,0,0.0,0.0,0.0,-0.0009149550460278988,0.0006148589309304953,-0.06176362186670303
1421,12,63,1.0,0.9792563319206238,0,0,0.0,0.0,0.0,-0.000691814988385886,0.0008098814869299531,-0.06308699399232864
1422,12,64,1.0,0.9757320880889893,0,0,0.0,0.0,0.0,0.0002557771513238549,0.0010414617136120796,-0.18712946772575378
1423,12,65,1.0,0.9757080078125,0,0,0.0,0.0,0.0,0.00028028374072164297,0.0010576603235676885,-0.1873100996017456
1424,12,66,1.0,0.9764598608016968,0,0,0.0,0.0,-0.5,0.0012950222007930279,0.00012256240006536245,-0.2735985517501831
1425,12,67,1.0,1.0001925230026245,0,0,0.0,0.0,-0.5,-0.0008002579561434686,-0.00046253332402557135,-0.5359871983528137
1426,12,68,1.0,1.0073329210281372,0,0,0.0,0.0,-0.5,-0.002188686281442642,-0.000481804134324193,-0.554891049861908
1427,12,69,1.0,1.0041662454605103,0,0,0.0,0.0,-0.5,-0.00142490875441581,-0.0005171666853129864,-0.5645876526832581
1428,12,70,1.0,1.0013961791992188,0,0,0.0,0.0,-0.5,-0.0007341511081904173,-0.002298820298165083,-0.5691845417022705
1429,12,71,1.0,0.9909563660621643,0,0,0.0,0.0,-0.5,-0.00044433854054659605,-0.0027787256985902786,-0.5752897262573242
1430,12,72,1.0,0.984575629234314,0,0,0.0,0.0,-0.5,0.002619330771267414,-0.003148996736854315,-0.5754793882369995
1431,12,73,1.0,0.9745744466781616,0,0,0.0,0.0,-0.5,0.0036995080299675465,-0.0021048602648079395,-0.5761653184890747
1432,12,74,1.0,0.9599829912185669,0,0,0.0,0.0,-0.5,-0.0008977454854175448,-0.0014423993416130543,-0.5551459193229675
1433,12,75,1.0,0.9512313008308411,0,0,0.0,0.0,-0.5,0.001483085798099637,0.0009253057651221752,-0.5154183506965637
1434,12,76,1.0,1.4466519355773926,0,0,0.0,0.0,-0.5,-0.0011243184562772512,-0.002553172642365098,-0.1085500493645668
1435,12,77,1.0,1.5366132259368896,0,1,0.0,0.0,-0.5,-0.0011096512898802757,-0.004084943328052759,-0.07477526366710663
1436,12,78,1.0,1.9150248765945435,0,1,0.0,0.0,0.0,-0.001940813148394227,-0.003812359878793359,0.015721090137958527
1437,12,79,1.0,1.924023151397705,0,1,0.0,0.0,0.0,-0.0023044582922011614,-0.003885521786287427,0.01681959629058838
1438,12,80,1.0,2.040139675140381,0,1,0.0,0.0,0.0,-0.0027357274666428566,-0.0030865445733070374,0.017636459320783615
1439,12,81,2.0,2.0406460762023926,1,1,0.0,0.0,0.0,-0.0027542549651116133,-0.003074424806982279,0.01747133582830429
1440,12,82,2.0,2.0583183765411377,1,1,0.0,0.0,0.0,-0.002495280932635069,-0.0009497262653894722,0.0023391246795654297
1441,12,83,2.0,2.054394245147705,1,1,0.0,0.0,0.0,-0.003208386478945613,-0.0005972487269900739,-0.00026502739638090134
1442,12,84,2.0,2.0424671173095703,1,1,0.0,0.0,0.0,-0.003320437390357256,-0.0036942174192517996,-0.004090466070920229
1443,12,85,2.0,2.0366039276123047,1,1,0.0,0.0,0.0,-0.00036877894308418036,-0.001471117022447288,0.007546122185885906
1444,12,86,2.0,2.0382378101348877,1,1,0.0,0.0,0.0,-0.0004858828615397215,-0.0024296652991324663,0.008511555381119251
1445,12,87,2.0,2.0385966300964355,1,1,0.0,0.0,0.0,-0.0006381112616509199,-0.002914255950599909,0.009228396229445934
1446,12,88,2.0,2.050363540649414,1,1,0.0,0.0,0.0,-0.0013775138650089502,-0.00208584638312459,0.0018913904204964638
1447,12,89,2.0,2.055473804473877,1,1,0.0,0.0,0.0,-0.00017073238268494606,-0.0029067406430840492,0.0021475795656442642
1448,12,90,2.0,2.062422037124634,1,1,0.0,0.0,0.0,-0.0002515715314075351,-0.003280358389019966,-0.006584444083273411
1449,12,91,2.0,2.0541391372680664,1,1,0.0,0.0,0.0,-0.001204827451147139,-0.003402204718440771,-0.012605112046003342
1450,12,92,2.0,1.022100806236267,1,0,0.0,0.0,0.0,-0.0002822128590196371,-0.005549555644392967,0.3739411532878876
1451,12,93,1.0,1.0185950994491577,0,0,0.0,0.0,0.0,-0.00040214386535808444,-0.004114820621907711,0.3553430140018463
1452,12,94,1.0,1.0505081415176392,0,0,0.0,0.0,0.0,-0.0037231864407658577,-0.005455398000776768,0.2599840760231018
1453,12,95,1.0,1.024505376815796,0,0,0.0,0.0,0.0,-0.0011539391707628965,-0.008246676065027714,0.40968477725982666
1454,12,96,1.0,1.0062572956085205,0,0,0.0,0.0,0.5,-0.0025745262391865253,-0.004016072489321232,0.36379581689834595
1455,12,97,1.0,0.9912922382354736,0,0,0.0,0.0,0.5,-0.00716454116627574,-0.008438981138169765,0.5081350803375244
1456,12,98,1.0,0.9941796660423279,0,0,0.0,0.0,0.5,-0.006850054021924734,-0.00852128118276596,0.5299487709999084
1457,12,99,1.0,0.9744547605514526,0,0,0.0,0.0,0.5,-0.005933050531893969,-0.006663394160568714,0.5637341737747192
1458,12,100,1.0,0.9851826429367065,0,0,0.0,0.0,0.5,-0.007360059767961502,-0.004353730473667383,0.5607304573059082
1459,12,101,1.0,0.9893026947975159,0,0,0.0,0.0,0.5,-0.007368746679276228,-0.007494199555367231,0.569145917892456
1460,12,102,1.0,0.9834355711936951,0,0,0.0,0.0,0.5,-0.005739987827837467,-0.005526263732463121,0.5537103414535522
1461,12,103,1.0,0.9829384088516235,0,0,0.0,0.0,0.5,-0.004624363966286182,-0.005436096340417862,0.5541269183158875
1462,12,104,1.0,0.9884147047996521,0,0,0.0,0.0,0.5,-0.003184468951076269,-0.002210934180766344,0.5451604127883911
1463,12,105,1.0,0.9892592430114746,0,0,0.0,0.0,0.5,-0.0038815478328615427,-0.005931032355874777,0.5467557907104492
1464,13,0,1.0,0.9843235015869141,0,0,0.0,0.0,0.0,0.19393625855445862,0.002287747571244836,-0.0036971638910472393
1465,13,1,1.0,0.9807835817337036,0,0,0.0,0.0,0.0,0.18978817760944366,0.0028496920131146908,-0.007441083900630474
1466,13,2,1.0,0.9790521860122681,0,0,0.0,0.0,0.0,0.20096783339977264,0.0007365288911387324,-0.009342740289866924
1467,13,3,1.0,0.9784729480743408,0,0,0.0,0.0,0.0,0.2042551338672638,0.0005233697593212128,-0.0074346065521240234
1468,13,4,1.0,0.9787608981132507,0,0,0.0,0.0,0.0,0.2089006006717682,-0.0007027793326415122,-0.005571641959249973
1469,13,5,1.0,0.9789431691169739,0,0,0.0,0.0,0.0,0.2092372328042984,-0.0007758623687550426,-0.005193461198359728
1470,13,6,1.0,0.9777347445487976,0,0,0.0,0.0,0.0,0.21538802981376648,-0.0025878306478261948,-0.0008285632357001305
1471,13,7,1.0,0.9777819514274597,0,0,0.0,0.0,0.0,0.2154596447944641,-0.0026117900852113962,-0.0007098978385329247
1472,13,8,1.0,0.9802920818328857,0,0,0.25,0.0,0.0,0.2261887788772583,-0.005251293070614338,-0.00019354093819856644
1473,13,9,1.0,0.9895762801170349,0,0,0.25,0.0,0.0,0.2510233521461487,-0.01077712420374155,0.00530699547380209
1474,13,10,1.0,1.0056800842285156,0,0,0.25,0.0,0.0,0.2616751492023468,-0.013986805453896523,0.002108616754412651
1475,13,11,1.0,1.0085726976394653,0,0,0.25,0.0,0.0,0.2666293680667877,-0.012398344464600086,0.005259808152914047
1476,13,12,1.0,1.0062144994735718,0,0,0.25,0.0,0.0,0.2695481777191162,-0.019373003393411636,0.003087760880589485
1477,13,13,1.0,0.9953243136405945,0,0,0.25,0.0,0.0,0.2718126177787781,-0.017133325338363647,-0.002414424903690815
1478,13,14,1.0,1.0038552284240723,0,0,0.25,0.0,0.0,0.26990601420402527,-0.016768863424658775,0.0022371504455804825
1479,13,15,1.0,0.9964675903320312,0,0,0.25,0.0,0.0,0.2680739164352417,-0.01776946522295475,0.004397840239107609
1480,13,16,1.0,0.999721348285675,0,0,0.25,0.0,0.0,0.24733208119869232,-0.0025483102072030306,0.002888401970267296
1481,13,17,1.0,0.9971391558647156,0,0,0.25,0.0,0.0,0.17885586619377136,0.05840758979320526,1.566484570503235e-05
1482,13,18,1.0,1.009200096130371,0,0,0.0,0.0,0.0,0.07114104181528091,0.20076939463615417,-0.004317912273108959
1483,13,19,1.0,0.9869716167449951,0,0,0.0,0.0,0.0,0.02401547320187092,0.23018118739128113,-0.002892056480050087
1484,13,20,1.0,0.9833158254623413,0,0,0.0,0.0,0.0,-0.002542580710723996,0.2525129020214081,-0.002518849913030863
1485,13,21,1.0,0.9808328151702881,0,0,0.0,0.25,0.0,-0.011489203199744225,0.2545783519744873,-0.002548913937062025
1486,13,22,1.0,0.9735207557678223,0,0,0.0,0.25,0.0,-0.002170878928154707,0.251697838306427,-0.00019655656069517136
1487,13,23,1.0,0.97000652551651,0,0,0.0,0.25,0.0,-0.008922351524233818,0.253080815076828,-0.0014795251190662384
1488,13,24,1.0,0.9736648797988892,0,0,0.0,0.25,0.0,-0.005150245502591133,0.2695588171482086,0.0006309030577540398
1489,13,25,1.0,0.9763525724411011,0,0,0.0,0.25,0.0,-0.007380432449281216,0.2727667987346649,0.007838650606572628
1490,13,26,1.0,0.9883307814598083,0,0,0.0,0.25,0.0,-0.004732063040137291,0.2752935290336609,0.00010425969958305359
1491,13,27,1.0,0.9770101308822632,0,0,0.0,0.25,0.0,-0.0052783596329391,0.27688345313072205,-0.005170177668333054
1492,13,28,1.0,0.9926128387451172,0,0,0.0,0.25,0.0,-0.00931551307439804,0.27131327986717224,0.005548018030822277
1493,13,29,1.0,0.9928621649742126,0,0,0.0,0.25,0.0,-0.006491462234407663,0.24660493433475494,-0.0022111465223133564
1494,13,30,1.0,0.9917454123497009,0,0,0.0,0.25,0.0,-0.003615165362134576,0.09292930364608765,-0.008184763602912426
1495,13,31,1.0,0.991235613822937,0,0,0.0,0.0,0.0,-0.004079865291714668,0.04366862773895264,-0.004623099230229855
1496,13,32,1.0,0.981916606426239,0,0,0.0,0.0,0.0,-0.005468437448143959,0.014812287874519825,-0.0040280455723404884
1497,13,33,1.0,0.9813600778579712,0,0,0.0,0.0,0.0,-0.006103928666561842,0.005557980854064226,-0.004528081510215998
1498,13,34,1.0,0.9823881387710571,0,0,0.0,0.0,0.0,-0.0050415098667144775,0.003309675958007574,-0.005226473324000835
1499,13,35,1.0,0.9821754097938538,0,0,0.0,0.0,0.0,-0.005001537501811981,0.0025786147452890873,-0.004894929006695747
1500,13,36,1.0,0.9862632751464844,0,0,0.0,0.0,0.0,-0.0030538770370185375,0.004315665457397699,-0.0016028238460421562
1501,13,37,1.0,0.9861889481544495,0,0,0.0,0.0,0.0,-0.003032770473510027,0.004203015938401222,-0.0015312307514250278
1502,13,38,1.0,0.9872164130210876,0,0,0.0,0.0,0.0,-0.002411868888884783,0.0028846508357673883,-0.0021392549388110638
1503,13,39,1.0,0.9872027635574341,0,0,0.0,0.0,0.0,-0.0024085440672934055,0.0028634443879127502,-0.0021211719140410423
1504,13,40,1.0,0.9877123832702637,0,0,0.0,0.0,0.0,-0.0020264643244445324,0.003074301639571786,-0.0019753542728722095
1505,13,41,1.0,0.9877080321311951,0,0,0.0,0.25,0.0,-0.0020251197274774313,0.003068988211452961,-0.0019692741334438324
1506,13,42,1.0,0.9924617409706116,0,0,0.0,0.0,0.0,-0.0010919009801000357,0.006808110512793064,-0.004520072136074305
1507,13,43,1.0,0.9930022954940796,0,0,0.0,0.0,0.0,-1.1842232197523117e-05,0.0017280739266425371,-0.006183675955981016
1508,13,44,1.0,0.99472975730896,0,0,0.0,0.0,0.0,0.0023689265362918377,0.0008131102658808231,-0.006546720862388611
1509,13,45,1.0,0.9949452877044678,0,0,0.0,0.0,0.0,0.0025959457270801067,0.0003227865672670305,-0.006375056691467762
1510,13,46,1.0,0.9954535365104675,0,0,0.0,0.0,0.0,0.0023696799762547016,0.000688204076141119,-0.004496069625020027
1511,13,47,1.0,0.9953998923301697,0,0,0.0,0.25,0.0,0.0023724017664790154,0.0006073664990253747,-0.004440252669155598
1512,13,48,1.0,0.9892909526824951,0,0,0.0,0.0,0.0,0.0015721158124506474,0.002753000007942319,0.011362696997821331
1513,13,49,1.0,0.9817530512809753,0,0,0.0,0.0,0.0,0.005937507376074791,4.550273297354579e-05,0.0209026001393795
1514,13,50,1.0,0.9854563474655151,0,0,0.0,0.0,0.0,0.006947721820324659,-0.0006092279218137264,0.01605355739593506
1515,13,51,1.0,0.985933244228363,0,0,0.0,0.0,0.0,0.006702890153974295,-0.0007441956549882889,0.015174117870628834
1516,13,52,1.0,0.9881596565246582,0,0,0.0,0.0,0.0,0.006865691859275103,-0.001161437714472413,0.013642552308738232
1517,13,53,1.0,0.9881589412689209,0,0,0.25,0.0,0.0,0.006842243019491434,-0.0012656219769269228,0.013734904117882252
1518,13,54,1.0,0.9913849830627441,0,0,0.25,0.0,0.0,0.009959498420357704,-0.00041859818156808615,-0.0023340382613241673
1519,13,55,1.0,0.9917044639587402,0,0,0.0,0.0,0.0,0.010346710681915283,0.0002964395098388195,-0.007756675593554974
1520,13,56,1.0,0.989318311214447,0,0,0.0,0.0,0.0,0.0062317377887666225,0.001238832250237465,-0.003909626509994268
1521,13,57,1.0,0.9866428971290588,0,0,0.0,0.0,0.0,0.00453142449259758,0.0009403260191902518,-0.010251770727336407
1522,13,58,1.0,0.9855402112007141,0,0,0.0,0.0,0.0,0.004411718342453241,0.0022902756463736296,0.005662047304213047
1523,13,59,1.0,0.985382080078125,0,0,0.0,0.0,0.0,0.004085672553628683,0.0022420675959438086,0.004756550304591656
1524,13,60,1.0,0.9818799495697021,0,0,0.25,0.0,0.0,0.0037763905711472034,0.0017517921514809132,0.004403878003358841
1525,13,61,1.0,0.9817813038825989,0,0,0.0,0.0,0.0,0.006881032604724169,0.003226144937798381,-0.07375948876142502
1526,13,62,1.0,0.9838262796401978,0,0,0.0,0.0,0.0,0.004062546882778406,0.003914752509444952,-0.15529096126556396
1527,13,63,1.0,0.9845307469367981,0,0,0.0,0.0,0.0,0.0025840806774795055,0.0037872912362217903,-0.16236159205436707
1528,13,64,1.0,0.986484169960022,0,0,0.0,0.0,0.0,0.0009788388852030039,0.0027894775848835707,-0.22962798178195953
1529,13,65,1.0,0.9864305257797241,0,0,0.0,0.0,0.0,0.0004315297119319439,0.002649762900546193,-0.23116664588451385
1530,13,66,1.0,0.9882807731628418,0,0,0.0,0.0,-0.5,-0.00036050891503691673,0.0022531712893396616,-0.28066977858543396
1531,13,67,1.0,1.013526439666748,0,0,0.0,0.0,-0.5,-0.0033678815234452486,-0.0024611118715256453,-0.5558909773826599
1532,13,68,1.0,1.0133376121520996,0,0,0.0,0.0,-0.5,0.00014843884855508804,-0.002802278846502304,-0.5706580877304077
1533,13,69,1.0,1.0062859058380127,0,0,0.0,0.0,-0.5,-0.0032275356352329254,-0.003264207858592272,-0.5757262110710144
1534,13,70,1.0,0.9953670501708984,0,0,0.0,0.0,-0.5,-0.0008674855343997478,-0.0013060274068266153,-0.5820229053497314
1535,13,71,1.0,0.9903209805488586,0,0,0.0,0.0,-0.5,-0.0012058655265718699,-0.0034466309007257223,-0.5834842324256897
1536,13,72,1.0,0.9705871939659119,0,0,0.0,0.0,-0.5,0.004902813583612442,-0.0044609964825212955,-0.579832136631012
1537,13,73,1.0,0.9649527072906494,0,0,0.0,0.0,-0.5,0.00023383391089737415,-0.004291495308279991,-0.5860763788223267
1538,13,74,1.0,0.9488658905029297,0,0,0.0,0.0,-0.5,-0.003832235699519515,-0.002725400496274233,-0.4946504831314087
1539,13,75,1.0,0.9549810290336609,0,0,0.0,0.0,-0.5,-0.00392317958176136,-0.0011792245786637068,-0.46138742566108704
1540,13,76,1.0,1.8059158325195312,0,1,0.0,0.0,-0.5,-0.003884584177285433,-0.0002477895759511739,-0.014651687815785408
1541,13,77,1.0,1.819516897201538,0,1,0.0,0.0,0.0,-0.004360777325928211,-0.00037909249658696353,-0.009482650086283684
1542,13,78,1.0,2.0404772758483887,0,1,0.0,0.0,0.0,-0.005501254461705685,-0.0007141981041058898,0.018679380416870117
1543,13,79,1.0,2.040825605392456,0,1,0.0,0.0,0.0,-0.005513033363968134,-0.0007562424289062619,0.01876147836446762
1544,13,80,2.0,2.0444695949554443,1,1,0.0,0.0,0.0,-0.004915766417980194,-0.001047109137289226,0.01629134640097618
1545,13,81,2.0,2.0497841835021973,1,1,0.0,0.0,0.0,-0.0013598642544820905,0.0009216440375894308,0.008470195345580578
1546,13,82,2.0,2.055436611175537,1,1,0.0,0.0,0.0,-0.0030801030807197094,-0.0032183867879211903,0.01047366764396429
1547,13,83,2.0,2.0471808910369873,1,1,0.0,0.0,0.0,-0.0023349563125520945,-0.0036144587211310863,0.01052504125982523
1548,13,84,2.0,2.0615580081939697,1,1,0.0,0.0,0.0,-0.00193755270447582,-0.004672519396990538,0.005647088401019573
1549,13,85,2.0,2.0691111087799072,1,1,0.0,0.0,0.0,-0.0020890147425234318,-0.004971231333911419,0.0025125015527009964
1550,13,86,2.0,2.0742430686950684,1,1,0.0,0.0,0.0,-0.0003871588851325214,-0.004552057944238186,-0.011100959032773972
1551,13,87,2.0,2.0101125240325928,1,1,0.0,0.0,0.0,-0.0010530459694564342,-0.004073102027177811,-0.010415181517601013
1552,13,88,1.0,1.1291537284851074,0,0,0.0,0.0,0.0,-0.001777224475517869,-0.005496198311448097,0.2401181161403656
1553,13,89,1.0,0.9997225999832153,0,0,0.0,0.0,0.0,-0.00247082207351923,-0.003796899225562811,0.3433419466018677
1554,13,90,1.0,0.9653517603874207,0,0,0.0,0.0,0.0,-0.0033639471512287855,-0.0035270345397293568,0.3964768946170807
1555,13,91,1.0,0.963685154914856,0,0,0.0,0.0,0.5,-0.003841077908873558,-0.003354433225467801,0.40831851959228516
1556,13,92,1.0,0.9673983454704285,0,0,0.0,0.0,0.5,-0.003209072630852461,-0.004161659628152847,0.5298427939414978
1557,13,93,1.0,0.9694885015487671,0,0,0.0,0.0,0.5,-0.002918586600571871,-0.0038812090642750263,0.5457645654678345
1558,13,94,1.0,0.9826825261116028,0,0,0.0,0.0,0.5,-0.006778793875128031,-0.0012614827137440443,0.5507292151451111
1559,13,95,1.0,0.9849317669868469,0,0,0.0,0.0,0.5,-0.004902930930256844,-0.005308670457452536,0.5654049515724182
1560,13,96,1.0,0.9781241416931152,0,0,0.0,0.0,0.5,-0.0045765782706439495,-0.005874508060514927,0.5664805173873901
1561,13,97,1.0,0.9841904640197754,0,0,0.0,0.0,0.5,-0.005351151805371046,-0.006693711504340172,0.5702407360076904
1562,13,98,1.0,0.9828444123268127,0,0,0.0,0.0,0.5,-0.005769982933998108,-0.0029034113977104425,0.5616103410720825
1563,13,99,1.0,0.9884545803070068,0,0,0.0,0.0,0.5,-0.005550767760723829,0.0017261980101466179,0.544783890247345
1564,13,100,1.0,0.992918848991394,0,0,0.0,0.0,0.5,-0.0038656783290207386,0.006298007909208536,0.4803861081600189
1565,14,0,1.0,0.9914568662643433,0,0,0.0,0.0,0.0,-0.17223024368286133,0.008536908775568008,0.006965796463191509
1566,14,1,1.0,0.9889326095581055,0,0,0.0,0.0,0.0,-0.19094273447990417,0.00975096970796585,0.00099130067974329
1567,14,2,1.0,0.9922155141830444,0,0,0.0,0.0,0.0,-0.20243896543979645,0.009927209466695786,0.0038523925468325615
1568,14,3,1.0,0.9922795295715332,0,0,0.0,0.0,0.0,-0.20051880180835724,0.009595108218491077,0.005543584935367107
1569,14,4,1.0,0.9910008311271667,0,0,0.0,0.0,0.0,-0.22103556990623474,0.010748619213700294,0.00011201668530702591
1570,14,5,1.0,0.9910523295402527,0,0,0.0,0.0,0.0,-0.22071556746959686,0.010668248869478703,0.0006356257945299149
1571,14,6,1.0,0.9879090785980225,0,0,0.0,0.0,0.0,-0.23744001984596252,0.00964595191180706,-0.006451131775975227
1572,14,7,1.0,0.9879105091094971,0,0,0.0,0.0,0.0,-0.23740214109420776,0.0096275107935071,-0.006293896585702896
1573,14,8,1.0,0.9891155958175659,0,0,-0.25,0.0,0.0,-0.24718137085437775,0.009418239817023277,-0.01011958159506321
1574,14,9,1.0,0.9906505346298218,0,0,-0.25,0.0,0.0,-0.27071133255958557,0.002915375865995884,-0.01101587526500225
1575,14,10,1.0,1.0028332471847534,0,0,-0.25,0.0,0.0,-0.2801799476146698,-0.0011421693488955498,-0.014047450385987759
1576,14,11,1.0,1.0076185464859009,0,0,-0.25,0.0,0.0,-0.2846490740776062,-0.000953757087700069,-0.013556069694459438
1577,14,12,1.0,1.0079283714294434,0,0,-0.25,0.0,0.0,-0.28772446513175964,-0.005252843257039785,-0.01452671829611063
1578,14,13,1.0,1.0027579069137573,0,0,-0.25,0.0,0.0,-0.2880946397781372,-0.006880841683596373,-0.015628105029463768
1579,14,14,1.0,1.0013526678085327,0,0,-0.25,0.0,0.0,-0.289966881275177,-0.006028453353792429,-0.012799117714166641
1580,14,15,1.0,0.9980144500732422,0,0,-0.25,0.0,0.0,-0.2920462191104889,-0.0034619371872395277,-0.016413293778896332
1581,14,16,1.0,0.993110179901123,0,0,-0.25,0.0,0.0,-0.2785656154155731,0.002726588398218155,-0.012144061736762524
1582,14,17,1.0,1.0029700994491577,0,0,-0.25,0.0,0.0,-0.24855154752731323,0.02630467712879181,-0.017743565142154694
1583,14,18,1.0,0.9989655017852783,0,0,0.0,0.0,0.0,-0.19789251685142517,0.08021394163370132,-0.012209971435368061
1584,14,19,1.0,0.9797798991203308,0,0,0.0,0.0,0.0,-0.07662845402956009,0.181805819272995,-0.001608311664313078
1585,14,20,1.0,0.988396167755127,0,0,0.0,0.0,0.0,-0.025265268981456757,0.226965993642807,0.0022293152287602425
1586,14,21,1.0,0.9866735935211182,0,0,0.0,0.25,0.0,-0.015703929588198662,0.2272435426712036,-0.0028545651584863663
1587,14,22,1.0,0.9864910244941711,0,0,0.0,0.25,0.0,-0.011093435809016228,0.23541662096977234,0.0060236575081944466
1588,14,23,1.0,0.9862353801727295,0,0,0.0,0.25,0.0,-0.010858671739697456,0.23937706649303436,0.013172718696296215
1589,14,24,1.0,0.9826199412345886,0,0,0.0,0.25,0.0,-0.005532694049179554,0.25830867886543274,-0.0022292095236480236
1590,14,25,1.0,0.9754794239997864,0,0,0.0,0.25,0.0,-0.001400531968101859,0.266466349363327,0.0004296060651540756
1591,14,26,1.0,0.970302402973175,0,0,0.0,0.25,0.0,-0.001773333759047091,0.27503708004951477,0.004394578747451305
1592,14,27,1.0,0.987450122833252,0,0,0.0,0.25,0.0,-0.0016898232279345393,0.27753201127052307,0.005982960574328899
1593,14,28,1.0,1.0069178342819214,0,0,0.0,0.25,0.0,0.0020665915217250586,0.25697946548461914,0.0019331322982907295
1594,14,29,1.0,0.99771648645401,0,0,0.0,0.25,0.0,-0.001727222464978695,0.20653261244297028,-0.0008272435516119003
1595,14,30,1.0,0.9896467328071594,0,0,0.0,0.0,0.0,-0.0023694862611591816,0.1286206990480423,-0.008199961856007576
1596,14,31,1.0,0.989993691444397,0,0,0.0,0.0,0.0,0.0004627107409760356,0.06835168600082397,-0.004959962796419859
1597,14,32,1.0,0.9837762713432312,0,0,0.0,0.0,0.0,-0.0026031159795820713,0.046693190932273865,-0.00218511326238513
1598,14,33,1.0,0.9838031530380249,0,0,0.0,0.0,0.0,-0.0024006699677556753,0.03540301322937012,-0.0030843098647892475
1599,14,34,1.0,0.9801968336105347,0,0,0.0,0.0,0.0,-0.0038555010687559843,0.021801186725497246,-0.0033368654549121857
1600,14,35,1.0,0.9798953533172607,0,0,0.0,0.25,0.0,-0.003929333761334419,0.02115965262055397,-0.003466713707894087
1601,14,36,1.0,0.9831066131591797,0,0,0.0,0.25,0.0,-0.004615782760083675,0.028219662606716156,-0.006210880354046822
1602,14,37,1.0,0.9879558682441711,0,0,0.0,0.0,0.0,-0.00505285058170557,0.023086898028850555,-0.004175467882305384
1603,14,38,1.0,0.9862374663352966,0,0,0.0,0.0,0.0,-0.005615870468318462,0.01157251838594675,-0.005072921980172396
1604,14,39,1.0,0.9843129515647888,0,0,0.0,0.0,0.0,-0.004492917098104954,0.006756987888365984,-0.008902541361749172
1605,14,40,1.0,0.9854523539543152,0,0,0.0,0.0,0.0,-0.00591917522251606,0.005859326105564833,-0.005220954306423664
1606,14,41,1.0,0.9853278398513794,0,0,0.0,0.0,0.0,-0.005930457729846239,0.005378357134759426,-0.005200023762881756
1607,14,42,1.0,0.986578106880188,0,0,0.0,0.0,0.0,-0.006493826862424612,0.003928097430616617,-0.006282312795519829
1608,14,43,1.0,0.9865723848342896,0,0,0.0,0.0,0.0,-0.00648696580901742,0.003853030502796173,-0.0062674880027771
1609,14,44,1.0,0.9880238771438599,0,0,0.0,0.0,0.0,-0.007993859238922596,0.0038953213952481747,-0.004987745080143213
1610,14,45,1.0,0.9880194664001465,0,0,0.0,0.0,0.0,-0.007993132807314396,0.003880632109940052,-0.004982577171176672
1611,14,46,1.0,0.9884998202323914,0,0,0.0,0.0,0.0,-0.008329428732395172,0.004053730517625809,-0.0056730881333351135
1612,14,47,1.0,0.9884979128837585,0,0,0.0,0.25,0.0,-0.008328761905431747,0.004049964714795351,-0.005671532824635506
1613,14,48,1.0,0.9929789304733276,0,0,0.0,0.0,0.0,-0.008073985576629639,0.007705300115048885,-0.010457891039550304
1614,14,49,1.0,0.9911195039749146,0,0,0.0,0.0,0.0,-0.01142846792936325,0.002626919886097312,-0.0077672540210187435
1615,14,50,1.0,0.9927929639816284,0,0,0.0,0.0,0.0,-0.015075469389557838,0.0003565738443285227,0.0023252470418810844
1616,14,51,1.0,0.9940123558044434,0,0,0.0,0.0,0.0,-0.0148985106498003,-0.001129930024035275,-0.0012493394315242767
1617,14,52,1.0,0.9885018467903137,0,0,0.0,0.0,0.0,-0.015395119786262512,-0.0016004251083359122,0.008791583590209484
1618,14,53,1.0,0.988518476486206,0,0,-0.25,0.0,0.0,-0.015414230525493622,-0.0017119355034083128,0.008764632977545261
1619,14,54,1.0,0.984167218208313,0,0,0.0,0.0,0.0,-0.017592286691069603,-0.0007566859712824225,-0.0072976695373654366
1620,14,55,1.0,0.9850050806999207,0,0,0.0,0.0,0.0,-0.01412964053452015,-0.001772458665072918,-0.0041060601361095905
1621,14,56,1.0,0.986830472946167,0,0,0.0,0.0,0.0,-0.010404994711279869,-0.0011977928224951029,-0.0001889001578092575
1622,14,57,1.0,0.9869487285614014,0,0,0.0,0.0,0.0,-0.009629873558878899,-0.001456658006645739,0.000874718651175499
1623,14,58,1.0,0.986696183681488,0,0,0.0,0.0,0.0,-0.009560316801071167,0.0003038846771232784,-0.003318753093481064
1624,14,59,1.0,0.9866958856582642,0,0,-0.25,0.0,0.0,-0.009494155645370483,0.00027915515238419175,-0.00320363137871027
1625,14,60,1.0,0.9884755611419678,0,0,-0.25,0.0,0.0,-0.009959597140550613,0.0024577586445957422,0.0019303755834698677
1626,14,61,1.0,0.9828184843063354,0,0,0.0,0.0,0.0,-0.007296059746295214,0.0025391639210283756,-0.011851886287331581
1627,14,62,1.0,0.9818826913833618,0,0,0.0,0.0,0.0,-0.004825596231967211,0.0009601694764569402,-0.0033482681028544903
1628,14,63,1.0,0.9836928844451904,0,0,0.0,0.0,0.0,-0.0029694680124521255,-0.0001443306973669678,0.0019670994952321053
1629,14,64,1.0,0.9825800657272339,0,0,0.0,0.0,0.0,0.0012447289191186428,0.0005347754340618849,0.0010601850226521492
1630,14,65,1.0,0.9826592803001404,0,0,0.0,0.0,0.0,0.001574892085045576,0.00046302046393975616,0.001095583662390709
1631,14,66,1.0,0.9807476997375488,0,0,0.0,0.0,0.0,0.001947137527167797,-0.0007762834429740906,0.0005237674340605736
1632,14,67,1.0,0.980766773223877,0,0,0.0,0.0,0.0,0.001986006973311305,-0.0007855325238779187,0.0006263619288802147
1633,14,68,1.0,0.9801868200302124,0,0,0.0,0.0,0.0,0.0020177916157990694,-0.0006719623925164342,-0.014952174387872219
1634,14,69,1.0,0.9801880717277527,0,0,0.0,0.0,-0.5,0.002025412628427148,-0.0006740271346643567,-0.01493936125189066
1635,14,70,1.0,1.0056278705596924,0,0,0.0,0.0,-0.5,-0.0001620411640033126,-0.00043064149213023484,-0.5204607248306274
1636,14,71,1.0,1.0030903816223145,0,0,0.0,0.0,-0.5,-0.0010249175829812884,-0.0003105357172898948,-0.5610654950141907
1637,14,72,1.0,1.0020970106124878,0,0,0.0,0.0,-0.5,-0.001578826573677361,-0.0013999909861013293,-0.5728316903114319
1638,14,73,1.0,0.9958443641662598,0,0,0.0,0.0,-0.5,0.0004154640482738614,-0.0027492446824908257,-0.5657743811607361
1639,14,74,1.0,0.989751935005188,0,0,0.0,0.0,-0.5,0.002006406430155039,-0.0036567014176398516,-0.5699691772460938
1640,14,75,1.0,0.9701255559921265,0,0,0.0,0.0,-0.5,0.0006963412743061781,-0.004025996662676334,-0.5682756900787354
1641,14,76,1.0,0.9529264569282532,0,0,0.0,0.0,-0.5,0.0025716740638017654,-0.0019141007214784622,-0.5013719797134399
1642,14,77,1.0,0.9463614225387573,0,0,0.0,0.0,-0.5,0.003673667088150978,-0.0035738362930715084,-0.5372968316078186
1643,14,78,1.0,1.3330533504486084,0,0,0.0,0.0,-0.5,0.0017957258969545364,0.0037995511665940285,-0.17751160264015198
1644,14,79,1.0,1.6536502838134766,0,1,0.0,0.0,-0.5,0.0017535951919853687,0.0021714356262236834,-0.058706048876047134
1645,14,80,1.0,1.972841501235962,0,1,0.0,0.0,0.0,-0.003167057642713189,0.002012205310165882,0.016869358718395233
1646,14,81,1.0,1.9562067985534668,0,1,0.0,0.0,0.0,-0.003151088487356901,0.0017163732554763556,0.016013264656066895
1647,14,82,1.0,2.0455477237701416,0,1,0.0,0.0,0.0,-0.003015565685927868,0.0011848703725263476,0.018303323537111282
1648,14,83,2.0,2.046022653579712,1,1,0.0,0.0,0.0,-0.003033812390640378,0.0010757403215393424,0.018520589917898178
1649,14,84,2.0,2.0641391277313232,1,1,0.0,0.0,0.0,-0.001997434999793768,-2.627490903250873e-05,0.0068264314904809
1650,14,85,2.0,2.0587987899780273,1,1,0.0,0.0,0.0,-0.0025126715190708637,0.00013630985631607473,0.009992391802370548
1651,14,86,2.0,2.0492658615112305,1,1,0.0,0.0,0.0,-0.0011888801818713546,0.000269500189460814,0.009788301773369312
1652,14,87,2.0,2.0422773361206055,1,1,0.0,0.0,0.0,0.0002538117114454508,2.4636159650981426e-05,0.011758371256291866
1653,14,88,2.0,2.0455615520477295,1,1,0.0,0.0,0.0,-0.0004354569246061146,-0.0018048384226858616,0.012453041039407253
1654,14,89,2.0,2.0507678985595703,1,1,0.0,0.0,0.0,0.0009566866792738438,-0.0036274564918130636,0.00965797808021307
1655,14,90,2.0,2.064647674560547,1,1,0.0,0.0,0.0,0.0002845575800165534,-0.005717043299227953,0.0014852546155452728
1656,14,91,2.0,2.062333583831787,1,1,0.0,0.0,0.0,0.00010059901978820562,-0.005677864421159029,0.001797814853489399
1657,14,92,2.0,1.9219270944595337,1,1,0.0,0.0,0.0,-0.0002456927904859185,-0.007262906059622765,0.005005137994885445
1658,14,93,2.0,1.6463117599487305,1,1,0.0,0.0,0.0,-0.0017724847421050072,-0.008594337850809097,0.0630577877163887
1659,14,94,1.0,1.0390573740005493,0,0,0.0,0.0,0.0,-0.0006398106925189495,-0.00707654282450676,0.2943873703479767
1660,14,95,1.0,1.0126909017562866,0,0,0.0,0.0,0.0,-0.0008306258823722601,-0.006144165527075529,0.3060897886753082
1661,14,96,1.0,1.1149311065673828,0,0,0.0,0.0,0.0,-0.0017808051779866219,-0.007867970503866673,0.2563965618610382
1662,14,97,1.0,1.0902587175369263,0,0,0.0,0.0,0.5,-0.0023791752755641937,-0.006997500080615282,0.27612820267677307
1663,14,98,1.0,0.9752976298332214,0,0,0.0,0.0,0.5,-0.001016019145026803,-0.0040931086987257,0.5406008958816528
1664,14,99,1.0,0.9802718162536621,0,0,0.0,0.0,0.5,-0.001958080567419529,-0.00360330892726779,0.5392520427703857
1665,14,100,1.0,0.9862052798271179,0,0,0.0,0.0,0.5,-0.003400813089683652,-0.005636019632220268,0.5694976449012756
1666,14,101,1.0,0.9887275695800781,0,0,0.0,0.0,0.5,-0.005344962235540152,-0.0033358270302414894,0.5608780980110168
1667,14,102,1.0,0.9879987239837646,0,0,0.0,0.0,0.5,-0.0032910045702010393,-0.005314185284078121,0.5684963464736938
1668,14,103,1.0,0.981784462928772,0,0,0.0,0.0,0.5,-0.002066340995952487,-0.004825036507099867,0.5546743273735046
1669,14,104,1.0,0.9875202178955078,0,0,0.0,0.0,0.5,-0.0034273893106728792,-0.004239083267748356,0.5659070611000061
1670,14,105,1.0,0.9865678548812866,0,0,0.0,0.0,0.5,-0.0025985287502408028,0.002911327173933387,0.4569398760795593
1671,14,106,1.0,0.995643675327301,0,0,0.0,0.0,0.5,-0.004060437902808189,0.001980423228815198,0.49306491017341614
1672,15,0,1.0,0.9840096235275269,0,0,0.0,0.0,0.0,0.1992078572511673,-0.007051308639347553,0.014658144675195217
1673,15,1,1.0,0.9822196364402771,0,0,0.0,0.0,0.0,0.197489395737648,-0.006743615493178368,0.0093050142750144
1674,15,2,1.0,0.9810002446174622,0,0,0.0,0.0,0.0,0.20376791059970856,-0.008217528462409973,0.00876969750970602
1675,15,3,1.0,0.9810397624969482,0,0,0.0,0.0,0.0,0.20473796129226685,-0.008490943349897861,0.009985887445509434
1676,15,4,1.0,0.9786555171012878,0,0,0.0,0.0,0.0,0.21588367223739624,-0.007911319844424725,0.008030247874557972
1677,15,5,1.0,0.9786394238471985,0,0,0.0,0.0,0.0,0.2160983830690384,-0.007964309304952621,0.00834785494953394
1678,15,6,1.0,0.9761963486671448,0,0,0.0,0.0,0.0,0.23299026489257812,-0.0054038395173847675,0.002715648151934147
1679,15,7,1.0,0.9761990308761597,0,0,0.0,0.0,0.0,0.23303930461406708,-0.005415692459791899,0.002784482203423977
1680,15,8,1.0,0.9737634658813477,0,0,0.0,0.0,0.0,0.23646396398544312,-0.005213040858507156,0.003091486170887947
1681,15,9,1.0,0.9737635850906372,0,0,0.0,0.0,0.0,0.23647494614124298,-0.005215988960117102,0.003110491670668125
1682,15,10,1.0,0.9730010032653809,0,0,0.0,0.0,0.0,0.24112188816070557,-0.004989649634808302,0.0014931494370102882
1683,15,11,1.0,0.9730011820793152,0,0,0.25,0.0,0.0,0.2411244958639145,-0.0049903965555131435,0.0014981795102357864
1684,15,12,1.0,0.9829282164573669,0,0,0.25,0.0,0.0,0.2633747160434723,-0.0038269918877631426,0.005127914249897003
1685,15,13,1.0,0.9941275715827942,0,0,0.25,0.0,0.0,0.26460081338882446,0.0017550396732985973,0.00835047010332346
1686,15,14,1.0,1.0004723072052002,0,0,0.25,0.0,0.0,0.266722172498703,0.005959526170045137,0.012004700489342213
1687,15,15,1.0,0.999677300453186,0,0,0.25,0.0,0.0,0.2695622742176056,0.006345477886497974,0.013416034169495106
1688,15,16,1.0,0.9870069026947021,0,0,0.25,0.0,0.0,0.2749131917953491,0.012507440522313118,0.007959677837789059
1689,15,17,1.0,0.9943918585777283,0,0,0.25,0.0,0.0,0.275239497423172,0.010001294314861298,0.009548238478600979
1690,15,18,1.0,0.9860579967498779,0,0,0.25,0.0,0.0,0.27676454186439514,0.010057815350592136,0.008233805187046528
1691,15,19,1.0,0.9881793260574341,0,0,0.25,0.0,0.0,0.27396368980407715,0.0019273364450782537,0.009162652306258678
1692,15,20,1.0,0.9731675982475281,0,0,0.25,0.0,0.0,0.23239047825336456,-0.04155696928501129,0.008395127020776272
1693,15,21,1.0,0.9748887419700623,0,0,0.0,0.0,0.0,0.17152832448482513,-0.10709284991025925,0.007699939422309399
1694,15,22,1.0,0.9731096625328064,0,0,0.0,0.0,0.0,0.04295970872044563,-0.24243046343326569,0.010502270422875881
1695,15,23,1.0,0.9687523245811462,0,0,0.0,0.0,0.0,0.004361639730632305,-0.25990453362464905,0.0015837214887142181
1696,15,24,1.0,0.9682966470718384,0,0,0.0,0.0,0.0,-0.003492659656330943,-0.2721209228038788,0.0032312944531440735
1697,15,25,1.0,0.9686105251312256,0,0,0.0,-0.25,0.0,-0.00858909823000431,-0.27170905470848083,0.0018688822165131569
1698,15,26,1.0,0.9780222177505493,0,0,0.0,-0.25,0.0,-0.010598568245768547,-0.2799927592277527,-0.0005750097334384918
1699,15,27,1.0,0.9868716597557068,0,0,0.0,-0.25,0.0,-0.005233595613390207,-0.28046250343322754,-0.005713318940252066
1700,15,28,1.0,0.9899394512176514,0,0,0.0,-0.25,0.0,-0.006741249933838844,-0.27434486150741577,0.0008721156045794487
1701,15,29,1.0,0.9880340099334717,0,0,0.0,-0.25,0.0,-0.01129528321325779,-0.27557170391082764,0.0043509481474757195
1702,15,30,1.0,0.9966655969619751,0,0,0.0,-0.25,0.0,-0.009729120880365372,-0.28089943528175354,0.006181537173688412
1703,15,31,1.0,0.9903938174247742,0,0,0.0,-0.25,0.0,-0.006697084289044142,-0.28424522280693054,0.012847860343754292
1704,15,32,1.0,0.9836708307266235,0,0,0.0,-0.25,0.0,-0.013758277520537376,-0.27235114574432373,0.01144279632717371
1705,15,33,1.0,0.9854511022567749,0,0,0.0,-0.25,0.0,-0.00922398641705513,-0.2465294897556305,0.00392908975481987
1706,15,34,1.0,0.9888572692871094,0,0,0.0,-0.25,0.0,-0.0010355490958318114,-0.10717293620109558,0.014847886748611927
1707,15,35,1.0,0.9880229234695435,0,0,0.0,0.0,0.0,-0.0018748962320387363,-0.0478229895234108,0.009631297551095486
1708,15,36,1.0,0.981846034526825,0,0,0.0,0.0,0.0,-0.003570013912394643,-0.02086322382092476,0.00495939701795578
1709,15,37,1.0,0.9815317392349243,0,0,0.0,0.0,0.0,-0.004846459254622459,-0.013837754726409912,0.003161337226629257
1710,15,38,1.0,0.9837483763694763,0,0,0.0,0.0,0.0,-0.0036095641553401947,-0.010160048492252827,2.5358982384204865e-05
1711,15,39,1.0,0.9837196469306946,0,0,0.0,0.0,0.0,-0.0037572146393358707,-0.009593404829502106,-0.000387510284781456
1712,15,40,1.0,0.9839714765548706,0,0,0.0,0.0,0.0,-0.0015895137330517173,-0.00975060649216175,-0.0017513222992420197
1713,15,41,1.0,0.9839658737182617,0,0,0.0,-0.25,0.0,-0.0016148356953635812,-0.009646842256188393,-0.0018285983242094517
1714,15,42,1.0,0.9868317246437073,0,0,0.0,0.0,0.0,0.0003689858131110668,-0.01162287313491106,-0.0016573593020439148
1715,15,43,1.0,0.988275945186615,0,0,0.0,0.0,0.0,-0.0007826953660696745,-0.007985841482877731,-0.0015981807373464108
1716,15,44,1.0,0.9900786876678467,0,0,0.0,0.0,0.0,0.0016780802980065346,-0.006239365320652723,-0.008144404739141464
1717,15,45,1.0,0.99012690782547,0,0,0.0,0.0,0.0,0.0014564571902155876,-0.005646647419780493,-0.008192116394639015
1718,15,46,1.0,0.991380512714386,0,0,0.0,0.0,0.0,0.0013358178548514843,-0.0027429701294749975,-0.007781166583299637
1719,15,47,1.0,0.991376519203186,0,0,0.0,-0.25,0.0,0.0012992131523787975,-0.002663241932168603,-0.00783747248351574
1720,15,48,1.0,0.9970880150794983,0,0,0.0,-0.25,0.0,0.004108204040676355,-0.004747103899717331,-0.0017431238666176796
1721,15,49,1.0,0.9936386346817017,0,0,0.0,0.0,0.0,0.0025446610525250435,-0.007370637264102697,0.004129651002585888
1722,15,50,1.0,0.9864081144332886,0,0,0.0,0.0,0.0,0.0020026054698973894,-0.0063062990084290504,0.01716848835349083
1723,15,51,1.0,0.9848660826683044,0,0,0.0,0.0,0.0,0.0024818233214318752,-0.005074039101600647,0.019081972539424896
1724,15,52,1.0,0.9827382564544678,0,0,0.0,0.0,0.0,0.003401509951800108,-0.004500675480812788,0.021539457142353058
1725,15,53,1.0,0.9826890230178833,0,0,0.0,0.0,0.0,0.003317809198051691,-0.0042016152292490005,0.02143654227256775
1726,15,54,1.0,0.9840792417526245,0,0,0.25,0.0,0.0,0.002832062542438507,-0.0033538120333105326,0.02394651621580124
1727,15,55,1.0,0.9942315816879272,0,0,0.0,0.0,0.0,0.007764556910842657,-0.0019430075772106647,0.007477658800780773
1728,15,56,1.0,0.9934737086296082,0,0,0.0,0.0,0.0,0.006055706646293402,-0.001583509729243815,0.008734631352126598
1729,15,57,1.0,0.9948188662528992,0,0,0.0,0.0,0.0,0.004383810330182314,-0.0016053098952397704,0.009253931231796741
1730,15,58,1.0,0.9898210763931274,0,0,0.0,0.0,0.0,0.005013620480895042,-0.0011683250777423382,-0.00435524620115757
1731,15,59,1.0,0.9897870421409607,0,0,0.0,0.0,0.0,0.004737813491374254,-0.0011846031993627548,-0.004895020741969347
1732,15,60,1.0,0.9900568127632141,0,0,0.25,0.0,0.0,0.004257781431078911,-0.001151012140326202,-0.00010162405669689178
1733,15,61,1.0,0.9890792369842529,0,0,0.25,0.0,0.0,0.010230664163827896,0.0008177937706932425,0.0007467763498425484
1734,15,62,1.0,0.98553466796875,0,0,0.0,0.0,0.0,0.012260306626558304,0.003581095952540636,-0.028773728758096695
1735,15,63,1.0,0.9844104647636414,0,0,0.0,0.0,0.0,0.007344489451497793,0.0019085416570305824,-0.1168641671538353
1736,15,64,1.0,0.9833661317825317,0,0,0.0,0.0,0.0,0.005652588326483965,0.002788115292787552,-0.1298658847808838
1737,15,65,1.0,0.9832859039306641,0,0,0.0,0.0,0.0,0.003508081194013357,0.0023664457257837057,-0.1324823498725891
1738,15,66,1.0,0.9861330389976501,0,0,0.0,0.0,0.0,0.00276658171787858,0.001918642781674862,-0.20059806108474731
1739,15,67,1.0,0.9861124753952026,0,0,0.0,0.0,0.0,0.0024570643436163664,0.0018127141520380974,-0.2016739696264267
1740,15,68,1.0,0.9876618385314941,0,0,0.0,0.0,0.0,0.002380755264312029,0.0030176558066159487,-0.2504139542579651
1741,15,69,1.0,0.9876701235771179,0,0,0.0,0.0,-0.5,0.002315651159733534,0.0030027974862605333,-0.250980943441391
1742,15,70,1.0,1.0151894092559814,0,0,0.0,0.0,-0.5,-0.00023876293562352657,0.0004096729098819196,-0.5283734798431396
1743,15,71,1.0,1.0149707794189453,0,0,0.0,0.0,-0.5,-0.0019127633422613144,-1.62444484885782e-05,-0.562612771987915
1744,15,72,1.0,1.011479377746582,0,0,0.0,0.0,-0.5,-0.000620722770690918,-0.00024509249487891793,-0.5773297548294067
1745,15,73,1.0,1.011352777481079,0,0,0.0,0.0,-0.5,0.0006465234328061342,-0.00111311674118042,-0.5848395824432373
1746,15,74,1.0,0.9941367506980896,0,0,0.0,0.0,-0.5,0.0016022527124732733,-0.00047286396147683263,-0.5933973789215088
1747,15,75,1.0,0.9852836728096008,0,0,0.0,0.0,-0.5,0.004021554719656706,-0.004813060164451599,-0.5863684415817261
1748,15,76,1.0,0.9585094451904297,0,0,0.0,0.0,-0.5,0.0012213375885039568,-0.0006755281938239932,-0.4999067485332489
1749,15,77,1.0,0.9573345184326172,0,0,0.0,0.0,-0.5,0.0014204452745616436,-0.0025159509386867285,-0.5098198652267456
1750,15,78,1.0,1.3757416009902954,0,0,0.0,0.0,-0.5,0.0002511822385713458,-0.0033770750742405653,-0.15880362689495087
1751,15,79,1.0,1.4694344997406006,0,0,0.0,0.0,-0.5,0.0003692226018756628,-0.0039907838217914104,-0.1179223507642746
1752,15,80,1.0,2.0473508834838867,0,1,0.0,0.0,-0.5,-0.0020187117625027895,-0.004960249178111553,0.009971867315471172
1753,15,81,1.0,2.0481252670288086,0,1,0.0,0.0,0.0,-0.0019914554432034492,-0.0049894885160028934,0.010167880915105343
1754,15,82,1.0,2.054323673248291,0,1,0.0,0.0,0.0,-0.0017227500211447477,-0.004468527156859636,0.010670154355466366
1755,15,83,1.0,2.0544235706329346,0,1,0.0,0.0,0.0,-0.0017109108157455921,-0.004460346419364214,0.010655001737177372
1756,15,84,2.0,2.0559232234954834,1,1,0.0,0.0,0.0,-0.0017304887296631932,-0.004038779065012932,0.007912359200417995
1757,15,85,2.0,2.0429487228393555,1,1,0.0,0.0,0.0,-0.00014178245328366756,-0.0031368371564894915,0.008496182970702648
1758,15,86,2.0,2.0510101318359375,1,1,0.0,0.0,0.0,-0.00030322116799652576,-0.0028945356607437134,0.003102618269622326
1759,15,87,2.0,2.0493004322052,1,1,0.0,0.0,0.0,-3.7428224459290504e-05,-0.003473689779639244,0.0030596405267715454
1760,15,88,2.0,2.0614254474639893,1,1,0.0,0.0,0.0,0.001210518879815936,-0.003824186511337757,-0.0033944756723940372
1761,15,89,2.0,2.061347484588623,1,1,0.0,0.0,0.0,0.0011383206583559513,-0.0038588109891861677,-0.0033887377940118313
1762,15,90,2.0,1.8841121196746826,1,1,0.0,0.0,0.0,0.0012514283880591393,-0.009149565361440182,0.01765725016593933
1763,15,91,2.0,1.8847249746322632,1,1,0.0,0.0,0.0,0.0012139438185840845,-0.009129437617957592,0.01718130335211754
1764,15,92,1.0,1.1460742950439453,0,0,0.0,0.0,0.0,0.0011217421852052212,-0.014450952410697937,0.25815579295158386
1765,15,93,1.0,1.1463139057159424,0,0,0.0,0.0,0.0,0.001126941293478012,-0.014430864714086056,0.2578943073749542
1766,15,94,1.0,1.1486204862594604,0,0,0.0,0.0,0.0,0.0015180404298007488,-0.015491578727960587,0.25941604375839233
1767,15,95,1.0,1.1488853693008423,0,0,0.0,0.0,0.0,0.0015186052769422531,-0.01549550611525774,0.2591494917869568
1768,15,96,1.0,1.1319053173065186,0,0,0.0,0.0,0.5,0.00013251067139208317,-0.01343329157680273,0.2886885404586792
1769,15,97,1.0,1.0464446544647217,0,0,0.0,0.0,0.5,0.0009286506101489067,-0.012942160479724407,0.3831467628479004
1770,15,98,1.0,0.9655025005340576,0,0,0.0,0.0,0.5,-0.0020609800703823566,-0.007238938473165035,0.5340621471405029
1771,15,99,1.0,0.9792699813842773,0,0,0.0,0.0,0.5,-0.004108785185962915,-0.004240908194333315,0.5484983921051025
1772,15,100,1.0,0.9829806685447693,0,0,0.0,0.0,0.5,-0.0036001098342239857,-0.00659989332780242,0.5402060747146606
1773,15,101,1.0,0.9793732762336731,0,0,0.0,0.0,0.5,-0.004087156616151333,-0.009761312045156956,0.5512547492980957
1774,15,102,1.0,0.9832239747047424,0,0,0.0,0.0,0.5,-0.005983356386423111,-0.004602617118507624,0.5641046166419983
1775,15,103,1.0,0.9818114638328552,0,0,0.0,0.0,0.5,-0.0063795242458581924,-0.004881717264652252,0.5688447952270508
1776,15,104,1.0,0.9897676110267639,0,0,0.0,0.0,0.5,-0.003951774910092354,-0.0016819359734654427,0.5519264340400696
1777,15,105,1.0,0.9924062490463257,0,0,0.0,0.0,0.5,-0.002779849339276552,-0.0018237949116155505,0.5520080327987671
1778,16,0,1.0,0.9806135892868042,0,0,0.0,0.0,0.0,-0.1255955696105957,-0.01927042193710804,0.011208285577595234
1779,16,1,1.0,0.9755973815917969,0,0,0.0,0.0,0.0,-0.14134077727794647,-0.015046900138258934,0.00012907572090625763
1780,16,2,1.0,0.9737639427185059,0,0,0.0,0.0,0.0,-0.15356288850307465,-0.01308544259518385,-0.0014386740513145924
1781,16,3,1.0,0.974220335483551,0,0,0.0,0.0,0.0,-0.1512024998664856,-0.013899709098041058,0.001187419518828392
1782,16,4,1.0,0.9754343628883362,0,0,0.0,0.0,0.0,-0.16797026991844177,-0.006196414586156607,-0.0019396035932004452
1783,16,5,1.0,0.9755091667175293,0,0,0.0,0.0,0.0,-0.16751998662948608,-0.0063519105315208435,-0.0012160995975136757
1784,16,6,1.0,0.9756986498832703,0,0,0.0,0.0,0.0,-0.18986763060092926,0.0022380324080586433,-0.005638459697365761
1785,16,7,1.0,0.9757040739059448,0,0,0.0,0.0,0.0,-0.18978622555732727,0.0022170001175254583,-0.005469923838973045
1786,16,8,1.0,0.974656879901886,0,0,0.0,0.0,0.0,-0.18692004680633545,0.0008038500091060996,-0.005438616499304771
1787,16,9,1.0,0.9746615886688232,0,0,-0.25,0.0,0.0,-0.1869029998779297,0.0007987938588485122,-0.005395851098001003
1788,16,10,1.0,1.0012080669403076,0,0,-0.25,0.0,0.0,-0.2684849500656128,0.02502375841140747,-0.014773797243833542
1789,16,11,1.0,1.0049241781234741,0,0,-0.25,0.0,0.0,-0.27992740273475647,0.02603958360850811,-0.010692205280065536
1790,16,12,1.0,1.0176637172698975,0,0,-0.25,0.0,0.0,-0.2766740322113037,0.027069024741649628,-0.014377727173268795
1791,16,13,1.0,1.012149691581726,0,0,-0.25,0.0,0.0,-0.2852405607700348,0.02314678207039833,-0.018291190266609192
1792,16,14,1.0,1.0031417608261108,0,0,-0.25,0.0,0.0,-0.28745177388191223,0.0256479624658823,-0.010119449347257614
1793,16,15,1.0,1.008946418762207,0,0,-0.25,0.0,0.0,-0.28913769125938416,0.02530495636165142,-0.013011963106691837
1794,16,16,1.0,1.0289547443389893,0,0,-0.25,0.0,0.0,-0.2900080382823944,0.02017408050596714,-0.02075280249118805
1795,16,17,1.0,1.0017529726028442,0,0,-0.25,0.0,0.0,-0.28886285424232483,0.004960266407579184,-0.013423647731542587
1796,16,18,1.0,1.0057891607284546,0,0,-0.25,0.0,0.0,-0.25905871391296387,-0.03696925938129425,-0.022337811067700386
1797,16,19,1.0,0.9968564510345459,0,0,-0.25,0.0,0.0,-0.24118512868881226,-0.0632244423031807,-0.017772935330867767
1798,16,20,1.0,0.9841763973236084,0,0,0.0,0.0,0.0,-0.14591117203235626,-0.18840141594409943,-0.017850477248430252
1799,16,21,1.0,0.9866251945495605,0,0,0.0,0.0,0.0,-0.06553415954113007,-0.24920906126499176,-0.011223135516047478
1800,16,22,1.0,0.9778422117233276,0,0,0.0,0.0,0.0,-0.017445845529437065,-0.2754962146282196,-0.0033694221638143063
1801,16,23,1.0,0.9791600704193115,0,0,0.0,-0.25,0.0,-0.0022629760205745697,-0.2773330509662628,-0.0034018862061202526
1802,16,24,1.0,0.9881424307823181,0,0,0.0,-0.25,0.0,-0.004507327452301979,-0.27645033597946167,-0.00456975307315588
1803,16,25,1.0,0.9850279092788696,0,0,0.0,-0.25,0.0,0.0006745231803506613,-0.28232744336128235,-0.00270455377176404
1804,16,26,1.0,0.9849593043327332,0,0,0.0,-0.25,0.0,-0.011440260335803032,-0.2706972360610962,-0.004397908691316843
1805,16,27,1.0,0.9851289391517639,0,0,0.0,-0.25,0.0,-0.00029361352790147066,-0.2778151035308838,0.0050719911232590675
1806,16,28,1.0,0.9922303557395935,0,0,0.0,-0.25,0.0,-0.004678517580032349,-0.2840248644351959,0.01033258531242609
1807,16,29,1.0,0.9915658235549927,0,0,0.0,-0.25,0.0,0.0010328935459256172,-0.2816852927207947,0.014814217574894428
1808,16,30,1.0,0.9902881383895874,0,0,0.0,-0.25,0.0,-0.0013890565605834126,-0.2737574875354767,0.01560764480382204
1809,16,31,1.0,0.985579788684845,0,0,0.0,-0.25,0.0,-0.003999507986009121,-0.2494046688079834,0.012261512689292431
1810,16,32,1.0,0.9905056953430176,0,0,0.0,-0.25,0.0,-0.003307164181023836,-0.15748457610607147,-0.0036993385292589664
1811,16,33,1.0,0.9922111630439758,0,0,0.0,-0.25,0.0,-0.003988363780081272,-0.05216461420059204,-0.010298238135874271
1812,16,34,1.0,0.9883363842964172,0,0,0.0,0.0,0.0,-0.0026802390348166227,-0.028721442446112633,-0.009301642887294292
1813,16,35,1.0,0.9899449348449707,0,0,0.0,0.0,0.0,-0.005459248088300228,-0.02172107808291912,-0.011576727963984013
1814,16,36,1.0,0.9879562854766846,0,0,0.0,0.0,0.0,-0.004412136971950531,-0.009441200643777847,-0.01410791464149952
1815,16,37,1.0,0.9873860478401184,0,0,0.0,0.0,0.0,-0.005155702121555805,-0.008242026902735233,-0.015384449623525143
1816,16,38,1.0,0.9906322956085205,0,0,0.0,0.0,0.0,-0.006561765912920237,-0.00538253877311945,-0.009991435334086418
1817,16,39,1.0,0.9905173182487488,0,0,0.0,0.0,0.0,-0.006641486659646034,-0.005068513564765453,-0.010051012970507145
1818,16,40,1.0,0.9910587668418884,0,0,0.0,0.0,0.0,-0.006191468331962824,-0.005600597243756056,-0.01203206554055214
1819,16,41,1.0,0.9910422563552856,0,0,0.0,-0.25,0.0,-0.0062046716921031475,-0.005536002106964588,-0.012037649750709534
1820,16,42,1.0,0.997652530670166,0,0,0.0,0.0,0.0,-0.00821626652032137,-0.006349676754325628,-0.009871819987893105
1821,16,43,1.0,0.9977723956108093,0,0,0.0,0.0,0.0,-0.011485693976283073,-0.003257536329329014,-0.012543968856334686
1822,16,44,1.0,0.9915353655815125,0,0,0.0,0.0,0.0,-0.011308686807751656,-0.00397083442658186,0.007265155203640461
1823,16,45,1.0,0.990761935710907,0,0,0.0,0.0,0.0,-0.01172306202352047,-0.0035215062089264393,0.007025645114481449
1824,16,46,1.0,0.9865807294845581,0,0,0.0,0.0,0.0,-0.011448509991168976,-0.002612021053209901,0.006723769940435886
1825,16,47,1.0,0.9865084886550903,0,0,0.0,-0.25,0.0,-0.011501552537083626,-0.0024914543610066175,0.0066314684227108955
1826,16,48,1.0,0.9933238625526428,0,0,0.0,0.0,0.0,-0.009365834295749664,-0.007264454383403063,0.011912059970200062
1827,16,49,1.0,0.9928558468818665,0,0,0.0,0.0,0.0,-0.011063966900110245,-0.00457924697548151,0.011703391559422016
1828,16,50,1.0,0.9838027358055115,0,0,0.0,0.0,0.0,-0.012094127014279366,-0.004016069695353508,0.01869213953614235
1829,16,51,1.0,0.9829349517822266,0,0,0.0,0.0,0.0,-0.011970626190304756,-0.0033891573548316956,0.015855416655540466
1830,16,52,1.0,0.9814246296882629,0,0,0.0,0.0,0.0,-0.010333618149161339,-0.002448562067002058,0.0035662399604916573
1831,16,53,1.0,0.9813702702522278,0,0,0.0,0.0,0.0,-0.010374786332249641,-0.0023259082809090614,0.0035215700045228004
1832,16,54,1.0,0.9814754724502563,0,0,-0.25,0.0,0.0,-0.010651655495166779,-0.001741723739542067,0.005880983546376228
1833,16,55,1.0,0.989219605922699,0,0,0.0,0.0,0.0,-0.011006003245711327,0.0006484437035396695,0.009817256592214108
1834,16,56,1.0,0.9905399680137634,0,0,0.0,0.0,0.0,-0.008917821571230888,0.001031300867907703,0.010899973101913929
1835,16,57,1.0,0.9905188083648682,0,0,0.0,0.0,0.0,-0.006694180890917778,0.0021709734573960304,0.013466372154653072
1836,16,58,1.0,0.9871271252632141,0,0,0.0,0.0,0.0,-0.005713744554668665,0.0027681177016347647,0.0028349310159683228
1837,16,59,1.0,0.9871252179145813,0,0,0.0,0.0,0.0,-0.005527382250875235,0.002884612185880542,0.002389179542660713
1838,16,60,1.0,0.9882224202156067,0,0,-0.25,0.0,0.0,-0.0053757126443088055,0.002641041297465563,0.004815130494534969
1839,16,61,1.0,0.9865620136260986,0,0,0.0,0.0,0.0,-0.0077810646034777164,0.0007037019822746515,0.00668951403349638
1840,16,62,1.0,0.9814792275428772,0,0,0.0,0.0,0.0,-0.0040008011274039745,4.559697117656469e-06,0.013336843810975552
1841,16,63,1.0,0.9833936095237732,0,0,0.0,0.0,0.0,-0.002793382853269577,0.0011385214747861028,0.012547998689115047
1842,16,64,1.0,0.9781286120414734,0,0,0.0,0.0,0.0,-0.0005765846581198275,0.0010006577940657735,-0.06314583867788315
1843,16,65,1.0,0.977957546710968,0,0,0.0,0.0,0.0,-0.0003892945242114365,0.0011578319827094674,-0.06483862549066544
1844,16,66,1.0,0.9782393574714661,0,0,0.0,0.0,0.0,-0.0008231336832977831,0.0011635168921202421,-0.0930406004190445
1845,16,67,1.0,0.9782167673110962,0,0,0.0,0.0,0.0,-0.0007921865908429027,0.001182488282211125,-0.09319459646940231
1846,16,68,1.0,0.9781343340873718,0,0,0.0,0.0,-0.5,-0.0006109758978709579,0.0009240640792995691,-0.10166613757610321
1847,16,69,1.0,1.0076754093170166,0,0,0.0,0.0,-0.5,-0.0005801058141514659,4.887438262812793e-05,-0.5079770684242249
1848,16,70,1.0,1.0132508277893066,0,0,0.0,0.0,-0.5,-0.0006823322037234902,0.0024281712248921394,-0.5546216368675232
1849,16,71,1.0,1.0095690488815308,0,0,0.0,0.0,-0.5,-0.0012551029212772846,-0.00012167752720415592,-0.5693241953849792
1850,16,72,1.0,1.002360224723816,0,0,0.0,0.0,-0.5,-0.0014329777332022786,-0.0015563033521175385,-0.5761373043060303
1851,16,73,1.0,0.9984736442565918,0,0,0.0,0.0,-0.5,0.0019472737330943346,-0.0032939426600933075,-0.576905369758606
1852,16,74,1.0,0.988037109375,0,0,0.0,0.0,-0.5,0.00041168066672980785,-0.003987351432442665,-0.5841109156608582
1853,16,75,1.0,0.9757967591285706,0,0,0.0,0.0,-0.5,0.0022985166870057583,-0.002135569229722023,-0.5782046914100647
1854,16,76,1.0,0.9490243792533875,0,0,0.0,0.0,-0.5,3.230897709727287e-05,-0.0005747272516600788,-0.5370368361473083
1855,16,77,1.0,0.9461169242858887,0,0,0.0,0.0,-0.5,-0.0011226859642192721,0.0016454183496534824,-0.5082736015319824
1856,16,78,1.0,1.4365429878234863,0,0,0.0,0.0,-0.5,8.00226116552949e-05,-0.0052054389379918575,-0.11660301685333252
1857,16,79,1.0,1.5020689964294434,0,1,0.0,0.0,0.0,-9.416462853550911e-05,-0.00530050927773118,-0.09195375442504883
1858,16,80,1.0,1.694138765335083,0,1,0.0,0.0,0.0,-0.002016200451180339,-0.006442383397370577,-0.0309586301445961
1859,16,81,1.0,1.7086713314056396,0,1,0.0,0.0,0.0,-0.0021825155708938837,-0.006449720822274685,-0.02705184742808342
1860,16,82,1.0,1.887152075767517,0,1,0.0,0.0,0.0,-0.003978127148002386,-0.0052286614663898945,0.007202477194368839
1861,16,83,1.0,1.8896268606185913,0,1,0.0,0.0,0.0,-0.004056732170283794,-0.005210215225815773,0.007459522224962711
1862,16,84,2.0,1.9519245624542236,1,1,0.0,0.0,0.0,-0.004333506803959608,-0.004469620063900948,0.012341954745352268
1863,16,85,2.0,2.0449719429016113,1,1,0.0,0.0,0.0,-0.0015500979498028755,-0.0010148026049137115,0.0030409935861825943
1864,16,86,2.0,2.038790702819824,1,1,0.0,0.0,0.0,0.0010683855507522821,-0.001303781638853252,0.009274925105273724
1865,16,87,2.0,2.0487232208251953,1,1,0.0,0.0,0.0,-0.000126552302390337,-0.0014924550196155906,0.009438077919185162
1866,16,88,2.0,2.0405654907226562,1,1,0.0,0.0,0.0,0.0009091529063880444,-0.0028179797809571028,0.007154281251132488
1867,16,89,2.0,2.0400750637054443,1,1,0.0,0.0,0.0,0.0003101577749475837,-0.0016442692140117288,0.00878708716481924
1868,16,90,2.0,2.0629525184631348,1,1,0.0,0.0,0.0,0.0006185765378177166,-0.004111387301236391,-0.016216885298490524
1869,16,91,2.0,2.063131332397461,1,1,0.0,0.0,0.0,0.0005865887505933642,-0.004086571745574474,-0.0161946639418602
1870,16,92,2.0,2.0315051078796387,1,1,0.0,0.0,0.0,-0.0009600154007785022,-0.006278865039348602,-0.018376044929027557
1871,16,93,2.0,2.0318596363067627,1,1,0.0,0.0,0.0,-0.0009618792100809515,-0.006244109943509102,-0.018381483852863312
1872,16,94,1.0,1.9243773221969604,0,1,0.0,0.0,0.0,-0.0021222010254859924,-0.008800466544926167,-0.004958221223205328
1873,16,95,1.0,1.9251656532287598,0,1,0.0,0.0,0.0,-0.002112671732902527,-0.008774724788963795,-0.005054020788520575
1874,16,96,1.0,1.9224152565002441,0,1,0.0,0.0,0.0,-0.0018789966125041246,-0.00819883681833744,-0.007691849954426289
1875,16,97,1.0,1.9231257438659668,0,1,0.0,0.0,0.0,-0.0018770731985569,-0.00816423911601305,-0.007783364038914442
1876,16,98,1.0,1.876781702041626,0,1,0.0,0.0,0.5,-0.0021199011243879795,-0.00785527192056179,0.0048666950315237045
1877,16,99,1.0,1.0542397499084473,0,0,0.0,0.0,0.5,-0.0023847350385040045,-0.008760177530348301,0.44835278391838074
1878,16,100,1.0,1.025864839553833,0,0,0.0,0.0,0.5,-0.001990741351619363,-0.00863765086978674,0.5081042051315308
1879,16,101,1.0,0.9867598414421082,0,0,0.0,0.0,0.5,-0.008846760727465153,-0.0050468891859054565,0.5498389601707458
1880,16,102,1.0,0.9762883186340332,0,0,0.0,0.0,0.5,-0.005961669143289328,-0.00628354586660862,0.5670008063316345
1881,16,103,1.0,0.9819124937057495,0,0,0.0,0.0,0.5,-0.006350062787532806,-0.009501292370259762,0.571928858757019
1882,16,104,1.0,0.9794842004776001,0,0,0.0,0.0,0.5,-0.005895145703107119,-0.0036406642757356167,0.5692620277404785
1883,16,105,1.0,0.9774762988090515,0,0,0.0,0.0,0.5,-0.005486528854817152,-0.005702480673789978,0.5655798316001892
1884,17,0,1.0,0.9843235015869141,0,0,0.0,0.0,0.0,0.19393624365329742,0.002287747571244836,-0.0036971704103052616
1885,17,1,1.0,0.9807837009429932,0,0,0.0,0.0,0.0,0.18978816270828247,0.002849694574251771,-0.0074410513043403625
1886,17,2,1.0,0.9790521860122681,0,0,0.0,0.0,0.0,0.20096778869628906,0.0007365288911387324,-0.009342711418867111
1887,17,3,1.0,0.9784729480743408,0,0,0.0,0.0,0.0,0.2042551338672638,0.0005233623087406158,-0.007434659171849489
1888,17,4,1.0,0.9787608981132507,0,0,0.0,0.0,0.0,0.2089005708694458,-0.0007027520332485437,-0.005571658723056316
1889,17,5,1.0,0.9789432287216187,0,0,0.0,0.0,0.0,0.2092372328042984,-0.0007758598076179624,-0.00519347470253706
1890,17,6,1.0,0.9777346253395081,0,0,0.0,0.0,0.0,0.21538802981376648,-0.0025878134183585644,-0.0008285697549581528
1891,17,7,1.0,0.9777818918228149,0,0,0.0,0.0,0.0,0.21545960009098053,-0.0026118075475096703,-0.0007098875939846039
1892,17,8,1.0,0.9805313944816589,0,0,0.0,0.0,0.0,0.21891921758651733,-0.0020173441153019667,-0.000927390530705452
1893,17,9,1.0,0.98054438829422,0,0,0.0,0.0,0.0,0.21893645823001862,-0.0020234487019479275,-0.0008930293843150139
1894,17,10,1.0,0.9802451729774475,0,0,0.0,0.0,0.0,0.21689601242542267,-0.0025923503562808037,-0.0024910117499530315
1895,17,11,1.0,0.9802474975585938,0,0,0.25,0.0,0.0,0.21689975261688232,-0.0025937440805137157,-0.002482953015714884
1896,17,12,1.0,0.9939222931861877,0,0,0.25,0.0,0.0,0.2514115869998932,-0.012102422304451466,0.005762449465692043
1897,17,13,1.0,0.9958484172821045,0,0,0.25,0.0,0.0,0.2589992582798004,-0.013615107163786888,0.001918179914355278
1898,17,14,1.0,1.012376308441162,0,0,0.25,0.0,0.0,0.26559215784072876,-0.015550862066447735,0.0057692378759384155
1899,17,15,1.0,0.9995943903923035,0,0,0.25,0.0,0.0,0.27335038781166077,-0.019759774208068848,0.007241391576826572
1900,17,16,1.0,1.0049558877944946,0,0,0.25,0.0,0.0,0.27143633365631104,-0.014681290835142136,0.0022250795736908913
1901,17,17,1.0,0.9960201978683472,0,0,0.25,0.0,0.0,0.2714436650276184,-0.021956823766231537,0.005094360560178757
1902,17,18,1.0,0.9892385005950928,0,0,0.25,0.0,0.0,0.26429978013038635,-0.013369324617087841,0.005488344468176365
1903,17,19,1.0,0.9972031116485596,0,0,0.25,0.0,0.0,0.24870534241199493,-0.008888636715710163,0.00611191987991333
1904,17,20,1.0,1.0031055212020874,0,0,0.25,0.0,0.0,0.1662139594554901,0.08451485633850098,0.001373283565044403
1905,17,21,1.0,1.0021190643310547,0,0,0.0,0.0,0.0,0.06214992702007294,0.2006162852048874,-0.004899348597973585
1906,17,22,1.0,0.9940212965011597,0,0,0.0,0.0,0.0,0.016151953488588333,0.23801246285438538,-0.003405909053981304
1907,17,23,1.0,0.9930790066719055,0,0,0.0,0.0,0.0,-0.007038964424282312,0.24463772773742676,-0.0023766495287418365
1908,17,24,1.0,0.981634259223938,0,0,0.0,0.0,0.0,-0.012610752135515213,0.25101107358932495,-0.005617625080049038
1909,17,25,1.0,0.9788114428520203,0,0,0.0,0.25,0.0,-0.015753382816910744,0.2536679804325104,-0.005806899629533291
1910,17,26,1.0,0.9704345464706421,0,0,0.0,0.25,0.0,-0.009078914299607277,0.25410643219947815,-0.0032818298786878586
1911,17,27,1.0,0.964985728263855,0,0,0.0,0.25,0.0,-0.00869472324848175,0.25592780113220215,-0.003987189382314682
1912,17,28,1.0,0.9782441854476929,0,0,0.0,0.25,0.0,-0.005701189395040274,0.2657695412635803,0.0034118229523301125
1913,17,29,1.0,0.9781755208969116,0,0,0.0,0.25,0.0,-0.005194635130465031,0.2724752426147461,0.008308007381856441
1914,17,30,1.0,0.990007758140564,0,0,0.0,0.25,0.0,-0.0052634719759225845,0.27629807591438293,0.0026109479367733
1915,17,31,1.0,0.9769517779350281,0,0,0.0,0.25,0.0,-0.005447166971862316,0.2779145836830139,-0.0056180190294981
1916,17,32,1.0,0.9888678193092346,0,0,0.0,0.25,0.0,-0.008380655199289322,0.2749824821949005,0.0010608937591314316
1917,17,33,1.0,0.9942787885665894,0,0,0.0,0.25,0.0,-0.006073702592402697,0.25260403752326965,-0.004731514025479555
1918,17,34,1.0,0.9920334815979004,0,0,0.0,0.25,0.0,-0.0035435741301625967,0.09454863518476486,-0.009203366935253143
1919,17,35,1.0,0.991272509098053,0,0,0.0,0.0,0.0,-0.003911112435162067,0.04401464760303497,-0.004838498309254646
1920,17,36,1.0,0.9816749095916748,0,0,0.0,0.0,0.0,-0.005339646711945534,0.014628843404352665,-0.004729059524834156
1921,17,37,1.0,0.9811345934867859,0,0,0.0,0.0,0.0,-0.0059415437281131744,0.0059954640455543995,-0.005235753022134304
1922,17,38,1.0,0.9823911190032959,0,0,0.0,0.0,0.0,-0.005060120951384306,0.003216186538338661,-0.005157738458365202
1923,17,39,1.0,0.9821710586547852,0,0,0.0,0.0,0.0,-0.005020430777221918,0.0024855341762304306,-0.004837369546294212
1924,17,40,1.0,0.9862053394317627,0,0,0.0,0.0,0.0,-0.00306036532856524,0.004338403232395649,-0.0017816307954490185
1925,17,41,1.0,0.9861329793930054,0,0,0.0,0.0,0.0,-0.00303862476721406,0.0042271739803254604,-0.0017111501656472683
1926,17,42,1.0,0.986785888671875,0,0,0.0,0.25,0.0,-0.002209447091445327,0.0033841440454125404,-0.004975492600351572
1927,17,43,1.0,0.9946163296699524,0,0,0.0,0.0,0.0,-0.0009453805396333337,0.009887129999697208,-0.0021743341349065304
1928,17,44,1.0,0.9917473196983337,0,0,0.0,0.0,0.0,0.001961605390533805,0.0008149986388161778,-0.007788552436977625
1929,17,45,1.0,0.9901251196861267,0,0,0.0,0.0,0.0,0.0021550809033215046,-0.0008177557028830051,-0.010190694592893124
1930,17,46,1.0,0.9950319528579712,0,0,0.0,0.0,0.0,0.0019470106344670057,0.00127096485812217,-0.0048507144674658775
1931,17,47,1.0,0.9949167966842651,0,0,0.0,0.0,0.0,0.0019534460734575987,0.0010540239745751023,-0.004735126625746489
1932,17,48,1.0,0.9958434104919434,0,0,0.0,0.25,0.0,0.002762952819466591,-0.0005006245919503272,-0.0060567911714315414
1933,17,49,1.0,0.9982696771621704,0,0,0.0,0.0,0.0,0.001996040577068925,0.003785763867199421,-0.001993045210838318
1934,17,50,1.0,0.9813236594200134,0,0,0.0,0.0,0.0,0.0057832649908959866,-0.0009641801589168608,0.01645941287279129
1935,17,51,1.0,0.9819478988647461,0,0,0.0,0.0,0.0,0.0059585049748420715,-0.0025307799223810434,0.01714765653014183
1936,17,52,1.0,0.9832451939582825,0,0,0.0,0.0,0.0,0.0058494871482253075,-0.0022174962796270847,0.019200626760721207
1937,17,53,1.0,0.9832828044891357,0,0,0.0,0.0,0.0,0.005802564322948456,-0.0024422002024948597,0.019518937915563583
1938,17,54,1.0,0.9849846363067627,0,0,0.25,0.0,0.0,0.006397004704922438,-0.0018715085461735725,0.016255971044301987
1939,17,55,1.0,0.9941759705543518,0,0,0.0,0.0,0.0,0.010145718231797218,-0.0003054330591112375,0.00975810643285513
1940,17,56,1.0,0.9929362535476685,0,0,0.0,0.0,0.0,0.007421157788485289,-0.00045241526095196605,-0.008061422035098076
1941,17,57,1.0,0.9917694926261902,0,0,0.0,0.0,0.0,0.0058217355981469154,-0.00043233446194790304,-0.008205097168684006
1942,17,58,1.0,0.9917361736297607,0,0,0.0,0.0,0.0,0.005269729997962713,0.0015055055264383554,-0.005386862903833389
1943,17,59,1.0,0.9917106628417969,0,0,0.0,0.0,0.0,0.00506731728091836,0.001502792234532535,-0.005784633103758097
1944,17,60,1.0,0.9904574155807495,0,0,0.25,0.0,0.0,0.004769033752381802,0.0013355652336031199,-0.010596155188977718
1945,17,61,1.0,0.9905400276184082,0,0,0.25,0.0,0.0,0.008132772520184517,0.0009307787986472249,-0.0046988558024168015
1946,17,62,1.0,0.9869594573974609,0,0,0.0,0.0,0.0,0.009496530517935753,0.0016698453109711409,0.009685168974101543
1947,17,63,1.0,0.9817571043968201,0,0,0.0,0.0,0.0,0.0055431160144507885,0.0033254085574299097,-0.02964991331100464
1948,17,64,1.0,0.9846711158752441,0,0,0.0,0.0,0.0,0.002959970850497484,0.0026014584582298994,-0.17754559218883514
1949,17,65,1.0,0.9847484230995178,0,0,0.0,0.0,0.0,0.0010580795351415873,0.00233262125402689,-0.17625853419303894
1950,17,66,1.0,0.9869952201843262,0,0,0.0,0.0,0.0,8.951965719461441e-05,0.002012011595070362,-0.2546078562736511
1951,17,67,1.0,0.9870261549949646,0,0,0.0,0.0,0.0,-0.00021805136930197477,0.0019098373595625162,-0.2564503252506256
1952,17,68,1.0,0.9881286025047302,0,0,0.0,0.0,0.0,-0.0001786187058314681,0.0016843436751514673,-0.2834060490131378
1953,17,69,1.0,0.9881419539451599,0,0,0.0,0.0,-0.5,-0.00022720347624272108,0.001658651977777481,-0.28402894735336304
1954,17,70,1.0,1.0139796733856201,0,0,0.0,0.0,-0.5,-0.0020543518476188183,-0.0023231033701449633,-0.5397111773490906
1955,17,71,1.0,1.012709617614746,0,0,0.0,0.0,-0.5,-0.0008644334156997502,-0.003624050412327051,-0.5711570382118225
1956,17,72,1.0,1.004483938217163,0,0,0.0,0.0,-0.5,-0.000547435658518225,-0.003921628929674625,-0.5776135921478271
1957,17,73,1.0,1.0002367496490479,0,0,0.0,0.0,-0.5,-0.0007415099535137415,-0.001933755469508469,-0.5837370753288269
1958,17,74,1.0,0.9985341429710388,0,0,0.0,0.0,-0.5,0.0001286364858970046,-0.0023068292066454887,-0.591360867023468
1959,17,75,1.0,0.982931911945343,0,0,0.0,0.0,-0.5,0.003258896991610527,-0.004187063314020634,-0.5884321331977844
1960,17,76,1.0,0.9630101919174194,0,0,0.0,0.0,-0.5,0.001604604534804821,-0.004433121997863054,-0.5787314772605896
1961,17,77,1.0,0.9545146226882935,0,0,0.0,0.0,-0.5,-0.0023571227211505175,-0.003656171727925539,-0.566633403301239
1962,17,78,1.0,1.032025933265686,0,0,0.0,0.0,-0.5,-0.0023429214488714933,0.0009566773660480976,-0.3275338113307953
1963,17,79,1.0,1.0263447761535645,0,0,0.0,0.0,-0.5,-0.003110435325652361,0.0009667637059465051,-0.33025065064430237
1964,17,80,1.0,1.9389021396636963,0,1,0.0,0.0,-0.5,-0.005122842267155647,-0.0004400113539304584,0.011930807493627071
1965,17,81,1.0,1.942584753036499,0,1,0.0,0.0,0.0,-0.005252351984381676,-0.00048348933341912925,0.012979754246771336
1966,17,82,1.0,2.048973321914673,0,1,0.0,0.0,0.0,-0.005228347145020962,-0.0009852126240730286,0.017772067338228226
1967,17,83,1.0,2.049128770828247,0,1,0.0,0.0,0.0,-0.0052302442491054535,-0.0010196048533543944,0.01777341589331627
1968,17,84,2.0,2.0214219093322754,1,1,0.0,0.0,0.0,-0.00485328771173954,-0.001081746770069003,0.016419820487499237
1969,17,85,2.0,2.0465786457061768,1,1,0.0,0.0,0.0,-0.0009608327527530491,0.0006437036208808422,0.007972202263772488
1970,17,86,2.0,2.0554659366607666,1,1,0.0,0.0,0.0,-0.0034221673849970102,-0.00341431749984622,0.010329519398510456
1971,17,87,2.0,2.0482208728790283,1,1,0.0,0.0,0.0,-0.00257773301564157,-0.0037904202472418547,0.010498604737222195
1972,17,88,2.0,2.055878162384033,1,1,0.0,0.0,0.0,-0.001985791837796569,-0.004043799825012684,0.008423578925430775
1973,17,89,2.0,2.063641309738159,1,1,0.0,0.0,0.0,-0.0021539831068366766,-0.004539830610156059,0.005638209171593189
1974,17,90,2.0,2.074471950531006,1,1,0.0,0.0,0.0,-6.296124774962664e-05,-0.004585344344377518,-0.010846192017197609
1975,17,91,2.0,2.0640950202941895,1,1,0.0,0.0,0.0,-0.00039818580262362957,-0.004492174834012985,-0.013594311662018299
1976,17,92,2.0,1.2046668529510498,1,0,0.0,0.0,0.0,-0.0015755248023197055,-0.006949218921363354,0.20233382284641266
1977,17,93,1.0,1.0153852701187134,0,0,0.0,0.0,0.0,-0.0024162805639207363,-0.004106285981833935,0.32930827140808105
1978,17,94,1.0,0.9807647466659546,0,0,0.0,0.0,0.0,-0.0027888547629117966,-0.004240747541189194,0.3751677870750427
1979,17,95,1.0,0.9767874479293823,0,0,0.0,0.0,0.0,-0.002826061099767685,-0.003642716445028782,0.38699567317962646
1980,17,96,1.0,0.9581430554389954,0,0,0.0,0.0,0.0,-0.003854390699416399,-0.004382811952382326,0.4181007146835327
1981,17,97,1.0,0.9584859013557434,0,0,0.0,0.0,0.0,-0.004016321152448654,-0.004192464053630829,0.41963663697242737
1982,17,98,1.0,0.9635055661201477,0,0,0.0,0.0,0.5,-0.0033046500757336617,-0.0056279320269823074,0.38405725359916687
1983,17,99,1.0,0.9654148817062378,0,0,0.0,0.0,0.5,-0.004097066819667816,-0.0035701775923371315,0.5333560705184937
1984,17,100,1.0,0.9749645590782166,0,0,0.0,0.0,0.5,-0.0047235386446118355,-0.003713917452841997,0.5530575513839722
1985,17,101,1.0,0.9820685982704163,0,0,0.0,0.0,0.5,-0.00551356328651309,-0.004494633991271257,0.5510784983634949
1986,17,102,1.0,0.9841649532318115,0,0,0.0,0.0,0.5,-0.006538141053169966,-0.00101074343547225,0.5545319318771362
1987,17,103,1.0,0.9809858798980713,0,0,0.0,0.0,0.5,-0.005078211426734924,-0.006378509569913149,0.562020480632782
1988,17,104,1.0,0.9832276105880737,0,0,0.0,0.0,0.5,-0.004679855424910784,-0.008177777752280235,0.5766818523406982
1989,17,105,1.0,0.98464035987854,0,0,0.0,0.0,0.5,-0.005561874248087406,-0.007311671040952206,0.5690771341323853
1990,17,106,1.0,0.990961492061615,0,0,0.0,0.0,0.5,-0.006169828586280346,-0.00044095987686887383,0.515630304813385
1991,17,107,1.0,0.9998042583465576,0,0,0.0,0.0,0.5,-0.0036921377759426832,0.004815070424228907,0.49383023381233215
1992,18,0,1.0,0.9914568066596985,0,0,0.0,0.0,0.0,-0.17223025858402252,0.008536898531019688,0.006965785287320614
1993,18,1,1.0,0.9889326095581055,0,0,0.0,0.0,0.0,-0.1909427046775818,0.009750974364578724,0.0009913323447108269
1994,18,2,1.0,0.9922154545783997,0,0,0.0,0.0,0.0,-0.20243893563747406,0.009927216917276382,0.003852355293929577
1995,18,3,1.0,0.9922796487808228,0,0,0.0,0.0,0.0,-0.20051877200603485,0.009595115669071674,0.005543535575270653
1996,18,4,1.0,0.9910008907318115,0,0,0.0,0.0,0.0,-0.22103552520275116,0.010748617351055145,0.00011204369366168976
1997,18,5,1.0,0.9910522103309631,0,0,0.0,0.0,0.0,-0.22071556746959686,0.010668271221220493,0.0006356099620461464
1998,18,6,1.0,0.9879090785980225,0,0,0.0,0.0,0.0,-0.2374400794506073,0.00964595191180706,-0.006451150868088007
1999,18,7,1.0,0.9879103302955627,0,0,0.0,0.0,0.0,-0.23740220069885254,0.009627513587474823,-0.006293922662734985
2000,18,8,1.0,0.9891154766082764,0,0,-0.25,0.0,0.0,-0.24718138575553894,0.009418224915862083,-0.010119583457708359
2001,18,9,1.0,0.9906505942344666,0,0,-0.25,0.0,0.0,-0.2707113027572632,0.0029153733048588037,-0.01101587526500225
2002,18,10,1.0,1.002833366394043,0,0,-0.25,0.0,0.0,-0.2801799476146698,-0.0011421643430367112,-0.014047438278794289
2003,18,11,1.0,1.0076185464859009,0,0,-0.25,0.0,0.0,-0.2846491038799286,-0.000953781942371279,-0.013556055724620819
2004,18,12,1.0,1.0079283714294434,0,0,-0.25,0.0,0.0,-0.28772446513175964,-0.005252823233604431,-0.01452663168311119
2005,18,13,1.0,1.0027579069137573,0,0,-0.25,0.0,0.0,-0.2880946397781372,-0.006880839355289936,-0.015628091990947723
2006,18,14,1.0,1.0013526678085327,0,0,-0.25,0.0,0.0,-0.289966881275177,-0.006028456147760153,-0.01279909536242485
2007,18,15,1.0,0.9980144500732422,0,0,-0.25,0.0,0.0,-0.2920461893081665,-0.0034619197249412537,-0.01641329564154148
2008,18,16,1.0,0.9931100606918335,0,0,-0.25,0.0,0.0,-0.27856558561325073,0.002726563485339284,-0.012144074775278568
2009,18,17,1.0,1.0029699802398682,0,0,-0.25,0.0,0.0,-0.24855154752731323,0.026304656639695168,-0.017743520438671112
2010,18,18,1.0,0.999350368976593,0,0,-0.25,0.0,0.0,-0.1994922012090683,0.07802081108093262,-0.011428410187363625
2011,18,19,1.0,0.9981213808059692,0,0,0.0,0.0,0.0,-0.13113217055797577,0.1566077321767807,-0.006766383536159992
2012,18,20,1.0,0.9789080023765564,0,0,0.0,0.0,0.0,-0.0426088310778141,0.23260286450386047,0.0026723137125372887
2013,18,21,1.0,0.9754191637039185,0,0,0.0,0.0,0.0,-0.020881759002804756,0.24056854844093323,-0.006778995040804148
2014,18,22,1.0,0.9832058548927307,0,0,0.0,0.25,0.0,-0.008013814687728882,0.240544855594635,-0.005658258683979511
2015,18,23,1.0,0.9766083359718323,0,0,0.0,0.25,0.0,0.0020209108479321003,0.246866837143898,-0.0030014654621481895
2016,18,24,1.0,0.9857578277587891,0,0,0.0,0.25,0.0,-0.003288113046437502,0.24608932435512543,-0.0020229779183864594
2017,18,25,1.0,0.9891471862792969,0,0,0.0,0.25,0.0,-0.0029218890704214573,0.2594914436340332,-0.0033753840252757072
2018,18,26,1.0,0.9767815470695496,0,0,0.0,0.25,0.0,-0.002682906575500965,0.26236364245414734,-6.272830069065094e-05
2019,18,27,1.0,0.9843961596488953,0,0,0.0,0.25,0.0,0.003876066766679287,0.26604849100112915,0.009217034094035625
2020,18,28,1.0,0.9906668066978455,0,0,0.0,0.25,0.0,-0.003953604958951473,0.2712554633617401,0.008515928871929646
2021,18,29,1.0,0.9941080808639526,0,0,0.0,0.25,0.0,0.001566959312185645,0.2713589668273926,0.01005407515913248
2022,18,30,1.0,0.9942070841789246,0,0,0.0,0.25,0.0,-0.005018292926251888,0.1898241490125656,0.007240812294185162
2023,18,31,1.0,0.9860211610794067,0,0,0.0,0.25,0.0,-0.003251499030739069,0.0846310630440712,0.006208003498613834
2024,18,32,1.0,0.9886329174041748,0,0,0.0,0.0,0.0,-0.004089178517460823,0.03559967875480652,0.0018796483054757118
2025,18,33,1.0,0.9868675470352173,0,0,0.0,0.0,0.0,-0.0042091547511518,0.01848895102739334,-0.00295316893607378
2026,18,34,1.0,0.9837300777435303,0,0,0.0,0.0,0.0,-0.005170635879039764,0.011933335103094578,-0.007106943987309933
2027,18,35,1.0,0.98260098695755,0,0,0.0,0.0,0.0,-0.005274546332657337,0.00869246106594801,-0.009333536960184574
2028,18,36,1.0,0.9858796000480652,0,0,0.0,0.0,0.0,-0.006359039805829525,0.009240088984370232,-0.0032066209241747856
2029,18,37,1.0,0.9857893586158752,0,0,0.0,0.0,0.0,-0.006375109776854515,0.008982020430266857,-0.003184816800057888
2030,18,38,1.0,0.9861218333244324,0,0,0.0,0.25,0.0,-0.007358048111200333,0.008429407142102718,-0.004011557437479496
2031,18,39,1.0,0.9886091351509094,0,0,0.0,0.0,0.0,-0.007369201630353928,0.012767455540597439,-0.00913587212562561
2032,18,40,1.0,0.9876320958137512,0,0,0.0,0.0,0.0,-0.007090657949447632,0.007852936163544655,-0.005539866629987955
2033,18,41,1.0,0.987149178981781,0,0,0.0,0.0,0.0,-0.005649941973388195,0.004930074326694012,-0.006969713140279055
2034,18,42,1.0,0.9896721243858337,0,0,0.0,0.0,0.0,-0.008882137946784496,0.004833287559449673,-0.008018894121050835
2035,18,43,1.0,0.989607572555542,0,0,0.0,0.0,0.0,-0.008910810574889183,0.004561075009405613,-0.007954641245305538
2036,18,44,1.0,0.9921717643737793,0,0,0.0,0.25,0.0,-0.008139150217175484,0.003914485219866037,-0.006439421325922012
2037,18,45,1.0,0.9946838617324829,0,0,0.0,0.25,0.0,-0.007067871745675802,0.007417201064527035,-0.010839704424142838
2038,18,46,1.0,0.9921877384185791,0,0,0.0,0.0,0.0,-0.012251690030097961,0.006115794647485018,0.003048873506486416
2039,18,47,1.0,0.9907331466674805,0,0,0.0,0.0,0.0,-0.014523081481456757,0.0007435057777911425,0.005531042814254761
2040,18,48,1.0,0.9892157316207886,0,0,0.0,0.0,0.0,-0.013872291892766953,-0.002120610326528549,0.004705310799181461
2041,18,49,1.0,0.9904438257217407,0,0,0.0,0.0,0.0,-0.012400265783071518,-0.0022373334504663944,0.002012253738939762
2042,18,50,1.0,0.9851701259613037,0,0,0.0,0.0,0.0,-0.013298802077770233,-0.0030790676828473806,0.011179574765264988
2043,18,51,1.0,0.9851387143135071,0,0,-0.25,0.0,0.0,-0.013334034010767937,-0.0032576904632151127,0.011060423217713833
2044,18,52,1.0,0.9880818724632263,0,0,-0.25,0.0,0.0,-0.013845209032297134,-0.00022456447186414152,0.005370897240936756
2045,18,53,1.0,0.9842270016670227,0,0,0.0,0.0,0.0,-0.00992257334291935,0.00128439802210778,-0.005606659222394228
2046,18,54,1.0,0.9828993678092957,0,0,0.0,0.0,0.0,-0.0059285578317940235,0.000761793926358223,-0.005442040041089058
2047,18,55,1.0,0.9827108383178711,0,0,0.0,0.0,0.0,-0.0034686061553657055,0.0006590953562408686,-0.002294781617820263
2048,18,56,1.0,0.9823596477508545,0,0,0.0,0.0,0.0,-0.0002323949011042714,0.00022355775581672788,-0.007505028508603573
2049,18,57,1.0,0.9825032949447632,0,0,0.0,0.0,0.0,-2.264324575662613e-05,0.0001115256454795599,-0.007315324619412422
2050,18,58,1.0,0.9815763235092163,0,0,-0.25,0.0,0.0,0.0006182736251503229,-3.0328286811709404e-05,-0.004874217789620161
2051,18,59,1.0,0.9815841317176819,0,0,0.0,0.0,0.0,-0.0027860181871801615,0.002010169206187129,0.0007143933326005936
2052,18,60,1.0,0.9795859456062317,0,0,0.0,0.0,0.0,-0.003031402360647917,-0.0011710121762007475,-0.09006568789482117
2053,18,61,1.0,0.9805622100830078,0,0,0.0,0.0,0.0,-0.0017833233578130603,-0.0014500749530270696,-0.0898064523935318
2054,18,62,1.0,0.9816690683364868,0,0,0.0,0.0,0.0,3.396498505026102e-05,-0.001431308570317924,-0.1458505392074585
2055,18,63,1.0,0.9816906452178955,0,0,0.0,0.0,0.0,0.0003115698928013444,-0.0015404250007122755,-0.14649461209774017
2056,18,64,1.0,0.9809002876281738,0,0,0.0,0.0,0.0,-0.00015648722182959318,-0.0024712798185646534,-0.21497169137001038
2057,18,65,1.0,0.9809181690216064,0,0,0.0,0.0,-0.5,-0.00010487891267985106,-0.0024826941080391407,-0.21508356928825378
2058,18,66,1.0,1.0019491910934448,0,0,0.0,0.0,-0.5,-0.0005951095372438431,0.0002848312724381685,-0.5171938538551331
2059,18,67,1.0,1.0030559301376343,0,0,0.0,0.0,-0.5,-7.285817991942167e-05,0.001080506481230259,-0.5469553470611572
2060,18,68,1.0,1.0079834461212158,0,0,0.0,0.0,-0.5,-0.0016212076880037785,-0.0011561685241758823,-0.5577723383903503
2061,18,69,1.0,1.0067874193191528,0,0,0.0,0.0,-0.5,-0.0008191795786842704,-0.0013283040607348084,-0.5539629459381104
2062,18,70,1.0,1.0007652044296265,0,0,0.0,0.0,-0.5,-0.0010787734063342214,-0.002219327725470066,-0.5665770769119263
2063,18,71,1.0,0.9897804260253906,0,0,0.0,0.0,-0.5,-0.0021740328520536423,-0.003970992751419544,-0.5610215067863464
2064,18,72,1.0,0.9744635224342346,0,0,0.0,0.0,-0.5,-0.0009807872120290995,-0.006491837557405233,-0.5715445280075073
2065,18,73,1.0,0.9633322954177856,0,0,0.0,0.0,-0.5,-0.0005165322800166905,-0.006687475368380547,-0.573089063167572
2066,18,74,1.0,0.9485834836959839,0,0,0.0,0.0,-0.5,-0.000959977856837213,-0.0010249766055494547,-0.4994518756866455
2067,18,75,1.0,0.98784339427948,0,0,0.0,0.0,-0.5,-0.003596206195652485,0.0012937563005834818,-0.4145088791847229
2068,18,76,1.0,1.7399163246154785,0,1,0.0,0.0,-0.5,-0.0018093630205839872,0.0005677043227478862,-0.01990359276533127
2069,18,77,1.0,1.756638526916504,0,1,0.0,0.0,0.0,-0.0023471072781831026,0.00018170784460380673,-0.01300009898841381
2070,18,78,1.0,1.9787778854370117,0,1,0.0,0.0,0.0,-0.0037645897828042507,-0.00043122569331899285,0.01905497908592224
2071,18,79,1.0,1.9799530506134033,0,1,0.0,0.0,0.0,-0.003836469491943717,-0.0005728044779971242,0.019601359963417053
2072,18,80,1.0,2.0025453567504883,0,1,0.0,0.0,0.0,-0.004293641075491905,-0.0008043026900850236,0.019603312015533447
2073,18,81,2.0,2.002868175506592,1,1,0.0,0.0,0.0,-0.004318582825362682,-0.0008652836550027132,0.019708063453435898
2074,18,82,2.0,2.0659921169281006,1,1,0.0,0.0,0.0,-0.002271328354254365,-0.001520145102404058,0.008995193056762218
2075,18,83,2.0,2.0551302433013916,1,1,0.0,0.0,0.0,-0.0010233083739876747,0.00021571811521425843,0.011758278124034405
2076,18,84,2.0,2.0503649711608887,1,1,0.0,0.0,0.0,-0.0002867627190425992,-0.00014495309733320028,0.011572801508009434
2077,18,85,2.0,2.049708127975464,1,1,0.0,0.0,0.0,-0.00017837283667176962,-0.0017196366097778082,0.011502549983561039
2078,18,86,2.0,2.0490474700927734,1,1,0.0,0.0,0.0,-0.0008507239981554449,-0.002345411339774728,0.011046911589801311
2079,18,87,2.0,2.050602674484253,1,1,0.0,0.0,0.0,-0.0009194210870191455,-0.002574028680101037,0.010864806361496449
2080,18,88,2.0,2.066758871078491,1,1,0.0,0.0,0.0,0.0008312093559652567,-0.004257541615515947,0.005045647732913494
2081,18,89,2.0,2.0668325424194336,1,1,0.0,0.0,0.0,0.0008247946389019489,-0.0042820880189538,0.004950038157403469
2082,18,90,2.0,2.0714778900146484,1,1,0.0,0.0,0.0,0.0013869174290448427,-0.004678591154515743,0.0023015839979052544
2083,18,91,2.0,2.071498394012451,1,1,0.0,0.0,0.0,0.0013882427010685205,-0.004706867504864931,0.0022191153839230537
2084,18,92,1.0,1.9110674858093262,0,1,0.0,0.0,0.0,0.0013277619145810604,-0.004291161894798279,0.023161277174949646
2085,18,93,1.0,1.9104516506195068,0,1,0.0,0.0,0.0,0.0013210256583988667,-0.004337585065513849,0.023185767233371735
2086,18,94,1.0,1.9251970052719116,0,1,0.0,0.0,0.0,0.0010012546554207802,-0.0036521251313388348,0.019578564912080765
2087,18,95,1.0,1.9245960712432861,0,1,0.0,0.0,0.5,0.0009930317755788565,-0.0036940528079867363,0.019583333283662796
2088,18,96,1.0,1.7514618635177612,0,1,0.0,0.0,0.5,1.684867311269045e-05,-0.005213629454374313,0.1281924545764923
2089,18,97,1.0,0.9811459183692932,0,0,0.0,0.0,0.5,-0.0020911763422191143,-0.005042951554059982,0.508898138999939
2090,18,98,1.0,0.981734037399292,0,0,0.0,0.0,0.5,-0.002556622726842761,-0.003210368100553751,0.5523027181625366
2091,18,99,1.0,0.9796103239059448,0,0,0.0,0.0,0.5,-0.001741116982884705,-0.006058494094759226,0.5617348551750183
2092,18,100,1.0,0.982147216796875,0,0,0.0,0.0,0.5,-0.0022108384873718023,-0.007656370289623737,0.5557562112808228
2093,18,101,1.0,0.9813600182533264,0,0,0.0,0.0,0.5,-0.0018213308649137616,-0.008253652602434158,0.5630806088447571
2094,18,102,1.0,0.988033652305603,0,0,0.0,0.0,0.5,-0.004600382409989834,-0.007914895191788673,0.562138557434082
2095,19,0,1.0,0.9840096235275269,0,0,0.0,0.0,0.0,0.1992078572511673,-0.007051291409879923,0.014658135361969471
2096,19,1,1.0,0.9822196364402771,0,0,0.0,0.0,0.0,0.19748938083648682,-0.006743628066033125,0.009304921142756939
2097,19,2,1.0,0.9810002446174622,0,0,0.0,0.0,0.0,0.20376788079738617,-0.0082175238057971,0.008769619278609753
2098,19,3,1.0,0.9810397028923035,0,0,0.0,0.0,0.0,0.20473796129226685,-0.008490942418575287,0.009985857643187046
2099,19,4,1.0,0.9786555767059326,0,0,0.0,0.0,0.0,0.21588367223739624,-0.007911304011940956,0.008030221797525883
2100,19,5,1.0,0.9786393642425537,0,0,0.0,0.0,0.0,0.21609842777252197,-0.007964326068758965,0.008347827009856701
2101,19,6,1.0,0.9761963486671448,0,0,0.0,0.0,0.0,0.23299026489257812,-0.005403844639658928,0.002715730108320713
2102,19,7,1.0,0.9761989712715149,0,0,0.0,0.0,0.0,0.23303933441638947,-0.005415702238678932,0.0027844691649079323
2103,19,8,1.0,0.9737633466720581,0,0,0.0,0.0,0.0,0.23646394908428192,-0.005213043186813593,0.00309146661311388
2104,19,9,1.0,0.973763644695282,0,0,0.0,0.0,0.0,0.23647496104240417,-0.005216019693762064,0.0031104814261198044
2105,19,10,1.0,0.9730011224746704,0,0,0.0,0.0,0.0,0.24112190306186676,-0.004989652428776026,0.0014931689947843552
2106,19,11,1.0,0.97300124168396,0,0,0.0,0.0,0.0,0.2411244809627533,-0.004990418907254934,0.0014981860294938087
2107,19,12,1.0,0.9730048179626465,0,0,0.0,0.0,0.0,0.24110296368598938,-0.004994261544197798,0.0015135230496525764
2108,19,13,1.0,0.9730048775672913,0,0,0.25,0.0,0.0,0.24110357463359833,-0.0049944375641644,0.001514822244644165
2109,19,14,1.0,0.9829229712486267,0,0,0.25,0.0,0.0,0.26051950454711914,-0.004290095064789057,0.006561971269547939
2110,19,15,1.0,0.9895549416542053,0,0,0.25,0.0,0.0,0.26809921860694885,0.0012372235069051385,0.004918805323541164
2111,19,16,1.0,1.0004724264144897,0,0,0.25,0.0,0.0,0.26672229170799255,0.005959508940577507,0.012005229480564594
2112,19,17,1.0,0.9996774196624756,0,0,0.25,0.0,0.0,0.26956233382225037,0.0063454629853367805,0.013416252098977566
2113,19,18,1.0,0.9871116876602173,0,0,0.25,0.0,0.0,0.27497056126594543,0.012459594756364822,0.007971071638166904
2114,19,19,1.0,0.9943125247955322,0,0,0.25,0.0,0.0,0.2752297818660736,0.00999073963612318,0.009596209041774273
2115,19,20,1.0,0.9860578775405884,0,0,0.25,0.0,0.0,0.27676457166671753,0.010057792067527771,0.008233851753175259
2116,19,21,1.0,0.9881792664527893,0,0,0.25,0.0,0.0,0.27396371960639954,0.001927339006215334,0.009162657894194126
2117,19,22,1.0,0.9731676578521729,0,0,0.25,0.0,0.0,0.23239047825336456,-0.041556984186172485,0.008395186625421047
2118,19,23,1.0,0.9748886823654175,0,0,0.25,0.0,0.0,0.17152835428714752,-0.10709285736083984,0.007699963636696339
2119,19,24,1.0,0.9882918000221252,0,0,0.0,0.0,0.0,0.11183059215545654,-0.20372812449932098,0.005125194787979126
2120,19,25,1.0,0.9732939600944519,0,0,0.0,0.0,0.0,0.044875845313072205,-0.25595369935035706,0.006515008397400379
2121,19,26,1.0,0.9693582057952881,0,0,0.0,0.0,0.0,0.0018283722456544638,-0.2683994770050049,0.004059178754687309
2122,19,27,1.0,0.968661904335022,0,0,0.0,0.0,0.0,-0.012142859399318695,-0.26948103308677673,0.0005715982988476753
2123,19,28,1.0,0.973383903503418,0,0,0.0,-0.25,0.0,-0.013177718967199326,-0.26916566491127014,-0.0037382282316684723
2124,19,29,1.0,0.9828872084617615,0,0,0.0,-0.25,0.0,-0.015382995828986168,-0.27650025486946106,-0.009721384383738041
2125,19,30,1.0,0.9824570417404175,0,0,0.0,-0.25,0.0,-0.0074259573593735695,-0.27429983019828796,-0.005409749690443277
2126,19,31,1.0,0.9829308986663818,0,0,0.0,-0.25,0.0,-0.008656640537083149,-0.2758084833621979,-0.006979944184422493
2127,19,32,1.0,0.990527868270874,0,0,0.0,-0.25,0.0,-0.009372888132929802,-0.27640461921691895,0.007452673278748989
2128,19,33,1.0,0.996773362159729,0,0,0.0,-0.25,0.0,-0.005425663199275732,-0.2745625078678131,0.007199284620583057
2129,19,34,1.0,0.9964908361434937,0,0,0.0,-0.25,0.0,-0.009244689717888832,-0.27673542499542236,0.013938390649855137
2130,19,35,1.0,0.9899871945381165,0,0,0.0,-0.25,0.0,-0.006949975620955229,-0.2690349519252777,0.012484497390687466
2131,19,36,1.0,0.9900252819061279,0,0,0.0,-0.25,0.0,-0.007419242523610592,-0.2279766947031021,0.011461871676146984
2132,19,37,1.0,0.9928784370422363,0,0,0.0,-0.25,0.0,-0.0032869481947273016,-0.1285059005022049,0.003738950937986374
2133,19,38,1.0,0.9887003302574158,0,0,0.0,-0.25,0.0,-0.0036875740624964237,-0.038077302277088165,-1.6371719539165497e-05
2134,19,39,1.0,0.9873747825622559,0,0,0.0,0.0,0.0,-0.0031007130164653063,-0.01961446925997734,-0.0018219240009784698
2135,19,40,1.0,0.9863584637641907,0,0,0.0,0.0,0.0,0.0004989661974832416,-0.01178500335663557,-0.004876905120909214
2136,19,41,1.0,0.9855576157569885,0,0,0.0,0.0,0.0,-0.00240735849365592,-0.009701036848127842,-0.010178914293646812
2137,19,42,1.0,0.9873780608177185,0,0,0.0,0.0,0.0,-0.0006755156791768968,-0.007052893750369549,-0.007025877945125103
2138,19,43,1.0,0.9872639179229736,0,0,0.0,0.0,0.0,-0.0008152228547260165,-0.006663038861006498,-0.007420028559863567
2139,19,44,1.0,0.98716139793396,0,0,0.0,0.0,0.0,-0.0013144443510100245,-0.005856443662196398,-0.007775247097015381
2140,19,45,1.0,0.9871566295623779,0,0,0.0,-0.25,0.0,-0.0013377253198996186,-0.0057855769991874695,-0.00785580463707447
2141,19,46,1.0,0.9919731616973877,0,0,0.0,0.0,0.0,0.0005366449477151036,-0.0057402970269322395,-0.0094453739002347
2142,19,47,1.0,0.9942811727523804,0,0,0.0,0.0,0.0,0.00043280713725835085,-0.0029723402112722397,-0.014968156814575195
2143,19,48,1.0,0.9916380643844604,0,0,0.0,0.0,0.0,0.0013849474489688873,-0.0038817308377474546,-0.01895042136311531
2144,19,49,1.0,0.9910446405410767,0,0,0.0,0.0,0.0,0.0008056077640503645,-0.0032163113355636597,-0.020396750420331955
2145,19,50,1.0,0.9883445501327515,0,0,0.0,0.0,0.0,-0.0004804712953045964,-0.003035969100892544,-0.010879945009946823
2146,19,51,1.0,0.9883173704147339,0,0,0.0,0.0,0.0,-0.0005072364583611488,-0.002960466081276536,-0.010903903283178806
2147,19,52,1.0,0.9879181385040283,0,0,0.25,0.0,0.0,-0.0005709038814529777,-0.00271660671569407,-0.012425385415554047
2148,19,53,1.0,0.9844760894775391,0,0,0.0,0.0,0.0,0.002463970798999071,-0.0026116620283573866,-0.011256967671215534
2149,19,54,1.0,0.9856612682342529,0,0,0.0,0.0,0.0,0.002726535778492689,-0.0020566359162330627,-0.01578245311975479
2150,19,55,1.0,0.9836965203285217,0,0,0.0,0.0,0.0,0.0020356648601591587,-0.0020182409789413214,-0.016543060541152954
2151,19,56,1.0,0.9833139181137085,0,0,0.0,0.0,0.0,0.0021669950801879168,-0.0010950234718620777,-0.017579607665538788
2152,19,57,1.0,0.9832013845443726,0,0,0.0,0.0,0.0,0.001951143378391862,-0.0011485933791846037,-0.01818864420056343
2153,19,58,1.0,0.982306957244873,0,0,0.0,0.0,0.0,0.0013818617444485426,-0.0015697063645347953,-0.019470879808068275
2154,19,59,1.0,0.9822803735733032,0,0,0.0,0.0,0.0,0.0013466563541442156,-0.0015799480024725199,-0.01962124928832054
2155,19,60,1.0,0.9828758239746094,0,0,0.0,-0.25,0.0,0.0019738690461963415,-0.0019044646760448813,-0.020163215696811676
2156,19,61,1.0,0.9831336736679077,0,0,0.0,0.0,0.0,0.0013058194890618324,-0.0053349705412983894,-0.01891276054084301
2157,19,62,1.0,0.9799789786338806,0,0,0.0,0.0,0.0,0.0040682898834347725,-0.004188532009720802,-0.013686507940292358
2158,19,63,1.0,0.9799760580062866,0,0,0.0,0.0,0.0,0.0036273356527090073,-0.0027706935070455074,-0.016275089234113693
2159,19,64,1.0,0.9803605675697327,0,0,0.0,0.0,0.0,0.0036186613142490387,-0.002790216589346528,-0.04703768342733383
2160,19,65,1.0,0.9804261922836304,0,0,0.0,0.0,0.0,0.0035620685666799545,-0.002224783645942807,-0.04695194959640503
2161,19,66,1.0,0.9794505834579468,0,0,0.0,0.0,0.0,0.002741748932749033,-0.0018581213662400842,-0.06978711485862732
2162,19,67,1.0,0.97945636510849,0,0,0.0,0.0,0.0,0.0027348166331648827,-0.0017447798745706677,-0.06984124332666397
2163,19,68,1.0,0.980309784412384,0,0,0.0,0.0,-0.5,0.002552194055169821,-0.001983796712011099,-0.07757560908794403
2164,19,69,1.0,1.010061264038086,0,0,0.0,0.0,-0.5,0.0007237992249429226,-0.0002661063044797629,-0.49887901544570923
2165,19,70,1.0,1.0153335332870483,0,0,0.0,0.0,-0.5,0.0002731203567236662,0.0029337394516915083,-0.5527372360229492
2166,19,71,1.0,1.0148680210113525,0,0,0.0,0.0,-0.5,-0.002284896094352007,-0.0005214663688093424,-0.565976083278656
2167,19,72,1.0,1.0086835622787476,0,0,0.0,0.0,-0.5,-0.002238678513094783,-0.0006939924205653369,-0.5826075673103333
2168,19,73,1.0,1.0070205926895142,0,0,0.0,0.0,-0.5,-0.0005493363714776933,-0.0009758520172908902,-0.5912764668464661
2169,19,74,1.0,0.9974231719970703,0,0,0.0,0.0,-0.5,-0.0010464091319590807,-0.0016008714446797967,-0.6003527641296387
2170,19,75,1.0,0.9891305565834045,0,0,0.0,0.0,-0.5,-0.0032562282867729664,-0.003493011463433504,-0.5965917706489563
2171,19,76,1.0,0.96338951587677,0,0,0.0,0.0,-0.5,-0.0023568295873701572,-0.0007945933612063527,-0.5758078694343567
2172,19,77,1.0,0.953930139541626,0,0,0.0,0.0,-0.5,-0.003260912373661995,0.0008723885985091329,-0.5187652707099915
2173,19,78,1.0,1.0235614776611328,0,0,0.0,0.0,-0.5,-0.0009227843838743865,-0.0019197514047846198,-0.367169052362442
2174,19,79,1.0,1.0156571865081787,0,0,0.0,0.0,-0.5,-0.0011961160926148295,-0.0018769257003441453,-0.3731209337711334
2175,19,80,1.0,1.683166742324829,0,1,0.0,0.0,-0.5,-0.0028184098191559315,-0.006365818437188864,-0.0366499163210392
2176,19,81,1.0,1.6872410774230957,0,1,0.0,0.0,0.0,-0.002904254011809826,-0.0064104595221579075,-0.03502243757247925
2177,19,82,1.0,1.999875783920288,0,1,0.0,0.0,0.0,-0.004814068786799908,-0.004976614378392696,0.015020099468529224
2178,19,83,1.0,2.0002121925354004,0,1,0.0,0.0,0.0,-0.004824390169233084,-0.004951708950102329,0.015051589347422123
2179,19,84,1.0,2.0321388244628906,0,1,0.0,0.0,0.0,-0.005526908207684755,-0.004537056665867567,0.01576300337910652
2180,19,85,2.0,2.0322163105010986,1,1,0.0,0.0,0.0,-0.005523579195141792,-0.00452205678448081,0.01574186235666275
2181,19,86,2.0,2.046889543533325,1,1,0.0,0.0,0.0,-0.00047916534822434187,-0.0026538113597780466,0.003395623527467251
2182,19,87,2.0,2.0464470386505127,1,1,0.0,0.0,0.0,-0.0016515353927388787,-0.0013694390654563904,0.012074173428118229
2183,19,88,2.0,2.046196222305298,1,1,0.0,0.0,0.0,-0.00017734384164214134,-0.0014408734859898686,0.008662342093884945
2184,19,89,2.0,2.0449113845825195,1,1,0.0,0.0,0.0,3.5318080335855484e-06,-0.001392599893733859,0.009612738154828548
2185,19,90,2.0,2.065788745880127,1,1,0.0,0.0,0.0,0.0012195855379104614,-0.0027345141861587763,0.0007011778652667999
2186,19,91,2.0,2.0655086040496826,1,1,0.0,0.0,0.0,0.0012101202737540007,-0.0027792679611593485,0.0007479321211576462
2187,19,92,2.0,1.9615590572357178,1,1,0.0,0.0,0.0,0.0024409941397607327,-0.004591295495629311,0.01259808149188757
2188,19,93,2.0,1.9625334739685059,1,1,0.0,0.0,0.0,0.0024056436959654093,-0.004551470745354891,0.012106030248105526
2189,19,94,1.0,1.765894889831543,0,1,0.0,0.0,0.0,0.0009937041904777288,-0.00791805051267147,0.06112220510840416
2190,19,95,1.0,1.766910433769226,0,1,0.0,0.0,0.0,0.000985942780971527,-0.00788943748921156,0.06063036993145943
2191,19,96,1.0,1.2645838260650635,0,0,0.0,0.0,0.0,0.0010750188957899809,-0.014206604100763798,0.213775634765625
2192,19,97,1.0,1.265232801437378,0,0,0.0,0.0,0.0,0.0010799628216773272,-0.014192318543791771,0.21328401565551758
2193,19,98,1.0,1.6801954507827759,0,1,0.0,0.0,0.5,-0.0016723047010600567,-0.011714180931448936,0.08399183303117752
2194,19,99,1.0,1.0502822399139404,0,0,0.0,0.0,0.5,0.00045836891513317823,-0.012949394062161446,0.3815184235572815
2195,19,100,1.0,0.9727786183357239,0,0,0.0,0.0,0.5,-0.001641798298805952,-0.011257252655923367,0.5239210724830627
2196,19,101,1.0,0.9765939116477966,0,0,0.0,0.0,0.5,-0.002247643657028675,-0.008486006408929825,0.5474282503128052
2197,19,102,1.0,0.9737879037857056,0,0,0.0,0.0,0.5,-0.003536909818649292,-0.006487726699560881,0.5552170872688293
2198,19,103,1.0,0.982815146446228,0,0,0.0,0.0,0.5,-0.004674944095313549,-0.006143810227513313,0.5549049377441406
2199,19,104,1.0,0.9825117588043213,0,0,0.0,0.0,0.5,-0.004853791557252407,-0.004071358125656843,0.5648241639137268
2200,19,105,1.0,0.9797804355621338,0,0,0.0,0.0,0.5,-0.005218973383307457,-0.007790925446897745,0.5711789727210999
2201,19,106,1.0,0.9863619208335876,0,0,0.0,0.0,0.5,-0.004671715199947357,-0.00416785990819335,0.5322374105453491
2202,19,107,1.0,0.9857199192047119,0,0,0.0,0.0,0.5,-0.005361881107091904,-0.0050353785045444965,0.5450939536094666
