dataset_index,episode_index,frame_index,target_gripper,predicted_gripper,target_is_close,predicted_is_close,target_delta_x,target_delta_y,target_delta_z,predicted_delta_x,predicted_delta_y,predicted_delta_z
0,0,0,1.0,0.99825119972229,0,0,0.0,0.0,0.0,0.03558363765478134,-0.011043130420148373,0.007846016436815262
1,0,1,1.0,0.9941739439964294,0,0,0.0,0.0,0.0,0.029154667630791664,-0.01126214861869812,0.0011606719344854355
2,0,2,1.0,0.9951066374778748,0,0,0.0,0.0,0.0,0.02946421317756176,-0.007054861169308424,0.016000689938664436
3,0,3,1.0,0.9954246878623962,0,0,0.0,0.0,0.0,0.031125692650675774,-0.007288895081728697,0.017219925299286842
4,0,4,1.0,0.9894117116928101,0,0,0.0,0.0,0.0,0.01274177897721529,-0.006608997937291861,0.011700725182890892
5,0,5,1.0,0.9894756078720093,0,0,0.0,0.0,0.0,0.013285919092595577,-0.006681209430098534,0.012114858254790306
6,0,6,1.0,0.9856290817260742,0,0,0.0,0.0,0.0,-0.1390075981616974,0.0026827468536794186,0.0017366139218211174
7,0,7,1.0,0.9855982065200806,0,0,0.0,0.0,0.0,-0.13888917863368988,0.002681716810911894,0.0018871733918786049
8,0,8,1.0,0.987973153591156,0,0,0.0,0.0,0.0,-0.1400156170129776,0.0027209287509322166,-0.00046389177441596985
9,0,9,1.0,0.9879675507545471,0,0,0.0,0.0,0.0,-0.13999280333518982,0.0027187098748981953,-0.0004280153661966324
10,0,10,1.0,0.9824094772338867,0,0,0.0,0.0,0.0,-0.12047487497329712,0.00226265424862504,0.007380884140729904
11,0,11,1.0,0.9824073910713196,0,0,0.0,0.0,0.0,-0.120467409491539,0.002261281479150057,0.007390445098280907
12,0,12,1.0,0.9820747971534729,0,0,0.0,0.0,0.0,-0.1206003725528717,0.002218088135123253,0.006673661060631275
13,0,13,1.0,0.9820743203163147,0,0,0.0,0.0,0.0,-0.12059863656759262,0.002217681612819433,0.0066762203350663185
14,0,14,1.0,0.9820740222930908,0,0,0.0,0.0,0.0,-0.12059777975082397,0.002217452507466078,0.006677428260445595
15,0,15,1.0,0.9820739030838013,0,0,0.0,0.0,0.0,-0.12059734761714935,0.002217336557805538,0.006678076460957527
16,0,16,1.0,0.9820737838745117,0,0,0.0,0.0,0.0,-0.12059710919857025,0.0022172625176608562,0.006678339093923569
17,0,17,1.0,0.9820737838745117,0,0,0.0,0.0,0.0,-0.12059705704450607,0.002217245753854513,0.006678546778857708
18,0,18,1.0,0.9820736646652222,0,0,0.0,0.0,0.0,-0.1205969974398613,0.0022172415629029274,0.006678622215986252
19,0,19,1.0,0.9820737242698669,0,0,0.0,0.0,0.0,-0.12059689313173294,0.002217227127403021,0.006678729318082333
20,0,20,1.0,0.9820737242698669,0,0,0.0,0.0,0.0,-0.12059693783521652,0.002217219676822424,0.006678784266114235
21,0,21,1.0,0.9820736646652222,0,0,0.0,0.0,0.0,-0.12059695273637772,0.0022172285243868828,0.0066787609830498695
22,0,22,1.0,0.9820737242698669,0,0,0.0,0.0,0.0,-0.12059696018695831,0.002217218279838562,0.006678793579339981
23,0,23,1.0,0.9820736646652222,0,0,-0.25,0.0,0.0,-0.12059691548347473,0.0022172052413225174,0.0066787488758563995
24,0,24,1.0,0.9992297291755676,0,0,-0.25,0.0,0.0,-0.26675453782081604,-0.0036275768652558327,-0.01279515027999878
25,0,25,1.0,1.0016669034957886,0,0,-0.25,0.0,0.0,-0.27087828516960144,-0.0022287096362560987,-0.013002744875848293
26,0,26,1.0,1.0011236667633057,0,0,-0.25,0.0,0.0,-0.2700693607330322,-0.0013792661484330893,-0.012308433651924133
27,0,27,1.0,1.0011688470840454,0,0,-0.25,0.0,0.0,-0.27095383405685425,-0.0013558696955442429,-0.01604386232793331
28,0,28,1.0,0.9984631538391113,0,0,-0.25,0.0,0.0,-0.2697462737560272,0.000602364307269454,-0.017472852021455765
29,0,29,1.0,1.0005501508712769,0,0,-0.25,0.0,0.0,-0.26975125074386597,0.00015619280748069286,-0.021548757329583168
30,0,30,1.0,0.99675053358078,0,0,-0.25,0.0,0.0,-0.2675592005252838,0.000510482001118362,-0.017495570704340935
31,0,31,1.0,0.9944660663604736,0,0,-0.25,0.0,0.0,-0.26753678917884827,0.00023429089924320579,-0.009134845808148384
32,0,32,1.0,0.993343710899353,0,0,-0.25,0.0,0.0,-0.26796215772628784,-0.0009368056198582053,-0.004349681083112955
33,0,33,1.0,0.9921171069145203,0,0,-0.25,0.0,0.0,-0.2693467438220978,-0.0018125701462849975,-0.0020285961218178272
34,0,34,1.0,0.9971351027488708,0,0,-0.25,0.0,0.0,-0.27645984292030334,-1.4829274732619524e-05,0.004114991053938866
35,0,35,1.0,0.999481737613678,0,0,-0.25,0.0,0.0,-0.27345073223114014,0.0008848627330735326,0.014755336567759514
36,0,36,1.0,1.001638412475586,0,0,-0.25,0.0,0.0,-0.2204427272081375,0.007805056404322386,0.014477444812655449
37,0,37,1.0,1.0019606351852417,0,0,-0.25,0.0,0.0,-0.14855735003948212,0.012513196095824242,0.011183004826307297
38,0,38,1.0,1.0198607444763184,0,0,0.0,0.0,0.0,-0.07413826882839203,0.008562479168176651,-0.00036657508462667465
39,0,39,1.0,1.0092298984527588,0,0,0.0,0.0,0.0,-0.0013322397135198116,0.005822352133691311,-0.010721506550908089
40,0,40,1.0,0.9846104979515076,0,0,0.0,0.0,0.0,0.009345624595880508,-0.13007459044456482,0.004212286323308945
41,0,41,1.0,0.9798322319984436,0,0,0.0,0.0,0.0,0.016813402995467186,-0.1414097398519516,0.004491519182920456
42,0,42,1.0,0.9857012629508972,0,0,0.0,0.0,0.0,0.004921133164316416,-0.24852822721004486,0.014873133972287178
43,0,43,1.0,0.9856894016265869,0,0,0.0,0.0,0.0,0.005187191069126129,-0.24849902093410492,0.01483214646577835
44,0,44,1.0,0.984925389289856,0,0,0.0,0.0,0.0,0.0019123260863125324,-0.27135488390922546,0.013899622485041618
45,0,45,1.0,0.9849169850349426,0,0,0.0,0.0,0.0,0.0019296235404908657,-0.2713528871536255,0.013911111280322075
46,0,46,1.0,0.9856294393539429,0,0,0.0,-0.25,0.0,0.0022515365853905678,-0.2780284285545349,0.009821565821766853
47,0,47,1.0,0.9850392937660217,0,0,0.0,-0.25,0.0,0.0013580953236669302,-0.27581295371055603,0.005868428386747837
48,0,48,1.0,0.9830211400985718,0,0,0.0,-0.25,0.0,0.002751017455011606,-0.277460515499115,0.003968699835240841
49,0,49,1.0,0.9842233061790466,0,0,0.0,-0.25,0.0,0.0005249523092061281,-0.2758166790008545,0.0039033666253089905
50,0,50,1.0,0.9860483407974243,0,0,0.0,-0.25,0.0,0.0013841965701431036,-0.2769472301006317,0.004791801795363426
51,0,51,1.0,0.9874204993247986,0,0,0.0,-0.25,0.0,0.00041637197136878967,-0.2793486416339874,0.0023505426943302155
52,0,52,1.0,0.9889578223228455,0,0,0.0,-0.25,0.0,0.0002942571882158518,-0.27999022603034973,0.004523518495261669
53,0,53,1.0,0.9887775182723999,0,0,0.0,-0.25,0.0,0.000990585656836629,-0.28086555004119873,0.003131396137177944
54,0,54,1.0,0.9954434633255005,0,0,0.0,-0.25,0.0,0.0024116882123053074,-0.2825563848018646,0.00391713622957468
55,0,55,1.0,0.9979203939437866,0,0,0.0,-0.25,0.0,0.0023173531517386436,-0.280186265707016,-0.003267895430326462
56,0,56,1.0,0.9866288900375366,0,0,0.0,-0.25,0.0,0.002536826767027378,-0.1707920879125595,-0.013614686205983162
57,0,57,1.0,0.9772016406059265,0,0,0.0,0.0,0.0,0.0023204670287668705,-0.11685240268707275,-0.014268982224166393
58,0,58,1.0,0.9749144315719604,0,0,0.0,0.0,0.0,0.0009616520255804062,-0.02673005498945713,-0.00332810590043664
59,0,59,1.0,0.9771282076835632,0,0,0.0,0.0,0.0,0.0011355690658092499,-0.024616125971078873,0.0001661377027630806
60,0,60,1.0,0.980022668838501,0,0,0.0,0.0,0.0,0.0016398297157138586,-0.003937081433832645,-0.013353358954191208
61,0,61,1.0,0.9802610874176025,0,0,0.0,0.0,0.0,0.0016933511942625046,-0.003023045137524605,-0.014924753457307816
62,0,62,1.0,0.9904520511627197,0,0,0.0,0.0,0.0,0.0024102521128952503,0.0012392847565934062,-0.14650945365428925
63,0,63,1.0,0.9904402494430542,0,0,0.0,0.0,0.0,0.0024122833274304867,0.0013301409780979156,-0.14644862711429596
64,0,64,1.0,0.9969772100448608,0,0,0.0,0.0,0.0,0.0009390802588313818,0.0017285406356677413,-0.3035299777984619
65,0,65,1.0,0.9969724416732788,0,0,0.0,0.0,0.0,0.000939530786126852,0.0017391865840181708,-0.30350422859191895
66,0,66,1.0,1.0025014877319336,0,0,0.0,0.0,-0.5,0.0005852077156305313,0.0015709692379459739,-0.42614826560020447
67,0,67,1.0,0.9955068826675415,0,0,0.0,0.0,-0.5,-0.00012009916827082634,0.0001222454011440277,-0.5364494919776917
68,0,68,1.0,0.9867662787437439,0,0,0.0,0.0,-0.5,9.25308559089899e-05,-0.001190938986837864,-0.5320466756820679
69,0,69,1.0,0.9843732118606567,0,0,0.0,0.0,-0.5,0.0007176995277404785,-0.0015655190218240023,-0.5314555764198303
70,0,70,1.0,0.984810471534729,0,0,0.0,0.0,-0.5,0.000698010204359889,-0.0011114345397800207,-0.5295546650886536
71,0,71,1.0,0.9829754829406738,0,0,0.0,0.0,-0.5,0.000762520357966423,-0.0013671552296727896,-0.5298900008201599
72,0,72,1.0,0.9928047060966492,0,0,0.0,0.0,-0.5,-0.0006105618085712194,-0.0017464736010879278,-0.5353696942329407
73,0,73,1.0,0.9898998141288757,0,0,0.0,0.0,-0.5,0.0003341352567076683,-0.0025203442201018333,-0.5372642874717712
74,0,74,1.0,0.9971467852592468,0,0,0.0,0.0,-0.5,0.0011340603232383728,0.00031203159596771,-0.5431484580039978
75,0,75,1.0,0.9946002960205078,0,0,0.0,0.0,-0.5,0.0017713732086122036,0.0002929706242866814,-0.5531788468360901
76,0,76,1.0,0.9962947964668274,0,0,0.0,0.0,-0.5,0.0016740839928388596,0.0008071560878306627,-0.5470740795135498
77,0,77,1.0,0.9788786172866821,0,0,0.0,0.0,-0.5,0.002698265016078949,0.0007593269692733884,-0.5232966542243958
78,0,78,1.0,1.0078132152557373,0,0,0.0,0.0,-0.5,0.0012836891692131758,-0.0012013206724077463,-0.34677061438560486
79,0,79,1.0,1.0226333141326904,0,0,0.0,0.0,0.0,0.0007507358677685261,-0.0011347453109920025,-0.33167287707328796
80,0,80,1.0,1.981191635131836,0,1,0.0,0.0,0.0,0.0008883648552000523,0.0001218209508806467,0.015181373804807663
81,0,81,1.0,1.980804204940796,0,1,0.0,0.0,0.0,0.0005924582947045565,-0.00018526148051023483,0.013971736654639244
82,0,82,1.0,2.050123691558838,0,1,0.0,0.0,0.0,-0.0008182619931176305,0.0007606438593938947,0.006170905195176601
83,0,83,2.0,2.0466229915618896,1,1,0.0,0.0,0.0,-0.00021710782311856747,0.001581288524903357,0.006762981414794922
84,0,84,2.0,2.0668551921844482,1,1,0.0,0.0,0.0,0.0011002039536833763,-0.0023633434902876616,0.006410830654203892
85,0,85,2.0,2.0584723949432373,1,1,0.0,0.0,0.0,-8.862349204719067e-05,-0.004282215144485235,0.01000305823981762
86,0,86,2.0,2.062778949737549,1,1,0.0,0.0,0.0,0.00027207820676267147,-0.0018453641096130013,0.010266793891787529
87,0,87,2.0,2.0636072158813477,1,1,0.0,0.0,0.0,0.0011894193012267351,-0.0036139599978923798,0.01070592924952507
88,0,88,2.0,2.0668492317199707,1,1,0.0,0.0,0.0,0.0011561571154743433,-0.003425228875130415,0.010868135839700699
89,0,89,2.0,2.0720484256744385,1,1,0.0,0.0,0.0,0.0007628027815371752,-0.0027433298528194427,0.008015988394618034
90,0,90,2.0,1.1014543771743774,1,0,0.0,0.0,0.0,0.0008939853869378567,-0.0012955594575032592,0.41044434905052185
91,0,91,2.0,1.1044659614562988,1,0,0.0,0.0,0.0,0.0005790544673800468,-0.0013470427365973592,0.40831658244132996
92,0,92,1.0,1.023245930671692,0,0,0.0,0.0,0.0,-0.000287491362541914,-0.0033938903361558914,0.4858427941799164
93,0,93,1.0,1.008246660232544,0,0,0.0,0.0,0.0,0.00024617486633360386,-0.0032454440370202065,0.5088343024253845
94,0,94,1.0,1.113086462020874,0,0,0.0,0.0,0.0,0.0010758335702121258,-0.0013221607077866793,0.3985387086868286
95,0,95,1.0,1.1098356246948242,0,0,0.0,0.0,0.0,0.0006180936470627785,-0.0015097430441528559,0.40068894624710083
96,0,96,1.0,1.0151821374893188,0,0,0.0,0.0,0.0,-0.00040807551704347134,-0.00319137005135417,0.5034315586090088
97,0,97,1.0,1.0090980529785156,0,0,0.0,0.0,0.5,-3.6606565117836e-05,-0.0029617142863571644,0.5101112127304077
98,0,98,1.0,0.9953255653381348,0,0,0.0,0.0,0.5,-0.0004161749966442585,-0.002792839426547289,0.5254715085029602
99,0,99,1.0,0.9905909895896912,0,0,0.0,0.0,0.5,-0.001014627399854362,-0.0014744088985025883,0.5309114456176758
100,0,100,1.0,0.9896391034126282,0,0,0.0,0.0,0.5,-0.0011965283192694187,-0.0014805158134549856,0.5308810472488403
101,0,101,1.0,0.9911423921585083,0,0,0.0,0.0,0.5,-0.0010294588282704353,-0.001099487766623497,0.5299641489982605
102,0,102,1.0,0.9921555519104004,0,0,0.0,0.0,0.5,-0.000255991006270051,-0.0010239453986287117,0.5295649170875549
103,0,103,1.0,0.9894708395004272,0,0,0.0,0.0,0.5,-0.0005970947677269578,-0.0012159603647887707,0.5294547080993652
104,0,104,1.0,0.9873707294464111,0,0,0.0,0.0,0.5,-0.00013167038559913635,-0.0012611508136615157,0.5331671237945557
105,0,105,1.0,0.9860461354255676,0,0,0.0,0.0,0.5,6.887759082019329e-05,-0.0012812258210033178,0.5315295457839966
106,0,106,1.0,0.9837697148323059,0,0,0.0,0.0,0.5,0.0006924739573150873,-0.001637189881876111,0.5315514206886292
107,1,0,1.0,0.9984477758407593,0,0,0.0,0.0,0.0,0.03382162004709244,-0.003323740791529417,0.01362064853310585
108,1,1,1.0,0.9938330054283142,0,0,0.0,0.0,0.0,0.026194334030151367,-0.0026293573901057243,0.008446134626865387
109,1,2,1.0,0.9999430179595947,0,0,0.0,0.0,0.0,0.02873583883047104,0.001311608706600964,0.020426414906978607
110,1,3,1.0,1.000436544418335,0,0,0.0,0.0,0.0,0.030726751312613487,0.0011613663518801332,0.021831966936588287
111,1,4,1.0,0.9998560547828674,0,0,0.0,0.0,0.0,0.010120759718120098,-6.583757931366563e-05,0.013130713254213333
112,1,5,1.0,1.0000159740447998,0,0,0.0,0.0,0.0,0.010949747636914253,-0.00010727666085585952,0.013636833056807518
113,1,6,1.0,0.9949873089790344,0,0,0.0,0.0,0.0,-0.1615809202194214,4.711223300546408e-05,-0.0023658089339733124
114,1,7,1.0,0.9949699640274048,0,0,0.0,0.0,0.0,-0.1614898145198822,4.195328801870346e-05,-0.0022684969007968903
115,1,8,1.0,0.9946382641792297,0,0,0.0,0.0,0.0,-0.1811942607164383,-0.0009922157041728497,-0.0027659418992698193
116,1,9,1.0,0.9946383237838745,0,0,-0.25,0.0,0.0,-0.18118038773536682,-0.000992650631815195,-0.002737630158662796
117,1,10,1.0,0.993728518486023,0,0,-0.25,0.0,0.0,-0.2686097323894501,-0.001827046973630786,-0.012493755668401718
118,1,11,1.0,0.9950385689735413,0,0,-0.25,0.0,0.0,-0.2697506248950958,-0.0012371952179819345,-0.010969300754368305
119,1,12,1.0,0.9924116134643555,0,0,-0.25,0.0,0.0,-0.2699265480041504,0.0001373252016492188,-0.007570839021354914
120,1,13,1.0,0.9961127042770386,0,0,-0.25,0.0,0.0,-0.2688286304473877,-0.0004963504616171122,-0.008893271908164024
121,1,14,1.0,0.998162567615509,0,0,-0.25,0.0,0.0,-0.27028608322143555,-8.402872481383383e-05,-0.010763696394860744
122,1,15,1.0,0.9990534782409668,0,0,-0.25,0.0,0.0,-0.2707589566707611,0.0001831387053243816,-0.007736384868621826
123,1,16,1.0,0.9980145692825317,0,0,-0.25,0.0,0.0,-0.26951467990875244,0.0012554153800010681,-0.005466498900204897
124,1,17,1.0,0.9958123564720154,0,0,-0.25,0.0,0.0,-0.267993301153183,-0.00011469869059510529,-0.0024632508866488934
125,1,18,1.0,0.9946300983428955,0,0,-0.25,0.0,0.0,-0.2690471112728119,-0.000273223064141348,0.004594448953866959
126,1,19,1.0,0.9916417598724365,0,0,-0.25,0.0,0.0,-0.2693113088607788,0.0004111151793040335,0.008908525109291077
127,1,20,1.0,0.9928804039955139,0,0,-0.25,0.0,0.0,-0.2802481949329376,0.0038900007493793964,0.010747667402029037
128,1,21,1.0,0.9912651181221008,0,0,-0.25,0.0,0.0,-0.27590835094451904,0.004797669593244791,0.012564947828650475
129,1,22,1.0,0.9900349378585815,0,0,-0.25,0.0,0.0,-0.23324432969093323,-0.00011892535258084536,0.01088670827448368
130,1,23,1.0,0.9722201228141785,0,0,-0.25,0.0,0.0,-0.1349991112947464,-0.016496388241648674,0.01019885204732418
131,1,24,1.0,0.9840312600135803,0,0,0.0,0.0,0.0,-0.03592691570520401,-0.017238786444067955,0.0016184384003281593
132,1,25,1.0,0.9738551378250122,0,0,0.0,0.0,0.0,-0.0009575036820024252,0.021549949422478676,0.004194940440356731
133,1,26,1.0,0.9864107370376587,0,0,0.0,0.0,0.0,0.00027563655748963356,0.23020146787166595,0.002700542099773884
134,1,27,1.0,0.9930316805839539,0,0,0.0,0.0,0.0,0.0003664824180305004,0.2685992419719696,0.011480256915092468
135,1,28,1.0,0.9942573308944702,0,0,0.0,0.0,0.0,-0.0009055491536855698,0.2790065407752991,0.014251558110117912
136,1,29,1.0,0.9941562414169312,0,0,0.0,0.25,0.0,-0.0008695973083376884,0.2789539694786072,0.01426403783261776
137,1,30,1.0,0.9835236668586731,0,0,0.0,0.25,0.0,-0.0002533120568841696,0.2705761194229126,0.009661629796028137
138,1,31,1.0,0.9878599643707275,0,0,0.0,0.25,0.0,-0.0015601444756612182,0.26923084259033203,0.016114499419927597
139,1,32,1.0,0.9889284372329712,0,0,0.0,0.25,0.0,0.00022958195768296719,0.26043564081192017,0.014189496636390686
140,1,33,1.0,0.9940253496170044,0,0,0.0,0.25,0.0,-0.004219832830131054,0.2162482738494873,0.021442998200654984
141,1,34,1.0,0.9963629245758057,0,0,0.0,0.25,0.0,-0.00041413900908082724,0.2312830686569214,0.021809669211506844
142,1,35,1.0,1.0013145208358765,0,0,0.0,0.25,0.0,0.0013369852676987648,0.24588841199874878,0.032867319881916046
143,1,36,1.0,0.9977307319641113,0,0,0.0,0.25,0.0,-0.0026353972498327494,0.25674745440483093,0.024829579517245293
144,1,37,1.0,0.9992281794548035,0,0,0.0,0.25,0.0,-0.0007588645676150918,0.26175087690353394,0.02293897233903408
145,1,38,1.0,0.9932395815849304,0,0,0.0,0.25,0.0,-0.0008973799413070083,0.23959000408649445,0.014842331409454346
146,1,39,1.0,0.9908611178398132,0,0,0.0,0.0,0.0,0.0026302989572286606,0.11326716095209122,0.020371275022625923
147,1,40,1.0,0.991162896156311,0,0,0.0,0.0,0.0,0.0006230787839740515,-0.0202656053006649,0.011523233726620674
148,1,41,1.0,0.9897898435592651,0,0,0.0,0.0,0.0,0.0015089574735611677,-0.046083416789770126,0.008836084976792336
149,1,42,1.0,0.9890400171279907,0,0,0.0,0.0,0.0,0.002311152871698141,-0.03807181864976883,-0.003597043454647064
150,1,43,1.0,0.9891325235366821,0,0,0.0,0.0,0.0,0.0023036208003759384,-0.04373926296830177,-0.0035541742108762264
151,1,44,1.0,0.9766243100166321,0,0,0.0,0.0,0.0,0.002650659531354904,-0.013981304131448269,-0.006720740348100662
152,1,45,1.0,0.9766392111778259,0,0,0.0,0.0,0.0,0.0026650740765035152,-0.014864436350762844,-0.006773583125323057
153,1,46,1.0,0.9769144058227539,0,0,0.0,0.0,0.0,0.002239841502159834,-0.007597195915877819,-0.00565206166356802
154,1,47,1.0,0.9769218564033508,0,0,0.0,0.0,0.0,0.0022419458255171776,-0.007786215748637915,-0.005668426863849163
155,1,48,1.0,0.9757050275802612,0,0,0.0,0.0,0.0,0.002258013468235731,-0.004502254072576761,-0.006324311718344688
156,1,49,1.0,0.9757058024406433,0,0,0.0,0.0,0.0,0.0022589555010199547,-0.00454377057030797,-0.006329016759991646
157,1,50,1.0,0.9751598238945007,0,0,0.0,0.0,0.0,0.002236885018646717,0.0005350919673219323,-0.006818806752562523
158,1,51,1.0,0.9751599431037903,0,0,0.0,0.0,0.0,0.0022370433434844017,0.0005244002677500248,-0.006820062641054392
159,1,52,1.0,0.975940465927124,0,0,0.0,0.0,0.0,0.0021749562583863735,-0.0014550711493939161,-0.00696066627278924
160,1,53,1.0,0.9759405255317688,0,0,0.0,0.0,0.0,0.0021750014275312424,-0.0014584697782993317,-0.00696105370298028
161,1,54,1.0,0.9729496836662292,0,0,0.0,0.25,0.0,0.0014887431170791388,0.0005426976131275296,-0.0072682322934269905
162,1,55,1.0,0.973310649394989,0,0,0.0,0.0,0.0,0.00035052187740802765,0.03115667775273323,0.017502792179584503
163,1,56,1.0,0.9791430234909058,0,0,0.0,0.0,0.0,-0.0002680073957890272,0.007835369557142258,0.030273905023932457
164,1,57,1.0,0.9765874743461609,0,0,0.0,0.0,0.0,-0.0004226128803566098,-0.0014847007114440203,0.04043310135602951
165,1,58,1.0,0.9965323209762573,0,0,0.0,0.0,0.0,0.0010247626341879368,0.0025366535410284996,-0.2568103075027466
166,1,59,1.0,0.9969238638877869,0,0,0.0,0.0,0.0,0.0008882409892976284,0.0022094445303082466,-0.2628527581691742
167,1,60,1.0,1.003844976425171,0,0,0.0,0.0,0.0,0.00042373803444206715,0.003015789669007063,-0.4187770187854767
168,1,61,1.0,1.0038824081420898,0,0,0.0,0.0,0.0,0.00042712921276688576,0.0029990728944540024,-0.41941872239112854
169,1,62,1.0,1.0051146745681763,0,0,0.0,0.0,0.0,0.000566588481888175,0.00296944472938776,-0.44684717059135437
170,1,63,1.0,1.0051215887069702,0,0,0.0,0.0,-0.5,0.0005672778934240341,0.0029667974449694157,-0.4469747841358185
171,1,64,1.0,0.997559130191803,0,0,0.0,0.0,-0.5,0.0006782133132219315,-0.0013957039918750525,-0.5360393524169922
172,1,65,1.0,0.9867266416549683,0,0,0.0,0.0,-0.5,0.00018230266869068146,-0.0013209340395405889,-0.5316218733787537
173,1,66,1.0,0.9865552186965942,0,0,0.0,0.0,-0.5,0.00035008182749152184,-0.0019248350290581584,-0.5283865332603455
174,1,67,1.0,0.983604907989502,0,0,0.0,0.0,-0.5,0.0014890506863594055,-0.001068786485120654,-0.5279474854469299
175,1,68,1.0,0.9819673299789429,0,0,0.0,0.0,-0.5,0.001436265418305993,-0.0013136129127815366,-0.5325626730918884
176,1,69,1.0,0.9800152778625488,0,0,0.0,0.0,-0.5,0.0011891075409948826,-0.001394761959090829,-0.533494234085083
177,1,70,1.0,0.9901865124702454,0,0,0.0,0.0,-0.5,0.0008890284225344658,-0.0008778935298323631,-0.5465778708457947
178,1,71,1.0,1.0020041465759277,0,0,0.0,0.0,-0.5,0.0042148493230342865,-0.0013580967206507921,-0.5515185594558716
179,1,72,1.0,1.0065275430679321,0,0,0.0,0.0,-0.5,0.0024281716905534267,7.649540202692151e-05,-0.5483392477035522
180,1,73,1.0,0.9955057501792908,0,0,0.0,0.0,-0.5,0.0049574836157262325,-0.0005703877541236579,-0.5489954948425293
181,1,74,1.0,0.9745519161224365,0,0,0.0,0.0,0.0,0.0018210886046290398,-0.00040899956366047263,-0.5386218428611755
182,1,75,1.0,0.9664015173912048,0,0,0.0,0.0,0.0,0.0026143952272832394,-0.0004253436636645347,-0.5149988532066345
183,1,76,1.0,2.020691394805908,0,1,0.0,0.0,0.0,-0.00200128136202693,0.0008204199839383364,0.011654438450932503
184,1,77,1.0,2.0123636722564697,0,1,0.0,0.0,0.0,-0.0023689770605415106,0.0004429531400091946,0.011422218754887581
185,1,78,1.0,2.061619758605957,0,1,0.0,0.0,0.0,-0.0013091220753267407,0.000160856987349689,0.006558002904057503
186,1,79,1.0,2.0620458126068115,0,1,0.0,0.0,0.0,-0.0012725172564387321,6.892264354974031e-05,0.006280083209276199
187,1,80,2.0,2.0674803256988525,1,1,0.0,0.0,0.0,-0.0012150041293352842,-0.0007910146377980709,0.004902335815131664
188,1,81,2.0,2.0602476596832275,1,1,0.0,0.0,0.0,0.001506696455180645,-0.002889163326472044,0.006320307031273842
189,1,82,2.0,2.0609989166259766,1,1,0.0,0.0,0.0,-0.00010628625750541687,-0.0006342448177747428,0.0160555150359869
190,1,83,2.0,2.063978910446167,1,1,0.0,0.0,0.0,0.0008194358088076115,-0.0030413372442126274,0.011442078277468681
191,1,84,2.0,2.0654916763305664,1,1,0.0,0.0,0.0,0.001341440947726369,-0.0036017028614878654,0.009286997839808464
192,1,85,2.0,2.0681395530700684,1,1,0.0,0.0,0.0,0.0015645932871848345,-0.003493680153042078,0.008161040022969246
193,1,86,2.0,1.927154302597046,1,1,0.0,0.0,0.0,0.0035439967177808285,-0.002100952435284853,0.03909289091825485
194,1,87,2.0,2.0672502517700195,1,1,0.0,0.0,0.0,0.0018111923709511757,-0.0032482128590345383,0.005344578064978123
195,1,88,1.0,1.0999181270599365,0,0,0.0,0.0,0.0,-0.0005355804460123181,-0.002365702763199806,0.39185845851898193
196,1,89,1.0,1.0710229873657227,0,0,0.0,0.0,0.0,-0.0014486778527498245,-0.0009803826687857509,0.41622281074523926
197,1,90,1.0,1.0013573169708252,0,0,0.0,0.0,0.0,-0.0006043951725587249,-0.003657170571386814,0.5272430181503296
198,1,91,1.0,1.0008885860443115,0,0,0.0,0.0,0.0,-0.0002679636236280203,-0.003156788647174835,0.5227522850036621
199,1,92,1.0,0.9988833665847778,0,0,0.0,0.0,0.0,4.955451004207134e-05,-0.0032211532816290855,0.5273435115814209
200,1,93,1.0,1.0022132396697998,0,0,0.0,0.0,0.0,-0.0008145278552547097,-0.0032733133994042873,0.5226548314094543
201,1,94,1.0,1.0008044242858887,0,0,0.0,0.0,0.5,-0.00034557702019810677,-0.0035287258215248585,0.52610182762146
202,1,95,1.0,0.9976052641868591,0,0,0.0,0.0,0.5,-0.00018012523651123047,-0.0032500093802809715,0.529101550579071
203,1,96,1.0,0.9894521236419678,0,0,0.0,0.0,0.5,-0.0007125668926164508,-0.0008186555933207273,0.5326045155525208
204,1,97,1.0,0.9870105981826782,0,0,0.0,0.0,0.5,-0.001254364149644971,0.0006472367094829679,0.528593897819519
205,1,98,1.0,0.9912078976631165,0,0,0.0,0.0,0.5,-0.0007598419906571507,-0.0010102832457050681,0.5270780324935913
206,1,99,1.0,0.9915375113487244,0,0,0.0,0.0,0.5,-0.00024118623696267605,-0.0005988545599393547,0.5248644948005676
207,1,100,1.0,0.9916457533836365,0,0,0.0,0.0,0.5,-0.0013926886022090912,-0.002071873052045703,0.5292201042175293
208,1,101,1.0,0.9912456274032593,0,0,0.0,0.0,0.5,-0.000766074052080512,-0.001315002329647541,0.5306206345558167
209,1,102,1.0,0.9930784702301025,0,0,0.0,0.0,0.5,-0.0017532138153910637,-0.0021929130889475346,0.5311763286590576
210,1,103,1.0,0.9928245544433594,0,0,0.0,0.0,0.5,-0.0011334116570651531,-0.002122593345120549,0.5315619111061096
211,2,0,1.0,0.9869523048400879,0,0,0.0,0.0,0.0,-0.014149495400488377,-0.0034270500764250755,0.015208538621664047
212,2,1,1.0,0.988518476486206,0,0,0.0,0.0,0.0,-0.021257827058434486,-0.0011887773871421814,0.008142158389091492
213,2,2,1.0,0.9898658990859985,0,0,0.0,0.0,0.0,-0.025139590725302696,0.0007290337234735489,0.003644511103630066
214,2,3,1.0,0.9898680448532104,0,0,0.0,0.0,0.0,-0.023368773981928825,0.0003751638578251004,0.004692254588007927
215,2,4,1.0,0.9950074553489685,0,0,0.0,0.0,0.0,0.00836434680968523,0.0041499994695186615,-0.02097414806485176
216,2,5,1.0,0.9950171113014221,0,0,0.0,0.0,0.0,0.009152587503194809,0.0040686349384486675,-0.02038642391562462
217,2,6,1.0,0.990033745765686,0,0,0.0,0.0,0.0,0.21020187437534332,-0.0031584673561155796,-0.024244235828518867
218,2,7,1.0,0.99001145362854,0,0,0.0,0.0,0.0,0.21042634546756744,-0.0031499569304287434,-0.024067843332886696
219,2,8,1.0,0.9852414131164551,0,0,0.0,0.0,0.0,0.25095200538635254,-0.003165655303746462,-0.011390162631869316
220,2,9,1.0,0.9852260947227478,0,0,0.0,0.0,0.0,0.25096604228019714,-0.0031594494357705116,-0.011376009322702885
221,2,10,1.0,0.9853028059005737,0,0,0.0,0.0,0.0,0.2468416839838028,-0.0024807543959468603,-0.012852689251303673
222,2,11,1.0,0.9852988719940186,0,0,0.0,0.0,0.0,0.24684549868106842,-0.002479530405253172,-0.0128489900380373
223,2,12,1.0,0.9855670928955078,0,0,0.25,0.0,0.0,0.2608508765697479,-0.002224540337920189,-0.007640281692147255
224,2,13,1.0,0.9876854419708252,0,0,0.25,0.0,0.0,0.2699546813964844,-0.0010897987522184849,0.001373331993818283
225,2,14,1.0,0.9859378337860107,0,0,0.25,0.0,0.0,0.27074360847473145,-0.0026133456267416477,0.0052382079884409904
226,2,15,1.0,0.9835058450698853,0,0,0.25,0.0,0.0,0.27187538146972656,-0.002252772683277726,0.009296029806137085
227,2,16,1.0,0.9839186072349548,0,0,0.25,0.0,0.0,0.27170297503471375,-0.0007698253612034023,0.01238822191953659
228,2,17,1.0,0.9845497608184814,0,0,0.25,0.0,0.0,0.27311551570892334,-0.0008494495414197445,0.007181933149695396
229,2,18,1.0,0.9833264350891113,0,0,0.25,0.0,0.0,0.27284225821495056,-0.000994369387626648,0.006371146999299526
230,2,19,1.0,0.9888352155685425,0,0,0.25,0.0,0.0,0.2717994451522827,-0.00037893117405474186,0.0031259115785360336
231,2,20,1.0,0.9877073168754578,0,0,0.25,0.0,0.0,0.27456846833229065,-0.0009714574553072453,-0.003207220695912838
232,2,21,1.0,0.993393063545227,0,0,0.25,0.0,0.0,0.277727872133255,-0.001897931331768632,-0.007275983691215515
233,2,22,1.0,0.9908504486083984,0,0,0.25,0.0,0.0,0.281327486038208,-0.003959693945944309,-0.005089042242616415
234,2,23,1.0,0.988749086856842,0,0,0.25,0.0,0.0,0.2746383249759674,-0.0042768362909555435,0.00964503176510334
235,2,24,1.0,0.9870038032531738,0,0,0.25,0.0,0.0,0.18843218684196472,-0.006179703399538994,0.0035631638020277023
236,2,25,1.0,0.9944473505020142,0,0,0.0,0.0,0.0,0.13186737895011902,0.004450195003300905,-0.015412861481308937
237,2,26,1.0,0.9995800256729126,0,0,0.0,0.0,0.0,0.04174605756998062,0.008420468308031559,-0.0041086673736572266
238,2,27,1.0,1.0032131671905518,0,0,0.0,0.0,0.0,0.006581868976354599,0.006416582968086004,-0.007186356000602245
239,2,28,1.0,1.019115924835205,0,0,0.0,0.0,0.0,-0.01753866672515869,-0.04163406044244766,-0.0023173955269157887
240,2,29,1.0,1.0189305543899536,0,0,0.0,0.0,0.0,-0.021255526691675186,-0.04187832400202751,-0.0023183422163128853
241,2,30,1.0,0.987165093421936,0,0,0.0,-0.25,0.0,0.0009700581431388855,-0.2297242283821106,0.004100353457033634
242,2,31,1.0,0.9732956290245056,0,0,0.0,-0.25,0.0,0.0026205074973404408,-0.2673436105251312,0.0021534236147999763
243,2,32,1.0,0.9803109765052795,0,0,0.0,-0.25,0.0,0.00273597938939929,-0.274151474237442,-0.003543150145560503
244,2,33,1.0,0.9819706678390503,0,0,0.0,-0.25,0.0,0.003012118861079216,-0.2756248712539673,-0.0018180711194872856
245,2,34,1.0,0.9834315776824951,0,0,0.0,-0.25,0.0,0.004046171437948942,-0.27276352047920227,-0.0002735080197453499
246,2,35,1.0,0.9871906638145447,0,0,0.0,-0.25,0.0,0.0034552356228232384,-0.2738828659057617,0.0027579087764024734
247,2,36,1.0,0.987330436706543,0,0,0.0,-0.25,0.0,0.0026828176341950893,-0.27168989181518555,0.006752487272024155
248,2,37,1.0,0.9861135482788086,0,0,0.0,-0.25,0.0,0.00401544664055109,-0.271396279335022,0.010518506169319153
249,2,38,1.0,0.988591194152832,0,0,0.0,-0.25,0.0,0.0034875627607107162,-0.275703489780426,0.008025450631976128
250,2,39,1.0,0.9860219359397888,0,0,0.0,-0.25,0.0,0.002089568879455328,-0.27594271302223206,0.0024697203189134598
251,2,40,1.0,0.9894111156463623,0,0,0.0,-0.25,0.0,0.0010823311749845743,-0.26295995712280273,-0.0059991078451275826
252,2,41,1.0,0.9826188683509827,0,0,0.0,0.0,0.0,0.001510221278294921,-0.1532411277294159,-0.019730810075998306
253,2,42,1.0,0.9814987182617188,0,0,0.0,0.0,0.0,0.0011453377082943916,-0.05039379373192787,-0.018573394045233727
254,2,43,1.0,0.9826546907424927,0,0,0.0,0.0,0.0,0.001351468963548541,-0.018696334213018417,-0.018846848979592323
255,2,44,1.0,0.9835355877876282,0,0,0.0,0.0,0.0,0.001100379042327404,-0.026954084634780884,-0.015233593061566353
256,2,45,1.0,0.9834789633750916,0,0,0.0,0.0,0.0,0.001068170415237546,-0.023659002035856247,-0.015302058309316635
257,2,46,1.0,0.9813889265060425,0,0,0.0,0.0,0.0,-0.000892779091373086,-0.017755303531885147,0.0016910964623093605
258,2,47,1.0,0.9813857078552246,0,0,0.0,-0.25,0.0,-0.0008994617965072393,-0.017398709431290627,0.00170170608907938
259,2,48,1.0,0.9740884304046631,0,0,0.0,0.0,0.0,-0.00039975543040782213,-0.019904492422938347,0.048864759504795074
260,2,49,1.0,0.9819622039794922,0,0,0.0,0.0,0.0,0.0007238397374749184,-0.006276856642216444,0.009767133742570877
261,2,50,1.0,0.996992290019989,0,0,0.0,0.0,0.0,0.0010550178121775389,0.0018657754408195615,-0.28726884722709656
262,2,51,1.0,0.9953041672706604,0,0,0.0,0.0,0.0,0.0010218084789812565,0.0027781175449490547,-0.2734560966491699
263,2,52,1.0,1.0035494565963745,0,0,0.0,0.0,0.0,0.001394130289554596,0.0023963404819369316,-0.48267367482185364
264,2,53,1.0,1.0035542249679565,0,0,0.0,0.0,0.0,0.0013921908102929592,0.0024293791502714157,-0.48244476318359375
265,2,54,1.0,1.0036998987197876,0,0,0.0,0.0,0.0,0.0015622188802808523,0.0020586936734616756,-0.4950917363166809
266,2,55,1.0,1.0036998987197876,0,0,0.0,0.0,-0.5,0.0015625746455043554,0.002064415253698826,-0.49505653977394104
267,2,56,1.0,0.9936751127243042,0,0,0.0,0.0,-0.5,-0.00014455243945121765,-0.0018480526050552726,-0.5319772958755493
268,2,57,1.0,0.9856194853782654,0,0,0.0,0.0,-0.5,-0.00011023459956049919,-0.0018130297539755702,-0.5301178693771362
269,2,58,1.0,0.9819905757904053,0,0,0.0,0.0,-0.5,0.0013925153762102127,-0.0009858021512627602,-0.5268206596374512
270,2,59,1.0,0.9842842817306519,0,0,0.0,0.0,-0.5,0.0008688706438988447,-0.0014747793320566416,-0.5299749970436096
271,2,60,1.0,0.991298496723175,0,0,0.0,0.0,-0.5,0.0009900664445012808,-0.001187451183795929,-0.538199245929718
272,2,61,1.0,0.999772310256958,0,0,0.0,0.0,-0.5,0.0024780607782304287,-0.00032906775595620275,-0.5440740585327148
273,2,62,1.0,1.0085511207580566,0,0,0.0,0.0,-0.5,0.002906862646341324,0.00019880739273503423,-0.5482780933380127
274,2,63,1.0,1.0062932968139648,0,0,0.0,0.0,-0.5,0.0027733314782381058,0.001362642040476203,-0.5418831706047058
275,2,64,1.0,0.9881344437599182,0,0,0.0,0.0,-0.5,0.0032859337516129017,0.0004555871710181236,-0.5342344641685486
276,2,65,1.0,0.9848430156707764,0,0,0.0,0.0,-0.5,0.0036719925701618195,0.00012071413220837712,-0.5257256031036377
277,2,66,1.0,1.4918473958969116,0,0,0.0,0.0,-0.5,0.002640489023178816,-0.0002617358404677361,-0.10731575638055801
278,2,67,1.0,1.5003148317337036,0,1,0.0,0.0,0.0,0.002684896346181631,-0.0003826369938906282,-0.10072726756334305
279,2,68,1.0,2.0674540996551514,0,1,0.0,0.0,0.0,-0.00045554630924016237,0.00026383716613054276,0.0044520460069179535
280,2,69,1.0,2.0674538612365723,0,1,0.0,0.0,0.0,-0.0004508171696215868,0.0002747866092249751,0.004454547539353371
281,2,70,1.0,2.0707602500915527,0,1,0.0,0.0,0.0,-0.0003576147137209773,0.0001521289232186973,0.003721867688000202
282,2,71,2.0,2.0707554817199707,1,1,0.0,0.0,0.0,-0.00035842147190123796,0.00015607563545927405,0.003725835122168064
283,2,72,2.0,2.0621137619018555,1,1,0.0,0.0,0.0,-0.00022882851772010326,-0.0019678608514368534,0.0043602753430604935
284,2,73,2.0,2.0586163997650146,1,1,0.0,0.0,0.0,0.0006496468558907509,-0.0032270830124616623,0.006066842935979366
285,2,74,2.0,2.067333698272705,1,1,0.0,0.0,0.0,0.00022620242089033127,-0.0022126990370452404,0.006706945598125458
286,2,75,2.0,2.0687692165374756,1,1,0.0,0.0,0.0,0.0003666444681584835,-0.0018622203497216105,0.009049514308571815
287,2,76,2.0,2.0709004402160645,1,1,0.0,0.0,0.0,-0.00062459462787956,-0.0018003878649324179,0.005410762503743172
288,2,77,2.0,2.0626778602600098,1,1,0.0,0.0,0.0,-0.0009251597803086042,-0.0011086873710155487,0.0031773699447512627
289,2,78,1.0,1.1570265293121338,0,0,0.0,0.0,0.0,-0.0005343536613509059,-0.001202367595396936,0.25060731172561646
290,2,79,1.0,1.0559163093566895,0,0,0.0,0.0,0.0,-0.0012743704719468951,-0.0010256897658109665,0.37215501070022583
291,2,80,1.0,0.9928252100944519,0,0,0.0,0.0,0.0,1.6314908862113953e-05,-0.001653702580370009,0.5234047770500183
292,2,81,1.0,0.9922717213630676,0,0,0.0,0.0,0.0,5.443207919597626e-05,-0.0017819906352087855,0.5235360860824585
293,2,82,1.0,0.9911425709724426,0,0,0.0,0.0,0.0,0.00019270158372819424,-0.001308051636442542,0.5236362218856812
294,2,83,1.0,0.9906787872314453,0,0,0.0,0.0,0.5,0.0001734308898448944,-0.0011569310445338488,0.5252507328987122
295,2,84,1.0,0.990619421005249,0,0,0.0,0.0,0.5,-0.0003179338527843356,-0.001680170651525259,0.5315828919410706
296,2,85,1.0,0.9874171614646912,0,0,0.0,0.0,0.5,0.0002782891970127821,-0.0016879988834261894,0.5293903350830078
297,2,86,1.0,0.9890176653862,0,0,0.0,0.0,0.5,-0.00011129165068268776,-0.0015000903513282537,0.5304011106491089
298,2,87,1.0,0.9848362803459167,0,0,0.0,0.0,0.5,0.0007663238793611526,-0.0016083396039903164,0.5305501222610474
299,2,88,1.0,0.9869563579559326,0,0,0.0,0.0,0.5,-5.509029142558575e-05,-0.0008222661563195288,0.5289700031280518
300,2,89,1.0,0.98565673828125,0,0,0.0,0.0,0.5,0.0005341821815818548,-0.00057739217299968,0.529387891292572
301,2,90,1.0,0.9868290424346924,0,0,0.0,0.0,0.5,-9.902287274599075e-07,-0.0012076671700924635,0.5288857817649841
302,2,91,1.0,0.9827906489372253,0,0,0.0,0.0,0.5,-0.00013032671995460987,-0.0005345448735170066,0.5298933982849121
303,2,92,1.0,0.9854599833488464,0,0,0.0,0.0,0.5,9.187869727611542e-05,-0.0008778964402154088,0.5306263566017151
304,3,0,1.0,0.9964011311531067,0,0,0.0,0.0,0.0,-0.010824042372405529,-0.005932391621172428,-0.001882779411971569
305,3,1,1.0,0.9978598356246948,0,0,0.0,0.0,0.0,-0.01716199330985546,-0.004863072652369738,-0.014976417645812035
306,3,2,1.0,0.9909896850585938,0,0,0.0,0.0,0.0,-0.01811143197119236,-0.002358539029955864,-0.017715897411108017
307,3,3,1.0,0.9906353950500488,0,0,0.0,0.0,0.0,-0.01795678399503231,-0.002727316692471504,-0.01815883070230484
308,3,4,1.0,0.9892067313194275,0,0,0.0,0.0,0.0,0.017509175464510918,-0.004362613428384066,-0.0399421751499176
309,3,5,1.0,0.9892382025718689,0,0,0.0,0.0,0.0,0.018820870667696,-0.004453678615391254,-0.03889324516057968
310,3,6,1.0,0.9769488573074341,0,0,0.0,0.0,0.0,0.2426450103521347,-0.0006186813116073608,-0.026312336325645447
311,3,7,1.0,0.9769335985183716,0,0,0.0,0.0,0.0,0.24268057942390442,-0.0006001756992191076,-0.026241768151521683
312,3,8,1.0,0.9792537093162537,0,0,0.0,0.0,0.0,0.2572475075721741,0.0013244299916550517,-0.021286655217409134
313,3,9,1.0,0.9792511463165283,0,0,0.0,0.0,0.0,0.2572499215602875,0.001327432575635612,-0.021273639053106308
314,3,10,1.0,0.9800267219543457,0,0,0.25,0.0,0.0,0.2662453353404999,0.0015009547350928187,-0.015878118574619293
315,3,11,1.0,0.9843931794166565,0,0,0.25,0.0,0.0,0.27151212096214294,0.001622267416678369,-0.007592121604830027
316,3,12,1.0,0.9879874587059021,0,0,0.25,0.0,0.0,0.2721864581108093,-0.0004156194918323308,-0.0025915619917213917
317,3,13,1.0,0.9866124391555786,0,0,0.25,0.0,0.0,0.2730042636394501,0.00020673038670793176,0.0004663197323679924
318,3,14,1.0,0.9826308488845825,0,0,0.25,0.0,0.0,0.27191442251205444,0.0002583643654361367,0.0012829825282096863
319,3,15,1.0,0.9811518788337708,0,0,0.25,0.0,0.0,0.2715548872947693,0.0009680911898612976,0.001384679228067398
320,3,16,1.0,0.9802029728889465,0,0,0.25,0.0,0.0,0.2712303400039673,0.0009276710916310549,-0.00042357947677373886
321,3,17,1.0,0.9813119173049927,0,0,0.25,0.0,0.0,0.27382707595825195,0.0006724204868078232,-0.0016971202567219734
322,3,18,1.0,0.9935430288314819,0,0,0.25,0.0,0.0,0.2769717872142792,0.0020018876530230045,-0.0013373331166803837
323,3,19,1.0,0.9876002073287964,0,0,0.25,0.0,0.0,0.2791174650192261,0.0018108835211023688,0.0002730945125222206
324,3,20,1.0,0.9877758026123047,0,0,0.25,0.0,0.0,0.278462290763855,0.0011356340255588293,0.004371565766632557
325,3,21,1.0,0.985558271408081,0,0,0.25,0.0,0.0,0.2626766562461853,0.003915842156857252,0.0018133772537112236
326,3,22,1.0,0.9892951846122742,0,0,0.25,0.0,0.0,0.19746176898479462,-0.003548999782651663,0.012297116219997406
327,3,23,1.0,0.9895384311676025,0,0,0.0,0.0,0.0,0.1487884372472763,-0.021606365218758583,0.013329664245247841
328,3,24,1.0,1.0127053260803223,0,0,0.0,0.0,0.0,0.027176637202501297,-0.021440686658024788,-0.0006859311833977699
329,3,25,1.0,1.0067154169082642,0,0,0.0,0.0,0.0,-0.0008479360258206725,0.03068116120994091,0.008035115897655487
330,3,26,1.0,0.9925167560577393,0,0,0.0,0.0,0.0,-0.0069487858563661575,0.16248001158237457,-0.0006900019943714142
331,3,27,1.0,0.992658793926239,0,0,0.0,0.0,0.0,-0.008182349614799023,0.16598795354366302,-0.0006066868081688881
332,3,28,1.0,0.9912329912185669,0,0,0.0,0.0,0.0,-0.0021073243115097284,0.24289342761039734,-0.0006243186071515083
333,3,29,1.0,0.9912719130516052,0,0,0.0,0.25,0.0,-0.0021593973506242037,0.243088036775589,-0.0006632842123508453
334,3,30,1.0,0.9838060140609741,0,0,0.0,0.25,0.0,-0.0017107711173593998,0.2700796127319336,0.0024230405688285828
335,3,31,1.0,0.9814923405647278,0,0,0.0,0.25,0.0,-0.0006965405773371458,0.2723304033279419,0.0036059245467185974
336,3,32,1.0,0.9855245351791382,0,0,0.0,0.25,0.0,-0.00236504920758307,0.27387166023254395,0.0012252256274223328
337,3,33,1.0,0.9837167263031006,0,0,0.0,0.25,0.0,-0.0006974446587264538,0.2740817070007324,-0.002435550559312105
338,3,34,1.0,0.9822356104850769,0,0,0.0,0.25,0.0,-0.0006535901920869946,0.27361831068992615,0.0066267503425478935
339,3,35,1.0,0.9846308827400208,0,0,0.0,0.25,0.0,-0.0002615081612020731,0.27391159534454346,0.01144004799425602
340,3,36,1.0,0.9864461421966553,0,0,0.0,0.25,0.0,-4.689721390604973e-05,0.27265608310699463,0.0072459876537323
341,3,37,1.0,0.986303448677063,0,0,0.0,0.25,0.0,0.0009966250509023666,0.27573055028915405,0.0068028755486011505
342,3,38,1.0,0.9891443252563477,0,0,0.0,0.0,0.0,0.00117007945664227,0.2522486448287964,-0.007097500376403332
343,3,39,1.0,0.984744668006897,0,0,0.0,0.0,0.0,-3.237556666135788e-05,0.1251947581768036,-0.009055662900209427
344,3,40,1.0,0.9787552356719971,0,0,0.0,0.0,0.0,-0.0001914717722684145,0.08286293596029282,-0.01509658619761467
345,3,41,1.0,0.976348340511322,0,0,0.0,0.0,0.0,0.00013021868653595448,0.06529053300619125,-0.014414452016353607
346,3,42,1.0,0.9738368391990662,0,0,0.0,0.0,0.0,0.000807582400739193,0.05874597653746605,-0.011529180221259594
347,3,43,1.0,0.9737278819084167,0,0,0.0,0.0,0.0,0.0008580617140978575,0.05520794913172722,-0.011317946016788483
348,3,44,1.0,0.9757867455482483,0,0,0.0,0.25,0.0,0.001144093694165349,0.04595223441720009,-0.011007768101990223
349,3,45,1.0,0.9806362390518188,0,0,0.0,0.25,0.0,0.0002561276778578758,0.09070605039596558,-0.013701975345611572
350,3,46,1.0,0.9822436571121216,0,0,0.0,0.0,0.0,-0.0006383857689797878,0.07125268131494522,-0.0007926085963845253
351,3,47,1.0,0.9756231904029846,0,0,0.0,0.0,0.0,-9.69856046140194e-06,0.02467290498316288,0.035893358290195465
352,3,48,1.0,0.9759510159492493,0,0,0.0,0.0,0.0,0.0001628559548407793,0.013298073783516884,0.027098847553133965
353,3,49,1.0,0.9755435585975647,0,0,0.0,0.0,0.0,0.0003065869677811861,0.007578746881335974,0.02045770175755024
354,3,50,1.0,0.9847831726074219,0,0,0.0,0.0,0.0,0.0014603822492063046,0.004890169017016888,-0.08851420134305954
355,3,51,1.0,0.9852635264396667,0,0,0.0,0.0,0.0,0.001478781457990408,0.004181267693638802,-0.0980982854962349
356,3,52,1.0,0.994525671005249,0,0,0.0,0.0,0.0,-3.275088965892792e-05,0.0027550975792109966,-0.32403039932250977
357,3,53,1.0,0.9946384429931641,0,0,0.0,0.0,0.0,-6.553973071277142e-05,0.0027346075512468815,-0.32667699456214905
358,3,54,1.0,0.9962980151176453,0,0,0.0,0.0,-0.5,0.0003732205368578434,0.0024629984982311726,-0.3538612425327301
359,3,55,1.0,0.9909300208091736,0,0,0.0,0.0,-0.5,3.73257789760828e-05,-0.0020420700311660767,-0.529931902885437
360,3,56,1.0,0.9869652986526489,0,0,0.0,0.0,-0.5,5.462602712213993e-05,-0.001897004316560924,-0.5274038314819336
361,3,57,1.0,0.9841989874839783,0,0,0.0,0.0,-0.5,0.00030278414487838745,-0.001642679562792182,-0.5286344885826111
362,3,58,1.0,0.9850799441337585,0,0,0.0,0.0,-0.5,0.001195861492305994,-0.0018125908682122827,-0.5289315581321716
363,3,59,1.0,0.9824917912483215,0,0,0.0,0.0,-0.5,0.001442653825506568,-0.0026538013480603695,-0.5255619883537292
364,3,60,1.0,0.9930520057678223,0,0,0.0,0.0,-0.5,0.0025010891258716583,-0.002190295374020934,-0.5373157262802124
365,3,61,1.0,1.0011183023452759,0,0,0.0,0.0,-0.5,0.0030512833036482334,-0.001361144590191543,-0.5406965017318726
366,3,62,1.0,1.0050127506256104,0,0,0.0,0.0,-0.5,0.002510697115212679,0.00024679413763806224,-0.543798565864563
367,3,63,1.0,1.0047199726104736,0,0,0.0,0.0,-0.5,0.0014400819782167673,0.00010175356874242425,-0.5436708927154541
368,3,64,1.0,0.9881308674812317,0,0,0.0,0.0,-0.5,0.0023642946034669876,0.0016540075885131955,-0.5286405086517334
369,3,65,1.0,0.9865140914916992,0,0,0.0,0.0,0.0,0.0020985431037843227,0.0018094117986038327,-0.5259397029876709
370,3,66,1.0,1.7753479480743408,0,1,0.0,0.0,0.0,0.0016992748714983463,-0.0009747843723744154,0.006025626324117184
371,3,67,1.0,1.7778756618499756,0,1,0.0,0.0,0.0,0.0017139590345323086,-0.0010225172154605389,0.0072805918753147125
372,3,68,1.0,1.9832161664962769,0,1,0.0,0.0,0.0,0.0002813898026943207,0.0008238210575655103,0.01916339434683323
373,3,69,2.0,1.9833667278289795,1,1,0.0,0.0,0.0,0.0002932092174887657,0.0008212741231545806,0.01916063018143177
374,3,70,2.0,2.063162326812744,1,1,0.0,0.0,0.0,0.0004352661781013012,-0.002716777380555868,0.0011009210720658302
375,3,71,2.0,2.0554113388061523,1,1,0.0,0.0,0.0,0.00060468097217381,-0.002355820033699274,0.004081347957253456
376,3,72,2.0,2.06291127204895,1,1,0.0,0.0,0.0,0.0010823013726621866,-0.0018008846091106534,0.006631448864936829
377,3,73,2.0,2.066531181335449,1,1,0.0,0.0,0.0,0.0007231119088828564,-0.001946163596585393,0.007842183113098145
378,3,74,2.0,2.0663373470306396,1,1,0.0,0.0,0.0,0.0007685658056288958,-0.0020128467585891485,0.0052858758717775345
379,3,75,2.0,2.0704143047332764,1,1,0.0,0.0,0.0,0.0007358635775744915,-0.0019112298032268882,0.0023041367530822754
380,3,76,2.0,0.996504008769989,1,0,0.0,0.0,0.0,0.0010246417950838804,-0.003714290913194418,0.5035223364830017
381,3,77,1.0,0.9930753111839294,0,0,0.0,0.0,0.0,0.0009252347517758608,-0.00338872242718935,0.5106703042984009
382,3,78,1.0,0.996229350566864,0,0,0.0,0.0,0.0,0.0008175414986908436,-0.0034035509452223778,0.4920555055141449
383,3,79,1.0,0.9967336654663086,0,0,0.0,0.0,0.0,0.0008232269901782274,-0.0034680147655308247,0.4912518560886383
384,3,80,1.0,0.9926498532295227,0,0,0.0,0.0,0.0,0.0008903539273887873,-0.0032463576644659042,0.5230061411857605
385,3,81,1.0,0.992707371711731,0,0,0.0,0.0,0.0,0.0008887734729796648,-0.0032494901679456234,0.5229154825210571
386,3,82,1.0,0.994499146938324,0,0,0.0,0.0,0.0,0.0006844098679721355,-0.0034323325380682945,0.5204547047615051
387,3,83,1.0,0.9943979978561401,0,0,0.0,0.0,0.0,0.000678991200402379,-0.0034183217212557793,0.5206186771392822
388,3,84,1.0,0.9923280477523804,0,0,0.0,0.0,0.5,0.0006322013214230537,-0.0029584807343780994,0.5244963765144348
389,3,85,1.0,0.9848011136054993,0,0,0.0,0.0,0.5,0.00045066792517900467,-0.0018439461709931493,0.5282259583473206
390,3,86,1.0,0.9867439270019531,0,0,0.0,0.0,0.5,-0.0003328904276713729,-0.0012128545204177499,0.5283417701721191
391,3,87,1.0,0.9886777400970459,0,0,0.0,0.0,0.5,-0.0004503584932535887,-0.0001280326396226883,0.5301357507705688
392,3,88,1.0,0.9887590408325195,0,0,0.0,0.0,0.5,-0.0005326637765392661,8.206273196265101e-05,0.5302462577819824
393,3,89,1.0,0.9876801371574402,0,0,0.0,0.0,0.5,-0.00022014486603438854,8.989800699055195e-05,0.5305829048156738
394,3,90,1.0,0.9861231446266174,0,0,0.0,0.0,0.5,-0.001003372366540134,-0.0005946173332631588,0.5307992100715637
395,3,91,1.0,0.986873984336853,0,0,0.0,0.0,0.5,-0.0004369639791548252,-4.255154635757208e-05,0.5304591655731201
396,3,92,1.0,0.9897558093070984,0,0,0.0,0.0,0.5,-0.0004582779947668314,0.0014657495776191354,0.528311014175415
397,3,93,1.0,0.9890013933181763,0,0,0.0,0.0,0.5,0.00027222721837460995,-0.0003703614929690957,0.5305555462837219
398,4,0,1.0,0.99825119972229,0,0,0.0,0.0,0.0,0.03558364510536194,-0.011043130420148373,0.007845915853977203
399,4,1,1.0,0.9941739439964294,0,0,0.0,0.0,0.0,0.029154671356081963,-0.0112621383741498,0.0011606775224208832
400,4,2,1.0,0.9951066970825195,0,0,0.0,0.0,0.0,0.029464202001690865,-0.007054854650050402,0.01600072905421257
401,4,3,1.0,0.9954246282577515,0,0,0.0,0.0,0.0,0.031125688925385475,-0.007288890890777111,0.01721988245844841
402,4,4,1.0,0.9894117116928101,0,0,0.0,0.0,0.0,0.012741761282086372,-0.006608989089727402,0.01170072890818119
403,4,5,1.0,0.9894756078720093,0,0,0.0,0.0,0.0,0.013285938650369644,-0.00668121874332428,0.012114839628338814
404,4,6,1.0,0.9856290817260742,0,0,0.0,0.0,0.0,-0.1390075981616974,0.002682724501937628,0.0017366409301757812
405,4,7,1.0,0.9855982065200806,0,0,0.0,0.0,0.0,-0.1388891488313675,0.002681715413928032,0.0018872274085879326
406,4,8,1.0,0.987973153591156,0,0,0.0,0.0,0.0,-0.1400156170129776,0.0027209236286580563,-0.000463925302028656
407,4,9,1.0,0.9879675507545471,0,0,-0.25,0.0,0.0,-0.1399928331375122,0.002718712668865919,-0.00042803678661584854
408,4,10,1.0,0.998220682144165,0,0,-0.25,0.0,0.0,-0.26742637157440186,-0.0037415064871311188,-0.013147873803973198
409,4,11,1.0,0.9998464584350586,0,0,-0.25,0.0,0.0,-0.2695253789424896,-0.0030939453281462193,-0.012074694037437439
410,4,12,1.0,1.0004910230636597,0,0,-0.25,0.0,0.0,-0.26999688148498535,-0.0013813183177262545,-0.014597313478589058
411,4,13,1.0,1.000969648361206,0,0,-0.25,0.0,0.0,-0.27089110016822815,-0.0014702733606100082,-0.017285920679569244
412,4,14,1.0,0.9984631538391113,0,0,-0.25,0.0,0.0,-0.26974621415138245,0.0006023590685799718,-0.017473410815000534
413,4,15,1.0,1.0005501508712769,0,0,-0.25,0.0,0.0,-0.2697511911392212,0.00015615636948496103,-0.021548984572291374
414,4,16,1.0,0.9967505931854248,0,0,-0.25,0.0,0.0,-0.2675591707229614,0.0005104508018121123,-0.01749575138092041
415,4,17,1.0,0.9944661855697632,0,0,-0.25,0.0,0.0,-0.26753678917884827,0.0002342986990697682,-0.009134852327406406
416,4,18,1.0,0.993343710899353,0,0,-0.25,0.0,0.0,-0.26796215772628784,-0.0009368108585476875,-0.004349670372903347
417,4,19,1.0,0.9921170473098755,0,0,-0.25,0.0,0.0,-0.2693467438220978,-0.0018125752685591578,-0.0020286389626562595
418,4,20,1.0,0.9971352219581604,0,0,-0.25,0.0,0.0,-0.27645984292030334,-1.4842255041003227e-05,0.004115057177841663
419,4,21,1.0,0.9994817972183228,0,0,-0.25,0.0,0.0,-0.27345073223114014,0.0008848654106259346,0.014755316078662872
420,4,22,1.0,1.0016385316848755,0,0,-0.25,0.0,0.0,-0.2204427272081375,0.007805064786225557,0.014477428048849106
421,4,23,1.0,1.0019606351852417,0,0,0.0,0.0,0.0,-0.14855733513832092,0.012513209134340286,0.0111829973757267
422,4,24,1.0,1.009947419166565,0,0,0.0,0.0,0.0,-0.014466664753854275,0.008256605826318264,-0.001742679625749588
423,4,25,1.0,1.0019018650054932,0,0,0.0,0.0,0.0,0.028569461777806282,0.0058823274448513985,-0.006055199541151524
424,4,26,1.0,0.9852494597434998,0,0,0.0,0.0,0.0,0.02415013499557972,-0.03682602569460869,-0.0034554325975477695
425,4,27,1.0,0.9841168522834778,0,0,0.0,0.0,0.0,0.029561160132288933,-0.0389680378139019,-0.0029007699340581894
426,4,28,1.0,0.9828121662139893,0,0,0.0,-0.25,0.0,0.01139113586395979,-0.19398389756679535,0.005720958113670349
427,4,29,1.0,0.9743202924728394,0,0,0.0,-0.25,0.0,0.004435497336089611,-0.24789021909236908,0.007327696308493614
428,4,30,1.0,0.9761828184127808,0,0,0.0,-0.25,0.0,0.0030522258020937443,-0.27424100041389465,0.004645964130759239
429,4,31,1.0,0.9810270071029663,0,0,0.0,-0.25,0.0,0.002101616468280554,-0.27636778354644775,-0.00013505574315786362
430,4,32,1.0,0.9820213913917542,0,0,0.0,-0.25,0.0,0.001992102712392807,-0.2782248854637146,-0.0016180970706045628
431,4,33,1.0,0.9867731332778931,0,0,0.0,-0.25,0.0,0.002276461571455002,-0.2788071930408478,-0.0004570651799440384
432,4,34,1.0,0.9848918318748474,0,0,0.0,-0.25,0.0,0.0020451401360332966,-0.28002798557281494,0.007275618612766266
433,4,35,1.0,0.9810613989830017,0,0,0.0,-0.25,0.0,0.0026319967582821846,-0.2758752703666687,0.00989263691008091
434,4,36,1.0,0.9840282797813416,0,0,0.0,-0.25,0.0,0.0020270529203116894,-0.28552740812301636,0.010436797514557838
435,4,37,1.0,0.9900994896888733,0,0,0.0,-0.25,0.0,0.000882625812664628,-0.2871512472629547,0.009370001032948494
436,4,38,1.0,0.9909802079200745,0,0,0.0,-0.25,0.0,0.0015971995890140533,-0.23158349096775055,0.010680768638849258
437,4,39,1.0,0.9941831231117249,0,0,0.0,0.0,0.0,0.0013164395932108164,-0.11305388063192368,0.003615913912653923
438,4,40,1.0,0.9879911541938782,0,0,0.0,0.0,0.0,-0.0010203580604866147,-0.0256519578397274,-0.00012693647295236588
439,4,41,1.0,0.9856195449829102,0,0,0.0,0.0,0.0,-0.0004604179412126541,-0.011422340758144855,-0.002040761522948742
440,4,42,1.0,0.9788726568222046,0,0,0.0,0.0,0.0,0.0010986074339598417,-0.021082859486341476,-0.006058837287127972
441,4,43,1.0,0.9773763418197632,0,0,0.0,0.0,0.0,0.00126994913443923,-0.017223628237843513,-0.007668153382837772
442,4,44,1.0,0.9778330326080322,0,0,0.0,0.0,0.0,0.0008988822810351849,-0.006355888210237026,-0.01266761589795351
443,4,45,1.0,0.9777958393096924,0,0,0.0,0.0,0.0,0.000895920442417264,-0.006081923842430115,-0.01264667883515358
444,4,46,1.0,0.9905893206596375,0,0,0.0,0.0,0.0,0.0016184700652956963,0.0016180536476895213,-0.10722746700048447
445,4,47,1.0,0.99058997631073,0,0,0.0,0.0,0.0,0.0016193573828786612,0.0016521065263077617,-0.10719951242208481
446,4,48,1.0,0.9922060370445251,0,0,0.0,0.0,0.0,0.001809015404433012,0.0014592636143788695,-0.12688325345516205
447,4,49,1.0,0.9922061562538147,0,0,0.0,-0.25,0.0,0.0018095937557518482,0.0014680373715236783,-0.12686991691589355
448,4,50,1.0,0.9804145097732544,0,0,0.0,0.0,0.0,0.0006139194592833519,-0.011086643673479557,-0.0038253399543464184
449,4,51,1.0,0.977170467376709,0,0,0.0,0.0,0.0,-0.000553582445718348,-0.007849273271858692,0.009771399199962616
450,4,52,1.0,0.9844895005226135,0,0,0.0,0.0,0.0,0.0003834271337836981,-0.00184609682764858,-0.03559524565935135
451,4,53,1.0,0.9833568334579468,0,0,0.0,0.0,0.0,2.6505673304200172e-05,-0.0019655111245810986,-0.023014917969703674
452,4,54,1.0,0.9892606735229492,0,0,0.0,0.0,0.0,0.001200191443786025,0.003498632460832596,-0.25049951672554016
453,4,55,1.0,0.9892536997795105,0,0,0.0,0.0,0.0,0.0011986522004008293,0.0035864259116351604,-0.2502504289150238
454,4,56,1.0,0.9901529550552368,0,0,0.0,0.0,0.0,0.0007376435678452253,0.0029602842405438423,-0.30933666229248047
455,4,57,1.0,0.9901537895202637,0,0,0.0,0.0,-0.5,0.0007388058584183455,0.00297397468239069,-0.30926209688186646
456,4,58,1.0,0.9990308284759521,0,0,0.0,0.0,-0.5,0.0004140434321016073,0.0009286372223868966,-0.5362876653671265
457,4,59,1.0,0.989544153213501,0,0,0.0,0.0,-0.5,0.00027305493131279945,-0.0006375893135555089,-0.5378462076187134
458,4,60,1.0,0.9875121712684631,0,0,0.0,0.0,-0.5,-0.0004026242531836033,-0.0009476372506469488,-0.5319498777389526
459,4,61,1.0,0.9845125079154968,0,0,0.0,0.0,-0.5,-0.0008242690237239003,-0.0008060240652412176,-0.5261529088020325
460,4,62,1.0,0.988966703414917,0,0,0.0,0.0,-0.5,-0.0007134235929697752,-0.0014866851270198822,-0.5332870483398438
461,4,63,1.0,0.9908556342124939,0,0,0.0,0.0,-0.5,-0.0013142458628863096,-0.001915137516334653,-0.536074161529541
462,4,64,1.0,1.0041084289550781,0,0,0.0,0.0,-0.5,6.964500062167645e-05,-0.0007544005056843162,-0.5416739583015442
463,4,65,1.0,1.0058737993240356,0,0,0.0,0.0,-0.5,0.0011517559178173542,-0.0010800999589264393,-0.5458994507789612
464,4,66,1.0,1.004472017288208,0,0,0.0,0.0,-0.5,0.0024211429990828037,0.00030478922417387366,-0.5465877056121826
465,4,67,1.0,0.9994364380836487,0,0,0.0,0.0,-0.5,0.002721519209444523,0.000816277926787734,-0.5444281697273254
466,4,68,1.0,0.9796097278594971,0,0,0.0,0.0,-0.5,0.003409187775105238,0.0019811545498669147,-0.5251500606536865
467,4,69,1.0,0.9776849150657654,0,0,0.0,0.0,0.0,0.0032766936346888542,0.0019915932789444923,-0.5209007263183594
468,4,70,1.0,0.9703382253646851,0,0,0.0,0.0,0.0,0.0038127191364765167,0.0013972886372357607,-0.48478278517723083
469,4,71,1.0,0.9703464508056641,0,0,0.0,0.0,0.0,0.003826088272035122,0.001393302925862372,-0.48252150416374207
470,4,72,1.0,1.7727735042572021,0,1,0.0,0.0,0.0,0.002216302789747715,-0.0027611670084297657,0.0069566890597343445
471,4,73,1.0,1.7732008695602417,0,1,0.0,0.0,0.0,0.002213666681200266,-0.002734358888119459,0.007334418594837189
472,4,74,1.0,1.7167580127716064,0,1,0.0,0.0,0.0,0.0019180946983397007,-0.0025532026775181293,0.0007357606664299965
473,4,75,2.0,1.7169959545135498,1,1,0.0,0.0,0.0,0.0019024470821022987,-0.0025377431884407997,0.0008410075679421425
474,4,76,2.0,2.0655040740966797,1,1,0.0,0.0,0.0,0.0008922419510781765,-0.0017186604673042893,0.0039017600938677788
475,4,77,2.0,2.0701708793640137,1,1,0.0,0.0,0.0,-0.0002474954817444086,-0.0010539639042690396,0.008502820506691933
476,4,78,2.0,2.0567400455474854,1,1,0.0,0.0,0.0,0.0005163149908185005,-0.003921832423657179,0.006715802475810051
477,4,79,2.0,2.0614452362060547,1,1,0.0,0.0,0.0,-0.00012018601410090923,-0.0017499931855127215,0.011540699750185013
478,4,80,2.0,2.056475877761841,1,1,0.0,0.0,0.0,0.0006687301211059093,-0.0024205707013607025,0.005511503666639328
479,4,81,2.0,2.059661865234375,1,1,0.0,0.0,0.0,0.0005067705642431974,-0.002291396725922823,0.006094836629927158
480,4,82,2.0,2.0581459999084473,1,1,0.0,0.0,0.0,0.0015694987960159779,-0.0025948872789740562,0.010032040998339653
481,4,83,2.0,2.0609092712402344,1,1,0.0,0.0,0.0,0.0016599944792687893,-0.002397805918008089,0.008666789159178734
482,4,84,2.0,1.543503761291504,1,1,0.0,0.0,0.0,0.004353640601038933,9.462633170187473e-05,0.1746404618024826
483,4,85,1.0,1.4204117059707642,0,0,0.0,0.0,0.0,0.0039530866779387,0.0003720588283613324,0.2281772792339325
484,4,86,1.0,1.0179133415222168,0,0,0.0,0.0,0.0,0.0011862232349812984,-0.0023129209876060486,0.4851168990135193
485,4,87,1.0,0.9911627769470215,0,0,0.0,0.0,0.0,0.0010455306619405746,-0.002061964012682438,0.5277310609817505
486,4,88,1.0,1.0076740980148315,0,0,0.0,0.0,0.0,0.0003879100549966097,-0.002490464597940445,0.5034103989601135
487,4,89,1.0,1.0060739517211914,0,0,0.0,0.0,0.5,0.0006152905989438295,-0.001990096876397729,0.5059860944747925
488,4,90,1.0,1.0064805746078491,0,0,0.0,0.0,0.5,0.0008407388813793659,-0.0014429832808673382,0.48409029841423035
489,4,91,1.0,0.9909027814865112,0,0,0.0,0.0,0.5,-0.000617458950728178,-0.0011325499508529902,0.5179031491279602
490,4,92,1.0,0.987328290939331,0,0,0.0,0.0,0.5,-0.0009625357342883945,-0.0029508662410080433,0.5248162746429443
491,4,93,1.0,0.9880967736244202,0,0,0.0,0.0,0.5,-0.0008096479577943683,-0.0011793153826147318,0.5318924784660339
492,4,94,1.0,0.9899284243583679,0,0,0.0,0.0,0.5,-0.00038026366382837296,-0.00020641283481381834,0.5322280526161194
493,4,95,1.0,0.9863426089286804,0,0,0.0,0.0,0.5,-0.0008590399520471692,-0.0021827686578035355,0.528872013092041
494,4,96,1.0,0.9885895252227783,0,0,0.0,0.0,0.5,-0.0005948857869952917,-0.0018730786396190524,0.5314080715179443
495,4,97,1.0,0.9859101176261902,0,0,0.0,0.0,0.5,0.0003955364227294922,-0.0012656596954911947,0.531714141368866
496,4,98,1.0,0.9826987385749817,0,0,0.0,0.0,0.5,0.0004353162366896868,-0.0022697309032082558,0.5302150249481201
497,5,0,1.0,0.998447835445404,0,0,0.0,0.0,0.0,0.03382158279418945,-0.0033237431198358536,0.013620657846331596
498,5,1,1.0,0.9938330054283142,0,0,0.0,0.0,0.0,0.026194339618086815,-0.0026293760165572166,0.008446117863059044
499,5,2,1.0,0.9999430179595947,0,0,0.0,0.0,0.0,0.028735844418406487,0.0013116014888510108,0.020426422357559204
500,5,3,1.0,1.000436544418335,0,0,0.0,0.0,0.0,0.030726762488484383,0.0011613533133640885,0.021831978112459183
501,5,4,1.0,0.9998560547828674,0,0,0.0,0.0,0.0,0.010120770893990993,-6.584278889931738e-05,0.013130709528923035
502,5,5,1.0,1.0000159740447998,0,0,0.0,0.0,0.0,0.010949742048978806,-0.00010726883192546666,0.013636831194162369
503,5,6,1.0,0.9949873089790344,0,0,0.0,0.0,0.0,-0.1615809053182602,4.7101813834160566e-05,-0.0023657935671508312
504,5,7,1.0,0.9949700236320496,0,0,0.0,0.0,0.0,-0.161489799618721,4.1940249502658844e-05,-0.0022685006260871887
505,5,8,1.0,0.9955112934112549,0,0,-0.25,0.0,0.0,-0.2241256833076477,-0.0009361389675177634,-0.012667273171246052
506,5,9,1.0,0.9896617531776428,0,0,-0.25,0.0,0.0,-0.2648294270038605,-0.0028814012184739113,-0.012180575169622898
507,5,10,1.0,0.9959584474563599,0,0,-0.25,0.0,0.0,-0.27165889739990234,-0.0010508238337934017,-0.009984912350773811
508,5,11,1.0,0.9952013492584229,0,0,-0.25,0.0,0.0,-0.27105024456977844,-0.0008320350898429751,-0.005743396934121847
509,5,12,1.0,0.9978165030479431,0,0,-0.25,0.0,0.0,-0.26921316981315613,3.338797250762582e-05,-0.010241023264825344
510,5,13,1.0,0.9974344968795776,0,0,-0.25,0.0,0.0,-0.2695847153663635,0.00011232204269617796,-0.011911436915397644
511,5,14,1.0,0.9981400966644287,0,0,-0.25,0.0,0.0,-0.2709479331970215,0.001296184491366148,-0.009528480470180511
512,5,15,1.0,0.9954721927642822,0,0,-0.25,0.0,0.0,-0.2706371247768402,0.0016848129453137517,-0.0041430117562413216
513,5,16,1.0,0.9959863424301147,0,0,-0.25,0.0,0.0,-0.2689276337623596,-0.0011993036605417728,-7.989071309566498e-05
514,5,17,1.0,0.9962669014930725,0,0,-0.25,0.0,0.0,-0.2686212658882141,-0.0012962303590029478,0.0036307303234934807
515,5,18,1.0,0.9940581917762756,0,0,-0.25,0.0,0.0,-0.27087655663490295,0.00028172688325867057,0.006228085607290268
516,5,19,1.0,0.9948898553848267,0,0,-0.25,0.0,0.0,-0.2785528004169464,0.0026634675450623035,0.008862990885972977
517,5,20,1.0,0.9941855669021606,0,0,-0.25,0.0,0.0,-0.27595677971839905,0.0038934224285185337,0.012521743774414062
518,5,21,1.0,0.9904335141181946,0,0,-0.25,0.0,0.0,-0.24154704809188843,-2.2884109057486057e-05,0.010153589770197868
519,5,22,1.0,0.9707900285720825,0,0,-0.25,0.0,0.0,-0.12671691179275513,-0.01375003345310688,0.02007252722978592
520,5,23,1.0,0.9789333343505859,0,0,0.0,0.0,0.0,-0.06356785446405411,-0.034574590623378754,0.012534435838460922
521,5,24,1.0,0.978519082069397,0,0,0.0,0.0,0.0,-0.0077171847224235535,0.08774165064096451,0.0074059367179870605
522,5,25,1.0,0.9825727939605713,0,0,0.0,0.0,0.0,0.0013385636266320944,0.17754286527633667,0.008510634303092957
523,5,26,1.0,0.9943814277648926,0,0,0.0,0.0,0.0,-0.0007458999752998352,0.26996952295303345,0.012872979044914246
524,5,27,1.0,0.9919419884681702,0,0,0.0,0.0,0.0,0.0006486920174211264,0.26167237758636475,0.012122761458158493
525,5,28,1.0,0.9940907955169678,0,0,0.0,0.0,0.0,-0.0009207591647282243,0.2767459452152252,0.014388730749487877
526,5,29,1.0,0.9940497279167175,0,0,0.0,0.25,0.0,-0.0009047000203281641,0.2767218053340912,0.014381811022758484
527,5,30,1.0,0.9840872883796692,0,0,0.0,0.25,0.0,-0.00016001658514142036,0.27182379364967346,0.011489206925034523
528,5,31,1.0,0.9879545569419861,0,0,0.0,0.25,0.0,-0.0017363309161737561,0.2629327178001404,0.01742752641439438
529,5,32,1.0,0.9891305565834045,0,0,0.0,0.25,0.0,0.00026557035744190216,0.26059749722480774,0.014273319393396378
530,5,33,1.0,0.9938895106315613,0,0,0.0,0.25,0.0,-0.00509729003533721,0.22697171568870544,0.022010836750268936
531,5,34,1.0,0.9961711168289185,0,0,0.0,0.25,0.0,-0.00017532939091324806,0.22867248952388763,0.02196509577333927
532,5,35,1.0,1.001346468925476,0,0,0.0,0.25,0.0,0.0013675747904926538,0.24653315544128418,0.032304972410202026
533,5,36,1.0,0.9977782368659973,0,0,0.0,0.25,0.0,-0.0025462976191192865,0.25633326172828674,0.025265177711844444
534,5,37,1.0,0.9995498061180115,0,0,0.0,0.25,0.0,-0.0007071131840348244,0.26125991344451904,0.023212948814034462
535,5,38,1.0,0.9950347542762756,0,0,0.0,0.0,0.0,-0.0009201244683936238,0.2392650544643402,0.013693124055862427
536,5,39,1.0,0.9817149043083191,0,0,0.0,0.0,0.0,0.001179814338684082,0.04119645059108734,0.00861082412302494
537,5,40,1.0,0.9846386313438416,0,0,0.0,0.0,0.0,0.0022818497382104397,0.029563358053565025,0.009891513735055923
538,5,41,1.0,0.9843978881835938,0,0,0.0,0.0,0.0,0.002482328098267317,0.016752930358052254,0.008843790739774704
539,5,42,1.0,0.9835491180419922,0,0,0.0,0.0,0.0,0.00495564378798008,0.0226469524204731,0.003991452045738697
540,5,43,1.0,0.9835273623466492,0,0,0.0,0.0,0.0,0.005016788840293884,0.019559843465685844,0.004042721353471279
541,5,44,1.0,0.9798161387443542,0,0,0.0,0.0,0.0,0.0047743190079927444,0.023934530094265938,0.00460776686668396
542,5,45,1.0,0.9798181056976318,0,0,0.0,0.25,0.0,0.004785647615790367,0.02329067327082157,0.004605438560247421
543,5,46,1.0,0.9838880300521851,0,0,0.0,0.0,0.0,0.0030616414733231068,0.05336444452404976,-0.004147486761212349
544,5,47,1.0,0.9865219593048096,0,0,0.0,0.0,0.0,0.002869885414838791,-0.0018558601150289178,-0.004639927763491869
545,5,48,1.0,0.9743896722793579,0,0,0.0,0.0,0.0,0.002283897716552019,-5.664789932779968e-05,-0.007392443250864744
546,5,49,1.0,0.9745565056800842,0,0,0.0,0.0,0.0,0.002316185273230076,-0.006047843489795923,-0.0071975053288042545
547,5,50,1.0,0.9731492400169373,0,0,0.0,0.0,0.0,0.0015839526895433664,-0.0023111854679882526,-0.007912850938737392
548,5,51,1.0,0.9731992483139038,0,0,0.0,0.0,0.0,0.0015944689512252808,-0.003175678662955761,-0.007959972135722637
549,5,52,1.0,0.9730295538902283,0,0,0.0,0.25,0.0,0.0005859958473592997,0.002300275955349207,-0.005844631232321262
550,5,53,1.0,0.9763922095298767,0,0,0.0,0.0,0.0,4.5697204768657684e-05,0.03165539726614952,0.02704433538019657
551,5,54,1.0,0.9820430278778076,0,0,0.0,0.0,0.0,0.0006003158632665873,0.007668421138077974,0.008909821510314941
552,5,55,1.0,0.9803773164749146,0,0,0.0,0.0,0.0,0.0005191725213080645,-0.0006511586252599955,0.011946193873882294
553,5,56,1.0,0.997166633605957,0,0,0.0,0.0,0.0,0.000538995023816824,0.0024070478975772858,-0.29643866419792175
554,5,57,1.0,0.9974961280822754,0,0,0.0,0.0,0.0,0.0004550640005618334,0.002227427903562784,-0.3020406663417816
555,5,58,1.0,1.0037994384765625,0,0,0.0,0.0,0.0,0.00044237845577299595,0.002946763299405575,-0.41909855604171753
556,5,59,1.0,1.0038431882858276,0,0,0.0,0.0,0.0,0.0004469242412596941,0.0029297666624188423,-0.41975465416908264
557,5,60,1.0,1.0047813653945923,0,0,0.0,0.0,-0.5,0.0005989267956465483,0.0028564096428453922,-0.44317275285720825
558,5,61,1.0,0.9924933910369873,0,0,0.0,0.0,-0.5,0.000430538784712553,-0.001727974391542375,-0.5335188508033752
559,5,62,1.0,0.9859126806259155,0,0,0.0,0.0,-0.5,-0.00010887393727898598,-0.002133898204192519,-0.5278661847114563
560,5,63,1.0,0.9845242500305176,0,0,0.0,0.0,-0.5,0.000788909150287509,-0.0018274851609021425,-0.5273460745811462
561,5,64,1.0,0.9816906452178955,0,0,0.0,0.0,-0.5,0.0010027617681771517,-0.0015154455322772264,-0.5280733704566956
562,5,65,1.0,0.9806051254272461,0,0,0.0,0.0,-0.5,0.001174716278910637,-0.0013489515986293554,-0.5329549908638
563,5,66,1.0,0.9806424379348755,0,0,0.0,0.0,-0.5,0.000965238781645894,-0.0011454808991402388,-0.539639413356781
564,5,67,1.0,0.9926938414573669,0,0,0.0,0.0,-0.5,0.0010654637590050697,-0.000676198280416429,-0.5483112335205078
565,5,68,1.0,1.0017080307006836,0,0,0.0,0.0,-0.5,0.005153457634150982,-0.0014293681597337127,-0.5546894073486328
566,5,69,1.0,1.001657485961914,0,0,0.0,0.0,-0.5,0.002975660376250744,0.0003285791608504951,-0.5495226979255676
567,5,70,1.0,0.9707689881324768,0,0,0.0,0.0,-0.5,0.004061426036059856,-0.0007020510383881629,-0.5293875336647034
568,5,71,1.0,0.9705176949501038,0,0,0.0,0.0,-0.5,0.0015852509532123804,0.0009007101180031896,-0.5367194414138794
569,5,72,1.0,1.727332353591919,0,1,0.0,0.0,0.0,-0.0001607865560799837,0.00039131916128098965,-0.04278377443552017
570,5,73,1.0,1.6107044219970703,0,1,0.0,0.0,0.0,-0.000557664199732244,0.0011597010307013988,-0.09635989367961884
571,5,74,1.0,2.061695098876953,0,1,0.0,0.0,0.0,-0.0017853574827313423,0.0003040502779185772,0.007031567394733429
572,5,75,1.0,2.0634546279907227,0,1,0.0,0.0,0.0,-0.0015820568660274148,0.00012639915803447366,0.005173894576728344
573,5,76,2.0,2.0670695304870605,1,1,0.0,0.0,0.0,-0.0013418891467154026,-0.0007480058702640235,0.003008509986102581
574,5,77,2.0,2.0612363815307617,1,1,0.0,0.0,0.0,0.0007971762679517269,-0.0033061602152884007,0.004495264030992985
575,5,78,2.0,2.062199115753174,1,1,0.0,0.0,0.0,0.0003598292823880911,-0.0011682894546538591,0.017448991537094116
576,5,79,2.0,2.0645155906677246,1,1,0.0,0.0,0.0,0.0009231686126440763,-0.0023570263292640448,0.01160750724375248
577,5,80,2.0,2.0662479400634766,1,1,0.0,0.0,0.0,0.00120753631927073,-0.0038220882415771484,0.007407652214169502
578,5,81,2.0,2.064575433731079,1,1,0.0,0.0,0.0,0.0016696406528353691,-0.003231557086110115,0.008854757994413376
579,5,82,2.0,2.0820541381835938,1,1,0.0,0.0,0.0,0.0017492985352873802,-0.0038859397172927856,0.003430252894759178
580,5,83,2.0,2.081251382827759,1,1,0.0,0.0,0.0,0.0020037288777530193,-0.003980802372097969,0.004641457460820675
581,5,84,1.0,0.9958064556121826,0,0,0.0,0.0,0.0,5.921325646340847e-05,-0.0030640531331300735,0.5297228097915649
582,5,85,1.0,1.0117725133895874,0,0,0.0,0.0,0.0,-0.0003304099664092064,-0.004206215031445026,0.5032922029495239
583,5,86,1.0,0.9927114248275757,0,0,0.0,0.0,0.0,-0.0008203738834708929,-0.0030325986444950104,0.5282115340232849
584,5,87,1.0,0.9930321574211121,0,0,0.0,0.0,0.0,-0.0008900853572413325,-0.0031219590455293655,0.5227346420288086
585,5,88,1.0,0.9974165558815002,0,0,0.0,0.0,0.5,-0.00015795300714671612,-0.003278546966612339,0.5321270823478699
586,5,89,1.0,0.9968134164810181,0,0,0.0,0.0,0.5,-1.0934192687273026e-05,-0.0033922591246664524,0.5332061648368835
587,5,90,1.0,0.9905335903167725,0,0,0.0,0.0,0.5,-0.001122643006965518,-0.001302556716836989,0.5320957899093628
588,5,91,1.0,0.9895883202552795,0,0,0.0,0.0,0.5,-0.0011061099357903004,-0.0001000206102617085,0.5289041996002197
589,5,92,1.0,0.9903961420059204,0,0,0.0,0.0,0.5,-0.0004906568210572004,-0.0011735549196600914,0.5284860134124756
590,5,93,1.0,0.9888755083084106,0,0,0.0,0.0,0.5,-0.00037238607183098793,-0.0009363616118207574,0.5275647044181824
591,5,94,1.0,0.9917683601379395,0,0,0.0,0.0,0.5,-0.0007804600754752755,-0.0021054893732070923,0.5297113656997681
592,5,95,1.0,0.9921507835388184,0,0,0.0,0.0,0.5,-0.0011948354076594114,-0.002649368718266487,0.5313816666603088
593,5,96,1.0,0.991129994392395,0,0,0.0,0.0,0.5,-0.001604404766112566,-0.0025514778681099415,0.5309929251670837
594,5,97,1.0,0.9909951686859131,0,0,0.0,0.0,0.5,-0.00125345669221133,-0.0019785230979323387,0.5325817465782166
595,6,0,1.0,0.9869523048400879,0,0,0.0,0.0,0.0,-0.014149499125778675,-0.0034270593896508217,0.015208521857857704
596,6,1,1.0,0.988518476486206,0,0,0.0,0.0,0.0,-0.021257838234305382,-0.0011887644650414586,0.008142216131091118
597,6,2,1.0,0.9898659586906433,0,0,0.0,0.0,0.0,-0.025139598175883293,0.0007290304638445377,0.0036445073783397675
598,6,3,1.0,0.9898680448532104,0,0,0.0,0.0,0.0,-0.023368768393993378,0.00037517817690968513,0.00469223503023386
599,6,4,1.0,0.9950074553489685,0,0,0.0,0.0,0.0,0.008364373818039894,0.0041499934159219265,-0.020974155515432358
600,6,5,1.0,0.9950171113014221,0,0,0.0,0.0,0.0,0.009152618236839771,0.0040686470456421375,-0.020386412739753723
601,6,6,1.0,0.990033745765686,0,0,0.0,0.0,0.0,0.21020182967185974,-0.00315847247838974,-0.024244235828518867
602,6,7,1.0,0.9900113940238953,0,0,0.0,0.0,0.0,0.21042631566524506,-0.0031499387696385384,-0.024067874997854233
603,6,8,1.0,0.9852414727210999,0,0,0.0,0.0,0.0,0.2509520351886749,-0.0031656473875045776,-0.011390125378966331
604,6,9,1.0,0.985226035118103,0,0,0.25,0.0,0.0,0.25096604228019714,-0.003159451764076948,-0.011376009322702885
605,6,10,1.0,0.9855227470397949,0,0,0.25,0.0,0.0,0.27080345153808594,-0.002091443631798029,-0.002255070023238659
606,6,11,1.0,0.9838232398033142,0,0,0.25,0.0,0.0,0.27224522829055786,-0.003025620710104704,0.00379167590290308
607,6,12,1.0,0.9840899705886841,0,0,0.25,0.0,0.0,0.27253860235214233,-0.0013882298953831196,0.007571199908852577
608,6,13,1.0,0.9845420718193054,0,0,0.25,0.0,0.0,0.2728612720966339,-0.0009929423686116934,0.01167907752096653
609,6,14,1.0,0.9806574583053589,0,0,0.25,0.0,0.0,0.27217379212379456,2.509349724277854e-05,0.0034328503534197807
610,6,15,1.0,0.9823403358459473,0,0,0.25,0.0,0.0,0.27410343289375305,-0.0008083053980953991,0.0033269748091697693
611,6,16,1.0,0.986354410648346,0,0,0.25,0.0,0.0,0.2753150761127472,-0.0008976745884865522,-0.006074742414057255
612,6,17,1.0,0.996588945388794,0,0,0.25,0.0,0.0,0.2782439589500427,-0.0011165180476382375,-0.008903694339096546
613,6,18,1.0,0.9885928630828857,0,0,0.25,0.0,0.0,0.2799352705478668,-0.0022545878309756517,0.00435621477663517
614,6,19,1.0,0.9848521947860718,0,0,0.25,0.0,0.0,0.2715071439743042,-0.0037419935688376427,0.012266887351870537
615,6,20,1.0,0.9798629283905029,0,0,0.25,0.0,0.0,0.2376139611005783,-0.0011917436495423317,0.009937386959791183
616,6,21,1.0,0.9850872755050659,0,0,0.0,0.0,0.0,0.1644580066204071,0.005143323913216591,-0.007221677340567112
617,6,22,1.0,1.021437644958496,0,0,0.0,0.0,0.0,0.03951320797204971,0.008816132321953773,-0.01324632577598095
618,6,23,1.0,1.0240330696105957,0,0,0.0,0.0,0.0,0.0015963842160999775,0.0012715302873402834,-0.01049728598445654
619,6,24,1.0,1.0169495344161987,0,0,0.0,0.0,0.0,-0.007764467969536781,-0.028987610712647438,-0.013010058552026749
620,6,25,1.0,1.012675404548645,0,0,0.0,0.0,0.0,-0.01196480542421341,-0.04675152525305748,-0.006833328865468502
621,6,26,1.0,0.985319197177887,0,0,0.0,0.0,0.0,0.000946148531511426,-0.24529151618480682,0.0028964607045054436
622,6,27,1.0,0.9852596521377563,0,0,0.0,0.0,0.0,0.0008018617518246174,-0.24536363780498505,0.002832760103046894
623,6,28,1.0,0.9875279068946838,0,0,0.0,-0.25,0.0,0.0007430976256728172,-0.2551290690898895,-0.0015325304120779037
624,6,29,1.0,0.9772692918777466,0,0,0.0,-0.25,0.0,0.0013088290579617023,-0.27253225445747375,-0.00011114217340946198
625,6,30,1.0,0.9816681742668152,0,0,0.0,-0.25,0.0,0.002011645585298538,-0.27723294496536255,0.00020103808492422104
626,6,31,1.0,0.984201192855835,0,0,0.0,-0.25,0.0,0.002523969393223524,-0.2789320647716522,-0.0004921723157167435
627,6,32,1.0,0.9872111082077026,0,0,0.0,-0.25,0.0,0.002570914104580879,-0.27746716141700745,-0.0008921846747398376
628,6,33,1.0,0.9877516031265259,0,0,0.0,-0.25,0.0,0.0030032387003302574,-0.2787744700908661,0.0006953496485948563
629,6,34,1.0,0.99055016040802,0,0,0.0,-0.25,0.0,0.002309031318873167,-0.2746426463127136,0.003462272696197033
630,6,35,1.0,0.987938404083252,0,0,0.0,-0.25,0.0,0.003341290168464184,-0.27596181631088257,0.0010591261088848114
631,6,36,1.0,0.9894251823425293,0,0,0.0,-0.25,0.0,0.0031049810349941254,-0.27755531668663025,-0.003720443695783615
632,6,37,1.0,0.9904958605766296,0,0,0.0,-0.25,0.0,0.0013355142436921597,-0.27183353900909424,-0.00524540152400732
633,6,38,1.0,0.986747145652771,0,0,0.0,-0.25,0.0,0.0017103441059589386,-0.24420851469039917,-0.009857581928372383
634,6,39,1.0,0.9786081910133362,0,0,0.0,-0.25,0.0,0.0023933243937790394,-0.14756132662296295,-0.014794580638408661
635,6,40,1.0,0.979533314704895,0,0,0.0,0.0,0.0,-0.00018786685541272163,-0.045220959931612015,0.002383725717663765
636,6,41,1.0,0.978636622428894,0,0,0.0,0.0,0.0,-0.0010617710649967194,-0.018893178552389145,0.026231979951262474
637,6,42,1.0,0.9778274893760681,0,0,0.0,0.0,0.0,0.00023723486810922623,-0.0051295142620801926,0.021852843463420868
638,6,43,1.0,0.9780006408691406,0,0,0.0,0.0,0.0,3.3782096579670906e-05,-0.0024766188580542803,0.02341887541115284
639,6,44,1.0,0.9919923543930054,0,0,0.0,0.0,0.0,0.0019461619667708874,0.001937850029207766,-0.23162899911403656
640,6,45,1.0,0.9919148087501526,0,0,0.0,0.0,0.0,0.0019496353343129158,0.0021399441175162792,-0.2302880734205246
641,6,46,1.0,1.0054422616958618,0,0,0.0,0.0,0.0,0.0009999019093811512,0.0033684507943689823,-0.4401886761188507
642,6,47,1.0,1.0054413080215454,0,0,0.0,0.0,0.0,0.0010001573245972395,0.0033834916539490223,-0.44006046652793884
643,6,48,1.0,1.0049525499343872,0,0,0.0,0.0,-0.5,0.0013826088979840279,0.0032045580446720123,-0.4484069347381592
644,6,49,1.0,0.9939315915107727,0,0,0.0,0.0,-0.5,0.0002290569245815277,-0.0018082939786836505,-0.5316121578216553
645,6,50,1.0,0.9866049885749817,0,0,0.0,0.0,-0.5,9.324727579951286e-05,-0.0021596672013401985,-0.5308628082275391
646,6,51,1.0,0.9839794635772705,0,0,0.0,0.0,-0.5,0.0005504114087671041,-0.0019709141924977303,-0.5255171060562134
647,6,52,1.0,0.9871273040771484,0,0,0.0,0.0,-0.5,0.00024822214618325233,-0.0015673881862312555,-0.5296809673309326
648,6,53,1.0,0.9916607737541199,0,0,0.0,0.0,-0.5,0.0014839458744972944,-0.0016708116745576262,-0.5356490015983582
649,6,54,1.0,1.0006072521209717,0,0,0.0,0.0,-0.5,0.000349423848092556,-0.0012970409588888288,-0.5391840934753418
650,6,55,1.0,1.0100204944610596,0,0,0.0,0.0,-0.5,0.0025309589691460133,0.0001907997066155076,-0.5436468720436096
651,6,56,1.0,1.0106052160263062,0,0,0.0,0.0,-0.5,0.0023692487739026546,0.0010192589834332466,-0.5439441800117493
652,6,57,1.0,1.0029208660125732,0,0,0.0,0.0,-0.5,0.002601682674139738,0.0010002395138144493,-0.5449981093406677
653,6,58,1.0,0.9812986850738525,0,0,0.0,0.0,-0.5,0.0017699734307825565,0.00027485936880111694,-0.5131591558456421
654,6,59,1.0,0.9799346327781677,0,0,0.0,0.0,-0.5,0.0017854808829724789,0.0002124318853020668,-0.5085006952285767
655,6,60,1.0,1.555105447769165,0,1,0.0,0.0,0.0,0.0022105523385107517,-0.0010933319572359324,-0.02239341288805008
656,6,61,1.0,1.5571134090423584,0,1,0.0,0.0,0.0,0.0022301292046904564,-0.0011370920110493898,-0.020604170858860016
657,6,62,1.0,2.0260539054870605,0,1,0.0,0.0,0.0,-0.0006951161194592714,0.0015818380052223802,0.010030731558799744
658,6,63,1.0,2.026031732559204,0,1,0.0,0.0,0.0,-0.0006946731591597199,0.0015850282507017255,0.010052919387817383
659,6,64,2.0,1.9310685396194458,1,1,0.0,0.0,0.0,0.001304139383137226,-0.0006354981451295316,0.018156839534640312
660,6,65,2.0,2.0597877502441406,1,1,0.0,0.0,0.0,-0.00021561700850725174,-0.0023267650976777077,0.003053520806133747
661,6,66,2.0,2.06335711479187,1,1,0.0,0.0,0.0,0.0008395779877901077,-0.0029290267266333103,0.005971481092274189
662,6,67,2.0,2.0653152465820312,1,1,0.0,0.0,0.0,0.0005504500586539507,-0.0021175858564674854,0.007392818108201027
663,6,68,2.0,2.0618648529052734,1,1,0.0,0.0,0.0,0.00036035547964274883,-0.002666885033249855,0.00817832164466381
664,6,69,2.0,2.0621747970581055,1,1,0.0,0.0,0.0,0.0006372323259711266,-0.002935030497610569,0.007607152685523033
665,6,70,2.0,2.064671516418457,1,1,0.0,0.0,0.0,0.00030905683524906635,-0.0028503015637397766,0.006837157532572746
666,6,71,2.0,2.066962957382202,1,1,0.0,0.0,0.0,0.0006045992486178875,-0.0029977946542203426,0.005718623287975788
667,6,72,2.0,2.0238990783691406,1,1,0.0,0.0,0.0,-0.0008386990521103144,-0.0030112280510365963,-0.01176378596574068
668,6,73,1.0,1.845212459564209,0,1,0.0,0.0,0.0,-0.0002500272821635008,-0.002876135054975748,-0.013019755482673645
669,6,74,1.0,0.9953178763389587,0,0,0.0,0.0,0.0,-0.00042801606468856335,-0.0022908691316843033,0.5112030506134033
670,6,75,1.0,0.9947823882102966,0,0,0.0,0.0,0.0,-0.000398357049562037,-0.0021133010741323233,0.5117628574371338
671,6,76,1.0,0.9923567771911621,0,0,0.0,0.0,0.0,-0.0008815531618893147,-0.0017988376785069704,0.5157352089881897
672,6,77,1.0,0.9922870993614197,0,0,0.0,0.0,0.0,-0.0008696237346157432,-0.0016453433781862259,0.5189098119735718
673,6,78,1.0,0.9922095537185669,0,0,0.0,0.0,0.0,-0.00035992846824228764,-0.0021887386683374643,0.5191943049430847
674,6,79,1.0,0.9921988248825073,0,0,0.0,0.0,0.5,-0.00035966048017144203,-0.0021884902380406857,0.5193189978599548
675,6,80,1.0,0.9855799674987793,0,0,0.0,0.0,0.5,-0.0008448065491393209,-0.0015222784131765366,0.526396632194519
676,6,81,1.0,0.9868459701538086,0,0,0.0,0.0,0.5,-0.0008145604515448213,-0.0008128751069307327,0.5279678106307983
677,6,82,1.0,0.9866509437561035,0,0,0.0,0.0,0.5,-0.0010913879377767444,-0.0018002078868448734,0.5290451645851135
678,6,83,1.0,0.986568033695221,0,0,0.0,0.0,0.5,0.00013022823259234428,-0.00029221634031273425,0.5267852544784546
679,6,84,1.0,0.984826922416687,0,0,0.0,0.0,0.5,-0.0003916460555046797,-0.000635545642580837,0.5279543399810791
680,6,85,1.0,0.9831137657165527,0,0,0.0,0.0,0.5,-0.00022154487669467926,-0.0012044445611536503,0.5288873314857483
681,6,86,1.0,0.9835418462753296,0,0,0.0,0.0,0.5,-0.0006299116648733616,-0.0008236074936576188,0.5295713543891907
682,6,87,1.0,0.9826127886772156,0,0,0.0,0.0,0.5,-0.0002694751601666212,-0.0005051198531873524,0.5286802053451538
683,6,88,1.0,0.9837496876716614,0,0,0.0,0.0,0.5,-0.0007561594247817993,-0.0010303920134902,0.5300720930099487
684,7,0,1.0,0.9964011311531067,0,0,0.0,0.0,0.0,-0.010824039578437805,-0.0059324027970433235,-0.0018827295862138271
685,7,1,1.0,0.9978598356246948,0,0,0.0,0.0,0.0,-0.017161983996629715,-0.004863081034272909,-0.014976466074585915
686,7,2,1.0,0.9909896850585938,0,0,0.0,0.0,0.0,-0.0181114561855793,-0.00235853623598814,-0.01771596446633339
687,7,3,1.0,0.9906354546546936,0,0,0.0,0.0,0.0,-0.017956741154193878,-0.002727336250245571,-0.01815878599882126
688,7,4,1.0,0.9892067313194275,0,0,0.0,0.0,0.0,0.01750919222831726,-0.0043626148253679276,-0.03994210809469223
689,7,5,1.0,0.9892382621765137,0,0,0.0,0.0,0.0,0.018820885568857193,-0.004453687928617001,-0.03889321908354759
690,7,6,1.0,0.9769488573074341,0,0,0.0,0.0,0.0,0.2426450401544571,-0.0006186761311255395,-0.026312366127967834
691,7,7,1.0,0.9769336581230164,0,0,0.0,0.0,0.0,0.2426806092262268,-0.0006001991569064558,-0.02624177560210228
692,7,8,1.0,0.9792536497116089,0,0,0.0,0.0,0.0,0.25724753737449646,0.0013243961147964,-0.02128666639328003
693,7,9,1.0,0.9792511463165283,0,0,0.0,0.0,0.0,0.2572498917579651,0.0013274378143250942,-0.021273665130138397
694,7,10,1.0,0.9800267219543457,0,0,0.25,0.0,0.0,0.26624539494514465,0.0015009365743026137,-0.01587812229990959
695,7,11,1.0,0.9843931794166565,0,0,0.25,0.0,0.0,0.2715120315551758,0.001622262061573565,-0.0075921243987977505
696,7,12,1.0,0.9879875183105469,0,0,0.25,0.0,0.0,0.27218639850616455,-0.00041562991100363433,-0.002591594122350216
697,7,13,1.0,0.9866124391555786,0,0,0.25,0.0,0.0,0.2730042338371277,0.00020671478705480695,0.0004663262516260147
698,7,14,1.0,0.9826307892799377,0,0,0.25,0.0,0.0,0.27191445231437683,0.00025837478460744023,0.0012829964980483055
699,7,15,1.0,0.9811518788337708,0,0,0.25,0.0,0.0,0.27155494689941406,0.0009680755902081728,0.001384679228067398
700,7,16,1.0,0.9802029728889465,0,0,0.25,0.0,0.0,0.2712303400039673,0.0009276919299736619,-0.00042356178164482117
701,7,17,1.0,0.9813118577003479,0,0,0.25,0.0,0.0,0.27382707595825195,0.0006724257254973054,-0.0016971281729638577
702,7,18,1.0,0.9935430288314819,0,0,0.25,0.0,0.0,0.27697184681892395,0.0020018932409584522,-0.0013373331166803837
703,7,19,1.0,0.9876002073287964,0,0,0.25,0.0,0.0,0.2791174352169037,0.0018108627991750836,0.00027310941368341446
704,7,20,1.0,0.9877756834030151,0,0,0.25,0.0,0.0,0.278462290763855,0.001135628786869347,0.004371588118374348
705,7,21,1.0,0.985558271408081,0,0,0.25,0.0,0.0,0.2626766264438629,0.003915868233889341,0.0018134210258722305
706,7,22,1.0,0.989295244216919,0,0,0.25,0.0,0.0,0.197461798787117,-0.003548999782651663,0.012297093868255615
707,7,23,1.0,0.989538311958313,0,0,0.0,0.0,0.0,0.1487884223461151,-0.021606359630823135,0.01332966797053814
708,7,24,1.0,1.0127053260803223,0,0,0.0,0.0,0.0,0.027176637202501297,-0.021440653130412102,-0.000685947947204113
709,7,25,1.0,1.0067154169082642,0,0,0.0,0.0,0.0,-0.0008479810785502195,0.030681192874908447,0.008035169914364815
710,7,26,1.0,0.9925167560577393,0,0,0.0,0.0,0.0,-0.006948783062398434,0.16248001158237457,-0.0006899666041135788
711,7,27,1.0,0.992658793926239,0,0,0.0,0.0,0.0,-0.00818235520273447,0.1659879982471466,-0.0006066756322979927
712,7,28,1.0,0.9909154176712036,0,0,0.0,0.25,0.0,-0.0017227259231731296,0.2354278266429901,-0.0006733210757374763
713,7,29,1.0,0.988386332988739,0,0,0.0,0.25,0.0,-0.0023621944710612297,0.27178648114204407,0.007348429411649704
714,7,30,1.0,0.9804861545562744,0,0,0.0,0.25,0.0,-0.0009933568071573973,0.2721044719219208,0.003611508756875992
715,7,31,1.0,0.9798252582550049,0,0,0.0,0.25,0.0,-0.001279370510019362,0.2758488059043884,0.006052878685295582
716,7,32,1.0,0.984160304069519,0,0,0.0,0.25,0.0,-0.0017444874392822385,0.27599456906318665,0.00044055283069610596
717,7,33,1.0,0.9823369979858398,0,0,0.0,0.25,0.0,-0.001043819123879075,0.27373000979423523,0.004926714114844799
718,7,34,1.0,0.9820707440376282,0,0,0.0,0.25,0.0,-0.00043138430919498205,0.2757033407688141,0.009315282106399536
719,7,35,1.0,0.9881288409233093,0,0,0.0,0.25,0.0,-0.0005140819121152163,0.274534672498703,0.011423176154494286
720,7,36,1.0,0.9852942228317261,0,0,0.0,0.25,0.0,0.0007116817869246006,0.2772708535194397,0.013194821774959564
721,7,37,1.0,0.9913238883018494,0,0,0.0,0.25,0.0,0.00046100933104753494,0.26440995931625366,0.003021533600986004
722,7,38,1.0,0.9879807233810425,0,0,0.0,0.25,0.0,0.002360596787184477,0.21690647304058075,-0.013144712895154953
723,7,39,1.0,0.9857040643692017,0,0,0.0,0.0,0.0,0.002281801775097847,0.12613295018672943,-0.01182596292346716
724,7,40,1.0,0.9761773347854614,0,0,0.0,0.0,0.0,0.0006403001025319099,0.0732412040233612,-0.006171931512653828
725,7,41,1.0,0.9769815802574158,0,0,0.0,0.0,0.0,0.0011078035458922386,0.023999592289328575,-0.008125764317810535
726,7,42,1.0,0.977120041847229,0,0,0.0,0.0,0.0,0.00012099719606339931,0.010221791453659534,0.017169632017612457
727,7,43,1.0,0.9771149158477783,0,0,0.0,0.0,0.0,0.00014944840222597122,0.006172907073050737,0.017650969326496124
728,7,44,1.0,0.9756744503974915,0,0,0.0,0.0,0.0,-6.929202936589718e-05,0.006612022407352924,0.027689946815371513
729,7,45,1.0,0.9756052494049072,0,0,0.0,0.0,0.0,-4.171254113316536e-05,0.006100299768149853,0.026576107367873192
730,7,46,1.0,0.9865865111351013,0,0,0.0,0.0,0.0,0.0014314092695713043,0.0035586548037827015,-0.11639373004436493
731,7,47,1.0,0.9866544604301453,0,0,0.0,0.0,0.0,0.0014363513328135014,0.003479345701634884,-0.11820489913225174
732,7,48,1.0,0.9741173982620239,0,0,0.0,0.25,0.0,3.584963269531727e-05,0.004799969028681517,0.021740222349762917
733,7,49,1.0,0.9791721701622009,0,0,0.0,0.0,0.0,7.471255958080292e-05,0.0328078456223011,0.03606751561164856
734,7,50,1.0,0.9764876365661621,0,0,0.0,0.0,0.0,0.00033503537997603416,0.01634756475687027,0.006606052629649639
735,7,51,1.0,0.9754160046577454,0,0,0.0,0.0,0.0,0.0005108157638460398,0.00926964171230793,0.005757536739110947
736,7,52,1.0,0.9884851574897766,0,0,0.0,0.0,0.0,0.0008952526841312647,0.002044558059424162,-0.20912180840969086
737,7,53,1.0,0.9892033338546753,0,0,0.0,0.0,0.0,0.0008072524797171354,0.0014829282881692052,-0.22367867827415466
738,7,54,1.0,0.996441125869751,0,0,0.0,0.0,0.0,-0.00018743122927844524,0.0037396233528852463,-0.42599740624427795
739,7,55,1.0,0.9965025186538696,0,0,0.0,0.0,0.0,-0.00017201504670083523,0.003729608841240406,-0.427663654088974
740,7,56,1.0,0.9976646900177002,0,0,0.0,0.0,-0.5,0.00039019156247377396,0.0028690830804407597,-0.4813789129257202
741,7,57,1.0,0.9910684823989868,0,0,0.0,0.0,-0.5,0.0003441434819251299,-0.0017696062568575144,-0.5303853750228882
742,7,58,1.0,0.9863054752349854,0,0,0.0,0.0,-0.5,0.00041337101720273495,-0.001805465086363256,-0.5274155735969543
743,7,59,1.0,0.9830332398414612,0,0,0.0,0.0,-0.5,0.0006297554355114698,-0.0019215061329305172,-0.5250570774078369
744,7,60,1.0,0.9849343299865723,0,0,0.0,0.0,-0.5,0.001749895978718996,-0.0020516477525234222,-0.5304811596870422
745,7,61,1.0,0.9841104745864868,0,0,0.0,0.0,-0.5,0.0015396506059914827,-0.002319487277418375,-0.5302687287330627
746,7,62,1.0,0.9953975677490234,0,0,0.0,0.0,-0.5,0.0029421159997582436,-0.0015592111740261316,-0.541254460811615
747,7,63,1.0,1.00423264503479,0,0,0.0,0.0,-0.5,0.0027809445746243,-0.0004972306778654456,-0.543676495552063
748,7,64,1.0,1.0075095891952515,0,0,0.0,0.0,-0.5,0.0019089924171566963,0.0006224268581718206,-0.5440486669540405
749,7,65,1.0,1.0055166482925415,0,0,0.0,0.0,-0.5,0.0008913602214306593,0.00041424494702368975,-0.5435691475868225
750,7,66,1.0,1.0465716123580933,0,0,0.0,0.0,-0.5,-0.000607541180215776,0.002849188167601824,-0.3688186705112457
751,7,67,1.0,1.0597362518310547,0,0,0.0,0.0,0.0,-0.0008754887385293841,0.0028354492969810963,-0.34888502955436707
752,7,68,1.0,1.9168071746826172,0,1,0.0,0.0,0.0,-0.0004347100621089339,0.00015598314348608255,0.008447766304016113
753,7,69,1.0,1.9185068607330322,0,1,0.0,0.0,0.0,-0.0003686174750328064,0.00015308987349271774,0.008985688909888268
754,7,70,1.0,2.0353877544403076,0,1,0.0,0.0,0.0,-0.0008731135167181492,0.000986115075647831,0.01239078864455223
755,7,71,2.0,2.0355031490325928,1,1,0.0,0.0,0.0,-0.0008578682318329811,0.000981614924967289,0.012384168803691864
756,7,72,2.0,2.0602290630340576,1,1,0.0,0.0,0.0,0.0005125871393829584,-0.0025916644372045994,0.0013608410954475403
757,7,73,2.0,2.0556910037994385,1,1,0.0,0.0,0.0,8.410890586674213e-05,-0.0023014405742287636,0.0032697683200240135
758,7,74,2.0,2.0619680881500244,1,1,0.0,0.0,0.0,0.0008347234688699245,-0.0023904251866042614,0.00621893722563982
759,7,75,2.0,2.0615296363830566,1,1,0.0,0.0,0.0,0.0006289940793067217,-0.0023473978508263826,0.005799120292067528
760,7,76,2.0,2.070024251937866,1,1,0.0,0.0,0.0,0.0008034936618059874,-0.0021311212331056595,0.00524925347417593
761,7,77,2.0,2.069728374481201,1,1,0.0,0.0,0.0,0.000792293343693018,-0.0020830449648201466,0.003828444518148899
762,7,78,2.0,2.071542739868164,1,1,0.0,0.0,0.0,0.0012286207638680935,-0.0013377033174037933,0.0036662286147475243
763,7,79,2.0,2.0737428665161133,1,1,0.0,0.0,0.0,0.001566917635500431,-0.0013031738344579935,-6.852485239505768e-05
764,7,80,1.0,1.8493305444717407,0,1,0.0,0.0,0.0,0.0008568945340812206,-0.004706668667495251,0.015801608562469482
765,7,81,1.0,1.6841986179351807,0,1,0.0,0.0,0.0,0.0015705544501543045,-0.005422242917120457,0.06373362243175507
766,7,82,1.0,0.9922096729278564,0,0,0.0,0.0,0.0,0.0006022397428750992,-0.0031577409245073795,0.519341766834259
767,7,83,1.0,0.9930081963539124,0,0,0.0,0.0,0.0,0.000514013459905982,-0.0025449981912970543,0.5272587537765503
768,7,84,1.0,0.992689311504364,0,0,0.0,0.0,0.0,0.00048500695265829563,-0.0023939236998558044,0.52878737449646
769,7,85,1.0,0.9940100312232971,0,0,0.0,0.0,0.5,0.0004735351540148258,-0.002506015822291374,0.5278609395027161
770,7,86,1.0,0.9880644083023071,0,0,0.0,0.0,0.5,-0.0004083561943843961,-0.0002938907127827406,0.5321336388587952
771,7,87,1.0,0.9853481650352478,0,0,0.0,0.0,0.5,0.00047140964306890965,-0.0004966570995748043,0.5304480195045471
772,7,88,1.0,0.9883573651313782,0,0,0.0,0.0,0.5,-0.0002457487862557173,-0.00010203986312262714,0.5310947895050049
773,7,89,1.0,0.9878485798835754,0,0,0.0,0.0,0.5,-0.0004272651858627796,0.00016669952310621738,0.5318962931632996
774,7,90,1.0,0.9870595335960388,0,0,0.0,0.0,0.5,-0.0005356642650440335,-1.7027079593390226e-05,0.5308934450149536
775,7,91,1.0,0.986588716506958,0,0,0.0,0.0,0.5,0.00012712040916085243,-5.2230083383619785e-05,0.5306949615478516
776,7,92,1.0,0.9904588460922241,0,0,0.0,0.0,0.5,-0.00022820406593382359,-0.0003972341655753553,0.5324313044548035
777,7,93,1.0,0.9898638129234314,0,0,0.0,0.0,0.5,-0.00036227493546903133,3.904092591255903e-05,0.5298577547073364
778,7,94,1.0,0.9891541004180908,0,0,0.0,0.0,0.5,0.0002849404700100422,6.45563704892993e-06,0.5274972319602966
779,8,0,1.0,0.99825119972229,0,0,0.0,0.0,0.0,0.035583652555942535,-0.011043108068406582,0.007845956832170486
780,8,1,1.0,0.9941739439964294,0,0,0.0,0.0,0.0,0.02915467508137226,-0.011262149550020695,0.0011606933549046516
781,8,2,1.0,0.9951066374778748,0,0,0.0,0.0,0.0,0.029464194551110268,-0.007054856978356838,0.01600068248808384
782,8,3,1.0,0.9954246282577515,0,0,0.0,0.0,0.0,0.031125707551836967,-0.007288882974535227,0.017219869419932365
783,8,4,1.0,0.9894117712974548,0,0,0.0,0.0,0.0,0.012741764076054096,-0.006608983967453241,0.0117007065564394
784,8,5,1.0,0.9894756078720093,0,0,0.0,0.0,0.0,0.013285927474498749,-0.006681221071630716,0.012114865705370903
785,8,6,1.0,0.985629141330719,0,0,0.0,0.0,0.0,-0.1390075981616974,0.0026827454566955566,0.0017366092652082443
786,8,7,1.0,0.9855982065200806,0,0,0.0,0.0,0.0,-0.13888917863368988,0.0026817130856215954,0.0018872199580073357
787,8,8,1.0,0.987973153591156,0,0,0.0,0.0,0.0,-0.1400156468153,0.002720936667174101,-0.0004639001563191414
788,8,9,1.0,0.9879676103591919,0,0,0.0,0.0,0.0,-0.1399928331375122,0.0027187098748981953,-0.0004280628636479378
789,8,10,1.0,0.9977880120277405,0,0,-0.25,0.0,0.0,-0.1946040540933609,0.0017876356141641736,-0.005733230151236057
790,8,11,1.0,0.996078372001648,0,0,-0.25,0.0,0.0,-0.2646626830101013,-0.004999781958758831,-0.015406795777380466
791,8,12,1.0,1.0014708042144775,0,0,-0.25,0.0,0.0,-0.26810547709465027,-0.0020564114674925804,-0.013616468757390976
792,8,13,1.0,0.9985102415084839,0,0,-0.25,0.0,0.0,-0.26843518018722534,-0.0019882693886756897,-0.011458001099526882
793,8,14,1.0,0.9990109801292419,0,0,-0.25,0.0,0.0,-0.2696071267127991,-0.0008839216316118836,-0.016935501247644424
794,8,15,1.0,0.9999677538871765,0,0,-0.25,0.0,0.0,-0.26939842104911804,-0.0001483036030549556,-0.02309926226735115
795,8,16,1.0,0.9984761476516724,0,0,-0.25,0.0,0.0,-0.269634485244751,0.00083743198774755,-0.01982438936829567
796,8,17,1.0,0.9969399571418762,0,0,-0.25,0.0,0.0,-0.2670769691467285,6.910489173606038e-05,-0.019036874175071716
797,8,18,1.0,0.993728756904602,0,0,-0.25,0.0,0.0,-0.26610276103019714,-0.0008832133025862277,-0.004496948327869177
798,8,19,1.0,0.9929600358009338,0,0,-0.25,0.0,0.0,-0.2679080665111542,-0.0019418125739321113,-0.00196440564468503
799,8,20,1.0,0.9958726763725281,0,0,-0.25,0.0,0.0,-0.27066195011138916,-0.0011826861882582307,-0.0003669261932373047
800,8,21,1.0,0.9950482249259949,0,0,-0.25,0.0,0.0,-0.27449744939804077,-0.0006441298173740506,0.0037095556035637856
801,8,22,1.0,1.0005046129226685,0,0,-0.25,0.0,0.0,-0.2735486924648285,0.0013610947644338012,0.01036427915096283
802,8,23,1.0,1.006572961807251,0,0,-0.25,0.0,0.0,-0.22579875588417053,0.007297656964510679,0.013007506728172302
803,8,24,1.0,1.012618064880371,0,0,0.0,0.0,0.0,-0.10452182590961456,0.014083926565945148,0.01101776398718357
804,8,25,1.0,1.0077375173568726,0,0,0.0,0.0,0.0,-0.016468510031700134,0.01245750393718481,0.0011486224830150604
805,8,26,1.0,0.9982403516769409,0,0,0.0,0.0,0.0,0.020174866542220116,-0.0022156585473567247,-0.011467969045042992
806,8,27,1.0,0.9942805171012878,0,0,0.0,0.0,0.0,0.03654602915048599,-0.005326056387275457,-0.011519392021000385
807,8,28,1.0,0.9895986914634705,0,0,0.0,0.0,0.0,0.01108491700142622,-0.14126473665237427,0.002553521655499935
808,8,29,1.0,0.9891773462295532,0,0,0.0,0.0,0.0,0.01179328840225935,-0.1419588178396225,0.002537379041314125
809,8,30,1.0,0.9870456457138062,0,0,0.0,0.0,0.0,0.010970162227749825,-0.18200348317623138,0.006601858884096146
810,8,31,1.0,0.987018883228302,0,0,0.0,0.0,0.0,0.011031417176127434,-0.18206025660037994,0.00661082286387682
811,8,32,1.0,0.9823348522186279,0,0,0.0,-0.25,0.0,0.009479640983045101,-0.21585287153720856,0.010619528591632843
812,8,33,1.0,0.9738299250602722,0,0,0.0,-0.25,0.0,0.0033570588566362858,-0.2684912383556366,0.0075738392770290375
813,8,34,1.0,0.975701093673706,0,0,0.0,-0.25,0.0,0.003267434425652027,-0.27341267466545105,0.00555937085300684
814,8,35,1.0,0.980590283870697,0,0,0.0,-0.25,0.0,0.0022313054651021957,-0.27635830640792847,-0.0001841578632593155
815,8,36,1.0,0.9820616841316223,0,0,0.0,-0.25,0.0,0.002080257050693035,-0.2781917452812195,-0.0013279328122735023
816,8,37,1.0,0.9863561987876892,0,0,0.0,-0.25,0.0,0.0022343010641634464,-0.27848631143569946,0.0004649236798286438
817,8,38,1.0,0.9853549599647522,0,0,0.0,-0.25,0.0,0.0020124181173741817,-0.2803536355495453,0.007459074258804321
818,8,39,1.0,0.9808277487754822,0,0,0.0,-0.25,0.0,0.002828153781592846,-0.27551624178886414,0.0108505729585886
819,8,40,1.0,0.9840290546417236,0,0,0.0,-0.25,0.0,0.002026956994086504,-0.28552737832069397,0.010436104610562325
820,8,41,1.0,0.9901933073997498,0,0,0.0,-0.25,0.0,0.0008869303856045008,-0.2864972651004791,0.009561605751514435
821,8,42,1.0,0.9910659790039062,0,0,0.0,-0.25,0.0,0.0016658366657793522,-0.23083381354808807,0.010735776275396347
822,8,43,1.0,0.9937687516212463,0,0,0.0,0.0,0.0,0.0013961908407509327,-0.11601670831441879,0.00340082123875618
823,8,44,1.0,0.9880012273788452,0,0,0.0,0.0,0.0,-0.0010141351958736777,-0.025641819462180138,-0.00010612420737743378
824,8,45,1.0,0.9856151342391968,0,0,0.0,0.0,0.0,-0.0004452981520444155,-0.011545299552381039,-0.002065046224743128
825,8,46,1.0,0.978872537612915,0,0,0.0,0.0,0.0,0.0010986921843141317,-0.021082283928990364,-0.006058726459741592
826,8,47,1.0,0.9773762226104736,0,0,0.0,0.0,0.0,0.0012700026854872704,-0.0172230564057827,-0.00766815897077322
827,8,48,1.0,0.9775151014328003,0,0,0.0,0.0,0.0,0.000913908937945962,-0.0068580531515181065,-0.012319402769207954
828,8,49,1.0,0.9774775505065918,0,0,0.0,0.0,0.0,0.0009102730546146631,-0.0065886955708265305,-0.01229092013090849
829,8,50,1.0,0.9905891418457031,0,0,0.0,0.0,0.0,0.0016184828709810972,0.001618415699340403,-0.10722634941339493
830,8,51,1.0,0.9905898571014404,0,0,0.0,0.0,0.0,0.001619361573830247,0.0016524632228538394,-0.10719858109951019
831,8,52,1.0,0.9922059178352356,0,0,0.0,0.0,0.0,0.0018090279772877693,0.0014595944667235017,-0.12688185274600983
832,8,53,1.0,0.9922060966491699,0,0,0.0,-0.25,0.0,0.0018096193671226501,0.0014683654299005866,-0.1268686056137085
833,8,54,1.0,0.9802148342132568,0,0,0.0,0.0,0.0,0.0006999864708632231,-0.011093421839177608,-0.003636362962424755
834,8,55,1.0,0.9766570925712585,0,0,0.0,0.0,0.0,-0.00046025996562093496,-0.0074417851865291595,0.010333230718970299
835,8,56,1.0,0.9844768047332764,0,0,0.0,0.0,0.0,0.00045249168761074543,-0.0021038344129920006,-0.03559402376413345
836,8,57,1.0,0.9833661913871765,0,0,0.0,0.0,0.0,9.958283044397831e-05,-0.0022390587255358696,-0.022953463718295097
837,8,58,1.0,0.9888818860054016,0,0,0.0,0.0,0.0,0.001190914073958993,0.003519732039421797,-0.25285008549690247
838,8,59,1.0,0.9888791441917419,0,0,0.0,0.0,0.0,0.0011897340882569551,0.003605400677770376,-0.25261327624320984
839,8,60,1.0,0.9954541921615601,0,0,0.0,0.0,-0.5,1.8341699615120888e-05,0.003053781110793352,-0.37632596492767334
840,8,61,1.0,0.9945494532585144,0,0,0.0,0.0,-0.5,-0.00019678007811307907,0.0002570974174886942,-0.5374682545661926
841,8,62,1.0,0.9884802103042603,0,0,0.0,0.0,-0.5,-1.631118357181549e-05,-0.0010985240805894136,-0.5374500155448914
842,8,63,1.0,0.9855353832244873,0,0,0.0,0.0,-0.5,-0.0005433696787804365,-0.0011345366947352886,-0.533364474773407
843,8,64,1.0,0.9855680465698242,0,0,0.0,0.0,-0.5,-0.0006870130309835076,-0.0010184806305915117,-0.5315067172050476
844,8,65,1.0,0.9880796074867249,0,0,0.0,0.0,-0.5,-0.0004321919986978173,-0.0016487676184624434,-0.5307894945144653
845,8,66,1.0,0.991887092590332,0,0,0.0,0.0,-0.5,-0.0008734430884942412,-0.0021176140289753675,-0.5375491976737976
846,8,67,1.0,0.993812620639801,0,0,0.0,0.0,-0.5,0.0005563732702285051,-0.0011296068551018834,-0.540725827217102
847,8,68,1.0,1.0027270317077637,0,0,0.0,0.0,-0.5,0.002913466654717922,-0.00010037902393378317,-0.5466052889823914
848,8,69,1.0,0.9946224093437195,0,0,0.0,0.0,-0.5,0.004898933228105307,0.0004987845895811915,-0.5477277040481567
849,8,70,1.0,0.9902359247207642,0,0,0.0,0.0,-0.5,0.003827775828540325,0.0011364403180778027,-0.5370233654975891
850,8,71,1.0,0.988077700138092,0,0,0.0,0.0,-0.5,0.0032855472527444363,0.0012002098374068737,-0.5337151885032654
851,8,72,1.0,0.9714627861976624,0,0,0.0,0.0,0.0,0.0026282048784196377,0.001617301837541163,-0.46453458070755005
852,8,73,1.0,0.9720796346664429,0,0,0.0,0.0,0.0,0.002643556334078312,0.0015429985942319036,-0.4584525525569916
853,8,74,1.0,1.603271722793579,0,1,0.0,0.0,0.0,0.002100926823914051,-0.002845673356205225,-0.031134210526943207
854,8,75,1.0,1.6048457622528076,0,1,0.0,0.0,0.0,0.0020906305871903896,-0.0028573479503393173,-0.029793616384267807
855,8,76,1.0,1.8446400165557861,0,1,0.0,0.0,0.0,0.0016607888974249363,-0.002420276403427124,0.014729168266057968
856,8,77,2.0,1.8447718620300293,1,1,0.0,0.0,0.0,0.0016519706696271896,-0.002394743263721466,0.014833426102995872
857,8,78,2.0,2.0652682781219482,1,1,0.0,0.0,0.0,0.00047662691213190556,-0.0019332250813022256,0.0021723881363868713
858,8,79,2.0,2.065101146697998,1,1,0.0,0.0,0.0,-6.999121978878975e-06,-0.0015484599862247705,0.0030489088967442513
859,8,80,2.0,2.0578720569610596,1,1,0.0,0.0,0.0,0.00043966667726635933,-0.0038460022769868374,0.0058495281264185905
860,8,81,2.0,2.0629897117614746,1,1,0.0,0.0,0.0,-3.7345802411437035e-05,-0.0017553383950144053,0.009822230786085129
861,8,82,2.0,2.0603153705596924,1,1,0.0,0.0,0.0,0.0007659452967345715,-0.0024574315175414085,0.007323862984776497
862,8,83,2.0,2.0639755725860596,1,1,0.0,0.0,0.0,0.0005693596322089434,-0.0023070680908858776,0.007028670981526375
863,8,84,2.0,2.0551657676696777,1,1,0.0,0.0,0.0,0.0008907385636121035,-0.0023972629569470882,0.007804008200764656
864,8,85,2.0,2.058100700378418,1,1,0.0,0.0,0.0,0.0010816864669322968,-0.0024659421760588884,0.008504847064614296
865,8,86,2.0,2.01396107673645,1,1,0.0,0.0,0.0,0.0014454713091254234,-0.0012693186290562153,0.012218538671731949
866,8,87,1.0,1.6450786590576172,0,1,0.0,0.0,0.0,0.0033484818413853645,-0.0005299297044984996,0.1384762078523636
867,8,88,1.0,0.9932328462600708,0,0,0.0,0.0,0.0,0.0012939074076712132,-0.0022909825202077627,0.5177387595176697
868,8,89,1.0,1.0059643983840942,0,0,0.0,0.0,0.0,0.0008840262889862061,-0.0020227800123393536,0.5068328380584717
869,8,90,1.0,1.0094726085662842,0,0,0.0,0.0,0.0,0.0005697140004485846,-0.002235113177448511,0.5038087964057922
870,8,91,1.0,0.9927327036857605,0,0,0.0,0.0,0.0,0.0013652045745402575,-0.0013259875122457743,0.5230733752250671
871,8,92,1.0,1.0022083520889282,0,0,0.0,0.0,0.0,0.0006808012258261442,-0.0017740627517923713,0.5146448016166687
872,8,93,1.0,1.008083462715149,0,0,0.0,0.0,0.5,0.00027098506689071655,-0.002372185466811061,0.5050293207168579
873,8,94,1.0,1.0017300844192505,0,0,0.0,0.0,0.5,0.0004905308596789837,-0.0018977680010721087,0.4924040138721466
874,8,95,1.0,0.9866300225257874,0,0,0.0,0.0,0.5,-0.0006626782706007361,-0.00045048160245642066,0.5288557410240173
875,8,96,1.0,0.9888774752616882,0,0,0.0,0.0,0.5,-0.0011468128068372607,-0.002345976885408163,0.5310521125793457
876,8,97,1.0,0.9881120324134827,0,0,0.0,0.0,0.5,-0.00034635630436241627,-0.00149490125477314,0.5324738621711731
877,8,98,1.0,0.9900215864181519,0,0,0.0,0.0,0.5,-0.0004339514998719096,-0.0004013576253782958,0.5316820740699768
878,8,99,1.0,0.9885101318359375,0,0,0.0,0.0,0.5,-0.000914445030502975,-0.0016927639953792095,0.5300740003585815
879,8,100,1.0,0.9878437519073486,0,0,0.0,0.0,0.5,-0.0007175804348662496,-0.0018961647292599082,0.5311082005500793
880,8,101,1.0,0.9854487180709839,0,0,0.0,0.0,0.5,2.8261682018637657e-05,-0.0013159147929400206,0.5306419730186462
881,8,102,1.0,0.9827210903167725,0,0,0.0,0.0,0.5,0.0004929790738970041,-0.002506953664124012,0.5310013890266418
882,9,0,1.0,0.998447835445404,0,0,0.0,0.0,0.0,0.03382161259651184,-0.0033237459138035774,0.013620713725686073
883,9,1,1.0,0.9938330054283142,0,0,0.0,0.0,0.0,0.026194343343377113,-0.0026293606497347355,0.008446158841252327
884,9,2,1.0,0.9999430775642395,0,0,0.0,0.0,0.0,0.02873583324253559,0.0013116025365889072,0.020426379516720772
885,9,3,1.0,1.000436544418335,0,0,0.0,0.0,0.0,0.03072674386203289,0.0011613683309406042,0.02183200605213642
886,9,4,1.0,0.9998561143875122,0,0,0.0,0.0,0.0,0.010120773687958717,-6.583365029655397e-05,0.01313074491918087
887,9,5,1.0,1.0000160932540894,0,0,0.0,0.0,0.0,0.010949742048978806,-0.0001072597224265337,0.013636849820613861
888,9,6,1.0,0.9949873685836792,0,0,0.0,0.0,0.0,-0.1615809053182602,4.709663335233927e-05,-0.002365776803344488
889,9,7,1.0,0.9949700832366943,0,0,0.0,0.0,0.0,-0.1614898145198822,4.192983033135533e-05,-0.002268454059958458
890,9,8,1.0,0.9955112338066101,0,0,-0.25,0.0,0.0,-0.2241256833076477,-0.0009361129486933351,-0.012667275965213776
891,9,9,1.0,0.989661693572998,0,0,-0.25,0.0,0.0,-0.2648293673992157,-0.002881404012441635,-0.012180528603494167
892,9,10,1.0,0.9959584474563599,0,0,-0.25,0.0,0.0,-0.27165889739990234,-0.0010508187115192413,-0.009984904900193214
893,9,11,1.0,0.9952014088630676,0,0,-0.25,0.0,0.0,-0.27105024456977844,-0.000832032470498234,-0.005743411369621754
894,9,12,1.0,0.9978165626525879,0,0,-0.25,0.0,0.0,-0.26921314001083374,3.338535316288471e-05,-0.01024099811911583
895,9,13,1.0,0.9974344968795776,0,0,-0.25,0.0,0.0,-0.2695847153663635,0.00011231942335143685,-0.011911412701010704
896,9,14,1.0,0.9981400370597839,0,0,-0.25,0.0,0.0,-0.27094796299934387,0.001296184491366148,-0.009528419934213161
897,9,15,1.0,0.9954721927642822,0,0,-0.25,0.0,0.0,-0.2706371247768402,0.0016847868682816625,-0.004142979625612497
898,9,16,1.0,0.9959863424301147,0,0,-0.25,0.0,0.0,-0.268927663564682,-0.0011992932995781302,-7.987581193447113e-05
899,9,17,1.0,0.9962668418884277,0,0,-0.25,0.0,0.0,-0.2686212658882141,-0.0012962277978658676,0.0036307452246546745
900,9,18,1.0,0.9940582513809204,0,0,-0.25,0.0,0.0,-0.27087652683258057,0.000281734683085233,0.006228070706129074
901,9,19,1.0,0.9948897957801819,0,0,-0.25,0.0,0.0,-0.2785528302192688,0.0026634573005139828,0.008862972259521484
902,9,20,1.0,0.9941856265068054,0,0,-0.25,0.0,0.0,-0.27595677971839905,0.0038934145122766495,0.012521734461188316
903,9,21,1.0,0.9904335141181946,0,0,-0.25,0.0,0.0,-0.24154704809188843,-2.287892857566476e-05,0.010153580456972122
904,9,22,1.0,0.9707900285720825,0,0,-0.25,0.0,0.0,-0.12671694159507751,-0.013750006444752216,0.020072538405656815
905,9,23,1.0,0.9789333343505859,0,0,0.0,0.0,0.0,-0.06356784701347351,-0.03457457944750786,0.012534398585557938
906,9,24,1.0,0.978519082069397,0,0,0.0,0.0,0.0,-0.00771718192845583,0.08774163573980331,0.007405955344438553
907,9,25,1.0,0.9825727343559265,0,0,0.0,0.0,0.0,0.0013385552447289228,0.1775428205728531,0.008510639891028404
908,9,26,1.0,0.9943814277648926,0,0,0.0,0.0,0.0,-0.0007458999752998352,0.26996955275535583,0.012873025611042976
909,9,27,1.0,0.9919419884681702,0,0,0.0,0.0,0.0,0.000648680841550231,0.26167234778404236,0.012122765183448792
910,9,28,1.0,0.9915413856506348,0,0,0.0,0.25,0.0,-0.000762023963034153,0.2823905348777771,0.01378224603831768
911,9,29,1.0,0.9791881442070007,0,0,0.0,0.25,0.0,0.0005775783210992813,0.2742306590080261,0.005794909782707691
912,9,30,1.0,0.9786443710327148,0,0,0.0,0.25,0.0,-0.0006489005172625184,0.27378836274147034,0.0007248073816299438
913,9,31,1.0,0.982201874256134,0,0,0.0,0.25,0.0,-0.00024753063917160034,0.27725404500961304,-0.00012321118265390396
914,9,32,1.0,0.9776158928871155,0,0,0.0,0.25,0.0,-0.0014156163670122623,0.27579838037490845,0.0010494934394955635
915,9,33,1.0,0.9765679836273193,0,0,0.0,0.25,0.0,1.0068528354167938e-05,0.275324285030365,0.0017864527180790901
916,9,34,1.0,0.9785340428352356,0,0,0.0,0.25,0.0,-0.0005189620424062014,0.2757857143878937,0.007261941209435463
917,9,35,1.0,0.9788309335708618,0,0,0.0,0.25,0.0,1.1723022907972336e-05,0.27468523383140564,0.0035135867074131966
918,9,36,1.0,0.9867619872093201,0,0,0.0,0.25,0.0,0.0010580886155366898,0.2667592167854309,0.0037844218313694
919,9,37,1.0,0.9911962151527405,0,0,0.0,0.25,0.0,0.0014855838380753994,0.22644725441932678,-0.0057027945294976234
920,9,38,1.0,0.981335461139679,0,0,0.0,0.25,0.0,0.0018469467759132385,0.1403750479221344,-0.015100318007171154
921,9,39,1.0,0.973697304725647,0,0,0.0,0.0,0.0,0.0009119401220232248,0.07813982665538788,-0.007770891766995192
922,9,40,1.0,0.9778742790222168,0,0,0.0,0.0,0.0,-4.027108661830425e-05,0.01648903638124466,0.009045340120792389
923,9,41,1.0,0.9754762053489685,0,0,0.0,0.0,0.0,0.00012685335241258144,-0.0028521819040179253,0.018293267115950584
924,9,42,1.0,0.9783463478088379,0,0,0.0,0.0,0.0,-0.00035119440872222185,0.0011131648207083344,0.02903578244149685
925,9,43,1.0,0.9785482883453369,0,0,0.0,0.0,0.0,-0.0002736547030508518,-0.00036200371687300503,0.026169633492827415
926,9,44,1.0,1.0002599954605103,0,0,0.0,0.0,0.0,0.000308044720441103,0.0027392376214265823,-0.3538491427898407
927,9,45,1.0,1.0003635883331299,0,0,0.0,0.0,0.0,0.00029872311279177666,0.0027140756137669086,-0.3558076322078705
928,9,46,1.0,1.0047695636749268,0,0,0.0,0.0,0.0,0.00047714379616081715,0.003148299176245928,-0.43785810470581055
929,9,47,1.0,1.0047879219055176,0,0,0.0,0.0,0.0,0.00047749048098921776,0.003143307752907276,-0.4381312131881714
930,9,48,1.0,1.0052390098571777,0,0,0.0,0.0,0.0,0.0006025470793247223,0.0029862471856176853,-0.450416624546051
931,9,49,1.0,1.005242109298706,0,0,0.0,0.0,-0.5,0.0006028059870004654,0.002985202707350254,-0.45048031210899353
932,9,50,1.0,0.9973629117012024,0,0,0.0,0.0,-0.5,0.0006200568750500679,-0.001385579351335764,-0.5359804034233093
933,9,51,1.0,0.9869735240936279,0,0,0.0,0.0,-0.5,0.0001851082779467106,-0.0012569456594064832,-0.5315743684768677
934,9,52,1.0,0.98691725730896,0,0,0.0,0.0,-0.5,0.00046250573359429836,-0.0019872700795531273,-0.5285160541534424
935,9,53,1.0,0.9838892817497253,0,0,0.0,0.0,-0.5,0.001481848768889904,-0.0011340256314724684,-0.5278676748275757
936,9,54,1.0,0.9823037981987,0,0,0.0,0.0,-0.5,0.0013151667080819607,-0.001335934386588633,-0.533283531665802
937,9,55,1.0,0.9794119000434875,0,0,0.0,0.0,-0.5,0.0010465329978615046,-0.0014659888111054897,-0.5325192213058472
938,9,56,1.0,0.9894586801528931,0,0,0.0,0.0,-0.5,0.0008998308330774307,-0.0008881476824171841,-0.5457963943481445
939,9,57,1.0,1.001316785812378,0,0,0.0,0.0,-0.5,0.0040309675969183445,-0.0012250071158632636,-0.5506437420845032
940,9,58,1.0,1.0059285163879395,0,0,0.0,0.0,-0.5,0.0024432302452623844,0.00022282317513599992,-0.5485358238220215
941,9,59,1.0,0.997648298740387,0,0,0.0,0.0,-0.5,0.004538192413747311,-0.0003896200505550951,-0.5480417609214783
942,9,60,1.0,0.9737079739570618,0,0,0.0,0.0,-0.5,0.0015905238687992096,-0.0002523834118619561,-0.5382804870605469
943,9,61,1.0,0.9639727473258972,0,0,0.0,0.0,-0.5,0.002348877489566803,-0.0003561643825378269,-0.5065120458602905
944,9,62,1.0,2.0005979537963867,0,1,0.0,0.0,0.0,-0.0020207269117236137,0.0007408569799736142,0.013011211529374123
945,9,63,1.0,1.9900541305541992,0,1,0.0,0.0,0.0,-0.002281616674736142,0.0002173699322156608,0.011308509856462479
946,9,64,1.0,2.0673344135284424,0,1,0.0,0.0,0.0,-0.0013686195015907288,-0.00034943310311064124,0.003632625564932823
947,9,65,1.0,2.0672616958618164,0,1,0.0,0.0,0.0,-0.001221506274305284,-0.0004180297255516052,0.004084229469299316
948,9,66,2.0,2.0648884773254395,1,1,0.0,0.0,0.0,-0.0014941843692213297,-0.0010098658967763186,0.007230654358863831
949,9,67,2.0,2.0593528747558594,1,1,0.0,0.0,0.0,0.0016170796006917953,-0.003113043960183859,0.003929853439331055
950,9,68,2.0,2.059779167175293,1,1,0.0,0.0,0.0,0.0009567141532897949,-0.0009096689755097032,0.01626628078520298
951,9,69,2.0,2.069326877593994,1,1,0.0,0.0,0.0,0.0007884104270488024,-0.0023090974427759647,0.010420689359307289
952,9,70,2.0,2.0703718662261963,1,1,0.0,0.0,0.0,0.0014597955159842968,-0.0032254382967948914,0.00621378980576992
953,9,71,2.0,2.0733120441436768,1,1,0.0,0.0,0.0,0.0015543506015092134,-0.0034687784500420094,0.006955452263355255
954,9,72,2.0,2.0486035346984863,1,1,0.0,0.0,0.0,0.000957967946305871,-0.0029097534716129303,0.0010922839865088463
955,9,73,2.0,1.5948712825775146,1,1,0.0,0.0,0.0,0.0031483005732297897,-0.0025637303479015827,0.1427486538887024
956,9,74,1.0,1.0122766494750977,0,0,0.0,0.0,0.0,0.0002833979669958353,-0.0031298152171075344,0.486257940530777
957,9,75,1.0,1.2406096458435059,0,0,0.0,0.0,0.0,0.001999533735215664,-0.001599880401045084,0.3127680718898773
958,9,76,1.0,0.9941917061805725,0,0,0.0,0.0,0.0,-0.00041876849718391895,-0.0030229235999286175,0.5232691764831543
959,9,77,1.0,0.9974886178970337,0,0,0.0,0.0,0.0,-0.0007066198159009218,-0.0032786191441118717,0.5150353908538818
960,9,78,1.0,1.0140891075134277,0,0,0.0,0.0,0.0,-0.00015555392019450665,-0.003930374514311552,0.5059927105903625
961,9,79,1.0,0.9967252612113953,0,0,0.0,0.0,0.5,8.201692253351212e-06,-0.002631138078868389,0.5277705192565918
962,9,80,1.0,0.9884213805198669,0,0,0.0,0.0,0.5,-0.000536580802872777,-0.002985820174217224,0.5313427448272705
963,9,81,1.0,0.9887068867683411,0,0,0.0,0.0,0.5,-0.0011570826172828674,-0.0002958624390885234,0.5324044227600098
964,9,82,1.0,0.9906366467475891,0,0,0.0,0.0,0.5,-0.0008522694697603583,-0.0006042903987690806,0.5285957455635071
965,9,83,1.0,0.9885008335113525,0,0,0.0,0.0,0.5,-0.0004686403553932905,-0.00015991454711183906,0.5283603072166443
966,9,84,1.0,0.9886712431907654,0,0,0.0,0.0,0.5,-0.00012912601232528687,-0.000863888650201261,0.5291973352432251
967,9,85,1.0,0.9894400835037231,0,0,0.0,0.0,0.5,0.0001152202021330595,-0.001331015257164836,0.5282452702522278
968,9,86,1.0,0.9925099611282349,0,0,0.0,0.0,0.5,-0.0009021838195621967,-0.0020327134989202023,0.5312743186950684
969,9,87,1.0,0.9902524352073669,0,0,0.0,0.0,0.5,-0.0015662848018109798,-0.0014429886359721422,0.5319262146949768
970,9,88,1.0,0.9925702214241028,0,0,0.0,0.0,0.5,-0.001224021427333355,-0.0019104218808934093,0.5317787528038025
971,10,0,1.0,0.9869522452354431,0,0,0.0,0.0,0.0,-0.014149499125778675,-0.003427068702876568,0.015208553522825241
972,10,1,1.0,0.9885185360908508,0,0,0.0,0.0,0.0,-0.021257828921079636,-0.0011887748260051012,0.008142169564962387
973,10,2,1.0,0.9898659586906433,0,0,0.0,0.0,0.0,-0.0251395795494318,0.0007290279027074575,0.003644520416855812
974,10,3,1.0,0.9898680448532104,0,0,0.0,0.0,0.0,-0.023368773981928825,0.00037517427699640393,0.004692266695201397
975,10,4,1.0,0.9950074553489685,0,0,0.0,0.0,0.0,0.008364354260265827,0.004149994812905788,-0.020974176004529
976,10,5,1.0,0.9950171113014221,0,0,0.0,0.0,0.0,0.009152603335678577,0.004068659618496895,-0.02038639411330223
977,10,6,1.0,0.990033745765686,0,0,0.0,0.0,0.0,0.21020182967185974,-0.003158475272357464,-0.02424423024058342
978,10,7,1.0,0.99001145362854,0,0,0.0,0.0,0.0,0.21042631566524506,-0.0031499359756708145,-0.024067897349596024
979,10,8,1.0,0.9849832057952881,0,0,0.25,0.0,0.0,0.25579726696014404,-0.0029588299803435802,-0.010201303288340569
980,10,9,1.0,0.9848378896713257,0,0,0.25,0.0,0.0,0.26865240931510925,-0.001291959430091083,-0.001718680839985609
981,10,10,1.0,0.9855883121490479,0,0,0.25,0.0,0.0,0.271441251039505,-0.002447555772960186,0.006096969358623028
982,10,11,1.0,0.9831766486167908,0,0,0.25,0.0,0.0,0.27239254117012024,-0.0022072559222579002,0.011014919728040695
983,10,12,1.0,0.9839295148849487,0,0,0.25,0.0,0.0,0.27127763628959656,-0.0005998918786644936,0.01234358362853527
984,10,13,1.0,0.9822559356689453,0,0,0.25,0.0,0.0,0.27257105708122253,-0.0009813691722229123,0.007223425433039665
985,10,14,1.0,0.9833266735076904,0,0,0.25,0.0,0.0,0.2728422284126282,-0.0009944215416908264,0.006370925344526768
986,10,15,1.0,0.9888353943824768,0,0,0.25,0.0,0.0,0.2717994451522827,-0.0003789493930526078,0.003125810995697975
987,10,16,1.0,0.9877073764801025,0,0,0.25,0.0,0.0,0.27456849813461304,-0.0009714652551338077,-0.003207320813089609
988,10,17,1.0,0.993393063545227,0,0,0.25,0.0,0.0,0.2777278423309326,-0.001897931331768632,-0.007276044227182865
989,10,18,1.0,0.9908504486083984,0,0,0.25,0.0,0.0,0.28132739663124084,-0.003959696274250746,-0.005089059937745333
990,10,19,1.0,0.9887491464614868,0,0,0.25,0.0,0.0,0.274638295173645,-0.0042768362909555435,0.009645028039813042
991,10,20,1.0,0.9889302849769592,0,0,0.0,0.0,0.0,0.1903761923313141,-0.008150988258421421,0.008920736610889435
992,10,21,1.0,0.9885089993476868,0,0,0.0,0.0,0.0,0.06516450643539429,-0.0034475293941795826,0.0070585086941719055
993,10,22,1.0,1.0112295150756836,0,0,0.0,0.0,0.0,0.021644387394189835,0.013100090436637402,-0.02543356642127037
994,10,23,1.0,1.012594223022461,0,0,0.0,0.0,0.0,0.0077061401680111885,0.013367079198360443,-0.026728464290499687
995,10,24,1.0,1.0129551887512207,0,0,0.0,0.0,0.0,-0.0068970415741205215,-0.0747068002820015,0.0044794268906116486
996,10,25,1.0,1.0125584602355957,0,0,0.0,0.0,0.0,-0.008190589025616646,-0.0750051811337471,0.004229789599776268
997,10,26,1.0,0.9994229674339294,0,0,0.25,0.0,0.0,-0.005503424443304539,-0.1598743200302124,0.004420880228281021
998,10,27,1.0,1.0186104774475098,0,0,0.0,0.0,0.0,0.045673906803131104,-0.004936435725539923,-0.010880827903747559
999,10,28,1.0,1.0181485414505005,0,0,0.0,0.0,0.0,0.0023560747504234314,-0.058408062905073166,0.0035819178447127342
1000,10,29,1.0,1.0157939195632935,0,0,0.0,0.0,0.0,-0.011949787847697735,-0.05915948748588562,0.0016356650739908218
1001,10,30,1.0,1.0146526098251343,0,0,0.0,0.0,0.0,-0.014052115380764008,-0.07759338617324829,0.004088586196303368
1002,10,31,1.0,1.0142101049423218,0,0,0.0,0.0,0.0,-0.01613018848001957,-0.0777689665555954,0.004272387363016605
1003,10,32,1.0,0.9833400845527649,0,0,0.0,0.0,0.0,0.0010966216214001179,-0.2532089352607727,0.0041879210621118546
1004,10,33,1.0,0.9833029508590698,0,0,0.0,-0.25,0.0,0.0010328476782888174,-0.25322335958480835,0.004152471199631691
1005,10,34,1.0,0.9811673760414124,0,0,0.0,-0.25,0.0,0.0009100951720029116,-0.2760580778121948,0.0002585863694548607
1006,10,35,1.0,0.9801469445228577,0,0,0.0,-0.25,0.0,0.00132209830917418,-0.27719831466674805,-0.004658442456275225
1007,10,36,1.0,0.9807792901992798,0,0,0.0,-0.25,0.0,0.0029056426137685776,-0.2736251950263977,0.00023390818387269974
1008,10,37,1.0,0.984578013420105,0,0,0.0,-0.25,0.0,0.002576837781816721,-0.27358075976371765,0.0007878514006733894
1009,10,38,1.0,0.9874457716941833,0,0,0.0,-0.25,0.0,0.0021122824400663376,-0.2735903561115265,0.0022503668442368507
1010,10,39,1.0,0.9879735112190247,0,0,0.0,-0.25,0.0,0.0037656202912330627,-0.27101629972457886,0.00643831305205822
1011,10,40,1.0,0.9890148639678955,0,0,0.0,-0.25,0.0,0.003302390221506357,-0.2747891843318939,0.006923111155629158
1012,10,41,1.0,0.9882980585098267,0,0,0.0,-0.25,0.0,0.004447765648365021,-0.27599191665649414,0.00738338939845562
1013,10,42,1.0,0.9926313757896423,0,0,0.0,-0.25,0.0,0.002094781491905451,-0.2797902226448059,-0.002751782536506653
1014,10,43,1.0,0.991033673286438,0,0,0.0,-0.25,0.0,0.0017272578552365303,-0.27033472061157227,-0.007984746247529984
1015,10,44,1.0,0.9832373261451721,0,0,0.0,0.0,0.0,0.0018591159023344517,-0.09510155767202377,-0.014774952083826065
1016,10,45,1.0,0.9798737168312073,0,0,0.0,0.0,0.0,0.001505719032138586,-0.048469427973032,-0.01250485796481371
1017,10,46,1.0,0.983155369758606,0,0,0.0,0.0,0.0,0.0006055387202650309,-0.020663760602474213,-0.015276839956641197
1018,10,47,1.0,0.9824547171592712,0,0,0.0,0.0,0.0,0.0006192338187247515,-0.011278180405497551,-0.015427520498633385
1019,10,48,1.0,0.9800263047218323,0,0,0.0,0.0,0.0,-0.0007689632475376129,-0.012923521921038628,0.009273465722799301
1020,10,49,1.0,0.9800476431846619,0,0,0.0,0.0,0.0,-0.0007823510095477104,-0.01209409162402153,0.0092232134193182
1021,10,50,1.0,0.9785170555114746,0,0,0.0,0.0,0.0,-0.0009027677588164806,-0.01623995043337345,0.020329054445028305
1022,10,51,1.0,0.9785117506980896,0,0,0.0,-0.25,0.0,-0.0009038228308781981,-0.016096163541078568,0.02032051421701908
1023,10,52,1.0,0.9731036424636841,0,0,0.0,0.0,0.0,-0.0002647549845278263,-0.016088854521512985,0.0507718101143837
1024,10,53,1.0,0.9833552241325378,0,0,0.0,0.0,0.0,0.0007309862412512302,-0.003920407500118017,-0.008909855969250202
1025,10,54,1.0,0.996831476688385,0,0,0.0,0.0,0.0,0.0011148641351610422,0.0018893593223765492,-0.2822073996067047
1026,10,55,1.0,0.9953717589378357,0,0,0.0,0.0,0.0,0.0011215675622224808,0.002816165331751108,-0.2702530026435852
1027,10,56,1.0,1.0033515691757202,0,0,0.0,0.0,0.0,0.0013648327440023422,0.002308295574039221,-0.48333463072776794
1028,10,57,1.0,1.0034420490264893,0,0,0.0,0.0,-0.5,0.0013894927687942982,0.002345206681638956,-0.48289230465888977
1029,10,58,1.0,0.9932910203933716,0,0,0.0,0.0,-0.5,-0.00012413831427693367,-0.001927784876897931,-0.5320656299591064
1030,10,59,1.0,0.9856929779052734,0,0,0.0,0.0,-0.5,3.063422627747059e-05,-0.0019146583508700132,-0.52863609790802
1031,10,60,1.0,0.9820587635040283,0,0,0.0,0.0,-0.5,0.001278614392504096,-0.0010294945677742362,-0.5261714458465576
1032,10,61,1.0,0.9843828082084656,0,0,0.0,0.0,-0.5,0.0008758134208619595,-0.0015532250981777906,-0.5311205983161926
1033,10,62,1.0,0.9912495017051697,0,0,0.0,0.0,-0.5,0.000991190318018198,-0.0011296023149043322,-0.537626326084137
1034,10,63,1.0,0.9994418025016785,0,0,0.0,0.0,-0.5,0.002531651873141527,-0.00028828688664361835,-0.5440465211868286
1035,10,64,1.0,1.0085511207580566,0,0,0.0,0.0,-0.5,0.0029068700969219208,0.00019865826470777392,-0.5482779741287231
1036,10,65,1.0,1.006293535232544,0,0,0.0,0.0,-0.5,0.002773428801447153,0.001362587558105588,-0.5418830513954163
1037,10,66,1.0,0.9873935580253601,0,0,0.0,0.0,-0.5,0.0031649433076381683,0.0004893132718279958,-0.5333203673362732
1038,10,67,1.0,0.9841542840003967,0,0,0.0,0.0,-0.5,0.0035162754356861115,0.00018193555297330022,-0.5243673324584961
1039,10,68,1.0,1.5036994218826294,0,1,0.0,0.0,0.0,0.002718176692724228,-0.00024628237588331103,-0.10372375696897507
1040,10,69,1.0,1.5122096538543701,0,1,0.0,0.0,0.0,0.0027683530934154987,-0.00035093966289423406,-0.09716930240392685
1041,10,70,1.0,2.0673317909240723,0,1,0.0,0.0,0.0,-0.00052854442037642,0.0003869414795190096,0.004709109663963318
1042,10,71,1.0,2.0673279762268066,0,1,0.0,0.0,0.0,-0.0005251312395557761,0.00039675808511674404,0.004712757654488087
1043,10,72,2.0,2.0692129135131836,1,1,0.0,0.0,0.0,-0.00015187961980700493,-0.00016195233911275864,0.005196928977966309
1044,10,73,2.0,2.059685230255127,1,1,0.0,0.0,0.0,0.0002042492851614952,-0.002372609917074442,0.0017323493957519531
1045,10,74,2.0,2.0612101554870605,1,1,0.0,0.0,0.0,0.0008129661437124014,-0.0031205816194415092,0.005307137966156006
1046,10,75,2.0,2.0637094974517822,1,1,0.0,0.0,0.0,0.0004064468666911125,-0.0027229180559515953,0.006730064749717712
1047,10,76,2.0,2.0750155448913574,1,1,0.0,0.0,0.0,0.0007477083709090948,-0.0027429512701928616,0.005067440681159496
1048,10,77,2.0,2.075162410736084,1,1,0.0,0.0,0.0,0.0006603351794183254,-0.0022274365182965994,0.005709278397262096
1049,10,78,2.0,2.062163829803467,1,1,0.0,0.0,0.0,-9.111152030527592e-05,-0.001165696419775486,-0.0003723716363310814
1050,10,79,1.0,1.8294594287872314,0,1,0.0,0.0,0.0,-0.00030378345400094986,-0.002404781524091959,0.024624275043606758
1051,10,80,1.0,1.0020339488983154,0,0,0.0,0.0,0.0,0.0006934136617928743,-0.003342957701534033,0.48646819591522217
1052,10,81,1.0,0.9940222501754761,0,0,0.0,0.0,0.0,0.00035472819581627846,-0.0030333981849253178,0.5082451701164246
1053,10,82,1.0,0.9927873015403748,0,0,0.0,0.0,0.0,-0.00025915447622537613,-0.0025710412301123142,0.5107086896896362
1054,10,83,1.0,0.9915574789047241,0,0,0.0,0.0,0.5,-0.00042634166311472654,-0.0017743882490321994,0.5244014859199524
1055,10,84,1.0,0.9861900806427002,0,0,0.0,0.0,0.5,-0.00032141245901584625,-0.0016505684470757842,0.5306300520896912
1056,10,85,1.0,0.98665452003479,0,0,0.0,0.0,0.5,-8.349074050784111e-06,-0.0018580261385068297,0.5319574475288391
1057,10,86,1.0,0.9891658425331116,0,0,0.0,0.0,0.5,-0.00030524516478180885,-0.0013758845161646605,0.5304833650588989
1058,10,87,1.0,0.9834747910499573,0,0,0.0,0.0,0.5,0.0005848542787134647,-0.001203922089189291,0.5289039015769958
1059,10,88,1.0,0.986377477645874,0,0,0.0,0.0,0.5,-3.7471065297722816e-05,-0.0005860765813849866,0.5287707448005676
1060,10,89,1.0,0.985149621963501,0,0,0.0,0.0,0.5,0.00027361628599464893,-0.0009299982339143753,0.5289270877838135
1061,10,90,1.0,0.9871882796287537,0,0,0.0,0.0,0.5,-4.633702337741852e-05,-0.00169280671980232,0.5286452174186707
1062,10,91,1.0,0.9824490547180176,0,0,0.0,0.0,0.5,-0.00017721555195748806,-0.0010142296086996794,0.5294883251190186
1063,10,92,1.0,0.9851480722427368,0,0,0.0,0.0,0.5,-1.295492984354496e-05,-0.001059368485584855,0.5310975313186646
1064,11,0,1.0,0.9964011311531067,0,0,0.0,0.0,0.0,-0.01082403864711523,-0.005932385101914406,-0.0018827528692781925
1065,11,1,1.0,0.9978598952293396,0,0,0.0,0.0,0.0,-0.017161980271339417,-0.004863074515014887,-0.014976419508457184
1066,11,2,1.0,0.990989625453949,0,0,0.0,0.0,0.0,-0.018111445009708405,-0.002358534373342991,-0.0177159421145916
1067,11,3,1.0,0.9906353950500488,0,0,0.0,0.0,0.0,-0.017956744879484177,-0.002727335784584284,-0.01815880462527275
1068,11,4,1.0,0.9892067313194275,0,0,0.0,0.0,0.0,0.017509184777736664,-0.004362607840448618,-0.03994213789701462
1069,11,5,1.0,0.9892382025718689,0,0,0.0,0.0,0.0,0.018820879980921745,-0.004453668370842934,-0.038893215358257294
1070,11,6,1.0,0.9769487977027893,0,0,0.0,0.0,0.0,0.2426450103521347,-0.000618686550296843,-0.026312321424484253
1071,11,7,1.0,0.9769335985183716,0,0,0.0,0.0,0.0,0.24268057942390442,-0.0006001705187372863,-0.02624180167913437
1072,11,8,1.0,0.9792537689208984,0,0,0.0,0.0,0.0,0.2572475075721741,0.0013244220754131675,-0.021286657080054283
1073,11,9,1.0,0.9792511463165283,0,0,0.25,0.0,0.0,0.25724995136260986,0.0013274481752887368,-0.02127363719046116
1074,11,10,1.0,0.982736349105835,0,0,0.25,0.0,0.0,0.27139148116111755,0.00015030201757326722,-0.0031626564450562
1075,11,11,1.0,0.9826753735542297,0,0,0.25,0.0,0.0,0.27311041951179504,-0.0004630945040844381,-0.0012062182649970055
1076,11,12,1.0,0.9835808277130127,0,0,0.25,0.0,0.0,0.27338847517967224,-0.0002627593057695776,0.00013616029173135757
1077,11,13,1.0,0.9828685522079468,0,0,0.25,0.0,0.0,0.27374428510665894,-0.00023250860976986587,0.0019244896247982979
1078,11,14,1.0,0.9844627976417542,0,0,0.25,0.0,0.0,0.27226659655570984,0.001267327112145722,-0.005519334226846695
1079,11,15,1.0,0.9842460751533508,0,0,0.25,0.0,0.0,0.27397340536117554,0.0009165926603600383,-0.002540405374020338
1080,11,16,1.0,0.9893083572387695,0,0,0.25,0.0,0.0,0.27826109528541565,0.0018194721778854728,-0.0061941565945744514
1081,11,17,1.0,0.9912545680999756,0,0,0.25,0.0,0.0,0.27802836894989014,0.002843539696186781,-0.0025225882418453693
1082,11,18,1.0,0.9860969185829163,0,0,0.25,0.0,0.0,0.27656644582748413,0.0004410924157127738,0.0016377521678805351
1083,11,19,1.0,0.9850848913192749,0,0,0.25,0.0,0.0,0.27388060092926025,0.0009448875207453966,0.004023481160402298
1084,11,20,1.0,0.9780677556991577,0,0,0.25,0.0,0.0,0.24590280652046204,-0.0011489042080938816,0.005882137455046177
1085,11,21,1.0,0.9896584153175354,0,0,0.0,0.0,0.0,0.19249120354652405,-0.012238715775310993,0.010705927386879921
1086,11,22,1.0,0.9909862875938416,0,0,0.0,0.0,0.0,0.04302389174699783,-0.04069725051522255,0.00670231506228447
1087,11,23,1.0,0.9958779215812683,0,0,0.0,0.0,0.0,0.0007024689111858606,-0.028386685997247696,0.004068429581820965
1088,11,24,1.0,0.979516863822937,0,0,0.0,0.0,0.0,-0.0050566596910357475,0.023723026737570763,-0.00875964853912592
1089,11,25,1.0,0.9768992066383362,0,0,0.0,0.0,0.0,-0.008094118908047676,0.051389116793870926,-0.009234612807631493
1090,11,26,1.0,0.9927094578742981,0,0,0.0,0.0,0.0,-0.001545790582895279,0.2371804118156433,-0.002583206631243229
1091,11,27,1.0,0.9927523136138916,0,0,0.0,0.0,0.0,-0.0015656070318073034,0.23763394355773926,-0.0025340761058032513
1092,11,28,1.0,0.9917701482772827,0,0,0.0,0.0,0.0,-0.0017330925911664963,0.2391423135995865,-0.0023918040096759796
1093,11,29,1.0,0.9917760491371155,0,0,0.0,0.25,0.0,-0.0017426947597414255,0.23921994864940643,-0.0023760655894875526
1094,11,30,1.0,0.9822776913642883,0,0,0.0,0.25,0.0,-0.00103170913644135,0.27322012186050415,0.0013287747278809547
1095,11,31,1.0,0.9845303297042847,0,0,0.0,0.25,0.0,7.012300193309784e-05,0.2737393081188202,0.0014629177749156952
1096,11,32,1.0,0.9859104752540588,0,0,0.0,0.25,0.0,-0.0014078986132517457,0.2756557762622833,-0.00024789106100797653
1097,11,33,1.0,0.9833080768585205,0,0,0.0,0.25,0.0,-0.0005217335419729352,0.27460113167762756,-0.0018563829362392426
1098,11,34,1.0,0.978835940361023,0,0,0.0,0.25,0.0,-0.0001357952132821083,0.2737974226474762,0.006351017393171787
1099,11,35,1.0,0.9790563583374023,0,0,0.0,0.25,0.0,-0.00016245502047240734,0.2738063633441925,0.005521119572222233
1100,11,36,1.0,0.9797443151473999,0,0,0.0,0.25,0.0,-0.0001528190914541483,0.27456945180892944,0.008259488269686699
1101,11,37,1.0,0.9775194525718689,0,0,0.0,0.25,0.0,0.0009744672570377588,0.2763553857803345,0.00483686663210392
1102,11,38,1.0,0.98576420545578,0,0,0.0,0.25,0.0,0.0010259195696562529,0.27010276913642883,-0.008404184132814407
1103,11,39,1.0,0.9895277619361877,0,0,0.0,0.0,0.0,0.0026418869383633137,0.21855200827121735,-0.02501094527542591
1104,11,40,1.0,0.9789525866508484,0,0,0.0,0.0,0.0,0.0013476044405251741,0.08265428990125656,-0.020276617258787155
1105,11,41,1.0,0.97903972864151,0,0,0.0,0.0,0.0,0.0010468673426657915,0.03236369788646698,-0.017791815102100372
1106,11,42,1.0,0.9789561033248901,0,0,0.0,0.0,0.0,3.3412594348192215e-05,0.02787323296070099,-0.004962337203323841
1107,11,43,1.0,0.9791027903556824,0,0,0.0,0.0,0.0,-1.8302351236343384e-05,0.021822236478328705,-0.004528682678937912
1108,11,44,1.0,0.9784350395202637,0,0,0.0,0.0,0.0,-0.00040673138573765755,0.01142240222543478,0.010427504777908325
1109,11,45,1.0,0.978455662727356,0,0,0.0,0.0,0.0,-0.0003936088178306818,0.01047445461153984,0.010474052280187607
1110,11,46,1.0,0.9779006242752075,0,0,0.0,0.25,0.0,-0.0003135697916150093,0.011784879490733147,0.00598921999335289
1111,11,47,1.0,0.9790997505187988,0,0,0.0,0.0,0.0,-0.0005377630004659295,0.05220503732562065,0.02351200394332409
1112,11,48,1.0,0.9810526967048645,0,0,0.0,0.0,0.0,0.0002790640573948622,0.014282844960689545,-0.007858098484575748
1113,11,49,1.0,0.9773647785186768,0,0,0.0,0.0,0.0,-6.260816007852554e-05,0.004184431862086058,0.01993071660399437
1114,11,50,1.0,0.994589626789093,0,0,0.0,0.0,0.0,0.0004798381123691797,0.0015429725171998143,-0.24510374665260315
1115,11,51,1.0,0.9953014254570007,0,0,0.0,0.0,0.0,0.0002103620208799839,0.0010471373097971082,-0.2629689872264862
1116,11,52,1.0,0.9941811561584473,0,0,0.0,0.0,0.0,-0.0003344480646774173,0.002065877430140972,-0.3312235474586487
1117,11,53,1.0,0.9942851662635803,0,0,0.0,0.0,0.0,-0.00035423366352915764,0.002053470816463232,-0.33464834094047546
1118,11,54,1.0,1.0021843910217285,0,0,0.0,0.0,-0.5,0.00011611613444983959,0.0029332786798477173,-0.45080259442329407
1119,11,55,1.0,0.9910429120063782,0,0,0.0,0.0,-0.5,-8.083367720246315e-05,-0.002186504192650318,-0.5302149057388306
1120,11,56,1.0,0.987687885761261,0,0,0.0,0.0,-0.5,-6.680469959974289e-05,-0.0021837521344423294,-0.5267356634140015
1121,11,57,1.0,0.9861316680908203,0,0,0.0,0.0,-0.5,0.0002769043203443289,-0.0018959561130031943,-0.5278030037879944
1122,11,58,1.0,0.9867521524429321,0,0,0.0,0.0,-0.5,0.0007478243205696344,-0.0017598840640857816,-0.5308459997177124
1123,11,59,1.0,0.9847779273986816,0,0,0.0,0.0,-0.5,0.0013573358301073313,-0.0020354962907731533,-0.5294615030288696
1124,11,60,1.0,0.9908344745635986,0,0,0.0,0.0,-0.5,0.001965311821550131,-0.001409109914675355,-0.53532475233078
1125,11,61,1.0,1.0021443367004395,0,0,0.0,0.0,-0.5,0.003000542987138033,-0.000682296056766063,-0.5390142202377319
1126,11,62,1.0,1.0075061321258545,0,0,0.0,0.0,-0.5,0.0025692153722047806,0.0006943565094843507,-0.5434239506721497
1127,11,63,1.0,1.005601167678833,0,0,0.0,0.0,-0.5,0.001707875169813633,0.0009792305063456297,-0.5432592034339905
1128,11,64,1.0,1.0199249982833862,0,0,0.0,0.0,-0.5,0.00180360721424222,0.002653388772159815,-0.3885803520679474
1129,11,65,1.0,1.0296034812927246,0,0,0.0,0.0,0.0,0.0015089320950210094,0.0026120315305888653,-0.3700072765350342
1130,11,66,1.0,1.8713321685791016,0,1,0.0,0.0,0.0,-7.832725532352924e-05,-0.0015436089597642422,0.019343560561537743
1131,11,67,1.0,1.8726762533187866,0,1,0.0,0.0,0.0,-2.7991831302642822e-05,-0.0015626335516571999,0.01988472044467926
1132,11,68,1.0,2.0275003910064697,0,1,0.0,0.0,0.0,-0.0011909606400877237,0.0011747938115149736,0.015180250629782677
1133,11,69,2.0,2.0275626182556152,1,1,0.0,0.0,0.0,-0.0011753598228096962,0.0011669393861666322,0.015173835679888725
1134,11,70,2.0,2.060436725616455,1,1,0.0,0.0,0.0,6.254483014345169e-05,-0.0026539331302046776,0.001162610948085785
1135,11,71,2.0,2.0624706745147705,1,1,0.0,0.0,0.0,0.00039587286300957203,-0.0021085168700665236,0.002679644152522087
1136,11,72,2.0,2.0625410079956055,1,1,0.0,0.0,0.0,0.001075428444892168,-0.002338819205760956,0.004594768397510052
1137,11,73,2.0,2.066800355911255,1,1,0.0,0.0,0.0,0.001103576272726059,-0.0023125598672777414,0.006723279133439064
1138,11,74,2.0,2.0734126567840576,1,1,0.0,0.0,0.0,0.001721908338367939,-0.0021778270602226257,0.00472563412040472
1139,11,75,2.0,2.07230544090271,1,1,0.0,0.0,0.0,0.0018332754261791706,-0.0021199174225330353,0.0031690718606114388
1140,11,76,2.0,1.8714818954467773,1,1,0.0,0.0,0.0,0.0016560512594878674,-0.0013227756135165691,0.03385160118341446
1141,11,77,1.0,1.8713092803955078,0,1,0.0,0.0,0.0,0.001667659729719162,-0.0013129746075719595,0.0339047834277153
1142,11,78,1.0,0.9956390857696533,0,0,0.0,0.0,0.0,0.0005831783637404442,-0.003268349450081587,0.4985027015209198
1143,11,79,1.0,0.9955356121063232,0,0,0.0,0.0,0.0,0.0005839299410581589,-0.0032646297477185726,0.49864378571510315
1144,11,80,1.0,0.9911502599716187,0,0,0.0,0.0,0.0,0.0004535214975476265,-0.00220650527626276,0.5236449241638184
1145,11,81,1.0,0.9911968111991882,0,0,0.0,0.0,0.0,0.00045348680578172207,-0.002212424064055085,0.5235959887504578
1146,11,82,1.0,0.9932224154472351,0,0,0.0,0.0,0.0,0.0007802385371178389,-0.002572281751781702,0.5152268409729004
1147,11,83,1.0,0.9931974411010742,0,0,0.0,0.0,0.5,0.0007762317545711994,-0.0025717392563819885,0.5152488946914673
1148,11,84,1.0,0.9874246716499329,0,0,0.0,0.0,0.5,4.970584996044636e-05,0.00022829207591712475,0.527607262134552
1149,11,85,1.0,0.9856464862823486,0,0,0.0,0.0,0.5,-4.933169111609459e-05,0.00017214205581694841,0.5284287929534912
1150,11,86,1.0,0.9862877726554871,0,0,0.0,0.0,0.5,-0.0014173613162711263,-0.0006332977209240198,0.5313242673873901
1151,11,87,1.0,0.98627769947052,0,0,0.0,0.0,0.5,-0.0016310110222548246,0.00042610964737832546,0.5295597314834595
1152,11,88,1.0,0.9870036840438843,0,0,0.0,0.0,0.5,-0.0003368306206539273,-0.00033870141487568617,0.5291772484779358
1153,11,89,1.0,0.9844111800193787,0,0,0.0,0.0,0.5,-0.0005719632608816028,9.665731340646744e-06,0.5290933847427368
1154,11,90,1.0,0.9900203347206116,0,0,0.0,0.0,0.5,-0.0013199357781559229,-0.0005893372581340373,0.5318536758422852
1155,11,91,1.0,0.9861117601394653,0,0,0.0,0.0,0.5,-0.0008883551927283406,4.2795727495104074e-05,0.5306236743927002
1156,11,92,1.0,0.9903634190559387,0,0,0.0,0.0,0.5,-0.00029523856937885284,-4.473031731322408e-05,0.531827449798584
1157,12,0,1.0,0.99825119972229,0,0,0.0,0.0,0.0,0.03558364510536194,-0.011043109931051731,0.0078459233045578
1158,12,1,1.0,0.9941739439964294,0,0,0.0,0.0,0.0,0.029154663905501366,-0.011262149550020695,0.00116073340177536
1159,12,2,1.0,0.9951066374778748,0,0,0.0,0.0,0.0,0.029464202001690865,-0.007054874207824469,0.016000710427761078
1160,12,3,1.0,0.9954246878623962,0,0,0.0,0.0,0.0,0.03112570382654667,-0.007288885768502951,0.017219949513673782
1161,12,4,1.0,0.9894117116928101,0,0,0.0,0.0,0.0,0.012741755694150925,-0.006608989089727402,0.011700708419084549
1162,12,5,1.0,0.9894756078720093,0,0,0.0,0.0,0.0,0.013285927474498749,-0.006681222468614578,0.012114880606532097
1163,12,6,1.0,0.9856290817260742,0,0,0.0,0.0,0.0,-0.1390075832605362,0.0026827403344213963,0.0017366418614983559
1164,12,7,1.0,0.9855982065200806,0,0,0.0,0.0,0.0,-0.1388891637325287,0.0026817116886377335,0.0018872031942009926
1165,12,8,1.0,0.9964962601661682,0,0,-0.25,0.0,0.0,-0.20789633691310883,0.0013285237364470959,-0.0083624217659235
1166,12,9,1.0,0.9957113265991211,0,0,-0.25,0.0,0.0,-0.2642049491405487,-0.004382786341011524,-0.014912557788193226
1167,12,10,1.0,1.0012431144714355,0,0,-0.25,0.0,0.0,-0.26831674575805664,-0.0020433589816093445,-0.013748306781053543
1168,12,11,1.0,0.9985589385032654,0,0,-0.25,0.0,0.0,-0.2689655125141144,-0.0019329269416630268,-0.010474225506186485
1169,12,12,1.0,0.9990107417106628,0,0,-0.25,0.0,0.0,-0.2696070075035095,-0.000883890432305634,-0.01693708449602127
1170,12,13,1.0,0.9999676942825317,0,0,-0.25,0.0,0.0,-0.2693983316421509,-0.00014828797429800034,-0.02309998869895935
1171,12,14,1.0,0.9984760880470276,0,0,-0.25,0.0,0.0,-0.2696344256401062,0.0008374190656468272,-0.019824694842100143
1172,12,15,1.0,0.9969399571418762,0,0,-0.25,0.0,0.0,-0.2670769691467285,6.910233059898019e-05,-0.019037090241909027
1173,12,16,1.0,0.9938148856163025,0,0,-0.25,0.0,0.0,-0.26612478494644165,-0.0008692077826708555,-0.004453121684491634
1174,12,17,1.0,0.9929975271224976,0,0,-0.25,0.0,0.0,-0.2679165005683899,-0.001946328324265778,-0.001974910032004118
1175,12,18,1.0,0.9958726167678833,0,0,-0.25,0.0,0.0,-0.27066195011138916,-0.001182691426947713,-0.0003669159486889839
1176,12,19,1.0,0.9950482249259949,0,0,-0.25,0.0,0.0,-0.27449744939804077,-0.0006441350560635328,0.003709551878273487
1177,12,20,1.0,1.000504732131958,0,0,-0.25,0.0,0.0,-0.2735486924648285,0.0013610766036435962,0.010364275425672531
1178,12,21,1.0,1.006572961807251,0,0,-0.25,0.0,0.0,-0.22579871118068695,0.007297643925994635,0.013007525354623795
1179,12,22,1.0,1.012618064880371,0,0,0.0,0.0,0.0,-0.10452184826135635,0.014083916321396828,0.01101774349808693
1180,12,23,1.0,1.0077375173568726,0,0,0.0,0.0,0.0,-0.016468539834022522,0.012457496486604214,0.0011486439034342766
1181,12,24,1.0,0.9982404112815857,0,0,0.0,0.0,0.0,0.020174836739897728,-0.0022156781051307917,-0.011467959731817245
1182,12,25,1.0,0.9942805767059326,0,0,0.0,0.0,0.0,0.03654598444700241,-0.0053260354325175285,-0.011519372463226318
1183,12,26,1.0,0.9895986914634705,0,0,0.0,0.0,0.0,0.011084897443652153,-0.14126473665237427,0.002553507685661316
1184,12,27,1.0,0.9891773462295532,0,0,0.0,0.0,0.0,0.011793266050517559,-0.14195884764194489,0.0025373362004756927
1185,12,28,1.0,0.985252320766449,0,0,0.0,-0.25,0.0,0.009021426551043987,-0.22083018720149994,0.008218768984079361
1186,12,29,1.0,0.973774254322052,0,0,0.0,-0.25,0.0,0.003969294484704733,-0.26793476939201355,0.008337333798408508
1187,12,30,1.0,0.976101815700531,0,0,0.0,-0.25,0.0,0.003135280217975378,-0.27377501130104065,0.005051285959780216
1188,12,31,1.0,0.9811992645263672,0,0,0.0,-0.25,0.0,0.002327192109078169,-0.2767501473426819,-0.00013162940740585327
1189,12,32,1.0,0.9822795391082764,0,0,0.0,-0.25,0.0,0.0021301493979990482,-0.2782873213291168,-0.0012786556035280228
1190,12,33,1.0,0.9864450097084045,0,0,0.0,-0.25,0.0,0.0022155088372528553,-0.2786594033241272,0.00033335573971271515
1191,12,34,1.0,0.9848923087120056,0,0,0.0,-0.25,0.0,0.0020453152246773243,-0.28002801537513733,0.007275495678186417
1192,12,35,1.0,0.9810349941253662,0,0,0.0,-0.25,0.0,0.0026225638575851917,-0.2758576273918152,0.009974470362067223
1193,12,36,1.0,0.9840285778045654,0,0,0.0,-0.25,0.0,0.0020269909873604774,-0.28552746772766113,0.010436462238430977
1194,12,37,1.0,0.9900996088981628,0,0,0.0,-0.25,0.0,0.000882625812664628,-0.2871512472629547,0.009369779378175735
1195,12,38,1.0,0.9909802675247192,0,0,0.0,-0.25,0.0,0.0015971655957400799,-0.23158343136310577,0.010680623352527618
1196,12,39,1.0,0.9941830635070801,0,0,0.0,0.0,0.0,0.0013164395932108164,-0.1130535900592804,0.003615863621234894
1197,12,40,1.0,0.9880012273788452,0,0,0.0,0.0,0.0,-0.0010141803650185466,-0.02564244531095028,-0.00010615494102239609
1198,12,41,1.0,0.9856151342391968,0,0,0.0,0.0,0.0,-0.0004453433211892843,-0.01154579408466816,-0.002064996398985386
1199,12,42,1.0,0.9788726568222046,0,0,0.0,0.0,0.0,0.001098675187677145,-0.021082669496536255,-0.006058782339096069
1200,12,43,1.0,0.9773763418197632,0,0,0.0,0.0,0.0,0.0012699856888502836,-0.01722344569861889,-0.007668184116482735
1201,12,44,1.0,0.9778329730033875,0,0,0.0,0.0,0.0,0.0008989162743091583,-0.0063555859960615635,-0.012667493894696236
1202,12,45,1.0,0.9777958989143372,0,0,0.0,0.0,0.0,0.0008959148544818163,-0.0060816737823188305,-0.01264658197760582
1203,12,46,1.0,0.9905892610549927,0,0,0.0,0.0,0.0,0.0016184744890779257,0.001618173555471003,-0.10722708702087402
1204,12,47,1.0,0.9905899167060852,0,0,0.0,-0.25,0.0,0.0016193445771932602,0.0016522264340892434,-0.10719912499189377
1205,12,48,1.0,0.9794615507125854,0,0,0.0,0.0,0.0,0.0004497088957577944,-0.012769459746778011,-0.0002559442073106766
1206,12,49,1.0,0.9805384278297424,0,0,0.0,0.0,0.0,-0.00030945136677473783,-0.0073692286387085915,0.004880305379629135
1207,12,50,1.0,0.9834739565849304,0,0,0.0,0.0,0.0,0.0006208233535289764,-0.0018448885530233383,-0.030875105410814285
1208,12,51,1.0,0.9821866750717163,0,0,0.0,0.0,0.0,0.00024177227169275284,-0.0019453412387520075,-0.015238556079566479
1209,12,52,1.0,0.989151120185852,0,0,0.0,0.0,0.0,0.001210157759487629,0.003547073807567358,-0.24869324266910553
1210,12,53,1.0,0.9891404509544373,0,0,0.0,0.0,0.0,0.0012089184019714594,0.003635995090007782,-0.24843335151672363
1211,12,54,1.0,0.9950215816497803,0,0,0.0,0.0,-0.5,-3.327080048620701e-05,0.003020332660526037,-0.3772391378879547
1212,12,55,1.0,0.993995189666748,0,0,0.0,0.0,-0.5,-0.0001790772657841444,0.0003124931827187538,-0.5373244881629944
1213,12,56,1.0,0.9881840944290161,0,0,0.0,0.0,-0.5,-7.92420469224453e-05,-0.0011003406252712011,-0.5374374389648438
1214,12,57,1.0,0.9853726029396057,0,0,0.0,0.0,-0.5,-0.0005556175019592047,-0.0011588705237954855,-0.5332285165786743
1215,12,58,1.0,0.9854589700698853,0,0,0.0,0.0,-0.5,-0.000650893896818161,-0.0010283890878781676,-0.5317177772521973
1216,12,59,1.0,0.9876439571380615,0,0,0.0,0.0,-0.5,-0.0005706039955839515,-0.0018345165299251676,-0.5305807590484619
1217,12,60,1.0,0.9920069575309753,0,0,0.0,0.0,-0.5,-0.0008518254617229104,-0.0021372265182435513,-0.537504255771637
1218,12,61,1.0,0.9937401413917542,0,0,0.0,0.0,-0.5,0.0006523898337036371,-0.001110410550609231,-0.5404257774353027
1219,12,62,1.0,1.002550482749939,0,0,0.0,0.0,-0.5,0.0026316423900425434,0.00011098245158791542,-0.5470041036605835
1220,12,63,1.0,0.9943772554397583,0,0,0.0,0.0,-0.5,0.004525597672909498,0.0007693321676924825,-0.548319399356842
1221,12,64,1.0,0.9909910559654236,0,0,0.0,0.0,-0.5,0.003975937608629465,0.0011312698479741812,-0.5371912121772766
1222,12,65,1.0,0.9888516068458557,0,0,0.0,0.0,-0.5,0.0034603457897901535,0.001216131611727178,-0.5340489149093628
1223,12,66,1.0,0.9712674021720886,0,0,0.0,0.0,0.0,0.0026541417464613914,0.0016449735267087817,-0.4673197865486145
1224,12,67,1.0,0.9717256426811218,0,0,0.0,0.0,0.0,0.0026791379787027836,0.0016018390888348222,-0.4615620970726013
1225,12,68,1.0,1.608259677886963,0,1,0.0,0.0,0.0,0.0021169199608266354,-0.0028730477206408978,-0.029808558523654938
1226,12,69,2.0,1.6098411083221436,1,1,0.0,0.0,0.0,0.0021033710800111294,-0.0028770603239536285,-0.028490494936704636
1227,12,70,2.0,2.0650429725646973,1,1,0.0,0.0,0.0,0.0010023696813732386,-0.0021385031286627054,0.0035657165572047234
1228,12,71,2.0,2.0680861473083496,1,1,0.0,0.0,0.0,-3.497116267681122e-06,-0.0016200579702854156,0.003771021030843258
1229,12,72,2.0,2.0552778244018555,1,1,0.0,0.0,0.0,0.0006129532121121883,-0.004346772097051144,0.004936755634844303
1230,12,73,2.0,2.0626320838928223,1,1,0.0,0.0,0.0,-2.340809442102909e-05,-0.0017372474540024996,0.005337178707122803
1231,12,74,2.0,2.06272554397583,1,1,0.0,0.0,0.0,0.0008382480591535568,-0.002664105501025915,0.007518310099840164
1232,12,75,2.0,2.0654263496398926,1,1,0.0,0.0,0.0,0.0008139887358993292,-0.002206925768405199,0.0084394421428442
1233,12,76,2.0,2.0681228637695312,1,1,0.0,0.0,0.0,0.002046062611043453,-0.0029355427250266075,0.008554074913263321
1234,12,77,2.0,2.0695016384124756,1,1,0.0,0.0,0.0,0.002012604381889105,-0.0027252482250332832,0.008505836129188538
1235,12,78,1.0,1.1075363159179688,0,0,0.0,0.0,0.0,0.002685884479433298,0.0009886701591312885,0.40323716402053833
1236,12,79,1.0,1.0252251625061035,0,0,0.0,0.0,0.0,0.0012789226602762938,-0.000999610172584653,0.4765593707561493
1237,12,80,1.0,0.9941219687461853,0,0,0.0,0.0,0.0,0.0009780440013855696,-0.0017459787195548415,0.5231252312660217
1238,12,81,1.0,0.9960538744926453,0,0,0.0,0.0,0.0,0.00092106475494802,-0.0018335063941776752,0.5237711071968079
1239,12,82,1.0,1.0183080434799194,0,0,0.0,0.0,0.0,-0.00015195156447589397,-0.0022149085998535156,0.485315203666687
1240,12,83,1.0,0.9999051690101624,0,0,0.0,0.0,0.0,0.0010635165963321924,-0.001384281786158681,0.5052164196968079
1241,12,84,1.0,0.996511697769165,0,0,0.0,0.0,0.5,0.000401604687795043,-0.0014404573012143373,0.5210540294647217
1242,12,85,1.0,0.9898454546928406,0,0,0.0,0.0,0.5,-0.0009500290034338832,-0.001364619005471468,0.5263586640357971
1243,12,86,1.0,0.9939061403274536,0,0,0.0,0.0,0.5,-0.000536013045348227,-0.0020405896939337254,0.5072983503341675
1244,12,87,1.0,0.9916249513626099,0,0,0.0,0.0,0.5,-0.0013667105231434107,-0.0010638553649187088,0.5298508405685425
1245,12,88,1.0,0.9900824427604675,0,0,0.0,0.0,0.5,-0.00048644235357642174,-0.0021241302601993084,0.5331225395202637
1246,12,89,1.0,0.9918911457061768,0,0,0.0,0.0,0.5,-0.000648793182335794,-0.00019171781605109572,0.5335355997085571
1247,12,90,1.0,0.990443229675293,0,0,0.0,0.0,0.5,-0.0008746667299419641,-0.001294888206757605,0.5324323177337646
1248,12,91,1.0,0.9895660877227783,0,0,0.0,0.0,0.5,-6.858655251562595e-05,-0.0010187544394284487,0.5336844325065613
1249,12,92,1.0,0.9848254919052124,0,0,0.0,0.0,0.5,0.00019953236915171146,-0.0017139792907983065,0.5307815074920654
1250,12,93,1.0,0.981787383556366,0,0,0.0,0.0,0.5,0.0004547645803540945,-0.0015146252699196339,0.5305160284042358
1251,13,0,1.0,0.998447835445404,0,0,0.0,0.0,0.0,0.033821605145931244,-0.003323740791529417,0.013620706275105476
1252,13,1,1.0,0.9938330054283142,0,0,0.0,0.0,0.0,0.02619434893131256,-0.00262937368825078,0.008446123450994492
1253,13,2,1.0,0.9999430179595947,0,0,0.0,0.0,0.0,0.028735850006341934,0.0013116014888510108,0.020426372066140175
1254,13,3,1.0,1.000436544418335,0,0,0.0,0.0,0.0,0.030726740136742592,0.0011613601818680763,0.021831978112459183
1255,13,4,1.0,0.9998560547828674,0,0,0.0,0.0,0.0,0.010120779275894165,-6.583690992556512e-05,0.01313069462776184
1256,13,5,1.0,1.0000159740447998,0,0,0.0,0.0,0.0,0.01094974484294653,-0.00010727340122684836,0.013636870309710503
1257,13,6,1.0,0.9949873685836792,0,0,0.0,0.0,0.0,-0.16158093512058258,4.708877531811595e-05,-0.002365815918892622
1258,13,7,1.0,0.9949700832366943,0,0,0.0,0.0,0.0,-0.1614898145198822,4.192983033135533e-05,-0.0022685006260871887
1259,13,8,1.0,0.9946382641792297,0,0,0.0,0.0,0.0,-0.1811942160129547,-0.0009922183817252517,-0.0027659470215439796
1260,13,9,1.0,0.9946383237838745,0,0,-0.25,0.0,0.0,-0.18118037283420563,-0.0009926455095410347,-0.0027375854551792145
1261,13,10,1.0,0.993728518486023,0,0,-0.25,0.0,0.0,-0.26860976219177246,-0.0018270600121468306,-0.01249379850924015
1262,13,11,1.0,0.9950386881828308,0,0,-0.25,0.0,0.0,-0.2697506248950958,-0.001237200340256095,-0.010969294235110283
1263,13,12,1.0,0.9924115538597107,0,0,-0.25,0.0,0.0,-0.2699265778064728,0.0001373303821310401,-0.00757085345685482
1264,13,13,1.0,0.9961127042770386,0,0,-0.25,0.0,0.0,-0.2688286304473877,-0.0004963400424458086,-0.008893229067325592
1265,13,14,1.0,0.9981625080108643,0,0,-0.25,0.0,0.0,-0.27028608322143555,-8.403914398513734e-05,-0.0107636209577322
1266,13,15,1.0,0.9990535974502563,0,0,-0.25,0.0,0.0,-0.2707589268684387,0.0001831517438404262,-0.007736388593912125
1267,13,16,1.0,0.9980145692825317,0,0,-0.25,0.0,0.0,-0.26951467990875244,0.0012554075801745057,-0.005466470494866371
1268,13,17,1.0,0.9958124160766602,0,0,-0.25,0.0,0.0,-0.267993301153183,-0.00011469086166471243,-0.0024632690474390984
1269,13,18,1.0,0.9946300983428955,0,0,-0.25,0.0,0.0,-0.2690471112728119,-0.0002732256834860891,0.004594518803060055
1270,13,19,1.0,0.9916417598724365,0,0,-0.25,0.0,0.0,-0.2693113386631012,0.00041112041799351573,0.008908528834581375
1271,13,20,1.0,0.9928803443908691,0,0,-0.25,0.0,0.0,-0.28024822473526,0.0038899900391697884,0.010747723281383514
1272,13,21,1.0,0.9912651777267456,0,0,-0.25,0.0,0.0,-0.27590832114219666,0.004797661677002907,0.012564929202198982
1273,13,22,1.0,0.9900349974632263,0,0,-0.25,0.0,0.0,-0.2332443743944168,-0.00011893577175214887,0.010886726900935173
1274,13,23,1.0,0.9722201228141785,0,0,0.0,0.0,0.0,-0.1349991261959076,-0.01649640128016472,0.010198833420872688
1275,13,24,1.0,0.9802669882774353,0,0,0.0,0.0,0.0,-0.015900608152151108,-0.045405443757772446,-0.011945029720664024
1276,13,25,1.0,0.9854514598846436,0,0,0.0,0.0,0.0,0.01951802708208561,-0.046009361743927,-0.007786054164171219
1277,13,26,1.0,0.9870015382766724,0,0,0.0,0.0,0.0,0.007774630561470985,0.0739750862121582,-0.008559961803257465
1278,13,27,1.0,0.9885759353637695,0,0,0.0,0.0,0.0,0.010094746015965939,0.07377012073993683,-0.009410139173269272
1279,13,28,1.0,0.9810589551925659,0,0,0.0,0.0,0.0,0.0019254260696470737,0.19176840782165527,-0.000632832758128643
1280,13,29,1.0,0.9810502529144287,0,0,0.0,0.25,0.0,0.0020113689824938774,0.19173485040664673,-0.0006605973467230797
1281,13,30,1.0,0.9847926497459412,0,0,0.0,0.25,0.0,-0.0011361767537891865,0.2668013870716095,0.011131493374705315
1282,13,31,1.0,0.9854273200035095,0,0,0.0,0.25,0.0,-0.0009988982928916812,0.2687050998210907,0.012593148276209831
1283,13,32,1.0,0.9838778376579285,0,0,0.0,0.25,0.0,-0.0008533886866644025,0.27441298961639404,0.0060346852988004684
1284,13,33,1.0,0.9842127561569214,0,0,0.0,0.25,0.0,-0.0004401021869853139,0.27548840641975403,0.0051772622391581535
1285,13,34,1.0,0.98296719789505,0,0,0.0,0.25,0.0,-0.0014803974190726876,0.27729153633117676,0.00553754810243845
1286,13,35,1.0,0.982824981212616,0,0,0.0,0.25,0.0,-0.0009110188111662865,0.276031494140625,0.00465781893581152
1287,13,36,1.0,0.9886389970779419,0,0,0.0,0.25,0.0,-0.0009043982718139887,0.26314499974250793,0.00460472609847784
1288,13,37,1.0,0.9900414943695068,0,0,0.0,0.25,0.0,0.00017882208339869976,0.23338228464126587,0.004691882990300655
1289,13,38,1.0,0.9854640960693359,0,0,0.0,0.25,0.0,0.0011455041822046041,0.1869053840637207,0.004419740289449692
1290,13,39,1.0,0.9887268543243408,0,0,0.0,0.0,0.0,0.0020192223601043224,0.09496228396892548,-0.0026574083603918552
1291,13,40,1.0,0.9853765368461609,0,0,0.0,0.0,0.0,0.0014853074681013823,0.02259012870490551,-0.006815723143517971
1292,13,41,1.0,0.9870458841323853,0,0,0.0,0.0,0.0,0.0017838161438703537,-0.0016887170495465398,-0.009644434787333012
1293,13,42,1.0,0.9787640571594238,0,0,0.0,0.0,0.0,0.0011179642751812935,0.0049766129814088345,-0.01670406572520733
1294,13,43,1.0,0.978903591632843,0,0,0.0,0.0,0.0,0.00114156911149621,0.002499551512300968,-0.016673032194375992
1295,13,44,1.0,0.9763584136962891,0,0,0.0,0.0,0.0,2.26565171033144e-05,0.007870950736105442,-0.004284887108951807
1296,13,45,1.0,0.9763680696487427,0,0,0.0,0.0,0.0,2.5892164558172226e-05,0.0075944350101053715,-0.004331084433943033
1297,13,46,1.0,0.9745007157325745,0,0,0.0,0.25,0.0,-7.55121000111103e-05,0.0030990568920969963,0.003338037058711052
1298,13,47,1.0,0.972813069820404,0,0,0.0,0.0,0.0,0.00029040942899882793,0.02626393921673298,0.02117069996893406
1299,13,48,1.0,0.9779704213142395,0,0,0.0,0.0,0.0,-0.0014892069157212973,0.012720400467514992,0.039017438888549805
1300,13,49,1.0,0.9784476161003113,0,0,0.0,0.0,0.0,-0.0016343456227332354,0.0019213027553632855,0.03971535712480545
1301,13,50,1.0,0.9859199523925781,0,0,0.0,0.0,0.0,0.0003241123631596565,0.002669468056410551,-0.09538108110427856
1302,13,51,1.0,0.9865365624427795,0,0,0.0,0.0,0.0,0.00029928027652204037,0.00228295661509037,-0.10276317596435547
1303,13,52,1.0,0.9955543875694275,0,0,0.0,0.0,0.0,-4.43353783339262e-05,0.0036179255694150925,-0.33235910534858704
1304,13,53,1.0,0.9956144094467163,0,0,0.0,0.0,0.0,-5.086720921099186e-05,0.003596141003072262,-0.3333914875984192
1305,13,54,1.0,1.0013487339019775,0,0,0.0,0.0,-0.5,0.0004342061001807451,0.002872066106647253,-0.42012158036231995
1306,13,55,1.0,0.9906434416770935,0,0,0.0,0.0,-0.5,0.00033494015224277973,-0.0016300425631925464,-0.5338088274002075
1307,13,56,1.0,0.9859318137168884,0,0,0.0,0.0,-0.5,0.0004040610510855913,-0.002047305926680565,-0.528650164604187
1308,13,57,1.0,0.9831224679946899,0,0,0.0,0.0,-0.5,0.0009158519096672535,-0.001675690757110715,-0.527754545211792
1309,13,58,1.0,0.9842613339424133,0,0,0.0,0.0,-0.5,0.0014491919428110123,-0.0014869761653244495,-0.5282108187675476
1310,13,59,1.0,0.9838619828224182,0,0,0.0,0.0,-0.5,0.0010172792244702578,-0.0013780056033283472,-0.5306239724159241
1311,13,60,1.0,0.9831434488296509,0,0,0.0,0.0,-0.5,0.0007826162036508322,-0.0013175862841308117,-0.5381020903587341
1312,13,61,1.0,0.9952220320701599,0,0,0.0,0.0,-0.5,0.001967543736100197,-0.0006146174273453653,-0.5494178533554077
1313,13,62,1.0,0.9993638396263123,0,0,0.0,0.0,-0.5,0.0031981938518583775,-0.0005532075301744044,-0.5476294159889221
1314,13,63,1.0,0.9960755109786987,0,0,0.0,0.0,-0.5,0.002184654586017132,-0.00013645534636452794,-0.5448493361473083
1315,13,64,1.0,0.9688222408294678,0,0,0.0,0.0,-0.5,0.0028423378244042397,-0.0005467962473630905,-0.5211057066917419
1316,13,65,1.0,0.963085412979126,0,0,0.0,0.0,0.0,0.003347173798829317,-0.0007817448931746185,-0.50213223695755
1317,13,66,1.0,1.5171945095062256,0,1,0.0,0.0,0.0,-0.0012743480037897825,0.0019392314134165645,-0.10515996813774109
1318,13,67,1.0,1.542881727218628,0,1,0.0,0.0,0.0,-0.001298943068832159,0.0014150035567581654,-0.09025957435369492
1319,13,68,1.0,2.0257740020751953,0,1,0.0,0.0,0.0,-0.002282902831211686,0.0008064274443313479,0.0117205660790205
1320,13,69,2.0,2.0263867378234863,1,1,0.0,0.0,0.0,-0.002250166842713952,0.0008077764650806785,0.011700736358761787
1321,13,70,2.0,2.0607831478118896,1,1,0.0,0.0,0.0,0.00014558248221874237,-0.0020557865500450134,0.007463203743100166
1322,13,71,2.0,2.0546975135803223,1,1,0.0,0.0,0.0,0.00042579229921102524,-0.002421631943434477,0.001855059526860714
1323,13,72,2.0,2.054659366607666,1,1,0.0,0.0,0.0,0.0010631505865603685,-0.0018114730482921004,0.006214143708348274
1324,13,73,2.0,2.0579769611358643,1,1,0.0,0.0,0.0,-0.0008637680439278483,-0.001983922440558672,0.01628311537206173
1325,13,74,2.0,2.0726444721221924,1,1,0.0,0.0,0.0,0.0007069343701004982,-0.003236623015254736,0.0051122549921274185
1326,13,75,2.0,2.0777597427368164,1,1,0.0,0.0,0.0,0.001239575445652008,-0.003185757901519537,0.0030551431700587273
1327,13,76,2.0,2.0751869678497314,1,1,0.0,0.0,0.0,0.0006340011022984982,-0.0035778917372226715,0.004149589687585831
1328,13,77,2.0,2.0752053260803223,1,1,0.0,0.0,0.0,0.0006246061529964209,-0.003638326656073332,0.0037514567375183105
1329,13,78,1.0,0.9987582564353943,0,0,0.0,0.0,0.0,0.0007219642866402864,-0.0032335789874196053,0.5209659337997437
1330,13,79,1.0,0.9985808730125427,0,0,0.0,0.0,0.0,0.0006981457117944956,-0.0032139401882886887,0.5211456418037415
1331,13,80,1.0,0.9969871044158936,0,0,0.0,0.0,0.0,0.0005765850655734539,-0.0034740990959107876,0.5267788171768188
1332,13,81,1.0,0.996933102607727,0,0,0.0,0.0,0.5,0.0005689673125743866,-0.003472261130809784,0.5268213748931885
1333,13,82,1.0,1.151615858078003,0,0,0.0,0.0,0.5,0.002437590155750513,0.00045923085417598486,0.334236204624176
1334,13,83,1.0,0.9888513088226318,0,0,0.0,0.0,0.5,-0.0007468062685802579,-0.0001985742710530758,0.53163743019104
1335,13,84,1.0,0.9886133074760437,0,0,0.0,0.0,0.5,-0.0006332349730655551,-0.0007426535012200475,0.5287854075431824
1336,13,85,1.0,0.9877713918685913,0,0,0.0,0.0,0.5,-0.00036573235411196947,4.547287244349718e-05,0.5270898342132568
1337,13,86,1.0,0.9880070090293884,0,0,0.0,0.0,0.5,-0.00015268055722117424,-0.001184569438919425,0.5283927917480469
1338,13,87,1.0,0.9857518672943115,0,0,0.0,0.0,0.5,-0.0001023588702082634,-0.002011490287259221,0.5288556218147278
1339,13,88,1.0,0.9910581707954407,0,0,0.0,0.0,0.5,-0.0007957547204568982,-0.002970444969832897,0.5313491225242615
1340,13,89,1.0,0.9912031292915344,0,0,0.0,0.0,0.5,-0.001854201778769493,-0.0018359697423875332,0.5329763889312744
1341,13,90,1.0,0.9936217069625854,0,0,0.0,0.0,0.5,-0.001096947817131877,-0.0016361884772777557,0.5318884253501892
1342,14,0,1.0,0.9869522452354431,0,0,0.0,0.0,0.0,-0.014149478636682034,-0.003427067305892706,0.015208534896373749
1343,14,1,1.0,0.988518476486206,0,0,0.0,0.0,0.0,-0.021257834509015083,-0.0011887697037309408,0.008142149075865746
1344,14,2,1.0,0.9898658990859985,0,0,0.0,0.0,0.0,-0.02513960190117359,0.0007290389621630311,0.003644491545855999
1345,14,3,1.0,0.9898680448532104,0,0,0.0,0.0,0.0,-0.02336876653134823,0.0003751586773432791,0.004692225717008114
1346,14,4,1.0,0.9950074553489685,0,0,0.0,0.0,0.0,0.008364368230104446,0.004150012042373419,-0.020974187180399895
1347,14,5,1.0,0.9950171113014221,0,0,0.0,0.0,0.0,0.00915259774774313,0.0040686652064323425,-0.020386409014463425
1348,14,6,1.0,0.990033745765686,0,0,0.0,0.0,0.0,0.21020184457302094,-0.00315847247838974,-0.024244211614131927
1349,14,7,1.0,0.9900115132331848,0,0,0.0,0.0,0.0,0.21042631566524506,-0.003149949014186859,-0.02406786009669304
1350,14,8,1.0,0.9852414131164551,0,0,0.0,0.0,0.0,0.25095200538635254,-0.003165631555020809,-0.011390121653676033
1351,14,9,1.0,0.9852260947227478,0,0,0.0,0.0,0.0,0.25096604228019714,-0.003159451764076948,-0.01137599442154169
1352,14,10,1.0,0.9859376549720764,0,0,0.25,0.0,0.0,0.25994810461997986,-0.0023451498709619045,-0.007983656600117683
1353,14,11,1.0,0.9884366989135742,0,0,0.25,0.0,0.0,0.2694728374481201,-0.001369432546198368,0.0015962934121489525
1354,14,12,1.0,0.9843698143959045,0,0,0.25,0.0,0.0,0.2711191475391388,-0.002496527973562479,0.005914661101996899
1355,14,13,1.0,0.9825257062911987,0,0,0.25,0.0,0.0,0.27212536334991455,-0.00215866114012897,0.010059479624032974
1356,14,14,1.0,0.9839289784431458,0,0,0.25,0.0,0.0,0.27127766609191895,-0.0005997824482619762,0.01234421320259571
1357,14,15,1.0,0.9822556972503662,0,0,0.25,0.0,0.0,0.2725710868835449,-0.0009812936186790466,0.0072237178683280945
1358,14,16,1.0,0.9833263754844666,0,0,0.25,0.0,0.0,0.2728421986103058,-0.0009943590266630054,0.0063710929825901985
1359,14,17,1.0,0.988835334777832,0,0,0.25,0.0,0.0,0.2717994451522827,-0.00037892075488343835,0.0031259432435035706
1360,14,18,1.0,0.987707257270813,0,0,0.25,0.0,0.0,0.2745684087276459,-0.0009714392945170403,-0.0032072747126221657
1361,14,19,1.0,0.993393063545227,0,0,0.25,0.0,0.0,0.2777279019355774,-0.0018979392480105162,-0.007276005111634731
1362,14,20,1.0,0.9908503890037537,0,0,0.25,0.0,0.0,0.28132742643356323,-0.003959675319492817,-0.0050890385173261166
1363,14,21,1.0,0.988749086856842,0,0,0.25,0.0,0.0,0.274638295173645,-0.0042768181301653385,0.009645039215683937
1364,14,22,1.0,0.9870038032531738,0,0,0.25,0.0,0.0,0.18843217194080353,-0.006179691758006811,0.0035631442442536354
1365,14,23,1.0,0.9944474101066589,0,0,0.0,0.0,0.0,0.1318674236536026,0.004450182430446148,-0.015412820503115654
1366,14,24,1.0,0.9995800852775574,0,0,0.0,0.0,0.0,0.04174603521823883,0.008420474827289581,-0.004108615685254335
1367,14,25,1.0,1.0032131671905518,0,0,0.0,0.0,0.0,0.006581871770322323,0.006416581571102142,-0.007186361588537693
1368,14,26,1.0,1.019115924835205,0,0,0.0,0.0,0.0,-0.017538681626319885,-0.041634079068899155,-0.002317420206964016
1369,14,27,1.0,1.0189305543899536,0,0,0.0,0.0,0.0,-0.021255560219287872,-0.041878338903188705,-0.002318302635103464
1370,14,28,1.0,0.9871650338172913,0,0,0.0,-0.25,0.0,0.0009700413793325424,-0.2297242283821106,0.004100296646356583
1371,14,29,1.0,0.9732956886291504,0,0,0.0,-0.25,0.0,0.0026205074973404408,-0.2673436105251312,0.0021533984690904617
1372,14,30,1.0,0.9803109169006348,0,0,0.0,-0.25,0.0,0.00273597938939929,-0.2741515040397644,-0.0035431324504315853
1373,14,31,1.0,0.9819706678390503,0,0,0.0,-0.25,0.0,0.003012096043676138,-0.2756249010562897,-0.0018181032501161098
1374,14,32,1.0,0.9834315776824951,0,0,0.0,-0.25,0.0,0.004046160262078047,-0.27276355028152466,-0.0002735080197453499
1375,14,33,1.0,0.9871907234191895,0,0,0.0,-0.25,0.0,0.003455202095210552,-0.2738828659057617,0.0027579404413700104
1376,14,34,1.0,0.987330436706543,0,0,0.0,-0.25,0.0,0.0026828059926629066,-0.27168983221054077,0.006752451881766319
1377,14,35,1.0,0.9861134886741638,0,0,0.0,-0.25,0.0,0.004015463404357433,-0.27139630913734436,0.010518498718738556
1378,14,36,1.0,0.9885913133621216,0,0,0.0,-0.25,0.0,0.003487585112452507,-0.275703489780426,0.00802544690668583
1379,14,37,1.0,0.986021876335144,0,0,0.0,-0.25,0.0,0.002089540474116802,-0.27594274282455444,0.0024697519838809967
1380,14,38,1.0,0.9894111156463623,0,0,0.0,-0.25,0.0,0.0010823141783475876,-0.2629599869251251,-0.00599901145324111
1381,14,39,1.0,0.9826188683509827,0,0,0.0,0.0,0.0,0.0015102042816579342,-0.15324106812477112,-0.019730834290385246
1382,14,40,1.0,0.9814987182617188,0,0,0.0,0.0,0.0,0.0011453377082943916,-0.050393808633089066,-0.018573420122265816
1383,14,41,1.0,0.9826546907424927,0,0,0.0,0.0,0.0,0.0013514747843146324,-0.018696298822760582,-0.018846876919269562
1384,14,42,1.0,0.9835355877876282,0,0,0.0,0.0,0.0,0.0011003760155290365,-0.026954106986522675,-0.015233615413308144
1385,14,43,1.0,0.9834789633750916,0,0,0.0,0.0,0.0,0.0010681874118745327,-0.023659005761146545,-0.015302101150155067
1386,14,44,1.0,0.9813888669013977,0,0,0.0,0.0,0.0,-0.0008927677990868688,-0.017755305394530296,0.0016910415142774582
1387,14,45,1.0,0.9813857674598694,0,0,0.0,0.0,0.0,-0.0008994786767289042,-0.017398685216903687,0.0017017209902405739
1388,14,46,1.0,0.980401337146759,0,0,0.0,-0.25,0.0,-0.0007103768875822425,-0.01640915684401989,0.003009893000125885
1389,14,47,1.0,0.977108359336853,0,0,0.0,0.0,0.0,-0.00027854880318045616,-0.020793013274669647,0.023902101442217827
1390,14,48,1.0,0.9734609127044678,0,0,0.0,0.0,0.0,-0.0011784726521000266,-0.007269277237355709,0.05614456534385681
1391,14,49,1.0,0.9743472337722778,0,0,0.0,0.0,0.0,-0.00010058656334877014,0.00013247353490442038,0.044041723012924194
1392,14,50,1.0,1.0023552179336548,0,0,0.0,0.0,0.0,0.0013023123610764742,0.002715949434787035,-0.37459084391593933
1393,14,51,1.0,1.002345323562622,0,0,0.0,0.0,0.0,0.0012841750867664814,0.002867931965738535,-0.37361621856689453
1394,14,52,1.0,1.0034958124160767,0,0,0.0,0.0,0.0,0.0015551154501736164,0.0024658720940351486,-0.4832713305950165
1395,14,53,1.0,1.0034964084625244,0,0,0.0,0.0,0.0,0.0015546656213700771,0.002481225412338972,-0.4831686019897461
1396,14,54,1.0,1.0037106275558472,0,0,0.0,0.0,-0.5,0.0016715722158551216,0.002268348354846239,-0.5001137256622314
1397,14,55,1.0,0.9937125444412231,0,0,0.0,0.0,-0.5,-0.00024469452910125256,-0.0018585112411528826,-0.5315824151039124
1398,14,56,1.0,0.9858430624008179,0,0,0.0,0.0,-0.5,0.0009121086914092302,-0.0018645322415977716,-0.5290165543556213
1399,14,57,1.0,0.984198272228241,0,0,0.0,0.0,-0.5,0.000692268367856741,-0.0017015102785080671,-0.5273182392120361
1400,14,58,1.0,0.9842168092727661,0,0,0.0,0.0,-0.5,0.0014503591228276491,-0.0011827063281089067,-0.5275048017501831
1401,14,59,1.0,0.9906148910522461,0,0,0.0,0.0,-0.5,0.0010158682707697153,-0.0011612670496106148,-0.5359139442443848
1402,14,60,1.0,0.9990807175636292,0,0,0.0,0.0,-0.5,0.0016266338061541319,-0.0010565922129899263,-0.5461686849594116
1403,14,61,1.0,1.0062940120697021,0,0,0.0,0.0,-0.5,0.003466927446424961,0.00026455946499481797,-0.5459337830543518
1404,14,62,1.0,1.0035265684127808,0,0,0.0,0.0,-0.5,0.0033686733804643154,0.000972537905909121,-0.544093668460846
1405,14,63,1.0,0.9983381032943726,0,0,0.0,0.0,-0.5,0.0022826879285275936,0.0015507106436416507,-0.5399817228317261
1406,14,64,1.0,0.9837810397148132,0,0,0.0,0.0,-0.5,0.0031510991975665092,-0.00032014731550589204,-0.47476089000701904
1407,14,65,1.0,0.9858185648918152,0,0,0.0,0.0,0.0,0.003329978324472904,-0.00030570034869015217,-0.46574172377586365
1408,14,66,1.0,2.0270771980285645,0,1,0.0,0.0,0.0,-0.0007407998200505972,-6.515299901366234e-06,0.00971299596130848
1409,14,67,1.0,2.0272624492645264,0,1,0.0,0.0,0.0,-0.0007269607158377767,2.1116866264492273e-05,0.009779101237654686
1410,14,68,1.0,2.0680131912231445,0,1,0.0,0.0,0.0,-0.0004359554732218385,0.0003515018615871668,0.004762329161167145
1411,14,69,2.0,2.068009376525879,1,1,0.0,0.0,0.0,-0.0004355437122285366,0.00035783014027401805,0.004768578335642815
1412,14,70,2.0,2.0589497089385986,1,1,0.0,0.0,0.0,-0.0002693585120141506,-0.002395070157945156,0.0030888747423887253
1413,14,71,2.0,2.0571095943450928,1,1,0.0,0.0,0.0,0.0006920867599546909,-0.003591365646570921,0.004635363817214966
1414,14,72,2.0,2.0721633434295654,1,1,0.0,0.0,0.0,-1.2371456250548363e-05,-0.0023879799991846085,0.004709713160991669
1415,14,73,2.0,2.0695858001708984,1,1,0.0,0.0,0.0,0.00011228653602302074,-0.002280296292155981,0.005765560083091259
1416,14,74,2.0,2.066990852355957,1,1,0.0,0.0,0.0,-0.0004112533060833812,-0.002637223806232214,0.003631245344877243
1417,14,75,2.0,2.0673232078552246,1,1,0.0,0.0,0.0,-0.0007144431583583355,-0.001877941656857729,0.0017334027215838432
1418,14,76,1.0,2.036250114440918,0,1,0.0,0.0,0.0,-0.0014550364576280117,-0.0016291692154482007,-0.0070550707168877125
1419,14,77,1.0,1.1874566078186035,0,0,0.0,0.0,0.0,-3.631529398262501e-05,-0.001814667135477066,0.2608664631843567
1420,14,78,1.0,0.992899477481842,0,0,0.0,0.0,0.0,0.0003012723755091429,-0.0029294188134372234,0.5177099704742432
1421,14,79,1.0,0.992565929889679,0,0,0.0,0.0,0.0,-0.0002103589940816164,-0.002847237978130579,0.5184476971626282
1422,14,80,1.0,0.9914062023162842,0,0,0.0,0.0,0.0,-0.00034680438693612814,-0.00186692806892097,0.5258646011352539
1423,14,81,1.0,0.9913708567619324,0,0,0.0,0.0,0.0,-0.0008938712999224663,-0.0015590920811519027,0.5243372917175293
1424,14,82,1.0,0.9913742542266846,0,0,0.0,0.0,0.5,5.830777809023857e-06,-0.0012875625398010015,0.5238199830055237
1425,14,83,1.0,0.9851420521736145,0,0,0.0,0.0,0.5,-0.0006768489256501198,-0.0013702241703867912,0.5290654897689819
1426,14,84,1.0,0.9881091117858887,0,0,0.0,0.0,0.5,0.0004238670226186514,-0.0031516938470304012,0.5281222462654114
1427,14,85,1.0,0.9859815835952759,0,0,0.0,0.0,0.5,0.0003068423829972744,-0.0014589459169656038,0.5304823517799377
1428,14,86,1.0,0.9878462553024292,0,0,0.0,0.0,0.5,5.637039430439472e-05,-0.0015694673638790846,0.5297670364379883
1429,14,87,1.0,0.9818621873855591,0,0,0.0,0.0,0.5,0.0006251216400414705,8.577655535191298e-06,0.5264248847961426
1430,14,88,1.0,0.9872336983680725,0,0,0.0,0.0,0.5,0.0002492994535714388,-0.0015485576586797833,0.5290862321853638
1431,14,89,1.0,0.9849483966827393,0,0,0.0,0.0,0.5,0.0006391648203134537,-0.0011244374327361584,0.5279901027679443
1432,14,90,1.0,0.9840074777603149,0,0,0.0,0.0,0.5,0.00018211035057902336,-0.0014946195296943188,0.5300701260566711
1433,14,91,1.0,0.9835830330848694,0,0,0.0,0.0,0.5,0.0006016271654516459,-0.0007931559812277555,0.5307404398918152
1434,15,0,1.0,0.9964010715484619,0,0,0.0,0.0,0.0,-0.010824069380760193,-0.005932396277785301,-0.0018827347084879875
1435,15,1,1.0,0.9978598952293396,0,0,0.0,0.0,0.0,-0.01716199889779091,-0.004863077774643898,-0.014976365491747856
1436,15,2,1.0,0.9909896850585938,0,0,0.0,0.0,0.0,-0.018111443147063255,-0.0023585502058267593,-0.01771591790020466
1437,15,3,1.0,0.9906354546546936,0,0,0.0,0.0,0.0,-0.017956741154193878,-0.002727347891777754,-0.018158841878175735
1438,15,4,1.0,0.9892067313194275,0,0,0.0,0.0,0.0,0.017509162425994873,-0.004362608306109905,-0.03994215279817581
1439,15,5,1.0,0.9892382621765137,0,0,0.0,0.0,0.0,0.018820911645889282,-0.00445366557687521,-0.038893215358257294
1440,15,6,1.0,0.9769487977027893,0,0,0.0,0.0,0.0,0.2426450103521347,-0.0006186761311255395,-0.02631232887506485
1441,15,7,1.0,0.9769335985183716,0,0,0.0,0.0,0.0,0.24268056452274323,-0.0006001887377351522,-0.02624174766242504
1442,15,8,1.0,0.9792537093162537,0,0,0.0,0.0,0.0,0.2572475075721741,0.0013243986759334803,-0.021286647766828537
1443,15,9,1.0,0.9792511463165283,0,0,0.0,0.0,0.0,0.2572499215602875,0.0013274378143250942,-0.021273653954267502
1444,15,10,1.0,0.9800266623497009,0,0,0.25,0.0,0.0,0.2662453353404999,0.0015009416965767741,-0.015878112986683846
1445,15,11,1.0,0.9843931794166565,0,0,0.25,0.0,0.0,0.27151206135749817,0.0016222725389525294,-0.007592152804136276
1446,15,12,1.0,0.9879874587059021,0,0,0.25,0.0,0.0,0.2721864581108093,-0.00041561428224667907,-0.0025915890000760555
1447,15,13,1.0,0.9866124391555786,0,0,0.25,0.0,0.0,0.2730042338371277,0.00020671216771006584,0.0004663271829485893
1448,15,14,1.0,0.9826308488845825,0,0,0.25,0.0,0.0,0.27191445231437683,0.00025838520377874374,0.0012830104678869247
1449,15,15,1.0,0.981151819229126,0,0,0.25,0.0,0.0,0.2715548872947693,0.0009680833900347352,0.0013846531510353088
1450,15,16,1.0,0.9802029132843018,0,0,0.25,0.0,0.0,0.2712303102016449,0.0009276919299736619,-0.00042354222387075424
1451,15,17,1.0,0.9813119173049927,0,0,0.25,0.0,0.0,0.27382707595825195,0.0006724309641867876,-0.0016971561126410961
1452,15,18,1.0,0.9935430288314819,0,0,0.25,0.0,0.0,0.2769717872142792,0.0020019137300550938,-0.0013373205438256264
1453,15,19,1.0,0.9876002073287964,0,0,0.25,0.0,0.0,0.2791174650192261,0.0018108809599652886,0.0002731345593929291
1454,15,20,1.0,0.9877757430076599,0,0,0.25,0.0,0.0,0.278462290763855,0.0011356548639014363,0.004371585324406624
1455,15,21,1.0,0.985558271408081,0,0,0.25,0.0,0.0,0.2626765966415405,0.003915871027857065,0.0018134377896785736
1456,15,22,1.0,0.9892951846122742,0,0,0.25,0.0,0.0,0.197461798787117,-0.003549017943441868,0.012297075241804123
1457,15,23,1.0,0.9895384311676025,0,0,0.0,0.0,0.0,0.14878837764263153,-0.021606359630823135,0.013329630717635155
1458,15,24,1.0,1.0127053260803223,0,0,0.0,0.0,0.0,0.027176694944500923,-0.02144065871834755,-0.0006859228014945984
1459,15,25,1.0,1.0067154169082642,0,0,0.0,0.0,0.0,-0.0008479472016915679,0.030681179836392403,0.008035175502300262
1460,15,26,1.0,0.9925167560577393,0,0,0.0,0.0,0.0,-0.006948794703930616,0.16247999668121338,-0.0006899703294038773
1461,15,27,1.0,0.9926588535308838,0,0,0.0,0.0,0.0,-0.008182352408766747,0.165988028049469,-0.0006066327914595604
1462,15,28,1.0,0.9912329912185669,0,0,0.0,0.0,0.0,-0.0021073357202112675,0.24289342761039734,-0.0006243260577321053
1463,15,29,1.0,0.9912719130516052,0,0,0.0,0.25,0.0,-0.0021594001445919275,0.24308806657791138,-0.0006633056327700615
1464,15,30,1.0,0.9838060736656189,0,0,0.0,0.25,0.0,-0.0017107457388192415,0.2700796127319336,0.0024230405688285828
1465,15,31,1.0,0.981492280960083,0,0,0.0,0.25,0.0,-0.0006965292850509286,0.27233046293258667,0.003605913370847702
1466,15,32,1.0,0.9855245351791382,0,0,0.0,0.25,0.0,-0.0023650419898331165,0.27387160062789917,0.0012252647429704666
1467,15,33,1.0,0.9837167263031006,0,0,0.0,0.25,0.0,-0.0006974531570449471,0.27408164739608765,-0.002435529138892889
1468,15,34,1.0,0.9822356700897217,0,0,0.0,0.25,0.0,-0.000653584604151547,0.27361831068992615,0.006626718677580357
1469,15,35,1.0,0.9846308827400208,0,0,0.0,0.25,0.0,-0.00026151095516979694,0.27391159534454346,0.011440068483352661
1470,15,36,1.0,0.9864461421966553,0,0,0.0,0.25,0.0,-4.689302295446396e-05,0.27265608310699463,0.007245970889925957
1471,15,37,1.0,0.9863033890724182,0,0,0.0,0.25,0.0,0.0009966420475393534,0.27573055028915405,0.006802910938858986
1472,15,38,1.0,0.9897594451904297,0,0,0.0,0.25,0.0,0.0007781919557601213,0.24441514909267426,-0.009703018702566624
1473,15,39,1.0,0.9887789487838745,0,0,0.0,0.0,0.0,0.0026718638837337494,0.1942485272884369,-0.01822141744196415
1474,15,40,1.0,0.9800952672958374,0,0,0.0,0.0,0.0,0.0011592248920351267,0.07748579978942871,-0.01699846237897873
1475,15,41,1.0,0.9792289137840271,0,0,0.0,0.0,0.0,0.0012474979739636183,0.03303280100226402,-0.014710841700434685
1476,15,42,1.0,0.9772499203681946,0,0,0.0,0.0,0.0,-7.036956958472729e-05,0.02316603995859623,-0.010233238339424133
1477,15,43,1.0,0.9770848155021667,0,0,0.0,0.0,0.0,-5.377177149057388e-05,0.0181127842515707,-0.009784716181457043
1478,15,44,1.0,0.9753183126449585,0,0,0.0,0.0,0.0,-0.0010402845218777657,0.011136658489704132,0.013979718089103699
1479,15,45,1.0,0.9752855896949768,0,0,0.0,0.0,0.0,-0.0010261181741952896,0.010415748693048954,0.014024078845977783
1480,15,46,1.0,0.9771862030029297,0,0,0.0,0.25,0.0,-0.0005381382070481777,0.007256247568875551,0.011348061263561249
1481,15,47,1.0,0.9798395037651062,0,0,0.0,0.0,0.0,0.0003482312895357609,0.040056172758340836,0.02913813851773739
1482,15,48,1.0,0.9765880703926086,0,0,0.0,0.0,0.0,0.00050014303997159,0.020350489765405655,0.022410372272133827
1483,15,49,1.0,0.9775944352149963,0,0,0.0,0.0,0.0,0.0006585142109543085,0.009982525371015072,0.008620431646704674
1484,15,50,1.0,0.9834505319595337,0,0,0.0,0.0,0.0,0.0014425446279346943,0.006213081069290638,-0.07229690998792648
1485,15,51,1.0,0.9840932488441467,0,0,0.0,0.0,0.0,0.0015170392580330372,0.004910723771899939,-0.08601149171590805
1486,15,52,1.0,0.9932153224945068,0,0,0.0,0.0,0.0,0.0002257565502077341,0.0025495835579931736,-0.3029898405075073
1487,15,53,1.0,0.9933599233627319,0,0,0.0,0.0,-0.5,0.00015517650172114372,0.0024837008677423,-0.3068593442440033
1488,15,54,1.0,0.9917370676994324,0,0,0.0,0.0,-0.5,-0.0003862192388623953,-0.002033099764958024,-0.5285010933876038
1489,15,55,1.0,0.9863200187683105,0,0,0.0,0.0,-0.5,0.000269527779892087,-0.0016571271698921919,-0.5253459215164185
1490,15,56,1.0,0.98587965965271,0,0,0.0,0.0,-0.5,0.0009098488371819258,-0.002068200847133994,-0.527719259262085
1491,15,57,1.0,0.9844179153442383,0,0,0.0,0.0,-0.5,0.0012412660289555788,-0.0019369927467778325,-0.5265922546386719
1492,15,58,1.0,0.9836770296096802,0,0,0.0,0.0,-0.5,0.001876520924270153,-0.002714585978537798,-0.5288442969322205
1493,15,59,1.0,0.9890105128288269,0,0,0.0,0.0,-0.5,0.001657682005316019,-0.00205283984541893,-0.5362528562545776
1494,15,60,1.0,1.0004485845565796,0,0,0.0,0.0,-0.5,0.003938436973839998,-0.0004171006439719349,-0.5445302128791809
1495,15,61,1.0,1.0036674737930298,0,0,0.0,0.0,-0.5,0.0033660605549812317,0.00010332179954275489,-0.5446354746818542
1496,15,62,1.0,0.9892482161521912,0,0,0.0,0.0,-0.5,0.0029068412259221077,0.0013837708393111825,-0.5271822214126587
1497,15,63,1.0,0.9796876311302185,0,0,0.0,0.0,-0.5,0.0023868191055953503,0.0014092482160776854,-0.5155041813850403
1498,15,64,1.0,1.2133939266204834,0,0,0.0,0.0,0.0,0.0025501414202153683,0.004762306809425354,-0.2161034345626831
1499,15,65,1.0,1.2239558696746826,0,0,0.0,0.0,0.0,0.002508709207177162,0.004510282538831234,-0.2057574987411499
1500,15,66,1.0,1.9760537147521973,0,1,0.0,0.0,0.0,0.0004427512176334858,0.0003152354038320482,0.018313443288207054
1501,15,67,1.0,1.9763623476028442,0,1,0.0,0.0,0.0,0.0004612940829247236,0.00031200487865135074,0.018318980932235718
1502,15,68,1.0,2.0287399291992188,0,1,0.0,0.0,0.0,-0.0005805653054267168,0.0014265585923567414,0.014231452718377113
1503,15,69,2.0,2.028797149658203,1,1,0.0,0.0,0.0,-0.0005739673506468534,0.0014209685614332557,0.014210427179932594
1504,15,70,2.0,2.0615367889404297,1,1,0.0,0.0,0.0,0.000424881000071764,-0.0027042911387979984,0.0009954459965229034
1505,15,71,2.0,2.052696943283081,1,1,0.0,0.0,0.0,0.0007315520197153091,-0.0022537624463438988,0.00245493371039629
1506,15,72,2.0,2.062615394592285,1,1,0.0,0.0,0.0,0.0014774061273783445,-0.001988191157579422,0.007452581077814102
1507,15,73,2.0,2.0625298023223877,1,1,0.0,0.0,0.0,0.0009555660653859377,-0.0022426429204642773,0.008661121129989624
1508,15,74,2.0,2.073007583618164,1,1,0.0,0.0,0.0,0.0011781188659369946,-0.0017484899144619703,0.004069657064974308
1509,15,75,1.0,2.065483570098877,0,1,0.0,0.0,0.0,0.0014046477153897285,-0.0021955063566565514,-0.0020498293451964855
1510,15,76,1.0,0.9944148063659668,0,0,0.0,0.0,0.0,-0.00020309863612055779,-0.0030635143630206585,0.5179769992828369
1511,15,77,1.0,0.992279589176178,0,0,0.0,0.0,0.0,-0.00023383600637316704,-0.0027657640166580677,0.5212055444717407
1512,15,78,1.0,0.9926635026931763,0,0,0.0,0.0,0.0,4.1088322177529335e-05,-0.002459865529090166,0.5248045325279236
1513,15,79,1.0,0.9925949573516846,0,0,0.0,0.0,0.0,5.423952825367451e-05,-0.0024616424925625324,0.5248627066612244
1514,15,80,1.0,0.9931963086128235,0,0,0.0,0.0,0.0,0.0004318815190345049,-0.002902412321418524,0.5251055359840393
1515,15,81,1.0,0.9931923747062683,0,0,0.0,0.0,0.5,0.0004348049405962229,-0.0029048314318060875,0.5251249670982361
1516,15,82,1.0,0.9843472242355347,0,0,0.0,0.0,0.5,-0.0005186473717913032,-0.0013520822394639254,0.5304455161094666
1517,15,83,1.0,0.9856268167495728,0,0,0.0,0.0,0.5,0.000771762803196907,-0.0005736653693020344,0.5292009711265564
1518,15,84,1.0,0.9890598654747009,0,0,0.0,0.0,0.5,-0.0010278432164341211,-0.00021114241098985076,0.5314742922782898
1519,15,85,1.0,0.9881449341773987,0,0,0.0,0.0,0.5,-0.0006239896174520254,-0.00024350284365937114,0.5324805378913879
1520,15,86,1.0,0.9858024716377258,0,0,0.0,0.0,0.5,-0.00012572226114571095,0.00026821403298527,0.5304067730903625
1521,15,87,1.0,0.9867326021194458,0,0,0.0,0.0,0.5,-0.0001218956895172596,-0.0005250168032944202,0.5304703116416931
1522,15,88,1.0,0.9911764860153198,0,0,0.0,0.0,0.5,-0.0007604118436574936,0.0002494364161975682,0.5319108963012695
1523,15,89,1.0,0.9876456260681152,0,0,0.0,0.0,0.5,-0.0004379951860755682,0.0004650368355214596,0.5292481780052185
1524,15,90,1.0,0.9880738258361816,0,0,0.0,0.0,0.5,0.0004279778804630041,0.0005581238074228168,0.530673623085022
1525,16,0,1.0,0.99825119972229,0,0,0.0,0.0,0.0,0.03558362275362015,-0.011043119244277477,0.007845940068364143
1526,16,1,1.0,0.9941739439964294,0,0,0.0,0.0,0.0,0.02915470115840435,-0.011262149550020695,0.00116073340177536
1527,16,2,1.0,0.9951066374778748,0,0,0.0,0.0,0.0,0.02946418710052967,-0.007054843008518219,0.016000667586922646
1528,16,3,1.0,0.9954246282577515,0,0,0.0,0.0,0.0,0.031125688925385475,-0.0072888778522610664,0.01721993461251259
1529,16,4,1.0,0.9894117116928101,0,0,0.0,0.0,0.0,0.012741758488118649,-0.006608990486711264,0.011700667440891266
1530,16,5,1.0,0.989475667476654,0,0,0.0,0.0,0.0,0.01328593585640192,-0.006681232713162899,0.012114830315113068
1531,16,6,1.0,0.985629141330719,0,0,0.0,0.0,0.0,-0.1390075832605362,0.002682741731405258,0.0017366139218211174
1532,16,7,1.0,0.9855982065200806,0,0,0.0,0.0,0.0,-0.13888917863368988,0.002681698650121689,0.001887231133878231
1533,16,8,1.0,0.9879732131958008,0,0,0.0,0.0,0.0,-0.1400156170129776,0.002720932476222515,-0.00046393368393182755
1534,16,9,1.0,0.9879676103591919,0,0,0.0,0.0,0.0,-0.13999278843402863,0.0027187070809304714,-0.00042806006968021393
1535,16,10,1.0,0.9977879524230957,0,0,-0.25,0.0,0.0,-0.1946040391921997,0.0017876356141641736,-0.005733180791139603
1536,16,11,1.0,0.996078372001648,0,0,-0.25,0.0,0.0,-0.2646626830101013,-0.004999768920242786,-0.015406731516122818
1537,16,12,1.0,1.0014708042144775,0,0,-0.25,0.0,0.0,-0.2681054472923279,-0.0020563933067023754,-0.013616404496133327
1538,16,13,1.0,0.9985102415084839,0,0,-0.25,0.0,0.0,-0.26843520998954773,-0.0019882642664015293,-0.011458001099526882
1539,16,14,1.0,0.9990109801292419,0,0,-0.25,0.0,0.0,-0.26960718631744385,-0.0008839138317853212,-0.016935519874095917
1540,16,15,1.0,0.9999678134918213,0,0,-0.25,0.0,0.0,-0.26939839124679565,-0.00014830881264060736,-0.023099185898900032
1541,16,16,1.0,0.9984761476516724,0,0,-0.25,0.0,0.0,-0.26963451504707336,0.0008374372264370322,-0.01982441544532776
1542,16,17,1.0,0.9969398975372314,0,0,-0.25,0.0,0.0,-0.2670769691467285,6.91205495968461e-05,-0.019036829471588135
1543,16,18,1.0,0.993728756904602,0,0,-0.25,0.0,0.0,-0.26610276103019714,-0.0008832263411022723,-0.0044969553127884865
1544,16,19,1.0,0.9929601550102234,0,0,-0.25,0.0,0.0,-0.26790809631347656,-0.0019417786970734596,-0.001964485738426447
1545,16,20,1.0,0.9958726763725281,0,0,-0.25,0.0,0.0,-0.27066195011138916,-0.0011826991103589535,-0.0003669140860438347
1546,16,21,1.0,0.9950482845306396,0,0,-0.25,0.0,0.0,-0.27449744939804077,-0.0006441350560635328,0.003709612414240837
1547,16,22,1.0,1.0005046129226685,0,0,-0.25,0.0,0.0,-0.2735487222671509,0.0013611052418127656,0.010364275425672531
1548,16,23,1.0,1.006572961807251,0,0,-0.25,0.0,0.0,-0.22579875588417053,0.00729765510186553,0.013007476925849915
1549,16,24,1.0,1.0126179456710815,0,0,0.0,0.0,0.0,-0.10452181845903397,0.014083927497267723,0.011017713695764542
1550,16,25,1.0,1.007737398147583,0,0,0.0,0.0,0.0,-0.016468459740281105,0.01245749369263649,0.0011486075818538666
1551,16,26,1.0,0.9982404112815857,0,0,0.0,0.0,0.0,0.020174896344542503,-0.002215661108493805,-0.011467985808849335
1552,16,27,1.0,0.9942805171012878,0,0,0.0,0.0,0.0,0.0365460142493248,-0.005326047074049711,-0.011519333347678185
1553,16,28,1.0,0.9895986318588257,0,0,0.0,0.0,0.0,0.01108489464968443,-0.14126473665237427,0.0025535253807902336
1554,16,29,1.0,0.9891773462295532,0,0,0.0,0.0,0.0,0.011793277226388454,-0.14195886254310608,0.0025373222306370735
1555,16,30,1.0,0.985252320766449,0,0,0.0,-0.25,0.0,0.00902144331485033,-0.22083018720149994,0.008218757808208466
1556,16,31,1.0,0.973774254322052,0,0,0.0,-0.25,0.0,0.003969286102801561,-0.26793476939201355,0.008337333798408508
1557,16,32,1.0,0.976101815700531,0,0,0.0,-0.25,0.0,0.003135280217975378,-0.27377498149871826,0.005051346495747566
1558,16,33,1.0,0.9811992645263672,0,0,0.0,-0.25,0.0,0.0023271976970136166,-0.2767501473426819,-0.00013171136379241943
1559,16,34,1.0,0.9822794795036316,0,0,0.0,-0.25,0.0,0.002130135428160429,-0.2782873511314392,-0.00127871660515666
1560,16,35,1.0,0.9864450097084045,0,0,0.0,-0.25,0.0,0.0022155032493174076,-0.2786594033241272,0.000333370640873909
1561,16,36,1.0,0.9848923087120056,0,0,0.0,-0.25,0.0,0.002045297995209694,-0.28002801537513733,0.007275467738509178
1562,16,37,1.0,0.9810351133346558,0,0,0.0,-0.25,0.0,0.0026225638575851917,-0.2758576273918152,0.009974531829357147
1563,16,38,1.0,0.9840285778045654,0,0,0.0,-0.25,0.0,0.002027018927037716,-0.28552746772766113,0.01043652929365635
1564,16,39,1.0,0.9900996685028076,0,0,0.0,-0.25,0.0,0.0008825976401567459,-0.2871512472629547,0.009369788691401482
1565,16,40,1.0,0.992388129234314,0,0,0.0,0.0,0.0,0.0009132602717727423,-0.16080129146575928,0.00516927894204855
1566,16,41,1.0,0.9871671199798584,0,0,0.0,0.0,0.0,-0.00015630130656063557,-0.057819169014692307,0.0033737439662218094
1567,16,42,1.0,0.9875633120536804,0,0,0.0,0.0,0.0,-0.00044991879258304834,-0.0332978218793869,-0.010982301086187363
1568,16,43,1.0,0.9860066175460815,0,0,0.0,0.0,0.0,-0.00012508011423051357,-0.021850695833563805,-0.012630279175937176
1569,16,44,1.0,0.978782594203949,0,0,0.0,0.0,0.0,0.0016156563069671392,-0.02553422376513481,-0.017370346933603287
1570,16,45,1.0,0.9787397980690002,0,0,0.0,0.0,0.0,0.0016241162084043026,-0.024430813267827034,-0.017294611781835556
1571,16,46,1.0,0.9791025519371033,0,0,0.0,-0.25,0.0,0.0008341155480593443,-0.0257060956209898,-0.014404620975255966
1572,16,47,1.0,0.979660153388977,0,0,0.0,0.0,0.0,0.001500486396253109,-0.042398009449243546,0.0017346357926726341
1573,16,48,1.0,0.9804024696350098,0,0,0.0,0.0,0.0,0.0006676765624433756,-0.010031028650701046,-0.008608631789684296
1574,16,49,1.0,0.9786498546600342,0,0,0.0,0.0,0.0,0.00021791341714560986,-0.007246819790452719,-0.0004572896286845207
1575,16,50,1.0,0.9853308200836182,0,0,0.0,0.0,0.0,0.0013504407834261656,0.00024267390836030245,-0.06575090438127518
1576,16,51,1.0,0.9852287173271179,0,0,0.0,0.0,0.0,0.0013301377184689045,0.0008096605306491256,-0.06545719504356384
1577,16,52,1.0,0.9935697317123413,0,0,0.0,0.0,0.0,0.0016843858174979687,0.0011674888664856553,-0.23490417003631592
1578,16,53,1.0,0.9935689568519592,0,0,0.0,0.0,0.0,0.0016884338110685349,0.0012096617138013244,-0.2347857803106308
1579,16,54,1.0,0.9934930205345154,0,0,0.0,0.0,0.0,0.0020409850403666496,0.0007057884940877557,-0.1787763088941574
1580,16,55,1.0,0.9934931993484497,0,0,0.0,0.0,-0.5,0.002041795291006565,0.0007176221115514636,-0.17875146865844727
1581,16,56,1.0,0.9931247234344482,0,0,0.0,0.0,-0.5,-5.9646088629961014e-05,-0.00044610846089199185,-0.5371872782707214
1582,16,57,1.0,0.9861986041069031,0,0,0.0,0.0,-0.5,0.00034033809788525105,-0.0009848002810031176,-0.5336505770683289
1583,16,58,1.0,0.9843611717224121,0,0,0.0,0.0,-0.5,0.00043994816951453686,-0.0013227250892668962,-0.5272004008293152
1584,16,59,1.0,0.9846276640892029,0,0,0.0,0.0,-0.5,0.00022917985916137695,-0.0014851187588647008,-0.5246307253837585
1585,16,60,1.0,0.9833372831344604,0,0,0.0,0.0,-0.5,0.001153784804046154,-0.0020036811474710703,-0.5290551781654358
1586,16,61,1.0,0.9879853129386902,0,0,0.0,0.0,-0.5,0.0010579857043921947,-0.002262844704091549,-0.5302642583847046
1587,16,62,1.0,1.0034067630767822,0,0,0.0,0.0,-0.5,0.0009749196469783783,-0.0009705551201477647,-0.5463048815727234
1588,16,63,1.0,1.000423789024353,0,0,0.0,0.0,-0.5,0.002596843522042036,-0.0006412625662051141,-0.5473465323448181
1589,16,64,1.0,0.9991112947463989,0,0,0.0,0.0,-0.5,0.003454189281910658,0.0007489039562642574,-0.5449737906455994
1590,16,65,1.0,0.9897657036781311,0,0,0.0,0.0,-0.5,0.002943039871752262,0.0015907216584309936,-0.5360349416732788
1591,16,66,1.0,0.9701132774353027,0,0,0.0,0.0,0.0,0.0013571565505117178,0.0018063298193737864,-0.4796914756298065
1592,16,67,1.0,0.9691946506500244,0,0,0.0,0.0,0.0,0.00135083869099617,0.0017455181805416942,-0.46964484453201294
1593,16,68,1.0,1.7459080219268799,0,1,0.0,0.0,0.0,0.0019700955599546432,-0.002594231627881527,0.008174808695912361
1594,16,69,1.0,1.7474145889282227,0,1,0.0,0.0,0.0,0.002019935753196478,-0.0025993050076067448,0.009720129892230034
1595,16,70,1.0,2.0170786380767822,0,1,0.0,0.0,0.0,2.707354724407196e-06,0.0008760292548686266,0.01115383580327034
1596,16,71,2.0,2.0170376300811768,1,1,0.0,0.0,0.0,1.448206603527069e-07,0.0008955375524237752,0.011193761602044106
1597,16,72,2.0,2.066131591796875,1,1,0.0,0.0,0.0,1.3526761904358864e-05,-0.001753020565956831,0.001487485133111477
1598,16,73,2.0,2.0634498596191406,1,1,0.0,0.0,0.0,0.0009007512126117945,-0.003538922406733036,0.009674545377492905
1599,16,74,2.0,2.049574613571167,1,1,0.0,0.0,0.0,-1.4116056263446808e-05,-0.004666111897677183,0.006518072448670864
1600,16,75,2.0,2.0521020889282227,1,1,0.0,0.0,0.0,0.0004288910422474146,0.0012047227937728167,0.00975118950009346
1601,16,76,2.0,2.058161735534668,1,1,0.0,0.0,0.0,0.001210658811032772,-0.0028515756130218506,0.009333575144410133
1602,16,77,2.0,2.0584380626678467,1,1,0.0,0.0,0.0,0.0014671282842755318,-0.003089765552431345,0.009795576333999634
1603,16,78,2.0,2.0784189701080322,1,1,0.0,0.0,0.0,0.0020396155305206776,-0.0031342245638370514,0.0029307641088962555
1604,16,79,2.0,2.0261313915252686,1,1,0.0,0.0,0.0,0.0015327089931815863,-0.0016814044211059809,0.016964737325906754
1605,16,80,1.0,1.952831506729126,0,1,0.0,0.0,0.0,0.0003968572709709406,-0.0032683899626135826,0.0037003057077527046
1606,16,81,1.0,1.835287094116211,0,1,0.0,0.0,0.0,0.001135534606873989,-0.0022362140007317066,0.05926952511072159
1607,16,82,1.0,1.0038890838623047,0,0,0.0,0.0,0.0,-0.0003170390846207738,-0.0027633467689156532,0.5071540474891663
1608,16,83,1.0,1.0202611684799194,0,0,0.0,0.0,0.0,0.0007133849430829287,-0.002142430981621146,0.48584628105163574
1609,16,84,1.0,1.0092477798461914,0,0,0.0,0.0,0.5,0.0007232627831399441,-0.003059674985706806,0.5074832439422607
1610,16,85,1.0,0.992067277431488,0,0,0.0,0.0,0.5,0.0008170648943632841,-0.002403159625828266,0.5282232761383057
1611,16,86,1.0,0.9910946488380432,0,0,0.0,0.0,0.5,-0.0008760262280702591,-0.0016732004005461931,0.5314780473709106
1612,16,87,1.0,0.9889163970947266,0,0,0.0,0.0,0.5,-0.0009860317222774029,-0.0005752005381509662,0.5329651832580566
1613,16,88,1.0,0.9902986288070679,0,0,0.0,0.0,0.5,-0.000855805235914886,-0.002046470995992422,0.5310378670692444
1614,16,89,1.0,0.9911049008369446,0,0,0.0,0.0,0.5,-0.0006454352987930179,-0.001579392934218049,0.5325332283973694
1615,16,90,1.0,0.9908552765846252,0,0,0.0,0.0,0.5,-0.0006947405636310577,-0.0018896515248343349,0.5312226414680481
1616,16,91,1.0,0.986879825592041,0,0,0.0,0.0,0.5,-0.0003670585574582219,-0.0010650032199919224,0.5317685008049011
1617,16,92,1.0,0.9837948679924011,0,0,0.0,0.0,0.5,-0.0005188130307942629,-0.002315049059689045,0.5295249223709106
1618,16,93,1.0,0.9831933379173279,0,0,0.0,0.0,0.5,0.0008697507437318563,-0.0018283780664205551,0.5306737422943115
1619,17,0,1.0,0.998447835445404,0,0,0.0,0.0,0.0,0.03382161259651184,-0.0033237477764487267,0.013620693236589432
1620,17,1,1.0,0.9938330054283142,0,0,0.0,0.0,0.0,0.02619435451924801,-0.002629347611218691,0.008446073159575462
1621,17,2,1.0,0.9999430775642395,0,0,0.0,0.0,0.0,0.02873583883047104,0.0013116011396050453,0.020426400005817413
1622,17,3,1.0,1.000436544418335,0,0,0.0,0.0,0.0,0.030726773664355278,0.0011613647220656276,0.02183198556303978
1623,17,4,1.0,0.9998560547828674,0,0,0.0,0.0,0.0,0.010120776481926441,-6.583821959793568e-05,0.013130737468600273
1624,17,5,1.0,1.0000159740447998,0,0,0.0,0.0,0.0,0.010949750430881977,-0.00010728120105341077,0.013636840507388115
1625,17,6,1.0,0.9949873089790344,0,0,0.0,0.0,0.0,-0.1615809053182602,4.709401400759816e-05,-0.002365809865295887
1626,17,7,1.0,0.9949701428413391,0,0,0.0,0.0,0.0,-0.1614898443222046,4.194804932922125e-05,-0.0022684880532324314
1627,17,8,1.0,0.9946382641792297,0,0,0.0,0.0,0.0,-0.1811942458152771,-0.0009922001045197248,-0.0027659470215439796
1628,17,9,1.0,0.9946382641792297,0,0,0.0,0.0,0.0,-0.18118038773536682,-0.0009926245547831059,-0.0027375854551792145
1629,17,10,1.0,0.9943618774414062,0,0,0.0,0.0,0.0,-0.19716747105121613,-0.0002998486743308604,-0.008318156935274601
1630,17,11,1.0,0.9943616390228271,0,0,-0.25,0.0,0.0,-0.1971656233072281,-0.00030019503901712596,-0.008311985991895199
1631,17,12,1.0,0.9941710829734802,0,0,-0.25,0.0,0.0,-0.26903611421585083,-0.0020174002274870872,-0.01304073166102171
1632,17,13,1.0,0.9944185614585876,0,0,-0.25,0.0,0.0,-0.27004045248031616,-0.0014304651413112879,-0.01116962917149067
1633,17,14,1.0,0.9920151829719543,0,0,-0.25,0.0,0.0,-0.269909143447876,0.0003459809231571853,-0.0064559755846858025
1634,17,15,1.0,0.9954269528388977,0,0,-0.25,0.0,0.0,-0.26887646317481995,-0.00040550209814682603,-0.007475532591342926
1635,17,16,1.0,0.998162567615509,0,0,-0.25,0.0,0.0,-0.27028608322143555,-8.400529623031616e-05,-0.010763309895992279
1636,17,17,1.0,0.9990535974502563,0,0,-0.25,0.0,0.0,-0.27075886726379395,0.00018317520152777433,-0.007736173924058676
1637,17,18,1.0,0.9980145692825317,0,0,-0.25,0.0,0.0,-0.26951467990875244,0.0012554075801745057,-0.005466381087899208
1638,17,19,1.0,0.9958123564720154,0,0,-0.25,0.0,0.0,-0.267993301153183,-0.00011469348100945354,-0.002463188488036394
1639,17,20,1.0,0.9946301579475403,0,0,-0.25,0.0,0.0,-0.26904717087745667,-0.0002732126449700445,0.004594461061060429
1640,17,21,1.0,0.9916418194770813,0,0,-0.25,0.0,0.0,-0.2693113386631012,0.00041112041799351573,0.008908519521355629
1641,17,22,1.0,0.9928803443908691,0,0,-0.25,0.0,0.0,-0.2802481949329376,0.003890010993927717,0.010747719556093216
1642,17,23,1.0,0.991265058517456,0,0,-0.25,0.0,0.0,-0.27590835094451904,0.004797658883035183,0.01256495900452137
1643,17,24,1.0,0.9900349974632263,0,0,-0.25,0.0,0.0,-0.2332443743944168,-0.00011893577175214887,0.010886715725064278
1644,17,25,1.0,0.9722201824188232,0,0,0.0,0.0,0.0,-0.1349991261959076,-0.01649639569222927,0.010198874399065971
1645,17,26,1.0,0.9802669882774353,0,0,0.0,0.0,0.0,-0.015900682657957077,-0.045405443757772446,-0.011945093981921673
1646,17,27,1.0,0.9854514598846436,0,0,0.0,0.0,0.0,0.0195180494338274,-0.04600934684276581,-0.00778610585257411
1647,17,28,1.0,0.9870015382766724,0,0,0.0,0.0,0.0,0.007774621248245239,0.0739750862121582,-0.008559955283999443
1648,17,29,1.0,0.9885758757591248,0,0,0.0,0.0,0.0,0.010094746015965939,0.07377010583877563,-0.009410139173269272
1649,17,30,1.0,0.9810589551925659,0,0,0.0,0.0,0.0,0.0019254260696470737,0.19176840782165527,-0.0006328364834189415
1650,17,31,1.0,0.9810503125190735,0,0,0.0,0.25,0.0,0.002011380158364773,0.19173486530780792,-0.0006606122478842735
1651,17,32,1.0,0.9847925901412964,0,0,0.0,0.25,0.0,-0.001136169652454555,0.2668014168739319,0.011131519451737404
1652,17,33,1.0,0.9854273796081543,0,0,0.0,0.25,0.0,-0.0009988968959078193,0.2687050998210907,0.012593194842338562
1653,17,34,1.0,0.9838777780532837,0,0,0.0,0.25,0.0,-0.0008533858926966786,0.27441295981407166,0.006034628488123417
1654,17,35,1.0,0.9842126965522766,0,0,0.0,0.25,0.0,-0.00044011056888848543,0.27548837661743164,0.005177305079996586
1655,17,36,1.0,0.98296719789505,0,0,0.0,0.25,0.0,-0.0014803946251049638,0.27729156613349915,0.005537490360438824
1656,17,37,1.0,0.9828249216079712,0,0,0.0,0.25,0.0,-0.0009110301034525037,0.276031494140625,0.00465781893581152
1657,17,38,1.0,0.9886389374732971,0,0,0.0,0.25,0.0,-0.0009043897734954953,0.26314499974250793,0.00460474006831646
1658,17,39,1.0,0.9900414347648621,0,0,0.0,0.25,0.0,0.0001787967048585415,0.2333822399377823,0.0046918438747525215
1659,17,40,1.0,0.9854640960693359,0,0,0.0,0.25,0.0,0.0011455211788415909,0.1869053691625595,0.00441970769315958
1660,17,41,1.0,0.9887268543243408,0,0,0.0,0.0,0.0,0.0020192167721688747,0.09496225416660309,-0.0026573925279080868
1661,17,42,1.0,0.9853765368461609,0,0,0.0,0.0,0.0,0.00148531305603683,0.022590098902583122,-0.006815798580646515
1662,17,43,1.0,0.9870458841323853,0,0,0.0,0.0,0.0,0.0017838329076766968,-0.001688698772341013,-0.009644461795687675
1663,17,44,1.0,0.9787640571594238,0,0,0.0,0.0,0.0,0.0011179810389876366,0.004976626019924879,-0.016704048961400986
1664,17,45,1.0,0.978903591632843,0,0,0.0,0.0,0.0,0.0011415802873671055,0.0024995277635753155,-0.01667303591966629
1665,17,46,1.0,0.9763583540916443,0,0,0.0,0.0,0.0,2.2653723135590553e-05,0.007870940491557121,-0.004284865688532591
1666,17,47,1.0,0.9763680696487427,0,0,0.0,0.25,0.0,2.5900546461343765e-05,0.007594425696879625,-0.0043310485780239105
1667,17,48,1.0,0.975703775882721,0,0,0.0,0.25,0.0,0.00011406070552766323,0.024668380618095398,0.01857753098011017
1668,17,49,1.0,0.9791543483734131,0,0,0.0,0.0,0.0,-0.0005943268770352006,0.03834434971213341,0.03983183205127716
1669,17,50,1.0,0.9740036129951477,0,0,0.0,0.0,0.0,-0.0017237527063116431,0.018348190933465958,0.04357483983039856
1670,17,51,1.0,0.976396381855011,0,0,0.0,0.0,0.0,-0.0017378570046275854,0.005942327436059713,0.03873416781425476
1671,17,52,1.0,0.9901471734046936,0,0,0.0,0.0,0.0,0.00035061989910900593,0.0019409320084378123,-0.1756678819656372
1672,17,53,1.0,0.9851860404014587,0,0,0.0,0.0,0.0,-8.396129123866558e-05,0.0010629539610818028,-0.11074912548065186
1673,17,54,1.0,0.997861385345459,0,0,0.0,0.0,0.0,0.00019614072516560555,0.0034748739562928677,-0.3582806885242462
1674,17,55,1.0,0.9979312419891357,0,0,0.0,0.0,0.0,0.00018961611203849316,0.0034598945640027523,-0.3598884344100952
1675,17,56,1.0,0.9977790117263794,0,0,0.0,0.0,-0.5,0.00017713685519993305,0.0031879679299890995,-0.369970440864563
1676,17,57,1.0,0.9964931607246399,0,0,0.0,0.0,-0.5,0.0007439784239977598,-0.001246223459020257,-0.5354891419410706
1677,17,58,1.0,0.9876120686531067,0,0,0.0,0.0,-0.5,0.0003992288839071989,-0.0019529260462149978,-0.5302833318710327
1678,17,59,1.0,0.984022319316864,0,0,0.0,0.0,-0.5,0.0004669430200010538,-0.0012987577356398106,-0.5278329253196716
1679,17,60,1.0,0.9844062328338623,0,0,0.0,0.0,-0.5,0.0013232005294412374,-0.0011912155896425247,-0.5301217436790466
1680,17,61,1.0,0.9829494953155518,0,0,0.0,0.0,-0.5,0.0014688021037727594,-0.0015538624720647931,-0.5323705077171326
1681,17,62,1.0,0.9803066253662109,0,0,0.0,0.0,-0.5,0.0016505601815879345,-0.0012108853552490473,-0.538941502571106
1682,17,63,1.0,0.9971893429756165,0,0,0.0,0.0,-0.5,0.0016566868871450424,-0.0009070269879885018,-0.5473904609680176
1683,17,64,1.0,1.003021240234375,0,0,0.0,0.0,-0.5,0.0027989502996206284,-0.0002709544787649065,-0.549760103225708
1684,17,65,1.0,1.0038306713104248,0,0,0.0,0.0,-0.5,0.002731978427618742,-0.0001604526478331536,-0.5500686764717102
1685,17,66,1.0,0.9663286209106445,0,0,0.0,0.0,-0.5,0.003541155718266964,-0.0014691157266497612,-0.5219557285308838
1686,17,67,1.0,0.9666366577148438,0,0,0.0,0.0,-0.5,0.0030939835123717785,-0.0014906787546351552,-0.505975067615509
1687,17,68,1.0,1.6672738790512085,0,1,0.0,0.0,-0.5,0.0002449385356158018,-0.0005533309304155409,-0.08206583559513092
1688,17,69,1.0,1.6912589073181152,0,1,0.0,0.0,0.0,0.00022699381224811077,-0.0009997966699302197,-0.06892476975917816
1689,17,70,1.0,2.041398048400879,0,1,0.0,0.0,0.0,-0.0012966806534677744,0.0008110811468213797,0.008057933300733566
1690,17,71,1.0,2.0417864322662354,0,1,0.0,0.0,0.0,-0.0012886370532214642,0.0007946329424157739,0.007952038198709488
1691,17,72,2.0,2.044008493423462,1,1,0.0,0.0,0.0,-0.001321360352449119,0.0011451798491179943,0.0076009780168533325
1692,17,73,2.0,2.0582494735717773,1,1,0.0,0.0,0.0,-2.0917272195219994e-05,-0.0018794251373037696,0.0021843453869223595
1693,17,74,2.0,2.059826135635376,1,1,0.0,0.0,0.0,-5.602557212114334e-05,-0.002034524455666542,0.0020446665585041046
1694,17,75,2.0,2.054239273071289,1,1,0.0,0.0,0.0,0.000470020342618227,-0.002574050799012184,0.008181976154446602
1695,17,76,2.0,2.063164234161377,1,1,0.0,0.0,0.0,0.0006691841408610344,-0.002211838960647583,0.007299700751900673
1696,17,77,2.0,2.060563325881958,1,1,0.0,0.0,0.0,0.0009777520317584276,-0.0029394254088401794,0.006655607372522354
1697,17,78,2.0,2.0734620094299316,1,1,0.0,0.0,0.0,0.0012267970014363527,-0.004223816096782684,0.002307395450770855
1698,17,79,2.0,2.0704457759857178,1,1,0.0,0.0,0.0,0.00170589005574584,-0.004194467328488827,0.0037493444979190826
1699,17,80,2.0,1.432508945465088,1,0,0.0,0.0,0.0,0.004384489264339209,-0.000538922380656004,0.2065526247024536
1700,17,81,1.0,0.9927639961242676,0,0,0.0,0.0,0.0,0.0004990752786397934,-0.0018621404888108373,0.5280928015708923
1701,17,82,1.0,1.0119855403900146,0,0,0.0,0.0,0.0,0.0010796478018164635,-0.0029629990458488464,0.500605046749115
1702,17,83,1.0,1.0022594928741455,0,0,0.0,0.0,0.0,0.0009820377454161644,-0.002901068888604641,0.5182346105575562
1703,17,84,1.0,0.9987354874610901,0,0,0.0,0.0,0.0,0.001809585839509964,-0.0026319948956370354,0.518023669719696
1704,17,85,1.0,1.0004723072052002,0,0,0.0,0.0,0.5,0.0014968221075832844,-0.0032934797927737236,0.5207660794258118
1705,17,86,1.0,0.9862088561058044,0,0,0.0,0.0,0.5,-0.0003675459884107113,-0.0014081993140280247,0.5326353311538696
1706,17,87,1.0,0.9875830411911011,0,0,0.0,0.0,0.5,-0.0005789329297840595,-3.490719245746732e-05,0.5317662954330444
1707,17,88,1.0,0.9895944595336914,0,0,0.0,0.0,0.5,-0.0014159772545099258,-0.0008080885745584965,0.5292689204216003
1708,17,89,1.0,0.9881873726844788,0,0,0.0,0.0,0.5,-0.00041145551949739456,-0.0008007555734366179,0.5293042659759521
1709,17,90,1.0,0.9903542995452881,0,0,0.0,0.0,0.5,-0.0007541960803791881,-0.0013192271580919623,0.5283578634262085
1710,17,91,1.0,0.9914982914924622,0,0,0.0,0.0,0.5,-0.0006839553825557232,-0.0019450548570603132,0.5268482565879822
1711,17,92,1.0,0.9913634657859802,0,0,0.0,0.0,0.5,0.00012124679051339626,-0.0020796884782612324,0.5302101969718933
1712,17,93,1.0,0.9904235005378723,0,0,0.0,0.0,0.5,-0.0010521882213652134,-0.0018478749552741647,0.5319088697433472
1713,17,94,1.0,0.9929439425468445,0,0,0.0,0.0,0.5,-0.0008075920632109046,-0.001675328123383224,0.5322649478912354
1714,18,0,1.0,0.9869522452354431,0,0,0.0,0.0,0.0,-0.014149492606520653,-0.0034270542673766613,0.015208538621664047
1715,18,1,1.0,0.9885185360908508,0,0,0.0,0.0,0.0,-0.02125784568488598,-0.0011887827422469854,0.008142149075865746
1716,18,2,1.0,0.9898658990859985,0,0,0.0,0.0,0.0,-0.02513960376381874,0.0007290324429050088,0.0036445055156946182
1717,18,3,1.0,0.9898681044578552,0,0,0.0,0.0,0.0,-0.02336876653134823,0.000375174917280674,0.004692277871072292
1718,18,4,1.0,0.9950074553489685,0,0,0.0,0.0,0.0,0.008364382199943066,0.004150003660470247,-0.020974207669496536
1719,18,5,1.0,0.9950171113014221,0,0,0.0,0.0,0.0,0.009152594953775406,0.0040686409920454025,-0.020386405289173126
1720,18,6,1.0,0.990033745765686,0,0,0.0,0.0,0.0,0.21020182967185974,-0.003158483188599348,-0.024244233965873718
1721,18,7,1.0,0.99001145362854,0,0,0.0,0.0,0.0,0.21042631566524506,-0.003149941097944975,-0.02406785637140274
1722,18,8,1.0,0.9852414131164551,0,0,0.0,0.0,0.0,0.2509520351886749,-0.003165631555020809,-0.011390170082449913
1723,18,9,1.0,0.985226035118103,0,0,0.0,0.0,0.0,0.25096601247787476,-0.0031594494357705116,-0.011376019567251205
1724,18,10,1.0,0.9853028059005737,0,0,0.0,0.0,0.0,0.2468416839838028,-0.0024807648733258247,-0.012852676212787628
1725,18,11,1.0,0.9852989315986633,0,0,0.0,0.0,0.0,0.24684551358222961,-0.002479527611285448,-0.01284894347190857
1726,18,12,1.0,0.9855671525001526,0,0,0.25,0.0,0.0,0.2608508765697479,-0.002224540337920189,-0.007640290539711714
1727,18,13,1.0,0.9876853823661804,0,0,0.25,0.0,0.0,0.2699546813964844,-0.0010897830361500382,0.0013732314109802246
1728,18,14,1.0,0.9859378337860107,0,0,0.25,0.0,0.0,0.27074360847473145,-0.002613325137645006,0.005238139070570469
1729,18,15,1.0,0.9835057854652405,0,0,0.25,0.0,0.0,0.27187538146972656,-0.002252770122140646,0.009296001866459846
1730,18,16,1.0,0.9839184880256653,0,0,0.25,0.0,0.0,0.27170297503471375,-0.000769820180721581,0.012388233095407486
1731,18,17,1.0,0.9845498204231262,0,0,0.25,0.0,0.0,0.27311551570892334,-0.0008494547801092267,0.007181940600275993
1732,18,18,1.0,0.9833264350891113,0,0,0.25,0.0,0.0,0.27284225821495056,-0.0009943617042154074,0.006371168419718742
1733,18,19,1.0,0.988835334777832,0,0,0.25,0.0,0.0,0.2717994451522827,-0.00037892337422817945,0.003125918097794056
1734,18,20,1.0,0.987707257270813,0,0,0.25,0.0,0.0,0.27456846833229065,-0.0009714600746519864,-0.0032072816975414753
1735,18,21,1.0,0.993393063545227,0,0,0.25,0.0,0.0,0.277727872133255,-0.0018979209708049893,-0.007275983691215515
1736,18,22,1.0,0.9908504486083984,0,0,0.25,0.0,0.0,0.28132742643356323,-0.003959678113460541,-0.005089031532406807
1737,18,23,1.0,0.988749086856842,0,0,0.25,0.0,0.0,0.274638295173645,-0.004276831168681383,0.009645076468586922
1738,18,24,1.0,0.9889302849769592,0,0,0.0,0.0,0.0,0.19037620723247528,-0.008151019923388958,0.008920717984437943
1739,18,25,1.0,0.9885089993476868,0,0,0.0,0.0,0.0,0.06516452878713608,-0.003447540570050478,0.0070584919303655624
1740,18,26,1.0,1.0112295150756836,0,0,0.0,0.0,0.0,0.021644430235028267,0.013100086711347103,-0.025433536618947983
1741,18,27,1.0,1.0125943422317505,0,0,0.0,0.0,0.0,0.007706177420914173,0.013367070816457272,-0.026728425174951553
1742,18,28,1.0,1.0129551887512207,0,0,0.0,0.0,0.0,-0.006897027604281902,-0.07470684498548508,0.004479500465095043
1743,18,29,1.0,1.0125584602355957,0,0,0.25,0.0,0.0,-0.008190566673874855,-0.0750051960349083,0.004229797050356865
1744,18,30,1.0,1.0208407640457153,0,0,0.0,0.0,0.0,0.04344069957733154,-0.012548645958304405,-0.008401422761380672
1745,18,31,1.0,1.016082763671875,0,0,0.0,0.0,0.0,-0.0017983883153647184,-0.02025032788515091,-0.010364851914346218
1746,18,32,1.0,1.0067002773284912,0,0,0.0,0.0,0.0,-0.005408832337707281,-0.13531431555747986,0.011157037690281868
1747,18,33,1.0,1.00570809841156,0,0,0.0,0.0,0.0,-0.009022208862006664,-0.13650572299957275,0.011522110551595688
1748,18,34,1.0,0.9819780588150024,0,0,0.0,0.0,0.0,0.0010225402656942606,-0.25729984045028687,0.0041460758075118065
1749,18,35,1.0,0.9819362759590149,0,0,0.0,0.0,0.0,0.0008725805673748255,-0.2573339641094208,0.004094640724360943
1750,18,36,1.0,0.9812420606613159,0,0,0.0,-0.25,0.0,0.0013617256190627813,-0.26281997561454773,0.002070704475045204
1751,18,37,1.0,0.9770458936691284,0,0,0.0,-0.25,0.0,0.001561380224302411,-0.27144289016723633,0.0012287264689803123
1752,18,38,1.0,0.9802082777023315,0,0,0.0,-0.25,0.0,0.0026297401636838913,-0.27344346046447754,-0.002997814677655697
1753,18,39,1.0,0.9833368062973022,0,0,0.0,-0.25,0.0,0.0023432369343936443,-0.2772477865219116,-0.0008463980630040169
1754,18,40,1.0,0.9834246635437012,0,0,0.0,-0.25,0.0,0.004021279979497194,-0.27335408329963684,0.0001433035358786583
1755,18,41,1.0,0.9872213006019592,0,0,0.0,-0.25,0.0,0.003624295350164175,-0.2743866741657257,0.0032128077000379562
1756,18,42,1.0,0.9873322248458862,0,0,0.0,-0.25,0.0,0.0026821065694093704,-0.2716888189315796,0.006748579442501068
1757,18,43,1.0,0.986115038394928,0,0,0.0,-0.25,0.0,0.004015367478132248,-0.2713955342769623,0.01051652617752552
1758,18,44,1.0,0.9887237548828125,0,0,0.0,-0.25,0.0,0.003381210844963789,-0.2755800783634186,0.007846899330615997
1759,18,45,1.0,0.9862274527549744,0,0,0.0,-0.25,0.0,0.0020754304714500904,-0.2754264771938324,0.0021143006160855293
1760,18,46,1.0,0.99004727602005,0,0,0.0,-0.25,0.0,0.0011004635598510504,-0.2644408047199249,-0.006710750516504049
1761,18,47,1.0,0.9829981923103333,0,0,0.0,-0.25,0.0,0.0018613333813846111,-0.15407058596611023,-0.019737329334020615
1762,18,48,1.0,0.981597363948822,0,0,0.0,0.0,0.0,0.0005955442320555449,-0.051389507949352264,-0.00551848066970706
1763,18,49,1.0,0.9738001823425293,0,0,0.0,0.0,0.0,-0.0005803128005936742,-0.020601382479071617,0.03904716670513153
1764,18,50,1.0,0.9794427156448364,0,0,0.0,0.0,0.0,-0.00037430564407259226,-0.0030151675455272198,-0.005452096462249756
1765,18,51,1.0,0.9806075096130371,0,0,0.0,0.0,0.0,-0.00020843930542469025,0.0003626088728196919,-0.013175368309020996
1766,18,52,1.0,1.0038118362426758,0,0,0.0,0.0,0.0,0.0008606624323874712,0.0033916793763637543,-0.4115854799747467
1767,18,53,1.0,1.0038001537322998,0,0,0.0,0.0,0.0,0.0008498237002640963,0.003485195804387331,-0.4106000065803528
1768,18,54,1.0,1.0038578510284424,0,0,0.0,0.0,0.0,0.0016199778765439987,0.0023556589148938656,-0.48465025424957275
1769,18,55,1.0,1.003858208656311,0,0,0.0,0.0,0.0,0.0016204423736780882,0.0023688361980021,-0.4845612347126007
1770,18,56,1.0,1.0032005310058594,0,0,0.0,0.0,-0.5,0.0016994262114167213,0.0024380292743444443,-0.5007042288780212
1771,18,57,1.0,0.9938065409660339,0,0,0.0,0.0,-0.5,-0.00013919174671173096,-0.0018955107079818845,-0.5311572551727295
1772,18,58,1.0,0.9853458404541016,0,0,0.0,0.0,-0.5,0.000986211933195591,-0.0019910032860934734,-0.5286704897880554
1773,18,59,1.0,0.983959436416626,0,0,0.0,0.0,-0.5,0.0011038270313292742,-0.001513191033154726,-0.5264049768447876
1774,18,60,1.0,0.9845522046089172,0,0,0.0,0.0,-0.5,0.0013441729824990034,-0.0013814178528264165,-0.5269201397895813
1775,18,61,1.0,0.9917048811912537,0,0,0.0,0.0,-0.5,0.0009907647036015987,-0.001269953092560172,-0.5355731844902039
1776,18,62,1.0,0.9969398975372314,0,0,0.0,0.0,-0.5,0.0017248736694455147,-0.0014384780079126358,-0.5453751683235168
1777,18,63,1.0,1.0058212280273438,0,0,0.0,0.0,-0.5,0.003821670077741146,0.00018494768301025033,-0.5464882254600525
1778,18,64,1.0,1.004194736480713,0,0,0.0,0.0,-0.5,0.003479277715086937,0.001116728293709457,-0.5442721247673035
1779,18,65,1.0,0.9990344643592834,0,0,0.0,0.0,-0.5,0.0024760975502431393,0.0017491570906713605,-0.5401198863983154
1780,18,66,1.0,0.984813392162323,0,0,0.0,0.0,-0.5,0.003200110513716936,-0.0004894101875834167,-0.47305625677108765
1781,18,67,1.0,0.9873520731925964,0,0,0.0,0.0,-0.5,0.0034033595584332943,-0.0004909675335511565,-0.46386078000068665
1782,18,68,1.0,2.0270674228668213,0,1,0.0,0.0,0.0,-0.0007128056604415178,-2.6726687792688608e-05,0.009901531040668488
1783,18,69,1.0,2.0272488594055176,0,1,0.0,0.0,0.0,-0.0006995166186243296,1.3846438378095627e-06,0.009965181350708008
1784,18,70,1.0,2.0673930644989014,0,1,0.0,0.0,0.0,-0.00044701609294861555,0.0004597750958055258,0.004638202488422394
1785,18,71,1.0,2.0673916339874268,0,1,0.0,0.0,0.0,-0.00044665217865258455,0.0004655382363125682,0.004643131047487259
1786,18,72,2.0,2.067889451980591,1,1,0.0,0.0,0.0,-0.0006215904140844941,-0.0001354179112240672,0.0062385909259319305
1787,18,73,2.0,2.0616567134857178,1,1,0.0,0.0,0.0,-0.0002853330224752426,-0.0025493507273495197,0.003684254363179207
1788,18,74,2.0,2.0634396076202393,1,1,0.0,0.0,0.0,0.0008240703027695417,-0.0024428018368780613,0.009234057739377022
1789,18,75,2.0,2.063128709793091,1,1,0.0,0.0,0.0,-1.4826888218522072e-05,-0.0018739139195531607,0.009335324168205261
1790,18,76,2.0,2.0672268867492676,1,1,0.0,0.0,0.0,-1.6015954315662384e-05,-0.002488089259713888,0.006704932078719139
1791,18,77,2.0,2.0677051544189453,1,1,0.0,0.0,0.0,0.00010627950541675091,-0.002581628505140543,0.007164832204580307
1792,18,78,2.0,2.0670907497406006,1,1,0.0,0.0,0.0,-0.0009032050147652626,-0.001421772176399827,-0.0011265580542385578
1793,18,79,2.0,1.1087219715118408,1,0,0.0,0.0,0.0,0.00015982775948941708,-0.0012318077497184277,0.3414081931114197
1794,18,80,1.0,0.9926372766494751,0,0,0.0,0.0,0.0,3.9371661841869354e-06,-0.001668263808824122,0.5173118114471436
1795,18,81,1.0,0.9915264844894409,0,0,0.0,0.0,0.0,-0.0002902550622820854,-0.0018778876401484013,0.5218066573143005
1796,18,82,1.0,0.9916064143180847,0,0,0.0,0.0,0.0,-0.0004906372632831335,-0.0016691958298906684,0.5246415734291077
1797,18,83,1.0,0.9908258318901062,0,0,0.0,0.0,0.0,-0.0006702506216242909,-0.0014594169333577156,0.5255553126335144
1798,18,84,1.0,0.9914649724960327,0,0,0.0,0.0,0.0,1.7612939700484276e-05,-0.0011246877256780863,0.525902509689331
1799,18,85,1.0,0.9920181632041931,0,0,0.0,0.0,0.5,-4.501291550695896e-05,-0.0013157374924048781,0.5258975028991699
1800,18,86,1.0,0.9894490838050842,0,0,0.0,0.0,0.5,-0.00036673154681921005,-0.0014481758698821068,0.5309805274009705
1801,18,87,1.0,0.9835706949234009,0,0,0.0,0.0,0.5,-2.6915688067674637e-05,-0.0012024275492876768,0.5274652242660522
1802,18,88,1.0,0.9893372654914856,0,0,0.0,0.0,0.5,-6.402144208550453e-06,-0.0015055572148412466,0.5299834609031677
1803,18,89,1.0,0.986855685710907,0,0,0.0,0.0,0.5,0.0005734262522310019,-0.0014972151257097721,0.5313231945037842
1804,18,90,1.0,0.9867479205131531,0,0,0.0,0.0,0.5,-0.000506359850987792,-0.0008992164512164891,0.5286155343055725
1805,18,91,1.0,0.9845516681671143,0,0,0.0,0.0,0.5,0.0006542021874338388,-0.0007862580241635442,0.5297664403915405
1806,18,92,1.0,0.9865373373031616,0,0,0.0,0.0,0.5,-6.312411278486252e-05,-0.0013040690682828426,0.528534471988678
1807,18,93,1.0,0.9826096892356873,0,0,0.0,0.0,0.5,-0.0004169149324297905,-0.00040029152296483517,0.5301117300987244
1808,18,94,1.0,0.9854442477226257,0,0,0.0,0.0,0.5,-0.00010362104512751102,-0.0011405107798054814,0.5301321148872375
1809,19,0,1.0,0.9964011907577515,0,0,0.0,0.0,0.0,-0.010824058204889297,-0.005932388361543417,-0.0018827598541975021
1810,19,1,1.0,0.9978598356246948,0,0,0.0,0.0,0.0,-0.017161976546049118,-0.004863067530095577,-0.014976421371102333
1811,19,2,1.0,0.9909896850585938,0,0,0.0,0.0,0.0,-0.018111437559127808,-0.0023585385642945766,-0.01771594025194645
1812,19,3,1.0,0.9906354546546936,0,0,0.0,0.0,0.0,-0.01795671507716179,-0.0027273371815681458,-0.018158825114369392
1813,19,4,1.0,0.9892067313194275,0,0,0.0,0.0,0.0,0.017509158700704575,-0.00436261435970664,-0.039942145347595215
1814,19,5,1.0,0.9892382025718689,0,0,0.0,0.0,0.0,0.01882089115679264,-0.00445366557687521,-0.03889324516057968
1815,19,6,1.0,0.9769488573074341,0,0,0.0,0.0,0.0,0.2426450103521347,-0.0006186943501234055,-0.026312343776226044
1816,19,7,1.0,0.9769336581230164,0,0,0.0,0.0,0.0,0.2426806092262268,-0.0006001887377351522,-0.026241745799779892
1817,19,8,1.0,0.9792537093162537,0,0,0.0,0.0,0.0,0.2572475075721741,0.0013243961147964,-0.02128666639328003
1818,19,9,1.0,0.9792512059211731,0,0,0.0,0.0,0.0,0.2572498917579651,0.001327435253188014,-0.021273650228977203
1819,19,10,1.0,0.9800267219543457,0,0,0.25,0.0,0.0,0.2662453353404999,0.0015009442577138543,-0.01587809808552265
1820,19,11,1.0,0.9843931794166565,0,0,0.25,0.0,0.0,0.27151206135749817,0.0016222543781623244,-0.007592127192765474
1821,19,12,1.0,0.9879874587059021,0,0,0.25,0.0,0.0,0.2721864581108093,-0.0004156194918323308,-0.0025915708392858505
1822,19,13,1.0,0.9866124391555786,0,0,0.25,0.0,0.0,0.2730042636394501,0.00020671996753662825,0.000466284342110157
1823,19,14,1.0,0.9826307892799377,0,0,0.25,0.0,0.0,0.27191445231437683,0.0002583643654361367,0.001283048652112484
1824,19,15,1.0,0.9811519384384155,0,0,0.25,0.0,0.0,0.27155494689941406,0.000968057313002646,0.001384669914841652
1825,19,16,1.0,0.9802029132843018,0,0,0.25,0.0,0.0,0.27123039960861206,0.0009276866912841797,-0.0004235710948705673
1826,19,17,1.0,0.9813119173049927,0,0,0.25,0.0,0.0,0.27382707595825195,0.0006724362028762698,-0.0016971542499959469
1827,19,18,1.0,0.9935430288314819,0,0,0.25,0.0,0.0,0.2769717872142792,0.0020019165240228176,-0.0013373722322285175
1828,19,19,1.0,0.9876002073287964,0,0,0.25,0.0,0.0,0.2791174054145813,0.0018108627991750836,0.000273093581199646
1829,19,20,1.0,0.9877757430076599,0,0,0.25,0.0,0.0,0.278462290763855,0.0011356574250385165,0.00437150988727808
1830,19,21,1.0,0.9855582118034363,0,0,0.25,0.0,0.0,0.2626765966415405,0.003915865905582905,0.001813453622162342
1831,19,22,1.0,0.9860513210296631,0,0,0.0,0.0,0.0,0.20313894748687744,-0.001145021291449666,0.013170808553695679
1832,19,23,1.0,0.9938105940818787,0,0,0.0,0.0,0.0,0.09922871738672256,-0.015927327796816826,0.01828024350106716
1833,19,24,1.0,0.9993139505386353,0,0,0.0,0.0,0.0,0.009773163124918938,-0.0391019806265831,-0.009432723745703697
1834,19,25,1.0,1.001413345336914,0,0,0.0,0.0,0.0,-0.004817541688680649,-0.03192482143640518,-0.009175008162856102
1835,19,26,1.0,0.9864745736122131,0,0,0.0,0.0,0.0,-0.004081574268639088,0.1913345456123352,-0.0038836454041302204
1836,19,27,1.0,0.9866945147514343,0,0,0.0,0.0,0.0,-0.004391755908727646,0.19336247444152832,-0.004025295842438936
1837,19,28,1.0,0.99183189868927,0,0,0.25,0.0,0.0,-0.002699828241020441,0.22056522965431213,-0.004995750728994608
1838,19,29,1.0,0.9836717844009399,0,0,0.0,0.0,0.0,0.00767128262668848,0.10207241028547287,-0.0027573169209063053
1839,19,30,1.0,0.9861599206924438,0,0,0.0,0.0,0.0,-0.00047266052570194006,0.2059679627418518,0.0014503952115774155
1840,19,31,1.0,0.9856743812561035,0,0,0.0,0.0,0.0,-0.0026199305430054665,0.22080594301223755,0.00241682305932045
1841,19,32,1.0,0.9854198098182678,0,0,0.0,0.0,0.0,-0.0038536912761628628,0.22376275062561035,0.002058260142803192
1842,19,33,1.0,0.9853827953338623,0,0,0.0,0.25,0.0,-0.004095021169632673,0.22498880326747894,0.0019729863852262497
1843,19,34,1.0,0.9837269186973572,0,0,0.0,0.25,0.0,-0.0018775458447635174,0.2686327397823334,0.001532629132270813
1844,19,35,1.0,0.9788174629211426,0,0,0.0,0.25,0.0,-0.00036714214365929365,0.2708396017551422,0.003998668864369392
1845,19,36,1.0,0.9858027100563049,0,0,0.0,0.25,0.0,-0.0022685942240059376,0.2735833525657654,0.0014095539227128029
1846,19,37,1.0,0.9832190275192261,0,0,0.0,0.25,0.0,-0.0010187895968556404,0.27452805638313293,-0.0010137977078557014
1847,19,38,1.0,0.9821885228157043,0,0,0.0,0.25,0.0,-0.0005986173637211323,0.2734231650829315,0.006400248035788536
1848,19,39,1.0,0.9840378761291504,0,0,0.0,0.25,0.0,-0.0003730969037860632,0.27281415462493896,0.0119110606610775
1849,19,40,1.0,0.9865878224372864,0,0,0.0,0.25,0.0,-4.747975617647171e-05,0.27234992384910583,0.00778958760201931
1850,19,41,1.0,0.9865813255310059,0,0,0.0,0.25,0.0,0.0009221544023603201,0.27532270550727844,0.007474852725863457
1851,19,42,1.0,0.9896242022514343,0,0,0.0,0.25,0.0,0.0008516921661794186,0.24449357390403748,-0.009729607962071896
1852,19,43,1.0,0.9887964725494385,0,0,0.0,0.25,0.0,0.0026954184286296368,0.1939879059791565,-0.018164359033107758
1853,19,44,1.0,0.9839916825294495,0,0,0.0,0.25,0.0,0.0011409486178308725,0.09648358821868896,-0.014834181405603886
1854,19,45,1.0,0.9817719459533691,0,0,0.0,0.0,0.0,-0.0005009028827771544,0.06990227103233337,0.017170170322060585
1855,19,46,1.0,0.9765859246253967,0,0,0.0,0.0,0.0,-0.0006670597940683365,0.028274305164813995,0.035265304148197174
1856,19,47,1.0,0.9756890535354614,0,0,0.0,0.0,0.0,-0.0002147213090211153,0.01320652011781931,0.03490590304136276
1857,19,48,1.0,0.9851433634757996,0,0,0.0,0.0,0.0,0.0005249087698757648,0.004676372278481722,-0.10838643461465836
1858,19,49,1.0,0.9863049983978271,0,0,0.0,0.0,0.0,0.0005260729230940342,0.0033280737698078156,-0.1353222131729126
1859,19,50,1.0,0.9951133728027344,0,0,0.0,0.0,0.0,-0.00045373395550996065,0.003181829582899809,-0.38845881819725037
1860,19,51,1.0,0.9952489733695984,0,0,0.0,0.0,0.0,-0.00043456186540424824,0.0031546559184789658,-0.3926551043987274
1861,19,52,1.0,0.9988465309143066,0,0,0.0,0.0,0.0,0.0003820429556071758,0.0032857460901141167,-0.47664955258369446
1862,19,53,1.0,0.9988134503364563,0,0,0.0,0.0,-0.5,0.00038630934432148933,0.0032743732444941998,-0.4771808087825775
1863,19,54,1.0,0.9947242736816406,0,0,0.0,0.0,-0.5,0.0006477967835962772,-0.001070747384801507,-0.5306320786476135
1864,19,55,1.0,0.9878475666046143,0,0,0.0,0.0,-0.5,0.000550813740119338,-0.0016468873945996165,-0.5286176800727844
1865,19,56,1.0,0.9834361672401428,0,0,0.0,0.0,-0.5,0.0007421555928885937,-0.002114255214110017,-0.5253958106040955
1866,19,57,1.0,0.9846203923225403,0,0,0.0,0.0,-0.5,0.0013117592316120863,-0.002038505394011736,-0.5243633389472961
1867,19,58,1.0,0.9851891994476318,0,0,0.0,0.0,-0.5,0.0024677272886037827,-0.002068089786916971,-0.533774733543396
1868,19,59,1.0,0.9894580841064453,0,0,0.0,0.0,-0.5,0.003202799241989851,-0.0021037268452346325,-0.5395102500915527
1869,19,60,1.0,1.0031098127365112,0,0,0.0,0.0,-0.5,0.0030678603798151016,-0.0003557496820576489,-0.5465781688690186
1870,19,61,1.0,1.008245587348938,0,0,0.0,0.0,-0.5,0.0017142044380307198,9.123934432864189e-05,-0.5464151501655579
1871,19,62,1.0,0.9915649890899658,0,0,0.0,0.0,-0.5,0.0022337003611028194,0.0006810079794377089,-0.5405581593513489
1872,19,63,1.0,0.9925844073295593,0,0,0.0,0.0,-0.5,0.0011170173529535532,0.0009246905101463199,-0.5412890315055847
1873,19,64,1.0,1.095016360282898,0,0,0.0,0.0,-0.5,0.00029033469036221504,0.0035461047664284706,-0.35780268907546997
1874,19,65,1.0,1.1036735773086548,0,0,0.0,0.0,0.0,0.00017774291336536407,0.003561438526958227,-0.34788382053375244
1875,19,66,1.0,2.018444538116455,0,1,0.0,0.0,0.0,-0.0006055355770513415,0.0007353867404162884,0.013221833854913712
1876,19,67,1.0,2.018740177154541,0,1,0.0,0.0,0.0,-0.0005871166940778494,0.0007392917759716511,0.013245554640889168
1877,19,68,1.0,2.0001273155212402,0,1,0.0,0.0,0.0,-0.00033971492666751146,0.0008990115020424128,0.01473911665380001
1878,19,69,2.0,2.000312566757202,1,1,0.0,0.0,0.0,-0.00032700272276997566,0.0008959554834291339,0.014761462807655334
1879,19,70,2.0,2.061983346939087,1,1,0.0,0.0,0.0,0.0006126740481704473,-0.002634258009493351,0.0018828921020030975
1880,19,71,2.0,2.0562782287597656,1,1,0.0,0.0,0.0,0.0005568084307014942,-0.002215708140283823,0.003927772864699364
1881,19,72,2.0,2.060866594314575,1,1,0.0,0.0,0.0,0.0008516879752278328,-0.0023576347157359123,0.005528717301785946
1882,19,73,2.0,2.060838222503662,1,1,0.0,0.0,0.0,0.0006962306797504425,-0.0024058292619884014,0.005086932331323624
1883,19,74,2.0,2.068300485610962,1,1,0.0,0.0,0.0,0.0007651483174413443,-0.0022626989521086216,0.003910871222615242
1884,19,75,2.0,2.0677192211151123,1,1,0.0,0.0,0.0,0.0006479008588939905,-0.002298622392117977,0.0027752453461289406
1885,19,76,1.0,2.071335554122925,0,1,0.0,0.0,0.0,0.001056827837601304,-0.0012828693725168705,0.003054277040064335
1886,19,77,1.0,2.0729174613952637,0,1,0.0,0.0,0.0,0.0013270389754325151,-0.0012161117047071457,-0.0013317684642970562
1887,19,78,1.0,1.8514573574066162,0,1,0.0,0.0,0.0,0.0003708221483975649,-0.004109377972781658,0.011199785396456718
1888,19,79,1.0,1.7461721897125244,0,1,0.0,0.0,0.0,0.0008582563605159521,-0.004689985420554876,0.0338156521320343
1889,19,80,1.0,0.9923377633094788,0,0,0.0,0.0,0.0,0.0004805978387594223,-0.002792747225612402,0.5234981179237366
1890,19,81,1.0,0.992759644985199,0,0,0.0,0.0,0.0,0.0004221922717988491,-0.0023504116106778383,0.5280336141586304
1891,19,82,1.0,0.9925606846809387,0,0,0.0,0.0,0.5,0.0008124178275465965,-0.0025076796300709248,0.5278111100196838
1892,19,83,1.0,0.9863438606262207,0,0,0.0,0.0,0.5,0.00015649106353521347,-0.0009134216816164553,0.5289329290390015
1893,19,84,1.0,0.9871050119400024,0,0,0.0,0.0,0.5,0.0002839707303792238,-0.0005236394936218858,0.5291842222213745
1894,19,85,1.0,0.9854719638824463,0,0,0.0,0.0,0.5,7.081730291247368e-05,-0.0005597653216682374,0.5285323262214661
1895,19,86,1.0,0.9899736642837524,0,0,0.0,0.0,0.5,-0.0010496870381757617,0.00023685849737375975,0.5298888087272644
1896,19,87,1.0,0.9859232902526855,0,0,0.0,0.0,0.5,-0.00021261023357510567,-0.0005823344690725207,0.5304113626480103
1897,19,88,1.0,0.9884567856788635,0,0,0.0,0.0,0.5,-0.0006203679367899895,-0.00022513183648698032,0.5312100648880005
1898,19,89,1.0,0.9879565238952637,0,0,0.0,0.0,0.5,-5.9192534536123276e-06,-0.0009060549782589078,0.5304968953132629
1899,19,90,1.0,0.9906987547874451,0,0,0.0,0.0,0.5,-8.040666580200195e-05,5.204026820138097e-05,0.5296863913536072
1900,19,91,1.0,0.9878923892974854,0,0,0.0,0.0,0.5,0.0001527417916804552,-0.00020034724730066955,0.5292202830314636
1901,20,0,1.0,0.99825119972229,0,0,0.0,0.0,0.0,0.03558366745710373,-0.01104311365634203,0.007845956832170486
1902,20,1,1.0,0.9941739439964294,0,0,0.0,0.0,0.0,0.02915467880666256,-0.011262132786214352,0.0011607510969042778
1903,20,2,1.0,0.9951066970825195,0,0,0.0,0.0,0.0,0.029464205726981163,-0.007054867688566446,0.01600070483982563
1904,20,3,1.0,0.9954246282577515,0,0,0.0,0.0,0.0,0.031125688925385475,-0.007288901600986719,0.01721995137631893
1905,20,4,1.0,0.9894117116928101,0,0,0.0,0.0,0.0,0.012741776183247566,-0.006608979776501656,0.01170073077082634
1906,20,5,1.0,0.989475667476654,0,0,0.0,0.0,0.0,0.013285916298627853,-0.006681226193904877,0.012114845216274261
1907,20,6,1.0,0.985629141330719,0,0,0.0,0.0,0.0,-0.1390075981616974,0.00268273102119565,0.0017365962266921997
1908,20,7,1.0,0.9855982065200806,0,0,0.0,0.0,0.0,-0.13888919353485107,0.0026817102916538715,0.0018871994689106941
1909,20,8,1.0,0.9879730939865112,0,0,0.0,0.0,0.0,-0.1400156319141388,0.002720936667174101,-0.0004638880491256714
1910,20,9,1.0,0.9879676103591919,0,0,0.0,0.0,0.0,-0.13999280333518982,0.0027186903171241283,-0.00042799580842256546
1911,20,10,1.0,0.9824094772338867,0,0,0.0,0.0,0.0,-0.12047487497329712,0.0022626789286732674,0.007380884140729904
1912,20,11,1.0,0.9824073910713196,0,0,0.0,0.0,0.0,-0.12046738713979721,0.0022612828761339188,0.007390415295958519
1913,20,12,1.0,0.9976690411567688,0,0,-0.25,0.0,0.0,-0.2040536105632782,0.0007534093456342816,-0.00737327616661787
1914,20,13,1.0,0.9940174221992493,0,0,-0.25,0.0,0.0,-0.2634007930755615,-0.004772058222442865,-0.015853768214583397
1915,20,14,1.0,1.0009307861328125,0,0,-0.25,0.0,0.0,-0.2683624029159546,-0.0019262002315372229,-0.013810320757329464
1916,20,15,1.0,0.9969193935394287,0,0,-0.25,0.0,0.0,-0.2683126628398895,-0.0017004841938614845,-0.011999906972050667
1917,20,16,1.0,0.9990110397338867,0,0,-0.25,0.0,0.0,-0.2696071267127991,-0.0008839060319587588,-0.0169350765645504
1918,20,17,1.0,0.9999678730964661,0,0,-0.25,0.0,0.0,-0.26939842104911804,-0.00014828276471234858,-0.02309904620051384
1919,20,18,1.0,0.9984761476516724,0,0,-0.25,0.0,0.0,-0.269634485244751,0.0008374268654733896,-0.01982433721423149
1920,20,19,1.0,0.9969399571418762,0,0,-0.25,0.0,0.0,-0.2670769989490509,6.910233059898019e-05,-0.01903684437274933
1921,20,20,1.0,0.9937288761138916,0,0,-0.25,0.0,0.0,-0.26610279083251953,-0.0008832263411022723,-0.004496910609304905
1922,20,21,1.0,0.9929600954055786,0,0,-0.25,0.0,0.0,-0.26790812611579895,-0.001941789174452424,-0.0019644093699753284
1923,20,22,1.0,0.9958726763725281,0,0,-0.25,0.0,0.0,-0.27066197991371155,-0.0011827148264274001,-0.0003669215366244316
1924,20,23,1.0,0.9950481653213501,0,0,-0.25,0.0,0.0,-0.27449744939804077,-0.0006441428558900952,0.003709598444402218
1925,20,24,1.0,1.0005046129226685,0,0,-0.25,0.0,0.0,-0.2735487222671509,0.0013611052418127656,0.010364267975091934
1926,20,25,1.0,1.006572961807251,0,0,-0.25,0.0,0.0,-0.22579878568649292,0.0072976392693817616,0.01300753839313984
1927,20,26,1.0,1.0126179456710815,0,0,0.0,0.0,0.0,-0.10452184081077576,0.01408393681049347,0.01101776584982872
1928,20,27,1.0,1.007737398147583,0,0,0.0,0.0,0.0,-0.01646849513053894,0.01245750393718481,0.0011486578732728958
1929,20,28,1.0,0.9982403516769409,0,0,0.0,0.0,0.0,0.020174842327833176,-0.002215665066614747,-0.0114679504185915
1930,20,29,1.0,0.9942805767059326,0,0,0.0,0.0,0.0,0.03654596954584122,-0.005326056387275457,-0.011519351042807102
1931,20,30,1.0,0.9895986318588257,0,0,0.0,0.0,0.0,0.011084911413490772,-0.14126470685005188,0.0025535142049193382
1932,20,31,1.0,0.9891772866249084,0,0,0.0,0.0,0.0,0.011793266050517559,-0.14195886254310608,0.0025372933596372604
1933,20,32,1.0,0.9852522611618042,0,0,0.0,-0.25,0.0,0.009021426551043987,-0.22083017230033875,0.008218707516789436
1934,20,33,1.0,0.9737741947174072,0,0,0.0,-0.25,0.0,0.003969305660575628,-0.2679348289966583,0.008337344974279404
1935,20,34,1.0,0.9761018753051758,0,0,0.0,-0.25,0.0,0.0031352941878139973,-0.27377498149871826,0.00505120400339365
1936,20,35,1.0,0.981199324131012,0,0,0.0,-0.25,0.0,0.002327186521142721,-0.2767501473426819,-0.00013168249279260635
1937,20,36,1.0,0.9822795391082764,0,0,0.0,-0.25,0.0,0.002130115870386362,-0.27828729152679443,-0.001278705894947052
1938,20,37,1.0,0.9864450097084045,0,0,0.0,-0.25,0.0,0.002215514425188303,-0.2786594331264496,0.0003333278000354767
1939,20,38,1.0,0.9848922491073608,0,0,0.0,-0.25,0.0,0.0020453264005482197,-0.28002801537513733,0.007275421172380447
1940,20,39,1.0,0.981035053730011,0,0,0.0,-0.25,0.0,0.0026225638575851917,-0.27585768699645996,0.009974474087357521
1941,20,40,1.0,0.9840285778045654,0,0,0.0,-0.25,0.0,0.0020270361565053463,-0.28552746772766113,0.010436490178108215
1942,20,41,1.0,0.9900996685028076,0,0,0.0,-0.25,0.0,0.0008825862314552069,-0.2871512472629547,0.00936979241669178
1943,20,42,1.0,0.9923881888389587,0,0,0.0,0.0,0.0,0.0009132546838372946,-0.1608012616634369,0.005169264040887356
1944,20,43,1.0,0.9871671199798584,0,0,0.0,0.0,0.0,-0.0001562845427542925,-0.0578191913664341,0.003373759798705578
1945,20,44,1.0,0.9875633120536804,0,0,0.0,0.0,0.0,-0.00044990750029683113,-0.033297840505838394,-0.010982301086187363
1946,20,45,1.0,0.9860066175460815,0,0,0.0,0.0,0.0,-0.00012508570216596127,-0.0218507032841444,-0.012630283832550049
1947,20,46,1.0,0.9787825345993042,0,0,0.0,0.0,0.0,0.0016156563069671392,-0.025534240528941154,-0.017370324581861496
1948,20,47,1.0,0.9787397980690002,0,0,0.0,0.0,0.0,0.0016241301782429218,-0.024430803954601288,-0.017294589430093765
1949,20,48,1.0,0.9783735275268555,0,0,0.0,0.0,0.0,0.0008121326100081205,-0.02381138876080513,-0.017415352165699005
1950,20,49,1.0,0.9783632755279541,0,0,0.0,-0.25,0.0,0.0008123947773128748,-0.023625720292329788,-0.017411284148693085
1951,20,50,1.0,0.9773498177528381,0,0,0.0,0.0,0.0,0.0003154417499899864,-0.02703501470386982,-0.011987946927547455
1952,20,51,1.0,0.9769169092178345,0,0,0.0,0.0,0.0,0.0009910312946885824,-0.0082832807675004,-0.000532953068614006
1953,20,52,1.0,0.9825648069381714,0,0,0.0,0.0,0.0,0.0015115258283913136,-0.0034792847000062466,-0.019663263112306595
1954,20,53,1.0,0.982865035533905,0,0,0.0,0.0,0.0,0.0014545656740665436,-0.0012771778274327517,-0.025094550102949142
1955,20,54,1.0,0.9913739562034607,0,0,0.0,0.0,0.0,0.0018145092763006687,0.0013022029306739569,-0.14152634143829346
1956,20,55,1.0,0.9913477897644043,0,0,0.0,0.0,0.0,0.00181163614615798,0.001462130923755467,-0.1413339227437973
1957,20,56,1.0,0.9928264021873474,0,0,0.0,0.0,0.0,0.002087818458676338,0.001034829649142921,-0.18482622504234314
1958,20,57,1.0,0.9928241968154907,0,0,0.0,0.0,0.0,0.0020899828523397446,0.0010575646301731467,-0.18479330837726593
1959,20,58,1.0,0.9925727248191833,0,0,0.0,0.0,0.0,0.0019447351805865765,0.0006318726809695363,-0.13638323545455933
1960,20,59,1.0,0.9925733804702759,0,0,0.0,0.0,-0.5,0.0019449950195848942,0.0006399484118446708,-0.13637028634548187
1961,20,60,1.0,0.9931147694587708,0,0,0.0,0.0,-0.5,-3.515603020787239e-05,-0.000421986827859655,-0.5374464392662048
1962,20,61,1.0,0.9862459301948547,0,0,0.0,0.0,-0.5,0.0002601540181785822,-0.0009523900225758553,-0.5326740741729736
1963,20,62,1.0,0.98484206199646,0,0,0.0,0.0,-0.5,0.0005087382160127163,-0.0013583593536168337,-0.5280102491378784
1964,20,63,1.0,0.9843918681144714,0,0,0.0,0.0,-0.5,0.00012287474237382412,-0.0015129846287891269,-0.5243159532546997
1965,20,64,1.0,0.9833370447158813,0,0,0.0,0.0,-0.5,0.001154222059994936,-0.0020036010537296534,-0.5290545225143433
1966,20,65,1.0,0.9879543781280518,0,0,0.0,0.0,-0.5,0.0010576408822089434,-0.002256675623357296,-0.5302730798721313
1967,20,66,1.0,1.004061222076416,0,0,0.0,0.0,-0.5,0.0008191904053092003,-0.0009742961265146732,-0.546166718006134
1968,20,67,1.0,1.0009434223175049,0,0,0.0,0.0,-0.5,0.0024143443442881107,-0.0005165573093108833,-0.5471912622451782
1969,20,68,1.0,0.9988377094268799,0,0,0.0,0.0,-0.5,0.0037853880785405636,0.0006228156853467226,-0.5445666313171387
1970,20,69,1.0,0.989240288734436,0,0,0.0,0.0,-0.5,0.0032894788309931755,0.0014706136425957084,-0.5351992249488831
1971,20,70,1.0,0.9700487852096558,0,0,0.0,0.0,-0.5,0.0013178070075809956,0.0018981305183842778,-0.47782352566719055
1972,20,71,1.0,0.9691876173019409,0,0,0.0,0.0,0.0,0.0013616369105875492,0.001846462837420404,-0.46765652298927307
1973,20,72,1.0,1.758015513420105,0,1,0.0,0.0,0.0,0.002355189062654972,-0.0025806259363889694,0.009357167407870293
1974,20,73,1.0,1.759401559829712,0,1,0.0,0.0,0.0,0.0024052211083471775,-0.0025699837133288383,0.010850882157683372
1975,20,74,1.0,2.0179357528686523,0,1,0.0,0.0,0.0,-0.00010040891356766224,0.0008894097991287708,0.011456452310085297
1976,20,75,2.0,2.017887592315674,1,1,0.0,0.0,0.0,-0.00010316353291273117,0.0009088190272450447,0.011501705273985863
1977,20,76,2.0,2.0663750171661377,1,1,0.0,0.0,0.0,-6.777700036764145e-06,-0.001560995471663773,0.0016159089282155037
1978,20,77,2.0,2.0633201599121094,1,1,0.0,0.0,0.0,0.0005505261942744255,-0.003691974561661482,0.01092623546719551
1979,20,78,2.0,2.049696922302246,1,1,0.0,0.0,0.0,-2.6086345314979553e-05,-0.004626690875738859,0.006404660642147064
1980,20,79,2.0,2.0531747341156006,1,1,0.0,0.0,0.0,0.0012393724173307419,0.0008206130005419254,0.009397072717547417
1981,20,80,2.0,2.0586647987365723,1,1,0.0,0.0,0.0,0.0013807679060846567,-0.002885826863348484,0.008799884468317032
1982,20,81,2.0,2.059267282485962,1,1,0.0,0.0,0.0,0.0016368310898542404,-0.0031375489197671413,0.009241320192813873
1983,20,82,2.0,2.0681252479553223,1,1,0.0,0.0,0.0,0.0022987746633589268,-0.003045395016670227,0.0027596252039074898
1984,20,83,2.0,2.0517096519470215,1,1,0.0,0.0,0.0,0.0024784463457763195,-0.002167755737900734,0.01008652150630951
1985,20,84,1.0,1.9552679061889648,0,1,0.0,0.0,0.0,0.0003914991393685341,-0.003483373671770096,0.004295979626476765
1986,20,85,1.0,1.7759153842926025,0,1,0.0,0.0,0.0,0.0013336115516722202,-0.002332216827198863,0.07910823076963425
1987,20,86,1.0,0.9988988041877747,0,0,0.0,0.0,0.0,-0.000777867971919477,-0.002768492791801691,0.5210211873054504
1988,20,87,1.0,1.0459924936294556,0,0,0.0,0.0,0.0,0.0002103196457028389,-0.0009669284336268902,0.43674010038375854
1989,20,88,1.0,1.004452109336853,0,0,0.0,0.0,0.0,-0.00011614500544965267,-0.0026053879410028458,0.5107406973838806
1990,20,89,1.0,1.0225472450256348,0,0,0.0,0.0,0.0,0.0008899627719074488,-0.0021654656156897545,0.4863363206386566
1991,20,90,1.0,1.0143297910690308,0,0,0.0,0.0,0.5,0.0005372087471187115,-0.0032076360657811165,0.500758171081543
1992,20,91,1.0,0.9958662986755371,0,0,0.0,0.0,0.5,0.0005140719003975391,-0.002169173676520586,0.531412661075592
1993,20,92,1.0,1.3617500066757202,0,0,0.0,0.0,0.5,0.000619630329310894,0.001705051283352077,0.263447105884552
1994,20,93,1.0,0.9890899062156677,0,0,0.0,0.0,0.5,-0.0009401529096066952,-0.0005311683053150773,0.5309181809425354
1995,20,94,1.0,0.9895723462104797,0,0,0.0,0.0,0.5,-0.0009175732266157866,-0.001583386561833322,0.5331798195838928
1996,20,95,1.0,0.9909707903862,0,0,0.0,0.0,0.5,-0.0008405881235376,-0.0010105946566909552,0.5329758524894714
1997,20,96,1.0,0.9899845123291016,0,0,0.0,0.0,0.5,-0.0007581632817164063,-0.0024130181409418583,0.5315541625022888
1998,20,97,1.0,0.9876539707183838,0,0,0.0,0.0,0.5,-0.00029643531888723373,-0.00143997126724571,0.5301131010055542
1999,20,98,1.0,0.9830453395843506,0,0,0.0,0.0,0.5,-0.0004259450361132622,-0.002477336209267378,0.529265820980072
2000,20,99,1.0,0.9834171533584595,0,0,0.0,0.0,0.5,0.0005391635932028294,-0.001894053304567933,0.5308099389076233
2001,21,0,1.0,0.9984477758407593,0,0,0.0,0.0,0.0,0.03382159769535065,-0.003323734737932682,0.013620710000395775
2002,21,1,1.0,0.9938330054283142,0,0,0.0,0.0,0.0,0.02619435451924801,-0.0026293587870895863,0.008446043357253075
2003,21,2,1.0,0.9999430775642395,0,0,0.0,0.0,0.0,0.028735851868987083,0.0013116070767864585,0.02042638696730137
2004,21,3,1.0,1.0004364252090454,0,0,0.0,0.0,0.0,0.030726755037903786,0.0011613507522270083,0.02183200977742672
2005,21,4,1.0,0.9998560547828674,0,0,0.0,0.0,0.0,0.010120784863829613,-6.583626964129508e-05,0.013130724430084229
2006,21,5,1.0,1.0000160932540894,0,0,0.0,0.0,0.0,0.010949733667075634,-0.00010727340122684836,0.013636812567710876
2007,21,6,1.0,0.9949873685836792,0,0,0.0,0.0,0.0,-0.161580890417099,4.7080975491553545e-05,-0.0023657865822315216
2008,21,7,1.0,0.9949700236320496,0,0,0.0,0.0,0.0,-0.1614898145198822,4.1940249502658844e-05,-0.002268454059958458
2009,21,8,1.0,0.9946382641792297,0,0,0.0,0.0,0.0,-0.1811942756175995,-0.0009922157041728497,-0.002765938173979521
2010,21,9,1.0,0.9946383237838745,0,0,0.0,0.0,0.0,-0.18118038773536682,-0.000992650631815195,-0.002737580332905054
2011,21,10,1.0,0.9943618178367615,0,0,0.0,0.0,0.0,-0.19716745615005493,-0.0002998512936756015,-0.008318137377500534
2012,21,11,1.0,0.9943616390228271,0,0,0.0,0.0,0.0,-0.1971656233072281,-0.0003002002486027777,-0.008311945013701916
2013,21,12,1.0,0.9934757947921753,0,0,0.0,0.0,0.0,-0.19654498994350433,-0.0002508527832105756,-0.007615957409143448
2014,21,13,1.0,0.9934759140014648,0,0,-0.25,0.0,0.0,-0.1965446025133133,-0.00025098040350712836,-0.0076144421473145485
2015,21,14,1.0,0.9934448599815369,0,0,-0.25,0.0,0.0,-0.2686123847961426,-0.0020856126211583614,-0.013022528029978275
2016,21,15,1.0,0.9939857721328735,0,0,-0.25,0.0,0.0,-0.26975348591804504,-0.0013443303760141134,-0.011187432333827019
2017,21,16,1.0,0.9925428032875061,0,0,-0.25,0.0,0.0,-0.2702048718929291,-8.700275793671608e-05,-0.006358586251735687
2018,21,17,1.0,0.9943323731422424,0,0,-0.25,0.0,0.0,-0.2698407471179962,-0.0007782526081427932,-0.005953260697424412
2019,21,18,1.0,0.998162567615509,0,0,-0.25,0.0,0.0,-0.27028602361679077,-8.399487705901265e-05,-0.010763253085315228
2020,21,19,1.0,0.9990535974502563,0,0,-0.25,0.0,0.0,-0.27075880765914917,0.00018316996283829212,-0.007736216764897108
2021,21,20,1.0,0.9980146288871765,0,0,-0.25,0.0,0.0,-0.26951465010643005,0.0012554023414850235,-0.00546637736260891
2022,21,21,1.0,0.9958124160766602,0,0,-0.25,0.0,0.0,-0.267993301153183,-0.00011469869059510529,-0.002463199198246002
2023,21,22,1.0,0.9946301579475403,0,0,-0.25,0.0,0.0,-0.26904717087745667,-0.00027320225490257144,0.004594498313963413
2024,21,23,1.0,0.9916417598724365,0,0,-0.25,0.0,0.0,-0.2693113088607788,0.0004111125599592924,0.008908547461032867
2025,21,24,1.0,0.9928803443908691,0,0,-0.25,0.0,0.0,-0.28024822473526,0.0038899825885891914,0.010747730731964111
2026,21,25,1.0,0.9912651181221008,0,0,-0.25,0.0,0.0,-0.27590835094451904,0.004797669593244791,0.012564994394779205
2027,21,26,1.0,0.9900350570678711,0,0,-0.25,0.0,0.0,-0.23324435949325562,-0.000118927942821756,0.010886702686548233
2028,21,27,1.0,0.9722201824188232,0,0,-0.25,0.0,0.0,-0.1349991261959076,-0.016496380791068077,0.010198814794421196
2029,21,28,1.0,0.9840312600135803,0,0,0.0,0.0,0.0,-0.035926975309848785,-0.017238803207874298,0.0016184253618121147
2030,21,29,1.0,0.9738550782203674,0,0,0.0,0.0,0.0,-0.000957506475970149,0.021549919620156288,0.00419489573687315
2031,21,30,1.0,0.9864106774330139,0,0,0.0,0.0,0.0,0.0002756423782557249,0.23020146787166595,0.002700531855225563
2032,21,31,1.0,0.9930316805839539,0,0,0.0,0.0,0.0,0.0003664880059659481,0.2685992419719696,0.011480284854769707
2033,21,32,1.0,0.9942573308944702,0,0,0.0,0.0,0.0,-0.0009055660339072347,0.2790064811706543,0.014251554384827614
2034,21,33,1.0,0.9941562414169312,0,0,0.0,0.0,0.0,-0.0008695889264345169,0.2789539694786072,0.014264030382037163
2035,21,34,1.0,0.9893664717674255,0,0,0.0,0.25,0.0,-0.00035570492036640644,0.28395402431488037,0.011697199195623398
2036,21,35,1.0,0.9796509742736816,0,0,0.0,0.25,0.0,0.0010247728787362576,0.2741279900074005,0.003041881136596203
2037,21,36,1.0,0.9788525700569153,0,0,0.0,0.25,0.0,-0.000639811740256846,0.27343857288360596,0.00044686999171972275
2038,21,37,1.0,0.981724739074707,0,0,0.0,0.25,0.0,-6.71932939440012e-05,0.2768036127090454,-0.0012950515374541283
2039,21,38,1.0,0.9781644940376282,0,0,0.0,0.25,0.0,-0.001470610499382019,0.2756712734699249,0.0012794826179742813
2040,21,39,1.0,0.9755552411079407,0,0,0.0,0.25,0.0,0.00018396019004285336,0.27495938539505005,0.00182374007999897
2041,21,40,1.0,0.9785340428352356,0,0,0.0,0.25,0.0,-0.0005188590148463845,0.2757861316204071,0.007262261584401131
2042,21,41,1.0,0.9788311719894409,0,0,0.0,0.25,0.0,1.1717202141880989e-05,0.27468544244766235,0.003513840027153492
2043,21,42,1.0,0.98646080493927,0,0,0.0,0.25,0.0,0.0010436656884849072,0.2677009105682373,0.004083811305463314
2044,21,43,1.0,0.9916384816169739,0,0,0.0,0.25,0.0,0.001553916372358799,0.22818922996520996,-0.0058738356456160545
2045,21,44,1.0,0.981335461139679,0,0,0.0,0.25,0.0,0.0018469071947038174,0.14037439227104187,-0.015100296586751938
2046,21,45,1.0,0.9736226797103882,0,0,0.0,0.0,0.0,0.0008908512536436319,0.07932957261800766,-0.008084272034466267
2047,21,46,1.0,0.977933406829834,0,0,0.0,0.0,0.0,-0.0001260137651115656,0.01663772016763687,0.007606359198689461
2048,21,47,1.0,0.9755226969718933,0,0,0.0,0.0,0.0,0.00011052913032472134,-0.0012321898248046637,0.01924196258187294
2049,21,48,1.0,0.9783339500427246,0,0,0.0,0.0,0.0,-0.00039412500336766243,0.001321211108006537,0.02915348671376705
2050,21,49,1.0,0.9785293340682983,0,0,0.0,0.0,0.0,-0.00032303098123520613,-0.00017325469525530934,0.026379095390439034
2051,21,50,1.0,1.0002245903015137,0,0,0.0,0.0,0.0,0.0003082484472543001,0.002750071231275797,-0.3535752594470978
2052,21,51,1.0,1.0003275871276855,0,0,0.0,0.0,0.0,0.0002993952948600054,0.002724828664213419,-0.3555234670639038
2053,21,52,1.0,1.0047696828842163,0,0,0.0,0.0,0.0,0.00047713820822536945,0.003148332703858614,-0.4378579556941986
2054,21,53,1.0,1.0047880411148071,0,0,0.0,0.0,0.0,0.0004774720873683691,0.0031433142721652985,-0.43813106417655945
2055,21,54,1.0,1.0050491094589233,0,0,0.0,0.0,-0.5,0.0006061014719307423,0.0027888547629117966,-0.4477686285972595
2056,21,55,1.0,0.9932605028152466,0,0,0.0,0.0,-0.5,0.0004461712669581175,-0.0016872469568625093,-0.5335326790809631
2057,21,56,1.0,0.9857749342918396,0,0,0.0,0.0,-0.5,-5.8020930737257004e-05,-0.002067441586405039,-0.5274991989135742
2058,21,57,1.0,0.9844149947166443,0,0,0.0,0.0,-0.5,0.0008194786496460438,-0.00182915641926229,-0.5276888608932495
2059,21,58,1.0,0.9817888140678406,0,0,0.0,0.0,-0.5,0.0009164707735180855,-0.0015436363173648715,-0.5283758640289307
2060,21,59,1.0,0.9806551337242126,0,0,0.0,0.0,-0.5,0.001238497905433178,-0.0012376118684187531,-0.5328752398490906
2061,21,60,1.0,0.9804437756538391,0,0,0.0,0.0,-0.5,0.0009769436437636614,-0.0011131690116599202,-0.5393673777580261
2062,21,61,1.0,0.9923092126846313,0,0,0.0,0.0,-0.5,0.0008854423649609089,-0.0005521329585462809,-0.5481252074241638
2063,21,62,1.0,1.0015891790390015,0,0,0.0,0.0,-0.5,0.0051569282077252865,-0.0013634015340358019,-0.554753303527832
2064,21,63,1.0,1.0022422075271606,0,0,0.0,0.0,-0.5,0.0032068672589957714,0.0003301022807136178,-0.5497705936431885
2065,21,64,1.0,0.9719609022140503,0,0,0.0,0.0,-0.5,0.004095273092389107,-0.0007292333175428212,-0.5316432118415833
2066,21,65,1.0,0.9733844995498657,0,0,0.0,0.0,-0.5,0.0016542202793061733,0.0007494359742850065,-0.5395974516868591
2067,21,66,1.0,1.7185945510864258,0,1,0.0,0.0,-0.5,-8.719600737094879e-05,0.00046189757995307446,-0.045462466776371
2068,21,67,1.0,1.6997230052947998,0,1,0.0,0.0,0.0,-0.0007065363461151719,0.0008315386949107051,-0.06131051480770111
2069,21,68,1.0,2.062366247177124,0,1,0.0,0.0,0.0,-0.0016075982712209225,0.00031367939664050937,0.00650916900485754
2070,21,69,1.0,2.063938617706299,0,1,0.0,0.0,0.0,-0.0014462945982813835,9.380077244713902e-05,0.004713613539934158
2071,21,70,2.0,2.0669748783111572,1,1,0.0,0.0,0.0,-0.0014259195886552334,-0.0007653057109564543,0.0031548840925097466
2072,21,71,2.0,2.0605483055114746,1,1,0.0,0.0,0.0,0.0008259110618382692,-0.003432493656873703,0.0036999154835939407
2073,21,72,2.0,2.0623950958251953,1,1,0.0,0.0,0.0,0.0003742354456335306,-0.0011197817511856556,0.017630675807595253
2074,21,73,2.0,2.064757823944092,1,1,0.0,0.0,0.0,0.0009672245942056179,-0.0022657469380646944,0.012054001912474632
2075,21,74,2.0,2.068760871887207,1,1,0.0,0.0,0.0,0.0011221079621464014,-0.003746439702808857,0.007540551945567131
2076,21,75,2.0,2.071134328842163,1,1,0.0,0.0,0.0,0.0014363231603056192,-0.003513308707624674,0.008228551596403122
2077,21,76,2.0,2.082576036453247,1,1,0.0,0.0,0.0,0.0021652551367878914,-0.003751017153263092,0.0016951803117990494
2078,21,77,2.0,2.083639621734619,1,1,0.0,0.0,0.0,0.0020797098986804485,-0.0036232988350093365,0.002604355104267597
2079,21,78,1.0,0.9956875443458557,0,0,0.0,0.0,0.0,8.253427222371101e-05,-0.0028883591294288635,0.5270386934280396
2080,21,79,1.0,1.034824252128601,0,0,0.0,0.0,0.0,0.0003088738303631544,-0.004734033718705177,0.45435699820518494
2081,21,80,1.0,1.0785788297653198,0,0,0.0,0.0,0.0,-0.0020046124700456858,-0.0032162433490157127,0.41253045201301575
2082,21,81,1.0,0.9965815544128418,0,0,0.0,0.0,0.0,-0.0016825997736304998,-0.002560198772698641,0.5113506317138672
2083,21,82,1.0,0.9944255352020264,0,0,0.0,0.0,0.0,-0.0007827103836461902,-0.002888547256588936,0.5294004082679749
2084,21,83,1.0,0.993797242641449,0,0,0.0,0.0,0.5,-0.00028234440833330154,-0.0028630616143345833,0.5300008058547974
2085,21,84,1.0,0.9973305463790894,0,0,0.0,0.0,0.5,0.00011319760233163834,-0.0038606468588113785,0.5296769142150879
2086,21,85,1.0,0.9909350275993347,0,0,0.0,0.0,0.5,-0.0007876369636505842,-0.0004978299839422107,0.531684160232544
2087,21,86,1.0,0.9908747673034668,0,0,0.0,0.0,0.5,-0.0009452562080696225,-0.0007192307966761291,0.5286735892295837
2088,21,87,1.0,0.9906073808670044,0,0,0.0,0.0,0.5,-0.0005322581855580211,-0.00043597689364105463,0.527840256690979
2089,21,88,1.0,0.9893758296966553,0,0,0.0,0.0,0.5,-0.0002746980171650648,-0.0010841944022104144,0.5281187295913696
2090,21,89,1.0,0.9911108613014221,0,0,0.0,0.0,0.5,2.429261803627014e-05,-0.0016629885649308562,0.5282924175262451
2091,21,90,1.0,0.9942309260368347,0,0,0.0,0.0,0.5,-0.0013610082678496838,-0.00214768061414361,0.5305684208869934
2092,21,91,1.0,0.9897321462631226,0,0,0.0,0.0,0.5,-0.0016476570162922144,-0.0012473897077143192,0.5329581499099731
2093,21,92,1.0,0.993274450302124,0,0,0.0,0.0,0.5,-0.0015115393325686455,-0.00246161175891757,0.5300171375274658
2094,22,0,1.0,0.9869522452354431,0,0,0.0,0.0,0.0,-0.014149495400488377,-0.0034270412288606167,0.015208479017019272
2095,22,1,1.0,0.988518476486206,0,0,0.0,0.0,0.0,-0.021257832646369934,-0.0011887631844729185,0.00814216211438179
2096,22,2,1.0,0.9898659586906433,0,0,0.0,0.0,0.0,-0.025139598175883293,0.0007290344219654799,0.003644498996436596
2097,22,3,1.0,0.9898681044578552,0,0,0.0,0.0,0.0,-0.023368794471025467,0.0003751690383069217,0.004692258313298225
2098,22,4,1.0,0.9950074553489685,0,0,0.0,0.0,0.0,0.008364349603652954,0.004149992484599352,-0.02097414806485176
2099,22,5,1.0,0.9950171709060669,0,0,0.0,0.0,0.0,0.00915259588509798,0.00406865356490016,-0.020386431366205215
2100,22,6,1.0,0.9900336861610413,0,0,0.0,0.0,0.0,0.21020184457302094,-0.003158475272357464,-0.024244219064712524
2101,22,7,1.0,0.9900113940238953,0,0,0.0,0.0,0.0,0.21042634546756744,-0.003149969968944788,-0.024067852646112442
2102,22,8,1.0,0.9852414727210999,0,0,0.0,0.0,0.0,0.2509520351886749,-0.003165644593536854,-0.011390152387320995
2103,22,9,1.0,0.9852260947227478,0,0,0.25,0.0,0.0,0.25096598267555237,-0.0031594494357705116,-0.011376009322702885
2104,22,10,1.0,0.9855226874351501,0,0,0.25,0.0,0.0,0.27080342173576355,-0.0020914538763463497,-0.002255064435303211
2105,22,11,1.0,0.9838232398033142,0,0,0.25,0.0,0.0,0.27224522829055786,-0.0030256337486207485,0.003791685216128826
2106,22,12,1.0,0.9840899705886841,0,0,0.25,0.0,0.0,0.27253860235214233,-0.0013882324565201998,0.007571158930659294
2107,22,13,1.0,0.9845420122146606,0,0,0.25,0.0,0.0,0.2728613018989563,-0.0009929162915796041,0.01167907752096653
2108,22,14,1.0,0.9806574583053589,0,0,0.25,0.0,0.0,0.27217376232147217,2.5098735932260752e-05,0.0034328466281294823
2109,22,15,1.0,0.9823403358459473,0,0,0.25,0.0,0.0,0.27410343289375305,-0.0008083236170932651,0.0033269934356212616
2110,22,16,1.0,0.9863543510437012,0,0,0.25,0.0,0.0,0.2753150463104248,-0.0008976850076578557,-0.00607471726834774
2111,22,17,1.0,0.9965890049934387,0,0,0.25,0.0,0.0,0.2782439887523651,-0.0011165023315697908,-0.008903715759515762
2112,22,18,1.0,0.9885928630828857,0,0,0.25,0.0,0.0,0.2799352705478668,-0.0022545852698385715,0.0043561747297644615
2113,22,19,1.0,0.9848521947860718,0,0,0.25,0.0,0.0,0.271507203578949,-0.0037419856525957584,0.012266868725419044
2114,22,20,1.0,0.9798629879951477,0,0,0.25,0.0,0.0,0.2376139611005783,-0.0011917592491954565,0.00993739627301693
2115,22,21,1.0,0.9850872755050659,0,0,0.0,0.0,0.0,0.16445797681808472,0.005143322516232729,-0.007221672683954239
2116,22,22,1.0,1.021437644958496,0,0,0.0,0.0,0.0,0.03951322287321091,0.008816131390631199,-0.013246347196400166
2117,22,23,1.0,1.0240330696105957,0,0,0.0,0.0,0.0,0.001596418209373951,0.0012715250486508012,-0.010497295297682285
2118,22,24,1.0,1.0169495344161987,0,0,0.0,0.0,0.0,-0.007764480542391539,-0.028987614437937737,-0.013010033406317234
2119,22,25,1.0,1.012675404548645,0,0,0.0,0.0,0.0,-0.01196484174579382,-0.04675154760479927,-0.006833299994468689
2120,22,26,1.0,0.9853192567825317,0,0,0.0,0.0,0.0,0.0009461683221161366,-0.24529153108596802,0.002896500751376152
2121,22,27,1.0,0.9852595925331116,0,0,0.0,0.0,0.0,0.0008018447551876307,-0.24536362290382385,0.0028328103944659233
2122,22,28,1.0,0.9875279068946838,0,0,0.0,-0.25,0.0,0.0007431202102452517,-0.2551291286945343,-0.001532544381916523
2123,22,29,1.0,0.9772692918777466,0,0,0.0,-0.25,0.0,0.0013087950646877289,-0.27253228425979614,-0.00011112820357084274
2124,22,30,1.0,0.9816681146621704,0,0,0.0,-0.25,0.0,0.0020116567611694336,-0.27723294496536255,0.0002010483294725418
2125,22,31,1.0,0.984201192855835,0,0,0.0,-0.25,0.0,0.002523986157029867,-0.27893203496932983,-0.000492229126393795
2126,22,32,1.0,0.9872111082077026,0,0,0.0,-0.25,0.0,0.002570874523371458,-0.27746716141700745,-0.0008922098204493523
2127,22,33,1.0,0.9877515435218811,0,0,0.0,-0.25,0.0,0.0030032722279429436,-0.2787744700908661,0.0006953421980142593
2128,22,34,1.0,0.9905501008033752,0,0,0.0,-0.25,0.0,0.002309059724211693,-0.2746426463127136,0.003462322987616062
2129,22,35,1.0,0.987938404083252,0,0,0.0,-0.25,0.0,0.0033412957563996315,-0.27596181631088257,0.0010590897873044014
2130,22,36,1.0,0.9894252419471741,0,0,0.0,-0.25,0.0,0.0031049810349941254,-0.27755528688430786,-0.0037204688414931297
2131,22,37,1.0,0.9904958605766296,0,0,0.0,-0.25,0.0,0.0013355030678212643,-0.27183347940444946,-0.00524540152400732
2132,22,38,1.0,0.9867472052574158,0,0,0.0,-0.25,0.0,0.0017103608697652817,-0.24420851469039917,-0.009857658296823502
2133,22,39,1.0,0.9786081910133362,0,0,0.0,0.0,0.0,0.002393329981714487,-0.14756134152412415,-0.014794602058827877
2134,22,40,1.0,0.9793679714202881,0,0,0.0,0.0,0.0,0.00037761335261166096,-0.035763297230005264,-0.018892057240009308
2135,22,41,1.0,0.9831981658935547,0,0,0.0,0.0,0.0,-0.0004402544582262635,-0.02280425652861595,-0.01503637246787548
2136,22,42,1.0,0.982304573059082,0,0,0.0,0.0,0.0,-0.0008647341746836901,-0.019791459664702415,0.000945359468460083
2137,22,43,1.0,0.9822512865066528,0,0,0.0,0.0,0.0,-0.0009293684270232916,-0.01749897561967373,0.0008083796128630638
2138,22,44,1.0,0.980184018611908,0,0,0.0,0.0,0.0,-0.0009040541481226683,-0.013403995893895626,0.012972462922334671
2139,22,45,1.0,0.9801701307296753,0,0,0.0,-0.25,0.0,-0.0009071317035704851,-0.013060211203992367,0.01292835921049118
2140,22,46,1.0,0.9731727242469788,0,0,0.0,0.0,0.0,-0.0002071247436106205,-0.014174598269164562,0.04441327601671219
2141,22,47,1.0,0.9768888354301453,0,0,0.0,0.0,0.0,0.0008725975640118122,-0.005247131455689669,0.033208347856998444
2142,22,48,1.0,0.9902886152267456,0,0,0.0,0.0,0.0,0.0019009709358215332,0.00013766501797363162,-0.20365141332149506
2143,22,49,1.0,0.9889070987701416,0,0,0.0,0.0,0.0,0.0017964402213692665,0.0007987592834979296,-0.18269529938697815
2144,22,50,1.0,1.0047035217285156,0,0,0.0,0.0,0.0,0.0009923521429300308,0.003775288350880146,-0.4238932728767395
2145,22,51,1.0,1.0047025680541992,0,0,0.0,0.0,0.0,0.0009879132267087698,0.0038268258795142174,-0.4235213100910187
2146,22,52,1.0,1.0058313608169556,0,0,0.0,0.0,-0.5,0.0013073752634227276,0.0030954889953136444,-0.45683857798576355
2147,22,53,1.0,0.9927940368652344,0,0,0.0,0.0,-0.5,-0.00028893048875033855,-0.002019386738538742,-0.5302277207374573
2148,22,54,1.0,0.9864980578422546,0,0,0.0,0.0,-0.5,6.627687253057957e-05,-0.0022452352568507195,-0.530561625957489
2149,22,55,1.0,0.9830300211906433,0,0,0.0,0.0,-0.5,0.0007055732421576977,-0.002048400929197669,-0.5260400772094727
2150,22,56,1.0,0.9870320558547974,0,0,0.0,0.0,-0.5,0.0002680316101759672,-0.0015225948300212622,-0.5294784903526306
2151,22,57,1.0,0.9918620586395264,0,0,0.0,0.0,-0.5,0.0014328535180538893,-0.0016566563863307238,-0.535705029964447
2152,22,58,1.0,1.000733733177185,0,0,0.0,0.0,-0.5,0.00029529770836234093,-0.0012382043059915304,-0.5388739705085754
2153,22,59,1.0,1.009682297706604,0,0,0.0,0.0,-0.5,0.002497502136975527,0.0002447608858346939,-0.5433879494667053
2154,22,60,1.0,1.0107187032699585,0,0,0.0,0.0,-0.5,0.0022876267321407795,0.0010818633018061519,-0.543438196182251
2155,22,61,1.0,1.0018175840377808,0,0,0.0,0.0,-0.5,0.002747875638306141,0.0010228506289422512,-0.5444366335868835
2156,22,62,1.0,0.9813891649246216,0,0,0.0,0.0,-0.5,0.001728762872517109,0.00031592068262398243,-0.5133978724479675
2157,22,63,1.0,0.980053186416626,0,0,0.0,0.0,-0.5,0.0017801495268940926,0.00022619857918471098,-0.50871342420578
2158,22,64,1.0,1.560521125793457,0,1,0.0,0.0,0.0,0.002229867037385702,-0.00110876583494246,-0.022482112050056458
2159,22,65,1.0,1.5624809265136719,0,1,0.0,0.0,0.0,0.0022444860078394413,-0.0011448878794908524,-0.020759589970111847
2160,22,66,1.0,2.0262861251831055,0,1,0.0,0.0,0.0,-0.0005819009384140372,0.0015128097729757428,0.009953614324331284
2161,22,67,2.0,2.026263952255249,1,1,0.0,0.0,0.0,-0.0005815272452309728,0.001515511772595346,0.009975945577025414
2162,22,68,2.0,2.059985876083374,1,1,0.0,0.0,0.0,-0.0002718069590628147,-0.0025094817392528057,0.0004960773512721062
2163,22,69,2.0,2.0645499229431152,1,1,0.0,0.0,0.0,-0.00021802028641104698,-0.0026298905722796917,0.00801968201994896
2164,22,70,2.0,2.062124490737915,1,1,0.0,0.0,0.0,0.0002821048256009817,-0.002663146238774061,0.005932644009590149
2165,22,71,2.0,2.0624818801879883,1,1,0.0,0.0,0.0,0.00019337469711899757,-0.0027607842348515987,0.006372515112161636
2166,22,72,2.0,2.0647733211517334,1,1,0.0,0.0,0.0,0.0002457424998283386,-0.0029096081852912903,0.007236450910568237
2167,22,73,2.0,2.0640950202941895,1,1,0.0,0.0,0.0,0.00023393589071929455,-0.0030464869923889637,0.006122445687651634
2168,22,74,2.0,2.042426824569702,1,1,0.0,0.0,0.0,-0.0006036864360794425,-0.0028587300330400467,-0.0020102974958717823
2169,22,75,1.0,1.9699305295944214,0,1,0.0,0.0,0.0,-0.0008365213871002197,-0.003320490475744009,-0.009391344152390957
2170,22,76,1.0,1.1477549076080322,0,0,0.0,0.0,0.0,0.0008071498014032841,-0.002086801454424858,0.2929724156856537
2171,22,77,1.0,1.0339418649673462,0,0,0.0,0.0,0.0,-0.0003217372577637434,-0.0023973449133336544,0.4121955931186676
2172,22,78,1.0,0.9932006001472473,0,0,0.0,0.0,0.0,-0.0011017899960279465,-0.0020976574160158634,0.5049022436141968
2173,22,79,1.0,0.9917506575584412,0,0,0.0,0.0,0.0,-0.0010525500401854515,-0.0020439280197024345,0.5111613273620605
2174,22,80,1.0,0.9910324215888977,0,0,0.0,0.0,0.0,-0.0006046438356861472,-0.0019629234448075294,0.5186597108840942
2175,22,81,1.0,0.9913056492805481,0,0,0.0,0.0,0.0,-0.0005603103199973702,-0.002054881537333131,0.5205646753311157
2176,22,82,1.0,0.9918069243431091,0,0,0.0,0.0,0.5,-0.0004702225560322404,-0.0022568863350898027,0.5198500752449036
2177,22,83,1.0,0.9902224540710449,0,0,0.0,0.0,0.5,-0.001453392207622528,-0.0024680476635694504,0.5019310712814331
2178,22,84,1.0,0.9893965125083923,0,0,0.0,0.0,0.5,-0.00045386794954538345,-0.002023316454142332,0.5267326831817627
2179,22,85,1.0,0.9873309135437012,0,0,0.0,0.0,0.5,-0.0010111600859090686,-0.0003838230622932315,0.5272707939147949
2180,22,86,1.0,0.987255334854126,0,0,0.0,0.0,0.5,-0.0009842131985351443,-0.00022391273523680866,0.5289075970649719
2181,22,87,1.0,0.9831656217575073,0,0,0.0,0.0,0.5,-0.0002597304992377758,0.00010037253377959132,0.5278740525245667
2182,22,88,1.0,0.9827978610992432,0,0,0.0,0.0,0.5,-0.0006337744416669011,-0.0010368459625169635,0.5259658694267273
2183,22,89,1.0,0.9830005168914795,0,0,0.0,0.0,0.5,-0.0013208347372710705,4.007667303085327e-05,0.5294657945632935
2184,22,90,1.0,0.9835491180419922,0,0,0.0,0.0,0.5,-0.00046104402281343937,-0.0005982378497719765,0.5272982120513916
2185,22,91,1.0,0.9863594174385071,0,0,0.0,0.0,0.5,-0.0001636049710214138,-0.0008098708931356668,0.5295279622077942
2186,23,0,1.0,0.9964011311531067,0,0,0.0,0.0,0.0,-0.010824053548276424,-0.00593239301815629,-0.0018827025778591633
2187,23,1,1.0,0.9978598356246948,0,0,0.0,0.0,0.0,-0.01716199889779091,-0.004863061010837555,-0.01497645303606987
2188,23,2,1.0,0.9909895658493042,0,0,0.0,0.0,0.0,-0.018111448734998703,-0.0023585441522300243,-0.017715904861688614
2189,23,3,1.0,0.9906354546546936,0,0,0.0,0.0,0.0,-0.017956746742129326,-0.002727331593632698,-0.018158817663788795
2190,23,4,1.0,0.9892067313194275,0,0,0.0,0.0,0.0,0.01750917360186577,-0.0043626208789646626,-0.039942122995853424
2191,23,5,1.0,0.9892382025718689,0,0,0.0,0.0,0.0,0.01882091350853443,-0.004453663714230061,-0.038893237709999084
2192,23,6,1.0,0.9769488573074341,0,0,0.0,0.0,0.0,0.2426450550556183,-0.0006186813116073608,-0.02631235122680664
2193,23,7,1.0,0.9769335985183716,0,0,0.0,0.0,0.0,0.2426806092262268,-0.0006001809379085898,-0.026241758838295937
2194,23,8,1.0,0.9792537093162537,0,0,0.0,0.0,0.0,0.2572475075721741,0.0013243961147964,-0.02128668501973152
2195,23,9,1.0,0.9792512059211731,0,0,0.0,0.0,0.0,0.25724995136260986,0.0013274403754621744,-0.02127363346517086
2196,23,10,1.0,0.9800267219543457,0,0,0.25,0.0,0.0,0.26624539494514465,0.001500939135439694,-0.0158781036734581
2197,23,11,1.0,0.9843931198120117,0,0,0.25,0.0,0.0,0.27151209115982056,0.0016222804551944137,-0.007592123467475176
2198,23,12,1.0,0.9879875183105469,0,0,0.25,0.0,0.0,0.27218642830848694,-0.0004156194918323308,-0.0025915689766407013
2199,23,13,1.0,0.9866124391555786,0,0,0.25,0.0,0.0,0.2730042338371277,0.00020671478705480695,0.00046631041914224625
2200,23,14,1.0,0.9826308488845825,0,0,0.25,0.0,0.0,0.27191442251205444,0.000258369545917958,0.0012829788029193878
2201,23,15,1.0,0.9811519384384155,0,0,0.25,0.0,0.0,0.2715548872947693,0.000968080828897655,0.0013846717774868011
2202,23,16,1.0,0.9802029728889465,0,0,0.25,0.0,0.0,0.2712303400039673,0.0009276970522478223,-0.0004235263913869858
2203,23,17,1.0,0.9813119173049927,0,0,0.25,0.0,0.0,0.27382707595825195,0.0006724309641867876,-0.0016971668228507042
2204,23,18,1.0,0.9935430288314819,0,0,0.25,0.0,0.0,0.2769717872142792,0.0020019086077809334,-0.0013373829424381256
2205,23,19,1.0,0.9876002073287964,0,0,0.25,0.0,0.0,0.2791174054145813,0.0018108809599652886,0.0002731233835220337
2206,23,20,1.0,0.9877756834030151,0,0,0.25,0.0,0.0,0.2784622609615326,0.0011356340255588293,0.004371585324406624
2207,23,21,1.0,0.9855582118034363,0,0,0.25,0.0,0.0,0.2626766562461853,0.003915876150131226,0.0018134256824851036
2208,23,22,1.0,0.9860512018203735,0,0,0.0,0.0,0.0,0.20313894748687744,-0.001145042129792273,0.013170801103115082
2209,23,23,1.0,0.9938106536865234,0,0,0.0,0.0,0.0,0.09922865778207779,-0.015927335247397423,0.018280215561389923
2210,23,24,1.0,0.9993139505386353,0,0,0.0,0.0,0.0,0.009773139841854572,-0.03910199552774429,-0.009432755410671234
2211,23,25,1.0,1.0014132261276245,0,0,0.0,0.0,0.0,-0.004817569628357887,-0.031924813985824585,-0.009175078012049198
2212,23,26,1.0,0.9864745140075684,0,0,0.0,0.0,0.0,-0.004081557504832745,0.19133450090885162,-0.0038836239837110043
2213,23,27,1.0,0.9866945147514343,0,0,0.0,0.0,0.0,-0.004391750320792198,0.19336248934268951,-0.004025217145681381
2214,23,28,1.0,0.9935699105262756,0,0,0.0,0.0,0.0,-0.00110493297688663,0.24406956136226654,-0.002668377012014389
2215,23,29,1.0,0.993588924407959,0,0,0.0,0.0,0.0,-0.0011138017289340496,0.24422872066497803,-0.002645535860210657
2216,23,30,1.0,0.9929763674736023,0,0,0.0,0.0,0.0,-0.002066901419311762,0.2354629784822464,-0.00477165961638093
2217,23,31,1.0,0.9929804801940918,0,0,0.0,0.0,0.0,-0.0020705177448689938,0.23551017045974731,-0.004766593221575022
2218,23,32,1.0,0.992364764213562,0,0,0.0,0.25,0.0,-0.0019961176440119743,0.2644718587398529,-0.0008051702752709389
2219,23,33,1.0,0.9809810519218445,0,0,0.0,0.25,0.0,-0.0019356245175004005,0.27433890104293823,0.0014035115018486977
2220,23,34,1.0,0.9851769208908081,0,0,0.0,0.25,0.0,-0.0011550397612154484,0.2748078405857086,-0.001810071524232626
2221,23,35,1.0,0.9816993474960327,0,0,0.0,0.25,0.0,0.0004363902844488621,0.27739769220352173,0.00030136480927467346
2222,23,36,1.0,0.9819655418395996,0,0,0.0,0.25,0.0,-0.00043965503573417664,0.27729591727256775,0.0007499288767576218
2223,23,37,1.0,0.9783098697662354,0,0,0.0,0.25,0.0,-0.0008993108058348298,0.27510663866996765,0.0034149782732129097
2224,23,38,1.0,0.9783294796943665,0,0,0.0,0.25,0.0,-0.00023505277931690216,0.2745397686958313,0.005843643099069595
2225,23,39,1.0,0.97948157787323,0,0,0.0,0.25,0.0,-8.408608846366405e-05,0.2731495499610901,0.002803976647555828
2226,23,40,1.0,0.9818376302719116,0,0,0.0,0.25,0.0,0.00038555124774575233,0.27303504943847656,-0.003132890909910202
2227,23,41,1.0,0.9822162985801697,0,0,0.0,0.25,0.0,0.0016742115840315819,0.2641298770904541,-0.011371425352990627
2228,23,42,1.0,0.9902411103248596,0,0,0.0,0.25,0.0,0.001303049037232995,0.19966213405132294,-0.02114308997988701
2229,23,43,1.0,0.9861096143722534,0,0,0.0,0.25,0.0,0.0006972842384129763,0.12110823392868042,-0.010411148890852928
2230,23,44,1.0,0.9776741862297058,0,0,0.0,0.0,0.0,-0.0006129628745839,0.05949731916189194,0.012571306899189949
2231,23,45,1.0,0.9759195446968079,0,0,0.0,0.0,0.0,-0.0007751861121505499,0.03168497979640961,0.04341788589954376
2232,23,46,1.0,0.9870831966400146,0,0,0.0,0.0,0.0,0.00189250148832798,0.006113296374678612,-0.15340682864189148
2233,23,47,1.0,0.9893448352813721,0,0,0.0,0.0,0.0,0.00187600776553154,0.0025855572894215584,-0.196034774184227
2234,23,48,1.0,1.000379204750061,0,0,0.0,0.0,0.0,-0.00011191773228347301,0.0028771134093403816,-0.40258169174194336
2235,23,49,1.0,1.0005149841308594,0,0,0.0,0.0,0.0,-0.00010310881771147251,0.0028061596676707268,-0.41128942370414734
2236,23,50,1.0,1.0020614862442017,0,0,0.0,0.0,0.0,0.0003868355415761471,0.002949086017906666,-0.4774434268474579
2237,23,51,1.0,1.001988172531128,0,0,0.0,0.0,-0.5,0.0004002924542874098,0.0029044197872281075,-0.478536993265152
2238,23,52,1.0,0.99344801902771,0,0,0.0,0.0,-0.5,0.0005616997368633747,-0.002120218938216567,-0.5310298800468445
2239,23,53,1.0,0.9875304102897644,0,0,0.0,0.0,-0.5,0.0006044304464012384,-0.0016869637183845043,-0.5285177826881409
2240,23,54,1.0,0.9860521554946899,0,0,0.0,0.0,-0.5,0.0005579383578151464,-0.0017121570417657495,-0.5265108942985535
2241,23,55,1.0,0.9842065572738647,0,0,0.0,0.0,-0.5,0.0010457222815603018,-0.0009647405240684748,-0.5302120447158813
2242,23,56,1.0,0.9854111671447754,0,0,0.0,0.0,-0.5,0.002183943521231413,-0.001989273354411125,-0.5297309160232544
2243,23,57,1.0,0.9896567463874817,0,0,0.0,0.0,-0.5,0.002630925737321377,-0.0011706606019288301,-0.5346826910972595
2244,23,58,1.0,1.0030580759048462,0,0,0.0,0.0,-0.5,0.002428293228149414,-0.00038062522071413696,-0.5439481735229492
2245,23,59,1.0,1.00267493724823,0,0,0.0,0.0,-0.5,0.002416103146970272,-0.0003946864162571728,-0.5468012094497681
2246,23,60,1.0,0.9911536574363708,0,0,0.0,0.0,-0.5,0.0017390428110957146,0.00020085135474801064,-0.5407809615135193
2247,23,61,1.0,0.9907735586166382,0,0,0.0,0.0,-0.5,0.0012640845961868763,0.00024207914248108864,-0.5383794903755188
2248,23,62,1.0,2.007430076599121,0,1,0.0,0.0,-0.5,-0.0006980610778555274,0.0007491514552384615,0.01502196304500103
2249,23,63,1.0,2.008568286895752,0,1,0.0,0.0,0.0,-0.0006671755108982325,0.0007841743063181639,0.015184769406914711
2250,23,64,1.0,2.061192512512207,0,1,0.0,0.0,0.0,-0.000981758814305067,0.0009523187763988972,0.006827712059020996
2251,23,65,1.0,2.061220169067383,0,1,0.0,0.0,0.0,-0.000972386565990746,0.0009400281123816967,0.006775984540581703
2252,23,66,1.0,2.065551280975342,0,1,0.0,0.0,0.0,-0.0011802102671936154,0.00028117478359490633,0.005366492085158825
2253,23,67,2.0,2.0655674934387207,1,1,0.0,0.0,0.0,-0.0011755009181797504,0.00027267716359347105,0.0053276177495718
2254,23,68,2.0,2.0618677139282227,1,1,0.0,0.0,0.0,0.0005000752862542868,-0.0026816418394446373,0.0011926116421818733
2255,23,69,2.0,2.05800724029541,1,1,0.0,0.0,0.0,0.0002598243299871683,-0.0018656864995136857,0.0019410047680139542
2256,23,70,2.0,2.0657615661621094,1,1,0.0,0.0,0.0,0.0002226242795586586,-0.0024600208271294832,0.006501485593616962
2257,23,71,2.0,2.0647964477539062,1,1,0.0,0.0,0.0,0.0003689152654260397,-0.002268917392939329,0.007050422951579094
2258,23,72,2.0,2.0728273391723633,1,1,0.0,0.0,0.0,0.0014466263819485903,-0.0016772737726569176,0.00872696004807949
2259,23,73,2.0,2.0722908973693848,1,1,0.0,0.0,0.0,0.0014721918851137161,-0.001980482367798686,0.007946617901325226
2260,23,74,1.0,2.0661027431488037,0,1,0.0,0.0,0.0,0.0016335421241819859,-0.0011282331543043256,-0.0013971361331641674
2261,23,75,1.0,2.0394959449768066,0,1,0.0,0.0,0.0,0.0021669287234544754,-0.0013944394886493683,-0.002269502729177475
2262,23,76,1.0,1.5241084098815918,0,1,0.0,0.0,0.0,0.00323796970769763,-0.002273022662848234,0.14019809663295746
2263,23,77,1.0,1.0631736516952515,0,0,0.0,0.0,0.0,0.0015469305217266083,-0.002134510315954685,0.4053305685520172
2264,23,78,1.0,0.9944014549255371,0,0,0.0,0.0,0.0,0.00020589493215084076,-0.0024752099998295307,0.5302320122718811
2265,23,79,1.0,0.9943423271179199,0,0,0.0,0.0,0.0,0.0002569258213043213,-0.002339046448469162,0.5301867723464966
2266,23,80,1.0,0.9943774342536926,0,0,0.0,0.0,0.5,0.00041568512097001076,-0.0022330456413328648,0.5302138924598694
2267,23,81,1.0,0.9863835573196411,0,0,0.0,0.0,0.5,-0.0001039416529238224,-0.0006068672519177198,0.5307316184043884
2268,23,82,1.0,0.9887824654579163,0,0,0.0,0.0,0.5,-0.00046603253576904535,-0.0006873850361444056,0.5303766131401062
2269,23,83,1.0,0.9851191639900208,0,0,0.0,0.0,0.5,-0.0002636217977851629,-0.0004234490916132927,0.5293715596199036
2270,23,84,1.0,0.9891994595527649,0,0,0.0,0.0,0.5,-0.000351058435626328,-0.00034865998895838857,0.5304747223854065
2271,23,85,1.0,0.9887036085128784,0,0,0.0,0.0,0.5,0.00010464503429830074,-0.0007269026827998459,0.530218780040741
2272,23,86,1.0,0.9870669841766357,0,0,0.0,0.0,0.5,-0.0006672068266198039,-0.0012323376722633839,0.5310487747192383
2273,23,87,1.0,0.9864286780357361,0,0,0.0,0.0,0.5,-0.0005823482060804963,-0.0006092402036301792,0.530566930770874
2274,23,88,1.0,0.9899482727050781,0,0,0.0,0.0,0.5,-0.0005897077498957515,4.263868322595954e-05,0.5291362404823303
2275,23,89,1.0,0.9866426587104797,0,0,0.0,0.0,0.5,-4.006619565188885e-05,-2.8054811991751194e-05,0.5304117202758789
2276,24,0,1.0,0.99825119972229,0,0,0.0,0.0,0.0,0.03558362275362015,-0.01104310154914856,0.007845964282751083
2277,24,1,1.0,0.9941739439964294,0,0,0.0,0.0,0.0,0.02915467880666256,-0.011262147687375546,0.0011607008054852486
2278,24,2,1.0,0.9951066970825195,0,0,0.0,0.0,0.0,0.029464198276400566,-0.00705485325306654,0.016000673174858093
2279,24,3,1.0,0.9954246878623962,0,0,0.0,0.0,0.0,0.031125696375966072,-0.007288866210728884,0.017219895496964455
2280,24,4,1.0,0.9894117712974548,0,0,0.0,0.0,0.0,0.012741773389279842,-0.006608991418033838,0.011700697243213654
2281,24,5,1.0,0.989475667476654,0,0,0.0,0.0,0.0,0.013285927474498749,-0.006681202910840511,0.012114858254790306
2282,24,6,1.0,0.9856290817260742,0,0,0.0,0.0,0.0,-0.13900761306285858,0.00268273102119565,0.001736619509756565
2283,24,7,1.0,0.9855982661247253,0,0,0.0,0.0,0.0,-0.13888917863368988,0.002681723330169916,0.0018872292712330818
2284,24,8,1.0,0.9879732131958008,0,0,0.0,0.0,0.0,-0.1400156170129776,0.002720933873206377,-0.00046389922499656677
2285,24,9,1.0,0.9879675507545471,0,0,-0.25,0.0,0.0,-0.1399928331375122,0.0027187177911400795,-0.0004280358552932739
2286,24,10,1.0,0.998220682144165,0,0,-0.25,0.0,0.0,-0.26742637157440186,-0.003741514403373003,-0.013147855177521706
2287,24,11,1.0,0.9998465180397034,0,0,-0.25,0.0,0.0,-0.269525408744812,-0.0030939504504203796,-0.012074695900082588
2288,24,12,1.0,1.0004910230636597,0,0,-0.25,0.0,0.0,-0.26999688148498535,-0.001381326001137495,-0.014597291126847267
2289,24,13,1.0,1.000969648361206,0,0,-0.25,0.0,0.0,-0.27089110016822815,-0.0014702838379889727,-0.017285889014601707
2290,24,14,1.0,0.9984631538391113,0,0,-0.25,0.0,0.0,-0.26974621415138245,0.000602382468059659,-0.017473304644227028
2291,24,15,1.0,1.0005501508712769,0,0,-0.25,0.0,0.0,-0.2697511911392212,0.0001561329117976129,-0.021549053490161896
2292,24,16,1.0,0.9967504739761353,0,0,-0.25,0.0,0.0,-0.2675591707229614,0.0005104715237393975,-0.017495736479759216
2293,24,17,1.0,0.9944661855697632,0,0,-0.25,0.0,0.0,-0.26753678917884827,0.00023432215675711632,-0.009134877473115921
2294,24,18,1.0,0.9933436512947083,0,0,-0.25,0.0,0.0,-0.26796215772628784,-0.0009367926395498216,-0.004349716939032078
2295,24,19,1.0,0.9921170473098755,0,0,-0.25,0.0,0.0,-0.2693467438220978,-0.0018125883070752025,-0.0020285923965275288
2296,24,20,1.0,0.9971351027488708,0,0,-0.25,0.0,0.0,-0.27645984292030334,-1.4834455214440823e-05,0.004115046933293343
2297,24,21,1.0,0.999481737613678,0,0,-0.25,0.0,0.0,-0.27345073223114014,0.0008848654106259346,0.014755254611372948
2298,24,22,1.0,1.001638412475586,0,0,-0.25,0.0,0.0,-0.22044269740581512,0.007805072236806154,0.014477459713816643
2299,24,23,1.0,1.0019606351852417,0,0,-0.25,0.0,0.0,-0.14855733513832092,0.012513223104178905,0.01118294708430767
2300,24,24,1.0,1.019860863685608,0,0,0.0,0.0,0.0,-0.07413824647665024,0.008562492206692696,-0.00036656949669122696
2301,24,25,1.0,1.0092300176620483,0,0,0.0,0.0,0.0,-0.0013322364538908005,0.005822396371513605,-0.010721489787101746
2302,24,26,1.0,0.9846104979515076,0,0,0.0,0.0,0.0,0.00934561900794506,-0.1300746202468872,0.004212234169244766
2303,24,27,1.0,0.9798321723937988,0,0,0.0,0.0,0.0,0.016813380643725395,-0.141409769654274,0.004491492174565792
2304,24,28,1.0,0.9857012629508972,0,0,0.0,0.0,0.0,0.004921164363622665,-0.24852822721004486,0.014873098582029343
2305,24,29,1.0,0.9856894016265869,0,0,0.0,0.0,0.0,0.0051871794275939465,-0.24849902093410492,0.014832181856036186
2306,24,30,1.0,0.9837746620178223,0,0,0.0,-0.25,0.0,0.0039384569972753525,-0.26926788687705994,0.013263041153550148
2307,24,31,1.0,0.9799879193305969,0,0,0.0,-0.25,0.0,0.0021031596697866917,-0.27372533082962036,0.005558377131819725
2308,24,32,1.0,0.9827983975410461,0,0,0.0,-0.25,0.0,0.002922849729657173,-0.2789716422557831,0.003208938054740429
2309,24,33,1.0,0.9836198091506958,0,0,0.0,-0.25,0.0,0.0013168177101761103,-0.2765900492668152,0.0027994429692626
2310,24,34,1.0,0.9859179258346558,0,0,0.0,-0.25,0.0,0.001601577503606677,-0.27630162239074707,0.004399707540869713
2311,24,35,1.0,0.98563152551651,0,0,0.0,-0.25,0.0,0.0008835848420858383,-0.2776497006416321,0.0023626871407032013
2312,24,36,1.0,0.9886072874069214,0,0,0.0,-0.25,0.0,0.0001920517534017563,-0.28026437759399414,0.005381966941058636
2313,24,37,1.0,0.9892155528068542,0,0,0.0,-0.25,0.0,0.0011143535375595093,-0.2802647054195404,0.004267931915819645
2314,24,38,1.0,0.9954260587692261,0,0,0.0,-0.25,0.0,0.0023297928273677826,-0.2824622094631195,0.004369898699223995
2315,24,39,1.0,0.9977782368659973,0,0,0.0,-0.25,0.0,0.002258515451103449,-0.2807222604751587,-0.002559932880103588
2316,24,40,1.0,0.9881911277770996,0,0,0.0,0.0,0.0,0.0024915914982557297,-0.2103162705898285,-0.004946351982653141
2317,24,41,1.0,0.9855074286460876,0,0,0.0,0.0,0.0,0.00022496003657579422,-0.06144443899393082,-0.004893877077847719
2318,24,42,1.0,0.9887717366218567,0,0,0.0,0.0,0.0,0.00022852560505270958,-0.0324135348200798,-0.018636880442500114
2319,24,43,1.0,0.9888440370559692,0,0,0.0,0.0,0.0,0.00022508413530886173,-0.027167843654751778,-0.018857598304748535
2320,24,44,1.0,0.984938383102417,0,0,0.0,0.0,0.0,0.001221120124682784,-0.02818351797759533,-0.014643498696386814
2321,24,45,1.0,0.9848436117172241,0,0,0.0,0.0,0.0,0.0012276447378098965,-0.02696923539042473,-0.01464335061609745
2322,24,46,1.0,0.9809336066246033,0,0,0.0,-0.25,0.0,0.0011481812689453363,-0.030261076986789703,-0.010883396491408348
2323,24,47,1.0,0.9826362133026123,0,0,0.0,-0.25,0.0,0.0019196150824427605,-0.05136194825172424,-0.003403297159820795
2324,24,48,1.0,0.9792568683624268,0,0,0.0,0.0,0.0,0.002062432002276182,-0.026235036551952362,-0.005164069123566151
2325,24,49,1.0,0.9804239869117737,0,0,0.0,0.0,0.0,0.0012121328618377447,-0.025936642661690712,0.0009936559945344925
2326,24,50,1.0,0.9940946698188782,0,0,0.0,0.0,0.0,0.0018944097682833672,0.0014257108559831977,-0.15101242065429688
2327,24,51,1.0,0.9934066534042358,0,0,0.0,0.0,0.0,0.0019430695101618767,0.002409240696579218,-0.14929673075675964
2328,24,52,1.0,0.994813859462738,0,0,0.0,0.0,0.0,0.0010143013205379248,0.0011399596696719527,-0.29315829277038574
2329,24,53,1.0,0.9947913885116577,0,0,0.0,0.0,0.0,0.0010124568361788988,0.0012287897989153862,-0.2928297817707062
2330,24,54,1.0,0.9970381855964661,0,0,0.0,0.0,0.0,0.00029353960417211056,0.0018540589371696115,-0.3603481948375702
2331,24,55,1.0,0.9970365166664124,0,0,0.0,0.0,-0.5,0.0002942429855465889,0.0018653952283784747,-0.3602953851222992
2332,24,56,1.0,0.9957504272460938,0,0,0.0,0.0,-0.5,2.608727663755417e-05,0.00034015916753560305,-0.5370768308639526
2333,24,57,1.0,0.9867411255836487,0,0,0.0,0.0,-0.5,-1.6838312149047852e-06,-0.0005158144631423056,-0.5345458984375
2334,24,58,1.0,0.9870685935020447,0,0,0.0,0.0,-0.5,-8.392613381147385e-06,-0.0011558711994439363,-0.5309622883796692
2335,24,59,1.0,0.9837453365325928,0,0,0.0,0.0,-0.5,-0.0002695494331419468,-0.0013672274071723223,-0.5277721881866455
2336,24,60,1.0,0.9871309399604797,0,0,0.0,0.0,-0.5,1.260475255548954e-05,-0.0011670738458633423,-0.5322079658508301
2337,24,61,1.0,0.9904472827911377,0,0,0.0,0.0,-0.5,-0.000696946750395,-0.0021511181257665157,-0.5341911315917969
2338,24,62,1.0,0.9998952746391296,0,0,0.0,0.0,-0.5,0.0006694125477224588,-0.001117419684305787,-0.5422517657279968
2339,24,63,1.0,0.9995998740196228,0,0,0.0,0.0,-0.5,0.0018287268467247486,-0.00039842771366238594,-0.5435908436775208
2340,24,64,1.0,0.9966418147087097,0,0,0.0,0.0,-0.5,0.0029885554686188698,0.0007597735384479165,-0.5469588041305542
2341,24,65,1.0,0.9855408072471619,0,0,0.0,0.0,-0.5,0.002878767903894186,0.001982911955565214,-0.5376577377319336
2342,24,66,1.0,0.9707044363021851,0,0,0.0,0.0,-0.5,0.0038552917540073395,0.0006373947253450751,-0.43872639536857605
2343,24,67,1.0,0.9705491065979004,0,0,0.0,0.0,0.0,0.004005391150712967,0.0008172628004103899,-0.44755953550338745
2344,24,68,1.0,1.762786626815796,0,1,0.0,0.0,0.0,0.0041996780782938,-0.003641861956566572,0.022214872762560844
2345,24,69,1.0,1.7484958171844482,0,1,0.0,0.0,0.0,0.002321269828826189,-0.0038363197818398476,0.004421837627887726
2346,24,70,1.0,1.9965869188308716,0,1,0.0,0.0,0.0,0.0007382542826235294,-0.000693908310495317,0.015653280541300774
2347,24,71,1.0,1.996384620666504,0,1,0.0,0.0,0.0,0.0008205443155020475,-0.0005836506024934351,0.0157697182148695
2348,24,72,2.0,2.0316691398620605,1,1,0.0,0.0,0.0,-0.00021159579046070576,2.8044101782143116e-05,0.010122990235686302
2349,24,73,2.0,2.0648539066314697,1,1,0.0,0.0,0.0,0.0008786525577306747,-0.003247796092182398,0.005759389139711857
2350,24,74,2.0,2.052265167236328,1,1,0.0,0.0,0.0,0.00047771865501999855,-0.003298503812402487,0.011504441499710083
2351,24,75,2.0,2.06284499168396,1,1,0.0,0.0,0.0,0.0008881320245563984,-0.0009574063587933779,0.011096596717834473
2352,24,76,2.0,2.0618603229522705,1,1,0.0,0.0,0.0,0.0015849089249968529,-0.001949486555531621,0.009792383760213852
2353,24,77,2.0,2.059483289718628,1,1,0.0,0.0,0.0,0.0016789352521300316,-0.0027208076789975166,0.011261781677603722
2354,24,78,2.0,2.0574371814727783,1,1,0.0,0.0,0.0,0.0017507951706647873,-0.002672826871275902,0.012456923723220825
2355,24,79,2.0,2.06148099899292,1,1,0.0,0.0,0.0,0.0013714830856770277,-0.002107413951307535,0.011019526049494743
2356,24,80,1.0,2.07013201713562,0,1,0.0,0.0,0.0,0.001404900336638093,-0.0025158380158245564,0.008736595511436462
2357,24,81,1.0,2.0735366344451904,0,1,0.0,0.0,0.0,0.0018873163498938084,-0.0023360992781817913,0.007206181064248085
2358,24,82,1.0,2.0864667892456055,0,1,0.0,0.0,0.0,0.0022858805023133755,-0.0023705260828137398,0.0007215533405542374
2359,24,83,1.0,2.085240364074707,0,1,0.0,0.0,0.0,0.0023219366557896137,-0.002304765861481428,-0.0006430670619010925
2360,24,84,1.0,2.0758209228515625,0,1,0.0,0.0,0.0,0.00191122991964221,-0.002693843562155962,-0.0035124272108078003
2361,24,85,1.0,1.998077630996704,0,1,0.0,0.0,0.0,0.00201141694560647,-0.001780581776984036,0.022742191329598427
2362,24,86,1.0,1.1172324419021606,0,0,0.0,0.0,0.0,0.0013415706343948841,-0.0001745773188304156,0.39925339818000793
2363,24,87,1.0,1.0300296545028687,0,0,0.0,0.0,0.5,0.0010056989267468452,-0.0023768367245793343,0.4748312830924988
2364,24,88,1.0,0.9942446947097778,0,0,0.0,0.0,0.5,-0.0011917605297639966,-0.0030951201915740967,0.5141956210136414
2365,24,89,1.0,1.0226413011550903,0,0,0.0,0.0,0.5,-0.0010899393819272518,-0.0009423302253708243,0.4787018895149231
2366,24,90,1.0,0.9906013011932373,0,0,0.0,0.0,0.5,-0.002032741205766797,-0.001967785181477666,0.5290018916130066
2367,24,91,1.0,0.9935935139656067,0,0,0.0,0.0,0.5,-0.001646325457841158,-0.001378008397296071,0.5325595140457153
2368,24,92,1.0,0.9909239411354065,0,0,0.0,0.0,0.5,-0.0003245933912694454,-0.00048180524026975036,0.5326226353645325
2369,24,93,1.0,0.9921698570251465,0,0,0.0,0.0,0.5,-0.0010620142566040158,-0.0012171876151114702,0.5305374264717102
2370,24,94,1.0,0.987527072429657,0,0,0.0,0.0,0.5,-4.2607076466083527e-05,-0.001997756538912654,0.5327761769294739
2371,24,95,1.0,0.9841984510421753,0,0,0.0,0.0,0.5,8.973805233836174e-05,-0.0015208835247904062,0.5331008434295654
2372,24,96,1.0,0.983705461025238,0,0,0.0,0.0,0.5,0.00032285857014358044,-0.001905210199765861,0.530937135219574
2373,25,0,1.0,0.9984477758407593,0,0,0.0,0.0,0.0,0.03382158279418945,-0.003323732875287533,0.013620691373944283
2374,25,1,1.0,0.9938330054283142,0,0,0.0,0.0,0.0,0.026194334030151367,-0.002629361115396023,0.00844612903892994
2375,25,2,1.0,0.9999430775642395,0,0,0.0,0.0,0.0,0.02873586304485798,0.0013115949695929885,0.020426426082849503
2376,25,3,1.0,1.000436544418335,0,0,0.0,0.0,0.0,0.030726762488484383,0.001161363790743053,0.021832048892974854
2377,25,4,1.0,0.9998560547828674,0,0,0.0,0.0,0.0,0.010120784863829613,-6.583560025319457e-05,0.013130709528923035
2378,25,5,1.0,1.0000160932540894,0,0,0.0,0.0,0.0,0.010949728079140186,-0.00010727599146775901,0.013636838644742966
2379,25,6,1.0,0.9949873685836792,0,0,0.0,0.0,0.0,-0.1615809202194214,4.709663335233927e-05,-0.0023658177815377712
2380,25,7,1.0,0.9949701428413391,0,0,0.0,0.0,0.0,-0.1614898145198822,4.193763015791774e-05,-0.002268516458570957
2381,25,8,1.0,0.9955112934112549,0,0,-0.25,0.0,0.0,-0.22412565350532532,-0.0009361285483464599,-0.012667322531342506
2382,25,9,1.0,0.989661693572998,0,0,-0.25,0.0,0.0,-0.2648294270038605,-0.0028813988901674747,-0.01218055747449398
2383,25,10,1.0,0.9959584474563599,0,0,-0.25,0.0,0.0,-0.27165889739990234,-0.0010508212726563215,-0.009984890930354595
2384,25,11,1.0,0.9952014088630676,0,0,-0.25,0.0,0.0,-0.27105021476745605,-0.0008320272900164127,-0.005743415094912052
2385,25,12,1.0,0.9978164434432983,0,0,-0.25,0.0,0.0,-0.26921314001083374,3.3390591852366924e-05,-0.010241055861115456
2386,25,13,1.0,0.9974343776702881,0,0,-0.25,0.0,0.0,-0.2695847153663635,0.00011232722317799926,-0.011911390349268913
2387,25,14,1.0,0.9981400966644287,0,0,-0.25,0.0,0.0,-0.27094796299934387,0.00129618716891855,-0.009528469294309616
2388,25,15,1.0,0.995472252368927,0,0,-0.25,0.0,0.0,-0.2706370949745178,0.001684799906797707,-0.004142979625612497
2389,25,16,1.0,0.99598628282547,0,0,-0.25,0.0,0.0,-0.2689276933670044,-0.0011992985382676125,-7.987581193447113e-05
2390,25,17,1.0,0.9962669610977173,0,0,-0.25,0.0,0.0,-0.2686212360858917,-0.0012962277978658676,0.0036307303234934807
2391,25,18,1.0,0.9940582513809204,0,0,-0.25,0.0,0.0,-0.27087655663490295,0.00028173206374049187,0.006228099577128887
2392,25,19,1.0,0.9948898553848267,0,0,-0.25,0.0,0.0,-0.2785528302192688,0.002663504332304001,0.008862990885972977
2393,25,20,1.0,0.9941856265068054,0,0,-0.25,0.0,0.0,-0.27595677971839905,0.0038934042677283287,0.012521743774414062
2394,25,21,1.0,0.9904334545135498,0,0,-0.25,0.0,0.0,-0.24154701828956604,-2.2863270714879036e-05,0.01015365682542324
2395,25,22,1.0,0.9698764085769653,0,0,0.0,0.0,0.0,-0.13429810106754303,-0.013518932275474072,0.017814040184020996
2396,25,23,1.0,0.9714252948760986,0,0,0.0,0.0,0.0,-0.03211863711476326,-0.03190390765666962,0.01170705258846283
2397,25,24,1.0,0.9902137517929077,0,0,0.0,0.0,0.0,0.0138167142868042,-0.02032889984548092,-0.001804522704333067
2398,25,25,1.0,0.9882850050926208,0,0,0.0,0.0,0.0,0.019525792449712753,-0.007822479121387005,-0.008802063763141632
2399,25,26,1.0,0.9811936616897583,0,0,0.0,0.0,0.0,0.0020393235608935356,0.18421420454978943,0.00047436635941267014
2400,25,27,1.0,0.9813064932823181,0,0,0.0,0.0,0.0,0.002303364221006632,0.184113547205925,0.00032637082040309906
2401,25,28,1.0,0.979066789150238,0,0,0.0,0.25,0.0,0.0014080526307225227,0.21852456033229828,-0.00045980513095855713
2402,25,29,1.0,0.9870721697807312,0,0,0.0,0.25,0.0,-0.0006622686050832272,0.26807570457458496,0.010553780943155289
2403,25,30,1.0,0.9845450520515442,0,0,0.0,0.25,0.0,-0.001312515465542674,0.2702122926712036,0.011687694117426872
2404,25,31,1.0,0.9828274250030518,0,0,0.0,0.25,0.0,-0.0006016695406287909,0.2746904790401459,0.0003061452880501747
2405,25,32,1.0,0.9818955659866333,0,0,0.0,0.25,0.0,-0.000533717917278409,0.276182621717453,0.001970152370631695
2406,25,33,1.0,0.9787354469299316,0,0,0.0,0.25,0.0,-0.0005365571705624461,0.2748943269252777,0.004948951303958893
2407,25,34,1.0,0.9820528626441956,0,0,0.0,0.25,0.0,-0.000780548551119864,0.27692246437072754,0.00460353959351778
2408,25,35,1.0,0.9875569343566895,0,0,0.0,0.25,0.0,0.0001649772748351097,0.2696271240711212,0.006865844130516052
2409,25,36,1.0,0.9881031513214111,0,0,0.0,0.25,0.0,0.0010024753864854574,0.252951979637146,0.005603770725429058
2410,25,37,1.0,0.9867994785308838,0,0,0.0,0.25,0.0,0.0017077038064599037,0.19190140068531036,-0.00038931984454393387
2411,25,38,1.0,0.9891594648361206,0,0,0.0,0.0,0.0,0.002307976596057415,0.10145426541566849,-0.0016120122745633125
2412,25,39,1.0,0.9940993785858154,0,0,0.0,0.0,0.0,0.0015275580808520317,0.021680228412151337,-0.012428821995854378
2413,25,40,1.0,0.9793963432312012,0,0,0.0,0.0,0.0,0.0011886435095220804,0.01006240863353014,-0.01643327623605728
2414,25,41,1.0,0.9787089824676514,0,0,0.0,0.0,0.0,0.001396766398102045,-0.0016070420388132334,-0.015688464045524597
2415,25,42,1.0,0.9749763011932373,0,0,0.0,0.0,0.0,0.00014090677723288536,0.008081511594355106,-0.0040037729777395725
2416,25,43,1.0,0.9750000238418579,0,0,0.0,0.0,0.0,0.0001509294379502535,0.007283562328666449,-0.0040617999620735645
2417,25,44,1.0,0.9742849469184875,0,0,0.0,0.25,0.0,-0.00019934214651584625,0.003611376043409109,0.0040951622650027275
2418,25,45,1.0,0.9733396172523499,0,0,0.0,0.0,0.0,-1.5659024938941002e-05,0.02825213223695755,0.018983181565999985
2419,25,46,1.0,0.9780828952789307,0,0,0.0,0.0,0.0,-0.0014889107551425695,0.012643721885979176,0.03916347771883011
2420,25,47,1.0,0.9783630967140198,0,0,0.0,0.0,0.0,-0.001642162213101983,0.0020554177463054657,0.04028637707233429
2421,25,48,1.0,0.9856176972389221,0,0,0.0,0.0,0.0,0.00025057815946638584,0.0030373954214155674,-0.09561187773942947
2422,25,49,1.0,0.986307680606842,0,0,0.0,0.0,0.0,0.00024007190950214863,0.002628789748996496,-0.10307171940803528
2423,25,50,1.0,0.9958230257034302,0,0,0.0,0.0,0.0,-1.3926764950156212e-05,0.00366602698341012,-0.33066651225090027
2424,25,51,1.0,0.9958738088607788,0,0,0.0,0.0,0.0,-2.215174026787281e-05,0.003642807714641094,-0.3316918909549713
2425,25,52,1.0,1.000949501991272,0,0,0.0,0.0,-0.5,0.000404109014198184,0.0028992919251322746,-0.4189918637275696
2426,25,53,1.0,0.9921967387199402,0,0,0.0,0.0,-0.5,0.00035764765925705433,-0.0015653535956516862,-0.5349355936050415
2427,25,54,1.0,0.9858301281929016,0,0,0.0,0.0,-0.5,0.00036004045978188515,-0.002015796024352312,-0.5287913084030151
2428,25,55,1.0,0.9831096529960632,0,0,0.0,0.0,-0.5,0.0009406162425875664,-0.00171674694865942,-0.5277932286262512
2429,25,56,1.0,0.9843109250068665,0,0,0.0,0.0,-0.5,0.0014630374498665333,-0.0015035183168947697,-0.5281882882118225
2430,25,57,1.0,0.984358012676239,0,0,0.0,0.0,-0.5,0.0010179500095546246,-0.0012284365948289633,-0.5311182737350464
2431,25,58,1.0,0.983279824256897,0,0,0.0,0.0,-0.5,0.0007768929935991764,-0.0013422796037048101,-0.5378671288490295
2432,25,59,1.0,0.994775116443634,0,0,0.0,0.0,-0.5,0.001868973020464182,-0.0005925166769884527,-0.5492104291915894
2433,25,60,1.0,0.9993639588356018,0,0,0.0,0.0,-0.5,0.003198247402906418,-0.0005531743518076837,-0.547629177570343
2434,25,61,1.0,0.9960757493972778,0,0,0.0,0.0,-0.5,0.0021847900934517384,-0.0001363914052490145,-0.5448493957519531
2435,25,62,1.0,0.9689905047416687,0,0,0.0,0.0,-0.5,0.002929030917584896,-0.0005384256364777684,-0.5214558839797974
2436,25,63,1.0,0.963034987449646,0,0,0.0,0.0,-0.5,0.003386992961168289,-0.0006921478197909892,-0.5027095079421997
2437,25,64,1.0,1.517042875289917,0,1,0.0,0.0,0.0,-0.0012935184640809894,0.0019341089064255357,-0.1052999272942543
2438,25,65,1.0,1.5427370071411133,0,1,0.0,0.0,0.0,-0.0013140063965693116,0.0014102599816396832,-0.09041178971529007
2439,25,66,1.0,2.0264687538146973,0,1,0.0,0.0,0.0,-0.0022702852729707956,0.0008115265518426895,0.011706097051501274
2440,25,67,1.0,2.0270769596099854,0,1,0.0,0.0,0.0,-0.002238474553450942,0.0008110968628898263,0.01168195903301239
2441,25,68,2.0,2.040886402130127,1,1,0.0,0.0,0.0,-0.002578167710453272,0.0010860327165573835,0.009475421160459518
2442,25,69,2.0,2.0632076263427734,1,1,0.0,0.0,0.0,0.00036162487231194973,-0.0022387150675058365,0.005513663403689861
2443,25,70,2.0,2.060859203338623,1,1,0.0,0.0,0.0,0.00044974684715270996,-0.0027640010230243206,0.003927695564925671
2444,25,71,2.0,2.051793098449707,1,1,0.0,0.0,0.0,0.0005548619665205479,-0.001764946267940104,0.005697384476661682
2445,25,72,2.0,2.064751625061035,1,1,0.0,0.0,0.0,-0.0008071548072621226,-0.00258563831448555,0.012195933610200882
2446,25,73,2.0,2.0730857849121094,1,1,0.0,0.0,0.0,0.0006990726105868816,-0.003454068675637245,0.007091978564858437
2447,25,74,2.0,2.071019411087036,1,1,0.0,0.0,0.0,0.0005507520399987698,-0.0037213144823908806,0.007664309814572334
2448,25,75,2.0,2.0709176063537598,1,1,0.0,0.0,0.0,0.0005498549435287714,-0.003773953765630722,0.007315229624509811
2449,25,76,1.0,1.6721796989440918,0,1,0.0,0.0,0.0,0.0023757885210216045,-0.0021504962351173162,0.09560957551002502
2450,25,77,1.0,1.6640971899032593,0,1,0.0,0.0,0.0,0.002428458072245121,-0.002083906903862953,0.09850463271141052
2451,25,78,1.0,0.9982036352157593,0,0,0.0,0.0,0.0,-3.903522156178951e-05,-0.0035361438058316708,0.5249307155609131
2452,25,79,1.0,0.9981099963188171,0,0,0.0,0.0,0.0,-2.3874454200267792e-05,-0.0035252603702247143,0.5249792337417603
2453,25,80,1.0,0.9978626370429993,0,0,0.0,0.0,0.0,-0.0004801163449883461,-0.003742772154510021,0.5260303616523743
2454,25,81,1.0,0.9978132247924805,0,0,0.0,0.0,0.0,-0.00047486391849815845,-0.0037393937818706036,0.5260536670684814
2455,25,82,1.0,1.0035696029663086,0,0,0.0,0.0,0.5,-0.0002688649110496044,-0.004129340872168541,0.4992319643497467
2456,25,83,1.0,0.9870955348014832,0,0,0.0,0.0,0.5,-0.0002558431588113308,-0.0012591010890901089,0.5348787903785706
2457,25,84,1.0,0.9898183941841125,0,0,0.0,0.0,0.5,-0.0008285039803013206,-0.0008515022927895188,0.5321559309959412
2458,25,85,1.0,0.9860983490943909,0,0,0.0,0.0,0.5,-0.0011257949518039823,-0.000628012465313077,0.5283024311065674
2459,25,86,1.0,0.9915831089019775,0,0,0.0,0.0,0.5,-0.0011118451366201043,-0.0012299774680286646,0.5292057991027832
2460,25,87,1.0,0.9898909330368042,0,0,0.0,0.0,0.5,-0.0003187553957104683,-0.00043002120219171047,0.5289696455001831
2461,25,88,1.0,0.9895498752593994,0,0,0.0,0.0,0.5,-0.001281548524275422,-0.00239084055647254,0.5286311507225037
2462,25,89,1.0,0.9897744655609131,0,0,0.0,0.0,0.5,-0.0003852957161143422,-0.0021330188028514385,0.5305334329605103
2463,25,90,1.0,0.9926818609237671,0,0,0.0,0.0,0.5,-0.0016123539535328746,-0.0019766935147345066,0.5293622016906738
2464,25,91,1.0,0.9908909201622009,0,0,0.0,0.0,0.5,-0.0006264285184442997,-0.0017653092509135604,0.5322543382644653
2465,26,0,1.0,0.9869523048400879,0,0,0.0,0.0,0.0,-0.014149492606520653,-0.0034270361065864563,0.015208523720502853
2466,26,1,1.0,0.988518476486206,0,0,0.0,0.0,0.0,-0.02125784009695053,-0.0011887813452631235,0.00814216211438179
2467,26,2,1.0,0.9898659586906433,0,0,0.0,0.0,0.0,-0.02513960935175419,0.0007290181238204241,0.003644479438662529
2468,26,3,1.0,0.9898680448532104,0,0,0.0,0.0,0.0,-0.023368768393993378,0.00037517689634114504,0.004692313261330128
2469,26,4,1.0,0.9950075149536133,0,0,0.0,0.0,0.0,0.008364368230104446,0.004150002729147673,-0.020974166691303253
2470,26,5,1.0,0.9950170516967773,0,0,0.0,0.0,0.0,0.009152587503194809,0.0040686530992388725,-0.020386427640914917
2471,26,6,1.0,0.990033745765686,0,0,0.0,0.0,0.0,0.21020184457302094,-0.0031584701500833035,-0.02424420788884163
2472,26,7,1.0,0.9900115132331848,0,0,0.0,0.0,0.0,0.21042627096176147,-0.00314995925873518,-0.02406786009669304
2473,26,8,1.0,0.9852414131164551,0,0,0.0,0.0,0.0,0.2509520351886749,-0.003165644593536854,-0.011390150524675846
2474,26,9,1.0,0.9852261543273926,0,0,0.25,0.0,0.0,0.25096601247787476,-0.0031594387255609035,-0.011376009322702885
2475,26,10,1.0,0.9855227470397949,0,0,0.25,0.0,0.0,0.2708034813404083,-0.002091440837830305,-0.002255050465464592
2476,26,11,1.0,0.9838232398033142,0,0,0.25,0.0,0.0,0.27224522829055786,-0.0030256076715886593,0.0037916311994194984
2477,26,12,1.0,0.9840899705886841,0,0,0.25,0.0,0.0,0.2725386321544647,-0.0013882402563467622,0.0075712017714977264
2478,26,13,1.0,0.9845420718193054,0,0,0.25,0.0,0.0,0.2728612422943115,-0.0009929188527166843,0.011679088696837425
2479,26,14,1.0,0.9806575179100037,0,0,0.25,0.0,0.0,0.27217379212379456,2.5085697416216135e-05,0.0034328578040003777
2480,26,15,1.0,0.9823403358459473,0,0,0.25,0.0,0.0,0.27410343289375305,-0.0008083236170932651,0.0033269934356212616
2481,26,16,1.0,0.9863543510437012,0,0,0.25,0.0,0.0,0.27531513571739197,-0.0008976876270025969,-0.006074731238186359
2482,26,17,1.0,0.9965890645980835,0,0,0.25,0.0,0.0,0.2782439589500427,-0.0011165206087753177,-0.00890371948480606
2483,26,18,1.0,0.9885928630828857,0,0,0.25,0.0,0.0,0.2799352705478668,-0.0022545878309756517,0.004356199875473976
2484,26,19,1.0,0.9848521947860718,0,0,0.25,0.0,0.0,0.2715071439743042,-0.003741998691111803,0.012266881763935089
2485,26,20,1.0,0.9798629283905029,0,0,0.25,0.0,0.0,0.2376139909029007,-0.0011917385272681713,0.009937386959791183
2486,26,21,1.0,0.9850872159004211,0,0,0.25,0.0,0.0,0.1644580066204071,0.005143335554748774,-0.007221609354019165
2487,26,22,1.0,1.0059586763381958,0,0,0.0,0.0,0.0,0.11277736723423004,0.010420375503599644,-0.017834734171628952
2488,26,23,1.0,1.0157543420791626,0,0,0.0,0.0,0.0,0.024163348600268364,0.003500990569591522,-0.015467842109501362
2489,26,24,1.0,1.0166665315628052,0,0,0.0,0.0,0.0,-0.002556232735514641,-0.07639104872941971,0.01140369102358818
2490,26,25,1.0,1.0151721239089966,0,0,0.0,0.0,0.0,-0.010783368721604347,-0.07845485210418701,0.01158180832862854
2491,26,26,1.0,0.9985021948814392,0,0,0.0,0.0,0.0,-0.0043180836364626884,-0.17046760022640228,0.007954457774758339
2492,26,27,1.0,0.9982588887214661,0,0,0.0,-0.25,0.0,-0.005024329759180546,-0.1707669496536255,0.007734622806310654
2493,26,28,1.0,0.978392481803894,0,0,0.0,-0.25,0.0,0.0010715893004089594,-0.274613618850708,0.00046370550990104675
2494,26,29,1.0,0.9781551361083984,0,0,0.0,-0.25,0.0,0.0013331954833120108,-0.2746644616127014,-0.0031377640552818775
2495,26,30,1.0,0.9804589152336121,0,0,0.0,-0.25,0.0,0.00258151488378644,-0.27444350719451904,-0.00014157593250274658
2496,26,31,1.0,0.9833835363388062,0,0,0.0,-0.25,0.0,0.002362294588238001,-0.27352282404899597,-7.198378443717957e-05
2497,26,32,1.0,0.9872774481773376,0,0,0.0,-0.25,0.0,0.0021200734190642834,-0.27354657649993896,0.002841574139893055
2498,26,33,1.0,0.9881439805030823,0,0,0.0,-0.25,0.0,0.0038614333607256413,-0.27179601788520813,0.006383906118571758
2499,26,34,1.0,0.9889582395553589,0,0,0.0,-0.25,0.0,0.00334364827722311,-0.2747346758842468,0.007114684209227562
2500,26,35,1.0,0.988399088382721,0,0,0.0,-0.25,0.0,0.0043869419023394585,-0.27591460943222046,0.008087333291769028
2501,26,36,1.0,0.9927099943161011,0,0,0.0,-0.25,0.0,0.0020823925733566284,-0.2795035243034363,-0.002400582656264305
2502,26,37,1.0,0.9903601408004761,0,0,0.0,-0.25,0.0,0.0019055078737437725,-0.2655806839466095,-0.008261426351964474
2503,26,38,1.0,0.9834918975830078,0,0,0.0,0.0,0.0,0.001661769114434719,-0.09896736592054367,-0.01354062370955944
2504,26,39,1.0,0.9803204536437988,0,0,0.0,0.0,0.0,0.0013538780622184277,-0.05111721530556679,-0.011112277396023273
2505,26,40,1.0,0.9825314879417419,0,0,0.0,0.0,0.0,0.0005792172159999609,-0.02071561850607395,-0.014515873044729233
2506,26,41,1.0,0.9818074703216553,0,0,0.0,0.0,0.0,0.0005774428136646748,-0.011353801935911179,-0.014695539139211178
2507,26,42,1.0,0.9798155426979065,0,0,0.0,0.0,0.0,-0.0007449662080034614,-0.012807182036340237,0.00847688689827919
2508,26,43,1.0,0.9798311591148376,0,0,0.0,0.0,0.0,-0.0007544668624177575,-0.011976359412074089,0.008428318426012993
2509,26,44,1.0,0.9785564541816711,0,0,0.0,0.0,0.0,-0.0009953539120033383,-0.016147922724485397,0.02078823372721672
2510,26,45,1.0,0.9785555601119995,0,0,0.0,-0.25,0.0,-0.000996217131614685,-0.01600007526576519,0.020775742828845978
2511,26,46,1.0,0.9729335904121399,0,0,0.0,0.0,0.0,-0.0003318263916298747,-0.015934865921735764,0.05182559788227081
2512,26,47,1.0,0.9832347631454468,0,0,0.0,0.0,0.0,0.0008431295864284039,-0.004012866877019405,-0.008713270537555218
2513,26,48,1.0,0.9959719181060791,0,0,0.0,0.0,0.0,0.0010670346673578024,0.0016476154560223222,-0.26938679814338684
2514,26,49,1.0,0.9944074153900146,0,0,0.0,0.0,0.0,0.0010438626632094383,0.002587670460343361,-0.2577182352542877
2515,26,50,1.0,1.0033419132232666,0,0,0.0,0.0,0.0,0.0013664637226611376,0.002317313104867935,-0.48408788442611694
2516,26,51,1.0,1.0033459663391113,0,0,0.0,0.0,0.0,0.001364168943837285,0.002352301962673664,-0.4838651120662689
2517,26,52,1.0,1.0037497282028198,0,0,0.0,0.0,0.0,0.0016150781884789467,0.0020154728554189205,-0.4990926682949066
2518,26,53,1.0,1.0037494897842407,0,0,0.0,0.0,-0.5,0.001616029068827629,0.002019978128373623,-0.49905529618263245
2519,26,54,1.0,0.9937633275985718,0,0,0.0,0.0,-0.5,-0.00016770162619650364,-0.001843077945522964,-0.5320520997047424
2520,26,55,1.0,0.9856497049331665,0,0,0.0,0.0,-0.5,-0.00012541329488158226,-0.0018149483948946,-0.5300389528274536
2521,26,56,1.0,0.9818828105926514,0,0,0.0,0.0,-0.5,0.0013669012114405632,-0.0009965980425477028,-0.5269671678543091
2522,26,57,1.0,0.9839474558830261,0,0,0.0,0.0,-0.5,0.0008211599197238684,-0.0016266824677586555,-0.5301916003227234
2523,26,58,1.0,0.9915605783462524,0,0,0.0,0.0,-0.5,0.0009763322304934263,-0.0010826429352164268,-0.5380101799964905
2524,26,59,1.0,0.9996013045310974,0,0,0.0,0.0,-0.5,0.0023768721148371696,-0.0002973994123749435,-0.543953537940979
2525,26,60,1.0,1.0081802606582642,0,0,0.0,0.0,-0.5,0.0030250116251409054,0.0003034370020031929,-0.5482621788978577
2526,26,61,1.0,1.0057263374328613,0,0,0.0,0.0,-0.5,0.003060439135879278,0.0013813209952786565,-0.5421662330627441
2527,26,62,1.0,0.9883472323417664,0,0,0.0,0.0,-0.5,0.003066075500100851,0.000467318925075233,-0.5338862538337708
2528,26,63,1.0,0.9848102927207947,0,0,0.0,0.0,-0.5,0.0034493338316679,0.00012272392632439733,-0.5253319144248962
2529,26,64,1.0,1.4988231658935547,0,0,0.0,0.0,0.0,0.002656851429492235,-0.0002588373317848891,-0.10562095046043396
2530,26,65,1.0,1.5075169801712036,0,1,0.0,0.0,0.0,0.00271421205252409,-0.0003733060439117253,-0.09899298846721649
2531,26,66,1.0,2.067455530166626,0,1,0.0,0.0,0.0,-0.00044676498509943485,0.00025252439081668854,0.004443442448973656
2532,26,67,1.0,2.0674548149108887,0,1,0.0,0.0,0.0,-0.00044205423910170794,0.000263376219663769,0.004446027800440788
2533,26,68,2.0,2.068366050720215,1,1,0.0,0.0,0.0,-6.17604237049818e-05,7.6818629167974e-05,0.004624305292963982
2534,26,69,2.0,2.0597453117370605,1,1,0.0,0.0,0.0,0.00036915228702127934,-0.0023246838245540857,0.001582913100719452
2535,26,70,2.0,2.0610928535461426,1,1,0.0,0.0,0.0,0.0007870467379689217,-0.003072374500334263,0.005120544694364071
2536,26,71,2.0,2.063347101211548,1,1,0.0,0.0,0.0,0.0003777332603931427,-0.0027909930795431137,0.006186718121170998
2537,26,72,2.0,2.0732083320617676,1,1,0.0,0.0,0.0,0.0007961622904986143,-0.0026432694867253304,0.005756610073149204
2538,26,73,2.0,2.0733418464660645,1,1,0.0,0.0,0.0,0.0005581018049269915,-0.002230056095868349,0.0058135706931352615
2539,26,74,2.0,2.0714261531829834,1,1,0.0,0.0,0.0,-4.835706204175949e-05,-0.0016832866240292788,0.002135072834789753
2540,26,75,1.0,1.9249379634857178,0,1,0.0,0.0,0.0,-0.0004858021857216954,-0.002144056838005781,0.002719544805586338
2541,26,76,1.0,1.0040909051895142,0,0,0.0,0.0,0.0,0.000818363856524229,-0.0032746358774602413,0.47931739687919617
2542,26,77,1.0,0.9935367703437805,0,0,0.0,0.0,0.0,0.0004520537331700325,-0.002826041541993618,0.511150598526001
2543,26,78,1.0,0.9931849837303162,0,0,0.0,0.0,0.0,-0.00025030854158103466,-0.0025823735632002354,0.5120380520820618
2544,26,79,1.0,0.9915856719017029,0,0,0.0,0.0,0.0,-0.0006255088374018669,-0.0024735555052757263,0.5129207372665405
2545,26,80,1.0,0.9914789199829102,0,0,0.0,0.0,0.0,0.0002616962883621454,-0.001987393479794264,0.5268633365631104
2546,26,81,1.0,0.9908475279808044,0,0,0.0,0.0,0.0,6.625964306294918e-05,-0.002014297293499112,0.525007426738739
2547,26,82,1.0,0.9908670783042908,0,0,0.0,0.0,0.5,-0.0004406421212479472,-0.0011211370583623648,0.5272791981697083
2548,26,83,1.0,0.9834732413291931,0,0,0.0,0.0,0.5,-0.000541465007700026,-0.00029084229026921093,0.5283631086349487
2549,26,84,1.0,0.9879230856895447,0,0,0.0,0.0,0.5,0.0004169915337115526,-0.0030836211517453194,0.5282868146896362
2550,26,85,1.0,0.9865790605545044,0,0,0.0,0.0,0.5,-0.00044557545334100723,-0.0011342399520799518,0.529173731803894
2551,26,86,1.0,0.9885924458503723,0,0,0.0,0.0,0.5,-0.0002858731895685196,-0.0016225752187892795,0.530212938785553
2552,26,87,1.0,0.9814221858978271,0,0,0.0,0.0,0.5,0.00020219641737639904,-4.101236118003726e-05,0.5269558429718018
2553,26,88,1.0,0.9877068996429443,0,0,0.0,0.0,0.5,0.0001484369859099388,-0.0018697064369916916,0.5294196009635925
2554,26,89,1.0,0.9843501448631287,0,0,0.0,0.0,0.5,0.00026578083634376526,-0.0013030348345637321,0.5276909470558167
2555,26,90,1.0,0.9849469065666199,0,0,0.0,0.0,0.5,0.0004120857920497656,-0.0012004808522760868,0.5302773714065552
2556,26,91,1.0,0.9832327961921692,0,0,0.0,0.0,0.5,0.0009024320170283318,-0.0005985609604977071,0.5309644341468811
2557,27,0,1.0,0.9964011311531067,0,0,0.0,0.0,0.0,-0.01082404050976038,-0.005932394880801439,-0.0018827063031494617
2558,27,1,1.0,0.99785977602005,0,0,0.0,0.0,0.0,-0.01716197282075882,-0.0048630740493535995,-0.01497643068432808
2559,27,2,1.0,0.990989625453949,0,0,0.0,0.0,0.0,-0.0181114561855793,-0.002358542289584875,-0.017715930938720703
2560,27,3,1.0,0.9906353950500488,0,0,0.0,0.0,0.0,-0.017956756055355072,-0.0027273339219391346,-0.0181588027626276
2561,27,4,1.0,0.9892067909240723,0,0,0.0,0.0,0.0,0.017509207129478455,-0.004362626001238823,-0.0399421863257885
2562,27,5,1.0,0.9892382621765137,0,0,0.0,0.0,0.0,0.018820881843566895,-0.004453673958778381,-0.03889323025941849
2563,27,6,1.0,0.9769487977027893,0,0,0.0,0.0,0.0,0.2426450401544571,-0.0006186787504702806,-0.02631227858364582
2564,27,7,1.0,0.9769335985183716,0,0,0.0,0.0,0.0,0.24268057942390442,-0.0006001861183904111,-0.026241792365908623
2565,27,8,1.0,0.9792537093162537,0,0,0.0,0.0,0.0,0.25724756717681885,0.001324416953139007,-0.021286670118570328
2566,27,9,1.0,0.9792512059211731,0,0,0.0,0.0,0.0,0.2572498619556427,0.001327432575635612,-0.021273646503686905
2567,27,10,1.0,0.9795113205909729,0,0,0.0,0.0,0.0,0.260030061006546,0.001435380312614143,-0.020725298672914505
2568,27,11,1.0,0.9795108437538147,0,0,0.0,0.0,0.0,0.2600305378437042,0.0014358490006998181,-0.02072223275899887
2569,27,12,1.0,0.9796182513237,0,0,0.0,0.0,0.0,0.2599931061267853,0.0014817564515396953,-0.02029407024383545
2570,27,13,1.0,0.9796181321144104,0,0,0.25,0.0,0.0,0.25999316573143005,0.0014818814815953374,-0.020293213427066803
2571,27,14,1.0,0.9824299216270447,0,0,0.25,0.0,0.0,0.27186158299446106,0.00014681497123092413,-0.004329938441514969
2572,27,15,1.0,0.9820538759231567,0,0,0.25,0.0,0.0,0.27317750453948975,-0.0005497110541909933,-0.0022664745338261127
2573,27,16,1.0,0.9839298129081726,0,0,0.25,0.0,0.0,0.273364394903183,-0.00046384453889913857,0.00014418084174394608
2574,27,17,1.0,0.9798989295959473,0,0,0.25,0.0,0.0,0.2724890410900116,0.0003354051732458174,0.0016217036172747612
2575,27,18,1.0,0.9846072793006897,0,0,0.25,0.0,0.0,0.27219298481941223,0.0013604671694338322,-0.005438416264951229
2576,27,19,1.0,0.9841785430908203,0,0,0.25,0.0,0.0,0.2739151418209076,0.000958999851718545,-0.0027341307140886784
2577,27,20,1.0,0.9893083572387695,0,0,0.25,0.0,0.0,0.27826106548309326,0.0018195112934336066,-0.006194166839122772
2578,27,21,1.0,0.9912545680999756,0,0,0.25,0.0,0.0,0.2780284285545349,0.0028435266576707363,-0.002522593829780817
2579,27,22,1.0,0.9860969185829163,0,0,0.25,0.0,0.0,0.2765665054321289,0.0004410819965414703,0.001637738198041916
2580,27,23,1.0,0.9846638441085815,0,0,0.25,0.0,0.0,0.2741287052631378,0.0007276326650753617,0.004661867395043373
2581,27,24,1.0,0.9780678749084473,0,0,0.25,0.0,0.0,0.245902881026268,-0.0011488781310617924,0.005882173776626587
2582,27,25,1.0,0.9896583557128906,0,0,0.0,0.0,0.0,0.19249117374420166,-0.012238706462085247,0.010705918073654175
2583,27,26,1.0,0.9909863471984863,0,0,0.0,0.0,0.0,0.04302390664815903,-0.04069722443819046,0.006702265702188015
2584,27,27,1.0,0.9958780407905579,0,0,0.0,0.0,0.0,0.000702480087056756,-0.028386671096086502,0.004068528302013874
2585,27,28,1.0,0.9795168042182922,0,0,0.0,0.0,0.0,-0.005056665278971195,0.023722944781184196,-0.008759671822190285
2586,27,29,1.0,0.976899266242981,0,0,0.0,0.0,0.0,-0.008094130083918571,0.05138910189270973,-0.009234616532921791
2587,27,30,1.0,0.9927093386650085,0,0,0.0,0.0,0.0,-0.0015458074631169438,0.2371804267168045,-0.002583178225904703
2588,27,31,1.0,0.9927523732185364,0,0,0.0,0.25,0.0,-0.0015656042378395796,0.23763391375541687,-0.002533965278416872
2589,27,32,1.0,0.9821215867996216,0,0,0.0,0.25,0.0,-0.0010791898239403963,0.2747012972831726,0.00040335580706596375
2590,27,33,1.0,0.9856975078582764,0,0,0.0,0.25,0.0,-0.00028115673922002316,0.2752527892589569,-0.0003078542649745941
2591,27,34,1.0,0.9856205582618713,0,0,0.0,0.25,0.0,-0.001327380072325468,0.27605196833610535,-0.0009877663105726242
2592,27,35,1.0,0.9829528331756592,0,0,0.0,0.25,0.0,-0.00023874384351074696,0.2762838900089264,-0.0015087774954736233
2593,27,36,1.0,0.9788834452629089,0,0,0.0,0.25,0.0,-0.00014436501078307629,0.27379992604255676,0.0063825948163867
2594,27,37,1.0,0.9789796471595764,0,0,0.0,0.25,0.0,-0.00017873430624604225,0.2739540636539459,0.005399155430495739
2595,27,38,1.0,0.9795178771018982,0,0,0.0,0.25,0.0,-0.00015288405120372772,0.2745230197906494,0.008168179541826248
2596,27,39,1.0,0.9773188233375549,0,0,0.0,0.25,0.0,0.0008570547215640545,0.276164710521698,0.004913626238703728
2597,27,40,1.0,0.9860354661941528,0,0,0.0,0.25,0.0,0.0009960185270756483,0.2697937488555908,-0.00849020853638649
2598,27,41,1.0,0.989879846572876,0,0,0.0,0.25,0.0,0.002695765346288681,0.21615397930145264,-0.025935452431440353
2599,27,42,1.0,0.9857301115989685,0,0,0.0,0.0,0.0,0.00047790328972041607,0.11700952053070068,-0.010685238987207413
2600,27,43,1.0,0.9793286919593811,0,0,0.0,0.0,0.0,-0.0008907255250960588,0.05663510411977768,0.007500026375055313
2601,27,44,1.0,0.9771404266357422,0,0,0.0,0.0,0.0,-0.0004098400240764022,0.01402154192328453,0.04796938598155975
2602,27,45,1.0,0.9762882590293884,0,0,0.0,0.0,0.0,-0.0006284083938226104,0.005147439893335104,0.0478280708193779
2603,27,46,1.0,0.9894388318061829,0,0,0.0,0.0,0.0,0.0012481417506933212,0.0015388227766379714,-0.16640621423721313
2604,27,47,1.0,0.9899934530258179,0,0,0.0,0.0,0.0,0.0011784369125962257,0.000937784556299448,-0.18316765129566193
2605,27,48,1.0,0.9922807216644287,0,0,0.0,0.0,0.0,-0.0001577597577124834,0.001750701223500073,-0.297689825296402
2606,27,49,1.0,0.9923994541168213,0,0,0.0,0.0,0.0,-0.00020813709124922752,0.0017564682057127357,-0.3014068007469177
2607,27,50,1.0,1.000903844833374,0,0,0.0,0.0,-0.5,-1.4614779502153397e-06,0.0028759362176060677,-0.4274033308029175
2608,27,51,1.0,0.9916360378265381,0,0,0.0,0.0,-0.5,-9.557860903441906e-05,-0.001882959739305079,-0.5316077470779419
2609,27,52,1.0,0.9877294898033142,0,0,0.0,0.0,-0.5,-1.2409873306751251e-06,-0.002149379113689065,-0.526522159576416
2610,27,53,1.0,0.9869575500488281,0,0,0.0,0.0,-0.5,0.0004042922519147396,-0.0018594637513160706,-0.5273870229721069
2611,27,54,1.0,0.9872353076934814,0,0,0.0,0.0,-0.5,0.0006750531028956175,-0.0016413182020187378,-0.5304199457168579
2612,27,55,1.0,0.9852393269538879,0,0,0.0,0.0,-0.5,0.0013044218067079782,-0.0019164624391123652,-0.5291091203689575
2613,27,56,1.0,0.991055965423584,0,0,0.0,0.0,-0.5,0.0019127950072288513,-0.0015335201751440763,-0.5346132516860962
2614,27,57,1.0,1.0020312070846558,0,0,0.0,0.0,-0.5,0.003080461174249649,-0.0007870516274124384,-0.5383921265602112
2615,27,58,1.0,1.007767915725708,0,0,0.0,0.0,-0.5,0.002647188026458025,0.0007150819292291999,-0.5431402921676636
2616,27,59,1.0,1.006060242652893,0,0,0.0,0.0,-0.5,0.0018905163742601871,0.0008923826972022653,-0.5434116125106812
2617,27,60,1.0,0.9765200614929199,0,0,0.0,0.0,-0.5,0.0026038121432065964,0.0009974316926673055,-0.4976183772087097
2618,27,61,1.0,0.9754714369773865,0,0,0.0,0.0,-0.5,0.002368433866649866,0.0011158513370901346,-0.49053069949150085
2619,27,62,1.0,1.8666315078735352,0,1,0.0,0.0,0.0,-0.00022748718038201332,-0.0015006522880867124,0.019609712064266205
2620,27,63,1.0,1.8679990768432617,0,1,0.0,0.0,0.0,-0.0001844323705881834,-0.001520524499937892,0.020142484456300735
2621,27,64,1.0,2.0274393558502197,0,1,0.0,0.0,0.0,-0.0012119689490646124,0.0011732442071661353,0.015185164287686348
2622,27,65,1.0,2.0275020599365234,0,1,0.0,0.0,0.0,-0.0011969280894845724,0.001166533213108778,0.015181057155132294
2623,27,66,1.0,2.0248680114746094,0,1,0.0,0.0,0.0,-0.001129450392909348,0.0010597417131066322,0.015402140095829964
2624,27,67,1.0,2.0248990058898926,0,1,0.0,0.0,0.0,-0.001119480119086802,0.001051832688972354,0.015395184978842735
2625,27,68,2.0,2.044076919555664,1,1,0.0,0.0,0.0,-0.0014763593208044767,0.00081323750782758,0.012141497805714607
2626,27,69,2.0,2.0680015087127686,1,1,0.0,0.0,0.0,0.0002638904843479395,-0.002104980405420065,0.0024105533957481384
2627,27,70,2.0,2.063692808151245,1,1,0.0,0.0,0.0,0.0011621175799518824,-0.002069328911602497,0.006036442704498768
2628,27,71,2.0,2.0651233196258545,1,1,0.0,0.0,0.0,0.001365109346807003,-0.0020763969514518976,0.006165249273180962
2629,27,72,2.0,2.0665016174316406,1,1,0.0,0.0,0.0,0.0013731063809245825,-0.002716763410717249,0.003955505788326263
2630,27,73,2.0,2.0703914165496826,1,1,0.0,0.0,0.0,0.00126904365606606,-0.0024512738455086946,0.002226574346423149
2631,27,74,2.0,1.8623863458633423,1,1,0.0,0.0,0.0,0.0031115240417420864,-0.002320661908015609,0.030850587412714958
2632,27,75,2.0,1.8732922077178955,1,1,0.0,0.0,0.0,0.003212413750588894,-0.002559380605816841,0.027969298884272575
2633,27,76,1.0,1.0432173013687134,0,0,0.0,0.0,0.0,0.0002909384202212095,-0.00260145403444767,0.4240057170391083
2634,27,77,1.0,1.0429426431655884,0,0,0.0,0.0,0.0,0.00030704098753631115,-0.002604507841169834,0.4242708683013916
2635,27,78,1.0,1.010585904121399,0,0,0.0,0.0,0.0,0.0005974736995995045,-0.0026205661706626415,0.4626130759716034
2636,27,79,1.0,1.010449767112732,0,0,0.0,0.0,0.0,0.0005953402724117041,-0.002605701331049204,0.4627845585346222
2637,27,80,1.0,0.993628978729248,0,0,0.0,0.0,0.0,0.0006199066992849112,-0.0018411078490316868,0.5143967270851135
2638,27,81,1.0,0.9936670064926147,0,0,0.0,0.0,0.0,0.0006197320763021708,-0.0018431326607242227,0.5143445730209351
2639,27,82,1.0,0.9973834753036499,0,0,0.0,0.0,0.5,0.000498487614095211,-0.002137549687176943,0.4934457838535309
2640,27,83,1.0,0.9825143218040466,0,0,0.0,0.0,0.5,-0.0002746179234236479,-0.00033641490153968334,0.5189118385314941
2641,27,84,1.0,0.9864475727081299,0,0,0.0,0.0,0.5,-0.0006965919164940715,-0.0014754384756088257,0.5223922729492188
2642,27,85,1.0,0.9845494031906128,0,0,0.0,0.0,0.5,-0.001012319466099143,0.00039717083564028144,0.5281058549880981
2643,27,86,1.0,0.9879916906356812,0,0,0.0,0.0,0.5,-0.0007876738673076034,0.0005032490007579327,0.5302441120147705
2644,27,87,1.0,0.9873396158218384,0,0,0.0,0.0,0.5,-0.0003642720403149724,-1.2333097402006388e-05,0.5290989875793457
2645,27,88,1.0,0.9871712327003479,0,0,0.0,0.0,0.5,-0.001578236697241664,-0.0003241386148147285,0.5312249064445496
2646,27,89,1.0,0.988226592540741,0,0,0.0,0.0,0.5,-0.0011492333142086864,-0.0004612373886629939,0.5323565602302551
2647,27,90,1.0,0.9866840839385986,0,0,0.0,0.0,0.5,-0.0009718209039419889,-3.412802470847964e-05,0.5306554436683655
2648,27,91,1.0,0.9878458380699158,0,0,0.0,0.0,0.5,-9.511737152934074e-05,-0.00024064959143288434,0.5315406918525696
2649,28,0,1.0,0.99825119972229,0,0,0.0,0.0,0.0,0.035583652555942535,-0.011043100617825985,0.007845968008041382
2650,28,1,1.0,0.9941740036010742,0,0,0.0,0.0,0.0,0.029154663905501366,-0.011262149550020695,0.0011606933549046516
2651,28,2,1.0,0.9951066374778748,0,0,0.0,0.0,0.0,0.029464205726981163,-0.007054866291582584,0.016000710427761078
2652,28,3,1.0,0.9954246878623962,0,0,0.0,0.0,0.0,0.03112570382654667,-0.007288895081728697,0.01721988245844841
2653,28,4,1.0,0.9894117712974548,0,0,0.0,0.0,0.0,0.012741761282086372,-0.006609000731259584,0.01170070469379425
2654,28,5,1.0,0.9894757270812988,0,0,0.0,0.0,0.0,0.013285919092595577,-0.006681209430098534,0.012114839628338814
2655,28,6,1.0,0.9856290817260742,0,0,0.0,0.0,0.0,-0.13900761306285858,0.00268273102119565,0.0017366008833050728
2656,28,7,1.0,0.9855981469154358,0,0,0.0,0.0,0.0,-0.13888919353485107,0.0026817196048796177,0.0018872367218136787
2657,28,8,1.0,0.987973153591156,0,0,0.0,0.0,0.0,-0.1400156319141388,0.0027209287509322166,-0.0004638843238353729
2658,28,9,1.0,0.9879676103591919,0,0,-0.25,0.0,0.0,-0.1399928331375122,0.00271872291341424,-0.0004279790446162224
2659,28,10,1.0,0.998220682144165,0,0,-0.25,0.0,0.0,-0.26742643117904663,-0.0037415274418890476,-0.013147858902812004
2660,28,11,1.0,0.9998465180397034,0,0,-0.25,0.0,0.0,-0.269525408744812,-0.0030939322896301746,-0.012074676342308521
2661,28,12,1.0,1.0004910230636597,0,0,-0.25,0.0,0.0,-0.26999691128730774,-0.0013813208788633347,-0.014597263187170029
2662,28,13,1.0,1.000969648361206,0,0,-0.25,0.0,0.0,-0.27089112997055054,-0.0014702915214002132,-0.017285896465182304
2663,28,14,1.0,0.9984631538391113,0,0,-0.25,0.0,0.0,-0.26974624395370483,0.0006023694295436144,-0.017473343759775162
2664,28,15,1.0,1.0005501508712769,0,0,-0.25,0.0,0.0,-0.2697511613368988,0.0001561407116241753,-0.021549042314291
2665,28,16,1.0,0.9967504143714905,0,0,-0.25,0.0,0.0,-0.2675591707229614,0.0005104508018121123,-0.01749572902917862
2666,28,17,1.0,0.9944661855697632,0,0,-0.25,0.0,0.0,-0.26753681898117065,0.00023429089924320579,-0.009134856052696705
2667,28,18,1.0,0.9933436512947083,0,0,-0.25,0.0,0.0,-0.26796215772628784,-0.0009368082974106073,-0.004349723923951387
2668,28,19,1.0,0.9921170473098755,0,0,-0.25,0.0,0.0,-0.2693467438220978,-0.0018125830683857203,-0.0020285779610276222
2669,28,20,1.0,0.9971351623535156,0,0,-0.25,0.0,0.0,-0.27645984292030334,-1.483189407736063e-05,0.004115027375519276
2670,28,21,1.0,0.9994817972183228,0,0,-0.25,0.0,0.0,-0.27345073223114014,0.0008848706493154168,0.014755276963114738
2671,28,22,1.0,1.001638412475586,0,0,-0.25,0.0,0.0,-0.22044269740581512,0.007805072236806154,0.014477470889687538
2672,28,23,1.0,1.0019606351852417,0,0,0.0,0.0,0.0,-0.14855732023715973,0.012513220310211182,0.011182961985468864
2673,28,24,1.0,1.009947419166565,0,0,0.0,0.0,0.0,-0.014466673135757446,0.008256612345576286,-0.001742660067975521
2674,28,25,1.0,1.0019019842147827,0,0,0.0,0.0,0.0,0.02856944501399994,0.0058823260478675365,-0.00605526240542531
2675,28,26,1.0,0.985249400138855,0,0,0.0,0.0,0.0,0.024150149896740913,-0.036826059222221375,-0.0034554144367575645
2676,28,27,1.0,0.9841168522834778,0,0,0.0,0.0,0.0,0.029561219736933708,-0.038968052715063095,-0.002900807186961174
2677,28,28,1.0,0.9854655861854553,0,0,0.0,0.0,0.0,0.011126239784061909,-0.18516241014003754,0.00471944734454155
2678,28,29,1.0,0.9853758215904236,0,0,0.0,0.0,0.0,0.011282850988209248,-0.18530990183353424,0.004724106751382351
2679,28,30,1.0,0.9830182790756226,0,0,0.0,-0.25,0.0,0.009762595407664776,-0.21353058516979218,0.011011356487870216
2680,28,31,1.0,0.9733293652534485,0,0,0.0,-0.25,0.0,0.0035451194271445274,-0.2664574682712555,0.008543143048882484
2681,28,32,1.0,0.9757014513015747,0,0,0.0,-0.25,0.0,0.003266791347414255,-0.27341270446777344,0.005558888427913189
2682,28,33,1.0,0.9805903434753418,0,0,0.0,-0.25,0.0,0.0022310405038297176,-0.27635839581489563,-0.00018440093845129013
2683,28,34,1.0,0.9822697043418884,0,0,0.0,-0.25,0.0,0.0022930740378797054,-0.2782391309738159,-0.0009336946532130241
2684,28,35,1.0,0.9864119291305542,0,0,0.0,-0.25,0.0,0.0023142951540648937,-0.2785276472568512,0.000912051647901535
2685,28,36,1.0,0.9848925471305847,0,0,0.0,-0.25,0.0,0.0020453264005482197,-0.2800278663635254,0.007275328040122986
2686,28,37,1.0,0.9810353517532349,0,0,0.0,-0.25,0.0,0.0026225638575851917,-0.2758575975894928,0.009974438697099686
2687,28,38,1.0,0.9840288162231445,0,0,0.0,-0.25,0.0,0.002026956994086504,-0.28552743792533875,0.010436257347464561
2688,28,39,1.0,0.9900997281074524,0,0,0.0,-0.25,0.0,0.0008826199918985367,-0.2871513366699219,0.009369546547532082
2689,28,40,1.0,0.9923108220100403,0,0,0.0,0.0,0.0,0.000801165122538805,-0.16194424033164978,0.005111199803650379
2690,28,41,1.0,0.9877519607543945,0,0,0.0,0.0,0.0,-0.00020349444821476936,-0.06065355986356735,0.002847130410373211
2691,28,42,1.0,0.9875633120536804,0,0,0.0,0.0,0.0,-0.0004498623311519623,-0.03329760208725929,-0.010982236824929714
2692,28,43,1.0,0.9860066771507263,0,0,0.0,0.0,0.0,-0.0001250915229320526,-0.021850422024726868,-0.012630225159227848
2693,28,44,1.0,0.9787825345993042,0,0,0.0,0.0,0.0,0.0016156507190316916,-0.02553396299481392,-0.01737022213637829
2694,28,45,1.0,0.9787397980690002,0,0,0.0,0.0,0.0,0.0016241217963397503,-0.024430587887763977,-0.017294542863965034
2695,28,46,1.0,0.9791025519371033,0,0,0.0,-0.25,0.0,0.0008341155480593443,-0.0257058497518301,-0.014404462650418282
2696,28,47,1.0,0.9796600937843323,0,0,0.0,0.0,0.0,0.001500455429777503,-0.04239770770072937,0.0017349645495414734
2697,28,48,1.0,0.980402410030365,0,0,0.0,0.0,0.0,0.0006676539778709412,-0.010030767880380154,-0.00860840268433094
2698,28,49,1.0,0.9786497950553894,0,0,0.0,0.0,0.0,0.00021789362654089928,-0.0072465986013412476,-0.0004570186138153076
2699,28,50,1.0,0.9853308200836182,0,0,0.0,0.0,0.0,0.0013504407834261656,0.00024281453806906939,-0.06575062870979309
2700,28,51,1.0,0.9852286577224731,0,0,0.0,0.0,0.0,0.0013301249127835035,0.0008097855607047677,-0.06545687466859818
2701,28,52,1.0,0.9941620230674744,0,0,0.0,0.0,0.0,0.0016372003592550755,0.0009280199883505702,-0.24564093351364136
2702,28,53,1.0,0.9941567182540894,0,0,0.0,0.0,0.0,0.0016399766318500042,0.0009683829266577959,-0.24552473425865173
2703,28,54,1.0,0.9934332966804504,0,0,0.0,0.0,-0.5,0.001577687682583928,0.0022109029814600945,-0.19239084422588348
2704,28,55,1.0,0.992737889289856,0,0,0.0,0.0,-0.5,-8.932594209909439e-05,-0.000323186453897506,-0.5376275777816772
2705,28,56,1.0,0.9867453575134277,0,0,0.0,0.0,-0.5,0.00035619596019387245,-0.0009933140827342868,-0.5330498814582825
2706,28,57,1.0,0.9817633032798767,0,0,0.0,0.0,-0.5,0.00032296800054609776,-0.001482065999880433,-0.5297507047653198
2707,28,58,1.0,0.9842426776885986,0,0,0.0,0.0,-0.5,0.0008424979168921709,-0.001410141820088029,-0.5295591950416565
2708,28,59,1.0,0.9849576354026794,0,0,0.0,0.0,-0.5,0.0005551825743168592,-0.002399077406153083,-0.5257450938224792
2709,28,60,1.0,0.9937200546264648,0,0,0.0,0.0,-0.5,0.0006482717581093311,-0.001207537017762661,-0.5370614528656006
2710,28,61,1.0,0.993054211139679,0,0,0.0,0.0,-0.5,0.0019366610795259476,-0.002137542236596346,-0.5426893830299377
2711,28,62,1.0,1.0002659559249878,0,0,0.0,0.0,-0.5,0.003890280146151781,0.0004951686132699251,-0.5458827018737793
2712,28,63,1.0,0.9987539649009705,0,0,0.0,0.0,-0.5,0.0035310620442032814,0.0007867899257689714,-0.546419620513916
2713,28,64,1.0,0.9749416708946228,0,0,0.0,0.0,-0.5,0.0026365122757852077,0.00247154850512743,-0.51105797290802
2714,28,65,1.0,0.9679580330848694,0,0,0.0,0.0,0.0,0.0016161391977220774,0.0022177905775606632,-0.46139687299728394
2715,28,66,1.0,1.316162109375,0,0,0.0,0.0,0.0,0.0014980859123170376,-0.0017896171193569899,-0.1199643537402153
2716,28,67,1.0,1.325164794921875,0,0,0.0,0.0,0.0,0.0016845394857227802,-0.0018654768355190754,-0.11081799119710922
2717,28,68,1.0,1.9857735633850098,0,1,0.0,0.0,0.0,0.0006684635300189257,0.000700746662914753,0.015892252326011658
2718,28,69,1.0,1.9856781959533691,0,1,0.0,0.0,0.0,0.0006716735661029816,0.0007344544865190983,0.016012517735362053
2719,28,70,2.0,1.9275438785552979,1,1,0.0,0.0,0.0,7.84602016210556e-05,-0.00015030495706014335,0.021934999153017998
2720,28,71,2.0,2.0671932697296143,1,1,0.0,0.0,0.0,-0.000685736769810319,-0.0019200126407667994,0.0005602557212114334
2721,28,72,2.0,2.0535035133361816,1,1,0.0,0.0,0.0,0.0002114325761795044,-0.0030979211442172527,0.00033016689121723175
2722,28,73,2.0,2.0511834621429443,1,1,0.0,0.0,0.0,-0.0008423365652561188,-0.00503008347004652,0.012233218178153038
2723,28,74,2.0,2.0552101135253906,1,1,0.0,0.0,0.0,0.0003802678547799587,0.0010013035498559475,0.006705323234200478
2724,28,75,2.0,2.061429023742676,1,1,0.0,0.0,0.0,0.0011083520948886871,-0.002579464577138424,0.006715767085552216
2725,28,76,2.0,2.049006462097168,1,1,0.0,0.0,0.0,0.002807997167110443,-0.0019424610072746873,0.006841558963060379
2726,28,77,2.0,1.7402998208999634,1,1,0.0,0.0,0.0,0.0028604636900126934,-0.0008946027373895049,0.0997593030333519
2727,28,78,1.0,1.2597174644470215,0,0,0.0,0.0,0.0,0.0017122826538980007,0.002471043262630701,0.3113255500793457
2728,28,79,1.0,1.8183236122131348,0,1,0.0,0.0,0.0,-0.000701069482602179,-0.0013476696331053972,0.031369857490062714
2729,28,80,1.0,1.5171613693237305,0,1,0.0,0.0,0.0,0.0035217837430536747,-4.313536919653416e-06,0.1805117279291153
2730,28,81,1.0,1.041517972946167,0,0,0.0,0.0,0.0,0.0009931172244250774,-0.001253447844646871,0.45639362931251526
2731,28,82,1.0,1.3112798929214478,0,0,0.0,0.0,0.0,0.0010132151655852795,0.0007713298546150327,0.25373929738998413
2732,28,83,1.0,1.072218418121338,0,0,0.0,0.0,0.0,-0.0003834435483440757,-0.0009859290439635515,0.433308869600296
2733,28,84,1.0,1.0109543800354004,0,0,0.0,0.0,0.5,0.000335087301209569,-0.002821022178977728,0.5064226984977722
2734,28,85,1.0,1.0003926753997803,0,0,0.0,0.0,0.5,0.0006220117211341858,-0.0024813890922814608,0.5163798332214355
2735,28,86,1.0,0.997813880443573,0,0,0.0,0.0,0.5,-0.001347231911495328,-0.0021478491835296154,0.4997071921825409
2736,28,87,1.0,0.9894958138465881,0,0,0.0,0.0,0.5,-0.0006114655407145619,-0.0004595140344463289,0.5331695675849915
2737,28,88,1.0,0.9906947612762451,0,0,0.0,0.0,0.5,-0.0007253640796989202,-0.0016902011120691895,0.5318624377250671
2738,28,89,1.0,0.9918426275253296,0,0,0.0,0.0,0.5,-0.0006128858076408505,-0.0011273807613179088,0.5315192937850952
2739,28,90,1.0,0.9901995062828064,0,0,0.0,0.0,0.5,-0.0007754508405923843,-0.001774087781086564,0.53197181224823
2740,28,91,1.0,0.9860537052154541,0,0,0.0,0.0,0.5,-0.00039450754411518574,-0.001499023986980319,0.5304825305938721
2741,28,92,1.0,0.9846147894859314,0,0,0.0,0.0,0.5,-0.0005417466163635254,-0.0023273846600204706,0.5296933650970459
2742,28,93,1.0,0.9846267104148865,0,0,0.0,0.0,0.5,0.0003617517650127411,-0.0018173566786572337,0.5315654873847961
2743,29,0,1.0,0.998447835445404,0,0,0.0,0.0,0.0,0.03382158279418945,-0.003323752898722887,0.013620683923363686
2744,29,1,1.0,0.9938330054283142,0,0,0.0,0.0,0.0,0.026194339618086815,-0.0026293499395251274,0.008446093648672104
2745,29,2,1.0,0.9999430179595947,0,0,0.0,0.0,0.0,0.028735866770148277,0.0013116135960444808,0.020426396280527115
2746,29,3,1.0,1.000436544418335,0,0,0.0,0.0,0.0,0.030726751312613487,0.0011613514507189393,0.02183200605213642
2747,29,4,1.0,0.9998560547828674,0,0,0.0,0.0,0.0,0.01012076810002327,-6.584863876923919e-05,0.013130759820342064
2748,29,5,1.0,1.0000159740447998,0,0,0.0,0.0,0.0,0.01094974484294653,-0.00010728382039815187,0.013636831194162369
2749,29,6,1.0,0.9949873685836792,0,0,0.0,0.0,0.0,-0.1615809053182602,4.710705252364278e-05,-0.002365859691053629
2750,29,7,1.0,0.9949699640274048,0,0,-0.25,0.0,0.0,-0.1614898145198822,4.191941116005182e-05,-0.002268484327942133
2751,29,8,1.0,0.9932881593704224,0,0,-0.25,0.0,0.0,-0.2684682607650757,-0.0018519433215260506,-0.013590233400464058
2752,29,9,1.0,0.9936479926109314,0,0,-0.25,0.0,0.0,-0.27050814032554626,-0.001475882832892239,-0.010631685145199299
2753,29,10,1.0,0.9927294254302979,0,0,-0.25,0.0,0.0,-0.2699204087257385,-0.00039429610478691757,-0.007331741973757744
2754,29,11,1.0,0.995051383972168,0,0,-0.25,0.0,0.0,-0.26949575543403625,-0.0009558998281136155,-0.0071720341220498085
2755,29,12,1.0,0.9975535869598389,0,0,-0.25,0.0,0.0,-0.27007734775543213,-2.9951974283903837e-05,-0.009308426640927792
2756,29,13,1.0,0.9988906979560852,0,0,-0.25,0.0,0.0,-0.27070507407188416,0.0004714836832135916,-0.00669519416987896
2757,29,14,1.0,0.9980145692825317,0,0,-0.25,0.0,0.0,-0.26951470971107483,0.0012553815031424165,-0.005466770380735397
2758,29,15,1.0,0.9958122968673706,0,0,-0.25,0.0,0.0,-0.26799336075782776,-0.00011468306183815002,-0.002463433425873518
2759,29,16,1.0,0.9946300983428955,0,0,-0.25,0.0,0.0,-0.2690470814704895,-0.00027322827372699976,0.004594365134835243
2760,29,17,1.0,0.9916418194770813,0,0,-0.25,0.0,0.0,-0.2693113386631012,0.00041112041799351573,0.008908456191420555
2761,29,18,1.0,0.9918805956840515,0,0,-0.25,0.0,0.0,-0.28032660484313965,0.00396775733679533,0.010977299883961678
2762,29,19,1.0,0.9909060001373291,0,0,-0.25,0.0,0.0,-0.2759077847003937,0.004977498669177294,0.012905564159154892
2763,29,20,1.0,0.9900350570678711,0,0,-0.25,0.0,0.0,-0.23324435949325562,-0.0001189201429951936,0.01088668406009674
2764,29,21,1.0,0.972220242023468,0,0,0.0,0.0,0.0,-0.13499915599822998,-0.016496378928422928,0.0101988036185503
2765,29,22,1.0,0.9802670478820801,0,0,0.0,0.0,0.0,-0.015900610014796257,-0.045405417680740356,-0.011945044621825218
2766,29,23,1.0,0.9854514598846436,0,0,0.0,0.0,0.0,0.019518017768859863,-0.046009361743927,-0.007786048110574484
2767,29,24,1.0,0.9870015978813171,0,0,0.0,0.0,0.0,0.0077746277675032616,0.0739750862121582,-0.008559994399547577
2768,29,25,1.0,0.9885759353637695,0,0,0.0,0.0,0.0,0.01009476836770773,0.07377011328935623,-0.00941008236259222
2769,29,26,1.0,0.9810589551925659,0,0,0.0,0.0,0.0,0.0019254428334534168,0.19176840782165527,-0.0006328076124191284
2770,29,27,1.0,0.9810503125190735,0,0,0.0,0.25,0.0,0.0020113633945584297,0.1917349100112915,-0.0006606336683034897
2771,29,28,1.0,0.9847925901412964,0,0,0.0,0.25,0.0,-0.0011361598735675216,0.2668013870716095,0.01113145798444748
2772,29,29,1.0,0.9854273200035095,0,0,0.0,0.25,0.0,-0.0009988927049562335,0.2687050998210907,0.012593206018209457
2773,29,30,1.0,0.9838778972625732,0,0,0.0,0.25,0.0,-0.0008533942745998502,0.27441301941871643,0.006034649908542633
2774,29,31,1.0,0.9842127561569214,0,0,0.0,0.25,0.0,-0.00044011056888848543,0.27548840641975403,0.00517722312361002
2775,29,32,1.0,0.9829671382904053,0,0,0.0,0.25,0.0,-0.0014804115053266287,0.27729153633117676,0.005537483841180801
2776,29,33,1.0,0.982824981212616,0,0,0.0,0.25,0.0,-0.0009110273094847798,0.2760314643383026,0.004657779820263386
2777,29,34,1.0,0.9886388778686523,0,0,0.0,0.25,0.0,-0.0009043982718139887,0.26314494013786316,0.004604733549058437
2778,29,35,1.0,0.9900414347648621,0,0,0.0,0.25,0.0,0.00017881067469716072,0.23338228464126587,0.00469184760004282
2779,29,36,1.0,0.9854640960693359,0,0,0.0,0.25,0.0,0.0011455153580754995,0.18690527975559235,0.004419715143740177
2780,29,37,1.0,0.9887268543243408,0,0,0.0,0.0,0.0,0.0020192223601043224,0.0949622243642807,-0.0026573832146823406
2781,29,38,1.0,0.9853765368461609,0,0,0.0,0.0,0.0,0.0014852848835289478,0.022590095177292824,-0.006815798580646515
2782,29,39,1.0,0.9870458841323853,0,0,0.0,0.0,0.0,0.0017838217318058014,-0.0016887092497199774,-0.009644441306591034
2783,29,40,1.0,0.9787640571594238,0,0,0.0,0.0,0.0,0.0011179584544152021,0.004976618569344282,-0.016704048961400986
2784,29,41,1.0,0.9789035320281982,0,0,0.0,0.0,0.0,0.0011415746994316578,0.0024995291605591774,-0.016673028469085693
2785,29,42,1.0,0.9763584136962891,0,0,0.0,0.0,0.0,2.2662105038762093e-05,0.007870943285524845,-0.0042848833836615086
2786,29,43,1.0,0.9763680696487427,0,0,0.0,0.0,0.0,2.588937059044838e-05,0.007594425696879625,-0.004331030882894993
2787,29,44,1.0,0.9745006561279297,0,0,0.0,0.25,0.0,-7.550371810793877e-05,0.003099051769822836,0.0033380473032593727
2788,29,45,1.0,0.972813069820404,0,0,0.0,0.0,0.0,0.0002904122229665518,0.026263922452926636,0.021170781925320625
2789,29,46,1.0,0.9779703617095947,0,0,0.0,0.0,0.0,-0.0014891957398504019,0.01272041629999876,0.03901733458042145
2790,29,47,1.0,0.9784476161003113,0,0,0.0,0.0,0.0,-0.0016343484167009592,0.0019212843617424369,0.039715319871902466
2791,29,48,1.0,0.9859199523925781,0,0,0.0,0.0,0.0,0.0003241088707000017,0.0026694624684751034,-0.09538101404905319
2792,29,49,1.0,0.9865365624427795,0,0,0.0,0.0,0.0,0.00029928097501397133,0.002282969653606415,-0.10276320576667786
2793,29,50,1.0,0.9955544471740723,0,0,0.0,0.0,0.0,-4.4332584366202354e-05,0.00361791905015707,-0.33235904574394226
2794,29,51,1.0,0.9956144094467163,0,0,0.0,0.0,0.0,-5.085417069494724e-05,0.003596141003072262,-0.3333914875984192
2795,29,52,1.0,0.9969601631164551,0,0,0.0,0.0,0.0,-6.626872345805168e-05,0.003685359377413988,-0.36451390385627747
2796,29,53,1.0,0.9969729781150818,0,0,0.0,0.0,-0.5,-6.807479076087475e-05,0.00368247227743268,-0.36473050713539124
2797,29,54,1.0,0.9943719506263733,0,0,0.0,0.0,-0.5,0.0005813343450427055,-0.0014911579200997949,-0.5351206660270691
2798,29,55,1.0,0.986980140209198,0,0,0.0,0.0,-0.5,0.0003089527599513531,-0.0017138016410171986,-0.5305686593055725
2799,29,56,1.0,0.9849351644515991,0,0,0.0,0.0,-0.5,0.000530322315171361,-0.0017254548147320747,-0.5276402235031128
2800,29,57,1.0,0.9842239618301392,0,0,0.0,0.0,-0.5,0.0010113900061696768,-0.0008521293057128787,-0.5282713174819946
2801,29,58,1.0,0.9838318228721619,0,0,0.0,0.0,-0.5,0.0013362031895667315,-0.001372956670820713,-0.5357754826545715
2802,29,59,1.0,0.9850091338157654,0,0,0.0,0.0,-0.5,0.0008662648033350706,-0.001229543355293572,-0.5347131490707397
2803,29,60,1.0,0.99634850025177,0,0,0.0,0.0,-0.5,0.0010417569428682327,-0.000490551523398608,-0.5455282330513
2804,29,61,1.0,1.0006636381149292,0,0,0.0,0.0,-0.5,0.0015732028987258673,-0.0009032059460878372,-0.5455718636512756
2805,29,62,1.0,1.0049117803573608,0,0,0.0,0.0,-0.5,0.0028785178437829018,-0.00016707682516425848,-0.5449501276016235
2806,29,63,1.0,0.9991763234138489,0,0,0.0,0.0,-0.5,0.0032652164809405804,-0.0001805201463866979,-0.5447750687599182
2807,29,64,1.0,0.9687777161598206,0,0,0.0,0.0,0.0,0.0028171571902930737,-8.006510324776173e-05,-0.5156986117362976
2808,29,65,1.0,0.9652260541915894,0,0,0.0,0.0,0.0,0.002695981878787279,-0.0003305603167973459,-0.5092750787734985
2809,29,66,1.0,1.5333038568496704,0,1,0.0,0.0,0.0,-0.0013787252828478813,0.0016491651767864823,-0.09445574134588242
2810,29,67,1.0,1.5471649169921875,0,1,0.0,0.0,0.0,-0.0013624433195218444,0.0013494356535375118,-0.08676179498434067
2811,29,68,1.0,2.028597593307495,0,1,0.0,0.0,0.0,-0.00209220452234149,0.0005270852707326412,0.010564211755990982
2812,29,69,1.0,2.0290021896362305,0,1,0.0,0.0,0.0,-0.0020665107294917107,0.000524078612215817,0.010540992021560669
2813,29,70,2.0,2.044142246246338,1,1,0.0,0.0,0.0,-0.0026721544563770294,0.0011260738829150796,0.009762121364474297
2814,29,71,2.0,2.064136028289795,1,1,0.0,0.0,0.0,0.00042174849659204483,-0.0023976750671863556,0.006652854382991791
2815,29,72,2.0,2.062173366546631,1,1,0.0,0.0,0.0,0.0004995844792574644,-0.002810122910887003,0.003847789950668812
2816,29,73,2.0,2.052058696746826,1,1,0.0,0.0,0.0,0.0005774782039225101,-0.0021646940149366856,0.0066089145839214325
2817,29,74,2.0,2.063851833343506,1,1,0.0,0.0,0.0,-0.0002670313697308302,-0.0024993065744638443,0.012099780142307281
2818,29,75,2.0,2.065448760986328,1,1,0.0,0.0,0.0,0.0008241832256317139,-0.0031785760074853897,0.007433328777551651
2819,29,76,2.0,2.0704185962677,1,1,0.0,0.0,0.0,0.0005247127264738083,-0.003090859856456518,0.007431307807564735
2820,29,77,2.0,2.0698604583740234,1,1,0.0,0.0,0.0,0.0005178691353648901,-0.0031436127610504627,0.0072794947773218155
2821,29,78,2.0,2.028193950653076,1,1,0.0,0.0,0.0,0.0014940935652703047,-0.003852641675621271,-0.0002488503232598305
2822,29,79,1.0,2.027367353439331,0,1,0.0,0.0,0.0,0.0014939357060939074,-0.0038801711052656174,-0.00023161433637142181
2823,29,80,1.0,0.9994134902954102,0,0,0.0,0.0,0.0,-0.00029089231975376606,-0.0033501391299068928,0.512921929359436
2824,29,81,1.0,0.9992903470993042,0,0,0.0,0.0,0.0,-0.00028282892890274525,-0.0033429423347115517,0.5130586624145508
2825,29,82,1.0,0.9960405826568604,0,0,0.0,0.0,0.0,9.934813715517521e-05,-0.003091383259743452,0.5272929072380066
2826,29,83,1.0,0.9959990382194519,0,0,0.0,0.0,0.0,0.00010359706357121468,-0.0030874358490109444,0.5273144245147705
2827,29,84,1.0,1.0074461698532104,0,0,0.0,0.0,0.5,0.0005291749257594347,-0.003350683022290468,0.49309971928596497
2828,29,85,1.0,0.9868877530097961,0,0,0.0,0.0,0.5,0.0001600945834070444,-0.0011980729177594185,0.533649206161499
2829,29,86,1.0,0.9898313283920288,0,0,0.0,0.0,0.5,-0.0004189650062471628,-0.0010966695845127106,0.5313732624053955
2830,29,87,1.0,0.9900342226028442,0,0,0.0,0.0,0.5,-0.000606710440479219,-0.0009035775437951088,0.527777373790741
2831,29,88,1.0,0.9913715124130249,0,0,0.0,0.0,0.5,-0.0009586705127730966,-0.0010480295168235898,0.5289448499679565
2832,29,89,1.0,0.9892312288284302,0,0,0.0,0.0,0.5,-2.7929432690143585e-05,-0.0008299637120217085,0.5293952226638794
2833,29,90,1.0,0.9886401891708374,0,0,0.0,0.0,0.5,-0.0010321008739992976,-0.0024555108975619078,0.5295901298522949
2834,29,91,1.0,0.9887516498565674,0,0,0.0,0.0,0.5,-0.0004538111388683319,-0.0021794349886476994,0.5309406518936157
2835,29,92,1.0,0.9920312762260437,0,0,0.0,0.0,0.5,-0.0014518031384795904,-0.0018876743270084262,0.5299085378646851
2836,29,93,1.0,0.9908292293548584,0,0,0.0,0.0,0.5,-0.0006145453080534935,-0.0022024873178452253,0.5323057770729065
2837,30,0,1.0,0.9869523048400879,0,0,0.0,0.0,0.0,-0.014149467460811138,-0.003427065908908844,0.015208542346954346
2838,30,1,1.0,0.9885185360908508,0,0,0.0,0.0,0.0,-0.021257838234305382,-0.001188772264868021,0.008142165839672089
2839,30,2,1.0,0.9898658990859985,0,0,0.0,0.0,0.0,-0.025139596313238144,0.0007290467619895935,0.003644482232630253
2840,30,3,1.0,0.9898680448532104,0,0,0.0,0.0,0.0,-0.023368779569864273,0.00037515797885134816,0.00469228345900774
2841,30,4,1.0,0.9950074553489685,0,0,0.0,0.0,0.0,0.008364359848201275,0.00414999620988965,-0.020974205806851387
2842,30,5,1.0,0.9950170516967773,0,0,0.0,0.0,0.0,0.009152588434517384,0.0040686530992388725,-0.020386414602398872
2843,30,6,1.0,0.990033745765686,0,0,0.0,0.0,0.0,0.21020182967185974,-0.0031584911048412323,-0.024244209751486778
2844,30,7,1.0,0.99001145362854,0,0,0.0,0.0,0.0,0.21042631566524506,-0.003149949014186859,-0.024067914113402367
2845,30,8,1.0,0.9852414727210999,0,0,0.0,0.0,0.0,0.2509520351886749,-0.003165649715811014,-0.011390134692192078
2846,30,9,1.0,0.985226035118103,0,0,0.25,0.0,0.0,0.25096604228019714,-0.0031594648025929928,-0.011376025155186653
2847,30,10,1.0,0.9855227470397949,0,0,0.25,0.0,0.0,0.27080345153808594,-0.002091446192935109,-0.002255082596093416
2848,30,11,1.0,0.9838232398033142,0,0,0.25,0.0,0.0,0.27224522829055786,-0.003025638870894909,0.0037916889414191246
2849,30,12,1.0,0.9840899705886841,0,0,0.25,0.0,0.0,0.27253860235214233,-0.0013882298953831196,0.007571185007691383
2850,30,13,1.0,0.9845420718193054,0,0,0.25,0.0,0.0,0.2728613018989563,-0.000992913730442524,0.011679088696837425
2851,30,14,1.0,0.9806574583053589,0,0,0.25,0.0,0.0,0.27217382192611694,2.5085697416216135e-05,0.0034328643232584
2852,30,15,1.0,0.9823403358459473,0,0,0.25,0.0,0.0,0.27410346269607544,-0.0008083340362645686,0.0033269748091697693
2853,30,16,1.0,0.9863543510437012,0,0,0.25,0.0,0.0,0.2753150463104248,-0.0008976823883131146,-0.006074720993638039
2854,30,17,1.0,0.9965890049934387,0,0,0.25,0.0,0.0,0.2782440185546875,-0.0011165128089487553,-0.008903726935386658
2855,30,18,1.0,0.9885928630828857,0,0,0.25,0.0,0.0,0.2799352705478668,-0.002254574792459607,0.0043562110513448715
2856,30,19,1.0,0.9848521947860718,0,0,0.25,0.0,0.0,0.271507203578949,-0.0037419856525957584,0.012266866862773895
2857,30,20,1.0,0.9798629283905029,0,0,0.25,0.0,0.0,0.2376139611005783,-0.0011917331721633673,0.009937440976500511
2858,30,21,1.0,0.9850872755050659,0,0,0.0,0.0,0.0,0.1644579917192459,0.005143307149410248,-0.007221694570034742
2859,30,22,1.0,1.021437644958496,0,0,0.0,0.0,0.0,0.03951322287321091,0.008816145360469818,-0.013246345333755016
2860,30,23,1.0,1.0240330696105957,0,0,0.0,0.0,0.0,0.0015963949263095856,0.0012715199263766408,-0.01049723755568266
2861,30,24,1.0,1.0169494152069092,0,0,0.0,0.0,0.0,-0.007764452137053013,-0.028987597674131393,-0.013010047376155853
2862,30,25,1.0,1.012675404548645,0,0,0.0,0.0,0.0,-0.011964831501245499,-0.04675152152776718,-0.006833268329501152
2863,30,26,1.0,0.9853192567825317,0,0,0.0,0.0,0.0,0.0009461825247853994,-0.2452915757894516,0.0028964970260858536
2864,30,27,1.0,0.9852596521377563,0,0,0.0,0.0,0.0,0.0008018787484616041,-0.24536362290382385,0.0028327926993370056
2865,30,28,1.0,0.9843729734420776,0,0,0.0,0.0,0.0,0.0004422843921929598,-0.2669881582260132,0.00012405682355165482
2866,30,29,1.0,0.984372079372406,0,0,0.0,-0.25,0.0,0.0004294437821954489,-0.2669876217842102,0.00011395290493965149
2867,30,30,1.0,0.9829092025756836,0,0,0.0,-0.25,0.0,0.0007435404695570469,-0.2776198983192444,-0.001458275131881237
2868,30,31,1.0,0.9826472997665405,0,0,0.0,-0.25,0.0,0.0017812885344028473,-0.2769938111305237,-0.0013887505047023296
2869,30,32,1.0,0.9846261143684387,0,0,0.0,-0.25,0.0,0.002214177045971155,-0.2775479257106781,-7.606018334627151e-05
2870,30,33,1.0,0.9851686358451843,0,0,0.0,-0.25,0.0,0.0031651221215724945,-0.275106817483902,-0.00017196033149957657
2871,30,34,1.0,0.9907116293907166,0,0,0.0,-0.25,0.0,0.00210516806691885,-0.27792859077453613,0.0020813867449760437
2872,30,35,1.0,0.986469566822052,0,0,0.0,-0.25,0.0,0.0027017961256206036,-0.2771805226802826,0.003329254686832428
2873,30,36,1.0,0.9906404614448547,0,0,0.0,-0.25,0.0,0.0016120653599500656,-0.27769845724105835,-0.0014565708115696907
2874,30,37,1.0,0.9868984222412109,0,0,0.0,-0.25,0.0,0.0019080070778727531,-0.27272704243659973,-0.004239525645971298
2875,30,38,1.0,0.9939229488372803,0,0,0.0,-0.25,0.0,-2.0229024812579155e-05,-0.27347439527511597,-0.009435342624783516
2876,30,39,1.0,0.9910075664520264,0,0,0.0,-0.25,0.0,0.0005388704594224691,-0.2591220736503601,-0.012573698535561562
2877,30,40,1.0,0.9770097732543945,0,0,0.0,-0.25,0.0,0.001204169588163495,-0.0859258770942688,-0.013103458099067211
2878,30,41,1.0,0.9799295663833618,0,0,0.0,0.0,0.0,0.00016564293764531612,-0.07273589074611664,0.006695689633488655
2879,30,42,1.0,0.9787578582763672,0,0,0.0,0.0,0.0,-0.0006584788206964731,-0.020359313115477562,0.0343293696641922
2880,30,43,1.0,0.9779880046844482,0,0,0.0,0.0,0.0,-0.0006303153932094574,0.0011495484504848719,0.040057338774204254
2881,30,44,1.0,0.984541118144989,0,0,0.0,0.0,0.0,0.0013771262019872665,0.0004887835821136832,-0.07302576303482056
2882,30,45,1.0,0.9844392538070679,0,0,0.0,0.0,0.0,0.0013788158539682627,0.0013237397652119398,-0.07137352228164673
2883,30,46,1.0,1.0020123720169067,0,0,0.0,0.0,0.0,0.0010611331090331078,0.0029376759193837643,-0.3779609799385071
2884,30,47,1.0,1.0020172595977783,0,0,0.0,0.0,0.0,0.0010622786357998848,0.002976196352392435,-0.3774731755256653
2885,30,48,1.0,1.0048549175262451,0,0,0.0,0.0,0.0,0.0011372528970241547,0.0034509492106735706,-0.450815349817276
2886,30,49,1.0,1.0048571825027466,0,0,0.0,0.0,-0.5,0.001136937877163291,0.0034577124752104282,-0.4507550299167633
2887,30,50,1.0,0.9951523542404175,0,0,0.0,0.0,-0.5,2.7142465114593506e-05,-0.0019153979374095798,-0.532571017742157
2888,30,51,1.0,0.9872788190841675,0,0,0.0,0.0,-0.5,3.654882311820984e-05,-0.0022091337013989687,-0.5313214063644409
2889,30,52,1.0,0.9837638139724731,0,0,0.0,0.0,-0.5,0.0006565982475876808,-0.001477381563745439,-0.5268326997756958
2890,30,53,1.0,0.9848877787590027,0,0,0.0,0.0,-0.5,0.0005788891576230526,-0.0019579478539526463,-0.526701807975769
2891,30,54,1.0,0.9891737103462219,0,0,0.0,0.0,-0.5,6.07792753726244e-05,-0.0017017987556755543,-0.5345478653907776
2892,30,55,1.0,0.9963293075561523,0,0,0.0,0.0,-0.5,0.001092227641493082,-0.0011044819839298725,-0.536690890789032
2893,30,56,1.0,1.0117303133010864,0,0,0.0,0.0,-0.5,0.0019184611737728119,0.00040947156958281994,-0.5448901653289795
2894,30,57,1.0,1.0116360187530518,0,0,0.0,0.0,-0.5,0.002799923997372389,0.0007279341807588935,-0.5445118546485901
2895,30,58,1.0,1.0014411211013794,0,0,0.0,0.0,-0.5,0.0013133641332387924,0.0009455025428906083,-0.5362522006034851
2896,30,59,1.0,1.001038670539856,0,0,0.0,0.0,-0.5,0.0014367697294801474,0.0011006543645635247,-0.5376365184783936
2897,30,60,1.0,0.9786567091941833,0,0,0.0,0.0,0.0,0.0037294509820640087,0.0012804289581254125,-0.45816874504089355
2898,30,61,1.0,0.9787356853485107,0,0,0.0,0.0,0.0,0.0038321460597217083,0.0012945679482072592,-0.4529075622558594
2899,30,62,1.0,1.9390268325805664,0,1,0.0,0.0,0.0,0.000861624488607049,-0.0006277342909015715,0.017139067873358727
2900,30,63,1.0,1.9390811920166016,0,1,0.0,0.0,0.0,0.000867034774273634,-0.0006085482891649008,0.017248230054974556
2901,30,64,1.0,2.030031681060791,0,1,0.0,0.0,0.0,-0.0005668108351528645,0.0014504861319437623,0.008811725303530693
2902,30,65,2.0,2.030017614364624,1,1,0.0,0.0,0.0,-0.0005689942045137286,0.001453376724384725,0.008828109130263329
2903,30,66,2.0,2.06033992767334,1,1,0.0,0.0,0.0,-0.0003796963719651103,-0.002489629667252302,-0.00023359712213277817
2904,30,67,2.0,2.0655291080474854,1,1,0.0,0.0,0.0,0.0001408334355801344,-0.0025475574657320976,0.008582506328821182
2905,30,68,2.0,2.0619704723358154,1,1,0.0,0.0,0.0,0.00010288180783390999,-0.0027190889231860638,0.005172242410480976
2906,30,69,2.0,2.059966564178467,1,1,0.0,0.0,0.0,0.0002069713082164526,-0.0026253960095345974,0.006010699085891247
2907,30,70,2.0,2.0649776458740234,1,1,0.0,0.0,0.0,0.00041905464604496956,-0.0028593759052455425,0.007520241662859917
2908,30,71,2.0,2.064424514770508,1,1,0.0,0.0,0.0,0.0003095942083746195,-0.0028877309523522854,0.00486645195633173
2909,30,72,1.0,2.0495030879974365,0,1,0.0,0.0,0.0,-0.0012628247495740652,-0.0025827731005847454,0.00011990871280431747
2910,30,73,1.0,1.8411953449249268,0,1,0.0,0.0,0.0,-0.0004571598256006837,-0.002141047501936555,-0.006419113837182522
2911,30,74,1.0,1.1533403396606445,0,0,0.0,0.0,0.0,0.0009623784571886063,-0.002591595519334078,0.29724130034446716
2912,30,75,1.0,1.0152345895767212,0,0,0.0,0.0,0.0,-0.0005134721286594868,-0.002939003985375166,0.44780924916267395
2913,30,76,1.0,0.9917821288108826,0,0,0.0,0.0,0.0,-0.0007776975398883224,-0.0021389364264905453,0.5084565877914429
2914,30,77,1.0,0.9911574721336365,0,0,0.0,0.0,0.0,-0.0009895962430164218,-0.0020223527681082487,0.5074467658996582
2915,30,78,1.0,0.991267740726471,0,0,0.0,0.0,0.0,-0.0008549581980332732,-0.0017013393808156252,0.5163607597351074
2916,30,79,1.0,0.9914360046386719,0,0,0.0,0.0,0.5,-0.0008247551741078496,-0.00176721322350204,0.518074631690979
2917,30,80,1.0,0.9857103824615479,0,0,0.0,0.0,0.5,-0.0013692553620785475,-0.0015199288027361035,0.5242803692817688
2918,30,81,1.0,0.9877513647079468,0,0,0.0,0.0,0.5,-0.0005638052243739367,-0.0016460048500448465,0.5298965573310852
2919,30,82,1.0,0.9883006811141968,0,0,0.0,0.0,0.5,-0.0012409832561388612,-0.001764802378602326,0.529404878616333
2920,30,83,1.0,0.9852268099784851,0,0,0.0,0.0,0.5,-0.0005045266589149833,-0.00020434815087355673,0.525461733341217
2921,30,84,1.0,0.9855941534042358,0,0,0.0,0.0,0.5,-0.00043618050403892994,-0.000829948578029871,0.5283641219139099
2922,30,85,1.0,0.9844550490379333,0,0,0.0,0.0,0.5,-0.0003838083939626813,-0.0010859870817512274,0.5299195647239685
2923,30,86,1.0,0.9837518930435181,0,0,0.0,0.0,0.5,-0.0007381965406239033,-0.000935137621127069,0.5298638939857483
2924,30,87,1.0,0.9833009243011475,0,0,0.0,0.0,0.5,-0.00029566744342446327,-0.0006602574721910059,0.5288375020027161
2925,30,88,1.0,0.9829280972480774,0,0,0.0,0.0,0.5,-0.000539730885066092,-0.0009700430673547089,0.5304179787635803
2926,31,0,1.0,0.9964010715484619,0,0,0.0,0.0,0.0,-0.010824042372405529,-0.005932401400059462,-0.0018827314488589764
2927,31,1,1.0,0.9978598356246948,0,0,0.0,0.0,0.0,-0.017161982133984566,-0.00486307917162776,-0.014976443722844124
2928,31,2,1.0,0.9909896850585938,0,0,0.0,0.0,0.0,-0.01811145432293415,-0.0023585492745041847,-0.017715949565172195
2929,31,3,1.0,0.9906353950500488,0,0,0.0,0.0,0.0,-0.01795673556625843,-0.0027273432351648808,-0.018158843740820885
2930,31,4,1.0,0.9892066717147827,0,0,0.0,0.0,0.0,0.01750919781625271,-0.004362619947642088,-0.03994213789701462
2931,31,5,1.0,0.9892382621765137,0,0,0.0,0.0,0.0,0.018820885568857193,-0.004453686531633139,-0.0388931967318058
2932,31,6,1.0,0.9769487977027893,0,0,0.0,0.0,0.0,0.2426450103521347,-0.0006186917889863253,-0.02631232514977455
2933,31,7,1.0,0.9769336581230164,0,0,0.0,0.0,0.0,0.24268057942390442,-0.0006001705187372863,-0.026241758838295937
2934,31,8,1.0,0.9794178009033203,0,0,0.25,0.0,0.0,0.2649657726287842,0.001262181089259684,-0.01600475236773491
2935,31,9,1.0,0.9832607507705688,0,0,0.25,0.0,0.0,0.26740118861198425,0.0019081904320046306,-0.007797927595674992
2936,31,10,1.0,0.9886283874511719,0,0,0.25,0.0,0.0,0.27225199341773987,-0.0003672069578897208,-0.00247691897675395
2937,31,11,1.0,0.9866008758544922,0,0,0.25,0.0,0.0,0.2728559970855713,6.43912935629487e-05,0.0013268403708934784
2938,31,12,1.0,0.9826312065124512,0,0,0.25,0.0,0.0,0.2719144821166992,0.00025838258443400264,0.0012824973091483116
2939,31,13,1.0,0.9811519980430603,0,0,0.25,0.0,0.0,0.2715548872947693,0.0009680625516921282,0.0013844668865203857
2940,31,14,1.0,0.9802030324935913,0,0,0.25,0.0,0.0,0.2712303102016449,0.0009276892524212599,-0.0004237014800310135
2941,31,15,1.0,0.9813119173049927,0,0,0.25,0.0,0.0,0.27382707595825195,0.0006724257254973054,-0.0016972310841083527
2942,31,16,1.0,0.9935430884361267,0,0,0.25,0.0,0.0,0.27697184681892395,0.0020019086077809334,-0.0013374323025345802
2943,31,17,1.0,0.9876002073287964,0,0,0.25,0.0,0.0,0.2791174054145813,0.001810867921449244,0.00027310382574796677
2944,31,18,1.0,0.9874701499938965,0,0,0.25,0.0,0.0,0.27800458669662476,0.0016155041521415114,0.005068480037152767
2945,31,19,1.0,0.98512864112854,0,0,0.25,0.0,0.0,0.2640656530857086,0.00397536950185895,0.0008833929896354675
2946,31,20,1.0,0.9892953038215637,0,0,0.25,0.0,0.0,0.19746176898479462,-0.0035489946603775024,0.01229708082973957
2947,31,21,1.0,0.9895383715629578,0,0,0.25,0.0,0.0,0.14878840744495392,-0.02160634659230709,0.013329654932022095
2948,31,22,1.0,1.0115067958831787,0,0,0.0,0.0,0.0,0.07669922709465027,-0.007090997416526079,7.339008152484894e-05
2949,31,23,1.0,1.0128129720687866,0,0,0.0,0.0,0.0,0.030344178900122643,0.02453862689435482,0.030602240934967995
2950,31,24,1.0,0.9764776229858398,0,0,0.0,0.0,0.0,-0.0084022656083107,0.1433536410331726,0.012260617688298225
2951,31,25,1.0,0.9772931337356567,0,0,0.0,0.0,0.0,-0.011950568296015263,0.17283610999584198,0.01155947893857956
2952,31,26,1.0,0.9804558753967285,0,0,0.0,0.0,0.0,-0.011340592056512833,0.1998957395553589,0.0059864940121769905
2953,31,27,1.0,0.9810808897018433,0,0,0.0,0.25,0.0,-0.011966686695814133,0.20080359280109406,0.005757576785981655
2954,31,28,1.0,0.9873983860015869,0,0,0.0,0.25,0.0,-0.004443381447345018,0.2630268335342407,0.010954558849334717
2955,31,29,1.0,0.9816538691520691,0,0,0.0,0.25,0.0,-0.0027372201438993216,0.2710709571838379,0.0105162113904953
2956,31,30,1.0,0.9812886714935303,0,0,0.0,0.25,0.0,-0.0021915649995207787,0.2734698951244354,0.004635527729988098
2957,31,31,1.0,0.9829784631729126,0,0,0.0,0.25,0.0,-0.0017661163583397865,0.2746151089668274,0.0023032203316688538
2958,31,32,1.0,0.98140949010849,0,0,0.0,0.25,0.0,-0.0011738055618479848,0.27295753359794617,0.00856243260204792
2959,31,33,1.0,0.9841586947441101,0,0,0.0,0.25,0.0,-0.0008147259941324592,0.27418094873428345,0.007488129660487175
2960,31,34,1.0,0.9882931709289551,0,0,0.0,0.25,0.0,0.0006026020273566246,0.268633097410202,0.012734895572066307
2961,31,35,1.0,0.9898906946182251,0,0,0.0,0.25,0.0,0.0008941954001784325,0.2729613184928894,0.01141430251300335
2962,31,36,1.0,0.9861130118370056,0,0,0.0,0.25,0.0,-0.00027761515229940414,0.2707865834236145,0.011130578815937042
2963,31,37,1.0,0.9968794584274292,0,0,0.0,0.25,0.0,-0.0002642301842570305,0.23817476630210876,0.0011831261217594147
2964,31,38,1.0,0.9831809401512146,0,0,0.0,0.0,0.0,0.00041246507316827774,0.1598357856273651,-0.008675780147314072
2965,31,39,1.0,0.9770070910453796,0,0,0.0,0.0,0.0,2.421438694000244e-07,0.07955170422792435,-0.001070006750524044
2966,31,40,1.0,0.9751417636871338,0,0,0.0,0.0,0.0,-4.756869748234749e-05,0.02554275467991829,-0.0025035832077264786
2967,31,41,1.0,0.9758191108703613,0,0,0.0,0.0,0.0,7.865903899073601e-05,0.00774869741871953,-0.0008723065257072449
2968,31,42,1.0,0.9769254326820374,0,0,0.0,0.0,0.0,0.0003934497945010662,-0.005317993462085724,0.0010011130943894386
2969,31,43,1.0,0.9769166111946106,0,0,0.0,0.0,0.0,0.00047623063437640667,-0.00797959789633751,0.0012666992843151093
2970,31,44,1.0,0.9774918556213379,0,0,0.0,0.0,0.0,-0.0005040341056883335,-0.010174991562962532,0.011534711346030235
2971,31,45,1.0,0.9774824380874634,0,0,0.0,0.25,0.0,-0.0005006856517866254,-0.010692530311644077,0.011573508381843567
2972,31,46,1.0,0.9746182560920715,0,0,0.0,0.0,0.0,-0.0005424879491329193,0.03039844147861004,0.028217526152729988
2973,31,47,1.0,0.9848092794418335,0,0,0.0,0.0,0.0,-0.000455595669336617,0.009374845772981644,-0.06976766884326935
2974,31,48,1.0,0.9935075044631958,0,0,0.0,0.0,0.0,0.000359582481905818,0.003602198790758848,-0.39414456486701965
2975,31,49,1.0,0.993632972240448,0,0,0.0,0.0,0.0,0.0006692828610539436,0.0028254608623683453,-0.4072663486003876
2976,31,50,1.0,0.9988124966621399,0,0,0.0,0.0,0.0,0.0010594299528747797,0.002556051127612591,-0.5031173825263977
2977,31,51,1.0,0.9986934065818787,0,0,0.0,0.0,0.0,0.0010493001900613308,0.002467100042849779,-0.5043272376060486
2978,31,52,1.0,0.9910229444503784,0,0,0.0,0.0,-0.5,0.0009576689917594194,0.0005934005603194237,-0.5266093015670776
2979,31,53,1.0,0.9889509677886963,0,0,0.0,0.0,-0.5,0.0002145254984498024,-0.0018364572897553444,-0.5281975865364075
2980,31,54,1.0,0.9858885407447815,0,0,0.0,0.0,-0.5,0.0008011180907487869,-0.001976500265300274,-0.5274335145950317
2981,31,55,1.0,0.9856476187705994,0,0,0.0,0.0,-0.5,0.00039946381002664566,-0.0015521482564508915,-0.5293509364128113
2982,31,56,1.0,0.985508143901825,0,0,0.0,0.0,-0.5,0.0019101002253592014,-0.002120204735547304,-0.5327338576316833
2983,31,57,1.0,0.9844636917114258,0,0,0.0,0.0,-0.5,0.0009787301532924175,-0.002480718307197094,-0.5292955636978149
2984,31,58,1.0,0.9949221611022949,0,0,0.0,0.0,-0.5,0.003736493643373251,-0.0009711147285997868,-0.5463173389434814
2985,31,59,1.0,1.0015347003936768,0,0,0.0,0.0,-0.5,0.0035037114284932613,-0.000326346984365955,-0.5493094325065613
2986,31,60,1.0,1.0024516582489014,0,0,0.0,0.0,-0.5,0.0029595759697258472,0.000284564564935863,-0.5448077917098999
2987,31,61,1.0,0.9859797358512878,0,0,0.0,0.0,-0.5,0.002321986947208643,0.0002546351170167327,-0.5394396781921387
2988,31,62,1.0,1.1374002695083618,0,0,0.0,0.0,-0.5,0.0008211191743612289,0.003244002815335989,-0.3231322765350342
2989,31,63,1.0,1.1586236953735352,0,0,0.0,0.0,0.0,0.00046719470992684364,0.002976612653583288,-0.30171990394592285
2990,31,64,1.0,1.8925390243530273,0,1,0.0,0.0,0.0,-0.0001839331816881895,-0.000709066167473793,0.008102919906377792
2991,31,65,1.0,1.8942798376083374,0,1,0.0,0.0,0.0,-0.00015942123718559742,-0.0007220677798613906,0.008686518296599388
2992,31,66,1.0,2.0187199115753174,0,1,0.0,0.0,0.0,-0.0015323660336434841,-0.00013033446157351136,0.016236841678619385
2993,31,67,2.0,2.0188746452331543,1,1,0.0,0.0,0.0,-0.0015186623204499483,-0.0001242601138073951,0.016252802684903145
2994,31,68,2.0,2.0640652179718018,1,1,0.0,0.0,0.0,3.966339863836765e-05,-0.0033526229672133923,0.0011365246027708054
2995,31,69,2.0,2.06264591217041,1,1,0.0,0.0,0.0,0.00020435219630599022,-0.002143035177141428,0.005165074951946735
2996,31,70,2.0,2.0718655586242676,1,1,0.0,0.0,0.0,0.00024527288042008877,-0.0017937226220965385,0.006234891712665558
2997,31,71,2.0,2.069915771484375,1,1,0.0,0.0,0.0,0.0003769646864384413,-0.002096731448546052,0.007048377767205238
2998,31,72,2.0,2.074214220046997,1,1,0.0,0.0,0.0,-6.322027184069157e-05,-0.00239757914096117,0.005681981332600117
2999,31,73,2.0,2.069277286529541,1,1,0.0,0.0,0.0,0.00011704675853252411,-0.001913930755108595,0.007918216288089752
3000,31,74,2.0,2.0802927017211914,1,1,0.0,0.0,0.0,0.0013489697594195604,-0.0023120814003050327,-0.0005503864958882332
3001,31,75,1.0,2.0749785900115967,0,1,0.0,0.0,0.0,0.002182318363338709,-0.00233942037448287,-0.002636128105223179
3002,31,76,1.0,1.2189990282058716,0,0,0.0,0.0,0.0,0.0034453128464519978,-0.0020162572618573904,0.2842709422111511
3003,31,77,1.0,1.4244391918182373,0,0,0.0,0.0,0.0,0.004658239893615246,-0.0030995323322713375,0.18355320394039154
3004,31,78,1.0,0.9921907782554626,0,0,0.0,0.0,0.0,0.0011774715967476368,-0.002542062196880579,0.5018501877784729
3005,31,79,1.0,0.9920085072517395,0,0,0.0,0.0,0.0,0.0011654498521238565,-0.0025195577181875706,0.5022358894348145
3006,31,80,1.0,0.9886747002601624,0,0,0.0,0.0,0.0,0.0011509677860885859,-0.0020159282721579075,0.5232903361320496
3007,31,81,1.0,0.9886281490325928,0,0,0.0,0.0,0.5,0.0011453526094555855,-0.002008067909628153,0.5233714580535889
3008,31,82,1.0,0.9854009747505188,0,0,0.0,0.0,0.5,0.000831477576866746,-0.0010129718575626612,0.5302278995513916
3009,31,83,1.0,0.9809337854385376,0,0,0.0,0.0,0.5,0.0009810577612370253,4.835572326555848e-05,0.5284102559089661
3010,31,84,1.0,0.9894521236419678,0,0,0.0,0.0,0.5,-0.000924221589230001,0.000434434216003865,0.5316237211227417
3011,31,85,1.0,0.98578941822052,0,0,0.0,0.0,0.5,-0.0001803527120500803,-0.00018405148875899613,0.5301101207733154
3012,31,86,1.0,0.9857636094093323,0,0,0.0,0.0,0.5,0.0003381725400686264,0.00041014543967321515,0.5290837287902832
3013,31,87,1.0,0.9859241843223572,0,0,0.0,0.0,0.5,0.0007739923894405365,-0.00023114366922527552,0.5290716886520386
3014,31,88,1.0,0.9866953492164612,0,0,0.0,0.0,0.5,-0.00014550588093698025,-0.0005608060164377093,0.5309814810752869
3015,31,89,1.0,0.9858947992324829,0,0,0.0,0.0,0.5,0.001383074326440692,0.000965919578447938,0.5273316502571106
3016,31,90,1.0,0.9872873425483704,0,0,0.0,0.0,0.5,-1.3964250683784485e-05,0.0008110655471682549,0.5279046297073364
3017,32,0,1.0,0.99825119972229,0,0,0.0,0.0,0.0,0.03558366000652313,-0.011043110862374306,0.007845956832170486
3018,32,1,1.0,0.9941739439964294,0,0,0.0,0.0,0.0,0.029154663905501366,-0.011262143030762672,0.001160704530775547
3019,32,2,1.0,0.9951066374778748,0,0,0.0,0.0,0.0,0.029464194551110268,-0.0070548453368246555,0.016000665724277496
3020,32,3,1.0,0.9954246282577515,0,0,0.0,0.0,0.0,0.031125688925385475,-0.007288887165486813,0.017219899222254753
3021,32,4,1.0,0.9894117712974548,0,0,0.0,0.0,0.0,0.012741767801344395,-0.0066089993342757225,0.011700697243213654
3022,32,5,1.0,0.989475667476654,0,0,0.0,0.0,0.0,0.013285938650369644,-0.0066812122240662575,0.012114915996789932
3023,32,6,1.0,0.9856290817260742,0,0,0.0,0.0,0.0,-0.139007568359375,0.0026827403344213963,0.0017366232350468636
3024,32,7,1.0,0.9855982661247253,0,0,0.0,0.0,0.0,-0.13888920843601227,0.0026816907338798046,0.0018872078508138657
3025,32,8,1.0,0.9879732131958008,0,0,0.0,0.0,0.0,-0.1400156319141388,0.002720918506383896,-0.0004638964310288429
3026,32,9,1.0,0.9879675507545471,0,0,-0.25,0.0,0.0,-0.1399928331375122,0.0027187084779143333,-0.0004280209541320801
3027,32,10,1.0,0.9982207417488098,0,0,-0.25,0.0,0.0,-0.26742637157440186,-0.003741532564163208,-0.013147899881005287
3028,32,11,1.0,0.9998464584350586,0,0,-0.25,0.0,0.0,-0.2695253789424896,-0.0030939425341784954,-0.012074640952050686
3029,32,12,1.0,1.0004910230636597,0,0,-0.25,0.0,0.0,-0.26999685168266296,-0.0013813183177262545,-0.014597254805266857
3030,32,13,1.0,1.000969648361206,0,0,-0.25,0.0,0.0,-0.27089112997055054,-0.001470288960263133,-0.01728588528931141
3031,32,14,1.0,0.9984630942344666,0,0,-0.25,0.0,0.0,-0.26974624395370483,0.000602364307269454,-0.017473366111516953
3032,32,15,1.0,1.0005502700805664,0,0,-0.25,0.0,0.0,-0.2697511911392212,0.00015615636948496103,-0.0215490460395813
3033,32,16,1.0,0.9967504739761353,0,0,-0.25,0.0,0.0,-0.26755914092063904,0.0005104611627757549,-0.01749565824866295
3034,32,17,1.0,0.9944661259651184,0,0,-0.25,0.0,0.0,-0.26753681898117065,0.0002343143569305539,-0.009134856052696705
3035,32,18,1.0,0.9933436512947083,0,0,-0.25,0.0,0.0,-0.26796215772628784,-0.0009368264582008123,-0.0043496848084032536
3036,32,19,1.0,0.9921171069145203,0,0,-0.25,0.0,0.0,-0.26934680342674255,-0.00181258050724864,-0.0020286422222852707
3037,32,20,1.0,0.9971351623535156,0,0,-0.25,0.0,0.0,-0.27645984292030334,-1.4842255041003227e-05,0.004114998504519463
3038,32,21,1.0,0.999481737613678,0,0,-0.25,0.0,0.0,-0.27345073223114014,0.0008848576107993722,0.014755290001630783
3039,32,22,1.0,1.001638412475586,0,0,-0.25,0.0,0.0,-0.22044265270233154,0.007805082481354475,0.014477495104074478
3040,32,23,1.0,1.0019606351852417,0,0,-0.25,0.0,0.0,-0.14855733513832092,0.012513238936662674,0.011182980611920357
3041,32,24,1.0,1.0198607444763184,0,0,0.0,0.0,0.0,-0.07413826137781143,0.008562445640563965,-0.0003665313124656677
3042,32,25,1.0,1.0092298984527588,0,0,0.0,0.0,0.0,-0.0013322464656084776,0.005822381936013699,-0.010721482336521149
3043,32,26,1.0,0.9846104979515076,0,0,0.0,0.0,0.0,0.00934563297778368,-0.13007459044456482,0.004212304018437862
3044,32,27,1.0,0.9798322319984436,0,0,0.0,0.0,0.0,0.016813380643725395,-0.1414097398519516,0.004491557367146015
3045,32,28,1.0,0.9857012033462524,0,0,0.0,0.0,0.0,0.0049211448058485985,-0.24852822721004486,0.014873113483190536
3046,32,29,1.0,0.9856894016265869,0,0,0.0,0.0,0.0,0.0051872022449970245,-0.24849902093410492,0.01483219675719738
3047,32,30,1.0,0.9837746620178223,0,0,0.0,-0.25,0.0,0.003938490990549326,-0.26926785707473755,0.013263024389743805
3048,32,31,1.0,0.9799879789352417,0,0,0.0,-0.25,0.0,0.0021031848154962063,-0.27372533082962036,0.005558349192142487
3049,32,32,1.0,0.9827983975410461,0,0,0.0,-0.25,0.0,0.00292283296585083,-0.2789716124534607,0.0032089129090309143
3050,32,33,1.0,0.9836198091506958,0,0,0.0,-0.25,0.0,0.001316811889410019,-0.27659010887145996,0.0027994252741336823
3051,32,34,1.0,0.985917866230011,0,0,0.0,-0.25,0.0,0.001601566094905138,-0.27630162239074707,0.004399768076837063
3052,32,35,1.0,0.98563152551651,0,0,0.0,-0.25,0.0,0.0008836074266582727,-0.27764973044395447,0.0023626983165740967
3053,32,36,1.0,0.9886072874069214,0,0,0.0,-0.25,0.0,0.00019205757416784763,-0.28026437759399414,0.005381998606026173
3054,32,37,1.0,0.9892154932022095,0,0,0.0,-0.25,0.0,0.0011143703013658524,-0.2802647054195404,0.004267960786819458
3055,32,38,1.0,0.9954260587692261,0,0,0.0,-0.25,0.0,0.002329770475625992,-0.2824621796607971,0.004369970411062241
3056,32,39,1.0,0.9977782368659973,0,0,0.0,-0.25,0.0,0.002258509863168001,-0.2807222306728363,-0.002559997607022524
3057,32,40,1.0,0.9881910085678101,0,0,0.0,0.0,0.0,0.0024915914982557297,-0.21031635999679565,-0.0049463012255728245
3058,32,41,1.0,0.9855074286460876,0,0,0.0,0.0,0.0,0.0002249712124466896,-0.06144443899393082,-0.004893837962299585
3059,32,42,1.0,0.9887717366218567,0,0,0.0,0.0,0.0,0.0002284971997141838,-0.03241352736949921,-0.01863691955804825
3060,32,43,1.0,0.988844096660614,0,0,0.0,0.0,0.0,0.00022507831454277039,-0.02716786414384842,-0.018857622519135475
3061,32,44,1.0,0.9849383234977722,0,0,0.0,0.0,0.0,0.001221120124682784,-0.028183532878756523,-0.014643496833741665
3062,32,45,1.0,0.9848436117172241,0,0,0.0,0.0,0.0,0.0012276503257453442,-0.026969250291585922,-0.014643395319581032
3063,32,46,1.0,0.9809336066246033,0,0,0.0,-0.25,0.0,0.001148175448179245,-0.030261043459177017,-0.010883428156375885
3064,32,47,1.0,0.9826362133026123,0,0,0.0,0.0,0.0,0.0019196094945073128,-0.05136191099882126,-0.0034033022820949554
3065,32,48,1.0,0.9777854681015015,0,0,0.0,0.0,0.0,0.0011293208226561546,-0.009539488703012466,0.0033242879435420036
3066,32,49,1.0,0.9789509773254395,0,0,0.0,0.0,0.0,0.0014357082545757294,-0.007281859405338764,0.001086704432964325
3067,32,50,1.0,0.989464282989502,0,0,0.0,0.0,0.0,0.0022399374283850193,0.0011816793121397495,-0.10587187111377716
3068,32,51,1.0,0.9893897175788879,0,0,0.0,0.0,0.0,0.0022320840507745743,0.0015555418794974685,-0.10582054406404495
3069,32,52,1.0,0.9977037310600281,0,0,0.0,0.0,0.0,0.0007920544594526291,0.0013037992175668478,-0.3183727264404297
3070,32,53,1.0,0.99769526720047,0,0,0.0,0.0,0.0,0.0007913848385214806,0.001329500344581902,-0.31835049390792847
3071,32,54,1.0,1.0021276473999023,0,0,0.0,0.0,-0.5,0.0005052669439464808,0.0013811994576826692,-0.4130210876464844
3072,32,55,1.0,0.99446702003479,0,0,0.0,0.0,-0.5,-0.00018267985433340073,0.00010973733151331544,-0.53623366355896
3073,32,56,1.0,0.9869820475578308,0,0,0.0,0.0,-0.5,0.0001581767573952675,-0.0010133660398423672,-0.5318725109100342
3074,32,57,1.0,0.9847403168678284,0,0,0.0,0.0,-0.5,0.0005279274191707373,-0.0015875129029154778,-0.5314508080482483
3075,32,58,1.0,0.985698938369751,0,0,0.0,0.0,-0.5,0.0006637931801378727,-0.0012037765700370073,-0.5291654467582703
3076,32,59,1.0,0.982866108417511,0,0,0.0,0.0,-0.5,0.0004305357579141855,-0.0018580997129902244,-0.5281016230583191
3077,32,60,1.0,0.9928038716316223,0,0,0.0,0.0,-0.5,-0.0006102996412664652,-0.0017463810509070754,-0.5353687405586243
3078,32,61,1.0,0.9898403286933899,0,0,0.0,0.0,-0.5,0.0003170918207615614,-0.002501713577657938,-0.5371163487434387
3079,32,62,1.0,0.9967944622039795,0,0,0.0,0.0,-0.5,0.001380297588184476,0.00035256374394521117,-0.5428406000137329
3080,32,63,1.0,0.9939348101615906,0,0,0.0,0.0,-0.5,0.002198276109993458,0.00032991188345476985,-0.5541449189186096
3081,32,64,1.0,0.9946712851524353,0,0,0.0,0.0,-0.5,0.0021482063457369804,0.00066589773632586,-0.5481421947479248
3082,32,65,1.0,0.9777604341506958,0,0,0.0,0.0,-0.5,0.0030378615483641624,0.0008295231964439154,-0.5259722471237183
3083,32,66,1.0,1.0062134265899658,0,0,0.0,0.0,0.0,0.0013514789752662182,-0.0011467875447124243,-0.35072219371795654
3084,32,67,1.0,1.0201829671859741,0,0,0.0,0.0,0.0,0.0008186381310224533,-0.0010627619922161102,-0.33618777990341187
3085,32,68,1.0,1.9784647226333618,0,1,0.0,0.0,0.0,0.0009295549243688583,0.0001210930640809238,0.01514282263815403
3086,32,69,1.0,1.9780175685882568,0,1,0.0,0.0,0.0,0.0006425806786864996,-0.0001794644631445408,0.01384413056075573
3087,32,70,1.0,2.054666519165039,0,1,0.0,0.0,0.0,-0.0010649895993992686,0.001002895412966609,0.00564366951584816
3088,32,71,1.0,2.051379442214966,0,1,0.0,0.0,0.0,-0.00048468296881765127,0.0018364401767030358,0.0060169873759150505
3089,32,72,2.0,2.0250236988067627,1,1,0.0,0.0,0.0,0.0001531001180410385,0.0017195678083226085,0.010161535814404488
3090,32,73,2.0,2.060029983520508,1,1,0.0,0.0,0.0,0.001041174866259098,-0.002498315181583166,0.002717399038374424
3091,32,74,2.0,2.0776803493499756,1,1,0.0,0.0,0.0,0.0008333355654031038,-0.003934141714125872,-0.0025776331312954426
3092,32,75,2.0,2.067403793334961,1,1,0.0,0.0,0.0,0.000747911399230361,-0.0021995254792273045,0.006381937302649021
3093,32,76,2.0,2.0806641578674316,1,1,0.0,0.0,0.0,0.0013194326311349869,-0.0037497663870453835,0.006600407883524895
3094,32,77,2.0,2.08166766166687,1,1,0.0,0.0,0.0,0.0017246203497052193,-0.0041665504686534405,0.003903689794242382
3095,32,78,2.0,1.3654921054840088,1,0,0.0,0.0,0.0,0.002634422853589058,0.0003110365942120552,0.24764345586299896
3096,32,79,1.0,1.3635303974151611,0,0,0.0,0.0,0.0,0.0025035329163074493,0.00021820084657520056,0.24827204644680023
3097,32,80,1.0,1.2985321283340454,0,0,0.0,0.0,0.0,0.00031894235871732235,-0.001067655859515071,0.2673792541027069
3098,32,81,1.0,1.337294578552246,0,0,0.0,0.0,0.0,0.0014794415328651667,-0.0006652718875557184,0.24599714577198029
3099,32,82,1.0,1.0367323160171509,0,0,0.0,0.0,0.0,-0.0002864939160645008,-0.0030576111748814583,0.4607372283935547
3100,32,83,1.0,1.0395750999450684,0,0,0.0,0.0,0.0,-0.0006439551943913102,-0.0032215947285294533,0.45830851793289185
3101,32,84,1.0,1.0955438613891602,0,0,0.0,0.0,0.0,7.979804649949074e-05,-0.0034287050366401672,0.40471151471138
3102,32,85,1.0,1.0580940246582031,0,0,0.0,0.0,0.0,0.0012948289513587952,-0.0028352858498692513,0.4389761686325073
3103,32,86,1.0,1.0058103799819946,0,0,0.0,0.0,0.5,1.6501406207680702e-05,-0.003059860784560442,0.5119990706443787
3104,32,87,1.0,0.9985148310661316,0,0,0.0,0.0,0.5,-0.0007495825411751866,-0.0026747379451990128,0.5225164294242859
3105,32,88,1.0,0.9902519583702087,0,0,0.0,0.0,0.5,-0.002141802106052637,-0.0020075528882443905,0.5273128151893616
3106,32,89,1.0,0.9882354140281677,0,0,0.0,0.0,0.5,-0.002099939389154315,-0.0010363052133470774,0.530045747756958
3107,32,90,1.0,0.9905617237091064,0,0,0.0,0.0,0.5,-0.000610397313721478,-0.00153286790009588,0.5313971042633057
3108,32,91,1.0,0.9949598908424377,0,0,0.0,0.0,0.5,-0.0007707150653004646,-0.0014068358577787876,0.5318272113800049
3109,32,92,1.0,0.9923925399780273,0,0,0.0,0.0,0.5,-0.0007654366781935096,-0.0021268120035529137,0.5311872959136963
3110,32,93,1.0,0.9871511459350586,0,0,0.0,0.0,0.5,-0.0002619689330458641,-0.001057992223650217,0.5300868153572083
3111,32,94,1.0,0.9861246943473816,0,0,0.0,0.0,0.5,-0.0002543975133448839,-0.0007496862672269344,0.5291957855224609
3112,32,95,1.0,0.983688473701477,0,0,0.0,0.0,0.5,0.0004961483646184206,-0.0012906547635793686,0.5310242772102356
3113,33,0,1.0,0.9984477758407593,0,0,0.0,0.0,0.0,0.03382162004709244,-0.003323734737932682,0.013620691373944283
3114,33,1,1.0,0.9938330054283142,0,0,0.0,0.0,0.0,0.02619434893131256,-0.0026293531991541386,0.008446123450994492
3115,33,2,1.0,0.9999430179595947,0,0,0.0,0.0,0.0,0.028735851868987083,0.0013116092886775732,0.02042638324201107
3116,33,3,1.0,1.000436544418335,0,0,0.0,0.0,0.0,0.03072676621377468,0.0011613511014729738,0.021831993013620377
3117,33,4,1.0,0.9998560547828674,0,0,0.0,0.0,0.0,0.010120765306055546,-6.582975038327277e-05,0.013130726292729378
3118,33,5,1.0,1.0000160932540894,0,0,0.0,0.0,0.0,0.010949736461043358,-0.00010727535118348897,0.01363682933151722
3119,33,6,1.0,0.9949873685836792,0,0,0.0,0.0,0.0,-0.1615809202194214,4.711485235020518e-05,-0.002365791704505682
3120,33,7,1.0,0.9949700832366943,0,0,0.0,0.0,0.0,-0.1614898145198822,4.195328801870346e-05,-0.002268455922603607
3121,33,8,1.0,0.9946382641792297,0,0,0.0,0.0,0.0,-0.1811942309141159,-0.0009922274621203542,-0.0027659740298986435
3122,33,9,1.0,0.9946383237838745,0,0,0.0,0.0,0.0,-0.18118038773536682,-0.0009926415514200926,-0.0027375821955502033
3123,33,10,1.0,0.9943618774414062,0,0,0.0,0.0,0.0,-0.19716745615005493,-0.0002998564741574228,-0.008318147622048855
3124,33,11,1.0,0.9943615794181824,0,0,-0.25,0.0,0.0,-0.1971656084060669,-0.0003002236771862954,-0.008311943151056767
3125,33,12,1.0,0.994171142578125,0,0,-0.25,0.0,0.0,-0.26903611421585083,-0.0020173846278339624,-0.013040753081440926
3126,33,13,1.0,0.9944185614585876,0,0,-0.25,0.0,0.0,-0.27004045248031616,-0.0014304365031421185,-0.01116962544620037
3127,33,14,1.0,0.9920151829719543,0,0,-0.25,0.0,0.0,-0.26990917325019836,0.0003459783038124442,-0.0064560044556856155
3128,33,15,1.0,0.9954270124435425,0,0,-0.25,0.0,0.0,-0.26887643337249756,-0.0004054994788020849,-0.007475489750504494
3129,33,16,1.0,0.9981626272201538,0,0,-0.25,0.0,0.0,-0.27028608322143555,-8.403134415857494e-05,-0.010763285681605339
3130,33,17,1.0,0.9990535378456116,0,0,-0.25,0.0,0.0,-0.27075886726379395,0.00018316478235647082,-0.00773626659065485
3131,33,18,1.0,0.9980146288871765,0,0,-0.25,0.0,0.0,-0.26951470971107483,0.001255410141311586,-0.005466470494866371
3132,33,19,1.0,0.9958123564720154,0,0,-0.25,0.0,0.0,-0.267993301153183,-0.00011469869059510529,-0.0024632224813103676
3133,33,20,1.0,0.9946300983428955,0,0,-0.25,0.0,0.0,-0.26904717087745667,-0.0002732126449700445,0.004594527184963226
3134,33,21,1.0,0.9916418790817261,0,0,-0.25,0.0,0.0,-0.2693112790584564,0.00041112821782007813,0.00890854187309742
3135,33,22,1.0,0.9928803443908691,0,0,-0.25,0.0,0.0,-0.28024816513061523,0.003889987710863352,0.010747695341706276
3136,33,23,1.0,0.991265058517456,0,0,-0.25,0.0,0.0,-0.27590835094451904,0.004797671921551228,0.012564929202198982
3137,33,24,1.0,0.9900349378585815,0,0,-0.25,0.0,0.0,-0.23324428498744965,-0.00011893577175214887,0.010886769741773605
3138,33,25,1.0,0.972220242023468,0,0,0.0,0.0,0.0,-0.134999081492424,-0.016496378928422928,0.010198883712291718
3139,33,26,1.0,0.9802670478820801,0,0,0.0,0.0,0.0,-0.0159006230533123,-0.04540547356009483,-0.011945082806050777
3140,33,27,1.0,0.9854514598846436,0,0,0.0,0.0,0.0,0.019518056884407997,-0.046009361743927,-0.007786128669977188
3141,33,28,1.0,0.9870014786720276,0,0,0.0,0.0,0.0,0.007774610072374344,0.0739751085639,-0.008560026064515114
3142,33,29,1.0,0.98857581615448,0,0,0.0,0.0,0.0,0.010094748809933662,0.07377014309167862,-0.009410150349140167
3143,33,30,1.0,0.9810588955879211,0,0,0.0,0.0,0.0,0.00192542327567935,0.19176845252513885,-0.0006328579038381577
3144,33,31,1.0,0.9810503125190735,0,0,0.0,0.0,0.0,0.002011360600590706,0.1917349100112915,-0.0006605973467230797
3145,33,32,1.0,0.9792721271514893,0,0,0.0,0.25,0.0,0.0009090458042919636,0.22323720157146454,0.0017605321481823921
3146,33,33,1.0,0.9863287806510925,0,0,0.0,0.25,0.0,-0.0007926810067147017,0.26938632130622864,0.01038939319550991
3147,33,34,1.0,0.9845693111419678,0,0,0.0,0.25,0.0,-0.0012345428112894297,0.27011436223983765,0.009733494371175766
3148,33,35,1.0,0.9826529026031494,0,0,0.0,0.25,0.0,-0.0005978980334475636,0.2747976779937744,0.00225843396037817
3149,33,36,1.0,0.9820797443389893,0,0,0.0,0.25,0.0,-0.00038970750756561756,0.2761833965778351,0.0022894395515322685
3150,33,37,1.0,0.9784882664680481,0,0,0.0,0.25,0.0,-0.0004148922162130475,0.2742021977901459,0.0036134878173470497
3151,33,38,1.0,0.981956958770752,0,0,0.0,0.25,0.0,-0.0007637179223820567,0.2767343521118164,0.004498636350035667
3152,33,39,1.0,0.9883482456207275,0,0,0.0,0.25,0.0,-7.836963050067425e-05,0.2708943486213684,0.007290942594408989
3153,33,40,1.0,0.9878900051116943,0,0,0.0,0.25,0.0,0.0009895842522382736,0.2516874074935913,0.0062787411734461784
3154,33,41,1.0,0.9864863157272339,0,0,0.0,0.25,0.0,0.00175154535099864,0.19176620244979858,0.0003665788099169731
3155,33,42,1.0,0.9889117479324341,0,0,0.0,0.0,0.0,0.0023949998430907726,0.10324776917695999,-0.0008145244792103767
3156,33,43,1.0,0.9941041469573975,0,0,0.0,0.0,0.0,0.0014678407460451126,0.02337448112666607,-0.011431415565311909
3157,33,44,1.0,0.9792488813400269,0,0,0.0,0.0,0.0,0.0011719439644366503,0.010758132673799992,-0.016855165362358093
3158,33,45,1.0,0.9785820245742798,0,0,0.0,0.0,0.0,0.0013556156773120165,-0.0008904244168661535,-0.016183190047740936
3159,33,46,1.0,0.9750899076461792,0,0,0.0,0.0,0.0,0.00022199517115950584,0.006897216197103262,-0.002974544186145067
3160,33,47,1.0,0.9751206636428833,0,0,0.0,0.0,0.0,0.00022285268642008305,0.0060904729180037975,-0.0030313064344227314
3161,33,48,1.0,0.9748271703720093,0,0,0.0,0.0,0.0,-9.255297482013702e-05,0.006742131896317005,-0.001035463996231556
3162,33,49,1.0,0.9748337864875793,0,0,0.0,0.25,0.0,-9.064585901796818e-05,0.006613826844841242,-0.0010610315948724747
3163,33,50,1.0,0.9753953218460083,0,0,0.0,0.0,0.0,-0.0007028564577922225,0.026012202724814415,0.03606700897216797
3164,33,51,1.0,0.972996175289154,0,0,0.0,0.0,0.0,-0.0006086512003093958,0.013449019752442837,0.039572201669216156
3165,33,52,1.0,0.9836385250091553,0,0,0.0,0.0,0.0,8.060690015554428e-05,0.004503345116972923,-0.05242524296045303
3166,33,53,1.0,0.9868952631950378,0,0,0.0,0.0,0.0,0.00030159763991832733,0.003170580603182316,-0.09173935651779175
3167,33,54,1.0,0.9934767484664917,0,0,0.0,0.0,0.0,0.0006832110229879618,0.0025363019667565823,-0.24205467104911804
3168,33,55,1.0,0.9936693906784058,0,0,0.0,0.0,0.0,0.0006571179255843163,0.0024379664100706577,-0.24479557573795319
3169,33,56,1.0,0.9977770447731018,0,0,0.0,0.0,0.0,2.462160773575306e-05,0.003552359063178301,-0.37150242924690247
3170,33,57,1.0,0.997805655002594,0,0,0.0,0.0,-0.5,2.128281630575657e-05,0.0035477038472890854,-0.37193024158477783
3171,33,58,1.0,0.9942055344581604,0,0,0.0,0.0,-0.5,0.0006112649571150541,-0.0015730074374005198,-0.5350667834281921
3172,33,59,1.0,0.9867798686027527,0,0,0.0,0.0,-0.5,0.00026811915449798107,-0.0016955597093328834,-0.5306199789047241
3173,33,60,1.0,0.9848440289497375,0,0,0.0,0.0,-0.5,0.0004978433717042208,-0.0017338893376290798,-0.527575671672821
3174,33,61,1.0,0.9837497472763062,0,0,0.0,0.0,-0.5,0.0010611070320010185,-0.0008836709894239902,-0.5282005071640015
3175,33,62,1.0,0.983661413192749,0,0,0.0,0.0,-0.5,0.001310096587985754,-0.001360046211630106,-0.5356507301330566
3176,33,63,1.0,0.9842485785484314,0,0,0.0,0.0,-0.5,0.0007417663000524044,-0.0012557698646560311,-0.5339298248291016
3177,33,64,1.0,0.9966356754302979,0,0,0.0,0.0,-0.5,0.0011936977971345186,-0.0004804380005225539,-0.5456379055976868
3178,33,65,1.0,1.0008544921875,0,0,0.0,0.0,-0.5,0.0017662695609033108,-0.0008389395661652088,-0.5453059077262878
3179,33,66,1.0,1.0046404600143433,0,0,0.0,0.0,-0.5,0.002857751678675413,-0.00021548577933572233,-0.5446510314941406
3180,33,67,1.0,0.9990386962890625,0,0,0.0,0.0,-0.5,0.0031914683058857918,-0.0001975934428628534,-0.5443806052207947
3181,33,68,1.0,0.9685121774673462,0,0,0.0,0.0,0.0,0.0027543678879737854,-8.869875455275178e-05,-0.5150529146194458
3182,33,69,1.0,0.9649456143379211,0,0,0.0,0.0,0.0,0.0026297816075384617,-0.0003230256261304021,-0.5083816647529602
3183,33,70,1.0,1.515188455581665,0,1,0.0,0.0,0.0,-0.0012380871921777725,0.001658783876337111,-0.10070227831602097
3184,33,71,1.0,1.5293965339660645,0,1,0.0,0.0,0.0,-0.001222716411575675,0.001343241543509066,-0.09277341514825821
3185,33,72,1.0,2.0284039974212646,0,1,0.0,0.0,0.0,-0.0021334257908165455,0.0005722047062590718,0.01066700927913189
3186,33,73,2.0,2.02880859375,1,1,0.0,0.0,0.0,-0.002107490785419941,0.0005684103816747665,0.01064695231616497
3187,33,74,2.0,2.0625782012939453,1,1,0.0,0.0,0.0,0.0003916514106094837,-0.0022288698237389326,0.004066244699060917
3188,33,75,2.0,2.0595784187316895,1,1,0.0,0.0,0.0,0.00040823244489729404,-0.003548775799572468,0.003920798189938068
3189,33,76,2.0,2.0553367137908936,1,1,0.0,0.0,0.0,0.00032296357676386833,-0.0013627293519675732,0.0037587936967611313
3190,33,77,2.0,2.0623178482055664,1,1,0.0,0.0,0.0,-0.0009335771901533008,-0.0018703562673181295,0.01505005732178688
3191,33,78,2.0,2.077704906463623,1,1,0.0,0.0,0.0,0.0006823251023888588,-0.003110293298959732,0.006945187225937843
3192,33,79,2.0,2.0748841762542725,1,1,0.0,0.0,0.0,0.000648754183202982,-0.003182778600603342,0.005257380194962025
3193,33,80,2.0,2.079228639602661,1,1,0.0,0.0,0.0,0.0019659586250782013,-0.0031417207792401314,0.0005232738330960274
3194,33,81,1.0,2.078984260559082,0,1,0.0,0.0,0.0,0.0019560731016099453,-0.003198161255568266,0.0003741225227713585
3195,33,82,1.0,1.0061677694320679,0,0,0.0,0.0,0.0,-8.489820174872875e-05,-0.003696040716022253,0.4939420521259308
3196,33,83,1.0,1.0058791637420654,0,0,0.0,0.0,0.0,-7.732119411230087e-05,-0.003681120928376913,0.49432632327079773
3197,33,84,1.0,0.9958369135856628,0,0,0.0,0.0,0.0,-0.0002420495729893446,-0.0034632645547389984,0.529548704624176
3198,33,85,1.0,0.9957770109176636,0,0,0.0,0.0,0.0,-0.00023473287001252174,-0.0034583667293190956,0.529569685459137
3199,33,86,1.0,0.9967674612998962,0,0,0.0,0.0,0.0,-0.0005319550400599837,-0.00361733790487051,0.524937629699707
3200,33,87,1.0,0.9967288970947266,0,0,0.0,0.0,0.5,-0.0005275543080642819,-0.003614941146224737,0.5249587297439575
3201,33,88,1.0,0.9850862622261047,0,0,0.0,0.0,0.5,4.3407315388321877e-05,-0.0012171580456197262,0.5325376391410828
3202,33,89,1.0,0.9899500012397766,0,0,0.0,0.0,0.5,-0.0007967465789988637,-0.0005095506203360856,0.5330474972724915
3203,33,90,1.0,0.9896045923233032,0,0,0.0,0.0,0.5,-0.000953824957832694,-0.000962932885158807,0.5294702053070068
3204,33,91,1.0,0.9888400435447693,0,0,0.0,0.0,0.5,-0.0008566483156755567,-0.0007284795283339918,0.5296269059181213
3205,33,92,1.0,0.9894543886184692,0,0,0.0,0.0,0.5,-0.000544911134056747,-0.001232503680512309,0.5274512767791748
3206,33,93,1.0,0.9892213940620422,0,0,0.0,0.0,0.5,-0.000660667777992785,-0.0017705645877867937,0.5277729630470276
3207,33,94,1.0,0.9896448850631714,0,0,0.0,0.0,0.5,-0.001013563945889473,-0.0029060915112495422,0.5308120250701904
3208,33,95,1.0,0.9890779852867126,0,0,0.0,0.0,0.5,-0.0010757906129583716,-0.0015961694298312068,0.532028317451477
3209,33,96,1.0,0.9931896328926086,0,0,0.0,0.0,0.5,-0.0008612176170572639,-0.0012105817440897226,0.5331242680549622
3210,34,0,1.0,0.9869522452354431,0,0,0.0,0.0,0.0,-0.01414947584271431,-0.003427056595683098,0.015208564698696136
3211,34,1,1.0,0.988518476486206,0,0,0.0,0.0,0.0,-0.02125784382224083,-0.0011887839064002037,0.008142141625285149
3212,34,2,1.0,0.9898659586906433,0,0,0.0,0.0,0.0,-0.02513958141207695,0.0007290494395419955,0.0036444934085011482
3213,34,3,1.0,0.9898680448532104,0,0,0.0,0.0,0.0,-0.02336878888309002,0.0003751710173673928,0.004692270420491695
3214,34,4,1.0,0.9950075149536133,0,0,0.0,0.0,0.0,0.008364345878362656,0.0041499994695186615,-0.02097415179014206
3215,34,5,1.0,0.9950171113014221,0,0,0.0,0.0,0.0,0.009152589365839958,0.004068638198077679,-0.020386438816785812
3216,34,6,1.0,0.990033745765686,0,0,0.0,0.0,0.0,0.21020184457302094,-0.0031584701500833035,-0.024244196712970734
3217,34,7,1.0,0.99001145362854,0,0,0.0,0.0,0.0,0.21042631566524506,-0.003149949014186859,-0.024067871272563934
3218,34,8,1.0,0.9852414131164551,0,0,0.0,0.0,0.0,0.25095200538635254,-0.0031656473875045776,-0.01139012910425663
3219,34,9,1.0,0.985226035118103,0,0,0.0,0.0,0.0,0.25096604228019714,-0.0031594596803188324,-0.01137603260576725
3220,34,10,1.0,0.9859375953674316,0,0,0.25,0.0,0.0,0.25994816422462463,-0.0023451498709619045,-0.007983613759279251
3221,34,11,1.0,0.9884366393089294,0,0,0.25,0.0,0.0,0.2694728374481201,-0.0013694377848878503,0.0015962673351168633
3222,34,12,1.0,0.9843698143959045,0,0,0.25,0.0,0.0,0.2711191773414612,-0.002496527973562479,0.005914656445384026
3223,34,13,1.0,0.9825257062911987,0,0,0.25,0.0,0.0,0.27212533354759216,-0.0021586506627500057,0.010059453547000885
3224,34,14,1.0,0.9839289784431458,0,0,0.25,0.0,0.0,0.27127763628959656,-0.0005997850676067173,0.012344174087047577
3225,34,15,1.0,0.9822556972503662,0,0,0.25,0.0,0.0,0.2725710868835449,-0.0009813144570216537,0.007223749533295631
3226,34,16,1.0,0.9833265542984009,0,0,0.25,0.0,0.0,0.27284225821495056,-0.00099437206517905,0.006371121853590012
3227,34,17,1.0,0.9888352751731873,0,0,0.25,0.0,0.0,0.2717994749546051,-0.0003789155452977866,0.003125907853245735
3228,34,18,1.0,0.9877073168754578,0,0,0.25,0.0,0.0,0.27456846833229065,-0.0009714418556541204,-0.0032072640024125576
3229,34,19,1.0,0.993393063545227,0,0,0.25,0.0,0.0,0.277727872133255,-0.0018979365704581141,-0.0072760265320539474
3230,34,20,1.0,0.9908504486083984,0,0,0.25,0.0,0.0,0.28132742643356323,-0.003959693945944309,-0.005089066922664642
3231,34,21,1.0,0.988749086856842,0,0,0.25,0.0,0.0,0.2746383249759674,-0.004276828374713659,0.009645059704780579
3232,34,22,1.0,0.9870038032531738,0,0,0.25,0.0,0.0,0.1884322166442871,-0.006179687567055225,0.003563142381608486
3233,34,23,1.0,0.9944474101066589,0,0,0.0,0.0,0.0,0.1318674087524414,0.004450214561074972,-0.01541289035230875
3234,34,24,1.0,0.9995800852775574,0,0,0.0,0.0,0.0,0.04174604266881943,0.008420472033321857,-0.004108620807528496
3235,34,25,1.0,1.0032131671905518,0,0,0.0,0.0,0.0,0.006581840105354786,0.006416566204279661,-0.007186384871602058
3236,34,26,1.0,1.0191160440444946,0,0,0.0,0.0,0.0,-0.017538653686642647,-0.04163406789302826,-0.0023174132220447063
3237,34,27,1.0,1.0189306735992432,0,0,0.0,0.0,0.0,-0.021255552768707275,-0.041878338903188705,-0.0023182635195553303
3238,34,28,1.0,0.9895546436309814,0,0,0.0,0.0,0.0,0.0003122626803815365,-0.22608351707458496,0.010826703161001205
3239,34,29,1.0,0.9895257353782654,0,0,0.0,0.0,0.0,0.00014803791418671608,-0.22617849707603455,0.010756049305200577
3240,34,30,1.0,0.9826012849807739,0,0,0.0,-0.25,0.0,0.0022001266479492188,-0.2564869821071625,0.0021488862112164497
3241,34,31,1.0,0.9747028350830078,0,0,0.0,-0.25,0.0,0.0023592286743223667,-0.26791536808013916,0.0017712116241455078
3242,34,32,1.0,0.9799587726593018,0,0,0.0,-0.25,0.0,0.002675652503967285,-0.27328357100486755,-0.002997735980898142
3243,34,33,1.0,0.9829065799713135,0,0,0.0,-0.25,0.0,0.002523388247936964,-0.27706602215766907,-0.0005586529150605202
3244,34,34,1.0,0.9832724332809448,0,0,0.0,-0.25,0.0,0.003918482456356287,-0.2731969654560089,-0.000454888679087162
3245,34,35,1.0,0.9873483180999756,0,0,0.0,-0.25,0.0,0.003348652273416519,-0.27434730529785156,0.0026412326842546463
3246,34,36,1.0,0.9873313307762146,0,0,0.0,-0.25,0.0,0.0026820669881999493,-0.2716890573501587,0.006749369204044342
3247,34,37,1.0,0.9861141443252563,0,0,0.0,-0.25,0.0,0.004015220794826746,-0.2713954746723175,0.010517043992877007
3248,34,38,1.0,0.9885815978050232,0,0,0.0,-0.25,0.0,0.0034800763241946697,-0.27567827701568604,0.008062083274126053
3249,34,39,1.0,0.9860163927078247,0,0,0.0,-0.25,0.0,0.0020388667471706867,-0.275928258895874,0.002545529045164585
3250,34,40,1.0,0.9892088174819946,0,0,0.0,-0.25,0.0,0.0013232266064733267,-0.26345381140708923,-0.005918486043810844
3251,34,41,1.0,0.9828536510467529,0,0,0.0,0.0,0.0,0.0017701010219752789,-0.15211620926856995,-0.019671287387609482
3252,34,42,1.0,0.9815575480461121,0,0,0.0,0.0,0.0,0.0011117865797132254,-0.05064855515956879,-0.018694449216127396
3253,34,43,1.0,0.9829805493354797,0,0,0.0,0.0,0.0,0.0012713002506643534,-0.019992075860500336,-0.01946505531668663
3254,34,44,1.0,0.9830335378646851,0,0,0.0,0.0,0.0,0.0009455224499106407,-0.027826255187392235,-0.014663586392998695
3255,34,45,1.0,0.9829778671264648,0,0,0.0,0.0,0.0,0.0009303856641054153,-0.024401770904660225,-0.01471489667892456
3256,34,46,1.0,0.9813889265060425,0,0,0.0,0.0,0.0,-0.0008927677990868688,-0.01775500737130642,0.001690903678536415
3257,34,47,1.0,0.9813857078552246,0,0,0.0,0.0,0.0,-0.0008994475938379765,-0.017398392781615257,0.0017016362398862839
3258,34,48,1.0,0.9804012179374695,0,0,0.0,-0.25,0.0,-0.0007103683892637491,-0.016408968716859818,0.0030097318813204765
3259,34,49,1.0,0.977108359336853,0,0,0.0,0.0,0.0,-0.00027851504273712635,-0.02079276368021965,0.023902075365185738
3260,34,50,1.0,0.9736493825912476,0,0,0.0,0.0,0.0,-0.0012571887345984578,-0.006556021515280008,0.05650223791599274
3261,34,51,1.0,0.9744057059288025,0,0,0.0,0.0,0.0,-0.00021245190873742104,0.0007791911484673619,0.045683085918426514
3262,34,52,1.0,1.0023273229599,0,0,0.0,0.0,0.0,0.0013018797617405653,0.0027191657572984695,-0.3744708299636841
3263,34,53,1.0,1.0023168325424194,0,0,0.0,0.0,0.0,0.0012838393449783325,0.0028708851896226406,-0.37349602580070496
3264,34,54,1.0,1.0034958124160767,0,0,0.0,0.0,0.0,0.0015551503747701645,0.0024659098125994205,-0.483271062374115
3265,34,55,1.0,1.0034964084625244,0,0,0.0,0.0,0.0,0.0015546705108135939,0.002481243573129177,-0.4831683337688446
3266,34,56,1.0,1.004038691520691,0,0,0.0,0.0,0.0,0.001506461063399911,0.0020227073691785336,-0.4914361536502838
3267,34,57,1.0,1.0040396451950073,0,0,0.0,0.0,-0.5,0.001506919739767909,0.0020258636213839054,-0.4914153814315796
3268,34,58,1.0,0.9932392835617065,0,0,0.0,0.0,-0.5,-0.00016124802641570568,-0.0018295112531632185,-0.5321717262268066
3269,34,59,1.0,0.9850735664367676,0,0,0.0,0.0,-0.5,2.8705690056085587e-05,-0.0017040579114109278,-0.5299804210662842
3270,34,60,1.0,0.9822813272476196,0,0,0.0,0.0,-0.5,0.0013009791728109121,-0.0009624065132811666,-0.5268385410308838
3271,34,61,1.0,0.9834990501403809,0,0,0.0,0.0,-0.5,0.0007128855213522911,-0.0016326038166880608,-0.5295348167419434
3272,34,62,1.0,0.9915722608566284,0,0,0.0,0.0,-0.5,0.0010791555978357792,-0.0010739800054579973,-0.5379201173782349
3273,34,63,1.0,0.9994253516197205,0,0,0.0,0.0,-0.5,0.0023947604931890965,-0.00019378575962036848,-0.543528139591217
3274,34,64,1.0,1.0085073709487915,0,0,0.0,0.0,-0.5,0.002921286504715681,0.0002300060004927218,-0.5484035015106201
3275,34,65,1.0,1.0062620639801025,0,0,0.0,0.0,-0.5,0.0030178017914295197,0.0014519948745146394,-0.5424472689628601
3276,34,66,1.0,0.9866969585418701,0,0,0.0,0.0,-0.5,0.003002215176820755,0.0004627634771168232,-0.532948911190033
3277,34,67,1.0,0.9832825660705566,0,0,0.0,0.0,-0.5,0.003362000919878483,9.141076589003205e-05,-0.5242283940315247
3278,34,68,1.0,1.5052040815353394,0,1,0.0,0.0,0.0,0.002723722718656063,-0.00020003263489343226,-0.09984559565782547
3279,34,69,1.0,1.5134973526000977,0,1,0.0,0.0,0.0,0.0027819043025374413,-0.0003101457841694355,-0.09334472566843033
3280,34,70,1.0,2.0675530433654785,0,1,0.0,0.0,0.0,-0.0005342243239283562,0.0003006439656019211,0.0044896723702549934
3281,34,71,1.0,2.067551612854004,0,1,0.0,0.0,0.0,-0.0005307390820235014,0.00031089287949725986,0.004491276107728481
3282,34,72,1.0,2.0706214904785156,0,1,0.0,0.0,0.0,-0.00036042288411408663,0.00013339408906176686,0.0037857508286833763
3283,34,73,2.0,2.07061767578125,1,1,0.0,0.0,0.0,-0.0003616231260821223,0.0001375218271277845,0.0037899985909461975
3284,34,74,2.0,2.062061071395874,1,1,0.0,0.0,0.0,-0.0002185450866818428,-0.0019464109791442752,0.004326030611991882
3285,34,75,2.0,2.0585837364196777,1,1,0.0,0.0,0.0,0.0006211069412529469,-0.003295883536338806,0.00619908981025219
3286,34,76,2.0,2.0676889419555664,1,1,0.0,0.0,0.0,0.00027775648050010204,-0.002373089548200369,0.006419056095182896
3287,34,77,2.0,2.0688819885253906,1,1,0.0,0.0,0.0,0.0003879321739077568,-0.001990573015064001,0.008740242570638657
3288,34,78,2.0,2.0707170963287354,1,1,0.0,0.0,0.0,-0.0005657614674419165,-0.0018146036891266704,0.005438143387436867
3289,34,79,2.0,2.062398672103882,1,1,0.0,0.0,0.0,-0.000866236281581223,-0.0010702107101678848,0.00305975042283535
3290,34,80,1.0,1.1528422832489014,0,0,0.0,0.0,0.0,-0.000828029471449554,-0.0012250321451574564,0.254450261592865
3291,34,81,1.0,1.0535500049591064,0,0,0.0,0.0,0.0,-0.0014006032142788172,-0.0010442722123116255,0.37524479627609253
3292,34,82,1.0,0.9926561117172241,0,0,0.0,0.0,0.0,0.0001733936369419098,-0.0016212774207815528,0.5231479406356812
3293,34,83,1.0,0.9920971393585205,0,0,0.0,0.0,0.0,0.00020983675494790077,-0.0017624020110815763,0.5233854651451111
3294,34,84,1.0,0.990998387336731,0,0,0.0,0.0,0.0,0.0002646283246576786,-0.0013741981238126755,0.5235214233398438
3295,34,85,1.0,0.9905440807342529,0,0,0.0,0.0,0.0,0.00024628336541354656,-0.0012094891862943769,0.5251299738883972
3296,34,86,1.0,0.992375373840332,0,0,0.0,0.0,0.5,0.0009764919523149729,-0.0014748785179108381,0.523891806602478
3297,34,87,1.0,0.9888037443161011,0,0,0.0,0.0,0.5,-0.000334977637976408,-0.0007485469104722142,0.5319108366966248
3298,34,88,1.0,0.9870474338531494,0,0,0.0,0.0,0.5,-0.00012331572361290455,-0.002530813217163086,0.5275924801826477
3299,34,89,1.0,0.9877601861953735,0,0,0.0,0.0,0.5,0.0002548857592046261,-0.0005799179198220372,0.5294399857521057
3300,34,90,1.0,0.9877654314041138,0,0,0.0,0.0,0.5,0.00011031841859221458,-0.0015991674736142159,0.5283078551292419
3301,34,91,1.0,0.9835500121116638,0,0,0.0,0.0,0.5,-0.0004691190551966429,0.0010759124998003244,0.5268403887748718
3302,34,92,1.0,0.9871848821640015,0,0,0.0,0.0,0.5,0.0005281390622258186,-0.002063959138467908,0.5278006792068481
3303,34,93,1.0,0.9874852895736694,0,0,0.0,0.0,0.5,0.0008011241443455219,-0.0012732930481433868,0.5293108820915222
3304,34,94,1.0,0.9834920167922974,0,0,0.0,0.0,0.5,0.00044741109013557434,-0.0011430387385189533,0.5292739868164062
3305,34,95,1.0,0.9848260283470154,0,0,0.0,0.0,0.5,0.0005768483970314264,-0.0004743250901810825,0.5313796997070312
3306,35,0,1.0,0.9964011311531067,0,0,0.0,0.0,0.0,-0.010824055410921574,-0.005932393483817577,-0.001882718876004219
3307,35,1,1.0,0.9978598356246948,0,0,0.0,0.0,0.0,-0.01716199889779091,-0.0048630693927407265,-0.01497642882168293
3308,35,2,1.0,0.9909896850585938,0,0,0.0,0.0,0.0,-0.018111461773514748,-0.0023585534654557705,-0.01771588623523712
3309,35,3,1.0,0.9906353950500488,0,0,0.0,0.0,0.0,-0.017956726253032684,-0.002727334853261709,-0.018158845603466034
3310,35,4,1.0,0.9892067313194275,0,0,0.0,0.0,0.0,0.01750919036567211,-0.0043625980615615845,-0.03994213044643402
3311,35,5,1.0,0.9892382621765137,0,0,0.0,0.0,0.0,0.018820906057953835,-0.004453676287084818,-0.03889321908354759
3312,35,6,1.0,0.9769487380981445,0,0,0.0,0.0,0.0,0.2426450550556183,-0.0006186683312989771,-0.026312334463000298
3313,35,7,1.0,0.9769335985183716,0,0,0.0,0.0,0.0,0.2426806092262268,-0.0006001652800478041,-0.026241758838295937
3314,35,8,1.0,0.9792537093162537,0,0,0.0,0.0,0.0,0.25724756717681885,0.0013244091533124447,-0.021286696195602417
3315,35,9,1.0,0.9792510867118835,0,0,0.0,0.0,0.0,0.2572499215602875,0.001327432575635612,-0.021273626014590263
3316,35,10,1.0,0.9800267219543457,0,0,0.25,0.0,0.0,0.2662453353404999,0.0015009442577138543,-0.01587809808552265
3317,35,11,1.0,0.9843931198120117,0,0,0.25,0.0,0.0,0.27151206135749817,0.0016222569392994046,-0.007592134177684784
3318,35,12,1.0,0.9879874587059021,0,0,0.25,0.0,0.0,0.27218642830848694,-0.0004156273207627237,-0.0025915666483342648
3319,35,13,1.0,0.9866124391555786,0,0,0.25,0.0,0.0,0.2730042636394501,0.00020672520622611046,0.0004663318395614624
3320,35,14,1.0,0.9826307892799377,0,0,0.25,0.0,0.0,0.27191442251205444,0.00025837996508926153,0.0012830011546611786
3321,35,15,1.0,0.981151819229126,0,0,0.25,0.0,0.0,0.27155494689941406,0.0009680677903816104,0.0013846959918737411
3322,35,16,1.0,0.9802030324935913,0,0,0.25,0.0,0.0,0.2712302803993225,0.0009276997298002243,-0.000423588789999485
3323,35,17,1.0,0.9813118577003479,0,0,0.25,0.0,0.0,0.27382707595825195,0.0006724362028762698,-0.0016971146687865257
3324,35,18,1.0,0.9935430288314819,0,0,0.25,0.0,0.0,0.2769717872142792,0.0020018983632326126,-0.0013373489491641521
3325,35,19,1.0,0.9876002073287964,0,0,0.25,0.0,0.0,0.2791174054145813,0.0018108471995219588,0.00027310755103826523
3326,35,20,1.0,0.9877757430076599,0,0,0.25,0.0,0.0,0.278462290763855,0.0011356340255588293,0.0043716030195355415
3327,35,21,1.0,0.9855582118034363,0,0,0.25,0.0,0.0,0.2626766264438629,0.003915876150131226,0.0018134992569684982
3328,35,22,1.0,0.9860512614250183,0,0,0.0,0.0,0.0,0.20313894748687744,-0.0011450238525867462,0.01317082904279232
3329,35,23,1.0,0.9938107132911682,0,0,0.0,0.0,0.0,0.09922867268323898,-0.015927329659461975,0.018280204385519028
3330,35,24,1.0,0.9993139505386353,0,0,0.0,0.0,0.0,0.009773106314241886,-0.03910194709897041,-0.009432722814381123
3331,35,25,1.0,1.001413345336914,0,0,0.0,0.0,0.0,-0.004817575216293335,-0.03192479535937309,-0.009175039827823639
3332,35,26,1.0,0.9864745736122131,0,0,0.0,0.0,0.0,-0.004081574268639088,0.19133450090885162,-0.003883681260049343
3333,35,27,1.0,0.9866945147514343,0,0,0.0,0.0,0.0,-0.004391767084598541,0.1933625340461731,-0.004025253001600504
3334,35,28,1.0,0.9935699105262756,0,0,0.0,0.0,0.0,-0.0011049442691728473,0.24406950175762177,-0.002668377012014389
3335,35,29,1.0,0.993588924407959,0,0,0.0,0.25,0.0,-0.0011137989349663258,0.24422872066497803,-0.002645546570420265
3336,35,30,1.0,0.9821909666061401,0,0,0.0,0.25,0.0,-0.0010203156853094697,0.27390792965888977,0.0004802476614713669
3337,35,31,1.0,0.9839499592781067,0,0,0.0,0.25,0.0,-0.00021037436090409756,0.2746933102607727,0.000720880925655365
3338,35,32,1.0,0.9854289889335632,0,0,0.0,0.25,0.0,-0.0012424553278833628,0.2759438455104828,-0.0004840828478336334
3339,35,33,1.0,0.982729971408844,0,0,0.0,0.25,0.0,-0.000585955916903913,0.27428776025772095,-0.0019433721899986267
3340,35,34,1.0,0.9788838028907776,0,0,0.0,0.25,0.0,-0.0001446991227567196,0.2737993597984314,0.006381365470588207
3341,35,35,1.0,0.9790898561477661,0,0,0.0,0.25,0.0,-0.00016817008145153522,0.27384671568870544,0.005527193658053875
3342,35,36,1.0,0.9797443151473999,0,0,0.0,0.25,0.0,-0.00015282048843801022,0.27456945180892944,0.008259732276201248
3343,35,37,1.0,0.9775193333625793,0,0,0.0,0.25,0.0,0.0009744390845298767,0.2763553559780121,0.0048370882868766785
3344,35,38,1.0,0.9863404631614685,0,0,0.0,0.25,0.0,0.0009759622626006603,0.2693415880203247,-0.008606798946857452
3345,35,39,1.0,0.9896464943885803,0,0,0.0,0.25,0.0,0.0024852361530065536,0.21643005311489105,-0.02546430565416813
3346,35,40,1.0,0.9871929287910461,0,0,0.0,0.25,0.0,0.0007843414787203074,0.11669066548347473,-0.00939007755368948
3347,35,41,1.0,0.9767857193946838,0,0,0.0,0.0,0.0,0.0003728349693119526,0.07977371662855148,0.031669050455093384
3348,35,42,1.0,0.9779059290885925,0,0,0.0,0.0,0.0,0.000653167488053441,0.022039663046598434,-0.014687553979456425
3349,35,43,1.0,0.9764411449432373,0,0,0.0,0.0,0.0,0.001223396509885788,0.01001828070729971,0.003369603306055069
3350,35,44,1.0,0.995601236820221,0,0,0.0,0.0,0.0,0.0005510258488357067,0.0037159821949899197,-0.31144630908966064
3351,35,45,1.0,0.9963852763175964,0,0,0.0,0.0,0.0,0.00026610749773681164,0.002974739298224449,-0.33730649948120117
3352,35,46,1.0,1.0015244483947754,0,0,0.0,0.0,0.0,4.79335431009531e-05,0.0031893416307866573,-0.46461957693099976
3353,35,47,1.0,1.0014731884002686,0,0,0.0,0.0,0.0,7.782364264130592e-05,0.003104445058852434,-0.46709880232810974
3354,35,48,1.0,1.0013148784637451,0,0,0.0,0.0,-0.5,0.000628940761089325,0.0026020733639597893,-0.4802836775779724
3355,35,49,1.0,0.9914467930793762,0,0,0.0,0.0,-0.5,0.0006412507500499487,-0.001946810050867498,-0.5313446521759033
3356,35,50,1.0,0.9890729784965515,0,0,0.0,0.0,-0.5,0.00046378280967473984,-0.001998890656977892,-0.526791512966156
3357,35,51,1.0,0.9856898188591003,0,0,0.0,0.0,-0.5,0.0007061564829200506,-0.0017010298324748874,-0.5281181931495667
3358,35,52,1.0,0.9850879907608032,0,0,0.0,0.0,-0.5,0.0011147137265652418,-0.0017681107856333256,-0.5306621789932251
3359,35,53,1.0,0.9858325719833374,0,0,0.0,0.0,-0.5,0.0016556358896195889,-0.0018709144787862897,-0.5289340019226074
3360,35,54,1.0,0.9905765056610107,0,0,0.0,0.0,-0.5,0.002810901962220669,-0.0015504567418247461,-0.5378544330596924
3361,35,55,1.0,0.9989223480224609,0,0,0.0,0.0,-0.5,0.002834038808941841,-0.0009967181831598282,-0.5421448945999146
3362,35,56,1.0,1.0050437450408936,0,0,0.0,0.0,-0.5,0.0023021865636110306,0.000151114072650671,-0.5475557446479797
3363,35,57,1.0,1.0041310787200928,0,0,0.0,0.0,-0.5,0.0016732877120375633,-0.0001454045413993299,-0.5485002398490906
3364,35,58,1.0,0.9782324433326721,0,0,0.0,0.0,-0.5,0.0014195884577929974,-0.00026949512539431453,-0.4992409646511078
3365,35,59,1.0,0.9780536890029907,0,0,0.0,0.0,-0.5,0.0011601480655372143,-0.00026418056222610176,-0.49214741587638855
3366,35,60,1.0,2.053952217102051,0,1,0.0,0.0,0.0,-0.0009459508582949638,0.0011862276587635279,0.008808445185422897
3367,35,61,1.0,2.0540733337402344,0,1,0.0,0.0,0.0,-0.0009306294377893209,0.0011711413972079754,0.008723916485905647
3368,35,62,1.0,2.059965133666992,0,1,0.0,0.0,0.0,-0.0012955989222973585,0.000980381853878498,0.007589463144540787
3369,35,63,1.0,2.059997797012329,0,1,0.0,0.0,0.0,-0.0012890545185655355,0.0009704063413664699,0.00754387304186821
3370,35,64,2.0,2.0555777549743652,1,1,0.0,0.0,0.0,-0.0006091574905440211,0.00010406534420326352,0.00947326235473156
3371,35,65,2.0,2.0589077472686768,1,1,0.0,0.0,0.0,0.0007137395441532135,-0.0025962451472878456,0.0009027048945426941
3372,35,66,2.0,2.0645291805267334,1,1,0.0,0.0,0.0,0.0007701765280216932,-0.0025459290482103825,0.005006224848330021
3373,35,67,2.0,2.0652692317962646,1,1,0.0,0.0,0.0,0.0002858424559235573,-0.002039591781795025,0.007709333673119545
3374,35,68,2.0,2.0688164234161377,1,1,0.0,0.0,0.0,0.0005324713420122862,-0.002150020096451044,0.007524795830249786
3375,35,69,2.0,2.0655903816223145,1,1,0.0,0.0,0.0,0.0007762624882161617,-0.002235890133306384,0.008071288466453552
3376,35,70,2.0,2.0734450817108154,1,1,0.0,0.0,0.0,0.0015498176217079163,-0.0011377008631825447,0.0008936068043112755
3377,35,71,1.0,2.066507577896118,0,1,0.0,0.0,0.0,0.00159357744269073,-0.0011823764070868492,-0.002622704952955246
3378,35,72,1.0,1.4777098894119263,0,0,0.0,0.0,0.0,0.002884896006435156,-0.0005829204455949366,0.15724380314350128
3379,35,73,1.0,1.0093681812286377,0,0,0.0,0.0,0.0,0.0006837835535407066,-0.0028588068671524525,0.47041189670562744
3380,35,74,1.0,0.9903970956802368,0,0,0.0,0.0,0.0,0.0006099136080592871,-0.002164962235838175,0.5300455093383789
3381,35,75,1.0,0.9913563132286072,0,0,0.0,0.0,0.0,0.0005844223778694868,-0.002145170234143734,0.530324399471283
3382,35,76,1.0,0.9936342835426331,0,0,0.0,0.0,0.0,0.0004732278175652027,-0.0019520784262567759,0.5313118100166321
3383,35,77,1.0,0.9940571188926697,0,0,0.0,0.0,0.5,0.000547429546713829,-0.0021838187240064144,0.5304917693138123
3384,35,78,1.0,0.9878003001213074,0,0,0.0,0.0,0.5,-6.49942085146904e-05,-0.0007075031753629446,0.53216952085495
3385,35,79,1.0,0.9881522059440613,0,0,0.0,0.0,0.5,4.6288128942251205e-05,-0.0008960069390013814,0.5297500491142273
3386,35,80,1.0,0.9881454110145569,0,0,0.0,0.0,0.5,-0.000742980744689703,-0.00033676225575618446,0.5320442914962769
3387,35,81,1.0,0.9891154170036316,0,0,0.0,0.0,0.5,-0.00039271358400583267,0.00012924883048981428,0.5305966734886169
3388,35,82,1.0,0.987534761428833,0,0,0.0,0.0,0.5,-0.00075969856698066,-0.00027817502268590033,0.5298129916191101
3389,35,83,1.0,0.9878302216529846,0,0,0.0,0.0,0.5,-5.3142430260777473e-05,-0.0005887773586437106,0.5292081832885742
3390,35,84,1.0,0.9888548851013184,0,0,0.0,0.0,0.5,-0.0006707701832056046,-0.0009308921289630234,0.5318739414215088
3391,35,85,1.0,0.9867339134216309,0,0,0.0,0.0,0.5,-3.653881140053272e-05,-0.00042395887430757284,0.5297073721885681
3392,35,86,1.0,0.9892308712005615,0,0,0.0,0.0,0.5,-0.0005215019918978214,0.0003101721522398293,0.531024694442749
3393,36,0,1.0,0.99825119972229,0,0,0.0,0.0,0.0,0.03558364510536194,-0.011043108068406582,0.007846010848879814
3394,36,1,1.0,0.9941739439964294,0,0,0.0,0.0,0.0,0.029154693707823753,-0.011262128129601479,0.0011607147753238678
3395,36,2,1.0,0.9951066970825195,0,0,0.0,0.0,0.0,0.029464194551110268,-0.007054862100630999,0.01600070483982563
3396,36,3,1.0,0.9954246282577515,0,0,0.0,0.0,0.0,0.031125696375966072,-0.0072888778522610664,0.01721991039812565
3397,36,4,1.0,0.9894117116928101,0,0,0.0,0.0,0.0,0.012741761282086372,-0.006608982570469379,0.01170068234205246
3398,36,5,1.0,0.989475667476654,0,0,0.0,0.0,0.0,0.013285927474498749,-0.0066812289878726006,0.012114902958273888
3399,36,6,1.0,0.9856290817260742,0,0,0.0,0.0,0.0,-0.1390075832605362,0.00268274312838912,0.0017366167157888412
3400,36,7,1.0,0.9855982661247253,0,0,0.0,0.0,0.0,-0.13888919353485107,0.002681716810911894,0.0018872534856200218
3401,36,8,1.0,0.996496319770813,0,0,-0.25,0.0,0.0,-0.20789633691310883,0.0013285186141729355,-0.008362401276826859
3402,36,9,1.0,0.9957113265991211,0,0,-0.25,0.0,0.0,-0.2642049789428711,-0.004382789134979248,-0.014912540093064308
3403,36,10,1.0,1.0012431144714355,0,0,-0.25,0.0,0.0,-0.26831674575805664,-0.0020433487370610237,-0.01374829187989235
3404,36,11,1.0,0.9985589385032654,0,0,-0.25,0.0,0.0,-0.268965482711792,-0.0019329374190419912,-0.010474245995283127
3405,36,12,1.0,0.9990107417106628,0,0,-0.25,0.0,0.0,-0.2696070075035095,-0.0008838929934427142,-0.016937077045440674
3406,36,13,1.0,0.9999675750732422,0,0,-0.25,0.0,0.0,-0.2693983316421509,-0.00014831143198534846,-0.02309996634721756
3407,36,14,1.0,0.9984761476516724,0,0,-0.25,0.0,0.0,-0.2696344256401062,0.0008374007884413004,-0.01982477679848671
3408,36,15,1.0,0.9969398975372314,0,0,-0.25,0.0,0.0,-0.2670769691467285,6.912316894158721e-05,-0.019037052989006042
3409,36,16,1.0,0.9938149452209473,0,0,-0.25,0.0,0.0,-0.26612478494644165,-0.0008691947441548109,-0.0044531249441206455
3410,36,17,1.0,0.9929975271224976,0,0,-0.25,0.0,0.0,-0.2679165005683899,-0.0019463308854028583,-0.0019749347120523453
3411,36,18,1.0,0.9958726167678833,0,0,-0.25,0.0,0.0,-0.27066195011138916,-0.0011826861882582307,-0.00036692433059215546
3412,36,19,1.0,0.9950482249259949,0,0,-0.25,0.0,0.0,-0.27449747920036316,-0.0006441115983761847,0.0037095285952091217
3413,36,20,1.0,1.0005046129226685,0,0,-0.25,0.0,0.0,-0.2735486924648285,0.0013611026806756854,0.010364310815930367
3414,36,21,1.0,1.006572961807251,0,0,-0.25,0.0,0.0,-0.22579874098300934,0.0072976392693817616,0.013007521629333496
3415,36,22,1.0,1.012618064880371,0,0,0.0,0.0,0.0,-0.10452187061309814,0.014083914458751678,0.011017756536602974
3416,36,23,1.0,1.0077375173568726,0,0,0.0,0.0,0.0,-0.016468510031700134,0.012457492761313915,0.0011486466974020004
3417,36,24,1.0,0.9982403516769409,0,0,0.0,0.0,0.0,0.02017485350370407,-0.002215669024735689,-0.011467887088656425
3418,36,25,1.0,0.9942805767059326,0,0,0.0,0.0,0.0,0.036545999348163605,-0.005326023790985346,-0.01151936687529087
3419,36,26,1.0,0.9895986914634705,0,0,0.0,0.0,0.0,0.011084908619523048,-0.14126473665237427,0.0025534965097904205
3420,36,27,1.0,0.9891773462295532,0,0,0.0,0.0,0.0,0.011793277226388454,-0.1419588178396225,0.0025372905656695366
3421,36,28,1.0,0.985252320766449,0,0,0.0,-0.25,0.0,0.009021418169140816,-0.22083021700382233,0.008218729868531227
3422,36,29,1.0,0.9737741947174072,0,0,0.0,-0.25,0.0,0.0039693028666079044,-0.2679348289966583,0.008337391540408134
3423,36,30,1.0,0.9761018753051758,0,0,0.0,-0.25,0.0,0.0031352885998785496,-0.27377501130104065,0.005051339976489544
3424,36,31,1.0,0.981199324131012,0,0,0.0,-0.25,0.0,0.0023271976970136166,-0.2767500877380371,-0.00013171136379241943
3425,36,32,1.0,0.9822795391082764,0,0,0.0,-0.25,0.0,0.0021301242522895336,-0.2782873511314392,-0.001278677023947239
3426,36,33,1.0,0.9864450097084045,0,0,0.0,-0.25,0.0,0.002215514425188303,-0.2786594033241272,0.00033331289887428284
3427,36,34,1.0,0.9848923087120056,0,0,0.0,-0.25,0.0,0.0020453152246773243,-0.28002801537513733,0.007275467738509178
3428,36,35,1.0,0.9810349941253662,0,0,0.0,-0.25,0.0,0.002622558269649744,-0.2758576273918152,0.009974466636776924
3429,36,36,1.0,0.9840286374092102,0,0,0.0,-0.25,0.0,0.0020270133391022682,-0.28552743792533875,0.010436497628688812
3430,36,37,1.0,0.9900996685028076,0,0,0.0,-0.25,0.0,0.0008826199918985367,-0.2871512770652771,0.009369786828756332
3431,36,38,1.0,0.992388129234314,0,0,0.0,0.0,0.0,0.00091326585970819,-0.1608012467622757,0.005169285461306572
3432,36,39,1.0,0.9871671199798584,0,0,0.0,0.0,0.0,-0.00015627313405275345,-0.057819169014692307,0.003373761661350727
3433,36,40,1.0,0.9875633716583252,0,0,0.0,0.0,0.0,-0.0004498905036598444,-0.03329780697822571,-0.010982281528413296
3434,36,41,1.0,0.9860066175460815,0,0,0.0,0.0,0.0,-0.00012511410750448704,-0.021850690245628357,-0.01263030618429184
3435,36,42,1.0,0.978782594203949,0,0,0.0,0.0,0.0,0.0016156677156686783,-0.025534240528941154,-0.01737034134566784
3436,36,43,1.0,0.978739857673645,0,0,0.0,0.0,0.0,0.0016241217963397503,-0.02443079836666584,-0.017294608056545258
3437,36,44,1.0,0.9783735275268555,0,0,0.0,0.0,0.0,0.0008121493738144636,-0.023811403661966324,-0.017415378242731094
3438,36,45,1.0,0.9783632159233093,0,0,0.0,-0.25,0.0,0.0008123808074742556,-0.02362571842968464,-0.017411261796951294
3439,36,46,1.0,0.9773498773574829,0,0,0.0,0.0,0.0,0.000315419165417552,-0.02703499235212803,-0.011987868696451187
3440,36,47,1.0,0.9769168496131897,0,0,0.0,0.0,0.0,0.0009910368826240301,-0.008283287286758423,-0.000532953068614006
3441,36,48,1.0,0.9825648665428162,0,0,0.0,0.0,0.0,0.0015115216374397278,-0.0034792637452483177,-0.019663244485855103
3442,36,49,1.0,0.9828649759292603,0,0,0.0,0.0,0.0,0.001454557292163372,-0.0012771571055054665,-0.025094524025917053
3443,36,50,1.0,0.9913739562034607,0,0,0.0,0.0,0.0,0.0018145092763006687,0.0013021950144320726,-0.14152628183364868
3444,36,51,1.0,0.9913477897644043,0,0,0.0,0.0,0.0,0.0018116426654160023,0.0014621204463765025,-0.1413339525461197
3445,36,52,1.0,0.9928264021873474,0,0,0.0,0.0,0.0,0.002087798435240984,0.001034811488352716,-0.18482618033885956
3446,36,53,1.0,0.992824137210846,0,0,0.0,0.0,-0.5,0.0020900038070976734,0.001057551591657102,-0.18479344248771667
3447,36,54,1.0,0.9928255677223206,0,0,0.0,0.0,-0.5,8.354801684617996e-05,-0.0005091333296149969,-0.537443995475769
3448,36,55,1.0,0.9861481785774231,0,0,0.0,0.0,-0.5,0.00028817192651331425,-0.0008963157888501883,-0.5330730676651001
3449,36,56,1.0,0.9843609929084778,0,0,0.0,0.0,-0.5,0.00043981638737022877,-0.001322658034041524,-0.5272002220153809
3450,36,57,1.0,0.9845808744430542,0,0,0.0,0.0,-0.5,0.00021834042854607105,-0.0014313890133053064,-0.5247681736946106
3451,36,58,1.0,0.9835463166236877,0,0,0.0,0.0,-0.5,0.0010687042959034443,-0.0020401200745254755,-0.5278295874595642
3452,36,59,1.0,0.9888945817947388,0,0,0.0,0.0,-0.5,0.0012058578431606293,-0.0020551951602101326,-0.5315756797790527
3453,36,60,1.0,1.004007339477539,0,0,0.0,0.0,-0.5,0.0008641667664051056,-0.0010060695931315422,-0.5460906028747559
3454,36,61,1.0,1.000925898551941,0,0,0.0,0.0,-0.5,0.0025470033288002014,-0.0006015637773089111,-0.547088623046875
3455,36,62,1.0,0.9991112947463989,0,0,0.0,0.0,-0.5,0.0034541692584753036,0.0007488984847441316,-0.5449736714363098
3456,36,63,1.0,0.9897657632827759,0,0,0.0,0.0,-0.5,0.002943025901913643,0.0015907316701486707,-0.536034882068634
3457,36,64,1.0,0.9701133966445923,0,0,0.0,0.0,-0.5,0.001357151661068201,0.0018063142197206616,-0.47969165444374084
3458,36,65,1.0,0.9691946506500244,0,0,0.0,0.0,0.0,0.001350840786471963,0.0017455207416787744,-0.46964484453201294
3459,36,66,1.0,1.7459080219268799,0,1,0.0,0.0,0.0,0.0019701123237609863,-0.002594251185655594,0.008174845948815346
3460,36,67,1.0,1.7474143505096436,0,1,0.0,0.0,0.0,0.0020199245773255825,-0.0025993329472839832,0.00972011312842369
3461,36,68,1.0,2.0170786380767822,0,1,0.0,0.0,0.0,2.7031637728214264e-06,0.0008760109776630998,0.011153817176818848
3462,36,69,2.0,2.0170373916625977,1,1,0.0,0.0,0.0,1.5459954738616943e-07,0.0008955283556133509,0.011193785816431046
3463,36,70,2.0,2.066131353378296,1,1,0.0,0.0,0.0,1.3538170605897903e-05,-0.0017530160257592797,0.0014874795451760292
3464,36,71,2.0,2.0634496212005615,1,1,0.0,0.0,0.0,0.0009007398039102554,-0.003538963384926319,0.00967457890510559
3465,36,72,2.0,2.049557685852051,1,1,0.0,0.0,0.0,-4.343339242041111e-05,-0.004696746822446585,0.006593907251954079
3466,36,73,2.0,2.0518851280212402,1,1,0.0,0.0,0.0,0.0004386145155876875,0.0012717598583549261,0.009847890585660934
3467,36,74,2.0,2.0585684776306152,1,1,0.0,0.0,0.0,0.0013323817402124405,-0.002822259906679392,0.00932956114411354
3468,36,75,2.0,2.058804988861084,1,1,0.0,0.0,0.0,0.0016102755907922983,-0.0030661700293421745,0.00986933708190918
3469,36,76,2.0,2.0799715518951416,1,1,0.0,0.0,0.0,0.0025399411097168922,-0.003223216626793146,0.00041502341628074646
3470,36,77,2.0,2.070835590362549,1,1,0.0,0.0,0.0,0.002363253850489855,-0.003278840333223343,0.005364477634429932
3471,36,78,2.0,2.0515639781951904,1,1,0.0,0.0,0.0,0.0007445942610502243,-0.004359720274806023,-0.007627242244780064
3472,36,79,1.0,1.9953662157058716,0,1,0.0,0.0,0.0,0.0013348259963095188,-0.0036783129908144474,0.017705578356981277
3473,36,80,1.0,1.0034244060516357,0,0,0.0,0.0,0.0,-0.0002814042381942272,-0.0032092230394482613,0.5148869156837463
3474,36,81,1.0,1.115075707435608,0,0,0.0,0.0,0.0,0.0009172186255455017,-0.0010099366772919893,0.3852832019329071
3475,36,82,1.0,1.008671760559082,0,0,0.0,0.0,0.0,0.0003273559268563986,-0.002898165490478277,0.5086352229118347
3476,36,83,1.0,0.9989901781082153,0,0,0.0,0.0,0.0,-6.6408421844244e-05,-0.002761757466942072,0.5216670632362366
3477,36,84,1.0,1.0164852142333984,0,0,0.0,0.0,0.5,9.00996383279562e-05,-0.0025990582071244717,0.486644446849823
3478,36,85,1.0,1.010028600692749,0,0,0.0,0.0,0.5,0.0006395154632627964,-0.0024184086360037327,0.49544158577919006
3479,36,86,1.0,0.9882464408874512,0,0,0.0,0.0,0.5,-0.001385348616167903,-0.0019353156676515937,0.5204456448554993
3480,36,87,1.0,0.9902742505073547,0,0,0.0,0.0,0.5,-0.000541438115760684,-9.801797568798065e-05,0.5323268175125122
3481,36,88,1.0,0.9897242784500122,0,0,0.0,0.0,0.5,-0.000902400934137404,-0.0019144936231896281,0.531114935874939
3482,36,89,1.0,0.99066162109375,0,0,0.0,0.0,0.5,-0.0006504344055429101,-0.0015994608402252197,0.5306850075721741
3483,36,90,1.0,0.9898501634597778,0,0,0.0,0.0,0.5,-0.0004952007438987494,-0.001858064322732389,0.5311592817306519
3484,36,91,1.0,0.9871668815612793,0,0,0.0,0.0,0.5,-0.000494292238727212,-0.0008634345140308142,0.531366765499115
3485,36,92,1.0,0.9840359091758728,0,0,0.0,0.0,0.5,-0.0006629443960264325,-0.002290464472025633,0.5296312570571899
3486,36,93,1.0,0.9832526445388794,0,0,0.0,0.0,0.5,0.0005953283980488777,-0.0019734513480216265,0.5310906171798706
3487,37,0,1.0,0.998447835445404,0,0,0.0,0.0,0.0,0.03382159024477005,-0.003323737531900406,0.013620717450976372
3488,37,1,1.0,0.9938330054283142,0,0,0.0,0.0,0.0,0.026194337755441666,-0.0026293573901057243,0.00844612903892994
3489,37,2,1.0,0.9999430179595947,0,0,0.0,0.0,0.0,0.02873583883047104,0.0013116009067744017,0.02042640745639801
3490,37,3,1.0,1.000436544418335,0,0,0.0,0.0,0.0,0.030726762488484383,0.0011613498209044337,0.021831996738910675
3491,37,4,1.0,0.9998561143875122,0,0,0.0,0.0,0.0,0.010120770893990993,-6.584147922694683e-05,0.013130705803632736
3492,37,5,1.0,1.0000160932540894,0,0,0.0,0.0,0.0,0.010949739255011082,-0.00010727730114012957,0.013636821880936623
3493,37,6,1.0,0.9949873089790344,0,0,0.0,0.0,0.0,-0.1615809053182602,4.709919448941946e-05,-0.0023657898418605328
3494,37,7,1.0,0.9949700832366943,0,0,0.0,0.0,0.0,-0.161489799618721,4.193763015791774e-05,-0.0022684698924422264
3495,37,8,1.0,0.9946382641792297,0,0,0.0,0.0,0.0,-0.1811942458152771,-0.0009921962628141046,-0.002765950746834278
3496,37,9,1.0,0.9946383237838745,0,0,0.0,0.0,0.0,-0.18118040263652802,-0.0009926597122102976,-0.0027376124635338783
3497,37,10,1.0,0.9943617582321167,0,0,0.0,0.0,0.0,-0.19716742634773254,-0.0002998226264026016,-0.00831812247633934
3498,37,11,1.0,0.9943616390228271,0,0,-0.25,0.0,0.0,-0.1971655786037445,-0.0003002054581884295,-0.008311973884701729
3499,37,12,1.0,0.9941710829734802,0,0,-0.25,0.0,0.0,-0.26903605461120605,-0.0020174002274870872,-0.013040725141763687
3500,37,13,1.0,0.9944185018539429,0,0,-0.25,0.0,0.0,-0.27004045248031616,-0.0014304651413112879,-0.011169600300490856
3501,37,14,1.0,0.9920151233673096,0,0,-0.25,0.0,0.0,-0.269909143447876,0.0003459913423284888,-0.006456043571233749
3502,37,15,1.0,0.9954268932342529,0,0,-0.25,0.0,0.0,-0.26887646317481995,-0.0004055151075590402,-0.007475482299923897
3503,37,16,1.0,0.998162567615509,0,0,-0.25,0.0,0.0,-0.27028605341911316,-8.401050581596792e-05,-0.010763292200863361
3504,37,17,1.0,0.9990535974502563,0,0,-0.25,0.0,0.0,-0.27075889706611633,0.00018318300135433674,-0.007736263331025839
3505,37,18,1.0,0.9980145692825317,0,0,-0.25,0.0,0.0,-0.26951470971107483,0.001255410141311586,-0.005466395057737827
3506,37,19,1.0,0.9958124160766602,0,0,-0.25,0.0,0.0,-0.2679932713508606,-0.00011469869059510529,-0.0024632401764392853
3507,37,20,1.0,0.9946301579475403,0,0,-0.25,0.0,0.0,-0.2690471410751343,-0.0002732074644882232,0.004594495519995689
3508,37,21,1.0,0.9916418790817261,0,0,-0.25,0.0,0.0,-0.2693113386631012,0.00041112559847533703,0.008908543735742569
3509,37,22,1.0,0.9928802847862244,0,0,-0.25,0.0,0.0,-0.2802481949329376,0.003890010993927717,0.010747738182544708
3510,37,23,1.0,0.9912651777267456,0,0,-0.25,0.0,0.0,-0.27590835094451904,0.004797669593244791,0.012565001845359802
3511,37,24,1.0,0.9900349974632263,0,0,-0.25,0.0,0.0,-0.23324432969093323,-0.0001189201429951936,0.010886738076806068
3512,37,25,1.0,0.972220242023468,0,0,0.0,0.0,0.0,-0.1349990963935852,-0.016496388241648674,0.010198855772614479
3513,37,26,1.0,0.9802669882774353,0,0,0.0,0.0,0.0,-0.015900667756795883,-0.04540546238422394,-0.011945052072405815
3514,37,27,1.0,0.9854514002799988,0,0,0.0,0.0,0.0,0.019518043845891953,-0.046009354293346405,-0.007786108180880547
3515,37,28,1.0,0.9870015978813171,0,0,0.0,0.0,0.0,0.007774624973535538,0.07397512346506119,-0.008560004644095898
3516,37,29,1.0,0.9885758757591248,0,0,0.0,0.0,0.0,0.010094748809933662,0.07377012819051743,-0.009410160593688488
3517,37,30,1.0,0.9810446500778198,0,0,0.0,0.25,0.0,-0.0002907039597630501,0.23851191997528076,0.003247675485908985
3518,37,31,1.0,0.985254168510437,0,0,0.0,0.25,0.0,-0.0006856436375528574,0.26861414313316345,0.011865278705954552
3519,37,32,1.0,0.9845283031463623,0,0,0.0,0.25,0.0,-0.0013261670246720314,0.27020934224128723,0.01139865629374981
3520,37,33,1.0,0.981056809425354,0,0,0.0,0.25,0.0,-0.0005252412520349026,0.27521637082099915,0.00038458406925201416
3521,37,34,1.0,0.9817855358123779,0,0,0.0,0.25,0.0,-0.0006504759658128023,0.27587273716926575,0.002069428563117981
3522,37,35,1.0,0.9789880514144897,0,0,0.0,0.25,0.0,-0.00014836923219263554,0.27474579215049744,0.004663717932999134
3523,37,36,1.0,0.9822090268135071,0,0,0.0,0.25,0.0,-0.0006298160878941417,0.27610236406326294,0.0051111457869410515
3524,37,37,1.0,0.9885749220848083,0,0,0.0,0.25,0.0,0.0002994588576257229,0.27033084630966187,0.007334249094128609
3525,37,38,1.0,0.9880965948104858,0,0,0.0,0.25,0.0,0.0010881870985031128,0.25033968687057495,0.005887639708817005
3526,37,39,1.0,0.9887974858283997,0,0,0.0,0.25,0.0,0.0016104066744446754,0.18676289916038513,-3.1298957765102386e-05
3527,37,40,1.0,0.9894499778747559,0,0,0.0,0.25,0.0,0.001880653202533722,0.10576780885457993,-0.002653935458511114
3528,37,41,1.0,0.9788841605186462,0,0,0.0,0.0,0.0,0.001366597367450595,0.0742778480052948,-0.014410944655537605
3529,37,42,1.0,0.9776051640510559,0,0,0.0,0.0,0.0,-0.0005885440623387694,0.02934466302394867,-0.0008321311324834824
3530,37,43,1.0,0.9761546850204468,0,0,0.0,0.0,0.0,-0.00029124272987246513,-0.005414572544395924,0.0018180878832936287
3531,37,44,1.0,0.9781154990196228,0,0,0.0,0.0,0.0,-0.0012733381008729339,-0.003748019691556692,0.03821417689323425
3532,37,45,1.0,0.9781040549278259,0,0,0.0,0.0,0.0,-0.001329904654994607,-0.005522338207811117,0.037775225937366486
3533,37,46,1.0,0.993344783782959,0,0,0.0,0.0,0.0,0.0006873223464936018,0.002436649054288864,-0.2544040083885193
3534,37,47,1.0,0.9934945106506348,0,0,0.0,0.0,0.0,0.000655442476272583,0.0023923562839627266,-0.2568188011646271
3535,37,48,1.0,0.995350182056427,0,0,0.0,0.0,0.0,0.0001073980238288641,0.00330084515735507,-0.3189559876918793
3536,37,49,1.0,0.9953778386116028,0,0,0.0,0.0,0.0,0.00010172929614782333,0.0032975003123283386,-0.319485604763031
3537,37,50,1.0,0.9963367581367493,0,0,0.0,0.0,0.0,-3.2940879464149475e-05,0.003781168721616268,-0.33750027418136597
3538,37,51,1.0,0.9963417649269104,0,0,0.0,0.0,0.0,-3.372505307197571e-05,0.003779824823141098,-0.33762672543525696
3539,37,52,1.0,0.9967400431632996,0,0,0.0,0.0,0.0,1.2482516467571259e-05,0.003714840393513441,-0.3524438738822937
3540,37,53,1.0,0.996740996837616,0,0,0.0,0.0,-0.5,1.2217555195093155e-05,0.0037145111709833145,-0.35247594118118286
3541,37,54,1.0,0.9945253133773804,0,0,0.0,0.0,-0.5,0.0006199628114700317,-0.0014906474389135838,-0.5350590348243713
3542,37,55,1.0,0.98725825548172,0,0,0.0,0.0,-0.5,0.0002249733079224825,-0.001666674274019897,-0.5307432413101196
3543,37,56,1.0,0.9848836064338684,0,0,0.0,0.0,-0.5,0.000529024051502347,-0.0017621367005631328,-0.5277377963066101
3544,37,57,1.0,0.9835015535354614,0,0,0.0,0.0,-0.5,0.001083912095054984,-0.00087008997797966,-0.5282354354858398
3545,37,58,1.0,0.9836612343788147,0,0,0.0,0.0,-0.5,0.001310098683461547,-0.0013601321261376143,-0.5356500148773193
3546,37,59,1.0,0.9845949411392212,0,0,0.0,0.0,-0.5,0.0008100003469735384,-0.0012390143238008022,-0.5346421599388123
3547,37,60,1.0,0.9963597655296326,0,0,0.0,0.0,-0.5,0.0010622236877679825,-0.0004914330202154815,-0.5456598401069641
3548,37,61,1.0,1.0007565021514893,0,0,0.0,0.0,-0.5,0.0014197276905179024,-0.0006864882307127118,-0.5450815558433533
3549,37,62,1.0,1.0046402215957642,0,0,0.0,0.0,-0.5,0.0028576254844665527,-0.00021552873658947647,-0.5446510910987854
3550,37,63,1.0,0.9990384578704834,0,0,0.0,0.0,-0.5,0.0031913849525153637,-0.00019767082994803786,-0.5443808436393738
3551,37,64,1.0,0.967955470085144,0,0,0.0,0.0,-0.5,0.002727737184613943,3.4593744203448296e-05,-0.5145400762557983
3552,37,65,1.0,0.9644680619239807,0,0,0.0,0.0,0.0,0.002627038862556219,-0.0001940591901075095,-0.5078937411308289
3553,37,66,1.0,1.5238624811172485,0,1,0.0,0.0,0.0,-0.0012829599436372519,0.001641895272769034,-0.0971553772687912
3554,37,67,1.0,1.5378804206848145,0,1,0.0,0.0,0.0,-0.0012690785806626081,0.0013308754423633218,-0.08940465748310089
3555,37,68,1.0,2.028597116470337,0,1,0.0,0.0,0.0,-0.002092245500534773,0.0005270995898172259,0.010564194992184639
3556,37,69,1.0,2.0290021896362305,0,1,0.0,0.0,0.0,-0.002066547516733408,0.0005240956088528037,0.010541059076786041
3557,37,70,2.0,2.044142007827759,1,1,0.0,0.0,0.0,-0.002672164235264063,0.001126105198636651,0.009762179106473923
3558,37,71,2.0,2.064136028289795,1,1,0.0,0.0,0.0,0.000421745702624321,-0.002397677628323436,0.006652902811765671
3559,37,72,2.0,2.061666488647461,1,1,0.0,0.0,0.0,0.0004951274022459984,-0.0027925241738557816,0.003554878756403923
3560,37,73,2.0,2.052273750305176,1,1,0.0,0.0,0.0,0.0005379719659686089,-0.002302392851561308,0.006404760293662548
3561,37,74,2.0,2.0638515949249268,1,1,0.0,0.0,0.0,-0.0002670241519808769,-0.0024992949329316616,0.01209983415901661
3562,37,75,2.0,2.065448760986328,1,1,0.0,0.0,0.0,0.0008241676259785891,-0.0031785471364855766,0.0074334051460027695
3563,37,76,2.0,2.0704188346862793,1,1,0.0,0.0,0.0,0.0005247197113931179,-0.0030909553170204163,0.007431197911500931
3564,37,77,2.0,2.0698604583740234,1,1,0.0,0.0,0.0,0.0005178763531148434,-0.0031435880810022354,0.007279586046934128
3565,37,78,2.0,2.02644681930542,1,1,0.0,0.0,0.0,0.0015155188739299774,-0.0038739475421607494,-0.0003430219367146492
3566,37,79,1.0,2.025599718093872,0,1,0.0,0.0,0.0,0.0015184404328465462,-0.0039014997892081738,-0.000298941507935524
3567,37,80,1.0,0.9994134902954102,0,0,0.0,0.0,0.0,-0.0002908769529312849,-0.003350150305777788,0.512921929359436
3568,37,81,1.0,0.999290406703949,0,0,0.0,0.0,0.0,-0.000282821012660861,-0.0033429479226469994,0.5130585432052612
3569,37,82,1.0,0.9961322546005249,0,0,0.0,0.0,0.0,8.550332859158516e-05,-0.003093061037361622,0.5273705124855042
3570,37,83,1.0,0.9960904121398926,0,0,0.0,0.0,0.0,9.01506282389164e-05,-0.0030884630978107452,0.5273895263671875
3571,37,84,1.0,0.9960280060768127,0,0,0.0,0.0,0.0,0.00011665583588182926,-0.0033557224087417126,0.5228784084320068
3572,37,85,1.0,0.9959957003593445,0,0,0.0,0.0,0.5,0.0001181506086140871,-0.003354014828801155,0.5228981971740723
3573,37,86,1.0,0.9873497486114502,0,0,0.0,0.0,0.5,1.932494342327118e-07,-0.0014647372299805284,0.5334974527359009
3574,37,87,1.0,0.9891914129257202,0,0,0.0,0.0,0.5,-0.0007192204939201474,-0.00035335851134732366,0.5322288274765015
3575,37,88,1.0,0.9902565479278564,0,0,0.0,0.0,0.5,-0.0010456208838149905,-0.0006650531431660056,0.5296468138694763
3576,37,89,1.0,0.9900052547454834,0,0,0.0,0.0,0.5,-0.0006697273347526789,-0.0007994184270501137,0.5299409627914429
3577,37,90,1.0,0.9893876314163208,0,0,0.0,0.0,0.5,-0.00014234730042517185,-0.0012572973500937223,0.5280943512916565
3578,37,91,1.0,0.9883214831352234,0,0,0.0,0.0,0.5,-1.274491660296917e-05,-0.001380386296659708,0.5278928279876709
3579,37,92,1.0,0.9899035096168518,0,0,0.0,0.0,0.5,-0.0008068826282396913,-0.0028030984103679657,0.530900776386261
3580,37,93,1.0,0.9904292225837708,0,0,0.0,0.0,0.5,-0.0011734836734831333,-0.0019528681878000498,0.5323514342308044
3581,37,94,1.0,0.9938340783119202,0,0,0.0,0.0,0.5,-0.0008949480252340436,-0.0013214565115049481,0.532534122467041
3582,38,0,1.0,0.9869523048400879,0,0,0.0,0.0,0.0,-0.014149470254778862,-0.0034270593896508217,0.01520855724811554
3583,38,1,1.0,0.988518476486206,0,0,0.0,0.0,0.0,-0.021257827058434486,-0.0011887827422469854,0.008142169564962387
3584,38,2,1.0,0.9898659586906433,0,0,0.0,0.0,0.0,-0.0251395795494318,0.0007290364010259509,0.003644458018243313
3585,38,3,1.0,0.9898680448532104,0,0,0.0,0.0,0.0,-0.02336876094341278,0.0003751801559701562,0.004692274145781994
3586,38,4,1.0,0.9950074553489685,0,0,0.0,0.0,0.0,0.008364355191588402,0.0041500055231153965,-0.020974155515432358
3587,38,5,1.0,0.9950171113014221,0,0,0.0,0.0,0.0,0.009152599610388279,0.0040686544962227345,-0.020386438816785812
3588,38,6,1.0,0.990033745765686,0,0,0.0,0.0,0.0,0.21020184457302094,-0.003158475272357464,-0.024244194850325584
3589,38,7,1.0,0.9900113940238953,0,0,0.0,0.0,0.0,0.21042631566524506,-0.0031499462202191353,-0.02406783401966095
3590,38,8,1.0,0.9852414131164551,0,0,0.0,0.0,0.0,0.25095200538635254,-0.0031656366772949696,-0.011390121653676033
3591,38,9,1.0,0.985226035118103,0,0,0.0,0.0,0.0,0.25096598267555237,-0.003159433603286743,-0.011375987902283669
3592,38,10,1.0,0.9859375953674316,0,0,0.25,0.0,0.0,0.25994810461997986,-0.002345152199268341,-0.007983654737472534
3593,38,11,1.0,0.9884366989135742,0,0,0.25,0.0,0.0,0.2694728672504425,-0.0013694299850612879,0.0015962757170200348
3594,38,12,1.0,0.9843697547912598,0,0,0.25,0.0,0.0,0.2711191773414612,-0.002496538683772087,0.005914677865803242
3595,38,13,1.0,0.9825257062911987,0,0,0.25,0.0,0.0,0.27212533354759216,-0.002158666495233774,0.01005949079990387
3596,38,14,1.0,0.9839289784431458,0,0,0.25,0.0,0.0,0.27127769589424133,-0.0005997850676067173,0.012344149872660637
3597,38,15,1.0,0.9822556972503662,0,0,0.25,0.0,0.0,0.2725710868835449,-0.0009813196957111359,0.007223764434456825
3598,38,16,1.0,0.9833264350891113,0,0,0.25,0.0,0.0,0.2728422284126282,-0.0009943746263161302,0.006371107883751392
3599,38,17,1.0,0.988835334777832,0,0,0.25,0.0,0.0,0.2717994749546051,-0.00037889991654083133,0.003125878982245922
3600,38,18,1.0,0.987707257270813,0,0,0.25,0.0,0.0,0.27456843852996826,-0.0009714835323393345,-0.003207288682460785
3601,38,19,1.0,0.993393063545227,0,0,0.25,0.0,0.0,0.277727872133255,-0.0018979287706315517,-0.0072760083712637424
3602,38,20,1.0,0.9908504486083984,0,0,0.25,0.0,0.0,0.28132742643356323,-0.003959696274250746,-0.00508902408182621
3603,38,21,1.0,0.988749086856842,0,0,0.25,0.0,0.0,0.274638295173645,-0.004276813007891178,0.009645063430070877
3604,38,22,1.0,0.9889302849769592,0,0,0.0,0.0,0.0,0.19037620723247528,-0.008150994777679443,0.008920738473534584
3605,38,23,1.0,0.9885090589523315,0,0,0.0,0.0,0.0,0.06516451388597488,-0.0034475456923246384,0.007058486342430115
3606,38,24,1.0,1.0112295150756836,0,0,0.0,0.0,0.0,0.02164439857006073,0.013100099749863148,-0.025433575734496117
3607,38,25,1.0,1.0125943422317505,0,0,0.0,0.0,0.0,0.007706145755946636,0.013367068022489548,-0.026728492230176926
3608,38,26,1.0,1.0129553079605103,0,0,0.0,0.0,0.0,-0.006897031795233488,-0.07470684498548508,0.004479525610804558
3609,38,27,1.0,1.0125584602355957,0,0,0.0,0.0,0.0,-0.008190611377358437,-0.0750051811337471,0.00422980822622776
3610,38,28,1.0,0.9845206141471863,0,0,0.0,0.0,0.0,0.0008504199795424938,-0.2639191448688507,0.0020450083538889885
3611,38,29,1.0,0.9845123291015625,0,0,0.0,0.0,0.0,0.0008153961971402168,-0.26392048597335815,0.0020227888599038124
3612,38,30,1.0,0.9845595359802246,0,0,0.0,0.0,0.0,0.0007510243449360132,-0.26738113164901733,-0.00020454078912734985
3613,38,31,1.0,0.9845591187477112,0,0,0.0,-0.25,0.0,0.0007451626006513834,-0.2673802077770233,-0.00021096132695674896
3614,38,32,1.0,0.9829776883125305,0,0,0.0,-0.25,0.0,0.0009183434303849936,-0.2773512303829193,-0.0011389562860131264
3615,38,33,1.0,0.9827771186828613,0,0,0.0,-0.25,0.0,0.001503355335444212,-0.27755844593048096,-0.0026636896654963493
3616,38,34,1.0,0.9845653176307678,0,0,0.0,-0.25,0.0,0.0022765067405998707,-0.27741387486457825,-0.00012770947068929672
3617,38,35,1.0,0.9852309823036194,0,0,0.0,-0.25,0.0,0.003193792887032032,-0.2749430239200592,-0.00022927578538656235
3618,38,36,1.0,0.9907214641571045,0,0,0.0,-0.25,0.0,0.002106477040797472,-0.27791884541511536,0.0020861607044935226
3619,38,37,1.0,0.9864648580551147,0,0,0.0,-0.25,0.0,0.0026901853270828724,-0.27721548080444336,0.0032943617552518845
3620,38,38,1.0,0.990856409072876,0,0,0.0,-0.25,0.0,0.0015929965302348137,-0.27744370698928833,-0.0015702168457210064
3621,38,39,1.0,0.9871982336044312,0,0,0.0,-0.25,0.0,0.0019103768281638622,-0.2726970314979553,-0.004560341592878103
3622,38,40,1.0,0.9939229488372803,0,0,0.0,-0.25,0.0,-2.0229024812579155e-05,-0.27347445487976074,-0.009435481391847134
3623,38,41,1.0,0.9910074472427368,0,0,0.0,-0.25,0.0,0.0005389044526964426,-0.2591218054294586,-0.012573777697980404
3624,38,42,1.0,0.9770097732543945,0,0,0.0,-0.25,0.0,0.0012041751760989428,-0.0859254002571106,-0.013103603385388851
3625,38,43,1.0,0.9799295663833618,0,0,0.0,0.0,0.0,0.000165657140314579,-0.07273541390895844,0.0066956039518117905
3626,38,44,1.0,0.9791233539581299,0,0,0.0,0.0,0.0,-0.000718196271918714,-0.01986946351826191,0.03323446214199066
3627,38,45,1.0,0.9784665703773499,0,0,0.0,0.0,0.0,-0.000732464250177145,0.0010775180999189615,0.03872203081846237
3628,38,46,1.0,0.984541118144989,0,0,0.0,0.0,0.0,0.0013771564699709415,0.0004888148978352547,-0.07302562892436981
3629,38,47,1.0,0.9844392538070679,0,0,0.0,0.0,0.0,0.001378838438540697,0.0013237502425909042,-0.07137328386306763
3630,38,48,1.0,1.0020123720169067,0,0,0.0,0.0,0.0,0.0010611501056700945,0.0029376992024481297,-0.3779604732990265
3631,38,49,1.0,1.0020172595977783,0,0,0.0,0.0,0.0,0.0010622662957757711,0.002976224757730961,-0.37747296690940857
3632,38,50,1.0,1.0048549175262451,0,0,0.0,0.0,0.0,0.001137270126491785,0.003450969699770212,-0.45081526041030884
3633,38,51,1.0,1.0048571825027466,0,0,0.0,0.0,-0.5,0.001136948587372899,0.003457724116742611,-0.45075497031211853
3634,38,52,1.0,0.9951524138450623,0,0,0.0,0.0,-0.5,2.7170637622475624e-05,-0.001915379660204053,-0.532571017742157
3635,38,53,1.0,0.9872788190841675,0,0,0.0,0.0,-0.5,3.6564189940690994e-05,-0.0022091232240200043,-0.5313213467597961
3636,38,54,1.0,0.9836544394493103,0,0,0.0,0.0,-0.5,0.0007057960610836744,-0.0014543759170919657,-0.5268031358718872
3637,38,55,1.0,0.9848761558532715,0,0,0.0,0.0,-0.5,0.0005520693957805634,-0.0019496297463774681,-0.5270812511444092
3638,38,56,1.0,0.9891737103462219,0,0,0.0,0.0,-0.5,6.077042780816555e-05,-0.0017018020153045654,-0.5345479249954224
3639,38,57,1.0,0.9963292479515076,0,0,0.0,0.0,-0.5,0.0010922548826783895,-0.0011044878046959639,-0.5366910099983215
3640,38,58,1.0,1.0117303133010864,0,0,0.0,0.0,-0.5,0.0019184770062565804,0.00040949403773993254,-0.5448902249336243
3641,38,59,1.0,1.0116360187530518,0,0,0.0,0.0,-0.5,0.002799936570227146,0.0007279706187546253,-0.5445119142532349
3642,38,60,1.0,1.0014411211013794,0,0,0.0,0.0,-0.5,0.0013133627362549305,0.0009455418912693858,-0.5362523794174194
3643,38,61,1.0,1.001038670539856,0,0,0.0,0.0,-0.5,0.0014367697294801474,0.001100679743103683,-0.5376365780830383
3644,38,62,1.0,0.9786565899848938,0,0,0.0,0.0,-0.5,0.0037294686771929264,0.0012804224388673902,-0.458169162273407
3645,38,63,1.0,0.9787356853485107,0,0,0.0,0.0,0.0,0.0038321404717862606,0.0012945731868967414,-0.4529079496860504
3646,38,64,1.0,1.9390265941619873,0,1,0.0,0.0,0.0,0.0008615723345428705,-0.0006277179927565157,0.017139095813035965
3647,38,65,1.0,1.9390811920166016,0,1,0.0,0.0,0.0,0.000867015216499567,-0.0006085392087697983,0.017248235642910004
3648,38,66,1.0,2.0299816131591797,0,1,0.0,0.0,0.0,-0.0005662213079631329,0.0014506553998216987,0.008814571425318718
3649,38,67,1.0,2.029968023300171,0,1,0.0,0.0,0.0,-0.0005684271454811096,0.0014535760274156928,0.008830888196825981
3650,38,68,2.0,1.9997262954711914,1,1,0.0,0.0,0.0,-0.00011341320350766182,0.001088251476176083,0.013507992029190063
3651,38,69,2.0,2.0585763454437256,1,1,0.0,0.0,0.0,-0.0002946164458990097,-0.0024165594950318336,0.0013122735545039177
3652,38,70,2.0,2.0637459754943848,1,1,0.0,0.0,0.0,0.0005783201195299625,-0.0026570172049105167,0.0065561383962631226
3653,38,71,2.0,2.0656533241271973,1,1,0.0,0.0,0.0,0.0001613341737538576,-0.0019562256056815386,0.007645105943083763
3654,38,72,2.0,2.0624918937683105,1,1,0.0,0.0,0.0,0.0002694393042474985,-0.002634836360812187,0.007029488682746887
3655,38,73,2.0,2.0636634826660156,1,1,0.0,0.0,0.0,0.0007710326462984085,-0.0027565201744437218,0.0061128223314881325
3656,38,74,2.0,2.0646753311157227,1,1,0.0,0.0,0.0,0.00025667203590273857,-0.003056908957660198,0.006654265336692333
3657,38,75,2.0,2.0669307708740234,1,1,0.0,0.0,0.0,0.0006274285260587931,-0.003191665280610323,0.005424872040748596
3658,38,76,1.0,2.0205307006835938,0,1,0.0,0.0,0.0,-0.0011474742786958814,-0.0034094960428774357,-0.011922178789973259
3659,38,77,1.0,1.8171100616455078,0,1,0.0,0.0,0.0,-0.0006540641188621521,-0.003985326271504164,-0.003954240120947361
3660,38,78,1.0,0.9947196245193481,0,0,0.0,0.0,0.0,-0.000461326795630157,-0.0024141480680555105,0.512794017791748
3661,38,79,1.0,0.9939619898796082,0,0,0.0,0.0,0.0,-0.0004554725019261241,-0.002207817044109106,0.5132704377174377
3662,38,80,1.0,0.9933310151100159,0,0,0.0,0.0,0.0,-0.000639920006506145,-0.0015876509714871645,0.5169598460197449
3663,38,81,1.0,0.9931833744049072,0,0,0.0,0.0,0.0,-0.0007313557434827089,-0.0015190147096291184,0.5172756910324097
3664,38,82,1.0,0.991976797580719,0,0,0.0,0.0,0.5,-0.0004929128335788846,-0.0021577859297394753,0.5217671394348145
3665,38,83,1.0,0.9887318015098572,0,0,0.0,0.0,0.5,-0.0014610791113227606,-0.0013406756334006786,0.5302544832229614
3666,38,84,1.0,0.9899967908859253,0,0,0.0,0.0,0.5,-0.0005809459835290909,-0.0023784195072948933,0.5309503674507141
3667,38,85,1.0,0.9853301644325256,0,0,0.0,0.0,0.5,-0.0010284512536600232,0.00017538986867293715,0.5301595330238342
3668,38,86,1.0,0.9875978231430054,0,0,0.0,0.0,0.5,-0.0006128778913989663,-0.0005529773770831525,0.5287838578224182
3669,38,87,1.0,0.9821599721908569,0,0,0.0,0.0,0.5,-0.00034382787998765707,0.000524585135281086,0.5251520276069641
3670,38,88,1.0,0.9830992817878723,0,0,0.0,0.0,0.5,-0.0005621156888082623,-0.0012457361444830894,0.5264314413070679
3671,38,89,1.0,0.9836963415145874,0,0,0.0,0.0,0.5,-0.001027024700306356,-0.0001999331871047616,0.5289353728294373
3672,38,90,1.0,0.9838938117027283,0,0,0.0,0.0,0.5,-0.00037217524368315935,-0.0005995405954308808,0.5277748703956604
3673,38,91,1.0,0.9847412705421448,0,0,0.0,0.0,0.5,-3.8451747968792915e-05,-0.0008470917236991227,0.5289275050163269
3674,39,0,1.0,0.9964011907577515,0,0,0.0,0.0,0.0,-0.010824047960340977,-0.00593240512534976,-0.001882697455585003
3675,39,1,1.0,0.99785977602005,0,0,0.0,0.0,0.0,-0.017161965370178223,-0.00486305495724082,-0.014976432546973228
3676,39,2,1.0,0.9909896850585938,0,0,0.0,0.0,0.0,-0.0181114561855793,-0.002358538331463933,-0.01771588996052742
3677,39,3,1.0,0.9906354546546936,0,0,0.0,0.0,0.0,-0.017956731840968132,-0.002727317623794079,-0.018158867955207825
3678,39,4,1.0,0.9892067313194275,0,0,0.0,0.0,0.0,0.017509175464510918,-0.004362612497061491,-0.03994211554527283
3679,39,5,1.0,0.9892382621765137,0,0,0.0,0.0,0.0,0.018820906057953835,-0.0044536651112139225,-0.038893282413482666
3680,39,6,1.0,0.9769487977027893,0,0,0.0,0.0,0.0,0.2426450103521347,-0.0006186709506437182,-0.026312312111258507
3681,39,7,1.0,0.9769335985183716,0,0,0.0,0.0,0.0,0.242680624127388,-0.0006001861183904111,-0.026241768151521683
3682,39,8,1.0,0.9792536497116089,0,0,0.0,0.0,0.0,0.25724753737449646,0.0013243961147964,-0.021286658942699432
3683,39,9,1.0,0.9792510867118835,0,0,0.0,0.0,0.0,0.2572499215602875,0.0013274247758090496,-0.0212736576795578
3684,39,10,1.0,0.9800267219543457,0,0,0.25,0.0,0.0,0.26624539494514465,0.0015009598573669791,-0.0158780999481678
3685,39,11,1.0,0.9843931198120117,0,0,0.25,0.0,0.0,0.27151206135749817,0.0016222518170252442,-0.0075921243987977505
3686,39,12,1.0,0.9879875183105469,0,0,0.25,0.0,0.0,0.2721864581108093,-0.00041560648242011666,-0.002591583412140608
3687,39,13,1.0,0.9866123795509338,0,0,0.25,0.0,0.0,0.2730042338371277,0.00020670692902058363,0.0004662889987230301
3688,39,14,1.0,0.9826308488845825,0,0,0.25,0.0,0.0,0.27191442251205444,0.00025838258443400264,0.0012829909101128578
3689,39,15,1.0,0.9811519384384155,0,0,0.25,0.0,0.0,0.27155494689941406,0.000968059990555048,0.0013846661895513535
3690,39,16,1.0,0.9802029132843018,0,0,0.25,0.0,0.0,0.2712303102016449,0.0009276944911107421,-0.00042358506470918655
3691,39,17,1.0,0.9813119173049927,0,0,0.25,0.0,0.0,0.27382704615592957,0.0006724257254973054,-0.0016971379518508911
3692,39,18,1.0,0.9935430288314819,0,0,0.25,0.0,0.0,0.27697184681892395,0.0020019114017486572,-0.0013373582623898983
3693,39,19,1.0,0.9876002073287964,0,0,0.25,0.0,0.0,0.2791174650192261,0.0018108600052073598,0.0002731001004576683
3694,39,20,1.0,0.9877757430076599,0,0,0.25,0.0,0.0,0.278462290763855,0.0011356496252119541,0.004371556453406811
3695,39,21,1.0,0.985558271408081,0,0,0.25,0.0,0.0,0.26267656683921814,0.003915844950824976,0.001813444308936596
3696,39,22,1.0,0.9892951846122742,0,0,0.25,0.0,0.0,0.19746172428131104,-0.0035490072332322598,0.012297077104449272
3697,39,23,1.0,0.9895384311676025,0,0,0.0,0.0,0.0,0.14878836274147034,-0.02160635031759739,0.013329658657312393
3698,39,24,1.0,1.0127053260803223,0,0,0.0,0.0,0.0,0.027176667004823685,-0.02144067920744419,-0.0006858464330434799
3699,39,25,1.0,1.0067154169082642,0,0,0.0,0.0,0.0,-0.0008479584939777851,0.030681192874908447,0.008035149425268173
3700,39,26,1.0,0.992516815662384,0,0,0.0,0.0,0.0,-0.006948805879801512,0.16247999668121338,-0.0006899703294038773
3701,39,27,1.0,0.9926588535308838,0,0,0.0,0.0,0.0,-0.00818236917257309,0.1659879982471466,-0.0006066616624593735
3702,39,28,1.0,0.9909154176712036,0,0,0.0,0.25,0.0,-0.0017227259231731296,0.2354278713464737,-0.0006733313202857971
3703,39,29,1.0,0.988386332988739,0,0,0.0,0.25,0.0,-0.0023622000589966774,0.2717864513397217,0.007348429411649704
3704,39,30,1.0,0.9804861545562744,0,0,0.0,0.25,0.0,-0.0009933582041412592,0.2721044719219208,0.003611501306295395
3705,39,31,1.0,0.9798252582550049,0,0,0.0,0.25,0.0,-0.001279370510019362,0.2758488059043884,0.006052867509424686
3706,39,32,1.0,0.9841603636741638,0,0,0.0,0.25,0.0,-0.0017444677650928497,0.27599459886550903,0.00044054631143808365
3707,39,33,1.0,0.9823370575904846,0,0,0.0,0.25,0.0,-0.0010438177268952131,0.2737300395965576,0.00492672435939312
3708,39,34,1.0,0.9820707440376282,0,0,0.0,0.25,0.0,-0.0004313871031627059,0.2757033407688141,0.009315302595496178
3709,39,35,1.0,0.9881288409233093,0,0,0.0,0.25,0.0,-0.0005140876164659858,0.2745347321033478,0.011423148214817047
3710,39,36,1.0,0.9852942228317261,0,0,0.0,0.25,0.0,0.0007116845808923244,0.2772708237171173,0.013194795697927475
3711,39,37,1.0,0.9913239479064941,0,0,0.0,0.25,0.0,0.00046100630424916744,0.2644098997116089,0.003021540120244026
3712,39,38,1.0,0.9879807233810425,0,0,0.0,0.25,0.0,0.002360571175813675,0.21690642833709717,-0.013144658878445625
3713,39,39,1.0,0.9857040643692017,0,0,0.0,0.0,0.0,0.0022818101570010185,0.12613296508789062,-0.011825945228338242
3714,39,40,1.0,0.9761773347854614,0,0,0.0,0.0,0.0,0.000640316866338253,0.073241226375103,-0.006171892397105694
3715,39,41,1.0,0.976981520652771,0,0,0.0,0.0,0.0,0.0011078175157308578,0.023999620229005814,-0.00812569260597229
3716,39,42,1.0,0.9771201014518738,0,0,0.0,0.0,0.0,0.00012096622958779335,0.010221804492175579,0.01716969534754753
3717,39,43,1.0,0.9771149754524231,0,0,0.0,0.0,0.0,0.00014945119619369507,0.006172908004373312,0.017650945112109184
3718,39,44,1.0,0.9756744503974915,0,0,0.0,0.0,0.0,-6.928364746272564e-05,0.0066120196133852005,0.027689991518855095
3719,39,45,1.0,0.9756051898002625,0,0,0.0,0.0,0.0,-4.17239498347044e-05,0.006100304890424013,0.026576155796647072
3720,39,46,1.0,0.9865865111351013,0,0,0.0,0.0,0.0,0.0014314176514744759,0.0035586650483310223,-0.11639371514320374
3721,39,47,1.0,0.9866544604301453,0,0,0.0,0.0,0.0,0.0014363471418619156,0.0034793559461832047,-0.11820489913225174
3722,39,48,1.0,0.9987107515335083,0,0,0.0,0.0,-0.5,0.00026255659759044647,0.0031838282011449337,-0.43811386823654175
3723,39,49,1.0,0.9918684959411621,0,0,0.0,0.0,-0.5,-0.00010520452633500099,-0.0018598901806399226,-0.5310333967208862
3724,39,50,1.0,0.9870214462280273,0,0,0.0,0.0,-0.5,1.7670681700110435e-05,-0.001905191340483725,-0.5274032354354858
3725,39,51,1.0,0.9846298694610596,0,0,0.0,0.0,-0.5,0.00030046654865145683,-0.001706069684587419,-0.5284665822982788
3726,39,52,1.0,0.9850801825523376,0,0,0.0,0.0,-0.5,0.0011960116680711508,-0.0018124913331121206,-0.5289319753646851
3727,39,53,1.0,0.982620894908905,0,0,0.0,0.0,-0.5,0.001484667882323265,-0.0026730597019195557,-0.5256755352020264
3728,39,54,1.0,0.9932004809379578,0,0,0.0,0.0,-0.5,0.0024119624868035316,-0.0021683687809854746,-0.5370923280715942
3729,39,55,1.0,1.0009725093841553,0,0,0.0,0.0,-0.5,0.002910211682319641,-0.0014641983434557915,-0.5405077338218689
3730,39,56,1.0,1.005627155303955,0,0,0.0,0.0,-0.5,0.0026683080941438675,0.0002482925192452967,-0.5436602830886841
3731,39,57,1.0,1.0054250955581665,0,0,0.0,0.0,-0.5,0.0015869876369833946,0.00010450201807543635,-0.543471097946167
3732,39,58,1.0,0.9882187843322754,0,0,0.0,0.0,-0.5,0.0022521615028381348,0.0017513138009235263,-0.5285041332244873
3733,39,59,1.0,0.9866629838943481,0,0,0.0,0.0,0.0,0.00197419710457325,0.0018983405316248536,-0.5258021354675293
3734,39,60,1.0,1.7518339157104492,0,1,0.0,0.0,0.0,0.0016312021762132645,-0.0007505918620154262,0.001953580416738987
3735,39,61,1.0,1.7545926570892334,0,1,0.0,0.0,0.0,0.0016438565216958523,-0.0008157795527949929,0.00335013959556818
3736,39,62,1.0,1.9838662147521973,0,1,0.0,0.0,0.0,0.00026453519240021706,0.0008747153915464878,0.019292933866381645
3737,39,63,1.0,1.9840165376663208,0,1,0.0,0.0,0.0,0.0002757338806986809,0.0008725943043828011,0.019289981573820114
3738,39,64,1.0,2.031834602355957,0,1,0.0,0.0,0.0,-0.0003538008313626051,0.0009995958535000682,0.013862989842891693
3739,39,65,2.0,2.0318777561187744,1,1,0.0,0.0,0.0,-0.000347534311003983,0.0009938405128195882,0.013848157599568367
3740,39,66,2.0,2.0615155696868896,1,1,0.0,0.0,0.0,0.0004243480507284403,-0.0028306879103183746,0.0018909834325313568
3741,39,67,2.0,2.056727886199951,1,1,0.0,0.0,0.0,0.0005880463868379593,-0.0022239424288272858,0.0060536302626132965
3742,39,68,2.0,2.0624468326568604,1,1,0.0,0.0,0.0,0.0008113752119243145,-0.0017977504758164287,0.005841108039021492
3743,39,69,2.0,2.060715675354004,1,1,0.0,0.0,0.0,0.0004848651587963104,-0.002035208512097597,0.005968796089291573
3744,39,70,2.0,2.0672974586486816,1,1,0.0,0.0,0.0,0.0009313207119703293,-0.0020144456066191196,0.007329339161515236
3745,39,71,2.0,2.0683960914611816,1,1,0.0,0.0,0.0,0.0009099810849875212,-0.0021270993165671825,0.006482926197350025
3746,39,72,2.0,1.3892526626586914,1,0,0.0,0.0,0.0,0.004042100626975298,-0.0031733312644064426,0.1949404776096344
3747,39,73,2.0,1.0071871280670166,1,0,0.0,0.0,0.0,0.0007481307256966829,-0.0031844093464314938,0.4715469181537628
3748,39,74,1.0,0.9923048615455627,0,0,0.0,0.0,0.0,0.0001416162122040987,-0.002662436570972204,0.5245885848999023
3749,39,75,1.0,0.9922330379486084,0,0,0.0,0.0,0.0,0.000149603933095932,-0.0026580817066133022,0.5246455073356628
3750,39,76,1.0,0.9932907819747925,0,0,0.0,0.0,0.0,0.0004105684347450733,-0.0033855726942420006,0.5122250318527222
3751,39,77,1.0,0.9932498931884766,0,0,0.0,0.0,0.0,0.0004134625196456909,-0.003379519097507,0.5122705101966858
3752,39,78,1.0,0.9928449392318726,0,0,0.0,0.0,0.0,0.0005952829960733652,-0.002941702026873827,0.5188865065574646
3753,39,79,1.0,0.992858350276947,0,0,0.0,0.0,0.0,0.0005866724532097578,-0.0029384889639914036,0.5188613533973694
3754,39,80,1.0,0.9915225505828857,0,0,0.0,0.0,0.0,0.000670118723064661,-0.0026372973807156086,0.524507999420166
3755,39,81,1.0,0.9914356470108032,0,0,0.0,0.0,0.5,0.0006629645358771086,-0.0026229936629533768,0.5246599316596985
3756,39,82,1.0,0.9855532646179199,0,0,0.0,0.0,0.5,-0.0006242797244340181,-0.0011896714568138123,0.5296521782875061
3757,39,83,1.0,0.9835379719734192,0,0,0.0,0.0,0.5,0.00042109587229788303,-0.0008921995176933706,0.5299621224403381
3758,39,84,1.0,0.9899591207504272,0,0,0.0,0.0,0.5,-0.0010125909466296434,-0.00016025896184146404,0.530819296836853
3759,39,85,1.0,0.9898390769958496,0,0,0.0,0.0,0.5,-0.0007118480280041695,-0.0003467727219685912,0.5322295427322388
3760,39,86,1.0,0.9865291118621826,0,0,0.0,0.0,0.5,-5.271402187645435e-05,-9.566050721332431e-05,0.5302242636680603
3761,39,87,1.0,0.9858537316322327,0,0,0.0,0.0,0.5,-0.00013524899259209633,-0.00034787741606123745,0.5306766033172607
3762,39,88,1.0,0.9924531579017639,0,0,0.0,0.0,0.5,-0.0005132009973749518,0.0005936205852776766,0.5313374996185303
3763,39,89,1.0,0.9875146150588989,0,0,0.0,0.0,0.5,-0.0006181941134855151,0.0008567478507757187,0.5282233953475952
3764,39,90,1.0,0.9875521659851074,0,0,0.0,0.0,0.5,0.0006860594730824232,0.000494763720780611,0.5299922227859497
