dataset_index,episode_index,frame_index,target_gripper,predicted_gripper,target_is_close,predicted_is_close,target_delta_x,target_delta_y,target_delta_z,predicted_delta_x,predicted_delta_y,predicted_delta_z
0,0,0,1.0,0.964085042476654,0,0,0.0,0.0,0.0,0.0,-0.2389373928308487,-0.003704649629071355
1,0,1,1.0,0.9696349501609802,0,0,0.0,0.0,0.0,0.0,-0.23803138732910156,-0.007737516425549984
2,0,2,1.0,0.9677333235740662,0,0,0.0,0.0,0.0,0.0,-0.24014122784137726,-0.006314004771411419
3,0,3,1.0,0.9666935205459595,0,0,0.0,0.0,0.0,0.0,-0.2405986785888672,-0.00573139451444149
4,0,4,1.0,0.9664179086685181,0,0,0.0,0.0,0.0,0.0,-0.24132198095321655,-0.008554279804229736
5,0,5,1.0,0.9662840366363525,0,0,0.0,0.0,0.0,0.0,-0.24141055345535278,-0.008322912268340588
6,0,6,1.0,0.9680273532867432,0,0,0.0,0.0,0.0,0.0,-0.24230355024337769,-0.005895792506635189
7,0,7,1.0,0.968034029006958,0,0,0.0,0.0,0.0,0.0,-0.2423209547996521,-0.005819168873131275
8,0,8,1.0,0.9674968123435974,0,0,0.0,0.0,0.0,0.0,-0.2419794797897339,-0.005772573873400688
9,0,9,1.0,0.9675030708312988,0,0,0.0,0.0,0.0,0.0,-0.24198360741138458,-0.005750769749283791
10,0,10,1.0,0.9674379229545593,0,0,0.0,0.0,0.0,0.0,-0.24207642674446106,-0.0052848150953650475
11,0,11,1.0,0.9674403667449951,0,0,0.0,0.0,0.0,0.0,-0.24207746982574463,-0.00527883879840374
12,0,12,1.0,0.9674416184425354,0,0,0.0,0.0,0.0,0.0,-0.24207811057567596,-0.005275918170809746
13,0,13,1.0,0.9674423933029175,0,0,0.0,0.0,0.0,0.0,-0.24207834899425507,-0.005274281837046146
14,0,14,1.0,0.9674426913261414,0,0,0.0,0.0,0.0,0.0,-0.242078498005867,-0.005273475311696529
15,0,15,1.0,0.9674428701400757,0,0,0.0,0.0,0.0,0.0,-0.24207858741283417,-0.005273045040667057
16,0,16,1.0,0.9674429893493652,0,0,0.0,0.0,0.0,0.0,-0.24207860231399536,-0.005272881127893925
17,0,17,1.0,0.9674431681632996,0,0,0.0,0.0,0.0,0.0,-0.24207863211631775,-0.005272728390991688
18,0,18,1.0,0.9674431681632996,0,0,0.0,0.0,0.0,0.0,-0.24207869172096252,-0.0052727023139595985
19,0,19,1.0,0.9674431681632996,0,0,0.0,0.0,0.0,0.0,-0.24207867681980133,-0.005272633396089077
20,0,20,1.0,0.9674432277679443,0,0,0.0,0.0,0.0,0.0,-0.24207867681980133,-0.005272654816508293
21,0,21,1.0,0.9674432277679443,0,0,0.0,0.0,0.0,0.0,-0.24207867681980133,-0.00527262594550848
22,0,22,1.0,0.9693616032600403,0,0,0.0,-0.25,0.0,0.0,-0.24121308326721191,-0.005414582788944244
23,0,23,1.0,0.974047839641571,0,0,0.0,-0.25,0.0,0.0,-0.25319597125053406,-0.0033091462682932615
24,0,24,1.0,0.9807896614074707,0,0,0.0,-0.25,0.0,0.0,-0.25600317120552063,-0.008727364242076874
25,0,25,1.0,0.9832879304885864,0,0,0.0,-0.25,0.0,0.0,-0.2589016854763031,-0.0075590843334794044
26,0,26,1.0,0.9914775490760803,0,0,0.0,-0.25,0.0,0.0,-0.26531270146369934,-0.0059097325429320335
27,0,27,1.0,0.9968069791793823,0,0,0.0,-0.25,0.0,0.0,-0.26796358823776245,-0.00782305933535099
28,0,28,1.0,0.9813297390937805,0,0,0.0,-0.25,0.0,0.0,-0.2723858654499054,-0.006465798243880272
29,0,29,1.0,0.9863560199737549,0,0,0.0,-0.25,0.0,0.0,-0.27613648772239685,-0.014196452684700489
30,0,30,1.0,0.9737421870231628,0,0,0.0,-0.25,0.0,0.0,-0.27518898248672485,-0.006672434508800507
31,0,31,1.0,0.9883177876472473,0,0,0.0,-0.25,0.0,0.0,-0.27825045585632324,-0.019854968413710594
32,0,32,1.0,0.9783464670181274,0,0,0.0,-0.25,0.0,0.0,-0.2744264006614685,-0.008790595456957817
33,0,33,1.0,0.9784098267555237,0,0,0.0,-0.25,0.0,0.0,-0.2657209634780884,-0.01704060286283493
34,0,34,1.0,0.9762625098228455,0,0,0.0,0.0,0.0,0.0,-0.1525973230600357,0.002621987834572792
35,0,35,1.0,0.9710531830787659,0,0,0.0,0.0,0.0,0.0,-0.06972804665565491,0.011476241983473301
36,0,36,1.0,0.9699822664260864,0,0,0.0,0.0,0.0,0.0,-0.04790647327899933,0.013794989325106144
37,0,37,1.0,0.969356119632721,0,0,0.0,0.0,0.0,0.0,-0.04131847992539406,0.013710949569940567
38,0,38,1.0,0.9715292453765869,0,0,0.0,0.0,0.0,0.0,-0.030913734808564186,0.00934557057917118
39,0,39,1.0,0.971461296081543,0,0,0.0,0.0,0.0,0.0,-0.030178779736161232,0.009356699883937836
40,0,40,1.0,0.9733179211616516,0,0,0.0,0.0,0.0,0.0,-0.027568286284804344,0.009619474411010742
41,0,41,1.0,0.9732673764228821,0,0,0.0,-0.25,0.0,0.0,-0.02740585058927536,0.009619444608688354
42,0,42,1.0,0.9773718118667603,0,0,0.0,0.0,0.0,0.0,-0.04056709632277489,-0.004163031466305256
43,0,43,1.0,0.9748661518096924,0,0,0.0,0.0,0.0,0.0,-0.021390149369835854,-0.004120983183383942
44,0,44,1.0,0.9741703867912292,0,0,0.0,0.0,0.0,0.0,-0.009395649656653404,-0.015475560910999775
45,0,45,1.0,0.9748760461807251,0,0,0.0,0.0,0.0,0.0,-0.007144597824662924,-0.01706872321665287
46,0,46,1.0,0.9783368110656738,0,0,0.0,0.0,0.0,0.0,-0.00762018421664834,-0.009697316214442253
47,0,47,1.0,0.9783680438995361,0,0,0.0,0.0,0.0,0.0,-0.007363827899098396,-0.0096527598798275
48,0,48,1.0,0.9797968864440918,0,0,0.0,0.0,0.0,0.0,-0.006000911351293325,-0.01107014063745737
49,0,49,1.0,0.9797830581665039,0,0,0.0,-0.25,0.0,0.0,-0.005957162007689476,-0.011047217063605785
50,0,50,1.0,0.9755435585975647,0,0,0.0,0.0,0.0,0.0,-0.020207393914461136,-0.009441826492547989
51,0,51,1.0,0.9742795825004578,0,0,0.0,0.0,0.0,0.0,-0.010972436517477036,-0.006110385991632938
52,0,52,1.0,0.9770437479019165,0,0,0.0,0.0,0.0,0.0,-0.0059874276630580425,-0.008503798395395279
53,0,53,1.0,0.9776554107666016,0,0,0.0,0.0,0.0,0.0,-0.004392939619719982,-0.00794336386024952
54,0,54,1.0,0.9817100763320923,0,0,0.0,0.0,0.0,0.0,-0.0035373701248317957,-0.01197101641446352
55,0,55,1.0,0.981735110282898,0,0,0.0,0.0,0.0,0.0,-0.0033305275719612837,-0.011964944191277027
56,0,56,1.0,0.9795517921447754,0,0,0.0,-0.25,0.0,0.0,-0.0019654922652989626,-0.009204117581248283
57,0,57,1.0,0.9797011613845825,0,0,0.0,-0.25,0.0,0.0,-0.01450325082987547,-0.010750168934464455
58,0,58,1.0,0.9795882701873779,0,0,0.0,0.0,0.0,0.0,-0.015524610877037048,-0.02393452078104019
59,0,59,1.0,0.9772433042526245,0,0,0.0,0.0,0.0,0.0,-0.0020904550328850746,-0.028010573238134384
60,0,60,1.0,0.9777118563652039,0,0,0.0,0.0,0.0,0.0,0.0016909431433305144,-0.2597549259662628
61,0,61,1.0,0.9806188344955444,0,0,0.0,0.0,0.0,0.0,0.005819649435579777,-0.24380256235599518
62,0,62,1.0,0.97178053855896,0,0,0.0,0.0,0.0,0.0,-0.001959232147783041,-0.45169904828071594
63,0,63,1.0,0.9718849062919617,0,0,0.0,0.0,0.0,0.0,-0.0014455679338425398,-0.4509735405445099
64,0,64,1.0,0.9666965007781982,0,0,0.0,0.0,0.0,0.0,-0.0033865910954773426,-0.5263587236404419
65,0,65,1.0,0.9666866660118103,0,0,0.0,0.0,0.0,0.0,-0.003261381760239601,-0.5261978507041931
66,0,66,1.0,0.9651222825050354,0,0,0.0,0.0,-0.5,0.0,-0.0021408062893897295,-0.4912799298763275
67,0,67,1.0,0.9437243938446045,0,0,0.0,0.0,-0.5,0.0,-0.002630891976878047,-0.5455794334411621
68,0,68,1.0,0.9423194527626038,0,0,0.0,0.0,-0.5,0.0,-0.003875754540786147,-0.5998324751853943
69,0,69,1.0,0.926382303237915,0,0,0.0,0.0,-0.5,0.0,0.001533100730739534,-0.5860800743103027
70,0,70,1.0,0.9614434838294983,0,0,0.0,0.0,-0.5,0.0,-0.005578792188316584,-0.5517828464508057
71,0,71,1.0,0.960362434387207,0,0,0.0,0.0,-0.5,0.0,0.002460130490362644,-0.5068268179893494
72,0,72,1.0,0.9421561360359192,0,0,0.0,0.0,-0.5,0.0,0.005825447849929333,-0.41713303327560425
73,0,73,1.0,1.141039490699768,0,0,0.0,0.0,-0.5,0.0,0.003882483346387744,-0.21383042633533478
74,0,74,1.0,1.39372718334198,0,0,0.0,0.0,-0.5,0.0,-0.003982815425843,-0.09074767678976059
75,0,75,1.0,1.3979928493499756,0,0,0.0,0.0,-0.5,0.0,-0.003784411819651723,-0.08685567229986191
76,0,76,1.0,1.4568690061569214,0,0,0.0,0.0,-0.5,0.0,-0.0023067062720656395,-0.07291200011968613
77,0,77,1.0,1.4575090408325195,0,0,0.0,0.0,0.0,0.0,-0.002353902440518141,-0.07239822298288345
78,0,78,1.0,1.4743688106536865,0,0,0.0,0.0,0.0,0.0,-0.001780815189704299,-0.06861992180347443
79,0,79,1.0,1.474550485610962,0,0,0.0,0.0,0.0,0.0,-0.0017784114461392164,-0.06850479543209076
80,0,80,2.0,1.4873977899551392,1,0,0.0,0.0,0.0,0.0,-0.0022280786652117968,-0.06573162227869034
81,0,81,2.0,1.8185982704162598,1,1,0.0,0.0,0.0,0.0,0.0031786111649125814,-0.04256511107087135
82,0,82,2.0,1.9966957569122314,1,1,0.0,0.0,0.0,0.0,0.0036608802620321512,-0.023928770795464516
83,0,83,2.0,2.0318825244903564,1,1,0.0,0.0,0.0,0.0,0.005103311035782099,-0.03429017215967178
84,0,84,2.0,2.020664691925049,1,1,0.0,0.0,0.0,0.0,0.003030171850696206,-0.03340497612953186
85,0,85,2.0,2.0152807235717773,1,1,0.0,0.0,0.0,0.0,0.005690820049494505,-0.018075065687298775
86,0,86,2.0,2.059332847595215,1,1,0.0,0.0,0.0,0.0,0.0016552149318158627,-0.02268941141664982
87,0,87,2.0,1.8295540809631348,1,1,0.0,0.0,0.0,0.0,0.00881175510585308,-0.045806389302015305
88,0,88,2.0,1.709252953529358,1,1,0.0,0.0,0.0,0.0,0.0011547952890396118,-0.0012311215978115797
89,0,89,2.0,1.7288837432861328,1,1,0.0,0.0,0.0,0.0,0.004490249324589968,-0.02033270336687565
90,0,90,2.0,1.219904899597168,1,0,0.0,0.0,0.0,0.0,-0.004236762411892414,-0.006127798929810524
91,0,91,2.0,1.2342642545700073,1,0,0.0,0.0,0.0,0.0,-0.0029238832648843527,-0.0157840084284544
92,0,92,2.0,1.0916659832000732,1,0,0.0,0.0,0.0,0.0,-0.005968609359115362,-0.01911625824868679
93,0,93,1.0,1.0600460767745972,0,0,0.0,0.0,0.0,0.0,-0.005219671875238419,-0.02842700481414795
94,0,94,1.0,1.0665674209594727,0,0,0.0,0.0,0.0,0.0,-0.004524853080511093,-0.02725328877568245
95,0,95,1.0,1.0906240940093994,0,0,0.0,0.0,0.0,0.0,-0.0043206787668168545,-0.04612692445516586
96,0,96,1.0,1.002091407775879,0,0,0.0,0.0,0.0,0.0,-0.0017779219197109342,-0.019948285073041916
97,0,97,1.0,1.0061051845550537,0,0,0.0,0.0,0.0,0.0,-0.0017888459842652082,-0.008571072481572628
98,0,98,1.0,0.989507794380188,0,0,0.0,0.0,0.0,0.0,-0.004057636018842459,0.026307884603738785
99,0,99,1.0,0.9866141676902771,0,0,0.0,0.0,0.0,0.0,-0.005285183433443308,0.058835554867982864
100,0,100,1.0,0.9858834147453308,0,0,0.0,0.0,0.5,0.0,-0.004868729971349239,0.11610981822013855
101,0,101,1.0,1.0115997791290283,0,0,0.0,0.0,0.5,0.0,-0.006048282142728567,0.47876569628715515
102,0,102,1.0,1.0009887218475342,0,0,0.0,0.0,0.5,0.0,-0.0014796786708757281,0.5388836860656738
103,0,103,1.0,1.0339559316635132,0,0,0.0,0.0,0.5,0.0,-0.006339889485388994,0.49187469482421875
104,0,104,1.0,0.9962047338485718,0,0,0.0,0.0,0.5,0.0,-0.0014150525676086545,0.5545248985290527
105,0,105,1.0,0.9943034052848816,0,0,0.0,0.0,0.5,0.0,-0.0005835441406816244,0.5460290312767029
106,0,106,1.0,0.9912117719650269,0,0,0.0,0.0,0.5,0.0,0.00029935414204373956,0.5475392937660217
107,0,107,1.0,0.9884378910064697,0,0,0.0,0.0,0.5,0.0,-0.00023268115182872862,0.5512944459915161
108,0,108,1.0,0.9902381300926208,0,0,0.0,0.0,0.5,0.0,-0.0003897218266502023,0.5446574091911316
109,0,109,1.0,0.9892917275428772,0,0,0.0,0.0,0.5,0.0,-0.0003622449585236609,0.5376213192939758
110,0,110,1.0,0.9934447407722473,0,0,0.0,0.0,0.5,0.0,0.00031251931795850396,0.539363443851471
111,1,0,1.0,0.9649285674095154,0,0,0.0,0.0,0.0,0.0,0.2557382583618164,-0.01479251030832529
112,1,1,1.0,0.9769357442855835,0,0,0.0,0.0,0.0,0.0,0.25173839926719666,-0.016536446288228035
113,1,2,1.0,0.9708712697029114,0,0,0.0,0.0,0.0,0.0,0.25998908281326294,-0.021730829030275345
114,1,3,1.0,0.9675241708755493,0,0,0.0,0.0,0.0,0.0,0.26112988591194153,-0.02117265947163105
115,1,4,1.0,0.9713864326477051,0,0,0.0,0.0,0.0,0.0,0.26355236768722534,-0.02242378517985344
116,1,5,1.0,0.9709049463272095,0,0,0.0,0.0,0.0,0.0,0.2637982666492462,-0.022155454382300377
117,1,6,1.0,0.9751279950141907,0,0,0.0,0.0,0.0,0.0,0.2664928436279297,-0.023442167788743973
118,1,7,1.0,0.9750840663909912,0,0,0.0,0.0,0.0,0.0,0.26654618978500366,-0.02332366071641445
119,1,8,1.0,0.9747017025947571,0,0,0.0,0.0,0.0,0.0,0.2659679055213928,-0.023026812821626663
120,1,9,1.0,0.9746967554092407,0,0,0.0,0.0,0.0,0.0,0.26597896218299866,-0.022988947108387947
121,1,10,1.0,0.9730793237686157,0,0,0.0,0.0,0.0,0.0,0.26541048288345337,-0.022098751738667488
122,1,11,1.0,0.9730794429779053,0,0,0.0,0.25,0.0,0.0,0.2654130160808563,-0.022088391706347466
123,1,12,1.0,0.9685505032539368,0,0,0.0,0.25,0.0,0.0,0.2906113266944885,-0.022122656926512718
124,1,13,1.0,0.9856853485107422,0,0,0.0,0.25,0.0,0.0,0.28916287422180176,-0.02607881650328636
125,1,14,1.0,1.0006277561187744,0,0,0.0,0.25,0.0,0.0,0.2891498804092407,-0.02229977585375309
126,1,15,1.0,1.0015337467193604,0,0,0.0,0.25,0.0,0.0,0.2726479768753052,-0.007601295597851276
127,1,16,1.0,0.9957209825515747,0,0,0.0,0.25,0.0,0.0,0.14339600503444672,0.019586192443966866
128,1,17,1.0,0.9836697578430176,0,0,0.0,0.25,0.0,0.0,0.08612967282533646,0.005368382669985294
129,1,18,1.0,0.9793107509613037,0,0,0.0,0.0,0.0,0.0,0.03565210849046707,-0.0006677571218460798
130,1,19,1.0,0.971762478351593,0,0,0.0,0.0,0.0,0.0,0.0142449252307415,-0.002698474796488881
131,1,20,1.0,0.9787095189094543,0,0,0.0,0.0,0.0,0.0,0.009206483140587807,-0.008207830600440502
132,1,21,1.0,0.9790328741073608,0,0,0.0,0.0,0.0,0.0,0.006597756873816252,-0.009052968584001064
133,1,22,1.0,0.9762709736824036,0,0,0.0,0.0,0.0,0.0,0.005210797768086195,-0.009188564494252205
134,1,23,1.0,0.9763140082359314,0,0,0.0,0.0,0.0,0.0,0.004921521991491318,-0.009395954199135303
135,1,24,1.0,0.9787620902061462,0,0,0.0,0.0,0.0,0.0,0.005265275482088327,-0.008161812089383602
136,1,25,1.0,0.9787783622741699,0,0,0.0,0.25,0.0,0.0,0.005215346347540617,-0.008233198896050453
137,1,26,1.0,0.9774825572967529,0,0,0.0,0.0,0.0,0.0,0.01649530790746212,-0.011666353791952133
138,1,27,1.0,0.9713107347488403,0,0,0.0,0.0,0.0,0.0,0.00801732949912548,-0.02177915722131729
139,1,28,1.0,0.9630523920059204,0,0,0.0,0.0,0.0,0.0,0.003540659323334694,-0.13514715433120728
140,1,29,1.0,0.9646243453025818,0,0,0.0,0.0,0.0,0.0,0.001017503789626062,-0.14094284176826477
141,1,30,1.0,0.9463210105895996,0,0,0.0,0.0,0.0,0.0,-0.0005412902683019638,-0.287335067987442
142,1,31,1.0,0.9465375542640686,0,0,0.0,0.0,0.0,0.0,-0.0009679128415882587,-0.2875616252422333
143,1,32,1.0,0.9468180537223816,0,0,0.0,0.0,0.0,0.0,-0.0016786664491519332,-0.3272922933101654
144,1,33,1.0,0.9469107389450073,0,0,0.0,0.0,0.0,0.0,-0.0017667484935373068,-0.3274371922016144
145,1,34,1.0,0.9547601342201233,0,0,0.0,0.25,0.0,0.0,-0.00029261253075674176,-0.21192708611488342
146,1,35,1.0,0.9517542719841003,0,0,0.0,0.0,0.0,0.0,0.029277971014380455,-0.2475767880678177
147,1,36,1.0,0.9323936700820923,0,0,0.0,0.0,0.0,0.0,0.014396914280951023,-0.45743289589881897
148,1,37,1.0,0.9316725730895996,0,0,0.0,0.0,0.0,0.0,0.003127552103251219,-0.45430487394332886
149,1,38,1.0,0.9287534952163696,0,0,0.0,0.0,0.0,0.0,0.0002967226901091635,-0.43736276030540466
150,1,39,1.0,0.9296915531158447,0,0,0.0,0.0,0.0,0.0,-0.0011394425528123975,-0.4374449849128723
151,1,40,1.0,0.9280433058738708,0,0,0.0,0.0,0.0,0.0,-0.0016471261624246836,-0.4339897036552429
152,1,41,1.0,0.9282432794570923,0,0,0.0,0.0,0.0,0.0,-0.0018889380153268576,-0.4341694712638855
153,1,42,1.0,0.9262709617614746,0,0,0.0,0.0,-0.5,0.0,-0.0014524334110319614,-0.4500822126865387
154,1,43,1.0,0.9063430428504944,0,0,0.0,0.0,-0.5,0.0,-0.0029143402352929115,-0.5351583361625671
155,1,44,1.0,0.928374171257019,0,0,0.0,0.0,-0.5,0.0,-0.002655615797266364,-0.5868681073188782
156,1,45,1.0,0.9429664015769958,0,0,0.0,0.0,-0.5,0.0,-0.007624430116266012,-0.5300849080085754
157,1,46,1.0,0.947465717792511,0,0,0.0,0.0,-0.5,0.0,0.00262440019287169,-0.5510402917861938
158,1,47,1.0,0.9768441319465637,0,0,0.0,0.0,-0.5,0.0,0.00528453616425395,-0.4656022787094116
159,1,48,1.0,0.9223211407661438,0,0,0.0,0.0,-0.5,0.0,0.005536545533686876,-0.4083597958087921
160,1,49,1.0,0.9875246286392212,0,0,0.0,0.0,-0.5,0.0,0.008549731224775314,-0.2930193543434143
161,1,50,1.0,1.4045579433441162,0,0,0.0,0.0,-0.5,0.0,0.0018278633942827582,-0.08200311660766602
162,1,51,1.0,1.4273793697357178,0,0,0.0,0.0,-0.5,0.0,0.0021875675301998854,-0.07319402694702148
163,1,52,1.0,1.4602982997894287,0,0,0.0,0.0,-0.5,0.0,0.002343886299058795,-0.06556927412748337
164,1,53,1.0,1.461519718170166,0,0,0.0,0.0,0.0,0.0,0.0023127025924623013,-0.06482451409101486
165,1,54,1.0,1.4768797159194946,0,0,0.0,0.0,0.0,0.0,0.00192671874538064,-0.06380942463874817
166,1,55,1.0,1.4767464399337769,0,0,0.0,0.0,0.0,0.0,0.001918675028719008,-0.06385697424411774
167,1,56,1.0,1.4777666330337524,0,0,0.0,0.0,0.0,0.0,0.002405914245173335,-0.06647041440010071
168,1,57,2.0,1.4776294231414795,1,0,0.0,0.0,0.0,0.0,0.002404431812465191,-0.06652646511793137
169,1,58,2.0,2.033905506134033,1,1,0.0,0.0,0.0,0.0,0.00916239432990551,-0.03314897418022156
170,1,59,2.0,2.050166130065918,1,1,0.0,0.0,0.0,0.0,0.007134663872420788,-0.025452764704823494
171,1,60,2.0,2.0427818298339844,1,1,0.0,0.0,0.0,0.0,0.006186205893754959,-0.022965706884860992
172,1,61,2.0,2.041783571243286,1,1,0.0,0.0,0.0,0.0,0.011666120029985905,-0.007930769585072994
173,1,62,2.0,1.125449538230896,1,0,0.0,0.0,0.0,0.0,-0.0030848330352455378,-0.004606570117175579
174,1,63,2.0,1.0985831022262573,1,0,0.0,0.0,0.0,0.0,-0.005039799492806196,-0.021030712872743607
175,1,64,2.0,1.145010232925415,1,0,0.0,0.0,0.0,0.0,-0.004535594955086708,-0.028284065425395966
176,1,65,2.0,1.1445624828338623,1,0,0.0,0.0,0.0,0.0,-0.004201044328510761,-0.028200961649417877
177,1,66,2.0,1.0998938083648682,1,0,0.0,0.0,0.0,0.0,-0.0031691535841673613,-0.021439703181385994
178,1,67,2.0,1.0979206562042236,1,0,0.0,0.0,0.0,0.0,-0.0032501774840056896,-0.02272387221455574
179,1,68,2.0,1.1010571718215942,1,0,0.0,0.0,0.0,0.0,-0.003445720998570323,-0.028106559067964554
180,1,69,1.0,1.1027052402496338,0,0,0.0,0.0,0.0,0.0,-0.003088768571615219,-0.026815760880708694
181,1,70,1.0,1.0609956979751587,0,0,0.0,0.0,0.0,0.0,-0.004600759129971266,-0.03776197135448456
182,1,71,1.0,1.0661356449127197,0,0,0.0,0.0,0.0,0.0,-0.005482930690050125,-0.02905568853020668
183,1,72,1.0,1.0454643964767456,0,0,0.0,0.0,0.0,0.0,-0.0037145952228456736,-0.02682405896484852
184,1,73,1.0,1.048395037651062,0,0,0.0,0.0,0.0,0.0,-0.0039560566656291485,-0.021178942173719406
185,1,74,1.0,1.0106902122497559,0,0,0.0,0.0,0.0,0.0,-0.004729423206299543,-0.010667380876839161
186,1,75,1.0,1.0075002908706665,0,0,0.0,0.0,0.0,0.0,-0.0050891004502773285,-0.009606046602129936
187,1,76,1.0,1.0027410984039307,0,0,0.0,0.0,0.5,0.0,-0.004078543744981289,0.010962600819766521
188,1,77,1.0,1.0039395093917847,0,0,0.0,0.0,0.5,0.0,0.0026326747611165047,0.4420527517795563
189,1,78,1.0,1.0333408117294312,0,0,0.0,0.0,0.5,0.0,-0.005189635790884495,0.47694629430770874
190,1,79,1.0,1.1534206867218018,0,0,0.0,0.0,0.5,0.0,-0.004032180178910494,0.3772032558917999
191,1,80,1.0,1.006352186203003,0,0,0.0,0.0,0.5,0.0,-0.0011327731190249324,0.5424996018409729
192,1,81,1.0,0.9993124008178711,0,0,0.0,0.0,0.5,0.0,-0.0020052120089530945,0.538027286529541
193,1,82,1.0,0.9950742721557617,0,0,0.0,0.0,0.5,0.0,-0.0014052682090550661,0.5409938097000122
194,1,83,1.0,0.9938017725944519,0,0,0.0,0.0,0.5,0.0,-0.0027955411933362484,0.5358676910400391
195,1,84,1.0,0.995805561542511,0,0,0.0,0.0,0.5,0.0,-0.0020223346073180437,0.533783495426178
196,1,85,1.0,0.9939883947372437,0,0,0.0,0.0,0.5,0.0,-0.003873473731800914,0.5281289219856262
197,1,86,1.0,0.9927724599838257,0,0,0.0,0.0,0.5,0.0,-0.005958950612694025,0.5039644837379456
198,2,0,1.0,0.9642938375473022,0,0,0.0,0.0,0.0,0.0,0.23796798288822174,-0.011761089786887169
199,2,1,1.0,0.9699068069458008,0,0,0.0,0.0,0.0,0.0,0.23741456866264343,-0.011048306711018085
200,2,2,1.0,0.969333827495575,0,0,0.0,0.0,0.0,0.0,0.2382996529340744,-0.016106685623526573
201,2,3,1.0,0.9676485061645508,0,0,0.0,0.0,0.0,0.0,0.23850956559181213,-0.01665964536368847
202,2,4,1.0,0.9702028036117554,0,0,0.0,0.0,0.0,0.0,0.23741108179092407,-0.01894352398812771
203,2,5,1.0,0.9699254631996155,0,0,0.0,0.0,0.0,0.0,0.2374536246061325,-0.018992524594068527
204,2,6,1.0,0.9679484963417053,0,0,0.0,0.0,0.0,0.0,0.23839932680130005,-0.01852661371231079
205,2,7,1.0,0.9679248332977295,0,0,0.0,0.0,0.0,0.0,0.23840129375457764,-0.0185090322047472
206,2,8,1.0,0.9698288440704346,0,0,0.0,0.0,0.0,0.0,0.2378925383090973,-0.0193839929997921
207,2,9,1.0,0.9698286056518555,0,0,0.0,0.25,0.0,0.0,0.23789231479167938,-0.01937628909945488
208,2,10,1.0,0.9669110774993896,0,0,0.0,0.25,0.0,0.0,0.2583099901676178,-0.02652689628303051
209,2,11,1.0,0.9693601131439209,0,0,0.0,0.25,0.0,0.0,0.26780951023101807,-0.031526144593954086
210,2,12,1.0,0.9750933647155762,0,0,0.0,0.25,0.0,0.0,0.2691812217235565,-0.03282592073082924
211,2,13,1.0,0.978898823261261,0,0,0.0,0.25,0.0,0.0,0.27841660380363464,-0.021963482722640038
212,2,14,1.0,0.9820457100868225,0,0,0.0,0.25,0.0,0.0,0.2830919623374939,-0.01601213589310646
213,2,15,1.0,0.9838256239891052,0,0,0.0,0.25,0.0,0.0,0.2872559428215027,-0.01616830565035343
214,2,16,1.0,0.9829995632171631,0,0,0.0,0.25,0.0,0.0,0.28963837027549744,-0.01740988716483116
215,2,17,1.0,0.9794493913650513,0,0,0.0,0.25,0.0,0.0,0.28931793570518494,-0.02413351461291313
216,2,18,1.0,0.9901131987571716,0,0,0.0,0.25,0.0,0.0,0.28687092661857605,-0.016307439655065536
217,2,19,1.0,0.9843882322311401,0,0,0.0,0.25,0.0,0.0,0.2819311022758484,-0.012985304929316044
218,2,20,1.0,0.9926517605781555,0,0,0.0,0.25,0.0,0.0,0.2680073082447052,-0.002264547860249877
219,2,21,1.0,0.9862411618232727,0,0,0.0,0.25,0.0,0.0,0.21822574734687805,-0.00483783520758152
220,2,22,1.0,0.9745580554008484,0,0,0.0,0.25,0.0,0.0,0.059657201170921326,0.0005384958349168301
221,2,23,1.0,0.9720160365104675,0,0,0.0,0.0,0.0,0.0,0.049894046038389206,-0.004918060265481472
222,2,24,1.0,0.9789897203445435,0,0,0.0,0.0,0.0,0.0,0.017037617042660713,-0.00443052314221859
223,2,25,1.0,0.9774759411811829,0,0,0.0,0.0,0.0,0.0,0.010256962850689888,-0.007804638706147671
224,2,26,1.0,0.9766137003898621,0,0,0.0,0.0,0.0,0.0,0.008623072877526283,-0.007676319219172001
225,2,27,1.0,0.9767389893531799,0,0,0.0,0.0,0.0,0.0,0.007935058325529099,-0.007954200729727745
226,2,28,1.0,0.975712239742279,0,0,0.0,0.0,0.0,0.0,0.007829752750694752,-0.010327650234103203
227,2,29,1.0,0.9757283926010132,0,0,0.0,0.0,0.0,0.0,0.007721159607172012,-0.010405197739601135
228,2,30,1.0,0.9751706719398499,0,0,0.0,0.0,0.0,0.0,0.0066290260292589664,-0.011727089993655682
229,2,31,1.0,0.9751772284507751,0,0,0.0,0.25,0.0,0.0,0.00660764379426837,-0.011753575876355171
230,2,32,1.0,0.9800732135772705,0,0,0.0,0.0,0.0,0.0,0.014835385605692863,-0.006957070901989937
231,2,33,1.0,0.9773396849632263,0,0,0.0,0.0,0.0,0.0,0.007472737226635218,-0.009518270380795002
232,2,34,1.0,0.9789441823959351,0,0,0.0,0.0,0.0,0.0,0.006893623620271683,-0.01320756133645773
233,2,35,1.0,0.9790379405021667,0,0,0.0,0.0,0.0,0.0,0.005906849633902311,-0.013474629260599613
234,2,36,1.0,0.9789539575576782,0,0,0.0,0.0,0.0,0.0,0.005319926422089338,-0.0163870919495821
235,2,37,1.0,0.9789900779724121,0,0,0.0,0.0,0.0,0.0,0.005198559258133173,-0.01645668037235737
236,2,38,1.0,0.9802191853523254,0,0,0.0,0.0,0.0,0.0,0.005436139181256294,-0.015525511465966702
237,2,39,1.0,0.9802354574203491,0,0,0.0,0.0,0.0,0.0,0.00541673181578517,-0.015552218072116375
238,2,40,1.0,0.9820542335510254,0,0,0.0,0.25,0.0,0.0,0.004799493122845888,-0.014707484282553196
239,2,41,1.0,0.9787862300872803,0,0,0.0,0.0,0.0,0.0,0.013926793821156025,-0.017933612689375877
240,2,42,1.0,0.9750913977622986,0,0,0.0,0.0,0.0,0.0,0.008166603744029999,-0.07311980426311493
241,2,43,1.0,0.9769715666770935,0,0,0.0,0.0,0.0,0.0,0.0036928330082446337,-0.05743404105305672
242,2,44,1.0,0.956420361995697,0,0,0.0,0.0,0.0,0.0,0.0013043091166764498,-0.3193729519844055
243,2,45,1.0,0.9572725296020508,0,0,0.0,0.0,0.0,0.0,0.0004978824290446937,-0.31887534260749817
244,2,46,1.0,0.9433273077011108,0,0,0.0,0.0,0.0,0.0,-0.0016653831116855145,-0.5167233943939209
245,2,47,1.0,0.9435014724731445,0,0,0.0,0.0,0.0,0.0,-0.001800523023121059,-0.516656219959259
246,2,48,1.0,0.9434397220611572,0,0,0.0,0.0,0.0,0.0,-0.0023408890701830387,-0.532370388507843
247,2,49,1.0,0.9434769749641418,0,0,0.0,0.0,-0.5,0.0,-0.0023716429714113474,-0.5323709845542908
248,2,50,1.0,0.9332071542739868,0,0,0.0,0.0,-0.5,0.0,-0.0010401997715234756,-0.5737297534942627
249,2,51,1.0,0.9392187595367432,0,0,0.0,0.0,-0.5,0.0,0.0005836358177475631,-0.569778561592102
250,2,52,1.0,0.9381897449493408,0,0,0.0,0.0,-0.5,0.0,-0.0026118787936866283,-0.569854199886322
251,2,53,1.0,0.9511966109275818,0,0,0.0,0.0,-0.5,0.0,0.0029065057169646025,-0.47913432121276855
252,2,54,1.0,0.967054009437561,0,0,0.0,0.0,-0.5,0.0,0.0034023693297058344,-0.4829815626144409
253,2,55,1.0,0.9271225929260254,0,0,0.0,0.0,-0.5,0.0,0.0007461896748282015,-0.3802087903022766
254,2,56,1.0,1.1937017440795898,0,0,0.0,0.0,-0.5,0.0,0.0046707033179700375,-0.1646316647529602
255,2,57,1.0,1.3726849555969238,0,0,0.0,0.0,-0.5,0.0,0.001787870773114264,-0.08441922813653946
256,2,58,1.0,1.464359998703003,0,0,0.0,0.0,-0.5,0.0,0.0022097292821854353,-0.06469002366065979
257,2,59,1.0,1.4658653736114502,0,0,0.0,0.0,-0.5,0.0,0.002151431515812874,-0.0639076754450798
258,2,60,1.0,1.515491247177124,0,1,0.0,0.0,0.0,0.0,0.0029827840626239777,-0.06209653243422508
259,2,61,1.0,1.5155028104782104,0,1,0.0,0.0,0.0,0.0,0.0029557207599282265,-0.06205778941512108
260,2,62,2.0,1.5479475259780884,1,1,0.0,0.0,0.0,0.0,0.00491556990891695,-0.06375628709793091
261,2,63,2.0,1.999375581741333,1,1,0.0,0.0,0.0,0.0,0.006448430474847555,-0.013089931569993496
262,2,64,2.0,2.030736207962036,1,1,0.0,0.0,0.0,0.0,0.005351773463189602,-0.017906082794070244
263,2,65,2.0,2.0401577949523926,1,1,0.0,0.0,0.0,0.0,0.004445451777428389,-0.03631516918540001
264,2,66,2.0,2.041689872741699,1,1,0.0,0.0,0.0,0.0,0.0043052188120782375,-0.03122052177786827
265,2,67,2.0,2.0609941482543945,1,1,0.0,0.0,0.0,0.0,0.005097480490803719,-0.02251468226313591
266,2,68,2.0,1.769169807434082,1,1,0.0,0.0,0.0,0.0,0.006290942896157503,-0.028115177527070045
267,2,69,2.0,1.7771961688995361,1,1,0.0,0.0,0.0,0.0,0.005217492580413818,-0.02603437937796116
268,2,70,2.0,1.6769518852233887,1,1,0.0,0.0,0.0,0.0,0.004431435838341713,-0.012275849469006062
269,2,71,2.0,1.6730396747589111,1,1,0.0,0.0,0.0,0.0,0.004472900647670031,-0.014192824251949787
270,2,72,2.0,1.4690592288970947,1,0,0.0,0.0,0.0,0.0,0.0009030046639963984,-0.021768741309642792
271,2,73,1.0,1.4044311046600342,0,0,0.0,0.0,0.0,0.0,0.0011444991687312722,-0.037017982453107834
272,2,74,1.0,1.1544156074523926,0,0,0.0,0.0,0.0,0.0,-0.0010949571151286364,-0.03310319781303406
273,2,75,1.0,1.147218108177185,0,0,0.0,0.0,0.0,0.0,-0.0007929620333015919,-0.029665574431419373
274,2,76,1.0,1.0729619264602661,0,0,0.0,0.0,0.0,0.0,-0.0008029534365050495,-0.0064915381371974945
275,2,77,1.0,1.0762815475463867,0,0,0.0,0.0,0.0,0.0,-0.0006147202220745385,-0.002020761603489518
276,2,78,1.0,1.0224593877792358,0,0,0.0,0.0,0.0,0.0,-0.001625866279937327,0.013783922418951988
277,2,79,1.0,1.021837830543518,0,0,0.0,0.0,0.0,0.0,-0.0019553552847355604,0.01550091803073883
278,2,80,1.0,1.0196245908737183,0,0,0.0,0.0,0.0,0.0,-0.003108460456132889,0.008353274315595627
279,2,81,1.0,1.0184457302093506,0,0,0.0,0.0,0.5,0.0,-0.002787354402244091,0.0049996087327599525
280,2,82,1.0,1.0019830465316772,0,0,0.0,0.0,0.5,0.0,0.001856122980825603,0.4021895229816437
281,2,83,1.0,1.0262980461120605,0,0,0.0,0.0,0.5,0.0,-0.005009850487112999,0.46153855323791504
282,2,84,1.0,1.003040075302124,0,0,0.0,0.0,0.5,0.0,-0.0019951406866312027,0.5323107242584229
283,2,85,1.0,1.002319097518921,0,0,0.0,0.0,0.5,0.0,-0.0033717879559844732,0.5381035804748535
284,2,86,1.0,1.0033951997756958,0,0,0.0,0.0,0.5,0.0,-0.001339576207101345,0.5407325029373169
285,2,87,1.0,0.9925606846809387,0,0,0.0,0.0,0.5,0.0,-0.0012786178849637508,0.5520675778388977
286,2,88,1.0,0.9917933940887451,0,0,0.0,0.0,0.5,0.0,0.0016376114217564464,0.5500850081443787
287,2,89,1.0,0.9862122535705566,0,0,0.0,0.0,0.5,0.0,0.0013636104995384812,0.5414028763771057
288,2,90,1.0,0.9905109405517578,0,0,0.0,0.0,0.5,0.0,0.0010288753546774387,0.5414433479309082
289,2,91,1.0,0.9887832403182983,0,0,0.0,0.0,0.5,0.0,0.0015680986689403653,0.5389066934585571
290,3,0,1.0,0.975055456161499,0,0,0.0,0.0,0.0,0.0,-0.24142663180828094,-0.012467184104025364
291,3,1,1.0,0.9920805096626282,0,0,0.0,0.0,0.0,0.0,-0.2371341437101364,-0.018310505896806717
292,3,2,1.0,0.9800280928611755,0,0,0.0,0.0,0.0,0.0,-0.24380280077457428,-0.01590757444500923
293,3,3,1.0,0.976594865322113,0,0,0.0,0.0,0.0,0.0,-0.24540072679519653,-0.01575767621397972
294,3,4,1.0,0.9756160974502563,0,0,0.0,0.0,0.0,0.0,-0.24865804612636566,-0.017193308100104332
295,3,5,1.0,0.9753025770187378,0,0,0.0,0.0,0.0,0.0,-0.24891892075538635,-0.016769248992204666
296,3,6,1.0,0.9695733189582825,0,0,0.0,0.0,0.0,0.0,-0.2505294382572174,-0.019458705559372902
297,3,7,1.0,0.9695650339126587,0,0,0.0,0.0,0.0,0.0,-0.2505762279033661,-0.01928822509944439
298,3,8,1.0,0.9693236351013184,0,0,0.0,0.0,0.0,0.0,-0.2520894706249237,-0.019681818783283234
299,3,9,1.0,0.9693357944488525,0,0,0.0,0.0,0.0,0.0,-0.2520999014377594,-0.01963491551578045
300,3,10,1.0,0.9683127999305725,0,0,0.0,0.0,0.0,0.0,-0.25209611654281616,-0.019040917977690697
301,3,11,1.0,0.9683173298835754,0,0,0.0,-0.25,0.0,0.0,-0.25209861993789673,-0.019028140231966972
302,3,12,1.0,0.9878567457199097,0,0,0.0,-0.25,0.0,0.0,-0.27713605761528015,-0.02122168056666851
303,3,13,1.0,0.9928778409957886,0,0,0.0,-0.25,0.0,0.0,-0.2807771861553192,-0.026334203779697418
304,3,14,1.0,0.9903596043586731,0,0,0.0,-0.25,0.0,0.0,-0.277333527803421,-0.025515787303447723
305,3,15,1.0,0.9927754998207092,0,0,0.0,-0.25,0.0,0.0,-0.26349425315856934,-0.02890712395310402
306,3,16,1.0,0.9785743951797485,0,0,0.0,-0.25,0.0,0.0,-0.17494969069957733,-0.004979514516890049
307,3,17,1.0,0.9742231965065002,0,0,0.0,-0.25,0.0,0.0,-0.05972755327820778,-0.006154107861220837
308,3,18,1.0,0.9787931442260742,0,0,0.0,0.0,0.0,0.0,-0.026380745694041252,-0.01766437478363514
309,3,19,1.0,0.9824857115745544,0,0,0.0,0.0,0.0,0.0,-0.009698528796434402,-0.013466554693877697
310,3,20,1.0,0.9797380566596985,0,0,0.0,0.0,0.0,0.0,-0.002352663315832615,-0.017216874286532402
311,3,21,1.0,0.9795975089073181,0,0,0.0,0.0,0.0,0.0,-0.0005070018814876676,-0.016800154000520706
312,3,22,1.0,0.9801056385040283,0,0,0.0,0.0,0.0,0.0,-0.0008163441088981926,-0.016864798963069916
313,3,23,1.0,0.9801418781280518,0,0,0.0,0.0,0.0,0.0,-0.0004436220624484122,-0.01673823595046997
314,3,24,1.0,0.9817031025886536,0,0,0.0,0.0,0.0,0.0,0.0009667432168498635,-0.01697438955307007
315,3,25,1.0,0.9816737174987793,0,0,0.0,0.0,0.0,0.0,0.0010425065411254764,-0.016958773136138916
316,3,26,1.0,0.981230616569519,0,0,0.0,-0.25,0.0,0.0,0.0002675548894330859,-0.01509456429630518
317,3,27,1.0,0.9753499627113342,0,0,0.0,0.0,0.0,0.0,-0.010493581183254719,-0.02426724322140217
318,3,28,1.0,0.9755353331565857,0,0,0.0,0.0,0.0,0.0,-0.0007097093621268868,-0.03341333568096161
319,3,29,1.0,0.9769108295440674,0,0,0.0,0.0,0.0,0.0,0.0020569527987390757,-0.03288146108388901
320,3,30,1.0,0.9765311479568481,0,0,0.0,0.0,0.0,0.0,0.003968754783272743,-0.13363690674304962
321,3,31,1.0,0.9765133857727051,0,0,0.0,0.0,0.0,0.0,0.004801688715815544,-0.13365215063095093
322,3,32,1.0,0.95851731300354,0,0,0.0,0.0,0.0,0.0,-0.0020102637354284525,-0.43652695417404175
323,3,33,1.0,0.9585461020469666,0,0,0.0,0.0,0.0,0.0,-0.0018344246782362461,-0.4362930357456207
324,3,34,1.0,0.95343017578125,0,0,0.0,0.0,0.0,0.0,-0.002051917603239417,-0.46056780219078064
325,3,35,1.0,0.9534100294113159,0,0,0.0,0.0,0.0,0.0,-0.0020132327917963266,-0.46050602197647095
326,3,36,1.0,0.9613012671470642,0,0,0.0,0.0,-0.5,0.0,0.0007877348689362407,-0.39519479870796204
327,3,37,1.0,0.9357794523239136,0,0,0.0,0.0,-0.5,0.0,0.0029233566019684076,-0.524139940738678
328,3,38,1.0,0.9205489158630371,0,0,0.0,0.0,-0.5,0.0,0.004252425394952297,-0.5403478145599365
329,3,39,1.0,0.9300681948661804,0,0,0.0,0.0,-0.5,0.0,0.0039856466464698315,-0.5234849452972412
330,3,40,1.0,0.947821855545044,0,0,0.0,0.0,-0.5,0.0,0.0026178089901804924,-0.4997057616710663
331,3,41,1.0,0.9619158506393433,0,0,0.0,0.0,-0.5,0.0,0.003345482749864459,-0.4951689541339874
332,3,42,1.0,0.9472618699073792,0,0,0.0,0.0,-0.5,0.0,0.0037815433461219072,-0.43367528915405273
333,3,43,1.0,1.0070847272872925,0,0,0.0,0.0,-0.5,0.0,0.00405168579891324,-0.28329998254776
334,3,44,1.0,1.3626232147216797,0,0,0.0,0.0,-0.5,0.0,-0.006650416646152735,-0.08104395121335983
335,3,45,1.0,1.3946807384490967,0,0,0.0,0.0,-0.5,0.0,-0.0049708541482687,-0.07345931977033615
336,3,46,1.0,1.4711304903030396,0,0,0.0,0.0,0.0,0.0,-0.004470998886972666,-0.06709577888250351
337,3,47,1.0,1.4721672534942627,0,0,0.0,0.0,0.0,0.0,-0.004522661212831736,-0.06636086106300354
338,3,48,1.0,1.4971686601638794,0,0,0.0,0.0,0.0,0.0,-0.003794419812038541,-0.06632670015096664
339,3,49,1.0,1.4972050189971924,0,0,0.0,0.0,0.0,0.0,-0.003793536452576518,-0.06627539545297623
340,3,50,2.0,1.509169340133667,1,1,0.0,0.0,0.0,0.0,-0.0036644304636865854,-0.06774704158306122
341,3,51,2.0,1.8881337642669678,1,1,0.0,0.0,0.0,0.0,0.005232140887528658,-0.030201900750398636
342,3,52,2.0,1.9883437156677246,1,1,0.0,0.0,0.0,0.0,0.0037659532390534878,-0.025625523179769516
343,3,53,2.0,2.0358686447143555,1,1,0.0,0.0,0.0,0.0,0.006287334952503443,-0.030402343720197678
344,3,54,2.0,2.0287463665008545,1,1,0.0,0.0,0.0,0.0,0.007968971505761147,-0.010158865712583065
345,3,55,2.0,2.055598020553589,1,1,0.0,0.0,0.0,0.0,0.00868214014917612,-0.027460135519504547
346,3,56,2.0,2.038051128387451,1,1,0.0,0.0,0.0,0.0,0.005721899215131998,-0.020123520866036415
347,3,57,2.0,2.0023419857025146,1,1,0.0,0.0,0.0,0.0,0.0076337289065122604,-0.02711116522550583
348,3,58,2.0,1.6974029541015625,1,1,0.0,0.0,0.0,0.0,0.004042807035148144,-0.0061868298798799515
349,3,59,2.0,1.5686614513397217,1,1,0.0,0.0,0.0,0.0,0.002784339478239417,-0.014475944451987743
350,3,60,2.0,1.396632194519043,1,0,0.0,0.0,0.0,0.0,0.0005959657137282193,-0.020299341529607773
351,3,61,2.0,1.2885780334472656,1,0,0.0,0.0,0.0,0.0,-0.002243299037218094,-0.022575756534934044
352,3,62,1.0,1.013786792755127,0,0,0.0,0.0,0.0,0.0,-0.00253520836122334,-0.01752043142914772
353,3,63,1.0,1.008094072341919,0,0,0.0,0.0,0.0,0.0,-0.004212377592921257,-0.035271599888801575
354,3,64,1.0,1.0405433177947998,0,0,0.0,0.0,0.0,0.0,-0.004935337230563164,-0.04457733407616615
355,3,65,1.0,1.0225781202316284,0,0,0.0,0.0,0.0,0.0,-0.0032782056368887424,-0.04330950230360031
356,3,66,1.0,0.9752318263053894,0,0,0.0,0.0,0.0,0.0,-0.0011601380538195372,-0.03620990365743637
357,3,67,1.0,0.9994348287582397,0,0,0.0,0.0,0.0,0.0,-0.0006837452528998256,-0.02640613168478012
358,3,68,1.0,1.001213550567627,0,0,0.0,0.0,0.0,0.0,-0.0006795827648602426,-0.023758873343467712
359,3,69,1.0,1.0119879245758057,0,0,0.0,0.0,0.0,0.0,-0.001401156303472817,-0.017642546445131302
360,3,70,1.0,0.9798182845115662,0,0,0.0,0.0,0.0,0.0,-0.0019286847673356533,0.01854499988257885
361,3,71,1.0,0.9741024374961853,0,0,0.0,0.0,0.0,0.0,-0.0032015861943364143,0.043887730687856674
362,3,72,1.0,0.9764601588249207,0,0,0.0,0.0,0.0,0.0,-0.003217932768166065,0.1122589185833931
363,3,73,1.0,0.9768361449241638,0,0,0.0,0.0,0.0,0.0,-0.00314010726287961,0.1554652601480484
364,3,74,1.0,0.9791392087936401,0,0,0.0,0.0,0.0,0.0,-0.0012887739576399326,0.284049391746521
365,3,75,1.0,0.9797326922416687,0,0,0.0,0.0,0.5,0.0,-0.0010828536469489336,0.29586443305015564
366,3,76,1.0,0.9967150688171387,0,0,0.0,0.0,0.5,0.0,-0.001960833789780736,0.5250208377838135
367,3,77,1.0,0.9929057359695435,0,0,0.0,0.0,0.5,0.0,0.00015686293772887439,0.5473136901855469
368,3,78,1.0,0.9998863339424133,0,0,0.0,0.0,0.5,0.0,-0.002393722999840975,0.5510638952255249
369,3,79,1.0,0.9965142011642456,0,0,0.0,0.0,0.5,0.0,-0.0003321975818835199,0.5535193681716919
370,3,80,1.0,0.9988438487052917,0,0,0.0,0.0,0.5,0.0,-0.0002991698565892875,0.5484053492546082
371,3,81,1.0,1.0006126165390015,0,0,0.0,0.0,0.5,0.0,-0.0007479162886738777,0.5453075766563416
372,3,82,1.0,0.9911222457885742,0,0,0.0,0.0,0.5,0.0,-0.0014487321022897959,0.544192373752594
373,3,83,1.0,0.9890432357788086,0,0,0.0,0.0,0.5,0.0,-0.00012397066166158766,0.5453081130981445
374,3,84,1.0,0.9899344444274902,0,0,0.0,0.0,0.5,0.0,0.00017250428209081292,0.538655698299408
375,3,85,1.0,0.9918113350868225,0,0,0.0,0.0,0.5,0.0,0.0005309378611855209,0.5319814682006836
376,4,0,1.0,0.9649286270141602,0,0,0.0,0.0,0.0,0.0,0.255738228559494,-0.014792521484196186
377,4,1,1.0,0.9769356846809387,0,0,0.0,0.0,0.0,0.0,0.25173839926719666,-0.016536474227905273
378,4,2,1.0,0.9708712697029114,0,0,0.0,0.0,0.0,0.0,0.25998908281326294,-0.021730748936533928
379,4,3,1.0,0.9675241112709045,0,0,0.0,0.0,0.0,0.0,0.26112988591194153,-0.021172726526856422
380,4,4,1.0,0.9713864326477051,0,0,0.0,0.0,0.0,0.0,0.26355239748954773,-0.02242380753159523
381,4,5,1.0,0.970905065536499,0,0,0.0,0.0,0.0,0.0,0.26379838585853577,-0.02215551771223545
382,4,6,1.0,0.9751279354095459,0,0,0.0,0.0,0.0,0.0,0.2664928436279297,-0.023442136123776436
383,4,7,1.0,0.9750840067863464,0,0,0.0,0.0,0.0,0.0,0.2665461599826813,-0.023323632776737213
384,4,8,1.0,0.9747016429901123,0,0,0.0,0.0,0.0,0.0,0.26596787571907043,-0.02302684262394905
385,4,9,1.0,0.9746966361999512,0,0,0.0,0.0,0.0,0.0,0.26597899198532104,-0.02298900857567787
386,4,10,1.0,0.9710478186607361,0,0,0.0,0.25,0.0,0.0,0.2665320932865143,-0.025682387873530388
387,4,11,1.0,0.9705504179000854,0,0,0.0,0.25,0.0,0.0,0.28585973381996155,-0.014993716962635517
388,4,12,1.0,0.9938315153121948,0,0,0.0,0.25,0.0,0.0,0.2851463258266449,-0.013531872071325779
389,4,13,1.0,0.9928416013717651,0,0,0.0,0.25,0.0,0.0,0.27064818143844604,-0.02621021308004856
390,4,14,1.0,1.0110442638397217,0,0,0.0,0.25,0.0,0.0,0.2642703354358673,-0.007177457213401794
391,4,15,1.0,1.000471591949463,0,0,0.0,0.25,0.0,0.0,0.15091775357723236,0.017408287152647972
392,4,16,1.0,0.978590726852417,0,0,0.0,0.25,0.0,0.0,0.0758385881781578,0.0040163686498999596
393,4,17,1.0,0.9774527549743652,0,0,0.0,0.0,0.0,0.0,0.03253662958741188,0.0004608158487826586
394,4,18,1.0,0.9736897945404053,0,0,0.0,0.0,0.0,0.0,0.017479505389928818,-0.0037404990289360285
395,4,19,1.0,0.9747126698493958,0,0,0.0,0.0,0.0,0.0,0.008817330002784729,-0.009703428484499454
396,4,20,1.0,0.978684663772583,0,0,0.0,0.0,0.0,0.0,0.005978945177048445,-0.007662147283554077
397,4,21,1.0,0.9787089824676514,0,0,0.0,0.0,0.0,0.0,0.005147441290318966,-0.007969852536916733
398,4,22,1.0,0.9756266474723816,0,0,0.0,0.0,0.0,0.0,0.0042037079110741615,-0.011442898772656918
399,4,23,1.0,0.9756585359573364,0,0,0.0,0.0,0.0,0.0,0.004082285799086094,-0.01155504398047924
400,4,24,1.0,0.9797350168228149,0,0,0.0,0.0,0.0,0.0,0.005395933054387569,-0.008517328649759293
401,4,25,1.0,0.9797462821006775,0,0,0.0,0.0,0.0,0.0,0.005372055806219578,-0.008553053252398968
402,4,26,1.0,0.9782268404960632,0,0,0.0,0.25,0.0,0.0,0.004528772085905075,-0.008959393016994
403,4,27,1.0,0.9746858477592468,0,0,0.0,0.0,0.0,0.0,0.014696822501718998,-0.011654006317257881
404,4,28,1.0,0.9742174744606018,0,0,0.0,0.0,0.0,0.0,0.008212614804506302,-0.05097592994570732
405,4,29,1.0,0.9705324172973633,0,0,0.0,0.0,0.0,0.0,0.0037449784576892853,-0.0641341358423233
406,4,30,1.0,0.9619200825691223,0,0,0.0,0.0,0.0,0.0,0.0008170114015229046,-0.21226245164871216
407,4,31,1.0,0.9624000787734985,0,0,0.0,0.0,0.0,0.0,-0.00013555750774685293,-0.2126203328371048
408,4,32,1.0,0.9444469809532166,0,0,0.0,0.0,0.0,0.0,-0.0018437267281115055,-0.3145277798175812
409,4,33,1.0,0.9445868730545044,0,0,0.0,0.0,0.0,0.0,-0.0020254955161362886,-0.3147491216659546
410,4,34,1.0,0.9448593854904175,0,0,0.0,0.0,0.0,0.0,-0.002389074768871069,-0.3809725344181061
411,4,35,1.0,0.944898784160614,0,0,0.0,0.0,0.0,0.0,-0.002426851773634553,-0.38105684518814087
412,4,36,1.0,0.9555993676185608,0,0,0.0,0.0,-0.5,0.0,-0.0009471698431298137,-0.2589800953865051
413,4,37,1.0,0.9179349541664124,0,0,0.0,0.0,-0.5,0.0,-0.0009182897629216313,-0.5090387463569641
414,4,38,1.0,0.9334031343460083,0,0,0.0,0.0,-0.5,0.0,-0.0023508158046752214,-0.5874406695365906
415,4,39,1.0,0.9268041849136353,0,0,0.0,0.0,-0.5,0.0,-0.00031597958877682686,-0.5704280138015747
416,4,40,1.0,0.9411005973815918,0,0,0.0,0.0,-0.5,0.0,-0.0005524507141672075,-0.5623014569282532
417,4,41,1.0,0.9323746562004089,0,0,0.0,0.0,-0.5,0.0,0.005984947085380554,-0.45154619216918945
418,4,42,1.0,0.9144729971885681,0,0,0.0,0.0,-0.5,0.0,0.007753838784992695,-0.40371057391166687
419,4,43,1.0,0.9549812078475952,0,0,0.0,0.0,-0.5,0.0,0.010237249545753002,-0.3091985881328583
420,4,44,1.0,1.3494997024536133,0,0,0.0,0.0,-0.5,0.0,0.002009135903790593,-0.07597766071557999
421,4,45,1.0,1.3494980335235596,0,0,0.0,0.0,-0.5,0.0,0.0008700404432602227,-0.06707120686769485
422,4,46,1.0,1.404561996459961,0,0,0.0,0.0,-0.5,0.0,5.463015986606479e-05,-0.06782945245504379
423,4,47,1.0,1.4060308933258057,0,0,0.0,0.0,0.0,0.0,2.146199403796345e-05,-0.06696620583534241
424,4,48,1.0,1.4228154420852661,0,0,0.0,0.0,0.0,0.0,7.568980799987912e-05,-0.0610971562564373
425,4,49,1.0,1.4226821660995483,0,0,0.0,0.0,0.0,0.0,6.911097443662584e-05,-0.06112656369805336
426,4,50,1.0,1.4179556369781494,0,0,0.0,0.0,0.0,0.0,0.0006395144155249,-0.06336898356676102
427,4,51,1.0,1.4178311824798584,0,0,0.0,0.0,0.0,0.0,0.0006413205992430449,-0.06341634690761566
428,4,52,1.0,1.4188663959503174,0,0,0.0,0.0,0.0,0.0,0.00038125389255583286,-0.06188240274786949
429,4,53,1.0,1.418735146522522,0,0,0.0,0.0,0.0,0.0,0.00038408878026530147,-0.061931710690259933
430,4,54,1.0,1.417557716369629,0,0,0.0,0.0,0.0,0.0,0.000299703620839864,-0.06012840196490288
431,4,55,1.0,1.4174301624298096,0,0,0.0,0.0,0.0,0.0,0.00030288868583738804,-0.060174550861120224
432,4,56,1.0,1.4185504913330078,0,0,0.0,0.0,0.0,0.0,0.0007189342868514359,-0.061936575919389725
433,4,57,1.0,1.4184290170669556,0,0,0.0,0.0,0.0,0.0,0.0007222238346002996,-0.06198228523135185
434,4,58,1.0,1.4176071882247925,0,0,0.0,0.0,0.0,0.0,0.0005961994174867868,-0.06151582673192024
435,4,59,1.0,1.417497158050537,0,0,0.0,0.0,0.0,0.0,0.0006002484587952495,-0.061557117849588394
436,4,60,1.0,1.4184134006500244,0,0,0.0,0.0,0.0,0.0,0.000849214440677315,-0.05859723314642906
437,4,61,1.0,1.418302297592163,0,0,0.0,0.0,0.0,0.0,0.0008521443232893944,-0.05863628536462784
438,4,62,1.0,1.4169076681137085,0,0,0.0,0.0,0.0,0.0,0.0008800537325441837,-0.059499289840459824
439,4,63,2.0,1.4167976379394531,1,0,0.0,0.0,0.0,0.0,0.0008843562682159245,-0.05953395739197731
440,4,64,2.0,2.024301528930664,1,1,0.0,0.0,0.0,0.0,0.007224345114082098,-0.01732271909713745
441,4,65,2.0,2.037071704864502,1,1,0.0,0.0,0.0,0.0,0.009050042368471622,-0.024611495435237885
442,4,66,2.0,2.040719985961914,1,1,0.0,0.0,0.0,0.0,0.005678917281329632,-0.012083851732313633
443,4,67,2.0,2.0342750549316406,1,1,0.0,0.0,0.0,0.0,0.005570920649915934,-0.009477837942540646
444,4,68,2.0,1.5334093570709229,1,1,0.0,0.0,0.0,0.0,-0.002743470249697566,0.06052248552441597
445,4,69,2.0,1.3760952949523926,1,0,0.0,0.0,0.0,0.0,-0.0012473624665290117,-0.007281624712049961
446,4,70,2.0,1.099446177482605,1,0,0.0,0.0,0.0,0.0,-0.0027629577089101076,-0.005642401985824108
447,4,71,2.0,1.0897440910339355,1,0,0.0,0.0,0.0,0.0,-0.0032048795837908983,-0.010539992712438107
448,4,72,2.0,1.1232531070709229,1,0,0.0,0.0,0.0,0.0,-0.0040472340770065784,-0.021095341071486473
449,4,73,2.0,1.121743083000183,1,0,0.0,0.0,0.0,0.0,-0.00398404523730278,-0.021880706772208214
450,4,74,1.0,1.043048620223999,0,0,0.0,0.0,0.0,0.0,-0.0029694586992263794,-0.006928947754204273
451,4,75,1.0,1.0429086685180664,0,0,0.0,0.0,0.0,0.0,-0.002892913529649377,-0.007268502376973629
452,4,76,1.0,1.004411220550537,0,0,0.0,0.0,0.0,0.0,-0.003826963948085904,0.01654188707470894
453,4,77,1.0,1.0032708644866943,0,0,0.0,0.0,0.0,0.0,-0.0039963796734809875,0.01740364544093609
454,4,78,1.0,1.008319616317749,0,0,0.0,0.0,0.0,0.0,-0.0034235892817378044,0.015428264625370502
455,4,79,1.0,1.0094331502914429,0,0,0.0,0.0,0.5,0.0,-0.003176532220095396,0.014589470811188221
456,4,80,1.0,1.0148957967758179,0,0,0.0,0.0,0.5,0.0,-0.0006795554654672742,0.3215859830379486
457,4,81,1.0,1.0145312547683716,0,0,0.0,0.0,0.5,0.0,-0.004619538318365812,0.4995744824409485
458,4,82,1.0,1.0000029802322388,0,0,0.0,0.0,0.5,0.0,-0.0003455732367001474,0.5402123332023621
459,4,83,1.0,0.9877470135688782,0,0,0.0,0.0,0.5,0.0,-0.0007188555900938809,0.548254132270813
460,4,84,1.0,0.9897710084915161,0,0,0.0,0.0,0.5,0.0,0.0004132601898163557,0.5523815155029297
461,4,85,1.0,0.9916229844093323,0,0,0.0,0.0,0.5,0.0,0.00037915422581136227,0.544747531414032
462,4,86,1.0,0.9907857179641724,0,0,0.0,0.0,0.5,0.0,0.0016738929552957416,0.5462420582771301
463,4,87,1.0,0.9892940521240234,0,0,0.0,0.0,0.5,0.0,0.0019839266315102577,0.5442172288894653
464,4,88,1.0,0.9884202480316162,0,0,0.0,0.0,0.5,0.0,0.0002533675287850201,0.5394352674484253
465,4,89,1.0,0.9883570075035095,0,0,0.0,0.0,0.5,0.0,0.0001862598001025617,0.5352085828781128
466,5,0,1.0,0.964085042476654,0,0,0.0,0.0,0.0,0.0,-0.23893742263317108,-0.0037047702353447676
467,5,1,1.0,0.9696349501609802,0,0,0.0,0.0,0.0,0.0,-0.23803138732910156,-0.00773750152438879
468,5,2,1.0,0.9677333831787109,0,0,0.0,0.0,0.0,0.0,-0.24014122784137726,-0.0063140373677015305
469,5,3,1.0,0.9666934609413147,0,0,0.0,0.0,0.0,0.0,-0.240598663687706,-0.005731335841119289
470,5,4,1.0,0.9664179682731628,0,0,0.0,0.0,0.0,0.0,-0.24132198095321655,-0.008554302155971527
471,5,5,1.0,0.9662840962409973,0,0,0.0,0.0,0.0,0.0,-0.24141055345535278,-0.008322898298501968
472,5,6,1.0,0.9680273532867432,0,0,0.0,0.0,0.0,0.0,-0.24230355024337769,-0.0058958400040864944
473,5,7,1.0,0.9680339097976685,0,0,0.0,0.0,0.0,0.0,-0.24232099950313568,-0.005819088779389858
474,5,8,1.0,0.9674968719482422,0,0,0.0,0.0,0.0,0.0,-0.2419794797897339,-0.005772577598690987
475,5,9,1.0,0.9675030708312988,0,0,0.0,-0.25,0.0,0.0,-0.24198362231254578,-0.005750773474574089
476,5,10,1.0,0.976723313331604,0,0,0.0,-0.25,0.0,0.0,-0.25261154770851135,-0.003778050886467099
477,5,11,1.0,0.9828629493713379,0,0,0.0,-0.25,0.0,0.0,-0.25827980041503906,-0.012891878373920918
478,5,12,1.0,0.9840093851089478,0,0,0.0,-0.25,0.0,0.0,-0.2595108151435852,-0.009198058396577835
479,5,13,1.0,0.9977583885192871,0,0,0.0,-0.25,0.0,0.0,-0.2662205100059509,-0.009240788407623768
480,5,14,1.0,0.9990555047988892,0,0,0.0,-0.25,0.0,0.0,-0.26787644624710083,0.0005089764017611742
481,5,15,1.0,0.9872732758522034,0,0,0.0,-0.25,0.0,0.0,-0.2733226716518402,-0.008053625002503395
482,5,16,1.0,0.9781461954116821,0,0,0.0,-0.25,0.0,0.0,-0.27811184525489807,-0.004282979294657707
483,5,17,1.0,0.9973120093345642,0,0,0.0,-0.25,0.0,0.0,-0.27787235379219055,-0.013806701637804508
484,5,18,1.0,0.9757729768753052,0,0,0.0,-0.25,0.0,0.0,-0.2779151499271393,-0.008834823966026306
485,5,19,1.0,0.9778693914413452,0,0,0.0,-0.25,0.0,0.0,-0.2802281379699707,-0.02121785469353199
486,5,20,1.0,0.9809523820877075,0,0,0.0,-0.25,0.0,0.0,-0.27252253890037537,-0.016616754233837128
487,5,21,1.0,0.9724883437156677,0,0,0.0,-0.25,0.0,0.0,-0.20130358636379242,-0.006911090575158596
488,5,22,1.0,0.976367712020874,0,0,0.0,-0.25,0.0,0.0,-0.055802859365940094,-0.004707101732492447
489,5,23,1.0,0.9756948351860046,0,0,0.0,0.0,0.0,0.0,-0.030311349779367447,-0.017096640542149544
490,5,24,1.0,0.9759128093719482,0,0,0.0,0.0,0.0,0.0,-0.014459248632192612,-0.012372277677059174
491,5,25,1.0,0.9797147512435913,0,0,0.0,0.0,0.0,0.0,-0.007919675670564175,-0.007129429839551449
492,5,26,1.0,0.9806238412857056,0,0,0.0,0.0,0.0,0.0,-0.0040025850757956505,-0.005987120792269707
493,5,27,1.0,0.981041669845581,0,0,0.0,0.0,0.0,0.0,-0.00371934799477458,-0.0051847901195287704
494,5,28,1.0,0.980707585811615,0,0,0.0,0.0,0.0,0.0,-0.0033873028587549925,-0.00837346725165844
495,5,29,1.0,0.980688214302063,0,0,0.0,0.0,0.0,0.0,-0.0032280252780765295,-0.008289504796266556
496,5,30,1.0,0.9795129299163818,0,0,0.0,0.0,0.0,0.0,-0.0027590254321694374,-0.008117429912090302
497,5,31,1.0,0.9795020222663879,0,0,0.0,0.0,0.0,0.0,-0.0027214328292757273,-0.008094536140561104
498,5,32,1.0,0.9797919988632202,0,0,0.0,0.0,0.0,0.0,-0.0031309248879551888,-0.009636304341256618
499,5,33,1.0,0.9797878265380859,0,0,0.0,0.0,0.0,0.0,-0.003121075453236699,-0.009631777182221413
500,5,34,1.0,0.9794694781303406,0,0,0.0,-0.25,0.0,0.0,-0.002063353778794408,-0.012308099307119846
501,5,35,1.0,0.9801287651062012,0,0,0.0,0.0,0.0,0.0,-0.013353530317544937,-0.012802415527403355
502,5,36,1.0,0.9822245836257935,0,0,0.0,0.0,0.0,0.0,-0.00421522743999958,-0.008548610843718052
503,5,37,1.0,0.9845807552337646,0,0,0.0,0.0,0.0,0.0,-0.0011030100286006927,-0.005825363099575043
504,5,38,1.0,0.9840211272239685,0,0,0.0,0.0,0.0,0.0,-0.00015572480333503336,-0.01018430758267641
505,5,39,1.0,0.9841983318328857,0,0,0.0,0.0,0.0,0.0,0.00036791039747186005,-0.010267676785588264
506,5,40,1.0,0.9859937429428101,0,0,0.0,0.0,0.0,0.0,0.0007620282704010606,-0.011091714724898338
507,5,41,1.0,0.9859887361526489,0,0,0.0,0.0,0.0,0.0,0.0008439642260782421,-0.011081118136644363
508,5,42,1.0,0.9862625598907471,0,0,0.0,0.0,0.0,0.0,0.0010912508005276322,-0.011161407455801964
509,5,43,1.0,0.9862574338912964,0,0,0.0,-0.25,0.0,0.0,0.001107739401049912,-0.011157091706991196
510,5,44,1.0,0.9786710739135742,0,0,0.0,0.0,0.0,0.0,-0.008165737614035606,-0.03219692409038544
511,5,45,1.0,0.9775689840316772,0,0,0.0,0.0,0.0,0.0,-0.0007689704652875662,-0.03424016013741493
512,5,46,1.0,0.9760236144065857,0,0,0.0,0.0,0.0,0.0,0.0030218076426535845,-0.2242770791053772
513,5,47,1.0,0.9774398803710938,0,0,0.0,0.0,0.0,0.0,0.005123067647218704,-0.2247563898563385
514,5,48,1.0,0.9712732434272766,0,0,0.0,0.0,0.0,0.0,-0.0019429756794124842,-0.4778728783130646
515,5,49,1.0,0.9714862108230591,0,0,0.0,0.0,0.0,0.0,-0.001567104714922607,-0.47729921340942383
516,5,50,1.0,0.9673938751220703,0,0,0.0,0.0,0.0,0.0,-0.002903805812820792,-0.5229238271713257
517,5,51,1.0,0.9673928618431091,0,0,0.0,0.0,-0.5,0.0,-0.0028226631693542004,-0.5228220224380493
518,5,52,1.0,0.9423935413360596,0,0,0.0,0.0,-0.5,0.0,-0.0032857281621545553,-0.576372504234314
519,5,53,1.0,0.9364537000656128,0,0,0.0,0.0,-0.5,0.0,0.0007594490307383239,-0.5577045679092407
520,5,54,1.0,0.929675281047821,0,0,0.0,0.0,-0.5,0.0,0.00025565820396877825,-0.5871071815490723
521,5,55,1.0,0.9535927772521973,0,0,0.0,0.0,-0.5,0.0,0.0032472247257828712,-0.5431352853775024
522,5,56,1.0,0.9394508600234985,0,0,0.0,0.0,-0.5,0.0,-0.00013016258890274912,-0.5263523459434509
523,5,57,1.0,0.9351485967636108,0,0,0.0,0.0,-0.5,0.0,0.005322705954313278,-0.4185291826725006
524,5,58,1.0,1.1898932456970215,0,0,0.0,0.0,-0.5,0.0,0.0009679239010438323,-0.17299436032772064
525,5,59,1.0,1.3790446519851685,0,0,0.0,0.0,-0.5,0.0,-0.0004442246863618493,-0.09719033539295197
526,5,60,1.0,1.41902494430542,0,0,0.0,0.0,-0.5,0.0,-0.0039147306233644485,-0.07915796339511871
527,5,61,1.0,1.4128520488739014,0,0,0.0,0.0,-0.5,0.0,-0.004205457400530577,-0.0797567218542099
528,5,62,1.0,1.4766004085540771,0,0,0.0,0.0,0.0,0.0,-0.0020219229627400637,-0.07119076699018478
529,5,63,1.0,1.4769490957260132,0,0,0.0,0.0,0.0,0.0,-0.0020351544953882694,-0.07088754326105118
530,5,64,1.0,1.491246223449707,0,0,0.0,0.0,0.0,0.0,-0.0016733984230086207,-0.06892596185207367
531,5,65,2.0,1.4914546012878418,1,0,0.0,0.0,0.0,0.0,-0.0016710578929632902,-0.06883328408002853
532,5,66,2.0,1.8974878787994385,1,1,0.0,0.0,0.0,0.0,0.0027365745045244694,-0.03723858669400215
533,5,67,2.0,1.9719717502593994,1,1,0.0,0.0,0.0,0.0,0.005641944706439972,-0.030256137251853943
534,5,68,2.0,2.0290334224700928,1,1,0.0,0.0,0.0,0.0,0.00509489793330431,-0.020037002861499786
535,5,69,2.0,2.030780076980591,1,1,0.0,0.0,0.0,0.0,0.0031426253262907267,-0.048150576651096344
536,5,70,2.0,2.0271568298339844,1,1,0.0,0.0,0.0,0.0,0.0019691279157996178,-0.023664722219109535
537,5,71,2.0,2.0438344478607178,1,1,0.0,0.0,0.0,0.0,0.0045481109991669655,-0.036882199347019196
538,5,72,2.0,1.7263548374176025,1,1,0.0,0.0,0.0,0.0,0.0070600444450974464,-0.04063590243458748
539,5,73,2.0,1.728562831878662,1,1,0.0,0.0,0.0,0.0,0.0018342023249715567,-0.022422457113862038
540,5,74,2.0,1.5679445266723633,1,1,0.0,0.0,0.0,0.0,0.0009175452287308872,-0.006491128355264664
541,5,75,2.0,1.5791468620300293,1,1,0.0,0.0,0.0,0.0,0.0025368097703903913,-0.006513054482638836
542,5,76,1.0,1.0727263689041138,0,0,0.0,0.0,0.0,0.0,-0.004191067535430193,-0.01013475377112627
543,5,77,1.0,1.1736754179000854,0,0,0.0,0.0,0.0,0.0,-0.005186465103179216,-0.026206832379102707
544,5,78,1.0,1.0685938596725464,0,0,0.0,0.0,0.0,0.0,-0.004663737490773201,-0.028053229674696922
545,5,79,1.0,1.1720902919769287,0,0,0.0,0.0,0.0,0.0,-0.005288850050419569,-0.04906909540295601
546,5,80,1.0,1.0227577686309814,0,0,0.0,0.0,0.0,0.0,-0.004356491379439831,-0.04425594583153725
547,5,81,1.0,1.0395804643630981,0,0,0.0,0.0,0.0,0.0,-0.0025586881674826145,-0.01930111087858677
548,5,82,1.0,0.9936380982398987,0,0,0.0,0.0,0.0,0.0,-0.0033132799435406923,0.00775880366563797
549,5,83,1.0,0.995181679725647,0,0,0.0,0.0,0.0,0.0,-0.004048547241836786,0.014371593482792377
550,5,84,1.0,0.9888522028923035,0,0,0.0,0.0,0.0,0.0,-0.005115616135299206,0.035842593759298325
551,5,85,1.0,0.9878027439117432,0,0,0.0,0.0,0.0,0.0,-0.006003108806908131,0.05080392211675644
552,5,86,1.0,0.9811666011810303,0,0,0.0,0.0,0.0,0.0,-0.004872855264693499,0.16683843731880188
553,5,87,1.0,0.9835230708122253,0,0,0.0,0.0,0.0,0.0,-0.0034988606348633766,0.21169424057006836
554,5,88,1.0,0.9884709119796753,0,0,0.0,0.0,0.0,0.0,-0.001803554012440145,0.303507924079895
555,5,89,1.0,0.9889187216758728,0,0,0.0,0.0,0.0,0.0,-0.0013051640707999468,0.3242057263851166
556,5,90,1.0,0.9879117012023926,0,0,0.0,0.0,0.5,0.0,-0.002239897847175598,0.31450513005256653
557,5,91,1.0,1.0014657974243164,0,0,0.0,0.0,0.5,0.0,-0.003113265847787261,0.525762140750885
558,5,92,1.0,1.001181960105896,0,0,0.0,0.0,0.5,0.0,-0.001616709167137742,0.5406346321105957
559,5,93,1.0,1.0146218538284302,0,0,0.0,0.0,0.5,0.0,-0.0046266550198197365,0.5141963958740234
560,5,94,1.0,0.9913796186447144,0,0,0.0,0.0,0.5,0.0,-0.0012702381936833262,0.5538997650146484
561,5,95,1.0,0.9967415928840637,0,0,0.0,0.0,0.5,0.0,0.000764224270824343,0.5403618216514587
562,5,96,1.0,0.9920935034751892,0,0,0.0,0.0,0.5,0.0,0.0003088405937887728,0.5491027235984802
563,5,97,1.0,0.9924873113632202,0,0,0.0,0.0,0.5,0.0,-0.00020931616018060595,0.5519624948501587
564,5,98,1.0,0.9910324215888977,0,0,0.0,0.0,0.5,0.0,-0.00021415094670373946,0.5464602708816528
565,5,99,1.0,0.9908467531204224,0,0,0.0,0.0,0.5,0.0,-0.0007146821590140462,0.5413626432418823
566,5,100,1.0,0.9925704598426819,0,0,0.0,0.0,0.5,0.0,0.0016522606601938605,0.5408545136451721
567,6,0,1.0,0.975055456161499,0,0,0.0,0.0,0.0,0.0,-0.24142658710479736,-0.012467136606574059
568,6,1,1.0,0.9920805096626282,0,0,0.0,0.0,0.0,0.0,-0.2371341437101364,-0.0183105431497097
569,6,2,1.0,0.9800280928611755,0,0,0.0,0.0,0.0,0.0,-0.2438027560710907,-0.015907596796751022
570,6,3,1.0,0.9765948057174683,0,0,0.0,0.0,0.0,0.0,-0.24540071189403534,-0.015757698565721512
571,6,4,1.0,0.9756162166595459,0,0,0.0,0.0,0.0,0.0,-0.24865801632404327,-0.01719333790242672
572,6,5,1.0,0.9753025770187378,0,0,0.0,0.0,0.0,0.0,-0.24891892075538635,-0.01676923781633377
573,6,6,1.0,0.9695733189582825,0,0,0.0,0.0,0.0,0.0,-0.2505294382572174,-0.019458692520856857
574,6,7,1.0,0.9695650935173035,0,0,0.0,0.0,0.0,0.0,-0.2505762279033661,-0.019288120791316032
575,6,8,1.0,0.9710555076599121,0,0,0.0,-0.25,0.0,0.0,-0.2526474893093109,-0.019722947850823402
576,6,9,1.0,0.979109525680542,0,0,0.0,-0.25,0.0,0.0,-0.2772355079650879,-0.02458031475543976
577,6,10,1.0,0.9851935505867004,0,0,0.0,-0.25,0.0,0.0,-0.2815580368041992,-0.028248313814401627
578,6,11,1.0,0.9790234565734863,0,0,0.0,-0.25,0.0,0.0,-0.2798739969730377,-0.028577744960784912
579,6,12,1.0,0.9932534694671631,0,0,0.0,-0.25,0.0,0.0,-0.24541981518268585,-0.015481722541153431
580,6,13,1.0,0.9837905168533325,0,0,0.0,-0.25,0.0,0.0,-0.16132260859012604,0.00028385105542838573
581,6,14,1.0,0.9764173030853271,0,0,0.0,-0.25,0.0,0.0,-0.044592250138521194,-0.012180827558040619
582,6,15,1.0,0.9778205156326294,0,0,0.0,0.0,0.0,0.0,-0.029883859679102898,-0.014000178314745426
583,6,16,1.0,0.9816155433654785,0,0,0.0,0.0,0.0,0.0,-0.005517279729247093,-0.00992888119071722
584,6,17,1.0,0.9797497987747192,0,0,0.0,0.0,0.0,0.0,-0.0020720907486975193,-0.012585635297000408
585,6,18,1.0,0.9799204468727112,0,0,0.0,0.0,0.0,0.0,-0.002694204682484269,-0.012697813101112843
586,6,19,1.0,0.980103611946106,0,0,0.0,0.0,0.0,0.0,-0.0017049803864210844,-0.012558200396597385
587,6,20,1.0,0.9824309349060059,0,0,0.0,0.0,0.0,0.0,0.0005023663979955018,-0.01703024096786976
588,6,21,1.0,0.9824143648147583,0,0,0.0,0.0,0.0,0.0,0.0006694045732729137,-0.01695224642753601
589,6,22,1.0,0.9808811545372009,0,0,0.0,0.0,0.0,0.0,0.00046073494013398886,-0.017030324786901474
590,6,23,1.0,0.9808654189109802,0,0,0.0,-0.25,0.0,0.0,0.0004973662435077131,-0.017019718885421753
591,6,24,1.0,0.9802253246307373,0,0,0.0,0.0,0.0,0.0,-0.00749358581379056,-0.022221717983484268
592,6,25,1.0,0.977695643901825,0,0,0.0,0.0,0.0,0.0,0.0003997055464424193,-0.030535496771335602
593,6,26,1.0,0.97273850440979,0,0,0.0,0.0,0.0,0.0,0.00121787516400218,-0.18183304369449615
594,6,27,1.0,0.9730115532875061,0,0,0.0,0.0,0.0,0.0,0.003861561883240938,-0.17761112749576569
595,6,28,1.0,0.9587316513061523,0,0,0.0,0.0,0.0,0.0,-0.0030305590480566025,-0.44423022866249084
596,6,29,1.0,0.9588602185249329,0,0,0.0,0.0,0.0,0.0,-0.0026106140576303005,-0.4438398778438568
597,6,30,1.0,0.959385871887207,0,0,0.0,0.0,0.0,0.0,-0.0012325143907219172,-0.43299034237861633
598,6,31,1.0,0.959372878074646,0,0,0.0,0.0,0.0,0.0,-0.0011520364787429571,-0.43286627531051636
599,6,32,1.0,0.9601131081581116,0,0,0.0,0.0,-0.5,0.0,0.0001482944207964465,-0.3908237814903259
600,6,33,1.0,0.9338030815124512,0,0,0.0,0.0,-0.5,0.0,0.0029362402856349945,-0.5251514911651611
601,6,34,1.0,0.9218581914901733,0,0,0.0,0.0,-0.5,0.0,0.0038657125551253557,-0.5429756045341492
602,6,35,1.0,0.9355697631835938,0,0,0.0,0.0,-0.5,0.0,0.004577685613185167,-0.5394725203514099
603,6,36,1.0,0.947823703289032,0,0,0.0,0.0,-0.5,0.0,0.002617140766233206,-0.49970582127571106
604,6,37,1.0,0.9603238701820374,0,0,0.0,0.0,-0.5,0.0,0.003279793309047818,-0.49358126521110535
605,6,38,1.0,0.9472624659538269,0,0,0.0,0.0,-0.5,0.0,0.0037814374081790447,-0.43367576599121094
606,6,39,1.0,1.007086157798767,0,0,0.0,0.0,-0.5,0.0,0.004051605239510536,-0.28329935669898987
607,6,40,1.0,1.3626247644424438,0,0,0.0,0.0,-0.5,0.0,-0.006650438532233238,-0.0810435339808464
608,6,41,1.0,1.3946822881698608,0,0,0.0,0.0,-0.5,0.0,-0.004970873240381479,-0.0734589695930481
609,6,42,1.0,1.4695563316345215,0,0,0.0,0.0,0.0,0.0,-0.004670081660151482,-0.06632102280855179
610,6,43,1.0,1.4705826044082642,0,0,0.0,0.0,0.0,0.0,-0.004720462020486593,-0.06558264046907425
611,6,44,1.0,1.4971697330474854,0,0,0.0,0.0,0.0,0.0,-0.0037944104988127947,-0.06632645428180695
612,6,45,2.0,1.4972059726715088,1,0,0.0,0.0,0.0,0.0,-0.003793541109189391,-0.06627507507801056
613,6,46,2.0,2.0224504470825195,1,1,0.0,0.0,0.0,0.0,0.003119454951956868,-0.021444212645292282
614,6,47,2.0,1.9986939430236816,1,1,0.0,0.0,0.0,0.0,0.002793798688799143,-0.02903738245368004
615,6,48,2.0,2.024181365966797,1,1,0.0,0.0,0.0,0.0,0.0035125697031617165,-0.01180487684905529
616,6,49,2.0,2.0269594192504883,1,1,0.0,0.0,0.0,0.0,0.004632247146219015,-0.03090067207813263
617,6,50,2.0,2.0312914848327637,1,1,0.0,0.0,0.0,0.0,0.006392800249159336,-0.023018844425678253
618,6,51,2.0,2.0401957035064697,1,1,0.0,0.0,0.0,0.0,0.009183022193610668,-0.03126475587487221
619,6,52,2.0,1.8840506076812744,1,1,0.0,0.0,0.0,0.0,0.004511942621320486,0.019414210692048073
620,6,53,2.0,1.684316635131836,1,1,0.0,0.0,0.0,0.0,0.0054955813102424145,-0.01694752275943756
621,6,54,2.0,1.4002056121826172,1,0,0.0,0.0,0.0,0.0,-0.0005226541543379426,0.005120180547237396
622,6,55,2.0,1.3200926780700684,1,0,0.0,0.0,0.0,0.0,-0.0006032447563484311,-0.005113326944410801
623,6,56,2.0,1.1307125091552734,1,0,0.0,0.0,0.0,0.0,-0.001949211349710822,-0.011883988976478577
624,6,57,2.0,1.1373512744903564,1,0,0.0,0.0,0.0,0.0,-0.0022946964018046856,-0.0053380075842142105
625,6,58,1.0,1.039926290512085,0,0,0.0,0.0,0.0,0.0,-0.0027427480090409517,0.0007492552977055311
626,6,59,1.0,1.0304045677185059,0,0,0.0,0.0,0.0,0.0,-0.003991310019046068,-0.006900004111230373
627,6,60,1.0,1.0210652351379395,0,0,0.0,0.0,0.0,0.0,-0.005599623546004295,0.00036990060470998287
628,6,61,1.0,1.0070490837097168,0,0,0.0,0.0,0.0,0.0,-0.005262250546365976,-0.022723812609910965
629,6,62,1.0,0.9816644191741943,0,0,0.0,0.0,0.0,0.0,-0.0044754971750080585,-0.01643592119216919
630,6,63,1.0,0.9835422039031982,0,0,0.0,0.0,0.0,0.0,-0.003624305594712496,-0.021406156942248344
631,6,64,1.0,0.9876484274864197,0,0,0.0,0.0,0.0,0.0,-0.0034084725193679333,-0.02916312962770462
632,6,65,1.0,0.9853855967521667,0,0,0.0,0.0,0.5,0.0,-0.002767754253000021,-0.02693982608616352
633,6,66,1.0,0.9991927146911621,0,0,0.0,0.0,0.5,0.0,-0.004830327350646257,0.4371587336063385
634,6,67,1.0,0.9943221211433411,0,0,0.0,0.0,0.5,0.0,0.0009142696508206427,0.5363278388977051
635,6,68,1.0,1.0160714387893677,0,0,0.0,0.0,0.5,0.0,-0.0012783362763002515,0.5311094522476196
636,6,69,1.0,1.007757306098938,0,0,0.0,0.0,0.5,0.0,-0.0016618156805634499,0.5438999533653259
637,6,70,1.0,0.9961941242218018,0,0,0.0,0.0,0.5,0.0,-0.001359355403110385,0.5549205541610718
638,6,71,1.0,0.9959784150123596,0,0,0.0,0.0,0.5,0.0,-0.0015835475642234087,0.5497604608535767
639,6,72,1.0,0.9910635948181152,0,0,0.0,0.0,0.5,0.0,-0.0017398421186953783,0.5432734489440918
640,6,73,1.0,0.9898489713668823,0,0,0.0,0.0,0.5,0.0,-0.00013954505266156048,0.5412437319755554
641,6,74,1.0,0.9917030334472656,0,0,0.0,0.0,0.5,0.0,-0.0002459529205225408,0.5364571809768677
642,6,75,1.0,0.9917638301849365,0,0,0.0,0.0,0.5,0.0,-0.00011278012243565172,0.5322479605674744
643,7,0,1.0,0.9642937779426575,0,0,0.0,0.0,0.0,0.0,0.23796796798706055,-0.011761016212403774
644,7,1,1.0,0.9699069261550903,0,0,0.0,0.0,0.0,0.0,0.23741459846496582,-0.01104831788688898
645,7,2,1.0,0.9693337678909302,0,0,0.0,0.0,0.0,0.0,0.23829962313175201,-0.01610664837062359
646,7,3,1.0,0.9676485657691956,0,0,0.0,0.0,0.0,0.0,0.2385096400976181,-0.016659630462527275
647,7,4,1.0,0.9702028036117554,0,0,0.0,0.0,0.0,0.0,0.23741108179092407,-0.01894352026283741
648,7,5,1.0,0.9699255228042603,0,0,0.0,0.0,0.0,0.0,0.2374536246061325,-0.01899251528084278
649,7,6,1.0,0.9679484367370605,0,0,0.0,0.0,0.0,0.0,0.23839935660362244,-0.01852657087147236
650,7,7,1.0,0.9679247736930847,0,0,0.0,0.0,0.0,0.0,0.23840132355690002,-0.018509086221456528
651,7,8,1.0,0.9653793573379517,0,0,0.0,0.25,0.0,0.0,0.23859457671642303,-0.023280726745724678
652,7,9,1.0,0.9639606475830078,0,0,0.0,0.25,0.0,0.0,0.2589319348335266,-0.02281712368130684
653,7,10,1.0,0.9753355383872986,0,0,0.0,0.25,0.0,0.0,0.2615351676940918,-0.03174888342618942
654,7,11,1.0,0.9758802652359009,0,0,0.0,0.25,0.0,0.0,0.27097874879837036,-0.023779259994626045
655,7,12,1.0,0.9733568429946899,0,0,0.0,0.25,0.0,0.0,0.2808935344219208,-0.021955909207463264
656,7,13,1.0,0.9810006618499756,0,0,0.0,0.25,0.0,0.0,0.28507888317108154,-0.020646682009100914
657,7,14,1.0,0.9833775758743286,0,0,0.0,0.25,0.0,0.0,0.28539302945137024,-0.017304159700870514
658,7,15,1.0,0.9843807816505432,0,0,0.0,0.25,0.0,0.0,0.2867453992366791,-0.024227513000369072
659,7,16,1.0,0.9869045615196228,0,0,0.0,0.25,0.0,0.0,0.2910146117210388,-0.02535831369459629
660,7,17,1.0,0.9844505190849304,0,0,0.0,0.25,0.0,0.0,0.288020521402359,-0.018660468980669975
661,7,18,1.0,0.9802096486091614,0,0,0.0,0.25,0.0,0.0,0.28548669815063477,-0.016295505687594414
662,7,19,1.0,0.98876953125,0,0,0.0,0.25,0.0,0.0,0.2700192928314209,-0.0063415952026844025
663,7,20,1.0,0.9915339946746826,0,0,0.0,0.25,0.0,0.0,0.22961755096912384,-0.0049758246168494225
664,7,21,1.0,0.9739025831222534,0,0,0.0,0.0,0.0,0.0,0.09120969474315643,0.003775812452659011
665,7,22,1.0,0.970870316028595,0,0,0.0,0.0,0.0,0.0,0.024350671097636223,-0.002863330999389291
666,7,23,1.0,0.9660179615020752,0,0,0.0,0.0,0.0,0.0,0.013944867067039013,-0.007838087156414986
667,7,24,1.0,0.9742896556854248,0,0,0.0,0.0,0.0,0.0,0.013186692260205746,-0.006794248707592487
668,7,25,1.0,0.9744881391525269,0,0,0.0,0.0,0.0,0.0,0.012227167375385761,-0.007284120656549931
669,7,26,1.0,0.9727494120597839,0,0,0.0,0.0,0.0,0.0,0.011257396079599857,-0.01044765766710043
670,7,27,1.0,0.9727869033813477,0,0,0.0,0.0,0.0,0.0,0.011115574277937412,-0.010626045055687428
671,7,28,1.0,0.9715657234191895,0,0,0.0,0.25,0.0,0.0,0.011488822288811207,-0.00938822329044342
672,7,29,1.0,0.9778791069984436,0,0,0.0,0.0,0.0,0.0,0.022835224866867065,-0.004158058203756809
673,7,30,1.0,0.9790472388267517,0,0,0.0,0.0,0.0,0.0,0.012868780642747879,-0.006076318211853504
674,7,31,1.0,0.9777953028678894,0,0,0.0,0.0,0.0,0.0,0.00878883060067892,-0.008371654897928238
675,7,32,1.0,0.9760218858718872,0,0,0.0,0.0,0.0,0.0,0.0077469926327466965,-0.009596696123480797
676,7,33,1.0,0.9760369062423706,0,0,0.0,0.0,0.0,0.0,0.007327145431190729,-0.009709206409752369
677,7,34,1.0,0.9759724736213684,0,0,0.0,0.0,0.0,0.0,0.006766556762158871,-0.01179368607699871
678,7,35,1.0,0.9759892821311951,0,0,0.0,0.25,0.0,0.0,0.006706936284899712,-0.011824902147054672
679,7,36,1.0,0.9800935983657837,0,0,0.0,0.25,0.0,0.0,0.015386737883090973,-0.006872360594570637
680,7,37,1.0,0.9806613326072693,0,0,0.0,0.0,0.0,0.0,0.018665488809347153,-0.006973478943109512
681,7,38,1.0,0.9753774404525757,0,0,0.0,0.0,0.0,0.0,0.01000613160431385,-0.04883202165365219
682,7,39,1.0,0.9768504500389099,0,0,0.0,0.0,0.0,0.0,0.005253198556602001,-0.03814101591706276
683,7,40,1.0,0.9625645875930786,0,0,0.0,0.0,0.0,0.0,0.002321177627891302,-0.2864447832107544
684,7,41,1.0,0.9637549519538879,0,0,0.0,0.0,0.0,0.0,0.0012316317297518253,-0.2858806848526001
685,7,42,1.0,0.9438183307647705,0,0,0.0,0.0,0.0,0.0,-0.0018627187237143517,-0.5215704441070557
686,7,43,1.0,0.9440786838531494,0,0,0.0,0.0,0.0,0.0,-0.0020603693556040525,-0.5215024948120117
687,7,44,1.0,0.9443088173866272,0,0,0.0,0.0,0.0,0.0,-0.0019865629728883505,-0.5229915380477905
688,7,45,1.0,0.9443609118461609,0,0,0.0,0.0,0.0,0.0,-0.002032983349636197,-0.5229983925819397
689,7,46,1.0,0.9452804327011108,0,0,0.0,0.0,0.0,0.0,-0.002493578940629959,-0.5292940139770508
690,7,47,1.0,0.9452902674674988,0,0,0.0,0.0,-0.5,0.0,-0.0025055778678506613,-0.5293012857437134
691,7,48,1.0,0.9332752823829651,0,0,0.0,0.0,-0.5,0.0,-0.0011246949434280396,-0.5742160677909851
692,7,49,1.0,0.9394280910491943,0,0,0.0,0.0,-0.5,0.0,0.00027076283004134893,-0.5700288414955139
693,7,50,1.0,0.9389587640762329,0,0,0.0,0.0,-0.5,0.0,-0.0024209357798099518,-0.5698397755622864
694,7,51,1.0,0.9472534656524658,0,0,0.0,0.0,-0.5,0.0,0.003286349354311824,-0.47625577449798584
695,7,52,1.0,0.9695485830307007,0,0,0.0,0.0,-0.5,0.0,0.0038306068163365126,-0.4830341339111328
696,7,53,1.0,0.9420581459999084,0,0,0.0,0.0,-0.5,0.0,0.0031597113702446222,-0.397708922624588
697,7,54,1.0,1.1927953958511353,0,0,0.0,0.0,-0.5,0.0,0.0048342514783144,-0.1647028774023056
698,7,55,1.0,1.3719863891601562,0,0,0.0,0.0,-0.5,0.0,0.0018949946388602257,-0.08493968099355698
699,7,56,1.0,1.4601937532424927,0,0,0.0,0.0,-0.5,0.0,0.002141403965651989,-0.06527736783027649
700,7,57,1.0,1.461775541305542,0,0,0.0,0.0,0.0,0.0,0.0020878249779343605,-0.06449076533317566
701,7,58,1.0,1.5161159038543701,0,1,0.0,0.0,0.0,0.0,0.002848610980436206,-0.06127466633915901
702,7,59,1.0,1.5161349773406982,0,1,0.0,0.0,0.0,0.0,0.002823706017807126,-0.06124028190970421
703,7,60,2.0,1.5415798425674438,1,1,0.0,0.0,0.0,0.0,0.004961415659636259,-0.062420640140771866
704,7,61,2.0,1.9954967498779297,1,1,0.0,0.0,0.0,0.0,0.006718351971358061,-0.013938370160758495
705,7,62,2.0,2.029278516769409,1,1,0.0,0.0,0.0,0.0,0.005543977953493595,-0.0155702019110322
706,7,63,2.0,2.039180278778076,1,1,0.0,0.0,0.0,0.0,0.004137203563004732,-0.03521229699254036
707,7,64,2.0,2.0397191047668457,1,1,0.0,0.0,0.0,0.0,0.004757510498166084,-0.030791763216257095
708,7,65,2.0,2.057661533355713,1,1,0.0,0.0,0.0,0.0,0.005329716484993696,-0.02095833607017994
709,7,66,2.0,1.7867436408996582,1,1,0.0,0.0,0.0,0.0,0.006118433550000191,-0.02652633748948574
710,7,67,2.0,1.80876624584198,1,1,0.0,0.0,0.0,0.0,0.005223467014729977,-0.02610049396753311
711,7,68,2.0,1.7577238082885742,1,1,0.0,0.0,0.0,0.0,0.005074930377304554,-0.019031111150979996
712,7,69,2.0,1.7516155242919922,1,1,0.0,0.0,0.0,0.0,0.00485988287255168,-0.021957414224743843
713,7,70,2.0,1.5543642044067383,1,1,0.0,0.0,0.0,0.0,0.0026649879291653633,-0.025399204343557358
714,7,71,2.0,1.4510431289672852,1,0,0.0,0.0,0.0,0.0,0.0018403981812298298,-0.042528118938207626
715,7,72,2.0,1.122385859489441,1,0,0.0,0.0,0.0,0.0,-0.001377179054543376,-0.029926571995019913
716,7,73,1.0,1.1121337413787842,0,0,0.0,0.0,0.0,0.0,-0.0015078784199431539,-0.019342761486768723
717,7,74,1.0,1.0555590391159058,0,0,0.0,0.0,0.0,0.0,-0.0010870707919821143,-0.013781963847577572
718,7,75,1.0,1.0625813007354736,0,0,0.0,0.0,0.0,0.0,-0.0006362705025821924,-0.0058930786326527596
719,7,76,1.0,1.0182572603225708,0,0,0.0,0.0,0.0,0.0,-0.0030244956724345684,0.009249386377632618
720,7,77,1.0,1.0207058191299438,0,0,0.0,0.0,0.0,0.0,-0.002734358888119459,0.003761318977922201
721,7,78,1.0,1.0279889106750488,0,0,0.0,0.0,0.0,0.0,-0.0027306494303047657,0.011254108510911465
722,7,79,1.0,1.0216022729873657,0,0,0.0,0.0,0.0,0.0,-0.002730471780523658,0.0036011389456689358
723,7,80,1.0,0.9903082847595215,0,0,0.0,0.0,0.0,0.0,-0.002927512861788273,0.06305793672800064
724,7,81,1.0,0.986151397228241,0,0,0.0,0.0,0.5,0.0,-0.003183560213074088,0.045829933136701584
725,7,82,1.0,1.00203537940979,0,0,0.0,0.0,0.5,0.0,0.0003908954677172005,0.40998294949531555
726,7,83,1.0,1.0066875219345093,0,0,0.0,0.0,0.5,0.0,-0.006127831060439348,0.5015785694122314
727,7,84,1.0,1.0072060823440552,0,0,0.0,0.0,0.5,0.0,-0.0012176827294752002,0.530226469039917
728,7,85,1.0,0.9977686405181885,0,0,0.0,0.0,0.5,0.0,-0.001060502603650093,0.5419344902038574
729,7,86,1.0,1.0033069849014282,0,0,0.0,0.0,0.5,0.0,-0.0011921325931325555,0.5381682515144348
730,7,87,1.0,0.994037389755249,0,0,0.0,0.0,0.5,0.0,-0.0015164930373430252,0.5496729016304016
731,7,88,1.0,0.9918971657752991,0,0,0.0,0.0,0.5,0.0,0.0016816548304632306,0.5482953786849976
732,7,89,1.0,0.987199068069458,0,0,0.0,0.0,0.5,0.0,0.0009697509231045842,0.5389992594718933
733,7,90,1.0,0.9906229376792908,0,0,0.0,0.0,0.5,0.0,0.0010097712511196733,0.5410537719726562
734,7,91,1.0,0.9883816242218018,0,0,0.0,0.0,0.5,0.0,0.0019074389711022377,0.5397542715072632
735,8,0,1.0,0.9649285078048706,0,0,0.0,0.0,0.0,0.0,0.2557382583618164,-0.01479253452271223
736,8,1,1.0,0.9769357442855835,0,0,0.0,0.0,0.0,0.0,0.25173839926719666,-0.01653648167848587
737,8,2,1.0,0.9708712697029114,0,0,0.0,0.0,0.0,0.0,0.25998908281326294,-0.021730780601501465
738,8,3,1.0,0.9675241708755493,0,0,0.0,0.0,0.0,0.0,0.2611299157142639,-0.02117271162569523
739,8,4,1.0,0.9713864326477051,0,0,0.0,0.0,0.0,0.0,0.26355236768722534,-0.022423747926950455
740,8,5,1.0,0.970905065536499,0,0,0.0,0.0,0.0,0.0,0.263798326253891,-0.02215549908578396
741,8,6,1.0,0.9751279354095459,0,0,0.0,0.0,0.0,0.0,0.2664928436279297,-0.02344208024442196
742,8,7,1.0,0.9750840663909912,0,0,0.0,0.0,0.0,0.0,0.2665461301803589,-0.023323632776737213
743,8,8,1.0,0.9747016429901123,0,0,0.0,0.0,0.0,0.0,0.2659679055213928,-0.023026755079627037
744,8,9,1.0,0.9746967554092407,0,0,0.0,0.25,0.0,0.0,0.26597896218299866,-0.02298904024064541
745,8,10,1.0,0.9704435467720032,0,0,0.0,0.25,0.0,0.0,0.2906284034252167,-0.02180330455303192
746,8,11,1.0,0.9847387075424194,0,0,0.0,0.25,0.0,0.0,0.2915528416633606,-0.026212351396679878
747,8,12,1.0,1.0018218755722046,0,0,0.0,0.25,0.0,0.0,0.28857895731925964,-0.02297629974782467
748,8,13,1.0,1.000277042388916,0,0,0.0,0.25,0.0,0.0,0.27223554253578186,-0.007776355370879173
749,8,14,1.0,0.9957208633422852,0,0,0.0,0.25,0.0,0.0,0.14339636266231537,0.019585411995649338
750,8,15,1.0,0.9836695790290833,0,0,0.0,0.25,0.0,0.0,0.0861298218369484,0.005368013866245747
751,8,16,1.0,0.9793105721473694,0,0,0.0,0.0,0.0,0.0,0.03565216064453125,-0.0006678521167486906
752,8,17,1.0,0.971762478351593,0,0,0.0,0.0,0.0,0.0,0.014244946651160717,-0.0026985404547303915
753,8,18,1.0,0.9787095189094543,0,0,0.0,0.0,0.0,0.0,0.009206493385136127,-0.008207866922020912
754,8,19,1.0,0.9790329337120056,0,0,0.0,0.0,0.0,0.0,0.006597771774977446,-0.009052989073097706
755,8,20,1.0,0.9762709736824036,0,0,0.0,0.0,0.0,0.0,0.005210799165070057,-0.009188568219542503
756,8,21,1.0,0.9763140678405762,0,0,0.0,0.0,0.0,0.0,0.0049215080216526985,-0.009395946748554707
757,8,22,1.0,0.9787620902061462,0,0,0.0,0.0,0.0,0.0,0.005265284329652786,-0.008161786012351513
758,8,23,1.0,0.9787783026695251,0,0,0.0,0.0,0.0,0.0,0.005215322598814964,-0.008233192376792431
759,8,24,1.0,0.9793444871902466,0,0,0.0,0.0,0.0,0.0,0.005461025983095169,-0.008665278553962708
760,8,25,1.0,0.9793500304222107,0,0,0.0,0.0,0.0,0.0,0.005449166055768728,-0.008683797903358936
761,8,26,1.0,0.9794155955314636,0,0,0.0,0.0,0.0,0.0,0.0055420552380383015,-0.009096010588109493
762,8,27,1.0,0.979417085647583,0,0,0.0,0.0,0.0,0.0,0.005538904573768377,-0.009101622737944126
763,8,28,1.0,0.9781056642532349,0,0,0.0,0.25,0.0,0.0,0.005090418737381697,-0.008484961465001106
764,8,29,1.0,0.9761032462120056,0,0,0.0,0.0,0.0,0.0,0.014579753391444683,-0.010004086419939995
765,8,30,1.0,0.9740318655967712,0,0,0.0,0.0,0.0,0.0,0.008503762073814869,-0.050519801676273346
766,8,31,1.0,0.9697304368019104,0,0,0.0,0.0,0.0,0.0,0.0038550549652427435,-0.06458010524511337
767,8,32,1.0,0.9616753458976746,0,0,0.0,0.0,0.0,0.0,0.0007218248210847378,-0.21472376585006714
768,8,33,1.0,0.9621084928512573,0,0,0.0,0.0,0.0,0.0,-0.00023732530826237053,-0.2150932252407074
769,8,34,1.0,0.9455514550209045,0,0,0.0,0.0,0.0,0.0,-0.0021196745801717043,-0.31332623958587646
770,8,35,1.0,0.945682168006897,0,0,0.0,0.0,0.0,0.0,-0.002304012654349208,-0.3135548532009125
771,8,36,1.0,0.9443475604057312,0,0,0.0,0.0,0.0,0.0,-0.0022064826916903257,-0.37826159596443176
772,8,37,1.0,0.9443854093551636,0,0,0.0,0.0,0.0,0.0,-0.0022455097641795874,-0.3783448338508606
773,8,38,1.0,0.9457253217697144,0,0,0.0,0.0,0.0,0.0,-0.0024867490865290165,-0.38662174344062805
774,8,39,1.0,0.9457372426986694,0,0,0.0,0.0,-0.5,0.0,-0.002496344968676567,-0.3866439759731293
775,8,40,1.0,0.9270955920219421,0,0,0.0,0.0,-0.5,0.0,-7.063553493935615e-05,-0.5397869944572449
776,8,41,1.0,0.9292424321174622,0,0,0.0,0.0,-0.5,0.0,0.000471416802611202,-0.5667059421539307
777,8,42,1.0,0.9356945753097534,0,0,0.0,0.0,-0.5,0.0,-0.0010405014036223292,-0.56355881690979
778,8,43,1.0,0.95930016040802,0,0,0.0,0.0,-0.5,0.0,0.0010850033722817898,-0.5290045142173767
779,8,44,1.0,0.9508700370788574,0,0,0.0,0.0,-0.5,0.0,0.007795483805239201,-0.5113822221755981
780,8,45,1.0,0.9314045906066895,0,0,0.0,0.0,-0.5,0.0,0.005041042808443308,-0.4051966965198517
781,8,46,1.0,1.1738507747650146,0,0,0.0,0.0,-0.5,0.0,0.0033667029347270727,-0.15745364129543304
782,8,47,1.0,1.3675302267074585,0,0,0.0,0.0,-0.5,0.0,0.0024524705950170755,-0.08220120519399643
783,8,48,1.0,1.4058313369750977,0,0,0.0,0.0,-0.5,0.0,0.0008141881553456187,-0.0636519342660904
784,8,49,1.0,1.4073669910430908,0,0,0.0,0.0,0.0,0.0,0.0007346661295741796,-0.06258580833673477
785,8,50,1.0,1.4188423156738281,0,0,0.0,0.0,0.0,0.0,-0.0001239812554558739,-0.05999689921736717
786,8,51,1.0,1.4188711643218994,0,0,0.0,0.0,0.0,0.0,-0.00014428624126594514,-0.059922341257333755
787,8,52,1.0,1.4225068092346191,0,0,0.0,0.0,0.0,0.0,0.0007672750507481396,-0.06138801947236061
788,8,53,2.0,1.4223835468292236,1,0,0.0,0.0,0.0,0.0,0.0007673772051930428,-0.06143103167414665
789,8,54,2.0,2.014927864074707,1,1,0.0,0.0,0.0,0.0,0.007266434375196695,-0.017956430092453957
790,8,55,2.0,2.0266127586364746,1,1,0.0,0.0,0.0,0.0,0.010840990580618382,-0.02722150832414627
791,8,56,2.0,2.044015884399414,1,1,0.0,0.0,0.0,0.0,0.005760920234024525,-0.012611429207026958
792,8,57,2.0,2.049978256225586,1,1,0.0,0.0,0.0,0.0,0.005071958061307669,-0.012203679420053959
793,8,58,2.0,1.63956618309021,1,1,0.0,0.0,0.0,0.0,-0.0005148887867107987,0.045139212161302567
794,8,59,2.0,1.509278655052185,1,1,0.0,0.0,0.0,0.0,-5.970054189674556e-05,-0.010384985245764256
795,8,60,2.0,1.161394476890564,1,0,0.0,0.0,0.0,0.0,-0.0032376921735703945,-0.0148208262398839
796,8,61,2.0,1.1546859741210938,1,0,0.0,0.0,0.0,0.0,-0.0032217835541814566,-0.018041055649518967
797,8,62,2.0,1.138714075088501,1,0,0.0,0.0,0.0,0.0,-0.0036241908092051744,-0.015059304423630238
798,8,63,2.0,1.1362628936767578,1,0,0.0,0.0,0.0,0.0,-0.0037568791303783655,-0.0159293320029974
799,8,64,2.0,1.039701223373413,1,0,0.0,0.0,0.0,0.0,-0.004201019648462534,-0.0024253984447568655
800,8,65,2.0,1.0393729209899902,1,0,0.0,0.0,0.0,0.0,-0.0041651492938399315,-0.002476510824635625
801,8,66,1.0,1.023983359336853,0,0,0.0,0.0,0.0,0.0,-0.0035879004281014204,0.0007484895177185535
802,8,67,1.0,1.0235944986343384,0,0,0.0,0.0,0.0,0.0,-0.0035524587146937847,0.0005454744677990675
803,8,68,1.0,1.0194919109344482,0,0,0.0,0.0,0.0,0.0,-0.002347971312701702,0.0025071061681956053
804,8,69,1.0,1.0184768438339233,0,0,0.0,0.0,0.0,0.0,-0.002475715009495616,0.0025244546122848988
805,8,70,1.0,1.0353715419769287,0,0,0.0,0.0,0.0,0.0,-0.0027361612301319838,-0.005904871970415115
806,8,71,1.0,1.0358554124832153,0,0,0.0,0.0,0.0,0.0,-0.002691090339794755,-0.005938817746937275
807,8,72,1.0,1.0447269678115845,0,0,0.0,0.0,0.5,0.0,-0.00393989821895957,-0.005540790967643261
808,8,73,1.0,1.062706708908081,0,0,0.0,0.0,0.5,0.0,-0.0005981469294056296,0.15839101374149323
809,8,74,1.0,1.0207386016845703,0,0,0.0,0.0,0.5,0.0,-0.0062234229408204556,0.5016207695007324
810,8,75,1.0,0.9982433319091797,0,0,0.0,0.0,0.5,0.0,-0.0009099270682781935,0.5466985106468201
811,8,76,1.0,0.9904646873474121,0,0,0.0,0.0,0.5,0.0,0.0008686247165314853,0.5553013682365417
812,8,77,1.0,0.9899208545684814,0,0,0.0,0.0,0.5,0.0,-0.000688321772031486,0.5550215244293213
813,8,78,1.0,0.9925686120986938,0,0,0.0,0.0,0.5,0.0,0.0009867834160104394,0.5457837581634521
814,8,79,1.0,0.9924106597900391,0,0,0.0,0.0,0.5,0.0,0.000519702211022377,0.5491741299629211
815,8,80,1.0,0.9899903535842896,0,0,0.0,0.0,0.5,0.0,0.000833994010463357,0.5473423004150391
816,8,81,1.0,0.9867309927940369,0,0,0.0,0.0,0.5,0.0,0.00019707181490957737,0.5461242198944092
817,8,82,1.0,0.98713618516922,0,0,0.0,0.0,0.5,0.0,-0.0004784358316101134,0.5374444723129272
818,9,0,1.0,0.964085042476654,0,0,0.0,0.0,0.0,0.0,-0.2389373928308487,-0.003704766510054469
819,9,1,1.0,0.969635009765625,0,0,0.0,0.0,0.0,0.0,-0.23803137242794037,-0.00773750152438879
820,9,2,1.0,0.9677333831787109,0,0,0.0,0.0,0.0,0.0,-0.24014125764369965,-0.006314012221992016
821,9,3,1.0,0.9666934609413147,0,0,0.0,0.0,0.0,0.0,-0.240598663687706,-0.005731347016990185
822,9,4,1.0,0.9664179086685181,0,0,0.0,0.0,0.0,0.0,-0.24132198095321655,-0.008554298430681229
823,9,5,1.0,0.9662840962409973,0,0,0.0,0.0,0.0,0.0,-0.2414105087518692,-0.008322923444211483
824,9,6,1.0,0.9680273532867432,0,0,0.0,0.0,0.0,0.0,-0.2423035055398941,-0.005895748734474182
825,9,7,1.0,0.9680339694023132,0,0,0.0,0.0,0.0,0.0,-0.2423209249973297,-0.005819110199809074
826,9,8,1.0,0.9695711135864258,0,0,0.0,-0.25,0.0,0.0,-0.2411859631538391,-0.006717406213283539
827,9,9,1.0,0.9731076955795288,0,0,0.0,-0.25,0.0,0.0,-0.25284579396247864,-0.004065503366291523
828,9,10,1.0,0.9808070659637451,0,0,0.0,-0.25,0.0,0.0,-0.25597578287124634,-0.008738634176552296
829,9,11,1.0,0.9832890033721924,0,0,0.0,-0.25,0.0,0.0,-0.2588944137096405,-0.00753294862806797
830,9,12,1.0,0.9918817281723022,0,0,0.0,-0.25,0.0,0.0,-0.2652522921562195,-0.005872946232557297
831,9,13,1.0,0.9981480240821838,0,0,0.0,-0.25,0.0,0.0,-0.26802727580070496,-0.007245090790092945
832,9,14,1.0,0.9813293218612671,0,0,0.0,-0.25,0.0,0.0,-0.2723856568336487,-0.006466757506132126
833,9,15,1.0,0.9863556623458862,0,0,0.0,-0.25,0.0,0.0,-0.2761363983154297,-0.014197141863405704
834,9,16,1.0,0.9737033843994141,0,0,0.0,-0.25,0.0,0.0,-0.2752417325973511,-0.006701027043163776
835,9,17,1.0,0.9886803030967712,0,0,0.0,-0.25,0.0,0.0,-0.2782098054885864,-0.01950930431485176
836,9,18,1.0,0.9783645868301392,0,0,0.0,-0.25,0.0,0.0,-0.2745203375816345,-0.008749120868742466
837,9,19,1.0,0.9784674644470215,0,0,0.0,-0.25,0.0,0.0,-0.26568758487701416,-0.017257150262594223
838,9,20,1.0,0.9771585464477539,0,0,0.0,-0.25,0.0,0.0,-0.1638762205839157,0.003666121046990156
839,9,21,1.0,0.9780110120773315,0,0,0.0,-0.25,0.0,0.0,-0.07384224236011505,0.007027993910014629
840,9,22,1.0,0.9796050786972046,0,0,0.0,0.0,0.0,0.0,-0.03341435268521309,-0.010605452582240105
841,9,23,1.0,0.9795517325401306,0,0,0.0,0.0,0.0,0.0,-0.014791974797844887,-0.006935935467481613
842,9,24,1.0,0.9749211072921753,0,0,0.0,0.0,0.0,0.0,-0.007566853892058134,-0.008173356764018536
843,9,25,1.0,0.9756587743759155,0,0,0.0,0.0,0.0,0.0,-0.005196872632950544,-0.007647277787327766
844,9,26,1.0,0.9824862480163574,0,0,0.0,0.0,0.0,0.0,-0.0029974617063999176,-0.008361170999705791
845,9,27,1.0,0.9825116395950317,0,0,0.0,0.0,0.0,0.0,-0.002654666779562831,-0.008292303420603275
846,9,28,1.0,0.9803406000137329,0,0,0.0,-0.25,0.0,0.0,-0.0026832381263375282,-0.009988270699977875
847,9,29,1.0,0.9808600544929504,0,0,0.0,0.0,0.0,0.0,-0.012954547069966793,-0.010778950527310371
848,9,30,1.0,0.9826611876487732,0,0,0.0,0.0,0.0,0.0,-0.003457999788224697,-0.0067070117220282555
849,9,31,1.0,0.9843690395355225,0,0,0.0,0.0,0.0,0.0,-0.0017331460257992148,-0.004330059513449669
850,9,32,1.0,0.9836586713790894,0,0,0.0,0.0,0.0,0.0,-0.0005839875666424632,-0.010864296928048134
851,9,33,1.0,0.983827531337738,0,0,0.0,0.0,0.0,0.0,-6.504915654659271e-05,-0.010967574082314968
852,9,34,1.0,0.986210823059082,0,0,0.0,0.0,0.0,0.0,0.0007702315342612565,-0.010625016875565052
853,9,35,1.0,0.9862076044082642,0,0,0.0,0.0,0.0,0.0,0.0008522850694134831,-0.010610455647110939
854,9,36,1.0,0.9861380457878113,0,0,0.0,0.0,0.0,0.0,0.0009714399930089712,-0.010940022766590118
855,9,37,1.0,0.9861310720443726,0,0,0.0,-0.25,0.0,0.0,0.000988657004199922,-0.01093572098761797
856,9,38,1.0,0.9789173007011414,0,0,0.0,0.0,0.0,0.0,-0.008120080456137657,-0.0313437283039093
857,9,39,1.0,0.9780663251876831,0,0,0.0,0.0,0.0,0.0,-0.0010368534130975604,-0.03316807746887207
858,9,40,1.0,0.9765492677688599,0,0,0.0,0.0,0.0,0.0,0.0030628324020653963,-0.22148938477039337
859,9,41,1.0,0.9779378175735474,0,0,0.0,0.0,0.0,0.0,0.005162113346159458,-0.22195185720920563
860,9,42,1.0,0.9709389805793762,0,0,0.0,0.0,0.0,0.0,-0.0016830686945468187,-0.4768581688404083
861,9,43,1.0,0.9711641073226929,0,0,0.0,0.0,0.0,0.0,-0.0012952693505212665,-0.4762820899486542
862,9,44,1.0,0.9676479697227478,0,0,0.0,0.0,0.0,0.0,-0.002684352220967412,-0.5274788737297058
863,9,45,1.0,0.9676570296287537,0,0,0.0,0.0,0.0,0.0,-0.002602171618491411,-0.527375340461731
864,9,46,1.0,0.9662661552429199,0,0,0.0,0.0,0.0,0.0,-0.0023000435903668404,-0.5069355964660645
865,9,47,1.0,0.9662503004074097,0,0,0.0,0.0,-0.5,0.0,-0.002279168227687478,-0.5069069266319275
866,9,48,1.0,0.9420691728591919,0,0,0.0,0.0,-0.5,0.0,-0.0033830886241048574,-0.576691210269928
867,9,49,1.0,0.9418639540672302,0,0,0.0,0.0,-0.5,0.0,-0.0007590456516481936,-0.5990592241287231
868,9,50,1.0,0.934229850769043,0,0,0.0,0.0,-0.5,0.0,-0.0012186133535578847,-0.5937566161155701
869,9,51,1.0,0.957313060760498,0,0,0.0,0.0,-0.5,0.0,0.001764244749210775,-0.5472604632377625
870,9,52,1.0,0.9400151371955872,0,0,0.0,0.0,-0.5,0.0,-3.8467172998934984e-05,-0.5222108960151672
871,9,53,1.0,0.9335647821426392,0,0,0.0,0.0,-0.5,0.0,0.0063673825934529305,-0.41619381308555603
872,9,54,1.0,1.1933441162109375,0,0,0.0,0.0,-0.5,0.0,0.0016445487271994352,-0.17220281064510345
873,9,55,1.0,1.3770713806152344,0,0,0.0,0.0,-0.5,0.0,6.377055979100987e-05,-0.09626741707324982
874,9,56,1.0,1.4190247058868408,0,0,0.0,0.0,-0.5,0.0,-0.00391470966860652,-0.07915802299976349
875,9,57,1.0,1.4128516912460327,0,0,0.0,0.0,-0.5,0.0,-0.00420545507222414,-0.07975674420595169
876,9,58,1.0,1.4766004085540771,0,0,0.0,0.0,0.0,0.0,-0.0020219041034579277,-0.07119081169366837
877,9,59,1.0,1.4769487380981445,0,0,0.0,0.0,0.0,0.0,-0.0020351288840174675,-0.07088756561279297
878,9,60,1.0,1.491246223449707,0,0,0.0,0.0,0.0,0.0,-0.0016734121600165963,-0.06892605870962143
879,9,61,2.0,1.4914546012878418,1,0,0.0,0.0,0.0,0.0,-0.0016710569616407156,-0.0688333585858345
880,9,62,2.0,1.9013601541519165,1,1,0.0,0.0,0.0,0.0,0.002904282882809639,-0.037678930908441544
881,9,63,2.0,1.9715704917907715,1,1,0.0,0.0,0.0,0.0,0.005899915471673012,-0.031130876392126083
882,9,64,2.0,2.0120182037353516,1,1,0.0,0.0,0.0,0.0,0.006396566983312368,-0.025856608524918556
883,9,65,2.0,2.041898250579834,1,1,0.0,0.0,0.0,0.0,0.006289643235504627,-0.03612716123461723
884,9,66,2.0,2.0370304584503174,1,1,0.0,0.0,0.0,0.0,0.003755879821255803,-0.033042315393686295
885,9,67,2.0,2.042086601257324,1,1,0.0,0.0,0.0,0.0,0.004993387032300234,-0.03328877314925194
886,9,68,2.0,1.69120192527771,1,1,0.0,0.0,0.0,0.0,0.002556550782173872,-0.03105856105685234
887,9,69,2.0,1.747064471244812,1,1,0.0,0.0,0.0,0.0,0.002333110896870494,-0.02705712802708149
888,9,70,2.0,1.38770592212677,1,0,0.0,0.0,0.0,0.0,-0.0018009740160778165,-0.005320348776876926
889,9,71,2.0,1.3691805601119995,1,0,0.0,0.0,0.0,0.0,-0.0004282731097191572,-0.030390743166208267
890,9,72,2.0,1.1277885437011719,1,0,0.0,0.0,0.0,0.0,-0.005042213946580887,-0.020178984850645065
891,9,73,2.0,1.1537917852401733,1,0,0.0,0.0,0.0,0.0,-0.005822275299578905,-0.036104846745729446
892,9,74,2.0,1.0478334426879883,1,0,0.0,0.0,0.0,0.0,-0.004094566684216261,-0.042388249188661575
893,9,75,2.0,1.0647214651107788,1,0,0.0,0.0,0.0,0.0,-0.0038050285074859858,-0.044256165623664856
894,9,76,2.0,0.9957733154296875,1,0,0.0,0.0,0.0,0.0,-0.0019484353251755238,-0.009558934718370438
895,9,77,1.0,0.9892019033432007,0,0,0.0,0.0,0.0,0.0,-0.00342057878151536,0.0069238487631082535
896,9,78,1.0,0.9786175489425659,0,0,0.0,0.0,0.0,0.0,-0.004440388176590204,0.06208830326795578
897,9,79,1.0,0.9786415100097656,0,0,0.0,0.0,0.0,0.0,-0.0046911174431443214,0.06417787820100784
898,9,80,1.0,0.980505645275116,0,0,0.0,0.0,0.0,0.0,-0.005418415181338787,0.13503104448318481
899,9,81,1.0,0.9828516840934753,0,0,0.0,0.0,0.0,0.0,-0.004637572448700666,0.19422036409378052
900,9,82,1.0,0.9873627424240112,0,0,0.0,0.0,0.0,0.0,-0.0018257328774780035,0.30523258447647095
901,9,83,1.0,0.9882689714431763,0,0,0.0,0.0,0.5,0.0,-0.000974596943706274,0.3314341604709625
902,9,84,1.0,0.998526930809021,0,0,0.0,0.0,0.5,0.0,-0.003295218339189887,0.527893602848053
903,9,85,1.0,0.9986241459846497,0,0,0.0,0.0,0.5,0.0,-0.0015896846307441592,0.5479699969291687
904,9,86,1.0,1.0140411853790283,0,0,0.0,0.0,0.5,0.0,-0.0032080758828669786,0.5334840416908264
905,9,87,1.0,0.9981368780136108,0,0,0.0,0.0,0.5,0.0,-0.001536881783977151,0.552788496017456
906,9,88,1.0,0.9896947145462036,0,0,0.0,0.0,0.5,0.0,0.0002720043412409723,0.5542895793914795
907,9,89,1.0,0.992298424243927,0,0,0.0,0.0,0.5,0.0,-0.0002440862444927916,0.5506834387779236
908,9,90,1.0,0.9921525716781616,0,0,0.0,0.0,0.5,0.0,0.0001986214774660766,0.5453148484230042
909,9,91,1.0,0.9932323098182678,0,0,0.0,0.0,0.5,0.0,-5.6343647884204984e-05,0.5453075766563416
910,9,92,1.0,0.9921700954437256,0,0,0.0,0.0,0.5,0.0,-6.207762635312974e-05,0.5423105359077454
911,9,93,1.0,0.9927927255630493,0,0,0.0,0.0,0.5,0.0,0.0002586013579275459,0.5356541275978088
912,10,0,1.0,0.9642938375473022,0,0,0.0,0.0,0.0,0.0,0.23796798288822174,-0.011760987341403961
913,10,1,1.0,0.9699068665504456,0,0,0.0,0.0,0.0,0.0,0.23741459846496582,-0.011048216372728348
914,10,2,1.0,0.969333827495575,0,0,0.0,0.0,0.0,0.0,0.23829969763755798,-0.01610664837062359
915,10,3,1.0,0.9676485061645508,0,0,0.0,0.0,0.0,0.0,0.23850961029529572,-0.016659634187817574
916,10,4,1.0,0.9702029228210449,0,0,0.0,0.0,0.0,0.0,0.2374110072851181,-0.01894347369670868
917,10,5,1.0,0.9699255228042603,0,0,0.0,0.0,0.0,0.0,0.23745357990264893,-0.018992485478520393
918,10,6,1.0,0.9679483771324158,0,0,0.0,0.0,0.0,0.0,0.23839932680130005,-0.018526582047343254
919,10,7,1.0,0.9679248332977295,0,0,0.0,0.0,0.0,0.0,0.23840129375457764,-0.01850910484790802
920,10,8,1.0,0.9653794765472412,0,0,0.0,0.25,0.0,0.0,0.23859457671642303,-0.02328074723482132
921,10,9,1.0,0.9639606475830078,0,0,0.0,0.25,0.0,0.0,0.2589319348335266,-0.022817177698016167
922,10,10,1.0,0.9753353595733643,0,0,0.0,0.25,0.0,0.0,0.2615351974964142,-0.031748875975608826
923,10,11,1.0,0.9758802056312561,0,0,0.0,0.25,0.0,0.0,0.270978718996048,-0.023779310286045074
924,10,12,1.0,0.9733567833900452,0,0,0.0,0.25,0.0,0.0,0.280893474817276,-0.021955939009785652
925,10,13,1.0,0.9810006618499756,0,0,0.0,0.25,0.0,0.0,0.28507888317108154,-0.020646682009100914
926,10,14,1.0,0.9833773970603943,0,0,0.0,0.25,0.0,0.0,0.28539302945137024,-0.017304111272096634
927,10,15,1.0,0.984380841255188,0,0,0.0,0.25,0.0,0.0,0.28674542903900146,-0.024227509275078773
928,10,16,1.0,0.9869045615196228,0,0,0.0,0.25,0.0,0.0,0.29101476073265076,-0.025358397513628006
929,10,17,1.0,0.9844505786895752,0,0,0.0,0.25,0.0,0.0,0.2880204916000366,-0.018660347908735275
930,10,18,1.0,0.9802097082138062,0,0,0.0,0.25,0.0,0.0,0.28548672795295715,-0.016295472159981728
931,10,19,1.0,0.9887695908546448,0,0,0.0,0.25,0.0,0.0,0.2700193226337433,-0.006341730244457722
932,10,20,1.0,0.9915339946746826,0,0,0.0,0.25,0.0,0.0,0.22961755096912384,-0.0049758171662688255
933,10,21,1.0,0.9739025831222534,0,0,0.0,0.25,0.0,0.0,0.09120970964431763,0.003775827120989561
934,10,22,1.0,0.9712868928909302,0,0,0.0,0.0,0.0,0.0,0.03923048824071884,-0.0009634068701416254
935,10,23,1.0,0.9748892784118652,0,0,0.0,0.0,0.0,0.0,0.016112565994262695,-0.00675820279866457
936,10,24,1.0,0.9780193567276001,0,0,0.0,0.0,0.0,0.0,0.009302092716097832,-0.006549147889018059
937,10,25,1.0,0.9774731993675232,0,0,0.0,0.0,0.0,0.0,0.006875944789499044,-0.007161339744925499
938,10,26,1.0,0.9757042527198792,0,0,0.0,0.0,0.0,0.0,0.007399560883641243,-0.010479982011020184
939,10,27,1.0,0.975727915763855,0,0,0.0,0.0,0.0,0.0,0.007155756466090679,-0.010622142814099789
940,10,28,1.0,0.9756016731262207,0,0,0.0,0.0,0.0,0.0,0.006955388467758894,-0.010571017861366272
941,10,29,1.0,0.9756149649620056,0,0,0.0,0.0,0.0,0.0,0.006908070761710405,-0.010612527839839458
942,10,30,1.0,0.9756088256835938,0,0,0.0,0.0,0.0,0.0,0.0067955064587295055,-0.011342531070113182
943,10,31,1.0,0.9756126403808594,0,0,0.0,0.0,0.0,0.0,0.006784559227526188,-0.011357939802110195
944,10,32,1.0,0.9760192632675171,0,0,0.0,0.0,0.0,0.0,0.006979548372328281,-0.011692854575812817
945,10,33,1.0,0.9760203957557678,0,0,0.0,0.0,0.0,0.0,0.006976654287427664,-0.011696767061948776
946,10,34,1.0,0.976276159286499,0,0,0.0,0.25,0.0,0.0,0.0074262903071939945,-0.0080634206533432
947,10,35,1.0,0.9774348735809326,0,0,0.0,0.0,0.0,0.0,0.016322370618581772,-0.005667887628078461
948,10,36,1.0,0.9792869091033936,0,0,0.0,0.0,0.0,0.0,0.009677593596279621,-0.012128744274377823
949,10,37,1.0,0.9756829738616943,0,0,0.0,0.0,0.0,0.0,0.006725450046360493,-0.010191104374825954
950,10,38,1.0,0.9798862934112549,0,0,0.0,0.0,0.0,0.0,0.005902179051190615,-0.014038085006177425
951,10,39,1.0,0.9799612164497375,0,0,0.0,0.0,0.0,0.0,0.0055626570247113705,-0.014179850928485394
952,10,40,1.0,0.9800930023193359,0,0,0.0,0.0,0.0,0.0,0.005516473203897476,-0.015072220005095005
953,10,41,1.0,0.9801219701766968,0,0,0.0,0.0,0.0,0.0,0.005471047945320606,-0.015122697688639164
954,10,42,1.0,0.9801201224327087,0,0,0.0,0.0,0.0,0.0,0.005505128763616085,-0.014885463751852512
955,10,43,1.0,0.9801273941993713,0,0,0.0,0.0,0.0,0.0,0.005496294237673283,-0.014901376329362392
956,10,44,1.0,0.9819214940071106,0,0,0.0,0.25,0.0,0.0,0.004779284819960594,-0.0157011765986681
957,10,45,1.0,0.9783985614776611,0,0,0.0,0.0,0.0,0.0,0.013979978859424591,-0.018732720986008644
958,10,46,1.0,0.9741618633270264,0,0,0.0,0.0,0.0,0.0,0.008369908668100834,-0.07379971444606781
959,10,47,1.0,0.9764540791511536,0,0,0.0,0.0,0.0,0.0,0.003942265175282955,-0.05754556879401207
960,10,48,1.0,0.9568109512329102,0,0,0.0,0.0,0.0,0.0,0.0012340497924014926,-0.3175518810749054
961,10,49,1.0,0.9576523900032043,0,0,0.0,0.0,0.0,0.0,0.00042847724398598075,-0.31709954142570496
962,10,50,1.0,0.9439792037010193,0,0,0.0,0.0,0.0,0.0,-0.0016572449821978807,-0.5163062810897827
963,10,51,1.0,0.9441453218460083,0,0,0.0,0.0,0.0,0.0,-0.0017916979268193245,-0.5162373781204224
964,10,52,1.0,0.9441735744476318,0,0,0.0,0.0,0.0,0.0,-0.002139066345989704,-0.5327685475349426
965,10,53,1.0,0.9442130327224731,0,0,0.0,0.0,-0.5,0.0,-0.0021690744906663895,-0.5327680706977844
966,10,54,1.0,0.9339393377304077,0,0,0.0,0.0,-0.5,0.0,-0.0011509672040119767,-0.5748915672302246
967,10,55,1.0,0.9406892657279968,0,0,0.0,0.0,-0.5,0.0,0.0002806585980579257,-0.5718955993652344
968,10,56,1.0,0.9394634962081909,0,0,0.0,0.0,-0.5,0.0,-0.0025412573013454676,-0.5697431564331055
969,10,57,1.0,0.9488970637321472,0,0,0.0,0.0,-0.5,0.0,0.003169327974319458,-0.47813335061073303
970,10,58,1.0,0.9658859968185425,0,0,0.0,0.0,-0.5,0.0,0.003514985553920269,-0.4838188588619232
971,10,59,1.0,0.9265345931053162,0,0,0.0,0.0,-0.5,0.0,0.0017046380089595914,-0.37242043018341064
972,10,60,1.0,1.1907159090042114,0,0,0.0,0.0,-0.5,0.0,0.004949826281517744,-0.16457831859588623
973,10,61,1.0,1.3710777759552002,0,0,0.0,0.0,-0.5,0.0,0.0020889516454190016,-0.08472150564193726
974,10,62,1.0,1.4608441591262817,0,0,0.0,0.0,-0.5,0.0,0.0021022616419941187,-0.06623468548059464
975,10,63,1.0,1.4623364210128784,0,0,0.0,0.0,0.0,0.0,0.0020485050044953823,-0.0654536709189415
976,10,64,1.0,1.5099592208862305,0,1,0.0,0.0,0.0,0.0,0.0030142739415168762,-0.060725558549165726
977,10,65,1.0,1.5099635124206543,0,1,0.0,0.0,0.0,0.0,0.0029861752409487963,-0.06068279221653938
978,10,66,1.0,1.5136818885803223,0,1,0.0,0.0,0.0,0.0,0.002856889506801963,-0.06137964501976967
979,10,67,2.0,1.513494849205017,1,1,0.0,0.0,0.0,0.0,0.002856140024960041,-0.061446938663721085
980,10,68,2.0,2.0065414905548096,1,1,0.0,0.0,0.0,0.0,0.007415818516165018,-0.010066933929920197
981,10,69,2.0,2.0249738693237305,1,1,0.0,0.0,0.0,0.0,0.0057157170958817005,-0.026561761274933815
982,10,70,2.0,2.0372068881988525,1,1,0.0,0.0,0.0,0.0,0.004733187146484852,-0.03159819170832634
983,10,71,2.0,2.0418200492858887,1,1,0.0,0.0,0.0,0.0,0.004905110690742731,-0.04448292776942253
984,10,72,2.0,2.054372787475586,1,1,0.0,0.0,0.0,0.0,0.008085303008556366,-0.014161896891891956
985,10,73,2.0,1.9308364391326904,1,1,0.0,0.0,0.0,0.0,0.006207963917404413,-0.04144443944096565
986,10,74,2.0,1.8162798881530762,1,1,0.0,0.0,0.0,0.0,0.0034351511858403683,-0.025959763675928116
987,10,75,2.0,1.8278800249099731,1,1,0.0,0.0,0.0,0.0,0.0034458402078598738,-0.024001972749829292
988,10,76,2.0,1.6139628887176514,1,1,0.0,0.0,0.0,0.0,0.003796110162511468,-0.017435286194086075
989,10,77,2.0,1.557399034500122,1,1,0.0,0.0,0.0,0.0,0.004963535815477371,-0.036164794117212296
990,10,78,1.0,1.1918718814849854,0,0,0.0,0.0,0.0,0.0,-0.0003036124398931861,-0.03596429154276848
991,10,79,1.0,1.1796706914901733,0,0,0.0,0.0,0.0,0.0,-0.0006959456368349493,-0.026405571028590202
992,10,80,1.0,1.082249641418457,0,0,0.0,0.0,0.0,0.0,-0.002558415522798896,-0.030114829540252686
993,10,81,1.0,1.0731925964355469,0,0,0.0,0.0,0.0,0.0,-0.002535084029659629,-0.024987410753965378
994,10,82,1.0,1.0301623344421387,0,0,0.0,0.0,0.0,0.0,-0.0041235205717384815,-0.011584899388253689
995,10,83,1.0,1.049965262413025,0,0,0.0,0.0,0.0,0.0,-0.004123866558074951,-0.0126940393820405
996,10,84,1.0,0.993863582611084,0,0,0.0,0.0,0.0,0.0,-0.0030397120863199234,0.017622746527194977
997,10,85,1.0,0.9976180195808411,0,0,0.0,0.0,0.0,0.0,-0.002693783724680543,0.015824496746063232
998,10,86,1.0,0.9803891181945801,0,0,0.0,0.0,0.0,0.0,-0.002441110322251916,0.045623186975717545
999,10,87,1.0,0.9787331223487854,0,0,0.0,0.0,0.0,0.0,-0.002443501725792885,0.04779951274394989
1000,10,88,1.0,0.9910355806350708,0,0,0.0,0.0,0.0,0.0,-0.0037156967446208,0.032383643090724945
1001,10,89,1.0,0.9930331110954285,0,0,0.0,0.0,0.0,0.0,-0.0037123910151422024,0.03077898547053337
1002,10,90,1.0,0.9829919338226318,0,0,0.0,0.0,0.0,0.0,-0.0038351358380168676,0.0553404800593853
1003,10,91,1.0,0.9853724837303162,0,0,0.0,0.0,0.0,0.0,-0.0032560848630964756,0.0561743825674057
1004,10,92,1.0,0.9792447686195374,0,0,0.0,0.0,0.5,0.0,-0.002800895366817713,0.12785740196704865
1005,10,93,1.0,0.9985361099243164,0,0,0.0,0.0,0.5,0.0,0.001664893003180623,0.4658760726451874
1006,10,94,1.0,0.9901464581489563,0,0,0.0,0.0,0.5,0.0,-0.0026607136242091656,0.5419446229934692
1007,10,95,1.0,0.9969070553779602,0,0,0.0,0.0,0.5,0.0,-0.0015934179536998272,0.54096919298172
1008,10,96,1.0,1.000913381576538,0,0,0.0,0.0,0.5,0.0,-0.0016672791680321097,0.5425420999526978
1009,10,97,1.0,1.0106263160705566,0,0,0.0,0.0,0.5,0.0,-0.0040503316558897495,0.5411359071731567
1010,10,98,1.0,0.9959625601768494,0,0,0.0,0.0,0.5,0.0,7.193013152573258e-05,0.5511674284934998
1011,10,99,1.0,0.9917244911193848,0,0,0.0,0.0,0.5,0.0,0.0005306918756105006,0.5514999628067017
1012,10,100,1.0,0.9907976388931274,0,0,0.0,0.0,0.5,0.0,0.001803615246899426,0.5381042957305908
1013,10,101,1.0,0.9871900677680969,0,0,0.0,0.0,0.5,0.0,0.002860998036339879,0.542697548866272
1014,10,102,1.0,0.9888372421264648,0,0,0.0,0.0,0.5,0.0,0.0011152949882671237,0.5396981239318848
1015,11,0,1.0,0.975055456161499,0,0,0.0,0.0,0.0,0.0,-0.24142660200595856,-0.012467165477573872
1016,11,1,1.0,0.9920805096626282,0,0,0.0,0.0,0.0,0.0,-0.2371341437101364,-0.018310539424419403
1017,11,2,1.0,0.9800280928611755,0,0,0.0,0.0,0.0,0.0,-0.2438027560710907,-0.01590760424733162
1018,11,3,1.0,0.976594865322113,0,0,0.0,0.0,0.0,0.0,-0.24540072679519653,-0.015757720917463303
1019,11,4,1.0,0.9756161570549011,0,0,0.0,0.0,0.0,0.0,-0.24865804612636566,-0.017193345353007317
1020,11,5,1.0,0.9753025770187378,0,0,0.0,0.0,0.0,0.0,-0.24891892075538635,-0.01676921546459198
1021,11,6,1.0,0.9695733785629272,0,0,0.0,0.0,0.0,0.0,-0.2505294382572174,-0.019458724185824394
1022,11,7,1.0,0.9695650339126587,0,0,0.0,0.0,0.0,0.0,-0.2505762279033661,-0.019288193434476852
1023,11,8,1.0,0.9693236351013184,0,0,0.0,0.0,0.0,0.0,-0.2520894706249237,-0.019681811332702637
1024,11,9,1.0,0.9693357944488525,0,0,0.0,-0.25,0.0,0.0,-0.2520999312400818,-0.01963493600487709
1025,11,10,1.0,0.9852389693260193,0,0,0.0,-0.25,0.0,0.0,-0.27721714973449707,-0.022260889410972595
1026,11,11,1.0,0.9901259541511536,0,0,0.0,-0.25,0.0,0.0,-0.2816252112388611,-0.02748677134513855
1027,11,12,1.0,0.9903584718704224,0,0,0.0,-0.25,0.0,0.0,-0.2773332893848419,-0.02551887556910515
1028,11,13,1.0,0.9937830567359924,0,0,0.0,-0.25,0.0,0.0,-0.2650059461593628,-0.0282822884619236
1029,11,14,1.0,0.9791730642318726,0,0,0.0,-0.25,0.0,0.0,-0.17751123011112213,-0.005900321528315544
1030,11,15,1.0,0.9748908281326294,0,0,0.0,-0.25,0.0,0.0,-0.06033533439040184,-0.006915726698935032
1031,11,16,1.0,0.9787930846214294,0,0,0.0,0.0,0.0,0.0,-0.026380758732557297,-0.017664529383182526
1032,11,17,1.0,0.9824856519699097,0,0,0.0,0.0,0.0,0.0,-0.009698507376015186,-0.01346664223819971
1033,11,18,1.0,0.9797379970550537,0,0,0.0,0.0,0.0,0.0,-0.002352663315832615,-0.017216935753822327
1034,11,19,1.0,0.9795975089073181,0,0,0.0,0.0,0.0,0.0,-0.0005070148617960513,-0.0168001726269722
1035,11,20,1.0,0.9801057577133179,0,0,0.0,0.0,0.0,0.0,-0.0008163345046341419,-0.016864774748682976
1036,11,21,1.0,0.9801418781280518,0,0,0.0,0.0,0.0,0.0,-0.000443631608504802,-0.016738245263695717
1037,11,22,1.0,0.9817030429840088,0,0,0.0,0.0,0.0,0.0,0.0009667404810898006,-0.016974400728940964
1038,11,23,1.0,0.9816737771034241,0,0,0.0,0.0,0.0,0.0,0.0010425010696053505,-0.016958769410848618
1039,11,24,1.0,0.981230616569519,0,0,0.0,-0.25,0.0,0.0,0.0002675466821528971,-0.015094502829015255
1040,11,25,1.0,0.9753499627113342,0,0,0.0,0.0,0.0,0.0,-0.0104935672134161,-0.024267153814435005
1041,11,26,1.0,0.9755352735519409,0,0,0.0,0.0,0.0,0.0,-0.000709705927874893,-0.033413343131542206
1042,11,27,1.0,0.9769108891487122,0,0,0.0,0.0,0.0,0.0,0.0020569651387631893,-0.032881490886211395
1043,11,28,1.0,0.9765311479568481,0,0,0.0,0.0,0.0,0.0,0.003968759439885616,-0.1336369514465332
1044,11,29,1.0,0.9765133261680603,0,0,0.0,0.0,0.0,0.0,0.004801671952009201,-0.13365213572978973
1045,11,30,1.0,0.95851731300354,0,0,0.0,0.0,0.0,0.0,-0.002010269556194544,-0.4365271031856537
1046,11,31,1.0,0.9585461020469666,0,0,0.0,0.0,0.0,0.0,-0.0018344235140830278,-0.43629300594329834
1047,11,32,1.0,0.95343017578125,0,0,0.0,0.0,0.0,0.0,-0.0020519131794571877,-0.46056780219078064
1048,11,33,1.0,0.9534100294113159,0,0,0.0,0.0,0.0,0.0,-0.0020132455974817276,-0.4605059027671814
1049,11,34,1.0,0.9613012075424194,0,0,0.0,0.0,-0.5,0.0,0.0007877455791458488,-0.39519476890563965
1050,11,35,1.0,0.9357793927192688,0,0,0.0,0.0,-0.5,0.0,0.002923361724242568,-0.5241400003433228
1051,11,36,1.0,0.9205488562583923,0,0,0.0,0.0,-0.5,0.0,0.004252431448549032,-0.5403478145599365
1052,11,37,1.0,0.9300681948661804,0,0,0.0,0.0,-0.5,0.0,0.003985648043453693,-0.5234849452972412
1053,11,38,1.0,0.9478219747543335,0,0,0.0,0.0,-0.5,0.0,0.0026177919935435057,-0.4997057020664215
1054,11,39,1.0,0.9619159698486328,0,0,0.0,0.0,-0.5,0.0,0.003345472738146782,-0.4951689541339874
1055,11,40,1.0,0.9472619295120239,0,0,0.0,0.0,-0.5,0.0,0.003781536128371954,-0.43367522954940796
1056,11,41,1.0,1.007084846496582,0,0,0.0,0.0,-0.5,0.0,0.004051674623042345,-0.2832999527454376
1057,11,42,1.0,1.3626232147216797,0,0,0.0,0.0,-0.5,0.0,-0.006650418043136597,-0.08104397356510162
1058,11,43,1.0,1.3946807384490967,0,0,0.0,0.0,-0.5,0.0,-0.00497087836265564,-0.07345934212207794
1059,11,44,1.0,1.47113037109375,0,0,0.0,0.0,0.0,0.0,-0.004470981657505035,-0.0670958012342453
1060,11,45,1.0,1.4721673727035522,0,0,0.0,0.0,0.0,0.0,-0.004522655624896288,-0.06636086851358414
1061,11,46,1.0,1.4971686601638794,0,0,0.0,0.0,0.0,0.0,-0.003794435178861022,-0.06632667034864426
1062,11,47,1.0,1.4972050189971924,0,0,0.0,0.0,0.0,0.0,-0.003793543903157115,-0.06627535074949265
1063,11,48,2.0,1.5091694593429565,1,1,0.0,0.0,0.0,0.0,-0.0036644302308559418,-0.06774704158306122
1064,11,49,2.0,1.8881338834762573,1,1,0.0,0.0,0.0,0.0,0.005232143681496382,-0.03020193800330162
1065,11,50,2.0,1.9883437156677246,1,1,0.0,0.0,0.0,0.0,0.00376595719717443,-0.025625528767704964
1066,11,51,2.0,2.0358686447143555,1,1,0.0,0.0,0.0,0.0,0.0062873475253582,-0.03040231019258499
1067,11,52,2.0,2.0287463665008545,1,1,0.0,0.0,0.0,0.0,0.007968984544277191,-0.010158799588680267
1068,11,53,2.0,2.055598020553589,1,1,0.0,0.0,0.0,0.0,0.008682112209498882,-0.02746010385453701
1069,11,54,2.0,2.0380513668060303,1,1,0.0,0.0,0.0,0.0,0.005721884313970804,-0.020123515278100967
1070,11,55,2.0,2.0023419857025146,1,1,0.0,0.0,0.0,0.0,0.0076337410137057304,-0.027111146599054337
1071,11,56,2.0,1.6974029541015625,1,1,0.0,0.0,0.0,0.0,0.004042807035148144,-0.006186840124428272
1072,11,57,2.0,1.5686615705490112,1,1,0.0,0.0,0.0,0.0,0.0027843478601425886,-0.014475989155471325
1073,11,58,2.0,1.396632194519043,1,0,0.0,0.0,0.0,0.0,0.0005959657137282193,-0.020299319177865982
1074,11,59,2.0,1.288577914237976,1,0,0.0,0.0,0.0,0.0,-0.002243292285129428,-0.02257584221661091
1075,11,60,1.0,1.013786792755127,0,0,0.0,0.0,0.0,0.0,-0.0025351974181830883,-0.017520392313599586
1076,11,61,1.0,1.008094072341919,0,0,0.0,0.0,0.0,0.0,-0.004212376661598682,-0.03527163341641426
1077,11,62,1.0,1.0405433177947998,0,0,0.0,0.0,0.0,0.0,-0.004935366567224264,-0.04457736387848854
1078,11,63,1.0,1.022578239440918,0,0,0.0,0.0,0.0,0.0,-0.003278204472735524,-0.043309565633535385
1079,11,64,1.0,0.9752318859100342,0,0,0.0,0.0,0.0,0.0,-0.0011601366568356752,-0.036209918558597565
1080,11,65,1.0,0.9994348883628845,0,0,0.0,0.0,0.0,0.0,-0.0006837452528998256,-0.026406168937683105
1081,11,66,1.0,1.001213550567627,0,0,0.0,0.0,0.0,0.0,-0.0006795800291001797,-0.02375882677733898
1082,11,67,1.0,1.0119879245758057,0,0,0.0,0.0,0.0,0.0,-0.0014011672465130687,-0.0176425538957119
1083,11,68,1.0,0.9798182249069214,0,0,0.0,0.0,0.0,0.0,-0.0019286682363599539,0.018544930964708328
1084,11,69,1.0,0.9741023778915405,0,0,0.0,0.0,0.0,0.0,-0.0032015861943364143,0.04388776421546936
1085,11,70,1.0,0.9764601588249207,0,0,0.0,0.0,0.0,0.0,-0.003217940917238593,0.11225888133049011
1086,11,71,1.0,0.9768361449241638,0,0,0.0,0.0,0.0,0.0,-0.003140118205919862,0.15546530485153198
1087,11,72,1.0,0.9791392087936401,0,0,0.0,0.0,0.0,0.0,-0.001288763014599681,0.28404930233955383
1088,11,73,1.0,0.9797326326370239,0,0,0.0,0.0,0.5,0.0,-0.0010828481754288077,0.295864462852478
1089,11,74,1.0,0.9967150688171387,0,0,0.0,0.0,0.5,0.0,-0.001960832392796874,0.5250208377838135
1090,11,75,1.0,0.9929057955741882,0,0,0.0,0.0,0.5,0.0,0.00015686567348893732,0.5473137497901917
1091,11,76,1.0,0.9998862147331238,0,0,0.0,0.0,0.5,0.0,-0.0023937448859214783,0.5510639548301697
1092,11,77,1.0,0.9965141415596008,0,0,0.0,0.0,0.5,0.0,-0.0003321975818835199,0.5535194873809814
1093,11,78,1.0,0.998843789100647,0,0,0.0,0.0,0.5,0.0,-0.000299149367492646,0.5484052896499634
1094,11,79,1.0,1.0006126165390015,0,0,0.0,0.0,0.5,0.0,-0.0007479381747543812,0.5453076362609863
1095,11,80,1.0,0.9911222457885742,0,0,0.0,0.0,0.5,0.0,-0.0014487348962575197,0.5441923141479492
1096,11,81,1.0,0.9890432357788086,0,0,0.0,0.0,0.5,0.0,-0.00012398707622196525,0.5453081130981445
1097,11,82,1.0,0.9899343252182007,0,0,0.0,0.0,0.5,0.0,0.0001725124748190865,0.5386555790901184
1098,11,83,1.0,0.9918113946914673,0,0,0.0,0.0,0.5,0.0,0.0005309570115059614,0.5319814682006836
1099,12,0,1.0,0.9649286270141602,0,0,0.0,0.0,0.0,0.0,0.2557382881641388,-0.014792502857744694
1100,12,1,1.0,0.9769356846809387,0,0,0.0,0.0,0.0,0.0,0.25173839926719666,-0.016536500304937363
1101,12,2,1.0,0.9708712100982666,0,0,0.0,0.0,0.0,0.0,0.25998902320861816,-0.02173077128827572
1102,12,3,1.0,0.9675240516662598,0,0,0.0,0.0,0.0,0.0,0.26112988591194153,-0.021172650158405304
1103,12,4,1.0,0.9713864326477051,0,0,0.0,0.0,0.0,0.0,0.26355236768722534,-0.022423768416047096
1104,12,5,1.0,0.9709050059318542,0,0,0.0,0.0,0.0,0.0,0.263798326253891,-0.022155478596687317
1105,12,6,1.0,0.9751280546188354,0,0,0.0,0.0,0.0,0.0,0.2664928436279297,-0.02344214729964733
1106,12,7,1.0,0.975084125995636,0,0,0.0,0.0,0.0,0.0,0.26654618978500366,-0.02332364208996296
1107,12,8,1.0,0.9749391078948975,0,0,0.0,0.25,0.0,0.0,0.2669633626937866,-0.02801019698381424
1108,12,9,1.0,0.9740661978721619,0,0,0.0,0.25,0.0,0.0,0.28672102093696594,-0.021421680226922035
1109,12,10,1.0,0.9940527081489563,0,0,0.0,0.25,0.0,0.0,0.2849629521369934,-0.013918551616370678
1110,12,11,1.0,0.9956508874893188,0,0,0.0,0.25,0.0,0.0,0.26989951729774475,-0.026166491210460663
1111,12,12,1.0,1.009841799736023,0,0,0.0,0.25,0.0,0.0,0.26586148142814636,-0.00944424420595169
1112,12,13,1.0,0.9991554021835327,0,0,0.0,0.25,0.0,0.0,0.15278948843479156,0.01592017523944378
1113,12,14,1.0,0.9785905480384827,0,0,0.0,0.25,0.0,0.0,0.07583887875080109,0.004015610087662935
1114,12,15,1.0,0.9774526953697205,0,0,0.0,0.0,0.0,0.0,0.032536692917346954,0.00046062818728387356
1115,12,16,1.0,0.9736897945404053,0,0,0.0,0.0,0.0,0.0,0.017479535192251205,-0.003740662941709161
1116,12,17,1.0,0.9747126698493958,0,0,0.0,0.0,0.0,0.0,0.008817324414849281,-0.0097035001963377
1117,12,18,1.0,0.9786837100982666,0,0,0.0,0.0,0.0,0.0,0.005990200210362673,-0.007638304494321346
1118,12,19,1.0,0.9787041544914246,0,0,0.0,0.0,0.0,0.0,0.005159015767276287,-0.007946144789457321
1119,12,20,1.0,0.9756265878677368,0,0,0.0,0.0,0.0,0.0,0.004203710705041885,-0.011442911811172962
1120,12,21,1.0,0.9756585955619812,0,0,0.0,0.0,0.0,0.0,0.004082278814166784,-0.011555037461221218
1121,12,22,1.0,0.9797350168228149,0,0,0.0,0.0,0.0,0.0,0.0053959316574037075,-0.008517367765307426
1122,12,23,1.0,0.9797462224960327,0,0,0.0,0.0,0.0,0.0,0.005372070707380772,-0.00855307001620531
1123,12,24,1.0,0.978226900100708,0,0,0.0,0.25,0.0,0.0,0.004528759513050318,-0.008959406055510044
1124,12,25,1.0,0.9746858477592468,0,0,0.0,0.0,0.0,0.0,0.014696815051138401,-0.011654038913547993
1125,12,26,1.0,0.974217414855957,0,0,0.0,0.0,0.0,0.0,0.008212587796151638,-0.05097592994570732
1126,12,27,1.0,0.9705324172973633,0,0,0.0,0.0,0.0,0.0,0.003744981251657009,-0.06413418054580688
1127,12,28,1.0,0.9619200825691223,0,0,0.0,0.0,0.0,0.0,0.0008170148357748985,-0.21226245164871216
1128,12,29,1.0,0.9624000787734985,0,0,0.0,0.0,0.0,0.0,-0.0001355240383418277,-0.2126203328371048
1129,12,30,1.0,0.9444470405578613,0,0,0.0,0.0,0.0,0.0,-0.0018437216058373451,-0.31452783942222595
1130,12,31,1.0,0.9445868730545044,0,0,0.0,0.0,0.0,0.0,-0.0020255022682249546,-0.3147490918636322
1131,12,32,1.0,0.9448594450950623,0,0,0.0,0.0,0.0,0.0,-0.002389057306572795,-0.38097241520881653
1132,12,33,1.0,0.9448988437652588,0,0,0.0,0.0,0.0,0.0,-0.0024268319830298424,-0.3810568153858185
1133,12,34,1.0,0.9452798366546631,0,0,0.0,0.0,0.0,0.0,-0.0025746922474354506,-0.39859145879745483
1134,12,35,1.0,0.94529128074646,0,0,0.0,0.0,0.0,0.0,-0.002584070898592472,-0.3986131548881531
1135,12,36,1.0,0.9556085467338562,0,0,0.0,0.0,-0.5,0.0,-0.0009623767109587789,-0.2590150833129883
1136,12,37,1.0,0.9180203676223755,0,0,0.0,0.0,-0.5,0.0,-0.0009364987490698695,-0.5092042088508606
1137,12,38,1.0,0.933799684047699,0,0,0.0,0.0,-0.5,0.0,-0.0026856439653784037,-0.5857731103897095
1138,12,39,1.0,0.9315109252929688,0,0,0.0,0.0,-0.5,0.0,-0.0008929489413276315,-0.5719348788261414
1139,12,40,1.0,0.9411031603813171,0,0,0.0,0.0,-0.5,0.0,-0.000552884244825691,-0.5623012781143188
1140,12,41,1.0,0.9323548078536987,0,0,0.0,0.0,-0.5,0.0,0.005985593423247337,-0.45145687460899353
1141,12,42,1.0,0.915755033493042,0,0,0.0,0.0,-0.5,0.0,0.007979867048561573,-0.4017132520675659
1142,12,43,1.0,0.9569646716117859,0,0,0.0,0.0,-0.5,0.0,0.0103308679535985,-0.30840185284614563
1143,12,44,1.0,1.3496297597885132,0,0,0.0,0.0,-0.5,0.0,0.0018477310659363866,-0.07589010894298553
1144,12,45,1.0,1.349499225616455,0,0,0.0,0.0,-0.5,0.0,0.0007208053721114993,-0.06704650819301605
1145,12,46,1.0,1.4046695232391357,0,0,0.0,0.0,0.0,0.0,5.193433025851846e-05,-0.06784652173519135
1146,12,47,1.0,1.406134843826294,0,0,0.0,0.0,0.0,0.0,1.9016923033632338e-05,-0.06698478013277054
1147,12,48,1.0,1.4227912425994873,0,0,0.0,0.0,0.0,0.0,6.549718091264367e-05,-0.061053674668073654
1148,12,49,1.0,1.4226577281951904,0,0,0.0,0.0,0.0,0.0,5.937749665463343e-05,-0.06108325347304344
1149,12,50,2.0,1.4379909038543701,1,0,0.0,0.0,0.0,0.0,0.0017775021260604262,-0.06384307891130447
1150,12,51,2.0,1.995689868927002,1,1,0.0,0.0,0.0,0.0,0.008288970217108727,-0.035324499011039734
1151,12,52,2.0,2.0488393306732178,1,1,0.0,0.0,0.0,0.0,0.007922415621578693,-0.02214660309255123
1152,12,53,2.0,2.0579352378845215,1,1,0.0,0.0,0.0,0.0,0.0054316106252372265,-0.027240853756666183
1153,12,54,2.0,2.060202121734619,1,1,0.0,0.0,0.0,0.0,0.006997888907790184,-0.01397979911416769
1154,12,55,2.0,1.981220006942749,1,1,0.0,0.0,0.0,0.0,0.005233817268162966,0.002793123945593834
1155,12,56,2.0,1.0985453128814697,1,0,0.0,0.0,0.0,0.0,-0.0015712555032223463,0.020483950152993202
1156,12,57,2.0,1.0694013833999634,1,0,0.0,0.0,0.0,0.0,-0.002286448609083891,-0.0037463398184627295
1157,12,58,2.0,1.107121229171753,1,0,0.0,0.0,0.0,0.0,-0.0038362436462193727,-0.019710712134838104
1158,12,59,2.0,1.1027847528457642,1,0,0.0,0.0,0.0,0.0,-0.004025283269584179,-0.021666154265403748
1159,12,60,2.0,1.1823475360870361,1,0,0.0,0.0,0.0,0.0,-0.004138152115046978,-0.018506232649087906
1160,12,61,2.0,1.181815266609192,1,0,0.0,0.0,0.0,0.0,-0.0040085772052407265,-0.018841950222849846
1161,12,62,2.0,1.0914137363433838,1,0,0.0,0.0,0.0,0.0,-0.0036258730106055737,-0.018977584317326546
1162,12,63,2.0,1.0908526182174683,1,0,0.0,0.0,0.0,0.0,-0.003595672780647874,-0.019419603049755096
1163,12,64,1.0,1.0295664072036743,0,0,0.0,0.0,0.0,0.0,-0.003722993889823556,-0.008742167614400387
1164,12,65,1.0,1.0295681953430176,0,0,0.0,0.0,0.0,0.0,-0.0037136483006179333,-0.00847979262471199
1165,12,66,1.0,1.0236766338348389,0,0,0.0,0.0,0.0,0.0,-0.00331880827434361,-0.0024153569247573614
1166,12,67,1.0,1.023590087890625,0,0,0.0,0.0,0.0,0.0,-0.0033248448744416237,-0.002319601597264409
1167,12,68,1.0,1.0293349027633667,0,0,0.0,0.0,0.0,0.0,-0.0031025658827275038,0.007296848110854626
1168,12,69,1.0,1.0286662578582764,0,0,0.0,0.0,0.5,0.0,-0.0031403852626681328,0.006957590579986572
1169,12,70,1.0,1.0200220346450806,0,0,0.0,0.0,0.5,0.0,-0.00015478463319595903,0.2956480085849762
1170,12,71,1.0,1.0147521495819092,0,0,0.0,0.0,0.5,0.0,-0.004253051709383726,0.49318835139274597
1171,12,72,1.0,0.9971240162849426,0,0,0.0,0.0,0.5,0.0,0.00047343410551548004,0.5386006236076355
1172,12,73,1.0,0.989926815032959,0,0,0.0,0.0,0.5,0.0,-0.0022495482116937637,0.5455589294433594
1173,12,74,1.0,0.9916350245475769,0,0,0.0,0.0,0.5,0.0,0.00013869897520635277,0.5532596111297607
1174,12,75,1.0,0.993277370929718,0,0,0.0,0.0,0.5,0.0,7.510595605708659e-05,0.5472632646560669
1175,12,76,1.0,0.9906958937644958,0,0,0.0,0.0,0.5,0.0,0.0009625383536331356,0.5473743081092834
1176,12,77,1.0,0.9883226752281189,0,0,0.0,0.0,0.5,0.0,0.0016994908219203353,0.5437344908714294
1177,12,78,1.0,0.9872269630432129,0,0,0.0,0.0,0.5,0.0,0.0012109660310670733,0.5400974154472351
1178,12,79,1.0,0.9879563450813293,0,0,0.0,0.0,0.5,0.0,0.0008684142376296222,0.5344076752662659
1179,13,0,1.0,0.964085042476654,0,0,0.0,0.0,0.0,0.0,-0.23893742263317108,-0.003704722737893462
1180,13,1,1.0,0.9696349501609802,0,0,0.0,0.0,0.0,0.0,-0.23803137242794037,-0.007737541571259499
1181,13,2,1.0,0.9677334427833557,0,0,0.0,0.0,0.0,0.0,-0.24014125764369965,-0.0063139935955405235
1182,13,3,1.0,0.9666934609413147,0,0,0.0,0.0,0.0,0.0,-0.240598663687706,-0.005731339566409588
1183,13,4,1.0,0.9664179682731628,0,0,0.0,0.0,0.0,0.0,-0.24132198095321655,-0.008554305881261826
1184,13,5,1.0,0.9662840366363525,0,0,0.0,0.0,0.0,0.0,-0.2414105087518692,-0.008322952315211296
1185,13,6,1.0,0.9680273532867432,0,0,0.0,0.0,0.0,0.0,-0.2423035055398941,-0.005895727314054966
1186,13,7,1.0,0.9680339097976685,0,0,0.0,0.0,0.0,0.0,-0.2423209547996521,-0.005819132551550865
1187,13,8,1.0,0.9674968123435974,0,0,0.0,0.0,0.0,0.0,-0.2419794350862503,-0.005772603675723076
1188,13,9,1.0,0.9675030708312988,0,0,0.0,-0.25,0.0,0.0,-0.24198362231254578,-0.005750725977122784
1189,13,10,1.0,0.976723313331604,0,0,0.0,-0.25,0.0,0.0,-0.25261154770851135,-0.0037780615966767073
1190,13,11,1.0,0.9828630089759827,0,0,0.0,-0.25,0.0,0.0,-0.2582797706127167,-0.012891835533082485
1191,13,12,1.0,0.9840093851089478,0,0,0.0,-0.25,0.0,0.0,-0.2595107853412628,-0.009197993203997612
1192,13,13,1.0,0.9977583885192871,0,0,0.0,-0.25,0.0,0.0,-0.26622048020362854,-0.009240864776074886
1193,13,14,1.0,0.9990555644035339,0,0,0.0,-0.25,0.0,0.0,-0.26787641644477844,0.0005090420600026846
1194,13,15,1.0,0.9872732758522034,0,0,0.0,-0.25,0.0,0.0,-0.2733226716518402,-0.00805365014821291
1195,13,16,1.0,0.9781461954116821,0,0,0.0,-0.25,0.0,0.0,-0.2781118154525757,-0.004282979294657707
1196,13,17,1.0,0.9973119497299194,0,0,0.0,-0.25,0.0,0.0,-0.27787235379219055,-0.013806761242449284
1197,13,18,1.0,0.97577303647995,0,0,0.0,-0.25,0.0,0.0,-0.27791517972946167,-0.008834864012897015
1198,13,19,1.0,0.9778693318367004,0,0,0.0,-0.25,0.0,0.0,-0.2802281677722931,-0.02121780812740326
1199,13,20,1.0,0.9809523820877075,0,0,0.0,-0.25,0.0,0.0,-0.27252253890037537,-0.01661665178835392
1200,13,21,1.0,0.9724883437156677,0,0,0.0,-0.25,0.0,0.0,-0.20130355656147003,-0.006911181844770908
1201,13,22,1.0,0.9763676524162292,0,0,0.0,-0.25,0.0,0.0,-0.055802877992391586,-0.0047071026638150215
1202,13,23,1.0,0.9756948947906494,0,0,0.0,0.0,0.0,0.0,-0.030311355367302895,-0.017096620053052902
1203,13,24,1.0,0.9759128093719482,0,0,0.0,0.0,0.0,0.0,-0.014459222555160522,-0.012372255325317383
1204,13,25,1.0,0.9797146320343018,0,0,0.0,0.0,0.0,0.0,-0.00791968498378992,-0.007129398174583912
1205,13,26,1.0,0.9806238412857056,0,0,0.0,0.0,0.0,0.0,-0.004002584610134363,-0.005987187847495079
1206,13,27,1.0,0.981041669845581,0,0,0.0,0.0,0.0,0.0,-0.003719350090250373,-0.005184786394238472
1207,13,28,1.0,0.980707585811615,0,0,0.0,0.0,0.0,0.0,-0.0033873070497065783,-0.008373440243303776
1208,13,29,1.0,0.9806882739067078,0,0,0.0,-0.25,0.0,0.0,-0.0032280157320201397,-0.008289500139653683
1209,13,30,1.0,0.9807833433151245,0,0,0.0,-0.25,0.0,0.0,-0.010973488911986351,-0.011981464922428131
1210,13,31,1.0,0.9829356670379639,0,0,0.0,0.0,0.0,0.0,-0.01172105222940445,-0.0245782770216465
1211,13,32,1.0,0.9804624319076538,0,0,0.0,0.0,0.0,0.0,-0.0015735951019451022,-0.05471230670809746
1212,13,33,1.0,0.9781103134155273,0,0,0.0,0.0,0.0,0.0,0.001496218959800899,-0.036682646721601486
1213,13,34,1.0,0.9756332635879517,0,0,0.0,0.0,0.0,0.0,0.0013038701144978404,-0.3014935255050659
1214,13,35,1.0,0.9764624834060669,0,0,0.0,0.0,0.0,0.0,0.0025492594577372074,-0.30092141032218933
1215,13,36,1.0,0.9668989777565002,0,0,0.0,0.0,0.0,0.0,-0.002712811343371868,-0.5009220242500305
1216,13,37,1.0,0.9669332504272461,0,0,0.0,0.0,0.0,0.0,-0.0024592126719653606,-0.5005784034729004
1217,13,38,1.0,0.9665429592132568,0,0,0.0,0.0,0.0,0.0,-0.002725813537836075,-0.5258845686912537
1218,13,39,1.0,0.9665247201919556,0,0,0.0,0.0,0.0,0.0,-0.002666434971615672,-0.5258112549781799
1219,13,40,1.0,0.9652361869812012,0,0,0.0,0.0,0.0,0.0,-0.002912364434450865,-0.5070050954818726
1220,13,41,1.0,0.965224027633667,0,0,0.0,0.0,0.0,0.0,-0.0028964481316506863,-0.5069817900657654
1221,13,42,1.0,0.9622370600700378,0,0,0.0,0.0,-0.5,0.0,-0.003455083118751645,-0.510201632976532
1222,13,43,1.0,0.9451728463172913,0,0,0.0,0.0,-0.5,0.0,-0.0029518387746065855,-0.5557057857513428
1223,13,44,1.0,0.9399397373199463,0,0,0.0,0.0,-0.5,0.0,-0.003983872011303902,-0.597995400428772
1224,13,45,1.0,0.9272842407226562,0,0,0.0,0.0,-0.5,0.0,0.0014737049350515008,-0.5938995480537415
1225,13,46,1.0,0.9601041674613953,0,0,0.0,0.0,-0.5,0.0,-0.004995985422283411,-0.5532004237174988
1226,13,47,1.0,0.9566132426261902,0,0,0.0,0.0,-0.5,0.0,0.003310800064355135,-0.5054677724838257
1227,13,48,1.0,0.9429326057434082,0,0,0.0,0.0,-0.5,0.0,0.006158559583127499,-0.41751858592033386
1228,13,49,1.0,1.1287306547164917,0,0,0.0,0.0,-0.5,0.0,0.0035769508685916662,-0.21262353658676147
1229,13,50,1.0,1.3945918083190918,0,0,0.0,0.0,-0.5,0.0,-0.0036514857783913612,-0.09051810950040817
1230,13,51,1.0,1.3991245031356812,0,0,0.0,0.0,-0.5,0.0,-0.003476347541436553,-0.08622752875089645
1231,13,52,1.0,1.4598944187164307,0,0,0.0,0.0,-0.5,0.0,-0.002360332291573286,-0.07350222766399384
1232,13,53,1.0,1.4605711698532104,0,0,0.0,0.0,0.0,0.0,-0.0024002864956855774,-0.07298184931278229
1233,13,54,1.0,1.473116159439087,0,0,0.0,0.0,0.0,0.0,-0.0018994859419763088,-0.0697249174118042
1234,13,55,1.0,1.4732894897460938,0,0,0.0,0.0,0.0,0.0,-0.001894006971269846,-0.06961371749639511
1235,13,56,1.0,1.490317940711975,0,0,0.0,0.0,0.0,0.0,-0.0015056722331792116,-0.06633855402469635
1236,13,57,2.0,1.4905391931533813,1,0,0.0,0.0,0.0,0.0,-0.0015024946769699454,-0.0662524476647377
1237,13,58,2.0,1.9032645225524902,1,1,0.0,0.0,0.0,0.0,0.0025363622698932886,-0.03604011982679367
1238,13,59,2.0,1.9836230278015137,1,1,0.0,0.0,0.0,0.0,0.005639219656586647,-0.022329939529299736
1239,13,60,2.0,2.022329330444336,1,1,0.0,0.0,0.0,0.0,0.005018994212150574,-0.02444824017584324
1240,13,61,2.0,2.0290608406066895,1,1,0.0,0.0,0.0,0.0,0.004884492140263319,-0.03439158946275711
1241,13,62,2.0,2.043363094329834,1,1,0.0,0.0,0.0,0.0,0.0035648273769766092,-0.02658611722290516
1242,13,63,2.0,2.0474472045898438,1,1,0.0,0.0,0.0,0.0,0.001385554438456893,-0.029062066227197647
1243,13,64,2.0,1.5889042615890503,1,1,0.0,0.0,0.0,0.0,0.0022670854814350605,-0.02751394547522068
1244,13,65,2.0,1.6050596237182617,1,1,0.0,0.0,0.0,0.0,0.00042846082942560315,0.0019662496633827686
1245,13,66,2.0,1.5404200553894043,1,1,0.0,0.0,0.0,0.0,-9.827983740251511e-05,-0.0015273711178451777
1246,13,67,2.0,1.5403178930282593,1,1,0.0,0.0,0.0,0.0,-0.0007848632521927357,-0.007052583619952202
1247,13,68,2.0,1.236077070236206,1,0,0.0,0.0,0.0,0.0,-0.004501924850046635,-0.0037159144412726164
1248,13,69,2.0,1.2120527029037476,1,0,0.0,0.0,0.0,0.0,-0.004274018574506044,-0.0060354359447956085
1249,13,70,1.0,1.210868239402771,0,0,0.0,0.0,0.0,0.0,-0.005172031931579113,0.002414437010884285
1250,13,71,1.0,1.216060757637024,0,0,0.0,0.0,0.0,0.0,-0.00553685799241066,-0.0034589108545333147
1251,13,72,1.0,1.0709383487701416,0,0,0.0,0.0,0.0,0.0,-0.006272695958614349,0.002565080299973488
1252,13,73,1.0,1.1090247631072998,0,0,0.0,0.0,0.0,0.0,-0.005593085661530495,0.006239818409085274
1253,13,74,1.0,1.0843011140823364,0,0,0.0,0.0,0.0,0.0,-0.007011265028268099,-0.006340797059237957
1254,13,75,1.0,1.0701725482940674,0,0,0.0,0.0,0.0,0.0,-0.006750847212970257,-0.010600687004625797
1255,13,76,1.0,1.0408700704574585,0,0,0.0,0.0,0.5,0.0,-0.005173823330551386,-0.012965205125510693
1256,13,77,1.0,1.0397905111312866,0,0,0.0,0.0,0.5,0.0,-0.007882684469223022,0.16844923794269562
1257,13,78,1.0,1.0491411685943604,0,0,0.0,0.0,0.5,0.0,-0.001849910942837596,0.4382894039154053
1258,13,79,1.0,1.0050126314163208,0,0,0.0,0.0,0.5,0.0,-0.002579571446403861,0.5316019058227539
1259,13,80,1.0,0.9924448132514954,0,0,0.0,0.0,0.5,0.0,-0.00046868150820955634,0.5533925890922546
1260,13,81,1.0,0.9942111968994141,0,0,0.0,0.0,0.5,0.0,0.00024247626424767077,0.5480297207832336
1261,13,82,1.0,0.994271993637085,0,0,0.0,0.0,0.5,0.0,-0.0006049632211215794,0.5486262440681458
1262,13,83,1.0,0.9938331246376038,0,0,0.0,0.0,0.5,0.0,-0.0005419892258942127,0.5507996082305908
1263,13,84,1.0,0.9927120804786682,0,0,0.0,0.0,0.5,0.0,0.00030681813950650394,0.5445699095726013
1264,13,85,1.0,0.9921528697013855,0,0,0.0,0.0,0.5,0.0,0.00028790259966626763,0.5366936922073364
1265,13,86,1.0,0.9941971302032471,0,0,0.0,0.0,0.5,0.0,0.0015535095008090138,0.5393499732017517
1266,14,0,1.0,0.975055456161499,0,0,0.0,0.0,0.0,0.0,-0.24142660200595856,-0.012467161752283573
1267,14,1,1.0,0.9920805096626282,0,0,0.0,0.0,0.0,0.0,-0.2371341586112976,-0.018310535699129105
1268,14,2,1.0,0.9800280928611755,0,0,0.0,0.0,0.0,0.0,-0.24380278587341309,-0.015907615423202515
1269,14,3,1.0,0.9765948057174683,0,0,0.0,0.0,0.0,0.0,-0.24540071189403534,-0.015757698565721512
1270,14,4,1.0,0.9756160974502563,0,0,0.0,0.0,0.0,0.0,-0.24865806102752686,-0.01719328761100769
1271,14,5,1.0,0.9753026366233826,0,0,0.0,0.0,0.0,0.0,-0.24891892075538635,-0.01676921546459198
1272,14,6,1.0,0.9695733785629272,0,0,0.0,0.0,0.0,0.0,-0.250529408454895,-0.019458651542663574
1273,14,7,1.0,0.9695650339126587,0,0,0.0,0.0,0.0,0.0,-0.2505762279033661,-0.019288159906864166
1274,14,8,1.0,0.9710555672645569,0,0,0.0,-0.25,0.0,0.0,-0.2526475191116333,-0.019722944125533104
1275,14,9,1.0,0.9791094064712524,0,0,0.0,-0.25,0.0,0.0,-0.2772355377674103,-0.024580305442214012
1276,14,10,1.0,0.9851934909820557,0,0,0.0,-0.25,0.0,0.0,-0.2815580368041992,-0.028248243033885956
1277,14,11,1.0,0.9790235161781311,0,0,0.0,-0.25,0.0,0.0,-0.2798739969730377,-0.028577692806720734
1278,14,12,1.0,0.9932535886764526,0,0,0.0,-0.25,0.0,0.0,-0.24541981518268585,-0.015481737442314625
1279,14,13,1.0,0.9837904572486877,0,0,0.0,-0.25,0.0,0.0,-0.16132265329360962,0.0002838254440575838
1280,14,14,1.0,0.9751372337341309,0,0,0.0,0.0,0.0,0.0,-0.04741588234901428,-0.011512327939271927
1281,14,15,1.0,0.9743350744247437,0,0,0.0,0.0,0.0,0.0,-0.021478891372680664,-0.013780095614492893
1282,14,16,1.0,0.9736736416816711,0,0,0.0,0.0,0.0,0.0,-0.006207885220646858,-0.016387075185775757
1283,14,17,1.0,0.9743465185165405,0,0,0.0,0.0,0.0,0.0,-0.002840312896296382,-0.015450152568519115
1284,14,18,1.0,0.9756956100463867,0,0,0.0,0.0,0.0,0.0,-0.0005877011572010815,-0.015563457272946835
1285,14,19,1.0,0.9757441282272339,0,0,0.0,0.0,0.0,0.0,-0.00013997619680594653,-0.015405132435262203
1286,14,20,1.0,0.9761691093444824,0,0,0.0,0.0,0.0,0.0,-5.1905139116570354e-05,-0.016455380246043205
1287,14,21,1.0,0.976173460483551,0,0,0.0,-0.25,0.0,0.0,3.869467036565766e-05,-0.0164369884878397
1288,14,22,1.0,0.9803940057754517,0,0,0.0,0.0,0.0,0.0,-0.009288406930863857,-0.012921986170113087
1289,14,23,1.0,0.9789321422576904,0,0,0.0,0.0,0.0,0.0,-0.004803773015737534,-0.009563939645886421
1290,14,24,1.0,0.977896511554718,0,0,0.0,0.0,0.0,0.0,-0.0014970767078921199,-0.012402748689055443
1291,14,25,1.0,0.9781216382980347,0,0,0.0,0.0,0.0,0.0,-0.0004114729817956686,-0.012731782160699368
1292,14,26,1.0,0.982033908367157,0,0,0.0,0.0,0.0,0.0,0.000245306349825114,-0.015271916054189205
1293,14,27,1.0,0.9820395708084106,0,0,0.0,0.0,0.0,0.0,0.00046485912753269076,-0.015215075574815273
1294,14,28,1.0,0.9808123707771301,0,0,0.0,0.0,0.0,0.0,0.0005688919918611646,-0.0178899634629488
1295,14,29,1.0,0.980803906917572,0,0,0.0,0.0,0.0,0.0,0.0006078313454054296,-0.017881454899907112
1296,14,30,1.0,0.981182873249054,0,0,0.0,-0.25,0.0,0.0,0.00038881017826497555,-0.014121281914412975
1297,14,31,1.0,0.9763208031654358,0,0,0.0,0.0,0.0,0.0,-0.010696153156459332,-0.0225993562489748
1298,14,32,1.0,0.975411593914032,0,0,0.0,0.0,0.0,0.0,-0.0007150989840738475,-0.03370799496769905
1299,14,33,1.0,0.9780935049057007,0,0,0.0,0.0,0.0,0.0,0.002074802527204156,-0.03286660090088844
1300,14,34,1.0,0.9787372350692749,0,0,0.0,0.0,0.0,0.0,0.0038513147737830877,-0.14383620023727417
1301,14,35,1.0,0.9788142442703247,0,0,0.0,0.0,0.0,0.0,0.004706024192273617,-0.14377669990062714
1302,14,36,1.0,0.9575069546699524,0,0,0.0,0.0,0.0,0.0,-0.002206948818638921,-0.43740028142929077
1303,14,37,1.0,0.9575390219688416,0,0,0.0,0.0,0.0,0.0,-0.0020313779823482037,-0.43716394901275635
1304,14,38,1.0,0.9538959264755249,0,0,0.0,0.0,0.0,0.0,-0.0017122233984991908,-0.4626363217830658
1305,14,39,1.0,0.9538745880126953,0,0,0.0,0.0,0.0,0.0,-0.0016748859779909253,-0.4625759422779083
1306,14,40,1.0,0.9624840021133423,0,0,0.0,0.0,-0.5,0.0,0.0010699942940846086,-0.3922118544578552
1307,14,41,1.0,0.9370044469833374,0,0,0.0,0.0,-0.5,0.0,0.0032496165949851274,-0.5230109095573425
1308,14,42,1.0,0.9216880202293396,0,0,0.0,0.0,-0.5,0.0,0.003927715588361025,-0.5415952801704407
1309,14,43,1.0,0.9318310022354126,0,0,0.0,0.0,-0.5,0.0,0.0038642471190541983,-0.5254310369491577
1310,14,44,1.0,0.9489828944206238,0,0,0.0,0.0,-0.5,0.0,0.0017795226303860545,-0.501650333404541
1311,14,45,1.0,0.9627026319503784,0,0,0.0,0.0,-0.5,0.0,0.003054833970963955,-0.49592962861061096
1312,14,46,1.0,0.9463930130004883,0,0,0.0,0.0,-0.5,0.0,0.004046452697366476,-0.4337437152862549
1313,14,47,1.0,1.0054823160171509,0,0,0.0,0.0,-0.5,0.0,0.004629160743206739,-0.2861267328262329
1314,14,48,1.0,1.3614425659179688,0,0,0.0,0.0,-0.5,0.0,-0.006985211744904518,-0.07978879660367966
1315,14,49,1.0,1.3932950496673584,0,0,0.0,0.0,-0.5,0.0,-0.005302953999489546,-0.07214225828647614
1316,14,50,1.0,1.4736196994781494,0,0,0.0,0.0,0.0,0.0,-0.00473683001473546,-0.06624593585729599
1317,14,51,1.0,1.4746828079223633,0,0,0.0,0.0,0.0,0.0,-0.004782804753631353,-0.06551969796419144
1318,14,52,1.0,1.4979197978973389,0,0,0.0,0.0,0.0,0.0,-0.00404660589993,-0.06530790030956268
1319,14,53,1.0,1.4979604482650757,0,0,0.0,0.0,0.0,0.0,-0.004045612644404173,-0.06525422632694244
1320,14,54,2.0,1.5126482248306274,1,1,0.0,0.0,0.0,0.0,-0.003432523924857378,-0.06703795492649078
1321,14,55,2.0,1.8925868272781372,1,1,0.0,0.0,0.0,0.0,0.005328779108822346,-0.03009810298681259
1322,14,56,2.0,1.9888629913330078,1,1,0.0,0.0,0.0,0.0,0.0038691244553774595,-0.02513430081307888
1323,14,57,2.0,2.036740779876709,1,1,0.0,0.0,0.0,0.0,0.006295575760304928,-0.03058282658457756
1324,14,58,2.0,2.0307164192199707,1,1,0.0,0.0,0.0,0.0,0.007704299408942461,-0.009193994104862213
1325,14,59,2.0,2.0576558113098145,1,1,0.0,0.0,0.0,0.0,0.008405354805290699,-0.026230908930301666
1326,14,60,2.0,2.046018123626709,1,1,0.0,0.0,0.0,0.0,0.00649920804426074,-0.01750410534441471
1327,14,61,2.0,2.014366626739502,1,1,0.0,0.0,0.0,0.0,0.007784219458699226,-0.024287478998303413
1328,14,62,2.0,1.700115442276001,1,1,0.0,0.0,0.0,0.0,0.0011471693869680166,-0.007971827872097492
1329,14,63,2.0,1.5965383052825928,1,1,0.0,0.0,0.0,0.0,0.0018562746699899435,-0.016915325075387955
1330,14,64,2.0,1.5133562088012695,1,1,0.0,0.0,0.0,0.0,0.0013913620496168733,-0.017852794378995895
1331,14,65,2.0,1.3457305431365967,1,0,0.0,0.0,0.0,0.0,-0.0021455837413668633,-0.013271967880427837
1332,14,66,2.0,1.0185344219207764,1,0,0.0,0.0,0.0,0.0,-0.0036102570593357086,-0.026650378480553627
1333,14,67,2.0,1.0313619375228882,1,0,0.0,0.0,0.0,0.0,-0.004551926162093878,-0.043210409581661224
1334,14,68,1.0,1.0059406757354736,0,0,0.0,0.0,0.0,0.0,-0.004313423298299313,-0.04478013142943382
1335,14,69,1.0,1.0042331218719482,0,0,0.0,0.0,0.0,0.0,-0.0034933630377054214,-0.04398072138428688
1336,14,70,1.0,0.9799908995628357,0,0,0.0,0.0,0.0,0.0,-0.0007103871903382242,-0.03912157192826271
1337,14,71,1.0,0.9885029792785645,0,0,0.0,0.0,0.0,0.0,-0.00014382913650479168,-0.033099859952926636
1338,14,72,1.0,1.0081148147583008,0,0,0.0,0.0,0.0,0.0,-0.0015703878598287702,-0.0239693745970726
1339,14,73,1.0,1.0080959796905518,0,0,0.0,0.0,0.0,0.0,-0.0019578493665903807,-0.016490299254655838
1340,14,74,1.0,0.9861297607421875,0,0,0.0,0.0,0.0,0.0,-0.0027328133583068848,0.007603633217513561
1341,14,75,1.0,0.9859122037887573,0,0,0.0,0.0,0.0,0.0,-0.002962456550449133,0.022179752588272095
1342,14,76,1.0,0.9787572622299194,0,0,0.0,0.0,0.0,0.0,-0.0033680491615086794,0.08349240571260452
1343,14,77,1.0,0.9794214963912964,0,0,0.0,0.0,0.0,0.0,-0.0034872095566242933,0.11475888639688492
1344,14,78,1.0,0.9787896871566772,0,0,0.0,0.0,0.0,0.0,-0.0018887531477957964,0.2428838014602661
1345,14,79,1.0,0.9795317053794861,0,0,0.0,0.0,0.0,0.0,-0.001584230805747211,0.26111334562301636
1346,14,80,1.0,0.981475293636322,0,0,0.0,0.0,0.5,0.0,-0.001474958611652255,0.2730953097343445
1347,14,81,1.0,0.9946627020835876,0,0,0.0,0.0,0.5,0.0,-0.0005540024139918387,0.5298159718513489
1348,14,82,1.0,0.9964781999588013,0,0,0.0,0.0,0.5,0.0,-0.0020999263506382704,0.5475057363510132
1349,14,83,1.0,0.9945887327194214,0,0,0.0,0.0,0.5,0.0,-0.0010574867483228445,0.5480216145515442
1350,14,84,1.0,0.9988040924072266,0,0,0.0,0.0,0.5,0.0,-0.0010087027912959456,0.550840437412262
1351,14,85,1.0,1.0027087926864624,0,0,0.0,0.0,0.5,0.0,-0.0008601852459833026,0.5450482964515686
1352,14,86,1.0,0.9934398531913757,0,0,0.0,0.0,0.5,0.0,-7.541499508079141e-05,0.5432838201522827
1353,14,87,1.0,0.9924044013023376,0,0,0.0,0.0,0.5,0.0,-0.0008804071694612503,0.542961835861206
1354,14,88,1.0,0.9932810068130493,0,0,0.0,0.0,0.5,0.0,-4.06285107601434e-05,0.5409400463104248
1355,14,89,1.0,0.9927667379379272,0,0,0.0,0.0,0.5,0.0,-0.00029845512472093105,0.5355700850486755
1356,14,90,1.0,0.9923377633094788,0,0,0.0,0.0,0.5,0.0,0.002293263329192996,0.5325887799263
1357,15,0,1.0,0.9642938375473022,0,0,0.0,0.0,0.0,0.0,0.23796796798706055,-0.011761012487113476
1358,15,1,1.0,0.9699068665504456,0,0,0.0,0.0,0.0,0.0,0.23741456866264343,-0.011048234067857265
1359,15,2,1.0,0.969333827495575,0,0,0.0,0.0,0.0,0.0,0.2382996529340744,-0.016106698662042618
1360,15,3,1.0,0.9676485061645508,0,0,0.0,0.0,0.0,0.0,0.2385096400976181,-0.01665964163839817
1361,15,4,1.0,0.9702028036117554,0,0,0.0,0.0,0.0,0.0,0.23741105198860168,-0.01894346997141838
1362,15,5,1.0,0.9699255228042603,0,0,0.0,0.0,0.0,0.0,0.23745357990264893,-0.01899251714348793
1363,15,6,1.0,0.9679484367370605,0,0,0.0,0.0,0.0,0.0,0.23839935660362244,-0.0185265950858593
1364,15,7,1.0,0.9679248332977295,0,0,0.0,0.0,0.0,0.0,0.23840127885341644,-0.018509069457650185
1365,15,8,1.0,0.9698288440704346,0,0,0.0,0.0,0.0,0.0,0.2378924936056137,-0.019383985549211502
1366,15,9,1.0,0.9698286652565002,0,0,0.0,0.25,0.0,0.0,0.237892284989357,-0.01937631331384182
1367,15,10,1.0,0.9669111967086792,0,0,0.0,0.25,0.0,0.0,0.2583100199699402,-0.02652687020599842
1368,15,11,1.0,0.9693601131439209,0,0,0.0,0.25,0.0,0.0,0.26780954003334045,-0.03152613714337349
1369,15,12,1.0,0.9750933051109314,0,0,0.0,0.25,0.0,0.0,0.2691812515258789,-0.03282591328024864
1370,15,13,1.0,0.978898823261261,0,0,0.0,0.25,0.0,0.0,0.27841657400131226,-0.021963482722640038
1371,15,14,1.0,0.9820457696914673,0,0,0.0,0.25,0.0,0.0,0.2830919623374939,-0.016012102365493774
1372,15,15,1.0,0.9838255643844604,0,0,0.0,0.25,0.0,0.0,0.2872559130191803,-0.016168279573321342
1373,15,16,1.0,0.9829995632171631,0,0,0.0,0.25,0.0,0.0,0.28963834047317505,-0.01740991696715355
1374,15,17,1.0,0.9794495105743408,0,0,0.0,0.25,0.0,0.0,0.28931793570518494,-0.024133481085300446
1375,15,18,1.0,0.9901131391525269,0,0,0.0,0.25,0.0,0.0,0.28687089681625366,-0.016307439655065536
1376,15,19,1.0,0.9843881726264954,0,0,0.0,0.25,0.0,0.0,0.281931072473526,-0.01298529002815485
1377,15,20,1.0,0.9926517009735107,0,0,0.0,0.25,0.0,0.0,0.2680073082447052,-0.002264591632410884
1378,15,21,1.0,0.9862412810325623,0,0,0.0,0.25,0.0,0.0,0.21822573244571686,-0.004837824031710625
1379,15,22,1.0,0.9769112467765808,0,0,0.0,0.0,0.0,0.0,0.062460560351610184,0.004808793775737286
1380,15,23,1.0,0.968376636505127,0,0,0.0,0.0,0.0,0.0,0.02770896814763546,0.004142334684729576
1381,15,24,1.0,0.9718047380447388,0,0,0.0,0.0,0.0,0.0,0.016062401235103607,-0.006728041917085648
1382,15,25,1.0,0.9714320302009583,0,0,0.0,0.0,0.0,0.0,0.013740602880716324,-0.007950319908559322
1383,15,26,1.0,0.9735068678855896,0,0,0.0,0.0,0.0,0.0,0.012312916107475758,-0.005843227729201317
1384,15,27,1.0,0.9736148118972778,0,0,0.0,0.0,0.0,0.0,0.011990422382950783,-0.006189167499542236
1385,15,28,1.0,0.9717435836791992,0,0,0.0,0.0,0.0,0.0,0.010704068467020988,-0.011451300233602524
1386,15,29,1.0,0.9717506170272827,0,0,0.0,0.25,0.0,0.0,0.010633069090545177,-0.011529840528964996
1387,15,30,1.0,0.9785717129707336,0,0,0.0,0.0,0.0,0.0,0.022558197379112244,-0.00769458245486021
1388,15,31,1.0,0.9764161109924316,0,0,0.0,0.0,0.0,0.0,0.01570691540837288,-0.008801490068435669
1389,15,32,1.0,0.9766794443130493,0,0,0.0,0.0,0.0,0.0,0.009491142816841602,-0.00776333175599575
1390,15,33,1.0,0.9767564535140991,0,0,0.0,0.0,0.0,0.0,0.008197457529604435,-0.008011365309357643
1391,15,34,1.0,0.9760947227478027,0,0,0.0,0.0,0.0,0.0,0.007291451562196016,-0.0103115513920784
1392,15,35,1.0,0.976110577583313,0,0,0.0,0.0,0.0,0.0,0.007136025000363588,-0.010356612503528595
1393,15,36,1.0,0.9762400388717651,0,0,0.0,0.0,0.0,0.0,0.006690372247248888,-0.010676387697458267
1394,15,37,1.0,0.9762464761734009,0,0,0.0,0.25,0.0,0.0,0.006665660068392754,-0.010696480050683022
1395,15,38,1.0,0.980115532875061,0,0,0.0,0.0,0.0,0.0,0.014893985353410244,-0.00717947818338871
1396,15,39,1.0,0.9774015545845032,0,0,0.0,0.0,0.0,0.0,0.007415372878313065,-0.009558224119246006
1397,15,40,1.0,0.9791052937507629,0,0,0.0,0.0,0.0,0.0,0.006842771079391241,-0.013020050711929798
1398,15,41,1.0,0.9791984558105469,0,0,0.0,0.0,0.0,0.0,0.005864144768565893,-0.01331357005983591
1399,15,42,1.0,0.9790332317352295,0,0,0.0,0.0,0.0,0.0,0.005369702819734812,-0.01641860231757164
1400,15,43,1.0,0.9790709018707275,0,0,0.0,0.0,0.0,0.0,0.005249707493931055,-0.016489123925566673
1401,15,44,1.0,0.9801897406578064,0,0,0.0,0.0,0.0,0.0,0.005466286558657885,-0.015327339060604572
1402,15,45,1.0,0.9802055358886719,0,0,0.0,0.0,0.0,0.0,0.005447274073958397,-0.01535568106919527
1403,15,46,1.0,0.979934573173523,0,0,0.0,0.0,0.0,0.0,0.005502387415617704,-0.015021382831037045
1404,15,47,1.0,0.9799385666847229,0,0,0.0,0.0,0.0,0.0,0.005498103331774473,-0.015029496513307095
1405,15,48,1.0,0.9800235629081726,0,0,0.0,0.0,0.0,0.0,0.005506552755832672,-0.01509429607540369
1406,15,49,1.0,0.9800243377685547,0,0,0.0,0.0,0.0,0.0,0.005505469162017107,-0.015095860697329044
1407,15,50,1.0,0.9825228452682495,0,0,0.0,0.25,0.0,0.0,0.0046880305744707584,-0.014740790240466595
1408,15,51,1.0,0.9789561033248901,0,0,0.0,0.0,0.0,0.0,0.013977031223475933,-0.017385171726346016
1409,15,52,1.0,0.9741034507751465,0,0,0.0,0.0,0.0,0.0,0.008367364294826984,-0.07375288754701614
1410,15,53,1.0,0.9763388633728027,0,0,0.0,0.0,0.0,0.0,0.003917268477380276,-0.057527609169483185
1411,15,54,1.0,0.9571220874786377,0,0,0.0,0.0,0.0,0.0,0.001428100629709661,-0.31737059354782104
1412,15,55,1.0,0.9579897522926331,0,0,0.0,0.0,0.0,0.0,0.0006223142263479531,-0.3169146478176117
1413,15,56,1.0,0.9430997967720032,0,0,0.0,0.0,0.0,0.0,-0.0014284400967881083,-0.5161175727844238
1414,15,57,1.0,0.9432643055915833,0,0,0.0,0.0,0.0,0.0,-0.0015631229616701603,-0.5160561203956604
1415,15,58,1.0,0.9443622827529907,0,0,0.0,0.0,0.0,0.0,-0.002138146897777915,-0.5328050255775452
1416,15,59,1.0,0.9444016218185425,0,0,0.0,0.0,0.0,0.0,-0.0021677070762962103,-0.532801628112793
1417,15,60,1.0,0.9542904496192932,0,0,0.0,0.0,-0.5,0.0,-0.0005358285270631313,-0.4754754602909088
1418,15,61,1.0,0.9233071804046631,0,0,0.0,0.0,-0.5,0.0,-0.00026055192574858665,-0.5396419763565063
1419,15,62,1.0,0.935693621635437,0,0,0.0,0.0,-0.5,0.0,-0.002018754370510578,-0.576987624168396
1420,15,63,1.0,0.9343605637550354,0,0,0.0,0.0,-0.5,0.0,0.00137069053016603,-0.5374898910522461
1421,15,64,1.0,0.9495522975921631,0,0,0.0,0.0,-0.5,0.0,0.0005162855377420783,-0.5325437784194946
1422,15,65,1.0,0.9805907011032104,0,0,0.0,0.0,-0.5,0.0,0.007586808875203133,-0.47683557868003845
1423,15,66,1.0,0.9305590391159058,0,0,0.0,0.0,-0.5,0.0,0.004781964235007763,-0.3943067193031311
1424,15,67,1.0,1.0586477518081665,0,0,0.0,0.0,-0.5,0.0,0.008162211626768112,-0.24791137874126434
1425,15,68,1.0,1.4184720516204834,0,0,0.0,0.0,-0.5,0.0,0.003461694112047553,-0.08340486139059067
1426,15,69,1.0,1.435514211654663,0,0,0.0,0.0,-0.5,0.0,0.0030193410348147154,-0.07571939378976822
1427,15,70,1.0,1.4964858293533325,0,0,0.0,0.0,-0.5,0.0,0.002460474381223321,-0.06352752447128296
1428,15,71,1.0,1.497633934020996,0,0,0.0,0.0,0.0,0.0,0.00242515723221004,-0.06278836727142334
1429,15,72,1.0,1.505528450012207,0,1,0.0,0.0,0.0,0.0,0.002321438631042838,-0.06284593790769577
1430,15,73,1.0,1.5053596496582031,0,1,0.0,0.0,0.0,0.0,0.00231488817371428,-0.06289981305599213
1431,15,74,2.0,1.5454223155975342,1,1,0.0,0.0,0.0,0.0,0.004711394663900137,-0.06495581567287445
1432,15,75,2.0,1.9992364645004272,1,1,0.0,0.0,0.0,0.0,0.0060980129055678844,-0.013668579049408436
1433,15,76,2.0,2.029796600341797,1,1,0.0,0.0,0.0,0.0,0.005700829904526472,-0.015964636579155922
1434,15,77,2.0,2.0462350845336914,1,1,0.0,0.0,0.0,0.0,0.00433358596637845,-0.03450267016887665
1435,15,78,2.0,2.0370898246765137,1,1,0.0,0.0,0.0,0.0,0.0051901317201554775,-0.03245355933904648
1436,15,79,2.0,2.0544919967651367,1,1,0.0,0.0,0.0,0.0,0.005752763710916042,-0.02277560904622078
1437,15,80,2.0,1.7647888660430908,1,1,0.0,0.0,0.0,0.0,0.0044520096853375435,-0.024896668270230293
1438,15,81,2.0,1.7887709140777588,1,1,0.0,0.0,0.0,0.0,0.0034772150684148073,-0.027692116796970367
1439,15,82,2.0,1.7812434434890747,1,1,0.0,0.0,0.0,0.0,0.006815203931182623,-0.024717066437005997
1440,15,83,2.0,1.7730419635772705,1,1,0.0,0.0,0.0,0.0,0.00682489387691021,-0.02755471132695675
1441,15,84,2.0,1.6261112689971924,1,1,0.0,0.0,0.0,0.0,0.0016298536211252213,-0.02452075481414795
1442,15,85,2.0,1.5652083158493042,1,1,0.0,0.0,0.0,0.0,0.0014704858185723424,-0.034748952835798264
1443,15,86,2.0,1.2208845615386963,1,0,0.0,0.0,0.0,0.0,-0.0013511492870748043,-0.03073897585272789
1444,15,87,2.0,1.22874116897583,1,0,0.0,0.0,0.0,0.0,-0.0015200426569208503,-0.02129596658051014
1445,15,88,2.0,1.0397088527679443,1,0,0.0,0.0,0.0,0.0,-0.002103841630741954,-0.012695309706032276
1446,15,89,1.0,1.036389708518982,0,0,0.0,0.0,0.0,0.0,-0.0023194635286927223,-0.01370041724294424
1447,15,90,1.0,1.0068491697311401,0,0,0.0,0.0,0.0,0.0,-0.0021869090851396322,0.020293109118938446
1448,15,91,1.0,0.9990411996841431,0,0,0.0,0.0,0.0,0.0,-0.0030014587100595236,0.014736159704625607
1449,15,92,1.0,0.9924020767211914,0,0,0.0,0.0,0.0,0.0,-0.0033438396640121937,0.040753308683633804
1450,15,93,1.0,0.9921252727508545,0,0,0.0,0.0,0.0,0.0,-0.0034372450318187475,0.044889602810144424
1451,15,94,1.0,0.9951455593109131,0,0,0.0,0.0,0.0,0.0,-0.0033754960168153048,0.016957620158791542
1452,15,95,1.0,0.9979566335678101,0,0,0.0,0.0,0.5,0.0,-0.003093113424256444,0.020471222698688507
1453,15,96,1.0,0.9994707107543945,0,0,0.0,0.0,0.5,0.0,0.0020905600395053625,0.4364795982837677
1454,15,97,1.0,1.0159233808517456,0,0,0.0,0.0,0.5,0.0,-0.004747104365378618,0.5068212151527405
1455,15,98,1.0,1.0044302940368652,0,0,0.0,0.0,0.5,0.0,-0.0008985520107671618,0.5286842584609985
1456,15,99,1.0,0.9956713318824768,0,0,0.0,0.0,0.5,0.0,-0.0007001750636845827,0.5433611273765564
1457,15,100,1.0,1.0022008419036865,0,0,0.0,0.0,0.5,0.0,-0.0006067205686122179,0.5398853421211243
1458,15,101,1.0,0.9931974411010742,0,0,0.0,0.0,0.5,0.0,-0.0013825823552906513,0.5534222722053528
1459,15,102,1.0,0.9909048080444336,0,0,0.0,0.0,0.5,0.0,0.0016919639892876148,0.549726665019989
1460,15,103,1.0,0.9877471923828125,0,0,0.0,0.0,0.5,0.0,0.0003312408225610852,0.5398813486099243
1461,15,104,1.0,0.9918850660324097,0,0,0.0,0.0,0.5,0.0,0.0009117744048126042,0.5394911766052246
1462,15,105,1.0,0.9896684885025024,0,0,0.0,0.0,0.5,0.0,0.0022825170308351517,0.5379790663719177
1463,16,0,1.0,0.9640851020812988,0,0,0.0,0.0,0.0,0.0,-0.23893742263317108,-0.003704711562022567
1464,16,1,1.0,0.9696349501609802,0,0,0.0,0.0,0.0,0.0,-0.23803134262561798,-0.007737538777291775
1465,16,2,1.0,0.9677333831787109,0,0,0.0,0.0,0.0,0.0,-0.24014125764369965,-0.006313932128250599
1466,16,3,1.0,0.9666934609413147,0,0,0.0,0.0,0.0,0.0,-0.240598663687706,-0.005731306970119476
1467,16,4,1.0,0.9664179086685181,0,0,0.0,0.0,0.0,0.0,-0.24132196605205536,-0.008554309606552124
1468,16,5,1.0,0.9662840962409973,0,0,0.0,0.0,0.0,0.0,-0.2414105385541916,-0.008322919718921185
1469,16,6,1.0,0.9680273532867432,0,0,0.0,0.0,0.0,0.0,-0.24230355024337769,-0.005895811133086681
1470,16,7,1.0,0.9680339694023132,0,0,0.0,0.0,0.0,0.0,-0.2423209547996521,-0.005819128826260567
1471,16,8,1.0,0.969571053981781,0,0,0.0,-0.25,0.0,0.0,-0.24118594825267792,-0.0067173875868320465
1472,16,9,1.0,0.973107635974884,0,0,0.0,-0.25,0.0,0.0,-0.252845823764801,-0.004065521992743015
1473,16,10,1.0,0.9808070659637451,0,0,0.0,-0.25,0.0,0.0,-0.25597572326660156,-0.008738655596971512
1474,16,11,1.0,0.9832889437675476,0,0,0.0,-0.25,0.0,0.0,-0.2588944137096405,-0.007533002644777298
1475,16,12,1.0,0.9918817281723022,0,0,0.0,-0.25,0.0,0.0,-0.2652522623538971,-0.005873055197298527
1476,16,13,1.0,0.9981480836868286,0,0,0.0,-0.25,0.0,0.0,-0.26802724599838257,-0.0072450535371899605
1477,16,14,1.0,0.9813293218612671,0,0,0.0,-0.25,0.0,0.0,-0.2723856568336487,-0.006466721184551716
1478,16,15,1.0,0.9863557815551758,0,0,0.0,-0.25,0.0,0.0,-0.2761363685131073,-0.014197130687534809
1479,16,16,1.0,0.9737033843994141,0,0,0.0,-0.25,0.0,0.0,-0.2752417325973511,-0.0067010195925831795
1480,16,17,1.0,0.9886802434921265,0,0,0.0,-0.25,0.0,0.0,-0.27820977568626404,-0.01950928568840027
1481,16,18,1.0,0.9783645868301392,0,0,0.0,-0.25,0.0,0.0,-0.2745203375816345,-0.008749105967581272
1482,16,19,1.0,0.9784675240516663,0,0,0.0,-0.25,0.0,0.0,-0.26568758487701416,-0.01725715585052967
1483,16,20,1.0,0.9771586656570435,0,0,0.0,-0.25,0.0,0.0,-0.1638762652873993,0.003666175762191415
1484,16,21,1.0,0.9780109524726868,0,0,0.0,-0.25,0.0,0.0,-0.07384224981069565,0.007027997635304928
1485,16,22,1.0,0.9796050786972046,0,0,0.0,0.0,0.0,0.0,-0.03341435641050339,-0.010605490766465664
1486,16,23,1.0,0.9795517325401306,0,0,0.0,0.0,0.0,0.0,-0.01479197759181261,-0.006935925222933292
1487,16,24,1.0,0.9749210476875305,0,0,0.0,0.0,0.0,0.0,-0.007566849701106548,-0.008173363283276558
1488,16,25,1.0,0.9756587743759155,0,0,0.0,0.0,0.0,0.0,-0.005196877755224705,-0.007647261023521423
1489,16,26,1.0,0.9824861884117126,0,0,0.0,0.0,0.0,0.0,-0.0029974596109241247,-0.008361145853996277
1490,16,27,1.0,0.9825116395950317,0,0,0.0,0.0,0.0,0.0,-0.002654680283740163,-0.008292305283248425
1491,16,28,1.0,0.980136513710022,0,0,0.0,0.0,0.0,0.0,-0.0031883814372122288,-0.007395067252218723
1492,16,29,1.0,0.9801298379898071,0,0,0.0,-0.25,0.0,0.0,-0.003115355269983411,-0.007347695529460907
1493,16,30,1.0,0.979628324508667,0,0,0.0,0.0,0.0,0.0,-0.011848477646708488,-0.013079228810966015
1494,16,31,1.0,0.9805800318717957,0,0,0.0,0.0,0.0,0.0,-0.004391518887132406,-0.01541775744408369
1495,16,32,1.0,0.9834972023963928,0,0,0.0,0.0,0.0,0.0,-0.0006304839043878019,-0.009426102973520756
1496,16,33,1.0,0.984247624874115,0,0,0.0,0.0,0.0,0.0,0.0001117604915634729,-0.008999746292829514
1497,16,34,1.0,0.9858819246292114,0,0,0.0,0.0,0.0,0.0,0.0002750872226897627,-0.0072048986330628395
1498,16,35,1.0,0.98591548204422,0,0,0.0,0.0,0.0,0.0,0.0004683028091676533,-0.007209482602775097
1499,16,36,1.0,0.9857689142227173,0,0,0.0,0.0,0.0,0.0,0.0004335217527113855,-0.010452763177454472
1500,16,37,1.0,0.98576420545578,0,0,0.0,0.0,0.0,0.0,0.00047056988114491105,-0.01044295635074377
1501,16,38,1.0,0.9856648445129395,0,0,0.0,-0.25,0.0,0.0,0.0013622344704344869,-0.012120191939175129
1502,16,39,1.0,0.9800512790679932,0,0,0.0,0.0,0.0,0.0,-0.0074379825964570045,-0.03153964504599571
1503,16,40,1.0,0.9789987206459045,0,0,0.0,0.0,0.0,0.0,-0.000119077114504762,-0.07282467186450958
1504,16,41,1.0,0.9867651462554932,0,0,0.0,0.0,0.0,0.0,0.005491098389029503,-0.11831788718700409
1505,16,42,1.0,0.979708194732666,0,0,0.0,0.0,0.0,0.0,0.0023580645211040974,-0.24929894506931305
1506,16,43,1.0,0.9802048206329346,0,0,0.0,0.0,0.0,0.0,0.003144746646285057,-0.24904362857341766
1507,16,44,1.0,0.9661540985107422,0,0,0.0,0.0,0.0,0.0,-0.003072791500017047,-0.5160740613937378
1508,16,45,1.0,0.9662045836448669,0,0,0.0,0.0,0.0,0.0,-0.0028943659272044897,-0.5158370137214661
1509,16,46,1.0,0.9671987295150757,0,0,0.0,0.0,0.0,0.0,-0.002250042976811528,-0.517065703868866
1510,16,47,1.0,0.967182993888855,0,0,0.0,0.0,0.0,0.0,-0.002209952101111412,-0.5170132517814636
1511,16,48,1.0,0.9656946063041687,0,0,0.0,0.0,-0.5,0.0,-0.0018919080030173063,-0.508973240852356
1512,16,49,1.0,0.9474713802337646,0,0,0.0,0.0,-0.5,0.0,-0.0017113552894443274,-0.5555755496025085
1513,16,50,1.0,0.940274178981781,0,0,0.0,0.0,-0.5,0.0,-0.004175397567451,-0.5978953242301941
1514,16,51,1.0,0.9284934997558594,0,0,0.0,0.0,-0.5,0.0,0.00015668733976781368,-0.5983150601387024
1515,16,52,1.0,0.9591674208641052,0,0,0.0,0.0,-0.5,0.0,-0.005131672602146864,-0.5540108680725098
1516,16,53,1.0,0.9536746144294739,0,0,0.0,0.0,-0.5,0.0,0.0027503781020641327,-0.5044571161270142
1517,16,54,1.0,0.9450594186782837,0,0,0.0,0.0,-0.5,0.0,0.004185924772173166,-0.4261476695537567
1518,16,55,1.0,1.1389071941375732,0,0,0.0,0.0,-0.5,0.0,0.0027503320015966892,-0.20972999930381775
1519,16,56,1.0,1.3941287994384766,0,0,0.0,0.0,-0.5,0.0,-0.003884682198986411,-0.09189262986183167
1520,16,57,1.0,1.3979628086090088,0,0,0.0,0.0,-0.5,0.0,-0.0036853209603577852,-0.0881182923913002
1521,16,58,1.0,1.457142949104309,0,0,0.0,0.0,-0.5,0.0,-0.0024332753382623196,-0.07278086990118027
1522,16,59,1.0,1.4577627182006836,0,0,0.0,0.0,0.0,0.0,-0.002478130627423525,-0.07228141278028488
1523,16,60,1.0,1.4772099256515503,0,0,0.0,0.0,0.0,0.0,-0.001981539186090231,-0.06929641962051392
1524,16,61,1.0,1.4773778915405273,0,0,0.0,0.0,0.0,0.0,-0.0019769305363297462,-0.06918114423751831
1525,16,62,2.0,1.487567663192749,1,0,0.0,0.0,0.0,0.0,-0.002023477805778384,-0.06583080440759659
1526,16,63,2.0,1.8219990730285645,1,1,0.0,0.0,0.0,0.0,0.0036287938710302114,-0.041636548936367035
1527,16,64,2.0,1.9924991130828857,1,1,0.0,0.0,0.0,0.0,0.004870465490967035,-0.023764977231621742
1528,16,65,2.0,2.035325527191162,1,1,0.0,0.0,0.0,0.0,0.0045975144021213055,-0.04590678587555885
1529,16,66,2.0,2.0316436290740967,1,1,0.0,0.0,0.0,0.0,0.005290638655424118,-0.028601329773664474
1530,16,67,2.0,2.0562076568603516,1,1,0.0,0.0,0.0,0.0,0.002498744521290064,-0.02824459597468376
1531,16,68,2.0,2.0562756061553955,1,1,0.0,0.0,0.0,0.0,0.003009155159816146,-0.025448322296142578
1532,16,69,2.0,1.8885258436203003,1,1,0.0,0.0,0.0,0.0,0.006446104496717453,-0.06224207952618599
1533,16,70,2.0,1.7730973958969116,1,1,0.0,0.0,0.0,0.0,0.005360591225326061,-0.02244747057557106
1534,16,71,2.0,1.715173363685608,1,1,0.0,0.0,0.0,0.0,0.005036717746406794,-0.029916346073150635
1535,16,72,2.0,1.1464614868164062,1,0,0.0,0.0,0.0,0.0,-0.004719382617622614,-0.010174719616770744
1536,16,73,2.0,1.2270628213882446,1,0,0.0,0.0,0.0,0.0,-0.004802641924470663,-0.03754882514476776
1537,16,74,2.0,1.0449914932250977,1,0,0.0,0.0,0.0,0.0,-0.004851735662668943,-0.02557670883834362
1538,16,75,2.0,1.133549690246582,1,0,0.0,0.0,0.0,0.0,-0.00491867633536458,-0.04334530234336853
1539,16,76,2.0,1.0558408498764038,1,0,0.0,0.0,0.0,0.0,-0.003045805497094989,-0.034596215933561325
1540,16,77,2.0,0.99913090467453,1,0,0.0,0.0,0.0,0.0,-0.0009382046991959214,-0.016329575330018997
1541,16,78,2.0,0.9911408424377441,1,0,0.0,0.0,0.0,0.0,-0.003263513557612896,0.0038155047222971916
1542,16,79,1.0,0.9879794716835022,0,0,0.0,0.0,0.0,0.0,-0.003978820983320475,0.021702634170651436
1543,16,80,1.0,0.9834234714508057,0,0,0.0,0.0,0.0,0.0,-0.004651193972676992,0.06405958533287048
1544,16,81,1.0,0.9818434119224548,0,0,0.0,0.0,0.0,0.0,-0.005688166711479425,0.09398509562015533
1545,16,82,1.0,0.9847936630249023,0,0,0.0,0.0,0.0,0.0,-0.002809478435665369,0.26578471064567566
1546,16,83,1.0,0.9864763021469116,0,0,0.0,0.0,0.0,0.0,-0.0015386049635708332,0.3122587203979492
1547,16,84,1.0,0.9884928464889526,0,0,0.0,0.0,0.0,0.0,-0.0013351991074159741,0.3315472900867462
1548,16,85,1.0,0.988893449306488,0,0,0.0,0.0,0.5,0.0,-0.0011195219121873379,0.34425100684165955
1549,16,86,1.0,0.9960123300552368,0,0,0.0,0.0,0.5,0.0,-0.003236145945265889,0.5301499366760254
1550,16,87,1.0,1.0011780261993408,0,0,0.0,0.0,0.5,0.0,-0.0016779107972979546,0.5465987324714661
1551,16,88,1.0,1.0230077505111694,0,0,0.0,0.0,0.5,0.0,-0.003599792718887329,0.5184957385063171
1552,16,89,1.0,1.0085755586624146,0,0,0.0,0.0,0.5,0.0,-0.0033273142762482166,0.5441099405288696
1553,16,90,1.0,0.9921045303344727,0,0,0.0,0.0,0.5,0.0,9.974456042982638e-05,0.5495612621307373
1554,16,91,1.0,0.9915205240249634,0,0,0.0,0.0,0.5,0.0,0.0002437799412291497,0.5457847118377686
1555,16,92,1.0,0.9918051958084106,0,0,0.0,0.0,0.5,0.0,0.00030004832660779357,0.5443416833877563
1556,16,93,1.0,0.993208646774292,0,0,0.0,0.0,0.5,0.0,-3.195375029463321e-05,0.5436886548995972
1557,16,94,1.0,0.9918921589851379,0,0,0.0,0.0,0.5,0.0,-3.772872150875628e-05,0.5400864481925964
1558,16,95,1.0,0.9932599067687988,0,0,0.0,0.0,0.5,0.0,0.0007539534126408398,0.5330185890197754
1559,17,0,1.0,0.9649286270141602,0,0,0.0,0.0,0.0,0.0,0.255738228559494,-0.01479251030832529
1560,17,1,1.0,0.9769357442855835,0,0,0.0,0.0,0.0,0.0,0.2517383396625519,-0.016536496579647064
1561,17,2,1.0,0.9708712100982666,0,0,0.0,0.0,0.0,0.0,0.25998905301094055,-0.02173079364001751
1562,17,3,1.0,0.9675240516662598,0,0,0.0,0.0,0.0,0.0,0.2611299157142639,-0.021172670647501945
1563,17,4,1.0,0.9713864326477051,0,0,0.0,0.0,0.0,0.0,0.26355239748954773,-0.022423753514885902
1564,17,5,1.0,0.9709050059318542,0,0,0.0,0.0,0.0,0.0,0.263798326253891,-0.022155486047267914
1565,17,6,1.0,0.9751280546188354,0,0,0.0,0.0,0.0,0.0,0.2664928734302521,-0.02344212681055069
1566,17,7,1.0,0.9750840663909912,0,0,0.0,0.0,0.0,0.0,0.2665461301803589,-0.023323629051446915
1567,17,8,1.0,0.9747017025947571,0,0,0.0,0.0,0.0,0.0,0.26596787571907043,-0.023026790469884872
1568,17,9,1.0,0.9746967554092407,0,0,0.0,0.25,0.0,0.0,0.26597902178764343,-0.022989042103290558
1569,17,10,1.0,0.9704434871673584,0,0,0.0,0.25,0.0,0.0,0.29062843322753906,-0.02180328406393528
1570,17,11,1.0,0.9847386479377747,0,0,0.0,0.25,0.0,0.0,0.2915528416633606,-0.026212362572550774
1571,17,12,1.0,1.001821756362915,0,0,0.0,0.25,0.0,0.0,0.28857895731925964,-0.02297631837427616
1572,17,13,1.0,1.000277042388916,0,0,0.0,0.25,0.0,0.0,0.27223554253578186,-0.007776300422847271
1573,17,14,1.0,0.9957208037376404,0,0,0.0,0.25,0.0,0.0,0.1433963030576706,0.019585419446229935
1574,17,15,1.0,0.983669638633728,0,0,0.0,0.25,0.0,0.0,0.0861298218369484,0.005368015728890896
1575,17,16,1.0,0.9793106317520142,0,0,0.0,0.0,0.0,0.0,0.03565213829278946,-0.0006678849458694458
1576,17,17,1.0,0.9717624187469482,0,0,0.0,0.0,0.0,0.0,0.01424491684883833,-0.0026985479053109884
1577,17,18,1.0,0.9787094593048096,0,0,0.0,0.0,0.0,0.0,0.009206471964716911,-0.008207840844988823
1578,17,19,1.0,0.9790329337120056,0,0,0.0,0.0,0.0,0.0,0.006597771774977446,-0.009052970446646214
1579,17,20,1.0,0.9762709736824036,0,0,0.0,0.0,0.0,0.0,0.005210797768086195,-0.009188568219542503
1580,17,21,1.0,0.9763140678405762,0,0,0.0,0.0,0.0,0.0,0.004921512212604284,-0.009395930916070938
1581,17,22,1.0,0.9787620902061462,0,0,0.0,0.0,0.0,0.0,0.005265256855636835,-0.008161786943674088
1582,17,23,1.0,0.9787784218788147,0,0,0.0,0.0,0.0,0.0,0.005215347278863192,-0.008233227767050266
1583,17,24,1.0,0.9783164262771606,0,0,0.0,0.25,0.0,0.0,0.004416594747453928,-0.00986360851675272
1584,17,25,1.0,0.9733313918113708,0,0,0.0,0.0,0.0,0.0,0.014472507871687412,-0.011178066954016685
1585,17,26,1.0,0.9742738604545593,0,0,0.0,0.0,0.0,0.0,0.008307603187859058,-0.05307481810450554
1586,17,27,1.0,0.9726607799530029,0,0,0.0,0.0,0.0,0.0,0.002688196487724781,-0.059810835868120193
1587,17,28,1.0,0.9575055241584778,0,0,0.0,0.0,0.0,0.0,0.0004969644942320883,-0.23100483417510986
1588,17,29,1.0,0.9579869508743286,0,0,0.0,0.0,0.0,0.0,-0.0005110078491270542,-0.23146729171276093
1589,17,30,1.0,0.9453246593475342,0,0,0.0,0.0,0.0,0.0,-0.0019199273083359003,-0.3131581246852875
1590,17,31,1.0,0.9454519748687744,0,0,0.0,0.0,0.0,0.0,-0.002103501930832863,-0.31339821219444275
1591,17,32,1.0,0.9453798532485962,0,0,0.0,0.0,0.0,0.0,-0.002212127670645714,-0.38145527243614197
1592,17,33,1.0,0.9454187154769897,0,0,0.0,0.0,0.0,0.0,-0.0022501256316900253,-0.3815383017063141
1593,17,34,1.0,0.94557124376297,0,0,0.0,0.0,0.0,0.0,-0.0026936735957860947,-0.387917697429657
1594,17,35,1.0,0.9455829858779907,0,0,0.0,0.0,-0.5,0.0,-0.0027029896154999733,-0.38793957233428955
1595,17,36,1.0,0.9257391095161438,0,0,0.0,0.0,-0.5,0.0,0.00021987345826346427,-0.5378111600875854
1596,17,37,1.0,0.9275844693183899,0,0,0.0,0.0,-0.5,0.0,0.0010405050124973059,-0.5659068822860718
1597,17,38,1.0,0.9365752339363098,0,0,0.0,0.0,-0.5,0.0,-0.001152906334027648,-0.5641058087348938
1598,17,39,1.0,0.9602380990982056,0,0,0.0,0.0,-0.5,0.0,0.0007487476104870439,-0.5301381349563599
1599,17,40,1.0,0.9501433968544006,0,0,0.0,0.0,-0.5,0.0,0.007826215587556362,-0.5126065611839294
1600,17,41,1.0,0.9311695098876953,0,0,0.0,0.0,-0.5,0.0,0.005268335808068514,-0.4025686979293823
1601,17,42,1.0,1.178674340248108,0,0,0.0,0.0,-0.5,0.0,0.003540318226441741,-0.15544214844703674
1602,17,43,1.0,1.3708360195159912,0,0,0.0,0.0,-0.5,0.0,0.002621992025524378,-0.08099047094583511
1603,17,44,1.0,1.4064033031463623,0,0,0.0,0.0,0.0,0.0,0.0009713354520499706,-0.06462997943162918
1604,17,45,1.0,1.407914400100708,0,0,0.0,0.0,0.0,0.0,0.0008874555351212621,-0.06356224417686462
1605,17,46,1.0,1.4162051677703857,0,0,0.0,0.0,0.0,0.0,0.00030195771250873804,-0.05996799096465111
1606,17,47,1.0,1.416245698928833,0,0,0.0,0.0,0.0,0.0,0.0002829280565492809,-0.059899087995290756
1607,17,48,1.0,1.4217936992645264,0,0,0.0,0.0,0.0,0.0,0.0006093994597904384,-0.060651037842035294
1608,17,49,2.0,1.4216691255569458,1,0,0.0,0.0,0.0,0.0,0.0006090366514399648,-0.06069478765130043
1609,17,50,2.0,2.0234766006469727,1,1,0.0,0.0,0.0,0.0,0.007538853213191032,-0.017325274646282196
1610,17,51,2.0,2.0468029975891113,1,1,0.0,0.0,0.0,0.0,0.007645566947758198,-0.022636713460087776
1611,17,52,2.0,2.039146900177002,1,1,0.0,0.0,0.0,0.0,0.006050041876733303,-0.010604077018797398
1612,17,53,2.0,2.031325340270996,1,1,0.0,0.0,0.0,0.0,0.004207332152873278,-0.010384870693087578
1613,17,54,2.0,1.5270861387252808,1,1,0.0,0.0,0.0,0.0,-0.004203459247946739,0.06602819263935089
1614,17,55,2.0,1.3851381540298462,1,0,0.0,0.0,0.0,0.0,-0.0030154124833643436,0.0015650636050850153
1615,17,56,2.0,1.0776809453964233,1,0,0.0,0.0,0.0,0.0,-0.003188371891155839,-0.008962473832070827
1616,17,57,2.0,1.0699344873428345,1,0,0.0,0.0,0.0,0.0,-0.0033314793836325407,-0.012920727021992207
1617,17,58,2.0,1.1000747680664062,1,0,0.0,0.0,0.0,0.0,-0.00285765971057117,-0.008295249193906784
1618,17,59,2.0,1.097417950630188,1,0,0.0,0.0,0.0,0.0,-0.002929147332906723,-0.009362577460706234
1619,17,60,1.0,1.0533169507980347,0,0,0.0,0.0,0.0,0.0,-0.0034212784375995398,0.009404308162629604
1620,17,61,1.0,1.052874207496643,0,0,0.0,0.0,0.0,0.0,-0.0034030878450721502,0.009098759852349758
1621,17,62,1.0,1.0067998170852661,0,0,0.0,0.0,0.0,0.0,-0.0036298229824751616,0.02400568313896656
1622,17,63,1.0,1.0059733390808105,0,0,0.0,0.0,0.5,0.0,-0.003721497720107436,0.024276765063405037
1623,17,64,1.0,1.0038329362869263,0,0,0.0,0.0,0.5,0.0,7.504583481932059e-05,0.3676449656486511
1624,17,65,1.0,1.0034866333007812,0,0,0.0,0.0,0.5,0.0,-0.002335086464881897,0.5212958455085754
1625,17,66,1.0,1.007399082183838,0,0,0.0,0.0,0.5,0.0,0.00010256508539896458,0.5352807641029358
1626,17,67,1.0,0.9977009892463684,0,0,0.0,0.0,0.5,0.0,-0.002457108348608017,0.5449616312980652
1627,17,68,1.0,0.9904806017875671,0,0,0.0,0.0,0.5,0.0,0.00021134800044819713,0.5526185035705566
1628,17,69,1.0,0.9955306053161621,0,0,0.0,0.0,0.5,0.0,-0.0013436771696433425,0.5442472696304321
1629,17,70,1.0,0.9902727603912354,0,0,0.0,0.0,0.5,0.0,0.0014808864798396826,0.5453508496284485
1630,17,71,1.0,0.9888134002685547,0,0,0.0,0.0,0.5,0.0,0.001923257950693369,0.5432355999946594
1631,17,72,1.0,0.9879111647605896,0,0,0.0,0.0,0.5,0.0,0.00030298091587610543,0.5402287840843201
1632,17,73,1.0,0.9876869320869446,0,0,0.0,0.0,0.5,0.0,-0.0003180375788360834,0.5366342067718506
1633,18,0,1.0,0.9642938375473022,0,0,0.0,0.0,0.0,0.0,0.23796793818473816,-0.01176106370985508
1634,18,1,1.0,0.9699068665504456,0,0,0.0,0.0,0.0,0.0,0.23741456866264343,-0.01104828156530857
1635,18,2,1.0,0.969333827495575,0,0,0.0,0.0,0.0,0.0,0.23829962313175201,-0.01610667072236538
1636,18,3,1.0,0.9676486253738403,0,0,0.0,0.0,0.0,0.0,0.23850968480110168,-0.016659630462527275
1637,18,4,1.0,0.9702027440071106,0,0,0.0,0.0,0.0,0.0,0.23741105198860168,-0.018943531438708305
1638,18,5,1.0,0.9699255228042603,0,0,0.0,0.0,0.0,0.0,0.23745359480381012,-0.018992504104971886
1639,18,6,1.0,0.9679484367370605,0,0,0.0,0.0,0.0,0.0,0.23839935660362244,-0.01852659322321415
1640,18,7,1.0,0.9679247736930847,0,0,0.0,0.0,0.0,0.0,0.23840129375457764,-0.018509047105908394
1641,18,8,1.0,0.9653794765472412,0,0,0.0,0.25,0.0,0.0,0.23859460651874542,-0.023280737921595573
1642,18,9,1.0,0.9639606475830078,0,0,0.0,0.25,0.0,0.0,0.2589319348335266,-0.022817138582468033
1643,18,10,1.0,0.9753353595733643,0,0,0.0,0.25,0.0,0.0,0.2615351676940918,-0.031748898327350616
1644,18,11,1.0,0.9758803248405457,0,0,0.0,0.25,0.0,0.0,0.27097874879837036,-0.023779259994626045
1645,18,12,1.0,0.9733568429946899,0,0,0.0,0.25,0.0,0.0,0.2808935344219208,-0.02195585146546364
1646,18,13,1.0,0.9810006022453308,0,0,0.0,0.25,0.0,0.0,0.28507891297340393,-0.020646696910262108
1647,18,14,1.0,0.9833774566650391,0,0,0.0,0.25,0.0,0.0,0.28539299964904785,-0.017304105684161186
1648,18,15,1.0,0.9843807816505432,0,0,0.0,0.25,0.0,0.0,0.2867453992366791,-0.024227464571595192
1649,18,16,1.0,0.986904501914978,0,0,0.0,0.25,0.0,0.0,0.29101473093032837,-0.0253584086894989
1650,18,17,1.0,0.9844505786895752,0,0,0.0,0.25,0.0,0.0,0.28802043199539185,-0.018660392612218857
1651,18,18,1.0,0.9802096486091614,0,0,0.0,0.25,0.0,0.0,0.28548669815063477,-0.016295460984110832
1652,18,19,1.0,0.9887695908546448,0,0,0.0,0.25,0.0,0.0,0.2700193226337433,-0.006341657601296902
1653,18,20,1.0,0.9915339946746826,0,0,0.0,0.25,0.0,0.0,0.22961752116680145,-0.004975798539817333
1654,18,21,1.0,0.9739026427268982,0,0,0.0,0.25,0.0,0.0,0.09120970964431763,0.003775830613449216
1655,18,22,1.0,0.9743106365203857,0,0,0.0,0.25,0.0,0.0,0.03959645330905914,-0.002186437835916877
1656,18,23,1.0,0.9760643243789673,0,0,0.0,0.25,0.0,0.0,0.02963564172387123,-0.007852055132389069
1657,18,24,1.0,0.9788630604743958,0,0,0.0,0.0,0.0,0.0,0.02200404554605484,-0.01981979049742222
1658,18,25,1.0,0.9759281277656555,0,0,0.0,0.0,0.0,0.0,0.010655232705175877,-0.016044655814766884
1659,18,26,1.0,0.9718263149261475,0,0,0.0,0.0,0.0,0.0,0.006949933245778084,-0.12131882458925247
1660,18,27,1.0,0.9728400707244873,0,0,0.0,0.0,0.0,0.0,0.004209674894809723,-0.1119769886136055
1661,18,28,1.0,0.9498128890991211,0,0,0.0,0.0,0.0,0.0,0.0023787710815668106,-0.39375385642051697
1662,18,29,1.0,0.9504690766334534,0,0,0.0,0.0,0.0,0.0,0.0017933954950422049,-0.39377927780151367
1663,18,30,1.0,0.9449774026870728,0,0,0.0,0.0,0.0,0.0,-0.000824632472358644,-0.5103919506072998
1664,18,31,1.0,0.9451385736465454,0,0,0.0,0.0,0.0,0.0,-0.0009583665523678064,-0.5104277729988098
1665,18,32,1.0,0.9435850381851196,0,0,0.0,0.0,0.0,0.0,-0.0019609660375863314,-0.527606189250946
1666,18,33,1.0,0.9436210989952087,0,0,0.0,0.0,0.0,0.0,-0.0019925879314541817,-0.5276123881340027
1667,18,34,1.0,0.9448823928833008,0,0,0.0,0.0,0.0,0.0,-0.0025341284926980734,-0.5286105871200562
1668,18,35,1.0,0.9448878169059753,0,0,0.0,0.0,0.0,0.0,-0.0025425890926271677,-0.5286180377006531
1669,18,36,1.0,0.9483453631401062,0,0,0.0,0.0,-0.5,0.0,-0.000508564175106585,-0.4877142608165741
1670,18,37,1.0,0.9200226068496704,0,0,0.0,0.0,-0.5,0.0,-0.00019010678806807846,-0.5557570457458496
1671,18,38,1.0,0.9352753162384033,0,0,0.0,0.0,-0.5,0.0,-0.0015490767545998096,-0.5802791714668274
1672,18,39,1.0,0.9303650856018066,0,0,0.0,0.0,-0.5,0.0,0.002130189910531044,-0.5416140556335449
1673,18,40,1.0,0.9527894854545593,0,0,0.0,0.0,-0.5,0.0,-5.3860319894738495e-05,-0.530982494354248
1674,18,41,1.0,0.9686899185180664,0,0,0.0,0.0,-0.5,0.0,0.00788127165287733,-0.4857059419155121
1675,18,42,1.0,0.9316384196281433,0,0,0.0,0.0,-0.5,0.0,0.004641743842512369,-0.3948693871498108
1676,18,43,1.0,1.0560156106948853,0,0,0.0,0.0,-0.5,0.0,0.008056249469518661,-0.2515488862991333
1677,18,44,1.0,1.418872594833374,0,0,0.0,0.0,-0.5,0.0,0.0032188091427087784,-0.08570240437984467
1678,18,45,1.0,1.4234890937805176,0,0,0.0,0.0,-0.5,0.0,0.0029346542432904243,-0.07777561992406845
1679,18,46,1.0,1.494116187095642,0,0,0.0,0.0,-0.5,0.0,0.0026865373365581036,-0.06390232592821121
1680,18,47,1.0,1.4952970743179321,0,0,0.0,0.0,0.0,0.0,0.0026670568622648716,-0.06317409127950668
1681,18,48,1.0,1.5067791938781738,0,1,0.0,0.0,0.0,0.0,0.0028757790569216013,-0.06173080578446388
1682,18,49,1.0,1.5066111087799072,0,1,0.0,0.0,0.0,0.0,0.0028683608397841454,-0.0617835707962513
1683,18,50,2.0,1.545996069908142,1,1,0.0,0.0,0.0,0.0,0.005058455280959606,-0.06456616520881653
1684,18,51,2.0,2.0093300342559814,1,1,0.0,0.0,0.0,0.0,0.006162194535136223,-0.009045971557497978
1685,18,52,2.0,2.0309133529663086,1,1,0.0,0.0,0.0,0.0,0.005925959441810846,-0.016906768083572388
1686,18,53,2.0,2.0468990802764893,1,1,0.0,0.0,0.0,0.0,0.0043977429158985615,-0.03531710058450699
1687,18,54,2.0,2.0392909049987793,1,1,0.0,0.0,0.0,0.0,0.004977380391210318,-0.03211558610200882
1688,18,55,2.0,2.054230213165283,1,1,0.0,0.0,0.0,0.0,0.005640646442770958,-0.023568423464894295
1689,18,56,2.0,1.790654182434082,1,1,0.0,0.0,0.0,0.0,0.006716227158904076,-0.03335539996623993
1690,18,57,2.0,1.8050768375396729,1,1,0.0,0.0,0.0,0.0,0.005754880607128143,-0.028981845825910568
1691,18,58,2.0,1.7616716623306274,1,1,0.0,0.0,0.0,0.0,0.005049554631114006,-0.014371505938470364
1692,18,59,2.0,1.7583911418914795,1,1,0.0,0.0,0.0,0.0,0.005350152496248484,-0.01573788747191429
1693,18,60,2.0,1.5788795948028564,1,1,0.0,0.0,0.0,0.0,0.0024391456972807646,-0.026695039123296738
1694,18,61,2.0,1.4830436706542969,1,0,0.0,0.0,0.0,0.0,0.0017696821596473455,-0.04015617072582245
1695,18,62,2.0,1.0919526815414429,1,0,0.0,0.0,0.0,0.0,-0.0004521211958490312,-0.031008943915367126
1696,18,63,1.0,1.0625430345535278,0,0,0.0,0.0,0.0,0.0,-0.00039732386358082294,-0.01459359098225832
1697,18,64,1.0,1.0300778150558472,0,0,0.0,0.0,0.0,0.0,-0.0031532226130366325,-0.012146607972681522
1698,18,65,1.0,1.0313549041748047,0,0,0.0,0.0,0.0,0.0,-0.002446926897391677,-0.0076149217784404755
1699,18,66,1.0,1.0140451192855835,0,0,0.0,0.0,0.0,0.0,-0.001830307999625802,0.0070737432688474655
1700,18,67,1.0,1.00894296169281,0,0,0.0,0.0,0.0,0.0,-0.0027429501060396433,0.005935077555477619
1701,18,68,1.0,0.9855087995529175,0,0,0.0,0.0,0.0,0.0,-0.0033368731383234262,0.0385194756090641
1702,18,69,1.0,0.9885485172271729,0,0,0.0,0.0,0.0,0.0,-0.0029596646782010794,0.044936154037714005
1703,18,70,1.0,0.9929308295249939,0,0,0.0,0.0,0.0,0.0,-0.003915097564458847,0.026668449863791466
1704,18,71,1.0,0.9916911721229553,0,0,0.0,0.0,0.5,0.0,-0.00376192107796669,0.023085657507181168
1705,18,72,1.0,0.9957350492477417,0,0,0.0,0.0,0.5,0.0,0.0019854216370731592,0.4585071802139282
1706,18,73,1.0,1.0148563385009766,0,0,0.0,0.0,0.5,0.0,-0.006618590094149113,0.48864874243736267
1707,18,74,1.0,0.9969274997711182,0,0,0.0,0.0,0.5,0.0,-0.0009710657177492976,0.5376623868942261
1708,18,75,1.0,1.0021982192993164,0,0,0.0,0.0,0.5,0.0,-0.0029697511345148087,0.5390722155570984
1709,18,76,1.0,1.002564549446106,0,0,0.0,0.0,0.5,0.0,-0.0005142390145920217,0.5452266335487366
1710,18,77,1.0,0.9950973987579346,0,0,0.0,0.0,0.5,0.0,-0.001462031272239983,0.55009925365448
1711,18,78,1.0,0.9919201135635376,0,0,0.0,0.0,0.5,0.0,0.001576221315190196,0.5504993796348572
1712,18,79,1.0,0.9876322746276855,0,0,0.0,0.0,0.5,0.0,0.0004264171584509313,0.5403286814689636
1713,18,80,1.0,0.9899358749389648,0,0,0.0,0.0,0.5,0.0,0.0009504855261184275,0.5416473150253296
1714,18,81,1.0,0.9885244965553284,0,0,0.0,0.0,0.5,0.0,0.002093533519655466,0.5372612476348877
1715,19,0,1.0,0.975055456161499,0,0,0.0,0.0,0.0,0.0,-0.24142658710479736,-0.012467154301702976
1716,19,1,1.0,0.9920805096626282,0,0,0.0,0.0,0.0,0.0,-0.2371341437101364,-0.01831052079796791
1717,19,2,1.0,0.9800280332565308,0,0,0.0,0.0,0.0,0.0,-0.2438027560710907,-0.01590757817029953
1718,19,3,1.0,0.9765948057174683,0,0,0.0,0.0,0.0,0.0,-0.24540068209171295,-0.0157577246427536
1719,19,4,1.0,0.9756161570549011,0,0,0.0,0.0,0.0,0.0,-0.24865809082984924,-0.017193323001265526
1720,19,5,1.0,0.9753026366233826,0,0,0.0,0.0,0.0,0.0,-0.24891892075538635,-0.016769226640462875
1721,19,6,1.0,0.9695733785629272,0,0,0.0,0.0,0.0,0.0,-0.2505294382572174,-0.019458618015050888
1722,19,7,1.0,0.9695650339126587,0,0,0.0,0.0,0.0,0.0,-0.2505762279033661,-0.019288182258605957
1723,19,8,1.0,0.9693235754966736,0,0,0.0,0.0,0.0,0.0,-0.2520894706249237,-0.01968180388212204
1724,19,9,1.0,0.9693358540534973,0,0,0.0,-0.25,0.0,0.0,-0.2520999014377594,-0.019634943455457687
1725,19,10,1.0,0.9852389097213745,0,0,0.0,-0.25,0.0,0.0,-0.27721717953681946,-0.022260908037424088
1726,19,11,1.0,0.9901259541511536,0,0,0.0,-0.25,0.0,0.0,-0.2816252112388611,-0.027486778795719147
1727,19,12,1.0,0.9903584718704224,0,0,0.0,-0.25,0.0,0.0,-0.27733325958251953,-0.025518791750073433
1728,19,13,1.0,0.9937831163406372,0,0,0.0,-0.25,0.0,0.0,-0.26500600576400757,-0.02828224003314972
1729,19,14,1.0,0.9791730642318726,0,0,0.0,-0.25,0.0,0.0,-0.17751118540763855,-0.005900365300476551
1730,19,15,1.0,0.9748907685279846,0,0,0.0,-0.25,0.0,0.0,-0.06033533439040184,-0.00691573228687048
1731,19,16,1.0,0.9775784015655518,0,0,0.0,-0.25,0.0,0.0,-0.02682400867342949,-0.020650360733270645
1732,19,17,1.0,0.979775071144104,0,0,0.0,0.0,0.0,0.0,-0.021707681939005852,-0.01599910855293274
1733,19,18,1.0,0.9746319055557251,0,0,0.0,0.0,0.0,0.0,-0.00513564795255661,-0.03307463601231575
1734,19,19,1.0,0.9755375385284424,0,0,0.0,0.0,0.0,0.0,0.0011916131479665637,-0.0433630496263504
1735,19,20,1.0,0.9813462495803833,0,0,0.0,0.0,0.0,0.0,0.0013564041582867503,-0.10437426716089249
1736,19,21,1.0,0.9813438653945923,0,0,0.0,0.0,0.0,0.0,0.0026236004196107388,-0.10405342280864716
1737,19,22,1.0,0.9626634120941162,0,0,0.0,0.0,0.0,0.0,0.0011033244663849473,-0.3192274868488312
1738,19,23,1.0,0.9625282287597656,0,0,0.0,0.0,0.0,0.0,0.0013955242466181517,-0.31885504722595215
1739,19,24,1.0,0.9594230651855469,0,0,0.0,0.0,0.0,0.0,-0.001094538252800703,-0.42290857434272766
1740,19,25,1.0,0.9593911170959473,0,0,0.0,0.0,0.0,0.0,-0.0010209763422608376,-0.4227827191352844
1741,19,26,1.0,0.9558606743812561,0,0,0.0,0.0,0.0,0.0,-0.0018285708501935005,-0.4734981954097748
1742,19,27,1.0,0.9558408260345459,0,0,0.0,0.0,0.0,0.0,-0.0018083002651110291,-0.4734666049480438
1743,19,28,1.0,0.9566249847412109,0,0,0.0,0.0,0.0,0.0,-0.001886534271761775,-0.48232388496398926
1744,19,29,1.0,0.9566184282302856,0,0,0.0,0.0,-0.5,0.0,-0.0018808527383953333,-0.4823162853717804
1745,19,30,1.0,0.9374894499778748,0,0,0.0,0.0,-0.5,0.0,-0.0029606742318719625,-0.5756964683532715
1746,19,31,1.0,0.9355441331863403,0,0,0.0,0.0,-0.5,0.0,0.003621799871325493,-0.562135636806488
1747,19,32,1.0,0.9349437952041626,0,0,0.0,0.0,-0.5,0.0,0.002202271483838558,-0.5412487983703613
1748,19,33,1.0,0.9433282613754272,0,0,0.0,0.0,-0.5,0.0,0.0031421701423823833,-0.4939139783382416
1749,19,34,1.0,0.9513002038002014,0,0,0.0,0.0,-0.5,0.0,0.003695558523759246,-0.506618320941925
1750,19,35,1.0,0.9409624338150024,0,0,0.0,0.0,-0.5,0.0,0.0033015229273587465,-0.4271947145462036
1751,19,36,1.0,1.191980004310608,0,0,0.0,0.0,-0.5,0.0,-0.002138738054782152,-0.16327093541622162
1752,19,37,1.0,1.3935356140136719,0,0,0.0,0.0,-0.5,0.0,-0.002865610644221306,-0.09567203372716904
1753,19,38,1.0,1.438198447227478,0,0,0.0,0.0,-0.5,0.0,-0.0046376921236515045,-0.07132546603679657
1754,19,39,1.0,1.4399415254592896,0,0,0.0,0.0,0.0,0.0,-0.004714955575764179,-0.07079315930604935
1755,19,40,1.0,1.4931236505508423,0,0,0.0,0.0,0.0,0.0,-0.003547399304807186,-0.06378436833620071
1756,19,41,1.0,1.4932225942611694,0,0,0.0,0.0,0.0,0.0,-0.0035444863606244326,-0.06360729783773422
1757,19,42,2.0,1.5038118362426758,1,1,0.0,0.0,0.0,0.0,-0.0029736391734331846,-0.06636467576026917
1758,19,43,2.0,1.9346657991409302,1,1,0.0,0.0,0.0,0.0,0.005767596419900656,-0.03160959854722023
1759,19,44,2.0,1.990485668182373,1,1,0.0,0.0,0.0,0.0,0.004185999743640423,-0.026070814579725266
1760,19,45,2.0,2.0376904010772705,1,1,0.0,0.0,0.0,0.0,0.005114677827805281,-0.02936108410358429
1761,19,46,2.0,2.031202793121338,1,1,0.0,0.0,0.0,0.0,0.005607291124761105,-0.011485541239380836
1762,19,47,2.0,2.0513687133789062,1,1,0.0,0.0,0.0,0.0,0.0059835766442120075,-0.031571485102176666
1763,19,48,2.0,2.0309176445007324,1,1,0.0,0.0,0.0,0.0,0.00955897755920887,-0.023721465840935707
1764,19,49,2.0,2.0269083976745605,1,1,0.0,0.0,0.0,0.0,0.0035775136202573776,-0.027410659939050674
1765,19,50,2.0,1.651209831237793,1,1,0.0,0.0,0.0,0.0,0.0035327866207808256,-0.01637015864253044
1766,19,51,2.0,1.6029026508331299,1,1,0.0,0.0,0.0,0.0,0.003841941012069583,-0.006190536543726921
1767,19,52,2.0,1.4587678909301758,1,0,0.0,0.0,0.0,0.0,0.0020407449919730425,-0.013774438761174679
1768,19,53,2.0,1.3696963787078857,1,0,0.0,0.0,0.0,0.0,0.0014274542918428779,-0.012697209604084492
1769,19,54,2.0,1.1503348350524902,1,0,0.0,0.0,0.0,0.0,-0.0030678845942020416,-0.006538453511893749
1770,19,55,1.0,1.1117438077926636,0,0,0.0,0.0,0.0,0.0,-0.003817852819338441,-0.007908343337476254
1771,19,56,1.0,1.0463316440582275,0,0,0.0,0.0,0.0,0.0,-0.004263799637556076,-0.009148793295025826
1772,19,57,1.0,1.0431890487670898,0,0,0.0,0.0,0.0,0.0,-0.004734670277684927,-0.01629515551030636
1773,19,58,1.0,1.0033271312713623,0,0,0.0,0.0,0.0,0.0,-0.005133016500622034,-0.02000727690756321
1774,19,59,1.0,0.9919413328170776,0,0,0.0,0.0,0.0,0.0,-0.004729034379124641,-0.025088826194405556
1775,19,60,1.0,0.9963220357894897,0,0,0.0,0.0,0.0,0.0,-0.005165514070540667,-0.023835835978388786
1776,19,61,1.0,0.9890713691711426,0,0,0.0,0.0,0.0,0.0,-0.0033774578478187323,-0.028168419376015663
1777,19,62,1.0,0.9823551177978516,0,0,0.0,0.0,0.0,0.0,-0.0030097495764493942,-0.025962017476558685
1778,19,63,1.0,0.9866286516189575,0,0,0.0,0.0,0.0,0.0,-0.0022525163367390633,-0.02774723991751671
1779,19,64,1.0,0.9767686128616333,0,0,0.0,0.0,0.0,0.0,-0.0002910376060754061,-0.01959341950714588
1780,19,65,1.0,0.9805543422698975,0,0,0.0,0.0,0.5,0.0,-0.00035867554834112525,-0.005385507829487324
1781,19,66,1.0,0.9940252304077148,0,0,0.0,0.0,0.5,0.0,-0.0015873437514528632,0.5152416229248047
1782,19,67,1.0,0.9981096982955933,0,0,0.0,0.0,0.5,0.0,0.0004638902610167861,0.5405690670013428
1783,19,68,1.0,1.0053998231887817,0,0,0.0,0.0,0.5,0.0,-0.0028683992568403482,0.5445060133934021
1784,19,69,1.0,0.9992229342460632,0,0,0.0,0.0,0.5,0.0,-0.0004383089253678918,0.5495817065238953
1785,19,70,1.0,1.000474452972412,0,0,0.0,0.0,0.5,0.0,-0.0008155378163792193,0.5480669140815735
1786,19,71,1.0,0.9966495633125305,0,0,0.0,0.0,0.5,0.0,-0.0014524217694997787,0.545139491558075
1787,19,72,1.0,0.9915168285369873,0,0,0.0,0.0,0.5,0.0,-0.001305453828535974,0.5417097210884094
1788,19,73,1.0,0.9880980253219604,0,0,0.0,0.0,0.5,0.0,-0.0002563454327173531,0.5419102907180786
1789,19,74,1.0,0.9907709360122681,0,0,0.0,0.0,0.5,0.0,-0.0007322885794565082,0.5379818081855774
1790,19,75,1.0,0.99112868309021,0,0,0.0,0.0,0.5,0.0,-0.00013028951070737094,0.533957302570343
