dataset_index,episode_index,frame_index,target_gripper,predicted_gripper,target_is_close,predicted_is_close,target_delta_x,target_delta_y,target_delta_z,predicted_delta_x,predicted_delta_y,predicted_delta_z
0,0,0,1.0,0.9955039024353027,0,0,0.0,0.0,0.0,-0.20612260699272156,0.0,0.015053345821797848
1,0,1,1.0,0.9950949549674988,0,0,0.0,0.0,0.0,-0.21081261336803436,0.0,0.011610841378569603
2,0,2,1.0,0.9951745271682739,0,0,0.0,0.0,0.0,-0.21031083166599274,0.0,0.013065265491604805
3,0,3,1.0,0.9952621459960938,0,0,0.0,0.0,0.0,-0.2089906930923462,0.0,0.013457759283483028
4,0,4,1.0,0.9946206212043762,0,0,0.0,0.0,0.0,-0.20981642603874207,0.0,0.012325603514909744
5,0,5,1.0,0.9946209788322449,0,0,0.0,0.0,0.0,-0.20959995687007904,0.0,0.01250339113175869
6,0,6,1.0,0.994215726852417,0,0,0.0,0.0,0.0,-0.20880524814128876,0.0,0.014407933689653873
7,0,7,1.0,0.9942118525505066,0,0,0.0,0.0,0.0,-0.20877468585968018,0.0,0.014467807486653328
8,0,8,1.0,0.9941926002502441,0,0,0.0,0.0,0.0,-0.20741644501686096,0.0,0.013497360050678253
9,0,9,1.0,0.9941903948783875,0,0,0.0,0.0,0.0,-0.2074117660522461,0.0,0.013514376245439053
10,0,10,1.0,0.9942792057991028,0,0,0.0,0.0,0.0,-0.2079576849937439,0.0,0.01480735745280981
11,0,11,1.0,0.9942784905433655,0,0,0.0,0.0,0.0,-0.20795702934265137,0.0,0.014812490902841091
12,0,12,1.0,0.9942129850387573,0,0,0.0,0.0,0.0,-0.20845738053321838,0.0,0.014246578328311443
13,0,13,1.0,0.9942126274108887,0,0,0.0,0.0,0.0,-0.20845723152160645,0.0,0.014248021878302097
14,0,14,1.0,0.994337797164917,0,0,0.0,0.0,0.0,-0.20806430280208588,0.0,0.014803607948124409
15,0,15,1.0,0.9943376779556274,0,0,0.0,0.0,0.0,-0.20806430280208588,0.0,0.014803970232605934
16,0,16,1.0,0.9943377375602722,0,0,0.0,0.0,0.0,-0.20806431770324707,0.0,0.014804172329604626
17,0,17,1.0,0.994337797164917,0,0,0.0,0.0,0.0,-0.20806430280208588,0.0,0.014804325066506863
18,0,18,1.0,0.9943376779556274,0,0,0.0,0.0,0.0,-0.20806431770324707,0.0,0.014804302714765072
19,0,19,1.0,0.9943376779556274,0,0,0.0,0.0,0.0,-0.2080642580986023,0.0,0.014804351143538952
20,0,20,1.0,0.9943376779556274,0,0,0.0,0.0,0.0,-0.20806428790092468,0.0,0.01480432040989399
21,0,21,1.0,0.9943376779556274,0,0,0.0,0.0,0.0,-0.20806431770324707,0.0,0.01480436883866787
22,0,22,1.0,0.9943377375602722,0,0,0.0,0.0,0.0,-0.20806430280208588,0.0,0.014804316684603691
23,0,23,1.0,0.9943376183509827,0,0,0.0,0.0,0.0,-0.20806428790092468,0.0,0.014804386533796787
24,0,24,1.0,0.9943376779556274,0,0,0.0,0.0,0.0,-0.20806430280208588,0.0,0.014804339967668056
25,0,25,1.0,0.9943377375602722,0,0,0.0,0.0,0.0,-0.20806430280208588,0.0,0.014804336242377758
26,0,26,1.0,0.9943376183509827,0,0,0.0,0.0,0.0,-0.20806430280208588,0.0,0.014804367907345295
27,0,27,1.0,0.9943376183509827,0,0,-0.25,0.0,0.0,-0.20806428790092468,0.0,0.014804353006184101
28,0,28,1.0,0.9885745048522949,0,0,-0.25,0.0,0.0,-0.25071385502815247,0.0,0.006435253191739321
29,0,29,1.0,0.9878926873207092,0,0,-0.25,0.0,0.0,-0.2677498161792755,0.0,-0.006372436881065369
30,0,30,1.0,0.9894755482673645,0,0,-0.25,0.0,0.0,-0.2829883396625519,0.0,-0.015227236784994602
31,0,31,1.0,0.9895957112312317,0,0,-0.25,0.0,0.0,-0.28618380427360535,0.0,-0.02363813854753971
32,0,32,1.0,0.9914112687110901,0,0,-0.25,0.0,0.0,-0.29027771949768066,0.0,-0.019045047461986542
33,0,33,1.0,0.9919629096984863,0,0,-0.25,0.0,0.0,-0.2930387258529663,0.0,-0.022417915984988213
34,0,34,1.0,0.9901658296585083,0,0,-0.25,0.0,0.0,-0.2979475259780884,0.0,-0.019290490075945854
35,0,35,1.0,0.9905363321304321,0,0,-0.25,0.0,0.0,-0.2979837954044342,0.0,-0.018566971644759178
36,0,36,1.0,0.9914683103561401,0,0,-0.25,0.0,0.0,-0.2891095280647278,0.0,-0.022731950506567955
37,0,37,1.0,0.9837083220481873,0,0,-0.25,0.0,0.0,-0.2619887590408325,0.0,-0.020436493679881096
38,0,38,1.0,0.9985033273696899,0,0,-0.25,0.0,0.0,-0.06239509955048561,0.0,-0.002101021585986018
39,0,39,1.0,1.0068321228027344,0,0,0.0,0.0,0.0,-0.03370879217982292,0.0,-0.0032216336112469435
40,0,40,1.0,1.00368070602417,0,0,0.0,0.0,0.0,-0.014701204374432564,0.0,-0.003307873150333762
41,0,41,1.0,1.0011759996414185,0,0,0.0,0.0,0.0,-0.0058770012110471725,0.0,-0.003004680620506406
42,0,42,1.0,1.0002844333648682,0,0,0.0,0.0,0.0,-0.0013883758801966906,0.0,-0.001598575385287404
43,0,43,1.0,0.999998152256012,0,0,0.0,0.0,0.0,-0.0005443214904516935,0.0,-0.002766385907307267
44,0,44,1.0,0.9991269707679749,0,0,0.0,0.0,0.0,0.001507735112681985,0.0,0.004396978300064802
45,0,45,1.0,0.9992703199386597,0,0,0.0,0.0,0.0,0.0016017339657992125,0.0,0.005047354847192764
46,0,46,1.0,0.9998074769973755,0,0,-0.25,0.0,0.0,0.0007795118144713342,0.0,0.0025433646515011787
47,0,47,1.0,0.9971523284912109,0,0,0.0,0.0,0.0,-0.005774816032499075,0.0,-0.025024279952049255
48,0,48,1.0,0.9906822443008423,0,0,0.0,0.0,0.0,-0.0023807340767234564,0.0,-0.03218881040811539
49,0,49,1.0,0.9901638031005859,0,0,0.0,0.0,0.0,0.0008227498619817197,0.0,-0.035649899393320084
50,0,50,1.0,0.9870427250862122,0,0,0.0,0.0,0.0,0.0014574110973626375,0.0,-0.05786266177892685
51,0,51,1.0,0.9866790175437927,0,0,0.0,0.0,0.0,0.0018850937485694885,0.0,-0.05948157235980034
52,0,52,1.0,0.9858691096305847,0,0,0.0,0.0,0.0,0.0013144563417881727,0.0,-0.06599324941635132
53,0,53,1.0,0.9857842326164246,0,0,0.0,0.0,0.0,0.0013709045015275478,0.0,-0.06619520485401154
54,0,54,1.0,0.9852006435394287,0,0,0.0,0.0,0.0,0.0015482925809919834,0.0,-0.0628032460808754
55,0,55,1.0,0.9851866960525513,0,0,0.0,0.0,0.0,0.0015500218141824007,0.0,-0.0627344399690628
56,0,56,1.0,0.985907793045044,0,0,0.0,0.0,-0.5,0.0023854398168623447,0.0,-0.07018186151981354
57,0,57,1.0,0.98207688331604,0,0,0.0,0.0,-0.5,-0.0008055699290707707,0.0,-0.5129454731941223
58,0,58,1.0,0.9934516549110413,0,0,0.0,0.0,-0.5,-0.00021706533152610064,0.0,-0.5531197786331177
59,0,59,1.0,0.9983994960784912,0,0,0.0,0.0,-0.5,-0.0013833311386406422,0.0,-0.5641102194786072
60,0,60,1.0,1.0009833574295044,0,0,0.0,0.0,-0.5,-0.00019688409520313144,0.0,-0.562759280204773
61,0,61,1.0,0.9995821118354797,0,0,0.0,0.0,-0.5,-0.002285535214468837,0.0,-0.5543138384819031
62,0,62,1.0,0.9909041523933411,0,0,0.0,0.0,-0.5,0.0007503012311644852,0.0,-0.4896753430366516
63,0,63,1.0,0.991156816482544,0,0,0.0,0.0,-0.5,-0.0009093693224713206,0.0,-0.30973270535469055
64,0,64,1.0,0.9933791160583496,0,0,0.0,0.0,0.0,-0.00022883148631080985,0.0,-0.10090658813714981
65,0,65,1.0,0.9961128234863281,0,0,0.0,0.0,0.0,-0.0002469633473083377,0.0,-0.08015694469213486
66,0,66,1.0,0.9939084053039551,0,0,0.0,0.0,0.0,0.0012886954937130213,0.0,-0.02477472648024559
67,0,67,1.0,0.9944926500320435,0,0,0.0,0.0,0.0,0.001555498456582427,0.0,-0.01885160617530346
68,0,68,1.0,0.9949955940246582,0,0,0.0,0.0,0.0,0.002879836829379201,0.0,-0.006017303094267845
69,0,69,1.0,0.9950417876243591,0,0,0.0,0.0,0.0,0.0029015366453677416,0.0,-0.0048311445862054825
70,0,70,1.0,0.9945135712623596,0,0,0.0,0.0,0.0,0.002029878320172429,0.0,-0.005027147941291332
71,0,71,2.0,0.9944198131561279,1,0,0.0,0.0,0.0,0.0020998287945985794,0.0,-0.005236797034740448
72,0,72,2.0,1.0459562540054321,1,0,0.0,0.0,0.0,0.003154170233756304,0.0,-0.03521840274333954
73,0,73,2.0,1.0372357368469238,1,0,0.0,0.0,0.0,0.00021993747213855386,0.0,-0.02186545915901661
74,0,74,2.0,1.030871868133545,1,0,0.0,0.0,0.0,0.002791240345686674,0.0,-0.06463547796010971
75,0,75,2.0,1.0350372791290283,1,0,0.0,0.0,0.0,0.0016642233822494745,0.0,0.003952394239604473
76,0,76,2.0,1.0264036655426025,1,0,0.0,0.0,0.0,0.002247131196781993,0.0,-0.02759886533021927
77,0,77,1.0,1.0220712423324585,0,0,0.0,0.0,0.0,0.002665078267455101,0.0,-0.02109130099415779
78,0,78,1.0,1.0183888673782349,0,0,0.0,0.0,0.0,0.0004863085341639817,0.0,-0.045946553349494934
79,0,79,1.0,1.0144857168197632,0,0,0.0,0.0,0.0,0.0011643138714134693,0.0,-0.039780713617801666
80,0,80,1.0,1.010909080505371,0,0,0.0,0.0,0.0,0.0010845891665667295,0.0,-0.06042223051190376
81,0,81,1.0,1.0075695514678955,0,0,0.0,0.0,0.0,-5.634874105453491e-05,0.0,-0.05847494676709175
82,0,82,1.0,1.0027819871902466,0,0,0.0,0.0,0.0,0.0016527241095900536,0.0,0.04042419418692589
83,0,83,1.0,1.0010361671447754,0,0,0.0,0.0,0.0,0.005081187002360821,0.0,0.28109487891197205
84,0,84,1.0,1.000656008720398,0,0,0.0,0.0,0.5,0.0034834137186408043,0.0,0.37180036306381226
85,0,85,1.0,0.9954643249511719,0,0,0.0,0.0,0.5,0.002424628706648946,0.0,0.510360598564148
86,0,86,1.0,0.9968338012695312,0,0,0.0,0.0,0.5,0.002408975502476096,0.0,0.5204602479934692
87,0,87,1.0,0.9994387030601501,0,0,0.0,0.0,0.5,0.001724176574498415,0.0,0.5407016277313232
88,0,88,1.0,1.0030767917633057,0,0,0.0,0.0,0.5,0.002530704252421856,0.0,0.5262211561203003
89,0,89,1.0,1.0038193464279175,0,0,0.0,0.0,0.5,0.0021732281893491745,0.0,0.5309513807296753
90,0,90,1.0,1.0014833211898804,0,0,0.0,0.0,0.5,0.0037666778080165386,0.0,0.5354781150817871
91,0,91,1.0,0.9964145421981812,0,0,0.0,0.0,0.5,0.0037767705507576466,0.0,0.5373548269271851
92,0,92,1.0,0.994966983795166,0,0,0.0,0.0,0.5,0.004954620264470577,0.0,0.5395663380622864
93,0,93,1.0,0.9966113567352295,0,0,0.0,0.0,0.5,0.0036038816906511784,0.0,0.5362718105316162
94,1,0,1.0,0.9829992651939392,0,0,0.0,0.0,0.0,0.21127165853977203,0.0,-0.001827379921451211
95,1,1,1.0,0.9807345867156982,0,0,0.0,0.0,0.0,0.20659664273262024,0.0,-0.011742805130779743
96,1,2,1.0,0.9833104610443115,0,0,0.0,0.0,0.0,0.20901478826999664,0.0,-0.007519870065152645
97,1,3,1.0,0.9834702610969543,0,0,0.0,0.0,0.0,0.21066081523895264,0.0,-0.004549384117126465
98,1,4,1.0,0.9837440848350525,0,0,0.0,0.0,0.0,0.21236670017242432,0.0,-0.0034590379800647497
99,1,5,1.0,0.9837466478347778,0,0,0.0,0.0,0.0,0.21274720132350922,0.0,-0.0028425671625882387
100,1,6,1.0,0.9844257235527039,0,0,0.0,0.0,0.0,0.21534833312034607,0.0,-0.0020727936644107103
101,1,7,1.0,0.9844244122505188,0,0,0.0,0.0,0.0,0.2154218852519989,0.0,-0.0018774427007883787
102,1,8,1.0,0.9848856329917908,0,0,0.0,0.0,0.0,0.21551108360290527,0.0,8.848006837069988e-05
103,1,9,1.0,0.98488450050354,0,0,0.0,0.0,0.0,0.2155260443687439,0.0,0.00014643371105194092
104,1,10,1.0,0.9854752421379089,0,0,0.0,0.0,0.0,0.21679870784282684,0.0,0.0007285370957106352
105,1,11,1.0,0.985474705696106,0,0,0.25,0.0,0.0,0.2168021947145462,0.0,0.0007448575925081968
106,1,12,1.0,0.9862937927246094,0,0,0.25,0.0,0.0,0.2558991312980652,0.0,-0.014849948696792126
107,1,13,1.0,0.9882506728172302,0,0,0.25,0.0,0.0,0.2616366744041443,0.0,-0.027056025341153145
108,1,14,1.0,0.9939425587654114,0,0,0.25,0.0,0.0,0.22504304349422455,0.0,-0.0370684415102005
109,1,15,1.0,1.0066925287246704,0,0,0.25,0.0,0.0,0.10719551891088486,0.0,-0.0256715789437294
110,1,16,1.0,0.9994825720787048,0,0,0.0,0.0,0.0,0.03919864445924759,0.0,-0.0265670046210289
111,1,17,1.0,1.0001858472824097,0,0,0.0,0.0,0.0,0.015718916431069374,0.0,0.01782405748963356
112,1,18,1.0,1.0032532215118408,0,0,0.0,0.0,0.0,0.01016826182603836,0.0,0.037092097103595734
113,1,19,1.0,1.0040544271469116,0,0,0.0,0.0,0.0,0.0077668121084570885,0.0,0.03893950954079628
114,1,20,1.0,1.0010981559753418,0,0,0.0,0.0,0.0,0.004622246138751507,0.0,0.03187500685453415
115,1,21,1.0,1.0011942386627197,0,0,0.0,0.0,0.0,0.00427254056558013,0.0,0.031002188101410866
116,1,22,1.0,1.0012660026550293,0,0,0.0,0.0,0.0,0.0050692385993897915,0.0,0.02188449166715145
117,1,23,1.0,1.0012911558151245,0,0,0.25,0.0,0.0,0.005023847799748182,0.0,0.021663261577486992
118,1,24,1.0,0.9923180341720581,0,0,0.0,0.0,0.0,0.014173706993460655,0.0,-0.019075920805335045
119,1,25,1.0,0.992201030254364,0,0,0.0,0.0,0.0,0.0075082480907440186,0.0,-0.011054259724915028
120,1,26,1.0,0.9881930351257324,0,0,0.0,0.0,0.0,0.005045487079769373,0.0,-0.01895434781908989
121,1,27,1.0,0.9889731407165527,0,0,0.0,0.0,0.0,0.0035148682072758675,0.0,-0.019408585503697395
122,1,28,1.0,0.987949013710022,0,0,0.0,0.0,0.0,0.002488683443516493,0.0,-0.029662499204277992
123,1,29,1.0,0.9880871772766113,0,0,0.0,0.0,0.0,0.0022389793302863836,0.0,-0.0303685050457716
124,1,30,1.0,0.9893442392349243,0,0,0.0,0.0,0.0,0.0015732755418866873,0.0,-0.040109433233737946
125,1,31,1.0,0.9893729090690613,0,0,0.0,0.0,0.0,0.0015343755949288607,0.0,-0.040314946323633194
126,1,32,1.0,0.9894764423370361,0,0,0.0,0.0,-0.5,0.0013952257577329874,0.0,-0.04840509220957756
127,1,33,1.0,0.9848427176475525,0,0,0.0,0.0,-0.5,-0.00168315798509866,0.0,-0.5581892728805542
128,1,34,1.0,0.9932736158370972,0,0,0.0,0.0,-0.5,-0.0016503740334883332,0.0,-0.5952546000480652
129,1,35,1.0,0.9988679885864258,0,0,0.0,0.0,-0.5,-0.003318620612844825,0.0,-0.6058089137077332
130,1,36,1.0,0.9986289739608765,0,0,0.0,0.0,-0.5,-0.0015846437308937311,0.0,-0.5992708802223206
131,1,37,1.0,0.9947382211685181,0,0,0.0,0.0,-0.5,-0.0022016437724232674,0.0,-0.5842050909996033
132,1,38,1.0,0.9862487316131592,0,0,0.0,0.0,-0.5,0.0007968857535161078,0.0,-0.5019855499267578
133,1,39,1.0,0.9836108684539795,0,0,0.0,0.0,-0.5,0.0016779322177171707,0.0,-0.2732762396335602
134,1,40,1.0,0.9912225008010864,0,0,0.0,0.0,-0.5,0.0030281799845397472,0.0,-0.08809494972229004
135,1,41,1.0,0.993992030620575,0,0,0.0,0.0,0.0,0.0037167035043239594,0.0,-0.05607205629348755
136,1,42,1.0,0.9940637350082397,0,0,0.0,0.0,0.0,0.003252780996263027,0.0,-0.008630775846540928
137,1,43,1.0,0.9949696660041809,0,0,0.0,0.0,0.0,0.0032222624868154526,0.0,-0.0059251850470900536
138,1,44,1.0,0.995256781578064,0,0,0.0,0.0,0.0,0.00242093438282609,0.0,0.00286611495539546
139,1,45,1.0,0.9953044056892395,0,0,0.0,0.0,0.0,0.002433486981317401,0.0,0.003913484048098326
140,1,46,2.0,0.9977290034294128,1,0,0.0,0.0,0.0,0.0031592058949172497,0.0,-0.01318295020610094
141,1,47,2.0,1.0511081218719482,1,0,0.0,0.0,0.0,0.005893252789974213,0.0,-0.03562454879283905
142,1,48,2.0,1.057268738746643,1,0,0.0,0.0,0.0,0.0022299098782241344,0.0,0.017405128106474876
143,1,49,2.0,1.045559287071228,1,0,0.0,0.0,0.0,0.0038137491792440414,0.0,-0.06600891798734665
144,1,50,2.0,1.0385929346084595,1,0,0.0,0.0,0.0,0.0032451683655381203,0.0,-0.03390385955572128
145,1,51,2.0,1.0297787189483643,1,0,0.0,0.0,0.0,0.00344632426276803,0.0,-0.022567732259631157
146,1,52,1.0,1.023339033126831,0,0,0.0,0.0,0.0,0.003114304505288601,0.0,-0.027083564549684525
147,1,53,1.0,1.0198562145233154,0,0,0.0,0.0,0.0,0.002343306317925453,0.0,-0.05367555841803551
148,1,54,1.0,1.0148884057998657,0,0,0.0,0.0,0.0,0.0020685128401964903,0.0,-0.06251445412635803
149,1,55,1.0,1.0119612216949463,0,0,0.0,0.0,0.0,0.0015784550923854113,0.0,-0.049201395362615585
150,1,56,1.0,0.9978722333908081,0,0,0.0,0.0,0.0,0.0005587384221144021,0.0,0.03953273966908455
151,1,57,1.0,0.9941604733467102,0,0,0.0,0.0,0.0,0.001104103634133935,0.0,0.1466204971075058
152,1,58,1.0,0.9928452372550964,0,0,0.0,0.0,0.5,0.0011324197985231876,0.0,0.3051778972148895
153,1,59,1.0,0.9936137795448303,0,0,0.0,0.0,0.5,0.001816203584894538,0.0,0.5222575664520264
154,1,60,1.0,0.9952158331871033,0,0,0.0,0.0,0.5,0.002295863814651966,0.0,0.535587728023529
155,1,61,1.0,0.9965434670448303,0,0,0.0,0.0,0.5,0.002802568720653653,0.0,0.5327982306480408
156,1,62,1.0,0.999890148639679,0,0,0.0,0.0,0.5,0.0030626128427684307,0.0,0.5383914709091187
157,1,63,1.0,1.0014361143112183,0,0,0.0,0.0,0.5,0.003047086764127016,0.0,0.5366714000701904
158,1,64,1.0,0.9979600310325623,0,0,0.0,0.0,0.5,0.0032781376503407955,0.0,0.554548442363739
159,1,65,1.0,0.9990604519844055,0,0,0.0,0.0,0.5,0.003962087910622358,0.0,0.5520318150520325
160,1,66,1.0,0.9953360557556152,0,0,0.0,0.0,0.5,0.003046726807951927,0.0,0.5336085557937622
161,1,67,1.0,0.9942405819892883,0,0,0.0,0.0,0.5,0.003952631261199713,0.0,0.5393514037132263
162,2,0,1.0,0.9966884851455688,0,0,0.0,0.0,0.0,0.18675711750984192,0.0,0.006771004293113947
163,2,1,1.0,0.9965723156929016,0,0,0.0,0.0,0.0,0.1829455941915512,0.0,-0.002151786582544446
164,2,2,1.0,0.9949862360954285,0,0,0.0,0.0,0.0,0.18804626166820526,0.0,0.004303596448153257
165,2,3,1.0,0.9948446154594421,0,0,0.0,0.0,0.0,0.1891709864139557,0.0,0.006197510752826929
166,2,4,1.0,0.9943951368331909,0,0,0.0,0.0,0.0,0.19139829277992249,0.0,0.009045271202921867
167,2,5,1.0,0.9943808317184448,0,0,0.0,0.0,0.0,0.1916227787733078,0.0,0.009568784385919571
168,2,6,1.0,0.9943811893463135,0,0,0.0,0.0,0.0,0.19246026873588562,0.0,0.009133845567703247
169,2,7,1.0,0.9943810105323792,0,0,0.0,0.0,0.0,0.19250057637691498,0.0,0.00929207168519497
170,2,8,1.0,0.9947692155838013,0,0,0.0,0.0,0.0,0.19312521815299988,0.0,0.009456214495003223
171,2,9,1.0,0.9947695732116699,0,0,0.0,0.0,0.0,0.19313369691371918,0.0,0.009502777829766273
172,2,10,1.0,0.9946491718292236,0,0,0.0,0.0,0.0,0.192887544631958,0.0,0.009262734092772007
173,2,11,1.0,0.9946492910385132,0,0,0.25,0.0,0.0,0.19288936257362366,0.0,0.009275922551751137
174,2,12,1.0,0.990237295627594,0,0,0.25,0.0,0.0,0.22632437944412231,0.0,0.0017701693577691913
175,2,13,1.0,0.9899634718894958,0,0,0.25,0.0,0.0,0.24231044948101044,0.0,-0.0015319350641220808
176,2,14,1.0,0.9861630201339722,0,0,0.25,0.0,0.0,0.2530058026313782,0.0,-0.006819102913141251
177,2,15,1.0,0.9876894354820251,0,0,0.25,0.0,0.0,0.2590199112892151,0.0,-0.008606238290667534
178,2,16,1.0,0.9907355904579163,0,0,0.25,0.0,0.0,0.26432669162750244,0.0,-0.016882140189409256
179,2,17,1.0,0.9917914867401123,0,0,0.25,0.0,0.0,0.26852092146873474,0.0,-0.014248122461140156
180,2,18,1.0,0.9945880174636841,0,0,0.25,0.0,0.0,0.2707626521587372,0.0,-0.027092987671494484
181,2,19,1.0,0.9937353134155273,0,0,0.25,0.0,0.0,0.2647470235824585,0.0,-0.029025165364146233
182,2,20,1.0,1.0004183053970337,0,0,0.25,0.0,0.0,0.22430163621902466,0.0,-0.033527061343193054
183,2,21,1.0,1.0071698427200317,0,0,0.0,0.0,0.0,0.09525222331285477,0.0,-0.043679848313331604
184,2,22,1.0,1.0061607360839844,0,0,0.0,0.0,0.0,0.05453075096011162,0.0,-0.014762294478714466
185,2,23,1.0,1.0086150169372559,0,0,0.0,0.0,0.0,0.03400407359004021,0.0,-0.018509676679968834
186,2,24,1.0,1.0086030960083008,0,0,0.0,0.0,0.0,0.029831845313310623,0.0,-0.01606377772986889
187,2,25,1.0,1.0086350440979004,0,0,0.0,0.0,0.0,0.027716785669326782,0.0,-0.016139863058924675
188,2,26,1.0,1.0074667930603027,0,0,0.0,0.0,0.0,0.028048476204276085,0.0,-0.01358411367982626
189,2,27,1.0,1.0074493885040283,0,0,0.25,0.0,0.0,0.027733858674764633,0.0,-0.013852492906153202
190,2,28,1.0,1.0038255453109741,0,0,0.25,0.0,0.0,0.029031958431005478,0.0,-0.030872536823153496
191,2,29,1.0,0.9978944063186646,0,0,0.0,0.0,0.0,0.02678588405251503,0.0,-0.03045531176030636
192,2,30,1.0,0.9994312524795532,0,0,0.0,0.0,0.0,0.011703005991876125,0.0,0.01556334551423788
193,2,31,1.0,1.000065803527832,0,0,0.0,0.0,0.0,0.006018792744725943,0.0,0.01513708382844925
194,2,32,1.0,1.0005900859832764,0,0,0.0,0.0,0.0,0.004036765079945326,0.0,0.015320396050810814
195,2,33,1.0,1.0005528926849365,0,0,0.0,0.0,0.0,0.0031080348417162895,0.0,0.01274394802749157
196,2,34,1.0,0.993367612361908,0,0,0.0,0.0,0.0,0.003838139120489359,0.0,-0.0227982010692358
197,2,35,1.0,0.9933714270591736,0,0,0.0,0.0,0.0,0.003714354708790779,0.0,-0.023594915866851807
198,2,36,1.0,0.9944485425949097,0,0,0.25,0.0,0.0,0.004106627777218819,0.0,-0.01904902420938015
199,2,37,1.0,0.9827339053153992,0,0,0.0,0.0,0.0,0.0176986213773489,0.0,-0.04962541162967682
200,2,38,1.0,0.98357093334198,0,0,0.0,0.0,0.0,0.011083460412919521,0.0,-0.039815425872802734
201,2,39,1.0,0.9852629899978638,0,0,0.0,0.0,0.0,0.006257679779082537,0.0,-0.03388097882270813
202,2,40,1.0,0.9863280057907104,0,0,0.0,0.0,0.0,0.0038767242804169655,0.0,-0.0418449304997921
203,2,41,1.0,0.9863784313201904,0,0,0.0,0.0,0.0,0.0031300634145736694,0.0,-0.04389771446585655
204,2,42,1.0,0.9848814010620117,0,0,0.0,0.0,0.0,0.003616691567003727,0.0,-0.05694751814007759
205,2,43,1.0,0.9848796725273132,0,0,0.0,0.0,0.0,0.0034974529407918453,0.0,-0.05749143660068512
206,2,44,1.0,0.9848505854606628,0,0,0.0,0.0,0.0,0.0033806590363383293,0.0,-0.06344213336706161
207,2,45,1.0,0.9848580956459045,0,0,0.0,0.0,-0.5,0.0033591846004128456,0.0,-0.0634390264749527
208,2,46,1.0,0.9821621179580688,0,0,0.0,0.0,-0.5,0.0016555155161768198,0.0,-0.5175360441207886
209,2,47,1.0,0.9906286001205444,0,0,0.0,0.0,-0.5,0.0022609068546444178,0.0,-0.584949791431427
210,2,48,1.0,0.9947938919067383,0,0,0.0,0.0,-0.5,0.0012644368689507246,0.0,-0.5980660915374756
211,2,49,1.0,0.9966835379600525,0,0,0.0,0.0,-0.5,0.0013252946082502604,0.0,-0.6023899912834167
212,2,50,1.0,0.9925152063369751,0,0,0.0,0.0,-0.5,0.004157855175435543,0.0,-0.5778815746307373
213,2,51,1.0,0.9830772876739502,0,0,0.0,0.0,-0.5,0.003419074695557356,0.0,-0.4918924570083618
214,2,52,1.0,0.9913090467453003,0,0,0.0,0.0,-0.5,0.0021284637041389942,0.0,-0.24058617651462555
215,2,53,1.0,0.9948826432228088,0,0,0.0,0.0,-0.5,0.0014226676430553198,0.0,-0.11984801292419434
216,2,54,1.0,0.9961146712303162,0,0,0.0,0.0,0.0,0.0018049194477498531,0.0,-0.021337490528821945
217,2,55,1.0,0.9968741536140442,0,0,0.0,0.0,0.0,0.002017059363424778,0.0,-0.013469225727021694
218,2,56,1.0,0.9969519972801208,0,0,0.0,0.0,0.0,0.0017009626608341932,0.0,-0.006609141826629639
219,2,57,1.0,0.9971290230751038,0,0,0.0,0.0,0.0,0.0017022890970110893,0.0,-0.0049734096974134445
220,2,58,1.0,0.9966765642166138,0,0,0.0,0.0,0.0,0.0016100180801004171,0.0,0.004131239838898182
221,2,59,1.0,0.996699869632721,0,0,0.0,0.0,0.0,0.0016125519759953022,0.0,0.0044870865531265736
222,2,60,2.0,0.9980995059013367,1,0,0.0,0.0,0.0,0.0013637987431138754,0.0,-0.009618383832275867
223,2,61,2.0,1.0550129413604736,1,0,0.0,0.0,0.0,0.0032379403710365295,0.0,-0.01809884048998356
224,2,62,2.0,1.0574206113815308,1,0,0.0,0.0,0.0,0.0015311874449253082,0.0,-0.018503544852137566
225,2,63,2.0,1.0509190559387207,1,0,0.0,0.0,0.0,0.00265629799105227,0.0,-0.0701015442609787
226,2,64,2.0,1.039318323135376,1,0,0.0,0.0,0.0,0.0016913819126784801,0.0,-0.04493376985192299
227,2,65,2.0,1.03269624710083,1,0,0.0,0.0,0.0,0.001879279501736164,0.0,-0.03383359685540199
228,2,66,1.0,1.0277845859527588,0,0,0.0,0.0,0.0,0.0017499628011137247,0.0,-0.043305136263370514
229,2,67,1.0,1.0219930410385132,0,0,0.0,0.0,0.0,0.001916942885145545,0.0,-0.059402789920568466
230,2,68,1.0,1.0174111127853394,0,0,0.0,0.0,0.0,0.002592879580333829,0.0,-0.06443373113870621
231,2,69,1.0,1.0151865482330322,0,0,0.0,0.0,0.0,0.0022538246121257544,0.0,-0.058973267674446106
232,2,70,1.0,1.0108649730682373,0,0,0.0,0.0,0.0,0.0028215493075549603,0.0,-0.014470233581960201
233,2,71,1.0,0.9971782565116882,0,0,0.0,0.0,0.0,0.0025957420002669096,0.0,0.11411600559949875
234,2,72,1.0,0.990403413772583,0,0,0.0,0.0,0.0,0.0016595532651990652,0.0,0.2809351980686188
235,2,73,1.0,0.9889470338821411,0,0,0.0,0.0,0.5,0.0013512982986867428,0.0,0.4125271737575531
236,2,74,1.0,0.9926372766494751,0,0,0.0,0.0,0.5,0.001780165359377861,0.0,0.5231879353523254
237,2,75,1.0,0.9934889078140259,0,0,0.0,0.0,0.5,0.002419126220047474,0.0,0.5273094773292542
238,2,76,1.0,0.996743381023407,0,0,0.0,0.0,0.5,0.003614116460084915,0.0,0.5383484363555908
239,2,77,1.0,0.9983537197113037,0,0,0.0,0.0,0.5,0.0031963116489350796,0.0,0.5378754734992981
240,2,78,1.0,0.9971045851707458,0,0,0.0,0.0,0.5,0.0030779526568949223,0.0,0.5426985025405884
241,2,79,1.0,0.9948030114173889,0,0,0.0,0.0,0.5,0.0032661687582731247,0.0,0.5450941920280457
242,2,80,1.0,0.9947806596755981,0,0,0.0,0.0,0.5,0.003911957610398531,0.0,0.5383204221725464
243,2,81,1.0,0.99566251039505,0,0,0.0,0.0,0.5,0.0045918868854641914,0.0,0.5381000638008118
244,2,82,1.0,0.9948192238807678,0,0,0.0,0.0,0.5,0.004414732567965984,0.0,0.5370954871177673
245,3,0,1.0,0.9928974509239197,0,0,0.0,0.0,0.0,-0.22228382527828217,0.0,-0.008757957257330418
246,3,1,1.0,0.9922143220901489,0,0,0.0,0.0,0.0,-0.22679224610328674,0.0,-0.020345594733953476
247,3,2,1.0,0.9935643672943115,0,0,0.0,0.0,0.0,-0.22980466485023499,0.0,-0.014235530979931355
248,3,3,1.0,0.993668794631958,0,0,0.0,0.0,0.0,-0.22805605828762054,0.0,-0.012008991092443466
249,3,4,1.0,0.9926919341087341,0,0,0.0,0.0,0.0,-0.2282930314540863,0.0,-0.007047850638628006
250,3,5,1.0,0.9926937818527222,0,0,0.0,0.0,0.0,-0.22800052165985107,0.0,-0.00634574331343174
251,3,6,1.0,0.9934413433074951,0,0,0.0,0.0,0.0,-0.2300550788640976,0.0,-0.005731033161282539
252,3,7,1.0,0.9934319853782654,0,0,0.0,0.0,0.0,-0.23001089692115784,0.0,-0.005519986152648926
253,3,8,1.0,0.9921867251396179,0,0,0.0,0.0,0.0,-0.23301541805267334,0.0,-0.005556654185056686
254,3,9,1.0,0.9921826720237732,0,0,-0.25,0.0,0.0,-0.233008474111557,0.0,-0.005494669079780579
255,3,10,1.0,0.9858811497688293,0,0,-0.25,0.0,0.0,-0.2764515280723572,0.0,-0.011760982684791088
256,3,11,1.0,0.9902282953262329,0,0,-0.25,0.0,0.0,-0.2939561903476715,0.0,-0.014167792163789272
257,3,12,1.0,0.9896966814994812,0,0,-0.25,0.0,0.0,-0.28790464997291565,0.0,-0.017879752442240715
258,3,13,1.0,0.9919722080230713,0,0,-0.25,0.0,0.0,-0.14221099019050598,0.0,-0.020224491134285927
259,3,14,1.0,1.0039596557617188,0,0,0.0,0.0,0.0,-0.04131029546260834,0.0,-0.009001587517559528
260,3,15,1.0,1.0056260824203491,0,0,0.0,0.0,0.0,-0.02413584478199482,0.0,-0.020307360216975212
261,3,16,1.0,1.005427598953247,0,0,0.0,0.0,0.0,-0.011896072886884212,0.0,-0.021219907328486443
262,3,17,1.0,1.0049320459365845,0,0,0.0,0.0,0.0,-0.008649826981127262,0.0,-0.02988932840526104
263,3,18,1.0,1.0032305717468262,0,0,0.0,0.0,0.0,-0.0069623119197785854,0.0,-0.02518921159207821
264,3,19,1.0,1.0030165910720825,0,0,0.0,0.0,0.0,-0.00646144850179553,0.0,-0.02537338249385357
265,3,20,1.0,1.0034806728363037,0,0,0.0,0.0,0.0,-0.0057931034825742245,0.0,-0.020102055743336678
266,3,21,1.0,1.003440499305725,0,0,0.0,0.0,0.0,-0.005736860446631908,0.0,-0.019992249086499214
267,3,22,1.0,1.0042240619659424,0,0,-0.25,0.0,0.0,-0.006798135116696358,0.0,-0.02375098690390587
268,3,23,1.0,1.0059196949005127,0,0,0.0,0.0,0.0,-0.015586855821311474,0.0,0.004607104696333408
269,3,24,1.0,1.0001722574234009,0,0,0.0,0.0,0.0,-0.008422627113759518,0.0,0.021533561870455742
270,3,25,1.0,1.000340461730957,0,0,0.0,0.0,0.0,-0.004015759099274874,0.0,0.01788502000272274
271,3,26,1.0,1.0011541843414307,0,0,0.0,0.0,0.0,3.4487282391637564e-05,0.0,0.023363672196865082
272,3,27,1.0,1.00101637840271,0,0,0.0,0.0,0.0,0.0006045168847776949,0.0,0.02350657992064953
273,3,28,1.0,0.9989068508148193,0,0,0.0,0.0,0.0,0.0003622479853220284,0.0,0.019896239042282104
274,3,29,1.0,0.9988545775413513,0,0,0.0,0.0,0.0,0.00043668661965057254,0.0,0.02000167965888977
275,3,30,1.0,0.9985519647598267,0,0,0.0,0.0,0.0,0.00021814211504533887,0.0,0.020801037549972534
276,3,31,1.0,0.9985386729240417,0,0,0.0,0.0,0.0,0.0002275489387102425,0.0,0.020883556455373764
277,3,32,1.0,0.9985926151275635,0,0,0.0,0.0,-0.5,0.0007969838916324079,0.0,0.011550942435860634
278,3,33,1.0,0.9834154844284058,0,0,0.0,0.0,-0.5,-0.00042903918074443936,0.0,-0.5071337819099426
279,3,34,1.0,0.9959110021591187,0,0,0.0,0.0,-0.5,0.0023578484542667866,0.0,-0.5578428506851196
280,3,35,1.0,0.9963789582252502,0,0,0.0,0.0,-0.5,0.002097560791298747,0.0,-0.5739955902099609
281,3,36,1.0,0.9968897104263306,0,0,0.0,0.0,-0.5,0.0031219064258038998,0.0,-0.5713203549385071
282,3,37,1.0,0.9998265504837036,0,0,0.0,0.0,-0.5,0.0013535325415432453,0.0,-0.547740638256073
283,3,38,1.0,0.9975999593734741,0,0,0.0,0.0,-0.5,0.0007889633416198194,0.0,-0.5116251111030579
284,3,39,1.0,0.9954092502593994,0,0,0.0,0.0,-0.5,0.0006954833515919745,0.0,-0.3691686689853668
285,3,40,1.0,0.9936172366142273,0,0,0.0,0.0,0.0,0.0008461708785034716,0.0,-0.10745863616466522
286,3,41,1.0,0.9960008263587952,0,0,0.0,0.0,0.0,0.00018183031352236867,0.0,-0.049836378544569016
287,3,42,1.0,0.9955735206604004,0,0,0.0,0.0,0.0,0.0013015668373554945,0.0,-0.04346529394388199
288,3,43,1.0,0.9959926605224609,0,0,0.0,0.0,0.0,0.001466624904423952,0.0,-0.03890514001250267
289,3,44,1.0,0.994910717010498,0,0,0.0,0.0,0.0,0.0017083531711250544,0.0,-0.01557216513901949
290,3,45,1.0,0.9949700832366943,0,0,0.0,0.0,0.0,0.0017309654504060745,0.0,-0.014659957028925419
291,3,46,1.0,0.995766282081604,0,0,0.0,0.0,0.0,0.0019161566160619259,0.0,-0.014606603421270847
292,3,47,1.0,0.9957535266876221,0,0,0.0,0.0,0.0,0.0019229946192353964,0.0,-0.014526176266372204
293,3,48,2.0,0.9980460405349731,1,0,0.0,0.0,0.0,0.0008558864356018603,0.0,-0.019989220425486565
294,3,49,2.0,1.0522840023040771,1,0,0.0,0.0,0.0,-0.0016704637091606855,0.0,-0.10220193862915039
295,3,50,2.0,1.0406639575958252,1,0,0.0,0.0,0.0,0.0007895648595876992,0.0,-0.018714498728513718
296,3,51,2.0,1.0284862518310547,1,0,0.0,0.0,0.0,0.0033911075443029404,0.0,-0.034371551126241684
297,3,52,2.0,1.0203347206115723,1,0,0.0,0.0,0.0,0.003736310638487339,0.0,-0.021450605243444443
298,3,53,1.0,1.0162248611450195,0,0,0.0,0.0,0.0,0.0010824550408869982,0.0,-0.06236179545521736
299,3,54,1.0,1.0119317770004272,0,0,0.0,0.0,0.0,-0.001263579586520791,0.0,-0.07335228472948074
300,3,55,1.0,1.0066957473754883,0,0,0.0,0.0,0.0,-0.002509128302335739,0.0,-0.08164256811141968
301,3,56,1.0,1.007603406906128,0,0,0.0,0.0,0.0,-0.0031162649393081665,0.0,-0.08452396094799042
302,3,57,1.0,1.0075416564941406,0,0,0.0,0.0,0.0,-0.0029671741649508476,0.0,-0.07318411022424698
303,3,58,1.0,1.0057969093322754,0,0,0.0,0.0,0.0,-0.0022261261474341154,0.0,-0.02953598089516163
304,3,59,1.0,0.9994121789932251,0,0,0.0,0.0,0.0,-0.0006631828146055341,0.0,0.07172570377588272
305,3,60,1.0,0.9974455237388611,0,0,0.0,0.0,0.0,0.001590680330991745,0.0,0.23369468748569489
306,3,61,1.0,0.9971191883087158,0,0,0.0,0.0,0.0,0.0027353386394679546,0.0,0.33257806301116943
307,3,62,1.0,0.9970002770423889,0,0,0.0,0.0,0.5,0.0029360605403780937,0.0,0.40944719314575195
308,3,63,1.0,0.9957782030105591,0,0,0.0,0.0,0.5,0.0019164506811648607,0.0,0.507039487361908
309,3,64,1.0,0.9953982830047607,0,0,0.0,0.0,0.5,0.002421983517706394,0.0,0.5236077904701233
310,3,65,1.0,0.9978379011154175,0,0,0.0,0.0,0.5,0.0026100368704646826,0.0,0.5391254425048828
311,3,66,1.0,1.0051870346069336,0,0,0.0,0.0,0.5,0.0026561529375612736,0.0,0.5341772437095642
312,3,67,1.0,1.0062998533248901,0,0,0.0,0.0,0.5,0.002547456184402108,0.0,0.5338873267173767
313,3,68,1.0,1.003702998161316,0,0,0.0,0.0,0.5,0.0030477200634777546,0.0,0.5399965643882751
314,3,69,1.0,1.0002727508544922,0,0,0.0,0.0,0.5,0.003307763021439314,0.0,0.5326995849609375
315,3,70,1.0,0.9978503584861755,0,0,0.0,0.0,0.5,0.0027525590267032385,0.0,0.5392279624938965
316,3,71,1.0,0.9979772567749023,0,0,0.0,0.0,0.5,0.0020189820788800716,0.0,0.5309589505195618
317,4,0,1.0,0.982999324798584,0,0,0.0,0.0,0.0,0.21127164363861084,0.0,-0.0018274325411766768
318,4,1,1.0,0.9807345867156982,0,0,0.0,0.0,0.0,0.20659664273262024,0.0,-0.011742755770683289
319,4,2,1.0,0.9833104610443115,0,0,0.0,0.0,0.0,0.20901474356651306,0.0,-0.007519868202507496
320,4,3,1.0,0.9834703207015991,0,0,0.0,0.0,0.0,0.21066084504127502,0.0,-0.0045494455844163895
321,4,4,1.0,0.9837440848350525,0,0,0.0,0.0,0.0,0.21236667037010193,0.0,-0.003459030529484153
322,4,5,1.0,0.9837467074394226,0,0,0.0,0.0,0.0,0.21274717152118683,0.0,-0.0028424791526049376
323,4,6,1.0,0.9844257235527039,0,0,0.0,0.0,0.0,0.21534836292266846,0.0,-0.0020727787632495165
324,4,7,1.0,0.984424352645874,0,0,0.0,0.0,0.0,0.2154219001531601,0.0,-0.001877328148111701
325,4,8,1.0,0.9848856329917908,0,0,0.0,0.0,0.0,0.21551112830638885,0.0,8.851569145917892e-05
326,4,9,1.0,0.98488450050354,0,0,0.0,0.0,0.0,0.2155260592699051,0.0,0.00014641880989074707
327,4,10,1.0,0.9854752421379089,0,0,0.0,0.0,0.0,0.2167987823486328,0.0,0.0007284882012754679
328,4,11,1.0,0.9854746460914612,0,0,0.25,0.0,0.0,0.2168022096157074,0.0,0.0007447486277669668
329,4,12,1.0,0.9862937927246094,0,0,0.25,0.0,0.0,0.2558991312980652,0.0,-0.014849971048533916
330,4,13,1.0,0.9882506728172302,0,0,0.25,0.0,0.0,0.2616366744041443,0.0,-0.0270561370998621
331,4,14,1.0,0.9939425587654114,0,0,0.25,0.0,0.0,0.22504304349422455,0.0,-0.03706837818026543
332,4,15,1.0,1.00669264793396,0,0,0.25,0.0,0.0,0.10719554126262665,0.0,-0.025671642273664474
333,4,16,1.0,0.9994826316833496,0,0,0.0,0.0,0.0,0.03919866308569908,0.0,-0.026567017659544945
334,4,17,1.0,1.0001859664916992,0,0,0.0,0.0,0.0,0.015718918293714523,0.0,0.01782405376434326
335,4,18,1.0,1.0032532215118408,0,0,0.0,0.0,0.0,0.010168245993554592,0.0,0.03709208220243454
336,4,19,1.0,1.0040545463562012,0,0,0.0,0.0,0.0,0.007766818627715111,0.0,0.038939494639635086
337,4,20,1.0,1.0010981559753418,0,0,0.0,0.0,0.0,0.004622222390025854,0.0,0.031874943524599075
338,4,21,1.0,1.0011942386627197,0,0,0.0,0.0,0.0,0.00427254056558013,0.0,0.031002117320895195
339,4,22,1.0,1.0012660026550293,0,0,0.0,0.0,0.0,0.005069230683147907,0.0,0.021884484216570854
340,4,23,1.0,1.0012911558151245,0,0,0.25,0.0,0.0,0.0050238571129739285,0.0,0.021663324907422066
341,4,24,1.0,0.9923180341720581,0,0,0.0,0.0,0.0,0.014173698611557484,0.0,-0.019075868651270866
342,4,25,1.0,0.9922010898590088,0,0,0.0,0.0,0.0,0.00750825647264719,0.0,-0.01105427835136652
343,4,26,1.0,0.9881930947303772,0,0,0.0,0.0,0.0,0.005045478697866201,0.0,-0.01895434409379959
344,4,27,1.0,0.9889732003211975,0,0,0.0,0.0,0.0,0.0035148621536791325,0.0,-0.01940862648189068
345,4,28,1.0,0.987949013710022,0,0,0.0,0.0,0.0,0.002488683443516493,0.0,-0.02966252900660038
346,4,29,1.0,0.9880871772766113,0,0,0.0,0.0,0.0,0.0022389621008187532,0.0,-0.03036852367222309
347,4,30,1.0,0.9893442392349243,0,0,0.0,0.0,0.0,0.001573268324136734,0.0,-0.04010947421193123
348,4,31,1.0,0.9893729090690613,0,0,0.0,0.0,0.0,0.001534352544695139,0.0,-0.04031519591808319
349,4,32,1.0,0.9894764423370361,0,0,0.0,0.0,-0.5,0.0013952362351119518,0.0,-0.048405103385448456
350,4,33,1.0,0.9848427176475525,0,0,0.0,0.0,-0.5,-0.0016831428511068225,0.0,-0.5581892132759094
351,4,34,1.0,0.9932737350463867,0,0,0.0,0.0,-0.5,-0.0016503655351698399,0.0,-0.5952547192573547
352,4,35,1.0,0.9988679885864258,0,0,0.0,0.0,-0.5,-0.0033186546061187983,0.0,-0.6058089733123779
353,4,36,1.0,0.9986290335655212,0,0,0.0,0.0,-0.5,-0.0015846570022404194,0.0,-0.5992708802223206
354,4,37,1.0,0.9947382807731628,0,0,0.0,0.0,-0.5,-0.002201636554673314,0.0,-0.584204912185669
355,4,38,1.0,0.9862487316131592,0,0,0.0,0.0,-0.5,0.0007968686404637992,0.0,-0.5019856095314026
356,4,39,1.0,0.9836108684539795,0,0,0.0,0.0,-0.5,0.001677915221080184,0.0,-0.2732762396335602
357,4,40,1.0,0.9912224411964417,0,0,0.0,0.0,-0.5,0.003028184175491333,0.0,-0.08809495717287064
358,4,41,1.0,0.993992030620575,0,0,0.0,0.0,-0.5,0.0037166732363402843,0.0,-0.05607204884290695
359,4,42,1.0,0.9940637350082397,0,0,0.0,0.0,0.0,0.003252787981182337,0.0,-0.008630719967186451
360,4,43,1.0,0.9949696660041809,0,0,0.0,0.0,0.0,0.003222231287509203,0.0,-0.0059251608327031136
361,4,44,1.0,0.995256781578064,0,0,0.0,0.0,0.0,0.0024209502153098583,0.0,0.0028661186806857586
362,4,45,1.0,0.9953044056892395,0,0,0.0,0.0,0.0,0.0024335014168173075,0.0,0.003913543187081814
363,4,46,1.0,0.9951478838920593,0,0,0.0,0.0,0.0,0.002616546582430601,0.0,0.01175746601074934
364,4,47,2.0,0.9951467514038086,1,0,0.0,0.0,0.0,0.0026211244985461235,0.0,0.011939186602830887
365,4,48,2.0,1.0522961616516113,1,0,0.0,0.0,0.0,0.0036105462349951267,0.0,-0.0103770075365901
366,4,49,2.0,1.0598902702331543,1,0,0.0,0.0,0.0,0.0022523824591189623,0.0,-0.014647056348621845
367,4,50,2.0,1.0453741550445557,1,0,0.0,0.0,0.0,0.0034217294305562973,0.0,-0.07054314017295837
368,4,51,2.0,1.037128210067749,1,0,0.0,0.0,0.0,0.003160472959280014,0.0,-0.04326510429382324
369,4,52,1.0,1.029347538948059,0,0,0.0,0.0,0.0,0.004007859621196985,0.0,-0.022006966173648834
370,4,53,1.0,1.0223824977874756,0,0,0.0,0.0,0.0,0.0033345604315400124,0.0,-0.021152092143893242
371,4,54,1.0,1.018042802810669,0,0,0.0,0.0,0.0,0.002783655421808362,0.0,-0.045173339545726776
372,4,55,1.0,1.0133343935012817,0,0,0.0,0.0,0.0,0.002374571282416582,0.0,-0.0582503117620945
373,4,56,1.0,1.0119071006774902,0,0,0.0,0.0,0.0,0.0015353106427937746,0.0,-0.044381774961948395
374,4,57,1.0,0.9963741302490234,0,0,0.0,0.0,0.0,0.0011101053096354008,0.0,0.0623604953289032
375,4,58,1.0,0.9939159154891968,0,0,0.0,0.0,0.0,0.0015443316660821438,0.0,0.1546378880739212
376,4,59,1.0,0.9918949007987976,0,0,0.0,0.0,0.5,0.0017080034594982862,0.0,0.3596865236759186
377,4,60,1.0,0.9944339990615845,0,0,0.0,0.0,0.5,0.0015952079556882381,0.0,0.5234277248382568
378,4,61,1.0,0.9949085712432861,0,0,0.0,0.0,0.5,0.001976108644157648,0.0,0.5329598784446716
379,4,62,1.0,0.9974661469459534,0,0,0.0,0.0,0.5,0.0026388694532215595,0.0,0.5404331684112549
380,4,63,1.0,1.0015610456466675,0,0,0.0,0.0,0.5,0.0025835810229182243,0.0,0.5387306213378906
381,4,64,1.0,1.0011290311813354,0,0,0.0,0.0,0.5,0.003986638505011797,0.0,0.5473828315734863
382,4,65,1.0,1.0006825923919678,0,0,0.0,0.0,0.5,0.0034494739957153797,0.0,0.5501243472099304
383,4,66,1.0,0.999354362487793,0,0,0.0,0.0,0.5,0.00434800935909152,0.0,0.5445316433906555
384,4,67,1.0,0.9970734715461731,0,0,0.0,0.0,0.5,0.003312121145427227,0.0,0.5356000065803528
385,4,68,1.0,0.994778037071228,0,0,0.0,0.0,0.5,0.003958240617066622,0.0,0.53362637758255
386,5,0,1.0,0.9955040216445923,0,0,0.0,0.0,0.0,-0.20612254738807678,0.0,0.015053276903927326
387,5,1,1.0,0.9950949549674988,0,0,0.0,0.0,0.0,-0.21081267297267914,0.0,0.011610876768827438
388,5,2,1.0,0.9951745271682739,0,0,0.0,0.0,0.0,-0.21031084656715393,0.0,0.013065299950540066
389,5,3,1.0,0.9952621459960938,0,0,0.0,0.0,0.0,-0.2089906930923462,0.0,0.013457654975354671
390,5,4,1.0,0.9946206212043762,0,0,0.0,0.0,0.0,-0.20981651544570923,0.0,0.012325587682425976
391,5,5,1.0,0.9946209788322449,0,0,0.0,0.0,0.0,-0.20960000157356262,0.0,0.012503412552177906
392,5,6,1.0,0.994215726852417,0,0,0.0,0.0,0.0,-0.20880521833896637,0.0,0.014407974667847157
393,5,7,1.0,0.9942117929458618,0,0,0.0,0.0,0.0,-0.20877467095851898,0.0,0.01446775533258915
394,5,8,1.0,0.9941853880882263,0,0,-0.25,0.0,0.0,-0.21203911304473877,0.0,0.007473469711840153
395,5,9,1.0,0.9932844638824463,0,0,-0.25,0.0,0.0,-0.24497227370738983,0.0,0.008686397224664688
396,5,10,1.0,0.9898797273635864,0,0,-0.25,0.0,0.0,-0.26750895380973816,0.0,-0.0074265943840146065
397,5,11,1.0,0.9919583201408386,0,0,-0.25,0.0,0.0,-0.27294498682022095,0.0,-0.014137095771729946
398,5,12,1.0,0.9912091493606567,0,0,-0.25,0.0,0.0,-0.2852676510810852,0.0,-0.016400394961237907
399,5,13,1.0,0.9897733330726624,0,0,-0.25,0.0,0.0,-0.28611692786216736,0.0,-0.014471516944468021
400,5,14,1.0,0.9893543720245361,0,0,-0.25,0.0,0.0,-0.2944214344024658,0.0,-0.019985955208539963
401,5,15,1.0,0.9878467917442322,0,0,-0.25,0.0,0.0,-0.29783543944358826,0.0,-0.0182573851197958
402,5,16,1.0,0.9907001256942749,0,0,-0.25,0.0,0.0,-0.2962242364883423,0.0,-0.024585118517279625
403,5,17,1.0,0.9895486235618591,0,0,-0.25,0.0,0.0,-0.2888372838497162,0.0,-0.02755468524992466
404,5,18,1.0,0.9844541549682617,0,0,-0.25,0.0,0.0,-0.2061113566160202,0.0,-0.007310361601412296
405,5,19,1.0,0.9990056157112122,0,0,-0.25,0.0,0.0,-0.06739084422588348,0.0,-0.0070305150002241135
406,5,20,1.0,1.0056132078170776,0,0,0.0,0.0,0.0,-0.026414094492793083,0.0,-0.002362616593018174
407,5,21,1.0,1.0033835172653198,0,0,0.0,0.0,0.0,-0.01449514739215374,0.0,-0.007445012219250202
408,5,22,1.0,0.9995260834693909,0,0,0.0,0.0,0.0,-0.002549440134316683,0.0,0.012427332811057568
409,5,23,1.0,0.9997226595878601,0,0,0.0,0.0,0.0,-0.002449608873575926,0.0,-0.00016038748435676098
410,5,24,1.0,1.0000953674316406,0,0,0.0,0.0,0.0,0.0009089185041375458,0.0,-0.0005626739002764225
411,5,25,1.0,0.9998810291290283,0,0,0.0,0.0,0.0,0.0011913857888430357,0.0,-0.0009756193030625582
412,5,26,1.0,0.9995017647743225,0,0,0.0,0.0,0.0,0.0012257036287337542,0.0,0.0063066985458135605
413,5,27,1.0,0.9994475245475769,0,0,0.0,0.0,0.0,0.0012623509392142296,0.0,0.00632877741008997
414,5,28,1.0,1.0002561807632446,0,0,-0.25,0.0,0.0,0.0008361826767213643,0.0,0.0010133618488907814
415,5,29,1.0,0.9969444274902344,0,0,0.0,0.0,0.0,-0.005476887803524733,0.0,-0.023833194747567177
416,5,30,1.0,0.9911256432533264,0,0,0.0,0.0,0.0,-0.0022708105389028788,0.0,-0.028583211824297905
417,5,31,1.0,0.9904425740242004,0,0,0.0,0.0,0.0,0.0008565219468437135,0.0,-0.03279021009802818
418,5,32,1.0,0.9870518445968628,0,0,0.0,0.0,0.0,0.0014528501778841019,0.0,-0.05775224417448044
419,5,33,1.0,0.9866884350776672,0,0,0.0,0.0,0.0,0.001880573807284236,0.0,-0.0593726672232151
420,5,34,1.0,0.9858785271644592,0,0,0.0,0.0,0.0,0.0013085126411169767,0.0,-0.06587257981300354
421,5,35,1.0,0.9857938885688782,0,0,0.0,0.0,0.0,0.0013649859465658665,0.0,-0.06608016788959503
422,5,36,1.0,0.9852100610733032,0,0,0.0,0.0,0.0,0.0015424687881022692,0.0,-0.06269587576389313
423,5,37,1.0,0.9851959943771362,0,0,0.0,0.0,-0.5,0.0015442268922924995,0.0,-0.0626276284456253
424,5,38,1.0,0.9814308881759644,0,0,0.0,0.0,-0.5,-0.0020923262927681208,0.0,-0.5022920370101929
425,5,39,1.0,0.9914787411689758,0,0,0.0,0.0,-0.5,-0.0024446232710033655,0.0,-0.5632921457290649
426,5,40,1.0,0.9988542795181274,0,0,0.0,0.0,-0.5,-0.0008187532075680792,0.0,-0.5499647855758667
427,5,41,1.0,1.0008068084716797,0,0,0.0,0.0,-0.5,-0.0004461056087166071,0.0,-0.5667321085929871
428,5,42,1.0,0.9992926716804504,0,0,0.0,0.0,-0.5,0.00055510742822662,0.0,-0.5479032397270203
429,5,43,1.0,0.9930129051208496,0,0,0.0,0.0,-0.5,-0.0012774791102856398,0.0,-0.4936492443084717
430,5,44,1.0,0.9872881174087524,0,0,0.0,0.0,-0.5,2.5655434001237154e-05,0.0,-0.27286407351493835
431,5,45,1.0,0.9930791854858398,0,0,0.0,0.0,-0.5,-0.0004058664198964834,0.0,-0.1268112063407898
432,5,46,1.0,0.9927587509155273,0,0,0.0,0.0,0.0,0.0007242303690873086,0.0,-0.048740338534116745
433,5,47,1.0,0.994281530380249,0,0,0.0,0.0,0.0,0.0009123735944740474,0.0,-0.033244796097278595
434,5,48,1.0,0.9955192804336548,0,0,0.0,0.0,0.0,0.0016433035489171743,0.0,-0.014081290923058987
435,5,49,1.0,0.995987057685852,0,0,0.0,0.0,0.0,0.0015839398838579655,0.0,-0.012027458287775517
436,5,50,1.0,0.9959774613380432,0,0,0.0,0.0,0.0,0.002067596185952425,0.0,-0.009879299439489841
437,5,51,1.0,0.9959777593612671,0,0,0.0,0.0,0.0,0.002086714608594775,0.0,-0.009399758651852608
438,5,52,2.0,0.9958274364471436,1,0,0.0,0.0,0.0,0.0022631206084042788,0.0,-0.016460610553622246
439,5,53,2.0,1.0444743633270264,1,0,0.0,0.0,0.0,0.005855764262378216,0.0,-0.024758698418736458
440,5,54,2.0,1.0333956480026245,1,0,0.0,0.0,0.0,-0.0016697910614311695,0.0,0.08621911704540253
441,5,55,2.0,1.0307451486587524,1,0,0.0,0.0,0.0,0.003347564022988081,0.0,-0.07820405066013336
442,5,56,2.0,1.0336993932724,1,0,0.0,0.0,0.0,0.0020158225670456886,0.0,0.01079565193504095
443,5,57,2.0,1.026824951171875,1,0,0.0,0.0,0.0,0.002326040295884013,0.0,-0.033596862107515335
444,5,58,1.0,1.0216811895370483,0,0,0.0,0.0,0.0,0.0017402099911123514,0.0,-0.008952166885137558
445,5,59,1.0,1.0190588235855103,0,0,0.0,0.0,0.0,0.0007741094450466335,0.0,-0.04929983243346214
446,5,60,1.0,1.0163966417312622,0,0,0.0,0.0,0.0,0.0013573174364864826,0.0,-0.039055220782756805
447,5,61,1.0,1.0095099210739136,0,0,0.0,0.0,0.0,0.0008787583210505545,0.0,-0.045412175357341766
448,5,62,1.0,1.0073269605636597,0,0,0.0,0.0,0.0,-0.0002656764118000865,0.0,-0.053592436015605927
449,5,63,1.0,1.0030962228775024,0,0,0.0,0.0,0.0,0.0017646036576479673,0.0,0.0451938658952713
450,5,64,1.0,1.002098798751831,0,0,0.0,0.0,0.5,0.005835804156959057,0.0,0.2805061340332031
451,5,65,1.0,0.9964539408683777,0,0,0.0,0.0,0.5,0.0025302593130618334,0.0,0.5127974152565002
452,5,66,1.0,0.997203528881073,0,0,0.0,0.0,0.5,0.002616081852465868,0.0,0.5174110531806946
453,5,67,1.0,1.0006464719772339,0,0,0.0,0.0,0.5,0.002036175923421979,0.0,0.5305215716362
454,5,68,1.0,1.0052945613861084,0,0,0.0,0.0,0.5,0.002273484133183956,0.0,0.5204964876174927
455,5,69,1.0,1.0041790008544922,0,0,0.0,0.0,0.5,0.002358707832172513,0.0,0.527567982673645
456,5,70,1.0,1.0016379356384277,0,0,0.0,0.0,0.5,0.0036672973074018955,0.0,0.5347360968589783
457,5,71,1.0,0.9979642629623413,0,0,0.0,0.0,0.5,0.003906050231307745,0.0,0.5405991673469543
458,5,72,1.0,0.9949960112571716,0,0,0.0,0.0,0.5,0.004775163251906633,0.0,0.5402854084968567
459,5,73,1.0,0.9972267150878906,0,0,0.0,0.0,0.5,0.003928298130631447,0.0,0.5372883677482605
460,6,0,1.0,0.9928973913192749,0,0,0.0,0.0,0.0,-0.22228388488292694,0.0,-0.008757947944104671
461,6,1,1.0,0.9922143220901489,0,0,0.0,0.0,0.0,-0.22679223120212555,0.0,-0.020345617085695267
462,6,2,1.0,0.9935643076896667,0,0,0.0,0.0,0.0,-0.2298046201467514,0.0,-0.014235521666705608
463,6,3,1.0,0.993668794631958,0,0,0.0,0.0,0.0,-0.22805605828762054,0.0,-0.01200899574905634
464,6,4,1.0,0.9926919341087341,0,0,0.0,0.0,0.0,-0.2282930463552475,0.0,-0.007047870196402073
465,6,5,1.0,0.9926937222480774,0,0,0.0,0.0,0.0,-0.22800055146217346,0.0,-0.0063457367941737175
466,6,6,1.0,0.9934413433074951,0,0,0.0,0.0,0.0,-0.2300550639629364,0.0,-0.005731076933443546
467,6,7,1.0,0.9934319853782654,0,0,0.0,0.0,0.0,-0.23001086711883545,0.0,-0.005519977770745754
468,6,8,1.0,0.9921867847442627,0,0,0.0,0.0,0.0,-0.23301541805267334,0.0,-0.005556635558605194
469,6,9,1.0,0.9921826124191284,0,0,-0.25,0.0,0.0,-0.2330084890127182,0.0,-0.005494691431522369
470,6,10,1.0,0.9858812093734741,0,0,-0.25,0.0,0.0,-0.2764514684677124,0.0,-0.011760922148823738
471,6,11,1.0,0.9902282953262329,0,0,-0.25,0.0,0.0,-0.2939561605453491,0.0,-0.014167788438498974
472,6,12,1.0,0.9896966814994812,0,0,-0.25,0.0,0.0,-0.28790462017059326,0.0,-0.017879782244563103
473,6,13,1.0,0.9919722080230713,0,0,-0.25,0.0,0.0,-0.14221099019050598,0.0,-0.02022453211247921
474,6,14,1.0,1.0039596557617188,0,0,0.0,0.0,0.0,-0.041310299187898636,0.0,-0.009001625701785088
475,6,15,1.0,1.0056260824203491,0,0,0.0,0.0,0.0,-0.024135848507285118,0.0,-0.020307356491684914
476,6,16,1.0,1.005427598953247,0,0,0.0,0.0,0.0,-0.011896070092916489,0.0,-0.02121993899345398
477,6,17,1.0,1.0049320459365845,0,0,0.0,0.0,0.0,-0.008649825118482113,0.0,-0.029889246448874474
478,6,18,1.0,1.0032306909561157,0,0,0.0,0.0,0.0,-0.0069623370654881,0.0,-0.025189200416207314
479,6,19,1.0,1.0030165910720825,0,0,0.0,0.0,0.0,-0.006461437325924635,0.0,-0.025373466312885284
480,6,20,1.0,1.0034806728363037,0,0,0.0,0.0,0.0,-0.005793116521090269,0.0,-0.0201020035892725
481,6,21,1.0,1.0034406185150146,0,0,-0.25,0.0,0.0,-0.005736865568906069,0.0,-0.019992223009467125
482,6,22,1.0,1.0059118270874023,0,0,0.0,0.0,0.0,-0.01589854434132576,0.0,0.0049050347879529
483,6,23,1.0,1.0012801885604858,0,0,0.0,0.0,0.0,-0.00737742567434907,0.0,0.013361380435526371
484,6,24,1.0,1.0003448724746704,0,0,0.0,0.0,0.0,-0.003529737237840891,0.0,0.02973981201648712
485,6,25,1.0,1.0001682043075562,0,0,0.0,0.0,0.0,-0.0016448481474071741,0.0,0.032026562839746475
486,6,26,1.0,0.99994957447052,0,0,0.0,0.0,0.0,-0.0005769063136540353,0.0,0.022374408319592476
487,6,27,1.0,0.9998764395713806,0,0,0.0,0.0,0.0,-0.0003730972530320287,0.0,0.022448351606726646
488,6,28,1.0,0.9982923269271851,0,0,0.0,0.0,0.0,0.00032231496879830956,0.0,0.021322445943951607
489,6,29,1.0,0.9982653856277466,0,0,0.0,0.0,0.0,0.00034846545895561576,0.0,0.021420899778604507
490,6,30,1.0,0.9988358616828918,0,0,0.0,0.0,0.0,0.0004974922048859298,0.0,0.022267822176218033
491,6,31,1.0,0.9988290667533875,0,0,0.0,0.0,0.0,0.000501000031363219,0.0,0.022344980388879776
492,6,32,1.0,0.9988362789154053,0,0,0.0,0.0,-0.5,0.000751705199945718,0.0,0.012277228757739067
493,6,33,1.0,0.9834475517272949,0,0,0.0,0.0,-0.5,-0.00022937403991818428,0.0,-0.5049412846565247
494,6,34,1.0,0.9959099888801575,0,0,0.0,0.0,-0.5,0.002357869641855359,0.0,-0.5578447580337524
495,6,35,1.0,0.9963786602020264,0,0,0.0,0.0,-0.5,0.002097462769597769,0.0,-0.5739955306053162
496,6,36,1.0,0.9968895316123962,0,0,0.0,0.0,-0.5,0.003121740650385618,0.0,-0.5713199973106384
497,6,37,1.0,0.9998267889022827,0,0,0.0,0.0,-0.5,0.0013534561730921268,0.0,-0.5477399230003357
498,6,38,1.0,0.9976001977920532,0,0,0.0,0.0,-0.5,0.0007888039690442383,0.0,-0.5116242170333862
499,6,39,1.0,0.9954096078872681,0,0,0.0,0.0,-0.5,0.0006954240961931646,0.0,-0.3691672086715698
500,6,40,1.0,0.9936175346374512,0,0,0.0,0.0,-0.5,0.0008461109246127307,0.0,-0.10745725780725479
501,6,41,1.0,0.9960011839866638,0,0,0.0,0.0,-0.5,0.0001817867741920054,0.0,-0.04983525723218918
502,6,42,1.0,0.9957280158996582,0,0,0.0,0.0,0.0,0.0012660752981901169,0.0,-0.041937701404094696
503,6,43,1.0,0.9961620569229126,0,0,0.0,0.0,0.0,0.001430677017197013,0.0,-0.03731708228588104
504,6,44,1.0,0.9949108362197876,0,0,0.0,0.0,0.0,0.001708345953375101,0.0,-0.015571248717606068
505,6,45,1.0,0.9949701428413391,0,0,0.0,0.0,0.0,0.0017309340182691813,0.0,-0.014659074135124683
506,6,46,1.0,0.9957664608955383,0,0,0.0,0.0,0.0,0.0019161428790539503,0.0,-0.014605759643018246
507,6,47,2.0,0.9959552884101868,1,0,0.0,0.0,0.0,0.0019641180988401175,0.0,-0.014010370709002018
508,6,48,2.0,1.052770972251892,1,0,0.0,0.0,0.0,-0.0009433247614651918,0.0,-0.07417473196983337
509,6,49,2.0,1.0558360815048218,1,0,0.0,0.0,0.0,0.0005388011340983212,0.0,-0.05239866301417351
510,6,50,2.0,1.0332601070404053,1,0,0.0,0.0,0.0,0.0023454586043953896,0.0,-0.03797454759478569
511,6,51,2.0,1.0250880718231201,1,0,0.0,0.0,0.0,0.0020419859793037176,0.0,-0.023428702726960182
512,6,52,2.0,1.0239427089691162,1,0,0.0,0.0,0.0,0.003235778771340847,0.0,-0.01830168254673481
513,6,53,2.0,1.0179240703582764,1,0,0.0,0.0,0.0,0.00044186582090333104,0.0,-0.06592119485139847
514,6,54,1.0,1.0132383108139038,0,0,0.0,0.0,0.0,-0.0006482560420408845,0.0,-0.07242947071790695
515,6,55,1.0,1.005893349647522,0,0,0.0,0.0,0.0,-0.002500552451238036,0.0,-0.07920858263969421
516,6,56,1.0,1.0077348947525024,0,0,0.0,0.0,0.0,-0.0028127150144428015,0.0,-0.08464277535676956
517,6,57,1.0,1.0067503452301025,0,0,0.0,0.0,0.0,-0.002801665337756276,0.0,-0.06996973603963852
518,6,58,1.0,1.0031331777572632,0,0,0.0,0.0,0.0,-0.0017929195892065763,0.0,-0.01358871627599001
519,6,59,1.0,0.997473955154419,0,0,0.0,0.0,0.0,-0.00034391594817861915,0.0,0.09715306013822556
520,6,60,1.0,0.9974143505096436,0,0,0.0,0.0,0.0,0.0013178421650081873,0.0,0.2632710635662079
521,6,61,1.0,0.9972841739654541,0,0,0.0,0.0,0.0,0.0022985171526670456,0.0,0.35993391275405884
522,6,62,1.0,0.9971829652786255,0,0,0.0,0.0,0.5,0.0029489262960851192,0.0,0.4127618074417114
523,6,63,1.0,0.9955582022666931,0,0,0.0,0.0,0.5,0.002407696330919862,0.0,0.5032716989517212
524,6,64,1.0,0.996476948261261,0,0,0.0,0.0,0.5,0.002548094606027007,0.0,0.5283958911895752
525,6,65,1.0,0.99881911277771,0,0,0.0,0.0,0.5,0.00281660002656281,0.0,0.5339074730873108
526,6,66,1.0,1.004981517791748,0,0,0.0,0.0,0.5,0.0030067656189203262,0.0,0.5407273173332214
527,6,67,1.0,1.0078226327896118,0,0,0.0,0.0,0.5,0.0026750690303742886,0.0,0.5322344899177551
528,6,68,1.0,1.0034624338150024,0,0,0.0,0.0,0.5,0.0025270122569054365,0.0,0.5382176041603088
529,6,69,1.0,0.9992287158966064,0,0,0.0,0.0,0.5,0.0032507781870663166,0.0,0.5389814376831055
530,6,70,1.0,0.9971547722816467,0,0,0.0,0.0,0.5,0.0027807096485048532,0.0,0.5379487872123718
531,6,71,1.0,0.9969959259033203,0,0,0.0,0.0,0.5,0.0019282998982816935,0.0,0.5327035188674927
532,7,0,1.0,0.9966885447502136,0,0,0.0,0.0,0.0,0.18675711750984192,0.0,0.006771004293113947
533,7,1,1.0,0.9965723156929016,0,0,0.0,0.0,0.0,0.1829455941915512,0.0,-0.002151794033125043
534,7,2,1.0,0.9949862360954285,0,0,0.0,0.0,0.0,0.18804624676704407,0.0,0.0043035889975726604
535,7,3,1.0,0.9948446154594421,0,0,0.0,0.0,0.0,0.1891709715127945,0.0,0.006197458133101463
536,7,4,1.0,0.9943950772285461,0,0,0.0,0.0,0.0,0.19139832258224487,0.0,0.009045248851180077
537,7,5,1.0,0.9943808317184448,0,0,0.0,0.0,0.0,0.1916227787733078,0.0,0.009568791836500168
538,7,6,1.0,0.9943811893463135,0,0,0.0,0.0,0.0,0.19246025383472443,0.0,0.009133853018283844
539,7,7,1.0,0.9943810105323792,0,0,0.0,0.0,0.0,0.19250057637691498,0.0,0.009292060509324074
540,7,8,1.0,0.994769275188446,0,0,0.0,0.0,0.0,0.1931251585483551,0.0,0.009456206113100052
541,7,9,1.0,0.9947696328163147,0,0,0.0,0.0,0.0,0.19313369691371918,0.0,0.009502692148089409
542,7,10,1.0,0.9945176839828491,0,0,0.25,0.0,0.0,0.19464139640331268,0.0,0.007711182348430157
543,7,11,1.0,0.9899155497550964,0,0,0.25,0.0,0.0,0.22533757984638214,0.0,-0.0013116144109517336
544,7,12,1.0,0.9907088875770569,0,0,0.25,0.0,0.0,0.24334777891635895,0.0,-0.002756867790594697
545,7,13,1.0,0.9867188930511475,0,0,0.25,0.0,0.0,0.2502737045288086,0.0,-0.005909247323870659
546,7,14,1.0,0.9923115968704224,0,0,0.25,0.0,0.0,0.2572757303714752,0.0,-0.010426921769976616
547,7,15,1.0,0.9927371740341187,0,0,0.25,0.0,0.0,0.26351138949394226,0.0,-0.015666933730244637
548,7,16,1.0,0.9953734874725342,0,0,0.25,0.0,0.0,0.26853859424591064,0.0,-0.015757016837596893
549,7,17,1.0,0.9916735291481018,0,0,0.25,0.0,0.0,0.26744410395622253,0.0,-0.028407467529177666
550,7,18,1.0,0.9966412782669067,0,0,0.25,0.0,0.0,0.2646387219429016,0.0,-0.0361298993229866
551,7,19,1.0,1.0003187656402588,0,0,0.25,0.0,0.0,0.2318025678396225,0.0,-0.025297747924923897
552,7,20,1.0,1.0044491291046143,0,0,0.25,0.0,0.0,0.09204685688018799,0.0,-0.04038860276341438
553,7,21,1.0,1.0023752450942993,0,0,0.0,0.0,0.0,0.047100603580474854,0.0,-0.04162479192018509
554,7,22,1.0,1.004892349243164,0,0,0.0,0.0,0.0,0.02444439008831978,0.0,-0.022314254194498062
555,7,23,1.0,1.0067692995071411,0,0,0.0,0.0,0.0,0.014513805508613586,0.0,-0.013603066094219685
556,7,24,1.0,1.003921389579773,0,0,0.0,0.0,0.0,0.010024398565292358,0.0,-0.006869749166071415
557,7,25,1.0,1.0042346715927124,0,0,0.0,0.0,0.0,0.008593408390879631,0.0,-0.007055971771478653
558,7,26,1.0,1.0037330389022827,0,0,0.0,0.0,0.0,0.00774599052965641,0.0,-0.007732714526355267
559,7,27,1.0,1.0037986040115356,0,0,0.0,0.0,0.0,0.007564411498606205,0.0,-0.007996697910130024
560,7,28,1.0,1.004357099533081,0,0,0.0,0.0,0.0,0.005789365619421005,0.0,-0.011596082709729671
561,7,29,1.0,1.004373550415039,0,0,0.25,0.0,0.0,0.0057628219947218895,0.0,-0.01166396215558052
562,7,30,1.0,0.9972512125968933,0,0,0.0,0.0,0.0,0.014575209468603134,0.0,-0.006907707080245018
563,7,31,1.0,0.9960504770278931,0,0,0.0,0.0,0.0,0.008645090274512768,0.0,-0.003073100233450532
564,7,32,1.0,0.9961196184158325,0,0,0.0,0.0,0.0,0.00567208044230938,0.0,-0.00733815785497427
565,7,33,1.0,0.996282160282135,0,0,0.0,0.0,0.0,0.004176741931587458,0.0,-0.011565332300961018
566,7,34,1.0,0.9924119710922241,0,0,0.0,0.0,0.0,0.0037529924884438515,0.0,-0.02517293393611908
567,7,35,1.0,0.9924194812774658,0,0,0.0,0.0,0.0,0.003518202342092991,0.0,-0.026239627972245216
568,7,36,1.0,0.9923633933067322,0,0,0.0,0.0,0.0,0.003599137533456087,0.0,-0.02284442074596882
569,7,37,1.0,0.99235999584198,0,0,0.0,0.0,-0.5,0.003561608027666807,0.0,-0.022990550845861435
570,7,38,1.0,0.9859343767166138,0,0,0.0,0.0,-0.5,0.003150118049234152,0.0,-0.49721959233283997
571,7,39,1.0,0.9928799867630005,0,0,0.0,0.0,-0.5,0.0006341931293718517,0.0,-0.5961111187934875
572,7,40,1.0,0.9950191974639893,0,0,0.0,0.0,-0.5,0.002948140259832144,0.0,-0.594668447971344
573,7,41,1.0,0.9949332475662231,0,0,0.0,0.0,-0.5,0.0014729357790201902,0.0,-0.6004425287246704
574,7,42,1.0,0.9924682378768921,0,0,0.0,0.0,-0.5,0.000711699656676501,0.0,-0.5858659744262695
575,7,43,1.0,0.9864232540130615,0,0,0.0,0.0,-0.5,0.001211070455610752,0.0,-0.5455895066261292
576,7,44,1.0,0.9893133044242859,0,0,0.0,0.0,-0.5,0.0011138508561998606,0.0,-0.3394714295864105
577,7,45,1.0,0.9935996532440186,0,0,0.0,0.0,-0.5,0.0012669742573052645,0.0,-0.1804685741662979
578,7,46,1.0,0.9955400228500366,0,0,0.0,0.0,-0.5,0.0009718997753225267,0.0,-0.054719772189855576
579,7,47,1.0,0.9968795776367188,0,0,0.0,0.0,0.0,0.0011566029861569405,0.0,-0.04346637427806854
580,7,48,1.0,0.9955351948738098,0,0,0.0,0.0,0.0,0.0014585298486053944,0.0,-0.005814009346067905
581,7,49,1.0,0.9956555366516113,0,0,0.0,0.0,0.0,0.0014622299931943417,0.0,-0.004095076583325863
582,7,50,1.0,0.9944079518318176,0,0,0.0,0.0,0.0,0.001961100846529007,0.0,0.002993455156683922
583,7,51,1.0,0.9944299459457397,0,0,0.0,0.0,0.0,0.0019638976082205772,0.0,0.0033630519174039364
584,7,52,1.0,0.9945287704467773,0,0,0.0,0.0,0.0,0.001735243946313858,0.0,0.00845123827457428
585,7,53,1.0,0.9945307374000549,0,0,0.0,0.0,0.0,0.0017365352250635624,0.0,0.008507853373885155
586,7,54,2.0,0.9954580664634705,1,0,0.0,0.0,0.0,0.0018266646657139063,0.0,-0.012468854896724224
587,7,55,2.0,1.0565564632415771,1,0,0.0,0.0,0.0,0.005982115399092436,0.0,-0.04207828640937805
588,7,56,2.0,1.0560742616653442,1,0,0.0,0.0,0.0,0.0016945297829806805,0.0,-0.012334303930401802
589,7,57,2.0,1.0481640100479126,1,0,0.0,0.0,0.0,0.002810032805427909,0.0,-0.0613054595887661
590,7,58,2.0,1.0386675596237183,1,0,0.0,0.0,0.0,0.001931734848767519,0.0,-0.03496214747428894
591,7,59,2.0,1.0310611724853516,1,0,0.0,0.0,0.0,0.0021132223773747683,0.0,-0.0334840826690197
592,7,60,2.0,1.0257586240768433,1,0,0.0,0.0,0.0,0.002148994244635105,0.0,-0.03362521529197693
593,7,61,1.0,1.020677089691162,0,0,0.0,0.0,0.0,0.0013839444145560265,0.0,-0.04521583020687103
594,7,62,1.0,1.0177984237670898,0,0,0.0,0.0,0.0,0.002213110448792577,0.0,-0.05659725144505501
595,7,63,1.0,1.0091444253921509,0,0,0.0,0.0,0.0,0.0025158431380987167,0.0,-0.00873285997658968
596,7,64,1.0,1.002943992614746,0,0,0.0,0.0,0.0,0.0030897231772542,0.0,0.05685343220829964
597,7,65,1.0,0.999700665473938,0,0,0.0,0.0,0.0,0.0028179953806102276,0.0,0.1005578264594078
598,7,66,1.0,0.9938745498657227,0,0,0.0,0.0,0.0,0.0022043774370104074,0.0,0.2427445948123932
599,7,67,1.0,0.9912723898887634,0,0,0.0,0.0,0.5,0.002090806607156992,0.0,0.3424155116081238
600,7,68,1.0,0.9924553036689758,0,0,0.0,0.0,0.5,0.0019461759366095066,0.0,0.5068419575691223
601,7,69,1.0,0.9932562112808228,0,0,0.0,0.0,0.5,0.0022214900236576796,0.0,0.5164099931716919
602,7,70,1.0,0.9963585138320923,0,0,0.0,0.0,0.5,0.0028978101909160614,0.0,0.5327209234237671
603,7,71,1.0,0.9964829683303833,0,0,0.0,0.0,0.5,0.002265986753627658,0.0,0.537031888961792
604,7,72,1.0,0.9986288547515869,0,0,0.0,0.0,0.5,0.002841689856722951,0.0,0.5390622019767761
605,7,73,1.0,0.9957741498947144,0,0,0.0,0.0,0.5,0.0030304323881864548,0.0,0.5409411191940308
606,7,74,1.0,0.9949998259544373,0,0,0.0,0.0,0.5,0.0032860348001122475,0.0,0.542395830154419
607,7,75,1.0,0.9942961931228638,0,0,0.0,0.0,0.5,0.0034128716215491295,0.0,0.5367627739906311
608,7,76,1.0,0.9960762858390808,0,0,0.0,0.0,0.5,0.0035505504347383976,0.0,0.5270305275917053
609,8,0,1.0,0.9955039620399475,0,0,0.0,0.0,0.0,-0.2061225324869156,0.0,0.015053330920636654
610,8,1,1.0,0.9950949549674988,0,0,0.0,0.0,0.0,-0.21081265807151794,0.0,0.011610843241214752
611,8,2,1.0,0.9951745271682739,0,0,0.0,0.0,0.0,-0.21031083166599274,0.0,0.013065265491604805
612,8,3,1.0,0.9952621459960938,0,0,0.0,0.0,0.0,-0.20899073779582977,0.0,0.013457726687192917
613,8,4,1.0,0.9946206212043762,0,0,0.0,0.0,0.0,-0.20981650054454803,0.0,0.012325625866651535
614,8,5,1.0,0.9946208596229553,0,0,0.0,0.0,0.0,-0.20960000157356262,0.0,0.01250338926911354
615,8,6,1.0,0.994215726852417,0,0,0.0,0.0,0.0,-0.20880527794361115,0.0,0.014407970011234283
616,8,7,1.0,0.9942117929458618,0,0,0.0,0.0,0.0,-0.2087746411561966,0.0,0.014467800036072731
617,8,8,1.0,0.9941925406455994,0,0,0.0,0.0,0.0,-0.20741644501686096,0.0,0.013497342355549335
618,8,9,1.0,0.9941903948783875,0,0,-0.25,0.0,0.0,-0.20741181075572968,0.0,0.013514363206923008
619,8,10,1.0,0.9883506894111633,0,0,-0.25,0.0,0.0,-0.25108227133750916,0.0,0.006281069479882717
620,8,11,1.0,0.9883197546005249,0,0,-0.25,0.0,0.0,-0.265322744846344,0.0,-0.005908984690904617
621,8,12,1.0,0.9894031286239624,0,0,-0.25,0.0,0.0,-0.2821671664714813,0.0,-0.01629580557346344
622,8,13,1.0,0.9897538423538208,0,0,-0.25,0.0,0.0,-0.2856583595275879,0.0,-0.02482054941356182
623,8,14,1.0,0.9914117455482483,0,0,-0.25,0.0,0.0,-0.2902775704860687,0.0,-0.019047284498810768
624,8,15,1.0,0.991963267326355,0,0,-0.25,0.0,0.0,-0.29303860664367676,0.0,-0.02241901122033596
625,8,16,1.0,0.9901658892631531,0,0,-0.25,0.0,0.0,-0.29794740676879883,0.0,-0.019291149452328682
626,8,17,1.0,0.9905363321304321,0,0,-0.25,0.0,0.0,-0.2979837656021118,0.0,-0.018567338585853577
627,8,18,1.0,0.9914683103561401,0,0,-0.25,0.0,0.0,-0.2891094982624054,0.0,-0.022732185199856758
628,8,19,1.0,0.983708381652832,0,0,-0.25,0.0,0.0,-0.2619887888431549,0.0,-0.020436568185687065
629,8,20,1.0,0.9985033273696899,0,0,-0.25,0.0,0.0,-0.06239508464932442,0.0,-0.0021010965574532747
630,8,21,1.0,1.0068321228027344,0,0,0.0,0.0,0.0,-0.03370879590511322,0.0,-0.0032216559629887342
631,8,22,1.0,1.0036808252334595,0,0,0.0,0.0,0.0,-0.01470120158046484,0.0,-0.0033079672139137983
632,8,23,1.0,1.001175880432129,0,0,0.0,0.0,0.0,-0.0058770193718373775,0.0,-0.003004792844876647
633,8,24,1.0,1.0002844333648682,0,0,0.0,0.0,0.0,-0.0013883739011362195,0.0,-0.001598605653271079
634,8,25,1.0,0.9999980926513672,0,0,0.0,0.0,0.0,-0.0005443096742965281,0.0,-0.0027665363159030676
635,8,26,1.0,0.9991270303726196,0,0,0.0,0.0,0.0,0.0015077299904078245,0.0,0.0043969894759356976
636,8,27,1.0,0.9992703199386597,0,0,0.0,0.0,0.0,0.0016017216257750988,0.0,0.005047298967838287
637,8,28,1.0,0.9996124505996704,0,0,0.0,0.0,0.0,0.00037717627128586173,0.0,-0.0013077424373477697
638,8,29,1.0,0.9995827674865723,0,0,-0.25,0.0,0.0,0.0003933642874471843,0.0,-0.0012328096199780703
639,8,30,1.0,0.9949034452438354,0,0,0.0,0.0,0.0,-0.005662551615387201,0.0,-0.00869386363774538
640,8,31,1.0,0.9971094131469727,0,0,0.0,0.0,0.0,-0.002062684390693903,0.0,-0.006889350712299347
641,8,32,1.0,0.9875580072402954,0,0,0.0,0.0,0.0,0.0005577742704190314,0.0,-0.052399203181266785
642,8,33,1.0,0.9878251552581787,0,0,0.0,0.0,0.0,0.001976877450942993,0.0,-0.052946675568819046
643,8,34,1.0,0.9854834079742432,0,0,0.0,0.0,0.0,0.0007326177437789738,0.0,-0.06387057900428772
644,8,35,1.0,0.9853007197380066,0,0,0.0,0.0,0.0,0.0008897092775441706,0.0,-0.06454992294311523
645,8,36,1.0,0.9852733016014099,0,0,0.0,0.0,0.0,0.001673438586294651,0.0,-0.06382366269826889
646,8,37,1.0,0.9852357506752014,0,0,0.0,0.0,0.0,0.0016886461526155472,0.0,-0.06382583826780319
647,8,38,1.0,0.9858123660087585,0,0,0.0,0.0,-0.5,0.0026189598720520735,0.0,-0.07064518332481384
648,8,39,1.0,0.9818214178085327,0,0,0.0,0.0,-0.5,-0.0012782956473529339,0.0,-0.5127933621406555
649,8,40,1.0,0.993454098701477,0,0,0.0,0.0,-0.5,-0.0002173214452341199,0.0,-0.5531150102615356
650,8,41,1.0,0.9984004497528076,0,0,0.0,0.0,-0.5,-0.001383387017995119,0.0,-0.5641071796417236
651,8,42,1.0,1.0010960102081299,0,0,0.0,0.0,-0.5,-4.3094391003251076e-05,0.0,-0.563408613204956
652,8,43,1.0,0.9998497366905212,0,0,0.0,0.0,-0.5,-0.0024987366050481796,0.0,-0.5568802952766418
653,8,44,1.0,0.9909043312072754,0,0,0.0,0.0,-0.5,0.0007503302185796201,0.0,-0.4896758496761322
654,8,45,1.0,0.991156816482544,0,0,0.0,0.0,-0.5,-0.0009093350963667035,0.0,-0.30973342061042786
655,8,46,1.0,0.9931287169456482,0,0,0.0,0.0,-0.5,-0.0002508268225938082,0.0,-0.10022322833538055
656,8,47,1.0,0.9958200454711914,0,0,0.0,0.0,-0.5,-0.00026522239204496145,0.0,-0.07949880510568619
657,8,48,1.0,0.9939083456993103,0,0,0.0,0.0,0.0,0.0012887048069387674,0.0,-0.024774789810180664
658,8,49,1.0,0.9944925904273987,0,0,0.0,0.0,0.0,0.00155552476644516,0.0,-0.018851526081562042
659,8,50,1.0,0.9949955940246582,0,0,0.0,0.0,0.0,0.0028798547573387623,0.0,-0.006017414852976799
660,8,51,1.0,0.9950418472290039,0,0,0.0,0.0,0.0,0.0029015550389885902,0.0,-0.00483115017414093
661,8,52,1.0,0.9945136308670044,0,0,0.0,0.0,0.0,0.002029870403930545,0.0,-0.005027259700000286
662,8,53,2.0,0.9944198727607727,1,0,0.0,0.0,0.0,0.002099810866639018,0.0,-0.005236942321062088
663,8,54,2.0,1.0459562540054321,1,0,0.0,0.0,0.0,0.0031541837379336357,0.0,-0.035218436270952225
664,8,55,2.0,1.0372357368469238,1,0,0.0,0.0,0.0,0.0002199488808400929,0.0,-0.021865392103791237
665,8,56,2.0,1.030871868133545,1,0,0.0,0.0,0.0,0.002791245700791478,0.0,-0.06463540345430374
666,8,57,2.0,1.0350372791290283,1,0,0.0,0.0,0.0,0.0016642201226204634,0.0,0.003952311351895332
667,8,58,2.0,1.0264036655426025,1,0,0.0,0.0,0.0,0.0022471207194030285,0.0,-0.027598988264799118
668,8,59,2.0,1.0220712423324585,1,0,0.0,0.0,0.0,0.0026650852523744106,0.0,-0.021091395989060402
669,8,60,2.0,1.0183888673782349,1,0,0.0,0.0,0.0,0.0004862860660068691,0.0,-0.04594666138291359
670,8,61,2.0,1.0144857168197632,1,0,0.0,0.0,0.0,0.0011643071193248034,0.0,-0.03978080302476883
671,8,62,1.0,1.0109089612960815,0,0,0.0,0.0,0.0,0.0010846059303730726,0.0,-0.06042219325900078
672,8,63,1.0,1.0075695514678955,0,0,0.0,0.0,0.0,-5.634909030050039e-05,0.0,-0.058474935591220856
673,8,64,1.0,1.0027819871902466,0,0,0.0,0.0,0.0,0.0016527241095900536,0.0,0.04042427986860275
674,8,65,1.0,1.0010361671447754,0,0,0.0,0.0,0.0,0.005081204231828451,0.0,0.28109484910964966
675,8,66,1.0,1.0005499124526978,0,0,0.0,0.0,0.0,0.0032257973216474056,0.0,0.3698720335960388
676,8,67,1.0,0.9991532564163208,0,0,0.0,0.0,0.0,0.0029046968556940556,0.0,0.402687132358551
677,8,68,1.0,0.9988849759101868,0,0,0.0,0.0,0.0,0.004485496785491705,0.0,0.43226006627082825
678,8,69,1.0,0.9983547329902649,0,0,0.0,0.0,0.0,0.0034808190539479256,0.0,0.4612693786621094
679,8,70,1.0,0.9986926317214966,0,0,0.0,0.0,0.5,0.0032380535267293453,0.0,0.44989079236984253
680,8,71,1.0,0.9964866638183594,0,0,0.0,0.0,0.5,0.0031789462082087994,0.0,0.5092390775680542
681,8,72,1.0,0.9963263869285583,0,0,0.0,0.0,0.5,0.0029321289621293545,0.0,0.5166901350021362
682,8,73,1.0,0.9968123435974121,0,0,0.0,0.0,0.5,0.002132734516635537,0.0,0.5340166687965393
683,8,74,1.0,1.000786304473877,0,0,0.0,0.0,0.5,0.0028995440807193518,0.0,0.5414332151412964
684,8,75,1.0,1.0020887851715088,0,0,0.0,0.0,0.5,0.0024082220625132322,0.0,0.5385092496871948
685,8,76,1.0,0.9997890591621399,0,0,0.0,0.0,0.5,0.0035333679988980293,0.0,0.5397526025772095
686,8,77,1.0,0.9972672462463379,0,0,0.0,0.0,0.5,0.003957993350923061,0.0,0.5394660234451294
687,8,78,1.0,0.995448648929596,0,0,0.0,0.0,0.5,0.005034198518842459,0.0,0.5363544821739197
688,8,79,1.0,0.9968507289886475,0,0,0.0,0.0,0.5,0.0040812063962221146,0.0,0.5333981513977051
689,9,0,1.0,0.9829992055892944,0,0,0.0,0.0,0.0,0.21127164363861084,0.0,-0.0018274642061442137
690,9,1,1.0,0.980734646320343,0,0,0.0,0.0,0.0,0.20659664273262024,0.0,-0.011742791160941124
691,9,2,1.0,0.9833104610443115,0,0,0.0,0.0,0.0,0.20901477336883545,0.0,-0.0075198449194431305
692,9,3,1.0,0.9834702610969543,0,0,0.0,0.0,0.0,0.21066075563430786,0.0,-0.004549460485577583
693,9,4,1.0,0.9837440252304077,0,0,0.0,0.0,0.0,0.21236667037010193,0.0,-0.003459071973338723
694,9,5,1.0,0.9837466478347778,0,0,0.0,0.0,0.0,0.21274715662002563,0.0,-0.0028424959164112806
695,9,6,1.0,0.9844256639480591,0,0,0.0,0.0,0.0,0.21534836292266846,0.0,-0.002072789939120412
696,9,7,1.0,0.984424352645874,0,0,0.0,0.0,0.0,0.2154219001531601,0.0,-0.0018774049822241068
697,9,8,1.0,0.9848856925964355,0,0,0.0,0.0,0.0,0.21551109850406647,0.0,8.849683217704296e-05
698,9,9,1.0,0.98488450050354,0,0,0.0,0.0,0.0,0.21552608907222748,0.0,0.00014641880989074707
699,9,10,1.0,0.984871506690979,0,0,0.25,0.0,0.0,0.217842698097229,0.0,0.00014621042646467686
700,9,11,1.0,0.9857833385467529,0,0,0.25,0.0,0.0,0.25792109966278076,0.0,-0.009159518405795097
701,9,12,1.0,0.9904767870903015,0,0,0.25,0.0,0.0,0.2660138010978699,0.0,-0.028396645560860634
702,9,13,1.0,0.9888693690299988,0,0,0.25,0.0,0.0,0.23683294653892517,0.0,-0.04001733660697937
703,9,14,1.0,1.0012950897216797,0,0,0.25,0.0,0.0,0.11473895609378815,0.0,-0.01950240321457386
704,9,15,1.0,1.0000113248825073,0,0,0.0,0.0,0.0,0.04616062343120575,0.0,-0.030925637111067772
705,9,16,1.0,1.0015482902526855,0,0,0.0,0.0,0.0,0.020621033385396004,0.0,0.02023908868432045
706,9,17,1.0,1.0048726797103882,0,0,0.0,0.0,0.0,0.010462119244039059,0.0,0.03717906028032303
707,9,18,1.0,1.0028891563415527,0,0,0.0,0.0,0.0,0.006642351392656565,0.0,0.038289617747068405
708,9,19,1.0,1.0029646158218384,0,0,0.0,0.0,0.0,0.0055829547345638275,0.0,0.037609074264764786
709,9,20,1.0,1.0015671253204346,0,0,0.0,0.0,0.0,0.004598196130245924,0.0,0.026733625680208206
710,9,21,1.0,1.0015980005264282,0,0,0.0,0.0,0.0,0.004466942977160215,0.0,0.026306726038455963
711,9,22,1.0,1.0008363723754883,0,0,0.0,0.0,0.0,0.005336389876902103,0.0,0.02195829711854458
712,9,23,1.0,1.0008546113967896,0,0,0.25,0.0,0.0,0.005319567862898111,0.0,0.02186886966228485
713,9,24,1.0,0.9925428032875061,0,0,0.0,0.0,0.0,0.013825383968651295,0.0,-0.01573771983385086
714,9,25,1.0,0.9922346472740173,0,0,0.0,0.0,0.0,0.007667274214327335,0.0,-0.00984308309853077
715,9,26,1.0,0.9881281852722168,0,0,0.0,0.0,0.0,0.0050689950585365295,0.0,-0.019961630925536156
716,9,27,1.0,0.9889131784439087,0,0,0.0,0.0,0.0,0.00351536413654685,0.0,-0.020177997648715973
717,9,28,1.0,0.9879552125930786,0,0,0.0,0.0,0.0,0.0024860051926225424,0.0,-0.0295723844319582
718,9,29,1.0,0.9880923628807068,0,0,0.0,0.0,0.0,0.0022365697659552097,0.0,-0.030273398384451866
719,9,30,1.0,0.9893494248390198,0,0,0.0,0.0,0.0,0.0015699230134487152,0.0,-0.0400165431201458
720,9,31,1.0,0.9893779754638672,0,0,0.0,0.0,0.0,0.0015309310983866453,0.0,-0.0402231439948082
721,9,32,1.0,0.9894832968711853,0,0,0.0,0.0,-0.5,0.0013924231752753258,0.0,-0.04829881340265274
722,9,33,1.0,0.9848499894142151,0,0,0.0,0.0,-0.5,-0.0016887777019292116,0.0,-0.558140218257904
723,9,34,1.0,0.9932761192321777,0,0,0.0,0.0,-0.5,-0.0016541511286050081,0.0,-0.5952366590499878
724,9,35,1.0,0.9988706111907959,0,0,0.0,0.0,-0.5,-0.0033218031749129295,0.0,-0.6057942509651184
725,9,36,1.0,0.9986311793327332,0,0,0.0,0.0,-0.5,-0.0015880824066698551,0.0,-0.5992605686187744
726,9,37,1.0,0.9947397708892822,0,0,0.0,0.0,-0.5,-0.0022038170136511326,0.0,-0.5841959714889526
727,9,38,1.0,0.9853105545043945,0,0,0.0,0.0,-0.5,0.0008011634345166385,0.0,-0.49520552158355713
728,9,39,1.0,0.9829272031784058,0,0,0.0,0.0,-0.5,0.001671870006248355,0.0,-0.2693136930465698
729,9,40,1.0,0.9912254214286804,0,0,0.0,0.0,-0.5,0.0030273129232227802,0.0,-0.08806513249874115
730,9,41,1.0,0.9939956068992615,0,0,0.0,0.0,0.0,0.0037162047810852528,0.0,-0.05604134872555733
731,9,42,1.0,0.9940666556358337,0,0,0.0,0.0,0.0,0.0032524727284908295,0.0,-0.008607916533946991
732,9,43,1.0,0.9949725270271301,0,0,0.0,0.0,0.0,0.003221901599317789,0.0,-0.00590252410620451
733,9,44,1.0,0.9952595233917236,0,0,0.0,0.0,0.0,0.0024203965440392494,0.0,0.002887201029807329
734,9,45,1.0,0.9953070282936096,0,0,0.0,0.0,0.0,0.0024328758008778095,0.0,0.003934001550078392
735,9,46,2.0,0.9977432489395142,1,0,0.0,0.0,0.0,0.0031248433515429497,0.0,-0.013397672213613987
736,9,47,2.0,1.0521527528762817,1,0,0.0,0.0,0.0,0.005683754105120897,0.0,-0.03647565841674805
737,9,48,2.0,1.0572694540023804,1,0,0.0,0.0,0.0,0.0022294793743640184,0.0,0.01743564009666443
738,9,49,2.0,1.0455602407455444,1,0,0.0,0.0,0.0,0.003813748713582754,0.0,-0.06598817557096481
739,9,50,2.0,1.038593053817749,1,0,0.0,0.0,0.0,0.003245458472520113,0.0,-0.03388788551092148
740,9,51,2.0,1.029779314994812,1,0,0.0,0.0,0.0,0.0034468648955225945,0.0,-0.022556543350219727
741,9,52,2.0,1.0233393907546997,1,0,0.0,0.0,0.0,0.0031148125417530537,0.0,-0.02707608789205551
742,9,53,1.0,1.0198575258255005,0,0,0.0,0.0,0.0,0.002343534491956234,0.0,-0.05366978421807289
743,9,54,1.0,1.0148906707763672,0,0,0.0,0.0,0.0,0.002068260684609413,0.0,-0.06251466274261475
744,9,55,1.0,1.0119632482528687,0,0,0.0,0.0,0.0,0.0015781901311129332,0.0,-0.049207475036382675
745,9,56,1.0,0.9978750944137573,0,0,0.0,0.0,0.0,0.0005578648415394127,0.0,0.03950422257184982
746,9,57,1.0,0.9941625595092773,0,0,0.0,0.0,0.0,0.001103515736758709,0.0,0.14657190442085266
747,9,58,1.0,0.9931813478469849,0,0,0.0,0.0,0.0,0.0012823378201574087,0.0,0.3053523600101471
748,9,59,1.0,0.992993175983429,0,0,0.0,0.0,0.0,0.0014687494840472937,0.0,0.4171651303768158
749,9,60,1.0,0.9940586090087891,0,0,0.0,0.0,0.5,0.0015864085871726274,0.0,0.4703098237514496
750,9,61,1.0,0.9959386587142944,0,0,0.0,0.0,0.5,0.0023178302217274904,0.0,0.5252982378005981
751,9,62,1.0,0.9931981563568115,0,0,0.0,0.0,0.5,0.0022035243455320597,0.0,0.5387545824050903
752,9,63,1.0,0.9969210624694824,0,0,0.0,0.0,0.5,0.0027837553061544895,0.0,0.5352421402931213
753,9,64,1.0,0.9989074468612671,0,0,0.0,0.0,0.5,0.002830962650477886,0.0,0.5424168109893799
754,9,65,1.0,1.000820517539978,0,0,0.0,0.0,0.5,0.003047483041882515,0.0,0.545329213142395
755,9,66,1.0,0.9985921382904053,0,0,0.0,0.0,0.5,0.003514098934829235,0.0,0.5520509481430054
756,9,67,1.0,0.9990668296813965,0,0,0.0,0.0,0.5,0.0037093404680490494,0.0,0.5542689561843872
757,9,68,1.0,0.9961220026016235,0,0,0.0,0.0,0.5,0.0030232639983296394,0.0,0.5358676314353943
758,9,69,1.0,0.9952234625816345,0,0,0.0,0.0,0.5,0.0039860550314188,0.0,0.541020929813385
759,10,0,1.0,0.9966884851455688,0,0,0.0,0.0,0.0,0.18675708770751953,0.0,0.006771045736968517
760,10,1,1.0,0.9965723156929016,0,0,0.0,0.0,0.0,0.18294556438922882,0.0,-0.002151820110157132
761,10,2,1.0,0.9949862360954285,0,0,0.0,0.0,0.0,0.18804621696472168,0.0,0.004303611349314451
762,10,3,1.0,0.9948446750640869,0,0,0.0,0.0,0.0,0.18917103111743927,0.0,0.00619746558368206
763,10,4,1.0,0.9943951368331909,0,0,0.0,0.0,0.0,0.19139832258224487,0.0,0.009045271202921867
764,10,5,1.0,0.9943807721138,0,0,0.0,0.0,0.0,0.1916227787733078,0.0,0.009568784385919571
765,10,6,1.0,0.9943811893463135,0,0,0.0,0.0,0.0,0.19246026873588562,0.0,0.009133902378380299
766,10,7,1.0,0.9943810105323792,0,0,0.0,0.0,0.0,0.19250056147575378,0.0,0.009292026981711388
767,10,8,1.0,0.9947692155838013,0,0,0.0,0.0,0.0,0.19312521815299988,0.0,0.009456153959035873
768,10,9,1.0,0.9947696328163147,0,0,0.0,0.0,0.0,0.1931336522102356,0.0,0.009502703323960304
769,10,10,1.0,0.9945178031921387,0,0,0.25,0.0,0.0,0.19464147090911865,0.0,0.007711230777204037
770,10,11,1.0,0.9899155497550964,0,0,0.25,0.0,0.0,0.22533757984638214,0.0,-0.0013116223271936178
771,10,12,1.0,0.9907088875770569,0,0,0.25,0.0,0.0,0.24334770441055298,0.0,-0.0027568491641432047
772,10,13,1.0,0.9867188930511475,0,0,0.25,0.0,0.0,0.2502736449241638,0.0,-0.0059092361479997635
773,10,14,1.0,0.9923115968704224,0,0,0.25,0.0,0.0,0.2572757601737976,0.0,-0.010426989756524563
774,10,15,1.0,0.9927371740341187,0,0,0.25,0.0,0.0,0.26351138949394226,0.0,-0.01566697470843792
775,10,16,1.0,0.9953734874725342,0,0,0.25,0.0,0.0,0.26853862404823303,0.0,-0.015756990760564804
776,10,17,1.0,0.9916735291481018,0,0,0.25,0.0,0.0,0.26744407415390015,0.0,-0.028407497331500053
777,10,18,1.0,0.9966412782669067,0,0,0.25,0.0,0.0,0.2646386921405792,0.0,-0.03612983971834183
778,10,19,1.0,1.0003187656402588,0,0,0.25,0.0,0.0,0.2318025678396225,0.0,-0.025297751650214195
779,10,20,1.0,1.0044491291046143,0,0,0.25,0.0,0.0,0.0920468419790268,0.0,-0.0403885543346405
780,10,21,1.0,1.0023751258850098,0,0,0.0,0.0,0.0,0.04710061475634575,0.0,-0.04162480682134628
781,10,22,1.0,1.004892349243164,0,0,0.0,0.0,0.0,0.024444377049803734,0.0,-0.022314272820949554
782,10,23,1.0,1.0067692995071411,0,0,0.0,0.0,0.0,0.014513813890516758,0.0,-0.013603088445961475
783,10,24,1.0,1.003921389579773,0,0,0.0,0.0,0.0,0.01002439484000206,0.0,-0.0068697016686201096
784,10,25,1.0,1.004234790802002,0,0,0.0,0.0,0.0,0.008593421429395676,0.0,-0.007055938243865967
785,10,26,1.0,1.0037330389022827,0,0,0.0,0.0,0.0,0.007745984010398388,0.0,-0.007732710801064968
786,10,27,1.0,1.0037986040115356,0,0,0.0,0.0,0.0,0.00756441056728363,0.0,-0.007996703498065472
787,10,28,1.0,1.0043572187423706,0,0,0.0,0.0,0.0,0.0057893493212759495,0.0,-0.011596092022955418
788,10,29,1.0,1.004373550415039,0,0,0.0,0.0,0.0,0.005762821529060602,0.0,-0.011663945391774178
789,10,30,1.0,1.0033049583435059,0,0,0.25,0.0,0.0,0.0052495356649160385,0.0,-0.006492086686193943
790,10,31,1.0,0.998197078704834,0,0,0.0,0.0,0.0,0.01922517456114292,0.0,-0.01395676750689745
791,10,32,1.0,1.0001518726348877,0,0,0.0,0.0,0.0,0.010331987403333187,0.0,0.02191312611103058
792,10,33,1.0,1.0003458261489868,0,0,0.0,0.0,0.0,0.006423311773687601,0.0,0.01680404134094715
793,10,34,1.0,0.9996477365493774,0,0,0.0,0.0,0.0,0.004633576609194279,0.0,0.008008750155568123
794,10,35,1.0,0.9996727705001831,0,0,0.0,0.0,0.0,0.003982505761086941,0.0,0.006091661751270294
795,10,36,1.0,0.993157148361206,0,0,0.0,0.0,0.0,0.003635609522461891,0.0,-0.0196368470788002
796,10,37,1.0,0.9931460618972778,0,0,0.0,0.0,0.0,0.0035445080138742924,0.0,-0.02009012922644615
797,10,38,1.0,0.9923742413520813,0,0,0.0,0.0,0.0,0.003301492892205715,0.0,-0.023120248690247536
798,10,39,1.0,0.9923699498176575,0,0,0.0,0.0,0.0,0.0032828007824718952,0.0,-0.023093022406101227
799,10,40,1.0,0.992482602596283,0,0,0.0,0.0,0.0,0.0031684995628893375,0.0,-0.024537676945328712
800,10,41,1.0,0.9924787282943726,0,0,0.0,0.0,0.0,0.003160214051604271,0.0,-0.024406446143984795
801,10,42,1.0,0.99216628074646,0,0,0.0,0.0,0.0,0.00317906541749835,0.0,-0.023539265617728233
802,10,43,1.0,0.9921627044677734,0,0,0.0,0.0,0.0,0.0031727375462651253,0.0,-0.023387059569358826
803,10,44,1.0,0.993376612663269,0,0,0.0,0.0,-0.5,0.005571357905864716,0.0,-0.0425988994538784
804,10,45,1.0,0.9879235625267029,0,0,0.0,0.0,-0.5,0.002494628308340907,0.0,-0.5209682583808899
805,10,46,1.0,0.9935007095336914,0,0,0.0,0.0,-0.5,0.0013618199154734612,0.0,-0.5910815596580505
806,10,47,1.0,0.9951511025428772,0,0,0.0,0.0,-0.5,0.0016528333071619272,0.0,-0.6010253429412842
807,10,48,1.0,0.9980528950691223,0,0,0.0,0.0,-0.5,0.001966015435755253,0.0,-0.5972825884819031
808,10,49,1.0,0.9926669597625732,0,0,0.0,0.0,-0.5,0.00011421664385125041,0.0,-0.5836296677589417
809,10,50,1.0,0.9876937866210938,0,0,0.0,0.0,-0.5,0.0006960430764593184,0.0,-0.5340860486030579
810,10,51,1.0,0.9864737391471863,0,0,0.0,0.0,-0.5,0.0014311049599200487,0.0,-0.38354164361953735
811,10,52,1.0,0.9938878417015076,0,0,0.0,0.0,-0.5,0.0012135945726186037,0.0,-0.10619913786649704
812,10,53,1.0,0.9960012435913086,0,0,0.0,0.0,-0.5,0.000856565369758755,0.0,-0.08509127050638199
813,10,54,1.0,0.9963797926902771,0,0,0.0,0.0,0.0,0.001563814003020525,0.0,-0.01927175000309944
814,10,55,1.0,0.9967285990715027,0,0,0.0,0.0,0.0,0.0015836528036743402,0.0,-0.01549116987735033
815,10,56,1.0,0.9947510957717896,0,0,0.0,0.0,0.0,0.0017635924741625786,0.0,-0.004374071955680847
816,10,57,1.0,0.9948092103004456,0,0,0.0,0.0,0.0,0.0017670141533017159,0.0,-0.0035736572463065386
817,10,58,1.0,0.9944483637809753,0,0,0.0,0.0,0.0,0.001974985469132662,0.0,0.0091182766482234
818,10,59,2.0,0.9944577217102051,1,0,0.0,0.0,0.0,0.001977495616301894,0.0,0.009270216338336468
819,10,60,2.0,1.0542230606079102,1,0,0.0,0.0,0.0,0.004146762192249298,0.0,-0.039777934551239014
820,10,61,2.0,1.0601062774658203,1,0,0.0,0.0,0.0,0.00033083470771089196,0.0,-0.027438385412096977
821,10,62,2.0,1.0476782321929932,1,0,0.0,0.0,0.0,0.0028616799972951412,0.0,-0.06263338029384613
822,10,63,2.0,1.0379505157470703,1,0,0.0,0.0,0.0,0.0026413851883262396,0.0,-0.04660462588071823
823,10,64,2.0,1.031914234161377,1,0,0.0,0.0,0.0,0.002035669283941388,0.0,-0.03516713157296181
824,10,65,2.0,1.0261822938919067,1,0,0.0,0.0,0.0,0.002310712356120348,0.0,-0.039047036319971085
825,10,66,1.0,1.0206568241119385,0,0,0.0,0.0,0.0,0.0023002398665994406,0.0,-0.05288871377706528
826,10,67,1.0,1.017191767692566,0,0,0.0,0.0,0.0,0.002461942145600915,0.0,-0.05872664600610733
827,10,68,1.0,1.0088412761688232,0,0,0.0,0.0,0.0,0.003025852143764496,0.0,-0.002954718889668584
828,10,69,1.0,1.0013304948806763,0,0,0.0,0.0,0.0,0.0034066704101860523,0.0,0.06455045938491821
829,10,70,1.0,0.9993441700935364,0,0,0.0,0.0,0.0,0.0029837065376341343,0.0,0.10360473394393921
830,10,71,1.0,0.9941431879997253,0,0,0.0,0.0,0.0,0.002187206409871578,0.0,0.23208363354206085
831,10,72,1.0,0.9897838830947876,0,0,0.0,0.0,0.0,0.0019495883025228977,0.0,0.3367321193218231
832,10,73,1.0,0.9893746376037598,0,0,0.0,0.0,0.5,0.0018807402811944485,0.0,0.39177900552749634
833,10,74,1.0,0.9935824275016785,0,0,0.0,0.0,0.5,0.002155073918402195,0.0,0.5122506618499756
834,10,75,1.0,0.9955670237541199,0,0,0.0,0.0,0.5,0.002566015813499689,0.0,0.5120948553085327
835,10,76,1.0,0.9968093633651733,0,0,0.0,0.0,0.5,0.0030535017140209675,0.0,0.5340179204940796
836,10,77,1.0,0.9973148107528687,0,0,0.0,0.0,0.5,0.0026901056990027428,0.0,0.5341348648071289
837,10,78,1.0,0.9983277320861816,0,0,0.0,0.0,0.5,0.002769717015326023,0.0,0.5440750122070312
838,10,79,1.0,0.9947578310966492,0,0,0.0,0.0,0.5,0.0026705649215728045,0.0,0.5426576733589172
839,10,80,1.0,0.9944097399711609,0,0,0.0,0.0,0.5,0.003094754181802273,0.0,0.5386562347412109
840,10,81,1.0,0.993975043296814,0,0,0.0,0.0,0.5,0.0032278597354888916,0.0,0.535883903503418
841,10,82,1.0,0.9961060881614685,0,0,0.0,0.0,0.5,0.003403628710657358,0.0,0.526518702507019
842,11,0,1.0,0.9928973913192749,0,0,0.0,0.0,0.0,-0.22228384017944336,0.0,-0.008757912553846836
843,11,1,1.0,0.9922143220901489,0,0,0.0,0.0,0.0,-0.22679223120212555,0.0,-0.020345645025372505
844,11,2,1.0,0.9935643672943115,0,0,0.0,0.0,0.0,-0.22980466485023499,0.0,-0.014235510490834713
845,11,3,1.0,0.993668794631958,0,0,0.0,0.0,0.0,-0.22805605828762054,0.0,-0.012009017169475555
846,11,4,1.0,0.9926918745040894,0,0,0.0,0.0,0.0,-0.22829307615756989,0.0,-0.007047867402434349
847,11,5,1.0,0.9926938414573669,0,0,0.0,0.0,0.0,-0.22800056636333466,0.0,-0.006345656700432301
848,11,6,1.0,0.9934412837028503,0,0,0.0,0.0,0.0,-0.230055034160614,0.0,-0.005731112323701382
849,11,7,1.0,0.9934319257736206,0,0,0.0,0.0,0.0,-0.23001089692115784,0.0,-0.00552001316100359
850,11,8,1.0,0.9921866655349731,0,0,0.0,0.0,0.0,-0.23301541805267334,0.0,-0.005556636489927769
851,11,9,1.0,0.9921826720237732,0,0,0.0,0.0,0.0,-0.2330084890127182,0.0,-0.0054946355521678925
852,11,10,1.0,0.9901118874549866,0,0,-0.25,0.0,0.0,-0.23426984250545502,0.0,-0.00538012757897377
853,11,11,1.0,0.9881978034973145,0,0,-0.25,0.0,0.0,-0.2621375620365143,0.0,-0.0038770625833421946
854,11,12,1.0,0.9916666746139526,0,0,-0.25,0.0,0.0,-0.29271140694618225,0.0,-0.015220441855490208
855,11,13,1.0,0.987165093421936,0,0,-0.25,0.0,0.0,-0.29316839575767517,0.0,-0.014003128744661808
856,11,14,1.0,0.9825505614280701,0,0,-0.25,0.0,0.0,-0.22132106125354767,0.0,-0.006081013940274715
857,11,15,1.0,1.002576470375061,0,0,-0.25,0.0,0.0,-0.06304612010717392,0.0,-0.013225040398538113
858,11,16,1.0,1.0087610483169556,0,0,0.0,0.0,0.0,-0.025929024443030357,0.0,-0.00874385517090559
859,11,17,1.0,1.0072901248931885,0,0,0.0,0.0,0.0,-0.0146670276299119,0.0,0.0022157332859933376
860,11,18,1.0,1.0027294158935547,0,0,0.0,0.0,0.0,-0.005137813277542591,0.0,0.02330917678773403
861,11,19,1.0,1.0021435022354126,0,0,0.0,0.0,0.0,-0.0016980618238449097,0.0,0.023907387629151344
862,11,20,1.0,0.9995365142822266,0,0,0.0,0.0,0.0,-0.0011832353193312883,0.0,0.02793717384338379
863,11,21,1.0,0.9993860721588135,0,0,0.0,0.0,0.0,-0.0008602528250776231,0.0,0.02833142690360546
864,11,22,1.0,0.9991013407707214,0,0,0.0,0.0,0.0,-1.0711140930652618e-05,0.0,0.01936374604701996
865,11,23,1.0,0.9990509748458862,0,0,-0.25,0.0,0.0,2.7094909455627203e-05,0.0,0.019525723531842232
866,11,24,1.0,0.9927670359611511,0,0,-0.25,0.0,0.0,-0.01031588390469551,0.0,-0.054184943437576294
867,11,25,1.0,0.9947904944419861,0,0,0.0,0.0,0.0,-0.016913900151848793,0.0,-0.08560105413198471
868,11,26,1.0,0.9937639832496643,0,0,0.0,0.0,0.0,-0.004273973871022463,0.0,-0.0535893477499485
869,11,27,1.0,0.9936696290969849,0,0,0.0,0.0,0.0,0.0034899041056632996,0.0,-0.04038719832897186
870,11,28,1.0,0.9937960505485535,0,0,0.0,0.0,0.0,0.0029770820401608944,0.0,-0.04609910398721695
871,11,29,1.0,0.9933618307113647,0,0,0.0,0.0,0.0,0.0036799986846745014,0.0,-0.046864114701747894
872,11,30,1.0,0.9924405813217163,0,0,0.0,0.0,0.0,0.0025777132250368595,0.0,-0.04306125268340111
873,11,31,1.0,0.9923260807991028,0,0,0.0,0.0,0.0,0.0026697649154812098,0.0,-0.043062884360551834
874,11,32,1.0,0.9916678071022034,0,0,0.0,0.0,0.0,0.0029581389389932156,0.0,-0.04525848850607872
875,11,33,1.0,0.9916435480117798,0,0,0.0,0.0,0.0,0.002969047985970974,0.0,-0.04517481476068497
876,11,34,1.0,0.9917588829994202,0,0,0.0,0.0,-0.5,0.0037041502073407173,0.0,-0.051290322095155716
877,11,35,1.0,0.9878700375556946,0,0,0.0,0.0,-0.5,-0.0007909992127679288,0.0,-0.5097242593765259
878,11,36,1.0,0.9951112866401672,0,0,0.0,0.0,-0.5,3.406120231375098e-05,0.0,-0.5635005831718445
879,11,37,1.0,0.9983786344528198,0,0,0.0,0.0,-0.5,-0.0009163896320387721,0.0,-0.5892745852470398
880,11,38,1.0,0.9981917142868042,0,0,0.0,0.0,-0.5,-0.0009465787443332374,0.0,-0.5823405981063843
881,11,39,1.0,1.0015965700149536,0,0,0.0,0.0,-0.5,-0.0022685842122882605,0.0,-0.5748053193092346
882,11,40,1.0,0.9956614971160889,0,0,0.0,0.0,-0.5,-0.0009735847124829888,0.0,-0.5316323637962341
883,11,41,1.0,0.997567355632782,0,0,0.0,0.0,-0.5,-0.001352267456240952,0.0,-0.41574472188949585
884,11,42,1.0,0.9971903562545776,0,0,0.0,0.0,-0.5,-0.0002845540875568986,0.0,-0.1726822406053543
885,11,43,1.0,0.9999042749404907,0,0,0.0,0.0,-0.5,0.0009013700182549655,0.0,-0.13072511553764343
886,11,44,1.0,0.9994291663169861,0,0,0.0,0.0,0.0,0.001042213523760438,0.0,-0.05589808151125908
887,11,45,1.0,0.9999606609344482,0,0,0.0,0.0,0.0,0.001058666268363595,0.0,-0.04980379343032837
888,11,46,1.0,0.9999467134475708,0,0,0.0,0.0,0.0,0.0009703549440018833,0.0,-0.032756026834249496
889,11,47,1.0,1.0000121593475342,0,0,0.0,0.0,0.0,0.0009892084635794163,0.0,-0.03155636787414551
890,11,48,1.0,0.9988822340965271,0,0,0.0,0.0,0.0,0.000672828231472522,0.0,-0.029379667714238167
891,11,49,1.0,0.9988717436790466,0,0,0.0,0.0,0.0,0.0006839094567112625,0.0,-0.029293915256857872
892,11,50,1.0,1.0005862712860107,0,0,0.0,0.0,0.0,0.0007007007370702922,0.0,-0.0293117705732584
893,11,51,1.0,1.0005645751953125,0,0,0.0,0.0,0.0,0.000709013023879379,0.0,-0.029485085979104042
894,11,52,1.0,0.9997095465660095,0,0,0.0,0.0,0.0,0.001251948531717062,0.0,-0.02691005729138851
895,11,53,2.0,0.9996786713600159,1,0,0.0,0.0,0.0,0.001259694341570139,0.0,-0.027146654203534126
896,11,54,2.0,1.0463619232177734,1,0,0.0,0.0,0.0,0.00020273547852411866,0.0,-0.11569991707801819
897,11,55,2.0,1.0530979633331299,1,0,0.0,0.0,0.0,0.00023675378179177642,0.0,-0.03145716339349747
898,11,56,2.0,1.0391227006912231,1,0,0.0,0.0,0.0,0.002821794943884015,0.0,-0.03243763744831085
899,11,57,2.0,1.0301848649978638,1,0,0.0,0.0,0.0,0.0006476538837887347,0.0,-0.027274882420897484
900,11,58,2.0,1.0235427618026733,1,0,0.0,0.0,0.0,0.0021509823855012655,0.0,-0.02528274431824684
901,11,59,2.0,1.0190922021865845,1,0,0.0,0.0,0.0,0.0010579000227153301,0.0,-0.052609119564294815
902,11,60,2.0,1.016640067100525,1,0,0.0,0.0,0.0,0.0009802521672099829,0.0,-0.080595962703228
903,11,61,1.0,1.0113781690597534,0,0,0.0,0.0,0.0,0.0006131113623268902,0.0,-0.07902427017688751
904,11,62,1.0,1.0027998685836792,0,0,0.0,0.0,0.0,-0.001940151210874319,0.0,-0.05407126620411873
905,11,63,1.0,0.9996715784072876,0,0,0.0,0.0,0.0,-0.0015930390218272805,0.0,-0.009686960838735104
906,11,64,1.0,0.9969586133956909,0,0,0.0,0.0,0.0,-7.273268420249224e-05,0.0,0.1324368417263031
907,11,65,1.0,0.9972103834152222,0,0,0.0,0.0,0.0,0.0015165209770202637,0.0,0.3217419683933258
908,11,66,1.0,0.9987922310829163,0,0,0.0,0.0,0.0,0.001547626918181777,0.0,0.3921002745628357
909,11,67,1.0,0.9987757802009583,0,0,0.0,0.0,0.5,0.0014303075149655342,0.0,0.41942331194877625
910,11,68,1.0,0.9940966367721558,0,0,0.0,0.0,0.5,0.002397446660324931,0.0,0.5219430923461914
911,11,69,1.0,0.9950437545776367,0,0,0.0,0.0,0.5,0.00261545623652637,0.0,0.5213639736175537
912,11,70,1.0,0.9970704913139343,0,0,0.0,0.0,0.5,0.003282467368990183,0.0,0.547761857509613
913,11,71,1.0,1.0014169216156006,0,0,0.0,0.0,0.5,0.002101140795275569,0.0,0.536168098449707
914,11,72,1.0,1.0040332078933716,0,0,0.0,0.0,0.5,0.0023935181088745594,0.0,0.5241608619689941
915,11,73,1.0,1.0028067827224731,0,0,0.0,0.0,0.5,0.002335252473130822,0.0,0.5285844206809998
916,11,74,1.0,1.001859426498413,0,0,0.0,0.0,0.5,0.004601908847689629,0.0,0.5382230281829834
917,11,75,1.0,0.9998981356620789,0,0,0.0,0.0,0.5,0.002716772723942995,0.0,0.5308052897453308
918,11,76,1.0,0.9975625872612,0,0,0.0,0.0,0.5,0.0027696641627699137,0.0,0.5270811319351196
919,12,0,1.0,0.9829992651939392,0,0,0.0,0.0,0.0,0.21127164363861084,0.0,-0.0018273929599672556
920,12,1,1.0,0.9807345867156982,0,0,0.0,0.0,0.0,0.20659664273262024,0.0,-0.01174280233681202
921,12,2,1.0,0.9833104610443115,0,0,0.0,0.0,0.0,0.20901477336883545,0.0,-0.007519904524087906
922,12,3,1.0,0.9834702014923096,0,0,0.0,0.0,0.0,0.21066084504127502,0.0,-0.004549423232674599
923,12,4,1.0,0.9837441444396973,0,0,0.0,0.0,0.0,0.21236670017242432,0.0,-0.0034590589348226786
924,12,5,1.0,0.9837466478347778,0,0,0.0,0.0,0.0,0.2127472162246704,0.0,-0.0028425201307982206
925,12,6,1.0,0.9844257235527039,0,0,0.0,0.0,0.0,0.21534831821918488,0.0,-0.002072767121717334
926,12,7,1.0,0.9844244122505188,0,0,0.0,0.0,0.0,0.21542192995548248,0.0,-0.0018774012569338083
927,12,8,1.0,0.9848856329917908,0,0,0.0,0.0,0.0,0.21551109850406647,0.0,8.847820572555065e-05
928,12,9,1.0,0.98488450050354,0,0,0.0,0.0,0.0,0.2155260443687439,0.0,0.0001464448869228363
929,12,10,1.0,0.9848715662956238,0,0,0.25,0.0,0.0,0.217842698097229,0.0,0.00014616898261010647
930,12,11,1.0,0.9857833981513977,0,0,0.25,0.0,0.0,0.25792109966278076,0.0,-0.009159478358924389
931,12,12,1.0,0.9904767870903015,0,0,0.25,0.0,0.0,0.2660138010978699,0.0,-0.028396660462021828
932,12,13,1.0,0.9888692498207092,0,0,0.25,0.0,0.0,0.23683294653892517,0.0,-0.04001735895872116
933,12,14,1.0,1.0012950897216797,0,0,0.25,0.0,0.0,0.11473898589611053,0.0,-0.019502421841025352
934,12,15,1.0,1.0000113248825073,0,0,0.0,0.0,0.0,0.046160630881786346,0.0,-0.03092561848461628
935,12,16,1.0,1.0015482902526855,0,0,0.0,0.0,0.0,0.02062102220952511,0.0,0.02023911476135254
936,12,17,1.0,1.0048725605010986,0,0,0.0,0.0,0.0,0.010462109930813313,0.0,0.03717907890677452
937,12,18,1.0,1.0028891563415527,0,0,0.0,0.0,0.0,0.006642344407737255,0.0,0.038289718329906464
938,12,19,1.0,1.0029646158218384,0,0,0.0,0.0,0.0,0.005582969635725021,0.0,0.03760910406708717
939,12,20,1.0,1.0015671253204346,0,0,0.0,0.0,0.0,0.004598204046487808,0.0,0.026733683422207832
940,12,21,1.0,1.0015981197357178,0,0,0.0,0.0,0.0,0.0044669508934021,0.0,0.02630673162639141
941,12,22,1.0,1.0008363723754883,0,0,0.0,0.0,0.0,0.005336384754627943,0.0,0.02195819467306137
942,12,23,1.0,1.0008546113967896,0,0,0.25,0.0,0.0,0.00531957158818841,0.0,0.0218687504529953
943,12,24,1.0,0.9932818412780762,0,0,0.25,0.0,0.0,0.014164568856358528,0.0,-0.012628617696464062
944,12,25,1.0,0.9853985905647278,0,0,0.0,0.0,0.0,0.02363463118672371,0.0,-0.055971886962652206
945,12,26,1.0,0.98748779296875,0,0,0.0,0.0,0.0,0.011393142864108086,0.0,-0.02150019071996212
946,12,27,1.0,0.9918786287307739,0,0,0.0,0.0,0.0,0.007327336817979813,0.0,0.0035790412221103907
947,12,28,1.0,0.9910097718238831,0,0,0.0,0.0,0.0,0.004706870764493942,0.0,-0.01446786243468523
948,12,29,1.0,0.9912646412849426,0,0,0.0,0.0,0.0,0.0037507195957005024,0.0,-0.016600459814071655
949,12,30,1.0,0.9918348789215088,0,0,0.0,0.0,0.0,0.003709979820996523,0.0,-0.04297430440783501
950,12,31,1.0,0.9919167757034302,0,0,0.0,0.0,0.0,0.003554423339664936,0.0,-0.04378506913781166
951,12,32,1.0,0.9912072420120239,0,0,0.0,0.0,0.0,0.003142280038446188,0.0,-0.041903406381607056
952,12,33,1.0,0.9912301301956177,0,0,0.0,0.0,0.0,0.003118090331554413,0.0,-0.04205518215894699
953,12,34,1.0,0.9920893907546997,0,0,0.0,0.0,-0.5,0.0031483089551329613,0.0,-0.05590594932436943
954,12,35,1.0,0.9858381748199463,0,0,0.0,0.0,-0.5,-0.002236377913504839,0.0,-0.5553871393203735
955,12,36,1.0,0.9901092648506165,0,0,0.0,0.0,-0.5,0.0016924554947763681,0.0,-0.5894299149513245
956,12,37,1.0,0.9976298213005066,0,0,0.0,0.0,-0.5,0.00024419132387265563,0.0,-0.5863847136497498
957,12,38,1.0,1.0002048015594482,0,0,0.0,0.0,-0.5,0.003764960914850235,0.0,-0.583890974521637
958,12,39,1.0,0.999711811542511,0,0,0.0,0.0,-0.5,0.0015597043093293905,0.0,-0.5675145387649536
959,12,40,1.0,0.9903308153152466,0,0,0.0,0.0,-0.5,0.0014238464646041393,0.0,-0.5081309676170349
960,12,41,1.0,0.9895133972167969,0,0,0.0,0.0,-0.5,0.0027464977465569973,0.0,-0.36716535687446594
961,12,42,1.0,0.9902716875076294,0,0,0.0,0.0,-0.5,0.002368749352172017,0.0,-0.07992476969957352
962,12,43,1.0,0.993232250213623,0,0,0.0,0.0,-0.5,0.002288334770128131,0.0,-0.051035065203905106
963,12,44,1.0,0.9929391741752625,0,0,0.0,0.0,0.0,0.0023137920070439577,0.0,-0.010059644468128681
964,12,45,1.0,0.9933106899261475,0,0,0.0,0.0,0.0,0.002319301711395383,0.0,-0.005864650942385197
965,12,46,1.0,0.992534339427948,0,0,0.0,0.0,0.0,0.002406843239441514,0.0,0.008573094382882118
966,12,47,1.0,0.9926008582115173,0,0,0.0,0.0,0.0,0.002414905931800604,0.0,0.009471152909100056
967,12,48,1.0,0.994642436504364,0,0,0.0,0.0,0.0,0.002239046385511756,0.0,0.009772769175469875
968,12,49,1.0,0.9946428537368774,0,0,0.0,0.0,0.0,0.0022442834451794624,0.0,0.009952987544238567
969,12,50,2.0,0.9954115152359009,1,0,0.0,0.0,0.0,0.0025853386614471674,0.0,0.0037382161244750023
970,12,51,2.0,1.054904818534851,1,0,0.0,0.0,0.0,0.006187797524034977,0.0,-0.020093346014618874
971,12,52,2.0,1.0553895235061646,1,0,0.0,0.0,0.0,0.001616534311324358,0.0,0.04973935708403587
972,12,53,2.0,1.0443257093429565,1,0,0.0,0.0,0.0,0.002917560050264001,0.0,-0.06660435348749161
973,12,54,2.0,1.0346705913543701,1,0,0.0,0.0,0.0,0.002639512065798044,0.0,-0.03896930441260338
974,12,55,2.0,1.0271447896957397,1,0,0.0,0.0,0.0,0.0033197561278939247,0.0,-0.019374802708625793
975,12,56,1.0,1.023969054222107,0,0,0.0,0.0,0.0,0.0037432764656841755,0.0,-0.008181818760931492
976,12,57,1.0,1.0185928344726562,0,0,0.0,0.0,0.0,0.001307429512962699,0.0,-0.05310166999697685
977,12,58,1.0,1.0159759521484375,0,0,0.0,0.0,0.0,0.0013031470589339733,0.0,-0.06125349923968315
978,12,59,1.0,1.0076686143875122,0,0,0.0,0.0,0.0,-0.00040083943167701364,0.0,-0.04728162661194801
979,12,60,1.0,0.996482253074646,0,0,0.0,0.0,0.0,6.120809121057391e-05,0.0,0.03507354110479355
980,12,61,1.0,0.9915614128112793,0,0,0.0,0.0,0.0,0.0007463455549441278,0.0,0.16414214670658112
981,12,62,1.0,0.9940201640129089,0,0,0.0,0.0,0.0,0.0005054999492131174,0.0,0.34743356704711914
982,12,63,1.0,0.9945043325424194,0,0,0.0,0.0,0.5,0.0007166825816966593,0.0,0.43850794434547424
983,12,64,1.0,0.9948480129241943,0,0,0.0,0.0,0.5,0.0018245314713567495,0.0,0.5263195037841797
984,12,65,1.0,0.9957804679870605,0,0,0.0,0.0,0.5,0.0022443709895014763,0.0,0.5309047698974609
985,12,66,1.0,0.9959439039230347,0,0,0.0,0.0,0.5,0.0020681670866906643,0.0,0.5470359921455383
986,12,67,1.0,0.9997092485427856,0,0,0.0,0.0,0.5,0.002444756217300892,0.0,0.544771671295166
987,12,68,1.0,1.0002529621124268,0,0,0.0,0.0,0.5,0.00405080197378993,0.0,0.544691801071167
988,12,69,1.0,1.0002046823501587,0,0,0.0,0.0,0.5,0.003460286185145378,0.0,0.5389460921287537
989,12,70,1.0,0.9968956708908081,0,0,0.0,0.0,0.5,0.003983472473919392,0.0,0.5328803658485413
990,12,71,1.0,0.9962950348854065,0,0,0.0,0.0,0.5,0.0032111164182424545,0.0,0.52752286195755
991,12,72,1.0,0.9942423701286316,0,0,0.0,0.0,0.5,0.0036995024420320988,0.0,0.5259596705436707
992,13,0,1.0,0.9955040216445923,0,0,0.0,0.0,0.0,-0.20612260699272156,0.0,0.015053321607410908
993,13,1,1.0,0.9950949549674988,0,0,0.0,0.0,0.0,-0.21081264317035675,0.0,0.011610849760472775
994,13,2,1.0,0.9951744675636292,0,0,0.0,0.0,0.0,-0.21031075716018677,0.0,0.013065208680927753
995,13,3,1.0,0.9952621459960938,0,0,0.0,0.0,0.0,-0.2089906483888626,0.0,0.013457726687192917
996,13,4,1.0,0.9946206212043762,0,0,0.0,0.0,0.0,-0.20981647074222565,0.0,0.01232555229216814
997,13,5,1.0,0.9946209788322449,0,0,0.0,0.0,0.0,-0.20959997177124023,0.0,0.012503311038017273
998,13,6,1.0,0.994215726852417,0,0,0.0,0.0,0.0,-0.20880527794361115,0.0,0.014407961629331112
999,13,7,1.0,0.9942118525505066,0,0,0.0,0.0,0.0,-0.2087746411561966,0.0,0.014467821456491947
1000,13,8,1.0,0.9941925406455994,0,0,0.0,0.0,0.0,-0.20741645991802216,0.0,0.013497380539774895
1001,13,9,1.0,0.9941903948783875,0,0,0.0,0.0,0.0,-0.2074117213487625,0.0,0.01351437158882618
1002,13,10,1.0,0.9941068887710571,0,0,-0.25,0.0,0.0,-0.21264903247356415,0.0,0.0068151503801345825
1003,13,11,1.0,0.991372287273407,0,0,-0.25,0.0,0.0,-0.2460315078496933,0.0,0.009341220371425152
1004,13,12,1.0,0.9899969100952148,0,0,-0.25,0.0,0.0,-0.2675497829914093,0.0,-0.007602727971971035
1005,13,13,1.0,0.9917231798171997,0,0,-0.25,0.0,0.0,-0.27310171723365784,0.0,-0.012954953126609325
1006,13,14,1.0,0.9910919070243835,0,0,-0.25,0.0,0.0,-0.2852056622505188,0.0,-0.016261260956525803
1007,13,15,1.0,0.9899699687957764,0,0,-0.25,0.0,0.0,-0.28672143816947937,0.0,-0.0159671101719141
1008,13,16,1.0,0.9893541932106018,0,0,-0.25,0.0,0.0,-0.29442155361175537,0.0,-0.01998431235551834
1009,13,17,1.0,0.9878467321395874,0,0,-0.25,0.0,0.0,-0.29783549904823303,0.0,-0.018256401643157005
1010,13,18,1.0,0.9907001852989197,0,0,-0.25,0.0,0.0,-0.2962242364883423,0.0,-0.024584494531154633
1011,13,19,1.0,0.9895485639572144,0,0,-0.25,0.0,0.0,-0.2888372838497162,0.0,-0.027554349973797798
1012,13,20,1.0,0.9844541549682617,0,0,-0.25,0.0,0.0,-0.2061113566160202,0.0,-0.007310113869607449
1013,13,21,1.0,0.9990054965019226,0,0,0.0,0.0,0.0,-0.06739084422588348,0.0,-0.007030274718999863
1014,13,22,1.0,1.0024445056915283,0,0,0.0,0.0,0.0,-0.02655610255897045,0.0,-0.016726071015000343
1015,13,23,1.0,1.0019818544387817,0,0,0.0,0.0,0.0,-0.018551692366600037,0.0,-0.025384534150362015
1016,13,24,1.0,0.998877227306366,0,0,0.0,0.0,0.0,-0.012537806294858456,0.0,-0.036621931940317154
1017,13,25,1.0,0.9982720613479614,0,0,0.0,0.0,0.0,-0.01105465181171894,0.0,-0.03874870762228966
1018,13,26,1.0,0.9991942048072815,0,0,0.0,0.0,0.0,-0.010190119966864586,0.0,-0.03614293411374092
1019,13,27,1.0,0.9990842342376709,0,0,0.0,0.0,0.0,-0.010003830306231976,0.0,-0.036322545260190964
1020,13,28,1.0,0.999531626701355,0,0,0.0,0.0,0.0,-0.010654907673597336,0.0,-0.034591127187013626
1021,13,29,1.0,0.9995082020759583,0,0,-0.25,0.0,0.0,-0.01063185092061758,0.0,-0.034568965435028076
1022,13,30,1.0,1.002264380455017,0,0,0.0,0.0,0.0,-0.01749708130955696,0.0,-0.007609589956700802
1023,13,31,1.0,1.0001347064971924,0,0,0.0,0.0,0.0,-0.00880784448236227,0.0,-0.0036672221031039953
1024,13,32,1.0,0.9978802800178528,0,0,0.0,0.0,0.0,-0.00045746745308861136,0.0,0.01705479621887207
1025,13,33,1.0,0.9993877410888672,0,0,0.0,0.0,0.0,-0.0001563472324050963,0.0,0.00783355813473463
1026,13,34,1.0,0.9997433423995972,0,0,0.0,0.0,0.0,0.0007076275651343167,0.0,0.0028813043609261513
1027,13,35,1.0,0.9996423721313477,0,0,0.0,0.0,0.0,0.0008774235029704869,0.0,0.002663759980350733
1028,13,36,1.0,1.0004295110702515,0,0,0.0,0.0,0.0,0.0007196557126007974,0.0,0.002335804048925638
1029,13,37,1.0,1.0004067420959473,0,0,0.0,0.0,0.0,0.0007446663803420961,0.0,0.0023801985662430525
1030,13,38,1.0,1.0005375146865845,0,0,-0.25,0.0,0.0,0.0012297581415623426,0.0,0.0029819332994520664
1031,13,39,1.0,0.9969450831413269,0,0,0.0,0.0,0.0,-0.0059793852269649506,0.0,-0.024569466710090637
1032,13,40,1.0,0.9919824004173279,0,0,0.0,0.0,0.0,-0.0021397918462753296,0.0,-0.02274276874959469
1033,13,41,1.0,0.9914715886116028,0,0,0.0,0.0,0.0,0.0005968696787022054,0.0,-0.02748170681297779
1034,13,42,1.0,0.9870300889015198,0,0,0.0,0.0,0.0,0.0013851795811206102,0.0,-0.06075986847281456
1035,13,43,1.0,0.9866377711296082,0,0,0.0,0.0,0.0,0.001790037378668785,0.0,-0.0625610202550888
1036,13,44,1.0,0.986046552658081,0,0,0.0,0.0,0.0,0.0013299575075507164,0.0,-0.06515711545944214
1037,13,45,1.0,0.985966145992279,0,0,0.0,0.0,0.0,0.0013864124193787575,0.0,-0.06538961827754974
1038,13,46,1.0,0.9851529598236084,0,0,0.0,0.0,0.0,0.0014894893392920494,0.0,-0.06314486265182495
1039,13,47,1.0,0.9851360321044922,0,0,0.0,0.0,-0.5,0.001492048380896449,0.0,-0.06309857219457626
1040,13,48,1.0,0.9823015928268433,0,0,0.0,0.0,-0.5,-0.002032744698226452,0.0,-0.5047083497047424
1041,13,49,1.0,0.9929448366165161,0,0,0.0,0.0,-0.5,-0.002384744817391038,0.0,-0.5659606456756592
1042,13,50,1.0,0.9989959001541138,0,0,0.0,0.0,-0.5,-0.0008615691331215203,0.0,-0.5484378337860107
1043,13,51,1.0,1.0010045766830444,0,0,0.0,0.0,-0.5,-0.0006047913338989019,0.0,-0.5653699636459351
1044,13,52,1.0,0.9990379810333252,0,0,0.0,0.0,-0.5,0.0004941996303386986,0.0,-0.5469903945922852
1045,13,53,1.0,0.9924342632293701,0,0,0.0,0.0,-0.5,-0.0016596757341176271,0.0,-0.4902854263782501
1046,13,54,1.0,0.9872557520866394,0,0,0.0,0.0,-0.5,0.00023910304298624396,0.0,-0.27567121386528015
1047,13,55,1.0,0.991393506526947,0,0,0.0,0.0,-0.5,0.0003578761243261397,0.0,-0.11519431322813034
1048,13,56,1.0,0.992612898349762,0,0,0.0,0.0,0.0,0.0009378123213537037,0.0,-0.04735187441110611
1049,13,57,1.0,0.9941068887710571,0,0,0.0,0.0,0.0,0.00113663449883461,0.0,-0.03179233893752098
1050,13,58,1.0,0.9953790307044983,0,0,0.0,0.0,0.0,0.0016301432624459267,0.0,-0.012339797802269459
1051,13,59,1.0,0.9958431124687195,0,0,0.0,0.0,0.0,0.001580484677106142,0.0,-0.01036530826240778
1052,13,60,1.0,0.99611496925354,0,0,0.0,0.0,0.0,0.0019658065866678953,0.0,-0.009692652150988579
1053,13,61,1.0,0.9961167573928833,0,0,0.0,0.0,0.0,0.0019860542379319668,0.0,-0.009225862100720406
1054,13,62,2.0,0.9957862496376038,1,0,0.0,0.0,0.0,0.002149538602679968,0.0,-0.015918489545583725
1055,13,63,2.0,1.0448288917541504,1,0,0.0,0.0,0.0,0.0055172014981508255,0.0,-0.02859240211546421
1056,13,64,2.0,1.03380286693573,1,0,0.0,0.0,0.0,-0.001694651204161346,0.0,0.0844871997833252
1057,13,65,2.0,1.0309574604034424,1,0,0.0,0.0,0.0,0.003326889593154192,0.0,-0.07830078899860382
1058,13,66,2.0,1.0333744287490845,1,0,0.0,0.0,0.0,0.00201415061019361,0.0,0.012323171831667423
1059,13,67,2.0,1.0265095233917236,1,0,0.0,0.0,0.0,0.002360209822654724,0.0,-0.03231840580701828
1060,13,68,2.0,1.0218005180358887,1,0,0.0,0.0,0.0,0.0017635696567595005,0.0,-0.010124500840902328
1061,13,69,1.0,1.0190333127975464,0,0,0.0,0.0,0.0,0.0007146241259761155,0.0,-0.050501734018325806
1062,13,70,1.0,1.016289472579956,0,0,0.0,0.0,0.0,0.001466646557673812,0.0,-0.040395356714725494
1063,13,71,1.0,1.0097309350967407,0,0,0.0,0.0,0.0,0.000983427045866847,0.0,-0.047289859503507614
1064,13,72,1.0,1.006776213645935,0,0,0.0,0.0,0.0,-0.0002602319000288844,0.0,-0.05049065873026848
1065,13,73,1.0,1.0026345252990723,0,0,0.0,0.0,0.0,0.0017799998167902231,0.0,0.05069451779127121
1066,13,74,1.0,1.0024510622024536,0,0,0.0,0.0,0.0,0.005498550366610289,0.0,0.2790493667125702
1067,13,75,1.0,1.001443862915039,0,0,0.0,0.0,0.0,0.0033725188113749027,0.0,0.36692574620246887
1068,13,76,1.0,0.999771773815155,0,0,0.0,0.0,0.5,0.0029742070473730564,0.0,0.4108425974845886
1069,13,77,1.0,0.9963476657867432,0,0,0.0,0.0,0.5,0.0026563063729554415,0.0,0.5218563675880432
1070,13,78,1.0,0.9965319037437439,0,0,0.0,0.0,0.5,0.002642684616148472,0.0,0.5206549167633057
1071,13,79,1.0,0.9966694116592407,0,0,0.0,0.0,0.5,0.00204603374004364,0.0,0.5380198955535889
1072,13,80,1.0,1.00071382522583,0,0,0.0,0.0,0.5,0.0026864546816796064,0.0,0.5425331592559814
1073,13,81,1.0,1.0011038780212402,0,0,0.0,0.0,0.5,0.0027407545130699873,0.0,0.5441506505012512
1074,13,82,1.0,1.0008102655410767,0,0,0.0,0.0,0.5,0.00410127267241478,0.0,0.541431725025177
1075,13,83,1.0,0.9978750348091125,0,0,0.0,0.0,0.5,0.004603992216289043,0.0,0.5372201204299927
1076,13,84,1.0,0.9949125051498413,0,0,0.0,0.0,0.5,0.004891689401119947,0.0,0.5395320057868958
1077,13,85,1.0,0.9964852929115295,0,0,0.0,0.0,0.5,0.003594042733311653,0.0,0.5353915095329285
1078,14,0,1.0,0.9928974509239197,0,0,0.0,0.0,0.0,-0.22228382527828217,0.0,-0.00875797774642706
1079,14,1,1.0,0.9922143220901489,0,0,0.0,0.0,0.0,-0.22679220139980316,0.0,-0.020345624536275864
1080,14,2,1.0,0.9935643076896667,0,0,0.0,0.0,0.0,-0.2298046201467514,0.0,-0.01423556637018919
1081,14,3,1.0,0.9936687350273132,0,0,0.0,0.0,0.0,-0.22805608808994293,0.0,-0.012009029276669025
1082,14,4,1.0,0.9926918745040894,0,0,0.0,0.0,0.0,-0.22829307615756989,0.0,-0.007047873921692371
1083,14,5,1.0,0.9926937222480774,0,0,0.0,0.0,0.0,-0.22800052165985107,0.0,-0.006345716305077076
1084,14,6,1.0,0.9934412837028503,0,0,0.0,0.0,0.0,-0.2300550788640976,0.0,-0.0057310983538627625
1085,14,7,1.0,0.9934319853782654,0,0,0.0,0.0,0.0,-0.23001091182231903,0.0,-0.005520007573068142
1086,14,8,1.0,0.9921867847442627,0,0,0.0,0.0,0.0,-0.23301547765731812,0.0,-0.005556665360927582
1087,14,9,1.0,0.9921826124191284,0,0,0.0,0.0,0.0,-0.233008474111557,0.0,-0.005494658835232258
1088,14,10,1.0,0.9901118278503418,0,0,-0.25,0.0,0.0,-0.23426984250545502,0.0,-0.005380108952522278
1089,14,11,1.0,0.9881977438926697,0,0,-0.25,0.0,0.0,-0.2621375024318695,0.0,-0.003877088660374284
1090,14,12,1.0,0.9916667342185974,0,0,-0.25,0.0,0.0,-0.2927113473415375,0.0,-0.01522048283368349
1091,14,13,1.0,0.9871650338172913,0,0,-0.25,0.0,0.0,-0.29316845536231995,0.0,-0.014003177173435688
1092,14,14,1.0,0.9825505614280701,0,0,-0.25,0.0,0.0,-0.22132107615470886,0.0,-0.0060810064896941185
1093,14,15,1.0,1.002576470375061,0,0,0.0,0.0,0.0,-0.06304610520601273,0.0,-0.01322499755769968
1094,14,16,1.0,1.0067272186279297,0,0,0.0,0.0,0.0,-0.02212570793926716,0.0,-0.01783408783376217
1095,14,17,1.0,1.004305124282837,0,0,0.0,0.0,0.0,-0.012047726660966873,0.0,-0.020474156364798546
1096,14,18,1.0,1.004138469696045,0,0,0.0,0.0,0.0,-0.011189152486622334,0.0,-0.02682308852672577
1097,14,19,1.0,1.003731608390808,0,0,0.0,0.0,0.0,-0.009759346954524517,0.0,-0.02817085199058056
1098,14,20,1.0,1.0032280683517456,0,0,0.0,0.0,0.0,-0.006522711832076311,0.0,-0.022273628041148186
1099,14,21,1.0,1.0031267404556274,0,0,0.0,0.0,0.0,-0.0063588679768145084,0.0,-0.022191446274518967
1100,14,22,1.0,1.0046521425247192,0,0,0.0,0.0,0.0,-0.006902817636728287,0.0,-0.026277566328644753
1101,14,23,1.0,1.0046330690383911,0,0,-0.25,0.0,0.0,-0.006883116438984871,0.0,-0.02617757022380829
1102,14,24,1.0,1.0058372020721436,0,0,0.0,0.0,0.0,-0.01591009832918644,0.0,0.004710030741989613
1103,14,25,1.0,1.0013009309768677,0,0,0.0,0.0,0.0,-0.007267409469932318,0.0,0.013738453388214111
1104,14,26,1.0,1.0004974603652954,0,0,0.0,0.0,0.0,-0.0032928355503827333,0.0,0.02976594679057598
1105,14,27,1.0,1.0005139112472534,0,0,0.0,0.0,0.0,-0.0015231783036142588,0.0,0.03228461369872093
1106,14,28,1.0,0.9999508261680603,0,0,0.0,0.0,0.0,-0.0005770768621005118,0.0,0.022439364343881607
1107,14,29,1.0,0.9998782873153687,0,0,0.0,0.0,0.0,-0.0003731966717168689,0.0,0.022511089220643044
1108,14,30,1.0,0.9982927441596985,0,0,0.0,0.0,0.0,0.0003221884253434837,0.0,0.021391164511442184
1109,14,31,1.0,0.9982661008834839,0,0,0.0,0.0,0.0,0.0003483001491986215,0.0,0.021488742902874947
1110,14,32,1.0,0.9980358481407166,0,0,-0.25,0.0,0.0,0.00010032713180407882,0.0,0.021034155040979385
1111,14,33,1.0,0.9961150288581848,0,0,0.0,0.0,0.0,-0.008516700007021427,0.0,-0.02879655919969082
1112,14,34,1.0,0.9904720783233643,0,0,0.0,0.0,0.0,-0.003515278920531273,0.0,-0.03110186941921711
1113,14,35,1.0,0.9915828704833984,0,0,0.0,0.0,0.0,0.0005593922105617821,0.0,-0.025191858410835266
1114,14,36,1.0,0.9871076941490173,0,0,0.0,0.0,0.0,-0.00011660653399303555,0.0,-0.04415513202548027
1115,14,37,1.0,0.9866348505020142,0,0,0.0,0.0,0.0,0.00037838058779016137,0.0,-0.045425474643707275
1116,14,38,1.0,0.9870803952217102,0,0,0.0,0.0,0.0,0.0010309834033250809,0.0,-0.04725430905818939
1117,14,39,1.0,0.986971914768219,0,0,0.0,0.0,0.0,0.0010907023679465055,0.0,-0.04726789519190788
1118,14,40,1.0,0.9867624044418335,0,0,0.0,0.0,0.0,0.0012020622380077839,0.0,-0.04864100366830826
1119,14,41,1.0,0.9867441058158875,0,0,0.0,0.0,-0.5,0.0012067579664289951,0.0,-0.04857868328690529
1120,14,42,1.0,0.9817811250686646,0,0,0.0,0.0,-0.5,-0.0012242067605257034,0.0,-0.5102785229682922
1121,14,43,1.0,0.992867648601532,0,0,0.0,0.0,-0.5,-0.0015186662785708904,0.0,-0.5719230771064758
1122,14,44,1.0,0.9968239068984985,0,0,0.0,0.0,-0.5,0.0028167911805212498,0.0,-0.5804157257080078
1123,14,45,1.0,0.9981279373168945,0,0,0.0,0.0,-0.5,-0.0021336625795811415,0.0,-0.5898240208625793
1124,14,46,1.0,0.9994171261787415,0,0,0.0,0.0,-0.5,0.0004971471498720348,0.0,-0.564868688583374
1125,14,47,1.0,0.9976303577423096,0,0,0.0,0.0,-0.5,-0.004306701477617025,0.0,-0.5335469841957092
1126,14,48,1.0,0.9868299961090088,0,0,0.0,0.0,-0.5,0.0011592034716159105,0.0,-0.2904040217399597
1127,14,49,1.0,0.9948033094406128,0,0,0.0,0.0,-0.5,0.00045767839765176177,0.0,-0.13353419303894043
1128,14,50,1.0,0.9944285750389099,0,0,0.0,0.0,-0.5,8.425308624282479e-05,0.0,-0.045646004378795624
1129,14,51,1.0,0.9965152740478516,0,0,0.0,0.0,0.0,0.0006755096255801618,0.0,-0.03089304454624653
1130,14,52,1.0,0.9983014464378357,0,0,0.0,0.0,0.0,0.0019411067478358746,0.0,-0.02128978818655014
1131,14,53,1.0,0.998437225818634,0,0,0.0,0.0,0.0,0.0019859035965055227,0.0,-0.018949458375573158
1132,14,54,1.0,0.9983714818954468,0,0,0.0,0.0,0.0,0.0019464234355837107,0.0,-0.005112075246870518
1133,14,55,1.0,0.9983810782432556,0,0,0.0,0.0,0.0,0.0019603725522756577,0.0,-0.004789118655025959
1134,14,56,2.0,0.9993001818656921,1,0,0.0,0.0,0.0,0.0009405174641869962,0.0,-0.017258837819099426
1135,14,57,2.0,1.0545026063919067,1,0,0.0,0.0,0.0,0.003115173429250717,0.0,-0.05129823461174965
1136,14,58,2.0,1.0542359352111816,1,0,0.0,0.0,0.0,0.00089579465566203,0.0,-0.010753512382507324
1137,14,59,2.0,1.0366854667663574,1,0,0.0,0.0,0.0,0.002216252963989973,0.0,-0.05339920148253441
1138,14,60,2.0,1.0280038118362427,1,0,0.0,0.0,0.0,0.0009953030385077,0.0,-0.027903957292437553
1139,14,61,2.0,1.023207426071167,1,0,0.0,0.0,0.0,0.001963228452950716,0.0,-0.029027855023741722
1140,14,62,2.0,1.0186653137207031,1,0,0.0,0.0,0.0,0.0009799401741474867,0.0,-0.05494062975049019
1141,14,63,1.0,1.0131683349609375,0,0,0.0,0.0,0.0,0.0006338899838738143,0.0,-0.06884992122650146
1142,14,64,1.0,1.005670189857483,0,0,0.0,0.0,0.0,-0.0012538556475192308,0.0,-0.066050224006176
1143,14,65,1.0,1.0028752088546753,0,0,0.0,0.0,0.0,-0.0015091755194589496,0.0,-0.04732958972454071
1144,14,66,1.0,0.9987581968307495,0,0,0.0,0.0,0.0,-0.0013386792270466685,0.0,0.019142592325806618
1145,14,67,1.0,0.9960737228393555,0,0,0.0,0.0,0.0,0.00017781980568543077,0.0,0.1412992775440216
1146,14,68,1.0,0.9951876401901245,0,0,0.0,0.0,0.0,0.001207519555464387,0.0,0.276155948638916
1147,14,69,1.0,0.9962813854217529,0,0,0.0,0.0,0.0,0.0020852836314588785,0.0,0.39294376969337463
1148,14,70,1.0,0.9976672530174255,0,0,0.0,0.0,0.5,0.0010348230134695768,0.0,0.3812997043132782
1149,14,71,1.0,0.9953734278678894,0,0,0.0,0.0,0.5,0.002155689289793372,0.0,0.5174334645271301
1150,14,72,1.0,0.9945659637451172,0,0,0.0,0.0,0.5,0.002760157687589526,0.0,0.5373941659927368
1151,14,73,1.0,0.9960119724273682,0,0,0.0,0.0,0.5,0.0022134515456855297,0.0,0.5506308674812317
1152,14,74,1.0,1.0004023313522339,0,0,0.0,0.0,0.5,0.0020957032684236765,0.0,0.5506757497787476
1153,14,75,1.0,1.003942847251892,0,0,0.0,0.0,0.5,0.0021476522088050842,0.0,0.5288342237472534
1154,14,76,1.0,1.0019983053207397,0,0,0.0,0.0,0.5,0.0029891030862927437,0.0,0.5367448329925537
1155,14,77,1.0,0.9998918771743774,0,0,0.0,0.0,0.5,0.0032569454051554203,0.0,0.5328533053398132
1156,14,78,1.0,0.9985857605934143,0,0,0.0,0.0,0.5,0.0033140587620437145,0.0,0.5407571196556091
1157,14,79,1.0,0.9966949820518494,0,0,0.0,0.0,0.5,0.001942661590874195,0.0,0.5269231200218201
1158,15,0,1.0,0.9966885447502136,0,0,0.0,0.0,0.0,0.18675708770751953,0.0,0.0067710005678236485
1159,15,1,1.0,0.9965722560882568,0,0,0.0,0.0,0.0,0.1829456239938736,0.0,-0.0021518312860280275
1160,15,2,1.0,0.9949862360954285,0,0,0.0,0.0,0.0,0.18804624676704407,0.0,0.004303637892007828
1161,15,3,1.0,0.9948445558547974,0,0,0.0,0.0,0.0,0.1891709864139557,0.0,0.006197510752826929
1162,15,4,1.0,0.9943950772285461,0,0,0.0,0.0,0.0,0.1913982778787613,0.0,0.009045192040503025
1163,15,5,1.0,0.9943807721138,0,0,0.0,0.0,0.0,0.1916227787733078,0.0,0.009568750858306885
1164,15,6,1.0,0.9943811893463135,0,0,0.0,0.0,0.0,0.19246026873588562,0.0,0.009133845567703247
1165,15,7,1.0,0.9943810105323792,0,0,0.0,0.0,0.0,0.19250060617923737,0.0,0.009292038157582283
1166,15,8,1.0,0.9947693347930908,0,0,0.0,0.0,0.0,0.1931251734495163,0.0,0.00945618748664856
1167,15,9,1.0,0.9947696328163147,0,0,0.25,0.0,0.0,0.1931336671113968,0.0,0.009502744302153587
1168,15,10,1.0,0.9905333518981934,0,0,0.25,0.0,0.0,0.22714416682720184,0.0,0.0017802073853090405
1169,15,11,1.0,0.9903104305267334,0,0,0.25,0.0,0.0,0.24332965910434723,0.0,-0.001742265885695815
1170,15,12,1.0,0.9860672950744629,0,0,0.25,0.0,0.0,0.2528858482837677,0.0,-0.007168684154748917
1171,15,13,1.0,0.9886189699172974,0,0,0.25,0.0,0.0,0.25812533497810364,0.0,-0.012109030969440937
1172,15,14,1.0,0.9907354712486267,0,0,0.25,0.0,0.0,0.26432663202285767,0.0,-0.01688399352133274
1173,15,15,1.0,0.9917915463447571,0,0,0.25,0.0,0.0,0.2685208320617676,0.0,-0.014249053783714771
1174,15,16,1.0,0.9945880174636841,0,0,0.25,0.0,0.0,0.2707625925540924,0.0,-0.027093524113297462
1175,15,17,1.0,0.9937351942062378,0,0,0.25,0.0,0.0,0.26474711298942566,0.0,-0.029025426134467125
1176,15,18,1.0,1.0004183053970337,0,0,0.25,0.0,0.0,0.22430159151554108,0.0,-0.033527128398418427
1177,15,19,1.0,1.0071698427200317,0,0,0.25,0.0,0.0,0.09525226056575775,0.0,-0.043679751455783844
1178,15,20,1.0,1.0033167600631714,0,0,0.0,0.0,0.0,0.04464361071586609,0.0,-0.034143563359975815
1179,15,21,1.0,1.0026860237121582,0,0,0.0,0.0,0.0,0.020877951756119728,0.0,-0.01981712132692337
1180,15,22,1.0,1.0043119192123413,0,0,0.0,0.0,0.0,0.014033639803528786,0.0,-0.012946349568665028
1181,15,23,1.0,1.004907250404358,0,0,0.0,0.0,0.0,0.008961757645010948,0.0,-0.011239814572036266
1182,15,24,1.0,1.0037373304367065,0,0,0.0,0.0,0.0,0.006612951401621103,0.0,-0.008553820662200451
1183,15,25,1.0,1.0038681030273438,0,0,0.0,0.0,0.0,0.0061334664933383465,0.0,-0.008864421397447586
1184,15,26,1.0,1.0033124685287476,0,0,0.0,0.0,0.0,0.005841302685439587,0.0,-0.006834723055362701
1185,15,27,1.0,1.0033459663391113,0,0,0.0,0.0,0.0,0.005778640042990446,0.0,-0.006987191736698151
1186,15,28,1.0,1.0038410425186157,0,0,0.25,0.0,0.0,0.006810869090259075,0.0,-0.01035457756370306
1187,15,29,1.0,0.999594509601593,0,0,0.0,0.0,0.0,0.019077874720096588,0.0,-0.007931208238005638
1188,15,30,1.0,1.0001509189605713,0,0,0.0,0.0,0.0,0.010333170183002949,0.0,0.02186269499361515
1189,15,31,1.0,1.0003453493118286,0,0,0.0,0.0,0.0,0.006424525287002325,0.0,0.016757110133767128
1190,15,32,1.0,0.9992843866348267,0,0,0.0,0.0,0.0,0.0046151187270879745,0.0,0.00651207659393549
1191,15,33,1.0,0.9993074536323547,0,0,0.0,0.0,0.0,0.003964582458138466,0.0,0.004495499189943075
1192,15,34,1.0,0.9931615591049194,0,0,0.0,0.0,0.0,0.003642108291387558,0.0,-0.019825639203190804
1193,15,35,1.0,0.9931502342224121,0,0,0.0,0.0,0.0,0.003550449386239052,0.0,-0.020272579044103622
1194,15,36,1.0,0.9966045022010803,0,0,0.25,0.0,0.0,0.004019140265882015,0.0,-0.01737508364021778
1195,15,37,1.0,0.9835097193717957,0,0,0.0,0.0,0.0,0.01682676188647747,0.0,-0.04268132522702217
1196,15,38,1.0,0.9840649366378784,0,0,0.0,0.0,0.0,0.01106980163604021,0.0,-0.039122771471738815
1197,15,39,1.0,0.9856083989143372,0,0,0.0,0.0,0.0,0.006606546696275473,0.0,-0.03504879027605057
1198,15,40,1.0,0.9866023063659668,0,0,0.0,0.0,0.0,0.003693748265504837,0.0,-0.04289501532912254
1199,15,41,1.0,0.9866505861282349,0,0,0.0,0.0,0.0,0.0029528122395277023,0.0,-0.04494280740618706
1200,15,42,1.0,0.9853821992874146,0,0,0.0,0.0,0.0,0.0038874861784279346,0.0,-0.059441786259412766
1201,15,43,1.0,0.9853769540786743,0,0,0.0,0.0,0.0,0.003768397495150566,0.0,-0.0599895603954792
1202,15,44,1.0,0.9848904013633728,0,0,0.0,0.0,0.0,0.0033852271735668182,0.0,-0.0631769597530365
1203,15,45,1.0,0.9848970174789429,0,0,0.0,0.0,0.0,0.0033640647307038307,0.0,-0.0631774365901947
1204,15,46,1.0,0.9874981641769409,0,0,0.0,0.0,-0.5,0.0039796847850084305,0.0,-0.06069814786314964
1205,15,47,1.0,0.9840214252471924,0,0,0.0,0.0,-0.5,0.0006339382962323725,0.0,-0.5314639210700989
1206,15,48,1.0,0.9948130249977112,0,0,0.0,0.0,-0.5,0.000577970698941499,0.0,-0.5938812494277954
1207,15,49,1.0,0.9989805221557617,0,0,0.0,0.0,-0.5,-0.0006857567350380123,0.0,-0.5962690711021423
1208,15,50,1.0,0.9974839091300964,0,0,0.0,0.0,-0.5,0.0018522120080888271,0.0,-0.5969854593276978
1209,15,51,1.0,0.9950598478317261,0,0,0.0,0.0,-0.5,0.0021372297778725624,0.0,-0.5752291679382324
1210,15,52,1.0,0.9857868552207947,0,0,0.0,0.0,-0.5,0.0016636045183986425,0.0,-0.49999865889549255
1211,15,53,1.0,0.9883381128311157,0,0,0.0,0.0,-0.5,0.0013354034163057804,0.0,-0.30245164036750793
1212,15,54,1.0,0.993876576423645,0,0,0.0,0.0,-0.5,0.002002295106649399,0.0,-0.07601114362478256
1213,15,55,1.0,0.9956351518630981,0,0,0.0,0.0,-0.5,0.001392177538946271,0.0,-0.053097039461135864
1214,15,56,1.0,0.9954245090484619,0,0,0.0,0.0,0.0,0.0020219776779413223,0.0,-0.008187731727957726
1215,15,57,1.0,0.9957582950592041,0,0,0.0,0.0,0.0,0.0020636997651308775,0.0,-0.004764136858284473
1216,15,58,1.0,0.9966412782669067,0,0,0.0,0.0,0.0,0.0015511682722717524,0.0,-0.0027725633699446917
1217,15,59,1.0,0.996694028377533,0,0,0.0,0.0,0.0,0.001558974152430892,0.0,-0.002014067256823182
1218,15,60,1.0,0.9974360466003418,0,0,0.0,0.0,0.0,0.001453604782000184,0.0,0.0029263407923281193
1219,15,61,2.0,0.9974463582038879,1,0,0.0,0.0,0.0,0.001455394085496664,0.0,0.0030808867886662483
1220,15,62,2.0,1.0499956607818604,1,0,0.0,0.0,0.0,0.003938925918191671,0.0,0.008147126995027065
1221,15,63,2.0,1.0603935718536377,1,0,0.0,0.0,0.0,0.002150351880118251,0.0,-0.05621344968676567
1222,15,64,2.0,1.0495593547821045,1,0,0.0,0.0,0.0,0.0028176605701446533,0.0,-0.06018170341849327
1223,15,65,2.0,1.0393577814102173,1,0,0.0,0.0,0.0,0.0020800854545086622,0.0,-0.04834362119436264
1224,15,66,2.0,1.032159447669983,1,0,0.0,0.0,0.0,0.0018822839483618736,0.0,-0.0361923985183239
1225,15,67,2.0,1.026806116104126,1,0,0.0,0.0,0.0,0.002011549659073353,0.0,-0.0385797843337059
1226,15,68,2.0,1.0231640338897705,1,0,0.0,0.0,0.0,0.002024080604314804,0.0,-0.05965958908200264
1227,15,69,1.0,1.0169117450714111,0,0,0.0,0.0,0.0,0.002611471340060234,0.0,-0.06579950451850891
1228,15,70,1.0,1.0149071216583252,0,0,0.0,0.0,0.0,0.002300011459738016,0.0,-0.04666582867503166
1229,15,71,1.0,1.012510895729065,0,0,0.0,0.0,0.0,0.002474695211276412,0.0,-0.024340536445379257
1230,15,72,1.0,0.9980382919311523,0,0,0.0,0.0,0.0,0.002496850211173296,0.0,0.09548381716012955
1231,15,73,1.0,0.9917945861816406,0,0,0.0,0.0,0.0,0.0018634784501045942,0.0,0.2680877149105072
1232,15,74,1.0,0.9891772866249084,0,0,0.0,0.0,0.5,0.0015091740060597658,0.0,0.4047042727470398
1233,15,75,1.0,0.9933807253837585,0,0,0.0,0.0,0.5,0.0021807015873491764,0.0,0.5243819355964661
1234,15,76,1.0,0.9929051995277405,0,0,0.0,0.0,0.5,0.002481147414073348,0.0,0.5227399468421936
1235,15,77,1.0,0.994469165802002,0,0,0.0,0.0,0.5,0.0027068110648542643,0.0,0.5321851968765259
1236,15,78,1.0,0.9968791604042053,0,0,0.0,0.0,0.5,0.0030948827043175697,0.0,0.5457679629325867
1237,15,79,1.0,0.9958963394165039,0,0,0.0,0.0,0.5,0.002378928940743208,0.0,0.5399558544158936
1238,15,80,1.0,0.9948912262916565,0,0,0.0,0.0,0.5,0.003561625722795725,0.0,0.547646164894104
1239,15,81,1.0,0.9956285953521729,0,0,0.0,0.0,0.5,0.004402689170092344,0.0,0.5424344539642334
1240,15,82,1.0,0.9943581223487854,0,0,0.0,0.0,0.5,0.0045930733904242516,0.0,0.5369421243667603
1241,15,83,1.0,0.9948122501373291,0,0,0.0,0.0,0.5,0.004311379045248032,0.0,0.5413355827331543
1242,16,0,1.0,0.9955040216445923,0,0,0.0,0.0,0.0,-0.20612256228923798,0.0,0.015053324401378632
1243,16,1,1.0,0.9950949549674988,0,0,0.0,0.0,0.0,-0.21081264317035675,0.0,0.011610846035182476
1244,16,2,1.0,0.9951745271682739,0,0,0.0,0.0,0.0,-0.21031080186367035,0.0,0.013065275736153126
1245,16,3,1.0,0.995262086391449,0,0,0.0,0.0,0.0,-0.2089906483888626,0.0,0.013457706198096275
1246,16,4,1.0,0.994620680809021,0,0,0.0,0.0,0.0,-0.20981642603874207,0.0,0.012325607240200043
1247,16,5,1.0,0.9946209192276001,0,0,0.0,0.0,0.0,-0.20960001647472382,0.0,0.012503355741500854
1248,16,6,1.0,0.994215726852417,0,0,0.0,0.0,0.0,-0.20880526304244995,0.0,0.014407952316105366
1249,16,7,1.0,0.9942118525505066,0,0,0.0,0.0,0.0,-0.2087746262550354,0.0,0.014467761851847172
1250,16,8,1.0,0.9941926002502441,0,0,0.0,0.0,0.0,-0.20741644501686096,0.0,0.013497374951839447
1251,16,9,1.0,0.9941903948783875,0,0,0.0,0.0,0.0,-0.2074117213487625,0.0,0.01351440604776144
1252,16,10,1.0,0.9941068887710571,0,0,-0.25,0.0,0.0,-0.21264903247356415,0.0,0.00681514386087656
1253,16,11,1.0,0.9913722276687622,0,0,-0.25,0.0,0.0,-0.2460315078496933,0.0,0.00934123806655407
1254,16,12,1.0,0.9899969100952148,0,0,-0.25,0.0,0.0,-0.2675497829914093,0.0,-0.007602638565003872
1255,16,13,1.0,0.9917231798171997,0,0,-0.25,0.0,0.0,-0.27310165762901306,0.0,-0.01295501459389925
1256,16,14,1.0,0.9910919070243835,0,0,-0.25,0.0,0.0,-0.2852057218551636,0.0,-0.01626124605536461
1257,16,15,1.0,0.9899699687957764,0,0,-0.25,0.0,0.0,-0.286721408367157,0.0,-0.01596713252365589
1258,16,16,1.0,0.989354133605957,0,0,-0.25,0.0,0.0,-0.29442161321640015,0.0,-0.019984303042292595
1259,16,17,1.0,0.9878467321395874,0,0,-0.25,0.0,0.0,-0.29783549904823303,0.0,-0.018256423994898796
1260,16,18,1.0,0.9907001256942749,0,0,-0.25,0.0,0.0,-0.2962242662906647,0.0,-0.024584494531154633
1261,16,19,1.0,0.9895486831665039,0,0,-0.25,0.0,0.0,-0.2888372838497162,0.0,-0.027554353699088097
1262,16,20,1.0,0.9844541549682617,0,0,-0.25,0.0,0.0,-0.2061113864183426,0.0,-0.0073101213201880455
1263,16,21,1.0,0.9990055561065674,0,0,-0.25,0.0,0.0,-0.06739086657762527,0.0,-0.007030232809484005
1264,16,22,1.0,1.0056132078170776,0,0,0.0,0.0,0.0,-0.026414083316922188,0.0,-0.002362504368647933
1265,16,23,1.0,1.0033835172653198,0,0,0.0,0.0,0.0,-0.014495168812572956,0.0,-0.007444907911121845
1266,16,24,1.0,0.9995261430740356,0,0,0.0,0.0,0.0,-0.0025494545698165894,0.0,0.012427601031959057
1267,16,25,1.0,0.9997227191925049,0,0,0.0,0.0,0.0,-0.0024495930410921574,0.0,-0.0001600345131009817
1268,16,26,1.0,1.000095248222351,0,0,0.0,0.0,0.0,0.000908923742827028,0.0,-0.0005625088233500719
1269,16,27,1.0,0.9998810291290283,0,0,0.0,0.0,0.0,0.0011913944035768509,0.0,-0.0009753454942256212
1270,16,28,1.0,0.9995018243789673,0,0,0.0,0.0,0.0,0.001225701766088605,0.0,0.006306991446763277
1271,16,29,1.0,0.9994474649429321,0,0,0.0,0.0,0.0,0.0012623639777302742,0.0,0.006328999064862728
1272,16,30,1.0,1.0002561807632446,0,0,-0.25,0.0,0.0,0.0008361873333342373,0.0,0.001013780478388071
1273,16,31,1.0,0.9969444274902344,0,0,0.0,0.0,0.0,-0.005476899910718203,0.0,-0.02383306249976158
1274,16,32,1.0,0.9911256432533264,0,0,0.0,0.0,0.0,-0.0022708415053784847,0.0,-0.028583018109202385
1275,16,33,1.0,0.9904425740242004,0,0,0.0,0.0,0.0,0.0008565127500332892,0.0,-0.032790035009384155
1276,16,34,1.0,0.9870519042015076,0,0,0.0,0.0,0.0,0.0014528159517794847,0.0,-0.05775223672389984
1277,16,35,1.0,0.9866884350776672,0,0,0.0,0.0,0.0,0.0018805579748004675,0.0,-0.059372466057538986
1278,16,36,1.0,0.9858786463737488,0,0,0.0,0.0,0.0,0.0013085047248750925,0.0,-0.0658724457025528
1279,16,37,1.0,0.9857938885688782,0,0,0.0,0.0,0.0,0.0013649635948240757,0.0,-0.06607978045940399
1280,16,38,1.0,0.985210120677948,0,0,0.0,0.0,0.0,0.001542427809908986,0.0,-0.06269571930170059
1281,16,39,1.0,0.985196053981781,0,0,0.0,0.0,-0.5,0.0015442031435668468,0.0,-0.06262741982936859
1282,16,40,1.0,0.9814308881759644,0,0,0.0,0.0,-0.5,-0.0020923202391713858,0.0,-0.5022919774055481
1283,16,41,1.0,0.991478681564331,0,0,0.0,0.0,-0.5,-0.002444642363116145,0.0,-0.5632919669151306
1284,16,42,1.0,0.9988542795181274,0,0,0.0,0.0,-0.5,-0.0008187433122657239,0.0,-0.5499645471572876
1285,16,43,1.0,1.0008069276809692,0,0,0.0,0.0,-0.5,-0.00044611748307943344,0.0,-0.5667320489883423
1286,16,44,1.0,0.9992926716804504,0,0,0.0,0.0,-0.5,0.0005551014910452068,0.0,-0.5479030013084412
1287,16,45,1.0,0.9930129647254944,0,0,0.0,0.0,-0.5,-0.0012774989008903503,0.0,-0.4936491549015045
1288,16,46,1.0,0.9872881174087524,0,0,0.0,0.0,-0.5,2.5640998501330614e-05,0.0,-0.27286380529403687
1289,16,47,1.0,0.9930791854858398,0,0,0.0,0.0,-0.5,-0.00040587427793070674,0.0,-0.12681102752685547
1290,16,48,1.0,0.9927586913108826,0,0,0.0,0.0,-0.5,0.0007242251303978264,0.0,-0.048740264028310776
1291,16,49,1.0,0.994281530380249,0,0,0.0,0.0,0.0,0.0009123703348450363,0.0,-0.03324474021792412
1292,16,50,1.0,0.9955192804336548,0,0,0.0,0.0,0.0,0.0016433035489171743,0.0,-0.014081156812608242
1293,16,51,1.0,0.995987057685852,0,0,0.0,0.0,0.0,0.001583924051374197,0.0,-0.012027458287775517
1294,16,52,1.0,0.9959774613380432,0,0,0.0,0.0,0.0,0.0020676185376942158,0.0,-0.009879255667328835
1295,16,53,1.0,0.9959777593612671,0,0,0.0,0.0,0.0,0.002086711348965764,0.0,-0.009399640373885632
1296,16,54,1.0,0.9960471987724304,0,0,0.0,0.0,0.0,0.002092061098664999,0.0,-0.0008605548646301031
1297,16,55,2.0,0.9960238337516785,1,0,0.0,0.0,0.0,0.002100714948028326,0.0,-0.0009079629089683294
1298,16,56,2.0,1.0467374324798584,1,0,0.0,0.0,0.0,0.0033807079307734966,0.0,-0.03356892615556717
1299,16,57,2.0,1.0380362272262573,1,0,0.0,0.0,0.0,-0.0003433909732848406,0.0,-0.017831429839134216
1300,16,58,2.0,1.0307402610778809,1,0,0.0,0.0,0.0,0.0026617723051458597,0.0,-0.06701330095529556
1301,16,59,2.0,1.0354598760604858,1,0,0.0,0.0,0.0,0.0014212203677743673,0.0,0.005649067461490631
1302,16,60,1.0,1.026404619216919,0,0,0.0,0.0,0.0,0.002226077252998948,0.0,-0.027408353984355927
1303,16,61,1.0,1.0218496322631836,0,0,0.0,0.0,0.0,0.002681549871340394,0.0,-0.018095334991812706
1304,16,62,1.0,1.0185656547546387,0,0,0.0,0.0,0.0,0.0005183193716220558,0.0,-0.04587284103035927
1305,16,63,1.0,1.014147162437439,0,0,0.0,0.0,0.0,0.0013845744542777538,0.0,-0.03938346728682518
1306,16,64,1.0,1.0118681192398071,0,0,0.0,0.0,0.0,0.0013287847395986319,0.0,-0.05548634007573128
1307,16,65,1.0,1.0074589252471924,0,0,0.0,0.0,0.0,-0.00041680893627926707,0.0,-0.051064323633909225
1308,16,66,1.0,1.0037856101989746,0,0,0.0,0.0,0.0,-1.9017315935343504e-05,0.0,0.005263512022793293
1309,16,67,1.0,1.0012766122817993,0,0,0.0,0.0,0.0,0.0055134715512394905,0.0,0.26933813095092773
1310,16,68,1.0,1.0002695322036743,0,0,0.0,0.0,0.0,0.0027638908941298723,0.0,0.358455091714859
1311,16,69,1.0,0.9988497495651245,0,0,0.0,0.0,0.5,0.004818545188754797,0.0,0.40500113368034363
1312,16,70,1.0,0.9957519173622131,0,0,0.0,0.0,0.5,0.0026832204312086105,0.0,0.5020412802696228
1313,16,71,1.0,0.9974181652069092,0,0,0.0,0.0,0.5,0.0027094411198049784,0.0,0.5085955858230591
1314,16,72,1.0,0.9983969330787659,0,0,0.0,0.0,0.5,0.002524040173739195,0.0,0.5441758632659912
1315,16,73,1.0,1.0012047290802002,0,0,0.0,0.0,0.5,0.00218740152195096,0.0,0.5293466448783875
1316,16,74,1.0,1.0027738809585571,0,0,0.0,0.0,0.5,0.0025769390631467104,0.0,0.5288336277008057
1317,16,75,1.0,1.0003471374511719,0,0,0.0,0.0,0.5,0.0033375066705048084,0.0,0.5297371745109558
1318,16,76,1.0,0.9964330792427063,0,0,0.0,0.0,0.5,0.004525449592620134,0.0,0.5419960021972656
1319,16,77,1.0,0.9961844682693481,0,0,0.0,0.0,0.5,0.004024810157716274,0.0,0.5421403646469116
1320,16,78,1.0,0.9962327480316162,0,0,0.0,0.0,0.5,0.004071708768606186,0.0,0.537718653678894
1321,17,0,1.0,0.9829992651939392,0,0,0.0,0.0,0.0,0.21127165853977203,0.0,-0.0018273836467415094
1322,17,1,1.0,0.980734646320343,0,0,0.0,0.0,0.0,0.20659668743610382,0.0,-0.011742768809199333
1323,17,2,1.0,0.9833104610443115,0,0,0.0,0.0,0.0,0.20901477336883545,0.0,-0.00751989521086216
1324,17,3,1.0,0.9834702610969543,0,0,0.0,0.0,0.0,0.21066080033779144,0.0,-0.004549393430352211
1325,17,4,1.0,0.9837440848350525,0,0,0.0,0.0,0.0,0.2123667150735855,0.0,-0.0034589723218232393
1326,17,5,1.0,0.9837465882301331,0,0,0.0,0.0,0.0,0.21274720132350922,0.0,-0.0028425182681530714
1327,17,6,1.0,0.9844256639480591,0,0,0.0,0.0,0.0,0.21534833312034607,0.0,-0.002072767121717334
1328,17,7,1.0,0.984424352645874,0,0,0.0,0.0,0.0,0.21542192995548248,0.0,-0.0018773919437080622
1329,17,8,1.0,0.984885573387146,0,0,0.0,0.0,0.0,0.21551108360290527,0.0,8.845748379826546e-05
1330,17,9,1.0,0.98488450050354,0,0,0.25,0.0,0.0,0.2155260592699051,0.0,0.00014646188355982304
1331,17,10,1.0,0.98615562915802,0,0,0.25,0.0,0.0,0.2556802034378052,0.0,-0.012735201977193356
1332,17,11,1.0,0.9886758327484131,0,0,0.25,0.0,0.0,0.26311397552490234,0.0,-0.027593377977609634
1333,17,12,1.0,0.9959665536880493,0,0,0.25,0.0,0.0,0.22738906741142273,0.0,-0.031326569616794586
1334,17,13,1.0,1.0040520429611206,0,0,0.25,0.0,0.0,0.11215760558843613,0.0,-0.021181080490350723
1335,17,14,1.0,0.9995536208152771,0,0,0.0,0.0,0.0,0.039322007447481155,0.0,-0.026455584913492203
1336,17,15,1.0,1.0002574920654297,0,0,0.0,0.0,0.0,0.014909055083990097,0.0,0.017739910632371902
1337,17,16,1.0,1.0032533407211304,0,0,0.0,0.0,0.0,0.010168290697038174,0.0,0.03709196299314499
1338,17,17,1.0,1.0040545463562012,0,0,0.0,0.0,0.0,0.007766841910779476,0.0,0.03893968462944031
1339,17,18,1.0,1.0010981559753418,0,0,0.0,0.0,0.0,0.004622218199074268,0.0,0.031875163316726685
1340,17,19,1.0,1.0011943578720093,0,0,0.0,0.0,0.0,0.004272534046322107,0.0,0.03100237064063549
1341,17,20,1.0,1.0012660026550293,0,0,0.0,0.0,0.0,0.005069232080131769,0.0,0.02188468724489212
1342,17,21,1.0,1.001291036605835,0,0,0.0,0.0,0.0,0.005023823119699955,0.0,0.02166343852877617
1343,17,22,1.0,1.0002402067184448,0,0,0.0,0.0,0.0,0.00535197788849473,0.0,0.0244950782507658
1344,17,23,1.0,1.0002492666244507,0,0,0.25,0.0,0.0,0.005344828125089407,0.0,0.02447705902159214
1345,17,24,1.0,0.992694079875946,0,0,0.0,0.0,0.0,0.013650956563651562,0.0,-0.018085937947034836
1346,17,25,1.0,0.9916515350341797,0,0,0.0,0.0,0.0,0.00760787446051836,0.0,-0.007251698523759842
1347,17,26,1.0,0.9881342649459839,0,0,0.0,0.0,0.0,0.0050658960826694965,0.0,-0.019887642934918404
1348,17,27,1.0,0.9889172315597534,0,0,0.0,0.0,0.0,0.0035129422321915627,0.0,-0.020095594227313995
1349,17,28,1.0,0.9879608154296875,0,0,0.0,0.0,0.0,0.002483655698597431,0.0,-0.02947777323424816
1350,17,29,1.0,0.9880972504615784,0,0,0.0,0.0,0.0,0.002234447980299592,0.0,-0.03017924539744854
1351,17,30,1.0,0.9893544912338257,0,0,0.0,0.0,0.0,0.001566725317388773,0.0,-0.03992351517081261
1352,17,31,1.0,0.989382803440094,0,0,0.0,0.0,-0.5,0.001527632586658001,0.0,-0.0401323102414608
1353,17,32,1.0,0.9831436276435852,0,0,0.0,0.0,-0.5,-0.0031144870445132256,0.0,-0.5399854779243469
1354,17,33,1.0,0.9915298819541931,0,0,0.0,0.0,-0.5,-0.0006495946436189115,0.0,-0.6025046110153198
1355,17,34,1.0,0.9993137121200562,0,0,0.0,0.0,-0.5,-0.002236151834949851,0.0,-0.6065296530723572
1356,17,35,1.0,1.0024875402450562,0,0,0.0,0.0,-0.5,-0.002559737768024206,0.0,-0.5958337187767029
1357,17,36,1.0,0.9956367015838623,0,0,0.0,0.0,-0.5,0.00021383288549259305,0.0,-0.5636148452758789
1358,17,37,1.0,0.9853962659835815,0,0,0.0,0.0,-0.5,0.00011952657951042056,0.0,-0.5153314471244812
1359,17,38,1.0,0.9859004020690918,0,0,0.0,0.0,-0.5,0.001237989403307438,0.0,-0.23489364981651306
1360,17,39,1.0,0.993391215801239,0,0,0.0,0.0,-0.5,0.0022174217738211155,0.0,-0.12280391901731491
1361,17,40,1.0,0.9917553067207336,0,0,0.0,0.0,-0.5,0.00347316637635231,0.0,-0.03969927877187729
1362,17,41,1.0,0.9925122857093811,0,0,0.0,0.0,0.0,0.0038155964575707912,0.0,-0.025501608848571777
1363,17,42,1.0,0.9951995611190796,0,0,0.0,0.0,0.0,0.0028783881571143866,0.0,-0.005513500422239304
1364,17,43,1.0,0.9953572154045105,0,0,0.0,0.0,0.0,0.0029001859948039055,0.0,-0.0033662382047623396
1365,17,44,1.0,0.9948204755783081,0,0,0.0,0.0,0.0,0.0027403156273066998,0.0,0.008556988090276718
1366,17,45,2.0,0.9948328137397766,1,0,0.0,0.0,0.0,0.00274542230181396,0.0,0.009021063335239887
1367,17,46,2.0,1.0520209074020386,1,0,0.0,0.0,0.0,0.0032866760157048702,0.0,-0.013132608495652676
1368,17,47,2.0,1.0589431524276733,1,0,0.0,0.0,0.0,0.0019073281437158585,0.0,-0.01027807965874672
1369,17,48,2.0,1.0451953411102295,1,0,0.0,0.0,0.0,0.0038693491369485855,0.0,-0.06728918105363846
1370,17,49,2.0,1.0371754169464111,1,0,0.0,0.0,0.0,0.003109842073172331,0.0,-0.040104541927576065
1371,17,50,2.0,1.0290037393569946,1,0,0.0,0.0,0.0,0.0040685092099010944,0.0,-0.02036251686513424
1372,17,51,1.0,1.0217229127883911,0,0,0.0,0.0,0.0,0.0033447355963289738,0.0,-0.019419239833950996
1373,17,52,1.0,1.0189208984375,0,0,0.0,0.0,0.0,0.002365419641137123,0.0,-0.04949372261762619
1374,17,53,1.0,1.0141037702560425,0,0,0.0,0.0,0.0,0.001919907284900546,0.0,-0.05970768257975578
1375,17,54,1.0,1.0114187002182007,0,0,0.0,0.0,0.0,0.0013768216595053673,0.0,-0.042562104761600494
1376,17,55,1.0,0.9973058104515076,0,0,0.0,0.0,0.0,0.0008065658039413393,0.0,0.05494638904929161
1377,17,56,1.0,0.9939377307891846,0,0,0.0,0.0,0.0,0.0014921186957508326,0.0,0.15549436211585999
1378,17,57,1.0,0.9928887486457825,0,0,0.0,0.0,0.0,0.0015900284051895142,0.0,0.339213103055954
1379,17,58,1.0,0.993696391582489,0,0,0.0,0.0,0.5,0.0011571291834115982,0.0,0.4154643714427948
1380,17,59,1.0,0.9947298765182495,0,0,0.0,0.0,0.5,0.0018360984977334738,0.0,0.5274207592010498
1381,17,60,1.0,0.9940376877784729,0,0,0.0,0.0,0.5,0.00228708959184587,0.0,0.5402683019638062
1382,17,61,1.0,0.9967808127403259,0,0,0.0,0.0,0.5,0.0027521245647221804,0.0,0.5359501838684082
1383,17,62,1.0,0.9997750520706177,0,0,0.0,0.0,0.5,0.002975816372781992,0.0,0.5410078763961792
1384,17,63,1.0,1.0011699199676514,0,0,0.0,0.0,0.5,0.0030618011951446533,0.0,0.5424238443374634
1385,17,64,1.0,0.9977763295173645,0,0,0.0,0.0,0.5,0.0033381255343556404,0.0,0.5530375838279724
1386,17,65,1.0,0.9989878535270691,0,0,0.0,0.0,0.5,0.003818289376795292,0.0,0.5497885346412659
1387,17,66,1.0,0.9958640336990356,0,0,0.0,0.0,0.5,0.0028941251803189516,0.0,0.5351813435554504
1388,17,67,1.0,0.9945882558822632,0,0,0.0,0.0,0.5,0.004064292646944523,0.0,0.5403623580932617
1389,18,0,1.0,0.9966885447502136,0,0,0.0,0.0,0.0,0.18675711750984192,0.0,0.006771034561097622
1390,18,1,1.0,0.9965723156929016,0,0,0.0,0.0,0.0,0.1829455941915512,0.0,-0.0021518052089959383
1391,18,2,1.0,0.9949862360954285,0,0,0.0,0.0,0.0,0.18804626166820526,0.0,0.004303600173443556
1392,18,3,1.0,0.9948446154594421,0,0,0.0,0.0,0.0,0.18917103111743927,0.0,0.006197454407811165
1393,18,4,1.0,0.9943951368331909,0,0,0.0,0.0,0.0,0.19139829277992249,0.0,0.009045293554663658
1394,18,5,1.0,0.9943807721138,0,0,0.0,0.0,0.0,0.191622793674469,0.0,0.009568765759468079
1395,18,6,1.0,0.9943811893463135,0,0,0.0,0.0,0.0,0.19246028363704681,0.0,0.009133894927799702
1396,18,7,1.0,0.9943810105323792,0,0,0.0,0.0,0.0,0.19250057637691498,0.0,0.009292041882872581
1397,18,8,1.0,0.9947692155838013,0,0,0.0,0.0,0.0,0.19312520325183868,0.0,0.009456101804971695
1398,18,9,1.0,0.9947696328163147,0,0,0.0,0.0,0.0,0.19313369691371918,0.0,0.009502650238573551
1399,18,10,1.0,0.9946491718292236,0,0,0.0,0.0,0.0,0.192887544631958,0.0,0.009262746199965477
1400,18,11,1.0,0.9946492910385132,0,0,0.25,0.0,0.0,0.19288940727710724,0.0,0.009275930002331734
1401,18,12,1.0,0.9902372360229492,0,0,0.25,0.0,0.0,0.2263244390487671,0.0,0.0017702706390991807
1402,18,13,1.0,0.9899634122848511,0,0,0.25,0.0,0.0,0.2423105388879776,0.0,-0.0015319010708481073
1403,18,14,1.0,0.9861630797386169,0,0,0.25,0.0,0.0,0.2530058026313782,0.0,-0.0068190982565283775
1404,18,15,1.0,0.9876893758773804,0,0,0.25,0.0,0.0,0.2590199112892151,0.0,-0.008606274612247944
1405,18,16,1.0,0.9907355308532715,0,0,0.25,0.0,0.0,0.26432669162750244,0.0,-0.016882169991731644
1406,18,17,1.0,0.9917915463447571,0,0,0.25,0.0,0.0,0.26852092146873474,0.0,-0.014248115010559559
1407,18,18,1.0,0.9945880770683289,0,0,0.25,0.0,0.0,0.27076268196105957,0.0,-0.027093015611171722
1408,18,19,1.0,0.9937353134155273,0,0,0.25,0.0,0.0,0.26474708318710327,0.0,-0.029025254771113396
1409,18,20,1.0,1.0004183053970337,0,0,0.25,0.0,0.0,0.22430163621902466,0.0,-0.03352704271674156
1410,18,21,1.0,1.0071698427200317,0,0,0.25,0.0,0.0,0.09525223821401596,0.0,-0.0436798557639122
1411,18,22,1.0,1.003316879272461,0,0,0.0,0.0,0.0,0.04464362934231758,0.0,-0.034143563359975815
1412,18,23,1.0,1.0026860237121582,0,0,0.0,0.0,0.0,0.020877938717603683,0.0,-0.019817156717181206
1413,18,24,1.0,1.0043119192123413,0,0,0.0,0.0,0.0,0.014033645391464233,0.0,-0.012946448288857937
1414,18,25,1.0,1.004907250404358,0,0,0.0,0.0,0.0,0.008961759507656097,0.0,-0.011239885352551937
1415,18,26,1.0,1.0037373304367065,0,0,0.0,0.0,0.0,0.006612963043153286,0.0,-0.008553876541554928
1416,18,27,1.0,1.0038681030273438,0,0,0.0,0.0,0.0,0.0061334967613220215,0.0,-0.008864480070769787
1417,18,28,1.0,1.0033124685287476,0,0,0.0,0.0,0.0,0.005841310601681471,0.0,-0.0068347640335559845
1418,18,29,1.0,1.0033459663391113,0,0,0.25,0.0,0.0,0.005778636783361435,0.0,-0.006987263448536396
1419,18,30,1.0,0.9977027177810669,0,0,0.0,0.0,0.0,0.01441226713359356,0.0,-0.008783940225839615
1420,18,31,1.0,0.9964768290519714,0,0,0.0,0.0,0.0,0.008578584529459476,0.0,-0.0048986515030264854
1421,18,32,1.0,0.9964091777801514,0,0,0.0,0.0,0.0,0.0057710325345396996,0.0,-0.00751075055450201
1422,18,33,1.0,0.9965444803237915,0,0,0.0,0.0,0.0,0.0043289680033922195,0.0,-0.011700538918375969
1423,18,34,1.0,0.9922462701797485,0,0,0.0,0.0,0.0,0.003666565753519535,0.0,-0.027040645480155945
1424,18,35,1.0,0.9922504425048828,0,0,0.0,0.0,0.0,0.003435553517192602,0.0,-0.028120381757616997
1425,18,36,1.0,0.9923685193061829,0,0,0.0,0.0,0.0,0.003605087287724018,0.0,-0.023019902408123016
1426,18,37,1.0,0.992365300655365,0,0,0.0,0.0,0.0,0.003567363601177931,0.0,-0.02316240593791008
1427,18,38,1.0,0.9937946796417236,0,0,0.0,0.0,-0.5,0.005410202778875828,0.0,-0.04375314712524414
1428,18,39,1.0,0.9874780178070068,0,0,0.0,0.0,-0.5,0.0024957393761724234,0.0,-0.5241289138793945
1429,18,40,1.0,0.9939612746238708,0,0,0.0,0.0,-0.5,0.0012042017187923193,0.0,-0.5919782519340515
1430,18,41,1.0,0.9951989054679871,0,0,0.0,0.0,-0.5,0.0013821597676724195,0.0,-0.602954089641571
1431,18,42,1.0,0.9978357553482056,0,0,0.0,0.0,-0.5,0.0019348438363522291,0.0,-0.5992265343666077
1432,18,43,1.0,0.9927232265472412,0,0,0.0,0.0,-0.5,0.0002836260828189552,0.0,-0.5868698358535767
1433,18,44,1.0,0.9876930713653564,0,0,0.0,0.0,-0.5,0.0007327072671614587,0.0,-0.5353655219078064
1434,18,45,1.0,0.9870765805244446,0,0,0.0,0.0,-0.5,0.0012319260276854038,0.0,-0.39083704352378845
1435,18,46,1.0,0.9938151240348816,0,0,0.0,0.0,-0.5,0.0011319175828248262,0.0,-0.10874593257904053
1436,18,47,1.0,0.9959880113601685,0,0,0.0,0.0,-0.5,0.000629854912403971,0.0,-0.08732970058917999
1437,18,48,1.0,0.9958804845809937,0,0,0.0,0.0,0.0,0.0015518998261541128,0.0,-0.018566465005278587
1438,18,49,1.0,0.9962422847747803,0,0,0.0,0.0,0.0,0.0015697360504418612,0.0,-0.014659817330539227
1439,18,50,1.0,0.9947687983512878,0,0,0.0,0.0,0.0,0.0017657766584306955,0.0,-0.003950132057070732
1440,18,51,1.0,0.9948273301124573,0,0,0.0,0.0,0.0,0.0017689624801278114,0.0,-0.0031481024343520403
1441,18,52,1.0,0.9945317506790161,0,0,0.0,0.0,0.0,0.0019801429007202387,0.0,0.009745031595230103
1442,18,53,2.0,0.9945418834686279,1,0,0.0,0.0,0.0,0.0019823857583105564,0.0,0.009904603473842144
1443,18,54,2.0,1.0541355609893799,1,0,0.0,0.0,0.0,0.00416675815358758,0.0,-0.04001135379076004
1444,18,55,2.0,1.0600372552871704,1,0,0.0,0.0,0.0,0.0003441267763264477,0.0,-0.027684103697538376
1445,18,56,2.0,1.047635555267334,1,0,0.0,0.0,0.0,0.003074157051742077,0.0,-0.06313597410917282
1446,18,57,2.0,1.0380290746688843,1,0,0.0,0.0,0.0,0.002839665627107024,0.0,-0.04699641093611717
1447,18,58,1.0,1.0318976640701294,0,0,0.0,0.0,0.0,0.0019591813907027245,0.0,-0.03596031293272972
1448,18,59,1.0,1.0261526107788086,0,0,0.0,0.0,0.0,0.0022154594771564007,0.0,-0.03980835899710655
1449,18,60,1.0,1.0206665992736816,0,0,0.0,0.0,0.0,0.0021871181670576334,0.0,-0.05357029289007187
1450,18,61,1.0,1.0171287059783936,0,0,0.0,0.0,0.0,0.0023831313010305166,0.0,-0.05909267067909241
1451,18,62,1.0,1.0088155269622803,0,0,0.0,0.0,0.0,0.002980650868266821,0.0,-0.004483521915972233
1452,18,63,1.0,1.001378059387207,0,0,0.0,0.0,0.0,0.0033627706579864025,0.0,0.06165340542793274
1453,18,64,1.0,0.9991332292556763,0,0,0.0,0.0,0.0,0.002990993205457926,0.0,0.10664746910333633
1454,18,65,1.0,0.9940798878669739,0,0,0.0,0.0,0.5,0.00228282087482512,0.0,0.23458388447761536
1455,18,66,1.0,0.9925304055213928,0,0,0.0,0.0,0.5,0.0022387600038200617,0.0,0.5097181797027588
1456,18,67,1.0,0.9939481616020203,0,0,0.0,0.0,0.5,0.0023737710434943438,0.0,0.5160598158836365
1457,18,68,1.0,0.997291088104248,0,0,0.0,0.0,0.5,0.003323568496853113,0.0,0.5321179628372192
1458,18,69,1.0,0.9977971315383911,0,0,0.0,0.0,0.5,0.0023613274097442627,0.0,0.5319073796272278
1459,18,70,1.0,0.9983542561531067,0,0,0.0,0.0,0.5,0.0029624970629811287,0.0,0.5391815304756165
1460,18,71,1.0,0.9946942925453186,0,0,0.0,0.0,0.5,0.0028869975358247757,0.0,0.5423603057861328
1461,18,72,1.0,0.9949067234992981,0,0,0.0,0.0,0.5,0.003352212719619274,0.0,0.5435072779655457
1462,18,73,1.0,0.9945162534713745,0,0,0.0,0.0,0.5,0.003445166163146496,0.0,0.5412184000015259
1463,18,74,1.0,0.9965423345565796,0,0,0.0,0.0,0.5,0.003609259147197008,0.0,0.5268065333366394
1464,19,0,1.0,0.9928973913192749,0,0,0.0,0.0,0.0,-0.22228391468524933,0.0,-0.00875790324062109
1465,19,1,1.0,0.9922142624855042,0,0,0.0,0.0,0.0,-0.22679224610328674,0.0,-0.020345648750662804
1466,19,2,1.0,0.9935643672943115,0,0,0.0,0.0,0.0,-0.22980466485023499,0.0,-0.014235599897801876
1467,19,3,1.0,0.9936687350273132,0,0,0.0,0.0,0.0,-0.22805608808994293,0.0,-0.01200906839221716
1468,19,4,1.0,0.9926918745040894,0,0,0.0,0.0,0.0,-0.2282930314540863,0.0,-0.007047858089208603
1469,19,5,1.0,0.9926937222480774,0,0,0.0,0.0,0.0,-0.22800055146217346,0.0,-0.006345705129206181
1470,19,6,1.0,0.9934413433074951,0,0,0.0,0.0,0.0,-0.23005510866641998,0.0,-0.0057310666888952255
1471,19,7,1.0,0.9934319257736206,0,0,0.0,0.0,0.0,-0.23001086711883545,0.0,-0.005520083010196686
1472,19,8,1.0,0.9921867847442627,0,0,0.0,0.0,0.0,-0.23301544785499573,0.0,-0.005556607618927956
1473,19,9,1.0,0.9921826124191284,0,0,0.0,0.0,0.0,-0.2330084890127182,0.0,-0.005494698882102966
1474,19,10,1.0,0.9927381873130798,0,0,0.0,0.0,0.0,-0.2337224930524826,0.0,-0.0037632181774824858
1475,19,11,1.0,0.9927365183830261,0,0,-0.25,0.0,0.0,-0.23372121155261993,0.0,-0.00374628440476954
1476,19,12,1.0,0.9862207174301147,0,0,-0.25,0.0,0.0,-0.2761301100254059,0.0,-0.011371600441634655
1477,19,13,1.0,0.9900571703910828,0,0,-0.25,0.0,0.0,-0.2937281131744385,0.0,-0.014838737435638905
1478,19,14,1.0,0.9897279739379883,0,0,-0.25,0.0,0.0,-0.28732773661613464,0.0,-0.018184373155236244
1479,19,15,1.0,0.990888237953186,0,0,-0.25,0.0,0.0,-0.15265654027462006,0.0,-0.018825337290763855
1480,19,16,1.0,1.0027238130569458,0,0,-0.25,0.0,0.0,-0.04436440020799637,0.0,-0.013791066594421864
1481,19,17,1.0,1.0081857442855835,0,0,0.0,0.0,0.0,-0.02669944241642952,0.0,-0.007173646241426468
1482,19,18,1.0,1.0058774948120117,0,0,0.0,0.0,0.0,-0.012671367265284061,0.0,0.014775285497307777
1483,19,19,1.0,1.0034458637237549,0,0,0.0,0.0,0.0,-0.0053691859357059,0.0,0.011009512469172478
1484,19,20,1.0,1.0001565217971802,0,0,0.0,0.0,0.0,-0.0023031746968626976,0.0,0.029683755710721016
1485,19,21,1.0,1.0002835988998413,0,0,0.0,0.0,0.0,-0.00044031342258676887,0.0,0.03314714878797531
1486,19,22,1.0,0.9984614849090576,0,0,0.0,0.0,0.0,-0.000662712031044066,0.0,0.020880674943327904
1487,19,23,1.0,0.9983620047569275,0,0,0.0,0.0,0.0,-0.0005500242114067078,0.0,0.02109569124877453
1488,19,24,1.0,0.9986445903778076,0,0,0.0,0.0,0.0,0.00013485917588695884,0.0,0.020425809547305107
1489,19,25,1.0,0.9986178278923035,0,0,-0.25,0.0,0.0,0.00014811946311965585,0.0,0.0205518901348114
1490,19,26,1.0,0.9918899536132812,0,0,0.0,0.0,0.0,-0.010533493012189865,0.0,-0.049167707562446594
1491,19,27,1.0,0.9923821091651917,0,0,0.0,0.0,0.0,-0.0035610490012913942,0.0,-0.031911700963974
1492,19,28,1.0,0.9882442951202393,0,0,0.0,0.0,0.0,-0.0010270447237417102,0.0,-0.042005755007267
1493,19,29,1.0,0.9878856539726257,0,0,0.0,0.0,0.0,0.00015673396410420537,0.0,-0.043377842754125595
1494,19,30,1.0,0.9862695932388306,0,0,0.0,0.0,0.0,0.000727933191228658,0.0,-0.04474126920104027
1495,19,31,1.0,0.9860503077507019,0,0,0.0,0.0,0.0,0.000908045971300453,0.0,-0.045015301555395126
1496,19,32,1.0,0.9866913557052612,0,0,0.0,0.0,0.0,0.0012079591397196054,0.0,-0.0506407730281353
1497,19,33,1.0,0.9866514205932617,0,0,0.0,0.0,0.0,0.0012252209708094597,0.0,-0.050571784377098083
1498,19,34,1.0,0.9872251152992249,0,0,0.0,0.0,-0.5,0.000978410942479968,0.0,-0.06535443663597107
1499,19,35,1.0,0.9830503463745117,0,0,0.0,0.0,-0.5,-0.0024465066380798817,0.0,-0.5208394527435303
1500,19,36,1.0,0.9958978295326233,0,0,0.0,0.0,-0.5,0.0004752163658849895,0.0,-0.5672504901885986
1501,19,37,1.0,0.9972999095916748,0,0,0.0,0.0,-0.5,0.00036931567592546344,0.0,-0.5899633169174194
1502,19,38,1.0,1.0010857582092285,0,0,0.0,0.0,-0.5,0.00046101334737613797,0.0,-0.5785497426986694
1503,19,39,1.0,1.0010476112365723,0,0,0.0,0.0,-0.5,-0.002409805078059435,0.0,-0.565736711025238
1504,19,40,1.0,0.9920583367347717,0,0,0.0,0.0,-0.5,-0.0003532723058015108,0.0,-0.5005943775177002
1505,19,41,1.0,0.9884239435195923,0,0,0.0,0.0,-0.5,-0.0016376934945583344,0.0,-0.3031439483165741
1506,19,42,1.0,0.9938535094261169,0,0,0.0,0.0,-0.5,0.00087652140064165,0.0,-0.09045181423425674
1507,19,43,1.0,0.9963628649711609,0,0,0.0,0.0,0.0,0.0009845595341175795,0.0,-0.05891892686486244
1508,19,44,1.0,0.9967880249023438,0,0,0.0,0.0,0.0,0.0020343931391835213,0.0,-0.026752768084406853
1509,19,45,1.0,0.9967243671417236,0,0,0.0,0.0,0.0,0.0018743877299129963,0.0,-0.018315745517611504
1510,19,46,1.0,0.9979492425918579,0,0,0.0,0.0,0.0,0.0015877322293817997,0.0,-0.014070321805775166
1511,19,47,1.0,0.998009204864502,0,0,0.0,0.0,0.0,0.0016075684688985348,0.0,-0.013167387805879116
1512,19,48,1.0,0.9986696839332581,0,0,0.0,0.0,0.0,0.0015702701639384031,0.0,-0.005448364652693272
1513,19,49,2.0,0.9986642599105835,1,0,0.0,0.0,0.0,0.0015807119198143482,0.0,-0.005375944077968597
1514,19,50,2.0,1.0541902780532837,1,0,0.0,0.0,0.0,0.003567315172404051,0.0,-0.05259537696838379
1515,19,51,2.0,1.0523159503936768,1,0,0.0,0.0,0.0,0.0005355782923288643,0.0,-0.04635273292660713
1516,19,52,2.0,1.0352773666381836,1,0,0.0,0.0,0.0,0.0027817662339657545,0.0,-0.02488335222005844
1517,19,53,2.0,1.0262926816940308,1,0,0.0,0.0,0.0,0.002097495598718524,0.0,-0.0158898513764143
1518,19,54,2.0,1.0218760967254639,1,0,0.0,0.0,0.0,0.002646454144269228,0.0,-0.019938742741942406
1519,19,55,2.0,1.0174531936645508,1,0,0.0,0.0,0.0,0.001088563585653901,0.0,-0.05072325840592384
1520,19,56,1.0,1.0126053094863892,0,0,0.0,0.0,0.0,0.00040456379065290093,0.0,-0.064348004758358
1521,19,57,1.0,1.00564444065094,0,0,0.0,0.0,0.0,-0.0018390314653515816,0.0,-0.06118058040738106
1522,19,58,1.0,1.002576470375061,0,0,0.0,0.0,0.0,-0.0018377277301624417,0.0,-0.039927054196596146
1523,19,59,1.0,0.9987105131149292,0,0,0.0,0.0,0.0,-0.0002656846772879362,0.0,0.03166169300675392
1524,19,60,1.0,0.9949896931648254,0,0,0.0,0.0,0.0,0.0003389721387065947,0.0,0.17387908697128296
1525,19,61,1.0,0.9949184656143188,0,0,0.0,0.0,0.0,0.0002972368965856731,0.0,0.2582811713218689
1526,19,62,1.0,0.9958694577217102,0,0,0.0,0.0,0.5,0.001513809198513627,0.0,0.3900718092918396
1527,19,63,1.0,0.9942148923873901,0,0,0.0,0.0,0.5,0.0015966095961630344,0.0,0.5200514793395996
1528,19,64,1.0,0.9947699308395386,0,0,0.0,0.0,0.5,0.002754711778834462,0.0,0.5367425084114075
1529,19,65,1.0,0.9964478015899658,0,0,0.0,0.0,0.5,0.0023343325592577457,0.0,0.5493325591087341
1530,19,66,1.0,1.0017973184585571,0,0,0.0,0.0,0.5,0.0021564599592238665,0.0,0.5495375394821167
1531,19,67,1.0,1.0035477876663208,0,0,0.0,0.0,0.5,0.0027068075723946095,0.0,0.5321909189224243
1532,19,68,1.0,1.0017503499984741,0,0,0.0,0.0,0.5,0.002766962628811598,0.0,0.5352541208267212
1533,19,69,1.0,0.9988523721694946,0,0,0.0,0.0,0.5,0.003105618990957737,0.0,0.5337409377098083
1534,19,70,1.0,0.9980347156524658,0,0,0.0,0.0,0.5,0.0038475273177027702,0.0,0.5411578416824341
1535,19,71,1.0,0.996051549911499,0,0,0.0,0.0,0.5,0.0026629676576703787,0.0,0.531146764755249
