dataset_index,episode_index,frame_index,target_gripper,predicted_gripper,target_is_close,predicted_is_close,target_delta_x,target_delta_y,target_delta_z,predicted_delta_x,predicted_delta_y,predicted_delta_z
0,0,0,1.0,0.9911645650863647,0,0,0.0,0.0,0.0,0.0,-0.008921219035983086,-0.01001290325075388
1,0,1,1.0,0.9896154403686523,0,0,0.0,0.0,0.0,0.0,-0.010058547370135784,-0.014763779006898403
2,0,2,1.0,0.9911571741104126,0,0,0.0,0.0,0.0,0.0,-0.009729710407555103,-0.013414056971669197
3,0,3,1.0,0.9914315342903137,0,0,0.0,0.0,0.0,0.0,-0.00946008786559105,-0.012566274031996727
4,0,4,1.0,0.9922260046005249,0,0,0.0,0.0,0.0,0.0,-0.01003354974091053,-0.011754057370126247
5,0,5,1.0,0.9923270344734192,0,0,0.0,0.0,0.0,0.0,-0.00997325498610735,-0.011478058062493801
6,0,6,1.0,0.9924036264419556,0,0,0.0,0.0,0.0,0.0,-0.009958334267139435,-0.010806758888065815
7,0,7,1.0,0.9924257397651672,0,0,0.0,0.0,0.0,0.0,-0.009946762584149837,-0.010728527791798115
8,0,8,1.0,0.9927661418914795,0,0,0.0,0.0,0.0,0.0,-0.01010288204997778,-0.010374849662184715
9,0,9,1.0,0.99277263879776,0,0,0.0,0.0,0.0,0.0,-0.010100222192704678,-0.01035450678318739
10,0,10,1.0,0.9928680062294006,0,0,0.0,0.0,0.0,0.0,-0.010059828869998455,-0.010609653778374195
11,0,11,1.0,0.9928697347640991,0,0,0.0,0.0,0.0,0.0,-0.010059196501970291,-0.0106039484962821
12,0,12,1.0,0.9930135011672974,0,0,0.0,-0.25,0.0,0.0,-0.009573939256370068,-0.011549517512321472
13,0,13,1.0,0.9955095052719116,0,0,0.0,-0.25,0.0,0.0,-0.038616470992565155,-0.015845777466893196
14,0,14,1.0,0.9935263395309448,0,0,0.0,-0.25,0.0,0.0,-0.04264514893293381,-0.01613624393939972
15,0,15,1.0,0.9942241907119751,0,0,0.0,-0.25,0.0,0.0,-0.04446247220039368,-0.011104029603302479
16,0,16,1.0,0.9921993613243103,0,0,0.0,-0.25,0.0,0.0,-0.045604605227708817,-0.013476179912686348
17,0,17,1.0,0.9961391687393188,0,0,0.0,-0.25,0.0,0.0,-0.048130933195352554,-0.01085638627409935
18,0,18,1.0,0.9909124970436096,0,0,0.0,-0.25,0.0,0.0,-0.043829694390296936,-0.014097887091338634
19,0,19,1.0,0.9904152750968933,0,0,0.0,-0.25,0.0,0.0,-0.04464088752865791,-0.013509211130440235
20,0,20,1.0,0.9904714822769165,0,0,0.0,-0.25,0.0,0.0,-0.03927553817629814,-0.01029839739203453
21,0,21,1.0,0.9915609955787659,0,0,0.0,-0.25,0.0,0.0,-0.039852943271398544,-0.010235021822154522
22,0,22,1.0,0.9910874366760254,0,0,0.0,-0.25,0.0,0.0,-0.03425941616296768,-0.012555467896163464
23,0,23,1.0,0.9909908771514893,0,0,0.0,-0.25,0.0,0.0,-0.032872505486011505,-0.011933499947190285
24,0,24,1.0,0.9923529624938965,0,0,0.0,-0.25,0.0,0.0,-0.029115943238139153,-0.010657073929905891
25,0,25,1.0,0.9917570352554321,0,0,0.0,-0.25,0.0,0.0,-0.02721712738275528,-0.010840648785233498
26,0,26,1.0,0.99305659532547,0,0,0.0,0.0,0.0,0.0,-0.02426816150546074,-0.01044144481420517
27,0,27,1.0,0.9932937622070312,0,0,0.0,0.0,0.0,0.0,-0.013346993364393711,-0.006437419448047876
28,0,28,1.0,0.9935775995254517,0,0,0.0,0.0,0.0,0.0,-0.00585910864174366,-0.004810791928321123
29,0,29,1.0,0.9936016798019409,0,0,0.0,0.0,0.0,0.0,-0.0032578303944319487,-0.005447829607874155
30,0,30,1.0,0.9918085932731628,0,0,0.0,-0.25,0.0,0.0,-0.0022518180776387453,-0.005830656737089157
31,0,31,1.0,0.9921238422393799,0,0,0.0,0.0,0.0,0.0,-0.017957614734768867,-0.009882512502372265
32,0,32,1.0,0.9873287677764893,0,0,0.0,0.0,0.0,0.0,-0.010205989703536034,-0.009795279242098331
33,0,33,1.0,0.9850758910179138,0,0,0.0,0.0,0.0,0.0,-0.004307336639612913,-0.013038745149970055
34,0,34,1.0,0.9733201861381531,0,0,0.0,-0.25,0.0,0.0,-0.0007005402585491538,-0.04205404967069626
35,0,35,1.0,0.9819905757904053,0,0,0.0,-0.25,0.0,0.0,-0.021181844174861908,-0.02890457585453987
36,0,36,1.0,0.981019139289856,0,0,0.0,0.0,0.0,0.0,-0.025531401857733727,-0.07221636176109314
37,0,37,1.0,0.9849690794944763,0,0,0.0,0.0,0.0,0.0,-0.009621809236705303,-0.012513874098658562
38,0,38,1.0,0.9900646805763245,0,0,0.0,0.0,0.0,0.0,-0.004309508949518204,-0.006961840204894543
39,0,39,1.0,0.9895197749137878,0,0,0.0,0.0,0.0,0.0,-0.001953728264197707,-0.007932834327220917
40,0,40,1.0,0.9913491010665894,0,0,0.0,0.0,0.0,0.0,-0.0016606266144663095,-0.008066855370998383
41,0,41,1.0,0.9912309646606445,0,0,0.0,0.0,0.0,0.0,-0.001424970105290413,-0.008205132558941841
42,0,42,1.0,0.9916812181472778,0,0,0.0,0.0,0.0,0.0,-0.0015155629953369498,-0.009143123403191566
43,0,43,1.0,0.9916398525238037,0,0,0.0,0.0,0.0,0.0,-0.001469867187552154,-0.009172985330224037
44,0,44,1.0,0.989604651927948,0,0,0.0,0.0,-0.5,0.0,-0.0013988411519676447,-0.009186987765133381
45,0,45,1.0,0.9984868764877319,0,0,0.0,0.0,-0.5,0.0,-0.0010226939339190722,-0.4328731894493103
46,0,46,1.0,0.9979612827301025,0,0,0.0,0.0,-0.5,0.0,-0.0010054856538772583,-0.58158278465271
47,0,47,1.0,0.9904274344444275,0,0,0.0,0.0,-0.5,0.0,-0.0011826249537989497,-0.5688276886940002
48,0,48,1.0,0.979365885257721,0,0,0.0,0.0,-0.5,0.0,-0.0025461451150476933,-0.5635244846343994
49,0,49,1.0,0.968505322933197,0,0,0.0,0.0,-0.5,0.0,-0.002461701398715377,-0.5342313647270203
50,0,50,1.0,0.9125595092773438,0,0,0.0,0.0,-0.5,0.0,0.0012201427016407251,-0.45544755458831787
51,0,51,1.0,0.8986033797264099,0,0,0.0,0.0,-0.5,0.0,0.0018881912110373378,-0.3235008418560028
52,0,52,1.0,1.0003862380981445,0,0,0.0,0.0,-0.5,0.0,-0.0025936344172805548,-0.11542317271232605
53,0,53,1.0,1.0054435729980469,0,0,0.0,0.0,-0.5,0.0,-0.002556325402110815,-0.10515216737985611
54,0,54,1.0,1.3811317682266235,0,0,0.0,0.0,-0.5,0.0,-0.00026903051184490323,-0.03316650167107582
55,0,55,1.0,1.3823683261871338,0,0,0.0,0.0,0.0,0.0,-0.00019085172971244901,-0.03224647790193558
56,0,56,1.0,1.4246721267700195,0,0,0.0,0.0,0.0,0.0,-4.5908142055850476e-05,-0.029057184234261513
57,0,57,1.0,1.424827218055725,0,0,0.0,0.0,0.0,0.0,-3.169776755385101e-05,-0.028918862342834473
58,0,58,2.0,1.4687702655792236,1,0,0.0,0.0,0.0,0.0,-2.2316526155918837e-05,-0.024240944534540176
59,0,59,2.0,1.9380769729614258,1,1,0.0,0.0,0.0,0.0,-0.0017702671466395259,0.002084853360429406
60,0,60,2.0,2.02953839302063,1,1,0.0,0.0,0.0,0.0,0.0005140388384461403,-0.002836397849023342
61,0,61,2.0,2.0526299476623535,1,1,0.0,0.0,0.0,0.0,0.0013392544351518154,-0.010792003944516182
62,0,62,2.0,2.0406155586242676,1,1,0.0,0.0,0.0,0.0,-0.0008330331183969975,-0.013501442037522793
63,0,63,2.0,2.094639778137207,1,1,0.0,0.0,0.0,0.0,4.784073098562658e-05,-0.03686460852622986
64,0,64,2.0,2.0459728240966797,1,1,0.0,0.0,0.0,0.0,0.0005605393089354038,-0.02692832425236702
65,0,65,2.0,2.041689395904541,1,1,0.0,0.0,0.0,0.0,0.0003695731284096837,-0.02496323548257351
66,0,66,2.0,1.92509126663208,1,1,0.0,0.0,0.0,0.0,0.0001599969546077773,-0.014161940664052963
67,0,67,2.0,1.9242520332336426,1,1,0.0,0.0,0.0,0.0,4.179486131761223e-05,-0.01356655452400446
68,0,68,2.0,1.2119090557098389,1,0,0.0,0.0,0.0,0.0,-0.00034031178802251816,-0.0045767189003527164
69,0,69,2.0,1.2132723331451416,1,0,0.0,0.0,0.0,0.0,-0.00024678363115526736,-0.003232774790376425
70,0,70,2.0,1.0635510683059692,1,0,0.0,0.0,0.0,0.0,-0.0008306943927891552,0.0013288125628605485
71,0,71,2.0,1.062086820602417,1,0,0.0,0.0,0.0,0.0,-0.0009117792942561209,0.0022955394815653563
72,0,72,1.0,1.0376348495483398,0,0,0.0,0.0,0.0,0.0,-0.0009688467252999544,0.014373109675943851
73,0,73,1.0,1.0376323461532593,0,0,0.0,0.0,0.0,0.0,-0.0009690152364782989,0.014955452643334866
74,0,74,1.0,1.0226612091064453,0,0,0.0,0.0,0.0,0.0,-0.0004563152906484902,0.018145723268389702
75,0,75,1.0,1.0230810642242432,0,0,0.0,0.0,0.0,0.0,-0.0004469684208743274,0.018427126109600067
76,0,76,1.0,1.0609971284866333,0,0,0.0,0.0,0.0,0.0,-0.0010399790480732918,0.014598214067518711
77,0,77,1.0,1.0612026453018188,0,0,0.0,0.0,0.0,0.0,-0.0010566340060904622,0.01473683025687933
78,0,78,1.0,0.9987746477127075,0,0,0.0,0.0,0.0,0.0,-0.0010012739803642035,0.028491301462054253
79,0,79,1.0,0.9991046786308289,0,0,0.0,0.0,0.5,0.0,-0.0009903331520035863,0.02860945463180542
80,0,80,1.0,0.9874504804611206,0,0,0.0,0.0,0.5,0.0,0.0002895798534154892,0.0972999632358551
81,0,81,1.0,0.9805902242660522,0,0,0.0,0.0,0.5,0.0,0.0005557172698900104,0.5104246735572815
82,0,82,1.0,0.9881181716918945,0,0,0.0,0.0,0.5,0.0,-0.0008210730156861246,0.5531265139579773
83,0,83,1.0,0.9861348271369934,0,0,0.0,0.0,0.5,0.0,-0.00037029373925179243,0.5381889939308167
84,0,84,1.0,0.9898996949195862,0,0,0.0,0.0,0.5,0.0,-0.0002547397743910551,0.5584844350814819
85,0,85,1.0,0.9897276163101196,0,0,0.0,0.0,0.5,0.0,-0.0019118294585496187,0.5528960824012756
86,0,86,1.0,0.9929425716400146,0,0,0.0,0.0,0.5,0.0,-0.00044198724208399653,0.5509189367294312
87,0,87,1.0,0.9919689297676086,0,0,0.0,0.0,0.5,0.0,-4.706584149971604e-06,0.5562697649002075
88,0,88,1.0,0.9932611584663391,0,0,0.0,0.0,0.5,0.0,-0.0007139830267988145,0.5491470098495483
89,0,89,1.0,0.9946545958518982,0,0,0.0,0.0,0.5,0.0,-0.0005238440353423357,0.5468158721923828
90,1,0,1.0,0.9935172200202942,0,0,0.0,0.0,0.0,0.0,0.008132878690958023,-0.013681601732969284
91,1,1,1.0,0.9933557510375977,0,0,0.0,0.0,0.0,0.0,0.005840984173119068,-0.01594274677336216
92,1,2,1.0,0.9938362836837769,0,0,0.0,0.0,0.0,0.0,0.0064748008735477924,-0.01608337089419365
93,1,3,1.0,0.99385666847229,0,0,0.0,0.0,0.0,0.0,0.007023989222943783,-0.015855563804507256
94,1,4,1.0,0.9944331049919128,0,0,0.0,0.0,0.0,0.0,0.007860248908400536,-0.01603408344089985
95,1,5,1.0,0.9944749474525452,0,0,0.0,0.0,0.0,0.0,0.007934484630823135,-0.015807077288627625
96,1,6,1.0,0.994735062122345,0,0,0.0,0.0,0.0,0.0,0.008746723644435406,-0.016270499676465988
97,1,7,1.0,0.9947476387023926,0,0,0.0,0.0,0.0,0.0,0.008755908347666264,-0.01619543880224228
98,1,8,1.0,0.9948331117630005,0,0,0.0,0.0,0.0,0.0,0.008823598735034466,-0.01662522368133068
99,1,9,1.0,0.994839072227478,0,0,0.0,0.25,0.0,0.0,0.008824567310512066,-0.016604561358690262
100,1,10,1.0,0.9931380152702332,0,0,0.0,0.25,0.0,0.0,0.025540415197610855,-0.011924379505217075
101,1,11,1.0,0.9932156205177307,0,0,0.0,0.25,0.0,0.0,0.028690045699477196,-0.009477972984313965
102,1,12,1.0,0.9920748472213745,0,0,0.0,0.25,0.0,0.0,0.031182799488306046,-0.013659710995852947
103,1,13,1.0,0.9888787269592285,0,0,0.0,0.25,0.0,0.0,0.030957510694861412,-0.014401065185666084
104,1,14,1.0,0.9877876043319702,0,0,0.0,0.25,0.0,0.0,0.03097538836300373,-0.015280217863619328
105,1,15,1.0,0.9870601892471313,0,0,0.0,0.25,0.0,0.0,0.02938191592693329,-0.014269194565713406
106,1,16,1.0,0.991162121295929,0,0,0.0,0.25,0.0,0.0,0.027653459459543228,-0.014076865278184414
107,1,17,1.0,0.9855368733406067,0,0,0.0,0.25,0.0,0.0,0.026140768080949783,-0.011617176234722137
108,1,18,1.0,0.9854294061660767,0,0,0.0,0.25,0.0,0.0,0.023631302639842033,-0.01123713981360197
109,1,19,1.0,0.9841130375862122,0,0,0.0,0.25,0.0,0.0,0.02249673753976822,-0.012912268750369549
110,1,20,1.0,0.9857245087623596,0,0,0.0,0.25,0.0,0.0,0.02173766866326332,-0.012258903123438358
111,1,21,1.0,0.9862543344497681,0,0,0.0,0.25,0.0,0.0,0.020455364137887955,-0.010635931976139545
112,1,22,1.0,0.9841834306716919,0,0,0.0,0.25,0.0,0.0,0.016562839969992638,-0.00830775499343872
113,1,23,1.0,0.982603907585144,0,0,0.0,0.0,0.0,0.0,0.016210127621889114,-0.009018070064485073
114,1,24,1.0,0.9853602051734924,0,0,0.0,0.0,0.0,0.0,0.008129558525979519,-0.00913734920322895
115,1,25,1.0,0.9875931739807129,0,0,0.0,0.0,0.0,0.0,0.0015205880627036095,-0.014098375104367733
116,1,26,1.0,0.9889661073684692,0,0,0.0,0.0,0.0,0.0,-0.0013682865537703037,-0.017058150842785835
117,1,27,1.0,0.9893681406974792,0,0,0.0,0.0,0.0,0.0,-0.0025889663957059383,-0.01832839474081993
118,1,28,1.0,0.9882525205612183,0,0,0.0,0.25,0.0,0.0,-0.00379543867893517,-0.02029593475162983
119,1,29,1.0,0.9806124567985535,0,0,0.0,0.0,0.0,0.0,0.012101356871426105,-0.010366533882915974
120,1,30,1.0,0.982498049736023,0,0,0.0,0.0,0.0,0.0,0.004908247385174036,-0.013907168060541153
121,1,31,1.0,0.9839634299278259,0,0,0.0,0.0,0.0,0.0,-0.000728474638890475,-0.020205780863761902
122,1,32,1.0,0.9809691905975342,0,0,0.0,0.0,0.0,0.0,-0.003084832336753607,-0.030407298356294632
123,1,33,1.0,0.981303870677948,0,0,0.0,0.0,0.0,0.0,-0.003911889158189297,-0.03179138898849487
124,1,34,1.0,0.9832336902618408,0,0,0.0,0.0,0.0,0.0,-0.003472224110737443,-0.029043175280094147
125,1,35,1.0,0.983296811580658,0,0,0.0,0.0,0.0,0.0,-0.00357088097371161,-0.02922358363866806
126,1,36,1.0,0.982499361038208,0,0,0.0,0.25,0.0,0.0,-0.004953505005687475,-0.0326399952173233
127,1,37,1.0,0.9739077687263489,0,0,0.0,0.0,0.0,0.0,0.012259891256690025,-0.021619677543640137
128,1,38,1.0,0.9705936312675476,0,0,0.0,0.0,0.0,0.0,0.003268421860411763,-0.12914571166038513
129,1,39,1.0,0.9802242517471313,0,0,0.0,0.0,0.0,0.0,-0.0018886647885665298,-0.16663001477718353
130,1,40,1.0,0.9893913269042969,0,0,0.0,0.0,0.0,0.0,-0.004882723093032837,-0.2970889210700989
131,1,41,1.0,0.9898130893707275,0,0,0.0,0.0,0.0,0.0,-0.005430952180176973,-0.2998896837234497
132,1,42,1.0,0.9927695393562317,0,0,0.0,0.0,-0.5,0.0,-0.005494144279509783,-0.29282358288764954
133,1,43,1.0,1.02859628200531,0,0,0.0,0.0,-0.5,0.0,-0.002334780525416136,-0.5991241931915283
134,1,44,1.0,1.0088695287704468,0,0,0.0,0.0,-0.5,0.0,-0.0016507242107763886,-0.5982348322868347
135,1,45,1.0,1.0030537843704224,0,0,0.0,0.0,-0.5,0.0,-0.0030073889065533876,-0.5854000449180603
136,1,46,1.0,0.9970982074737549,0,0,0.0,0.0,-0.5,0.0,-0.0006341543630696833,-0.5738778114318848
137,1,47,1.0,0.9915392994880676,0,0,0.0,0.0,-0.5,0.0,-0.0006099044694565237,-0.5616211891174316
138,1,48,1.0,0.9470218420028687,0,0,0.0,0.0,-0.5,0.0,0.0010185923893004656,-0.5298160314559937
139,1,49,1.0,0.8951208591461182,0,0,0.0,0.0,-0.5,0.0,0.0012308121658861637,-0.41978874802589417
140,1,50,1.0,1.0473295450210571,0,0,0.0,0.0,-0.5,0.0,-0.0032087983563542366,-0.09832102805376053
141,1,51,1.0,1.0478053092956543,0,0,0.0,0.0,-0.5,0.0,-0.0040583484806120396,-0.0883035957813263
142,1,52,1.0,1.4214072227478027,0,0,0.0,0.0,-0.5,0.0,-0.002130545675754547,-0.019979774951934814
143,1,53,1.0,1.423872947692871,0,0,0.0,0.0,0.0,0.0,-0.002177507383748889,-0.018543081358075142
144,1,54,1.0,1.5715141296386719,0,1,0.0,0.0,0.0,0.0,-0.0010328188072890043,-0.0063667441718280315
145,1,55,1.0,1.5715765953063965,0,1,0.0,0.0,0.0,0.0,-0.0010427588131278753,-0.0063501992262899876
146,1,56,1.0,1.5886895656585693,0,1,0.0,0.0,0.0,0.0,-0.000944349798373878,-0.004706440959125757
147,1,57,2.0,1.5887614488601685,1,1,0.0,0.0,0.0,0.0,-0.0009480792214162648,-0.004732746165245771
148,1,58,2.0,2.049856662750244,1,1,0.0,0.0,0.0,0.0,-0.0005704110953956842,0.002329864539206028
149,1,59,2.0,2.0608105659484863,1,1,0.0,0.0,0.0,0.0,-0.0013511903816834092,-0.005676716100424528
150,1,60,2.0,2.0785093307495117,1,1,0.0,0.0,0.0,0.0,-0.0010528434067964554,-0.012248543091118336
151,1,61,2.0,2.0669569969177246,1,1,0.0,0.0,0.0,0.0,0.0009455292019993067,-0.00860451627522707
152,1,62,2.0,2.0770974159240723,1,1,0.0,0.0,0.0,0.0,0.0013727009063586593,-0.0152552155777812
153,1,63,2.0,2.1195666790008545,1,1,0.0,0.0,0.0,0.0,9.487818169873208e-05,-0.014971713535487652
154,1,64,2.0,2.077803611755371,1,1,0.0,0.0,0.0,0.0,-0.0013922880170866847,-0.002448020037263632
155,1,65,2.0,2.0750062465667725,1,1,0.0,0.0,0.0,0.0,-0.0014073338825255632,-0.0015829285839572549
156,1,66,2.0,2.065659999847412,1,1,0.0,0.0,0.0,0.0,-0.00040956109296530485,0.003610212355852127
157,1,67,2.0,2.064405918121338,1,1,0.0,0.0,0.0,0.0,-0.00032943295082077384,0.00013458612374961376
158,1,68,2.0,1.5573228597640991,1,1,0.0,0.0,0.0,0.0,-0.0008815065957605839,-0.00392417935654521
159,1,69,2.0,1.5649616718292236,1,1,0.0,0.0,0.0,0.0,-0.0014756479067727923,-0.0030857184901833534
160,1,70,2.0,1.0069811344146729,1,0,0.0,0.0,0.0,0.0,-0.0021411036141216755,-0.00429158890619874
161,1,71,1.0,1.0094224214553833,0,0,0.0,0.0,0.0,0.0,-0.001935473526827991,0.013290006667375565
162,1,72,1.0,0.9948889017105103,0,0,0.0,0.0,0.0,0.0,-0.0018577150767669082,0.029454564675688744
163,1,73,1.0,0.9817160367965698,0,0,0.0,0.0,0.0,0.0,-0.0015222831862047315,0.051217932254076004
164,1,74,1.0,0.9555789232254028,0,0,0.0,0.0,0.0,0.0,-0.001033719745464623,0.11107247322797775
165,1,75,1.0,0.9531556963920593,0,0,0.0,0.0,0.0,0.0,-0.0007369443192146719,0.138240784406662
166,1,76,1.0,0.9521732926368713,0,0,0.0,0.0,0.0,0.0,-0.00030266045359894633,0.17506931722164154
167,1,77,1.0,0.9512419700622559,0,0,0.0,0.0,0.5,0.0,-0.0002928940812125802,0.20377705991268158
168,1,78,1.0,0.9859563708305359,0,0,0.0,0.0,0.5,0.0,-0.0010816080030053854,0.5451354384422302
169,1,79,1.0,0.9879387021064758,0,0,0.0,0.0,0.5,0.0,-0.00020469134324230254,0.5554167628288269
170,1,80,1.0,0.9890325665473938,0,0,0.0,0.0,0.5,0.0,8.698136662133038e-05,0.5633695125579834
171,1,81,1.0,0.9874536395072937,0,0,0.0,0.0,0.5,0.0,4.720958531834185e-05,0.5584325790405273
172,1,82,1.0,0.987503170967102,0,0,0.0,0.0,0.5,0.0,0.0006807605968788266,0.5549894571304321
173,1,83,1.0,0.9938076138496399,0,0,0.0,0.0,0.5,0.0,-0.00032786367228254676,0.5562251806259155
174,1,84,1.0,0.9937060475349426,0,0,0.0,0.0,0.5,0.0,-0.00017052926705218852,0.5531028509140015
175,1,85,1.0,0.9914554953575134,0,0,0.0,0.0,0.5,0.0,-0.00017436195048503578,0.5517486929893494
176,1,86,1.0,0.9934287071228027,0,0,0.0,0.0,0.5,0.0,-0.0005271048867143691,0.5446785092353821
177,1,87,1.0,0.9969638586044312,0,0,0.0,0.0,0.5,0.0,-0.00044575840001925826,0.5483778715133667
178,2,0,1.0,0.9935172200202942,0,0,0.0,0.0,0.0,0.0,0.00813288800418377,-0.013681583106517792
179,2,1,1.0,0.9933556914329529,0,0,0.0,0.0,0.0,0.0,0.005840986035764217,-0.015942757949233055
180,2,2,1.0,0.9938362836837769,0,0,0.0,0.0,0.0,0.0,0.006474802736192942,-0.016083335503935814
181,2,3,1.0,0.99385666847229,0,0,0.0,0.0,0.0,0.0,0.007023990619927645,-0.01585557498037815
182,2,4,1.0,0.9944330453872681,0,0,0.0,0.0,0.0,0.0,0.007860247977077961,-0.01603408344089985
183,2,5,1.0,0.9944749474525452,0,0,0.0,0.0,0.0,0.0,0.007934492081403732,-0.01580708846449852
184,2,6,1.0,0.994735062122345,0,0,0.0,0.0,0.0,0.0,0.008746737614274025,-0.01627052202820778
185,2,7,1.0,0.9947475790977478,0,0,0.0,0.0,0.0,0.0,0.008755914866924286,-0.01619545929133892
186,2,8,1.0,0.9948329925537109,0,0,0.0,0.0,0.0,0.0,0.00882358755916357,-0.016625234857201576
187,2,9,1.0,0.9948391914367676,0,0,0.0,0.0,0.0,0.0,0.008824586868286133,-0.016604581847786903
188,2,10,1.0,0.9948733448982239,0,0,0.0,0.0,0.0,0.0,0.008836635388433933,-0.01653839834034443
189,2,11,1.0,0.9948749542236328,0,0,0.0,0.25,0.0,0.0,0.008836697787046432,-0.01653316430747509
190,2,12,1.0,0.9924739599227905,0,0,0.0,0.25,0.0,0.0,0.025649910792708397,-0.011716244742274284
191,2,13,1.0,0.9925742149353027,0,0,0.0,0.25,0.0,0.0,0.02877909131348133,-0.009604222141206264
192,2,14,1.0,0.9919990301132202,0,0,0.0,0.25,0.0,0.0,0.03099183924496174,-0.013346953317523003
193,2,15,1.0,0.9897376894950867,0,0,0.0,0.25,0.0,0.0,0.031056130304932594,-0.01422413531690836
194,2,16,1.0,0.9877878427505493,0,0,0.0,0.25,0.0,0.0,0.030975256115198135,-0.015279705636203289
195,2,17,1.0,0.9870601892471313,0,0,0.0,0.25,0.0,0.0,0.02938186377286911,-0.014268968254327774
196,2,18,1.0,0.9911621809005737,0,0,0.0,0.25,0.0,0.0,0.027653437107801437,-0.014076744206249714
197,2,19,1.0,0.9855369329452515,0,0,0.0,0.25,0.0,0.0,0.02614077739417553,-0.011617136187851429
198,2,20,1.0,0.9854294061660767,0,0,0.0,0.25,0.0,0.0,0.023631297051906586,-0.011237162165343761
199,2,21,1.0,0.9841130971908569,0,0,0.0,0.25,0.0,0.0,0.022496720775961876,-0.012912272475659847
200,2,22,1.0,0.9857245087623596,0,0,0.0,0.25,0.0,0.0,0.021737651899456978,-0.012258880771696568
201,2,23,1.0,0.9862542748451233,0,0,0.0,0.25,0.0,0.0,0.020455360412597656,-0.010635928250849247
202,2,24,1.0,0.9841834306716919,0,0,0.0,0.25,0.0,0.0,0.016562845557928085,-0.00830775499343872
203,2,25,1.0,0.9826039671897888,0,0,0.0,0.0,0.0,0.0,0.016210123896598816,-0.009018076583743095
204,2,26,1.0,0.9853602051734924,0,0,0.0,0.0,0.0,0.0,0.008129552006721497,-0.009137352928519249
205,2,27,1.0,0.9875931739807129,0,0,0.0,0.0,0.0,0.0,0.0015205848030745983,-0.014098363928496838
206,2,28,1.0,0.9889659285545349,0,0,0.0,0.0,0.0,0.0,-0.0013682720018550754,-0.01705818437039852
207,2,29,1.0,0.9893680810928345,0,0,0.0,0.0,0.0,0.0,-0.002588945208117366,-0.018328364938497543
208,2,30,1.0,0.9882524013519287,0,0,0.0,0.25,0.0,0.0,-0.0037954412400722504,-0.020295945927500725
209,2,31,1.0,0.9806125164031982,0,0,0.0,0.0,0.0,0.0,0.012101350352168083,-0.010366548784077168
210,2,32,1.0,0.982498049736023,0,0,0.0,0.0,0.0,0.0,0.004908259026706219,-0.013907087966799736
211,2,33,1.0,0.9839634299278259,0,0,0.0,0.0,0.0,0.0,-0.0007284721941687167,-0.020205756649374962
212,2,34,1.0,0.9809693098068237,0,0,0.0,0.0,0.0,0.0,-0.003084823489189148,-0.030407298356294632
213,2,35,1.0,0.981303870677948,0,0,0.0,0.25,0.0,0.0,-0.003911879379302263,-0.03179134055972099
214,2,36,1.0,0.9657840728759766,0,0,0.0,0.0,0.0,0.0,0.012655806727707386,-0.04601587355136871
215,2,37,1.0,0.9686262607574463,0,0,0.0,0.0,0.0,0.0,0.002662643324583769,-0.1000978946685791
216,2,38,1.0,0.9867700338363647,0,0,0.0,0.0,0.0,0.0,-0.0019060010090470314,-0.23880769312381744
217,2,39,1.0,0.9889694452285767,0,0,0.0,0.0,0.0,0.0,-0.003644856158643961,-0.25202205777168274
218,2,40,1.0,0.9912522435188293,0,0,0.0,0.0,0.0,0.0,-0.004844767041504383,-0.3033290207386017
219,2,41,1.0,0.9914058446884155,0,0,0.0,0.0,0.0,0.0,-0.004992326721549034,-0.30390292406082153
220,2,42,1.0,0.9901152849197388,0,0,0.0,0.0,0.0,0.0,-0.005295680835843086,-0.3114161491394043
221,2,43,1.0,0.9901706576347351,0,0,0.0,0.0,-0.5,0.0,-0.005313475150614977,-0.311434805393219
222,2,44,1.0,1.0230772495269775,0,0,0.0,0.0,-0.5,0.0,-0.0016055695014074445,-0.6029819250106812
223,2,45,1.0,1.0111149549484253,0,0,0.0,0.0,-0.5,0.0,-0.0009840819984674454,-0.5968977212905884
224,2,46,1.0,1.0079233646392822,0,0,0.0,0.0,-0.5,0.0,-0.0022211007308214903,-0.5827075839042664
225,2,47,1.0,1.0031319856643677,0,0,0.0,0.0,-0.5,0.0,-0.001417445600964129,-0.575086236000061
226,2,48,1.0,0.9868624210357666,0,0,0.0,0.0,-0.5,0.0,0.0011915522627532482,-0.5555829405784607
227,2,49,1.0,0.9144344329833984,0,0,0.0,0.0,-0.5,0.0,0.0031606475822627544,-0.4930199384689331
228,2,50,1.0,0.8712332844734192,0,0,0.0,0.0,-0.5,0.0,0.0007881729397922754,-0.3259761333465576
229,2,51,1.0,0.9740085601806641,0,0,0.0,0.0,-0.5,0.0,-0.0026861659716814756,-0.16395895183086395
230,2,52,1.0,1.0887826681137085,0,0,0.0,0.0,-0.5,0.0,-0.002721994649618864,-0.061864860355854034
231,2,53,1.0,1.0945326089859009,0,0,0.0,0.0,-0.5,0.0,-0.002884343033656478,-0.05729864910244942
232,2,54,1.0,1.5244722366333008,0,1,0.0,0.0,0.0,0.0,-0.001256746705621481,-0.008717195130884647
233,2,55,1.0,1.5248051881790161,0,1,0.0,0.0,0.0,0.0,-0.0012763126287609339,-0.008532038889825344
234,2,56,2.0,1.6343822479248047,1,1,0.0,0.0,0.0,0.0,-0.0005708425887860358,-0.0008138633565977216
235,2,57,2.0,2.051923990249634,1,1,0.0,0.0,0.0,0.0,-0.000731432402972132,0.005007942672818899
236,2,58,2.0,2.0546436309814453,1,1,0.0,0.0,0.0,0.0,-0.001442890614271164,-0.0036918739788234234
237,2,59,2.0,2.0664892196655273,1,1,0.0,0.0,0.0,0.0,-0.0015032201772555709,-0.009545051492750645
238,2,60,2.0,2.078850030899048,1,1,0.0,0.0,0.0,0.0,0.0006481256568804383,-0.011709678918123245
239,2,61,2.0,2.061190366744995,1,1,0.0,0.0,0.0,0.0,0.0003606739919632673,-0.014055689796805382
240,2,62,2.0,2.0830078125,1,1,0.0,0.0,0.0,0.0,-0.0009967171354219317,0.001809916109777987
241,2,63,2.0,2.0897164344787598,1,1,0.0,0.0,0.0,0.0,-0.0010189507156610489,0.001574328518472612
242,2,64,2.0,2.065324068069458,1,1,0.0,0.0,0.0,0.0,-0.0006269766017794609,0.0017096821684390306
243,2,65,2.0,2.065607786178589,1,1,0.0,0.0,0.0,0.0,-0.000689905253238976,0.0013587386347353458
244,2,66,2.0,1.9081469774246216,1,1,0.0,0.0,0.0,0.0,-0.0005360011709854007,0.01609679125249386
245,2,67,2.0,1.9002256393432617,1,1,0.0,0.0,0.0,0.0,-0.0003653074672911316,0.006818460766226053
246,2,68,1.0,1.1206120252609253,0,0,0.0,0.0,0.0,0.0,-0.002271407749503851,-0.025266511365771294
247,2,69,1.0,1.0705251693725586,0,0,0.0,0.0,0.0,0.0,-0.002250400837510824,-0.004613298922777176
248,2,70,1.0,0.987998366355896,0,0,0.0,0.0,0.0,0.0,-0.0019390509696677327,0.03376501798629761
249,2,71,1.0,0.9753379225730896,0,0,0.0,0.0,0.0,0.0,-0.0018742128740996122,0.06771545857191086
250,2,72,1.0,0.9698620438575745,0,0,0.0,0.0,0.0,0.0,-0.001953181577846408,0.07499879598617554
251,2,73,1.0,0.9704505205154419,0,0,0.0,0.0,0.0,0.0,-0.0019386630738154054,0.06704258173704147
252,2,74,1.0,0.9790271520614624,0,0,0.0,0.0,0.0,0.0,-0.001743287779390812,0.07257886230945587
253,2,75,1.0,0.9744335412979126,0,0,0.0,0.0,0.5,0.0,-0.0017012724420055747,0.09089066088199615
254,2,76,1.0,0.9835122227668762,0,0,0.0,0.0,0.5,0.0,-0.0003411630750633776,0.5309781432151794
255,2,77,1.0,0.9847320914268494,0,0,0.0,0.0,0.5,0.0,1.4761360944248736e-05,0.537143349647522
256,2,78,1.0,0.9880062341690063,0,0,0.0,0.0,0.5,0.0,0.00030433956999331713,0.5634568333625793
257,2,79,1.0,0.988013744354248,0,0,0.0,0.0,0.5,0.0,-1.4539386029355228e-05,0.5602619647979736
258,2,80,1.0,0.9884510636329651,0,0,0.0,0.0,0.5,0.0,0.0004914817400276661,0.5591916441917419
259,2,81,1.0,0.9940932393074036,0,0,0.0,0.0,0.5,0.0,-0.0002591183583717793,0.5584676265716553
260,2,82,1.0,0.9949831366539001,0,0,0.0,0.0,0.5,0.0,-0.00021449822816066444,0.5545263886451721
261,2,83,1.0,0.992057204246521,0,0,0.0,0.0,0.5,0.0,-0.00039214943535625935,0.5527524948120117
262,2,84,1.0,0.9939544796943665,0,0,0.0,0.0,0.5,0.0,-0.0007013364811427891,0.5446565747261047
263,2,85,1.0,0.9968092441558838,0,0,0.0,0.0,0.5,0.0,-0.0006163435755297542,0.5483922362327576
264,3,0,1.0,0.9911646246910095,0,0,0.0,0.0,0.0,0.0,-0.008921202272176743,-0.010012921877205372
265,3,1,1.0,0.9896155595779419,0,0,0.0,0.0,0.0,0.0,-0.010058564133942127,-0.014763823710381985
266,3,2,1.0,0.9911571741104126,0,0,0.0,0.0,0.0,0.0,-0.009729728102684021,-0.013414068147540092
267,3,3,1.0,0.9914316534996033,0,0,0.0,0.0,0.0,0.0,-0.0094600860029459,-0.01256630290299654
268,3,4,1.0,0.9922260046005249,0,0,0.0,0.0,0.0,0.0,-0.01003354974091053,-0.011754061095416546
269,3,5,1.0,0.992327094078064,0,0,0.0,0.0,0.0,0.0,-0.009973248466849327,-0.011478040367364883
270,3,6,1.0,0.9924036264419556,0,0,0.0,0.0,0.0,0.0,-0.009958354756236076,-0.010806795209646225
271,3,7,1.0,0.992425799369812,0,0,0.0,0.0,0.0,0.0,-0.009946770966053009,-0.010728512890636921
272,3,8,1.0,0.9927660822868347,0,0,0.0,0.0,0.0,0.0,-0.010102889500558376,-0.010374823585152626
273,3,9,1.0,0.9927726984024048,0,0,0.0,-0.25,0.0,0.0,-0.010100207291543484,-0.010354528203606606
274,3,10,1.0,0.9952743053436279,0,0,0.0,-0.25,0.0,0.0,-0.039142366498708725,-0.015837403014302254
275,3,11,1.0,0.9962888956069946,0,0,0.0,-0.25,0.0,0.0,-0.04416821524500847,-0.014708257280290127
276,3,12,1.0,0.9954699277877808,0,0,0.0,-0.25,0.0,0.0,-0.04497915133833885,-0.014151763170957565
277,3,13,1.0,0.9985446333885193,0,0,0.0,-0.25,0.0,0.0,-0.04694700241088867,-0.01044115424156189
278,3,14,1.0,0.9947800636291504,0,0,0.0,-0.25,0.0,0.0,-0.04643737152218819,-0.011660446412861347
279,3,15,1.0,0.9962148666381836,0,0,0.0,-0.25,0.0,0.0,-0.04583417996764183,-0.014801590703427792
280,3,16,1.0,0.9927279353141785,0,0,0.0,-0.25,0.0,0.0,-0.04345196485519409,-0.013110939413309097
281,3,17,1.0,0.9929825663566589,0,0,0.0,-0.25,0.0,0.0,-0.04195903614163399,-0.012679622508585453
282,3,18,1.0,0.9886230230331421,0,0,0.0,-0.25,0.0,0.0,-0.03724747896194458,-0.011790369637310505
283,3,19,1.0,0.9901941418647766,0,0,0.0,-0.25,0.0,0.0,-0.03656743839383125,-0.013125107623636723
284,3,20,1.0,0.9924882650375366,0,0,0.0,-0.25,0.0,0.0,-0.031830355525016785,-0.011923009529709816
285,3,21,1.0,0.9914339780807495,0,0,0.0,-0.25,0.0,0.0,-0.02970082312822342,-0.010126489214599133
286,3,22,1.0,0.9933508038520813,0,0,0.0,-0.25,0.0,0.0,-0.02665317989885807,-0.01002505887299776
287,3,23,1.0,0.9936633110046387,0,0,0.0,0.0,0.0,0.0,-0.024496503174304962,-0.010081777349114418
288,3,24,1.0,0.9931349754333496,0,0,0.0,0.0,0.0,0.0,-0.013818403705954552,-0.006097019650042057
289,3,25,1.0,0.9931207895278931,0,0,0.0,0.0,0.0,0.0,-0.005675623193383217,-0.007290476001799107
290,3,26,1.0,0.9905941486358643,0,0,0.0,0.0,0.0,0.0,-0.0028021621983498335,-0.006277815438807011
291,3,27,1.0,0.9902398586273193,0,0,0.0,0.0,0.0,0.0,-0.0017970886547118425,-0.006615238729864359
292,3,28,1.0,0.9909886717796326,0,0,0.0,-0.25,0.0,0.0,-0.001977143809199333,-0.006529729813337326
293,3,29,1.0,0.9905198812484741,0,0,0.0,0.0,0.0,0.0,-0.018187858164310455,-0.010201389901340008
294,3,30,1.0,0.9873837232589722,0,0,0.0,0.0,0.0,0.0,-0.010143407620489597,-0.010106531903147697
295,3,31,1.0,0.9849610328674316,0,0,0.0,0.0,0.0,0.0,-0.004029326140880585,-0.012951027601957321
296,3,32,1.0,0.9728805422782898,0,0,0.0,0.0,0.0,0.0,-0.0012117045698687434,-0.04264967516064644
297,3,33,1.0,0.9717759490013123,0,0,0.0,-0.25,0.0,0.0,-0.0005090106278657913,-0.04513733088970184
298,3,34,1.0,0.9831501245498657,0,0,0.0,0.0,0.0,0.0,-0.021708639338612556,-0.040678106248378754
299,3,35,1.0,0.9696542024612427,0,0,0.0,0.0,0.0,0.0,-0.007469485513865948,-0.12589727342128754
300,3,36,1.0,1.0001859664916992,0,0,0.0,0.0,0.0,0.0,-0.002860149834305048,-0.5118704438209534
301,3,37,1.0,1.0003448724746704,0,0,0.0,0.0,0.0,0.0,-0.0021323140244930983,-0.5131928324699402
302,3,38,1.0,0.9945801496505737,0,0,0.0,0.0,0.0,0.0,-0.00200614333152771,-0.5584951043128967
303,3,39,1.0,0.9942220449447632,0,0,0.0,0.0,-0.5,0.0,-0.0020346827805042267,-0.5581267476081848
304,3,40,1.0,1.0235819816589355,0,0,0.0,0.0,-0.5,0.0,-0.0029733532574027777,-0.6259729862213135
305,3,41,1.0,1.0080294609069824,0,0,0.0,0.0,-0.5,0.0,-0.0032656658440828323,-0.5975295305252075
306,3,42,1.0,0.9929080009460449,0,0,0.0,0.0,-0.5,0.0,-0.0019783603493124247,-0.5741243362426758
307,3,43,1.0,0.990028977394104,0,0,0.0,0.0,-0.5,0.0,-0.0012726541608572006,-0.5601782202720642
308,3,44,1.0,0.9515542387962341,0,0,0.0,0.0,-0.5,0.0,9.585032239556313e-05,-0.5242523550987244
309,3,45,1.0,0.8916847705841064,0,0,0.0,0.0,-0.5,0.0,0.0018715093610808253,-0.42615175247192383
310,3,46,1.0,0.9183264970779419,0,0,0.0,0.0,-0.5,0.0,0.0009172651916742325,-0.24668799340724945
311,3,47,1.0,0.9630244374275208,0,0,0.0,0.0,-0.5,0.0,-0.0024077044799923897,-0.1469516009092331
312,3,48,1.0,1.1718361377716064,0,0,0.0,0.0,-0.5,0.0,-0.0013201390393078327,-0.057023804634809494
313,3,49,1.0,1.1736342906951904,0,0,0.0,0.0,0.0,0.0,-0.0012597538297995925,-0.055095572024583817
314,3,50,1.0,1.6469802856445312,0,1,0.0,0.0,0.0,0.0,0.0005135245155543089,-0.004734763875603676
315,3,51,1.0,1.647204875946045,0,1,0.0,0.0,0.0,0.0,0.0005218471633270383,-0.004541153088212013
316,3,52,2.0,1.76457941532135,1,1,0.0,0.0,0.0,0.0,0.0009323373669758439,0.00330923730507493
317,3,53,2.0,2.0170953273773193,1,1,0.0,0.0,0.0,0.0,-0.0002694456488825381,0.001987030263990164
318,3,54,2.0,2.033705949783325,1,1,0.0,0.0,0.0,0.0,-0.00034361641155555844,-0.0014456204371526837
319,3,55,2.0,2.050142526626587,1,1,0.0,0.0,0.0,0.0,0.0004671423230320215,-0.005151729099452496
320,3,56,2.0,2.041832685470581,1,1,0.0,0.0,0.0,0.0,0.0007620888645760715,-0.007729717530310154
321,3,57,2.0,2.0423648357391357,1,1,0.0,0.0,0.0,0.0,0.0019325799075886607,-0.012536207213997841
322,3,58,2.0,2.0250935554504395,1,1,0.0,0.0,0.0,0.0,0.00013910043344367296,-0.014199452474713326
323,3,59,2.0,2.0775489807128906,1,1,0.0,0.0,0.0,0.0,0.0008650369709357619,-0.030133193358778954
324,3,60,2.0,1.5385377407073975,1,1,0.0,0.0,0.0,0.0,0.0006143868085928261,0.021948697045445442
325,3,61,2.0,1.746722936630249,1,1,0.0,0.0,0.0,0.0,0.0012694838223978877,0.013102259486913681
326,3,62,2.0,1.163547396659851,1,0,0.0,0.0,0.0,0.0,0.0011365817626938224,-0.008403565734624863
327,3,63,1.0,1.161977767944336,0,0,0.0,0.0,0.0,0.0,0.0009783143177628517,-0.016094325110316277
328,3,64,1.0,1.0593619346618652,0,0,0.0,0.0,0.0,0.0,0.0006234096363186836,-0.02359813265502453
329,3,65,1.0,1.018552303314209,0,0,0.0,0.0,0.0,0.0,0.0005427564610727131,-0.02649497240781784
330,3,66,1.0,0.9627174139022827,0,0,0.0,0.0,0.0,0.0,0.0009872958762571216,0.00026488048024475574
331,3,67,1.0,0.9579881429672241,0,0,0.0,0.0,0.0,0.0,0.000662169826682657,0.01339724101126194
332,3,68,1.0,0.9538617730140686,0,0,0.0,0.0,0.0,0.0,0.00043770187767222524,0.027520058676600456
333,3,69,1.0,0.9596864581108093,0,0,0.0,0.0,0.0,0.0,0.0029968887101858854,0.02310330420732498
334,3,70,1.0,0.9411051273345947,0,0,0.0,0.0,0.0,0.0,0.0031470477115362883,0.09804073721170425
335,3,71,1.0,0.9414001703262329,0,0,0.0,0.0,0.0,0.0,0.0026518532540649176,0.18670575320720673
336,3,72,1.0,0.9425970911979675,0,0,0.0,0.0,0.0,0.0,0.001596700632944703,0.24748286604881287
337,3,73,1.0,0.9451990127563477,0,0,0.0,0.0,0.0,0.0,0.0011284775100648403,0.28507697582244873
338,3,74,1.0,0.9498217701911926,0,0,0.0,0.0,0.0,0.0,0.00038840511115267873,0.3219795525074005
339,3,75,1.0,0.9534556269645691,0,0,0.0,0.0,0.5,0.0,0.00011364331294316798,0.35320529341697693
340,3,76,1.0,0.9918813705444336,0,0,0.0,0.0,0.5,0.0,-0.0005046855076216161,0.5523879528045654
341,3,77,1.0,0.9882657527923584,0,0,0.0,0.0,0.5,0.0,-0.00016068352852016687,0.545805037021637
342,3,78,1.0,0.9929171800613403,0,0,0.0,0.0,0.5,0.0,-0.0004545868141576648,0.5649794936180115
343,3,79,1.0,0.9898186326026917,0,0,0.0,0.0,0.5,0.0,-9.840808343142271e-05,0.562431812286377
344,3,80,1.0,0.9906448125839233,0,0,0.0,0.0,0.5,0.0,0.00010656758968252689,0.5608245730400085
345,3,81,1.0,0.9911799430847168,0,0,0.0,0.0,0.5,0.0,-0.0006137873861007392,0.5558948516845703
346,3,82,1.0,0.9933236241340637,0,0,0.0,0.0,0.5,0.0,-0.0006313227931968868,0.5551460385322571
347,3,83,1.0,0.9945717453956604,0,0,0.0,0.0,0.5,0.0,-0.00037903146585449576,0.5575770735740662
348,3,84,1.0,0.9920037388801575,0,0,0.0,0.0,0.5,0.0,-0.0009035550756379962,0.5556302666664124
349,3,85,1.0,0.995400071144104,0,0,0.0,0.0,0.5,0.0,-0.000898460450116545,0.5517542958259583
350,4,0,1.0,0.9911645650863647,0,0,0.0,0.0,0.0,0.0,-0.008921205997467041,-0.010012884624302387
351,4,1,1.0,0.9896155595779419,0,0,0.0,0.0,0.0,0.0,-0.010058553889393806,-0.014763801358640194
352,4,2,1.0,0.9911571741104126,0,0,0.0,0.0,0.0,0.0,-0.009729726240038872,-0.013414079323410988
353,4,3,1.0,0.9914315938949585,0,0,0.0,0.0,0.0,0.0,-0.00946009811013937,-0.012566281482577324
354,4,4,1.0,0.9922260046005249,0,0,0.0,0.0,0.0,0.0,-0.010033560916781425,-0.011754082515835762
355,4,5,1.0,0.9923269748687744,0,0,0.0,0.0,0.0,0.0,-0.009973247535526752,-0.0114780617877841
356,4,6,1.0,0.9924036264419556,0,0,0.0,0.0,0.0,0.0,-0.00995834544301033,-0.010806781239807606
357,4,7,1.0,0.992425799369812,0,0,0.0,0.0,0.0,0.0,-0.009946770966053009,-0.010728505440056324
358,4,8,1.0,0.9927661418914795,0,0,0.0,0.0,0.0,0.0,-0.01010288204997778,-0.010374831035733223
359,4,9,1.0,0.99277263879776,0,0,0.0,-0.25,0.0,0.0,-0.010100211016833782,-0.010354550555348396
360,4,10,1.0,0.9952742457389832,0,0,0.0,-0.25,0.0,0.0,-0.03914235904812813,-0.015837401151657104
361,4,11,1.0,0.9962888956069946,0,0,0.0,-0.25,0.0,0.0,-0.044168226420879364,-0.01470824982970953
362,4,12,1.0,0.995469868183136,0,0,0.0,-0.25,0.0,0.0,-0.044979143887758255,-0.014151761308312416
363,4,13,1.0,0.9985446929931641,0,0,0.0,-0.25,0.0,0.0,-0.04694700613617897,-0.01044115424156189
364,4,14,1.0,0.9947801232337952,0,0,0.0,-0.25,0.0,0.0,-0.04643739387392998,-0.01166042685508728
365,4,15,1.0,0.9962148666381836,0,0,0.0,-0.25,0.0,0.0,-0.04583417624235153,-0.014801579527556896
366,4,16,1.0,0.9927279949188232,0,0,0.0,-0.25,0.0,0.0,-0.04345197603106499,-0.013110893778502941
367,4,17,1.0,0.9929826259613037,0,0,0.0,-0.25,0.0,0.0,-0.04195903614163399,-0.012679616920650005
368,4,18,1.0,0.9886229038238525,0,0,0.0,-0.25,0.0,0.0,-0.03724746033549309,-0.011790369637310505
369,4,19,1.0,0.9901942014694214,0,0,0.0,-0.25,0.0,0.0,-0.03656743839383125,-0.013125058263540268
370,4,20,1.0,0.9924883246421814,0,0,0.0,-0.25,0.0,0.0,-0.031830355525016785,-0.011923015117645264
371,4,21,1.0,0.9914339184761047,0,0,0.0,-0.25,0.0,0.0,-0.02970082312822342,-0.010126452893018723
372,4,22,1.0,0.9933507442474365,0,0,0.0,-0.25,0.0,0.0,-0.02665317989885807,-0.010025089606642723
373,4,23,1.0,0.9936633110046387,0,0,0.0,0.0,0.0,0.0,-0.02449650689959526,-0.010081789456307888
374,4,24,1.0,0.9931350350379944,0,0,0.0,0.0,0.0,0.0,-0.013818392530083656,-0.00609701219946146
375,4,25,1.0,0.9931209087371826,0,0,0.0,0.0,0.0,0.0,-0.005675607360899448,-0.007290508598089218
376,4,26,1.0,0.9905941486358643,0,0,0.0,0.0,0.0,0.0,-0.002802168717607856,-0.006277804262936115
377,4,27,1.0,0.9902399778366089,0,0,0.0,-0.25,0.0,0.0,-0.001797091099433601,-0.0066152275539934635
378,4,28,1.0,0.9915998578071594,0,0,0.0,0.0,0.0,0.0,-0.01888231560587883,-0.010397057980298996
379,4,29,1.0,0.9902427792549133,0,0,0.0,0.0,0.0,0.0,-0.009865581057965755,-0.01168591808527708
380,4,30,1.0,0.9819496273994446,0,0,0.0,0.0,0.0,0.0,-0.0037351096980273724,-0.01735449954867363
381,4,31,1.0,0.979762077331543,0,0,0.0,0.0,0.0,0.0,-0.0015037588309496641,-0.020343950018286705
382,4,32,1.0,0.9709190726280212,0,0,0.0,-0.25,0.0,0.0,-3.940727765439078e-05,-0.06325598806142807
383,4,33,1.0,0.9840685725212097,0,0,0.0,0.0,0.0,0.0,-0.020351247861981392,-0.03273036703467369
384,4,34,1.0,0.989145815372467,0,0,0.0,0.0,0.0,0.0,-0.007233304902911186,-0.41253045201301575
385,4,35,1.0,0.9887542128562927,0,0,0.0,0.0,0.0,0.0,-0.0028035067953169346,-0.4000779092311859
386,4,36,1.0,1.0001561641693115,0,0,0.0,0.0,0.0,0.0,-0.0016564959660172462,-0.5378975868225098
387,4,37,1.0,0.9996868371963501,0,0,0.0,0.0,0.0,0.0,-0.0016580234514549375,-0.5373188853263855
388,4,38,1.0,0.9973989129066467,0,0,0.0,0.0,0.0,0.0,-0.0019277498358860612,-0.5648689270019531
389,4,39,1.0,0.9970881342887878,0,0,0.0,0.0,0.0,0.0,-0.0019395685521885753,-0.5645554065704346
390,4,40,1.0,0.994243860244751,0,0,0.0,0.0,0.0,0.0,-0.0022099963389337063,-0.5665926337242126
391,4,41,1.0,0.9941636323928833,0,0,0.0,0.0,0.0,0.0,-0.002212418243288994,-0.566504180431366
392,4,42,1.0,0.9987367987632751,0,0,0.0,0.0,-0.5,0.0,-0.0022867731750011444,-0.5465841293334961
393,4,43,1.0,1.0234754085540771,0,0,0.0,0.0,-0.5,0.0,-0.0033610276877880096,-0.628380537033081
394,4,44,1.0,0.9984267950057983,0,0,0.0,0.0,-0.5,0.0,-0.0018725597765296698,-0.5957185626029968
395,4,45,1.0,0.9959416389465332,0,0,0.0,0.0,-0.5,0.0,-0.002019129926338792,-0.5790121555328369
396,4,46,1.0,0.9796260595321655,0,0,0.0,0.0,-0.5,0.0,-0.0006438753916881979,-0.5565234422683716
397,4,47,1.0,0.9591430425643921,0,0,0.0,0.0,-0.5,0.0,-0.0007173815974965692,-0.5246462225914001
398,4,48,1.0,0.9059392213821411,0,0,0.0,0.0,-0.5,0.0,0.0019635341595858335,-0.46020635962486267
399,4,49,1.0,0.8926895260810852,0,0,0.0,0.0,-0.5,0.0,0.0018446709727868438,-0.34365466237068176
400,4,50,1.0,0.9780247807502747,0,0,0.0,0.0,-0.5,0.0,-0.002001627115532756,-0.12933805584907532
401,4,51,1.0,0.9786707162857056,0,0,0.0,0.0,-0.5,0.0,-0.0016733979573473334,-0.12449990957975388
402,4,52,1.0,1.3749661445617676,0,0,0.0,0.0,-0.5,0.0,-0.001079254550859332,-0.028626393526792526
403,4,53,1.0,1.376266360282898,0,0,0.0,0.0,0.0,0.0,-0.0010357300052419305,-0.027798624709248543
404,4,54,1.0,1.6829642057418823,0,1,0.0,0.0,0.0,0.0,0.0006627956172451377,-0.002502758987247944
405,4,55,1.0,1.6829639673233032,0,1,0.0,0.0,0.0,0.0,0.0006757864612154663,-0.00244473060593009
406,4,56,2.0,1.765380859375,1,1,0.0,0.0,0.0,0.0,0.001015992253087461,0.002984018996357918
407,4,57,2.0,2.018498182296753,1,1,0.0,0.0,0.0,0.0,-0.00021598569583147764,0.0020790325943380594
408,4,58,2.0,2.034735679626465,1,1,0.0,0.0,0.0,0.0,-8.76894046086818e-05,-0.000137960072606802
409,4,59,2.0,2.0469350814819336,1,1,0.0,0.0,0.0,0.0,0.00044641876593232155,-0.004950425587594509
410,4,60,2.0,2.0509679317474365,1,1,0.0,0.0,0.0,0.0,0.0012805270962417126,-0.011321494355797768
411,4,61,2.0,2.0382883548736572,1,1,0.0,0.0,0.0,0.0,0.0012803019490092993,-0.016122864559292793
412,4,62,2.0,2.023768901824951,1,1,0.0,0.0,0.0,0.0,0.0013804727932438254,-0.015357266180217266
413,4,63,2.0,2.028454303741455,1,1,0.0,0.0,0.0,0.0,0.0007843930507078767,-0.021664101630449295
414,4,64,2.0,1.3243002891540527,1,0,0.0,0.0,0.0,0.0,0.001192372408695519,0.011504590511322021
415,4,65,2.0,1.5047415494918823,1,1,0.0,0.0,0.0,0.0,0.002039228333160281,0.00480728829279542
416,4,66,2.0,1.0648715496063232,1,0,0.0,0.0,0.0,0.0,0.0005327365361154079,-0.011577717028558254
417,4,67,2.0,1.0529148578643799,1,0,0.0,0.0,0.0,0.0,0.00041229213820770383,-0.0248773954808712
418,4,68,1.0,1.0335755348205566,0,0,0.0,0.0,0.0,0.0,0.000672869267873466,-0.02848268300294876
419,4,69,1.0,1.0060738325119019,0,0,0.0,0.0,0.0,0.0,0.0005726168747060001,-0.02522668056190014
420,4,70,1.0,0.955219030380249,0,0,0.0,0.0,0.0,0.0,0.00035103398840874434,0.01915770396590233
421,4,71,1.0,0.9589484333992004,0,0,0.0,0.0,0.0,0.0,0.0010849523823708296,-0.003102787770330906
422,4,72,1.0,0.9437286257743835,0,0,0.0,0.0,0.0,0.0,0.0027409906033426523,0.05315792188048363
423,4,73,1.0,0.9361208081245422,0,0,0.0,0.0,0.0,0.0,0.0025887726806104183,0.13931311666965485
424,4,74,1.0,0.939914882183075,0,0,0.0,0.0,0.0,0.0,0.0018644839292392135,0.2264740765094757
425,4,75,1.0,0.9441707730293274,0,0,0.0,0.0,0.5,0.0,0.0011051963083446026,0.2782704830169678
426,4,76,1.0,0.9916075468063354,0,0,0.0,0.0,0.5,0.0,-0.00048208789667114615,0.5483461022377014
427,4,77,1.0,0.9898439049720764,0,0,0.0,0.0,0.5,0.0,-0.0008300456102006137,0.5441170334815979
428,4,78,1.0,0.9930588006973267,0,0,0.0,0.0,0.5,0.0,-0.00027692108415067196,0.5617935657501221
429,4,79,1.0,0.9912132620811462,0,0,0.0,0.0,0.5,0.0,4.527380224317312e-05,0.5610173344612122
430,4,80,1.0,0.9904356002807617,0,0,0.0,0.0,0.5,0.0,-3.834057133644819e-05,0.5581668019294739
431,4,81,1.0,0.9916671514511108,0,0,0.0,0.0,0.5,0.0,-0.0009642964578233659,0.557366132736206
432,4,82,1.0,0.9926587343215942,0,0,0.0,0.0,0.5,0.0,-0.0005920612602494657,0.55713951587677
433,4,83,1.0,0.9929271936416626,0,0,0.0,0.0,0.5,0.0,-0.00045096309622749686,0.5570555329322815
434,4,84,1.0,0.993119478225708,0,0,0.0,0.0,0.5,0.0,-0.0008011530735529959,0.5539526343345642
435,4,85,1.0,0.9954310059547424,0,0,0.0,0.0,0.5,0.0,-0.0008724367944523692,0.551253616809845
436,5,0,1.0,0.9935172200202942,0,0,0.0,0.0,0.0,0.0,0.008132876828312874,-0.013681608252227306
437,5,1,1.0,0.9933556914329529,0,0,0.0,0.0,0.0,0.0,0.0058409906923770905,-0.015942757949233055
438,5,2,1.0,0.9938363432884216,0,0,0.0,0.0,0.0,0.0,0.006474792957305908,-0.016083335503935814
439,5,3,1.0,0.99385666847229,0,0,0.0,0.0,0.0,0.0,0.007023991551250219,-0.01585555635392666
440,5,4,1.0,0.9944330453872681,0,0,0.0,0.0,0.0,0.0,0.007860252633690834,-0.01603410206735134
441,5,5,1.0,0.9944749474525452,0,0,0.0,0.0,0.0,0.0,0.007934502325952053,-0.015807069838047028
442,5,6,1.0,0.994735062122345,0,0,0.0,0.0,0.0,0.0,0.008746741339564323,-0.016270514577627182
443,5,7,1.0,0.9947476387023926,0,0,0.0,0.0,0.0,0.0,0.008755925111472607,-0.016195472329854965
444,5,8,1.0,0.9948331117630005,0,0,0.0,0.0,0.0,0.0,0.008823594078421593,-0.016625232994556427
445,5,9,1.0,0.994839072227478,0,0,0.0,0.0,0.0,0.0,0.008824572898447514,-0.016604550182819366
446,5,10,1.0,0.9948734045028687,0,0,0.0,0.0,0.0,0.0,0.008836643770337105,-0.016538454219698906
447,5,11,1.0,0.994874894618988,0,0,0.0,0.0,0.0,0.0,0.008836690336465836,-0.01653313636779785
448,5,12,1.0,0.9948756694793701,0,0,0.0,0.0,0.0,0.0,0.008836672641336918,-0.016530487686395645
449,5,13,1.0,0.9948761463165283,0,0,0.0,0.0,0.0,0.0,0.008836655877530575,-0.016529176384210587
450,5,14,1.0,0.9948764443397522,0,0,0.0,0.0,0.0,0.0,0.008836672641336918,-0.016528483480215073
451,5,15,1.0,0.9948764443397522,0,0,0.0,0.0,0.0,0.0,0.008836688473820686,-0.01652814820408821
452,5,16,1.0,0.9948765635490417,0,0,0.0,0.0,0.0,0.0,0.008836671710014343,-0.016527948901057243
453,5,17,1.0,0.9948766231536865,0,0,0.0,0.0,0.0,0.0,0.008836677297949791,-0.016527879983186722
454,5,18,1.0,0.9948766231536865,0,0,0.0,0.0,0.0,0.0,0.008836669847369194,-0.01652785949409008
455,5,19,1.0,0.9948766231536865,0,0,0.0,0.0,0.0,0.0,0.008836672641336918,-0.0165278147906065
456,5,20,1.0,0.9948766231536865,0,0,0.0,0.0,0.0,0.0,0.008836677297949791,-0.016527816653251648
457,5,21,1.0,0.9948765635490417,0,0,0.0,0.0,0.0,0.0,0.00883668102324009,-0.01652773842215538
458,5,22,1.0,0.9948765635490417,0,0,0.0,0.0,0.0,0.0,0.00883668102324009,-0.01652776077389717
459,5,23,1.0,0.9948766231536865,0,0,0.0,0.0,0.0,0.0,0.008836674503982067,-0.016527695581316948
460,5,24,1.0,0.9946398735046387,0,0,0.0,0.25,0.0,0.0,0.008132454939186573,-0.015465856529772282
461,5,25,1.0,0.9942377805709839,0,0,0.0,0.25,0.0,0.0,0.026316512376070023,-0.010806257836520672
462,5,26,1.0,0.9910019040107727,0,0,0.0,0.25,0.0,0.0,0.029317611828446388,-0.010915356688201427
463,5,27,1.0,0.9937789440155029,0,0,0.0,0.25,0.0,0.0,0.03127056732773781,-0.014146444387733936
464,5,28,1.0,0.9883798360824585,0,0,0.0,0.25,0.0,0.0,0.030464088544249535,-0.012121609412133694
465,5,29,1.0,0.9868865013122559,0,0,0.0,0.25,0.0,0.0,0.030473455786705017,-0.012771687470376492
466,5,30,1.0,0.9885236024856567,0,0,0.0,0.25,0.0,0.0,0.028701521456241608,-0.012581666000187397
467,5,31,1.0,0.9895979166030884,0,0,0.0,0.25,0.0,0.0,0.026872405782341957,-0.013039509765803814
468,5,32,1.0,0.9864363670349121,0,0,0.0,0.25,0.0,0.0,0.024232903495430946,-0.010175611823797226
469,5,33,1.0,0.9855381846427917,0,0,0.0,0.25,0.0,0.0,0.023361273109912872,-0.010207993909716606
470,5,34,1.0,0.9832227230072021,0,0,0.0,0.25,0.0,0.0,0.021266818046569824,-0.010735757648944855
471,5,35,1.0,0.9834989309310913,0,0,0.0,0.25,0.0,0.0,0.021467281505465508,-0.011616562493145466
472,5,36,1.0,0.9874504804611206,0,0,0.0,0.25,0.0,0.0,0.019618798047304153,-0.010756597854197025
473,5,37,1.0,0.9829305410385132,0,0,0.0,0.25,0.0,0.0,0.016978219151496887,-0.007483338937163353
474,5,38,1.0,0.9825368523597717,0,0,0.0,0.0,0.0,0.0,0.015594374388456345,-0.00875595211982727
475,5,39,1.0,0.985705554485321,0,0,0.0,0.0,0.0,0.0,0.007977970875799656,-0.008439921773970127
476,5,40,1.0,0.9881404638290405,0,0,0.0,0.0,0.0,0.0,0.001179075799882412,-0.013391322456300259
477,5,41,1.0,0.9890140295028687,0,0,0.0,0.0,0.0,0.0,-0.002050739945843816,-0.017157962545752525
478,5,42,1.0,0.9898157715797424,0,0,0.0,0.0,0.0,0.0,-0.0028357321862131357,-0.01894623413681984
479,5,43,1.0,0.9900275468826294,0,0,0.0,0.0,0.0,0.0,-0.0033165598288178444,-0.019564315676689148
480,5,44,1.0,0.9899412393569946,0,0,0.0,0.25,0.0,0.0,-0.004076062701642513,-0.01925003156065941
481,5,45,1.0,0.9821956157684326,0,0,0.0,0.0,0.0,0.0,0.011785945855081081,-0.008817351423203945
482,5,46,1.0,0.9812070727348328,0,0,0.0,0.0,0.0,0.0,0.004863870330154896,-0.014664974063634872
483,5,47,1.0,0.9824357032775879,0,0,0.0,0.0,0.0,0.0,-0.0008886617142707109,-0.021496372297406197
484,5,48,1.0,0.9809799194335938,0,0,0.0,0.0,0.0,0.0,-0.003093753010034561,-0.03043759986758232
485,5,49,1.0,0.98130863904953,0,0,0.0,0.25,0.0,0.0,-0.0039163436740636826,-0.03180360421538353
486,5,50,1.0,0.9655230641365051,0,0,0.0,0.0,0.0,0.0,0.012667421251535416,-0.04688999801874161
487,5,51,1.0,0.9686394929885864,0,0,0.0,0.0,0.0,0.0,0.002624435583129525,-0.10208071768283844
488,5,52,1.0,0.986815869808197,0,0,0.0,0.0,0.0,0.0,-0.001943387440405786,-0.23705263435840607
489,5,53,1.0,0.9890415668487549,0,0,0.0,0.0,0.0,0.0,-0.0036764685064554214,-0.25038760900497437
490,5,54,1.0,0.9912487268447876,0,0,0.0,0.0,0.0,0.0,-0.0048445481806993484,-0.30333101749420166
491,5,55,1.0,0.9914023876190186,0,0,0.0,0.0,-0.5,0.0,-0.004992105066776276,-0.30390501022338867
492,5,56,1.0,1.0215703248977661,0,0,0.0,0.0,-0.5,0.0,-0.0017599605489522219,-0.6018426418304443
493,5,57,1.0,1.011660099029541,0,0,0.0,0.0,-0.5,0.0,-0.0018151375697925687,-0.591748058795929
494,5,58,1.0,1.004356026649475,0,0,0.0,0.0,-0.5,0.0,-0.0022832078393548727,-0.5824763178825378
495,5,59,1.0,0.998923659324646,0,0,0.0,0.0,-0.5,0.0,-0.0010082087246701121,-0.573096513748169
496,5,60,1.0,0.9888538122177124,0,0,0.0,0.0,-0.5,0.0,0.0012117507867515087,-0.5553818345069885
497,5,61,1.0,0.9124540686607361,0,0,0.0,0.0,-0.5,0.0,0.003261065110564232,-0.49024754762649536
498,5,62,1.0,0.8707534074783325,0,0,0.0,0.0,-0.5,0.0,0.0008024685084819794,-0.32682526111602783
499,5,63,1.0,0.9768339395523071,0,0,0.0,0.0,-0.5,0.0,-0.0027277262415736914,-0.16198380291461945
500,5,64,1.0,1.0887624025344849,0,0,0.0,0.0,-0.5,0.0,-0.00272203516215086,-0.06187526881694794
501,5,65,1.0,1.0945340394973755,0,0,0.0,0.0,0.0,0.0,-0.002884314628317952,-0.05729562044143677
502,5,66,1.0,1.525455117225647,0,1,0.0,0.0,0.0,0.0,-0.0012486204504966736,-0.008641159161925316
503,5,67,2.0,1.5257861614227295,1,1,0.0,0.0,0.0,0.0,-0.001268964959308505,-0.008461210876703262
504,5,68,2.0,2.05224871635437,1,1,0.0,0.0,0.0,0.0,-0.00047219492262229323,0.0033028703182935715
505,5,69,2.0,2.0624589920043945,1,1,0.0,0.0,0.0,0.0,-0.0012094543781131506,-0.004945356398820877
506,5,70,2.0,2.0802717208862305,1,1,0.0,0.0,0.0,0.0,-0.001088583143427968,-0.013383135199546814
507,5,71,2.0,2.0763463973999023,1,1,0.0,0.0,0.0,0.0,0.0011771767167374492,-0.010678412392735481
508,5,72,2.0,2.0803844928741455,1,1,0.0,0.0,0.0,0.0,0.001558726537041366,-0.017349250614643097
509,5,73,2.0,2.1027204990386963,1,1,0.0,0.0,0.0,0.0,0.001089695724658668,-0.009875381365418434
510,5,74,2.0,2.0737717151641846,1,1,0.0,0.0,0.0,0.0,-0.0009712942410260439,0.00024218775797635317
511,5,75,2.0,2.0695252418518066,1,1,0.0,0.0,0.0,0.0,-0.0010314052924513817,0.001932071172632277
512,5,76,2.0,1.9110910892486572,1,1,0.0,0.0,0.0,0.0,-0.0009046365739777684,0.02466660365462303
513,5,77,2.0,1.9131510257720947,1,1,0.0,0.0,0.0,0.0,-0.0005684237112291157,0.019143393263220787
514,5,78,2.0,1.3555946350097656,1,0,0.0,0.0,0.0,0.0,-0.001478876336477697,-0.006602795794606209
515,5,79,1.0,1.319462537765503,0,0,0.0,0.0,0.0,0.0,-0.0015067668864503503,-0.0070588914677500725
516,5,80,1.0,1.0577611923217773,0,0,0.0,0.0,0.0,0.0,-0.002367016626521945,0.0022136273328214884
517,5,81,1.0,1.032206416130066,0,0,0.0,0.0,0.0,0.0,-0.00208381749689579,0.020752331241965294
518,5,82,1.0,0.9830152988433838,0,0,0.0,0.0,0.0,0.0,-0.0016183869447559118,0.0676574558019638
519,5,83,1.0,0.9828883409500122,0,0,0.0,0.0,0.0,0.0,-0.0016758852871134877,0.0625859722495079
520,5,84,1.0,0.9666543006896973,0,0,0.0,0.0,0.5,0.0,-0.0017376237083226442,0.10269036144018173
521,5,85,1.0,0.981404721736908,0,0,0.0,0.0,0.5,0.0,-0.0004332754178903997,0.5176641345024109
522,5,86,1.0,0.9872498512268066,0,0,0.0,0.0,0.5,0.0,-0.00033503660233691335,0.5437632203102112
523,5,87,1.0,0.9865703582763672,0,0,0.0,0.0,0.5,0.0,-0.0002615125849843025,0.5546903610229492
524,5,88,1.0,0.9879409074783325,0,0,0.0,0.0,0.5,0.0,-0.0001468754926463589,0.5624053478240967
525,5,89,1.0,0.9908617734909058,0,0,0.0,0.0,0.5,0.0,0.00017610502254683524,0.5590423345565796
526,5,90,1.0,0.9930341839790344,0,0,0.0,0.0,0.5,0.0,-0.00023761094780638814,0.5567538142204285
527,5,91,1.0,0.993065357208252,0,0,0.0,0.0,0.5,0.0,2.5525601813569665e-05,0.5549964904785156
528,5,92,1.0,0.9929142594337463,0,0,0.0,0.0,0.5,0.0,-0.00017238729924429208,0.5485096573829651
529,5,93,1.0,0.9961650371551514,0,0,0.0,0.0,0.5,0.0,-0.0008575369720347226,0.5427520275115967
530,5,94,1.0,0.9951441287994385,0,0,0.0,0.0,0.5,0.0,-0.0006219257484190166,0.5461135506629944
531,6,0,1.0,0.9911646246910095,0,0,0.0,0.0,0.0,0.0,-0.008921216242015362,-0.010012929327785969
532,6,1,1.0,0.9896154403686523,0,0,0.0,0.0,0.0,0.0,-0.010058552958071232,-0.014763823710381985
533,6,2,1.0,0.9911571741104126,0,0,0.0,0.0,0.0,0.0,-0.0097297178581357,-0.013414050452411175
534,6,3,1.0,0.9914316534996033,0,0,0.0,0.0,0.0,0.0,-0.009460085071623325,-0.012566281482577324
535,6,4,1.0,0.9922260046005249,0,0,0.0,0.0,0.0,0.0,-0.010033560916781425,-0.011754038743674755
536,6,5,1.0,0.9923269748687744,0,0,0.0,0.0,0.0,0.0,-0.009973260574042797,-0.011478032916784286
537,6,6,1.0,0.9924036264419556,0,0,0.0,0.0,0.0,0.0,-0.00995834544301033,-0.010806766338646412
538,6,7,1.0,0.992425799369812,0,0,0.0,0.0,0.0,0.0,-0.009946770034730434,-0.010728501714766026
539,6,8,1.0,0.9927661418914795,0,0,0.0,0.0,0.0,0.0,-0.01010288204997778,-0.010374827310442924
540,6,9,1.0,0.9927726984024048,0,0,0.0,-0.25,0.0,0.0,-0.01010021474212408,-0.010354524478316307
541,6,10,1.0,0.9952743053436279,0,0,0.0,-0.25,0.0,0.0,-0.03914234787225723,-0.015837430953979492
542,6,11,1.0,0.9962890148162842,0,0,0.0,-0.25,0.0,0.0,-0.044168226420879364,-0.014708293601870537
543,6,12,1.0,0.995469868183136,0,0,0.0,-0.25,0.0,0.0,-0.04497912526130676,-0.014151766896247864
544,6,13,1.0,0.9985446929931641,0,0,0.0,-0.25,0.0,0.0,-0.04694699868559837,-0.01044115424156189
545,6,14,1.0,0.9947800636291504,0,0,0.0,-0.25,0.0,0.0,-0.04643738269805908,-0.011660419404506683
546,6,15,1.0,0.996214747428894,0,0,0.0,-0.25,0.0,0.0,-0.04583418369293213,-0.014801575802266598
547,6,16,1.0,0.9927279949188232,0,0,0.0,-0.25,0.0,0.0,-0.04345196112990379,-0.013110888190567493
548,6,17,1.0,0.9929825067520142,0,0,0.0,-0.25,0.0,0.0,-0.04195905849337578,-0.012679615058004856
549,6,18,1.0,0.9886229038238525,0,0,0.0,-0.25,0.0,0.0,-0.03724748268723488,-0.011790378950536251
550,6,19,1.0,0.9901942014694214,0,0,0.0,-0.25,0.0,0.0,-0.03656743839383125,-0.013125069439411163
551,6,20,1.0,0.9924882650375366,0,0,0.0,-0.25,0.0,0.0,-0.031830355525016785,-0.011922997422516346
552,6,21,1.0,0.9914339780807495,0,0,0.0,-0.25,0.0,0.0,-0.02970081754028797,-0.010126492939889431
553,6,22,1.0,0.9933508634567261,0,0,0.0,-0.25,0.0,0.0,-0.026653168722987175,-0.010025057010352612
554,6,23,1.0,0.9936632513999939,0,0,0.0,-0.25,0.0,0.0,-0.024496523663401604,-0.010081835091114044
555,6,24,1.0,0.9921540021896362,0,0,0.0,-0.25,0.0,0.0,-0.023479361087083817,-0.008773768320679665
556,6,25,1.0,0.9883592128753662,0,0,0.0,-0.25,0.0,0.0,-0.023722615092992783,-0.012806138955056667
557,6,26,1.0,0.9817546010017395,0,0,0.0,0.0,0.0,0.0,-0.027106812223792076,-0.058124709874391556
558,6,27,1.0,0.9848836064338684,0,0,0.0,0.0,0.0,0.0,-0.011149668134748936,-0.016843872144818306
559,6,28,1.0,0.9909688234329224,0,0,0.0,0.0,0.0,0.0,-0.004624332766979933,-0.008158737793564796
560,6,29,1.0,0.9912834763526917,0,0,0.0,0.0,0.0,0.0,-0.0023126753512769938,-0.008729816414415836
561,6,30,1.0,0.9897270202636719,0,0,0.0,0.0,0.0,0.0,-0.001404332579113543,-0.00745909009128809
562,6,31,1.0,0.9894601702690125,0,0,0.0,0.0,0.0,0.0,-0.001105389790609479,-0.007664836943149567
563,6,32,1.0,0.9923321008682251,0,0,0.0,0.25,0.0,0.0,-0.0018486063927412033,-0.007635870948433876
564,6,33,1.0,0.9863250851631165,0,0,0.0,0.0,0.0,0.0,0.011117488145828247,-0.010910047218203545
565,6,34,1.0,0.9742376804351807,0,0,0.0,0.0,0.0,0.0,0.0029309652745723724,-0.3422313630580902
566,6,35,1.0,0.985938310623169,0,0,0.0,0.0,0.0,0.0,-0.0002452674088999629,-0.3789617419242859
567,6,36,1.0,0.9872059226036072,0,0,0.0,0.0,0.0,0.0,-0.0022377646528184414,-0.5505530834197998
568,6,37,1.0,0.9881866574287415,0,0,0.0,0.0,0.0,0.0,-0.0023214472457766533,-0.5525837540626526
569,6,38,1.0,0.9942983388900757,0,0,0.0,0.0,0.0,0.0,-0.001987399533390999,-0.5672922730445862
570,6,39,1.0,0.9945996999740601,0,0,0.0,0.0,0.0,0.0,-0.0019739510025829077,-0.5676682591438293
571,6,40,1.0,0.9975416660308838,0,0,0.0,0.0,-0.5,0.0,-0.002377874683588743,-0.5509589314460754
572,6,41,1.0,1.0210633277893066,0,0,0.0,0.0,-0.5,0.0,-0.003866413841024041,-0.6289255023002625
573,6,42,1.0,0.9970375299453735,0,0,0.0,0.0,-0.5,0.0,-0.001824192819185555,-0.595086932182312
574,6,43,1.0,0.9955147504806519,0,0,0.0,0.0,-0.5,0.0,-0.0020535141229629517,-0.5783299803733826
575,6,44,1.0,0.9790112376213074,0,0,0.0,0.0,-0.5,0.0,-0.0006787615129724145,-0.5561315417289734
576,6,45,1.0,0.9601211547851562,0,0,0.0,0.0,-0.5,0.0,-0.0008112969226203859,-0.5246710181236267
577,6,46,1.0,0.9055925607681274,0,0,0.0,0.0,-0.5,0.0,0.0021229591220617294,-0.46261724829673767
578,6,47,1.0,0.8882935047149658,0,0,0.0,0.0,-0.5,0.0,0.002479152288287878,-0.331878125667572
579,6,48,1.0,0.9780109524726868,0,0,0.0,0.0,-0.5,0.0,-0.0020359805785119534,-0.12955985963344574
580,6,49,1.0,0.9779870510101318,0,0,0.0,0.0,-0.5,0.0,-0.0016903862124308944,-0.12512508034706116
581,6,50,1.0,1.374990463256836,0,0,0.0,0.0,-0.5,0.0,-0.0010788870276883245,-0.028616618365049362
582,6,51,1.0,1.3762905597686768,0,0,0.0,0.0,0.0,0.0,-0.0010354788973927498,-0.02778797596693039
583,6,52,1.0,1.6877925395965576,0,1,0.0,0.0,0.0,0.0,0.0006517334841191769,-0.0020835809409618378
584,6,53,1.0,1.6877708435058594,0,1,0.0,0.0,0.0,0.0,0.000665504252538085,-0.002026553265750408
585,6,54,2.0,1.7653911113739014,1,1,0.0,0.0,0.0,0.0,0.0010167432483285666,0.002989211119711399
586,6,55,2.0,2.0185112953186035,1,1,0.0,0.0,0.0,0.0,-0.00021572083642240614,0.0020842161029577255
587,6,56,2.0,2.0347518920898438,1,1,0.0,0.0,0.0,0.0,-9.798569954000413e-05,-0.00026749877724796534
588,6,57,2.0,2.0506112575531006,1,1,0.0,0.0,0.0,0.0,0.0011149257188662887,-0.002794944681227207
589,6,58,2.0,2.041541814804077,1,1,0.0,0.0,0.0,0.0,0.0018312250031158328,-0.005373551044613123
590,6,59,2.0,2.0469448566436768,1,1,0.0,0.0,0.0,0.0,0.0014756907476112247,-0.018415162339806557
591,6,60,2.0,2.007514476776123,1,1,0.0,0.0,0.0,0.0,0.0013703479198738933,-0.013694535940885544
592,6,61,2.0,2.059844493865967,1,1,0.0,0.0,0.0,0.0,0.0013428196543827653,-0.030595749616622925
593,6,62,2.0,1.4608798027038574,1,0,0.0,0.0,0.0,0.0,-0.00011754396837204695,0.022044716402888298
594,6,63,2.0,1.4550999402999878,1,0,0.0,0.0,0.0,0.0,0.0001888807601062581,0.01856209710240364
595,6,64,2.0,1.5957634449005127,1,1,0.0,0.0,0.0,0.0,-0.00016476972086820751,0.014031408354640007
596,6,65,2.0,1.5989360809326172,1,1,0.0,0.0,0.0,0.0,-6.603924703085795e-05,0.013540979474782944
597,6,66,1.0,1.026594877243042,0,0,0.0,0.0,0.0,0.0,-0.0004863141803070903,0.01163480058312416
598,6,67,1.0,1.02769136428833,0,0,0.0,0.0,0.0,0.0,-0.0004926471738144755,0.011108807288110256
599,6,68,1.0,1.0132585763931274,0,0,0.0,0.0,0.0,0.0,8.95343255251646e-05,0.023905307054519653
600,6,69,1.0,1.0096800327301025,0,0,0.0,0.0,0.0,0.0,0.0002786657423712313,0.027734750881791115
601,6,70,1.0,1.016065239906311,0,0,0.0,0.0,0.0,0.0,-0.00013270137424115092,0.02245112508535385
602,6,71,1.0,1.0167080163955688,0,0,0.0,0.0,0.0,0.0,-0.00015697881462983787,0.02251807227730751
603,6,72,1.0,1.1167906522750854,0,0,0.0,0.0,0.0,0.0,-0.000368053384590894,0.011058555915951729
604,6,73,1.0,1.116273045539856,0,0,0.0,0.0,0.5,0.0,-0.0004685941385105252,0.010424057953059673
605,6,74,1.0,1.0793999433517456,0,0,0.0,0.0,0.5,0.0,-0.0005755731253884733,0.0580778494477272
606,6,75,1.0,0.9848591089248657,0,0,0.0,0.0,0.5,0.0,-0.000301776803098619,0.5285202264785767
607,6,76,1.0,0.9904865026473999,0,0,0.0,0.0,0.5,0.0,-9.652737935539335e-05,0.5570529103279114
608,6,77,1.0,0.9856761693954468,0,0,0.0,0.0,0.5,0.0,-9.797233360586688e-05,0.5448926091194153
609,6,78,1.0,0.9881473779678345,0,0,0.0,0.0,0.5,0.0,-4.078338679391891e-05,0.5564952492713928
610,6,79,1.0,0.9917336702346802,0,0,0.0,0.0,0.5,0.0,-0.0007575599593110383,0.5610584616661072
611,6,80,1.0,0.9962005019187927,0,0,0.0,0.0,0.5,0.0,-0.0012099331943318248,0.5564768314361572
612,6,81,1.0,0.9960989356040955,0,0,0.0,0.0,0.5,0.0,-0.0003092234837822616,0.5536780953407288
613,6,82,1.0,0.9927191138267517,0,0,0.0,0.0,0.5,0.0,-0.0006982408231124282,0.5546289682388306
614,6,83,1.0,0.9947214722633362,0,0,0.0,0.0,0.5,0.0,-0.0008862917893566191,0.551996111869812
615,7,0,1.0,0.9935171604156494,0,0,0.0,0.0,0.0,0.0,0.00813288614153862,-0.013681594282388687
616,7,1,1.0,0.9933557510375977,0,0,0.0,0.0,0.0,0.0,0.005840997211635113,-0.01594274304807186
617,7,2,1.0,0.9938362836837769,0,0,0.0,0.0,0.0,0.0,0.006474789697676897,-0.01608334667980671
618,7,3,1.0,0.9938565492630005,0,0,0.0,0.0,0.0,0.0,0.007023987360298634,-0.015855567529797554
619,7,4,1.0,0.9944331645965576,0,0,0.0,0.0,0.0,0.0,0.007860257290303707,-0.016034072265028954
620,7,5,1.0,0.9944749474525452,0,0,0.0,0.0,0.0,0.0,0.007934501394629478,-0.015807081013917923
621,7,6,1.0,0.994735062122345,0,0,0.0,0.0,0.0,0.0,0.008746721781790257,-0.016270484775304794
622,7,7,1.0,0.9947475790977478,0,0,0.0,0.0,0.0,0.0,0.00875591766089201,-0.016195422038435936
623,7,8,1.0,0.9948331117630005,0,0,0.0,0.0,0.0,0.0,0.00882358942180872,-0.016625206917524338
624,7,9,1.0,0.994839072227478,0,0,0.0,0.0,0.0,0.0,0.008824569173157215,-0.016604561358690262
625,7,10,1.0,0.9946353435516357,0,0,0.0,0.25,0.0,0.0,0.008132316172122955,-0.015476548112928867
626,7,11,1.0,0.9939265251159668,0,0,0.0,0.25,0.0,0.0,0.026262201368808746,-0.010733083821833134
627,7,12,1.0,0.9911730885505676,0,0,0.0,0.25,0.0,0.0,0.02933782897889614,-0.010691322386264801
628,7,13,1.0,0.9916101694107056,0,0,0.0,0.25,0.0,0.0,0.03132237121462822,-0.01378672942519188
629,7,14,1.0,0.9881419539451599,0,0,0.0,0.25,0.0,0.0,0.030408689752221107,-0.01186275016516447
630,7,15,1.0,0.987199068069458,0,0,0.0,0.25,0.0,0.0,0.030266378074884415,-0.012720410712063313
631,7,16,1.0,0.9885236620903015,0,0,0.0,0.25,0.0,0.0,0.02870154194533825,-0.012581822462379932
632,7,17,1.0,0.9895978569984436,0,0,0.0,0.25,0.0,0.0,0.026872405782341957,-0.013039546087384224
633,7,18,1.0,0.9864363670349121,0,0,0.0,0.25,0.0,0.0,0.024232901632785797,-0.010175619274377823
634,7,19,1.0,0.9855381846427917,0,0,0.0,0.25,0.0,0.0,0.023361273109912872,-0.01020798645913601
635,7,20,1.0,0.9832226634025574,0,0,0.0,0.25,0.0,0.0,0.02126682549715042,-0.010735727846622467
636,7,21,1.0,0.9834988117218018,0,0,0.0,0.25,0.0,0.0,0.021467259153723717,-0.011616547591984272
637,7,22,1.0,0.9874505400657654,0,0,0.0,0.25,0.0,0.0,0.019618798047304153,-0.010756615549325943
638,7,23,1.0,0.9829305410385132,0,0,0.0,0.25,0.0,0.0,0.01697821542620659,-0.007483353838324547
639,7,24,1.0,0.9823098182678223,0,0,0.0,0.25,0.0,0.0,0.015507848933339119,-0.009000260382890701
640,7,25,1.0,0.9834914803504944,0,0,0.0,0.25,0.0,0.0,0.015437108464539051,-0.009176324121654034
641,7,26,1.0,0.9752787351608276,0,0,0.0,0.0,0.0,0.0,0.015408175066113472,-0.01864613965153694
642,7,27,1.0,0.9685283899307251,0,0,0.0,0.0,0.0,0.0,0.00759253092110157,-0.03804074972867966
643,7,28,1.0,0.9802149534225464,0,0,0.0,0.0,0.0,0.0,-0.00029888609424233437,-0.19088910520076752
644,7,29,1.0,0.9845531582832336,0,0,0.0,0.0,0.0,0.0,-0.0028576720505952835,-0.20993132889270782
645,7,30,1.0,0.9898518919944763,0,0,0.0,0.0,0.0,0.0,-0.004234127700328827,-0.2981778383255005
646,7,31,1.0,0.9903593063354492,0,0,0.0,0.0,0.0,0.0,-0.004508973099291325,-0.29953810572624207
647,7,32,1.0,0.9893349409103394,0,0,0.0,0.0,0.0,0.0,-0.004850187338888645,-0.29594185948371887
648,7,33,1.0,0.989480197429657,0,0,0.0,0.0,0.0,0.0,-0.004884517751634121,-0.2960231602191925
649,7,34,1.0,0.9909719228744507,0,0,0.0,0.0,0.0,0.0,-0.005059795919805765,-0.31607159972190857
650,7,35,1.0,0.9910008907318115,0,0,0.0,0.0,0.0,0.0,-0.005066960584372282,-0.3160725235939026
651,7,36,1.0,0.991065502166748,0,0,0.0,0.0,0.0,0.0,-0.005106588359922171,-0.30499163269996643
652,7,37,1.0,0.99106764793396,0,0,0.0,0.0,-0.5,0.0,-0.005108167417347431,-0.30499279499053955
653,7,38,1.0,1.0234655141830444,0,0,0.0,0.0,-0.5,0.0,-0.0016982180532068014,-0.6031442284584045
654,7,39,1.0,1.0108041763305664,0,0,0.0,0.0,-0.5,0.0,-0.0009743641130626202,-0.5952699780464172
655,7,40,1.0,1.0079548358917236,0,0,0.0,0.0,-0.5,0.0,-0.002211175626143813,-0.5827327370643616
656,7,41,1.0,1.0034644603729248,0,0,0.0,0.0,-0.5,0.0,-0.0014376522740349174,-0.5749720931053162
657,7,42,1.0,0.9870634078979492,0,0,0.0,0.0,-0.5,0.0,0.0012202083598822355,-0.55515056848526
658,7,43,1.0,0.9141746759414673,0,0,0.0,0.0,-0.5,0.0,0.003188017290085554,-0.4923517405986786
659,7,44,1.0,0.8712331056594849,0,0,0.0,0.0,-0.5,0.0,0.0007884596125222743,-0.3259775638580322
660,7,45,1.0,0.9740087389945984,0,0,0.0,0.0,-0.5,0.0,-0.0026861883234232664,-0.16396000981330872
661,7,46,1.0,1.0887823104858398,0,0,0.0,0.0,-0.5,0.0,-0.0027219729963690042,-0.061865903437137604
662,7,47,1.0,1.0945321321487427,0,0,0.0,0.0,-0.5,0.0,-0.002884362358599901,-0.05729977786540985
663,7,48,1.0,1.5244723558425903,0,1,0.0,0.0,0.0,0.0,-0.001256744028069079,-0.008717487566173077
664,7,49,1.0,1.5248056650161743,0,1,0.0,0.0,0.0,0.0,-0.0012763133272528648,-0.008532342500984669
665,7,50,1.0,1.5864372253417969,0,1,0.0,0.0,0.0,0.0,-0.0009547333465889096,-0.004601202439516783
666,7,51,1.0,1.5865204334259033,0,1,0.0,0.0,0.0,0.0,-0.0009600440389476717,-0.004620717838406563
667,7,52,2.0,1.6401586532592773,1,1,0.0,0.0,0.0,0.0,-0.0005006432184018195,-0.0010050222044810653
668,7,53,2.0,2.0442488193511963,1,1,0.0,0.0,0.0,0.0,-0.0009329285239800811,0.006062275264412165
669,7,54,2.0,2.054293155670166,1,1,0.0,0.0,0.0,0.0,-0.0016081536887213588,-0.003671578597277403
670,7,55,2.0,2.066206455230713,1,1,0.0,0.0,0.0,0.0,-0.0015841771382838488,-0.009000926278531551
671,7,56,2.0,2.078979253768921,1,1,0.0,0.0,0.0,0.0,0.0008163402671925724,-0.0111753661185503
672,7,57,2.0,2.0661747455596924,1,1,0.0,0.0,0.0,0.0,3.894140536431223e-05,-0.014306762255728245
673,7,58,2.0,2.111241579055786,1,1,0.0,0.0,0.0,0.0,-0.0011652815155684948,-0.0037500248290598392
674,7,59,2.0,2.113278388977051,1,1,0.0,0.0,0.0,0.0,-0.0010133764008060098,-0.0038648047484457493
675,7,60,2.0,2.0476832389831543,1,1,0.0,0.0,0.0,0.0,-0.0010362127795815468,0.0052285571582615376
676,7,61,2.0,2.0471408367156982,1,1,0.0,0.0,0.0,0.0,-0.0007312483503483236,0.0024786500725895166
677,7,62,2.0,1.9472371339797974,1,1,0.0,0.0,0.0,0.0,-0.0009007617481984198,0.007640382740646601
678,7,63,2.0,1.9465922117233276,1,1,0.0,0.0,0.0,0.0,-0.0005041323020122945,0.002173993270844221
679,7,64,2.0,1.1587766408920288,1,0,0.0,0.0,0.0,0.0,-0.0020947458688169718,-0.03023262694478035
680,7,65,2.0,1.208865761756897,1,0,0.0,0.0,0.0,0.0,-0.001326106023043394,-0.02191983349621296
681,7,66,1.0,0.9786542654037476,0,0,0.0,0.0,0.0,0.0,-0.0019546758849173784,0.02223401702940464
682,7,67,1.0,0.9704614281654358,0,0,0.0,0.0,0.0,0.0,-0.0016668211901560426,0.04301312565803528
683,7,68,1.0,0.9712052345275879,0,0,0.0,0.0,0.0,0.0,-0.0009573754505254328,0.0621877983212471
684,7,69,1.0,0.9645007252693176,0,0,0.0,0.0,0.0,0.0,-0.0008513003122061491,0.08798805624246597
685,7,70,1.0,0.9499652981758118,0,0,0.0,0.0,0.0,0.0,-0.00034720206167548895,0.15428389608860016
686,7,71,1.0,0.9496535062789917,0,0,0.0,0.0,0.0,0.0,-0.0003121409099549055,0.1803593635559082
687,7,72,1.0,0.9513604044914246,0,0,0.0,0.0,0.0,0.0,-0.00046060560271143913,0.21859198808670044
688,7,73,1.0,0.9518738389015198,0,0,0.0,0.0,0.5,0.0,-0.0005131583893671632,0.2443726360797882
689,7,74,1.0,0.9849472045898438,0,0,0.0,0.0,0.5,0.0,-0.0006400475394912064,0.5451316833496094
690,7,75,1.0,0.9884337782859802,0,0,0.0,0.0,0.5,0.0,-0.0007478033076040447,0.5555265545845032
691,7,76,1.0,0.9897016286849976,0,0,0.0,0.0,0.5,0.0,-0.00022072024876251817,0.5642946362495422
692,7,77,1.0,0.9899396300315857,0,0,0.0,0.0,0.5,0.0,-0.00016284284356515855,0.5614787340164185
693,7,78,1.0,0.9885355234146118,0,0,0.0,0.0,0.5,0.0,0.00046239321818575263,0.5550022721290588
694,7,79,1.0,0.9949885010719299,0,0,0.0,0.0,0.5,0.0,-0.00042719754856079817,0.5544601082801819
695,7,80,1.0,0.9943787455558777,0,0,0.0,0.0,0.5,0.0,-0.00039353605825453997,0.5523617267608643
696,7,81,1.0,0.9921412467956543,0,0,0.0,0.0,0.5,0.0,-0.00029739821911789477,0.5487730503082275
697,7,82,1.0,0.9936866164207458,0,0,0.0,0.0,0.5,0.0,-0.0005898306844756007,0.5433884859085083
698,7,83,1.0,0.997123658657074,0,0,0.0,0.0,0.5,0.0,-0.0005093038198538125,0.5471929907798767
699,8,0,1.0,0.9935171604156494,0,0,0.0,0.0,0.0,0.0,0.008132882416248322,-0.013681583106517792
700,8,1,1.0,0.9933556914329529,0,0,0.0,0.0,0.0,0.0,0.0058409892953932285,-0.015942765399813652
701,8,2,1.0,0.9938362836837769,0,0,0.0,0.0,0.0,0.0,0.006474787835031748,-0.016083350405097008
702,8,3,1.0,0.9938566088676453,0,0,0.0,0.0,0.0,0.0,0.007023990619927645,-0.01585555635392666
703,8,4,1.0,0.9944330453872681,0,0,0.0,0.0,0.0,0.0,0.007860267534852028,-0.016034075990319252
704,8,5,1.0,0.9944749474525452,0,0,0.0,0.0,0.0,0.0,0.007934496738016605,-0.01580706238746643
705,8,6,1.0,0.9947351217269897,0,0,0.0,0.0,0.0,0.0,0.008746731095016003,-0.016270503401756287
706,8,7,1.0,0.9947476387023926,0,0,0.0,0.0,0.0,0.0,0.008755918592214584,-0.01619545929133892
707,8,8,1.0,0.9948331713676453,0,0,0.0,0.0,0.0,0.0,0.008823597803711891,-0.01662525348365307
708,8,9,1.0,0.994839072227478,0,0,0.0,0.0,0.0,0.0,0.008824557065963745,-0.01660454459488392
709,8,10,1.0,0.9948734045028687,0,0,0.0,0.0,0.0,0.0,0.008836637251079082,-0.016538415104150772
710,8,11,1.0,0.9948749542236328,0,0,0.0,0.25,0.0,0.0,0.008836698718369007,-0.016533149406313896
711,8,12,1.0,0.9924740791320801,0,0,0.0,0.25,0.0,0.0,0.025649892166256905,-0.01171631459146738
712,8,13,1.0,0.9925740957260132,0,0,0.0,0.25,0.0,0.0,0.02877908945083618,-0.009604214690625668
713,8,14,1.0,0.9919989705085754,0,0,0.0,0.25,0.0,0.0,0.030991846695542336,-0.013346979394555092
714,8,15,1.0,0.9897377490997314,0,0,0.0,0.25,0.0,0.0,0.031056130304932594,-0.014224101789295673
715,8,16,1.0,0.9877878427505493,0,0,0.0,0.25,0.0,0.0,0.03097527101635933,-0.015279735438525677
716,8,17,1.0,0.9870602488517761,0,0,0.0,0.25,0.0,0.0,0.029381854459643364,-0.014268960803747177
717,8,18,1.0,0.9911621809005737,0,0,0.0,0.25,0.0,0.0,0.027653438970446587,-0.014076802879571915
718,8,19,1.0,0.9855368137359619,0,0,0.0,0.25,0.0,0.0,0.02614074945449829,-0.011617125011980534
719,8,20,1.0,0.9854294061660767,0,0,0.0,0.25,0.0,0.0,0.02363128401339054,-0.011237187311053276
720,8,21,1.0,0.9841130375862122,0,0,0.0,0.25,0.0,0.0,0.022496730089187622,-0.012912257574498653
721,8,22,1.0,0.9857245683670044,0,0,0.0,0.25,0.0,0.0,0.021737664937973022,-0.012258862145245075
722,8,23,1.0,0.9862542748451233,0,0,0.0,0.25,0.0,0.0,0.020455362275242805,-0.010635895654559135
723,8,24,1.0,0.9841834306716919,0,0,0.0,0.25,0.0,0.0,0.01656283251941204,-0.008307741023600101
724,8,25,1.0,0.982603907585144,0,0,0.0,0.25,0.0,0.0,0.016210133209824562,-0.009018062613904476
725,8,26,1.0,0.9811087846755981,0,0,0.0,0.25,0.0,0.0,0.01475143525749445,-0.00817261915653944
726,8,27,1.0,0.9771806597709656,0,0,0.0,0.25,0.0,0.0,0.015004673041403294,-0.014135083183646202
727,8,28,1.0,0.9666162133216858,0,0,0.0,0.0,0.0,0.0,0.016519028693437576,-0.052715808153152466
728,8,29,1.0,0.9699568748474121,0,0,0.0,0.0,0.0,0.0,0.007698424160480499,-0.029664872214198112
729,8,30,1.0,0.973758339881897,0,0,0.0,0.0,0.0,0.0,0.00011855644697789103,-0.038498569279909134
730,8,31,1.0,0.9755985736846924,0,0,0.0,0.0,0.0,0.0,-0.0031866503413766623,-0.049629487097263336
731,8,32,1.0,0.9770140647888184,0,0,0.0,0.0,0.0,0.0,-0.004324822686612606,-0.045020561665296555
732,8,33,1.0,0.977551281452179,0,0,0.0,0.0,0.0,0.0,-0.004764476791024208,-0.04623221233487129
733,8,34,1.0,0.9781948328018188,0,0,0.0,-0.25,0.0,0.0,-0.0056114811450243,-0.04932628199458122
734,8,35,1.0,0.992850124835968,0,0,0.0,0.0,0.0,0.0,-0.027642449364066124,-0.05417288467288017
735,8,36,1.0,0.9838569760322571,0,0,0.0,0.0,0.0,0.0,-0.014734389260411263,-0.11726587265729904
736,8,37,1.0,0.9809132814407349,0,0,0.0,0.0,0.0,0.0,-0.008399487473070621,-0.10119732469320297
737,8,38,1.0,0.9898895621299744,0,0,0.0,0.0,0.0,0.0,-0.005944454111158848,-0.2597178816795349
738,8,39,1.0,0.9897923469543457,0,0,0.0,0.0,0.0,0.0,-0.005302921868860722,-0.25841808319091797
739,8,40,1.0,0.9923239946365356,0,0,0.0,0.0,0.0,0.0,-0.005035842303186655,-0.2900906205177307
740,8,41,1.0,0.9922059774398804,0,0,0.0,0.0,0.0,0.0,-0.004970733541995287,-0.28985899686813354
741,8,42,1.0,0.9911174774169922,0,0,0.0,0.0,0.0,0.0,-0.005175638012588024,-0.29378649592399597
742,8,43,1.0,0.9910761117935181,0,0,0.0,0.0,0.0,0.0,-0.0051656449213624,-0.2937762141227722
743,8,44,1.0,0.9892990589141846,0,0,0.0,-0.25,0.0,0.0,-0.0054197004064917564,-0.25726670026779175
744,8,45,1.0,1.000522494316101,0,0,0.0,0.0,0.0,0.0,-0.029025396332144737,-0.1037580817937851
745,8,46,1.0,0.9835524559020996,0,0,0.0,0.0,0.0,0.0,-0.016410764306783676,-0.0623018741607666
746,8,47,1.0,0.9797794818878174,0,0,0.0,0.0,0.0,0.0,-0.008745449595153332,-0.05377008393406868
747,8,48,1.0,0.9831066727638245,0,0,0.0,0.0,0.0,0.0,-0.0056381626054644585,-0.03414960950613022
748,8,49,1.0,0.982841432094574,0,0,0.0,0.0,0.0,0.0,-0.004795827437192202,-0.03295372053980827
749,8,50,1.0,0.9815539717674255,0,0,0.0,0.0,-0.5,0.0,-0.0049854787066578865,-0.03443232551217079
750,8,51,1.0,1.0143615007400513,0,0,0.0,0.0,-0.5,0.0,-0.004113557282835245,-0.5716038942337036
751,8,52,1.0,1.013986587524414,0,0,0.0,0.0,-0.5,0.0,-0.0021276341285556555,-0.6015849709510803
752,8,53,1.0,0.9979378581047058,0,0,0.0,0.0,-0.5,0.0,-0.0013740663416683674,-0.5854027271270752
753,8,54,1.0,0.997284471988678,0,0,0.0,0.0,-0.5,0.0,-0.0021311219315975904,-0.5862159729003906
754,8,55,1.0,1.0000693798065186,0,0,0.0,0.0,-0.5,0.0,-0.001525729545392096,-0.5760605335235596
755,8,56,1.0,0.9552488923072815,0,0,0.0,0.0,-0.5,0.0,-0.0011454158229753375,-0.5456528663635254
756,8,57,1.0,0.9021958708763123,0,0,0.0,0.0,-0.5,0.0,0.0014364155940711498,-0.44429439306259155
757,8,58,1.0,0.9716808795928955,0,0,0.0,0.0,-0.5,0.0,-0.0020368744153529406,-0.16115234792232513
758,8,59,1.0,0.9897413849830627,0,0,0.0,0.0,-0.5,0.0,-0.002931196242570877,-0.1403365582227707
759,8,60,1.0,1.2862813472747803,0,0,0.0,0.0,-0.5,0.0,-0.0034396459814161062,-0.04221222922205925
760,8,61,1.0,1.2898340225219727,0,0,0.0,0.0,0.0,0.0,-0.003510843263939023,-0.040308818221092224
761,8,62,1.0,1.331512212753296,0,0,0.0,0.0,0.0,0.0,-0.003127235220745206,-0.0368216410279274
762,8,63,1.0,1.3315668106079102,0,0,0.0,0.0,0.0,0.0,-0.003138071857392788,-0.03681354597210884
763,8,64,1.0,1.3254904747009277,0,0,0.0,0.0,0.0,0.0,-0.003200340550392866,-0.037438832223415375
764,8,65,1.0,1.325454831123352,0,0,0.0,0.0,0.0,0.0,-0.0032025808468461037,-0.03749982267618179
765,8,66,2.0,1.433108925819397,1,0,0.0,0.0,0.0,0.0,-0.0036176329012960196,-0.028747020289301872
766,8,67,2.0,1.9635114669799805,1,1,0.0,0.0,0.0,0.0,-0.0030678261537104845,-0.000258316402323544
767,8,68,2.0,2.0443601608276367,1,1,0.0,0.0,0.0,0.0,-0.0015466941986232996,0.0001679175766184926
768,8,69,2.0,2.0552055835723877,1,1,0.0,0.0,0.0,0.0,-0.0006664178799837828,-0.0021065943874418736
769,8,70,2.0,2.089810371398926,1,1,0.0,0.0,0.0,0.0,-0.0003330135368742049,-0.009678595699369907
770,8,71,2.0,2.029508352279663,1,1,0.0,0.0,0.0,0.0,-0.0023922035470604897,0.0008234255365096033
771,8,72,2.0,1.8651593923568726,1,1,0.0,0.0,0.0,0.0,-0.0013734919484704733,0.010881011374294758
772,8,73,2.0,1.8873802423477173,1,1,0.0,0.0,0.0,0.0,-0.0008914892096072435,0.01337460894137621
773,8,74,2.0,2.015535354614258,1,1,0.0,0.0,0.0,0.0,-0.0011665052734315395,0.008076079189777374
774,8,75,2.0,2.016345977783203,1,1,0.0,0.0,0.0,0.0,-0.0012028064811602235,0.011424294672906399
775,8,76,2.0,2.0699055194854736,1,1,0.0,0.0,0.0,0.0,-0.0017912598559632897,0.004772304557263851
776,8,77,2.0,2.0688984394073486,1,1,0.0,0.0,0.0,0.0,-0.0018081181915476918,0.0054722996428608894
777,8,78,2.0,1.875948190689087,1,1,0.0,0.0,0.0,0.0,-0.0012436466058716178,0.026410197839140892
778,8,79,2.0,1.8749792575836182,1,1,0.0,0.0,0.0,0.0,-0.0012524434132501483,0.026439588516950607
779,8,80,2.0,1.7673314809799194,1,1,0.0,0.0,0.0,0.0,-0.001876551192253828,0.03445705771446228
780,8,81,2.0,1.7663899660110474,1,1,0.0,0.0,0.0,0.0,-0.001887940801680088,0.0342806838452816
781,8,82,2.0,1.2547779083251953,1,0,0.0,0.0,0.0,0.0,-0.002520742593333125,0.01855020970106125
782,8,83,1.0,1.2537362575531006,0,0,0.0,0.0,0.0,0.0,-0.0025467844679951668,0.018247056752443314
783,8,84,1.0,1.2257945537567139,0,0,0.0,0.0,0.0,0.0,-0.0027103836182504892,0.01750226691365242
784,8,85,1.0,1.224798560142517,0,0,0.0,0.0,0.0,0.0,-0.0027388958260416985,0.01719578541815281
785,8,86,1.0,1.2840999364852905,0,0,0.0,0.0,0.0,0.0,-0.0023218777496367693,0.02033301070332527
786,8,87,1.0,1.2832810878753662,0,0,0.0,0.0,0.5,0.0,-0.0023454308975487947,0.01999638043344021
787,8,88,1.0,1.4722812175750732,0,0,0.0,0.0,0.5,0.0,-0.001509255962446332,0.09707865864038467
788,8,89,1.0,0.9851021766662598,0,0,0.0,0.0,0.5,0.0,-0.0008683546329848468,0.49671998620033264
789,8,90,1.0,0.9882601499557495,0,0,0.0,0.0,0.5,0.0,-8.427932334598154e-05,0.5575071573257446
790,8,91,1.0,0.986706018447876,0,0,0.0,0.0,0.5,0.0,0.00016462964413221925,0.5559650659561157
791,8,92,1.0,0.9866020083427429,0,0,0.0,0.0,0.5,0.0,0.0005632838001474738,0.556200385093689
792,8,93,1.0,0.9893295764923096,0,0,0.0,0.0,0.5,0.0,0.00044846365926787257,0.5579650402069092
793,8,94,1.0,0.9923290014266968,0,0,0.0,0.0,0.5,0.0,-0.0003169941483065486,0.5506725907325745
794,8,95,1.0,0.9934660792350769,0,0,0.0,0.0,0.5,0.0,-0.0004001468769274652,0.5456972122192383
795,8,96,1.0,0.9914983510971069,0,0,0.0,0.0,0.5,0.0,-0.0005637324647977948,0.5408321022987366
796,8,97,1.0,0.9940115213394165,0,0,0.0,0.0,0.5,0.0,-0.0008770502754487097,0.5457722544670105
797,9,0,1.0,0.9911645650863647,0,0,0.0,0.0,0.0,0.0,-0.00892119575291872,-0.01001290325075388
798,9,1,1.0,0.9896155595779419,0,0,0.0,0.0,0.0,0.0,-0.010058551095426083,-0.014763790182769299
799,9,2,1.0,0.9911571145057678,0,0,0.0,0.0,0.0,0.0,-0.009729709476232529,-0.013414050452411175
800,9,3,1.0,0.9914315938949585,0,0,0.0,0.0,0.0,0.0,-0.009460083208978176,-0.012566291727125645
801,9,4,1.0,0.9922260642051697,0,0,0.0,0.0,0.0,0.0,-0.010033548809587955,-0.011754075065255165
802,9,5,1.0,0.9923269748687744,0,0,0.0,0.0,0.0,0.0,-0.009973243810236454,-0.011478046886622906
803,9,6,1.0,0.9924037456512451,0,0,0.0,0.0,0.0,0.0,-0.009958326816558838,-0.010806788690388203
804,9,7,1.0,0.9924258589744568,0,0,0.0,0.0,0.0,0.0,-0.009946766309440136,-0.01072849053889513
805,9,8,1.0,0.9927661418914795,0,0,0.0,0.0,0.0,0.0,-0.010102873668074608,-0.010374817065894604
806,9,9,1.0,0.9927725791931152,0,0,0.0,0.0,0.0,0.0,-0.01010020263493061,-0.010354560799896717
807,9,10,1.0,0.9930955767631531,0,0,0.0,-0.25,0.0,0.0,-0.009587892331182957,-0.011746743693947792
808,9,11,1.0,0.9949854612350464,0,0,0.0,-0.25,0.0,0.0,-0.03902309760451317,-0.016837971284985542
809,9,12,1.0,0.9941442608833313,0,0,0.0,-0.25,0.0,0.0,-0.043128978461027145,-0.015582672320306301
810,9,13,1.0,0.9939730763435364,0,0,0.0,-0.25,0.0,0.0,-0.044298406690359116,-0.011367520317435265
811,9,14,1.0,0.9921993017196655,0,0,0.0,-0.25,0.0,0.0,-0.04560485854744911,-0.013476675376296043
812,9,15,1.0,0.9961390495300293,0,0,0.0,-0.25,0.0,0.0,-0.048131078481674194,-0.010856715962290764
813,9,16,1.0,0.9909124970436096,0,0,0.0,-0.25,0.0,0.0,-0.04382973909378052,-0.014097976498305798
814,9,17,1.0,0.9904152154922485,0,0,0.0,-0.25,0.0,0.0,-0.04464094713330269,-0.013509311713278294
815,9,18,1.0,0.9904714226722717,0,0,0.0,-0.25,0.0,0.0,-0.03927556425333023,-0.010298446752130985
816,9,19,1.0,0.9915609955787659,0,0,0.0,-0.25,0.0,0.0,-0.03985295817255974,-0.010235048830509186
817,9,20,1.0,0.9910873770713806,0,0,0.0,-0.25,0.0,0.0,-0.034259434789419174,-0.012555445544421673
818,9,21,1.0,0.9909908771514893,0,0,0.0,-0.25,0.0,0.0,-0.03287249803543091,-0.011933521367609501
819,9,22,1.0,0.9923529624938965,0,0,0.0,-0.25,0.0,0.0,-0.029115932062268257,-0.010657066479325294
820,9,23,1.0,0.9917571544647217,0,0,0.0,-0.25,0.0,0.0,-0.027217121794819832,-0.0108406450599432
821,9,24,1.0,0.9933346509933472,0,0,0.0,-0.25,0.0,0.0,-0.023994607850909233,-0.01117632631212473
822,9,25,1.0,0.9932215213775635,0,0,0.0,-0.25,0.0,0.0,-0.022577086463570595,-0.010207807645201683
823,9,26,1.0,0.985318124294281,0,0,0.0,0.0,0.0,0.0,-0.02580174058675766,-0.01548099610954523
824,9,27,1.0,0.9750298261642456,0,0,0.0,0.0,0.0,0.0,-0.012174118310213089,-0.07642274349927902
825,9,28,1.0,0.9880651831626892,0,0,0.0,0.0,0.0,0.0,-0.0024690297432243824,-0.4671873450279236
826,9,29,1.0,0.9911432266235352,0,0,0.0,0.0,0.0,0.0,-0.0010215891525149345,-0.4770926237106323
827,9,30,1.0,0.9993071556091309,0,0,0.0,0.0,0.0,0.0,-0.0022907208185642958,-0.5489729046821594
828,9,31,1.0,0.9984205961227417,0,0,0.0,0.0,0.0,0.0,-0.002392696915194392,-0.5484752655029297
829,9,32,1.0,0.997771143913269,0,0,0.0,0.0,0.0,0.0,-0.001588387181982398,-0.5637525320053101
830,9,33,1.0,0.9974266886711121,0,0,0.0,0.0,0.0,0.0,-0.0016092174919322133,-0.5634818077087402
831,9,34,1.0,0.9937861561775208,0,0,0.0,0.0,0.0,0.0,-0.0022494960576295853,-0.56748366355896
832,9,35,1.0,0.9936967492103577,0,0,0.0,0.0,0.0,0.0,-0.002251767087727785,-0.5673989057540894
833,9,36,1.0,0.9987280964851379,0,0,0.0,0.0,-0.5,0.0,-0.002286603208631277,-0.5465868711471558
834,9,37,1.0,1.0234689712524414,0,0,0.0,0.0,-0.5,0.0,-0.003361048875376582,-0.6283717751502991
835,9,38,1.0,0.9984214901924133,0,0,0.0,0.0,-0.5,0.0,-0.00187250308226794,-0.5957059860229492
836,9,39,1.0,0.9959388971328735,0,0,0.0,0.0,-0.5,0.0,-0.0020192661322653294,-0.5789985060691833
837,9,40,1.0,0.9796237945556641,0,0,0.0,0.0,-0.5,0.0,-0.0006436826079152524,-0.5565115809440613
838,9,41,1.0,0.958686351776123,0,0,0.0,0.0,-0.5,0.0,-0.0008493062341585755,-0.5244951844215393
839,9,42,1.0,0.9062722325325012,0,0,0.0,0.0,-0.5,0.0,0.002023966982960701,-0.46077442169189453
840,9,43,1.0,0.8926373720169067,0,0,0.0,0.0,-0.5,0.0,0.0018531001405790448,-0.3434978425502777
841,9,44,1.0,0.9780198335647583,0,0,0.0,0.0,-0.5,0.0,-0.0020019258372485638,-0.12934361398220062
842,9,45,1.0,0.9786626100540161,0,0,0.0,0.0,-0.5,0.0,-0.001673647784627974,-0.12450660020112991
843,9,46,1.0,1.3749579191207886,0,0,0.0,0.0,-0.5,0.0,-0.0010793302208185196,-0.028629610314965248
844,9,47,1.0,1.376258373260498,0,0,0.0,0.0,0.0,0.0,-0.001035788794979453,-0.02780204825103283
845,9,48,1.0,1.6829620599746704,0,1,0.0,0.0,0.0,0.0,0.0006625691894441843,-0.00250435434281826
846,9,49,1.0,1.6829614639282227,0,1,0.0,0.0,0.0,0.0,0.0006755287176929414,-0.002446405589580536
847,9,50,1.0,1.6849122047424316,0,1,0.0,0.0,0.0,0.0,0.0005906401784159243,-0.002389112487435341
848,9,51,1.0,1.6849666833877563,0,1,0.0,0.0,0.0,0.0,0.0005997388507239521,-0.0023456327617168427
849,9,52,2.0,1.7607816457748413,1,1,0.0,0.0,0.0,0.0,0.001052706385962665,0.004296049475669861
850,9,53,2.0,2.0161702632904053,1,1,0.0,0.0,0.0,0.0,-4.3322579585947096e-05,0.0032576294615864754
851,9,54,2.0,2.030569076538086,1,1,0.0,0.0,0.0,0.0,-0.00038457417394965887,-0.0012033636448904872
852,9,55,2.0,2.054527759552002,1,1,0.0,0.0,0.0,0.0,8.647333015687764e-05,-0.005912208463996649
853,9,56,2.0,2.0500411987304688,1,1,0.0,0.0,0.0,0.0,0.002214402426034212,-0.007635660469532013
854,9,57,2.0,2.048007011413574,1,1,0.0,0.0,0.0,0.0,0.0022984913084656,-0.017616409808397293
855,9,58,2.0,2.0129525661468506,1,1,0.0,0.0,0.0,0.0,0.0007495640311390162,-0.013816703110933304
856,9,59,2.0,2.056577682495117,1,1,0.0,0.0,0.0,0.0,0.0014346577227115631,-0.02738265134394169
857,9,60,2.0,1.2405070066452026,1,0,0.0,0.0,0.0,0.0,3.0557013815268874e-05,0.010152917355298996
858,9,61,2.0,1.2326611280441284,1,0,0.0,0.0,0.0,0.0,0.0005317144095897675,0.007516839075833559
859,9,62,2.0,1.2540916204452515,1,0,0.0,0.0,0.0,0.0,0.0003732606419362128,0.011362515389919281
860,9,63,2.0,1.2544538974761963,1,0,0.0,0.0,0.0,0.0,0.00038387259701266885,0.009582932107150555
861,9,64,1.0,1.0724574327468872,0,0,0.0,0.0,0.0,0.0,0.0003250734880566597,0.013817884027957916
862,9,65,1.0,1.1171565055847168,0,0,0.0,0.0,0.0,0.0,0.0008692642441019416,0.0033622472546994686
863,9,66,1.0,1.146009087562561,0,0,0.0,0.0,0.0,0.0,0.0005553317023441195,0.005725178401917219
864,9,67,1.0,1.1249433755874634,0,0,0.0,0.0,0.0,0.0,0.0005621053278446198,-0.0006167876999825239
865,9,68,1.0,1.0147877931594849,0,0,0.0,0.0,0.0,0.0,-0.0006097489385865629,0.007722510490566492
866,9,69,1.0,1.008967399597168,0,0,0.0,0.0,0.0,0.0,-0.0006620352505706251,0.013794347643852234
867,9,70,1.0,1.055430293083191,0,0,0.0,0.0,0.5,0.0,-0.0005579024436883628,0.00705465255305171
868,9,71,1.0,0.9788818955421448,0,0,0.0,0.0,0.5,0.0,-0.001645631273277104,0.15739063918590546
869,9,72,1.0,0.9875118732452393,0,0,0.0,0.0,0.5,0.0,-0.0012611155398190022,0.5423711538314819
870,9,73,1.0,0.9894854426383972,0,0,0.0,0.0,0.5,0.0,-0.00038088299334049225,0.5511236786842346
871,9,74,1.0,0.9874172210693359,0,0,0.0,0.0,0.5,0.0,0.00027626665541902184,0.559829831123352
872,9,75,1.0,0.9857102632522583,0,0,0.0,0.0,0.5,0.0,0.00035747390938922763,0.5555281043052673
873,9,76,1.0,0.9904884099960327,0,0,0.0,0.0,0.5,0.0,-0.0011041327379643917,0.555659294128418
874,9,77,1.0,0.9947842955589294,0,0,0.0,0.0,0.5,0.0,-0.0005352789303287864,0.5615382790565491
875,9,78,1.0,0.9938666820526123,0,0,0.0,0.0,0.5,0.0,-0.0006642520893365145,0.5596539378166199
876,9,79,1.0,0.993975818157196,0,0,0.0,0.0,0.5,0.0,-0.000635806645732373,0.560143232345581
877,9,80,1.0,0.9941666126251221,0,0,0.0,0.0,0.5,0.0,-0.0009467075578868389,0.5494471788406372
878,10,0,1.0,0.9935172200202942,0,0,0.0,0.0,0.0,0.0,0.0081328758969903,-0.013681568205356598
879,10,1,1.0,0.9933556914329529,0,0,0.0,0.0,0.0,0.0,0.005840987432748079,-0.015942731872200966
880,10,2,1.0,0.9938362836837769,0,0,0.0,0.0,0.0,0.0,0.006474783178418875,-0.016083350405097008
881,10,3,1.0,0.99385666847229,0,0,0.0,0.0,0.0,0.0,0.0070239948108792305,-0.015855567529797554
882,10,4,1.0,0.9944330453872681,0,0,0.0,0.0,0.0,0.0,0.007860268466174603,-0.01603410392999649
883,10,5,1.0,0.9944748878479004,0,0,0.0,0.0,0.0,0.0,0.00793449580669403,-0.015807103365659714
884,10,6,1.0,0.994735062122345,0,0,0.0,0.0,0.0,0.0,0.008746732026338577,-0.01627047173678875
885,10,7,1.0,0.9947475790977478,0,0,0.0,0.0,0.0,0.0,0.008755925111472607,-0.016195453703403473
886,10,8,1.0,0.9948331117630005,0,0,0.0,0.0,0.0,0.0,0.008823591284453869,-0.01662522926926613
887,10,9,1.0,0.9948391914367676,0,0,0.0,0.25,0.0,0.0,0.00882457010447979,-0.016604537144303322
888,10,10,1.0,0.9931381344795227,0,0,0.0,0.25,0.0,0.0,0.025540415197610855,-0.011924419552087784
889,10,11,1.0,0.9932156801223755,0,0,0.0,0.25,0.0,0.0,0.028690045699477196,-0.009477939456701279
890,10,12,1.0,0.9920748472213745,0,0,0.0,0.25,0.0,0.0,0.031182799488306046,-0.013659685850143433
891,10,13,1.0,0.9888787269592285,0,0,0.0,0.25,0.0,0.0,0.030957510694861412,-0.014401097781956196
892,10,14,1.0,0.9877877235412598,0,0,0.0,0.25,0.0,0.0,0.030975384637713432,-0.015280195511877537
893,10,15,1.0,0.9870600700378418,0,0,0.0,0.25,0.0,0.0,0.029381904751062393,-0.014269249513745308
894,10,16,1.0,0.991162121295929,0,0,0.0,0.25,0.0,0.0,0.027653446421027184,-0.01407691277563572
895,10,17,1.0,0.9855369329452515,0,0,0.0,0.25,0.0,0.0,0.026140769943594933,-0.011617213487625122
896,10,18,1.0,0.9854294061660767,0,0,0.0,0.25,0.0,0.0,0.023631306365132332,-0.011237154714763165
897,10,19,1.0,0.9841129779815674,0,0,0.0,0.25,0.0,0.0,0.02249673381447792,-0.01291226502507925
898,10,20,1.0,0.9857245087623596,0,0,0.0,0.25,0.0,0.0,0.02173766866326332,-0.012258877046406269
899,10,21,1.0,0.9862542748451233,0,0,0.0,0.25,0.0,0.0,0.02045535296201706,-0.010635903105139732
900,10,22,1.0,0.9841834306716919,0,0,0.0,0.25,0.0,0.0,0.01656283624470234,-0.008307733573019505
901,10,23,1.0,0.9826040267944336,0,0,0.0,0.0,0.0,0.0,0.016210125759243965,-0.009018022567033768
902,10,24,1.0,0.9853601455688477,0,0,0.0,0.0,0.0,0.0,0.0081295445561409,-0.009137352928519249
903,10,25,1.0,0.9875931739807129,0,0,0.0,0.0,0.0,0.0,0.0015205831732600927,-0.014098371379077435
904,10,26,1.0,0.9889659285545349,0,0,0.0,0.0,0.0,0.0,-0.0013682832941412926,-0.017058154568076134
905,10,27,1.0,0.9893680810928345,0,0,0.0,0.0,0.0,0.0,-0.002588947769254446,-0.01832837611436844
906,10,28,1.0,0.98954176902771,0,0,0.0,0.0,0.0,0.0,-0.0034431663807481527,-0.019982511177659035
907,10,29,1.0,0.9896436929702759,0,0,0.0,0.25,0.0,0.0,-0.003638714086264372,-0.020243044942617416
908,10,30,1.0,0.9832436442375183,0,0,0.0,0.25,0.0,0.0,0.011932766996324062,-0.00986085832118988
909,10,31,1.0,0.9761636257171631,0,0,0.0,0.25,0.0,0.0,0.015903770923614502,-0.01469689141958952
910,10,32,1.0,0.9644184112548828,0,0,0.0,0.0,0.0,0.0,0.015623362734913826,-0.06162496283650398
911,10,33,1.0,0.9672647714614868,0,0,0.0,0.0,0.0,0.0,0.006063522305339575,-0.04547205939888954
912,10,34,1.0,0.9760457277297974,0,0,0.0,0.0,0.0,0.0,-0.000685140723362565,-0.04230288788676262
913,10,35,1.0,0.9779180288314819,0,0,0.0,0.0,0.0,0.0,-0.003607377177104354,-0.04933866858482361
914,10,36,1.0,0.9758845567703247,0,0,0.0,0.0,0.0,0.0,-0.0044761174358427525,-0.05015605688095093
915,10,37,1.0,0.9763609766960144,0,0,0.0,0.0,0.0,0.0,-0.004868815187364817,-0.05134765803813934
916,10,38,1.0,0.9766809940338135,0,0,0.0,-0.25,0.0,0.0,-0.005636590998619795,-0.052156273275613785
917,10,39,1.0,0.9924929738044739,0,0,0.0,0.0,0.0,0.0,-0.027919724583625793,-0.0584321953356266
918,10,40,1.0,0.9840368628501892,0,0,0.0,0.0,0.0,0.0,-0.01490737497806549,-0.12484913319349289
919,10,41,1.0,0.9798620343208313,0,0,0.0,0.0,0.0,0.0,-0.008461850695312023,-0.11567763239145279
920,10,42,1.0,0.9897019863128662,0,0,0.0,0.0,0.0,0.0,-0.00593858165666461,-0.25977715849876404
921,10,43,1.0,0.989598274230957,0,0,0.0,0.0,0.0,0.0,-0.005294145084917545,-0.2584824562072754
922,10,44,1.0,0.992259681224823,0,0,0.0,0.0,0.0,0.0,-0.0050500016659498215,-0.28973445296287537
923,10,45,1.0,0.9921529293060303,0,0,0.0,0.0,-0.5,0.0,-0.004983273334801197,-0.2895040512084961
924,10,46,1.0,1.0240497589111328,0,0,0.0,0.0,-0.5,0.0,-0.001439340179786086,-0.6047269701957703
925,10,47,1.0,1.0083296298980713,0,0,0.0,0.0,-0.5,0.0,-0.001471788389608264,-0.5937307476997375
926,10,48,1.0,1.0068657398223877,0,0,0.0,0.0,-0.5,0.0,-0.0022074514999985695,-0.5810051560401917
927,10,49,1.0,1.0055370330810547,0,0,0.0,0.0,-0.5,0.0,-0.0017256769351661205,-0.5742277503013611
928,10,50,1.0,0.9854745268821716,0,0,0.0,0.0,-0.5,0.0,0.0011735406005755067,-0.554688572883606
929,10,51,1.0,0.9195322394371033,0,0,0.0,0.0,-0.5,0.0,0.003000442637130618,-0.49443957209587097
930,10,52,1.0,0.8705520629882812,0,0,0.0,0.0,-0.5,0.0,0.0008404211839661002,-0.32505932450294495
931,10,53,1.0,0.9756238460540771,0,0,0.0,0.0,-0.5,0.0,-0.0026511461474001408,-0.16141171753406525
932,10,54,1.0,1.086377501487732,0,0,0.0,0.0,-0.5,0.0,-0.002773934742435813,-0.06307287514209747
933,10,55,1.0,1.092110514640808,0,0,0.0,0.0,-0.5,0.0,-0.0029391308780759573,-0.05847350135445595
934,10,56,1.0,1.5245803594589233,0,1,0.0,0.0,0.0,0.0,-0.0013416575966402888,-0.00867267046123743
935,10,57,1.0,1.5249103307724,0,1,0.0,0.0,0.0,0.0,-0.001362997805699706,-0.00849407259374857
936,10,58,1.0,1.5886178016662598,0,1,0.0,0.0,0.0,0.0,-0.000939372053835541,-0.004693207796663046
937,10,59,1.0,1.5886948108673096,0,1,0.0,0.0,0.0,0.0,-0.000944575818721205,-0.0047106011770665646
938,10,60,2.0,1.6338531970977783,1,1,0.0,0.0,0.0,0.0,-0.0006102628540247679,-0.0019899941980838776
939,10,61,2.0,2.044602870941162,1,1,0.0,0.0,0.0,0.0,-0.001133121782913804,0.005429496522992849
940,10,62,2.0,2.053812026977539,1,1,0.0,0.0,0.0,0.0,-0.0015975878341123462,-0.0037743868306279182
941,10,63,2.0,2.0661025047302246,1,1,0.0,0.0,0.0,0.0,-0.0015537849394604564,-0.009124239906668663
942,10,64,2.0,2.078892707824707,1,1,0.0,0.0,0.0,0.0,0.0007809806847944856,-0.011313197202980518
943,10,65,2.0,2.066406726837158,1,1,0.0,0.0,0.0,0.0,6.769847823306918e-05,-0.014125611633062363
944,10,66,2.0,2.079151153564453,1,1,0.0,0.0,0.0,0.0,-0.000818023516330868,0.002296675927937031
945,10,67,2.0,2.0866923332214355,1,1,0.0,0.0,0.0,0.0,-0.0010733603266999125,0.002058073179796338
946,10,68,2.0,2.0541915893554688,1,1,0.0,0.0,0.0,0.0,-0.000726373225916177,0.0021539838053286076
947,10,69,2.0,2.05472993850708,1,1,0.0,0.0,0.0,0.0,-0.000794369145296514,0.001861190889030695
948,10,70,2.0,1.8822358846664429,1,1,0.0,0.0,0.0,0.0,-0.0011475286446511745,0.017518403008580208
949,10,71,2.0,1.8269013166427612,1,1,0.0,0.0,0.0,0.0,-0.0007544044055975974,0.006128047127276659
950,10,72,2.0,1.1378134489059448,1,0,0.0,0.0,0.0,0.0,-0.0021670714486390352,-0.02073472924530506
951,10,73,1.0,1.0959936380386353,0,0,0.0,0.0,0.0,0.0,-0.002166933845728636,-0.007557648234069347
952,10,74,1.0,1.0010557174682617,0,0,0.0,0.0,0.0,0.0,-0.002253680257126689,0.01919240690767765
953,10,75,1.0,0.987419068813324,0,0,0.0,0.0,0.0,0.0,-0.0021846741437911987,0.042443811893463135
954,10,76,1.0,0.9585623741149902,0,0,0.0,0.0,0.0,0.0,-0.0011478132801130414,0.12670861184597015
955,10,77,1.0,0.958215594291687,0,0,0.0,0.0,0.0,0.0,-0.0012064245529472828,0.12453881651163101
956,10,78,1.0,0.9673149585723877,0,0,0.0,0.0,0.5,0.0,-0.0009744499693624675,0.11719242483377457
957,10,79,1.0,0.9803822636604309,0,0,0.0,0.0,0.5,0.0,-0.00023586308816447854,0.5127244591712952
958,10,80,1.0,0.9855356812477112,0,0,0.0,0.0,0.5,0.0,-0.0003798009129241109,0.5326358675956726
959,10,81,1.0,0.9859008193016052,0,0,0.0,0.0,0.5,0.0,-0.00016963185044005513,0.5605036020278931
960,10,82,1.0,0.9884318709373474,0,0,0.0,0.0,0.5,0.0,-0.0002808055724017322,0.5606940388679504
961,10,83,1.0,0.9908106327056885,0,0,0.0,0.0,0.5,0.0,0.0002475620713084936,0.5572047829627991
962,10,84,1.0,0.9927654266357422,0,0,0.0,0.0,0.5,0.0,-0.00016089896962512285,0.5577074885368347
963,10,85,1.0,0.9915327429771423,0,0,0.0,0.0,0.5,0.0,0.00020010383741464466,0.5561068654060364
964,10,86,1.0,0.9930393099784851,0,0,0.0,0.0,0.5,0.0,-0.00029766387888230383,0.5474560260772705
965,10,87,1.0,0.9959884881973267,0,0,0.0,0.0,0.5,0.0,-0.0009747982840053737,0.5438073873519897
966,10,88,1.0,0.995765745639801,0,0,0.0,0.0,0.5,0.0,-0.0006638746708631516,0.5464326739311218
967,11,0,1.0,0.9911645650863647,0,0,0.0,0.0,0.0,0.0,-0.008921194821596146,-0.010012914426624775
968,11,1,1.0,0.9896154999732971,0,0,0.0,0.0,0.0,0.0,-0.010058571584522724,-0.014763793908059597
969,11,2,1.0,0.9911571741104126,0,0,0.0,0.0,0.0,0.0,-0.009729725308716297,-0.013414056971669197
970,11,3,1.0,0.9914315938949585,0,0,0.0,0.0,0.0,0.0,-0.009460081346333027,-0.012566288001835346
971,11,4,1.0,0.9922260642051697,0,0,0.0,0.0,0.0,0.0,-0.010033546946942806,-0.011754042468965054
972,11,5,1.0,0.9923269748687744,0,0,0.0,0.0,0.0,0.0,-0.009973245672881603,-0.011478054337203503
973,11,6,1.0,0.9924036860466003,0,0,0.0,0.0,0.0,0.0,-0.009958324953913689,-0.010806817561388016
974,11,7,1.0,0.992425799369812,0,0,0.0,0.0,0.0,0.0,-0.009946775622665882,-0.01072851661592722
975,11,8,1.0,0.9927660822868347,0,0,0.0,0.0,0.0,0.0,-0.010102863423526287,-0.010374817065894604
976,11,9,1.0,0.9927726984024048,0,0,0.0,0.0,0.0,0.0,-0.01010021660476923,-0.010354535654187202
977,11,10,1.0,0.9930956363677979,0,0,0.0,-0.25,0.0,0.0,-0.009587917476892471,-0.011746776290237904
978,11,11,1.0,0.9949854612350464,0,0,0.0,-0.25,0.0,0.0,-0.03902310132980347,-0.01683795638382435
979,11,12,1.0,0.9941443204879761,0,0,0.0,-0.25,0.0,0.0,-0.043128978461027145,-0.015582681633532047
980,11,13,1.0,0.9939730167388916,0,0,0.0,-0.25,0.0,0.0,-0.044298410415649414,-0.01136746909469366
981,11,14,1.0,0.9921993017196655,0,0,0.0,-0.25,0.0,0.0,-0.045604828745126724,-0.013476735912263393
982,11,15,1.0,0.9961390495300293,0,0,0.0,-0.25,0.0,0.0,-0.048131078481674194,-0.010856706649065018
983,11,16,1.0,0.9909124374389648,0,0,0.0,-0.25,0.0,0.0,-0.043829742819070816,-0.014097991399466991
984,11,17,1.0,0.9904152154922485,0,0,0.0,-0.25,0.0,0.0,-0.04464093595743179,-0.01350933127105236
985,11,18,1.0,0.9904714822769165,0,0,0.0,-0.25,0.0,0.0,-0.03927554562687874,-0.010298473760485649
986,11,19,1.0,0.9915609359741211,0,0,0.0,-0.25,0.0,0.0,-0.03985295817255974,-0.010235029272735119
987,11,20,1.0,0.9910874366760254,0,0,0.0,-0.25,0.0,0.0,-0.03425942361354828,-0.01255541667342186
988,11,21,1.0,0.9909908771514893,0,0,0.0,-0.25,0.0,0.0,-0.03287250176072121,-0.011933459900319576
989,11,22,1.0,0.9923530220985413,0,0,0.0,-0.25,0.0,0.0,-0.029115913435816765,-0.010657066479325294
990,11,23,1.0,0.9917571544647217,0,0,0.0,-0.25,0.0,0.0,-0.027217131108045578,-0.010840638540685177
991,11,24,1.0,0.9930566549301147,0,0,0.0,0.0,0.0,0.0,-0.024268167093396187,-0.010441426187753677
992,11,25,1.0,0.993293821811676,0,0,0.0,0.0,0.0,0.0,-0.013346979394555092,-0.006437393836677074
993,11,26,1.0,0.9935775995254517,0,0,0.0,0.0,0.0,0.0,-0.005859087686985731,-0.004810817539691925
994,11,27,1.0,0.9936017990112305,0,0,0.0,0.0,0.0,0.0,-0.0032578343525528908,-0.005447785835713148
995,11,28,1.0,0.9912242889404297,0,0,0.0,0.0,0.0,0.0,-0.0021848028991371393,-0.006086973939090967
996,11,29,1.0,0.9910335540771484,0,0,0.0,-0.25,0.0,0.0,-0.0018093667458742857,-0.006284167058765888
997,11,30,1.0,0.9926226735115051,0,0,0.0,-0.25,0.0,0.0,-0.018679074943065643,-0.00906549021601677
998,11,31,1.0,0.98587566614151,0,0,0.0,-0.25,0.0,0.0,-0.025217527523636818,-0.02130342647433281
999,11,32,1.0,0.9830137491226196,0,0,0.0,0.0,0.0,0.0,-0.02460315264761448,-0.0464416965842247
1000,11,33,1.0,0.9857869148254395,0,0,0.0,0.0,0.0,0.0,-0.008923428133130074,-0.010629622265696526
1001,11,34,1.0,0.9905502796173096,0,0,0.0,0.0,0.0,0.0,-0.004534603096544743,-0.007669094018638134
1002,11,35,1.0,0.9909181594848633,0,0,0.0,0.0,0.0,0.0,-0.00222305441275239,-0.008502542041242123
1003,11,36,1.0,0.9921050071716309,0,0,0.0,0.0,0.0,0.0,-0.0016875526634976268,-0.00783850159496069
1004,11,37,1.0,0.9919850826263428,0,0,0.0,0.0,0.0,0.0,-0.0014346473617479205,-0.007959197275340557
1005,11,38,1.0,0.9921166896820068,0,0,0.0,0.0,0.0,0.0,-0.0015385380247607827,-0.008967750705778599
1006,11,39,1.0,0.9920743703842163,0,0,0.0,0.0,0.0,0.0,-0.0014885998098179698,-0.008998853154480457
1007,11,40,1.0,0.9920520782470703,0,0,0.0,0.0,0.0,0.0,-0.0012944304617121816,-0.009575610980391502
1008,11,41,1.0,0.9920375347137451,0,0,0.0,0.0,0.0,0.0,-0.0012819053372368217,-0.009581941179931164
1009,11,42,1.0,0.9916239976882935,0,0,0.0,0.0,0.0,0.0,-0.00127507746219635,-0.009290473535656929
1010,11,43,1.0,0.9916205406188965,0,0,0.0,0.0,0.0,0.0,-0.0012721033999696374,-0.009292056784033775
1011,11,44,1.0,0.9917605519294739,0,0,0.0,0.0,0.0,0.0,-0.0011525207664817572,-0.009117737412452698
1012,11,45,1.0,0.99176025390625,0,0,0.0,0.0,0.0,0.0,-0.0011523165740072727,-0.00911822821944952
1013,11,46,1.0,0.9919096827507019,0,0,0.0,0.25,0.0,0.0,-0.001355614047497511,-0.009525753557682037
1014,11,47,1.0,0.9865148663520813,0,0,0.0,0.0,0.0,0.0,0.011288691312074661,-0.010878002271056175
1015,11,48,1.0,0.9713693857192993,0,0,0.0,0.0,0.0,0.0,0.003204535460099578,-0.2990894019603729
1016,11,49,1.0,0.978542685508728,0,0,0.0,0.0,0.0,0.0,-0.0004973424947820604,-0.3261294662952423
1017,11,50,1.0,0.9889397621154785,0,0,0.0,0.0,0.0,0.0,-0.0020714723505079746,-0.5440075993537903
1018,11,51,1.0,0.9901819229125977,0,0,0.0,0.0,0.0,0.0,-0.0021143495105206966,-0.5462220907211304
1019,11,52,1.0,0.9943399429321289,0,0,0.0,0.0,0.0,0.0,-0.001988852396607399,-0.5672650337219238
1020,11,53,1.0,0.9946501851081848,0,0,0.0,0.0,0.0,0.0,-0.0019752695225179195,-0.5676498413085938
1021,11,54,1.0,0.9957771897315979,0,0,0.0,0.0,0.0,0.0,-0.001987415598705411,-0.5665159225463867
1022,11,55,1.0,0.9958750605583191,0,0,0.0,0.0,-0.5,0.0,-0.0019840446766465902,-0.5665977597236633
1023,11,56,1.0,1.0166687965393066,0,0,0.0,0.0,-0.5,0.0,-0.0033960759174078703,-0.6300172805786133
1024,11,57,1.0,1.0060917139053345,0,0,0.0,0.0,-0.5,0.0,-0.002322043292224407,-0.5971394777297974
1025,11,58,1.0,0.9934086799621582,0,0,0.0,0.0,-0.5,0.0,-0.0018690316937863827,-0.5753167271614075
1026,11,59,1.0,0.9901260137557983,0,0,0.0,0.0,-0.5,0.0,-0.0010384717024862766,-0.5465827584266663
1027,11,60,1.0,0.9511171579360962,0,0,0.0,0.0,-0.5,0.0,7.880896737333387e-05,-0.5237851738929749
1028,11,61,1.0,0.8905148506164551,0,0,0.0,0.0,-0.5,0.0,0.0020691128447651863,-0.42320266366004944
1029,11,62,1.0,0.916681170463562,0,0,0.0,0.0,-0.5,0.0,0.0009133887942880392,-0.24669024348258972
1030,11,63,1.0,0.9609487056732178,0,0,0.0,0.0,-0.5,0.0,-0.0027784055564552546,-0.14701005816459656
1031,11,64,1.0,1.1720874309539795,0,0,0.0,0.0,-0.5,0.0,-0.0013725025346502662,-0.056985266506671906
1032,11,65,1.0,1.173903465270996,0,0,0.0,0.0,-0.5,0.0,-0.0013148417929187417,-0.05506114661693573
1033,11,66,1.0,1.646298885345459,0,1,0.0,0.0,0.0,0.0,0.0005064355791546404,-0.004727246705442667
1034,11,67,1.0,1.6465224027633667,0,1,0.0,0.0,0.0,0.0,0.0005147698102518916,-0.004534444771707058
1035,11,68,1.0,1.6822435855865479,0,1,0.0,0.0,0.0,0.0,0.0005791273433715105,-0.002665710635483265
1036,11,69,2.0,1.6822713613510132,1,1,0.0,0.0,0.0,0.0,0.0005892758490517735,-0.0026254947297275066
1037,11,70,2.0,1.9893449544906616,1,1,0.0,0.0,0.0,0.0,-0.0004971561720594764,0.0005346268881112337
1038,11,71,2.0,2.0071375370025635,1,1,0.0,0.0,0.0,0.0,-0.000620495353359729,0.0007840026519261301
1039,11,72,2.0,2.041224956512451,1,1,0.0,0.0,0.0,0.0,0.0009046680061146617,-0.0036056614480912685
1040,11,73,2.0,2.0412402153015137,1,1,0.0,0.0,0.0,0.0,0.0008960678242146969,-0.00499377679079771
1041,11,74,2.0,2.040217638015747,1,1,0.0,0.0,0.0,0.0,0.0018537658033892512,-0.015978707000613213
1042,11,75,2.0,2.011979103088379,1,1,0.0,0.0,0.0,0.0,0.0012335829669609666,-0.013941350392997265
1043,11,76,2.0,1.7435188293457031,1,1,0.0,0.0,0.0,0.0,0.00266697583720088,0.004558189306408167
1044,11,77,2.0,1.8047621250152588,1,1,0.0,0.0,0.0,0.0,0.0005406260606832802,0.018801208585500717
1045,11,78,2.0,1.3772478103637695,1,0,0.0,0.0,0.0,0.0,0.0011461460962891579,0.0073969392105937
1046,11,79,2.0,1.737274169921875,1,1,0.0,0.0,0.0,0.0,0.0014745088992640376,0.003993289079517126
1047,11,80,2.0,1.270755648612976,1,0,0.0,0.0,0.0,0.0,0.00040964357322081923,0.0032489337027072906
1048,11,81,2.0,1.2968580722808838,1,0,0.0,0.0,0.0,0.0,-0.0002748346305452287,-0.0013893548166379333
1049,11,82,2.0,1.1646932363510132,1,0,0.0,0.0,0.0,0.0,0.00011426616401877254,-0.004781377501785755
1050,11,83,1.0,1.1327446699142456,0,0,0.0,0.0,0.0,0.0,-0.0006322396220639348,-0.001789423986338079
1051,11,84,1.0,1.025954246520996,0,0,0.0,0.0,0.0,0.0,-0.0009215740137733519,0.014780993573367596
1052,11,85,1.0,1.0095771551132202,0,0,0.0,0.0,0.0,0.0,-0.0009710036683827639,0.025184066966176033
1053,11,86,1.0,0.986232340335846,0,0,0.0,0.0,0.0,0.0,-0.0017435176996514201,0.044124022126197815
1054,11,87,1.0,0.9951944947242737,0,0,0.0,0.0,0.0,0.0,-0.0008225033525377512,0.028862474486231804
1055,11,88,1.0,0.9609461426734924,0,0,0.0,0.0,0.0,0.0,-0.0006232030573301017,0.07203413546085358
1056,11,89,1.0,0.9627875089645386,0,0,0.0,0.0,0.5,0.0,-0.0003636480832938105,0.0687638521194458
1057,11,90,1.0,0.9657340049743652,0,0,0.0,0.0,0.5,0.0,-0.002278448548167944,0.3639794588088989
1058,11,91,1.0,0.986100971698761,0,0,0.0,0.0,0.5,0.0,-0.000284012989141047,0.5485758185386658
1059,11,92,1.0,0.9919247627258301,0,0,0.0,0.0,0.5,0.0,5.534796218853444e-05,0.5640570521354675
1060,11,93,1.0,0.9862511157989502,0,0,0.0,0.0,0.5,0.0,0.000537550076842308,0.5544057488441467
1061,11,94,1.0,0.988078773021698,0,0,0.0,0.0,0.5,0.0,-5.542727740248665e-05,0.5580821633338928
1062,11,95,1.0,0.9912475347518921,0,0,0.0,0.0,0.5,0.0,-0.001439320738427341,0.5577414631843567
1063,11,96,1.0,0.9953136444091797,0,0,0.0,0.0,0.5,0.0,-0.0012149030808359385,0.5566796660423279
1064,11,97,1.0,0.9952912330627441,0,0,0.0,0.0,0.5,0.0,-0.0003796842647716403,0.5547893643379211
1065,11,98,1.0,0.9930598735809326,0,0,0.0,0.0,0.5,0.0,-0.0008703697822056711,0.5556702017784119
1066,11,99,1.0,0.9949033856391907,0,0,0.0,0.0,0.5,0.0,-0.0008625667542219162,0.5532673597335815
1067,12,0,1.0,0.9935171604156494,0,0,0.0,0.0,0.0,0.0,0.008132868446409702,-0.013681594282388687
1068,12,1,1.0,0.9933557510375977,0,0,0.0,0.0,0.0,0.0,0.00584099255502224,-0.015942750498652458
1069,12,2,1.0,0.9938362240791321,0,0,0.0,0.0,0.0,0.0,0.00647479435428977,-0.016083357855677605
1070,12,3,1.0,0.99385666847229,0,0,0.0,0.0,0.0,0.0,0.007023981772363186,-0.015855591744184494
1071,12,4,1.0,0.9944331049919128,0,0,0.0,0.0,0.0,0.0,0.007860277779400349,-0.016034074127674103
1072,12,5,1.0,0.9944750070571899,0,0,0.0,0.0,0.0,0.0,0.007934500463306904,-0.015807071700692177
1073,12,6,1.0,0.994735062122345,0,0,0.0,0.0,0.0,0.0,0.008746735751628876,-0.016270503401756287
1074,12,7,1.0,0.9947476387023926,0,0,0.0,0.0,0.0,0.0,0.008755909278988838,-0.016195472329854965
1075,12,8,1.0,0.9948331117630005,0,0,0.0,0.0,0.0,0.0,0.008823604322969913,-0.016625231131911278
1076,12,9,1.0,0.9948391318321228,0,0,0.0,0.25,0.0,0.0,0.008824581280350685,-0.016604574397206306
1077,12,10,1.0,0.9931380748748779,0,0,0.0,0.25,0.0,0.0,0.025540398433804512,-0.011924372054636478
1078,12,11,1.0,0.9932156801223755,0,0,0.0,0.25,0.0,0.0,0.028690040111541748,-0.009477990679442883
1079,12,12,1.0,0.9920748472213745,0,0,0.0,0.25,0.0,0.0,0.03118278831243515,-0.013659649528563023
1080,12,13,1.0,0.9888787269592285,0,0,0.0,0.25,0.0,0.0,0.030957497656345367,-0.01440107636153698
1081,12,14,1.0,0.987787663936615,0,0,0.0,0.25,0.0,0.0,0.030975375324487686,-0.015280199237167835
1082,12,15,1.0,0.987060010433197,0,0,0.0,0.25,0.0,0.0,0.029381925240159035,-0.014269275590777397
1083,12,16,1.0,0.9911621809005737,0,0,0.0,0.25,0.0,0.0,0.02765345200896263,-0.01407690905034542
1084,12,17,1.0,0.9855368733406067,0,0,0.0,0.25,0.0,0.0,0.026140768080949783,-0.011617198586463928
1085,12,18,1.0,0.9854292869567871,0,0,0.0,0.25,0.0,0.0,0.023631300777196884,-0.011237169615924358
1086,12,19,1.0,0.9841129779815674,0,0,0.0,0.25,0.0,0.0,0.022496724501252174,-0.012912224978208542
1087,12,20,1.0,0.9857244491577148,0,0,0.0,0.25,0.0,0.0,0.02173767238855362,-0.01225887332111597
1088,12,21,1.0,0.9862542152404785,0,0,0.0,0.25,0.0,0.0,0.020455360412597656,-0.010635935701429844
1089,12,22,1.0,0.9841833710670471,0,0,0.0,0.25,0.0,0.0,0.016562845557928085,-0.008307762444019318
1090,12,23,1.0,0.9826039671897888,0,0,0.0,0.0,0.0,0.0,0.01621013507246971,-0.009018047712743282
1091,12,24,1.0,0.9853601455688477,0,0,0.0,0.0,0.0,0.0,0.008129551075398922,-0.00913737528026104
1092,12,25,1.0,0.9875931739807129,0,0,0.0,0.0,0.0,0.0,0.0015205848030745983,-0.01409835647791624
1093,12,26,1.0,0.9889660477638245,0,0,0.0,0.0,0.0,0.0,-0.0013682760763913393,-0.017058158293366432
1094,12,27,1.0,0.9893681406974792,0,0,0.0,0.0,0.0,0.0,-0.0025889428798109293,-0.018328413367271423
1095,12,28,1.0,0.9882525205612183,0,0,0.0,0.25,0.0,0.0,-0.003795450087636709,-0.020295916125178337
1096,12,29,1.0,0.9806124567985535,0,0,0.0,0.0,0.0,0.0,0.012101346626877785,-0.010366537608206272
1097,12,30,1.0,0.9824981093406677,0,0,0.0,0.0,0.0,0.0,0.004908273462206125,-0.013907128013670444
1098,12,31,1.0,0.9839634299278259,0,0,0.0,0.0,0.0,0.0,-0.0007284811581484973,-0.020205795764923096
1099,12,32,1.0,0.980969250202179,0,0,0.0,0.0,0.0,0.0,-0.0030848411843180656,-0.03040727972984314
1100,12,33,1.0,0.981303870677948,0,0,0.0,0.0,0.0,0.0,-0.003911887761205435,-0.03179137781262398
1101,12,34,1.0,0.9832336902618408,0,0,0.0,0.0,0.0,0.0,-0.003472220851108432,-0.029043154790997505
1102,12,35,1.0,0.9832968711853027,0,0,0.0,0.0,0.0,0.0,-0.0035708872601389885,-0.029223589226603508
1103,12,36,1.0,0.9837881922721863,0,0,0.0,0.0,0.0,0.0,-0.0036356388591229916,-0.02881748043000698
1104,12,37,1.0,0.9838050007820129,0,0,0.0,0.0,-0.5,0.0,-0.003653702326118946,-0.028857653960585594
1105,12,38,1.0,1.0051875114440918,0,0,0.0,0.0,-0.5,0.0,-0.003449788549914956,-0.5753651261329651
1106,12,39,1.0,1.013310194015503,0,0,0.0,0.0,-0.5,0.0,-0.0025237661320716143,-0.5967661738395691
1107,12,40,1.0,0.9967296123504639,0,0,0.0,0.0,-0.5,0.0,-0.0016447532689198852,-0.5872123837471008
1108,12,41,1.0,0.9940535426139832,0,0,0.0,0.0,-0.5,0.0,-0.003091126447543502,-0.5734216570854187
1109,12,42,1.0,0.9885635375976562,0,0,0.0,0.0,-0.5,0.0,-0.0007015697192400694,-0.5641470551490784
1110,12,43,1.0,0.943468451499939,0,0,0.0,0.0,-0.5,0.0,0.0003585414378903806,-0.5263453722000122
1111,12,44,1.0,0.876180112361908,0,0,0.0,0.0,-0.5,0.0,0.0010441001504659653,-0.3424047827720642
1112,12,45,1.0,0.9536155462265015,0,0,0.0,0.0,-0.5,0.0,-0.0027286082040518522,-0.19786611199378967
1113,12,46,1.0,1.1075286865234375,0,0,0.0,0.0,-0.5,0.0,-0.0034780651330947876,-0.07725381851196289
1114,12,47,1.0,1.1143240928649902,0,0,0.0,0.0,-0.5,0.0,-0.0036109236534684896,-0.07263319194316864
1115,12,48,1.0,1.3282712697982788,0,0,0.0,0.0,0.0,0.0,-0.003004737664014101,-0.03708100691437721
1116,12,49,1.0,1.3287279605865479,0,0,0.0,0.0,0.0,0.0,-0.0030306028202176094,-0.03679506108164787
1117,12,50,1.0,1.3329057693481445,0,0,0.0,0.0,0.0,0.0,-0.003169610630720854,-0.036833569407463074
1118,12,51,1.0,1.3329066038131714,0,0,0.0,0.0,0.0,0.0,-0.0031751487404108047,-0.03688283637166023
1119,12,52,2.0,1.4339226484298706,1,0,0.0,0.0,0.0,0.0,-0.0035795278381556273,-0.0283280611038208
1120,12,53,2.0,1.9739048480987549,1,1,0.0,0.0,0.0,0.0,-0.002769370097666979,0.0012903623282909393
1121,12,54,2.0,2.047354221343994,1,1,0.0,0.0,0.0,0.0,-0.0015844516456127167,-0.0003583861980587244
1122,12,55,2.0,2.0535647869110107,1,1,0.0,0.0,0.0,0.0,-0.001140042208135128,-0.002275369595736265
1123,12,56,2.0,2.0911264419555664,1,1,0.0,0.0,0.0,0.0,0.0003004539175890386,-0.011923068203032017
1124,12,57,2.0,2.022968292236328,1,1,0.0,0.0,0.0,0.0,-0.0026496145874261856,0.003292260691523552
1125,12,58,2.0,1.946780800819397,1,1,0.0,0.0,0.0,0.0,-0.0012803543359041214,0.012537671253085136
1126,12,59,2.0,1.9481474161148071,1,1,0.0,0.0,0.0,0.0,-0.0009557739831507206,0.01546928659081459
1127,12,60,2.0,1.7759783267974854,1,1,0.0,0.0,0.0,0.0,-0.0016148677095770836,0.023891163989901543
1128,12,61,2.0,1.7722132205963135,1,1,0.0,0.0,0.0,0.0,-0.0016489144181832671,0.025065399706363678
1129,12,62,2.0,1.4271544218063354,1,0,0.0,0.0,0.0,0.0,-0.0020297355949878693,0.023304134607315063
1130,12,63,2.0,1.424123764038086,1,0,0.0,0.0,0.0,0.0,-0.002062559127807617,0.02334110252559185
1131,12,64,2.0,1.0990240573883057,1,0,0.0,0.0,0.0,0.0,-0.0039973389357328415,0.011133657768368721
1132,12,65,1.0,1.0982447862625122,0,0,0.0,0.0,0.0,0.0,-0.004017049912363291,0.010922281071543694
1133,12,66,1.0,1.1163002252578735,0,0,0.0,0.0,0.0,0.0,-0.0038608696777373552,0.006895494647324085
1134,12,67,1.0,1.1156612634658813,0,0,0.0,0.0,0.0,0.0,-0.0038781475741416216,0.006605989299714565
1135,12,68,1.0,1.1425427198410034,0,0,0.0,0.0,0.0,0.0,-0.003723526606336236,0.008232878521084785
1136,12,69,1.0,1.141845703125,0,0,0.0,0.0,0.0,0.0,-0.0037420622538775206,0.007975167594850063
1137,12,70,1.0,1.1083980798721313,0,0,0.0,0.0,0.5,0.0,-0.00421742582693696,0.012130491435527802
1138,12,71,1.0,1.0059248208999634,0,0,0.0,0.0,0.5,0.0,-0.0036464021541178226,0.1139676496386528
1139,12,72,1.0,0.9851735830307007,0,0,0.0,0.0,0.5,0.0,-0.0005705765215680003,0.5285294651985168
1140,12,73,1.0,0.9862790107727051,0,0,0.0,0.0,0.5,0.0,0.0002362211380386725,0.55729079246521
1141,12,74,1.0,0.9887073040008545,0,0,0.0,0.0,0.5,0.0,0.0001399780303472653,0.5603636503219604
1142,12,75,1.0,0.9932342767715454,0,0,0.0,0.0,0.5,0.0,7.152427861001343e-05,0.5539610981941223
1143,12,76,1.0,0.9901797771453857,0,0,0.0,0.0,0.5,0.0,0.00016823392070364207,0.5590293407440186
1144,12,77,1.0,0.9899123907089233,0,0,0.0,0.0,0.5,0.0,-0.00013441036571748555,0.5520009398460388
1145,12,78,1.0,0.9922337532043457,0,0,0.0,0.0,0.5,0.0,-0.0004924940876662731,0.544775664806366
1146,12,79,1.0,0.9925400018692017,0,0,0.0,0.0,0.5,0.0,-0.0007577624637633562,0.5438620448112488
1147,12,80,1.0,0.9929223656654358,0,0,0.0,0.0,0.5,0.0,-0.000978170894086361,0.5469111204147339
1148,13,0,1.0,0.9911645650863647,0,0,0.0,0.0,0.0,0.0,-0.008921211585402489,-0.010012965649366379
1149,13,1,1.0,0.9896154403686523,0,0,0.0,0.0,0.0,0.0,-0.01005855668336153,-0.014763782732188702
1150,13,2,1.0,0.9911571741104126,0,0,0.0,0.0,0.0,0.0,-0.009729721583425999,-0.013414028100669384
1151,13,3,1.0,0.9914315938949585,0,0,0.0,0.0,0.0,0.0,-0.0094600860029459,-0.012566295452415943
1152,13,4,1.0,0.9922260046005249,0,0,0.0,0.0,0.0,0.0,-0.010033555328845978,-0.011754097416996956
1153,13,5,1.0,0.9923269748687744,0,0,0.0,0.0,0.0,0.0,-0.0099732531234622,-0.011478003114461899
1154,13,6,1.0,0.9924037456512451,0,0,0.0,0.0,0.0,0.0,-0.009958336129784584,-0.010806758888065815
1155,13,7,1.0,0.9924256801605225,0,0,0.0,0.0,0.0,0.0,-0.009946768172085285,-0.010728509165346622
1156,13,8,1.0,0.9927661418914795,0,0,0.0,0.0,0.0,0.0,-0.010102873668074608,-0.010374831035733223
1157,13,9,1.0,0.99277263879776,0,0,0.0,0.0,0.0,0.0,-0.010100220330059528,-0.010354558005928993
1158,13,10,1.0,0.9928679466247559,0,0,0.0,0.0,0.0,0.0,-0.010059826076030731,-0.010609661228954792
1159,13,11,1.0,0.9928697943687439,0,0,0.0,0.0,0.0,0.0,-0.010059199295938015,-0.010603955946862698
1160,13,12,1.0,0.99287348985672,0,0,0.0,0.0,0.0,0.0,-0.010099547915160656,-0.010556262917816639
1161,13,13,1.0,0.9928737878799438,0,0,0.0,0.0,0.0,0.0,-0.010099408216774464,-0.010554851964116096
1162,13,14,1.0,0.9928740859031677,0,0,0.0,0.0,0.0,0.0,-0.010099310427904129,-0.010554119944572449
1163,13,15,1.0,0.992874264717102,0,0,0.0,0.0,0.0,0.0,-0.010099281556904316,-0.01055372878909111
1164,13,16,1.0,0.992874264717102,0,0,0.0,0.0,0.0,0.0,-0.010099276900291443,-0.010553495027124882
1165,13,17,1.0,0.992874264717102,0,0,0.0,0.0,0.0,0.0,-0.010099257342517376,-0.010553487576544285
1166,13,18,1.0,0.9928743243217468,0,0,0.0,0.0,0.0,0.0,-0.010099262930452824,-0.010553396306931973
1167,13,19,1.0,0.9928743839263916,0,0,0.0,0.0,0.0,0.0,-0.010099250823259354,-0.010553352534770966
1168,13,20,1.0,0.992874264717102,0,0,0.0,0.0,0.0,0.0,-0.010099250823259354,-0.010553356260061264
1169,13,21,1.0,0.992874264717102,0,0,0.0,0.0,0.0,0.0,-0.010099255479872227,-0.010553286410868168
1170,13,22,1.0,0.993014395236969,0,0,0.0,-0.25,0.0,0.0,-0.00957359280437231,-0.011546383611857891
1171,13,23,1.0,0.9955095648765564,0,0,0.0,-0.25,0.0,0.0,-0.038615986704826355,-0.015844183042645454
1172,13,24,1.0,0.994158923625946,0,0,0.0,-0.25,0.0,0.0,-0.0433817133307457,-0.015356686897575855
1173,13,25,1.0,0.994314432144165,0,0,0.0,-0.25,0.0,0.0,-0.04469164460897446,-0.010956122539937496
1174,13,26,1.0,0.9921993613243103,0,0,0.0,-0.25,0.0,0.0,-0.04560454189777374,-0.013475962914526463
1175,13,27,1.0,0.9961390495300293,0,0,0.0,-0.25,0.0,0.0,-0.048130910843610764,-0.01085631549358368
1176,13,28,1.0,0.9909124374389648,0,0,0.0,-0.25,0.0,0.0,-0.04382966458797455,-0.01409787219017744
1177,13,29,1.0,0.9904152154922485,0,0,0.0,-0.25,0.0,0.0,-0.04464090242981911,-0.013509214855730534
1178,13,30,1.0,0.990471363067627,0,0,0.0,-0.25,0.0,0.0,-0.03927554190158844,-0.010298410430550575
1179,13,31,1.0,0.9915609359741211,0,0,0.0,-0.25,0.0,0.0,-0.03985293582081795,-0.010235045105218887
1180,13,32,1.0,0.9910874366760254,0,0,0.0,-0.25,0.0,0.0,-0.03425942361354828,-0.012555482797324657
1181,13,33,1.0,0.9909908771514893,0,0,0.0,-0.25,0.0,0.0,-0.032872483134269714,-0.011933499947190285
1182,13,34,1.0,0.9923529624938965,0,0,0.0,-0.25,0.0,0.0,-0.02911590039730072,-0.010657022707164288
1183,13,35,1.0,0.9917572140693665,0,0,0.0,-0.25,0.0,0.0,-0.027217108756303787,-0.01084064319729805
1184,13,36,1.0,0.9933346509933472,0,0,0.0,-0.25,0.0,0.0,-0.023994624614715576,-0.011176320724189281
1185,13,37,1.0,0.9932215809822083,0,0,0.0,-0.25,0.0,0.0,-0.022577060386538506,-0.010207800194621086
1186,13,38,1.0,0.9863637685775757,0,0,0.0,-0.25,0.0,0.0,-0.02485247328877449,-0.014536445960402489
1187,13,39,1.0,0.9829740524291992,0,0,0.0,-0.25,0.0,0.0,-0.0248351339250803,-0.025780828669667244
1188,13,40,1.0,0.9933072328567505,0,0,0.0,0.0,0.0,0.0,-0.018750257790088654,-0.009826581925153732
1189,13,41,1.0,0.9927939176559448,0,0,0.0,0.0,0.0,0.0,-0.008438403718173504,-0.008120885118842125
1190,13,42,1.0,0.9932436347007751,0,0,0.0,0.0,0.0,0.0,-0.0034213284961879253,-0.007115253247320652
1191,13,43,1.0,0.9933111667633057,0,0,0.0,0.0,0.0,0.0,-0.0012187293032184243,-0.007128468714654446
1192,13,44,1.0,0.9937235116958618,0,0,0.0,0.0,0.0,0.0,-0.0009615345043130219,-0.00686819851398468
1193,13,45,1.0,0.9937028884887695,0,0,0.0,0.0,0.0,0.0,-0.0007063873345032334,-0.0068738446570932865
1194,13,46,1.0,0.9925779700279236,0,0,0.0,0.25,0.0,0.0,-0.0005361034418456256,-0.007154363207519054
1195,13,47,1.0,0.9945079684257507,0,0,0.0,0.0,0.0,0.0,0.010515937581658363,-0.005772622302174568
1196,13,48,1.0,0.9900543689727783,0,0,0.0,0.0,0.0,0.0,0.004604001063853502,-0.008572066202759743
1197,13,49,1.0,0.9889078140258789,0,0,0.0,0.0,0.0,0.0,0.001063082949258387,-0.008324610069394112
1198,13,50,1.0,0.9884480237960815,0,0,0.0,0.0,0.0,0.0,-0.0006625528330914676,-0.009930872358381748
1199,13,51,1.0,0.988539457321167,0,0,0.0,0.0,0.0,0.0,-0.0011631196830421686,-0.00958957988768816
1200,13,52,1.0,0.9926329255104065,0,0,0.0,0.25,0.0,0.0,-0.0013495167950168252,-0.008515882305800915
1201,13,53,1.0,0.9856763482093811,0,0,0.0,0.0,0.0,0.0,0.011493880301713943,-0.010511217638850212
1202,13,54,1.0,0.9722532033920288,0,0,0.0,0.0,0.0,0.0,0.003140632063150406,-0.3184719681739807
1203,13,55,1.0,0.9809093475341797,0,0,0.0,0.0,0.0,0.0,-0.000596723344642669,-0.3482224643230438
1204,13,56,1.0,0.9884401559829712,0,0,0.0,0.0,0.0,0.0,-0.001992051722481847,-0.5438592433929443
1205,13,57,1.0,0.989521861076355,0,0,0.0,0.0,0.0,0.0,-0.002033472526818514,-0.5459895133972168
1206,13,58,1.0,0.994621753692627,0,0,0.0,0.0,0.0,0.0,-0.0020763659849762917,-0.5673409700393677
1207,13,59,1.0,0.994953453540802,0,0,0.0,0.0,-0.5,0.0,-0.0020642410963773727,-0.5677159428596497
1208,13,60,1.0,1.0205202102661133,0,0,0.0,0.0,-0.5,0.0,-0.0033293068408966064,-0.629583477973938
1209,13,61,1.0,1.004584550857544,0,0,0.0,0.0,-0.5,0.0,-0.0021132819820195436,-0.5935764908790588
1210,13,62,1.0,0.9932395219802856,0,0,0.0,0.0,-0.5,0.0,-0.001745125511661172,-0.5764169096946716
1211,13,63,1.0,0.9945032596588135,0,0,0.0,0.0,-0.5,0.0,-0.0016296947142109275,-0.5465230345726013
1212,13,64,1.0,0.95271235704422,0,0,0.0,0.0,-0.5,0.0,4.577272920869291e-05,-0.5235919952392578
1213,13,65,1.0,0.8974224925041199,0,0,0.0,0.0,-0.5,0.0,0.0024410798214375973,-0.4143229126930237
1214,13,66,1.0,0.9146804809570312,0,0,0.0,0.0,-0.5,0.0,0.0008616588311269879,-0.25123628973960876
1215,13,67,1.0,0.9636825323104858,0,0,0.0,0.0,-0.5,0.0,-0.0027979135047644377,-0.14639101922512054
1216,13,68,1.0,1.1720900535583496,0,0,0.0,0.0,-0.5,0.0,-0.001372407772578299,-0.0569845587015152
1217,13,69,1.0,1.1739062070846558,0,0,0.0,0.0,0.0,0.0,-0.0013148138532415032,-0.05505986884236336
1218,13,70,1.0,1.6462994813919067,0,1,0.0,0.0,0.0,0.0,0.0005065187579020858,-0.004726787563413382
1219,13,71,1.0,1.6465229988098145,0,1,0.0,0.0,0.0,0.0,0.0005148373893462121,-0.004533964674919844
1220,13,72,2.0,1.7636942863464355,1,1,0.0,0.0,0.0,0.0,0.001044840202666819,0.0032561752013862133
1221,13,73,2.0,2.0164904594421387,1,1,0.0,0.0,0.0,0.0,-0.00019192167383152992,0.0016069605480879545
1222,13,74,2.0,2.033273696899414,1,1,0.0,0.0,0.0,0.0,-0.0004225759766995907,-0.0015230871504172683
1223,13,75,2.0,2.047177314758301,1,1,0.0,0.0,0.0,0.0,-3.445139736868441e-05,-0.005911136977374554
1224,13,76,2.0,2.0473105907440186,1,1,0.0,0.0,0.0,0.0,0.0019786672201007605,-0.007800097577273846
1225,13,77,2.0,2.045957565307617,1,1,0.0,0.0,0.0,0.0,0.0018493152456358075,-0.014433774165809155
1226,13,78,2.0,2.009774684906006,1,1,0.0,0.0,0.0,0.0,0.0018703503301367164,-0.012800442986190319
1227,13,79,2.0,2.0670032501220703,1,1,0.0,0.0,0.0,0.0,0.000861262553371489,-0.027001747861504555
1228,13,80,2.0,1.6245203018188477,1,1,0.0,0.0,0.0,0.0,0.0004992763279005885,0.015490452758967876
1229,13,81,2.0,1.7684614658355713,1,1,0.0,0.0,0.0,0.0,0.0013769927900284529,0.006308295764029026
1230,13,82,2.0,1.1942410469055176,1,0,0.0,0.0,0.0,0.0,0.001385164330713451,-0.0070519596338272095
1231,13,83,2.0,1.3859808444976807,1,0,0.0,0.0,0.0,0.0,0.001898036920465529,0.0034970249980688095
1232,13,84,1.0,1.0032007694244385,0,0,0.0,0.0,0.0,0.0,7.648117025382817e-05,-0.016967274248600006
1233,13,85,1.0,0.9987182021141052,0,0,0.0,0.0,0.0,0.0,0.0002815783373080194,-0.024250175803899765
1234,13,86,1.0,0.9744229316711426,0,0,0.0,0.0,0.0,0.0,0.0003411833895370364,-0.010785436257719994
1235,13,87,1.0,0.9617568254470825,0,0,0.0,0.0,0.0,0.0,0.00047676090616732836,0.005085240583866835
1236,13,88,1.0,0.9502435922622681,0,0,0.0,0.0,0.0,0.0,0.00043795298552140594,0.03461438789963722
1237,13,89,1.0,0.949938178062439,0,0,0.0,0.0,0.0,0.0,0.001080100773833692,0.011841867119073868
1238,13,90,1.0,0.941218912601471,0,0,0.0,0.0,0.0,0.0,0.0032186172902584076,0.07836177200078964
1239,13,91,1.0,0.9382768273353577,0,0,0.0,0.0,0.0,0.0,0.002552528167143464,0.17456987500190735
1240,13,92,1.0,0.9421885013580322,0,0,0.0,0.0,0.5,0.0,0.0017999146366491914,0.251670241355896
1241,13,93,1.0,0.9918732643127441,0,0,0.0,0.0,0.5,0.0,-0.0008547604084014893,0.5520990490913391
1242,13,94,1.0,0.9910578727722168,0,0,0.0,0.0,0.5,0.0,-0.000998184783384204,0.5543216466903687
1243,13,95,1.0,0.9927640557289124,0,0,0.0,0.0,0.5,0.0,-0.0007954235188663006,0.5603876709938049
1244,13,96,1.0,0.9897992610931396,0,0,0.0,0.0,0.5,0.0,-0.0005226307548582554,0.5617939233779907
1245,13,97,1.0,0.9886106252670288,0,0,0.0,0.0,0.5,0.0,0.0007033160654827952,0.5601015090942383
1246,13,98,1.0,0.9935345649719238,0,0,0.0,0.0,0.5,0.0,-0.000837628380395472,0.5558193325996399
1247,13,99,1.0,0.9950407147407532,0,0,0.0,0.0,0.5,0.0,-0.00045862526167184114,0.5605026483535767
1248,13,100,1.0,0.9940549731254578,0,0,0.0,0.0,0.5,0.0,-0.0004444106016308069,0.5575730204582214
1249,13,101,1.0,0.9936251044273376,0,0,0.0,0.0,0.5,0.0,-0.0003684389521367848,0.556746780872345
1250,13,102,1.0,0.9954003095626831,0,0,0.0,0.0,0.5,0.0,-0.0007895756862126291,0.5463408827781677
1251,14,0,1.0,0.9911645650863647,0,0,0.0,0.0,0.0,0.0,-0.008921212516725063,-0.01001292560249567
1252,14,1,1.0,0.9896154999732971,0,0,0.0,0.0,0.0,0.0,-0.010058557614684105,-0.014763765037059784
1253,14,2,1.0,0.9911571741104126,0,0,0.0,0.0,0.0,0.0,-0.00972973182797432,-0.013414068147540092
1254,14,3,1.0,0.9914315938949585,0,0,0.0,0.0,0.0,0.0,-0.00946007389575243,-0.012566288001835346
1255,14,4,1.0,0.9922260642051697,0,0,0.0,0.0,0.0,0.0,-0.010033557191491127,-0.011754067614674568
1256,14,5,1.0,0.992327094078064,0,0,0.0,0.0,0.0,0.0,-0.009973252192139626,-0.011478040367364883
1257,14,6,1.0,0.9924036860466003,0,0,0.0,0.0,0.0,0.0,-0.00995834730565548,-0.010806791484355927
1258,14,7,1.0,0.9924258589744568,0,0,0.0,0.0,0.0,0.0,-0.009946773760020733,-0.01072853896766901
1259,14,8,1.0,0.9927661418914795,0,0,0.0,0.0,0.0,0.0,-0.010102887637913227,-0.010374834761023521
1260,14,9,1.0,0.99277263879776,0,0,0.0,0.0,0.0,0.0,-0.01010021660476923,-0.010354558005928993
1261,14,10,1.0,0.9928679466247559,0,0,0.0,0.0,0.0,0.0,-0.010059831663966179,-0.010609697550535202
1262,14,11,1.0,0.9928697347640991,0,0,0.0,-0.25,0.0,0.0,-0.010059195570647717,-0.010603908449411392
1263,14,12,1.0,0.9954568147659302,0,0,0.0,-0.25,0.0,0.0,-0.039088934659957886,-0.01648557558655739
1264,14,13,1.0,0.9967715740203857,0,0,0.0,-0.25,0.0,0.0,-0.043910812586545944,-0.014505439437925816
1265,14,14,1.0,0.9954697489738464,0,0,0.0,-0.25,0.0,0.0,-0.04497832804918289,-0.01414982508867979
1266,14,15,1.0,0.9985445737838745,0,0,0.0,-0.25,0.0,0.0,-0.04694656655192375,-0.010440087877213955
1267,14,16,1.0,0.9945838451385498,0,0,0.0,-0.25,0.0,0.0,-0.04676413908600807,-0.01240607351064682
1268,14,17,1.0,0.996924877166748,0,0,0.0,-0.25,0.0,0.0,-0.04649144783616066,-0.013880633749067783
1269,14,18,1.0,0.9927279949188232,0,0,0.0,-0.25,0.0,0.0,-0.04345190152525902,-0.013110818341374397
1270,14,19,1.0,0.9926760196685791,0,0,0.0,-0.25,0.0,0.0,-0.04191942885518074,-0.012711415067315102
1271,14,20,1.0,0.9886230230331421,0,0,0.0,-0.25,0.0,0.0,-0.037247464060783386,-0.011790329590439796
1272,14,21,1.0,0.9901941418647766,0,0,0.0,-0.25,0.0,0.0,-0.03656743839383125,-0.013125073164701462
1273,14,22,1.0,0.9924882054328918,0,0,0.0,-0.25,0.0,0.0,-0.031830355525016785,-0.011922960169613361
1274,14,23,1.0,0.9914339184761047,0,0,0.0,-0.25,0.0,0.0,-0.029700830578804016,-0.010126478038728237
1275,14,24,1.0,0.9933508634567261,0,0,0.0,-0.25,0.0,0.0,-0.026653163135051727,-0.010025066323578358
1276,14,25,1.0,0.9936633110046387,0,0,0.0,-0.25,0.0,0.0,-0.02449651248753071,-0.010081768035888672
1277,14,26,1.0,0.9931208491325378,0,0,0.0,0.0,0.0,0.0,-0.023626379668712616,-0.009962129406630993
1278,14,27,1.0,0.9904597997665405,0,0,0.0,0.0,0.0,0.0,-0.01262693665921688,-0.009410087950527668
1279,14,28,1.0,0.9848314523696899,0,0,0.0,0.0,0.0,0.0,-0.005581042263656855,-0.011792284436523914
1280,14,29,1.0,0.9830273389816284,0,0,0.0,0.0,0.0,0.0,-0.0024910515639930964,-0.01283909473568201
1281,14,30,1.0,0.9728825092315674,0,0,0.0,0.0,0.0,0.0,-0.0008722278289496899,-0.04647542163729668
1282,14,31,1.0,0.9718152284622192,0,0,0.0,0.0,0.0,0.0,-0.0005006308783777058,-0.04895028844475746
1283,14,32,1.0,0.9671872854232788,0,0,0.0,-0.25,0.0,0.0,0.0006662527448497713,-0.08606753498315811
1284,14,33,1.0,0.9835085868835449,0,0,0.0,0.0,0.0,0.0,-0.021297242492437363,-0.04873355105519295
1285,14,34,1.0,0.989123523235321,0,0,0.0,0.0,0.0,0.0,-0.00781851727515459,-0.39604651927948
1286,14,35,1.0,0.9917305707931519,0,0,0.0,0.0,0.0,0.0,-0.0033386019058525562,-0.4005363881587982
1287,14,36,1.0,1.0005024671554565,0,0,0.0,0.0,0.0,0.0,-0.0016979945357888937,-0.5373115539550781
1288,14,37,1.0,1.000036358833313,0,0,0.0,0.0,0.0,0.0,-0.0016966484254226089,-0.5367165803909302
1289,14,38,1.0,0.9989822506904602,0,0,0.0,0.0,-0.5,0.0,-0.0026054983027279377,-0.5446701049804688
1290,14,39,1.0,1.0177381038665771,0,0,0.0,0.0,-0.5,0.0,-0.0033858430106192827,-0.6268582940101624
1291,14,40,1.0,0.998820960521698,0,0,0.0,0.0,-0.5,0.0,-0.0018365720752626657,-0.5953744649887085
1292,14,41,1.0,0.995521068572998,0,0,0.0,0.0,-0.5,0.0,-0.002095200587064028,-0.578115701675415
1293,14,42,1.0,0.977398157119751,0,0,0.0,0.0,-0.5,0.0,-0.0009013811359182,-0.5544293522834778
1294,14,43,1.0,0.9603786468505859,0,0,0.0,0.0,-0.5,0.0,-0.0016932676080614328,-0.5266939997673035
1295,14,44,1.0,0.9079779982566833,0,0,0.0,0.0,-0.5,0.0,0.0020146549213677645,-0.46264421939849854
1296,14,45,1.0,0.8933038115501404,0,0,0.0,0.0,-0.5,0.0,0.001781676197424531,-0.34288519620895386
1297,14,46,1.0,0.9780178666114807,0,0,0.0,0.0,-0.5,0.0,-0.002002108609303832,-0.12934555113315582
1298,14,47,1.0,0.9786584377288818,0,0,0.0,0.0,-0.5,0.0,-0.001673780265264213,-0.12450999766588211
1299,14,48,1.0,1.374954342842102,0,0,0.0,0.0,0.0,0.0,-0.0010794276604428887,-0.028631167486310005
1300,14,49,1.0,1.3762545585632324,0,0,0.0,0.0,0.0,0.0,-0.0010358253493905067,-0.027803899720311165
1301,14,50,1.0,1.6829609870910645,0,1,0.0,0.0,0.0,0.0,0.0006624364759773016,-0.002505179960280657
1302,14,51,1.0,1.6829607486724854,0,1,0.0,0.0,0.0,0.0,0.0006754130008630455,-0.0024471557699143887
1303,14,52,1.0,1.6843087673187256,0,1,0.0,0.0,0.0,0.0,0.0005957444664090872,-0.0023589576594531536
1304,14,53,2.0,1.6843674182891846,1,1,0.0,0.0,0.0,0.0,0.0006040508160367608,-0.00231590261682868
1305,14,54,2.0,1.98939049243927,1,1,0.0,0.0,0.0,0.0,-0.0004943630774505436,0.0005672580446116626
1306,14,55,2.0,2.0063161849975586,1,1,0.0,0.0,0.0,0.0,-0.0006409793859347701,0.0009441471192985773
1307,14,56,2.0,2.0391845703125,1,1,0.0,0.0,0.0,0.0,-0.0004449473926797509,-0.003752217162400484
1308,14,57,2.0,2.0508227348327637,1,1,0.0,0.0,0.0,0.0,0.00022918307513464242,-0.006764588877558708
1309,14,58,2.0,2.0483438968658447,1,1,0.0,0.0,0.0,0.0,0.002339295344427228,-0.012634962797164917
1310,14,59,2.0,2.0383756160736084,1,1,0.0,0.0,0.0,0.0,-0.0003491388342808932,-0.013379128649830818
1311,14,60,2.0,1.5839698314666748,1,1,0.0,0.0,0.0,0.0,0.0027498311828821898,0.005064952187240124
1312,14,61,2.0,1.7877204418182373,1,1,0.0,0.0,0.0,0.0,0.0014178394339978695,0.009728509932756424
1313,14,62,2.0,1.1803921461105347,1,0,0.0,0.0,0.0,0.0,0.0006000587600283325,-0.008384468965232372
1314,14,63,2.0,1.3508059978485107,1,0,0.0,0.0,0.0,0.0,0.000344848376698792,-0.00012953690020367503
1315,14,64,2.0,1.1118521690368652,1,0,0.0,0.0,0.0,0.0,-0.0003607565595302731,-0.007451213896274567
1316,14,65,2.0,1.1833542585372925,1,0,0.0,0.0,0.0,0.0,9.653554297983646e-05,-0.008614912629127502
1317,14,66,2.0,1.0098859071731567,1,0,0.0,0.0,0.0,0.0,-0.000642632890958339,0.0072793783619999886
1318,14,67,1.0,1.10647714138031,0,0,0.0,0.0,0.0,0.0,-0.00025683591957204044,-0.008531921543180943
1319,14,68,1.0,1.0111232995986938,0,0,0.0,0.0,0.0,0.0,0.00018342291878070682,0.0011614758986979723
1320,14,69,1.0,1.001304030418396,0,0,0.0,0.0,0.0,0.0,-7.5964926509186625e-06,-0.003069513477385044
1321,14,70,1.0,0.9746081829071045,0,0,0.0,0.0,0.0,0.0,1.6795966075733304e-05,-0.00789731927216053
1322,14,71,1.0,0.9887088537216187,0,0,0.0,0.0,0.0,0.0,0.0006481617456302047,-0.022437196224927902
1323,14,72,1.0,0.9547408223152161,0,0,0.0,0.0,0.0,0.0,0.00017661043966654688,0.013891094364225864
1324,14,73,1.0,0.9672008156776428,0,0,0.0,0.0,0.0,0.0,0.0006037602433934808,0.008528599515557289
1325,14,74,1.0,0.950236439704895,0,0,0.0,0.0,0.5,0.0,0.0013910519191995263,0.018785199150443077
1326,14,75,1.0,0.9897011518478394,0,0,0.0,0.0,0.5,0.0,-0.0015512834070250392,0.5462615489959717
1327,14,76,1.0,0.9885202050209045,0,0,0.0,0.0,0.5,0.0,-0.0005253408453427255,0.5506883263587952
1328,14,77,1.0,0.9867732524871826,0,0,0.0,0.0,0.5,0.0,0.0001335826382273808,0.5521462559700012
1329,14,78,1.0,0.986450731754303,0,0,0.0,0.0,0.5,0.0,0.00033263431396335363,0.5591506958007812
1330,14,79,1.0,0.9871586561203003,0,0,0.0,0.0,0.5,0.0,0.0006193015724420547,0.5517861843109131
1331,14,80,1.0,0.9925256967544556,0,0,0.0,0.0,0.5,0.0,-0.001015872461721301,0.5608619451522827
1332,14,81,1.0,0.9970206022262573,0,0,0.0,0.0,0.5,0.0,-0.0008652023389004171,0.5595740675926208
1333,14,82,1.0,0.993278980255127,0,0,0.0,0.0,0.5,0.0,-0.0004757653805427253,0.5582585334777832
1334,14,83,1.0,0.9941601157188416,0,0,0.0,0.0,0.5,0.0,-0.0004312716191634536,0.5576831102371216
1335,14,84,1.0,0.9947628974914551,0,0,0.0,0.0,0.5,0.0,-0.0008739432669244707,0.5483744144439697
1336,15,0,1.0,0.9935171604156494,0,0,0.0,0.0,0.0,0.0,0.008132867515087128,-0.013681601732969284
1337,15,1,1.0,0.9933558106422424,0,0,0.0,0.0,0.0,0.0,0.005840982776135206,-0.015942739322781563
1338,15,2,1.0,0.9938364028930664,0,0,0.0,0.0,0.0,0.0,0.006474791094660759,-0.016083350405097008
1339,15,3,1.0,0.99385666847229,0,0,0.0,0.0,0.0,0.0,0.007023998070508242,-0.01585555262863636
1340,15,4,1.0,0.9944330453872681,0,0,0.0,0.0,0.0,0.0,0.007860285229980946,-0.016034085303544998
1341,15,5,1.0,0.9944749474525452,0,0,0.0,0.0,0.0,0.0,0.007934494875371456,-0.015807053074240685
1342,15,6,1.0,0.9947351217269897,0,0,0.0,0.0,0.0,0.0,0.008746735751628876,-0.01627049222588539
1343,15,7,1.0,0.9947475790977478,0,0,0.0,0.0,0.0,0.0,0.008755926974117756,-0.016195455566048622
1344,15,8,1.0,0.9948331117630005,0,0,0.0,0.0,0.0,0.0,0.008823597803711891,-0.016625206917524338
1345,15,9,1.0,0.994839072227478,0,0,0.0,0.0,0.0,0.0,0.008824564516544342,-0.016604550182819366
1346,15,10,1.0,0.9946353435516357,0,0,0.0,0.25,0.0,0.0,0.008132322691380978,-0.015476583503186703
1347,15,11,1.0,0.9939265251159668,0,0,0.0,0.25,0.0,0.0,0.026262197643518448,-0.010733168572187424
1348,15,12,1.0,0.9911730885505676,0,0,0.0,0.25,0.0,0.0,0.029337812215089798,-0.010691322386264801
1349,15,13,1.0,0.9916101098060608,0,0,0.0,0.25,0.0,0.0,0.03132235258817673,-0.013786710798740387
1350,15,14,1.0,0.9881420135498047,0,0,0.0,0.25,0.0,0.0,0.03040868602693081,-0.01186272781342268
1351,15,15,1.0,0.987199068069458,0,0,0.0,0.25,0.0,0.0,0.03026638738811016,-0.012720385566353798
1352,15,16,1.0,0.9885236620903015,0,0,0.0,0.25,0.0,0.0,0.028701551258563995,-0.012581774964928627
1353,15,17,1.0,0.9895977973937988,0,0,0.0,0.25,0.0,0.0,0.026872415095567703,-0.013039546087384224
1354,15,18,1.0,0.9864363670349121,0,0,0.0,0.25,0.0,0.0,0.0242328979074955,-0.010175579227507114
1355,15,19,1.0,0.9855381846427917,0,0,0.0,0.25,0.0,0.0,0.023361265659332275,-0.010208005085587502
1356,15,20,1.0,0.9832226634025574,0,0,0.0,0.25,0.0,0.0,0.02126682922244072,-0.010735753923654556
1357,15,21,1.0,0.9834988713264465,0,0,0.0,0.25,0.0,0.0,0.02146727591753006,-0.011616511270403862
1358,15,22,1.0,0.9874505400657654,0,0,0.0,0.25,0.0,0.0,0.0196188036352396,-0.01075661275535822
1359,15,23,1.0,0.9829305410385132,0,0,0.0,0.25,0.0,0.0,0.016978221014142036,-0.00748334638774395
1360,15,24,1.0,0.9825368523597717,0,0,0.0,0.0,0.0,0.0,0.015594370663166046,-0.008755912072956562
1361,15,25,1.0,0.985705554485321,0,0,0.0,0.0,0.0,0.0,0.007977972738444805,-0.008439932949841022
1362,15,26,1.0,0.9881405830383301,0,0,0.0,0.0,0.0,0.0,0.0011790661374107003,-0.01339131873100996
1363,15,27,1.0,0.9890139698982239,0,0,0.0,0.0,0.0,0.0,-0.0020507569424808025,-0.017158031463623047
1364,15,28,1.0,0.989815890789032,0,0,0.0,0.0,0.0,0.0,-0.0028357557021081448,-0.01894625648856163
1365,15,29,1.0,0.9900276064872742,0,0,0.0,0.0,0.0,0.0,-0.0033165679778903723,-0.019564369693398476
1366,15,30,1.0,0.9899412393569946,0,0,0.0,0.25,0.0,0.0,-0.0040760645642876625,-0.019250113517045975
1367,15,31,1.0,0.9821954965591431,0,0,0.0,0.0,0.0,0.0,0.011785924434661865,-0.008817370049655437
1368,15,32,1.0,0.981207013130188,0,0,0.0,0.0,0.0,0.0,0.004863840993493795,-0.014665025286376476
1369,15,33,1.0,0.9824357032775879,0,0,0.0,0.0,0.0,0.0,-0.0008886900614015758,-0.021496407687664032
1370,15,34,1.0,0.9809799194335938,0,0,0.0,0.0,0.0,0.0,-0.0030937709379941225,-0.030437659472227097
1371,15,35,1.0,0.9813085794448853,0,0,0.0,0.0,0.0,0.0,-0.003916357643902302,-0.03180365636944771
1372,15,36,1.0,0.9833159446716309,0,0,0.0,0.0,0.0,0.0,-0.003472370794042945,-0.029170554131269455
1373,15,37,1.0,0.9833787679672241,0,0,0.0,0.25,0.0,0.0,-0.0035702937748283148,-0.02934759110212326
1374,15,38,1.0,0.9675521850585938,0,0,0.0,0.25,0.0,0.0,0.01326728891581297,-0.038402825593948364
1375,15,39,1.0,0.9678081274032593,0,0,0.0,0.0,0.0,0.0,0.015465516597032547,-0.0482088103890419
1376,15,40,1.0,0.9682846069335938,0,0,0.0,0.0,0.0,0.0,0.005576611030846834,-0.038810666650533676
1377,15,41,1.0,0.972024142742157,0,0,0.0,0.0,0.0,0.0,-0.0015389430336654186,-0.05085586756467819
1378,15,42,1.0,0.9747610092163086,0,0,0.0,0.0,0.0,0.0,-0.003074917010962963,-0.051471441984176636
1379,15,43,1.0,0.9755570292472839,0,0,0.0,0.0,0.0,0.0,-0.004074014723300934,-0.054395563900470734
1380,15,44,1.0,0.976010799407959,0,0,0.0,0.0,0.0,0.0,-0.0048963939771056175,-0.0561799518764019
1381,15,45,1.0,0.9762029647827148,0,0,0.0,0.0,0.0,0.0,-0.00503101572394371,-0.05660158023238182
1382,15,46,1.0,0.975090742111206,0,0,0.0,0.0,0.0,0.0,-0.0051129842177033424,-0.06207846850156784
1383,15,47,1.0,0.975152313709259,0,0,0.0,0.0,0.0,0.0,-0.005137760657817125,-0.062179625034332275
1384,15,48,1.0,0.9776020050048828,0,0,0.0,0.0,-0.5,0.0,-0.005326081532984972,-0.05518777295947075
1385,15,49,1.0,1.014281988143921,0,0,0.0,0.0,-0.5,0.0,-0.00298345647752285,-0.5670920014381409
1386,15,50,1.0,1.0142250061035156,0,0,0.0,0.0,-0.5,0.0,-0.0022059516049921513,-0.5955895781517029
1387,15,51,1.0,1.010729432106018,0,0,0.0,0.0,-0.5,0.0,-0.002721484750509262,-0.5784131288528442
1388,15,52,1.0,1.0069684982299805,0,0,0.0,0.0,-0.5,0.0,-0.0010897545143961906,-0.5767022967338562
1389,15,53,1.0,0.9922174215316772,0,0,0.0,0.0,-0.5,0.0,-0.000428376835770905,-0.5592232942581177
1390,15,54,1.0,0.9387831687927246,0,0,0.0,0.0,-0.5,0.0,0.0014662111643701792,-0.5275388956069946
1391,15,55,1.0,0.8920814990997314,0,0,0.0,0.0,-0.5,0.0,0.0013335762778297067,-0.4269942343235016
1392,15,56,1.0,0.9661769866943359,0,0,0.0,0.0,-0.5,0.0,-0.002980594290420413,-0.16232162714004517
1393,15,57,1.0,0.9837704300880432,0,0,0.0,0.0,-0.5,0.0,-0.003910365514457226,-0.14052286744117737
1394,15,58,1.0,1.317746639251709,0,0,0.0,0.0,-0.5,0.0,-0.002503517782315612,-0.030231157317757607
1395,15,59,1.0,1.3210240602493286,0,0,0.0,0.0,0.0,0.0,-0.002603981178253889,-0.028376806527376175
1396,15,60,1.0,1.3804630041122437,0,0,0.0,0.0,0.0,0.0,-0.0024450968485325575,-0.025255460292100906
1397,15,61,1.0,1.3805887699127197,0,0,0.0,0.0,0.0,0.0,-0.0024550172965973616,-0.025210218504071236
1398,15,62,1.0,1.418379783630371,0,0,0.0,0.0,0.0,0.0,-0.00222744676284492,-0.022169258445501328
1399,15,63,2.0,1.41841459274292,1,0,0.0,0.0,0.0,0.0,-0.0022325078025460243,-0.022204915061593056
1400,15,64,2.0,2.0029759407043457,1,1,0.0,0.0,0.0,0.0,-0.002971622860059142,-0.0009387359023094177
1401,15,65,2.0,2.037297487258911,1,1,0.0,0.0,0.0,0.0,-0.001812883885577321,-0.000362268416211009
1402,15,66,2.0,2.0428030490875244,1,1,0.0,0.0,0.0,0.0,-0.0020807464607059956,-0.0026358282193541527
1403,15,67,2.0,2.05954909324646,1,1,0.0,0.0,0.0,0.0,-0.0007407984230667353,-0.007275771349668503
1404,15,68,2.0,2.0693092346191406,1,1,0.0,0.0,0.0,0.0,-0.00011962938151555136,-0.005700874608010054
1405,15,69,2.0,2.0960440635681152,1,1,0.0,0.0,0.0,0.0,0.0020215066615492105,-0.023043673485517502
1406,15,70,2.0,2.1193485260009766,1,1,0.0,0.0,0.0,0.0,0.0007058726623654366,-0.01116157229989767
1407,15,71,2.0,2.134247303009033,1,1,0.0,0.0,0.0,0.0,0.0006572417914867401,-0.00818664114922285
1408,15,72,2.0,2.0895328521728516,1,1,0.0,0.0,0.0,0.0,0.0003890648949891329,-0.0003735471982508898
1409,15,73,2.0,2.081050395965576,1,1,0.0,0.0,0.0,0.0,0.00020753998251166195,8.437270298600197e-05
1410,15,74,2.0,1.9221023321151733,1,1,0.0,0.0,0.0,0.0,-0.00022787028865423054,0.0043995617888867855
1411,15,75,2.0,1.9157757759094238,1,1,0.0,0.0,0.0,0.0,-0.000581050815526396,0.013023064471781254
1412,15,76,2.0,1.2934330701828003,1,0,0.0,0.0,0.0,0.0,-0.0011329810367897153,-0.003929789178073406
1413,15,77,2.0,1.2652862071990967,1,0,0.0,0.0,0.0,0.0,-0.0008299565524794161,-0.004437010269612074
1414,15,78,1.0,1.0478429794311523,0,0,0.0,0.0,0.0,0.0,-0.0014356119791045785,0.014891386032104492
1415,15,79,1.0,1.0270874500274658,0,0,0.0,0.0,0.0,0.0,-0.0011106544407084584,0.030084548518061638
1416,15,80,1.0,1.0055999755859375,0,0,0.0,0.0,0.0,0.0,-0.00042293802835047245,0.06551901251077652
1417,15,81,1.0,0.9893840551376343,0,0,0.0,0.0,0.0,0.0,-0.0004028318217024207,0.0996614322066307
1418,15,82,1.0,0.9666273593902588,0,0,0.0,0.0,0.0,0.0,-6.985792424529791e-06,0.17163874208927155
1419,15,83,1.0,0.9647883772850037,0,0,0.0,0.0,0.5,0.0,5.4647360229864717e-05,0.19623927772045135
1420,15,84,1.0,0.9820038080215454,0,0,0.0,0.0,0.5,0.0,-0.0008811826119199395,0.5189999341964722
1421,15,85,1.0,0.9771674871444702,0,0,0.0,0.0,0.5,0.0,-0.0004387069493532181,0.5157079696655273
1422,15,86,1.0,0.9869551658630371,0,0,0.0,0.0,0.5,0.0,0.00042799784569069743,0.5547641515731812
1423,15,87,1.0,0.9908510446548462,0,0,0.0,0.0,0.5,0.0,-0.0006574922590516508,0.5602666735649109
1424,15,88,1.0,0.990770161151886,0,0,0.0,0.0,0.5,0.0,-9.12983450689353e-05,0.5595014095306396
1425,15,89,1.0,0.9922305345535278,0,0,0.0,0.0,0.5,0.0,-0.00021860143169760704,0.5586579442024231
1426,15,90,1.0,0.994186282157898,0,0,0.0,0.0,0.5,0.0,0.0004921669606119394,0.5502781271934509
1427,15,91,1.0,0.9928380250930786,0,0,0.0,0.0,0.5,0.0,4.108960274606943e-05,0.5511084794998169
1428,15,92,1.0,0.9934554100036621,0,0,0.0,0.0,0.5,0.0,6.989628309383988e-05,0.5435871481895447
1429,15,93,1.0,0.9973353147506714,0,0,0.0,0.0,0.5,0.0,-0.00030800531385466456,0.5469638109207153
1430,16,0,1.0,0.9911646246910095,0,0,0.0,0.0,0.0,0.0,-0.008921211585402489,-0.01001292560249567
1431,16,1,1.0,0.9896154999732971,0,0,0.0,0.0,0.0,0.0,-0.010058549232780933,-0.01476380880922079
1432,16,2,1.0,0.9911571741104126,0,0,0.0,0.0,0.0,0.0,-0.00972971972078085,-0.013414071872830391
1433,16,3,1.0,0.9914315342903137,0,0,0.0,0.0,0.0,0.0,-0.009460088796913624,-0.01256630290299654
1434,16,4,1.0,0.9922260642051697,0,0,0.0,0.0,0.0,0.0,-0.010033558122813702,-0.01175408624112606
1435,16,5,1.0,0.9923269748687744,0,0,0.0,0.0,0.0,0.0,-0.009973241947591305,-0.01147802546620369
1436,16,6,1.0,0.9924036860466003,0,0,0.0,0.0,0.0,0.0,-0.009958351030945778,-0.010806784965097904
1437,16,7,1.0,0.992425799369812,0,0,0.0,0.0,0.0,0.0,-0.00994675699621439,-0.010728501714766026
1438,16,8,1.0,0.9927661418914795,0,0,0.0,0.0,0.0,0.0,-0.010102882981300354,-0.01037483848631382
1439,16,9,1.0,0.99277263879776,0,0,0.0,0.0,0.0,0.0,-0.010100210085511208,-0.010354531928896904
1440,16,10,1.0,0.9928679466247559,0,0,0.0,0.0,0.0,0.0,-0.010059840977191925,-0.010609623976051807
1441,16,11,1.0,0.9928698539733887,0,0,0.0,-0.25,0.0,0.0,-0.010059203021228313,-0.010603923350572586
1442,16,12,1.0,0.9954568147659302,0,0,0.0,-0.25,0.0,0.0,-0.03908897191286087,-0.016485631465911865
1443,16,13,1.0,0.9967714548110962,0,0,0.0,-0.25,0.0,0.0,-0.04391080513596535,-0.014505465514957905
1444,16,14,1.0,0.9954697489738464,0,0,0.0,-0.25,0.0,0.0,-0.044978316873311996,-0.014149763621389866
1445,16,15,1.0,0.9985445737838745,0,0,0.0,-0.25,0.0,0.0,-0.04694655165076256,-0.010440082289278507
1446,16,16,1.0,0.9945839047431946,0,0,0.0,-0.25,0.0,0.0,-0.046764127910137177,-0.01240607537329197
1447,16,17,1.0,0.9969249963760376,0,0,0.0,-0.25,0.0,0.0,-0.046491459012031555,-0.01388067938387394
1448,16,18,1.0,0.9927279949188232,0,0,0.0,-0.25,0.0,0.0,-0.04345190152525902,-0.01311081275343895
1449,16,19,1.0,0.9926760792732239,0,0,0.0,-0.25,0.0,0.0,-0.04191942512989044,-0.012711400166153908
1450,16,20,1.0,0.9886230230331421,0,0,0.0,-0.25,0.0,0.0,-0.03724745661020279,-0.011790351010859013
1451,16,21,1.0,0.9901941418647766,0,0,0.0,-0.25,0.0,0.0,-0.03656744584441185,-0.013125048950314522
1452,16,22,1.0,0.9924883246421814,0,0,0.0,-0.25,0.0,0.0,-0.031830351799726486,-0.011922999285161495
1453,16,23,1.0,0.9914339780807495,0,0,0.0,-0.25,0.0,0.0,-0.029700836166739464,-0.010126439854502678
1454,16,24,1.0,0.9933508634567261,0,0,0.0,-0.25,0.0,0.0,-0.026653176173567772,-0.010025080293416977
1455,16,25,1.0,0.9936633110046387,0,0,0.0,-0.25,0.0,0.0,-0.024496527388691902,-0.01008177362382412
1456,16,26,1.0,0.9921539425849915,0,0,0.0,-0.25,0.0,0.0,-0.02347935363650322,-0.008773728273808956
1457,16,27,1.0,0.9883592128753662,0,0,0.0,-0.25,0.0,0.0,-0.023722616955637932,-0.012806116603314877
1458,16,28,1.0,0.9802796244621277,0,0,0.0,-0.25,0.0,0.0,-0.02637741155922413,-0.04888855293393135
1459,16,29,1.0,0.9888625144958496,0,0,0.0,0.0,0.0,0.0,-0.01915890723466873,-0.009347405284643173
1460,16,30,1.0,0.9943956136703491,0,0,0.0,0.0,0.0,0.0,-0.008531809784471989,-0.007745090872049332
1461,16,31,1.0,0.9948703050613403,0,0,0.0,0.0,0.0,0.0,-0.0032597652170807123,-0.008492493070662022
1462,16,32,1.0,0.9937329888343811,0,0,0.0,0.0,0.0,0.0,-0.0015203740913420916,-0.006571663077920675
1463,16,33,1.0,0.9933102130889893,0,0,0.0,0.0,0.0,0.0,-0.0008690981776453555,-0.006634996738284826
1464,16,34,1.0,0.9933537244796753,0,0,0.0,0.0,0.0,0.0,-0.0009081021416932344,-0.0068919169716537
1465,16,35,1.0,0.9932902455329895,0,0,0.0,0.25,0.0,0.0,-0.0007956259651109576,-0.006889367941766977
1466,16,36,1.0,0.9925214648246765,0,0,0.0,0.0,0.0,0.0,0.010052966885268688,-0.004706282168626785
1467,16,37,1.0,0.9916702508926392,0,0,0.0,0.0,0.0,0.0,0.005104124080389738,-0.00718334037810564
1468,16,38,1.0,0.9883738160133362,0,0,0.0,0.0,0.0,0.0,0.0007325164042413235,-0.007639750838279724
1469,16,39,1.0,0.9885252118110657,0,0,0.0,0.0,0.0,0.0,-0.0007288763881660998,-0.007092621177434921
1470,16,40,1.0,0.9914767146110535,0,0,0.0,0.0,0.0,0.0,-0.000942282029427588,-0.00986643135547638
1471,16,41,1.0,0.9915321469306946,0,0,0.0,0.0,0.0,0.0,-0.0011179342400282621,-0.009772793389856815
1472,16,42,1.0,0.9918341636657715,0,0,0.0,0.0,0.0,0.0,-0.001167467562481761,-0.00944657064974308
1473,16,43,1.0,0.9918562173843384,0,0,0.0,0.0,0.0,0.0,-0.0011985437013208866,-0.009431932121515274
1474,16,44,1.0,0.9920612573623657,0,0,0.0,0.0,0.0,0.0,-0.0011678611626848578,-0.008886875584721565
1475,16,45,1.0,0.9920697212219238,0,0,0.0,0.0,0.0,0.0,-0.001176456338725984,-0.008883361704647541
1476,16,46,1.0,0.9920144081115723,0,0,0.0,0.0,0.0,0.0,-0.0012645060196518898,-0.008847761899232864
1477,16,47,1.0,0.9920166730880737,0,0,0.0,0.0,0.0,0.0,-0.0012672776356339455,-0.008846833370625973
1478,16,48,1.0,0.9921727776527405,0,0,0.0,0.0,0.0,0.0,-0.0011499256361275911,-0.009241888299584389
1479,16,49,1.0,0.9921739101409912,0,0,0.0,0.0,0.0,0.0,-0.0011511421762406826,-0.009241797029972076
1480,16,50,1.0,0.9923248887062073,0,0,0.0,0.25,0.0,0.0,-0.0013324511237442493,-0.009263972751796246
1481,16,51,1.0,0.986503005027771,0,0,0.0,0.0,0.0,0.0,0.01113087683916092,-0.011465906165540218
1482,16,52,1.0,0.9714245796203613,0,0,0.0,0.0,0.0,0.0,0.0032076092902570963,-0.2990317642688751
1483,16,53,1.0,0.9785951375961304,0,0,0.0,0.0,0.0,0.0,-0.0004966353881172836,-0.3260487914085388
1484,16,54,1.0,0.9889993667602539,0,0,0.0,0.0,0.0,0.0,-0.0020713945850729942,-0.5439904928207397
1485,16,55,1.0,0.99024498462677,0,0,0.0,0.0,0.0,0.0,-0.0021150053944438696,-0.546209990978241
1486,16,56,1.0,0.9961636066436768,0,0,0.0,0.0,0.0,0.0,-0.002158345887437463,-0.5644130706787109
1487,16,57,1.0,0.9964969158172607,0,0,0.0,0.0,0.0,0.0,-0.0021401026751846075,-0.5647625923156738
1488,16,58,1.0,0.9958338141441345,0,0,0.0,0.0,0.0,0.0,-0.0019878577440977097,-0.5665097832679749
1489,16,59,1.0,0.995931088924408,0,0,0.0,0.0,0.0,0.0,-0.001984227681532502,-0.5665916204452515
1490,16,60,1.0,0.9952629804611206,0,0,0.0,0.0,0.0,0.0,-0.002286373171955347,-0.564625084400177
1491,16,61,1.0,0.995291531085968,0,0,0.0,0.0,-0.5,0.0,-0.0022858481388539076,-0.5646450519561768
1492,16,62,1.0,1.017499327659607,0,0,0.0,0.0,-0.5,0.0,-0.0036793008912354708,-0.6291186809539795
1493,16,63,1.0,1.00688636302948,0,0,0.0,0.0,-0.5,0.0,-0.0027011192869395018,-0.5970814228057861
1494,16,64,1.0,0.9931719899177551,0,0,0.0,0.0,-0.5,0.0,-0.0018117018043994904,-0.5737091898918152
1495,16,65,1.0,0.9914149045944214,0,0,0.0,0.0,-0.5,0.0,-0.000965260318480432,-0.5465964078903198
1496,16,66,1.0,0.9511122703552246,0,0,0.0,0.0,-0.5,0.0,7.306966290343553e-05,-0.5239092111587524
1497,16,67,1.0,0.8905582427978516,0,0,0.0,0.0,-0.5,0.0,0.0020754628349095583,-0.4221196472644806
1498,16,68,1.0,0.9146707653999329,0,0,0.0,0.0,-0.5,0.0,0.0008625311311334372,-0.2512625455856323
1499,16,69,1.0,0.9636979103088379,0,0,0.0,0.0,-0.5,0.0,-0.0027973041869699955,-0.14636929333209991
1500,16,70,1.0,1.1690504550933838,0,0,0.0,0.0,-0.5,0.0,-0.0013731687795370817,-0.057097915560007095
1501,16,71,1.0,1.1707884073257446,0,0,0.0,0.0,-0.5,0.0,-0.0013106378028169274,-0.055150438100099564
1502,16,72,1.0,1.6463133096694946,0,1,0.0,0.0,0.0,0.0,0.0005073313368484378,-0.004716696683317423
1503,16,73,1.0,1.6465359926223755,0,1,0.0,0.0,0.0,0.0,0.0005155105609446764,-0.00452473433688283
1504,16,74,1.0,1.6769235134124756,0,1,0.0,0.0,0.0,0.0,0.000528363510966301,-0.0026336987502872944
1505,16,75,2.0,1.6769545078277588,1,1,0.0,0.0,0.0,0.0,0.0005392332677729428,-0.0025913682766258717
1506,16,76,2.0,1.991872787475586,1,1,0.0,0.0,0.0,0.0,-0.0003853859379887581,0.0013289623893797398
1507,16,77,2.0,2.010758638381958,1,1,0.0,0.0,0.0,0.0,-0.0004360649036243558,0.0009777803206816316
1508,16,78,2.0,2.045579433441162,1,1,0.0,0.0,0.0,0.0,0.000571172742638737,-0.0036747553385794163
1509,16,79,2.0,2.04636287689209,1,1,0.0,0.0,0.0,0.0,0.0008308125543408096,-0.005763603374361992
1510,16,80,2.0,2.0485405921936035,1,1,0.0,0.0,0.0,0.0,0.0019112677546218038,-0.011705810204148293
1511,16,81,2.0,2.0309553146362305,1,1,0.0,0.0,0.0,0.0,-0.0005420632660388947,-0.014760274440050125
1512,16,82,2.0,1.8431165218353271,1,1,0.0,0.0,0.0,0.0,0.0018904864555224776,-0.00031611183658242226
1513,16,83,2.0,1.9041733741760254,1,1,0.0,0.0,0.0,0.0,-0.00024170748656615615,0.0029548644088208675
1514,16,84,2.0,1.5808007717132568,1,1,0.0,0.0,0.0,0.0,0.0010566612472757697,0.00845203548669815
1515,16,85,2.0,1.3791358470916748,1,0,0.0,0.0,0.0,0.0,0.0011345208622515202,-0.00013670441694557667
1516,16,86,2.0,1.152182698249817,1,0,0.0,0.0,0.0,0.0,0.0007715349202044308,-0.02410958521068096
1517,16,87,2.0,1.0849026441574097,1,0,0.0,0.0,0.0,0.0,0.0007093906751833856,-0.029537344351410866
1518,16,88,2.0,1.0503655672073364,1,0,0.0,0.0,0.0,0.0,0.0005588971544057131,-0.03432690352201462
1519,16,89,1.0,1.0286989212036133,0,0,0.0,0.0,0.0,0.0,-0.00030420260736718774,-0.02780267596244812
1520,16,90,1.0,0.9654832482337952,0,0,0.0,0.0,0.0,0.0,0.0009635830065235496,0.008881084620952606
1521,16,91,1.0,0.9625413417816162,0,0,0.0,0.0,0.0,0.0,0.0015901400474831462,0.015502274967730045
1522,16,92,1.0,0.936128556728363,0,0,0.0,0.0,0.0,0.0,0.002950323047116399,0.11458199471235275
1523,16,93,1.0,0.9380736947059631,0,0,0.0,0.0,0.0,0.0,0.0021420407574623823,0.21304477751255035
1524,16,94,1.0,0.9433040022850037,0,0,0.0,0.0,0.0,0.0,0.0014632792444899678,0.266865074634552
1525,16,95,1.0,0.9463174939155579,0,0,0.0,0.0,0.5,0.0,0.0009320281678810716,0.3020687699317932
1526,16,96,1.0,0.9917335510253906,0,0,0.0,0.0,0.5,0.0,-0.0007512407028116286,0.5492761135101318
1527,16,97,1.0,0.9875373244285583,0,0,0.0,0.0,0.5,0.0,-4.834345600102097e-05,0.5414790511131287
1528,16,98,1.0,0.9924830198287964,0,0,0.0,0.0,0.5,0.0,-0.0005096261738799512,0.560453474521637
1529,16,99,1.0,0.9896720051765442,0,0,0.0,0.0,0.5,0.0,-0.0001042300064000301,0.5609797835350037
1530,16,100,1.0,0.9906837344169617,0,0,0.0,0.0,0.5,0.0,2.5381435989402235e-05,0.5589383244514465
1531,16,101,1.0,0.9908781051635742,0,0,0.0,0.0,0.5,0.0,-0.0007786737405695021,0.5553649663925171
1532,16,102,1.0,0.9941426515579224,0,0,0.0,0.0,0.5,0.0,-0.0006563907372765243,0.5556685924530029
1533,16,103,1.0,0.9943599700927734,0,0,0.0,0.0,0.5,0.0,-0.00027484921156428754,0.5555028915405273
1534,16,104,1.0,0.9920401573181152,0,0,0.0,0.0,0.5,0.0,-0.0009041414596140385,0.5534045696258545
1535,16,105,1.0,0.9930047392845154,0,0,0.0,0.0,0.5,0.0,-0.0008644263725727797,0.5508208870887756
1536,17,0,1.0,0.9935171604156494,0,0,0.0,0.0,0.0,0.0,0.008132874965667725,-0.013681608252227306
1537,17,1,1.0,0.9933556914329529,0,0,0.0,0.0,0.0,0.0,0.005840984173119068,-0.015942739322781563
1538,17,2,1.0,0.9938363432884216,0,0,0.0,0.0,0.0,0.0,0.006474797613918781,-0.016083290800452232
1539,17,3,1.0,0.99385666847229,0,0,0.0,0.0,0.0,0.0,0.007023991551250219,-0.0158555805683136
1540,17,4,1.0,0.9944330453872681,0,0,0.0,0.0,0.0,0.0,0.007860269397497177,-0.016034048050642014
1541,17,5,1.0,0.9944749474525452,0,0,0.0,0.0,0.0,0.0,0.007934481836855412,-0.01580711081624031
1542,17,6,1.0,0.994735062122345,0,0,0.0,0.0,0.0,0.0,0.008746730163693428,-0.01627049408853054
1543,17,7,1.0,0.9947475790977478,0,0,0.0,0.0,0.0,0.0,0.008755906485021114,-0.016195455566048622
1544,17,8,1.0,0.9948331117630005,0,0,0.0,0.0,0.0,0.0,0.00882358942180872,-0.016625236719846725
1545,17,9,1.0,0.9948391914367676,0,0,0.0,0.0,0.0,0.0,0.00882458034902811,-0.016604555770754814
1546,17,10,1.0,0.9946353435516357,0,0,0.0,0.25,0.0,0.0,0.00813231896609068,-0.015476646833121777
1547,17,11,1.0,0.9939265847206116,0,0,0.0,0.25,0.0,0.0,0.026262201368808746,-0.010733142495155334
1548,17,12,1.0,0.9911729693412781,0,0,0.0,0.25,0.0,0.0,0.0293378047645092,-0.010691337287425995
1549,17,13,1.0,0.9916102290153503,0,0,0.0,0.25,0.0,0.0,0.03132236748933792,-0.013786758296191692
1550,17,14,1.0,0.9881420731544495,0,0,0.0,0.25,0.0,0.0,0.03040868602693081,-0.011862805113196373
1551,17,15,1.0,0.9871991276741028,0,0,0.0,0.25,0.0,0.0,0.03026638738811016,-0.012720425613224506
1552,17,16,1.0,0.988523542881012,0,0,0.0,0.25,0.0,0.0,0.028701525181531906,-0.012581818737089634
1553,17,17,1.0,0.9895977973937988,0,0,0.0,0.25,0.0,0.0,0.026872392743825912,-0.013039578683674335
1554,17,18,1.0,0.9864363670349121,0,0,0.0,0.25,0.0,0.0,0.02423292025923729,-0.010175605304539204
1555,17,19,1.0,0.985538125038147,0,0,0.0,0.25,0.0,0.0,0.023361269384622574,-0.010208005085587502
1556,17,20,1.0,0.9832227230072021,0,0,0.0,0.25,0.0,0.0,0.02126682549715042,-0.010735753923654556
1557,17,21,1.0,0.9834989309310913,0,0,0.0,0.25,0.0,0.0,0.02146727219223976,-0.011616562493145466
1558,17,22,1.0,0.9874504804611206,0,0,0.0,0.25,0.0,0.0,0.019618811085820198,-0.01075662299990654
1559,17,23,1.0,0.9829305410385132,0,0,0.0,0.25,0.0,0.0,0.01697823777794838,-0.007483353838324547
1560,17,24,1.0,0.9823098182678223,0,0,0.0,0.25,0.0,0.0,0.015507854521274567,-0.009000260382890701
1561,17,25,1.0,0.9834915399551392,0,0,0.0,0.0,0.0,0.0,0.015437113121151924,-0.009176317602396011
1562,17,26,1.0,0.9795067310333252,0,0,0.0,0.0,0.0,0.0,0.008763265796005726,-0.011785718612372875
1563,17,27,1.0,0.9802448749542236,0,0,0.0,0.0,0.0,0.0,0.002092608716338873,-0.019342156127095222
1564,17,28,1.0,0.9800240397453308,0,0,0.0,0.0,0.0,0.0,-0.0018170239636674523,-0.029502829536795616
1565,17,29,1.0,0.980822741985321,0,0,0.0,0.0,0.0,0.0,-0.003116954118013382,-0.03235820308327675
1566,17,30,1.0,0.9831466674804688,0,0,0.0,0.0,0.0,0.0,-0.0035000410862267017,-0.027611440047621727
1567,17,31,1.0,0.9832621812820435,0,0,0.0,0.0,0.0,0.0,-0.003675874788314104,-0.027994051575660706
1568,17,32,1.0,0.9835193157196045,0,0,0.0,0.0,0.0,0.0,-0.0036585230845957994,-0.02936639077961445
1569,17,33,1.0,0.9835498332977295,0,0,0.0,0.0,0.0,0.0,-0.003692733822390437,-0.029445284977555275
1570,17,34,1.0,0.9823964834213257,0,0,0.0,0.25,0.0,0.0,-0.004920865874737501,-0.032521724700927734
1571,17,35,1.0,0.9728075861930847,0,0,0.0,0.0,0.0,0.0,0.012291770428419113,-0.022681644186377525
1572,17,36,1.0,0.9704911708831787,0,0,0.0,0.0,0.0,0.0,0.003285494865849614,-0.1276412159204483
1573,17,37,1.0,0.9802860021591187,0,0,0.0,0.0,0.0,0.0,-0.0018705908441916108,-0.1655406355857849
1574,17,38,1.0,0.9893956780433655,0,0,0.0,0.0,0.0,0.0,-0.00488336430862546,-0.2970921993255615
1575,17,39,1.0,0.9898159503936768,0,0,0.0,0.0,0.0,0.0,-0.005431266501545906,-0.29989054799079895
1576,17,40,1.0,0.9892265200614929,0,0,0.0,0.0,0.0,0.0,-0.00509680388495326,-0.31612923741340637
1577,17,41,1.0,0.9892858266830444,0,0,0.0,0.0,0.0,0.0,-0.005151326768100262,-0.31627780199050903
1578,17,42,1.0,0.9900318384170532,0,0,0.0,0.0,0.0,0.0,-0.005314421374350786,-0.31388407945632935
1579,17,43,1.0,0.9900538921356201,0,0,0.0,0.0,-0.5,0.0,-0.005321691278368235,-0.31389695405960083
1580,17,44,1.0,1.0226584672927856,0,0,0.0,0.0,-0.5,0.0,-0.0015495598781853914,-0.6013526916503906
1581,17,45,1.0,1.0099735260009766,0,0,0.0,0.0,-0.5,0.0,-0.0009507702779956162,-0.5933411717414856
1582,17,46,1.0,1.0079232454299927,0,0,0.0,0.0,-0.5,0.0,-0.002218954497948289,-0.5827168226242065
1583,17,47,1.0,1.0031328201293945,0,0,0.0,0.0,-0.5,0.0,-0.0014157998375594616,-0.5750929117202759
1584,17,48,1.0,0.9851428866386414,0,0,0.0,0.0,-0.5,0.0,0.0013063999358564615,-0.5543136596679688
1585,17,49,1.0,0.9180814623832703,0,0,0.0,0.0,-0.5,0.0,0.0030613639391958714,-0.49479997158050537
1586,17,50,1.0,0.871231198310852,0,0,0.0,0.0,-0.5,0.0,0.000789254205301404,-0.3259795010089874
1587,17,51,1.0,0.9740079641342163,0,0,0.0,0.0,-0.5,0.0,-0.002686198800802231,-0.16396348178386688
1588,17,52,1.0,1.087250828742981,0,0,0.0,0.0,-0.5,0.0,-0.00276203453540802,-0.0628453940153122
1589,17,53,1.0,1.092990517616272,0,0,0.0,0.0,-0.5,0.0,-0.0029342537745833397,-0.05825051665306091
1590,17,54,1.0,1.5244731903076172,0,1,0.0,0.0,-0.5,0.0,-0.0012567052617669106,-0.008718844503164291
1591,17,55,1.0,1.5248064994812012,0,1,0.0,0.0,0.0,0.0,-0.0012762884143739939,-0.008533728308975697
1592,17,56,1.0,1.588613510131836,0,1,0.0,0.0,0.0,0.0,-0.0009394022636115551,-0.004690250381827354
1593,17,57,1.0,1.5886907577514648,0,1,0.0,0.0,0.0,0.0,-0.0009444077149964869,-0.0047076004557311535
1594,17,58,1.0,1.5909154415130615,0,1,0.0,0.0,0.0,0.0,-0.0009668435668572783,-0.005459649488329887
1595,17,59,2.0,1.590976595878601,1,1,0.0,0.0,0.0,0.0,-0.0009695530170574784,-0.005491455551236868
1596,17,60,2.0,2.05018949508667,1,1,0.0,0.0,0.0,0.0,-0.0005388945573940873,0.0021313102915883064
1597,17,61,2.0,2.0608158111572266,1,1,0.0,0.0,0.0,0.0,-0.0013133217580616474,-0.005867073778063059
1598,17,62,2.0,2.08331561088562,1,1,0.0,0.0,0.0,0.0,-0.0008275477448478341,-0.012859984301030636
1599,17,63,2.0,2.0685038566589355,1,1,0.0,0.0,0.0,0.0,0.001391812227666378,-0.008927928283810616
1600,17,64,2.0,2.086237907409668,1,1,0.0,0.0,0.0,0.0,0.0011787443654611707,-0.018345719203352928
1601,17,65,2.0,2.117673397064209,1,1,0.0,0.0,0.0,0.0,0.00027899816632270813,-0.014412010088562965
1602,17,66,2.0,2.0814011096954346,1,1,0.0,0.0,0.0,0.0,-0.0009006410837173462,-0.0013537771301344037
1603,17,67,2.0,2.077742099761963,1,1,0.0,0.0,0.0,0.0,-0.0009134411229752004,1.7324869986623526e-05
1604,17,68,2.0,1.9106638431549072,1,1,0.0,0.0,0.0,0.0,-0.0008161906152963638,0.0222482793033123
1605,17,69,2.0,1.915177583694458,1,1,0.0,0.0,0.0,0.0,-0.0005743614165112376,0.014610250480473042
1606,17,70,2.0,1.4720793962478638,1,0,0.0,0.0,0.0,0.0,-0.0009642717777751386,-0.01226988434791565
1607,17,71,1.0,1.383461594581604,0,0,0.0,0.0,0.0,0.0,-0.001389252138324082,-0.006890216376632452
1608,17,72,1.0,1.0881158113479614,0,0,0.0,0.0,0.0,0.0,-0.0020707109943032265,-0.007309370674192905
1609,17,73,1.0,1.0552432537078857,0,0,0.0,0.0,0.0,0.0,-0.0017373742302879691,0.009446758776903152
1610,17,74,1.0,0.9632058143615723,0,0,0.0,0.0,0.0,0.0,-0.001503759645856917,0.09179080277681351
1611,17,75,1.0,0.9589364528656006,0,0,0.0,0.0,0.0,0.0,-0.001170511357486248,0.12744490802288055
1612,17,76,1.0,0.9650205969810486,0,0,0.0,0.0,0.0,0.0,-0.0014782299986109138,0.11021918803453445
1613,17,77,1.0,0.9651269912719727,0,0,0.0,0.0,0.0,0.0,-0.0016361054731532931,0.10216278582811356
1614,17,78,1.0,0.958909273147583,0,0,0.0,0.0,0.5,0.0,-0.0016163369873538613,0.15110068023204803
1615,17,79,1.0,0.9826549291610718,0,0,0.0,0.0,0.5,0.0,-0.0004094839678145945,0.529573380947113
1616,17,80,1.0,0.9861866235733032,0,0,0.0,0.0,0.5,0.0,3.876666596625e-05,0.5375635027885437
1617,17,81,1.0,0.9870976209640503,0,0,0.0,0.0,0.5,0.0,0.00023979948309715837,0.5545388460159302
1618,17,82,1.0,0.9885739684104919,0,0,0.0,0.0,0.5,0.0,-0.00017737010784912854,0.5620431303977966
1619,17,83,1.0,0.9902729392051697,0,0,0.0,0.0,0.5,0.0,0.00037928909296169877,0.5573803186416626
1620,17,84,1.0,0.9927204847335815,0,0,0.0,0.0,0.5,0.0,3.099924651905894e-05,0.558220624923706
1621,17,85,1.0,0.9918651580810547,0,0,0.0,0.0,0.5,0.0,-0.00040460482705384493,0.5563927888870239
1622,17,86,1.0,0.9926401376724243,0,0,0.0,0.0,0.5,0.0,-0.00032641226425766945,0.547160804271698
1623,17,87,1.0,0.9960678219795227,0,0,0.0,0.0,0.5,0.0,-0.0009928601793944836,0.5443636775016785
1624,17,88,1.0,0.9951504468917847,0,0,0.0,0.0,0.5,0.0,-0.0005149912904016674,0.5469039082527161
1625,18,0,1.0,0.9935170412063599,0,0,0.0,0.0,0.0,0.0,0.0081328758969903,-0.013681554235517979
1626,18,1,1.0,0.9933557510375977,0,0,0.0,0.0,0.0,0.0,0.005840987432748079,-0.01594274304807186
1627,18,2,1.0,0.9938363432884216,0,0,0.0,0.0,0.0,0.0,0.006474779918789864,-0.016083363443613052
1628,18,3,1.0,0.9938566088676453,0,0,0.0,0.0,0.0,0.0,0.007024000398814678,-0.015855595469474792
1629,18,4,1.0,0.9944330453872681,0,0,0.0,0.0,0.0,0.0,0.007860257290303707,-0.01603410206735134
1630,18,5,1.0,0.9944748878479004,0,0,0.0,0.0,0.0,0.0,0.007934484630823135,-0.015807079151272774
1631,18,6,1.0,0.994735062122345,0,0,0.0,0.0,0.0,0.0,0.008746734820306301,-0.016270505264401436
1632,18,7,1.0,0.9947475790977478,0,0,0.0,0.0,0.0,0.0,0.008755918592214584,-0.016195466741919518
1633,18,8,1.0,0.9948331117630005,0,0,0.0,0.0,0.0,0.0,0.008823602460324764,-0.01662522368133068
1634,18,9,1.0,0.9948391914367676,0,0,0.0,0.0,0.0,0.0,0.008824581280350685,-0.016604578122496605
1635,18,10,1.0,0.9948732852935791,0,0,0.0,0.0,0.0,0.0,0.008836631663143635,-0.016538403928279877
1636,18,11,1.0,0.9948749542236328,0,0,0.0,0.0,0.0,0.0,0.008836689405143261,-0.016533110290765762
1637,18,12,1.0,0.9948756694793701,0,0,0.0,0.0,0.0,0.0,0.00883666891604662,-0.01653052680194378
1638,18,13,1.0,0.9948761463165283,0,0,0.0,0.25,0.0,0.0,0.008836639113724232,-0.016529159620404243
1639,18,14,1.0,0.992557168006897,0,0,0.0,0.25,0.0,0.0,0.025821199640631676,-0.011836585588753223
1640,18,15,1.0,0.9923691749572754,0,0,0.0,0.25,0.0,0.0,0.029164928942918777,-0.009248609654605389
1641,18,16,1.0,0.9919992685317993,0,0,0.0,0.25,0.0,0.0,0.03099171631038189,-0.013346577063202858
1642,18,17,1.0,0.9897378087043762,0,0,0.0,0.25,0.0,0.0,0.031056078150868416,-0.014223908074200153
1643,18,18,1.0,0.9877879619598389,0,0,0.0,0.25,0.0,0.0,0.030975207686424255,-0.01527960691601038
1644,18,19,1.0,0.9870601892471313,0,0,0.0,0.25,0.0,0.0,0.029381828382611275,-0.01426889467984438
1645,18,20,1.0,0.991431474685669,0,0,0.0,0.25,0.0,0.0,0.027688264846801758,-0.014043408446013927
1646,18,21,1.0,0.9855691194534302,0,0,0.0,0.25,0.0,0.0,0.025753822177648544,-0.011122643016278744
1647,18,22,1.0,0.9854294061660767,0,0,0.0,0.25,0.0,0.0,0.023631297051906586,-0.011237169615924358
1648,18,23,1.0,0.9841130971908569,0,0,0.0,0.25,0.0,0.0,0.022496744990348816,-0.012912217527627945
1649,18,24,1.0,0.9857245683670044,0,0,0.0,0.25,0.0,0.0,0.021737663075327873,-0.01225889939814806
1650,18,25,1.0,0.9862542152404785,0,0,0.0,0.25,0.0,0.0,0.02045537903904915,-0.01063594687730074
1651,18,26,1.0,0.9841834902763367,0,0,0.0,0.25,0.0,0.0,0.01656283065676689,-0.00830775871872902
1652,18,27,1.0,0.982603907585144,0,0,0.0,0.25,0.0,0.0,0.01621013507246971,-0.00901802908629179
1653,18,28,1.0,0.9817522764205933,0,0,0.0,0.0,0.0,0.0,0.014864031225442886,-0.009724324569106102
1654,18,29,1.0,0.9798301458358765,0,0,0.0,0.0,0.0,0.0,0.008242342621088028,-0.011418634094297886
1655,18,30,1.0,0.9795470237731934,0,0,0.0,0.0,0.0,0.0,0.0014099860563874245,-0.02112172171473503
1656,18,31,1.0,0.9811543822288513,0,0,0.0,0.0,0.0,0.0,-0.0020472717005759478,-0.027302749454975128
1657,18,32,1.0,0.9814923405647278,0,0,0.0,0.0,0.0,0.0,-0.003414825303480029,-0.03173085302114487
1658,18,33,1.0,0.9818117022514343,0,0,0.0,0.0,0.0,0.0,-0.0038681835867464542,-0.032770052552223206
1659,18,34,1.0,0.9835370779037476,0,0,0.0,0.0,0.0,0.0,-0.0033770459704101086,-0.028178568929433823
1660,18,35,1.0,0.9836022853851318,0,0,0.0,0.0,0.0,0.0,-0.0034495480358600616,-0.028340360149741173
1661,18,36,1.0,0.9837371110916138,0,0,0.0,0.0,0.0,0.0,-0.0036389927845448256,-0.028774786740541458
1662,18,37,1.0,0.9837543964385986,0,0,0.0,0.25,0.0,0.0,-0.0036555700935423374,-0.028813110664486885
1663,18,38,1.0,0.9661857485771179,0,0,0.0,0.0,0.0,0.0,0.013072388246655464,-0.04452507942914963
1664,18,39,1.0,0.9685885906219482,0,0,0.0,0.0,0.0,0.0,0.003009652718901634,-0.09968192875385284
1665,18,40,1.0,0.9857520461082458,0,0,0.0,0.0,0.0,0.0,-0.0017637049313634634,-0.237432599067688
1666,18,41,1.0,0.9879125952720642,0,0,0.0,0.0,0.0,0.0,-0.0035319628659635782,-0.2509769797325134
1667,18,42,1.0,0.9911618232727051,0,0,0.0,0.0,0.0,0.0,-0.004957087803632021,-0.30032598972320557
1668,18,43,1.0,0.9913473725318909,0,0,0.0,0.0,0.0,0.0,-0.005108899902552366,-0.3009926676750183
1669,18,44,1.0,0.9906377196311951,0,0,0.0,0.0,0.0,0.0,-0.005112816579639912,-0.312395304441452
1670,18,45,1.0,0.9906948804855347,0,0,0.0,0.0,0.0,0.0,-0.005131787154823542,-0.31242817640304565
1671,18,46,1.0,0.9920079708099365,0,0,0.0,0.0,0.0,0.0,-0.005328720435500145,-0.32244673371315
1672,18,47,1.0,0.9920153617858887,0,0,0.0,0.0,-0.5,0.0,-0.005332259926944971,-0.32244616746902466
1673,18,48,1.0,1.023541808128357,0,0,0.0,0.0,-0.5,0.0,-0.0017042780527845025,-0.6037168502807617
1674,18,49,1.0,1.010956883430481,0,0,0.0,0.0,-0.5,0.0,-0.0009932490065693855,-0.5952867865562439
1675,18,50,1.0,1.0079491138458252,0,0,0.0,0.0,-0.5,0.0,-0.0022096610628068447,-0.5827343463897705
1676,18,51,1.0,1.0034620761871338,0,0,0.0,0.0,-0.5,0.0,-0.0014362591318786144,-0.5749741196632385
1677,18,52,1.0,0.9851429462432861,0,0,0.0,0.0,-0.5,0.0,0.0013068665284663439,-0.5543163418769836
1678,18,53,1.0,0.9180811643600464,0,0,0.0,0.0,-0.5,0.0,0.003061785129830241,-0.49480190873146057
1679,18,54,1.0,0.8712307214736938,0,0,0.0,0.0,-0.5,0.0,0.0007896057213656604,-0.3259807229042053
1680,18,55,1.0,0.9740077257156372,0,0,0.0,0.0,-0.5,0.0,-0.002686199266463518,-0.16396501660346985
1681,18,56,1.0,1.086382508277893,0,0,0.0,0.0,-0.5,0.0,-0.002773705404251814,-0.06306379288434982
1682,18,57,1.0,1.0921169519424438,0,0,0.0,0.0,-0.5,0.0,-0.00293909152969718,-0.05846330523490906
1683,18,58,1.0,1.524474024772644,0,1,0.0,0.0,0.0,0.0,-0.0012567242374643683,-0.008719389326870441
1684,18,59,1.0,1.5248067378997803,0,1,0.0,0.0,0.0,0.0,-0.0012763090198859572,-0.008534250780940056
1685,18,60,1.0,1.5886144638061523,0,1,0.0,0.0,0.0,0.0,-0.0009393917280249298,-0.004690814297646284
1686,18,61,1.0,1.5886915922164917,0,1,0.0,0.0,0.0,0.0,-0.0009444403112865984,-0.004708121996372938
1687,18,62,2.0,1.6401586532592773,1,1,0.0,0.0,0.0,0.0,-0.000500619353260845,-0.0010063610970973969
1688,18,63,2.0,2.044246196746826,1,1,0.0,0.0,0.0,0.0,-0.0009332121699117124,0.006060876417905092
1689,18,64,2.0,2.054288148880005,1,1,0.0,0.0,0.0,0.0,-0.001608393038623035,-0.003672775812447071
1690,18,65,2.0,2.0662012100219727,1,1,0.0,0.0,0.0,0.0,-0.001584283192642033,-0.009002875536680222
1691,18,66,2.0,2.0791590213775635,1,1,0.0,0.0,0.0,0.0,0.0008347590337507427,-0.011199070140719414
1692,18,67,2.0,2.0640249252319336,1,1,0.0,0.0,0.0,0.0,0.0001840583427110687,-0.013715719804167747
1693,18,68,2.0,2.080038547515869,1,1,0.0,0.0,0.0,0.0,-0.0007375222048722208,0.002640006598085165
1694,18,69,2.0,2.0897269248962402,1,1,0.0,0.0,0.0,0.0,-0.0009145491058006883,0.0033534979447722435
1695,18,70,2.0,2.058809518814087,1,1,0.0,0.0,0.0,0.0,-0.0007254501106217504,0.003304495010524988
1696,18,71,2.0,2.058222532272339,1,1,0.0,0.0,0.0,0.0,-0.0005951010389253497,0.0019761957228183746
1697,18,72,2.0,1.9103665351867676,1,1,0.0,0.0,0.0,0.0,-0.001111729652620852,0.016096411272883415
1698,18,73,2.0,1.89932382106781,1,1,0.0,0.0,0.0,0.0,-0.0006915678386576474,0.009571922942996025
1699,18,74,2.0,1.1279618740081787,1,0,0.0,0.0,0.0,0.0,-0.002313114469870925,-0.025131024420261383
1700,18,75,1.0,1.08738374710083,0,0,0.0,0.0,0.0,0.0,-0.002184140495955944,-0.012544764205813408
1701,18,76,1.0,0.9861621260643005,0,0,0.0,0.0,0.0,0.0,-0.0021701152436435223,0.04289712756872177
1702,18,77,1.0,0.9747706651687622,0,0,0.0,0.0,0.0,0.0,-0.0016658306121826172,0.07687880843877792
1703,18,78,1.0,0.9609856605529785,0,0,0.0,0.0,0.0,0.0,-0.001923670875839889,0.1095704436302185
1704,18,79,1.0,0.9592933654785156,0,0,0.0,0.0,0.5,0.0,-0.0018662292277440429,0.12690997123718262
1705,18,80,1.0,0.982797384262085,0,0,0.0,0.0,0.5,0.0,3.995891893282533e-05,0.5259740352630615
1706,18,81,1.0,0.9848774671554565,0,0,0.0,0.0,0.5,0.0,0.00015457656991202384,0.5380374789237976
1707,18,82,1.0,0.9890927076339722,0,0,0.0,0.0,0.5,0.0,-8.125658496282995e-05,0.5647755265235901
1708,18,83,1.0,0.9871876239776611,0,0,0.0,0.0,0.5,0.0,9.815706289373338e-05,0.5603542923927307
1709,18,84,1.0,0.9887593984603882,0,0,0.0,0.0,0.5,0.0,0.0005189941148273647,0.5584788918495178
1710,18,85,1.0,0.9935993552207947,0,0,0.0,0.0,0.5,0.0,-0.0002351616567466408,0.5579738616943359
1711,18,86,1.0,0.9951934814453125,0,0,0.0,0.0,0.5,0.0,-0.0001128673175117001,0.5552433133125305
1712,18,87,1.0,0.9923112988471985,0,0,0.0,0.0,0.5,0.0,-0.00027236429741606116,0.5522947907447815
1713,18,88,1.0,0.9940172433853149,0,0,0.0,0.0,0.5,0.0,-0.000520957401022315,0.5442590117454529
1714,18,89,1.0,0.9974735975265503,0,0,0.0,0.0,0.5,0.0,-0.0006065707420930266,0.5479522347450256
1715,19,0,1.0,0.9911645650863647,0,0,0.0,0.0,0.0,0.0,-0.008921215310692787,-0.01001290325075388
1716,19,1,1.0,0.9896154999732971,0,0,0.0,0.0,0.0,0.0,-0.010058543644845486,-0.014763797633349895
1717,19,2,1.0,0.9911571145057678,0,0,0.0,0.0,0.0,0.0,-0.009729709476232529,-0.013414060696959496
1718,19,3,1.0,0.9914315342903137,0,0,0.0,0.0,0.0,0.0,-0.009460081346333027,-0.012566285207867622
1719,19,4,1.0,0.9922260642051697,0,0,0.0,0.0,0.0,0.0,-0.010033559054136276,-0.011754042468965054
1720,19,5,1.0,0.9923269748687744,0,0,0.0,0.0,0.0,0.0,-0.009973249398171902,-0.011478054337203503
1721,19,6,1.0,0.9924037456512451,0,0,0.0,0.0,0.0,0.0,-0.009958336129784584,-0.010806788690388203
1722,19,7,1.0,0.992425799369812,0,0,0.0,0.0,0.0,0.0,-0.009946771897375584,-0.010728531517088413
1723,19,8,1.0,0.9927661418914795,0,0,0.0,0.0,0.0,0.0,-0.010102873668074608,-0.010374823585152626
1724,19,9,1.0,0.9927726984024048,0,0,0.0,0.0,0.0,0.0,-0.010100207291543484,-0.010354546830058098
1725,19,10,1.0,0.9928679466247559,0,0,0.0,0.0,0.0,0.0,-0.010059834457933903,-0.010609668679535389
1726,19,11,1.0,0.9928697347640991,0,0,0.0,0.0,0.0,0.0,-0.010059216991066933,-0.0106039522215724
1727,19,12,1.0,0.9930135011672974,0,0,0.0,-0.25,0.0,0.0,-0.009573939256370068,-0.011549491435289383
1728,19,13,1.0,0.9955094456672668,0,0,0.0,-0.25,0.0,0.0,-0.03861647844314575,-0.015845756977796555
1729,19,14,1.0,0.9935263991355896,0,0,0.0,-0.25,0.0,0.0,-0.042645134031772614,-0.01613624580204487
1730,19,15,1.0,0.9942241311073303,0,0,0.0,-0.25,0.0,0.0,-0.04446246102452278,-0.011104022152721882
1731,19,16,1.0,0.9921993613243103,0,0,0.0,-0.25,0.0,0.0,-0.04560461640357971,-0.013476171530783176
1732,19,17,1.0,0.9961391091346741,0,0,0.0,-0.25,0.0,0.0,-0.04813094809651375,-0.010856416076421738
1733,19,18,1.0,0.9909124374389648,0,0,0.0,-0.25,0.0,0.0,-0.04382968693971634,-0.014097899198532104
1734,19,19,1.0,0.9904152154922485,0,0,0.0,-0.25,0.0,0.0,-0.044640928506851196,-0.013509241864085197
1735,19,20,1.0,0.9904714226722717,0,0,0.0,-0.25,0.0,0.0,-0.03927554190158844,-0.010298408567905426
1736,19,21,1.0,0.9915609955787659,0,0,0.0,-0.25,0.0,0.0,-0.03985292837023735,-0.010235046967864037
1737,19,22,1.0,0.9910874366760254,0,0,0.0,-0.25,0.0,0.0,-0.034259431064128876,-0.012555456720292568
1738,19,23,1.0,0.990990936756134,0,0,0.0,-0.25,0.0,0.0,-0.03287248685956001,-0.011933503672480583
1739,19,24,1.0,0.9923530220985413,0,0,0.0,-0.25,0.0,0.0,-0.029115932062268257,-0.010657052509486675
1740,19,25,1.0,0.9917571544647217,0,0,0.0,-0.25,0.0,0.0,-0.027217134833335876,-0.010840621776878834
1741,19,26,1.0,0.9933347105979919,0,0,0.0,-0.25,0.0,0.0,-0.023994604125618935,-0.011176328174769878
1742,19,27,1.0,0.9932215213775635,0,0,0.0,-0.25,0.0,0.0,-0.022577088326215744,-0.01020781323313713
1743,19,28,1.0,0.9863638877868652,0,0,0.0,-0.25,0.0,0.0,-0.024852482602000237,-0.014536457136273384
1744,19,29,1.0,0.9829739928245544,0,0,0.0,-0.25,0.0,0.0,-0.02483513019979,-0.02578086592257023
1745,19,30,1.0,0.9933072328567505,0,0,0.0,0.0,0.0,0.0,-0.018750276416540146,-0.009826580062508583
1746,19,31,1.0,0.9927939772605896,0,0,0.0,0.0,0.0,0.0,-0.008438409306108952,-0.008120892569422722
1747,19,32,1.0,0.9932435750961304,0,0,0.0,0.0,0.0,0.0,-0.003421338275074959,-0.007115274667739868
1748,19,33,1.0,0.9933112263679504,0,0,0.0,0.0,0.0,0.0,-0.0012187325628474355,-0.007128451019525528
1749,19,34,1.0,0.9937236309051514,0,0,0.0,0.0,0.0,0.0,-0.000961553945671767,-0.006868161726742983
1750,19,35,1.0,0.9937030076980591,0,0,0.0,0.0,0.0,0.0,-0.0007063727243803442,-0.0068738339468836784
1751,19,36,1.0,0.9925779700279236,0,0,0.0,0.25,0.0,0.0,-0.0005361034418456256,-0.007154315710067749
1752,19,37,1.0,0.9945079684257507,0,0,0.0,0.0,0.0,0.0,0.010515931062400341,-0.005772625561803579
1753,19,38,1.0,0.9900543093681335,0,0,0.0,0.0,0.0,0.0,0.004603986628353596,-0.00857207365334034
1754,19,39,1.0,0.9889078140258789,0,0,0.0,0.0,0.0,0.0,0.0010630699107423425,-0.008324617519974709
1755,19,40,1.0,0.9884480237960815,0,0,0.0,0.0,0.0,0.0,-0.0006625657551921904,-0.009930919855833054
1756,19,41,1.0,0.9885395169258118,0,0,0.0,0.0,0.0,0.0,-0.0011631407542154193,-0.009589594788849354
1757,19,42,1.0,0.9926328659057617,0,0,0.0,0.25,0.0,0.0,-0.0013495248276740313,-0.00851587112993002
1758,19,43,1.0,0.9856763482093811,0,0,0.0,0.25,0.0,0.0,0.011493897065520287,-0.010511243715882301
1759,19,44,1.0,0.9527692794799805,0,0,0.0,0.0,0.0,0.0,0.015257734805345535,-0.2263527661561966
1760,19,45,1.0,0.9624871015548706,0,0,0.0,0.0,0.0,0.0,0.009990214370191097,-0.08139827102422714
1761,19,46,1.0,0.959658145904541,0,0,0.0,0.0,0.0,0.0,0.0035902434028685093,-0.12309865653514862
1762,19,47,1.0,0.9634566307067871,0,0,0.0,0.0,0.0,0.0,0.0014516677474603057,-0.10004357248544693
1763,19,48,1.0,0.9633356332778931,0,0,0.0,0.0,0.0,0.0,0.0008228347287513316,-0.1261918842792511
1764,19,49,1.0,0.9640112519264221,0,0,0.0,0.0,0.0,0.0,0.000570573378354311,-0.12423420697450638
1765,19,50,1.0,0.9625042676925659,0,0,0.0,0.0,0.0,0.0,0.0007862970815040171,-0.14201462268829346
1766,19,51,1.0,0.9626824259757996,0,0,0.0,0.0,0.0,0.0,0.0007480981876142323,-0.14137260615825653
1767,19,52,1.0,0.9645786285400391,0,0,0.0,0.0,0.0,0.0,0.0009014031384140253,-0.1579689383506775
1768,19,53,1.0,0.9646246433258057,0,0,0.0,0.0,-0.5,0.0,0.0008928329916670918,-0.1577700674533844
1769,19,54,1.0,1.021841049194336,0,0,0.0,0.0,-0.5,0.0,-0.0004910702118650079,-0.6035313606262207
1770,19,55,1.0,1.0230103731155396,0,0,0.0,0.0,-0.5,0.0,-0.0018583532655611634,-0.6039303541183472
1771,19,56,1.0,0.9919244647026062,0,0,0.0,0.0,-0.5,0.0,-0.001903022057376802,-0.5811680555343628
1772,19,57,1.0,0.9895504713058472,0,0,0.0,0.0,-0.5,0.0,-0.0007082258816808462,-0.5583622455596924
1773,19,58,1.0,0.9880901575088501,0,0,0.0,0.0,-0.5,0.0,-0.00042635033605620265,-0.5444656014442444
1774,19,59,1.0,0.9342883825302124,0,0,0.0,0.0,-0.5,0.0,0.0015370850451290607,-0.46841320395469666
1775,19,60,1.0,0.9701420068740845,0,0,0.0,0.0,-0.5,0.0,0.0007884924416430295,-0.24204033613204956
1776,19,61,1.0,1.00335693359375,0,0,0.0,0.0,-0.5,0.0,-0.0017489654710516334,-0.1448240429162979
1777,19,62,1.0,1.0533452033996582,0,0,0.0,0.0,-0.5,0.0,-0.0017952144844457507,-0.08685103803873062
1778,19,63,1.0,1.0613603591918945,0,0,0.0,0.0,-0.5,0.0,-0.0016088088741526008,-0.0816289559006691
1779,19,64,1.0,1.2890381813049316,0,0,0.0,0.0,0.0,0.0,-0.0010273985099047422,-0.03972052410244942
1780,19,65,1.0,1.2894986867904663,0,0,0.0,0.0,0.0,0.0,-0.0009996696608141065,-0.03929796442389488
1781,19,66,1.0,1.3083385229110718,0,0,0.0,0.0,0.0,0.0,-0.0010486823739483953,-0.0373435840010643
1782,19,67,1.0,1.3085403442382812,0,0,0.0,0.0,0.0,0.0,-0.0010386729845777154,-0.037230443209409714
1783,19,68,2.0,1.342441439628601,1,0,0.0,0.0,0.0,0.0,-0.0009698713547550142,-0.03503387048840523
1784,19,69,2.0,1.9001736640930176,1,1,0.0,0.0,0.0,0.0,-0.0013664182042703032,0.0029353820718824863
1785,19,70,2.0,1.9853980541229248,1,1,0.0,0.0,0.0,0.0,-0.0011870519956573844,-0.002198390197008848
1786,19,71,2.0,2.0075340270996094,1,1,0.0,0.0,0.0,0.0,-0.0013338365824893117,0.004370802082121372
1787,19,72,2.0,2.043447971343994,1,1,0.0,0.0,0.0,0.0,0.00022971925500314683,-0.004998690914362669
1788,19,73,2.0,2.0616416931152344,1,1,0.0,0.0,0.0,0.0,0.00048705656081438065,-0.009508686140179634
1789,19,74,2.0,2.0002002716064453,1,1,0.0,0.0,0.0,0.0,-0.0017181728035211563,-0.004806990269571543
1790,19,75,2.0,2.026426315307617,1,1,0.0,0.0,0.0,0.0,-0.0014739729231223464,-0.007911096327006817
1791,19,76,2.0,1.9992339611053467,1,1,0.0,0.0,0.0,0.0,-0.0011095512891188264,-0.005604663863778114
1792,19,77,2.0,1.9988462924957275,1,1,0.0,0.0,0.0,0.0,-0.0010019320761784911,-0.006477726623415947
1793,19,78,2.0,1.8314441442489624,1,1,0.0,0.0,0.0,0.0,-0.0007697476539760828,0.007731206715106964
1794,19,79,2.0,1.832648754119873,1,1,0.0,0.0,0.0,0.0,-0.0007121031521819532,0.007635444402694702
1795,19,80,2.0,1.5796117782592773,1,1,0.0,0.0,0.0,0.0,-0.000633153656963259,0.016912635415792465
1796,19,81,2.0,1.5824384689331055,1,1,0.0,0.0,0.0,0.0,-0.000606390880420804,0.017130691558122635
1797,19,82,2.0,1.2865955829620361,1,0,0.0,0.0,0.0,0.0,-0.0009595323354005814,0.014373274520039558
1798,19,83,2.0,1.2880313396453857,1,0,0.0,0.0,0.0,0.0,-0.00094212731346488,0.01456056535243988
1799,19,84,1.0,1.0192166566848755,0,0,0.0,0.0,0.0,0.0,-0.0011231648968532681,0.033806681632995605
1800,19,85,1.0,1.0196532011032104,0,0,0.0,0.0,0.0,0.0,-0.001127094030380249,0.033801738172769547
1801,19,86,1.0,1.0509300231933594,0,0,0.0,0.0,0.0,0.0,-0.001614480628632009,0.0250606220215559
1802,19,87,1.0,1.0513006448745728,0,0,0.0,0.0,0.0,0.0,-0.0016245385631918907,0.02517763338983059
1803,19,88,1.0,1.068084478378296,0,0,0.0,0.0,0.5,0.0,-0.0010024402290582657,0.029510419815778732
1804,19,89,1.0,1.1328508853912354,0,0,0.0,0.0,0.5,0.0,0.0015203807270154357,0.005396273918449879
1805,19,90,1.0,0.9869011640548706,0,0,0.0,0.0,0.5,0.0,-0.0015396687667816877,0.4640463590621948
1806,19,91,1.0,0.9841599464416504,0,0,0.0,0.0,0.5,0.0,-0.0008585299365222454,0.4747637212276459
1807,19,92,1.0,0.9872117042541504,0,0,0.0,0.0,0.5,0.0,-7.579266093671322e-05,0.5573908090591431
1808,19,93,1.0,0.9858793616294861,0,0,0.0,0.0,0.5,0.0,-0.0008759892079979181,0.5436986088752747
1809,19,94,1.0,0.9940505623817444,0,0,0.0,0.0,0.5,0.0,-0.0016059987246990204,0.5576812624931335
1810,19,95,1.0,0.9924027919769287,0,0,0.0,0.0,0.5,0.0,-0.0006989584653638303,0.5602023005485535
1811,19,96,1.0,0.9940599799156189,0,0,0.0,0.0,0.5,0.0,-0.00026301908656023443,0.5536285638809204
1812,19,97,1.0,0.9948199391365051,0,0,0.0,0.0,0.5,0.0,-0.0007056097383610904,0.5536547303199768
1813,19,98,1.0,0.9949628114700317,0,0,0.0,0.0,0.5,0.0,2.6461901143193245e-05,0.5391738414764404
