dataset_index,episode_index,frame_index,target_gripper,predicted_gripper,target_is_close,predicted_is_close,target_delta_x,target_delta_y,target_delta_z,predicted_delta_x,predicted_delta_y,predicted_delta_z
0,0,0,1.0,1.0089706182479858,0,0,0.0,0.0,0.0,-0.050762247294187546,-0.01125557254999876,-0.013980759307742119
1,0,1,1.0,1.0027754306793213,0,0,0.0,0.0,0.0,-0.07308688759803772,-0.009153971448540688,-0.021301109343767166
2,0,2,1.0,1.0012933015823364,0,0,0.0,0.0,0.0,-0.06982261687517166,-0.01184335257858038,-0.021773453801870346
3,0,3,1.0,1.0017662048339844,0,0,0.0,0.0,0.0,-0.06529954820871353,-0.012426923029124737,-0.02022593654692173
4,0,4,1.0,0.9985333681106567,0,0,0.0,0.0,0.0,-0.09527450054883957,-0.011661180295050144,-0.021251007914543152
5,0,5,1.0,0.9987636804580688,0,0,0.0,0.0,0.0,-0.09434961527585983,-0.011844148859381676,-0.02088797278702259
6,0,6,1.0,0.9899337291717529,0,0,0.0,0.0,0.0,-0.12340179085731506,-0.012452724389731884,-0.018495846539735794
7,0,7,1.0,0.9899755120277405,0,0,0.0,0.0,0.0,-0.12319785356521606,-0.012488379143178463,-0.018374532461166382
8,0,8,1.0,0.9916071891784668,0,0,0.0,0.0,0.0,-0.11564666032791138,-0.011644132435321808,-0.018804769963026047
9,0,9,1.0,0.9916172623634338,0,0,0.0,0.0,0.0,-0.11560708284378052,-0.011651737615466118,-0.01877782680094242
10,0,10,1.0,0.9943962097167969,0,0,0.0,0.0,0.0,-0.10718367993831635,-0.012115818448364735,-0.019336357712745667
11,0,11,1.0,0.9943987131118774,0,0,0.0,0.0,0.0,-0.10717533528804779,-0.012117699719965458,-0.019330007955431938
12,0,12,1.0,0.9942231774330139,0,0,0.0,0.0,0.0,-0.10690470784902573,-0.011956790462136269,-0.01984926499426365
13,0,13,1.0,0.9942238926887512,0,0,0.0,0.0,0.0,-0.10690274089574814,-0.01195729523897171,-0.019847575575113297
14,0,14,1.0,0.9942241907119751,0,0,0.0,0.0,0.0,-0.10690177232027054,-0.011957558803260326,-0.019846688956022263
15,0,15,1.0,0.9942243695259094,0,0,0.0,0.0,0.0,-0.10690126568078995,-0.011957686394453049,-0.019846346229314804
16,0,16,1.0,0.994224488735199,0,0,0.0,0.0,0.0,-0.10690107941627502,-0.011957787908613682,-0.019846133887767792
17,0,17,1.0,0.9942245483398438,0,0,0.0,0.0,0.0,-0.10690093785524368,-0.011957780458033085,-0.01984601654112339
18,0,18,1.0,0.9942245483398438,0,0,0.0,0.0,0.0,-0.1069008857011795,-0.011957808397710323,-0.019845958799123764
19,0,19,1.0,0.9942246675491333,0,0,0.0,0.0,0.0,-0.10690072923898697,-0.011957831680774689,-0.019845888018608093
20,0,20,1.0,0.9942246079444885,0,0,0.0,0.0,0.0,-0.10690080374479294,-0.011957825161516666,-0.019845904782414436
21,0,21,1.0,0.9942245483398438,0,0,0.0,0.0,0.0,-0.10690080374479294,-0.011957839131355286,-0.019845858216285706
22,0,22,1.0,0.9942245483398438,0,0,0.0,0.0,0.0,-0.10690078884363174,-0.011957813054323196,-0.01984589546918869
23,0,23,1.0,0.9942246079444885,0,0,0.0,0.0,0.0,-0.10690080374479294,-0.011957827024161816,-0.019845878705382347
24,0,24,1.0,0.9942245483398438,0,0,0.0,0.0,0.0,-0.10690078884363174,-0.011957821436226368,-0.019845882430672646
25,0,25,1.0,0.9942245483398438,0,0,0.0,0.0,0.0,-0.10690080374479294,-0.011957842856645584,-0.019845888018608093
26,0,26,1.0,0.9942246079444885,0,0,0.0,0.0,0.0,-0.10690080374479294,-0.011957810260355473,-0.019845908507704735
27,0,27,1.0,0.9942246675491333,0,0,-0.25,0.0,0.0,-0.10690078884363174,-0.011957835406064987,-0.019845865666866302
28,0,28,1.0,0.9520464539527893,0,0,-0.25,0.0,0.0,-0.26018980145454407,0.007308735512197018,-0.016509458422660828
29,0,29,1.0,0.9576557874679565,0,0,-0.25,0.0,0.0,-0.27277180552482605,0.010426925495266914,-0.023763928562402725
30,0,30,1.0,0.9711035490036011,0,0,-0.25,0.0,0.0,-0.27606719732284546,0.015886617824435234,-0.027038931846618652
31,0,31,1.0,0.9717826843261719,0,0,-0.25,0.0,0.0,-0.2809254229068756,0.011116301640868187,-0.02344357594847679
32,0,32,1.0,0.9694939255714417,0,0,-0.25,0.0,0.0,-0.28255924582481384,0.012783982791006565,-0.008348838426172733
33,0,33,1.0,0.9699063897132874,0,0,-0.25,0.0,0.0,-0.2751534581184387,0.01430132333189249,-0.00828667264431715
34,0,34,1.0,0.9838356971740723,0,0,-0.25,0.0,0.0,-0.2743956446647644,0.005070935934782028,-0.020196575671434402
35,0,35,1.0,0.974626362323761,0,0,-0.25,0.0,0.0,-0.2734309136867523,-0.012482107616961002,-0.008856680244207382
36,0,36,1.0,0.9737416505813599,0,0,-0.25,0.0,0.0,-0.24419951438903809,-0.04849007725715637,-0.012651318684220314
37,0,37,1.0,0.9725050926208496,0,0,-0.25,0.0,0.0,-0.23258769512176514,-0.0603264644742012,-0.00379902683198452
38,0,38,1.0,0.981639564037323,0,0,0.0,0.0,0.0,-0.14341221749782562,-0.17509177327156067,-0.010221019387245178
39,0,39,1.0,0.9822405576705933,0,0,0.0,0.0,0.0,-0.059008046984672546,-0.23596009612083435,-0.003981764893978834
40,0,40,1.0,0.9753406643867493,0,0,0.0,0.0,0.0,-0.016811830922961235,-0.26134467124938965,0.0032241493463516235
41,0,41,1.0,0.9770718216896057,0,0,0.0,0.0,0.0,-0.001911303261294961,-0.2617538869380951,0.0013094227761030197
42,0,42,1.0,0.9770900011062622,0,0,0.0,0.0,0.0,0.002884912770241499,-0.2639167904853821,0.001630912534892559
43,0,43,1.0,0.9773503541946411,0,0,0.0,-0.25,0.0,0.004818421322852373,-0.26368215680122375,0.0014747343957424164
44,0,44,1.0,0.969937801361084,0,0,0.0,-0.25,0.0,-0.00012642855290323496,-0.2726621627807617,-0.0006340742111206055
45,0,45,1.0,0.9682372808456421,0,0,0.0,-0.25,0.0,-0.003275301307439804,-0.2707234025001526,-0.0051635620184242725
46,0,46,1.0,0.9638540148735046,0,0,0.0,-0.25,0.0,-0.0032201167196035385,-0.2693994641304016,-0.007274270057678223
47,0,47,1.0,0.9673008322715759,0,0,0.0,-0.25,0.0,-0.003036067821085453,-0.2780719995498657,-0.009592206217348576
48,0,48,1.0,0.9658544659614563,0,0,0.0,-0.25,0.0,-0.006661158055067062,-0.2820929288864136,-0.0046331207267940044
49,0,49,1.0,0.9714375138282776,0,0,0.0,-0.25,0.0,-0.007217676378786564,-0.2827799320220947,-0.006557598244398832
50,0,50,1.0,0.9783948063850403,0,0,0.0,-0.25,0.0,-0.008921795524656773,-0.2734573483467102,-0.005654460750520229
51,0,51,1.0,0.9828273057937622,0,0,0.0,-0.25,0.0,-0.005382944829761982,-0.23767562210559845,-0.009818616323173046
52,0,52,1.0,0.9753497838973999,0,0,0.0,-0.25,0.0,-0.0031925770454108715,-0.18566732108592987,-0.013128355145454407
53,0,53,1.0,0.9749463200569153,0,0,0.0,0.0,0.0,0.001869066385552287,-0.11116200685501099,0.0003889473155140877
54,0,54,1.0,0.9843793511390686,0,0,0.0,0.0,0.0,-0.001177893951535225,-0.06714463979005814,0.007560058496892452
55,0,55,1.0,0.9840793013572693,0,0,0.0,0.0,0.0,-0.00024320825468748808,-0.04343128204345703,0.018206007778644562
56,0,56,1.0,0.9872751832008362,0,0,0.0,0.0,0.0,-0.0017054539639502764,-0.032759889960289,0.023259110748767853
57,0,57,1.0,0.987430214881897,0,0,0.0,0.0,0.0,-0.0022057238966226578,-0.030279140919446945,0.023518171161413193
58,0,58,1.0,0.9874720573425293,0,0,0.0,0.0,0.0,-0.002167515689507127,-0.024812407791614532,0.021683622151613235
59,0,59,1.0,0.9874849915504456,0,0,0.0,-0.25,0.0,-0.0022325459867715836,-0.02440420724451542,0.021716374903917313
60,0,60,1.0,0.9871194362640381,0,0,0.0,0.0,0.0,-0.0029521379619836807,-0.03225405514240265,0.007199193350970745
61,0,61,1.0,0.9868608117103577,0,0,0.0,0.0,0.0,-0.004192137159407139,-0.02228766679763794,0.005834055133163929
62,0,62,1.0,0.984076976776123,0,0,0.0,0.0,0.0,-0.0061836447566747665,-0.013941260986030102,-0.0038380143232643604
63,0,63,1.0,0.9837932586669922,0,0,0.0,0.0,0.0,-0.0059646982699632645,-0.01265307329595089,-0.002774979919195175
64,0,64,1.0,0.9845170378684998,0,0,0.0,0.0,0.0,-0.005540875252336264,-0.010696166194975376,-0.006425601430237293
65,0,65,1.0,0.9844686388969421,0,0,0.0,-0.25,0.0,-0.005572115071117878,-0.010439048521220684,-0.006433036178350449
66,0,66,1.0,0.9784663915634155,0,0,0.0,0.0,0.0,-0.01706923358142376,-0.017142387107014656,0.0009161848574876785
67,0,67,1.0,0.9761298298835754,0,0,0.0,0.0,0.0,-0.020007159560918808,-0.01028948649764061,0.0018287552520632744
68,0,68,1.0,0.9743874669075012,0,0,0.0,0.0,0.0,-0.02431325800716877,-0.0036275412421673536,-0.011800207197666168
69,0,69,1.0,0.9741300344467163,0,0,0.0,0.0,0.0,-0.02432894892990589,-0.002580139320343733,-0.012890046462416649
70,0,70,1.0,0.9750024676322937,0,0,0.0,0.0,0.0,-0.02497282065451145,-0.000699756434187293,-0.0144082922488451
71,0,71,1.0,0.9748960733413696,0,0,0.0,0.0,0.0,-0.0249905027449131,-0.00052594393491745,-0.014524988830089569
72,0,72,1.0,0.9767543077468872,0,0,-0.25,0.0,0.0,-0.024126920849084854,-0.0005840421654284,-0.01461784914135933
73,0,73,1.0,0.9860129952430725,0,0,-0.25,0.0,0.0,-0.03231098875403404,-0.005357574205845594,-0.002335741650313139
74,0,74,1.0,0.9909047484397888,0,0,0.0,0.0,0.0,-0.03263798728585243,-0.006831756792962551,-0.008201313205063343
75,0,75,1.0,0.9918214082717896,0,0,0.0,0.0,0.0,-0.024315299466252327,-0.004561721347272396,0.001921365037560463
76,0,76,1.0,0.9896952509880066,0,0,0.0,0.0,0.0,-0.015921713784337044,-0.0022545428946614265,0.011543272994458675
77,0,77,1.0,0.9897187948226929,0,0,0.0,0.0,0.0,-0.014628808945417404,-0.0019214630592614412,0.00797275360673666
78,0,78,1.0,0.9875233769416809,0,0,0.0,0.0,0.0,-0.012055881321430206,-0.0023066631983965635,0.009180896915495396
79,0,79,1.0,0.9874601364135742,0,0,0.0,0.0,0.0,-0.011918546631932259,-0.0022408626973628998,0.00916131492704153
80,0,80,1.0,0.9861392974853516,0,0,-0.25,0.0,0.0,-0.011935530230402946,-0.0019699009135365486,0.014455282129347324
81,0,81,1.0,0.9799783825874329,0,0,0.0,0.0,0.0,-0.011786356568336487,-0.0035449147690087557,-0.012469991110265255
82,0,82,1.0,0.9793282151222229,0,0,0.0,0.0,0.0,-0.006303505040705204,0.001427502604201436,-0.2594016492366791
83,0,83,1.0,0.9767910242080688,0,0,0.0,0.0,0.0,-0.004368324764072895,0.0010660990374162793,-0.19550171494483948
84,0,84,1.0,0.9717941284179688,0,0,0.0,0.0,0.0,-0.006171485874801874,-0.0008800998330116272,-0.41621124744415283
85,0,85,1.0,0.9717687368392944,0,0,0.0,0.0,0.0,-0.005922273267060518,-0.0007889110129326582,-0.41625696420669556
86,0,86,1.0,0.9767565727233887,0,0,0.0,0.0,0.0,-0.008526505902409554,-0.0038288531359285116,-0.5144744515419006
87,0,87,1.0,0.9767581224441528,0,0,0.0,0.0,0.0,-0.008495595306158066,-0.0038166253361850977,-0.5144592523574829
88,0,88,1.0,0.9854704737663269,0,0,0.0,0.0,-0.5,-0.008323799818754196,-0.00526743708178401,-0.5399964451789856
89,0,89,1.0,0.9897689819335938,0,0,0.0,0.0,-0.5,-0.009631268680095673,-0.00462164543569088,-0.5571085214614868
90,0,90,1.0,0.9886675477027893,0,0,0.0,0.0,-0.5,-0.008878207765519619,-0.0020210533402860165,-0.546585202217102
91,0,91,1.0,0.9933152198791504,0,0,0.0,0.0,-0.5,-0.010172724723815918,-0.001721058040857315,-0.5465340614318848
92,0,92,1.0,0.9886240363121033,0,0,0.0,0.0,-0.5,-0.009232034906744957,-0.0012636079918593168,-0.5439969897270203
93,0,93,1.0,0.9831405878067017,0,0,0.0,0.0,-0.5,-0.007924466393887997,-0.0024390879552811384,-0.552682638168335
94,0,94,1.0,0.9602110981941223,0,0,0.0,0.0,-0.5,-0.004379821475595236,-0.003603493794798851,-0.5499904155731201
95,0,95,1.0,0.9554259777069092,0,0,0.0,0.0,-0.5,-0.007537165656685829,-0.004609433468431234,-0.5502868890762329
96,0,96,1.0,0.9465109705924988,0,0,0.0,0.0,-0.5,-0.009619228541851044,-0.006114024203270674,-0.5600942373275757
97,0,97,1.0,0.9464255571365356,0,0,0.0,0.0,-0.5,-0.00911554042249918,-0.0064502437599003315,-0.5634814500808716
98,0,98,1.0,1.0403635501861572,0,0,0.0,0.0,-0.5,-0.009335089474916458,-0.004707479849457741,-0.5332138538360596
99,0,99,1.0,1.0383926630020142,0,0,0.0,0.0,-0.5,-0.009297274053096771,-0.00472539896145463,-0.5343239903450012
100,0,100,1.0,1.4623851776123047,0,0,0.0,0.0,0.0,-0.007564467843621969,-0.007149516139179468,-0.33702680468559265
101,0,101,1.0,1.4717175960540771,0,0,0.0,0.0,0.0,-0.007435200735926628,-0.007275859825313091,-0.332467257976532
102,0,102,1.0,1.739614486694336,0,1,0.0,0.0,0.0,-0.005142156966030598,-0.007550086360424757,-0.1889759749174118
103,0,103,2.0,1.742330551147461,1,1,0.0,0.0,0.0,-0.005135192070156336,-0.007576338946819305,-0.18750087916851044
104,0,104,2.0,2.0268921852111816,1,1,0.0,0.0,0.0,-0.003291495842859149,-0.0041567543521523476,-0.006458120420575142
105,0,105,2.0,2.036376953125,1,1,0.0,0.0,0.0,-0.004640413448214531,-0.0056185051798820496,-0.0013458523899316788
106,0,106,2.0,2.001307964324951,1,1,0.0,0.0,0.0,-0.009164182469248772,-0.007720899768173695,-0.010762054473161697
107,0,107,2.0,1.859316110610962,1,1,0.0,0.0,0.0,-0.004164932295680046,-0.004754125140607357,-0.16170260310173035
108,0,108,2.0,2.002117156982422,1,1,0.0,0.0,0.0,-0.0009510243544355035,-0.002421367447823286,-0.05892131105065346
109,0,109,2.0,1.9999144077301025,1,1,0.0,0.0,0.0,-0.0017211436061188579,-0.002888672286644578,-0.06755721569061279
110,0,110,2.0,2.0556983947753906,1,1,0.0,0.0,0.0,-0.002200603485107422,-0.0023878063075244427,-0.01078366581350565
111,0,111,2.0,2.055534839630127,1,1,0.0,0.0,0.0,-0.0008353590965270996,-0.00153533392585814,-0.029054779559373856
112,0,112,2.0,2.0818748474121094,1,1,0.0,0.0,0.0,-0.0013677410315722227,-0.002875142265111208,-0.03130499646067619
113,0,113,1.0,2.0864429473876953,0,1,0.0,0.0,0.0,-0.0016916365129873157,-0.003801443614065647,-0.027749113738536835
114,0,114,1.0,1.3447824716567993,0,0,0.0,0.0,0.0,-0.0003758225357159972,-0.0074797580018639565,0.3910782039165497
115,0,115,1.0,1.1877152919769287,0,0,0.0,0.0,0.0,0.0005759902996942401,-0.006095095071941614,0.46513766050338745
116,0,116,1.0,1.0278146266937256,0,0,0.0,0.0,0.0,0.0012957865837961435,-0.0061818440444767475,0.5259543061256409
117,0,117,1.0,1.037470817565918,0,0,0.0,0.0,0.5,-0.0004307222552597523,-0.006551922764629126,0.5209736227989197
118,0,118,1.0,1.4652721881866455,0,0,0.0,0.0,0.5,-0.0011225405614823103,-0.00825621746480465,0.35851627588272095
119,0,119,1.0,1.6642565727233887,0,1,0.0,0.0,0.5,-0.004176194779574871,-0.0067023467272520065,0.2625051736831665
120,0,120,1.0,0.9810923337936401,0,0,0.0,0.0,0.5,-0.001763059408403933,-0.003089369274675846,0.5424492955207825
121,0,121,1.0,0.9771465063095093,0,0,0.0,0.0,0.5,-0.0030458131805062294,-0.0013910653069615364,0.5440341234207153
122,0,122,1.0,0.9826234579086304,0,0,0.0,0.0,0.5,-0.0020804451778531075,-0.0037683206610381603,0.5420765280723572
123,0,123,1.0,0.9801177382469177,0,0,0.0,0.0,0.5,-0.0023427982814610004,-0.0034787317272275686,0.5450838208198547
124,0,124,1.0,0.9860655069351196,0,0,0.0,0.0,0.5,0.0003293583868071437,-0.0019413636764511466,0.5439218878746033
125,0,125,1.0,0.98152095079422,0,0,0.0,0.0,0.5,0.0016098304186016321,-0.004581071436405182,0.5436785817146301
126,0,126,1.0,0.9707249402999878,0,0,0.0,0.0,0.5,0.002614774741232395,-0.004937559366226196,0.5447221398353577
127,1,0,1.0,0.9784509539604187,0,0,0.0,0.0,0.0,0.17434430122375488,0.0034390087239444256,-0.00941806472837925
128,1,1,1.0,0.9791577458381653,0,0,0.0,0.0,0.0,0.16925498843193054,0.004060681443661451,-0.013996876776218414
129,1,2,1.0,0.975777268409729,0,0,0.0,0.0,0.0,0.17596092820167542,0.005241985432803631,-0.014842736534774303
130,1,3,1.0,0.9745622277259827,0,0,0.0,0.0,0.0,0.17857807874679565,0.0042392294853925705,-0.011757978238165379
131,1,4,1.0,0.9746206998825073,0,0,0.0,0.0,0.0,0.192967489361763,0.0037158168852329254,-0.011939875781536102
132,1,5,1.0,0.9745683670043945,0,0,0.0,0.0,0.0,0.1933361291885376,0.0035819844342768192,-0.011603170074522495
133,1,6,1.0,0.9774535298347473,0,0,0.0,0.0,0.0,0.20693469047546387,0.0018319827504456043,-0.00906913261860609
134,1,7,1.0,0.9774520993232727,0,0,0.0,0.0,0.0,0.20700900256633759,0.0018028330523520708,-0.008984129875898361
135,1,8,1.0,0.9776749014854431,0,0,0.0,0.0,0.0,0.21268102526664734,0.001276572933420539,-0.01111716777086258
136,1,9,1.0,0.9776739478111267,0,0,0.0,0.0,0.0,0.21269698441028595,0.0012694519245997071,-0.011094802990555763
137,1,10,1.0,0.9780886769294739,0,0,0.0,0.0,0.0,0.21047621965408325,0.001414912287145853,-0.00971681997179985
138,1,11,1.0,0.9780888557434082,0,0,0.0,0.0,0.0,0.21047981083393097,0.0014129644259810448,-0.0097111901268363
139,1,12,1.0,0.9783933162689209,0,0,0.0,0.0,0.0,0.2108423262834549,0.0013624468119814992,-0.009990704245865345
140,1,13,1.0,0.9783933758735657,0,0,0.0,0.0,0.0,0.21084322035312653,0.001361974747851491,-0.009989306330680847
141,1,14,1.0,0.9783933758735657,0,0,0.0,0.0,0.0,0.21084369719028473,0.0013617362128570676,-0.009988617151975632
142,1,15,1.0,0.9783933162689209,0,0,0.0,0.0,0.0,0.21084392070770264,0.0013616319047287107,-0.009988242760300636
143,1,16,1.0,0.9783933162689209,0,0,0.0,0.0,0.0,0.2108439803123474,0.0013615473872050643,-0.009988013654947281
144,1,17,1.0,0.9783933758735657,0,0,0.0,0.0,0.0,0.2108440399169922,0.001361512579023838,-0.009987901896238327
145,1,18,1.0,0.9843349456787109,0,0,0.25,0.0,0.0,0.23114925622940063,-0.005167263559997082,-0.003424829337745905
146,1,19,1.0,0.9734256267547607,0,0,0.25,0.0,0.0,0.25952690839767456,-0.010548681020736694,-0.016671618446707726
147,1,20,1.0,0.9716376066207886,0,0,0.25,0.0,0.0,0.2631736695766449,-0.012228397652506828,-0.026531588286161423
148,1,21,1.0,0.9701018929481506,0,0,0.25,0.0,0.0,0.2717247009277344,-0.01308432873338461,-0.030733294785022736
149,1,22,1.0,0.9757463335990906,0,0,0.25,0.0,0.0,0.2683042585849762,-0.021137114614248276,-0.042400047183036804
150,1,23,1.0,0.9768168926239014,0,0,0.25,0.0,0.0,0.2674598693847656,-0.021069806069135666,-0.04842385649681091
151,1,24,1.0,0.9697524309158325,0,0,0.25,0.0,0.0,0.26703423261642456,-0.016395732760429382,-0.043421775102615356
152,1,25,1.0,0.9729381799697876,0,0,0.25,0.0,0.0,0.26531654596328735,-0.014810904860496521,-0.042415548115968704
153,1,26,1.0,0.96346515417099,0,0,0.25,0.0,0.0,0.2432742863893509,0.004537713713943958,-0.03408510237932205
154,1,27,1.0,0.9575020670890808,0,0,0.0,0.0,0.0,0.20717206597328186,0.0444001704454422,-0.032050035893917084
155,1,28,1.0,0.9679372906684875,0,0,0.0,0.0,0.0,0.10018531233072281,0.14951422810554504,-0.025030970573425293
156,1,29,1.0,0.963733434677124,0,0,0.0,0.0,0.0,0.019366132095456123,0.1962023824453354,-0.024805396795272827
157,1,30,1.0,0.9748222827911377,0,0,0.0,0.0,0.0,0.00740818353369832,0.23018169403076172,-0.016615264117717743
158,1,31,1.0,0.9749895930290222,0,0,0.0,0.0,0.0,0.0015296351630240679,0.23111404478549957,-0.016591839492321014
159,1,32,1.0,0.9758167266845703,0,0,0.0,0.0,0.0,-0.0031233071349561214,0.23452576994895935,-0.010421164333820343
160,1,33,1.0,0.9757232666015625,0,0,0.0,0.25,0.0,-0.004041740670800209,0.23461255431175232,-0.010446764528751373
161,1,34,1.0,0.9767950773239136,0,0,0.0,0.25,0.0,0.006307679694145918,0.24477560818195343,-0.0060124751180410385
162,1,35,1.0,0.9672109484672546,0,0,0.0,0.25,0.0,-0.005730849225074053,0.27031564712524414,0.017006754875183105
163,1,36,1.0,0.9646615982055664,0,0,0.0,0.25,0.0,-0.006637601647526026,0.282682329416275,0.016199462115764618
164,1,37,1.0,0.9713297486305237,0,0,0.0,0.25,0.0,0.0040952665731310844,0.2836804986000061,0.0197143591940403
165,1,38,1.0,0.96980881690979,0,0,0.0,0.25,0.0,-0.004385331645607948,0.2783760130405426,0.013503228314220905
166,1,39,1.0,0.9836186766624451,0,0,0.0,0.25,0.0,0.0013206892181187868,0.27934587001800537,0.028484150767326355
167,1,40,1.0,0.9913159608840942,0,0,0.0,0.25,0.0,0.0019527191761881113,0.24431873857975006,0.028839003294706345
168,1,41,1.0,0.995845377445221,0,0,0.0,0.25,0.0,-0.0025367839261889458,0.2091495841741562,0.039915166795253754
169,1,42,1.0,0.9919297695159912,0,0,0.0,0.0,0.0,-0.002231767401099205,0.15804606676101685,0.025779016315937042
170,1,43,1.0,0.9865281581878662,0,0,0.0,0.0,0.0,-0.0009847290348261595,0.1063147485256195,0.03047962114214897
171,1,44,1.0,0.9851014614105225,0,0,0.0,0.0,0.0,-0.0038370771799236536,0.05117809772491455,0.01754409447312355
172,1,45,1.0,0.9851223826408386,0,0,0.0,0.0,0.0,-0.00367706804536283,0.030540339648723602,0.013643006794154644
173,1,46,1.0,0.9813855886459351,0,0,0.0,0.0,0.0,-0.0005358246271498501,0.022567585110664368,0.004528563469648361
174,1,47,1.0,0.9813148379325867,0,0,0.0,0.0,0.0,-0.0006147034582681954,0.020372208207845688,0.004419623874127865
175,1,48,1.0,0.9822975397109985,0,0,0.0,0.25,0.0,0.0025487737730145454,0.011778108775615692,0.00396254938095808
176,1,49,1.0,0.9801222681999207,0,0,0.0,0.0,0.0,0.0055774240754544735,0.047368600964546204,0.01697457954287529
177,1,50,1.0,0.9778611660003662,0,0,0.0,0.0,0.0,0.002333729062229395,0.020997866988182068,0.014287763275206089
178,1,51,1.0,0.9764863848686218,0,0,0.0,0.0,0.0,0.0028722905553877354,0.014951447024941444,0.01447198074311018
179,1,52,1.0,0.9949043989181519,0,0,0.0,0.0,0.0,0.0006785013247281313,0.004121969919651747,0.011449375189840794
180,1,53,1.0,0.9949948787689209,0,0,0.0,0.0,0.0,0.0006220121867954731,0.0031042592599987984,0.011429366655647755
181,1,54,1.0,0.9929147958755493,0,0,0.0,0.0,0.0,0.0019970042631030083,0.0032397860195487738,0.0029729679226875305
182,1,55,1.0,0.9929361343383789,0,0,0.0,0.25,0.0,0.0019730154890567064,0.0030921613797545433,0.0029744282364845276
183,1,56,1.0,0.9815524816513062,0,0,0.0,0.25,0.0,0.006790012586861849,0.01580451801419258,-0.006274132989346981
184,1,57,1.0,0.9787182211875916,0,0,0.0,0.0,0.0,0.004894342739135027,0.018496396020054817,-0.014983169734477997
185,1,58,1.0,0.9690900444984436,0,0,0.0,0.0,0.0,0.005713557358831167,0.008399775251746178,-0.01712178625166416
186,1,59,1.0,0.9681615829467773,0,0,0.0,0.0,0.0,0.00725277466699481,0.002465027617290616,-0.019513579085469246
187,1,60,1.0,0.9734466075897217,0,0,0.0,0.0,0.0,0.003939795773476362,-0.0006904987385496497,-0.002121620811522007
188,1,61,1.0,0.9743403196334839,0,0,0.0,0.0,0.0,0.00383934797719121,-0.0012356445658951998,-0.0034461673349142075
189,1,62,1.0,0.9776581525802612,0,0,0.0,0.0,0.0,0.005625628400593996,-0.0007643047720193863,-0.00879725068807602
190,1,63,1.0,0.9776913523674011,0,0,0.0,0.0,0.0,0.00561706256121397,-0.0008815620676614344,-0.008680921047925949
191,1,64,1.0,0.9789266586303711,0,0,0.0,0.0,0.0,0.0048949685879051685,-0.0007803529733791947,-0.009634927846491337
192,1,65,1.0,0.9789339303970337,0,0,0.25,0.0,0.0,0.004892841912806034,-0.0008039669482968748,-0.009605200961232185
193,1,66,1.0,0.9840141534805298,0,0,0.25,0.0,0.0,0.013346640393137932,-0.001881736214272678,-0.01530376449227333
194,1,67,1.0,0.9901567101478577,0,0,0.25,0.0,0.0,0.02087513916194439,-0.00083957175957039,-0.006520796101540327
195,1,68,1.0,0.9841288328170776,0,0,0.0,0.0,0.0,0.019876202568411827,-0.0017056316137313843,0.00781851727515459
196,1,69,1.0,0.9806245565414429,0,0,0.0,0.0,0.0,0.01202336698770523,-0.0007682715076953173,0.013074525631964207
197,1,70,1.0,0.9784955382347107,0,0,0.0,0.0,0.0,0.010945377871394157,-0.0004591849574353546,-0.051268626004457474
198,1,71,1.0,0.978799045085907,0,0,0.0,0.0,0.0,0.00922059454023838,-0.0008871493628248572,-0.054993852972984314
199,1,72,1.0,0.9780500531196594,0,0,0.0,0.0,0.0,0.0037332293577492237,-0.002401486737653613,-0.10295210778713226
200,1,73,1.0,0.9780759215354919,0,0,0.0,0.0,0.0,0.003405381925404072,-0.002441947115585208,-0.10331963002681732
201,1,74,1.0,0.9787025451660156,0,0,0.0,0.0,0.0,0.003351320046931505,-0.002279739361256361,-0.18258313834667206
202,1,75,1.0,0.9786930084228516,0,0,0.0,0.0,0.0,0.00329764885827899,-0.002288344781845808,-0.182730033993721
203,1,76,1.0,0.9782988429069519,0,0,0.25,0.0,0.0,-0.0021200506016612053,-0.0015604001237079501,-0.26993435621261597
204,1,77,1.0,0.9822554588317871,0,0,0.0,0.0,0.0,0.002371616894379258,-0.0028239935636520386,-0.45721444487571716
205,1,78,1.0,0.9932147264480591,0,0,0.0,0.0,0.0,-0.002806730568408966,-0.005303972866386175,-0.49531054496765137
206,1,79,1.0,0.9936652779579163,0,0,0.0,0.0,0.0,-0.0054244897328317165,-0.00544419651851058,-0.5023148059844971
207,1,80,1.0,0.9970062375068665,0,0,0.0,0.0,0.0,-0.008547975681722164,-0.00563043262809515,-0.530927836894989
208,1,81,1.0,0.9969307780265808,0,0,0.0,0.0,0.0,-0.009042075835168362,-0.005682160146534443,-0.531050980091095
209,1,82,1.0,1.0000333786010742,0,0,0.0,0.0,0.0,-0.010164622217416763,-0.005793221760541201,-0.5377697944641113
210,1,83,1.0,1.000022292137146,0,0,0.0,0.0,-0.5,-0.010238595306873322,-0.005798923317342997,-0.5377935171127319
211,1,84,1.0,0.9995012283325195,0,0,0.0,0.0,-0.5,-0.012081203982234001,-0.003873327514156699,-0.5459461808204651
212,1,85,1.0,0.9983170032501221,0,0,0.0,0.0,-0.5,-0.011458411812782288,-0.000676848809234798,-0.5405142903327942
213,1,86,1.0,0.9851031303405762,0,0,0.0,0.0,-0.5,-0.007592613808810711,-0.0009734313352964818,-0.5407399535179138
214,1,87,1.0,0.9776104092597961,0,0,0.0,0.0,-0.5,-0.006587316282093525,-0.001813882146961987,-0.5468056201934814
215,1,88,1.0,0.9653069972991943,0,0,0.0,0.0,-0.5,-0.004985561594367027,-0.0026691984385252,-0.5459070801734924
216,1,89,1.0,0.9489696025848389,0,0,0.0,0.0,-0.5,-0.008254386484622955,-0.00416046567261219,-0.5523043274879456
217,1,90,1.0,0.9434099197387695,0,0,0.0,0.0,-0.5,-0.006435832008719444,-0.004649397451430559,-0.5599972605705261
218,1,91,1.0,0.9460974931716919,0,0,0.0,0.0,-0.5,-0.009431213140487671,-0.005017068702727556,-0.5612632632255554
219,1,92,1.0,0.9841896891593933,0,0,0.0,0.0,-0.5,-0.006385041866451502,-0.00398201122879982,-0.5453362464904785
220,1,93,1.0,0.9996367692947388,0,0,0.0,0.0,-0.5,-0.006644411478191614,-0.00379080418497324,-0.5394790768623352
221,1,94,1.0,1.6620368957519531,0,1,0.0,0.0,0.0,-0.0032615400850772858,-0.005032526794821024,-0.23845025897026062
222,1,95,1.0,1.6656763553619385,0,1,0.0,0.0,0.0,-0.0033116242848336697,-0.005104732699692249,-0.23638445138931274
223,1,96,1.0,1.9814889430999756,0,1,0.0,0.0,0.0,-0.003092138096690178,-0.005792285315692425,-0.046938471496105194
224,1,97,2.0,1.9818332195281982,1,1,0.0,0.0,0.0,-0.0030938684940338135,-0.005804145708680153,-0.04656199365854263
225,1,98,2.0,2.037029266357422,1,1,0.0,0.0,0.0,-0.003079840913414955,-0.004595334641635418,0.003701305016875267
226,1,99,2.0,1.9008290767669678,1,1,0.0,0.0,0.0,-0.005630191415548325,-0.003727911738678813,-0.09220774471759796
227,1,100,2.0,1.9053024053573608,1,1,0.0,0.0,0.0,-0.0037630260922014713,-0.004746442660689354,-0.10220906138420105
228,1,101,2.0,1.9286515712738037,1,1,0.0,0.0,0.0,-0.004140930715948343,-0.0046230703592300415,-0.08665978908538818
229,1,102,2.0,1.9473507404327393,1,1,0.0,0.0,0.0,-0.0038178605027496815,-0.004722463898360729,-0.07911155372858047
230,1,103,2.0,1.9532946348190308,1,1,0.0,0.0,0.0,-0.0034199790097773075,-0.004131389781832695,-0.07563666999340057
231,1,104,2.0,1.9862313270568848,1,1,0.0,0.0,0.0,-0.006273909937590361,-0.004014469683170319,-0.07322341948747635
232,1,105,2.0,2.0012435913085938,1,1,0.0,0.0,0.0,-0.005410998128354549,-0.0034690878819674253,-0.0697799026966095
233,1,106,1.0,2.0230493545532227,0,1,0.0,0.0,0.0,-0.0047515323385596275,-0.002596237463876605,-0.042214278131723404
234,1,107,1.0,1.6564208269119263,0,1,0.0,0.0,0.0,-0.002623283304274082,-0.008589415811002254,0.20649051666259766
235,1,108,1.0,1.2090445756912231,0,0,0.0,0.0,0.0,-0.000591214862652123,-0.006244519725441933,0.43532082438468933
236,1,109,1.0,1.156274676322937,0,0,0.0,0.0,0.5,-0.00019836274441331625,-0.005919856484979391,0.4622702896595001
237,1,110,1.0,1.0518627166748047,0,0,0.0,0.0,0.5,-0.0013459097826853395,-0.0013677231036126614,0.5258290767669678
238,1,111,1.0,1.1417638063430786,0,0,0.0,0.0,0.5,-0.0028227081056684256,-0.00561113003641367,0.4905560612678528
239,1,112,1.0,0.9835509657859802,0,0,0.0,0.0,0.5,-0.0019972536247223616,-0.0036218236200511456,0.5405122637748718
240,1,113,1.0,0.9984301328659058,0,0,0.0,0.0,0.5,-0.0002313160803169012,-0.00446029519662261,0.5401060581207275
241,1,114,1.0,0.9923769235610962,0,0,0.0,0.0,0.5,-0.001238171593286097,-0.002270810306072235,0.5482001900672913
242,1,115,1.0,0.9873955249786377,0,0,0.0,0.0,0.5,-0.0005625354242511094,-0.0023713635746389627,0.5516591668128967
243,1,116,1.0,0.9829719662666321,0,0,0.0,0.0,0.5,0.0007905373349785805,-0.00208711507730186,0.5532431602478027
244,1,117,1.0,0.9969179034233093,0,0,0.0,0.0,0.5,0.0011322316713631153,-0.0024954350665211678,0.5472261905670166
245,1,118,1.0,0.9741933345794678,0,0,0.0,0.0,0.5,0.002925014588981867,-0.00032530236057937145,0.5408077836036682
246,2,0,1.0,1.0133863687515259,0,0,0.0,0.0,0.0,-0.05837845057249069,0.005471761804074049,-0.014459030702710152
247,2,1,1.0,1.0093262195587158,0,0,0.0,0.0,0.0,-0.09190122038125992,0.00593579700216651,-0.02197653241455555
248,2,2,1.0,1.00274658203125,0,0,0.0,0.0,0.0,-0.09955502301454544,0.00789648573845625,-0.018009532243013382
249,2,3,1.0,1.0027904510498047,0,0,0.0,0.0,0.0,-0.09283965080976486,0.007419724017381668,-0.016712147742509842
250,2,4,1.0,0.9901944398880005,0,0,0.0,0.0,0.0,-0.15061287581920624,0.002545375609770417,-0.01951199769973755
251,2,5,1.0,0.9903438091278076,0,0,0.0,0.0,0.0,-0.14937876164913177,0.002413630485534668,-0.019197721034288406
252,2,6,1.0,0.9781471490859985,0,0,0.0,0.0,0.0,-0.194548100233078,0.0019494041334837675,-0.014202821999788284
253,2,7,1.0,0.9781909584999084,0,0,0.0,0.0,0.0,-0.19436372816562653,0.0019273506477475166,-0.014108611270785332
254,2,8,1.0,0.9754960536956787,0,0,0.0,0.0,0.0,-0.19420994818210602,-0.000471392588224262,-0.012686598114669323
255,2,9,1.0,0.9755052328109741,0,0,0.0,0.0,0.0,-0.19417037069797516,-0.0004773557302542031,-0.012661224231123924
256,2,10,1.0,0.9779074788093567,0,0,-0.25,0.0,0.0,-0.2074424922466278,-0.0020980408880859613,-0.014692265540361404
257,2,11,1.0,0.9834587574005127,0,0,-0.25,0.0,0.0,-0.2589881718158722,-0.013496258296072483,-0.013631829991936684
258,2,12,1.0,0.9843379259109497,0,0,-0.25,0.0,0.0,-0.2791435420513153,-0.018602613359689713,-0.0007948670536279678
259,2,13,1.0,0.9834539294242859,0,0,-0.25,0.0,0.0,-0.27844420075416565,-0.021287094801664352,-0.0006720311939716339
260,2,14,1.0,0.9827825427055359,0,0,-0.25,0.0,0.0,-0.2837011218070984,-0.02389742061495781,-0.009050578810274601
261,2,15,1.0,0.9762584567070007,0,0,-0.25,0.0,0.0,-0.2799155116081238,-0.025813007727265358,-0.011310521513223648
262,2,16,1.0,0.9885878562927246,0,0,-0.25,0.0,0.0,-0.28318288922309875,-0.019798478111624718,-0.013236913830041885
263,2,17,1.0,0.9845079183578491,0,0,-0.25,0.0,0.0,-0.2797033488750458,-0.021668262779712677,-0.011804770678281784
264,2,18,1.0,0.9745362401008606,0,0,-0.25,0.0,0.0,-0.25403130054473877,0.015387816354632378,-0.006629981100559235
265,2,19,1.0,0.9707034826278687,0,0,-0.25,0.0,0.0,-0.21080411970615387,0.04930305480957031,-0.0073958467692136765
266,2,20,1.0,0.9741653800010681,0,0,0.0,0.0,0.0,-0.13860496878623962,0.13467492163181305,0.008720108307898045
267,2,21,1.0,0.9548517465591431,0,0,0.0,0.0,0.0,-0.023217054083943367,0.20918095111846924,-0.0017869798466563225
268,2,22,1.0,0.9694143533706665,0,0,0.0,0.0,0.0,-0.008598396554589272,0.24686969816684723,0.0006689932197332382
269,2,23,1.0,0.9713307023048401,0,0,0.0,0.0,0.0,0.00025960500352084637,0.2480906844139099,0.002410457469522953
270,2,24,1.0,0.9705997705459595,0,0,0.0,0.0,0.0,0.0021661091595888138,0.2503195106983185,8.127093315124512e-05
271,2,25,1.0,0.9705817699432373,0,0,0.0,0.0,0.0,0.0036894790828227997,0.2504403591156006,0.0001250552013516426
272,2,26,1.0,0.9677304625511169,0,0,0.0,0.25,0.0,-0.003304323647171259,0.26150017976760864,0.005379615351557732
273,2,27,1.0,0.9633987545967102,0,0,0.0,0.25,0.0,0.0020820782519876957,0.26959994435310364,0.018957361578941345
274,2,28,1.0,0.9638123512268066,0,0,0.0,0.25,0.0,-0.002776180859655142,0.27782732248306274,0.018711429089307785
275,2,29,1.0,0.9703724384307861,0,0,0.0,0.25,0.0,-2.1242070943117142e-05,0.27966248989105225,0.027650516480207443
276,2,30,1.0,0.9809414148330688,0,0,0.0,0.25,0.0,-0.0013938110787421465,0.2752222716808319,0.02931543067097664
277,2,31,1.0,0.9738687872886658,0,0,0.0,0.25,0.0,-0.00017786852549761534,0.2812933921813965,0.03845241665840149
278,2,32,1.0,0.9787784218788147,0,0,0.0,0.25,0.0,0.0039163012988865376,0.2794630229473114,0.025649171322584152
279,2,33,1.0,0.9900615215301514,0,0,0.0,0.25,0.0,0.004185708239674568,0.26742348074913025,0.025706570595502853
280,2,34,1.0,0.9918632507324219,0,0,0.0,0.25,0.0,9.683321695774794e-05,0.22637322545051575,0.02448774129152298
281,2,35,1.0,0.9945488572120667,0,0,0.0,0.0,0.0,0.0025970013812184334,0.2080707848072052,0.027867835015058517
282,2,36,1.0,0.988657534122467,0,0,0.0,0.0,0.0,0.006968929897993803,0.14148028194904327,0.019054852426052094
283,2,37,1.0,0.9833321571350098,0,0,0.0,0.0,0.0,0.0060400706715881824,0.10251874476671219,0.013873829506337643
284,2,38,1.0,0.982569694519043,0,0,0.0,0.0,0.0,0.0019530479330569506,0.06356411427259445,0.00377550907433033
285,2,39,1.0,0.9830728769302368,0,0,0.0,0.0,0.0,0.0015453249216079712,0.05629146844148636,0.002895432524383068
286,2,40,1.0,0.9712870121002197,0,0,0.0,0.0,0.0,0.003178485669195652,0.040028877556324005,0.017889048904180527
287,2,41,1.0,0.9711624383926392,0,0,0.0,0.25,0.0,0.0030953469686210155,0.038991935551166534,0.01782923936843872
288,2,42,1.0,0.96961510181427,0,0,0.0,0.0,0.0,0.006614453624933958,0.06973973661661148,0.023512739688158035
289,2,43,1.0,0.9745634198188782,0,0,0.0,0.0,0.0,0.004284062422811985,0.041725367307662964,0.021618109196424484
290,2,44,1.0,0.9839912056922913,0,0,0.0,0.0,0.0,0.004159613978117704,0.025092588737607002,0.0175306499004364
291,2,45,1.0,0.9845172762870789,0,0,0.0,0.0,0.0,0.003510874230414629,0.02067304216325283,0.01636720821261406
292,2,46,1.0,0.990633487701416,0,0,0.0,0.0,0.0,0.00264535890892148,0.014819095842540264,0.015331231988966465
293,2,47,1.0,0.9907035231590271,0,0,0.0,0.0,0.0,0.0025920667685568333,0.014246556907892227,0.01523901242762804
294,2,48,1.0,0.990257203578949,0,0,0.0,0.25,0.0,0.002586896065622568,0.015469856560230255,0.017978381365537643
295,2,49,1.0,0.9939565062522888,0,0,0.0,0.25,0.0,0.000260879285633564,0.030502473935484886,0.013071334920823574
296,2,50,1.0,0.9958657622337341,0,0,0.0,0.0,0.0,-0.0018259211210533977,0.022683437913656235,0.0009766807779669762
297,2,51,1.0,0.9706717133522034,0,0,0.0,0.0,0.0,-0.008113794960081577,0.009180906228721142,-0.009041019715368748
298,2,52,1.0,0.969454824924469,0,0,0.0,0.0,0.0,-0.014893023297190666,0.0006839133566245437,-0.007008087355643511
299,2,53,1.0,0.969361424446106,0,0,0.0,0.0,0.0,-0.01510719582438469,-0.0016457855235785246,-0.0030191256664693356
300,2,54,1.0,0.9740073680877686,0,0,0.0,0.0,0.0,-0.02497635968029499,-0.00398513488471508,-0.015987839549779892
301,2,55,1.0,0.9740185737609863,0,0,-0.25,0.0,0.0,-0.025037486106157303,-0.0042358217760920525,-0.015798432752490044
302,2,56,1.0,0.979244589805603,0,0,0.0,0.0,0.0,-0.03433370217680931,-0.0037401672452688217,-0.020393576472997665
303,2,57,1.0,0.9825364351272583,0,0,0.0,0.0,0.0,-0.031228315085172653,-0.0037335308734327555,-0.01073309127241373
304,2,58,1.0,0.9855892658233643,0,0,0.0,0.0,0.0,-0.028426168486475945,-0.004760195966809988,-0.018364863470196724
305,2,59,1.0,0.9858678579330444,0,0,0.0,0.0,0.0,-0.027592798694968224,-0.004820709582418203,-0.018074849620461464
306,2,60,1.0,0.9915080070495605,0,0,-0.25,0.0,0.0,-0.024659428745508194,-0.0034550530835986137,-0.009630120359361172
307,2,61,1.0,0.9904849529266357,0,0,-0.25,0.0,0.0,-0.03402001038193703,-0.0034920990001410246,-0.016814742237329483
308,2,62,1.0,0.9926410913467407,0,0,0.0,0.0,0.0,-0.02999885194003582,-0.003687157528474927,0.003608682192862034
309,2,63,1.0,0.993674099445343,0,0,0.0,0.0,0.0,-0.022925106808543205,-0.004330096300691366,0.0033697104081511497
310,2,64,1.0,0.9917157888412476,0,0,0.0,0.0,0.0,-0.01514500007033348,-0.0029405253008008003,0.021124616265296936
311,2,65,1.0,0.9909039735794067,0,0,0.0,0.0,0.0,-0.013542529195547104,-0.0031811471562832594,0.02211437001824379
312,2,66,1.0,0.9878199696540833,0,0,0.0,0.0,0.0,-0.008647466078400612,-0.004809287376701832,0.011644496582448483
313,2,67,1.0,0.9877752661705017,0,0,-0.25,0.0,0.0,-0.008465738967061043,-0.004822323098778725,0.011541777290403843
314,2,68,1.0,0.9870669841766357,0,0,0.0,0.0,0.0,-0.015312859788537025,-0.004363625310361385,0.017560459673404694
315,2,69,1.0,0.9769031405448914,0,0,0.0,0.0,0.0,-0.009262148290872574,-0.003950406797230244,-0.013921883888542652
316,2,70,1.0,0.9716514945030212,0,0,0.0,0.0,0.0,-0.0033759267535060644,-0.0016487602842971683,-0.2966736853122711
317,2,71,1.0,0.9678777456283569,0,0,0.0,0.0,0.0,-0.0031865655910223722,-0.0027187978848814964,-0.37147894501686096
318,2,72,1.0,0.9688993692398071,0,0,0.0,0.0,0.0,-0.005933173932135105,-0.004541239235550165,-0.4648108184337616
319,2,73,1.0,0.9689509868621826,0,0,0.0,0.0,0.0,-0.005819341633468866,-0.004551899619400501,-0.46495339274406433
320,2,74,1.0,0.9740248322486877,0,0,0.0,0.0,0.0,-0.00846665259450674,-0.00508542824536562,-0.5171128511428833
321,2,75,1.0,0.9740437269210815,0,0,0.0,0.0,-0.5,-0.008451784960925579,-0.005083703901618719,-0.5171246528625488
322,2,76,1.0,0.9897029995918274,0,0,0.0,0.0,-0.5,-0.008339024148881435,-0.0036378332879394293,-0.5508236289024353
323,2,77,1.0,0.9998815655708313,0,0,0.0,0.0,-0.5,-0.008353454992175102,-0.0025816529523581266,-0.5464827418327332
324,2,78,1.0,0.9989005923271179,0,0,0.0,0.0,-0.5,-0.009843163192272186,-0.0013979210052639246,-0.5421701669692993
325,2,79,1.0,1.003187894821167,0,0,0.0,0.0,-0.5,-0.010960901156067848,-0.0014955999795347452,-0.5398566722869873
326,2,80,1.0,0.9901535511016846,0,0,0.0,0.0,-0.5,-0.0057662795297801495,0.00034169742139056325,-0.5469362139701843
327,2,81,1.0,0.977198600769043,0,0,0.0,0.0,-0.5,-0.008078115992248058,-0.0010749422945082188,-0.5494860410690308
328,2,82,1.0,0.9458428025245667,0,0,0.0,0.0,-0.5,-0.00888112559914589,-0.0014838060596957803,-0.5511415004730225
329,2,83,1.0,0.9444360136985779,0,0,0.0,0.0,-0.5,-0.009840482845902443,-0.003263171063736081,-0.5540887713432312
330,2,84,1.0,0.9530209898948669,0,0,0.0,0.0,-0.5,-0.008372418582439423,-0.0025418498553335667,-0.555858850479126
331,2,85,1.0,0.966858446598053,0,0,0.0,0.0,-0.5,-0.009721266105771065,-0.0033951709046959877,-0.5549085736274719
332,2,86,1.0,1.6263803243637085,0,1,0.0,0.0,0.0,-0.004826602526009083,-0.007082744501531124,-0.2555611729621887
333,2,87,1.0,1.6435585021972656,0,1,0.0,0.0,0.0,-0.005313073750585318,-0.007255965378135443,-0.24610328674316406
334,2,88,1.0,1.9639402627944946,0,1,0.0,0.0,0.0,-0.0057929023168981075,-0.006687885150313377,-0.05245666950941086
335,2,89,1.0,1.9654580354690552,0,1,0.0,0.0,0.0,-0.005909827072173357,-0.006738177966326475,-0.05097257345914841
336,2,90,2.0,1.9300504922866821,1,1,0.0,0.0,0.0,-0.00571653014048934,-0.005450899247080088,-0.07638118416070938
337,2,91,2.0,2.0103073120117188,1,1,0.0,0.0,0.0,-0.003379978472366929,-0.005646648816764355,-0.006412741262465715
338,2,92,2.0,2.0406482219696045,1,1,0.0,0.0,0.0,-0.0031295251101255417,-0.004580014385282993,0.0031374162063002586
339,2,93,2.0,2.017036199569702,1,1,0.0,0.0,0.0,-0.005467942915856838,-0.004288367927074432,-0.025363363325595856
340,2,94,2.0,1.9962191581726074,1,1,0.0,0.0,0.0,0.0021410309709608555,-0.006669458467513323,-0.05078725889325142
341,2,95,2.0,1.9792187213897705,1,1,0.0,0.0,0.0,0.00045981828588992357,-0.0055770729668438435,-0.06109108775854111
342,2,96,2.0,2.0137624740600586,1,1,0.0,0.0,0.0,0.001349427504464984,-0.007130688522011042,-0.03762764111161232
343,2,97,2.0,2.0264289379119873,1,1,0.0,0.0,0.0,0.0010899323970079422,-0.007757510524243116,-0.03952544555068016
344,2,98,1.0,2.054196834564209,0,1,0.0,0.0,0.0,-0.004255736246705055,-0.0050125750713050365,-0.05795420706272125
345,2,99,1.0,2.012338399887085,0,1,0.0,0.0,0.0,-0.0062107485719025135,-0.005373199470341206,-0.004653382580727339
346,2,100,1.0,1.9229180812835693,0,1,0.0,0.0,0.0,-0.00275971507653594,-0.0063817924819886684,0.08047236502170563
347,2,101,1.0,1.4259341955184937,0,0,0.0,0.0,0.0,-0.0011321366764605045,-0.007427736185491085,0.34939950704574585
348,2,102,1.0,1.2900207042694092,0,0,0.0,0.0,0.0,-0.0007675641099922359,-0.0048556155525147915,0.41919970512390137
349,2,103,1.0,1.2311673164367676,0,0,0.0,0.0,0.0,-0.001749339047819376,-0.004193687345832586,0.44363296031951904
350,2,104,1.0,1.4022018909454346,0,0,0.0,0.0,0.5,-0.0011551056522876024,-0.005526796914637089,0.36497965455055237
351,2,105,1.0,0.9993317127227783,0,0,0.0,0.0,0.5,-0.002123829210177064,-0.006160641089081764,0.5338574647903442
352,2,106,1.0,1.0519434213638306,0,0,0.0,0.0,0.5,-0.0002858766820281744,-0.00507092522457242,0.5201271772384644
353,2,107,1.0,0.9960421323776245,0,0,0.0,0.0,0.5,-0.001670208410359919,-0.004744424484670162,0.5413323640823364
354,2,108,1.0,0.9872819781303406,0,0,0.0,0.0,0.5,-0.0008429321460425854,-0.004586531314998865,0.5455164909362793
355,2,109,1.0,0.98919278383255,0,0,0.0,0.0,0.5,-0.0010931933065876365,-0.004556664731353521,0.5422210693359375
356,2,110,1.0,0.9960281848907471,0,0,0.0,0.0,0.5,0.0008434413466602564,-0.0035657519474625587,0.5423927903175354
357,2,111,1.0,0.9989967346191406,0,0,0.0,0.0,0.5,0.0013900704216212034,-0.0037967246025800705,0.5425267219543457
358,2,112,1.0,0.9935386180877686,0,0,0.0,0.0,0.5,0.0001366457436233759,-0.004509379155933857,0.5360767841339111
359,2,113,1.0,0.9911814332008362,0,0,0.0,0.0,0.5,0.003117905929684639,-0.005456206388771534,0.5383275747299194
360,3,0,1.0,0.9836456775665283,0,0,0.0,0.0,0.0,0.1973370760679245,-0.009920626878738403,-0.0030798614025115967
361,3,1,1.0,0.9828439950942993,0,0,0.0,0.0,0.0,0.19614747166633606,-0.009045691229403019,-0.004912766627967358
362,3,2,1.0,0.9806846976280212,0,0,0.0,0.0,0.0,0.199024960398674,-0.010013888590037823,-0.00535315927118063
363,3,3,1.0,0.980405867099762,0,0,0.0,0.0,0.0,0.19996361434459686,-0.010064221918582916,-0.004609535448253155
364,3,4,1.0,0.9746531844139099,0,0,0.0,0.0,0.0,0.21665391325950623,-0.007367710582911968,-0.008245631121098995
365,3,5,1.0,0.974618673324585,0,0,0.0,0.0,0.0,0.2168569415807724,-0.007388212718069553,-0.008062846958637238
366,3,6,1.0,0.9746647477149963,0,0,0.0,0.0,0.0,0.2370302677154541,-0.003895715344697237,-0.016014132648706436
367,3,7,1.0,0.9746518135070801,0,0,0.0,0.0,0.0,0.2370753139257431,-0.00390482135117054,-0.015962690114974976
368,3,8,1.0,0.9764266014099121,0,0,0.0,0.0,0.0,0.243008092045784,-0.0031858382280915976,-0.017443306744098663
369,3,9,1.0,0.9764228463172913,0,0,0.0,0.0,0.0,0.24301888048648834,-0.003188340226188302,-0.01743013598024845
370,3,10,1.0,0.9768908023834229,0,0,0.0,0.0,0.0,0.24599166214466095,-0.0030879138503223658,-0.017910229042172432
371,3,11,1.0,0.976889967918396,0,0,0.25,0.0,0.0,0.24599429965019226,-0.003088664263486862,-0.017906829714775085
372,3,12,1.0,0.9906818270683289,0,0,0.25,0.0,0.0,0.27037566900253296,0.0014743099454790354,-0.023883212357759476
373,3,13,1.0,0.987123966217041,0,0,0.25,0.0,0.0,0.28042158484458923,0.01088070496916771,-0.027187634259462357
374,3,14,1.0,0.9812359809875488,0,0,0.25,0.0,0.0,0.27941620349884033,0.016444357112050056,-0.038395948708057404
375,3,15,1.0,0.9831262230873108,0,0,0.25,0.0,0.0,0.2794695794582367,0.01442092377692461,-0.026415519416332245
376,3,16,1.0,0.9870685338973999,0,0,0.25,0.0,0.0,0.2787174582481384,0.021649910137057304,-0.03290112689137459
377,3,17,1.0,0.9923684597015381,0,0,0.25,0.0,0.0,0.27347230911254883,0.01361000631004572,-0.03362696245312691
378,3,18,1.0,0.9993250966072083,0,0,0.25,0.0,0.0,0.2702091634273529,0.021039478480815887,-0.04044581577181816
379,3,19,1.0,0.9929348230361938,0,0,0.25,0.0,0.0,0.2677968144416809,0.008832879364490509,-0.03386858478188515
380,3,20,1.0,0.9906758666038513,0,0,0.25,0.0,0.0,0.2229723036289215,-0.03720203787088394,-0.02776472643017769
381,3,21,1.0,0.9943431615829468,0,0,0.0,0.0,0.0,0.16329512000083923,-0.10091844946146011,-0.027891114354133606
382,3,22,1.0,0.9830418825149536,0,0,0.0,0.0,0.0,0.061667948961257935,-0.20728318393230438,-0.029184922575950623
383,3,23,1.0,0.9793013334274292,0,0,0.0,0.0,0.0,0.010997757315635681,-0.22550414502620697,-0.030148398131132126
384,3,24,1.0,0.974550724029541,0,0,0.0,0.0,0.0,-0.012171989306807518,-0.2553217113018036,-0.021396320313215256
385,3,25,1.0,0.9748436808586121,0,0,0.0,-0.25,0.0,-0.019210070371627808,-0.25524842739105225,-0.021033547818660736
386,3,26,1.0,0.9757003784179688,0,0,0.0,-0.25,0.0,-0.009916670620441437,-0.2669753432273865,-0.006880562752485275
387,3,27,1.0,0.9750377535820007,0,0,0.0,-0.25,0.0,-0.004531139973551035,-0.27120667695999146,-0.0056840479373931885
388,3,28,1.0,0.974951446056366,0,0,0.0,-0.25,0.0,-0.008024074137210846,-0.27212801575660706,-0.006434375420212746
389,3,29,1.0,0.9758673310279846,0,0,0.0,-0.25,0.0,-0.0035440323408693075,-0.27426761388778687,-0.006536002736538649
390,3,30,1.0,0.971799910068512,0,0,0.0,-0.25,0.0,-0.008016309700906277,-0.2810935378074646,-0.0025213295593857765
391,3,31,1.0,0.9675813913345337,0,0,0.0,-0.25,0.0,-0.005833440460264683,-0.2837296724319458,-0.0031135939061641693
392,3,32,1.0,0.9759582877159119,0,0,0.0,-0.25,0.0,-0.006031832192093134,-0.26865682005882263,-0.013909702189266682
393,3,33,1.0,0.9827691912651062,0,0,0.0,-0.25,0.0,-0.005278296768665314,-0.24286071956157684,-0.018268723040819168
394,3,34,1.0,0.9784913063049316,0,0,0.0,-0.25,0.0,-0.008408261463046074,-0.16798755526542664,-0.01748286746442318
395,3,35,1.0,0.9652556777000427,0,0,0.0,0.0,0.0,0.0035734670236706734,-0.11054176092147827,-0.008261527866125107
396,3,36,1.0,0.9793406128883362,0,0,0.0,0.0,0.0,3.251992166042328e-05,-0.05108211189508438,0.0011826595291495323
397,3,37,1.0,0.9838076233863831,0,0,0.0,0.0,0.0,-0.0021916888654232025,-0.03397291898727417,0.00856016669422388
398,3,38,1.0,0.991775631904602,0,0,0.0,0.0,0.0,-0.003536138916388154,-0.02282826416194439,0.011011132039129734
399,3,39,1.0,0.9913173317909241,0,0,0.0,0.0,0.0,-0.00375904212705791,-0.021163498982787132,0.011206558905541897
400,3,40,1.0,0.989374041557312,0,0,0.0,0.0,0.0,-0.00037810311187058687,-0.02266913279891014,0.011250977404415607
401,3,41,1.0,0.9892920255661011,0,0,0.0,-0.25,0.0,-0.0004106241394765675,-0.022321218624711037,0.011265902779996395
402,3,42,1.0,0.9970982074737549,0,0,0.0,-0.25,0.0,-0.00038835284067317843,-0.025384269654750824,0.00443426426500082
403,3,43,1.0,0.985468327999115,0,0,0.0,0.0,0.0,0.0030888221226632595,-0.02487233653664589,-0.010713934898376465
404,3,44,1.0,0.9682348966598511,0,0,0.0,0.0,0.0,-0.000611539522651583,-0.010696491226553917,-0.015243918634951115
405,3,45,1.0,0.9717336297035217,0,0,0.0,0.0,0.0,0.001970888813957572,-0.00641213171184063,-0.019370360299944878
406,3,46,1.0,0.9780179858207703,0,0,0.0,0.0,0.0,-0.002146358834579587,-0.006098411977291107,-0.00905561726540327
407,3,47,1.0,0.9780179858207703,0,0,0.0,0.0,0.0,-0.002278201747685671,-0.005441855173557997,-0.009252838790416718
408,3,48,1.0,0.9783446788787842,0,0,0.0,0.0,0.0,-0.001902055344544351,-0.0015900328289717436,-0.013633456081151962
409,3,49,1.0,0.978329062461853,0,0,0.0,0.0,0.0,-0.0019008219242095947,-0.0014810070861130953,-0.013693254441022873
410,3,50,1.0,0.9796077609062195,0,0,0.0,0.0,0.0,-0.002667986322194338,-0.0004541330854408443,-0.013059256598353386
411,3,51,1.0,0.9796068072319031,0,0,0.0,0.0,0.0,-0.002668448258191347,-0.0004325714544393122,-0.013068635948002338
412,3,52,1.0,0.9813656806945801,0,0,0.0,0.0,0.0,-0.0017189639620482922,0.0005107145989313722,-0.013459088280797005
413,3,53,1.0,0.981363832950592,0,0,0.0,0.0,0.0,-0.0017188306665048003,0.000516861560754478,-0.013462049886584282
414,3,54,1.0,0.9811882972717285,0,0,0.0,0.0,0.0,-0.002494261832907796,0.00020194920944049954,-0.01678694412112236
415,3,55,1.0,0.9811880588531494,0,0,0.25,0.0,0.0,-0.002494281157851219,0.0002036138903349638,-0.016788797453045845
416,3,56,1.0,0.9853248000144958,0,0,0.25,0.0,0.0,0.008997609838843346,0.002557234838604927,0.004811197519302368
417,3,57,1.0,0.9892728328704834,0,0,0.0,0.0,0.0,0.014022259041666985,0.0007115846965461969,0.014842758886516094
418,3,58,1.0,0.9840215444564819,0,0,0.0,0.0,0.0,0.007885374128818512,0.0013812368270009756,0.017439473420381546
419,3,59,1.0,0.9880988597869873,0,0,0.0,0.0,0.0,0.0029420051723718643,0.0009886958869174123,0.015322464518249035
420,3,60,1.0,0.9847742319107056,0,0,0.0,0.0,0.0,0.00013756786938756704,-0.00028467614902183414,-0.011658933013677597
421,3,61,1.0,0.9847248196601868,0,0,0.0,0.0,0.0,-0.0005159698193892837,-0.00044134841300547123,-0.013858355581760406
422,3,62,1.0,0.9821872115135193,0,0,0.0,0.0,0.0,0.0009461867157369852,0.0006497123977169394,-0.02243003249168396
423,3,63,1.0,0.9822127819061279,0,0,0.25,0.0,0.0,0.0008399388752877712,0.0006213428569026291,-0.022600866854190826
424,3,64,1.0,0.9760918021202087,0,0,0.0,0.0,0.0,0.006821421440690756,0.0012987364316359162,-0.274116575717926
425,3,65,1.0,0.9805354475975037,0,0,0.0,0.0,0.0,-0.001109126373194158,-0.0022273464128375053,-0.4335240423679352
426,3,66,1.0,0.9933279752731323,0,0,0.0,0.0,0.0,-0.005924290977418423,-0.004725418519228697,-0.4985201060771942
427,3,67,1.0,0.9931156635284424,0,0,0.0,0.0,0.0,-0.0067158909514546394,-0.005001344718039036,-0.4992017149925232
428,3,68,1.0,0.9974685907363892,0,0,0.0,0.0,0.0,-0.0077108158729970455,-0.006063494365662336,-0.5181865692138672
429,3,69,1.0,0.9974711537361145,0,0,0.0,0.0,-0.5,-0.007879093289375305,-0.0060973926447331905,-0.5182692408561707
430,3,70,1.0,1.002943754196167,0,0,0.0,0.0,-0.5,-0.007818980142474174,-0.005027579143643379,-0.5406118035316467
431,3,71,1.0,1.0040465593338013,0,0,0.0,0.0,-0.5,-0.007970206439495087,-0.004522948060184717,-0.5394027829170227
432,3,72,1.0,0.9995399117469788,0,0,0.0,0.0,-0.5,-0.007217423990368843,-0.002902819775044918,-0.541975200176239
433,3,73,1.0,0.9798544049263,0,0,0.0,0.0,-0.5,-0.007234901189804077,-0.004854582250118256,-0.5409530997276306
434,3,74,1.0,0.9616121053695679,0,0,0.0,0.0,-0.5,-0.0066578746773302555,-0.004621023312211037,-0.550916314125061
435,3,75,1.0,0.9524002075195312,0,0,0.0,0.0,-0.5,-0.007712950464338064,-0.00466335890814662,-0.5548440217971802
436,3,76,1.0,0.9423346519470215,0,0,0.0,0.0,-0.5,-0.008280646055936813,-0.00307986862026155,-0.5601449608802795
437,3,77,1.0,0.9416844844818115,0,0,0.0,0.0,-0.5,-0.007554896175861359,-0.003281115088611841,-0.5578508377075195
438,3,78,1.0,1.1998670101165771,0,0,0.0,0.0,-0.5,-0.0031054792925715446,-0.004224926698952913,-0.45259857177734375
439,3,79,1.0,1.2027701139450073,0,0,0.0,0.0,-0.5,-0.002409380627796054,-0.004119981080293655,-0.4530521631240845
440,3,80,1.0,1.8079252243041992,0,1,0.0,0.0,0.0,-0.005780637729912996,-0.007718889974057674,-0.14926747977733612
441,3,81,1.0,1.8105453252792358,0,1,0.0,0.0,0.0,-0.005752251949161291,-0.007751649711281061,-0.1476697027683258
442,3,82,1.0,1.9701123237609863,0,1,0.0,0.0,0.0,-0.004562923219054937,-0.006550127174705267,-0.05417344719171524
443,3,83,2.0,1.970451831817627,1,1,0.0,0.0,0.0,-0.004540404304862022,-0.006546870805323124,-0.05394873768091202
444,3,84,2.0,2.017171859741211,1,1,0.0,0.0,0.0,-0.0018227953696623445,-0.004085641819983721,-0.005671817809343338
445,3,85,2.0,1.9643256664276123,1,1,0.0,0.0,0.0,-0.001849682186730206,-0.002764538861811161,-0.06452034413814545
446,3,86,2.0,1.9332383871078491,1,1,0.0,0.0,0.0,0.00046367791946977377,-0.006720352917909622,-0.08275871723890305
447,3,87,2.0,1.9604991674423218,1,1,0.0,0.0,0.0,0.0006529346574097872,-0.006403912790119648,-0.07223880290985107
448,3,88,2.0,1.9250092506408691,1,1,0.0,0.0,0.0,-0.0011531104100868106,-0.00516067910939455,-0.08637437224388123
449,3,89,2.0,1.9607690572738647,1,1,0.0,0.0,0.0,-0.0007808865047991276,-0.00591848511248827,-0.0762433260679245
450,3,90,2.0,1.962803602218628,1,1,0.0,0.0,0.0,-9.250780567526817e-05,-0.004495175089687109,-0.07986728847026825
451,3,91,2.0,2.0049333572387695,1,1,0.0,0.0,0.0,-0.001567988540045917,-0.0042288172990083694,-0.06739009916782379
452,3,92,2.0,2.072955369949341,1,1,0.0,0.0,0.0,-0.00253475783392787,-0.004195674322545528,-0.04385533556342125
453,3,93,1.0,2.074205160140991,0,1,0.0,0.0,0.0,-0.00315312622115016,-0.004551916383206844,-0.04298662394285202
454,3,94,1.0,1.897740364074707,0,1,0.0,0.0,0.0,-0.0022094333544373512,-0.007313668727874756,0.10206916183233261
455,3,95,1.0,1.5496656894683838,0,1,0.0,0.0,0.0,-0.003789080074056983,-0.007683306932449341,0.2787960171699524
456,3,96,1.0,1.2788598537445068,0,0,0.0,0.0,0.5,-0.0016937882173806429,-0.00580992316827178,0.4112760126590729
457,3,97,1.0,1.9476056098937988,0,1,0.0,0.0,0.5,-0.007552498020231724,-0.008287676610052586,0.09368335455656052
458,3,98,1.0,1.6381341218948364,0,1,0.0,0.0,0.5,0.0016456260345876217,-0.0072970762848854065,0.29171422123908997
459,3,99,1.0,1.036015510559082,0,0,0.0,0.0,0.5,-0.003270320827141404,-0.0028961445204913616,0.5283230543136597
460,3,100,1.0,1.0169528722763062,0,0,0.0,0.0,0.5,-0.0013753704261034727,-0.004871349781751633,0.5381889939308167
461,3,101,1.0,0.9706032872200012,0,0,0.0,0.0,0.5,0.0012761452235281467,-0.003008723957464099,0.5418658256530762
462,3,102,1.0,0.9789722561836243,0,0,0.0,0.0,0.5,-0.0010332444217056036,0.0002353541785851121,0.5506839156150818
463,3,103,1.0,0.9706407785415649,0,0,0.0,0.0,0.5,-0.001285478239879012,-0.0026799130719155073,0.5463131666183472
464,3,104,1.0,0.9686072468757629,0,0,0.0,0.0,0.5,0.0014003536198288202,-0.002954950788989663,0.5478634238243103
465,3,105,1.0,0.9712672829627991,0,0,0.0,0.0,0.5,-8.066417649388313e-05,-0.0028005645144730806,0.5437207221984863
466,4,0,1.0,1.0089707374572754,0,0,0.0,0.0,0.0,-0.05076225847005844,-0.011255556717514992,-0.01398081798106432
467,4,1,1.0,1.0027753114700317,0,0,0.0,0.0,0.0,-0.07308685034513474,-0.009153949096798897,-0.021301183849573135
468,4,2,1.0,1.0012933015823364,0,0,0.0,0.0,0.0,-0.06982258707284927,-0.011843375861644745,-0.02177346497774124
469,4,3,1.0,1.0017662048339844,0,0,0.0,0.0,0.0,-0.06529957801103592,-0.012426922097802162,-0.020225942134857178
470,4,4,1.0,0.9985333681106567,0,0,0.0,0.0,0.0,-0.09527452290058136,-0.011661170050501823,-0.02125103771686554
471,4,5,1.0,0.9987635612487793,0,0,0.0,0.0,0.0,-0.09434963762760162,-0.011844141408801079,-0.020887982100248337
472,4,6,1.0,0.9899336695671082,0,0,0.0,0.0,0.0,-0.12340174615383148,-0.01245270948857069,-0.01849580556154251
473,4,7,1.0,0.9899755120277405,0,0,0.0,0.0,0.0,-0.12319785356521606,-0.012488394044339657,-0.018374565988779068
474,4,8,1.0,0.9916072487831116,0,0,0.0,0.0,0.0,-0.11564665287733078,-0.011644103564321995,-0.01880478858947754
475,4,9,1.0,0.9916172623634338,0,0,0.0,0.0,0.0,-0.11560709774494171,-0.011651727370917797,-0.018777817487716675
476,4,10,1.0,0.9943962097167969,0,0,0.0,0.0,0.0,-0.10718367993831635,-0.012115840800106525,-0.019336268305778503
477,4,11,1.0,0.9943987131118774,0,0,0.0,0.0,0.0,-0.1071753203868866,-0.012117697857320309,-0.019330011680722237
478,4,12,1.0,0.9942231178283691,0,0,0.0,0.0,0.0,-0.10690471529960632,-0.011956767179071903,-0.019849242642521858
479,4,13,1.0,0.9942238926887512,0,0,0.0,0.0,0.0,-0.10690271109342575,-0.011957288719713688,-0.019847538322210312
480,4,14,1.0,0.9942242503166199,0,0,0.0,0.0,0.0,-0.10690177232027054,-0.011957543902099133,-0.01984669268131256
481,4,15,1.0,0.9942244291305542,0,0,0.0,0.0,0.0,-0.10690131038427353,-0.011957697570323944,-0.019846316426992416
482,4,16,1.0,0.9765910506248474,0,0,-0.25,0.0,0.0,-0.15380427241325378,-0.005141229368746281,-0.011911329813301563
483,4,17,1.0,0.9570138454437256,0,0,-0.25,0.0,0.0,-0.26079338788986206,0.0058498382568359375,-0.02451212704181671
484,4,18,1.0,0.9614198207855225,0,0,-0.25,0.0,0.0,-0.27244582772254944,0.013197097927331924,-0.0268646702170372
485,4,19,1.0,0.9678663015365601,0,0,-0.25,0.0,0.0,-0.271232932806015,0.014984293840825558,-0.03258044272661209
486,4,20,1.0,0.9748797416687012,0,0,-0.25,0.0,0.0,-0.28243595361709595,0.015136756002902985,-0.0198470838367939
487,4,21,1.0,0.9738340973854065,0,0,-0.25,0.0,0.0,-0.281318724155426,0.013157164677977562,-0.01010988000780344
488,4,22,1.0,0.9738878011703491,0,0,-0.25,0.0,0.0,-0.2767965495586395,0.015038657933473587,-0.016345951706171036
489,4,23,1.0,0.9825326204299927,0,0,-0.25,0.0,0.0,-0.2773125469684601,0.008695761673152447,-0.01710556074976921
490,4,24,1.0,0.9799344539642334,0,0,-0.25,0.0,0.0,-0.2682153582572937,-0.015929073095321655,-0.011133423075079918
491,4,25,1.0,0.982137143611908,0,0,-0.25,0.0,0.0,-0.2564922869205475,-0.03586771339178085,-0.00250330101698637
492,4,26,1.0,0.9764246940612793,0,0,-0.25,0.0,0.0,-0.19387802481651306,-0.11819325387477875,-0.0033317082561552525
493,4,27,1.0,0.9791894555091858,0,0,0.0,0.0,0.0,-0.16464625298976898,-0.15089406073093414,-0.0004866868257522583
494,4,28,1.0,0.9782986640930176,0,0,0.0,0.0,0.0,-0.05146389082074165,-0.2499646097421646,0.005429636687040329
495,4,29,1.0,0.9778733253479004,0,0,0.0,0.0,0.0,-0.01129666343331337,-0.2600277364253998,0.0007307836785912514
496,4,30,1.0,0.9725624918937683,0,0,0.0,0.0,0.0,-0.0043764784932136536,-0.2650192677974701,0.003929500468075275
497,4,31,1.0,0.9735491871833801,0,0,0.0,-0.25,0.0,0.0008606829214841127,-0.26460734009742737,0.003039916045963764
498,4,32,1.0,0.9700279235839844,0,0,0.0,-0.25,0.0,-0.001457747770473361,-0.2744464874267578,-0.001458992250263691
499,4,33,1.0,0.966799259185791,0,0,0.0,-0.25,0.0,-0.004274651873856783,-0.27187052369117737,-0.0036954781971871853
500,4,34,1.0,0.9643489122390747,0,0,0.0,-0.25,0.0,-0.0034505529329180717,-0.2698505222797394,-0.009499979205429554
501,4,35,1.0,0.9691928029060364,0,0,0.0,-0.25,0.0,-0.003937928006052971,-0.27773982286453247,-0.014513726346194744
502,4,36,1.0,0.9659597277641296,0,0,0.0,-0.25,0.0,-0.006733880843967199,-0.28198185563087463,-0.004450761713087559
503,4,37,1.0,0.9719030261039734,0,0,0.0,-0.25,0.0,-0.007443309295922518,-0.28252846002578735,-0.006896493025124073
504,4,38,1.0,0.9796454906463623,0,0,0.0,-0.25,0.0,-0.008612070232629776,-0.2725314199924469,-0.005981032736599445
505,4,39,1.0,0.9826354384422302,0,0,0.0,-0.25,0.0,-0.006371412426233292,-0.23217980563640594,-0.012554069980978966
506,4,40,1.0,0.9792388081550598,0,0,0.0,0.0,0.0,-0.004211643245071173,-0.1962626427412033,-0.011873681098222733
507,4,41,1.0,0.9752743244171143,0,0,0.0,0.0,0.0,0.0014076381921768188,-0.15492646396160126,0.0019117612391710281
508,4,42,1.0,0.9636253118515015,0,0,0.0,0.0,0.0,0.0015845445450395346,-0.11709510535001755,0.004842469468712807
509,4,43,1.0,0.9650980234146118,0,0,0.0,0.0,0.0,0.001978073036298156,-0.10418656468391418,0.007991855032742023
510,4,44,1.0,0.9699833393096924,0,0,0.0,0.0,0.0,0.00046889728400856256,-0.06324546039104462,0.01745888963341713
511,4,45,1.0,0.9703441858291626,0,0,0.0,0.0,0.0,0.0002622888423502445,-0.06104721873998642,0.017743539065122604
512,4,46,1.0,0.973086953163147,0,0,0.0,-0.25,0.0,0.0019466890953481197,-0.05691108852624893,0.020360641181468964
513,4,47,1.0,0.9852790832519531,0,0,0.0,-0.25,0.0,0.0010153134353458881,-0.07429467141628265,0.00926703680306673
514,4,48,1.0,1.0015788078308105,0,0,0.0,0.0,0.0,2.096488606184721e-05,-0.056658439338207245,0.010920357890427113
515,4,49,1.0,0.9939216375350952,0,0,0.0,0.0,0.0,-0.004842368420213461,-0.03693041950464249,0.01817401498556137
516,4,50,1.0,0.9896610379219055,0,0,0.0,0.0,0.0,-0.004640428349375725,-0.01955634355545044,0.0030184322968125343
517,4,51,1.0,0.9889922142028809,0,0,0.0,0.0,0.0,-0.00465426966547966,-0.016885926946997643,0.0033911829814314842
518,4,52,1.0,0.9913954138755798,0,0,0.0,0.0,0.0,-0.0057585532777011395,-0.013166047632694244,-0.0022878949530422688
519,4,53,1.0,0.9913142919540405,0,0,0.0,0.0,0.0,-0.0058192056603729725,-0.012788050808012486,-0.002378220669925213
520,4,54,1.0,0.98775315284729,0,0,0.0,-0.25,0.0,-0.006254387553781271,-0.011210775934159756,-0.0003932761028409004
521,4,55,1.0,0.9794238805770874,0,0,0.0,0.0,0.0,-0.0125737264752388,-0.01630125194787979,0.0018287952989339828
522,4,56,1.0,0.9745806455612183,0,0,0.0,0.0,0.0,-0.019516538828611374,-0.009286204352974892,-0.0026513859629631042
523,4,57,1.0,0.9733664989471436,0,0,0.0,0.0,0.0,-0.019916648045182228,-0.005687342025339603,-0.0026820949278771877
524,4,58,1.0,0.973444938659668,0,0,0.0,0.0,0.0,-0.024875029921531677,-0.0015346205327659845,-0.011520519852638245
525,4,59,1.0,0.9732884764671326,0,0,0.0,0.0,0.0,-0.024926573038101196,-0.0010802954202517867,-0.01179923303425312
526,4,60,1.0,0.9748309254646301,0,0,-0.25,0.0,0.0,-0.025529390200972557,-0.0014152959920465946,-0.013758907094597816
527,4,61,1.0,0.9882143139839172,0,0,-0.25,0.0,0.0,-0.03395567461848259,-0.0069681801833212376,-0.006308509036898613
528,4,62,1.0,0.9889079928398132,0,0,-0.25,0.0,0.0,-0.03420673683285713,-0.0070459842681884766,-0.009604571387171745
529,4,63,1.0,0.9897080063819885,0,0,0.0,0.0,0.0,-0.03378284350037575,-0.009984110482037067,-0.0016077621839940548
530,4,64,1.0,0.9828548431396484,0,0,0.0,0.0,0.0,-0.014027293771505356,-0.005012807436287403,0.015395344235002995
531,4,65,1.0,0.9839723706245422,0,0,0.0,0.0,0.0,-0.01381460390985012,-0.0044096591882407665,0.025646284222602844
532,4,66,1.0,0.9730863571166992,0,0,0.0,0.0,0.0,-0.006513561587780714,6.003194721415639e-05,-0.06488984823226929
533,4,67,1.0,0.9728100299835205,0,0,0.0,0.0,0.0,-0.0060590943321585655,0.0003066081553697586,-0.06490764021873474
534,4,68,1.0,0.9719520807266235,0,0,0.0,0.0,0.0,-0.007252227049320936,-0.0011028556618839502,-0.4334161579608917
535,4,69,1.0,0.9719528555870056,0,0,-0.25,0.0,0.0,-0.007209298200905323,-0.0010848123347386718,-0.43337079882621765
536,4,70,1.0,0.976327121257782,0,0,0.0,0.0,0.0,-0.00948147103190422,-0.000537981977686286,-0.12487311661243439
537,4,71,1.0,0.9750775098800659,0,0,0.0,0.0,0.0,-0.00850310642272234,-0.001870129257440567,-0.07139502465724945
538,4,72,1.0,0.9810278415679932,0,0,0.0,0.0,0.0,-0.0069703636690974236,0.0014003871474415064,-0.24622727930545807
539,4,73,1.0,0.9814251661300659,0,0,0.0,0.0,0.0,-0.006258352659642696,0.001986753661185503,-0.2388494312763214
540,4,74,1.0,0.9767341017723083,0,0,0.0,0.0,0.0,-0.00707512442022562,-0.0011392543092370033,-0.4227965474128723
541,4,75,1.0,0.9767075777053833,0,0,0.0,0.0,0.0,-0.0069913240149617195,-0.0011047918815165758,-0.4227752685546875
542,4,76,1.0,0.9790142774581909,0,0,0.0,0.0,0.0,-0.009067370556294918,-0.0027195760048925877,-0.4782867729663849
543,4,77,1.0,0.9790103435516357,0,0,0.0,0.0,-0.5,-0.009058728814125061,-0.0027138821315020323,-0.47827664017677307
544,4,78,1.0,0.9833240509033203,0,0,0.0,0.0,-0.5,-0.0075454567559063435,-0.0044783432967960835,-0.5300242900848389
545,4,79,1.0,0.9868006110191345,0,0,0.0,0.0,-0.5,-0.006610215175896883,-0.004409302491694689,-0.5434856414794922
546,4,80,1.0,0.9934878945350647,0,0,0.0,0.0,-0.5,-0.008928262628614902,-0.0035231614019721746,-0.5389293432235718
547,4,81,1.0,0.9901778697967529,0,0,0.0,0.0,-0.5,-0.010261476039886475,-0.002481052652001381,-0.5430973768234253
548,4,82,1.0,0.9849452972412109,0,0,0.0,0.0,-0.5,-0.007617239840328693,-0.002166826743632555,-0.5473086833953857
549,4,83,1.0,0.9755649566650391,0,0,0.0,0.0,-0.5,-0.0060661351308226585,-0.00341623998247087,-0.5430933833122253
550,4,84,1.0,0.9662207961082458,0,0,0.0,0.0,-0.5,-0.004747113212943077,-0.004212629981338978,-0.5494226217269897
551,4,85,1.0,0.9585562348365784,0,0,0.0,0.0,-0.5,-0.008161481469869614,-0.0044147600419819355,-0.5567278861999512
552,4,86,1.0,0.9586330652236938,0,0,0.0,0.0,-0.5,-0.011267151683568954,-0.006547510623931885,-0.5615217089653015
553,4,87,1.0,0.9639674425125122,0,0,0.0,0.0,-0.5,-0.008743293583393097,-0.00739747378975153,-0.5627989768981934
554,4,88,1.0,1.0086073875427246,0,0,0.0,0.0,-0.5,-0.007030638866126537,-0.005330725107342005,-0.5490243434906006
555,4,89,1.0,1.011061191558838,0,0,0.0,0.0,-0.5,-0.007502345368266106,-0.005575339775532484,-0.5472508072853088
556,4,90,1.0,1.3366326093673706,0,0,0.0,0.0,0.0,-0.006580009590834379,-0.00763815687969327,-0.39171671867370605
557,4,91,1.0,1.3312956094741821,0,0,0.0,0.0,0.0,-0.00693105161190033,-0.007533421739935875,-0.39449310302734375
558,4,92,1.0,1.6874208450317383,0,1,0.0,0.0,0.0,-0.003916669636964798,-0.00853737536817789,-0.2064296156167984
559,4,93,1.0,1.6796014308929443,0,1,0.0,0.0,0.0,-0.004147104918956757,-0.00836306344717741,-0.21136488020420074
560,4,94,2.0,1.755588412284851,1,1,0.0,0.0,0.0,-0.005300670396536589,-0.00896728876978159,-0.17375314235687256
561,4,95,2.0,1.9994075298309326,1,1,0.0,0.0,0.0,-0.005615789443254471,-0.008228052407503128,-0.009106237441301346
562,4,96,2.0,2.0109572410583496,1,1,0.0,0.0,0.0,-0.008850282058119774,-0.009730861522257328,-0.004838522989302874
563,4,97,2.0,1.9668248891830444,1,1,0.0,0.0,0.0,-0.002661246806383133,-0.005360899493098259,-0.09138162434101105
564,4,98,2.0,1.9355382919311523,1,1,0.0,0.0,0.0,-0.005314164329320192,-0.0023532798513770103,-0.11436023563146591
565,4,99,2.0,1.9513797760009766,1,1,0.0,0.0,0.0,-0.004151113331317902,-0.00294217630289495,-0.09472331404685974
566,4,100,2.0,2.04469633102417,1,1,0.0,0.0,0.0,-0.0028895046561956406,-0.0041775451973080635,-0.03151686117053032
567,4,101,2.0,2.042736530303955,1,1,0.0,0.0,0.0,-0.002817170461639762,-0.004065750166773796,-0.033377550542354584
568,4,102,2.0,2.0512423515319824,1,1,0.0,0.0,0.0,-0.0013037752360105515,-0.004078463651239872,-0.03798298165202141
569,4,103,2.0,2.0568416118621826,1,1,0.0,0.0,0.0,-0.001212369417771697,-0.0033469456247985363,-0.033945076167583466
570,4,104,1.0,2.082371473312378,0,1,0.0,0.0,0.0,-0.0014503196580335498,-0.004585705231875181,-0.025261908769607544
571,4,105,1.0,2.081015110015869,0,1,0.0,0.0,0.0,-3.1700124964118004e-05,-0.003946476615965366,-0.03154235705733299
572,4,106,1.0,1.8630471229553223,0,1,0.0,0.0,0.0,0.002169955987483263,-0.00982004962861538,0.1297658234834671
573,4,107,1.0,1.6070013046264648,0,1,0.0,0.0,0.0,0.001080311369150877,-0.009873004630208015,0.2707955241203308
574,4,108,1.0,1.0682897567749023,0,0,0.0,0.0,0.0,0.0012019071727991104,-0.005701413843780756,0.5117358565330505
575,4,109,1.0,1.026676893234253,0,0,0.0,0.0,0.5,-3.440072759985924e-05,-0.005065626930445433,0.5270885229110718
576,4,110,1.0,0.9937848448753357,0,0,0.0,0.0,0.5,-0.0014156462857499719,-0.005047727841883898,0.5402634143829346
577,4,111,1.0,1.0505872964859009,0,0,0.0,0.0,0.5,-0.00048576825065538287,-0.004606958478689194,0.5237680077552795
578,4,112,1.0,0.9956418871879578,0,0,0.0,0.0,0.5,-0.002352059818804264,-0.0037728201132267714,0.5375218391418457
579,4,113,1.0,0.9826965928077698,0,0,0.0,0.0,0.5,-0.004371314309537411,-0.002165103331208229,0.5411184430122375
580,4,114,1.0,0.9870896935462952,0,0,0.0,0.0,0.5,-0.0012961821630597115,-0.0008865614072419703,0.5436857342720032
581,4,115,1.0,0.9862003326416016,0,0,0.0,0.0,0.5,-0.00047731760423630476,-0.002648823196068406,0.544792652130127
582,4,116,1.0,1.0270735025405884,0,0,0.0,0.0,0.5,0.002327175112441182,0.00114975287579,0.5308809876441956
583,4,117,1.0,0.9812891483306885,0,0,0.0,0.0,0.5,0.004361300263553858,-0.0033930286299437284,0.5362961888313293
584,4,118,1.0,0.9708943367004395,0,0,0.0,0.0,0.5,0.004360680002719164,-0.005507424008101225,0.532591700553894
585,5,0,1.0,0.9784509539604187,0,0,0.0,0.0,0.0,0.1743442714214325,0.003439013846218586,-0.009418090805411339
586,5,1,1.0,0.9791577458381653,0,0,0.0,0.0,0.0,0.16925498843193054,0.004060706123709679,-0.013996882364153862
587,5,2,1.0,0.9757773280143738,0,0,0.0,0.0,0.0,0.175960972905159,0.005241987761110067,-0.014842730015516281
588,5,3,1.0,0.9745622277259827,0,0,0.0,0.0,0.0,0.17857801914215088,0.004239242058247328,-0.011758004315197468
589,5,4,1.0,0.9746206998825073,0,0,0.0,0.0,0.0,0.192967489361763,0.003715834114700556,-0.01193978451192379
590,5,5,1.0,0.9745683670043945,0,0,0.0,0.0,0.0,0.19333617389202118,0.0035820044577121735,-0.011603111401200294
591,5,6,1.0,0.9774535298347473,0,0,0.0,0.0,0.0,0.20693469047546387,0.0018319827504456043,-0.009069113060832024
592,5,7,1.0,0.9774520993232727,0,0,0.0,0.0,0.0,0.20700900256633759,0.0018027934711426497,-0.008984195068478584
593,5,8,1.0,0.9776750206947327,0,0,0.0,0.0,0.0,0.21268102526664734,0.0012765828287228942,-0.01111716777086258
594,5,9,1.0,0.9776739478111267,0,0,0.0,0.0,0.0,0.21269701421260834,0.0012694569304585457,-0.011094757355749607
595,5,10,1.0,0.983060896396637,0,0,0.25,0.0,0.0,0.22952322661876678,-0.005033555440604687,-0.004786222707480192
596,5,11,1.0,0.9740710854530334,0,0,0.25,0.0,0.0,0.2592824399471283,-0.01098847109824419,-0.018990743905305862
597,5,12,1.0,0.9718919396400452,0,0,0.25,0.0,0.0,0.2635083794593811,-0.01233566366136074,-0.026517067104578018
598,5,13,1.0,0.9711630940437317,0,0,0.25,0.0,0.0,0.2715299427509308,-0.012101387605071068,-0.03208658844232559
599,5,14,1.0,0.9757460355758667,0,0,0.25,0.0,0.0,0.2683039903640747,-0.02113686129450798,-0.04240064322948456
600,5,15,1.0,0.9768166542053223,0,0,0.25,0.0,0.0,0.26745983958244324,-0.0210697203874588,-0.04842408746480942
601,5,16,1.0,0.969752311706543,0,0,0.25,0.0,0.0,0.2670341730117798,-0.016395673155784607,-0.04342200607061386
602,5,17,1.0,0.972938060760498,0,0,0.25,0.0,0.0,0.26531654596328735,-0.014810875058174133,-0.042415548115968704
603,5,18,1.0,0.9634650945663452,0,0,0.25,0.0,0.0,0.2432742863893509,0.004537773318588734,-0.03408515080809593
604,5,19,1.0,0.957502007484436,0,0,0.0,0.0,0.0,0.20717206597328186,0.04440019279718399,-0.0320500023663044
605,5,20,1.0,0.9679372906684875,0,0,0.0,0.0,0.0,0.10018527507781982,0.14951421320438385,-0.025030959397554398
606,5,21,1.0,0.9637335538864136,0,0,0.0,0.0,0.0,0.01936614140868187,0.1962023824453354,-0.024805355817079544
607,5,22,1.0,0.9748223423957825,0,0,0.0,0.0,0.0,0.007408202160149813,0.23018166422843933,-0.01661529764533043
608,5,23,1.0,0.974989652633667,0,0,0.0,0.0,0.0,0.0015296363271772861,0.23111405968666077,-0.01659180223941803
609,5,24,1.0,0.97342848777771,0,0,0.0,0.25,0.0,-0.0029909652657806873,0.22581477463245392,-0.015739766880869865
610,5,25,1.0,0.9648782014846802,0,0,0.0,0.25,0.0,-0.002698564436286688,0.24740862846374512,-0.0054387664422392845
611,5,26,1.0,0.9721351861953735,0,0,0.0,0.25,0.0,-0.009412601590156555,0.27287983894348145,0.01936420053243637
612,5,27,1.0,0.9641872644424438,0,0,0.0,0.25,0.0,-0.0012183536309748888,0.2819541096687317,0.020646531134843826
613,5,28,1.0,0.9706081748008728,0,0,0.0,0.25,0.0,0.003922855947166681,0.28088802099227905,0.014640717767179012
614,5,29,1.0,0.9703282117843628,0,0,0.0,0.25,0.0,0.004516645334661007,0.28030529618263245,0.02114957571029663
615,5,30,1.0,0.9826569557189941,0,0,0.0,0.25,0.0,-0.0037591566797345877,0.26980024576187134,0.025142893195152283
616,5,31,1.0,0.9936747550964355,0,0,0.0,0.25,0.0,-0.002753158565610647,0.2628259062767029,0.038801271468400955
617,5,32,1.0,0.9951361417770386,0,0,0.0,0.25,0.0,8.961604908108711e-05,0.19476883113384247,0.03724994882941246
618,5,33,1.0,0.9914816617965698,0,0,0.0,0.0,0.0,0.003538799472153187,0.16765351593494415,0.029193978756666183
619,5,34,1.0,0.9867634177207947,0,0,0.0,0.0,0.0,-0.0019451710395514965,0.09127286821603775,0.02199709787964821
620,5,35,1.0,0.9867475032806396,0,0,0.0,0.0,0.0,-0.001986521063372493,0.044119760394096375,0.02470747008919716
621,5,36,1.0,0.9810029864311218,0,0,0.0,0.0,0.0,-0.0019131165463477373,0.018715277314186096,0.0035169124603271484
622,5,37,1.0,0.9804856181144714,0,0,0.0,0.0,0.0,-0.002137160860002041,0.01345784217119217,0.002978650853037834
623,5,38,1.0,0.978425145149231,0,0,0.0,0.0,0.0,0.001784400548785925,0.014348476193845272,0.007320004515349865
624,5,39,1.0,0.9784731864929199,0,0,0.0,0.25,0.0,0.001731771044433117,0.013687020167708397,0.007356035523116589
625,5,40,1.0,0.9803823828697205,0,0,0.0,0.0,0.0,0.007423899602144957,0.03313467651605606,0.01764550432562828
626,5,41,1.0,0.9839370846748352,0,0,0.0,0.0,0.0,0.005348063539713621,0.018075810745358467,0.018942292779684067
627,5,42,1.0,0.9973536133766174,0,0,0.0,0.0,0.0,0.0015367791056632996,0.008498042821884155,0.01181160006672144
628,5,43,1.0,0.9971710443496704,0,0,0.0,0.0,0.0,0.001058811554685235,0.0063493517227470875,0.010959125123918056
629,5,44,1.0,0.9916646480560303,0,0,0.0,0.0,0.0,0.002182940486818552,0.0029590099584311247,0.001795533113181591
630,5,45,1.0,0.9917041063308716,0,0,0.0,0.0,0.0,0.002121987286955118,0.0026149405166506767,0.0017706286162137985
631,5,46,1.0,0.987381637096405,0,0,0.0,0.25,0.0,0.002959619276225567,0.0029602698050439358,0.002046523615717888
632,5,47,1.0,0.9807432889938354,0,0,0.0,0.0,0.0,0.008427217602729797,0.016133461147546768,-0.013600721023976803
633,5,48,1.0,0.9687156081199646,0,0,0.0,0.0,0.0,0.0022905291989445686,0.003951335325837135,-0.022837985306978226
634,5,49,1.0,0.9677754640579224,0,0,0.0,0.0,0.0,0.0012467668857425451,-8.578374399803579e-05,-0.019770044833421707
635,5,50,1.0,0.9741242527961731,0,0,0.0,0.0,0.0,-0.0027329674921929836,-0.0017064030980691314,-0.010452700778841972
636,5,51,1.0,0.9741826057434082,0,0,0.0,0.0,0.0,-0.002843635156750679,-0.0022298977710306644,-0.010151884518563747
637,5,52,1.0,0.9748102426528931,0,0,0.25,0.0,0.0,-0.0006704968982376158,-0.00111299566924572,-0.00752360699698329
638,5,53,1.0,0.9749894142150879,0,0,0.25,0.0,0.0,0.011141300201416016,-0.0006896639242768288,-0.007581343408674002
639,5,54,1.0,0.9690259099006653,0,0,0.0,0.0,0.0,0.014431476593017578,-0.0034555501770228148,-0.0028097345493733883
640,5,55,1.0,0.9845902323722839,0,0,0.0,0.0,0.0,0.012594074010848999,0.00029232027009129524,0.02398725599050522
641,5,56,1.0,0.9803326725959778,0,0,0.0,0.0,0.0,0.006616805214434862,-5.1326846005395055e-05,0.02055446431040764
642,5,57,1.0,0.9803556799888611,0,0,0.0,0.0,0.0,0.004553840029984713,-4.52531676273793e-05,0.018836308270692825
643,5,58,1.0,0.9812679290771484,0,0,0.0,0.0,0.0,0.004893857054412365,-0.000688237720169127,0.011533037759363651
644,5,59,1.0,0.9813575744628906,0,0,0.0,0.0,0.0,0.00460471585392952,-0.0007079805945977569,0.011318222619593143
645,5,60,1.0,0.9783228635787964,0,0,0.25,0.0,0.0,0.005957995541393757,0.00044375372817739844,0.017395909875631332
646,5,61,1.0,0.9730784296989441,0,0,0.0,0.0,0.0,0.016565270721912384,0.0005932118510827422,-0.0727577805519104
647,5,62,1.0,0.9794646501541138,0,0,0.0,0.0,0.0,0.00806841254234314,-3.803343861363828e-05,-0.16725315153598785
648,5,63,1.0,0.974639892578125,0,0,0.0,0.0,0.0,-0.0008700169855728745,-0.0006805079756304622,-0.35167577862739563
649,5,64,1.0,0.9784753322601318,0,0,0.0,0.0,0.0,-0.0002811233280226588,-0.0006961779436096549,-0.26049184799194336
650,5,65,1.0,0.9785475730895996,0,0,0.0,0.0,0.0,-0.0010106625268235803,-0.0007430791156366467,-0.26099589467048645
651,5,66,1.0,0.9707552194595337,0,0,0.0,0.0,0.0,-0.003781809937208891,-0.001601051539182663,-0.41595205664634705
652,5,67,1.0,0.9707551002502441,0,0,0.0,0.0,0.0,-0.0038841760251671076,-0.0016085865208879113,-0.41613900661468506
653,5,68,1.0,0.9736261367797852,0,0,0.0,0.0,0.0,-0.004836203530430794,-0.0031098793260753155,-0.46841901540756226
654,5,69,1.0,0.9736291766166687,0,0,0.0,0.0,0.0,-0.004854271188378334,-0.003111121477559209,-0.46844804286956787
655,5,70,1.0,0.9866275191307068,0,0,0.0,0.0,-0.5,-0.007348221261054277,-0.005456309765577316,-0.5208707451820374
656,5,71,1.0,0.9969377517700195,0,0,0.0,0.0,-0.5,-0.008327091112732887,-0.0033818173687905073,-0.5387099385261536
657,5,72,1.0,1.0008000135421753,0,0,0.0,0.0,-0.5,-0.009674301370978355,-0.0011325603118166327,-0.5400245189666748
658,5,73,1.0,1.0003076791763306,0,0,0.0,0.0,-0.5,-0.009878268465399742,0.00020316231530159712,-0.5404450297355652
659,5,74,1.0,0.9871458411216736,0,0,0.0,0.0,-0.5,-0.005645202938467264,0.0004312895471230149,-0.5393729209899902
660,5,75,1.0,0.9856504201889038,0,0,0.0,0.0,-0.5,-0.006143735721707344,-0.001865156227722764,-0.5405539870262146
661,5,76,1.0,0.9698463082313538,0,0,0.0,0.0,-0.5,-0.0054735648445785046,-0.003841145196929574,-0.5491082668304443
662,5,77,1.0,0.9544517993927002,0,0,0.0,0.0,-0.5,-0.0069833858869969845,-0.005662690848112106,-0.5546911358833313
663,5,78,1.0,0.9435093402862549,0,0,0.0,0.0,-0.5,-0.0065458002500236034,-0.005598063115030527,-0.5615349411964417
664,5,79,1.0,0.9453288316726685,0,0,0.0,0.0,-0.5,-0.006795561406761408,-0.005908458027988672,-0.5616399049758911
665,5,80,1.0,1.0321362018585205,0,0,0.0,0.0,-0.5,-0.0019509837729856372,-0.0032290236558765173,-0.530035674571991
666,5,81,1.0,1.0345953702926636,0,0,0.0,0.0,-0.5,-0.0021286201663315296,-0.003301135031506419,-0.5293698906898499
667,5,82,1.0,1.5761758089065552,0,1,0.0,0.0,0.0,-0.0015536643331870437,-0.005210329778492451,-0.2878756523132324
668,5,83,1.0,1.578059434890747,0,1,0.0,0.0,0.0,-0.0015878388658165932,-0.005250764545053244,-0.28683432936668396
669,5,84,1.0,1.7117118835449219,0,1,0.0,0.0,0.0,-0.0013751736842095852,-0.005115603096783161,-0.2147192656993866
670,5,85,2.0,1.7121093273162842,1,1,0.0,0.0,0.0,-0.0013853450072929263,-0.005125479307025671,-0.2144477367401123
671,5,86,2.0,2.0375685691833496,1,1,0.0,0.0,0.0,-0.000852345023304224,-0.005513515789061785,-0.0009396811947226524
672,5,87,2.0,1.8952442407608032,1,1,0.0,0.0,0.0,-0.005490278359502554,-0.0051729981787502766,-0.1076505184173584
673,5,88,2.0,1.9580239057540894,1,1,0.0,0.0,0.0,-0.0016220638062804937,-0.0033846634905785322,-0.07421937584877014
674,5,89,2.0,1.9540702104568481,1,1,0.0,0.0,0.0,-0.0016339009162038565,-0.0036901093553751707,-0.07972189784049988
675,5,90,2.0,1.984659194946289,1,1,0.0,0.0,0.0,-0.002828054130077362,-0.003933146595954895,-0.07037493586540222
676,5,91,2.0,2.0011003017425537,1,1,0.0,0.0,0.0,-0.003255871357396245,-0.003638006979599595,-0.06091589108109474
677,5,92,2.0,2.0107898712158203,1,1,0.0,0.0,0.0,-0.0053896973840892315,-0.00481577729806304,0.0123520502820611
678,5,93,2.0,2.0105645656585693,1,1,0.0,0.0,0.0,-0.005340870004147291,-0.004809848498553038,0.01235829759389162
679,5,94,1.0,1.413825511932373,0,0,0.0,0.0,0.0,-0.0008524919394403696,-0.0054932087659835815,0.35874465107917786
680,5,95,1.0,1.4125596284866333,0,0,0.0,0.0,0.0,-0.0008393857278861105,-0.00547138461843133,0.3593379557132721
681,5,96,1.0,2.012147903442383,0,1,0.0,0.0,0.0,-0.0030521864537149668,-0.006593742407858372,0.026425890624523163
682,5,97,1.0,2.0120511054992676,0,1,0.0,0.0,0.0,-0.0030553096439689398,-0.006597187370061874,0.026516448706388474
683,5,98,1.0,1.1259907484054565,0,0,0.0,0.0,0.0,-0.0001830575056374073,-0.0037935515865683556,0.4900366961956024
684,5,99,1.0,1.1254398822784424,0,0,0.0,0.0,0.5,-0.00018132571130990982,-0.0037681525573134422,0.49035587906837463
685,5,100,1.0,1.1161322593688965,0,0,0.0,0.0,0.5,2.6354100555181503e-06,-0.004852988291531801,0.4988326132297516
686,5,101,1.0,1.0818533897399902,0,0,0.0,0.0,0.5,-0.003124767914414406,-0.005782082211226225,0.5147391557693481
687,5,102,1.0,0.9807606339454651,0,0,0.0,0.0,0.5,-0.002583189168944955,-0.003990684170275927,0.5435712337493896
688,5,103,1.0,0.9797070622444153,0,0,0.0,0.0,0.5,-0.0020226086489856243,-0.00201168330386281,0.5465953350067139
689,5,104,1.0,0.9848480224609375,0,0,0.0,0.0,0.5,-0.0004977238131687045,-0.0026541114784777164,0.5513701438903809
690,5,105,1.0,0.9897927641868591,0,0,0.0,0.0,0.5,0.000749215018004179,-0.002305485075339675,0.5421664714813232
691,5,106,1.0,0.9974038004875183,0,0,0.0,0.0,0.5,-0.00031675316859036684,-0.002728103892877698,0.544555127620697
692,5,107,1.0,0.9775155186653137,0,0,0.0,0.0,0.5,0.00165110407397151,-0.0031078243628144264,0.5439150333404541
693,5,108,1.0,0.9732180833816528,0,0,0.0,0.0,0.5,0.001726486487314105,-0.00178899138700217,0.5410557985305786
694,6,0,1.0,1.0133863687515259,0,0,0.0,0.0,0.0,-0.05837850272655487,0.005471769254654646,-0.014459062367677689
695,6,1,1.0,1.0093262195587158,0,0,0.0,0.0,0.0,-0.09190123528242111,0.0059357876889407635,-0.021976500749588013
696,6,2,1.0,1.00274658203125,0,0,0.0,0.0,0.0,-0.09955500066280365,0.007896491326391697,-0.018009565770626068
697,6,3,1.0,1.0027904510498047,0,0,0.0,0.0,0.0,-0.09283967316150665,0.00741971330717206,-0.01671208254992962
698,6,4,1.0,0.9901944398880005,0,0,0.0,0.0,0.0,-0.15061290562152863,0.002545383060351014,-0.019511979073286057
699,6,5,1.0,0.9903438091278076,0,0,0.0,0.0,0.0,-0.14937876164913177,0.002413633046671748,-0.019197646528482437
700,6,6,1.0,0.9781471490859985,0,0,0.0,0.0,0.0,-0.1945480853319168,0.001949417870491743,-0.014202835038304329
701,6,7,1.0,0.9781910181045532,0,0,0.0,0.0,0.0,-0.19436371326446533,0.0019273729994893074,-0.014108611270785332
702,6,8,1.0,0.9766483902931213,0,0,-0.25,0.0,0.0,-0.2090246081352234,-0.0012066229246556759,-0.014167997986078262
703,6,9,1.0,0.9852713346481323,0,0,-0.25,0.0,0.0,-0.2607407569885254,-0.011202210560441017,-0.012945604510605335
704,6,10,1.0,0.9843375086784363,0,0,-0.25,0.0,0.0,-0.2791438102722168,-0.018601398915052414,-0.0008024787530303001
705,6,11,1.0,0.9838759899139404,0,0,-0.25,0.0,0.0,-0.2787524163722992,-0.021162770688533783,-0.0012515084818005562
706,6,12,1.0,0.9826700091362,0,0,-0.25,0.0,0.0,-0.28417810797691345,-0.023630481213331223,-0.009439939633011818
707,6,13,1.0,0.9790820479393005,0,0,-0.25,0.0,0.0,-0.27873244881629944,-0.02668079175055027,-0.012169158086180687
708,6,14,1.0,0.9885877370834351,0,0,-0.25,0.0,0.0,-0.28318288922309875,-0.019798388704657555,-0.013237562030553818
709,6,15,1.0,0.9845078587532043,0,0,-0.25,0.0,0.0,-0.2797033488750458,-0.021668218076229095,-0.011805166490375996
710,6,16,1.0,0.974536120891571,0,0,-0.25,0.0,0.0,-0.2540312707424164,0.015387877821922302,-0.006630178075283766
711,6,17,1.0,0.9707033634185791,0,0,-0.25,0.0,0.0,-0.21080411970615387,0.04930303990840912,-0.0073960209265351295
712,6,18,1.0,0.9693145751953125,0,0,-0.25,0.0,0.0,-0.14769279956817627,0.1251065582036972,0.011948649771511555
713,6,19,1.0,0.9693346619606018,0,0,0.0,0.0,0.0,-0.056231364607810974,0.2252427637577057,0.019282281398773193
714,6,20,1.0,0.9571511745452881,0,0,0.0,0.0,0.0,-0.018240489065647125,0.27136343717575073,0.016774117946624756
715,6,21,1.0,0.9573363661766052,0,0,0.0,0.0,0.0,-0.004858997650444508,0.27780911326408386,0.019684918224811554
716,6,22,1.0,0.9544069170951843,0,0,0.0,0.0,0.0,-0.0007147599244490266,0.2764090895652771,0.01855381950736046
717,6,23,1.0,0.9560439586639404,0,0,0.0,0.0,0.0,0.0018551473040133715,0.277308851480484,0.021552246063947678
718,6,24,1.0,0.9517393112182617,0,0,0.0,0.25,0.0,0.0015211580321192741,0.2743888795375824,0.013368587009608746
719,6,25,1.0,0.9551771879196167,0,0,0.0,0.25,0.0,0.003664374351501465,0.2787002623081207,0.017707854509353638
720,6,26,1.0,0.9605257511138916,0,0,0.0,0.25,0.0,0.005297405179589987,0.277216374874115,0.020871706306934357
721,6,27,1.0,0.961699366569519,0,0,0.0,0.25,0.0,0.004728259518742561,0.2688330411911011,0.014421633444726467
722,6,28,1.0,0.9679511785507202,0,0,0.0,0.25,0.0,0.005145940463989973,0.26734358072280884,0.006617513485252857
723,6,29,1.0,0.9699906706809998,0,0,0.0,0.25,0.0,0.004730211105197668,0.2679005265235901,0.015514587052166462
724,6,30,1.0,0.9744353890419006,0,0,0.0,0.25,0.0,0.004285740666091442,0.26027926802635193,0.01194681879132986
725,6,31,1.0,0.9858603477478027,0,0,0.0,0.25,0.0,0.008859019726514816,0.2525583803653717,0.01958892121911049
726,6,32,1.0,0.9843520522117615,0,0,0.0,0.25,0.0,0.0045890468172729015,0.1671208143234253,0.028964299708604813
727,6,33,1.0,0.9817941784858704,0,0,0.0,0.25,0.0,0.006774775218218565,0.12356240302324295,0.027442697435617447
728,6,34,1.0,0.973835825920105,0,0,0.0,0.0,0.0,0.006508036982268095,0.0797443613409996,0.02904573082923889
729,6,35,1.0,0.9838199615478516,0,0,0.0,0.0,0.0,0.005565569270402193,0.0405389741063118,0.021539587527513504
730,6,36,1.0,0.9930633306503296,0,0,0.0,0.0,0.0,0.0036258427426218987,0.024247728288173676,0.01326617319136858
731,6,37,1.0,1.0010271072387695,0,0,0.0,0.0,0.0,0.0018288027495145798,0.015841638669371605,0.011024952866137028
732,6,38,1.0,1.0016052722930908,0,0,0.0,0.0,0.0,0.0004113157046958804,0.010697407647967339,0.011504017747938633
733,6,39,1.0,1.0015674829483032,0,0,0.0,0.0,0.0,0.00025562767405062914,0.009969300590455532,0.011373649351298809
734,6,40,1.0,1.0021998882293701,0,0,0.0,0.25,0.0,-9.068602230399847e-05,0.008219023235142231,0.009579823352396488
735,6,41,1.0,0.9967598915100098,0,0,0.0,0.25,0.0,0.0026495778001844883,0.018906833603978157,0.002527291886508465
736,6,42,1.0,1.0009193420410156,0,0,0.0,0.0,0.0,-0.0010194043861702085,0.020256610587239265,-0.005956438370049
737,6,43,1.0,0.9760781526565552,0,0,0.0,0.0,0.0,-0.009073745459318161,0.008922983892261982,-0.02123427949845791
738,6,44,1.0,0.9708539247512817,0,0,0.0,0.0,0.0,-0.017318028956651688,0.0004131802706979215,-0.018307920545339584
739,6,45,1.0,0.9707443714141846,0,0,0.0,0.0,0.0,-0.0152264554053545,-0.0016062376089394093,-0.01268241461366415
740,6,46,1.0,0.9759357571601868,0,0,0.0,0.0,0.0,-0.02344619482755661,-0.003993306774646044,-0.017097104340791702
741,6,47,1.0,0.9760575890541077,0,0,0.0,0.0,0.0,-0.023535525426268578,-0.004258563742041588,-0.016869546845555305
742,6,48,1.0,0.9756055474281311,0,0,0.0,0.0,0.0,-0.023806225508451462,-0.004188718274235725,-0.01909545436501503
743,6,49,1.0,0.9756250381469727,0,0,-0.25,0.0,0.0,-0.02381735108792782,-0.0042287008836865425,-0.01904975064098835
744,6,50,1.0,0.9941763877868652,0,0,-0.25,0.0,0.0,-0.03280051052570343,-0.004007449373602867,-0.0077185072004795074
745,6,51,1.0,1.0006893873214722,0,0,0.0,0.0,0.0,-0.028795991092920303,-0.003560113487765193,-0.002331495750695467
746,6,52,1.0,0.9937119483947754,0,0,0.0,0.0,0.0,-0.0235147662460804,-0.0031837783753871918,0.00919052492827177
747,6,53,1.0,0.9904079437255859,0,0,0.0,0.0,0.0,-0.01975596509873867,-0.00316416728310287,0.0223187655210495
748,6,54,1.0,0.9910926818847656,0,0,0.0,0.0,0.0,-0.011979477480053902,-0.0034223354887217283,0.019359130412340164
749,6,55,1.0,0.9905827045440674,0,0,0.0,0.0,0.0,-0.011082345619797707,-0.0033243217039853334,0.02003692463040352
750,6,56,1.0,0.9828217625617981,0,0,0.0,0.0,0.0,-0.007462752517312765,-0.004770965781062841,-0.012561973184347153
751,6,57,1.0,0.9828100204467773,0,0,-0.25,0.0,0.0,-0.007406233809888363,-0.004778856877237558,-0.01264408603310585
752,6,58,1.0,0.985414445400238,0,0,0.0,0.0,0.0,-0.013167845085263252,-0.00406156200915575,0.009999834932386875
753,6,59,1.0,0.9766544699668884,0,0,0.0,0.0,0.0,-0.007257487159222364,-0.0033206890802830458,-0.029226884245872498
754,6,60,1.0,0.9711158275604248,0,0,0.0,0.0,0.0,-0.002768401987850666,-0.0016579797957092524,-0.2975488007068634
755,6,61,1.0,0.9677695631980896,0,0,0.0,0.0,0.0,-0.0024632709100842476,-0.002713128225877881,-0.3721531629562378
756,6,62,1.0,0.9693808555603027,0,0,0.0,0.0,0.0,-0.006756102666258812,-0.005148002877831459,-0.47690334916114807
757,6,63,1.0,0.9694364070892334,0,0,0.0,0.0,0.0,-0.006642969325184822,-0.005152460187673569,-0.47704017162323
758,6,64,1.0,0.972900390625,0,0,0.0,0.0,0.0,-0.00872868113219738,-0.005223171319812536,-0.5145295858383179
759,6,65,1.0,0.9729185700416565,0,0,0.0,0.0,-0.5,-0.008713798597455025,-0.005222108215093613,-0.5145412087440491
760,6,66,1.0,0.9902521967887878,0,0,0.0,0.0,-0.5,-0.008998879231512547,-0.003865406382828951,-0.5493617057800293
761,6,67,1.0,0.9979495406150818,0,0,0.0,0.0,-0.5,-0.008990529924631119,-0.0033242241479456425,-0.545826256275177
762,6,68,1.0,1.0000085830688477,0,0,0.0,0.0,-0.5,-0.009796008467674255,-0.001419924315996468,-0.5427311658859253
763,6,69,1.0,1.0047731399536133,0,0,0.0,0.0,-0.5,-0.01089530996978283,-0.0013477698666974902,-0.5389793515205383
764,6,70,1.0,0.992235004901886,0,0,0.0,0.0,-0.5,-0.006564084440469742,0.0004411758854985237,-0.5458614826202393
765,6,71,1.0,0.9770068526268005,0,0,0.0,0.0,-0.5,-0.009201804175972939,-0.0008982152794487774,-0.5465288758277893
766,6,72,1.0,0.9463468194007874,0,0,0.0,0.0,-0.5,-0.008768947795033455,-0.0018091377569362521,-0.5508763194084167
767,6,73,1.0,0.9446508288383484,0,0,0.0,0.0,-0.5,-0.009782381355762482,-0.0035250999499112368,-0.552996039390564
768,6,74,1.0,0.9528876543045044,0,0,0.0,0.0,-0.5,-0.00872020423412323,-0.0024696537293493748,-0.5565550327301025
769,6,75,1.0,0.9659619927406311,0,0,0.0,0.0,-0.5,-0.009997569024562836,-0.003311095992103219,-0.5558385848999023
770,6,76,1.0,1.5684725046157837,0,1,0.0,0.0,-0.5,-0.0059316628612577915,-0.007483609952032566,-0.2844800651073456
771,6,77,1.0,1.5898061990737915,0,1,0.0,0.0,0.0,-0.006254186388105154,-0.007688900455832481,-0.2731151282787323
772,6,78,1.0,1.9643986225128174,0,1,0.0,0.0,0.0,-0.00567886047065258,-0.006721785292029381,-0.0507739782333374
773,6,79,1.0,1.965928077697754,0,1,0.0,0.0,0.0,-0.005794552620500326,-0.006773041095584631,-0.04928046837449074
774,6,80,1.0,1.9748570919036865,0,1,0.0,0.0,0.0,-0.005551624111831188,-0.00665872311219573,-0.043865181505680084
775,6,81,2.0,1.9753117561340332,1,1,0.0,0.0,0.0,-0.005606126505881548,-0.00668526254594326,-0.04337594285607338
776,6,82,2.0,2.0390138626098633,1,1,0.0,0.0,0.0,-0.0020895926281809807,-0.005058981943875551,0.015562324784696102
777,6,83,2.0,2.0467398166656494,1,1,0.0,0.0,0.0,-0.0033858157694339752,-0.004786965437233448,0.014404446817934513
778,6,84,2.0,2.0169639587402344,1,1,0.0,0.0,0.0,-0.0016041985945776105,-0.0038518793880939484,-0.011095257475972176
779,6,85,2.0,1.9366708993911743,1,1,0.0,0.0,0.0,0.0020824859384447336,-0.0073577845469117165,-0.08266802877187729
780,6,86,2.0,1.9955366849899292,1,1,0.0,0.0,0.0,0.0008294056169688702,-0.0064201052300632,-0.03714732825756073
781,6,87,2.0,2.008106231689453,1,1,0.0,0.0,0.0,0.0020030534360557795,-0.0065018548630177975,-0.03506625071167946
782,6,88,2.0,2.0213727951049805,1,1,0.0,0.0,0.0,-0.0006850896752439439,-0.006595477927476168,-0.04234994947910309
783,6,89,2.0,2.025836706161499,1,1,0.0,0.0,0.0,-0.0005812447634525597,-0.006099695339798927,-0.04956936463713646
784,6,90,2.0,2.067690372467041,1,1,0.0,0.0,0.0,-0.0028678965754806995,-0.002839050255715847,-0.019733859226107597
785,6,91,2.0,2.0471067428588867,1,1,0.0,0.0,0.0,-0.005818137899041176,-0.0021101234015077353,-0.029450472444295883
786,6,92,1.0,1.1112738847732544,0,0,0.0,0.0,0.0,-0.00019232474733144045,-0.00375148793682456,0.4944251477718353
787,6,93,1.0,1.0827378034591675,0,0,0.0,0.0,0.0,0.0007523589301854372,-0.003491678275167942,0.5067733526229858
788,6,94,1.0,1.1465576887130737,0,0,0.0,0.0,0.0,-0.002639561193063855,-0.004566109739243984,0.47638630867004395
789,6,95,1.0,1.1022528409957886,0,0,0.0,0.0,0.5,-0.00042688980465754867,-0.0038108110893517733,0.49726977944374084
790,6,96,1.0,1.0319414138793945,0,0,0.0,0.0,0.5,-0.0023152781650424004,-0.00430117454379797,0.5275006294250488
791,6,97,1.0,0.992924690246582,0,0,0.0,0.0,0.5,-0.0032916124910116196,-0.005094493739306927,0.5396220684051514
792,6,98,1.0,0.990563690662384,0,0,0.0,0.0,0.5,-0.0012722508981823921,-0.00463439803570509,0.5436303615570068
793,6,99,1.0,0.98484867811203,0,0,0.0,0.0,0.5,-0.0005890099564567208,-0.004511057864874601,0.53672194480896
794,6,100,1.0,0.9946244359016418,0,0,0.0,0.0,0.5,5.638191942125559e-05,-0.004899428691715002,0.5436818599700928
795,6,101,1.0,0.9886681437492371,0,0,0.0,0.0,0.5,0.0008115759119391441,-0.004065630026161671,0.5442055463790894
796,6,102,1.0,0.9912184476852417,0,0,0.0,0.0,0.5,0.0004600997781381011,-0.0032555880025029182,0.5448160767555237
797,6,103,1.0,1.013045072555542,0,0,0.0,0.0,0.5,0.0016533192247152328,-0.00383556610904634,0.526055634021759
798,6,104,1.0,0.9916791319847107,0,0,0.0,0.0,0.5,0.003987841308116913,-0.0047388686798512936,0.5446732044219971
799,7,0,1.0,0.9836456775665283,0,0,0.0,0.0,0.0,0.1973370462656021,-0.009920621290802956,-0.0030798939988017082
800,7,1,1.0,0.9828439354896545,0,0,0.0,0.0,0.0,0.19614751636981964,-0.009045681916177273,-0.004912746604532003
801,7,2,1.0,0.9806846976280212,0,0,0.0,0.0,0.0,0.19902491569519043,-0.01001390814781189,-0.00535315927118063
802,7,3,1.0,0.9804059267044067,0,0,0.0,0.0,0.0,0.19996362924575806,-0.010064243339002132,-0.004609561525285244
803,7,4,1.0,0.9746531248092651,0,0,0.0,0.0,0.0,0.21665391325950623,-0.007367705460637808,-0.008245670236647129
804,7,5,1.0,0.974618673324585,0,0,0.0,0.0,0.0,0.2168569564819336,-0.0073882173746824265,-0.008062794804573059
805,7,6,1.0,0.9746647477149963,0,0,0.0,0.0,0.0,0.2370302677154541,-0.0038957027718424797,-0.016014153137803078
806,7,7,1.0,0.9746518135070801,0,0,0.0,0.0,0.0,0.2370753139257431,-0.003904816461727023,-0.015962710604071617
807,7,8,1.0,0.9764267206192017,0,0,0.0,0.0,0.0,0.24300813674926758,-0.0031858356669545174,-0.017443355172872543
808,7,9,1.0,0.9764227867126465,0,0,0.0,0.0,0.0,0.24301889538764954,-0.0031883674673736095,-0.017430204898118973
809,7,10,1.0,0.9768908619880676,0,0,0.0,0.0,0.0,0.24599166214466095,-0.0030879087280482054,-0.017910189926624298
810,7,11,1.0,0.976889967918396,0,0,0.25,0.0,0.0,0.24599432945251465,-0.003088676603510976,-0.01790682226419449
811,7,12,1.0,0.9906818270683289,0,0,0.25,0.0,0.0,0.27037569880485535,0.0014743024948984385,-0.02388320118188858
812,7,13,1.0,0.9871240258216858,0,0,0.25,0.0,0.0,0.28042155504226685,0.01088071707636118,-0.027187615633010864
813,7,14,1.0,0.9812359809875488,0,0,0.25,0.0,0.0,0.27941620349884033,0.016444357112050056,-0.0383959598839283
814,7,15,1.0,0.9831261038780212,0,0,0.25,0.0,0.0,0.2794695198535919,0.01442089956253767,-0.026415523141622543
815,7,16,1.0,0.9870685935020447,0,0,0.25,0.0,0.0,0.2787175178527832,0.021649885922670364,-0.03290106728672981
816,7,17,1.0,0.9923684597015381,0,0,0.25,0.0,0.0,0.27347230911254883,0.013609998859465122,-0.033626969903707504
817,7,18,1.0,0.999325156211853,0,0,0.25,0.0,0.0,0.2702091336250305,0.021039465442299843,-0.04044580087065697
818,7,19,1.0,0.9929348230361938,0,0,0.25,0.0,0.0,0.2677968144416809,0.008832857012748718,-0.03386852890253067
819,7,20,1.0,0.9906757473945618,0,0,0.25,0.0,0.0,0.2229723185300827,-0.03720202296972275,-0.0277647003531456
820,7,21,1.0,0.9943432807922363,0,0,0.0,0.0,0.0,0.16329512000083923,-0.1009184941649437,-0.027891162782907486
821,7,22,1.0,0.9830418825149536,0,0,0.0,0.0,0.0,0.061667926609516144,-0.207283154129982,-0.02918495237827301
822,7,23,1.0,0.9793013334274292,0,0,0.0,0.0,0.0,0.01099776104092598,-0.22550414502620697,-0.030148424208164215
823,7,24,1.0,0.9745507836341858,0,0,0.0,0.0,0.0,-0.012172004207968712,-0.2553217113018036,-0.021396318450570107
824,7,25,1.0,0.9748436808586121,0,0,0.0,0.0,0.0,-0.01921006850898266,-0.25524842739105225,-0.021033581346273422
825,7,26,1.0,0.9781419038772583,0,0,0.0,-0.25,0.0,-0.013328026980161667,-0.25096821784973145,-0.017491910606622696
826,7,27,1.0,0.9806950688362122,0,0,0.0,-0.25,0.0,-0.014114074409008026,-0.2592249810695648,-0.012731445953249931
827,7,28,1.0,0.9728999137878418,0,0,0.0,-0.25,0.0,-0.0021572699770331383,-0.2670155465602875,-0.007544990163296461
828,7,29,1.0,0.973628580570221,0,0,0.0,-0.25,0.0,-0.00594347296282649,-0.27170321345329285,-0.006465991027653217
829,7,30,1.0,0.9742516875267029,0,0,0.0,-0.25,0.0,-0.008823116309940815,-0.2780488133430481,-0.005479765124619007
830,7,31,1.0,0.9730269312858582,0,0,0.0,-0.25,0.0,-0.008784393779933453,-0.2801972031593323,-0.0063867708668112755
831,7,32,1.0,0.9660651087760925,0,0,0.0,-0.25,0.0,-0.0037072442937642336,-0.27989745140075684,-0.0014485265128314495
832,7,33,1.0,0.9672554135322571,0,0,0.0,-0.25,0.0,-0.0016865491634234786,-0.2767004370689392,-0.01092310156673193
833,7,34,1.0,0.9817566871643066,0,0,0.0,-0.25,0.0,-0.008085085079073906,-0.249979168176651,-0.020740680396556854
834,7,35,1.0,0.9858009815216064,0,0,0.0,0.0,0.0,-0.00857951957732439,-0.20101498067378998,-0.016528118401765823
835,7,36,1.0,0.9894891381263733,0,0,0.0,0.0,0.0,-0.008250994607806206,-0.1661926507949829,-0.00868495088070631
836,7,37,1.0,0.987964928150177,0,0,0.0,0.0,0.0,-0.004394544288516045,-0.1236199215054512,-0.003072001039981842
837,7,38,1.0,0.992106020450592,0,0,0.0,0.0,0.0,-0.004179889336228371,-0.10728786140680313,0.0021399976685643196
838,7,39,1.0,0.9919429421424866,0,0,0.0,0.0,0.0,-0.0042726388201117516,-0.09935696423053741,0.002955167554318905
839,7,40,1.0,0.9841923713684082,0,0,0.0,0.0,0.0,-0.004961403552442789,-0.0847228616476059,0.00128842331469059
840,7,41,1.0,0.9842110276222229,0,0,0.0,-0.25,0.0,-0.004985133185982704,-0.08333870023488998,0.0013834312558174133
841,7,42,1.0,0.9628570079803467,0,0,0.0,0.0,0.0,-0.003358017187565565,-0.09045539796352386,-0.007273761555552483
842,7,43,1.0,0.9731234312057495,0,0,0.0,0.0,0.0,-0.003668341087177396,-0.05302277207374573,0.0017130039632320404
843,7,44,1.0,0.9923347234725952,0,0,0.0,0.0,0.0,-0.005287452135235071,-0.027975846081972122,0.00622217170894146
844,7,45,1.0,0.9912300109863281,0,0,0.0,0.0,0.0,-0.005074029788374901,-0.024922411888837814,0.00666178110986948
845,7,46,1.0,0.9898281097412109,0,0,0.0,0.0,0.0,-0.0035074343904852867,-0.02165018953382969,0.008418568409979343
846,7,47,1.0,0.9896730780601501,0,0,0.0,0.0,0.0,-0.0035369545221328735,-0.021197499707341194,0.008439202792942524
847,7,48,1.0,0.9918600916862488,0,0,0.0,-0.25,0.0,-0.002093220129609108,-0.02120465412735939,0.011276806704699993
848,7,49,1.0,0.9975713491439819,0,0,0.0,0.0,0.0,0.001292121596634388,-0.031212395057082176,0.00871064979583025
849,7,50,1.0,0.9868201613426208,0,0,0.0,0.0,0.0,-0.0020609740167856216,-0.017469394952058792,-0.001283738762140274
850,7,51,1.0,0.9879918098449707,0,0,0.0,0.0,0.0,-0.0005459539243020117,-0.013852174393832684,0.0008512428030371666
851,7,52,1.0,0.9818653464317322,0,0,0.0,0.0,0.0,-0.002060693223029375,-0.009807433001697063,-0.0017351792193949223
852,7,53,1.0,0.9817529916763306,0,0,0.0,0.0,0.0,-0.0021037189289927483,-0.009186952374875546,-0.0017022094689309597
853,7,54,1.0,0.9712748527526855,0,0,0.0,0.0,0.0,-0.0011025823187083006,-0.006770303938537836,-0.0015887483023107052
854,7,55,1.0,0.9712821245193481,0,0,0.0,0.0,0.0,-0.0011036875657737255,-0.006682338193058968,-0.0016007637605071068
855,7,56,1.0,0.9707624316215515,0,0,0.0,0.0,0.0,-0.0019550847355276346,-0.007140233647078276,-0.0021976549178361893
856,7,57,1.0,0.9707646369934082,0,0,0.0,-0.25,0.0,-0.0019521091599017382,-0.007120172958821058,-0.002199249342083931
857,7,58,1.0,0.9745691418647766,0,0,0.0,0.0,0.0,-0.0016006584046408534,-0.013374395668506622,0.00030220020562410355
858,7,59,1.0,0.9792359471321106,0,0,0.0,0.0,0.0,-0.001422780565917492,-0.007931919768452644,-0.0008070599287748337
859,7,60,1.0,0.9789214730262756,0,0,0.0,0.0,0.0,-0.0027809347957372665,-0.003466062480583787,-0.013306433334946632
860,7,61,1.0,0.979169487953186,0,0,0.0,0.0,0.0,-0.002064142609015107,-0.002070354763418436,-0.013166651129722595
861,7,62,1.0,0.9806708097457886,0,0,0.0,0.0,0.0,-0.002074824646115303,-0.0004764450713992119,-0.013466970063745975
862,7,63,1.0,0.9806499481201172,0,0,0.0,0.0,0.0,-0.0020977729000151157,-0.0003152420977130532,-0.013586529530584812
863,7,64,1.0,0.9824719429016113,0,0,0.25,0.0,0.0,-0.0018220291240140796,-0.000965848274063319,-0.01229802519083023
864,7,65,1.0,0.9872732758522034,0,0,0.0,0.0,0.0,0.011409429833292961,0.0018040877766907215,0.005119663663208485
865,7,66,1.0,0.9865593910217285,0,0,0.0,0.0,0.0,0.004526936449110508,0.0011570844799280167,0.0034417109563946724
866,7,67,1.0,0.9883790612220764,0,0,0.0,0.0,0.0,0.0030510681681334972,-0.00038938852958381176,0.007106059230864048
867,7,68,1.0,0.987028956413269,0,0,0.0,0.0,0.0,-0.00044721056474372745,-0.0007436450105160475,0.011498426087200642
868,7,69,1.0,0.9872413277626038,0,0,0.0,0.0,0.0,-0.0009596522431820631,-0.0008879177621565759,0.011338979937136173
869,7,70,1.0,0.9869200587272644,0,0,0.25,0.0,0.0,0.0006057724822312593,-0.0010380095336586237,0.005098765715956688
870,7,71,1.0,0.9858935475349426,0,0,0.0,0.0,0.0,0.010382208973169327,0.0009353222558274865,0.013551282696425915
871,7,72,1.0,0.9761602878570557,0,0,0.0,0.0,0.0,0.005917471833527088,0.0022520001512020826,-0.09089940041303635
872,7,73,1.0,0.9784793853759766,0,0,0.0,0.0,0.0,0.003433474339544773,0.0008164697792381048,-0.14587318897247314
873,7,74,1.0,0.9762175679206848,0,0,0.0,0.0,0.0,0.0001335891429334879,0.00022822170285508037,-0.0844220221042633
874,7,75,1.0,0.976317822933197,0,0,0.0,0.0,0.0,-0.00035429548006504774,7.359677692875266e-05,-0.08485469967126846
875,7,76,1.0,0.9803526401519775,0,0,0.0,0.0,0.0,-0.0008425347623415291,9.730888996273279e-05,-0.03079409897327423
876,7,77,1.0,0.9803736805915833,0,0,0.0,0.0,0.0,-0.0009166265954263508,7.464404916390777e-05,-0.030909858644008636
877,7,78,1.0,0.97654789686203,0,0,0.0,0.0,-0.5,-0.0005541391437873244,-8.244687342084944e-05,-0.15535564720630646
878,7,79,1.0,1.0020338296890259,0,0,0.0,0.0,-0.5,-0.007766857277601957,-0.005250608082860708,-0.5373186469078064
879,7,80,1.0,0.9963665008544922,0,0,0.0,0.0,-0.5,-0.0051109339110553265,-0.0027434288058429956,-0.5444868803024292
880,7,81,1.0,0.9882370233535767,0,0,0.0,0.0,-0.5,-0.004884900990873575,-0.004321909509599209,-0.5466427206993103
881,7,82,1.0,0.9754756689071655,0,0,0.0,0.0,-0.5,-0.004918580409139395,-0.0035566745791584253,-0.5514691472053528
882,7,83,1.0,0.9580560326576233,0,0,0.0,0.0,-0.5,-0.00520004378631711,-0.005659214686602354,-0.5543974041938782
883,7,84,1.0,0.9474272727966309,0,0,0.0,0.0,-0.5,-0.005998087115585804,-0.004126343876123428,-0.5608832836151123
884,7,85,1.0,0.9447396397590637,0,0,0.0,0.0,-0.5,-0.006745490711182356,-0.004211432300508022,-0.557224452495575
885,7,86,1.0,0.9746549129486084,0,0,0.0,0.0,-0.5,-0.006003866903483868,-0.0028458235319703817,-0.5540382862091064
886,7,87,1.0,0.9676378965377808,0,0,0.0,0.0,-0.5,-0.008239606395363808,-0.003380735171958804,-0.5587143898010254
887,7,88,1.0,1.7294232845306396,0,1,0.0,0.0,-0.5,-0.005729876924306154,-0.0062254914082586765,-0.20579074323177338
888,7,89,1.0,1.7362412214279175,0,1,0.0,0.0,0.0,-0.005734192207455635,-0.006354672368615866,-0.20191584527492523
889,7,90,1.0,1.9658702611923218,0,1,0.0,0.0,0.0,-0.005525365937501192,-0.005826842971146107,-0.061445653438568115
890,7,91,1.0,1.9665998220443726,0,1,0.0,0.0,0.0,-0.00548916170373559,-0.005826318636536598,-0.060929834842681885
891,7,92,2.0,1.947809100151062,1,1,0.0,0.0,0.0,-0.004739521071314812,-0.006267725024372339,-0.07791280746459961
892,7,93,2.0,2.0147666931152344,1,1,0.0,0.0,0.0,-0.004116754047572613,-0.00502396747469902,-0.008985532447695732
893,7,94,2.0,2.0094680786132812,1,1,0.0,0.0,0.0,0.00014317035675048828,-0.004094529431313276,-0.03871447592973709
894,7,95,2.0,1.9740239381790161,1,1,0.0,0.0,0.0,0.000989851076155901,-0.003841073252260685,-0.06826428323984146
895,7,96,2.0,1.9982759952545166,1,1,0.0,0.0,0.0,0.0024452887009829283,-0.003977079875767231,-0.05473209545016289
896,7,97,2.0,2.01747727394104,1,1,0.0,0.0,0.0,0.0029073418118059635,-0.0045237489975988865,-0.04539279639720917
897,7,98,2.0,2.016448497772217,1,1,0.0,0.0,0.0,-0.0005936843808740377,-0.0027438492979854345,-0.05473490059375763
898,7,99,2.0,2.044644832611084,1,1,0.0,0.0,0.0,-0.001332812593318522,-0.0028084118384867907,-0.04603584110736847
899,7,100,2.0,2.084951639175415,1,1,0.0,0.0,0.0,-0.0030701037030667067,-0.004950371105223894,-0.033281516283750534
900,7,101,1.0,2.0811922550201416,0,1,0.0,0.0,0.0,-0.0029757670126855373,-0.006451127119362354,-0.024381574243307114
901,7,102,1.0,1.0888307094573975,0,0,0.0,0.0,0.0,0.000108012231066823,-0.002635735319927335,0.5032274723052979
902,7,103,1.0,1.1718107461929321,0,0,0.0,0.0,0.5,0.000317945028655231,-0.0036525854375213385,0.4669872522354126
903,7,104,1.0,1.2585726976394653,0,0,0.0,0.0,0.5,-0.0014595986576750875,-0.00354216992855072,0.4493559002876282
904,7,105,1.0,1.1697473526000977,0,0,0.0,0.0,0.5,0.0011485684663057327,-0.005918989423662424,0.48697832226753235
905,7,106,1.0,1.0012154579162598,0,0,0.0,0.0,0.5,-0.002356263343244791,-0.0033620879985392094,0.5412676930427551
906,7,107,1.0,0.9813759326934814,0,0,0.0,0.0,0.5,-0.002012428129091859,-0.0033072223886847496,0.5445560812950134
907,7,108,1.0,0.9844213724136353,0,0,0.0,0.0,0.5,-0.0012152317212894559,-0.001416602055542171,0.5451624393463135
908,7,109,1.0,0.9663665890693665,0,0,0.0,0.0,0.5,-0.0033961471635848284,-0.0011105737648904324,0.5454233884811401
909,7,110,1.0,0.9864399433135986,0,0,0.0,0.0,0.5,-0.0024000077974051237,-0.0008245720528066158,0.5371509790420532
910,7,111,1.0,0.9874330759048462,0,0,0.0,0.0,0.5,-0.000930877635255456,-0.0008760753553360701,0.5338631272315979
911,7,112,1.0,0.9745081067085266,0,0,0.0,0.0,0.5,0.002594035118818283,-0.0025024879723787308,0.5442611575126648
912,8,0,1.0,1.0089707374572754,0,0,0.0,0.0,0.0,-0.05076225847005844,-0.011255582794547081,-0.013980764895677567
913,8,1,1.0,1.0027753114700317,0,0,0.0,0.0,0.0,-0.07308685034513474,-0.00915395189076662,-0.021301144734025
914,8,2,1.0,1.0012933015823364,0,0,0.0,0.0,0.0,-0.06982261687517166,-0.01184337493032217,-0.021773479878902435
915,8,3,1.0,1.0017662048339844,0,0,0.0,0.0,0.0,-0.06529956310987473,-0.012426938861608505,-0.020225927233695984
916,8,4,1.0,0.9985334277153015,0,0,0.0,0.0,0.0,-0.09527453035116196,-0.011661187745630741,-0.021251073107123375
917,8,5,1.0,0.9987635612487793,0,0,0.0,0.0,0.0,-0.09434961527585983,-0.011844134889543056,-0.020887982100248337
918,8,6,1.0,0.9899336695671082,0,0,0.0,0.0,0.0,-0.12340177595615387,-0.012452722527086735,-0.018495848402380943
919,8,7,1.0,0.9899755120277405,0,0,0.0,0.0,0.0,-0.12319784611463547,-0.012488397769629955,-0.018374571576714516
920,8,8,1.0,0.9916073083877563,0,0,0.0,0.0,0.0,-0.11564666032791138,-0.011644132435321808,-0.018804799765348434
921,8,9,1.0,0.9916172623634338,0,0,-0.25,0.0,0.0,-0.11560710519552231,-0.011651705950498581,-0.018777787685394287
922,8,10,1.0,0.9527785778045654,0,0,-0.25,0.0,0.0,-0.2621237337589264,0.008035068400204182,-0.020718131214380264
923,8,11,1.0,0.9576317667961121,0,0,-0.25,0.0,0.0,-0.27079012989997864,0.010658016428351402,-0.026765696704387665
924,8,12,1.0,0.9693441390991211,0,0,-0.25,0.0,0.0,-0.27632665634155273,0.01693820208311081,-0.024519437924027443
925,8,13,1.0,0.9701564311981201,0,0,-0.25,0.0,0.0,-0.28051185607910156,0.011802731081843376,-0.020375337451696396
926,8,14,1.0,0.9694939255714417,0,0,-0.25,0.0,0.0,-0.2825591564178467,0.012784111313521862,-0.008349708281457424
927,8,15,1.0,0.9699062705039978,0,0,-0.25,0.0,0.0,-0.27515342831611633,0.01430134754627943,-0.008287183940410614
928,8,16,1.0,0.9838356375694275,0,0,-0.25,0.0,0.0,-0.2743956446647644,0.005070990417152643,-0.020196855068206787
929,8,17,1.0,0.9746264219284058,0,0,-0.25,0.0,0.0,-0.27343088388442993,-0.012482092715799809,-0.008856811560690403
930,8,18,1.0,0.9737415313720703,0,0,-0.25,0.0,0.0,-0.24419951438903809,-0.048490069806575775,-0.012651380151510239
931,8,19,1.0,0.9725050926208496,0,0,0.0,0.0,0.0,-0.23258769512176514,-0.0603264644742012,-0.003799059893935919
932,8,20,1.0,0.9785113334655762,0,0,0.0,0.0,0.0,-0.09530959278345108,-0.20738618075847626,0.0027016503736376762
933,8,21,1.0,0.980551540851593,0,0,0.0,0.0,0.0,-0.033333223313093185,-0.2343667894601822,-0.0005435813218355179
934,8,22,1.0,0.9802542328834534,0,0,0.0,0.0,0.0,-0.004373661708086729,-0.2575106918811798,-0.004767471458762884
935,8,23,1.0,0.9814110994338989,0,0,0.0,-0.25,0.0,0.0005860392702743411,-0.25851842761039734,-0.005647832527756691
936,8,24,1.0,0.9730306267738342,0,0,0.0,-0.25,0.0,-0.005500719882547855,-0.2658323049545288,-0.0030069900676608086
937,8,25,1.0,0.9791758060455322,0,0,0.0,-0.25,0.0,-0.0015458168927580118,-0.26600024104118347,-0.006604636088013649
938,8,26,1.0,0.9609823226928711,0,0,0.0,-0.25,0.0,-0.004946126136928797,-0.2695903182029724,-0.0030961083248257637
939,8,27,1.0,0.9649935364723206,0,0,0.0,-0.25,0.0,0.0008901569526642561,-0.28098949790000916,-0.004955907817929983
940,8,28,1.0,0.9676797986030579,0,0,0.0,-0.25,0.0,-0.006647841073572636,-0.28495314717292786,-0.0029117967933416367
941,8,29,1.0,0.9705453515052795,0,0,0.0,-0.25,0.0,-0.002510515972971916,-0.2874939441680908,-0.009982064366340637
942,8,30,1.0,0.973526120185852,0,0,0.0,-0.25,0.0,-0.006097009871155024,-0.28121036291122437,-0.009763630107045174
943,8,31,1.0,0.9816389679908752,0,0,0.0,0.0,0.0,-0.00872030295431614,-0.265331506729126,-0.0032933452166616917
944,8,32,1.0,0.9874208569526672,0,0,0.0,0.0,0.0,-0.0005886637372896075,-0.22440007328987122,-0.003547040279954672
945,8,33,1.0,0.9890403151512146,0,0,0.0,0.0,0.0,0.0033189202658832073,-0.18966978788375854,0.008683566935360432
946,8,34,1.0,0.9745923280715942,0,0,0.0,0.0,0.0,0.0027077472768723965,-0.14359240233898163,0.023097191005945206
947,8,35,1.0,0.9740980267524719,0,0,0.0,0.0,0.0,0.002614261582493782,-0.13083797693252563,0.02528960257768631
948,8,36,1.0,0.969367265701294,0,0,0.0,0.0,0.0,0.0033044619485735893,-0.1051160991191864,0.023433972150087357
949,8,37,1.0,0.9694955348968506,0,0,0.0,-0.25,0.0,0.003273552283644676,-0.10369453579187393,0.02362341806292534
950,8,38,1.0,0.9677932262420654,0,0,0.0,-0.25,0.0,0.0011974016670137644,-0.1030636727809906,0.010217276401817799
951,8,39,1.0,0.9874064326286316,0,0,0.0,0.0,0.0,8.455140050500631e-05,-0.08122177422046661,0.014468011446297169
952,8,40,1.0,0.9967734217643738,0,0,0.0,0.0,0.0,-0.0020797112956643105,-0.04250466078519821,0.02027135342359543
953,8,41,1.0,0.9935316443443298,0,0,0.0,0.0,0.0,-0.0014576344983652234,-0.03309633582830429,0.02339935675263405
954,8,42,1.0,0.993592381477356,0,0,0.0,0.0,0.0,-0.003859066404402256,-0.02253587730228901,0.023543979972600937
955,8,43,1.0,0.9933968782424927,0,0,0.0,0.0,0.0,-0.004133997485041618,-0.02113623358309269,0.024067912250757217
956,8,44,1.0,0.9921156167984009,0,0,0.0,0.0,0.0,-0.004317835904657841,-0.017247391864657402,0.015025724656879902
957,8,45,1.0,0.9920654296875,0,0,0.0,-0.25,0.0,-0.004357633180916309,-0.017019862309098244,0.015051799826323986
958,8,46,1.0,0.993516206741333,0,0,0.0,-0.25,0.0,-0.005471847485750914,-0.022761689499020576,-0.006157984491437674
959,8,47,1.0,0.9811779260635376,0,0,0.0,-0.25,0.0,-0.010357614606618881,-0.02448996715247631,-0.0042783464305102825
960,8,48,1.0,0.979331910610199,0,0,0.0,0.0,0.0,-0.02133268490433693,-0.02023770473897457,0.008757631294429302
961,8,49,1.0,0.9741976857185364,0,0,0.0,0.0,0.0,-0.021819792687892914,-0.010756654664874077,0.006982454098761082
962,8,50,1.0,0.9738834500312805,0,0,0.0,0.0,0.0,-0.025278456509113312,-0.005714183673262596,0.001890202984213829
963,8,51,1.0,0.9733139276504517,0,0,0.0,0.0,0.0,-0.025718361139297485,-0.0037359360139817,0.001555134542286396
964,8,52,1.0,0.9763033986091614,0,0,0.0,0.0,0.0,-0.02583920583128929,-0.00168851378839463,-0.0007965946570038795
965,8,53,1.0,0.9762325882911682,0,0,0.0,0.0,0.0,-0.025875531136989594,-0.0013819324085488915,-0.0009964657947421074
966,8,54,1.0,0.9765239953994751,0,0,-0.25,0.0,0.0,-0.024133188650012016,-0.0008841733797453344,-0.0020077605731785297
967,8,55,1.0,0.9817995429039001,0,0,-0.25,0.0,0.0,-0.0327153354883194,-0.005282312165945768,-0.0031678867526352406
968,8,56,1.0,0.9845961332321167,0,0,0.0,0.0,0.0,-0.03242636099457741,-0.005816833581775427,-0.0053837234154343605
969,8,57,1.0,0.988398015499115,0,0,0.0,0.0,0.0,-0.025071393698453903,-0.0025208410806953907,0.00669377576559782
970,8,58,1.0,0.9924997687339783,0,0,0.0,0.0,0.0,-0.019687382504343987,-0.0027591371908783913,0.004768910817801952
971,8,59,1.0,0.9921594262123108,0,0,0.0,0.0,0.0,-0.01890816166996956,-0.0025856229476630688,0.0030785491690039635
972,8,60,1.0,0.9909156560897827,0,0,0.0,0.0,0.0,-0.016044940799474716,-0.0018342970870435238,0.008005945943295956
973,8,61,1.0,0.9908410906791687,0,0,-0.25,0.0,0.0,-0.015915522351861,-0.0017757939640432596,0.008013381622731686
974,8,62,1.0,0.9878969788551331,0,0,-0.25,0.0,0.0,-0.017373964190483093,-0.00536281056702137,-0.001247406005859375
975,8,63,1.0,0.9821524620056152,0,0,0.0,0.0,0.0,-0.01555933803319931,-0.006297620013356209,-0.025815382599830627
976,8,64,1.0,0.9771033525466919,0,0,0.0,0.0,0.0,-0.006454222835600376,-0.0009940799791365862,-0.2324810028076172
977,8,65,1.0,0.975886881351471,0,0,0.0,0.0,0.0,-0.0032690330408513546,-0.0014914885396137834,-0.17115376889705658
978,8,66,1.0,0.974919319152832,0,0,0.0,0.0,0.0,-0.006557610351592302,-0.003395364386960864,-0.47812923789024353
979,8,67,1.0,0.9748892188072205,0,0,0.0,0.0,0.0,-0.006208340637385845,-0.003260019002482295,-0.4782402217388153
980,8,68,1.0,0.9800091981887817,0,0,0.0,0.0,0.0,-0.007041888777166605,-0.004309250041842461,-0.5239917635917664
981,8,69,1.0,0.9800103902816772,0,0,0.0,0.0,0.0,-0.007002237718552351,-0.004293404519557953,-0.5239663124084473
982,8,70,1.0,0.9861791133880615,0,0,0.0,0.0,-0.5,-0.006807860918343067,-0.004377451259642839,-0.5384437441825867
983,8,71,1.0,0.9903814792633057,0,0,0.0,0.0,-0.5,-0.00869844015687704,-0.004284746013581753,-0.5520884990692139
984,8,72,1.0,0.9912070035934448,0,0,0.0,0.0,-0.5,-0.00951974093914032,-0.002878338098526001,-0.5468819737434387
985,8,73,1.0,0.9933804273605347,0,0,0.0,0.0,-0.5,-0.01099567674100399,-0.002779619302600622,-0.5435516238212585
986,8,74,1.0,0.9862056970596313,0,0,0.0,0.0,-0.5,-0.00835849903523922,-0.0013393370900303125,-0.5432636737823486
987,8,75,1.0,0.9855730533599854,0,0,0.0,0.0,-0.5,-0.006385234650224447,-0.0036321734078228474,-0.5497058033943176
988,8,76,1.0,0.9647179245948792,0,0,0.0,0.0,-0.5,-0.004517994821071625,-0.004309813492000103,-0.5487048029899597
989,8,77,1.0,0.9576646089553833,0,0,0.0,0.0,-0.5,-0.006995821837335825,-0.006332970689982176,-0.5533909797668457
990,8,78,1.0,0.9487771987915039,0,0,0.0,0.0,-0.5,-0.00968777947127819,-0.004555853549391031,-0.5676739811897278
991,8,79,1.0,0.9538794755935669,0,0,0.0,0.0,-0.5,-0.01032101921737194,-0.0044346642680466175,-0.568303644657135
992,8,80,1.0,1.0265452861785889,0,0,0.0,0.0,-0.5,-0.009745322167873383,-0.003917889669537544,-0.5440587401390076
993,8,81,1.0,1.0372669696807861,0,0,0.0,0.0,-0.5,-0.009807087481021881,-0.003995396196842194,-0.5400521755218506
994,8,82,1.0,1.5239293575286865,0,1,0.0,0.0,0.0,-0.005590720102190971,-0.006858078762888908,-0.30652135610580444
995,8,83,1.0,1.5331871509552002,0,1,0.0,0.0,0.0,-0.0054741110652685165,-0.006965926848351955,-0.30175724625587463
996,8,84,1.0,1.8025777339935303,0,1,0.0,0.0,0.0,-0.0038930498994886875,-0.006610057782381773,-0.15847496688365936
997,8,85,2.0,1.8050119876861572,1,1,0.0,0.0,0.0,-0.0038699423894286156,-0.006617603357881308,-0.15707555413246155
998,8,86,2.0,1.9669418334960938,1,1,0.0,0.0,0.0,-0.006512688472867012,-0.006218843627721071,-0.05491223186254501
999,8,87,2.0,1.9654815196990967,1,1,0.0,0.0,0.0,-0.0041090259328484535,-0.00735134445130825,-0.07443159818649292
1000,8,88,2.0,2.0132265090942383,1,1,0.0,0.0,0.0,-0.0024658148176968098,-0.005550813861191273,-0.03641020879149437
1001,8,89,2.0,1.95741868019104,1,1,0.0,0.0,0.0,-0.0051523614674806595,-0.0060371533036231995,-0.08551322668790817
1002,8,90,2.0,2.024038791656494,1,1,0.0,0.0,0.0,0.0007238774560391903,-0.004260825924575329,-0.028201721608638763
1003,8,91,2.0,2.024341106414795,1,1,0.0,0.0,0.0,0.0006383478175848722,-0.004245547577738762,-0.027852699160575867
1004,8,92,2.0,2.0603837966918945,1,1,0.0,0.0,0.0,-0.00029180722776800394,-0.002510969527065754,-0.013056805357336998
1005,8,93,2.0,2.060429096221924,1,1,0.0,0.0,0.0,-0.00032596231903880835,-0.002514904597774148,-0.013039106503129005
1006,8,94,2.0,2.0603036880493164,1,1,0.0,0.0,0.0,-0.00023124809376895428,-0.0026398736517876387,-0.013257421553134918
1007,8,95,2.0,2.0603227615356445,1,1,0.0,0.0,0.0,-0.00025182252284139395,-0.0026459801010787487,-0.013284028507769108
1008,8,96,1.0,2.059720993041992,0,1,0.0,0.0,0.0,-0.0004977458156645298,-0.002889267634600401,-0.01544157974421978
1009,8,97,1.0,2.059739112854004,0,1,0.0,0.0,0.0,-0.000511298596393317,-0.002891112584620714,-0.015479221940040588
1010,8,98,1.0,2.0703532695770264,0,1,0.0,0.0,0.0,-0.000779869791585952,-0.002135044429451227,-0.016306672245264053
1011,8,99,1.0,2.0703747272491455,0,1,0.0,0.0,0.0,-0.0007952611777000129,-0.002137739211320877,-0.016344426199793816
1012,8,100,1.0,2.0640993118286133,0,1,0.0,0.0,0.5,-0.0005600762087851763,-0.0012485100887715816,-0.02177968993782997
1013,8,101,1.0,2.0423460006713867,0,1,0.0,0.0,0.5,-0.0039027987513691187,-0.003234668867662549,0.03019968792796135
1014,8,102,1.0,1.3408713340759277,0,0,0.0,0.0,0.5,-0.0018366004806011915,-0.0046520777978003025,0.4150591194629669
1015,8,103,1.0,0.9927254319190979,0,0,0.0,0.0,0.5,-0.0027552542742341757,-0.0037693101912736893,0.5389561057090759
1016,8,104,1.0,1.0092554092407227,0,0,0.0,0.0,0.5,0.0021037128753960133,-0.002788607031106949,0.5356453061103821
1017,8,105,1.0,1.012908697128296,0,0,0.0,0.0,0.5,0.004282653797417879,-0.0017485592979937792,0.5346838235855103
1018,8,106,1.0,0.9805934429168701,0,0,0.0,0.0,0.5,0.0012233280576765537,-0.002023023087531328,0.5355441570281982
1019,8,107,1.0,0.9647448658943176,0,0,0.0,0.0,0.5,-0.0008959168917499483,-0.005650189705193043,0.538257360458374
1020,9,0,1.0,0.9784508943557739,0,0,0.0,0.0,0.0,0.17434430122375488,0.003439013846218586,-0.009418012574315071
1021,9,1,1.0,0.9791577458381653,0,0,0.0,0.0,0.0,0.16925500333309174,0.004060711245983839,-0.013996921479701996
1022,9,2,1.0,0.9757773280143738,0,0,0.0,0.0,0.0,0.175960972905159,0.005241977982223034,-0.014842730015516281
1023,9,3,1.0,0.9745622277259827,0,0,0.0,0.0,0.0,0.17857803404331207,0.004239236935973167,-0.011757958680391312
1024,9,4,1.0,0.9746206402778625,0,0,0.0,0.0,0.0,0.1929675191640854,0.003715819213539362,-0.011939817108213902
1025,9,5,1.0,0.9745684862136841,0,0,0.0,0.0,0.0,0.19333617389202118,0.0035819844342768192,-0.011603202670812607
1026,9,6,1.0,0.9774535894393921,0,0,0.0,0.0,0.0,0.20693469047546387,0.0018319927621632814,-0.009069185703992844
1027,9,7,1.0,0.9774520993232727,0,0,0.0,0.0,0.0,0.20700900256633759,0.0018028032500296831,-0.00898410938680172
1028,9,8,1.0,0.9776749610900879,0,0,0.0,0.0,0.0,0.21268102526664734,0.0012765679275617003,-0.01111716777086258
1029,9,9,1.0,0.9776739478111267,0,0,0.25,0.0,0.0,0.21269701421260834,0.0012694321339949965,-0.011094797402620316
1030,9,10,1.0,0.9738054275512695,0,0,0.25,0.0,0.0,0.25783148407936096,-0.012249511666595936,-0.02533040940761566
1031,9,11,1.0,0.9684106111526489,0,0,0.25,0.0,0.0,0.26132655143737793,-0.013537848368287086,-0.03662775084376335
1032,9,12,1.0,0.9791080951690674,0,0,0.25,0.0,0.0,0.26343637704849243,-0.01721121184527874,-0.04109248146414757
1033,9,13,1.0,0.9762433767318726,0,0,0.25,0.0,0.0,0.26812228560447693,-0.018753936514258385,-0.04680252447724342
1034,9,14,1.0,0.9744207859039307,0,0,0.25,0.0,0.0,0.2711866796016693,-0.018870627507567406,-0.05055589973926544
1035,9,15,1.0,0.9725414514541626,0,0,0.25,0.0,0.0,0.26939526200294495,-0.021936194971203804,-0.04999024048447609
1036,9,16,1.0,0.9645771980285645,0,0,0.25,0.0,0.0,0.2587699592113495,-0.013920233584940434,-0.0321287177503109
1037,9,17,1.0,0.9668617248535156,0,0,0.25,0.0,0.0,0.2484235018491745,-0.005201730411499739,-0.04199536144733429
1038,9,18,1.0,0.9674133658409119,0,0,0.25,0.0,0.0,0.19923660159111023,0.065884530544281,-0.025931935757398605
1039,9,19,1.0,0.9801923036575317,0,0,0.0,0.0,0.0,0.11361796408891678,0.17436765134334564,-0.015677709132432938
1040,9,20,1.0,0.9778207540512085,0,0,0.0,0.0,0.0,0.039624013006687164,0.23245348036289215,-0.005650172010064125
1041,9,21,1.0,0.9681227207183838,0,0,0.0,0.0,0.0,-0.0004769655643031001,0.24549449980258942,-0.009362730197608471
1042,9,22,1.0,0.9642828702926636,0,0,0.0,0.0,0.0,-0.00618920149281621,0.253273069858551,-0.0066805193200707436
1043,9,23,1.0,0.9639884233474731,0,0,0.0,0.25,0.0,-0.010472571477293968,0.25611793994903564,-0.004505028482526541
1044,9,24,1.0,0.9603254795074463,0,0,0.0,0.25,0.0,-0.0008132405346259475,0.26424020528793335,-0.00404678238555789
1045,9,25,1.0,0.9718838930130005,0,0,0.0,0.25,0.0,0.0002829778240993619,0.2782391309738159,0.029750794172286987
1046,9,26,1.0,0.976283848285675,0,0,0.0,0.25,0.0,-0.0027996310964226723,0.2834083139896393,0.023164819926023483
1047,9,27,1.0,0.9804723858833313,0,0,0.0,0.25,0.0,0.004064464475959539,0.2895714342594147,0.024411965161561966
1048,9,28,1.0,0.9793787598609924,0,0,0.0,0.25,0.0,-0.0020232382230460644,0.2874292731285095,0.02157791331410408
1049,9,29,1.0,0.9852343201637268,0,0,0.0,0.25,0.0,0.0007224318105727434,0.2775823771953583,0.03273819759488106
1050,9,30,1.0,0.995234489440918,0,0,0.0,0.25,0.0,0.0018527049105614424,0.25463923811912537,0.032412800937891006
1051,9,31,1.0,0.9934121966362,0,0,0.0,0.25,0.0,0.0013538391795009375,0.22446250915527344,0.039840035140514374
1052,9,32,1.0,0.9986850619316101,0,0,0.0,0.0,0.0,-0.004305759910494089,0.16848421096801758,0.026888683438301086
1053,9,33,1.0,0.9876430034637451,0,0,0.0,0.0,0.0,-0.004130370914936066,0.10241671651601791,0.02942192181944847
1054,9,34,1.0,0.98448646068573,0,0,0.0,0.0,0.0,-0.00879911333322525,0.05368678271770477,0.01925552263855934
1055,9,35,1.0,0.9883393049240112,0,0,0.0,0.0,0.0,-0.010650351643562317,0.024043506011366844,0.01952844113111496
1056,9,36,1.0,0.9874780178070068,0,0,0.0,0.0,0.0,-0.00933687761425972,0.014928874559700489,0.010889667086303234
1057,9,37,1.0,0.9876729846000671,0,0,0.0,0.0,0.0,-0.009589370340108871,0.011012207716703415,0.010430893860757351
1058,9,38,1.0,0.9893401265144348,0,0,0.0,0.25,0.0,-0.010327231138944626,0.001069455174729228,0.011008900590240955
1059,9,39,1.0,0.9883895516395569,0,0,0.0,0.0,0.0,-0.0080315712839365,0.10343840718269348,0.02310750260949135
1060,9,40,1.0,0.9887557625770569,0,0,0.0,0.0,0.0,-0.0018725740956142545,0.044500403106212616,0.008871614001691341
1061,9,41,1.0,0.9887246489524841,0,0,0.0,0.0,0.0,-0.001354911713860929,0.02279842644929886,0.00787776056677103
1062,9,42,1.0,0.9794687032699585,0,0,0.0,0.0,0.0,-0.0039503248408436775,0.0025933142751455307,0.005069274455308914
1063,9,43,1.0,0.9795792698860168,0,0,0.0,0.0,0.0,-0.004088949877768755,0.00011676107533276081,0.004790527746081352
1064,9,44,1.0,0.9877712726593018,0,0,0.0,0.0,0.0,-0.0008468992309644818,0.0010229937033727765,0.015197732485830784
1065,9,45,1.0,0.9878265857696533,0,0,0.0,0.25,0.0,-0.0008595990366302431,0.0007706196047365665,0.015169723890721798
1066,9,46,1.0,0.9897883534431458,0,0,0.0,0.0,0.0,0.0052780346013605595,0.022585265338420868,0.015415222384035587
1067,9,47,1.0,0.9875133037567139,0,0,0.0,0.0,0.0,0.004135194234549999,0.00987306796014309,0.008338863961398602
1068,9,48,1.0,0.978955090045929,0,0,0.0,0.0,0.0,0.0032905745320022106,0.0034638873767107725,-0.01236818078905344
1069,9,49,1.0,0.9791226387023926,0,0,0.0,0.0,0.0,0.002790512051433325,0.0017262715846300125,-0.011916277930140495
1070,9,50,1.0,0.9727375507354736,0,0,0.0,0.0,0.0,0.0010007251985371113,-7.316676783375442e-05,-0.012121659703552723
1071,9,51,1.0,0.9726855754852295,0,0,0.0,0.0,0.0,0.0009730772580951452,-0.00032797831227071583,-0.012060077860951424
1072,9,52,1.0,0.9767022132873535,0,0,0.0,0.0,0.0,0.0022963315714150667,0.00012395161320455372,-0.008894276805222034
1073,9,53,1.0,0.9766899347305298,0,0,0.25,0.0,0.0,0.00228730496019125,6.772435153834522e-05,-0.00886864960193634
1074,9,54,1.0,0.9632683396339417,0,0,0.25,0.0,0.0,0.01287831924855709,-0.0025417020078748465,-0.0024429229088127613
1075,9,55,1.0,0.9648940563201904,0,0,0.0,0.0,0.0,0.021105416119098663,-0.00033552167587913573,0.006763550452888012
1076,9,56,1.0,0.9703989028930664,0,0,0.0,0.0,0.0,0.007416245993226767,-0.007068519946187735,0.012367910705506802
1077,9,57,1.0,0.9736291766166687,0,0,0.0,0.0,0.0,-8.851056918501854e-07,-0.007380249444395304,0.010660593397915363
1078,9,58,1.0,0.9815487265586853,0,0,0.0,0.0,0.0,-0.002178167924284935,-0.0018059698631986976,0.0202411487698555
1079,9,59,1.0,0.9819257259368896,0,0,0.0,0.0,0.0,-0.0033383099362254143,-0.0018131007673218846,0.019853658974170685
1080,9,60,1.0,0.9809771180152893,0,0,0.0,0.0,0.0,-9.355135262012482e-06,0.0016530861612409353,-0.12068967521190643
1081,9,61,1.0,0.9809773564338684,0,0,0.0,0.0,0.0,-0.00017388979904353619,0.001640924485400319,-0.1210097149014473
1082,9,62,1.0,0.9844668507575989,0,0,0.0,0.25,0.0,-0.0026532141491770744,0.0017109327018260956,-0.019588161259889603
1083,9,63,1.0,0.9822339415550232,0,0,0.0,0.0,0.0,-0.004446890205144882,0.009738339111208916,0.010982970707118511
1084,9,64,1.0,0.9830231666564941,0,0,0.0,0.0,0.0,0.0058138021267950535,0.0033730394206941128,0.022853180766105652
1085,9,65,1.0,0.9848933815956116,0,0,0.0,0.0,0.0,0.004790931474417448,0.0003537454176694155,0.022526409476995468
1086,9,66,1.0,0.9821602702140808,0,0,0.0,0.0,0.0,0.003458840772509575,-0.0016784584149718285,-0.008324718102812767
1087,9,67,1.0,0.9822448492050171,0,0,0.0,0.0,0.0,0.003434589132666588,-0.0020485457498580217,-0.008028477430343628
1088,9,68,1.0,0.9808147549629211,0,0,0.0,0.0,0.0,0.0063178446143865585,-0.002031765878200531,-0.0722508430480957
1089,9,69,1.0,0.9808528423309326,0,0,0.0,0.0,0.0,0.00631633261218667,-0.002094582887366414,-0.07215011119842529
1090,9,70,1.0,0.9777848720550537,0,0,0.0,0.25,0.0,0.004008247517049313,-0.0029634174425154924,-0.13660912215709686
1091,9,71,1.0,0.9764052629470825,0,0,0.0,0.0,0.0,-0.0036961196456104517,0.0031864203047007322,-0.3701680600643158
1092,9,72,1.0,0.9766126275062561,0,0,0.0,0.0,0.0,-0.0031914692372083664,-0.000726212514564395,-0.3587787449359894
1093,9,73,1.0,0.9770990610122681,0,0,0.0,0.0,0.0,-0.004839549772441387,-0.002694215625524521,-0.3778552711009979
1094,9,74,1.0,0.9832944869995117,0,0,0.0,0.0,0.0,-0.009344946593046188,-0.0049955034628510475,-0.4908047318458557
1095,9,75,1.0,0.9824593663215637,0,0,0.0,0.0,0.0,-0.009455526247620583,-0.0051050265319645405,-0.4885903000831604
1096,9,76,1.0,0.9870766401290894,0,0,0.0,0.0,0.0,-0.010937226936221123,-0.0059621562249958515,-0.5280327200889587
1097,9,77,1.0,0.9870672225952148,0,0,0.0,0.0,0.0,-0.01095074974000454,-0.0059974100440740585,-0.5279959440231323
1098,9,78,1.0,0.9900588393211365,0,0,0.0,0.0,-0.5,-0.010455135256052017,-0.00618719682097435,-0.5292495489120483
1099,9,79,1.0,0.9936771392822266,0,0,0.0,0.0,-0.5,-0.01213158294558525,-0.004535735584795475,-0.5426539182662964
1100,9,80,1.0,0.9979897737503052,0,0,0.0,0.0,-0.5,-0.008573107421398163,-0.001966636162251234,-0.5401392579078674
1101,9,81,1.0,1.0032169818878174,0,0,0.0,0.0,-0.5,-0.008110309019684792,-0.00146709312684834,-0.5332006216049194
1102,9,82,1.0,0.9930490255355835,0,0,0.0,0.0,-0.5,-0.006774681154638529,0.000156737572979182,-0.5423265099525452
1103,9,83,1.0,0.982820987701416,0,0,0.0,0.0,-0.5,-0.004558575339615345,-0.0025928555987775326,-0.5429677367210388
1104,9,84,1.0,0.9733937978744507,0,0,0.0,0.0,-0.5,-0.004844712559133768,-0.0032840881031006575,-0.5485758185386658
1105,9,85,1.0,0.9613428711891174,0,0,0.0,0.0,-0.5,-0.006159638054668903,-0.005445783492177725,-0.5485108494758606
1106,9,86,1.0,0.9466902017593384,0,0,0.0,0.0,-0.5,-0.008767541497945786,-0.0066851298324763775,-0.5606675148010254
1107,9,87,1.0,0.9487593770027161,0,0,0.0,0.0,-0.5,-0.008088047616183758,-0.007168576121330261,-0.5605881810188293
1108,9,88,1.0,0.9512647986412048,0,0,0.0,0.0,-0.5,-0.006949940696358681,-0.005870543885976076,-0.5672611594200134
1109,9,89,1.0,0.9516240954399109,0,0,0.0,0.0,-0.5,-0.0069599878042936325,-0.005932191386818886,-0.5675368905067444
1110,9,90,1.0,0.9840773344039917,0,0,0.0,0.0,0.0,-0.0050684311427176,-0.004539212677627802,-0.5568753480911255
1111,9,91,1.0,0.9842947125434875,0,0,0.0,0.0,0.0,-0.00506651122123003,-0.0045538549311459064,-0.5569026470184326
1112,9,92,1.0,1.145525336265564,0,0,0.0,0.0,0.0,-0.003559849690645933,-0.003994496539235115,-0.489501953125
1113,9,93,1.0,1.1456774473190308,0,0,0.0,0.0,0.0,-0.003571809036657214,-0.004007692448794842,-0.4894690215587616
1114,9,94,1.0,1.1344224214553833,0,0,0.0,0.0,0.0,-0.004223819822072983,-0.0032858720514923334,-0.49346253275871277
1115,9,95,2.0,1.1343746185302734,1,0,0.0,0.0,0.0,-0.00423237681388855,-0.0032948267180472612,-0.4935063123703003
1116,9,96,2.0,2.0308327674865723,1,1,0.0,0.0,0.0,-0.002999919932335615,-0.003267730353400111,-0.007691922131925821
1117,9,97,2.0,1.933157205581665,1,1,0.0,0.0,0.0,-0.003782631130889058,-0.0014812456211075187,-0.09098270535469055
1118,9,98,2.0,1.9829967021942139,1,1,0.0,0.0,0.0,-0.0029108221642673016,-0.002734570996835828,-0.06405596435070038
1119,9,99,2.0,1.982085108757019,1,1,0.0,0.0,0.0,-0.0028841891326010227,-0.0026539843529462814,-0.06448213011026382
1120,9,100,2.0,2.0310704708099365,1,1,0.0,0.0,0.0,-0.0004569541779346764,-0.004556587431579828,-0.040807094424963
1121,9,101,2.0,2.030735731124878,1,1,0.0,0.0,0.0,-0.0004934758762829006,-0.004528232850134373,-0.04102513566613197
1122,9,102,2.0,2.090383529663086,1,1,0.0,0.0,0.0,-0.0016524000093340874,-0.006072560790926218,-0.027553487569093704
1123,9,103,2.0,2.090322494506836,1,1,0.0,0.0,0.0,-0.001662546070292592,-0.0060693202540278435,-0.027515701949596405
1124,9,104,1.0,1.7465150356292725,0,1,0.0,0.0,0.0,-0.0007707041222602129,-0.005358616355806589,0.2137334793806076
1125,9,105,1.0,1.7458230257034302,0,1,0.0,0.0,0.0,-0.0007706316537223756,-0.005346374586224556,0.21417531371116638
1126,9,106,1.0,1.2534531354904175,0,0,0.0,0.0,0.0,0.0012477091513574123,-0.0035275062546133995,0.44669848680496216
1127,9,107,1.0,1.2530436515808105,0,0,0.0,0.0,0.0,0.0012418071273714304,-0.0035253099631518126,0.44690248370170593
1128,9,108,1.0,1.2713109254837036,0,0,0.0,0.0,0.5,0.0005481611005961895,-0.0038685332983732224,0.4322762191295624
1129,9,109,1.0,1.7077345848083496,0,1,0.0,0.0,0.5,-0.0005941438721492887,-0.006039083935320377,0.23205538094043732
1130,9,110,1.0,0.9994513988494873,0,0,0.0,0.0,0.5,-0.0020321905612945557,-0.003559224074706435,0.541745662689209
1131,9,111,1.0,0.9858510494232178,0,0,0.0,0.0,0.5,-0.0022830148227512836,-0.0016836910508573055,0.5422631502151489
1132,9,112,1.0,1.0038695335388184,0,0,0.0,0.0,0.5,-0.0017127208411693573,-0.0021675704047083855,0.5403813719749451
1133,9,113,1.0,0.9780992269515991,0,0,0.0,0.0,0.5,-0.0026226742193102837,-0.0018209825502708554,0.5456677675247192
1134,9,114,1.0,0.9880266785621643,0,0,0.0,0.0,0.5,-0.0009225927060469985,-0.002560834400355816,0.548206090927124
1135,9,115,1.0,0.9770720601081848,0,0,0.0,0.0,0.5,-0.00031959288753569126,-0.0020601993892341852,0.5492395758628845
1136,9,116,1.0,0.9749413132667542,0,0,0.0,0.0,0.5,0.0003300468670204282,-0.0026009599678218365,0.5472632050514221
1137,9,117,1.0,0.9771321415901184,0,0,0.0,0.0,0.5,0.0018420505803078413,-0.0019678883254528046,0.5461522340774536
1138,10,0,1.0,1.0133863687515259,0,0,0.0,0.0,0.0,-0.058378469198942184,0.005471751093864441,-0.014459003694355488
1139,10,1,1.0,1.0093262195587158,0,0,0.0,0.0,0.0,-0.0919012576341629,0.005935789551585913,-0.021976511925458908
1140,10,2,1.0,1.00274658203125,0,0,0.0,0.0,0.0,-0.09955500811338425,0.00789649598300457,-0.018009565770626068
1141,10,3,1.0,1.0027904510498047,0,0,0.0,0.0,0.0,-0.09283966571092606,0.00741972541436553,-0.016712090000510216
1142,10,4,1.0,0.9901944398880005,0,0,0.0,0.0,0.0,-0.15061287581920624,0.002545374445617199,-0.019512023776769638
1143,10,5,1.0,0.9903438091278076,0,0,0.0,0.0,0.0,-0.14937879145145416,0.0024136502761393785,-0.01919766329228878
1144,10,6,1.0,0.9781471490859985,0,0,0.0,0.0,0.0,-0.194548100233078,0.0019493978470563889,-0.014202864840626717
1145,10,7,1.0,0.9781910181045532,0,0,0.0,0.0,0.0,-0.1943637579679489,0.001927354373037815,-0.014108598232269287
1146,10,8,1.0,0.9754960536956787,0,0,0.0,0.0,0.0,-0.19420993328094482,-0.0004714112146757543,-0.0126865915954113
1147,10,9,1.0,0.9755052328109741,0,0,-0.25,0.0,0.0,-0.19417038559913635,-0.0004773432738147676,-0.012661260552704334
1148,10,10,1.0,0.9869617223739624,0,0,-0.25,0.0,0.0,-0.27122336626052856,-0.016768237575888634,-0.014492826536297798
1149,10,11,1.0,0.983821451663971,0,0,-0.25,0.0,0.0,-0.27738654613494873,-0.01870580017566681,-0.009922203607857227
1150,10,12,1.0,0.9886736273765564,0,0,-0.25,0.0,0.0,-0.28000542521476746,-0.018917076289653778,-0.0064297812059521675
1151,10,13,1.0,0.9839324355125427,0,0,-0.25,0.0,0.0,-0.2806805968284607,-0.0220621470361948,-0.009512627497315407
1152,10,14,1.0,0.9781021475791931,0,0,-0.25,0.0,0.0,-0.2856200337409973,-0.020211461931467056,-0.0035257646813988686
1153,10,15,1.0,0.9852029085159302,0,0,-0.25,0.0,0.0,-0.27901092171669006,-0.01934131048619747,-0.015387404710054398
1154,10,16,1.0,0.9803838133811951,0,0,-0.25,0.0,0.0,-0.2822330892086029,-0.014344234019517899,-0.012688767164945602
1155,10,17,1.0,0.9635098576545715,0,0,-0.25,0.0,0.0,-0.2513269782066345,0.021930474787950516,-0.0011530490592122078
1156,10,18,1.0,0.9687139987945557,0,0,-0.25,0.0,0.0,-0.19451743364334106,0.07600640505552292,0.008651751093566418
1157,10,19,1.0,0.9745087027549744,0,0,0.0,0.0,0.0,-0.1363811045885086,0.14221762120723724,0.017949070781469345
1158,10,20,1.0,0.9683002233505249,0,0,0.0,0.0,0.0,-0.030534755438566208,0.22983714938163757,0.0009578531607985497
1159,10,21,1.0,0.9669707417488098,0,0,0.0,0.0,0.0,-0.019312946125864983,0.2505878806114197,0.003176105208694935
1160,10,22,1.0,0.9676051139831543,0,0,0.0,0.25,0.0,-0.0019562081433832645,0.2589126527309418,0.0047593070194125175
1161,10,23,1.0,0.9651466012001038,0,0,0.0,0.25,0.0,0.007011100184172392,0.2638606131076813,0.011169943027198315
1162,10,24,1.0,0.9647133946418762,0,0,0.0,0.25,0.0,-0.003391805337741971,0.27772167325019836,0.016344856470823288
1163,10,25,1.0,0.9729909896850586,0,0,0.0,0.25,0.0,-0.004324011504650116,0.27994266152381897,0.027939889580011368
1164,10,26,1.0,0.9813955426216125,0,0,0.0,0.25,0.0,-0.00039821682730689645,0.2772676348686218,0.028903760015964508
1165,10,27,1.0,0.9722822904586792,0,0,0.0,0.25,0.0,0.001132684526965022,0.2829866111278534,0.03133201226592064
1166,10,28,1.0,0.9805545806884766,0,0,0.0,0.25,0.0,0.003812300506979227,0.2801346480846405,0.02542627975344658
1167,10,29,1.0,0.9921529293060303,0,0,0.0,0.25,0.0,0.004050725139677525,0.26452434062957764,0.028474703431129456
1168,10,30,1.0,0.9914858341217041,0,0,0.0,0.25,0.0,0.00019049120601266623,0.22725240886211395,0.024030372500419617
1169,10,31,1.0,0.9937248229980469,0,0,0.0,0.25,0.0,0.004053335636854172,0.21023356914520264,0.028094328939914703
1170,10,32,1.0,0.9843478202819824,0,0,0.0,0.0,0.0,0.00272033317014575,0.13817571103572845,0.015944097191095352
1171,10,33,1.0,0.976356565952301,0,0,0.0,0.0,0.0,0.0018934388644993305,0.08927026391029358,0.010710841976106167
1172,10,34,1.0,0.971710741519928,0,0,0.0,0.0,0.0,0.0010375427082180977,0.05146403610706329,0.016545895487070084
1173,10,35,1.0,0.9718582630157471,0,0,0.0,0.0,0.0,-0.0003903434844687581,0.037540338933467865,0.013128473423421383
1174,10,36,1.0,0.9833236932754517,0,0,0.0,0.0,0.0,0.0025683133862912655,0.0209699347615242,0.015550958923995495
1175,10,37,1.0,0.9834631085395813,0,0,0.0,0.0,0.0,0.0023917758371680975,0.0196214709430933,0.015207086689770222
1176,10,38,1.0,0.9868989586830139,0,0,0.0,0.25,0.0,0.0025105110835283995,0.017252618446946144,0.01738297939300537
1177,10,39,1.0,0.993330717086792,0,0,0.0,0.0,0.0,-0.0001663931179791689,0.035850122570991516,0.011193548329174519
1178,10,40,1.0,0.9934356808662415,0,0,0.0,0.0,0.0,-0.00010117772035300732,0.022359928116202354,0.016583483666181564
1179,10,41,1.0,0.9901534914970398,0,0,0.0,0.0,0.0,0.0006250382866710424,0.014904137700796127,0.014911270700395107
1180,10,42,1.0,0.9985141754150391,0,0,0.0,0.0,0.0,-0.003220233367756009,0.0077168988063931465,0.004187719896435738
1181,10,43,1.0,0.99861741065979,0,0,0.0,0.0,0.0,-0.0033949234057217836,0.006671884097158909,0.003810858353972435
1182,10,44,1.0,0.9943627715110779,0,0,0.0,0.0,0.0,-0.0039095329120755196,0.0033372356556355953,-0.004009189549833536
1183,10,45,1.0,0.9943500757217407,0,0,0.0,0.25,0.0,-0.003953253850340843,0.0031775259412825108,-0.004059287253767252
1184,10,46,1.0,0.9936816692352295,0,0,0.0,0.0,0.0,-0.005351064261049032,0.012243781238794327,-0.010802865959703922
1185,10,47,1.0,0.9748843312263489,0,0,0.0,0.0,0.0,-0.011049473658204079,0.0028628099244087934,-0.012121200561523438
1186,10,48,1.0,0.9726993441581726,0,0,0.0,0.0,0.0,-0.019745156168937683,-0.002098103053867817,-0.01241840049624443
1187,10,49,1.0,0.9719217419624329,0,0,0.0,0.0,0.0,-0.018742963671684265,-0.003576571587473154,-0.008576043881475925
1188,10,50,1.0,0.9752203822135925,0,0,0.0,0.0,0.0,-0.02700955979526043,-0.0041914936155080795,-0.01560772955417633
1189,10,51,1.0,0.9752576351165771,0,0,0.0,0.0,0.0,-0.02705862931907177,-0.004367611836642027,-0.015456056222319603
1190,10,52,1.0,0.9746022820472717,0,0,0.0,0.0,0.0,-0.027058128267526627,-0.0038202593568712473,-0.012849426828324795
1191,10,53,1.0,0.9746048450469971,0,0,-0.25,0.0,0.0,-0.027062566950917244,-0.003852932248264551,-0.012811282649636269
1192,10,54,1.0,0.9816398024559021,0,0,-0.25,0.0,0.0,-0.03468456491827965,-0.00407769251614809,-0.021762285381555557
1193,10,55,1.0,0.9880596399307251,0,0,0.0,0.0,0.0,-0.03923218324780464,-0.003932366147637367,-0.016630906611680984
1194,10,56,1.0,0.989977240562439,0,0,0.0,0.0,0.0,-0.02927657775580883,-0.004533056169748306,-0.009472477249801159
1195,10,57,1.0,0.9882906675338745,0,0,0.0,0.0,0.0,-0.02671913616359234,-0.004726571496576071,-0.0046031055971980095
1196,10,58,1.0,0.9941793084144592,0,0,0.0,0.0,0.0,-0.02278791181743145,-0.0038538044318556786,0.0007994100451469421
1197,10,59,1.0,0.9944450259208679,0,0,0.0,0.0,0.0,-0.022245964035391808,-0.00408442597836256,-0.0007643131539225578
1198,10,60,1.0,0.9957737326622009,0,0,-0.25,0.0,0.0,-0.019463172182440758,-0.0038438113406300545,0.0006486130878329277
1199,10,61,1.0,0.9993391036987305,0,0,-0.25,0.0,0.0,-0.024363050237298012,-0.004639316350221634,-0.0029656272381544113
1200,10,62,1.0,0.9922045469284058,0,0,0.0,0.0,0.0,-0.020463602617383003,-0.0044202981516718864,0.02509138733148575
1201,10,63,1.0,0.980208158493042,0,0,0.0,0.0,0.0,-0.008307171054184437,-0.004415014758706093,-0.022109802812337875
1202,10,64,1.0,0.9711347818374634,0,0,0.0,0.0,0.0,-0.004301495850086212,-0.0029937324579805136,-0.3385791480541229
1203,10,65,1.0,0.9725988507270813,0,0,0.0,0.0,0.0,-0.003459230065345764,-0.0027844456490129232,-0.3174930214881897
1204,10,66,1.0,0.9692710638046265,0,0,0.0,0.0,0.0,-0.005945912562310696,-0.004906381480395794,-0.4680628478527069
1205,10,67,1.0,0.9693467020988464,0,0,0.0,0.0,0.0,-0.0057824947871267796,-0.004914843011647463,-0.4682481586933136
1206,10,68,1.0,0.9721232652664185,0,0,0.0,0.0,0.0,-0.008198896422982216,-0.00506083806976676,-0.5053933262825012
1207,10,69,1.0,0.9721477627754211,0,0,0.0,0.0,0.0,-0.008178414776921272,-0.005061154719442129,-0.5054137706756592
1208,10,70,1.0,0.973449170589447,0,0,0.0,0.0,-0.5,-0.0077870809473097324,-0.004515704698860645,-0.5257302522659302
1209,10,71,1.0,0.9842514991760254,0,0,0.0,0.0,-0.5,-0.008712480776011944,-0.004393545910716057,-0.5456019639968872
1210,10,72,1.0,0.9993156790733337,0,0,0.0,0.0,-0.5,-0.00832531787455082,-0.002023882232606411,-0.5478421449661255
1211,10,73,1.0,1.0063661336898804,0,0,0.0,0.0,-0.5,-0.010572411119937897,-0.0019550726283341646,-0.5421578884124756
1212,10,74,1.0,0.9965315461158752,0,0,0.0,0.0,-0.5,-0.006982340011745691,-0.0005286497180350125,-0.5485273599624634
1213,10,75,1.0,0.9843683838844299,0,0,0.0,0.0,-0.5,-0.005897782277315855,-0.00207085651345551,-0.5464568734169006
1214,10,76,1.0,0.9596306085586548,0,0,0.0,0.0,-0.5,-0.0057199615985155106,-0.001119712833315134,-0.5504087209701538
1215,10,77,1.0,0.9511142373085022,0,0,0.0,0.0,-0.5,-0.008478416129946709,-0.0019382952013984323,-0.5489351749420166
1216,10,78,1.0,0.9454588890075684,0,0,0.0,0.0,-0.5,-0.010189894586801529,-0.002148997038602829,-0.5506399273872375
1217,10,79,1.0,0.9500787854194641,0,0,0.0,0.0,-0.5,-0.007366446312516928,-0.0021579081658273935,-0.5520944595336914
1218,10,80,1.0,1.211561679840088,0,0,0.0,0.0,-0.5,-0.007527967914938927,-0.004420544486492872,-0.44664832949638367
1219,10,81,1.0,1.2367346286773682,0,0,0.0,0.0,-0.5,-0.009139714762568474,-0.005342584103345871,-0.4368593990802765
1220,10,82,1.0,1.8741178512573242,0,1,0.0,0.0,0.0,-0.005498378537595272,-0.006059383507817984,-0.11094050854444504
1221,10,83,1.0,1.8794808387756348,0,1,0.0,0.0,0.0,-0.005679024849087,-0.0062029482796788216,-0.10701582580804825
1222,10,84,1.0,1.9996930360794067,0,1,0.0,0.0,0.0,-0.005056869704276323,-0.006167804356664419,-0.02447856403887272
1223,10,85,2.0,2.000323534011841,1,1,0.0,0.0,0.0,-0.00510350801050663,-0.006188826635479927,-0.023777909576892853
1224,10,86,2.0,2.038414478302002,1,1,0.0,0.0,0.0,-0.0021795269567519426,-0.004774835426360369,0.014999539591372013
1225,10,87,2.0,2.046724557876587,1,1,0.0,0.0,0.0,-0.0038514528423547745,-0.004905762150883675,0.015068418346345425
1226,10,88,2.0,2.010512351989746,1,1,0.0,0.0,0.0,-0.0015310493763536215,-0.003884080331772566,-0.018911797553300858
1227,10,89,2.0,1.9159913063049316,1,1,0.0,0.0,0.0,0.0019566668197512627,-0.006983295548707247,-0.09626805037260056
1228,10,90,2.0,1.9689927101135254,1,1,0.0,0.0,0.0,0.000714682275429368,-0.006910183932632208,-0.05630531534552574
1229,10,91,2.0,1.9885475635528564,1,1,0.0,0.0,0.0,0.0016129901632666588,-0.0068879821337759495,-0.05064928159117699
1230,10,92,2.0,2.036353588104248,1,1,0.0,0.0,0.0,0.0001668789191171527,-0.005638125352561474,-0.024176187813282013
1231,10,93,2.0,2.0161750316619873,1,1,0.0,0.0,0.0,-0.0003368271281942725,-0.00554512208327651,-0.04970117658376694
1232,10,94,2.0,2.065114736557007,1,1,0.0,0.0,0.0,-0.001968961674720049,-0.003635800676420331,-0.03237167373299599
1233,10,95,1.0,2.0581412315368652,0,1,0.0,0.0,0.0,-0.0032272078096866608,-0.0031938557513058186,-0.03142768144607544
1234,10,96,1.0,1.2703425884246826,0,0,0.0,0.0,0.0,-6.9774454459548e-05,-0.0051478310488164425,0.42502886056900024
1235,10,97,1.0,1.4949034452438354,0,0,0.0,0.0,0.0,0.0013645743019878864,-0.007283945567905903,0.3220336139202118
1236,10,98,1.0,1.0203001499176025,0,0,0.0,0.0,0.5,-0.00040108244866132736,-0.003991374280303717,0.5255336761474609
1237,10,99,1.0,1.0364525318145752,0,0,0.0,0.0,0.5,-0.0019230640027672052,-0.0038603178691118956,0.5287531018257141
1238,10,100,1.0,1.0801522731781006,0,0,0.0,0.0,0.5,0.0007166313007473946,-0.0032895442564040422,0.5129154324531555
1239,10,101,1.0,0.9966451525688171,0,0,0.0,0.0,0.5,-0.0014262848999351263,-0.004291327204555273,0.5401373505592346
1240,10,102,1.0,0.9788252115249634,0,0,0.0,0.0,0.5,-0.001704694819636643,-0.0038187610916793346,0.547131359577179
1241,10,103,1.0,0.98354172706604,0,0,0.0,0.0,0.5,-5.209725350141525e-05,-0.0042344797402620316,0.5434404611587524
1242,10,104,1.0,0.9922879934310913,0,0,0.0,0.0,0.5,0.00027491420041769743,-0.0043372707441449165,0.542400598526001
1243,10,105,1.0,0.9925956130027771,0,0,0.0,0.0,0.5,0.0018234248273074627,-0.003962912131100893,0.5418359041213989
1244,10,106,1.0,0.9969292879104614,0,0,0.0,0.0,0.5,0.0001658913679420948,-0.0048485747538506985,0.5362228155136108
1245,10,107,1.0,1.0029592514038086,0,0,0.0,0.0,0.5,0.003486442379653454,-0.004608568735420704,0.5367228984832764
1246,11,0,1.0,0.9836457371711731,0,0,0.0,0.0,0.0,0.1973370462656021,-0.009920619428157806,-0.003079867921769619
1247,11,1,1.0,0.9828439950942993,0,0,0.0,0.0,0.0,0.19614745676517487,-0.009045705199241638,-0.004912766627967358
1248,11,2,1.0,0.980684757232666,0,0,0.0,0.0,0.0,0.19902491569519043,-0.010013897903263569,-0.005353178828954697
1249,11,3,1.0,0.9804059267044067,0,0,0.0,0.0,0.0,0.19996361434459686,-0.01006422471255064,-0.004609601106494665
1250,11,4,1.0,0.9746532440185547,0,0,0.0,0.0,0.0,0.21665388345718384,-0.007367698010057211,-0.008245670236647129
1251,11,5,1.0,0.974618673324585,0,0,0.0,0.0,0.0,0.21685698628425598,-0.007388212718069553,-0.008062840439379215
1252,11,6,1.0,0.9746647477149963,0,0,0.0,0.0,0.0,0.2370302528142929,-0.0038957202341407537,-0.01601417362689972
1253,11,7,1.0,0.9746518731117249,0,0,0.0,0.0,0.0,0.2370753139257431,-0.003904846264049411,-0.015962690114974976
1254,11,8,1.0,0.9764267206192017,0,0,0.0,0.0,0.0,0.24300813674926758,-0.003185862908139825,-0.017443343997001648
1255,11,9,1.0,0.9764227867126465,0,0,0.0,0.0,0.0,0.24301889538764954,-0.003188362577930093,-0.01743016019463539
1256,11,10,1.0,0.9770199656486511,0,0,0.25,0.0,0.0,0.24487264454364777,-0.004741169046610594,-0.018221858888864517
1257,11,11,1.0,0.9850023984909058,0,0,0.25,0.0,0.0,0.2715778648853302,0.005981397349387407,-0.010511687025427818
1258,11,12,1.0,0.9836754202842712,0,0,0.25,0.0,0.0,0.28036606311798096,0.013413922861218452,-0.022227073088288307
1259,11,13,1.0,0.9823558926582336,0,0,0.25,0.0,0.0,0.278137743473053,0.016395650804042816,-0.02755018323659897
1260,11,14,1.0,0.9804263710975647,0,0,0.25,0.0,0.0,0.2816821038722992,0.020122792571783066,-0.02991361916065216
1261,11,15,1.0,0.9891380667686462,0,0,0.25,0.0,0.0,0.2802233099937439,0.017310960218310356,-0.03646073490381241
1262,11,16,1.0,0.9946154952049255,0,0,0.25,0.0,0.0,0.275220662355423,0.0147197050973773,-0.031071797013282776
1263,11,17,1.0,0.9828348159790039,0,0,0.25,0.0,0.0,0.27953365445137024,0.014701209031045437,-0.02869608998298645
1264,11,18,1.0,0.996867299079895,0,0,0.25,0.0,0.0,0.2590566873550415,0.0035265758633613586,-0.043166644871234894
1265,11,19,1.0,0.9935116171836853,0,0,0.25,0.0,0.0,0.24526338279247284,0.0014030283782631159,-0.06187952682375908
1266,11,20,1.0,0.9935560822486877,0,0,0.0,0.0,0.0,0.15825311839580536,-0.12274780124425888,-0.02571719139814377
1267,11,21,1.0,0.9861125946044922,0,0,0.0,0.0,0.0,0.0838894322514534,-0.18780353665351868,-0.028659943491220474
1268,11,22,1.0,0.9808687567710876,0,0,0.0,0.0,0.0,0.004933420103043318,-0.2469886839389801,-0.019834069535136223
1269,11,23,1.0,0.978842556476593,0,0,0.0,0.0,0.0,-0.014104507863521576,-0.25011059641838074,-0.020451199263334274
1270,11,24,1.0,0.9786825776100159,0,0,0.0,-0.25,0.0,-0.015870606526732445,-0.2512430250644684,-0.015489799901843071
1271,11,25,1.0,0.9773167967796326,0,0,0.0,-0.25,0.0,-0.010184859856963158,-0.2625176012516022,-0.009888018481433392
1272,11,26,1.0,0.9724340438842773,0,0,0.0,-0.25,0.0,-0.0052042072638869286,-0.2679537534713745,-0.006553937681019306
1273,11,27,1.0,0.9730115532875061,0,0,0.0,-0.25,0.0,-0.005887823645025492,-0.27240774035453796,-0.0035443827509880066
1274,11,28,1.0,0.9751661419868469,0,0,0.0,-0.25,0.0,-0.0071999202482402325,-0.27796170115470886,-0.0046903882175683975
1275,11,29,1.0,0.973183274269104,0,0,0.0,-0.25,0.0,-0.008961593732237816,-0.28010067343711853,-0.007825509645044804
1276,11,30,1.0,0.9682695865631104,0,0,0.0,-0.25,0.0,-0.0058127897791564465,-0.2802058458328247,-0.0014890925958752632
1277,11,31,1.0,0.9698905348777771,0,0,0.0,-0.25,0.0,-0.0027583593036979437,-0.27508747577667236,-0.009740685112774372
1278,11,32,1.0,0.9807021021842957,0,0,0.0,-0.25,0.0,-0.008666407316923141,-0.24827855825424194,-0.020584871992468834
1279,11,33,1.0,0.9855122566223145,0,0,0.0,0.0,0.0,-0.007255822420120239,-0.1995430439710617,-0.01561398059129715
1280,11,34,1.0,0.9894891381263733,0,0,0.0,0.0,0.0,-0.008250638842582703,-0.1661924570798874,-0.008684623055160046
1281,11,35,1.0,0.9879649877548218,0,0,0.0,0.0,0.0,-0.004394347779452801,-0.12361987680196762,-0.003071727231144905
1282,11,36,1.0,0.992106020450592,0,0,0.0,0.0,0.0,-0.004179812967777252,-0.10728778690099716,0.002140217460691929
1283,11,37,1.0,0.9919430017471313,0,0,0.0,0.0,0.0,-0.00427259411662817,-0.09935679286718369,0.0029552988708019257
1284,11,38,1.0,0.9841924905776978,0,0,0.0,0.0,0.0,-0.004961410537362099,-0.08472274988889694,0.0012884363532066345
1285,11,39,1.0,0.9842111468315125,0,0,0.0,-0.25,0.0,-0.004985136911273003,-0.08333861827850342,0.0013834312558174133
1286,11,40,1.0,0.9667438864707947,0,0,0.0,-0.25,0.0,-0.0003639310598373413,-0.0769251361489296,-0.0010509323328733444
1287,11,41,1.0,0.9968347549438477,0,0,0.0,0.0,0.0,-6.96495408192277e-05,-0.05127231776714325,-0.0006317785009741783
1288,11,42,1.0,0.9972977638244629,0,0,0.0,0.0,0.0,-0.002687385305762291,-0.021251916885375977,0.00472383014857769
1289,11,43,1.0,0.9970605373382568,0,0,0.0,0.0,0.0,-0.0020129757467657328,-0.017226174473762512,0.00652094092220068
1290,11,44,1.0,0.9866047501564026,0,0,0.0,0.0,0.0,-0.0005983595037832856,-0.010618221014738083,-0.005115890875458717
1291,11,45,1.0,0.9863881468772888,0,0,0.0,0.0,0.0,-0.0007042047800496221,-0.009742196649312973,-0.005002550780773163
1292,11,46,1.0,0.9810667634010315,0,0,0.0,-0.25,0.0,-0.002492522355169058,-0.0073294732719659805,-0.009005230851471424
1293,11,47,1.0,0.9953572750091553,0,0,0.0,0.0,0.0,0.0005305312806740403,-0.017284294590353966,-0.012183018028736115
1294,11,48,1.0,0.9691646099090576,0,0,0.0,0.0,0.0,-0.0007231496856547892,-0.009086531586945057,-0.012895342893898487
1295,11,49,1.0,0.9711467623710632,0,0,0.0,0.0,0.0,-0.0014287318335846066,-0.0057381330989301205,-0.011697305366396904
1296,11,50,1.0,0.9772449731826782,0,0,0.0,0.0,0.0,-0.002401173347607255,-0.005093534477055073,-0.012321945279836655
1297,11,51,1.0,0.977232813835144,0,0,0.0,0.0,0.0,-0.002471383661031723,-0.004636598285287619,-0.012563928961753845
1298,11,52,1.0,0.9785251617431641,0,0,0.25,0.0,0.0,-0.002981283236294985,-0.002387118060141802,-0.011618378572165966
1299,11,53,1.0,0.9826252460479736,0,0,0.25,0.0,0.0,0.008923148736357689,-0.00040894755511544645,-0.007667236030101776
1300,11,54,1.0,0.9755412340164185,0,0,0.0,0.0,0.0,0.01326640136539936,0.0009879504796117544,-0.009495356120169163
1301,11,55,1.0,0.9805556535720825,0,0,0.0,0.0,0.0,0.0035473331809043884,-0.0032422069925814867,0.0024850592017173767
1302,11,56,1.0,0.9841858148574829,0,0,0.0,0.0,0.0,0.003285596612840891,0.00027411041082814336,0.02070799469947815
1303,11,57,1.0,0.9850249886512756,0,0,0.0,0.0,0.0,0.0015990461688488722,-5.050568142905831e-05,0.02026945725083351
1304,11,58,1.0,0.986980676651001,0,0,0.0,0.0,0.0,-1.040345523506403e-05,0.000214209605474025,0.02099139243364334
1305,11,59,1.0,0.9871675968170166,0,0,0.0,0.0,0.0,-0.0002810320584103465,0.00015765195712447166,0.020811669528484344
1306,11,60,1.0,0.9861292243003845,0,0,0.0,0.0,0.0,-0.0008820644579827785,0.0003062205505557358,0.01361436489969492
1307,11,61,1.0,0.9861521124839783,0,0,0.0,0.0,0.0,-0.0009251263691112399,0.0002976510440930724,0.013553843833506107
1308,11,62,1.0,0.9862136840820312,0,0,0.0,0.0,0.0,-0.000446793797891587,-0.00023739853349979967,0.00018115434795618057
1309,11,63,1.0,0.9862168431282043,0,0,0.25,0.0,0.0,-0.00045398500515148044,-0.00023852904269006103,0.00016310624778270721
1310,11,64,1.0,0.9759324789047241,0,0,0.25,0.0,0.0,0.0091801006346941,0.004243719857186079,-0.16264444589614868
1311,11,65,1.0,0.9759882688522339,0,0,0.0,0.0,0.0,0.0150254275649786,0.003952436614781618,-0.19752512872219086
1312,11,66,1.0,0.9796776175498962,0,0,0.0,0.0,0.0,0.003268490545451641,-0.0018935127882286906,-0.4172402620315552
1313,11,67,1.0,0.9777585864067078,0,0,0.0,0.0,0.0,-0.00028457201551645994,-0.001535547897219658,-0.3710189163684845
1314,11,68,1.0,0.9809871912002563,0,0,0.0,0.0,0.0,-0.0031265546567738056,-0.0034261662513017654,-0.4452945590019226
1315,11,69,1.0,0.9809703826904297,0,0,0.0,0.0,0.0,-0.0037960370536893606,-0.0036165642086416483,-0.44594666361808777
1316,11,70,1.0,0.9900131225585938,0,0,0.0,0.0,0.0,-0.00869488064199686,-0.0059412638656795025,-0.49799224734306335
1317,11,71,1.0,0.9900098443031311,0,0,0.0,0.0,0.0,-0.00878751277923584,-0.005961194634437561,-0.498126745223999
1318,11,72,1.0,0.9963706731796265,0,0,0.0,0.0,0.0,-0.009478339925408363,-0.006259363144636154,-0.5186411142349243
1319,11,73,1.0,0.9963638186454773,0,0,0.0,0.0,-0.5,-0.009494248777627945,-0.0062619904056191444,-0.5186676979064941
1320,11,74,1.0,1.0012174844741821,0,0,0.0,0.0,-0.5,-0.007438593078404665,-0.006165103521198034,-0.5289879441261292
1321,11,75,1.0,1.002116322517395,0,0,0.0,0.0,-0.5,-0.007999414578080177,-0.003856142284348607,-0.5303149223327637
1322,11,76,1.0,0.9949307441711426,0,0,0.0,0.0,-0.5,-0.005288185551762581,-0.003959646448493004,-0.5376153588294983
1323,11,77,1.0,0.9787185192108154,0,0,0.0,0.0,-0.5,-0.006413515191525221,-0.004516344517469406,-0.5434339046478271
1324,11,78,1.0,0.9545347094535828,0,0,0.0,0.0,-0.5,-0.001778418431058526,-0.004734697751700878,-0.5512295961380005
1325,11,79,1.0,0.9448910355567932,0,0,0.0,0.0,-0.5,-0.008502259850502014,-0.005665524397045374,-0.5585715174674988
1326,11,80,1.0,0.9456171989440918,0,0,0.0,0.0,-0.5,-0.00817013904452324,-0.002197821158915758,-0.5574572682380676
1327,11,81,1.0,0.9729292392730713,0,0,0.0,0.0,-0.5,-0.00559972831979394,-0.0024077182170003653,-0.5488691329956055
1328,11,82,1.0,1.5268545150756836,0,1,0.0,0.0,-0.5,-0.0019285992020741105,-0.005435524508357048,-0.29698625206947327
1329,11,83,1.0,1.511470913887024,0,1,0.0,0.0,-0.5,-0.0018596898298710585,-0.005516396835446358,-0.3041432499885559
1330,11,84,1.0,1.8725836277008057,0,1,0.0,0.0,0.0,-0.0026304058264940977,-0.007506381720304489,-0.11736888438463211
1331,11,85,1.0,1.8745970726013184,0,1,0.0,0.0,0.0,-0.002604980254545808,-0.007528313435614109,-0.11601442098617554
1332,11,86,1.0,1.9745726585388184,0,1,0.0,0.0,0.0,-0.0033391020260751247,-0.00663530919700861,-0.0546686053276062
1333,11,87,2.0,1.9749315977096558,1,1,0.0,0.0,0.0,-0.0033230187837034464,-0.0066241370514035225,-0.05445704981684685
1334,11,88,2.0,2.0137152671813965,1,1,0.0,0.0,0.0,0.0009411484934389591,-0.007420423440635204,-0.01932765543460846
1335,11,89,2.0,1.9985063076019287,1,1,0.0,0.0,0.0,-0.002312539843842387,-0.0040491786785423756,-0.04532704874873161
1336,11,90,2.0,1.9809532165527344,1,1,0.0,0.0,0.0,-0.0020201837178319693,-0.005579767283052206,-0.06944482773542404
1337,11,91,2.0,1.9562872648239136,1,1,0.0,0.0,0.0,-0.0018933614483103156,-0.0053207543678581715,-0.08661741763353348
1338,11,92,2.0,1.9839756488800049,1,1,0.0,0.0,0.0,0.0008198076393455267,-0.005033006425946951,-0.0556071512401104
1339,11,93,2.0,1.9869022369384766,1,1,0.0,0.0,0.0,-0.00010996742639690638,-0.00542742945253849,-0.060294993221759796
1340,11,94,2.0,1.99526047706604,1,1,0.0,0.0,0.0,-0.003083417657762766,-0.003947552293539047,-0.057107895612716675
1341,11,95,2.0,2.0134551525115967,1,1,0.0,0.0,0.0,-0.004187341779470444,-0.004534217528998852,-0.058449942618608475
1342,11,96,2.0,2.035958766937256,1,1,0.0,0.0,0.0,-0.0035159140825271606,-0.004623904824256897,-0.04802745208144188
1343,11,97,1.0,2.065951347351074,0,1,0.0,0.0,0.0,-0.006699827034026384,-0.006147515960037708,-0.027341872453689575
1344,11,98,1.0,2.0166091918945312,0,1,0.0,0.0,0.0,-0.005506353918462992,-0.005705033894628286,0.03453980013728142
1345,11,99,1.0,2.032595634460449,0,1,0.0,0.0,0.0,-0.005396405700594187,-0.005528588779270649,0.024199362844228745
1346,11,100,1.0,1.3856089115142822,0,0,0.0,0.0,0.0,-0.001748260809108615,-0.0034471971448510885,0.37611496448516846
1347,11,101,1.0,1.297997236251831,0,0,0.0,0.0,0.0,-0.0009023502934724092,-0.003737495746463537,0.4146411120891571
1348,11,102,1.0,1.2610996961593628,0,0,0.0,0.0,0.5,-0.0037721567787230015,-0.005941777024418116,0.4357333481311798
1349,11,103,1.0,2.0179662704467773,0,1,0.0,0.0,0.5,-0.003984865732491016,-0.000530386168975383,0.052668843418359756
1350,11,104,1.0,1.5305982828140259,0,1,0.0,0.0,0.5,0.00018529582303017378,-0.003217692719772458,0.3410678803920746
1351,11,105,1.0,1.430800437927246,0,0,0.0,0.0,0.5,-0.0013360626762732863,-0.0029839195776730776,0.38441404700279236
1352,11,106,1.0,1.0071437358856201,0,0,0.0,0.0,0.5,-0.0020902599208056927,-0.0035381645429879427,0.5446733832359314
1353,11,107,1.0,0.9766820073127747,0,0,0.0,0.0,0.5,-0.0011294224532321095,-0.002040923573076725,0.5409302115440369
1354,11,108,1.0,0.9738268852233887,0,0,0.0,0.0,0.5,0.0018675881437957287,-0.0004265371826477349,0.5433589220046997
1355,11,109,1.0,0.9741861820220947,0,0,0.0,0.0,0.5,0.0003305037971585989,-0.0013515421887859702,0.5459414720535278
1356,11,110,1.0,0.9787969589233398,0,0,0.0,0.0,0.5,0.0023380396887660027,-0.001444319961592555,0.5436965823173523
1357,11,111,1.0,0.9703750014305115,0,0,0.0,0.0,0.5,0.0019409009255468845,-0.0019661872647702694,0.5420612096786499
1358,12,0,1.0,1.0089707374572754,0,0,0.0,0.0,0.0,-0.050762247294187546,-0.01125558465719223,-0.013980772346258163
1359,12,1,1.0,1.0027753114700317,0,0,0.0,0.0,0.0,-0.07308685779571533,-0.009153962135314941,-0.02130115032196045
1360,12,2,1.0,1.0012933015823364,0,0,0.0,0.0,0.0,-0.06982257217168808,-0.011843349784612656,-0.021773431450128555
1361,12,3,1.0,1.0017662048339844,0,0,0.0,0.0,0.0,-0.06529957056045532,-0.012426933273673058,-0.020225906744599342
1362,12,4,1.0,0.9985333681106567,0,0,0.0,0.0,0.0,-0.09527450799942017,-0.011661187745630741,-0.02125106006860733
1363,12,5,1.0,0.9987635612487793,0,0,0.0,0.0,0.0,-0.09434965252876282,-0.011844138614833355,-0.020887989550828934
1364,12,6,1.0,0.9899337291717529,0,0,0.0,0.0,0.0,-0.12340177595615387,-0.012452718801796436,-0.018495846539735794
1365,12,7,1.0,0.98997563123703,0,0,0.0,0.0,0.0,-0.12319784611463547,-0.012488401494920254,-0.018374525010585785
1366,12,8,1.0,0.9916072487831116,0,0,0.0,0.0,0.0,-0.11564665287733078,-0.011644148267805576,-0.01880478486418724
1367,12,9,1.0,0.9916172027587891,0,0,0.0,0.0,0.0,-0.11560710519552231,-0.011651718989014626,-0.018777750432491302
1368,12,10,1.0,0.9781990647315979,0,0,-0.25,0.0,0.0,-0.15091422200202942,-0.007017249241471291,-0.012516758404672146
1369,12,11,1.0,0.9541969895362854,0,0,-0.25,0.0,0.0,-0.2576647102832794,0.006488513201475143,-0.02231363207101822
1370,12,12,1.0,0.9619442820549011,0,0,-0.25,0.0,0.0,-0.2714017629623413,0.013501733541488647,-0.025301232933998108
1371,12,13,1.0,0.9688476324081421,0,0,-0.25,0.0,0.0,-0.2713395059108734,0.014047527685761452,-0.031164400279521942
1372,12,14,1.0,0.974879801273346,0,0,-0.25,0.0,0.0,-0.28243592381477356,0.01513681560754776,-0.019847899675369263
1373,12,15,1.0,0.9738339781761169,0,0,-0.25,0.0,0.0,-0.281318724155426,0.013157199136912823,-0.010110302828252316
1374,12,16,1.0,0.9738878011703491,0,0,-0.25,0.0,0.0,-0.2767965495586395,0.015038677491247654,-0.016346115618944168
1375,12,17,1.0,0.9825326204299927,0,0,-0.25,0.0,0.0,-0.2773125171661377,0.008695786818861961,-0.01710570603609085
1376,12,18,1.0,0.9799344539642334,0,0,-0.25,0.0,0.0,-0.2682154178619385,-0.015929069370031357,-0.011133547872304916
1377,12,19,1.0,0.982137143611908,0,0,-0.25,0.0,0.0,-0.2564922869205475,-0.035867661237716675,-0.0025034057907760143
1378,12,20,1.0,0.9764247536659241,0,0,-0.25,0.0,0.0,-0.19387802481651306,-0.11819323897361755,-0.0033317413181066513
1379,12,21,1.0,0.979189395904541,0,0,0.0,0.0,0.0,-0.16464625298976898,-0.15089409053325653,-0.000486728735268116
1380,12,22,1.0,0.9782986640930176,0,0,0.0,0.0,0.0,-0.05146390199661255,-0.2499646246433258,0.005429667420685291
1381,12,23,1.0,0.9778733849525452,0,0,0.0,0.0,0.0,-0.011296676471829414,-0.2600277066230774,0.000730820931494236
1382,12,24,1.0,0.9725625514984131,0,0,0.0,0.0,0.0,-0.0043764784932136536,-0.2650192975997925,0.00392952561378479
1383,12,25,1.0,0.9735491275787354,0,0,0.0,-0.25,0.0,0.0008607294876128435,-0.26460736989974976,0.0030398769304156303
1384,12,26,1.0,0.9700278639793396,0,0,0.0,-0.25,0.0,-0.0014577244874089956,-0.2744464874267578,-0.0014590313658118248
1385,12,27,1.0,0.9667993187904358,0,0,0.0,-0.25,0.0,-0.004274627193808556,-0.27187055349349976,-0.0036955452524125576
1386,12,28,1.0,0.9643488526344299,0,0,0.0,-0.25,0.0,-0.0034505699295550585,-0.26985055208206177,-0.009500013664364815
1387,12,29,1.0,0.9691929817199707,0,0,0.0,-0.25,0.0,-0.0039379289373755455,-0.27773982286453247,-0.014513667672872543
1388,12,30,1.0,0.9659597873687744,0,0,0.0,-0.25,0.0,-0.006733883172273636,-0.28198185563087463,-0.004450766835361719
1389,12,31,1.0,0.9719030261039734,0,0,0.0,-0.25,0.0,-0.007443336769938469,-0.28252846002578735,-0.006896556820720434
1390,12,32,1.0,0.9796454906463623,0,0,0.0,-0.25,0.0,-0.008612080477178097,-0.2725314497947693,-0.005981011316180229
1391,12,33,1.0,0.9826353788375854,0,0,0.0,-0.25,0.0,-0.006371398456394672,-0.23217980563640594,-0.01255408301949501
1392,12,34,1.0,0.9756642580032349,0,0,0.0,-0.25,0.0,-0.0032645093742758036,-0.18471738696098328,-0.013259345665574074
1393,12,35,1.0,0.9736353158950806,0,0,0.0,0.0,0.0,0.0014157865662127733,-0.11236099153757095,0.0004196055233478546
1394,12,36,1.0,0.9843791723251343,0,0,0.0,0.0,0.0,-0.0011778648477047682,-0.0671447142958641,0.007560041733086109
1395,12,37,1.0,0.9840790033340454,0,0,0.0,0.0,0.0,-0.00024318171199411154,-0.04343143105506897,0.018206052482128143
1396,12,38,1.0,0.9872750639915466,0,0,0.0,0.0,0.0,-0.0017054765485227108,-0.03275997191667557,0.02325914427638054
1397,12,39,1.0,0.9874300956726074,0,0,0.0,0.0,0.0,-0.002205747179687023,-0.03027922660112381,0.023518234491348267
1398,12,40,1.0,0.987471878528595,0,0,0.0,0.0,0.0,-0.0021674982272088528,-0.024812471121549606,0.021683666855096817
1399,12,41,1.0,0.9874848127365112,0,0,0.0,-0.25,0.0,-0.0022325466852635145,-0.024404311552643776,0.021716490387916565
1400,12,42,1.0,0.9871193170547485,0,0,0.0,0.0,0.0,-0.002952155191451311,-0.03225409984588623,0.0071992455050349236
1401,12,43,1.0,0.9868607521057129,0,0,0.0,0.0,0.0,-0.004192105494439602,-0.02228773571550846,0.0058341603726148605
1402,12,44,1.0,0.9840769171714783,0,0,0.0,0.0,0.0,-0.0061836764216423035,-0.01394130103290081,-0.0038379193283617496
1403,12,45,1.0,0.9837931990623474,0,0,0.0,0.0,0.0,-0.0059647150337696075,-0.012653117999434471,-0.002774842083454132
1404,12,46,1.0,0.9845169186592102,0,0,0.0,0.0,0.0,-0.00554087245836854,-0.010696208104491234,-0.006425515748560429
1405,12,47,1.0,0.9844686985015869,0,0,0.0,-0.25,0.0,-0.005572160240262747,-0.01043910812586546,-0.00643291138112545
1406,12,48,1.0,0.978466272354126,0,0,0.0,0.0,0.0,-0.01706925593316555,-0.0171424001455307,0.0009162304922938347
1407,12,49,1.0,0.9761298894882202,0,0,0.0,0.0,0.0,-0.02000722475349903,-0.010289511643350124,0.0018289508298039436
1408,12,50,1.0,0.9743873476982117,0,0,0.0,0.0,0.0,-0.024313250556588173,-0.0036275587044656277,-0.01180010475218296
1409,12,51,1.0,0.9741300344467163,0,0,0.0,0.0,0.0,-0.024328945204615593,-0.0025801616720855236,-0.01288983691483736
1410,12,52,1.0,0.9776768684387207,0,0,-0.25,0.0,0.0,-0.023557763546705246,-0.00044832401908934116,-0.012161113321781158
1411,12,53,1.0,0.9882928133010864,0,0,-0.25,0.0,0.0,-0.033021118491888046,-0.006689685396850109,0.004305627197027206
1412,12,54,1.0,0.9900861382484436,0,0,0.0,0.0,0.0,-0.03207651525735855,-0.006687677465379238,-0.008703435771167278
1413,12,55,1.0,0.9895845651626587,0,0,0.0,0.0,0.0,-0.024337509647011757,-0.00457607489079237,0.003146963194012642
1414,12,56,1.0,0.990002453327179,0,0,0.0,0.0,0.0,-0.016270386055111885,-0.002377246506512165,0.011538277380168438
1415,12,57,1.0,0.9897778630256653,0,0,0.0,0.0,0.0,-0.014772655442357063,-0.0021083944011479616,0.008332124911248684
1416,12,58,1.0,0.9903064370155334,0,0,-0.25,0.0,0.0,-0.01509733498096466,-0.00170517573133111,0.011846342124044895
1417,12,59,1.0,0.9854750633239746,0,0,0.0,0.0,0.0,-0.015735000371932983,-0.005487419664859772,0.01256712805479765
1418,12,60,1.0,0.9804764986038208,0,0,0.0,0.0,0.0,-0.007048592437058687,0.0011081991251558065,-0.2911776900291443
1419,12,61,1.0,0.9793505668640137,0,0,0.0,0.0,0.0,-0.005413504783064127,0.0012603910872712731,-0.22272558510303497
1420,12,62,1.0,0.9723569750785828,0,0,0.0,0.0,0.0,-0.0064132073894143105,-0.0006890876102261245,-0.4126991927623749
1421,12,63,1.0,0.9723334908485413,0,0,0.0,0.0,0.0,-0.006170617416501045,-0.0005985379684716463,-0.4127584993839264
1422,12,64,1.0,0.975788414478302,0,0,0.0,0.0,0.0,-0.008371216244995594,-0.0032196384854614735,-0.5069153308868408
1423,12,65,1.0,0.975792407989502,0,0,0.0,0.0,0.0,-0.00834081880748272,-0.0032085618004202843,-0.5068997144699097
1424,12,66,1.0,0.9839540123939514,0,0,0.0,0.0,-0.5,-0.008682649582624435,-0.005178785417228937,-0.5397225618362427
1425,12,67,1.0,0.9870889782905579,0,0,0.0,0.0,-0.5,-0.010350838303565979,-0.004630161449313164,-0.5588260293006897
1426,12,68,1.0,0.9896550178527832,0,0,0.0,0.0,-0.5,-0.008879834786057472,-0.0021744901314377785,-0.5467360615730286
1427,12,69,1.0,0.993950605392456,0,0,0.0,0.0,-0.5,-0.009888248518109322,-0.0017538813408464193,-0.5449622273445129
1428,12,70,1.0,0.9885508418083191,0,0,0.0,0.0,-0.5,-0.009349584579467773,-0.0012417164398357272,-0.5439510345458984
1429,12,71,1.0,0.9828630089759827,0,0,0.0,0.0,-0.5,-0.007881206460297108,-0.0023966864682734013,-0.5519946813583374
1430,12,72,1.0,0.9606552124023438,0,0,0.0,0.0,-0.5,-0.003986295312643051,-0.003457884304225445,-0.5486878752708435
1431,12,73,1.0,0.9559844136238098,0,0,0.0,0.0,-0.5,-0.007258732337504625,-0.004736766219139099,-0.5482731461524963
1432,12,74,1.0,0.9463681578636169,0,0,0.0,0.0,-0.5,-0.009339973330497742,-0.0060862586833536625,-0.5605084300041199
1433,12,75,1.0,0.9468281269073486,0,0,0.0,0.0,-0.5,-0.008851478807628155,-0.006410542875528336,-0.5639936923980713
1434,12,76,1.0,1.0349655151367188,0,0,0.0,0.0,-0.5,-0.009207407012581825,-0.004445129539817572,-0.5347902178764343
1435,12,77,1.0,1.0329703092575073,0,0,0.0,0.0,-0.5,-0.009221348911523819,-0.004469933919608593,-0.535980224609375
1436,12,78,1.0,1.4903244972229004,0,0,0.0,0.0,0.0,-0.007488441187888384,-0.0070519172586500645,-0.32304930686950684
1437,12,79,1.0,1.4997749328613281,0,0,0.0,0.0,0.0,-0.007364184129983187,-0.007184803020209074,-0.31834331154823303
1438,12,80,1.0,1.7633970975875854,0,1,0.0,0.0,0.0,-0.005445220973342657,-0.00749634625390172,-0.17560911178588867
1439,12,81,2.0,1.7659900188446045,1,1,0.0,0.0,0.0,-0.005443609319627285,-0.007513857912272215,-0.17420290410518646
1440,12,82,2.0,2.0287137031555176,1,1,0.0,0.0,0.0,-0.0029184692539274693,-0.003991025499999523,-0.006455189548432827
1441,12,83,2.0,2.036561965942383,1,1,0.0,0.0,0.0,-0.004752340726554394,-0.0056417714804410934,-0.0037626465782523155
1442,12,84,2.0,2.0084500312805176,1,1,0.0,0.0,0.0,-0.007144121918827295,-0.008147839456796646,0.00024484656751155853
1443,12,85,2.0,1.937943935394287,1,1,0.0,0.0,0.0,-0.0020063244737684727,-0.004035456106066704,-0.10889794677495956
1444,12,86,2.0,1.9958176612854004,1,1,0.0,0.0,0.0,-0.0008530368795618415,-0.0027987186331301928,-0.0655149444937706
1445,12,87,2.0,1.9891092777252197,1,1,0.0,0.0,0.0,-0.0013324456522241235,-0.002894798293709755,-0.0742807686328888
1446,12,88,2.0,2.048590660095215,1,1,0.0,0.0,0.0,-0.0027076485566794872,-0.0030673479195684195,-0.016182104125618935
1447,12,89,2.0,2.051345109939575,1,1,0.0,0.0,0.0,-0.0013652766356244683,-0.002257264917716384,-0.022964052855968475
1448,12,90,2.0,2.0633506774902344,1,1,0.0,0.0,0.0,-0.0010724201565608382,-0.0019009934039786458,-0.03357513248920441
1449,12,91,2.0,2.0694875717163086,1,1,0.0,0.0,0.0,-0.00034006836358457804,-0.0034376573748886585,-0.031552355736494064
1450,12,92,2.0,1.2988343238830566,1,0,0.0,0.0,0.0,6.592879071831703e-05,-0.00629589706659317,0.42278560996055603
1451,12,93,1.0,1.2847213745117188,0,0,0.0,0.0,0.0,0.0006125986110419035,-0.007095913868397474,0.4253395199775696
1452,12,94,1.0,1.2395607233047485,0,0,0.0,0.0,0.0,-0.00041473424062132835,-0.006568549666553736,0.4390676021575928
1453,12,95,1.0,1.2062968015670776,0,0,0.0,0.0,0.0,0.00028282380662858486,-0.006247006356716156,0.46241649985313416
1454,12,96,1.0,1.0196678638458252,0,0,0.0,0.0,0.5,-0.00039134849794209003,-0.006111989263445139,0.5295560359954834
1455,12,97,1.0,1.0059703588485718,0,0,0.0,0.0,0.5,-0.0030503487214446068,-0.007288292516022921,0.5315316915512085
1456,12,98,1.0,1.0726640224456787,0,0,0.0,0.0,0.5,-0.002326394198462367,-0.005594281479716301,0.5159647464752197
1457,12,99,1.0,0.9823691844940186,0,0,0.0,0.0,0.5,-0.0030526984483003616,-0.0033163640182465315,0.5416859984397888
1458,12,100,1.0,0.9792226552963257,0,0,0.0,0.0,0.5,-0.0037261666730046272,-0.0026336831506341696,0.5446789264678955
1459,12,101,1.0,0.9810783267021179,0,0,0.0,0.0,0.5,-0.0012295242631807923,-0.0037478692829608917,0.5410040020942688
1460,12,102,1.0,0.985824704170227,0,0,0.0,0.0,0.5,-0.001285645179450512,-0.0042043449357151985,0.5437800288200378
1461,12,103,1.0,0.9704601764678955,0,0,0.0,0.0,0.5,0.00020518165547400713,-0.0031848433427512646,0.5451359152793884
1462,12,104,1.0,0.9735803008079529,0,0,0.0,0.0,0.5,0.0019929413683712482,-0.004910652060061693,0.5467455387115479
1463,12,105,1.0,0.9581396579742432,0,0,0.0,0.0,0.5,4.636391531676054e-05,-0.009150061756372452,0.5365126132965088
1464,13,0,1.0,0.9784508943557739,0,0,0.0,0.0,0.0,0.17434430122375488,0.0034390087239444256,-0.009418032132089138
1465,13,1,1.0,0.9791577458381653,0,0,0.0,0.0,0.0,0.16925500333309174,0.004060701467096806,-0.01399684976786375
1466,13,2,1.0,0.975777268409729,0,0,0.0,0.0,0.0,0.1759609431028366,0.005241967737674713,-0.014842730015516281
1467,13,3,1.0,0.9745622277259827,0,0,0.0,0.0,0.0,0.17857804894447327,0.004239249508827925,-0.011758057400584221
1468,13,4,1.0,0.9746206402778625,0,0,0.0,0.0,0.0,0.19296753406524658,0.003715819213539362,-0.011939909309148788
1469,13,5,1.0,0.9745683670043945,0,0,0.0,0.0,0.0,0.19333617389202118,0.003581979777663946,-0.011603143997490406
1470,13,6,1.0,0.9774535298347473,0,0,0.0,0.0,0.0,0.20693473517894745,0.0018319978844374418,-0.00906915869563818
1471,13,7,1.0,0.9774521589279175,0,0,0.0,0.0,0.0,0.20700900256633759,0.0018028381746262312,-0.008984076790511608
1472,13,8,1.0,0.9825274348258972,0,0,0.25,0.0,0.0,0.23308727145195007,-0.006510809063911438,-0.006709787994623184
1473,13,9,1.0,0.9736182689666748,0,0,0.25,0.0,0.0,0.25748059153556824,-0.009419539012014866,-0.023327214643359184
1474,13,10,1.0,0.9720823764801025,0,0,0.25,0.0,0.0,0.2631465196609497,-0.01168116182088852,-0.028608154505491257
1475,13,11,1.0,0.9711020588874817,0,0,0.25,0.0,0.0,0.27199074625968933,-0.011351460590958595,-0.031565114855766296
1476,13,12,1.0,0.9757452011108398,0,0,0.25,0.0,0.0,0.2683035135269165,-0.02113622985780239,-0.04240219295024872
1477,13,13,1.0,0.9768160581588745,0,0,0.25,0.0,0.0,0.2674597203731537,-0.021069392561912537,-0.048425037413835526
1478,13,14,1.0,0.9697520136833191,0,0,0.25,0.0,0.0,0.267034113407135,-0.016395479440689087,-0.04342232644557953
1479,13,15,1.0,0.9729378819465637,0,0,0.25,0.0,0.0,0.26531651616096497,-0.014810780994594097,-0.042415719479322433
1480,13,16,1.0,0.96346515417099,0,0,0.25,0.0,0.0,0.24327422678470612,0.004537857603281736,-0.03408512473106384
1481,13,17,1.0,0.957502007484436,0,0,0.25,0.0,0.0,0.20717203617095947,0.04440019279718399,-0.032050035893917084
1482,13,18,1.0,0.9839668869972229,0,0,0.0,0.0,0.0,0.11375067383050919,0.17733968794345856,-0.014110209420323372
1483,13,19,1.0,0.9754132032394409,0,0,0.0,0.0,0.0,0.04992126673460007,0.22528325021266937,-0.01315990835428238
1484,13,20,1.0,0.9781450033187866,0,0,0.0,0.0,0.0,-0.00034174451138824224,0.25382882356643677,-0.0006379019469022751
1485,13,21,1.0,0.9777593612670898,0,0,0.0,0.25,0.0,-0.009404174983501434,0.25621524453163147,-0.0013423804193735123
1486,13,22,1.0,0.9597922563552856,0,0,0.0,0.25,0.0,0.006876538973301649,0.26127320528030396,0.0018441015854477882
1487,13,23,1.0,0.9693783521652222,0,0,0.0,0.25,0.0,-0.0012280053924769163,0.2736327052116394,0.022692017257213593
1488,13,24,1.0,0.976874053478241,0,0,0.0,0.25,0.0,-0.00018071348313242197,0.28297120332717896,0.023986484855413437
1489,13,25,1.0,0.9836581349372864,0,0,0.0,0.25,0.0,0.001314855646342039,0.2908767759799957,0.023782961070537567
1490,13,26,1.0,0.9815009236335754,0,0,0.0,0.25,0.0,-0.0016360410954803228,0.2866671085357666,0.02357671409845352
1491,13,27,1.0,0.9860206246376038,0,0,0.0,0.25,0.0,0.001664858078584075,0.27639567852020264,0.03596368059515953
1492,13,28,1.0,0.9931251406669617,0,0,0.0,0.25,0.0,0.002092394046485424,0.25736090540885925,0.03144967555999756
1493,13,29,1.0,0.9938079118728638,0,0,0.0,0.25,0.0,0.002558507490903139,0.2267933487892151,0.04283882677555084
1494,13,30,1.0,0.9936725497245789,0,0,0.0,0.25,0.0,-0.0036334185861051083,0.16004972159862518,0.025042567402124405
1495,13,31,1.0,0.9855706095695496,0,0,0.0,0.0,0.0,0.002796655986458063,0.10684049874544144,0.008456888608634472
1496,13,32,1.0,0.9807324409484863,0,0,0.0,0.0,0.0,0.0004369858652353287,0.05242498219013214,0.008313092403113842
1497,13,33,1.0,0.9800522923469543,0,0,0.0,0.0,0.0,-0.002125779865309596,0.01935885101556778,0.005947408266365528
1498,13,34,1.0,0.985609769821167,0,0,0.0,0.0,0.0,-0.0010573711479082704,0.0026570798363536596,0.008850582875311375
1499,13,35,1.0,0.9863274693489075,0,0,0.0,0.0,0.0,-0.001222129794768989,-0.00020491692703217268,0.008666985668241978
1500,13,36,1.0,0.9944788217544556,0,0,0.0,0.0,0.0,-0.0009443275630474091,0.0022643685806542635,0.01440464984625578
1501,13,37,1.0,0.9946126341819763,0,0,0.0,0.0,0.0,-0.0009617516188882291,0.0018941061571240425,0.014421137981116772
1502,13,38,1.0,0.9924318790435791,0,0,0.0,0.0,0.0,-0.0008495629299432039,0.0009065215708687901,0.015596593730151653
1503,13,39,1.0,0.9924565553665161,0,0,0.0,0.0,0.0,-0.0008500515250489116,0.0008215670241042972,0.015606178902089596
1504,13,40,1.0,0.9905551075935364,0,0,0.0,0.0,0.0,3.4794677048921585e-05,0.0015786769799888134,0.01506084855645895
1505,13,41,1.0,0.9905617833137512,0,0,0.0,0.25,0.0,3.510527312755585e-05,0.0015578930033370852,0.015062634833157063
1506,13,42,1.0,0.9864203929901123,0,0,0.0,0.0,0.0,0.005540930200368166,0.017625458538532257,0.0067502232268452644
1507,13,43,1.0,0.9775904417037964,0,0,0.0,0.0,0.0,0.004610072821378708,0.006398075260221958,-0.0013720067217946053
1508,13,44,1.0,0.9771454334259033,0,0,0.0,0.0,0.0,0.0032389070838689804,0.0033582111354917288,-0.012332100421190262
1509,13,45,1.0,0.9762385487556458,0,0,0.0,0.0,0.0,0.002662304788827896,0.0012299289228394628,-0.012880859896540642
1510,13,46,1.0,0.9721122980117798,0,0,0.0,0.0,0.0,0.0010723320301622152,-0.00013084006786812097,-0.0120674604550004
1511,13,47,1.0,0.9720380306243896,0,0,0.0,0.25,0.0,0.0010457492899149656,-0.0003869510837830603,-0.01200889702886343
1512,13,48,1.0,0.9748154282569885,0,0,0.0,0.0,0.0,0.0019821273162961006,0.0077962083742022514,-0.01153614092618227
1513,13,49,1.0,0.9846464395523071,0,0,0.0,0.0,0.0,0.0055685024708509445,0.0025207728613168,-0.010386839509010315
1514,13,50,1.0,0.9909095168113708,0,0,0.0,0.0,0.0,0.0053846328519284725,0.000461563584394753,-2.2193416953086853e-05
1515,13,51,1.0,0.9900196194648743,0,0,0.0,0.0,0.0,0.004612342920154333,-0.0006615378661081195,0.0008535459637641907
1516,13,52,1.0,0.9906746745109558,0,0,0.0,0.0,0.0,0.005901999771595001,-0.0014684100169688463,0.007480139844119549
1517,13,53,1.0,0.990714430809021,0,0,0.25,0.0,0.0,0.0058964211493730545,-0.0016278713010251522,0.0076070306822657585
1518,13,54,1.0,0.9885395765304565,0,0,0.25,0.0,0.0,0.016760719940066338,-0.0017722793854773045,0.0061996253207325935
1519,13,55,1.0,0.9804444313049316,0,0,0.0,0.0,0.0,0.01992000825703144,0.00015730096492916346,-0.049930721521377563
1520,13,56,1.0,0.979049801826477,0,0,0.0,0.0,0.0,0.012144273146986961,-0.000473120657261461,-0.07927878946065903
1521,13,57,1.0,0.9800371527671814,0,0,0.0,0.0,0.0,0.007682440336793661,-0.0012048075441271067,-0.12983252108097076
1522,13,58,1.0,0.9813826084136963,0,0,0.0,0.0,0.0,0.004604893736541271,-0.001940217916853726,-0.18568949401378632
1523,13,59,1.0,0.9813714027404785,0,0,0.0,0.0,0.0,0.003821989055722952,-0.002024366520345211,-0.18630731105804443
1524,13,60,1.0,0.9757638573646545,0,0,0.25,0.0,0.0,-0.0027981894090771675,-0.0017976326635107398,-0.3165784180164337
1525,13,61,1.0,0.9834040999412537,0,0,0.0,0.0,0.0,0.0015358768869191408,-0.002940394217148423,-0.4770229160785675
1526,13,62,1.0,0.9933099150657654,0,0,0.0,0.0,0.0,-0.0031266389414668083,-0.004904095083475113,-0.4998588562011719
1527,13,63,1.0,0.9936931729316711,0,0,0.0,0.0,0.0,-0.005815871525555849,-0.005295653361827135,-0.5082508325576782
1528,13,64,1.0,0.9981868863105774,0,0,0.0,0.0,0.0,-0.006845204625278711,-0.00562492199242115,-0.525131344795227
1529,13,65,1.0,0.998114287853241,0,0,0.0,0.0,0.0,-0.007385674864053726,-0.00566365709528327,-0.5252858400344849
1530,13,66,1.0,0.9992144107818604,0,0,0.0,0.0,-0.5,-0.008621307089924812,-0.005802336614578962,-0.5339142680168152
1531,13,67,1.0,0.999672532081604,0,0,0.0,0.0,-0.5,-0.010903524234890938,-0.0037729607429355383,-0.5436971187591553
1532,13,68,1.0,0.9960876107215881,0,0,0.0,0.0,-0.5,-0.009186850860714912,-3.037331043742597e-05,-0.5453050136566162
1533,13,69,1.0,0.9912512898445129,0,0,0.0,0.0,-0.5,-0.009465167298913002,-0.0016174408374354243,-0.5412319898605347
1534,13,70,1.0,0.9774819612503052,0,0,0.0,0.0,-0.5,-0.008375831879675388,-0.0018444344168528914,-0.5438680052757263
1535,13,71,1.0,0.9649227857589722,0,0,0.0,0.0,-0.5,-0.007350996136665344,-0.0027396278455853462,-0.5493360757827759
1536,13,72,1.0,0.944026529788971,0,0,0.0,0.0,-0.5,-0.00473838672041893,-0.004577371757477522,-0.5566429495811462
1537,13,73,1.0,0.9452784061431885,0,0,0.0,0.0,-0.5,-0.0073687126860022545,-0.004286122974008322,-0.553958535194397
1538,13,74,1.0,0.9480603933334351,0,0,0.0,0.0,-0.5,-0.007662722375243902,-0.0044687422923743725,-0.5576332211494446
1539,13,75,1.0,0.9567928314208984,0,0,0.0,0.0,-0.5,-0.007458423264324665,-0.003963668830692768,-0.5552557110786438
1540,13,76,1.0,1.5433999300003052,0,1,0.0,0.0,-0.5,-0.002760698087513447,-0.004757249262183905,-0.29806673526763916
1541,13,77,1.0,1.5517973899841309,0,1,0.0,0.0,0.0,-0.00294284475967288,-0.004925314802676439,-0.2938085198402405
1542,13,78,1.0,1.9509100914001465,0,1,0.0,0.0,0.0,-0.0038184616714715958,-0.005644718185067177,-0.0703684464097023
1543,13,79,1.0,1.9517943859100342,0,1,0.0,0.0,0.0,-0.003826348576694727,-0.005679389927536249,-0.06959475576877594
1544,13,80,2.0,1.9680222272872925,1,1,0.0,0.0,0.0,-0.0041679698042571545,-0.0048960051499307156,-0.05903664231300354
1545,13,81,2.0,2.0325722694396973,1,1,0.0,0.0,0.0,-0.002090003341436386,-0.0063823312520980835,0.0017132433131337166
1546,13,82,2.0,1.9489362239837646,1,1,0.0,0.0,0.0,-0.0036158955190330744,-0.00470745749771595,-0.06783731281757355
1547,13,83,2.0,1.9331443309783936,1,1,0.0,0.0,0.0,-0.001926541910506785,-0.0047005461528897285,-0.08383488655090332
1548,13,84,2.0,1.9182076454162598,1,1,0.0,0.0,0.0,-0.0048273345455527306,-0.005575053859502077,-0.09446890652179718
1549,13,85,2.0,1.9221010208129883,1,1,0.0,0.0,0.0,-0.0053906613029539585,-0.004841238260269165,-0.09449586272239685
1550,13,86,2.0,1.9891788959503174,1,1,0.0,0.0,0.0,-0.005234629847109318,-0.004749705549329519,-0.06656141579151154
1551,13,87,2.0,1.9990971088409424,1,1,0.0,0.0,0.0,-0.006336724851280451,-0.00405259570106864,-0.0713440552353859
1552,13,88,1.0,2.027968168258667,0,1,0.0,0.0,0.0,-0.007858619093894958,-0.0015406414167955518,-0.0447215810418129
1553,13,89,1.0,1.6355335712432861,0,1,0.0,0.0,0.0,-0.004279601387679577,-0.007975517772138119,0.21120162308216095
1554,13,90,1.0,1.5978575944900513,0,1,0.0,0.0,0.0,-0.0028916066512465477,-0.011115453206002712,0.23147234320640564
1555,13,91,1.0,1.3270301818847656,0,0,0.0,0.0,0.5,-0.002285440918058157,-0.008562020026147366,0.3756970167160034
1556,13,92,1.0,1.0143712759017944,0,0,0.0,0.0,0.5,-0.0020468407310545444,-0.0026355087757110596,0.5358649492263794
1557,13,93,1.0,1.4586724042892456,0,0,0.0,0.0,0.5,-0.0007816081051714718,-0.009336627088487148,0.36237969994544983
1558,13,94,1.0,0.9883602261543274,0,0,0.0,0.0,0.5,-0.0018541838508099318,-0.002733226167038083,0.5417241454124451
1559,13,95,1.0,0.9868915677070618,0,0,0.0,0.0,0.5,-0.00039569614455103874,-0.00347526534460485,0.5444093942642212
1560,13,96,1.0,0.9922926425933838,0,0,0.0,0.0,0.5,-0.0009450206998735666,-0.003159347688779235,0.549538254737854
1561,13,97,1.0,0.986844003200531,0,0,0.0,0.0,0.5,-0.0007920105126686394,-0.0026070435997098684,0.5515986680984497
1562,13,98,1.0,0.9835435748100281,0,0,0.0,0.0,0.5,0.0002360284561291337,-0.002044842578470707,0.5539709329605103
1563,13,99,1.0,0.9863354563713074,0,0,0.0,0.0,0.5,0.0005971470382064581,-0.0027639165055006742,0.5472020506858826
1564,13,100,1.0,0.9754899740219116,0,0,0.0,0.0,0.5,0.0033874637447297573,0.00011674058623611927,0.5418770909309387
1565,14,0,1.0,1.0133863687515259,0,0,0.0,0.0,0.0,-0.05837845802307129,0.005471737589687109,-0.014459043741226196
1566,14,1,1.0,1.0093262195587158,0,0,0.0,0.0,0.0,-0.09190122038125992,0.005935790482908487,-0.021976500749588013
1567,14,2,1.0,1.00274658203125,0,0,0.0,0.0,0.0,-0.09955502301454544,0.00789649412035942,-0.018009545281529427
1568,14,3,1.0,1.0027904510498047,0,0,0.0,0.0,0.0,-0.09283967316150665,0.00741972029209137,-0.016712121665477753
1569,14,4,1.0,0.9901944398880005,0,0,0.0,0.0,0.0,-0.15061287581920624,0.0025453856214880943,-0.01951194927096367
1570,14,5,1.0,0.9903438091278076,0,0,0.0,0.0,0.0,-0.14937876164913177,0.0024136416614055634,-0.019197702407836914
1571,14,6,1.0,0.9781470894813538,0,0,0.0,0.0,0.0,-0.194548100233078,0.0019494052976369858,-0.014202795922756195
1572,14,7,1.0,0.9781909584999084,0,0,0.0,0.0,0.0,-0.19436372816562653,0.001927367877215147,-0.014108582399785519
1573,14,8,1.0,0.9766484498977661,0,0,-0.25,0.0,0.0,-0.2090246081352234,-0.0012066303752362728,-0.014168018475174904
1574,14,9,1.0,0.9852712750434875,0,0,-0.25,0.0,0.0,-0.2607407569885254,-0.011202191933989525,-0.012945637106895447
1575,14,10,1.0,0.984337568283081,0,0,-0.25,0.0,0.0,-0.279143750667572,-0.018601395189762115,-0.0008025355637073517
1576,14,11,1.0,0.9838759899139404,0,0,-0.25,0.0,0.0,-0.2787524163722992,-0.021162759512662888,-0.0012514544650912285
1577,14,12,1.0,0.9826698899269104,0,0,-0.25,0.0,0.0,-0.28417810797691345,-0.02363046258687973,-0.00943993404507637
1578,14,13,1.0,0.9790819883346558,0,0,-0.25,0.0,0.0,-0.2787325084209442,-0.026680801063776016,-0.01216916274279356
1579,14,14,1.0,0.9885877966880798,0,0,-0.25,0.0,0.0,-0.28318294882774353,-0.01979842036962509,-0.013237608596682549
1580,14,15,1.0,0.9845078587532043,0,0,-0.25,0.0,0.0,-0.2797033190727234,-0.02166822738945484,-0.011805156245827675
1581,14,16,1.0,0.9745360612869263,0,0,-0.25,0.0,0.0,-0.2540312707424164,0.015387868508696556,-0.006630202289670706
1582,14,17,1.0,0.9707034230232239,0,0,-0.25,0.0,0.0,-0.21080411970615387,0.04930305480957031,-0.007395985070616007
1583,14,18,1.0,0.9741652607917786,0,0,0.0,0.0,0.0,-0.13860496878623962,0.13467495143413544,0.008720080368220806
1584,14,19,1.0,0.9548518061637878,0,0,0.0,0.0,0.0,-0.023217057809233665,0.20918099582195282,-0.0017870753072202206
1585,14,20,1.0,0.9694144129753113,0,0,0.0,0.0,0.0,-0.00859837420284748,0.246869757771492,0.0006690360605716705
1586,14,21,1.0,0.9713307619094849,0,0,0.0,0.25,0.0,0.0002595986006781459,0.24809066951274872,0.0024104807525873184
1587,14,22,1.0,0.9596225023269653,0,0,0.0,0.25,0.0,0.002526547759771347,0.26566579937934875,0.011747035197913647
1588,14,23,1.0,0.9636171460151672,0,0,0.0,0.25,0.0,-0.002395681571215391,0.2772175371646881,0.027704857289791107
1589,14,24,1.0,0.9705178737640381,0,0,0.0,0.25,0.0,-0.005582171026617289,0.27801477909088135,0.01683187484741211
1590,14,25,1.0,0.9768970012664795,0,0,0.0,0.25,0.0,-0.005130737088620663,0.2761663496494293,0.02780604362487793
1591,14,26,1.0,0.9753400087356567,0,0,0.0,0.25,0.0,-7.147970609366894e-05,0.28244683146476746,0.026664622128009796
1592,14,27,1.0,0.9792060256004333,0,0,0.0,0.25,0.0,0.001984554110094905,0.28177738189697266,0.029834531247615814
1593,14,28,1.0,0.9917358160018921,0,0,0.0,0.25,0.0,0.006021140143275261,0.26166167855262756,0.02311857044696808
1594,14,29,1.0,0.9903156757354736,0,0,0.0,0.25,0.0,0.0013361109886318445,0.24156884849071503,0.027177229523658752
1595,14,30,1.0,0.996096670627594,0,0,0.0,0.0,0.0,-0.00045106111792847514,0.1966925710439682,0.018712282180786133
1596,14,31,1.0,0.9824270009994507,0,0,0.0,0.0,0.0,0.0032786107622087,0.14313368499279022,0.024888865649700165
1597,14,32,1.0,0.9821445345878601,0,0,0.0,0.0,0.0,0.0046183159574866295,0.0869792029261589,0.014091341756284237
1598,14,33,1.0,0.9824759364128113,0,0,0.0,0.0,0.0,0.00537504069507122,0.06990182399749756,0.013511254452168941
1599,14,34,1.0,0.9709264039993286,0,0,0.0,0.0,0.0,0.004956743214279413,0.04002131521701813,0.016374222934246063
1600,14,35,1.0,0.9708098769187927,0,0,0.0,0.25,0.0,0.004743399564176798,0.03761981427669525,0.016129542142152786
1601,14,36,1.0,0.9713687300682068,0,0,0.0,0.25,0.0,0.006476669106632471,0.0667577013373375,0.02136193960905075
1602,14,37,1.0,0.9818058609962463,0,0,0.0,0.0,0.0,0.003563288599252701,0.05004937946796417,0.02265646681189537
1603,14,38,1.0,0.9972819089889526,0,0,0.0,0.0,0.0,0.0012668042909353971,0.027747204527258873,0.014632760547101498
1604,14,39,1.0,0.9942014813423157,0,0,0.0,0.0,0.0,0.0015330230817198753,0.01822912134230137,0.013152443803846836
1605,14,40,1.0,0.9962438941001892,0,0,0.0,0.0,0.0,-0.0026395022869110107,0.009822250343859196,0.007849670015275478
1606,14,41,1.0,0.9963333010673523,0,0,0.0,0.0,0.0,-0.0028691994957625866,0.008386196568608284,0.007497220300137997
1607,14,42,1.0,0.9954564571380615,0,0,0.0,0.0,0.0,-0.0027128085494041443,0.004238280467689037,-0.0019147018902003765
1608,14,43,1.0,0.9954264760017395,0,0,0.0,0.0,0.0,-0.002778564812615514,0.003985180985182524,-0.0020012506283819675
1609,14,44,1.0,0.9942848086357117,0,0,0.0,0.0,0.0,-0.005021991208195686,0.002578836167231202,-0.004986797459423542
1610,14,45,1.0,0.99427330493927,0,0,0.0,0.0,0.0,-0.005031833425164223,0.0025322716683149338,-0.004988871049135923
1611,14,46,1.0,0.994199275970459,0,0,0.0,0.0,0.0,-0.005838958080857992,0.002541641239076853,-0.005026339553296566
1612,14,47,1.0,0.9941946268081665,0,0,0.0,0.25,0.0,-0.005840336438268423,0.002530289115384221,-0.00502441031858325
1613,14,48,1.0,0.9926842451095581,0,0,0.0,0.0,0.0,-0.005400790832936764,0.01205943152308464,-0.01036632526665926
1614,14,49,1.0,0.9719693660736084,0,0,0.0,0.0,0.0,-0.012474790215492249,0.0034745391458272934,-0.013558839447796345
1615,14,50,1.0,0.973994791507721,0,0,0.0,0.0,0.0,-0.021544618532061577,-0.002400470431894064,-0.015013179741799831
1616,14,51,1.0,0.9732455611228943,0,0,0.0,0.0,0.0,-0.021021565422415733,-0.004048142582178116,-0.010414240881800652
1617,14,52,1.0,0.9751211404800415,0,0,0.0,0.0,0.0,-0.027401506900787354,-0.004244579933583736,-0.016008317470550537
1618,14,53,1.0,0.9751498699188232,0,0,-0.25,0.0,0.0,-0.027449173852801323,-0.004412667825818062,-0.015862977132201195
1619,14,54,1.0,0.9810552597045898,0,0,0.0,0.0,0.0,-0.03421091288328171,-0.004145030863583088,-0.019635997712612152
1620,14,55,1.0,0.988130509853363,0,0,0.0,0.0,0.0,-0.029357075691223145,-0.003344785189256072,-0.005937773268669844
1621,14,56,1.0,0.9902750849723816,0,0,0.0,0.0,0.0,-0.029136108234524727,-0.004764049779623747,-0.004770802799612284
1622,14,57,1.0,0.9902288317680359,0,0,0.0,0.0,0.0,-0.028235172852873802,-0.004793962463736534,-0.003857680596411228
1623,14,58,1.0,0.9960562586784363,0,0,0.0,0.0,0.0,-0.02623482421040535,-0.004072308074682951,-0.0036704479716718197
1624,14,59,1.0,0.9960380792617798,0,0,-0.25,0.0,0.0,-0.026104988530278206,-0.0040928954258561134,-0.0037012039683759212
1625,14,60,1.0,0.9968621730804443,0,0,-0.25,0.0,0.0,-0.031178681179881096,-0.003922663629055023,-0.006886329501867294
1626,14,61,1.0,1.002120852470398,0,0,0.0,0.0,0.0,-0.02645004726946354,-0.00456335349008441,-0.003635769709944725
1627,14,62,1.0,0.9955963492393494,0,0,0.0,0.0,0.0,-0.021796584129333496,-0.003713596612215042,0.013926719315350056
1628,14,63,1.0,0.9919452667236328,0,0,0.0,0.0,0.0,-0.017825879156589508,-0.0036666495725512505,0.024566270411014557
1629,14,64,1.0,0.9915847778320312,0,0,0.0,0.0,0.0,-0.011316118761897087,-0.0033645888324826956,0.019330773502588272
1630,14,65,1.0,0.9911291599273682,0,0,0.0,0.0,0.0,-0.01045740395784378,-0.0032726202625781298,0.020070470869541168
1631,14,66,1.0,0.9816842079162598,0,0,0.0,0.0,0.0,-0.007196352817118168,-0.0046263947151601315,-0.01558691170066595
1632,14,67,1.0,0.9816775918006897,0,0,0.0,0.0,0.0,-0.00713891489431262,-0.004631709773093462,-0.01567923277616501
1633,14,68,1.0,0.9770126938819885,0,0,0.0,0.0,0.0,-0.00308659253641963,-0.00249490886926651,-0.1384752094745636
1634,14,69,1.0,0.9770187735557556,0,0,0.0,0.0,-0.5,-0.0030776462517678738,-0.0024968860670924187,-0.1384994089603424
1635,14,70,1.0,0.9950161576271057,0,0,0.0,0.0,-0.5,-0.008196208626031876,-0.00527761597186327,-0.5348235368728638
1636,14,71,1.0,0.999757707118988,0,0,0.0,0.0,-0.5,-0.008379844017326832,-0.0031516693998128176,-0.5475513339042664
1637,14,72,1.0,0.9895896911621094,0,0,0.0,0.0,-0.5,-0.008798239752650261,-0.001386137562803924,-0.5520980954170227
1638,14,73,1.0,0.9906325936317444,0,0,0.0,0.0,-0.5,-0.009613001719117165,-0.0009790279436856508,-0.5451768040657043
1639,14,74,1.0,0.9740386009216309,0,0,0.0,0.0,-0.5,-0.005900237709283829,-0.0015235627070069313,-0.5459673404693604
1640,14,75,1.0,0.9594947695732117,0,0,0.0,0.0,-0.5,-0.010506141930818558,-0.0009465152979828417,-0.5446106791496277
1641,14,76,1.0,0.9467309713363647,0,0,0.0,0.0,-0.5,-0.007746209856122732,-0.0015985575737431645,-0.5439273715019226
1642,14,77,1.0,0.944416880607605,0,0,0.0,0.0,-0.5,-0.006565415766090155,-0.0023965982254594564,-0.5458254218101501
1643,14,78,1.0,1.03889799118042,0,0,0.0,0.0,-0.5,-0.004411953501403332,-0.0015305085107684135,-0.5149103403091431
1644,14,79,1.0,1.199209213256836,0,0,0.0,0.0,-0.5,-0.002551791723817587,-0.003758322447538376,-0.4514784812927246
1645,14,80,1.0,1.7256171703338623,0,1,0.0,0.0,0.0,-0.004298693500459194,-0.0041798874735832214,-0.19735997915267944
1646,14,81,1.0,1.6829642057418823,0,1,0.0,0.0,0.0,-0.004861074034124613,-0.004490911494940519,-0.2208091914653778
1647,14,82,1.0,1.9032840728759766,0,1,0.0,0.0,0.0,-0.005427028052508831,-0.00433994410559535,-0.0905894786119461
1648,14,83,2.0,1.9059162139892578,1,1,0.0,0.0,0.0,-0.005558219738304615,-0.0043938132002949715,-0.08866473287343979
1649,14,84,2.0,2.028083324432373,1,1,0.0,0.0,0.0,-0.004071966744959354,-0.0044429791159927845,0.0014855386689305305
1650,14,85,2.0,2.0304198265075684,1,1,0.0,0.0,0.0,-0.005556499119848013,-0.004557235166430473,-0.004729496780782938
1651,14,86,2.0,1.9761120080947876,1,1,0.0,0.0,0.0,-0.0012591087725013494,-0.005093810148537159,-0.050297584384679794
1652,14,87,2.0,1.9599974155426025,1,1,0.0,0.0,0.0,0.0005279079778119922,-0.00578695721924305,-0.06906943023204803
1653,14,88,2.0,1.9935044050216675,1,1,0.0,0.0,0.0,0.0007436382584273815,-0.005019417963922024,-0.04974260926246643
1654,14,89,2.0,1.96999192237854,1,1,0.0,0.0,0.0,0.0007085511460900307,-0.0047861444763839245,-0.0676773339509964
1655,14,90,2.0,2.021009922027588,1,1,0.0,0.0,0.0,-0.0004811187391169369,-0.004344130866229534,-0.03893853724002838
1656,14,91,2.0,2.026421546936035,1,1,0.0,0.0,0.0,-0.0013402526965364814,-0.0045457324013113976,-0.041857216507196426
1657,14,92,2.0,2.071181535720825,1,1,0.0,0.0,0.0,-0.005649495404213667,-0.005051866639405489,-0.04543579742312431
1658,14,93,2.0,2.051748752593994,1,1,0.0,0.0,0.0,-0.007144208997488022,-0.0067205047234892845,-0.019000638276338577
1659,14,94,1.0,1.0650578737258911,0,0,0.0,0.0,0.0,-0.0020498158410191536,-0.005129655357450247,0.5069629549980164
1660,14,95,1.0,1.0314451456069946,0,0,0.0,0.0,0.0,-0.002817352768033743,-0.006904209032654762,0.5170730948448181
1661,14,96,1.0,1.2209666967391968,0,0,0.0,0.0,0.0,-0.003220297396183014,-0.0058813681825995445,0.4441527724266052
1662,14,97,1.0,1.138282299041748,0,0,0.0,0.0,0.5,-0.004359093029052019,-0.004904503468424082,0.4818111062049866
1663,14,98,1.0,0.9759995341300964,0,0,0.0,0.0,0.5,-0.001396090374328196,-0.004780941642820835,0.5432547926902771
1664,14,99,1.0,0.9797651171684265,0,0,0.0,0.0,0.5,-0.0020968874450773,-0.004796895664185286,0.5364238023757935
1665,14,100,1.0,0.9749687314033508,0,0,0.0,0.0,0.5,-0.0004111482994630933,-0.003839944489300251,0.5433521270751953
1666,14,101,1.0,0.9763888120651245,0,0,0.0,0.0,0.5,-0.0008901862893253565,-0.0032911677844822407,0.5381147861480713
1667,14,102,1.0,0.9872246384620667,0,0,0.0,0.0,0.5,-4.7196983359754086e-05,-0.005169559270143509,0.5454926490783691
1668,14,103,1.0,0.9900650382041931,0,0,0.0,0.0,0.5,0.001399958971887827,-0.0029877936467528343,0.5389233827590942
1669,14,104,1.0,0.9722471237182617,0,0,0.0,0.0,0.5,0.002986681181937456,-0.0022876537404954433,0.5476322174072266
1670,14,105,1.0,1.0751187801361084,0,0,0.0,0.0,0.5,0.00627795560285449,-0.0009450642974115908,0.4984082281589508
1671,14,106,1.0,0.9656891226768494,0,0,0.0,0.0,0.5,0.003448708914220333,-0.0003078049630858004,0.5346496105194092
1672,15,0,1.0,0.9836457967758179,0,0,0.0,0.0,0.0,0.1973370611667633,-0.009920609183609486,-0.0030798744410276413
1673,15,1,1.0,0.9828439354896545,0,0,0.0,0.0,0.0,0.19614747166633606,-0.009045672602951527,-0.004912733566015959
1674,15,2,1.0,0.9806846976280212,0,0,0.0,0.0,0.0,0.19902491569519043,-0.01001387182623148,-0.005353165790438652
1675,15,3,1.0,0.9804059267044067,0,0,0.0,0.0,0.0,0.19996361434459686,-0.01006426103413105,-0.004609574563801289
1676,15,4,1.0,0.9746531844139099,0,0,0.0,0.0,0.0,0.21665388345718384,-0.007367683108896017,-0.008245611563324928
1677,15,5,1.0,0.9746187329292297,0,0,0.0,0.0,0.0,0.2168569564819336,-0.007388222496956587,-0.008062794804573059
1678,15,6,1.0,0.9746646881103516,0,0,0.0,0.0,0.0,0.2370302379131317,-0.00389570533297956,-0.016014160588383675
1679,15,7,1.0,0.9746518135070801,0,0,0.0,0.0,0.0,0.2370753139257431,-0.003904791548848152,-0.015962650999426842
1680,15,8,1.0,0.9764266610145569,0,0,0.0,0.0,0.0,0.24300813674926758,-0.003185862908139825,-0.01744336262345314
1681,15,9,1.0,0.9764228463172913,0,0,0.0,0.0,0.0,0.24301889538764954,-0.003188365139067173,-0.01743016019463539
1682,15,10,1.0,0.9768908619880676,0,0,0.0,0.0,0.0,0.24599167704582214,-0.003087888937443495,-0.017910216003656387
1683,15,11,1.0,0.976889967918396,0,0,0.25,0.0,0.0,0.24599432945251465,-0.0030886665917932987,-0.01790674403309822
1684,15,12,1.0,0.9906818866729736,0,0,0.25,0.0,0.0,0.27037569880485535,0.0014742976054549217,-0.02388317510485649
1685,15,13,1.0,0.9871240854263306,0,0,0.25,0.0,0.0,0.28042158484458923,0.010880698449909687,-0.02718760445713997
1686,15,14,1.0,0.9812358617782593,0,0,0.25,0.0,0.0,0.27941620349884033,0.016444360837340355,-0.0383959598839283
1687,15,15,1.0,0.983126163482666,0,0,0.25,0.0,0.0,0.2794695496559143,0.014420920051634312,-0.02641550451517105
1688,15,16,1.0,0.9870685338973999,0,0,0.25,0.0,0.0,0.2787175178527832,0.021649863570928574,-0.03290105238556862
1689,15,17,1.0,0.9923684597015381,0,0,0.25,0.0,0.0,0.27347230911254883,0.013610032387077808,-0.033627018332481384
1690,15,18,1.0,0.999325156211853,0,0,0.25,0.0,0.0,0.2702091336250305,0.021039459854364395,-0.04044578969478607
1691,15,19,1.0,0.9929348826408386,0,0,0.25,0.0,0.0,0.2677967846393585,0.008832876570522785,-0.03386862948536873
1692,15,20,1.0,0.9906757473945618,0,0,0.25,0.0,0.0,0.2229723036289215,-0.03720204532146454,-0.027764704078435898
1693,15,21,1.0,0.9943432807922363,0,0,0.0,0.0,0.0,0.16329510509967804,-0.1009184792637825,-0.027891159057617188
1694,15,22,1.0,0.9830418229103088,0,0,0.0,0.0,0.0,0.061667971312999725,-0.20728319883346558,-0.029184900224208832
1695,15,23,1.0,0.9793013334274292,0,0,0.0,0.0,0.0,0.01099776104092598,-0.22550414502620697,-0.030148454010486603
1696,15,24,1.0,0.974550724029541,0,0,0.0,0.0,0.0,-0.012171978130936623,-0.2553217113018036,-0.02139635756611824
1697,15,25,1.0,0.9748436808586121,0,0,0.0,-0.25,0.0,-0.01921008713543415,-0.25524845719337463,-0.021033570170402527
1698,15,26,1.0,0.9757003784179688,0,0,0.0,-0.25,0.0,-0.009916691109538078,-0.2669753134250641,-0.006880543194711208
1699,15,27,1.0,0.9750377535820007,0,0,0.0,-0.25,0.0,-0.004531112499535084,-0.27120667695999146,-0.005684087052941322
1700,15,28,1.0,0.9749515056610107,0,0,0.0,-0.25,0.0,-0.008024082519114017,-0.27212804555892944,-0.006434457376599312
1701,15,29,1.0,0.9758673906326294,0,0,0.0,-0.25,0.0,-0.0035440311767160892,-0.27426761388778687,-0.006536065135151148
1702,15,30,1.0,0.9717998504638672,0,0,0.0,-0.25,0.0,-0.008016321808099747,-0.2810935080051422,-0.0025213491171598434
1703,15,31,1.0,0.9675813913345337,0,0,0.0,-0.25,0.0,-0.0058334157802164555,-0.283729612827301,-0.0031136367470026016
1704,15,32,1.0,0.9759581685066223,0,0,0.0,-0.25,0.0,-0.006031841039657593,-0.26865682005882263,-0.01390968356281519
1705,15,33,1.0,0.982769250869751,0,0,0.0,-0.25,0.0,-0.005278286524116993,-0.24286071956157684,-0.01826874166727066
1706,15,34,1.0,0.9784913659095764,0,0,0.0,-0.25,0.0,-0.008408303372561932,-0.16798755526542664,-0.017482884228229523
1707,15,35,1.0,0.9652556777000427,0,0,0.0,0.0,0.0,0.0035734837874770164,-0.11054173856973648,-0.008261501789093018
1708,15,36,1.0,0.9793406128883362,0,0,0.0,0.0,0.0,3.251468297094107e-05,-0.051082126796245575,0.0011826464906334877
1709,15,37,1.0,0.9838076233863831,0,0,0.0,0.0,0.0,-0.002191718202084303,-0.033972904086112976,0.008560099638998508
1710,15,38,1.0,0.9917755722999573,0,0,0.0,0.0,0.0,-0.003536126809194684,-0.022828228771686554,0.011011079885065556
1711,15,39,1.0,0.9913173317909241,0,0,0.0,0.0,0.0,-0.003759031882509589,-0.021163498982787132,0.011206611059606075
1712,15,40,1.0,0.9893741011619568,0,0,0.0,0.0,0.0,-0.0003780985716730356,-0.02266913279891014,0.011250940151512623
1713,15,41,1.0,0.9892920255661011,0,0,0.0,-0.25,0.0,-0.0004106189589947462,-0.022321214899420738,0.011265897192060947
1714,15,42,1.0,0.9980884790420532,0,0,0.0,0.0,0.0,-0.000575327139813453,-0.027148772031068802,0.005046466365456581
1715,15,43,1.0,0.9970154762268066,0,0,0.0,0.0,0.0,0.0005243198247626424,-0.017838655039668083,0.003070242702960968
1716,15,44,1.0,0.9802910089492798,0,0,0.0,0.0,0.0,0.00047515786718577147,-0.013103176839649677,-0.0002644062042236328
1717,15,45,1.0,0.9808245301246643,0,0,0.0,0.0,0.0,0.0005107929464429617,-0.011416982859373093,-0.0006029698997735977
1718,15,46,1.0,0.9738417863845825,0,0,0.0,0.0,0.0,-0.0018205497181043029,-0.00698684249073267,-0.0064745107665658
1719,15,47,1.0,0.9738283157348633,0,0,0.0,-0.25,0.0,-0.0018335174536332488,-0.0067780413664877415,-0.006515775807201862
1720,15,48,1.0,0.9736025333404541,0,0,0.0,-0.25,0.0,-0.0006660690414719284,-0.013892848044633865,-0.003096623346209526
1721,15,49,1.0,0.9828265309333801,0,0,0.0,0.0,0.0,0.00025487819220870733,-0.016724660992622375,-0.002021188847720623
1722,15,50,1.0,0.9791572093963623,0,0,0.0,0.0,0.0,-0.0010294029489159584,-0.00932658463716507,-0.00020002387464046478
1723,15,51,1.0,0.9814784526824951,0,0,0.0,0.0,0.0,-6.033945828676224e-05,-0.005420323461294174,-0.0064908843487501144
1724,15,52,1.0,0.978602409362793,0,0,0.0,0.0,0.0,-0.0001507112756371498,-0.0015437540132552385,-0.003422647714614868
1725,15,53,1.0,0.9784958362579346,0,0,0.0,0.0,0.0,-0.00022991816513240337,-0.0009145181975327432,-0.0039017098024487495
1726,15,54,1.0,0.9831919074058533,0,0,0.25,0.0,0.0,0.0011041618417948484,-0.00038349744863808155,-0.0020543946884572506
1727,15,55,1.0,0.9844860434532166,0,0,0.0,0.0,0.0,0.014015663415193558,0.003072286956012249,0.0166667141020298
1728,15,56,1.0,0.984786331653595,0,0,0.0,0.0,0.0,0.008394397795200348,0.0013014354044571519,0.023147452622652054
1729,15,57,1.0,0.9852708578109741,0,0,0.0,0.0,0.0,0.004868300631642342,1.4890101738274097e-06,0.02401331067085266
1730,15,58,1.0,0.9884637594223022,0,0,0.0,0.0,0.0,0.0017418439965695143,0.0005746379611082375,0.01819060742855072
1731,15,59,1.0,0.9887374043464661,0,0,0.0,0.0,0.0,0.00126927113160491,0.00044614390935748816,0.018084071576595306
1732,15,60,1.0,0.9880526065826416,0,0,0.25,0.0,0.0,0.0004007916431874037,-0.0006022383458912373,0.020965062081813812
1733,15,61,1.0,0.982908308506012,0,0,0.25,0.0,0.0,0.01439916342496872,0.0024826934095472097,0.010128508321940899
1734,15,62,1.0,0.9763756394386292,0,0,0.0,0.0,0.0,0.01687430590391159,0.0019708124455064535,-0.22698232531547546
1735,15,63,1.0,0.9803293943405151,0,0,0.0,0.0,0.0,0.003739035688340664,-0.0012305632699280977,-0.3359844982624054
1736,15,64,1.0,0.9799288511276245,0,0,0.0,0.0,0.0,-0.0006694018957205117,-0.004510676953941584,-0.4310534596443176
1737,15,65,1.0,0.9796355962753296,0,0,0.0,0.0,0.0,-0.001934563391841948,-0.00475511746481061,-0.42930254340171814
1738,15,66,1.0,0.9890934228897095,0,0,0.0,0.0,0.0,-0.0064209382981061935,-0.005585950333625078,-0.4797503650188446
1739,15,67,1.0,0.9890959858894348,0,0,0.0,0.0,0.0,-0.006672145798802376,-0.005646249745041132,-0.4800183176994324
1740,15,68,1.0,0.9938600659370422,0,0,0.0,0.0,0.0,-0.00854786578565836,-0.006668051704764366,-0.5078936815261841
1741,15,69,1.0,0.9938546419143677,0,0,0.0,0.0,-0.5,-0.008585983887314796,-0.0066754925064742565,-0.5079505443572998
1742,15,70,1.0,1.0021698474884033,0,0,0.0,0.0,-0.5,-0.009904978796839714,-0.0053050159476697445,-0.5445832014083862
1743,15,71,1.0,1.0060722827911377,0,0,0.0,0.0,-0.5,-0.010037761181592941,-0.0041995663195848465,-0.5374903678894043
1744,15,72,1.0,0.9993991255760193,0,0,0.0,0.0,-0.5,-0.005584158934652805,-0.003816567827016115,-0.5423510074615479
1745,15,73,1.0,0.9873108863830566,0,0,0.0,0.0,-0.5,-0.002807236509397626,-0.0034684203565120697,-0.5478556156158447
1746,15,74,1.0,0.9734998941421509,0,0,0.0,0.0,-0.5,-0.004287082701921463,-0.005461359862238169,-0.5520407557487488
1747,15,75,1.0,0.956110417842865,0,0,0.0,0.0,-0.5,-0.0030154739506542683,-0.006413893308490515,-0.5572417974472046
1748,15,76,1.0,0.9442632794380188,0,0,0.0,0.0,-0.5,-0.004311046563088894,-0.0032312064431607723,-0.5675636529922485
1749,15,77,1.0,0.9466941952705383,0,0,0.0,0.0,-0.5,-0.004631965421140194,-0.0037830458022654057,-0.5643343329429626
1750,15,78,1.0,1.0241672992706299,0,0,0.0,0.0,-0.5,-0.0009583637584000826,-0.0007989926962181926,-0.5311312079429626
1751,15,79,1.0,1.0896292924880981,0,0,0.0,0.0,-0.5,0.00034032377880066633,-0.0010923459194600582,-0.5027515888214111
1752,15,80,1.0,1.7553737163543701,0,1,0.0,0.0,-0.5,-0.0006852495134808123,-0.006899244152009487,-0.1862461417913437
1753,15,81,1.0,1.7581442594528198,0,1,0.0,0.0,0.0,-0.0006972387200221419,-0.006951138377189636,-0.1846497654914856
1754,15,82,1.0,1.938624382019043,0,1,0.0,0.0,0.0,-0.002491314895451069,-0.005886050406843424,-0.07360637187957764
1755,15,83,1.0,1.9389703273773193,0,1,0.0,0.0,0.0,-0.0024720190558582544,-0.0058888657949864864,-0.07340648770332336
1756,15,84,2.0,1.989443302154541,1,1,0.0,0.0,0.0,-0.002713106106966734,-0.004881914705038071,-0.04115544632077217
1757,15,85,2.0,2.0070414543151855,1,1,0.0,0.0,0.0,0.0004888342227786779,-0.007001145277172327,-0.013785570859909058
1758,15,86,2.0,2.009406566619873,1,1,0.0,0.0,0.0,-0.0020383261144161224,2.297424362041056e-05,-0.032905928790569305
1759,15,87,2.0,1.9962749481201172,1,1,0.0,0.0,0.0,-0.0008421367965638638,-0.0011925747385248542,-0.04701722413301468
1760,15,88,2.0,2.006894588470459,1,1,0.0,0.0,0.0,-0.00040561449714004993,-0.002363442676141858,-0.041747935116291046
1761,15,89,2.0,2.0068955421447754,1,1,0.0,0.0,0.0,-0.0004887069808319211,-0.0024143639020621777,-0.041908737272024155
1762,15,90,2.0,2.0581884384155273,1,1,0.0,0.0,0.0,-0.0018812972120940685,-0.00466893007978797,-0.030624911189079285
1763,15,91,2.0,2.0581889152526855,1,1,0.0,0.0,0.0,-0.0018840113189071417,-0.004671932198107243,-0.03070063143968582
1764,15,92,1.0,2.098292827606201,0,1,0.0,0.0,0.0,-0.0034002482425421476,-0.00422669667750597,-0.023761790245771408
1765,15,93,1.0,2.098297119140625,0,1,0.0,0.0,0.0,-0.003398105502128601,-0.004224811214953661,-0.023807767778635025
1766,15,94,1.0,2.0944111347198486,0,1,0.0,0.0,0.0,-0.003766984213143587,-0.004223923198878765,-0.025766097009181976
1767,15,95,1.0,2.094426155090332,0,1,0.0,0.0,0.0,-0.0037688957527279854,-0.004229369107633829,-0.025827068835496902
1768,15,96,1.0,2.084974765777588,0,1,0.0,0.0,0.5,-0.004253918770700693,-0.004575671162456274,-0.024679947644472122
1769,15,97,1.0,2.086331844329834,0,1,0.0,0.0,0.5,-0.0066644358448684216,-0.004453789908438921,-0.00994560495018959
1770,15,98,1.0,1.583896279335022,0,1,0.0,0.0,0.5,0.00030603737104684114,-0.001254163682460785,0.31019410490989685
1771,15,99,1.0,1.028036117553711,0,0,0.0,0.0,0.5,-0.000962928170338273,-0.003163734218105674,0.5316894054412842
1772,15,100,1.0,0.9873582124710083,0,0,0.0,0.0,0.5,-0.002099002944305539,-0.0039012960623949766,0.5448405742645264
1773,15,101,1.0,1.0140721797943115,0,0,0.0,0.0,0.5,0.0007563105318695307,-0.000894713681191206,0.5329076647758484
1774,15,102,1.0,0.9818056225776672,0,0,0.0,0.0,0.5,-0.00042745022801682353,-0.0008379602804780006,0.545444130897522
1775,15,103,1.0,0.9794340133666992,0,0,0.0,0.0,0.5,-0.00032046856358647346,-0.004097990691661835,0.5408417582511902
1776,15,104,1.0,0.9677555561065674,0,0,0.0,0.0,0.5,0.0009367808233946562,-0.0024720109067857265,0.5453847050666809
1777,15,105,1.0,0.9588186740875244,0,0,0.0,0.0,0.5,-3.3960677683353424e-06,-0.0016874478897079825,0.5385008454322815
1778,16,0,1.0,1.0089706182479858,0,0,0.0,0.0,0.0,-0.05076223984360695,-0.011255558580160141,-0.013980785384774208
1779,16,1,1.0,1.0027753114700317,0,0,0.0,0.0,0.0,-0.07308688014745712,-0.009153954684734344,-0.021301131695508957
1780,16,2,1.0,1.0012933015823364,0,0,0.0,0.0,0.0,-0.06982257217168808,-0.011843401938676834,-0.021773435175418854
1781,16,3,1.0,1.0017662048339844,0,0,0.0,0.0,0.0,-0.06529956310987473,-0.012426934204995632,-0.020225966349244118
1782,16,4,1.0,0.9985334277153015,0,0,0.0,0.0,0.0,-0.09527450799942017,-0.011661184020340443,-0.021251048892736435
1783,16,5,1.0,0.9987636208534241,0,0,0.0,0.0,0.0,-0.09434962272644043,-0.011844143271446228,-0.020888008177280426
1784,16,6,1.0,0.9899337291717529,0,0,0.0,0.0,0.0,-0.12340174615383148,-0.012452728115022182,-0.018495801836252213
1785,16,7,1.0,0.9899755120277405,0,0,0.0,0.0,0.0,-0.12319786846637726,-0.01248839683830738,-0.01837448962032795
1786,16,8,1.0,0.9916072487831116,0,0,0.0,0.0,0.0,-0.11564665287733078,-0.011644139885902405,-0.018804769963026047
1787,16,9,1.0,0.9916171431541443,0,0,-0.25,0.0,0.0,-0.1156071275472641,-0.011651731096208096,-0.018777813762426376
1788,16,10,1.0,0.9527783989906311,0,0,-0.25,0.0,0.0,-0.2621237337589264,0.008035063743591309,-0.020718205720186234
1789,16,11,1.0,0.9576317071914673,0,0,-0.25,0.0,0.0,-0.27079012989997864,0.010657981038093567,-0.02676571160554886
1790,16,12,1.0,0.9693441390991211,0,0,-0.25,0.0,0.0,-0.27632659673690796,0.016938187181949615,-0.024519409984350204
1791,16,13,1.0,0.9701564311981201,0,0,-0.25,0.0,0.0,-0.28051188588142395,0.011802716180682182,-0.020375344902276993
1792,16,14,1.0,0.9694939255714417,0,0,-0.25,0.0,0.0,-0.2825591564178467,0.012784121558070183,-0.008349704556167126
1793,16,15,1.0,0.9699063301086426,0,0,-0.25,0.0,0.0,-0.27515342831611633,0.014301372691988945,-0.00828718114644289
1794,16,16,1.0,0.9838356375694275,0,0,-0.25,0.0,0.0,-0.27439558506011963,0.005071005318313837,-0.020196881145238876
1795,16,17,1.0,0.9746264219284058,0,0,-0.25,0.0,0.0,-0.27343088388442993,-0.012482105754315853,-0.008856876753270626
1796,16,18,1.0,0.9737416505813599,0,0,-0.25,0.0,0.0,-0.2441994994878769,-0.04849005490541458,-0.012651409953832626
1797,16,19,1.0,0.9725050330162048,0,0,-0.25,0.0,0.0,-0.23258768022060394,-0.06032644957304001,-0.003799119032919407
1798,16,20,1.0,0.9816395044326782,0,0,0.0,0.0,0.0,-0.14341223239898682,-0.17509175837039948,-0.010221075266599655
1799,16,21,1.0,0.9822404980659485,0,0,0.0,0.0,0.0,-0.059008046984672546,-0.23596011102199554,-0.003981681074947119
1800,16,22,1.0,0.9753406643867493,0,0,0.0,0.0,0.0,-0.01681184209883213,-0.26134470105171204,0.0032241567969322205
1801,16,23,1.0,0.9770717620849609,0,0,0.0,-0.25,0.0,-0.0019112916197627783,-0.2617538869380951,0.001309441402554512
1802,16,24,1.0,0.9701761603355408,0,0,0.0,-0.25,0.0,0.00018026866018772125,-0.2707403898239136,-0.0031368890777230263
1803,16,25,1.0,0.9653788208961487,0,0,0.0,-0.25,0.0,0.002207309938967228,-0.27175506949424744,-0.006005476228892803
1804,16,26,1.0,0.963383138179779,0,0,0.0,-0.25,0.0,-0.0035954569466412067,-0.26954013109207153,-0.009679041802883148
1805,16,27,1.0,0.9664127230644226,0,0,0.0,-0.25,0.0,-0.0017314490396529436,-0.2782222330570221,-0.010268930345773697
1806,16,28,1.0,0.9659596681594849,0,0,0.0,-0.25,0.0,-0.006746153347194195,-0.28198137879371643,-0.004453516565263271
1807,16,29,1.0,0.9718266725540161,0,0,0.0,-0.25,0.0,-0.0073669976554811,-0.28263846039772034,-0.006979614496231079
1808,16,30,1.0,0.9796457290649414,0,0,0.0,-0.25,0.0,-0.008614126592874527,-0.2725314199924469,-0.0059816231951117516
1809,16,31,1.0,0.9826354384422302,0,0,0.0,-0.25,0.0,-0.006372190546244383,-0.23217983543872833,-0.012554516084492207
1810,16,32,1.0,0.9758243560791016,0,0,0.0,-0.25,0.0,-0.0027938042767345905,-0.18329595029354095,-0.012897301465272903
1811,16,33,1.0,0.973915159702301,0,0,0.0,-0.25,0.0,0.0016207995358854532,-0.1136520504951477,0.00126643106341362
1812,16,34,1.0,0.9946555495262146,0,0,0.0,0.0,0.0,0.0010249456390738487,-0.07709875702857971,0.007272311486303806
1813,16,35,1.0,0.9870448112487793,0,0,0.0,0.0,0.0,-0.0015943245962262154,-0.053137823939323425,0.021421730518341064
1814,16,36,1.0,0.9938713312149048,0,0,0.0,0.0,0.0,-0.0045633623376488686,-0.02628270350396633,0.012069796212017536
1815,16,37,1.0,0.9919168949127197,0,0,0.0,0.0,0.0,-0.004419578239321709,-0.02287612296640873,0.013207991607487202
1816,16,38,1.0,0.9889211654663086,0,0,0.0,0.0,0.0,-0.006012120749801397,-0.014864853583276272,0.004083475098013878
1817,16,39,1.0,0.9887449741363525,0,0,0.0,0.0,0.0,-0.006094059906899929,-0.014387354254722595,0.004011531360447407
1818,16,40,1.0,0.988978385925293,0,0,0.0,0.0,0.0,-0.005558534059673548,-0.01325208880007267,-0.002097098156809807
1819,16,41,1.0,0.9889605045318604,0,0,0.0,-0.25,0.0,-0.005563175771385431,-0.013148762285709381,-0.0021271086297929287
1820,16,42,1.0,0.9769843816757202,0,0,0.0,0.0,0.0,-0.01437290571630001,-0.01816587708890438,-0.004931150935590267
1821,16,43,1.0,0.9749912619590759,0,0,0.0,0.0,0.0,-0.01841113157570362,-0.011763053014874458,-0.003532996866852045
1822,16,44,1.0,0.9743068218231201,0,0,0.0,0.0,0.0,-0.023351380601525307,-0.0039150286465883255,-0.008673764765262604
1823,16,45,1.0,0.9738402962684631,0,0,0.0,0.0,0.0,-0.02316540852189064,-0.0026783840730786324,-0.00895717553794384
1824,16,46,1.0,0.975030779838562,0,0,0.0,0.0,0.0,-0.025165848433971405,-0.0005828445428051054,-0.013912743888795376
1825,16,47,1.0,0.9749340415000916,0,0,0.0,-0.25,0.0,-0.02518804371356964,-0.0004144410777371377,-0.014038896188139915
1826,16,48,1.0,0.9740017652511597,0,0,0.0,0.0,0.0,-0.021153563633561134,-0.008813554421067238,0.0006831837818026543
1827,16,49,1.0,0.9700521230697632,0,0,0.0,0.0,0.0,-0.02089790254831314,-0.004824848845601082,-0.007117814850062132
1828,16,50,1.0,0.9728212356567383,0,0,0.0,0.0,0.0,-0.022575154900550842,-0.003259562188759446,-0.01151559129357338
1829,16,51,1.0,0.9726394414901733,0,0,0.0,0.0,0.0,-0.022257093340158463,-0.002355337142944336,-0.01152726262807846
1830,16,52,1.0,0.9753528237342834,0,0,0.0,0.0,0.0,-0.022220619022846222,-0.00028041747282259166,-0.005980330519378185
1831,16,53,1.0,0.9752806425094604,0,0,0.0,0.0,0.0,-0.022246157750487328,-0.00010349419608246535,-0.006073712836951017
1832,16,54,1.0,0.9773720502853394,0,0,-0.25,0.0,0.0,-0.021555369719862938,-2.9576360248029232e-05,-0.009359472431242466
1833,16,55,1.0,0.9863782525062561,0,0,0.0,0.0,0.0,-0.02472500316798687,-0.0035561304539442062,0.010755435563623905
1834,16,56,1.0,0.9900917410850525,0,0,0.0,0.0,0.0,-0.022147854790091515,-0.002854586811736226,0.007986254058778286
1835,16,57,1.0,0.9888875484466553,0,0,0.0,0.0,0.0,-0.01861795224249363,-0.0023921444080770016,0.009229716844856739
1836,16,58,1.0,0.9903301000595093,0,0,0.0,0.0,0.0,-0.017281917855143547,-0.0019099268829450011,0.008317270316183567
1837,16,59,1.0,0.9901993274688721,0,0,0.0,0.0,0.0,-0.01700841635465622,-0.0017889873124659061,0.008242382667958736
1838,16,60,1.0,0.9911065697669983,0,0,-0.25,0.0,0.0,-0.015491120517253876,-0.0024790868628770113,0.008967463858425617
1839,16,61,1.0,0.9828885197639465,0,0,0.0,0.0,0.0,-0.015677427873015404,-0.005808511283248663,-0.011796044185757637
1840,16,62,1.0,0.971194326877594,0,0,0.0,0.0,0.0,-0.006294553633779287,-0.0019191696774214506,-0.10112842172384262
1841,16,63,1.0,0.9721423387527466,0,0,0.0,0.0,0.0,-0.00474230432882905,-0.00104351039044559,-0.1037161722779274
1842,16,64,1.0,0.9728765487670898,0,0,0.0,0.0,0.0,-0.004021652974188328,-0.0032542655244469643,-0.36590439081192017
1843,16,65,1.0,0.9728769659996033,0,0,0.0,0.0,0.0,-0.0038318869192153215,-0.0031919118482619524,-0.3660973012447357
1844,16,66,1.0,0.9726764559745789,0,0,0.0,0.0,0.0,-0.004539852030575275,-0.0037836565170437098,-0.3866259455680847
1845,16,67,1.0,0.9726731181144714,0,0,0.0,0.0,0.0,-0.004515380598604679,-0.0037747607566416264,-0.38661640882492065
1846,16,68,1.0,0.9778636693954468,0,0,0.0,0.0,-0.5,-0.006309360731393099,-0.0035090409219264984,-0.42467638850212097
1847,16,69,1.0,0.9959800243377686,0,0,0.0,0.0,-0.5,-0.009272081777453423,-0.004819400142878294,-0.533353328704834
1848,16,70,1.0,0.9914171099662781,0,0,0.0,0.0,-0.5,-0.008893290534615517,-0.0019344849279150367,-0.54511559009552
1849,16,71,1.0,0.9941898584365845,0,0,0.0,0.0,-0.5,-0.01008598692715168,-0.0029673948884010315,-0.5381808876991272
1850,16,72,1.0,0.9801377058029175,0,0,0.0,0.0,-0.5,-0.009448975324630737,-0.0018823654390871525,-0.5509228706359863
1851,16,73,1.0,0.9849403500556946,0,0,0.0,0.0,-0.5,-0.005060628987848759,-0.0047296443954110146,-0.5454974174499512
1852,16,74,1.0,0.9614306688308716,0,0,0.0,0.0,-0.5,-0.0059678396210074425,-0.0038117743097245693,-0.5498714447021484
1853,16,75,1.0,0.9568726420402527,0,0,0.0,0.0,-0.5,-0.009615208953619003,-0.006675701588392258,-0.5526009798049927
1854,16,76,1.0,0.9511756300926208,0,0,0.0,0.0,-0.5,-0.011274643242359161,-0.00659454008564353,-0.5631760954856873
1855,16,77,1.0,0.9570093154907227,0,0,0.0,0.0,-0.5,-0.012465452775359154,-0.007392351981252432,-0.5647708773612976
1856,16,78,1.0,1.102064847946167,0,0,0.0,0.0,-0.5,-0.009483754634857178,-0.004864987917244434,-0.5078591108322144
1857,16,79,1.0,1.1016055345535278,0,0,0.0,0.0,0.0,-0.009522153064608574,-0.00555452099069953,-0.5074620246887207
1858,16,80,1.0,1.296147346496582,0,0,0.0,0.0,0.0,-0.009004703722894192,-0.006235017441213131,-0.4209560453891754
1859,16,81,1.0,1.3038376569747925,0,0,0.0,0.0,0.0,-0.008950343355536461,-0.006331746466457844,-0.41741621494293213
1860,16,82,1.0,1.6459441184997559,0,1,0.0,0.0,0.0,-0.005231712944805622,-0.007041462231427431,-0.23912902176380157
1861,16,83,1.0,1.6486598253250122,0,1,0.0,0.0,0.0,-0.005256466567516327,-0.007046055980026722,-0.23771478235721588
1862,16,84,2.0,1.7716505527496338,1,1,0.0,0.0,0.0,-0.004660132806748152,-0.0063696373254060745,-0.16972249746322632
1863,16,85,2.0,2.0330517292022705,1,1,0.0,0.0,0.0,-0.0017066291766241193,-0.0029029478318989277,-0.004619156010448933
1864,16,86,2.0,2.0174896717071533,1,1,0.0,0.0,0.0,-0.0029611275531351566,-0.008949815295636654,-0.04527034983038902
1865,16,87,2.0,2.0248658657073975,1,1,0.0,0.0,0.0,-0.001684576622210443,-0.006711950059980154,-0.030906010419130325
1866,16,88,2.0,2.0484211444854736,1,1,0.0,0.0,0.0,-0.0006544894422404468,-0.002501788781955838,-0.00824066624045372
1867,16,89,2.0,2.038604974746704,1,1,0.0,0.0,0.0,-0.0007059054914861917,-0.001697469619102776,-0.014555476605892181
1868,16,90,2.0,2.0989818572998047,1,1,0.0,0.0,0.0,-0.004992898553609848,-0.006747875828295946,-0.006735190283507109
1869,16,91,2.0,2.0989644527435303,1,1,0.0,0.0,0.0,-0.00501216109842062,-0.0067539154551923275,-0.00660715950652957
1870,16,92,2.0,2.0859642028808594,1,1,0.0,0.0,0.0,-0.004445637576282024,-0.010568462312221527,0.02062089741230011
1871,16,93,2.0,2.0859670639038086,1,1,0.0,0.0,0.0,-0.004448944702744484,-0.010563518851995468,0.02054762840270996
1872,16,94,1.0,1.63685941696167,0,1,0.0,0.0,0.0,-0.0018533929251134396,-0.013041099533438683,0.280831903219223
1873,16,95,1.0,1.6375961303710938,0,1,0.0,0.0,0.0,-0.0018499151337891817,-0.013063215650618076,0.2804461717605591
1874,16,96,1.0,1.362265944480896,0,0,0.0,0.0,0.0,-0.0012945629423484206,-0.009697224013507366,0.40570780634880066
1875,16,97,1.0,1.3628333806991577,0,0,0.0,0.0,0.0,-0.0012941552558913827,-0.009697631932795048,0.4054570496082306
1876,16,98,1.0,1.6078039407730103,0,1,0.0,0.0,0.5,-0.001598122762516141,-0.012402328662574291,0.29413989186286926
1877,16,99,1.0,1.0316358804702759,0,0,0.0,0.0,0.5,-0.0004871155833825469,-0.005344896111637354,0.5223081707954407
1878,16,100,1.0,1.5572925806045532,0,1,0.0,0.0,0.5,0.0008743817452341318,-0.0021270355209708214,0.32415154576301575
1879,16,101,1.0,1.0105504989624023,0,0,0.0,0.0,0.5,-0.003180486150085926,-0.002678574761375785,0.5334268808364868
1880,16,102,1.0,0.9935450553894043,0,0,0.0,0.0,0.5,-0.0015386496670544147,-0.003160920925438404,0.5428328514099121
1881,16,103,1.0,0.9865603446960449,0,0,0.0,0.0,0.5,-0.00018372212070971727,-0.0021721371449530125,0.5384541749954224
1882,16,104,1.0,0.9862748384475708,0,0,0.0,0.0,0.5,-0.0005745721864514053,-0.0016362572787329555,0.533994734287262
1883,16,105,1.0,0.9640767574310303,0,0,0.0,0.0,0.5,-0.002515577245503664,-0.0023767019156366587,0.5414599776268005
1884,17,0,1.0,0.9784508943557739,0,0,0.0,0.0,0.0,0.17434431612491608,0.003438988933339715,-0.009417946450412273
1885,17,1,1.0,0.9791578054428101,0,0,0.0,0.0,0.0,0.16925498843193054,0.004060698673129082,-0.013996902853250504
1886,17,2,1.0,0.9757772088050842,0,0,0.0,0.0,0.0,0.1759609431028366,0.005241985432803631,-0.014842677861452103
1887,17,3,1.0,0.9745622277259827,0,0,0.0,0.0,0.0,0.17857803404331207,0.004239227157086134,-0.011758044362068176
1888,17,4,1.0,0.9746206998825073,0,0,0.0,0.0,0.0,0.19296753406524658,0.003715839236974716,-0.011939791031181812
1889,17,5,1.0,0.9745684266090393,0,0,0.0,0.0,0.0,0.19333617389202118,0.0035819970071315765,-0.01160318311303854
1890,17,6,1.0,0.9774534702301025,0,0,0.0,0.0,0.0,0.20693467557430267,0.0018319927621632814,-0.009069113060832024
1891,17,7,1.0,0.9774520993232727,0,0,0.0,0.0,0.0,0.2070089727640152,0.0018028232734650373,-0.008984129875898361
1892,17,8,1.0,0.9776749610900879,0,0,0.0,0.0,0.0,0.21268102526664734,0.0012765779392793775,-0.011117162182927132
1893,17,9,1.0,0.9776738882064819,0,0,0.0,0.0,0.0,0.21269698441028595,0.0012694519245997071,-0.01109481044113636
1894,17,10,1.0,0.9780886769294739,0,0,0.0,0.0,0.0,0.21047621965408325,0.0014149172930046916,-0.009716826491057873
1895,17,11,1.0,0.9780888557434082,0,0,0.25,0.0,0.0,0.21047985553741455,0.0014129743212834,-0.009711143560707569
1896,17,12,1.0,0.9733855724334717,0,0,0.25,0.0,0.0,0.257377028465271,-0.011027579195797443,-0.02675163373351097
1897,17,13,1.0,0.9684172868728638,0,0,0.25,0.0,0.0,0.2616769075393677,-0.01302586030215025,-0.03638914227485657
1898,17,14,1.0,0.9780524969100952,0,0,0.25,0.0,0.0,0.2654808759689331,-0.0171478483825922,-0.04141251742839813
1899,17,15,1.0,0.9766373634338379,0,0,0.25,0.0,0.0,0.26973870396614075,-0.023306839168071747,-0.04696876183152199
1900,17,16,1.0,0.9744210243225098,0,0,0.25,0.0,0.0,0.27118679881095886,-0.01887078583240509,-0.050555519759655
1901,17,17,1.0,0.9725415110588074,0,0,0.25,0.0,0.0,0.2693953216075897,-0.021936269477009773,-0.049989987164735794
1902,17,18,1.0,0.964577317237854,0,0,0.25,0.0,0.0,0.2587699890136719,-0.013920293189585209,-0.03212864696979523
1903,17,19,1.0,0.9668617248535156,0,0,0.25,0.0,0.0,0.24842354655265808,-0.005201755091547966,-0.04199538752436638
1904,17,20,1.0,0.9674134254455566,0,0,0.25,0.0,0.0,0.19923660159111023,0.06588449329137802,-0.025931816548109055
1905,17,21,1.0,0.9803213477134705,0,0,0.0,0.0,0.0,0.11332961171865463,0.1755523979663849,-0.01596710830926895
1906,17,22,1.0,0.9778206944465637,0,0,0.0,0.0,0.0,0.03962400555610657,0.23245348036289215,-0.0056501757353544235
1907,17,23,1.0,0.9681227803230286,0,0,0.0,0.0,0.0,-0.0004769617225974798,0.24549448490142822,-0.00936271995306015
1908,17,24,1.0,0.9642828106880188,0,0,0.0,0.0,0.0,-0.0061892131343483925,0.253273069858551,-0.006680493243038654
1909,17,25,1.0,0.9639884233474731,0,0,0.0,0.25,0.0,-0.01047256775200367,0.25611796975135803,-0.004505070857703686
1910,17,26,1.0,0.9603255391120911,0,0,0.0,0.25,0.0,-0.0008132599177770317,0.26424023509025574,-0.004046864341944456
1911,17,27,1.0,0.9718838334083557,0,0,0.0,0.25,0.0,0.0002829687437042594,0.2782391607761383,0.029750891029834747
1912,17,28,1.0,0.9762839078903198,0,0,0.0,0.25,0.0,-0.0027996001299470663,0.2834082841873169,0.0231647752225399
1913,17,29,1.0,0.9804723858833313,0,0,0.0,0.25,0.0,0.004064451437443495,0.2895714044570923,0.02441205084323883
1914,17,30,1.0,0.9793788194656372,0,0,0.0,0.25,0.0,-0.002023253822699189,0.2874292731285095,0.021577831357717514
1915,17,31,1.0,0.9852343797683716,0,0,0.0,0.25,0.0,0.0007224383298307657,0.2775823771953583,0.03273816406726837
1916,17,32,1.0,0.9952345490455627,0,0,0.0,0.25,0.0,0.001852711196988821,0.25463926792144775,0.032412782311439514
1917,17,33,1.0,0.9934121966362,0,0,0.0,0.25,0.0,0.0013538352213799953,0.22446247935295105,0.03984009101986885
1918,17,34,1.0,0.9939548373222351,0,0,0.0,0.25,0.0,-0.0033251713030040264,0.16145291924476624,0.024776451289653778
1919,17,35,1.0,0.984944224357605,0,0,0.0,0.0,0.0,0.0033534979447722435,0.10630232095718384,0.007589123211801052
1920,17,36,1.0,0.9800986647605896,0,0,0.0,0.0,0.0,0.000932720024138689,0.05183248221874237,0.007501115091145039
1921,17,37,1.0,0.9797826409339905,0,0,0.0,0.0,0.0,-0.001871283631771803,0.01968109980225563,0.0066141607239842415
1922,17,38,1.0,0.9856255650520325,0,0,0.0,0.0,0.0,-0.0010109408758580685,0.002459049690514803,0.0088138272985816
1923,17,39,1.0,0.9863706231117249,0,0,0.0,0.0,0.0,-0.001198782934807241,-0.0004242081777192652,0.008581963367760181
1924,17,40,1.0,0.9949819445610046,0,0,0.0,0.0,0.0,-0.0011522348504513502,0.0023772281128913164,0.01410722453147173
1925,17,41,1.0,0.9951016902923584,0,0,0.0,0.0,0.0,-0.0011728021781891584,0.0020010422449558973,0.014135445468127728
1926,17,42,1.0,0.9888131618499756,0,0,0.0,0.25,0.0,0.0019222814589738846,0.0018368030432611704,0.014742822386324406
1927,17,43,1.0,0.9853698015213013,0,0,0.0,0.0,0.0,0.00813584215939045,0.027744436636567116,0.015535141341388226
1928,17,44,1.0,0.9837364554405212,0,0,0.0,0.0,0.0,0.002951843198388815,0.006394025404006243,-0.01525828056037426
1929,17,45,1.0,0.9824756383895874,0,0,0.0,0.0,0.0,0.002931268885731697,0.002306952839717269,-0.012340182438492775
1930,17,46,1.0,0.9757291078567505,0,0,0.0,0.0,0.0,0.00038350862450897694,0.001850923290476203,-0.012626111507415771
1931,17,47,1.0,0.9756700396537781,0,0,0.0,0.0,0.0,0.00028157734777778387,0.0012373331701382995,-0.012505821883678436
1932,17,48,1.0,0.96968013048172,0,0,0.0,0.25,0.0,0.0014801670331507921,-0.0009239697828888893,-0.0112835094332695
1933,17,49,1.0,0.9693648219108582,0,0,0.0,0.0,0.0,-0.0003381825517863035,0.008091859519481659,-0.014617953449487686
1934,17,50,1.0,0.9799659848213196,0,0,0.0,0.0,0.0,0.004504735115915537,0.002336594508960843,-0.009990840218961239
1935,17,51,1.0,0.9820565581321716,0,0,0.0,0.0,0.0,0.004614449106156826,-5.4994161473587155e-05,-0.010508761741220951
1936,17,52,1.0,0.9905051589012146,0,0,0.0,0.0,0.0,0.006296253297477961,-0.0010844571515917778,-0.005084220319986343
1937,17,53,1.0,0.9906771183013916,0,0,0.0,0.0,0.0,0.006245737429708242,-0.0015416346723213792,-0.004874077625572681
1938,17,54,1.0,0.9895005822181702,0,0,0.25,0.0,0.0,0.006346586626023054,-0.0008451348403468728,0.005040510557591915
1939,17,55,1.0,0.9856632947921753,0,0,0.0,0.0,0.0,0.015349214896559715,-0.0002836114726960659,0.013073761947453022
1940,17,56,1.0,0.9880523681640625,0,0,0.0,0.0,0.0,0.009185804054141045,-0.001562325400300324,0.014146276749670506
1941,17,57,1.0,0.9883174896240234,0,0,0.0,0.0,0.0,0.005357551854103804,-0.002144405385479331,0.01098198164254427
1942,17,58,1.0,0.9888423085212708,0,0,0.0,0.0,0.0,0.004792057443410158,-0.0018144063651561737,0.013025975786149502
1943,17,59,1.0,0.9889804720878601,0,0,0.0,0.0,0.0,0.004297662526369095,-0.0018806839361786842,0.01278193760663271
1944,17,60,1.0,0.9845659136772156,0,0,0.25,0.0,0.0,0.004891946446150541,-0.001422122586518526,-0.008392980322241783
1945,17,61,1.0,0.9792636036872864,0,0,0.25,0.0,0.0,0.014210205525159836,-0.0008933653007261455,-0.12503454089164734
1946,17,62,1.0,0.9781900644302368,0,0,0.0,0.0,0.0,0.014208737760782242,-0.0005267141968943179,-0.2498723268508911
1947,17,63,1.0,0.98172926902771,0,0,0.0,0.0,0.0,0.004755503498017788,-0.0027138579171150923,-0.3777436316013336
1948,17,64,1.0,0.9892917275428772,0,0,0.0,0.0,0.0,-0.0048486897721886635,-0.00452751899138093,-0.49791526794433594
1949,17,65,1.0,0.9889894127845764,0,0,0.0,0.0,0.0,-0.007086113095283508,-0.004779394716024399,-0.4981166124343872
1950,17,66,1.0,0.9980114698410034,0,0,0.0,0.0,0.0,-0.009376175701618195,-0.005997892003506422,-0.5323507189750671
1951,17,67,1.0,0.9979739785194397,0,0,0.0,0.0,0.0,-0.009641796350479126,-0.006027913186699152,-0.5324462056159973
1952,17,68,1.0,0.9999138116836548,0,0,0.0,0.0,0.0,-0.009611843153834343,-0.005728142336010933,-0.5376613140106201
1953,17,69,1.0,0.9999065399169922,0,0,0.0,0.0,-0.5,-0.009654773399233818,-0.00572957331314683,-0.5376811027526855
1954,17,70,1.0,1.0004055500030518,0,0,0.0,0.0,-0.5,-0.011923307552933693,-0.0036672998685389757,-0.5449994802474976
1955,17,71,1.0,0.9991137385368347,0,0,0.0,0.0,-0.5,-0.010476239025592804,-0.0006958798039704561,-0.53814297914505
1956,17,72,1.0,0.9869393706321716,0,0,0.0,0.0,-0.5,-0.00784373190253973,-0.0013072318397462368,-0.5406313538551331
1957,17,73,1.0,0.9825275540351868,0,0,0.0,0.0,-0.5,-0.006516661960631609,-0.0015906266635283828,-0.543902575969696
1958,17,74,1.0,0.9661180973052979,0,0,0.0,0.0,-0.5,-0.00561584671959281,-0.0028285342268645763,-0.5476059913635254
1959,17,75,1.0,0.9493467211723328,0,0,0.0,0.0,-0.5,-0.008926277048885822,-0.00379242654889822,-0.5538064241409302
1960,17,76,1.0,0.9414588212966919,0,0,0.0,0.0,-0.5,-0.005976131651550531,-0.004880112130194902,-0.5592333078384399
1961,17,77,1.0,0.9431502223014832,0,0,0.0,0.0,-0.5,-0.00898372195661068,-0.005031951703131199,-0.5612874031066895
1962,17,78,1.0,0.9723639488220215,0,0,0.0,0.0,-0.5,-0.006714500021189451,-0.003916420042514801,-0.5513060092926025
1963,17,79,1.0,0.9788727164268494,0,0,0.0,0.0,-0.5,-0.006991520524024963,-0.0037058668676763773,-0.5483022332191467
1964,17,80,1.0,1.6508296728134155,0,1,0.0,0.0,-0.5,-0.003103868570178747,-0.004974657204002142,-0.24351830780506134
1965,17,81,1.0,1.6545122861862183,0,1,0.0,0.0,0.0,-0.0031585702672600746,-0.005043076816946268,-0.24143889546394348
1966,17,82,1.0,1.9743390083312988,0,1,0.0,0.0,0.0,-0.0031206959392875433,-0.0057191080413758755,-0.0523148849606514
1967,17,83,1.0,1.9747127294540405,0,1,0.0,0.0,0.0,-0.0031279041431844234,-0.005733436904847622,-0.05193290859460831
1968,17,84,2.0,1.856447696685791,1,1,0.0,0.0,0.0,-0.004387170076370239,-0.004709511995315552,-0.13344044983386993
1969,17,85,2.0,2.0224790573120117,1,1,0.0,0.0,0.0,-0.0013372035464271903,-0.005350635852664709,-0.003430471755564213
1970,17,86,2.0,1.93659245967865,1,1,0.0,0.0,0.0,-0.004035058431327343,-0.004271011799573898,-0.07585565745830536
1971,17,87,2.0,1.904775619506836,1,1,0.0,0.0,0.0,-0.002187213860452175,-0.00480048218742013,-0.09774298220872879
1972,17,88,2.0,1.9120471477508545,1,1,0.0,0.0,0.0,-0.004442401230335236,-0.005293325055390596,-0.0959138423204422
1973,17,89,2.0,1.9111568927764893,1,1,0.0,0.0,0.0,-0.005037861410528421,-0.004709720611572266,-0.10041751712560654
1974,17,90,2.0,1.9909796714782715,1,1,0.0,0.0,0.0,-0.00464154127985239,-0.004074358381330967,-0.0627155676484108
1975,17,91,2.0,1.9905691146850586,1,1,0.0,0.0,0.0,-0.005471632815897465,-0.003997000865638256,-0.0708482638001442
1976,17,92,2.0,2.0321261882781982,1,1,0.0,0.0,0.0,-0.0070175835862755775,-0.0025857253931462765,-0.0545734167098999
1977,17,93,1.0,1.799009084701538,0,1,0.0,0.0,0.0,-0.0051408493891358376,-0.00623034592717886,0.11748068034648895
1978,17,94,1.0,1.7698456048965454,0,1,0.0,0.0,0.0,-0.0035538924857974052,-0.00850662775337696,0.1372460126876831
1979,17,95,1.0,1.4099235534667969,0,0,0.0,0.0,0.0,-0.0022256835363805294,-0.00842021219432354,0.33842262625694275
1980,17,96,1.0,1.0655362606048584,0,0,0.0,0.0,0.0,-0.000416126917116344,-0.004897261504083872,0.5104309916496277
1981,17,97,1.0,1.0609217882156372,0,0,0.0,0.0,0.0,-0.0009409150807186961,-0.004828891716897488,0.5121126174926758
1982,17,98,1.0,1.059221625328064,0,0,0.0,0.0,0.5,5.056068766862154e-05,-0.0038281127344816923,0.5128775835037231
1983,17,99,1.0,1.0736908912658691,0,0,0.0,0.0,0.5,-0.0032575640361756086,-0.004927932284772396,0.5108188986778259
1984,17,100,1.0,1.0182605981826782,0,0,0.0,0.0,0.5,-0.002968170680105686,-0.004940676037222147,0.5352110266685486
1985,17,101,1.0,0.9785755276679993,0,0,0.0,0.0,0.5,-0.0033086249604821205,-0.0047010453417897224,0.5447866320610046
1986,17,102,1.0,0.9971243143081665,0,0,0.0,0.0,0.5,-0.001282300683669746,-0.0020780363120138645,0.5423700213432312
1987,17,103,1.0,0.9825445413589478,0,0,0.0,0.0,0.5,-0.0016928486293181777,-0.00222679041326046,0.5399221181869507
1988,17,104,1.0,0.9847056269645691,0,0,0.0,0.0,0.5,0.0007891426794230938,-0.002116433111950755,0.5527783632278442
1989,17,105,1.0,0.9803152680397034,0,0,0.0,0.0,0.5,-0.00015328824520111084,-0.0020642424933612347,0.5523756742477417
1990,17,106,1.0,0.9969627857208252,0,0,0.0,0.0,0.5,0.002094854600727558,-0.002677296753972769,0.5451640486717224
1991,17,107,1.0,0.9820625185966492,0,0,0.0,0.0,0.5,0.004093904979526997,-0.0015621925704181194,0.5335153937339783
1992,18,0,1.0,1.0133863687515259,0,0,0.0,0.0,0.0,-0.058378469198942184,0.0054717473685741425,-0.014459095895290375
1993,18,1,1.0,1.0093262195587158,0,0,0.0,0.0,0.0,-0.09190122038125992,0.0059357802383601665,-0.021976467221975327
1994,18,2,1.0,1.0027467012405396,0,0,0.0,0.0,0.0,-0.09955500066280365,0.007896475493907928,-0.018009571358561516
1995,18,3,1.0,1.0027904510498047,0,0,0.0,0.0,0.0,-0.09283965080976486,0.007419712841510773,-0.016712162643671036
1996,18,4,1.0,0.9901944398880005,0,0,0.0,0.0,0.0,-0.15061292052268982,0.002545391907915473,-0.019511952996253967
1997,18,5,1.0,0.9903438091278076,0,0,0.0,0.0,0.0,-0.14937876164913177,0.002413623034954071,-0.019197657704353333
1998,18,6,1.0,0.9781472086906433,0,0,0.0,0.0,0.0,-0.1945480853319168,0.0019494115840643644,-0.014202848076820374
1999,18,7,1.0,0.9781910181045532,0,0,0.0,0.0,0.0,-0.19436372816562653,0.001927361823618412,-0.014108634553849697
2000,18,8,1.0,0.9766483306884766,0,0,-0.25,0.0,0.0,-0.20902462303638458,-0.0012066290946677327,-0.014167992398142815
2001,18,9,1.0,0.9852712154388428,0,0,-0.25,0.0,0.0,-0.2607407569885254,-0.011202222667634487,-0.012945619411766529
2002,18,10,1.0,0.9843375086784363,0,0,-0.25,0.0,0.0,-0.2791437804698944,-0.018601391464471817,-0.0008024713024497032
2003,18,11,1.0,0.9838759899139404,0,0,-0.25,0.0,0.0,-0.2787524461746216,-0.02116278000175953,-0.0012515317648649216
2004,18,12,1.0,0.9826700687408447,0,0,-0.25,0.0,0.0,-0.28417810797691345,-0.02363046631217003,-0.009439942426979542
2005,18,13,1.0,0.979081928730011,0,0,-0.25,0.0,0.0,-0.27873244881629944,-0.026680797338485718,-0.01216915249824524
2006,18,14,1.0,0.9885877370834351,0,0,-0.25,0.0,0.0,-0.28318294882774353,-0.019798412919044495,-0.013237595558166504
2007,18,15,1.0,0.9845078587532043,0,0,-0.25,0.0,0.0,-0.2797033488750458,-0.021668218076229095,-0.011805112473666668
2008,18,16,1.0,0.9745360612869263,0,0,-0.25,0.0,0.0,-0.2540312707424164,0.015387855470180511,-0.0066302125342190266
2009,18,17,1.0,0.9707033038139343,0,0,-0.25,0.0,0.0,-0.21080411970615387,0.04930306226015091,-0.007395986933261156
2010,18,18,1.0,0.9693145751953125,0,0,-0.25,0.0,0.0,-0.14769281446933746,0.1251065582036972,0.011948718689382076
2011,18,19,1.0,0.9693346619606018,0,0,0.0,0.0,0.0,-0.056231364607810974,0.2252427339553833,0.01928228884935379
2012,18,20,1.0,0.9571511745452881,0,0,0.0,0.0,0.0,-0.01824050396680832,0.2713635265827179,0.01677410677075386
2013,18,21,1.0,0.9573363065719604,0,0,0.0,0.0,0.0,-0.00485900416970253,0.2778090834617615,0.01968487724661827
2014,18,22,1.0,0.9551650881767273,0,0,0.0,0.25,0.0,-0.004112638533115387,0.2775173485279083,0.015117212198674679
2015,18,23,1.0,0.955272912979126,0,0,0.0,0.25,0.0,0.012663496658205986,0.272483766078949,0.022296618670225143
2016,18,24,1.0,0.9601248502731323,0,0,0.0,0.25,0.0,0.004174486268311739,0.27537673711776733,0.023964446038007736
2017,18,25,1.0,0.9651325941085815,0,0,0.0,0.25,0.0,0.001909760758280754,0.27124783396720886,0.02053418755531311
2018,18,26,1.0,0.9681761264801025,0,0,0.0,0.25,0.0,0.002575099002569914,0.2692641317844391,0.007246649824082851
2019,18,27,1.0,0.9716176986694336,0,0,0.0,0.25,0.0,0.005558427423238754,0.26815471053123474,0.015547034330666065
2020,18,28,1.0,0.9755390286445618,0,0,0.0,0.25,0.0,0.003010495100170374,0.2628172039985657,0.010041550733149052
2021,18,29,1.0,0.987862229347229,0,0,0.0,0.25,0.0,0.010076276957988739,0.24632591009140015,0.02027609944343567
2022,18,30,1.0,0.9848113059997559,0,0,0.0,0.25,0.0,0.004313667304813862,0.16775889694690704,0.029440496116876602
2023,18,31,1.0,0.9830021858215332,0,0,0.0,0.25,0.0,0.005985128227621317,0.1239180639386177,0.02688181772828102
2024,18,32,1.0,0.9737560749053955,0,0,0.0,0.0,0.0,0.006586447823792696,0.07989051192998886,0.029453247785568237
2025,18,33,1.0,0.9836310744285583,0,0,0.0,0.0,0.0,0.0056165182031691074,0.040592342615127563,0.021581336855888367
2026,18,34,1.0,0.993160605430603,0,0,0.0,0.0,0.0,0.00365434680134058,0.024327946826815605,0.012903292663395405
2027,18,35,1.0,1.0010666847229004,0,0,0.0,0.0,0.0,0.0018331955652683973,0.015970798209309578,0.010674373246729374
2028,18,36,1.0,1.0016052722930908,0,0,0.0,0.0,0.0,0.00041143351700156927,0.010697335004806519,0.011504159308969975
2029,18,37,1.0,1.0015674829483032,0,0,0.0,0.0,0.0,0.0002557286061346531,0.009969230741262436,0.011373809538781643
2030,18,38,1.0,1.0017927885055542,0,0,0.0,0.25,0.0,6.634939927607775e-05,0.008075118064880371,0.00950701255351305
2031,18,39,1.0,0.9980448484420776,0,0,0.0,0.0,0.0,0.0006122076883912086,0.02099464274942875,0.0074348049238324165
2032,18,40,1.0,1.0008771419525146,0,0,0.0,0.0,0.0,-0.0010347627103328705,0.013130814768373966,0.0018093474209308624
2033,18,41,1.0,0.9966893196105957,0,0,0.0,0.0,0.0,-0.00048073072684928775,0.00848459079861641,0.0016147308051586151
2034,18,42,1.0,0.9940946102142334,0,0,0.0,0.0,0.0,-0.006326340604573488,0.0025665571447461843,-0.01601203717291355
2035,18,43,1.0,0.9939783811569214,0,0,0.0,0.0,0.0,-0.006548959296196699,0.0019777712877839804,-0.016277756541967392
2036,18,44,1.0,0.9941371083259583,0,0,0.0,0.25,0.0,-0.0041886623948812485,0.00282274023629725,-0.012531805783510208
2037,18,45,1.0,0.9834588766098022,0,0,0.0,0.25,0.0,-0.005427973344922066,0.008265960030257702,-0.015175318345427513
2038,18,46,1.0,0.9735978245735168,0,0,0.0,0.0,0.0,-0.02196664921939373,0.010468916036188602,-0.03035702183842659
2039,18,47,1.0,0.9708960056304932,0,0,0.0,0.0,0.0,-0.023183666169643402,0.003546973457559943,-0.021477559581398964
2040,18,48,1.0,0.9722281098365784,0,0,0.0,0.0,0.0,-0.02348564751446247,-0.001936403103172779,-0.013667621649801731
2041,18,49,1.0,0.972472608089447,0,0,0.0,0.0,0.0,-0.023622050881385803,-0.004517286084592342,-0.012459888122975826
2042,18,50,1.0,0.9774531126022339,0,0,0.0,0.0,0.0,-0.02663581259548664,-0.0033704687375575304,-0.010798219591379166
2043,18,51,1.0,0.9775195121765137,0,0,-0.25,0.0,0.0,-0.026726659387350082,-0.003635139437392354,-0.010560897178947926
2044,18,52,1.0,0.9848525524139404,0,0,-0.25,0.0,0.0,-0.03320769593119621,-0.002967352047562599,-0.007159422151744366
2045,18,53,1.0,0.9916085600852966,0,0,0.0,0.0,0.0,-0.032343875616788864,-0.003215556964278221,0.0031759412959218025
2046,18,54,1.0,0.9926196336746216,0,0,0.0,0.0,0.0,-0.021802810952067375,-0.005021987017244101,0.011082700453698635
2047,18,55,1.0,0.9913805723190308,0,0,0.0,0.0,0.0,-0.017630625516176224,-0.005476652644574642,0.021756649017333984
2048,18,56,1.0,0.989843487739563,0,0,0.0,0.0,0.0,-0.01332440972328186,-0.004740316420793533,0.02024257928133011
2049,18,57,1.0,0.9896891117095947,0,0,0.0,0.0,0.0,-0.012854749336838722,-0.00474077882245183,0.020054388791322708
2050,18,58,1.0,0.9894110560417175,0,0,-0.25,0.0,0.0,-0.011865304782986641,-0.004715895280241966,0.018656626343727112
2051,18,59,1.0,0.9856748580932617,0,0,0.0,0.0,0.0,-0.015345843508839607,-0.004448549821972847,0.0009813010692596436
2052,18,60,1.0,0.9769653081893921,0,0,0.0,0.0,0.0,-0.007634531706571579,-0.002201399765908718,-0.2835187315940857
2053,18,61,1.0,0.976803183555603,0,0,0.0,0.0,0.0,-0.006365969777107239,-0.002147531136870384,-0.27507343888282776
2054,18,62,1.0,0.9702411890029907,0,0,0.0,0.0,0.0,-0.005180952604860067,-0.005473125725984573,-0.42717406153678894
2055,18,63,1.0,0.9702980518341064,0,0,0.0,0.0,0.0,-0.004899358376860619,-0.005503745749592781,-0.42767533659935
2056,18,64,1.0,0.9726428389549255,0,0,0.0,0.0,0.0,-0.006855425890535116,-0.006202941760420799,-0.49858328700065613
2057,18,65,1.0,0.9726741909980774,0,0,0.0,0.0,-0.5,-0.0068099345080554485,-0.006200615782290697,-0.49862417578697205
2058,18,66,1.0,0.9826971292495728,0,0,0.0,0.0,-0.5,-0.008080016821622849,-0.0049270642921328545,-0.5427573323249817
2059,18,67,1.0,0.9891155362129211,0,0,0.0,0.0,-0.5,-0.007516331970691681,-0.0037636191118508577,-0.5405952334403992
2060,18,68,1.0,0.9989686012268066,0,0,0.0,0.0,-0.5,-0.008985185995697975,-0.0017681537428870797,-0.5455165505409241
2061,18,69,1.0,1.0019032955169678,0,0,0.0,0.0,-0.5,-0.009564409032464027,-0.002114999108016491,-0.54294753074646
2062,18,70,1.0,0.9902957677841187,0,0,0.0,0.0,-0.5,-0.008386772125959396,0.00030532607343047857,-0.5500144362449646
2063,18,71,1.0,0.9801982045173645,0,0,0.0,0.0,-0.5,-0.00809251144528389,-7.218285463750362e-05,-0.5388148427009583
2064,18,72,1.0,0.9494354128837585,0,0,0.0,0.0,-0.5,-0.009699780493974686,-0.0010380081366747618,-0.5489778518676758
2065,18,73,1.0,0.94806969165802,0,0,0.0,0.0,-0.5,-0.00944291241466999,-0.0015682786470279098,-0.5497401356697083
2066,18,74,1.0,0.9592097401618958,0,0,0.0,0.0,-0.5,-0.0063777947798371315,-0.0023355756420642138,-0.5552899241447449
2067,18,75,1.0,0.9787973761558533,0,0,0.0,0.0,-0.5,-0.007827012799680233,-0.0030073223169893026,-0.5531789660453796
2068,18,76,1.0,1.6242358684539795,0,1,0.0,0.0,-0.5,-0.002580767497420311,-0.006405736319720745,-0.25720229744911194
2069,18,77,1.0,1.6185717582702637,0,1,0.0,0.0,0.0,-0.0031270114704966545,-0.006626627873629332,-0.26006370782852173
2070,18,78,1.0,1.8309471607208252,0,1,0.0,0.0,0.0,-0.004327181726694107,-0.005196741316467524,-0.14312076568603516
2071,18,79,1.0,1.8341975212097168,0,1,0.0,0.0,0.0,-0.004474924877285957,-0.005234455689787865,-0.14099451899528503
2072,18,80,1.0,1.9082553386688232,0,1,0.0,0.0,0.0,-0.006062566768378019,-0.005690794438123703,-0.09422432631254196
2073,18,81,2.0,1.9088413715362549,1,1,0.0,0.0,0.0,-0.00612677913159132,-0.005717433523386717,-0.09372790902853012
2074,18,82,2.0,2.0197362899780273,1,1,0.0,0.0,0.0,-0.00334048829972744,-0.006770282983779907,-0.009944705292582512
2075,18,83,2.0,1.9815363883972168,1,1,0.0,0.0,0.0,-0.0018675087485462427,-0.006639464758336544,-0.05084022879600525
2076,18,84,2.0,1.948341727256775,1,1,0.0,0.0,0.0,-0.00041674752719700336,-0.007636621128767729,-0.0616949163377285
2077,18,85,2.0,1.9839669466018677,1,1,0.0,0.0,0.0,-0.0007075046305544674,-0.007383233401924372,-0.045505743473768234
2078,18,86,2.0,1.978559136390686,1,1,0.0,0.0,0.0,-0.0033466259483247995,-0.0054876916110515594,-0.048794299364089966
2079,18,87,2.0,1.9753869771957397,1,1,0.0,0.0,0.0,-0.0035446654073894024,-0.0054846652783453465,-0.050364501774311066
2080,18,88,2.0,2.0428109169006348,1,1,0.0,0.0,0.0,-0.0013143285177648067,-0.006630025338381529,-0.018161442130804062
2081,18,89,2.0,2.043001890182495,1,1,0.0,0.0,0.0,-0.0013588600559160113,-0.006612785626202822,-0.017985988408327103
2082,18,90,2.0,2.0521907806396484,1,1,0.0,0.0,0.0,-0.0017940298421308398,-0.006385477259755135,-0.015096496790647507
2083,18,91,2.0,2.052332639694214,1,1,0.0,0.0,0.0,-0.001819821074604988,-0.006372123025357723,-0.014970459043979645
2084,18,92,1.0,2.098409652709961,0,1,0.0,0.0,0.0,-0.0035345153883099556,-0.004735872615128756,-0.006609051488339901
2085,18,93,1.0,2.0985445976257324,0,1,0.0,0.0,0.0,-0.003548654494807124,-0.004733662586659193,-0.006463229656219482
2086,18,94,1.0,2.1043028831481934,0,1,0.0,0.0,0.0,-0.0032209723722189665,-0.0045493533834815025,-0.000712384469807148
2087,18,95,1.0,2.1043946743011475,0,1,0.0,0.0,0.5,-0.003236853051930666,-0.004548776429146528,-0.0005434192717075348
2088,18,96,1.0,1.6665953397750854,0,1,0.0,0.0,0.5,-0.002972912974655628,-0.004489727783948183,0.2883375883102417
2089,18,97,1.0,0.9924059510231018,0,0,0.0,0.0,0.5,-0.002003452042117715,-0.006060339976102114,0.5363461971282959
2090,18,98,1.0,1.0052191019058228,0,0,0.0,0.0,0.5,0.0005785245448350906,-0.004679129924625158,0.5423122048377991
2091,18,99,1.0,1.0056493282318115,0,0,0.0,0.0,0.5,-0.0009131487458944321,-0.003409512573853135,0.5405653119087219
2092,18,100,1.0,0.9940181374549866,0,0,0.0,0.0,0.5,0.0009858212433755398,-0.004605076741427183,0.5377494692802429
2093,18,101,1.0,0.9802398085594177,0,0,0.0,0.0,0.5,0.0013754498213529587,-0.003297189250588417,0.5430777072906494
2094,18,102,1.0,0.9799171090126038,0,0,0.0,0.0,0.5,0.0012143328785896301,-0.0013119757641106844,0.5475525856018066
2095,19,0,1.0,0.9836457967758179,0,0,0.0,0.0,0.0,0.1973370611667633,-0.00992061197757721,-0.0030798614025115967
2096,19,1,1.0,0.9828439354896545,0,0,0.0,0.0,0.0,0.19614745676517487,-0.009045694954693317,-0.004912720527499914
2097,19,2,1.0,0.980684757232666,0,0,0.0,0.0,0.0,0.19902491569519043,-0.010013889521360397,-0.005353178828954697
2098,19,3,1.0,0.9804059267044067,0,0,0.0,0.0,0.0,0.19996358454227448,-0.010064239613711834,-0.004609640222042799
2099,19,4,1.0,0.9746530652046204,0,0,0.0,0.0,0.0,0.21665386855602264,-0.007367712911218405,-0.008245597593486309
2100,19,5,1.0,0.9746187329292297,0,0,0.0,0.0,0.0,0.2168569266796112,-0.007388212718069553,-0.008062709122896194
2101,19,6,1.0,0.9746647477149963,0,0,0.0,0.0,0.0,0.2370302528142929,-0.0038957202341407537,-0.016014080494642258
2102,19,7,1.0,0.9746518731117249,0,0,0.0,0.0,0.0,0.2370753139257431,-0.00390482135117054,-0.01596265845000744
2103,19,8,1.0,0.9764267206192017,0,0,0.0,0.0,0.0,0.24300813674926758,-0.003185858018696308,-0.017443343997001648
2104,19,9,1.0,0.9764228463172913,0,0,0.0,0.0,0.0,0.24301892518997192,-0.003188362577930093,-0.01743020862340927
2105,19,10,1.0,0.9768909215927124,0,0,0.0,0.0,0.0,0.24599164724349976,-0.003087891498580575,-0.01791026070713997
2106,19,11,1.0,0.976889967918396,0,0,0.0,0.0,0.0,0.24599426984786987,-0.0030886814929544926,-0.017906777560710907
2107,19,12,1.0,0.9768902063369751,0,0,0.0,0.0,0.0,0.24601036310195923,-0.003095337888225913,-0.01787644252181053
2108,19,13,1.0,0.9768900275230408,0,0,0.25,0.0,0.0,0.24601103365421295,-0.0030955192632973194,-0.01787557825446129
2109,19,14,1.0,0.9891536831855774,0,0,0.25,0.0,0.0,0.26957350969314575,0.00190258608199656,-0.019359588623046875
2110,19,15,1.0,0.9837322235107422,0,0,0.25,0.0,0.0,0.2805461287498474,0.009928901679813862,-0.02467266097664833
2111,19,16,1.0,0.9812359809875488,0,0,0.25,0.0,0.0,0.27941638231277466,0.016444208100438118,-0.038395464420318604
2112,19,17,1.0,0.983126163482666,0,0,0.25,0.0,0.0,0.27946963906288147,0.014420866034924984,-0.026415254920721054
2113,19,18,1.0,0.9870792031288147,0,0,0.25,0.0,0.0,0.278792142868042,0.021677469834685326,-0.03328779712319374
2114,19,19,1.0,0.9922507405281067,0,0,0.25,0.0,0.0,0.27354076504707336,0.013604734092950821,-0.033831410109996796
2115,19,20,1.0,0.999325156211853,0,0,0.25,0.0,0.0,0.2702091336250305,0.02103945054113865,-0.0404457226395607
2116,19,21,1.0,0.9929349422454834,0,0,0.25,0.0,0.0,0.2677968442440033,0.008832866325974464,-0.033868514001369476
2117,19,22,1.0,0.9906758069992065,0,0,0.25,0.0,0.0,0.2229723185300827,-0.03720202296972275,-0.02776467427611351
2118,19,23,1.0,0.9943432211875916,0,0,0.25,0.0,0.0,0.16329507529735565,-0.1009184867143631,-0.0278911292552948
2119,19,24,1.0,0.9806791543960571,0,0,0.0,0.0,0.0,0.10784358531236649,-0.19465048611164093,-0.010218791663646698
2120,19,25,1.0,0.9739193916320801,0,0,0.0,0.0,0.0,0.0558130145072937,-0.24271053075790405,-0.005673227831721306
2121,19,26,1.0,0.9672507047653198,0,0,0.0,0.0,0.0,0.010606704279780388,-0.2649717330932617,-0.007710913196206093
2122,19,27,1.0,0.9683182239532471,0,0,0.0,0.0,0.0,-0.005520328879356384,-0.2677582800388336,-0.009081910364329815
2123,19,28,1.0,0.972152590751648,0,0,0.0,-0.25,0.0,-0.007729418110102415,-0.2659814953804016,-0.013129815459251404
2124,19,29,1.0,0.9701607823371887,0,0,0.0,-0.25,0.0,-0.009143724106252193,-0.270447701215744,-0.013026852160692215
2125,19,30,1.0,0.9727314710617065,0,0,0.0,-0.25,0.0,-0.003446412505581975,-0.27027222514152527,-0.013731038197875023
2126,19,31,1.0,0.9709535241127014,0,0,0.0,-0.25,0.0,-0.002507769502699375,-0.27657195925712585,-0.013027060776948929
2127,19,32,1.0,0.9732652902603149,0,0,0.0,-0.25,0.0,-0.0064804935827851295,-0.2814297378063202,-0.013180593028664589
2128,19,33,1.0,0.9647467136383057,0,0,0.0,-0.25,0.0,-0.005858611315488815,-0.2829972803592682,-0.006241386756300926
2129,19,34,1.0,0.9709684252738953,0,0,0.0,-0.25,0.0,-0.003449144773185253,-0.28053975105285645,-0.014355452731251717
2130,19,35,1.0,0.9728618860244751,0,0,0.0,-0.25,0.0,-0.0005430326564237475,-0.24895647168159485,-0.02044113352894783
2131,19,36,1.0,0.9623416066169739,0,0,0.0,-0.25,0.0,-0.003037091577425599,-0.19389492273330688,-0.018757659941911697
2132,19,37,1.0,0.966168224811554,0,0,0.0,-0.25,0.0,0.002348575508221984,-0.11971279978752136,-0.008254185318946838
2133,19,38,1.0,0.9785706996917725,0,0,0.0,-0.25,0.0,-0.0007651366177015007,-0.07188887894153595,0.0053398339077830315
2134,19,39,1.0,0.9901187419891357,0,0,0.0,0.0,0.0,-0.0029651126824319363,-0.050609029829502106,-0.003422063309699297
2135,19,40,1.0,0.989668071269989,0,0,0.0,0.0,0.0,-0.0028765264432877302,-0.024578265845775604,-0.003505140542984009
2136,19,41,1.0,0.9880092740058899,0,0,0.0,0.0,0.0,-0.002883369568735361,-0.01943272352218628,0.0014865202829241753
2137,19,42,1.0,0.9911764860153198,0,0,0.0,0.0,0.0,-0.005047469399869442,-0.011750143021345139,-0.007917541079223156
2138,19,43,1.0,0.9908539652824402,0,0,0.0,0.0,0.0,-0.00513684656471014,-0.010717732831835747,-0.007816081866621971
2139,19,44,1.0,0.9936055541038513,0,0,0.0,0.0,0.0,-0.0058265551924705505,-0.008439659141004086,-0.009059092029929161
2140,19,45,1.0,0.9935575127601624,0,0,0.0,-0.25,0.0,-0.00582684064283967,-0.008255003951489925,-0.009056946262717247
2141,19,46,1.0,0.9792501926422119,0,0,0.0,0.0,0.0,-0.0032797795720398426,-0.01540387887507677,-0.008801772259175777
2142,19,47,1.0,0.9766691327095032,0,0,0.0,0.0,0.0,-0.0009008359629660845,-0.010039741173386574,-0.0015139048919081688
2143,19,48,1.0,0.9713781476020813,0,0,0.0,0.0,0.0,-0.003835461800917983,-0.009754463098943233,-0.01066930778324604
2144,19,49,1.0,0.9727054834365845,0,0,0.0,0.0,0.0,-0.004136412404477596,-0.008930794894695282,-0.011656899936497211
2145,19,50,1.0,0.977123498916626,0,0,0.0,0.0,0.0,-0.0043747564777731895,-0.006475214380770922,-0.01706117019057274
2146,19,51,1.0,0.9770989418029785,0,0,0.0,0.0,0.0,-0.00439794734120369,-0.006300661247223616,-0.0171426422894001
2147,19,52,1.0,0.9794456362724304,0,0,0.25,0.0,0.0,-0.003397914581000805,-0.003185664303600788,-0.018172813579440117
2148,19,53,1.0,0.9887202382087708,0,0,0.0,0.0,0.0,0.0074164592660963535,-0.0005128748016431928,-0.003903670236468315
2149,19,54,1.0,0.9858579635620117,0,0,0.0,0.0,0.0,0.003734434489160776,0.00092986726667732,0.01138137187808752
2150,19,55,1.0,0.9895186424255371,0,0,0.0,0.0,0.0,0.0013462817296385765,-7.430970435962081e-05,0.0058008236810564995
2151,19,56,1.0,0.9871823787689209,0,0,0.0,0.0,0.0,-0.0018232030561193824,0.0006378918187692761,-0.006630651652812958
2152,19,57,1.0,0.9872871041297913,0,0,0.0,0.0,0.0,-0.002319262595847249,0.0004898076294921339,-0.006918696686625481
2153,19,58,1.0,0.9842296242713928,0,0,0.0,0.0,0.0,-0.0015208831755444407,0.00016062729991972446,-0.018672741949558258
2154,19,59,1.0,0.9842493534088135,0,0,0.0,0.0,0.0,-0.001593926688656211,0.00014019489753991365,-0.018785666674375534
2155,19,60,1.0,0.9858220815658569,0,0,0.0,-0.25,0.0,-0.0006474800757132471,0.001211963826790452,-0.0010847244411706924
2156,19,61,1.0,0.9778990745544434,0,0,0.0,0.0,0.0,0.0009702558163553476,-0.006001957226544619,-0.04457907751202583
2157,19,62,1.0,0.9745584726333618,0,0,0.0,0.0,0.0,0.005335449706763029,-0.004139678552746773,-0.12164825201034546
2158,19,63,1.0,0.9744998812675476,0,0,0.0,0.0,0.0,0.0031589199788868427,-0.0019821880850940943,-0.13442650437355042
2159,19,64,1.0,0.9727996587753296,0,0,0.0,0.0,0.0,0.00039000227116048336,-0.0035326345823705196,-0.3094383478164673
2160,19,65,1.0,0.9727216958999634,0,0,0.0,0.0,0.0,0.00024228577967733145,-0.003273180453106761,-0.30984482169151306
2161,19,66,1.0,0.9757323861122131,0,0,0.0,0.0,0.0,-0.0016486839158460498,-0.004037879873067141,-0.37797781825065613
2162,19,67,1.0,0.9757159352302551,0,0,0.0,0.0,0.0,-0.0016632864717394114,-0.0039965626783668995,-0.3780896067619324
2163,19,68,1.0,0.978000819683075,0,0,0.0,0.0,-0.5,-0.003694708924740553,-0.0045465584844350815,-0.42024049162864685
2164,19,69,1.0,0.9967040419578552,0,0,0.0,0.0,-0.5,-0.006416692864149809,-0.006154680158942938,-0.5302557349205017
2165,19,70,1.0,0.9993188381195068,0,0,0.0,0.0,-0.5,-0.007611903361976147,-0.004594970028847456,-0.5401891469955444
2166,19,71,1.0,1.0020216703414917,0,0,0.0,0.0,-0.5,-0.008723718114197254,-0.003697867039591074,-0.5358241200447083
2167,19,72,1.0,0.9881749153137207,0,0,0.0,0.0,-0.5,-0.005402160342782736,-0.0019064657390117645,-0.5492538213729858
2168,19,73,1.0,0.9750248789787292,0,0,0.0,0.0,-0.5,-0.005727588664740324,-0.002806362695991993,-0.5495644211769104
2169,19,74,1.0,0.96239173412323,0,0,0.0,0.0,-0.5,-0.0072799925692379475,-0.005699483212083578,-0.5554726123809814
2170,19,75,1.0,0.9585013389587402,0,0,0.0,0.0,-0.5,-0.009069018065929413,-0.007415630389004946,-0.5544076561927795
2171,19,76,1.0,0.9442064762115479,0,0,0.0,0.0,-0.5,-0.009823426604270935,-0.004172481130808592,-0.5662158727645874
2172,19,77,1.0,0.9427286386489868,0,0,0.0,0.0,-0.5,-0.008968750014901161,-0.004180548712611198,-0.564649760723114
2173,19,78,1.0,0.9622288942337036,0,0,0.0,0.0,-0.5,-0.004663445055484772,-0.002944416366517544,-0.5587670207023621
2174,19,79,1.0,0.9617506861686707,0,0,0.0,0.0,-0.5,-0.004819096066057682,-0.003071361221373081,-0.5587409734725952
2175,19,80,1.0,1.3203120231628418,0,0,0.0,0.0,-0.5,-0.004081537015736103,-0.002957818331196904,-0.40737009048461914
2176,19,81,1.0,1.321939468383789,0,0,0.0,0.0,0.0,-0.004092146642506123,-0.003016942646354437,-0.4066060185432434
2177,19,82,1.0,1.7266857624053955,0,1,0.0,0.0,0.0,-0.005075665190815926,-0.006046013906598091,-0.20797449350357056
2178,19,83,1.0,1.7272239923477173,0,1,0.0,0.0,0.0,-0.00507891783490777,-0.006053268909454346,-0.20773836970329285
2179,19,84,1.0,1.8195521831512451,0,1,0.0,0.0,0.0,-0.005637365859001875,-0.005870841909199953,-0.15667618811130524
2180,19,85,2.0,1.8197522163391113,1,1,0.0,0.0,0.0,-0.005634929984807968,-0.005870852153748274,-0.1566278338432312
2181,19,86,2.0,1.9819049835205078,1,1,0.0,0.0,0.0,-0.0031773902010172606,-0.0035769629757851362,-0.033927302807569504
2182,19,87,2.0,1.9527424573898315,1,1,0.0,0.0,0.0,-0.0010149136651307344,-0.001487105619162321,-0.07842841744422913
2183,19,88,2.0,1.9660905599594116,1,1,0.0,0.0,0.0,-0.0016025364166125655,-0.0016809070948511362,-0.0704275444149971
2184,19,89,2.0,1.962165355682373,1,1,0.0,0.0,0.0,-0.0011187016498297453,-0.0015710279112681746,-0.07147352397441864
2185,19,90,2.0,2.021486520767212,1,1,0.0,0.0,0.0,-0.0009387244936078787,-0.002019793726503849,-0.03951450437307358
2186,19,91,2.0,2.021430015563965,1,1,0.0,0.0,0.0,-0.0009424223098903894,-0.0020049652084708214,-0.039697010070085526
2187,19,92,2.0,2.0633625984191895,1,1,0.0,0.0,0.0,-0.0024595335125923157,-0.003046844620257616,-0.035505324602127075
2188,19,93,2.0,2.0632894039154053,1,1,0.0,0.0,0.0,-0.002456688554957509,-0.0030331904999911785,-0.03564376384019852
2189,19,94,1.0,2.079596996307373,0,1,0.0,0.0,0.0,-0.003628789447247982,-0.003420765744522214,-0.03352360427379608
2190,19,95,1.0,2.079561233520508,0,1,0.0,0.0,0.0,-0.0036262499634176493,-0.003412266494706273,-0.03361403942108154
2191,19,96,1.0,2.0921998023986816,0,1,0.0,0.0,0.0,-0.0037874900735914707,-0.005155771970748901,-0.029905006289482117
2192,19,97,1.0,2.0921988487243652,0,1,0.0,0.0,0.0,-0.0037843792233616114,-0.005147845018655062,-0.030010059475898743
2193,19,98,1.0,2.0879225730895996,0,1,0.0,0.0,0.5,-0.004347945563495159,-0.003268963424488902,-0.03252926468849182
2194,19,99,1.0,2.065138339996338,0,1,0.0,0.0,0.5,-0.004027284681797028,-0.0019716289825737476,0.0007848003879189491
2195,19,100,1.0,1.154921054840088,0,0,0.0,0.0,0.5,-0.00017596199177205563,-0.005607273429632187,0.4807070195674896
2196,19,101,1.0,1.2089871168136597,0,0,0.0,0.0,0.5,-0.0015509669901803136,-0.004128991160541773,0.46395203471183777
2197,19,102,1.0,0.9900697469711304,0,0,0.0,0.0,0.5,-0.0025518066249787807,-0.004014925099909306,0.5437769889831543
2198,19,103,1.0,0.9772424697875977,0,0,0.0,0.0,0.5,-0.0003733905032277107,-0.001053942134603858,0.5453589558601379
2199,19,104,1.0,0.9999703168869019,0,0,0.0,0.0,0.5,-0.0009438965353183448,-0.00017508222663309425,0.5472152829170227
2200,19,105,1.0,0.9768245220184326,0,0,0.0,0.0,0.5,-0.002141703153029084,-0.001726825605146587,0.5474231839179993
2201,19,106,1.0,0.9647276997566223,0,0,0.0,0.0,0.5,0.0005238997982814908,-0.0025322160217911005,0.5380684733390808
2202,19,107,1.0,0.9624373316764832,0,0,0.0,0.0,0.5,0.0007996712811291218,-0.0036618378944694996,0.5386540293693542
