dataset_index,episode_index,frame_index,target_gripper,predicted_gripper,target_is_close,predicted_is_close,target_delta_x,target_delta_y,target_delta_z,predicted_delta_x,predicted_delta_y,predicted_delta_z
0,0,0,1.0,0.994790256023407,0,0,0.0,0.0,0.0,0.00086096057202667,0.0007487269467674196,-0.001680739689618349
1,0,1,1.0,0.993442177772522,0,0,0.0,0.0,0.0,0.0010719705605879426,0.00042973196832463145,-0.008704177103936672
2,0,2,1.0,0.9964932799339294,0,0,0.0,0.0,0.0,0.001869994797743857,0.00022053293650969863,-0.00482526421546936
3,0,3,1.0,0.9968582987785339,0,0,0.0,0.0,0.0,0.001928755664266646,0.000245527655351907,-0.003324671648442745
4,0,4,1.0,0.9963976144790649,0,0,0.0,0.0,0.0,0.0020502880215644836,0.00023017619969323277,0.0018628593534231186
5,0,5,1.0,0.9963771104812622,0,0,0.0,0.0,0.0,0.0019526859978213906,0.0002060412080027163,0.0024636518210172653
6,0,6,1.0,0.9984399676322937,0,0,0.0,0.0,0.0,-0.0001589426537975669,0.0007074623717926443,0.008334902115166187
7,0,7,1.0,0.9984652996063232,0,0,0.0,0.0,0.0,-0.00017537001986056566,0.0007045199745334685,0.008517012931406498
8,0,8,1.0,1.001548171043396,0,0,0.0,0.0,0.0,-0.0008939662948250771,0.0009520643507130444,0.008035452105104923
9,0,9,1.0,1.0015549659729004,0,0,0.0,0.0,0.0,-0.0008970850030891597,0.0009510230156593025,0.008082841522991657
10,0,10,1.0,1.0043057203292847,0,0,0.0,0.0,0.0,-0.0013740299036726356,0.0008671619580127299,0.011197994463145733
11,0,11,1.0,1.0043071508407593,0,0,0.0,0.0,0.0,-0.0013740789145231247,0.0008667039801366627,0.011208348907530308
12,0,12,1.0,1.0042577981948853,0,0,0.0,0.0,0.0,-0.0013628092128783464,0.0008661782485432923,0.01116515975445509
13,0,13,1.0,1.004258155822754,0,0,0.0,0.0,0.0,-0.0013628194574266672,0.0008660605526529253,0.011167851276695728
14,0,14,1.0,1.0032035112380981,0,0,0.0,0.0,0.0,-0.0013383564073592424,0.0007556875352747738,0.010181044228374958
15,0,15,1.0,1.0032036304473877,0,0,0.0,0.0,0.0,-0.001338348025456071,0.0007556607597507536,0.010181735269725323
16,0,16,1.0,1.0032037496566772,0,0,0.0,0.0,0.0,-0.0013383605983108282,0.0007556377095170319,0.010182074271142483
17,0,17,1.0,1.0032036304473877,0,0,0.0,0.0,0.0,-0.0013383612968027592,0.0007556274649687111,0.010182243771851063
18,0,18,1.0,1.0032037496566772,0,0,0.0,0.0,0.0,-0.0013383636251091957,0.0007556313066743314,0.01018229965120554
19,0,19,1.0,1.0032037496566772,0,0,0.0,0.0,0.0,-0.0013383720070123672,0.000755626184400171,0.010182390920817852
20,0,20,1.0,1.0032037496566772,0,0,0.0,0.0,0.0,-0.0013383642071858048,0.0007556197815574706,0.010182411409914494
21,0,21,1.0,1.0032037496566772,0,0,0.0,0.0,0.0,-0.0013383653713390231,0.0007556223426945508,0.010182390920817852
22,0,22,1.0,1.0032037496566772,0,0,0.0,0.0,0.0,-0.0013383672339841723,0.0007556364289484918,0.010182439349591732
23,0,23,1.0,1.0032037496566772,0,0,0.0,0.0,0.0,-0.0013383653713390231,0.000755638990085572,0.010182433761656284
24,0,24,1.0,1.0032037496566772,0,0,0.0,0.0,0.0,-0.0013383672339841723,0.000755626184400171,0.010182405821979046
25,0,25,1.0,1.0032037496566772,0,0,0.0,0.0,0.0,-0.0013383571058511734,0.000755638990085572,0.010182411409914494
26,0,26,1.0,1.0032037496566772,0,0,0.0,0.0,0.0,-0.0013383653713390231,0.0007556249038316309,0.010182405821979046
27,0,27,1.0,1.0032037496566772,0,0,0.0,0.0,0.0,-0.0013383743353188038,0.0007556441123597324,0.010182454250752926
28,0,28,1.0,1.0032037496566772,0,0,0.0,0.0,0.0,-0.0013383737532421947,0.0007556428317911923,0.010182398371398449
29,0,29,1.0,1.0032037496566772,0,0,0.0,0.0,0.0,-0.0013383630430325866,0.0007556325872428715,0.010182439349591732
30,0,30,1.0,1.0032037496566772,0,0,0.0,0.0,0.0,-0.0013383683981373906,0.0007556287455372512,0.010182426311075687
31,0,31,1.0,1.0032037496566772,0,0,0.25,0.0,0.0,-0.0013383666519075632,0.000755638990085572,0.010182411409914494
32,0,32,1.0,1.0090464353561401,0,0,0.25,0.0,0.0,0.19404810667037964,0.0040181465446949005,0.0037192394956946373
33,0,33,1.0,1.0018339157104492,0,0,0.25,0.0,0.0,0.26890701055526733,0.0010290849022567272,0.0025485018268227577
34,0,34,1.0,1.008140206336975,0,0,0.25,0.0,0.0,0.2735767662525177,-2.1377403754740953e-05,0.008999972604215145
35,0,35,1.0,1.0160071849822998,0,0,0.25,0.0,0.0,0.2737157940864563,-0.0014822923112660646,0.01582828164100647
36,0,36,1.0,1.0122541189193726,0,0,0.25,0.0,0.0,0.2729729115962982,-0.0020647700875997543,0.009766980074346066
37,0,37,1.0,1.012467622756958,0,0,0.25,0.0,0.0,0.27186864614486694,-0.001741953892633319,0.01091857347637415
38,0,38,1.0,1.013542890548706,0,0,0.25,0.0,0.0,0.2765744924545288,-0.0009170437115244567,0.008809774182736874
39,0,39,1.0,1.0153685808181763,0,0,0.25,0.0,0.0,0.2788794934749603,-0.0006224523531273007,0.007026090286672115
40,0,40,1.0,1.011661171913147,0,0,0.25,0.0,0.0,0.2771705090999603,0.00025918270694091916,0.004743477329611778
41,0,41,1.0,1.0068906545639038,0,0,0.25,0.0,0.0,0.25475338101387024,-0.0026604498270899057,-0.007205619476735592
42,0,42,1.0,1.0048768520355225,0,0,0.25,0.0,0.0,0.18503352999687195,-0.001772444462403655,-0.003936847671866417
43,0,43,1.0,1.0001863241195679,0,0,0.25,0.0,0.0,0.13680455088615417,-0.0030160853639245033,-0.0021988418884575367
44,0,44,1.0,1.0043281316757202,0,0,0.0,0.0,0.0,0.1420699805021286,-0.0037627110723406076,0.0013397298753261566
45,0,45,1.0,0.9943884611129761,0,0,0.0,0.0,0.0,0.062310777604579926,-0.005325390957295895,-0.009157484397292137
46,0,46,1.0,0.9906547665596008,0,0,0.0,0.0,0.0,-0.004135472699999809,-0.006114257033914328,-0.0043965671211481094
47,0,47,1.0,0.9868718385696411,0,0,0.0,0.0,0.0,-0.015461432747542858,-0.00554536422714591,-0.003922496922314167
48,0,48,1.0,0.9920966625213623,0,0,0.0,0.0,0.0,-0.012330452911555767,-0.003414905397221446,-0.000956827774643898
49,0,49,1.0,0.9915787577629089,0,0,0.0,0.0,0.0,-0.01300669927150011,-0.0032103550620377064,-0.001089191995561123
50,0,50,1.0,0.9922363758087158,0,0,0.0,0.0,0.0,-0.01060392428189516,-0.0016604058910161257,-0.0010252143256366253
51,0,51,1.0,0.9922350645065308,0,0,0.0,-0.25,0.0,-0.010667928494513035,-0.0016356364358216524,-0.0011641103774309158
52,0,52,1.0,0.999065637588501,0,0,0.0,-0.25,0.0,-0.003946865908801556,-0.24329522252082825,-0.0035628792829811573
53,0,53,1.0,0.9984207153320312,0,0,0.0,-0.25,0.0,-0.0023542321287095547,-0.2611730098724365,-0.000683012418448925
54,0,54,1.0,1.0008695125579834,0,0,0.0,-0.25,0.0,-0.0010278376284986734,-0.274576872587204,-0.006148586980998516
55,0,55,1.0,0.9960218667984009,0,0,0.0,-0.25,0.0,-0.00174253573641181,-0.2766228914260864,-0.0044432771392166615
56,0,56,1.0,0.9970453977584839,0,0,0.0,-0.25,0.0,-0.0017387901898473501,-0.2778891324996948,-0.007887476123869419
57,0,57,1.0,0.9896746873855591,0,0,0.0,-0.25,0.0,-0.00253116013482213,-0.27751216292381287,-0.003570046741515398
58,0,58,1.0,0.9928919076919556,0,0,0.0,-0.25,0.0,-0.0028011088725179434,-0.28007182478904724,-0.0056577203795313835
59,0,59,1.0,0.9860593676567078,0,0,0.0,-0.25,0.0,-0.0031050059478729963,-0.28045007586479187,-0.0042784675024449825
60,0,60,1.0,0.9917915463447571,0,0,0.0,-0.25,0.0,-0.00030366540886461735,-0.2774580717086792,-0.007724047638475895
61,0,61,1.0,0.9965749382972717,0,0,0.0,-0.25,0.0,-0.0011372321750968695,-0.24985124170780182,-0.00930771790444851
62,0,62,1.0,0.9977841973304749,0,0,0.0,0.0,0.0,-0.0005838221404701471,-0.1060473695397377,-0.013649104163050652
63,0,63,1.0,1.0009024143218994,0,0,0.0,0.0,0.0,-0.0014329975238069892,-0.011724000796675682,0.01633531227707863
64,0,64,1.0,0.9993340969085693,0,0,0.0,0.0,0.0,-0.001015078742057085,-0.002438705414533615,0.0279570072889328
65,0,65,1.0,0.999008297920227,0,0,0.0,0.0,0.0,-0.0010350305819883943,-0.001140958396717906,0.02733779326081276
66,0,66,1.0,1.0013725757598877,0,0,0.0,0.0,0.0,-0.0011403936659917235,3.6643294151872396e-05,0.025697864592075348
67,0,67,1.0,1.0013320446014404,0,0,0.0,0.0,0.0,-0.0011474714847281575,0.00017980433767661452,0.02551652491092682
68,0,68,1.0,1.0009348392486572,0,0,0.0,0.0,0.0,-0.0010714270174503326,0.0001567323924973607,-0.017156008630990982
69,0,69,1.0,1.0009185075759888,0,0,0.0,-0.25,0.0,-0.0010726311011239886,0.00017752591520547867,-0.01724577322602272
70,0,70,1.0,1.0032798051834106,0,0,0.0,0.0,0.0,-0.0013009398244321346,-0.0022395565174520016,-0.019360221922397614
71,0,71,1.0,1.0035771131515503,0,0,0.0,0.0,0.0,-0.0014804844977334142,-0.0012660915963351727,-0.021785233169794083
72,0,72,1.0,1.0042904615402222,0,0,0.0,0.0,0.0,-0.0018474198877811432,-0.0002639734884724021,-0.005033778492361307
73,0,73,1.0,1.0043132305145264,0,0,0.0,0.0,0.0,-0.0019024269422516227,-8.739624172449112e-05,-0.007750867400318384
74,0,74,1.0,1.002272367477417,0,0,0.0,0.0,0.0,-0.0014631630619987845,0.00015732599422335625,-0.03446328639984131
75,0,75,1.0,1.002294898033142,0,0,0.0,0.0,0.0,-0.0014552100328728557,0.00018601783085614443,-0.03505439683794975
76,0,76,1.0,1.0036919116973877,0,0,0.0,0.0,0.0,-0.0005594735266640782,-0.00022782085579819977,-0.12810543179512024
77,0,77,1.0,1.0037028789520264,0,0,0.0,0.0,0.0,-0.0005594129906967282,-0.00022376744891516864,-0.1283339112997055
78,0,78,1.0,1.0035775899887085,0,0,0.0,0.0,0.0,-0.00036740838550031185,-0.00020901026437059045,-0.1363341212272644
79,0,79,1.0,1.0035810470581055,0,0,0.0,0.0,0.0,-0.0003672483144327998,-0.00020848511485382915,-0.13640132546424866
80,0,80,1.0,1.0038048028945923,0,0,0.0,0.0,-0.5,-0.00045680173207074404,-0.0004644221917260438,-0.14298240840435028
81,0,81,1.0,0.9924814701080322,0,0,0.0,0.0,-0.5,0.00012842577416449785,0.0005399443325586617,-0.5513811111450195
82,0,82,1.0,0.9884762763977051,0,0,0.0,0.0,-0.5,-1.1420343071222305e-06,0.0004750205553136766,-0.5484505891799927
83,0,83,1.0,0.986499011516571,0,0,0.0,0.0,-0.5,0.00029615662060678005,0.000684527971316129,-0.5380282402038574
84,0,84,1.0,0.9836199283599854,0,0,0.0,0.0,-0.5,-6.507127545773983e-05,-8.992344373837113e-05,-0.5317053198814392
85,0,85,1.0,0.9909966588020325,0,0,0.0,0.0,-0.5,-0.0008628642535768449,5.464797141030431e-05,-0.5251103043556213
86,0,86,1.0,0.991107702255249,0,0,0.0,0.0,-0.5,-0.001730430987663567,-3.027671482414007e-06,-0.547743022441864
87,0,87,1.0,0.9948300123214722,0,0,0.0,0.0,-0.5,-0.0015772032784298062,0.0003664879477582872,-0.5559206604957581
88,0,88,1.0,1.0006612539291382,0,0,0.0,0.0,-0.5,-0.0012793524656444788,0.0013597782235592604,-0.5713182091712952
89,0,89,1.0,1.0020651817321777,0,0,0.0,0.0,-0.5,-0.0007921280339360237,0.0006013737875036895,-0.5702980160713196
90,0,90,1.0,0.9854342937469482,0,0,0.0,0.0,-0.5,0.00025685166474431753,0.0023977849632501602,-0.38685494661331177
91,0,91,1.0,0.9837533831596375,0,0,0.0,0.0,0.0,5.300610791891813e-05,0.0022357210982590914,-0.3456455171108246
92,0,92,1.0,1.0245153903961182,0,0,0.0,0.0,0.0,-0.0015066080959513783,-8.602417074143887e-05,-0.1184178814291954
93,0,93,1.0,1.0259943008422852,0,0,0.0,0.0,0.0,-0.0015513342805206776,-0.00020839105127379298,-0.11142732948064804
94,0,94,1.0,1.4094821214675903,0,0,0.0,0.0,0.0,0.0006601616041734815,0.0003681395319290459,-0.015351022593677044
95,0,95,1.0,1.411948323249817,0,0,0.0,0.0,0.0,0.0006785161094740033,0.00038937950739637017,-0.01482346560806036
96,0,96,1.0,1.9139561653137207,0,1,0.0,0.0,0.0,0.0008190575754269958,0.001920413225889206,-0.004535753279924393
97,0,97,2.0,1.9148861169815063,1,1,0.0,0.0,0.0,0.0008213341934606433,0.001933966064825654,-0.0045183682814240456
98,0,98,2.0,2.050327777862549,1,1,0.0,0.0,0.0,0.001679105102084577,-0.0001812049886211753,0.002039286307990551
99,0,99,2.0,2.058349370956421,1,1,0.0,0.0,0.0,0.0014340932248160243,-0.00094851158792153,0.00277809239923954
100,0,100,2.0,2.0615994930267334,1,1,0.0,0.0,0.0,0.0017648787470534444,-0.0014863066608086228,0.005394669249653816
101,0,101,2.0,2.0625534057617188,1,1,0.0,0.0,0.0,0.0019867303781211376,-0.0012076999992132187,0.006763586774468422
102,0,102,2.0,2.061650276184082,1,1,0.0,0.0,0.0,0.0008175271796062589,-0.0007701350259594619,0.00959776807576418
103,0,103,2.0,2.0637125968933105,1,1,0.0,0.0,0.0,0.0007569341687485576,-0.0013569893781095743,0.00663658045232296
104,0,104,2.0,1.8779040575027466,1,1,0.0,0.0,0.0,-0.0010278071276843548,-0.002690741792321205,-0.001987501047551632
105,0,105,1.0,1.4159066677093506,0,0,0.0,0.0,0.0,-0.002165819751098752,-0.0024304091930389404,-0.03018004447221756
106,0,106,1.0,1.0440897941589355,0,0,0.0,0.0,0.0,0.00041686894837766886,-0.0011927086161449552,-0.030534174293279648
107,0,107,1.0,1.0598487854003906,0,0,0.0,0.0,0.0,-0.0008628130308352411,0.00011128128971904516,-0.025736819952726364
108,0,108,1.0,1.0005414485931396,0,0,0.0,0.0,0.0,-0.00028276070952415466,-0.00015887949848547578,0.2566140294075012
109,0,109,1.0,0.9988922476768494,0,0,0.0,0.0,0.0,-0.00038025761023163795,-0.0003187755064573139,0.2914370000362396
110,0,110,1.0,1.0010560750961304,0,0,0.0,0.0,0.0,-0.00043195963371545076,0.0003731613396666944,0.4176504909992218
111,0,111,1.0,1.0012212991714478,0,0,0.0,0.0,0.5,-0.00047641468700021505,0.0003380558337084949,0.4329037368297577
112,0,112,1.0,0.9983392953872681,0,0,0.0,0.0,0.5,0.0009966545039787889,0.0005393712199293077,0.5281911492347717
113,0,113,1.0,0.9968702793121338,0,0,0.0,0.0,0.5,0.00039926881436258554,0.0008785655372776091,0.5256654620170593
114,0,114,1.0,0.998403787612915,0,0,0.0,0.0,0.5,0.00028607610147446394,0.0006893901736475527,0.5286226272583008
115,0,115,1.0,0.9988833665847778,0,0,0.0,0.0,0.5,0.00028223369736224413,0.0005269116372801363,0.52760910987854
116,0,116,1.0,0.9990672469139099,0,0,0.0,0.0,0.5,0.00015870167408138514,0.0005830568843521178,0.5266396403312683
117,0,117,1.0,0.9971181750297546,0,0,0.0,0.0,0.5,0.00035018997732549906,0.0007401652983389795,0.530178427696228
118,0,118,1.0,1.0004353523254395,0,0,0.0,0.0,0.5,0.0003613528097048402,0.0004663118743337691,0.5298218131065369
119,0,119,1.0,0.9983167052268982,0,0,0.0,0.0,0.5,0.0003356946399435401,0.00026499642990529537,0.5292589664459229
120,0,120,1.0,0.9995625019073486,0,0,0.0,0.0,0.5,0.0005453977501019835,0.0003797758254222572,0.5275137424468994
121,1,0,1.0,0.9980224370956421,0,0,0.0,0.0,0.0,0.002135325688868761,-0.0016495806630700827,0.0029510539025068283
122,1,1,1.0,0.9993724822998047,0,0,0.0,0.0,0.0,0.0031576650217175484,-0.0014437141362577677,-0.004006494767963886
123,1,2,1.0,0.9989904761314392,0,0,0.0,0.0,0.0,0.0028701545670628548,-0.0009027668857015669,-0.00039978697896003723
124,1,3,1.0,0.9976298213005066,0,0,0.0,0.0,0.0,0.002517877146601677,-0.0010058031184598804,5.9164129197597504e-05
125,1,4,1.0,0.9955683350563049,0,0,0.0,0.0,0.0,0.0001999051310122013,-0.0015211491845548153,0.0018391292542219162
126,1,5,1.0,0.9956268072128296,0,0,0.0,0.0,0.0,7.453665602952242e-05,-0.001530554611235857,0.0022940775379538536
127,1,6,1.0,1.0026123523712158,0,0,0.0,0.0,0.0,-0.0031802961602807045,-0.00011047068983316422,-0.0018368489108979702
128,1,7,1.0,1.002638816833496,0,0,0.0,0.0,0.0,-0.0031832410022616386,-0.00010757951531559229,-0.0017066928558051586
129,1,8,1.0,1.0103387832641602,0,0,0.0,0.0,0.0,-0.0008639123989269137,0.0033182220067828894,-0.005446051247417927
130,1,9,1.0,1.0103428363800049,0,0,0.0,0.0,0.0,-0.0008500217809341848,0.003316745860502124,-0.005407077260315418
131,1,10,1.0,1.0122857093811035,0,0,0.0,0.0,0.0,0.00963712390512228,0.0037020870950073004,-0.0037259128876030445
132,1,11,1.0,1.0122861862182617,0,0,0.0,0.0,0.0,0.009644163772463799,0.003700795816257596,-0.0037137800827622414
133,1,12,1.0,1.011897325515747,0,0,0.25,0.0,0.0,0.035091936588287354,0.0040237922221422195,0.009650214575231075
134,1,13,1.0,1.0080888271331787,0,0,0.25,0.0,0.0,0.2346152365207672,-0.0014692294644191861,-0.006347114685922861
135,1,14,1.0,1.0043576955795288,0,0,0.25,0.0,0.0,0.26443716883659363,-0.0014075525104999542,-0.00552662368863821
136,1,15,1.0,1.0111830234527588,0,0,0.25,0.0,0.0,0.27382463216781616,-0.001292844070121646,-0.00312869343906641
137,1,16,1.0,1.0052950382232666,0,0,0.25,0.0,0.0,0.27461326122283936,-0.0019476055167615414,0.0015136878937482834
138,1,17,1.0,1.001632809638977,0,0,0.25,0.0,0.0,0.27532297372817993,-0.0025127248372882605,0.004483942873775959
139,1,18,1.0,1.0050992965698242,0,0,0.25,0.0,0.0,0.2722194492816925,-0.002308845054358244,0.002390560694038868
140,1,19,1.0,1.0042870044708252,0,0,0.25,0.0,0.0,0.27087071537971497,-0.0021209258120507,0.008959745056927204
141,1,20,1.0,1.0109589099884033,0,0,0.25,0.0,0.0,0.2747747302055359,-0.0011204449692741036,0.0057999612763524055
142,1,21,1.0,1.0104678869247437,0,0,0.25,0.0,0.0,0.27690985798835754,-0.0009866214822977781,0.005162032321095467
143,1,22,1.0,1.0129674673080444,0,0,0.25,0.0,0.0,0.2746531367301941,-0.0008192909299395978,0.005584954284131527
144,1,23,1.0,1.0140800476074219,0,0,0.25,0.0,0.0,0.2585359215736389,-0.0015818296233192086,-0.0014786594547331333
145,1,24,1.0,1.005806803703308,0,0,0.25,0.0,0.0,0.1826425939798355,0.0019091852009296417,-0.008775698952376842
146,1,25,1.0,1.003531575202942,0,0,0.0,0.0,0.0,0.147830069065094,0.0023192085791379213,-0.01019215490669012
147,1,26,1.0,0.9892596006393433,0,0,0.0,0.0,0.0,0.04445513337850571,0.000985645456239581,-0.009262662380933762
148,1,27,1.0,0.9850967526435852,0,0,0.0,0.0,0.0,0.006948267575353384,-0.0007619226234965026,-0.0048851147294044495
149,1,28,1.0,0.9923195242881775,0,0,0.0,0.0,0.0,-0.005904627498239279,-0.0029287817887961864,-0.0035907933488488197
150,1,29,1.0,0.9923055768013,0,0,0.0,0.0,0.0,-0.007567326072603464,-0.0017421189695596695,-0.005162813235074282
151,1,30,1.0,0.9971776008605957,0,0,0.0,0.0,0.0,-0.000964015896897763,0.026732811704277992,-0.009910247288644314
152,1,31,1.0,0.9971302151679993,0,0,0.0,0.0,0.0,-0.0010079718194901943,0.026989346370100975,-0.010177253745496273
153,1,32,1.0,0.998528003692627,0,0,0.0,0.25,0.0,-0.0022913399152457714,0.0343833863735199,-0.006361403036862612
154,1,33,1.0,0.9885526299476624,0,0,0.0,0.25,0.0,-0.0007794708362780511,0.2571603059768677,0.008364963345229626
155,1,34,1.0,0.990120530128479,0,0,0.0,0.25,0.0,0.00041951483581215143,0.2692667841911316,0.005329747684299946
156,1,35,1.0,0.9925910830497742,0,0,0.0,0.25,0.0,0.0010801296448335052,0.26820555329322815,0.0030759144574403763
157,1,36,1.0,0.9906137585639954,0,0,0.0,0.25,0.0,0.002028112765401602,0.2739475965499878,0.002879766747355461
158,1,37,1.0,0.9872655868530273,0,0,0.0,0.25,0.0,0.002635504584759474,0.27541783452033997,0.005682162940502167
159,1,38,1.0,0.9872217178344727,0,0,0.0,0.25,0.0,0.001906665856949985,0.279610276222229,0.0070582060143351555
160,1,39,1.0,0.9878869652748108,0,0,0.0,0.25,0.0,0.002158212475478649,0.2804919481277466,0.00479462556540966
161,1,40,1.0,0.992552638053894,0,0,0.0,0.25,0.0,0.0017819482600316405,0.2785293459892273,0.0070594316348433495
162,1,41,1.0,0.9834944009780884,0,0,0.0,0.25,0.0,0.0011004932457581162,0.2579055428504944,-0.00798537116497755
163,1,42,1.0,0.9869312644004822,0,0,0.0,0.25,0.0,-0.0011036047944799066,0.12976403534412384,-0.025407850742340088
164,1,43,1.0,1.001219630241394,0,0,0.0,0.0,0.0,-0.0014489357126876712,0.03531499207019806,-0.007096250541508198
165,1,44,1.0,1.0033366680145264,0,0,0.0,0.0,0.0,-0.0015603696228936315,0.007965851575136185,0.011482770554721355
166,1,45,1.0,1.0026718378067017,0,0,0.0,0.0,0.0,-0.0015574422432109714,0.0026604989543557167,0.01248063612729311
167,1,46,1.0,1.0030231475830078,0,0,0.0,0.0,0.0,-0.0014293055282905698,0.0002741580246947706,-0.037286076694726944
168,1,47,1.0,1.003067970275879,0,0,0.0,0.0,0.0,-0.001474845572374761,7.986655691638589e-05,-0.038124196231365204
169,1,48,1.0,1.0019587278366089,0,0,0.0,0.0,0.0,-0.0018058328423649073,0.00018896529218181968,-0.019662965089082718
170,1,49,1.0,1.0019299983978271,0,0,0.0,0.0,0.0,-0.0018110815435647964,0.0001644810545258224,-0.019585318863391876
171,1,50,1.0,1.0017727613449097,0,0,0.0,0.0,0.0,-0.001207779860123992,0.00027639808831736445,-0.052276477217674255
172,1,51,1.0,1.001766562461853,0,0,0.0,0.25,0.0,-0.0012093775440007448,0.00027084985049441457,-0.05223475769162178
173,1,52,1.0,1.0045356750488281,0,0,0.0,0.0,0.0,-0.001244192710146308,0.0034575697500258684,-0.040350865572690964
174,1,53,1.0,1.0032930374145508,0,0,0.0,0.0,0.0,-0.0017322406638413668,0.001789152156561613,-0.043346427381038666
175,1,54,1.0,1.0030758380889893,0,0,0.0,0.0,0.0,-0.0014048056909814477,0.0008774282759986818,-0.04268551990389824
176,1,55,1.0,1.003380298614502,0,0,0.0,0.0,0.0,-0.0015870978822931647,0.0005286079249344766,-0.04003870114684105
177,1,56,1.0,1.003108263015747,0,0,0.0,0.0,0.0,-0.001070317579433322,0.00047615537187084556,-0.09854410588741302
178,1,57,1.0,1.003071904182434,0,0,0.0,0.0,0.0,-0.0010853533167392015,0.0004372241091914475,-0.09823499619960785
179,1,58,1.0,1.002403974533081,0,0,0.0,0.0,0.0,-0.0008619303116574883,0.00019120273645967245,-0.11883563548326492
180,1,59,1.0,1.0023912191390991,0,0,0.0,0.0,-0.5,-0.000864138884935528,0.00018682441441342235,-0.11873619258403778
181,1,60,1.0,0.994935154914856,0,0,0.0,0.0,-0.5,0.0001583436969667673,0.0016205154825001955,-0.5427319407463074
182,1,61,1.0,0.9914029836654663,0,0,0.0,0.0,-0.5,-5.7482742704451084e-05,0.0012259222567081451,-0.5412949323654175
183,1,62,1.0,0.9889321327209473,0,0,0.0,0.0,-0.5,0.00023626640904694796,0.0012092920951545238,-0.532910168170929
184,1,63,1.0,0.9895632266998291,0,0,0.0,0.0,-0.5,0.0011787485564127564,0.0012152993585914373,-0.529329776763916
185,1,64,1.0,0.9925500154495239,0,0,0.0,0.0,-0.5,0.00046790053602308035,0.000654177216347307,-0.5391024351119995
186,1,65,1.0,0.9911816120147705,0,0,0.0,0.0,-0.5,-0.0018255730392411351,0.00028204830596223474,-0.5421501398086548
187,1,66,1.0,0.9950373768806458,0,0,0.0,0.0,-0.5,-0.0013815348502248526,0.00187965901568532,-0.5601537227630615
188,1,67,1.0,1.0000019073486328,0,0,0.0,0.0,-0.5,-0.0011968528851866722,0.0013076611794531345,-0.5643733739852905
189,1,68,1.0,1.0019291639328003,0,0,0.0,0.0,-0.5,7.035909220576286e-05,-6.0682534240186214e-05,-0.5718402862548828
190,1,69,1.0,1.0029819011688232,0,0,0.0,0.0,-0.5,0.00010958511848002672,-0.00019788992358371615,-0.5727902054786682
191,1,70,1.0,0.9936478137969971,0,0,0.0,0.0,-0.5,0.0022569214925169945,-0.001175362034700811,-0.4386996030807495
192,1,71,1.0,0.9933568239212036,0,0,0.0,0.0,0.0,0.0023224768228828907,-0.0011531049385666847,-0.42930153012275696
193,1,72,1.0,1.3299565315246582,0,0,0.0,0.0,0.0,0.002497598994523287,0.000319856742862612,-0.07326379418373108
194,1,73,1.0,1.3305877447128296,0,0,0.0,0.0,0.0,0.002476430032402277,0.0003202955122105777,-0.07234497368335724
195,1,74,1.0,1.4930700063705444,0,0,0.0,0.0,0.0,0.0021027964539825916,0.0007303704624064267,-0.054264266043901443
196,1,75,1.0,1.4932217597961426,0,0,0.0,0.0,0.0,0.0020977333188056946,0.0007244716980494559,-0.05412612482905388
197,1,76,2.0,1.8773727416992188,1,1,0.0,0.0,0.0,0.0018572969129309058,0.0016969898715615273,-0.023778311908245087
198,1,77,2.0,2.05124568939209,1,1,0.0,0.0,0.0,0.0020464719273149967,-0.00026848807465285063,0.00238108541816473
199,1,78,2.0,2.055358409881592,1,1,0.0,0.0,0.0,0.0023977598175406456,-0.0009628357365727425,0.0037722308188676834
200,1,79,2.0,2.054717540740967,1,1,0.0,0.0,0.0,0.0021155495196580887,-0.0014983357395976782,0.0025747688487172127
201,1,80,2.0,2.0583367347717285,1,1,0.0,0.0,0.0,0.0021999492309987545,-0.0010701408609747887,0.005000554956495762
202,1,81,2.0,2.0589587688446045,1,1,0.0,0.0,0.0,0.0020161117427051067,-0.001093533937819302,0.005752707831561565
203,1,82,2.0,2.0632777214050293,1,1,0.0,0.0,0.0,0.002046346664428711,-0.0009985559154301882,0.004932261072099209
204,1,83,1.0,2.064952850341797,0,1,0.0,0.0,0.0,0.0018257024930790067,-0.0009454489918425679,0.004311606287956238
205,1,84,1.0,2.0659027099609375,0,1,0.0,0.0,0.0,0.0010181973921135068,-0.0010130899026989937,0.003869190812110901
206,1,85,1.0,2.0652589797973633,0,1,0.0,0.0,0.0,0.0007945100078359246,-0.0008410746231675148,0.0037697255611419678
207,1,86,1.0,2.0682194232940674,0,1,0.0,0.0,0.0,0.00018644914962351322,-0.00032051277230493724,0.0009091012179851532
208,1,87,1.0,2.0644922256469727,0,1,0.0,0.0,0.0,-0.0005467312876135111,-0.0005042668199166656,-0.0009014010429382324
209,1,88,1.0,1.1751967668533325,0,0,0.0,0.0,0.0,-0.001908636069856584,-0.006657041609287262,-0.036262355744838715
210,1,89,1.0,1.0588104724884033,0,0,0.0,0.0,0.0,-0.000865878420881927,-0.0062044705264270306,-0.03159443661570549
211,1,90,1.0,1.0105394124984741,0,0,0.0,0.0,0.0,-0.0011776898754760623,-0.006690715439617634,0.023228492587804794
212,1,91,1.0,1.0160609483718872,0,0,0.0,0.0,0.5,-0.0012987703084945679,-0.004475119058042765,0.009340361692011356
213,1,92,1.0,0.9967824816703796,0,0,0.0,0.0,0.5,0.0011288890382274985,0.0014918807428330183,0.5284407138824463
214,1,93,1.0,0.9986774921417236,0,0,0.0,0.0,0.5,0.0011585288448259234,0.001569849904626608,0.5294979214668274
215,1,94,1.0,0.9968498349189758,0,0,0.0,0.0,0.5,0.0004902653163298965,0.001726796617731452,0.5265541672706604
216,1,95,1.0,0.9961203336715698,0,0,0.0,0.0,0.5,0.0003889725776389241,0.0015537214931100607,0.5286844968795776
217,1,96,1.0,0.9993242025375366,0,0,0.0,0.0,0.5,0.0008638541912660003,0.0011453782208263874,0.5263130068778992
218,1,97,1.0,0.9984164237976074,0,0,0.0,0.0,0.5,0.0006813103100284934,0.0019474774599075317,0.5292450785636902
219,1,98,1.0,0.9952692985534668,0,0,0.0,0.0,0.5,0.0010267783654853702,0.001792721450328827,0.5287008285522461
220,1,99,1.0,0.9977136254310608,0,0,0.0,0.0,0.5,0.0008363727247342467,0.0014105348382145166,0.5273667573928833
221,1,100,1.0,0.99909508228302,0,0,0.0,0.0,0.5,0.00040366954635828733,0.000678481359500438,0.5266363620758057
222,2,0,1.0,0.9970610737800598,0,0,0.0,0.0,0.0,-0.002300472930073738,0.002430601278319955,-0.002238488756120205
223,2,1,1.0,0.9973827004432678,0,0,0.0,0.0,0.0,0.000319730956107378,0.002702617086470127,-0.0046012825332582
224,2,2,1.0,0.9962765574455261,0,0,0.0,0.0,0.0,8.304673247039318e-05,0.003323174314573407,-0.004872800782322884
225,2,3,1.0,0.9951649904251099,0,0,0.0,0.0,0.0,-0.0001496328040957451,0.003164856228977442,-0.00483649643138051
226,2,4,1.0,0.996680498123169,0,0,0.0,0.0,0.0,0.002745012752711773,0.0007215025252662599,0.001709996722638607
227,2,5,1.0,0.9966247081756592,0,0,0.0,0.0,0.0,0.0027098250575363636,0.0007307517225854099,0.001852564513683319
228,2,6,1.0,1.0034090280532837,0,0,0.0,0.0,0.0,-0.02198769524693489,-0.0007763453177176416,-0.00015399791300296783
229,2,7,1.0,1.0034210681915283,0,0,0.0,0.0,0.0,-0.021908069029450417,-0.0007834529969841242,-7.497705519199371e-05
230,2,8,1.0,0.9873303174972534,0,0,0.0,0.0,0.0,-0.1590234637260437,-0.001445230096578598,-0.004353176336735487
231,2,9,1.0,0.9873335361480713,0,0,-0.25,0.0,0.0,-0.15901172161102295,-0.0014464453561231494,-0.004330718889832497
232,2,10,1.0,0.9789127111434937,0,0,-0.25,0.0,0.0,-0.2745263874530792,-0.0008571603102609515,0.0005705952644348145
233,2,11,1.0,0.98570716381073,0,0,-0.25,0.0,0.0,-0.28217360377311707,-0.001703742891550064,-0.0006640180945396423
234,2,12,1.0,0.9839600324630737,0,0,-0.25,0.0,0.0,-0.28654974699020386,-9.511032840237021e-05,0.0008198823779821396
235,2,13,1.0,0.9872502088546753,0,0,-0.25,0.0,0.0,-0.288351446390152,-0.00048323534429073334,0.003216331824660301
236,2,14,1.0,0.9873108863830566,0,0,-0.25,0.0,0.0,-0.28436774015426636,-0.0008440041565336287,0.0045945001766085625
237,2,15,1.0,0.9791882038116455,0,0,-0.25,0.0,0.0,-0.27607011795043945,0.0004849280812777579,0.008151969872415066
238,2,16,1.0,0.9765796661376953,0,0,0.0,0.0,0.0,-0.11869009584188461,-0.0011295151198282838,-0.020983677357435226
239,2,17,1.0,0.9779319167137146,0,0,0.0,0.0,0.0,-0.048391394317150116,0.0005776814068667591,-0.0161607526242733
240,2,18,1.0,0.982523500919342,0,0,0.0,0.0,0.0,-0.019362248480319977,-0.0017001507803797722,-0.00204845005646348
241,2,19,1.0,0.9840666651725769,0,0,0.0,0.0,0.0,-0.010715201497077942,-0.001599460723809898,0.00026261061429977417
242,2,20,1.0,0.9955735802650452,0,0,0.0,0.0,0.0,-0.003934198524802923,-0.0011977598769590259,-0.0014861393719911575
243,2,21,1.0,0.9957827925682068,0,0,0.0,0.0,0.0,-0.003430228214710951,-0.0011733691208064556,-0.0010454901494085789
244,2,22,1.0,1.0001192092895508,0,0,0.0,0.0,0.0,-0.00327013386413455,0.0039282301440835,-0.002885589376091957
245,2,23,1.0,1.000113606452942,0,0,0.0,0.0,0.0,-0.003213814925402403,0.003948606550693512,-0.0028029908426105976
246,2,24,1.0,1.0003498792648315,0,0,0.0,0.0,0.0,-0.0029502022080123425,0.0051682391203939915,-0.0009650136344134808
247,2,25,1.0,1.0003492832183838,0,0,0.0,0.25,0.0,-0.0029417267069220543,0.0051720282062888145,-0.0009464966133236885
248,2,26,1.0,0.9888046979904175,0,0,0.0,0.25,0.0,-0.0007532144663855433,0.2501046061515808,0.010611365549266338
249,2,27,1.0,0.9915434122085571,0,0,0.0,0.25,0.0,-0.0002688479144126177,0.2647188901901245,0.007628998719155788
250,2,28,1.0,0.9915045499801636,0,0,0.0,0.25,0.0,0.0001438235631212592,0.2695521116256714,0.006498011760413647
251,2,29,1.0,0.9900520443916321,0,0,0.0,0.25,0.0,4.4804648496210575e-05,0.2709544003009796,0.004344594664871693
252,2,30,1.0,0.9907146692276001,0,0,0.0,0.25,0.0,0.0007395053980872035,0.27443796396255493,0.011126126162707806
253,2,31,1.0,0.9906531572341919,0,0,0.0,0.25,0.0,0.0010274351807311177,0.2773929536342621,0.017242472618818283
254,2,32,1.0,0.9935624599456787,0,0,0.0,0.25,0.0,0.0019406144274398685,0.2813452482223511,0.008181235752999783
255,2,33,1.0,0.9903858304023743,0,0,0.0,0.25,0.0,0.0012926351046189666,0.26843559741973877,-0.00358458049595356
256,2,34,1.0,0.9894954562187195,0,0,0.0,0.25,0.0,0.0007880126358941197,0.2025311142206192,-0.007188416086137295
257,2,35,1.0,1.00258207321167,0,0,0.0,0.0,0.0,-0.0006912439712323248,0.05317020043730736,-0.002003472764045
258,2,36,1.0,1.0011048316955566,0,0,0.0,0.0,0.0,-0.0008106717141345143,0.0038251925725489855,0.03194626048207283
259,2,37,1.0,1.0024069547653198,0,0,0.0,0.0,0.0,-0.00115513289347291,0.00022788502974435687,0.03277530148625374
260,2,38,1.0,1.0057462453842163,0,0,0.0,0.0,0.0,-0.0013237635139375925,0.0004669144400395453,-0.01294983271509409
261,2,39,1.0,1.0058107376098633,0,0,0.0,0.0,0.0,-0.0014575569657608867,9.9527882412076e-05,-0.013890349306166172
262,2,40,1.0,1.005570650100708,0,0,0.0,0.0,0.0,-0.0013301641447469592,0.00011684303171932697,-0.024441074579954147
263,2,41,1.0,1.0055749416351318,0,0,0.0,0.0,0.0,-0.0013548573479056358,8.034240454435349e-05,-0.0245371051132679
264,2,42,1.0,1.0053298473358154,0,0,0.0,0.25,0.0,-0.0014220791636034846,5.5865850299596786e-05,-0.0234840027987957
265,2,43,1.0,1.0046100616455078,0,0,0.0,0.0,0.0,-0.0007142471731640399,0.0023720036260783672,-0.01578500121831894
266,2,44,1.0,1.005111813545227,0,0,0.0,0.0,0.0,-0.001498958095908165,0.0009321650140918791,-0.006126861087977886
267,2,45,1.0,1.0047407150268555,0,0,0.0,0.0,0.0,-0.001783106243237853,0.0007009852561168373,-0.0033758762292563915
268,2,46,1.0,1.0017660856246948,0,0,0.0,0.0,0.0,-0.0010518972994759679,0.00043319311225786805,-0.029561124742031097
269,2,47,1.0,1.0017303228378296,0,0,0.0,0.0,0.0,-0.0010925489477813244,0.0003697763313539326,-0.029256340116262436
270,2,48,1.0,1.0032142400741577,0,0,0.0,0.0,0.0,-0.000671947083901614,0.0003293873160146177,-0.1076493114233017
271,2,49,1.0,1.003205418586731,0,0,0.0,0.0,0.0,-0.0006781998672522604,0.0003187520778737962,-0.10756615549325943
272,2,50,1.0,1.0049450397491455,0,0,0.0,0.0,0.0,-0.00032305880449712276,-0.00031596235930919647,-0.2036873698234558
273,2,51,1.0,1.0049409866333008,0,0,0.0,0.0,0.0,-0.00032312097027897835,-0.0003173350414726883,-0.20365333557128906
274,2,52,1.0,1.0053881406784058,0,0,0.0,0.0,-0.5,-0.0005687200464308262,-0.0005564546445384622,-0.21783387660980225
275,2,53,1.0,0.9953863024711609,0,0,0.0,0.0,-0.5,-0.00033171463292092085,0.0010419553145766258,-0.5429250001907349
276,2,54,1.0,0.9885790348052979,0,0,0.0,0.0,-0.5,0.0009148727403953671,0.0010363974142819643,-0.5448919534683228
277,2,55,1.0,0.985819935798645,0,0,0.0,0.0,-0.5,0.0008518322138115764,0.0009041954181157053,-0.5364941358566284
278,2,56,1.0,0.9872604608535767,0,0,0.0,0.0,-0.5,0.0008077489910647273,0.0013239113613963127,-0.5317502617835999
279,2,57,1.0,0.991682767868042,0,0,0.0,0.0,-0.5,-6.453949026763439e-06,0.001034286804497242,-0.5393810868263245
280,2,58,1.0,0.9915707111358643,0,0,0.0,0.0,-0.5,-0.0014397375052794814,0.0013434633146971464,-0.5479599237442017
281,2,59,1.0,0.9931057691574097,0,0,0.0,0.0,-0.5,-0.0016615113709121943,0.0009604176157154143,-0.5546149015426636
282,2,60,1.0,0.9966813325881958,0,0,0.0,0.0,-0.5,-0.0014579499838873744,0.0017670285888016224,-0.5708924531936646
283,2,61,1.0,0.9978654384613037,0,0,0.0,0.0,-0.5,-0.001402522437274456,0.0016042264178395271,-0.5718056559562683
284,2,62,1.0,0.985221803188324,0,0,0.0,0.0,-0.5,0.0023011737503111362,0.0003027606871910393,-0.4814700484275818
285,2,63,1.0,0.9852392077445984,0,0,0.0,0.0,0.0,0.0024958690628409386,0.00030650635017082095,-0.4252840578556061
286,2,64,1.0,1.050855040550232,0,0,0.0,0.0,0.0,-0.0008101985440589488,-0.0003823259612545371,-0.063166044652462
287,2,65,1.0,1.0572772026062012,0,0,0.0,0.0,0.0,-0.001011790707707405,-0.0005498151294887066,-0.05525588616728783
288,2,66,1.0,1.9351493120193481,0,1,0.0,0.0,0.0,0.00040639087092131376,0.000554839672986418,-0.0038031754083931446
289,2,67,1.0,1.9375290870666504,0,1,0.0,0.0,0.0,0.0004122768295928836,0.0005675852880813181,-0.003756278660148382
290,2,68,1.0,2.044412136077881,0,1,0.0,0.0,0.0,0.0012335149804130197,-0.0005718182073906064,-0.008145885542035103
291,2,69,2.0,2.044614553451538,1,1,0.0,0.0,0.0,0.0012249188730493188,-0.0005633352557197213,-0.008104581385850906
292,2,70,2.0,2.050651788711548,1,1,0.0,0.0,0.0,0.0016982933739200234,-0.0009901101002469659,0.0020163441076874733
293,2,71,2.0,2.055189847946167,1,1,0.0,0.0,0.0,0.0015269169816747308,-0.0008911253535188735,0.0008281255140900612
294,2,72,2.0,2.0615029335021973,1,1,0.0,0.0,0.0,0.0013465482043102384,-0.0012894398532807827,0.0044487398117780685
295,2,73,2.0,2.0628089904785156,1,1,0.0,0.0,0.0,0.001089670811779797,-0.0011634635739028454,0.00546629261225462
296,2,74,2.0,2.066092014312744,1,1,0.0,0.0,0.0,0.0014192351372912526,-0.0010360237210988998,0.004691482521593571
297,2,75,2.0,2.0715155601501465,1,1,0.0,0.0,0.0,0.0012356519000604749,-0.001421358552761376,0.003272329457104206
298,2,76,1.0,2.0562820434570312,0,1,0.0,0.0,0.0,0.0008068856550380588,0.0003037235583178699,0.001242043450474739
299,2,77,1.0,2.05702805519104,0,1,0.0,0.0,0.0,0.0007912573637440801,0.0003048845683224499,0.001348637044429779
300,2,78,1.0,2.0363821983337402,0,1,0.0,0.0,0.0,0.000497539876960218,0.00031635334016755223,0.0027385493740439415
301,2,79,1.0,2.0357396602630615,0,1,0.0,0.0,0.0,0.0004795448621734977,0.0002946087042801082,0.0027917204424738884
302,2,80,1.0,1.8752243518829346,0,1,0.0,0.0,0.0,-0.0008885407587513328,5.735782906413078e-06,-0.0011181887239217758
303,2,81,1.0,1.8734283447265625,0,1,0.0,0.0,0.0,-0.0009265035041607916,-0.00018934154650196433,-0.001391677651554346
304,2,82,1.0,1.0248218774795532,0,0,0.0,0.0,0.0,-0.0006956440629437566,-0.0010734663810580969,0.008186877705156803
305,2,83,1.0,1.0242102146148682,0,0,0.0,0.0,0.0,-0.0007297482807189226,-0.001104411669075489,0.009261411614716053
306,2,84,1.0,0.9954820871353149,0,0,0.0,0.0,0.5,-0.0003699336666613817,-0.0002676418225746602,0.16308292746543884
307,2,85,1.0,0.9933461546897888,0,0,0.0,0.0,0.5,0.0008261321345344186,0.0018776538781821728,0.5240012407302856
308,2,86,1.0,0.9966518878936768,0,0,0.0,0.0,0.5,0.0007395943393930793,0.0013610059395432472,0.528873085975647
309,2,87,1.0,0.9977677464485168,0,0,0.0,0.0,0.5,0.0006071451352909207,0.0007719952263869345,0.5288465023040771
310,2,88,1.0,0.997768223285675,0,0,0.0,0.0,0.5,0.0006211140425875783,0.0012373782228678465,0.5267032980918884
311,2,89,1.0,0.9978518486022949,0,0,0.0,0.0,0.5,0.0004705082392320037,0.0013747119810432196,0.5281180739402771
312,2,90,1.0,0.9994269609451294,0,0,0.0,0.0,0.5,0.0011886336142197251,0.000657466531265527,0.5292178988456726
313,2,91,1.0,0.9967032670974731,0,0,0.0,0.0,0.5,0.0008001424139365554,0.0006379068945534527,0.5276240110397339
314,2,92,1.0,0.996232271194458,0,0,0.0,0.0,0.5,0.0008691308321431279,0.0012953011319041252,0.528485894203186
315,2,93,1.0,0.994370698928833,0,0,0.0,0.0,0.5,0.0010306226322427392,0.0008490811451338232,0.5240659117698669
316,3,0,1.0,0.9956479668617249,0,0,0.0,0.0,0.0,0.002366720698773861,0.00030360714299604297,0.004342379979789257
317,3,1,1.0,0.9951536655426025,0,0,0.0,0.0,0.0,0.0020996923558413982,0.000911825627554208,-0.0015157610177993774
318,3,2,1.0,0.99637371301651,0,0,0.0,0.0,0.0,0.0012111481046304107,0.0016936841420829296,0.001964007504284382
319,3,3,1.0,0.9961748123168945,0,0,0.0,0.0,0.0,0.0010855906875804067,0.0016736045945435762,0.0032622823491692543
320,3,4,1.0,0.9936438202857971,0,0,0.0,0.0,0.0,0.0007374865235760808,0.0032203581649810076,0.0010077236220240593
321,3,5,1.0,0.9936102628707886,0,0,0.0,0.0,0.0,0.0007144656265154481,0.003218615660443902,0.0013536019250750542
322,3,6,1.0,0.9951801300048828,0,0,0.0,0.0,0.0,0.0005353508749976754,0.0019961583893746138,0.00048715434968471527
323,3,7,1.0,0.9951601028442383,0,0,0.0,0.0,0.0,0.0005516918608918786,0.0019944312516599894,0.00060227420181036
324,3,8,1.0,0.9931654334068298,0,0,-0.25,0.0,0.0,-0.008851001039147377,0.0013447103556245565,-0.002566835843026638
325,3,9,1.0,0.9834209084510803,0,0,-0.25,0.0,0.0,-0.14403079450130463,0.00014728872338309884,0.004778062924742699
326,3,10,1.0,0.9788468480110168,0,0,-0.25,0.0,0.0,-0.22522073984146118,0.0007413378334604204,0.012131554074585438
327,3,11,1.0,0.9841949939727783,0,0,-0.25,0.0,0.0,-0.25869449973106384,-0.0021163509227335453,0.007889664731919765
328,3,12,1.0,0.9831653833389282,0,0,-0.25,0.0,0.0,-0.26323413848876953,-0.0017102314159274101,0.0034161247313022614
329,3,13,1.0,0.9851584434509277,0,0,-0.25,0.0,0.0,-0.26596274971961975,-0.0021176866721361876,0.0067208511754870415
330,3,14,1.0,0.9779611229896545,0,0,-0.25,0.0,0.0,-0.26925167441368103,-0.0016797282733023167,-0.001955378334969282
331,3,15,1.0,0.9787213802337646,0,0,-0.25,0.0,0.0,-0.27175888419151306,-0.0011537013342604041,-0.0037475982680916786
332,3,16,1.0,0.982313871383667,0,0,-0.25,0.0,0.0,-0.2755894660949707,-0.00013719371054321527,0.003563523292541504
333,3,17,1.0,0.9842701554298401,0,0,-0.25,0.0,0.0,-0.2776060402393341,-0.00038670559297315776,0.00346983689814806
334,3,18,1.0,0.9874592423439026,0,0,-0.25,0.0,0.0,-0.2848210334777832,-8.095119846984744e-05,0.008949228562414646
335,3,19,1.0,0.9900236129760742,0,0,-0.25,0.0,0.0,-0.28646788001060486,-0.0003038999857380986,0.008811903186142445
336,3,20,1.0,0.9969518780708313,0,0,-0.25,0.0,0.0,-0.2814682424068451,0.0007746657938696444,0.004430440254509449
337,3,21,1.0,0.9959253072738647,0,0,-0.25,0.0,0.0,-0.2567659318447113,5.193590186536312e-05,0.01286140363663435
338,3,22,1.0,0.9804369211196899,0,0,-0.25,0.0,0.0,-0.10296346247196198,-0.0051985010504722595,-0.0006111888214945793
339,3,23,1.0,0.9959376454353333,0,0,0.0,0.0,0.0,-0.16519899666309357,-0.004158515948802233,0.0056393938139081
340,3,24,1.0,0.9831997156143188,0,0,0.0,0.0,0.0,-0.03375733271241188,-0.0055246781557798386,-0.0019153053872287273
341,3,25,1.0,0.9852371215820312,0,0,0.0,0.0,0.0,-0.009645256213843822,-0.0063779717311263084,-0.0010987748391926289
342,3,26,1.0,0.9921696186065674,0,0,0.0,0.0,0.0,-0.0025647038128226995,-0.005323185119777918,0.006423242390155792
343,3,27,1.0,0.9925751686096191,0,0,0.0,0.0,0.0,-0.0006935475394129753,-0.0053819455206394196,0.007423906587064266
344,3,28,1.0,0.996942400932312,0,0,0.0,0.0,0.0,-0.0015439356211572886,-0.00209155329503119,0.005961615592241287
345,3,29,1.0,0.9970270395278931,0,0,0.0,0.0,0.0,-0.0013956819893792272,-0.0020964760333299637,0.006015431135892868
346,3,30,1.0,0.9974365234375,0,0,0.0,0.0,0.0,-0.0014405468245968223,-0.0021636642049998045,0.00474331621080637
347,3,31,1.0,0.9974443316459656,0,0,0.0,0.0,0.0,-0.00142016785684973,-0.0021634313743561506,0.004766360856592655
348,3,32,1.0,0.9961767792701721,0,0,0.0,-0.25,0.0,-0.0010661426931619644,-0.0014045948628336191,0.005791814066469669
349,3,33,1.0,0.9905325174331665,0,0,0.0,-0.25,0.0,-0.001650543767027557,-0.2716839909553528,-0.001976864878088236
350,3,34,1.0,0.9901236891746521,0,0,0.0,-0.25,0.0,-0.001879943534731865,-0.27201053500175476,0.002073965035378933
351,3,35,1.0,0.993414044380188,0,0,0.0,-0.25,0.0,-0.002611780073493719,-0.2775629758834839,-0.0011180960573256016
352,3,36,1.0,0.9928967356681824,0,0,0.0,-0.25,0.0,-0.0022570090368390083,-0.27624157071113586,-0.00023217592388391495
353,3,37,1.0,0.988651692867279,0,0,0.0,-0.25,0.0,-0.001543707912787795,-0.2810589373111725,0.0008339136838912964
354,3,38,1.0,0.9969293475151062,0,0,0.0,-0.25,0.0,-0.002237794455140829,-0.2783213257789612,0.00010839197784662247
355,3,39,1.0,0.9977015852928162,0,0,0.0,-0.25,0.0,-0.002381616737693548,-0.2756197154521942,-0.002198746893554926
356,3,40,1.0,1.0066158771514893,0,0,0.0,-0.25,0.0,-0.0013447415549308062,-0.2599632143974304,-0.01038256473839283
357,3,41,1.0,1.0037126541137695,0,0,0.0,-0.25,0.0,-0.0016119283391162753,-0.26439011096954346,-0.011079536750912666
358,3,42,1.0,1.0049575567245483,0,0,0.0,-0.25,0.0,-0.0008123409934341908,-0.24084794521331787,-0.01881473883986473
359,3,43,1.0,0.9977957010269165,0,0,0.0,-0.25,0.0,-0.001322322292253375,-0.16776002943515778,-0.051256172358989716
360,3,44,1.0,0.9986087083816528,0,0,0.0,0.0,0.0,-0.0006209739949554205,-0.022530127316713333,-0.045847561210393906
361,3,45,1.0,1.0017695426940918,0,0,0.0,0.0,0.0,-0.0008762747747823596,-0.00453946553170681,-0.03373091667890549
362,3,46,1.0,1.0036182403564453,0,0,0.0,0.0,0.0,-0.0019848926458507776,-0.0006054110126569867,-0.02009136602282524
363,3,47,1.0,1.0037344694137573,0,0,0.0,0.0,0.0,-0.0018828363390639424,4.929839633405209e-06,-0.02228233963251114
364,3,48,1.0,1.0031861066818237,0,0,0.0,0.0,0.0,-0.001717127626761794,0.0005867464351467788,-0.013852832838892937
365,3,49,1.0,1.003157615661621,0,0,0.0,0.0,0.0,-0.0016954115126281977,0.0006539152818731964,-0.014257216826081276
366,3,50,1.0,1.001374363899231,0,0,0.0,0.0,0.0,-0.0010567298159003258,0.0011102696880698204,-0.04579455405473709
367,3,51,1.0,1.0013805627822876,0,0,0.0,0.0,0.0,-0.0010573113104328513,0.0011262863408774137,-0.046008896082639694
368,3,52,1.0,1.0014958381652832,0,0,0.0,0.0,0.0,-0.0011813128367066383,0.0009593242430128157,-0.04957770183682442
369,3,53,1.0,1.001499056816101,0,0,0.0,0.0,-0.5,-0.0011814681347459555,0.0009630789863876998,-0.04963107407093048
370,3,54,1.0,0.997339129447937,0,0,0.0,0.0,-0.5,0.00038616161327809095,0.0018761185929179192,-0.5474880933761597
371,3,55,1.0,0.9959828853607178,0,0,0.0,0.0,-0.5,0.0008992539951577783,0.0016215031500905752,-0.5458049774169922
372,3,56,1.0,0.9936975240707397,0,0,0.0,0.0,-0.5,0.000935385818593204,0.0019510099664330482,-0.54295814037323
373,3,57,1.0,0.990582287311554,0,0,0.0,0.0,-0.5,0.000805831397883594,0.0024597945157438517,-0.5404492020606995
374,3,58,1.0,0.9882245063781738,0,0,0.0,0.0,-0.5,-0.0002870963653549552,0.00196078815497458,-0.5373138189315796
375,3,59,1.0,0.9916905760765076,0,0,0.0,0.0,-0.5,-0.0007054592133499682,0.001128245610743761,-0.5396978259086609
376,3,60,1.0,0.9919390678405762,0,0,0.0,0.0,-0.5,-0.0008492410415783525,0.001429997617378831,-0.5553185343742371
377,3,61,1.0,0.9960551261901855,0,0,0.0,0.0,-0.5,-0.0009015707182697952,0.0021558490116149187,-0.5558720827102661
378,3,62,1.0,0.9986804723739624,0,0,0.0,0.0,-0.5,-0.001370192738249898,0.0023653116077184677,-0.5588055849075317
379,3,63,1.0,0.9995166063308716,0,0,0.0,0.0,-0.5,-0.0010213535279035568,0.002000772161409259,-0.5444286465644836
380,3,64,1.0,1.0036020278930664,0,0,0.0,0.0,-0.5,-0.00010239891707897186,0.00037964730290696025,-0.43556341528892517
381,3,65,1.0,1.0048255920410156,0,0,0.0,0.0,-0.5,-0.00015177950263023376,-0.00018647947581484914,-0.43108195066452026
382,3,66,1.0,1.1976854801177979,0,0,0.0,0.0,0.0,0.0009386808378621936,-0.0010956473415717483,-0.04641687870025635
383,3,67,1.0,1.062603235244751,0,0,0.0,0.0,0.0,-0.002122812671586871,-0.0031500738114118576,-0.05291745811700821
384,3,68,1.0,1.2267059087753296,0,0,0.0,0.0,0.0,0.0012411897769197822,-0.0017640863079577684,-0.031385328620672226
385,3,69,1.0,1.25374174118042,0,0,0.0,0.0,0.0,0.001595573383383453,-0.0011807006085291505,-0.032147977501153946
386,3,70,1.0,1.5304149389266968,0,1,0.0,0.0,0.0,0.0019494459265843034,0.0013677016831934452,-0.01655561290681362
387,3,71,2.0,1.5771138668060303,1,1,0.0,0.0,0.0,0.0020638098940253258,0.0016274875961244106,-0.015951773151755333
388,3,72,2.0,2.0553455352783203,1,1,0.0,0.0,0.0,0.001973286271095276,-0.00011539849219843745,-0.0005050403997302055
389,3,73,2.0,2.056164264678955,1,1,0.0,0.0,0.0,0.0013784278417006135,0.00022150774020701647,0.002920449711382389
390,3,74,2.0,2.0621211528778076,1,1,0.0,0.0,0.0,0.0015472135273739696,-0.0010088286362588406,0.004340609535574913
391,3,75,2.0,2.0579028129577637,1,1,0.0,0.0,0.0,0.001549844746477902,-0.0017581228166818619,0.003366410732269287
392,3,76,2.0,2.061091423034668,1,1,0.0,0.0,0.0,0.0010077605256810784,-0.0009542235638946295,0.0023939823731780052
393,3,77,2.0,2.061239719390869,1,1,0.0,0.0,0.0,0.0010947274276986718,-0.0010877323802560568,0.0026613259688019753
394,3,78,2.0,2.062629222869873,1,1,0.0,0.0,0.0,0.0011274429270997643,-0.0011374864261597395,0.0027738092467188835
395,3,79,2.0,2.062460422515869,1,1,0.0,0.0,0.0,0.0011483024572953582,-0.0013216293882578611,0.002324678935110569
396,3,80,1.0,2.0643229484558105,0,1,0.0,0.0,0.0,0.001201912178657949,-0.001083500450477004,0.0036494284868240356
397,3,81,1.0,2.065490245819092,0,1,0.0,0.0,0.0,0.0010895776795223355,-0.001018892740830779,0.003682399168610573
398,3,82,1.0,2.0695083141326904,0,1,0.0,0.0,0.0,0.000577836181037128,7.3196308221668e-05,0.001492493785917759
399,3,83,1.0,2.0688090324401855,0,1,0.0,0.0,0.0,0.00033881072886288166,0.0005882130353711545,-0.0015074419789016247
400,3,84,1.0,1.8151333332061768,0,1,0.0,0.0,0.0,-2.92615732178092e-05,-4.6592787839472294e-05,-0.014249508269131184
401,3,85,1.0,1.3076322078704834,0,0,0.0,0.0,0.0,0.0012121876934543252,-0.00025640265084803104,-0.034545451402664185
402,3,86,1.0,1.019081473350525,0,0,0.0,0.0,0.0,0.0032744724303483963,-0.0021298471838235855,0.04067489504814148
403,3,87,1.0,0.9984583854675293,0,0,0.0,0.0,0.0,0.0014878424117341638,-0.00025638475199230015,0.33705103397369385
404,3,88,1.0,0.9965611696243286,0,0,0.0,0.0,0.0,0.0012028218479827046,0.0002476704539731145,0.47832104563713074
405,3,89,1.0,0.9970406889915466,0,0,0.0,0.0,0.0,0.00046521087642759085,-0.0003529330715537071,0.37301909923553467
406,3,90,1.0,0.9973331689834595,0,0,0.0,0.0,0.0,-0.0001649417681619525,-0.00017206062329933047,0.4186277687549591
407,3,91,1.0,0.9980597496032715,0,0,0.0,0.0,0.5,-0.000693545036483556,-0.0007282735896296799,0.366871178150177
408,3,92,1.0,0.996139645576477,0,0,0.0,0.0,0.5,0.0005441732937470078,0.0013140912633389235,0.5309842228889465
409,3,93,1.0,0.9967081546783447,0,0,0.0,0.0,0.5,0.0005731555866077542,0.0010680430568754673,0.5298603177070618
410,3,94,1.0,0.9958476424217224,0,0,0.0,0.0,0.5,0.0007103107636794448,0.000374315248336643,0.5317189693450928
411,3,95,1.0,0.997581958770752,0,0,0.0,0.0,0.5,0.00036064942833036184,0.00026734458515420556,0.5313770174980164
412,3,96,1.0,0.9975531697273254,0,0,0.0,0.0,0.5,0.0003456830745562911,0.00045595987467095256,0.5269230008125305
413,3,97,1.0,0.9975744485855103,0,0,0.0,0.0,0.5,0.00037148932460695505,0.0004032143042422831,0.5281810164451599
414,3,98,1.0,0.9989380836486816,0,0,0.0,0.0,0.5,0.0012028528144583106,0.0002965033636428416,0.5299816131591797
415,3,99,1.0,0.997693657875061,0,0,0.0,0.0,0.5,0.0010741906007751822,0.00037510652327910066,0.5291740894317627
416,3,100,1.0,0.9983216524124146,0,0,0.0,0.0,0.5,0.0013165177078917623,0.00021776650100946426,0.5297596454620361
417,4,0,1.0,0.9958972930908203,0,0,0.0,0.0,0.0,0.008646395057439804,0.0015304242260754108,0.006257481873035431
418,4,1,1.0,0.996810257434845,0,0,0.0,0.0,0.0,0.01110830344259739,0.0018470399081707,0.0010839514434337616
419,4,2,1.0,0.9954431056976318,0,0,0.0,0.0,0.0,0.0072656613774597645,0.001177427126094699,0.006984218023717403
420,4,3,1.0,0.9950242638587952,0,0,0.0,0.0,0.0,0.00567126739770174,0.0009644874953664839,0.008911405690014362
421,4,4,1.0,0.9986236095428467,0,0,0.0,0.0,0.0,-0.003087981604039669,0.0009006830514408648,0.009461347945034504
422,4,5,1.0,0.9985659718513489,0,0,0.0,0.0,0.0,-0.0032899717334657907,0.0009178370819427073,0.009855412878096104
423,4,6,1.0,1.0076746940612793,0,0,0.0,0.0,0.0,0.00990342628210783,-0.0018200105987489223,-0.004412374924868345
424,4,7,1.0,1.0076884031295776,0,0,0.0,0.0,0.0,0.01014141645282507,-0.0018321301322430372,-0.004252718761563301
425,4,8,1.0,1.0013411045074463,0,0,0.0,0.0,0.0,0.12386667728424072,-0.003082889597862959,-0.005034380126744509
426,4,9,1.0,1.00132155418396,0,0,0.0,0.0,0.0,0.12402497231960297,-0.0030833540949970484,-0.004996652249246836
427,4,10,1.0,1.0036420822143555,0,0,0.0,0.0,0.0,0.23045134544372559,-0.002150744665414095,-0.0022690128535032272
428,4,11,1.0,1.0036442279815674,0,0,0.0,0.0,0.0,0.23047013580799103,-0.002150378655642271,-0.0022628260776400566
429,4,12,1.0,1.0073301792144775,0,0,0.25,0.0,0.0,0.2593943476676941,-0.0018917378038167953,-0.0024364423006772995
430,4,13,1.0,1.0035001039505005,0,0,0.25,0.0,0.0,0.2719699442386627,-0.00021646590903401375,0.005965054035186768
431,4,14,1.0,0.9994643330574036,0,0,0.25,0.0,0.0,0.27610304951667786,6.526091601699591e-05,0.006114903837442398
432,4,15,1.0,1.0033189058303833,0,0,0.25,0.0,0.0,0.27551382780075073,0.0016351377125829458,0.00782302301377058
433,4,16,1.0,1.0148659944534302,0,0,0.25,0.0,0.0,0.27083632349967957,0.00019223004346713424,0.0036437399685382843
434,4,17,1.0,1.0195956230163574,0,0,0.25,0.0,0.0,0.24825476109981537,-0.0015827436000108719,-0.006139088422060013
435,4,18,1.0,1.0088196992874146,0,0,0.25,0.0,0.0,0.18101514875888824,0.002433925401419401,-0.0026337746530771255
436,4,19,1.0,0.9993196725845337,0,0,0.0,0.0,0.0,0.10716472566127777,0.003128903219476342,0.0012942496687173843
437,4,20,1.0,0.9974709749221802,0,0,0.0,0.0,0.0,0.04384975507855415,0.0025027734227478504,-0.003081717062741518
438,4,21,1.0,0.989052951335907,0,0,0.0,0.0,0.0,0.005897303577512503,-0.0011326903477311134,-0.003018059302121401
439,4,22,1.0,0.9959056973457336,0,0,0.0,0.0,0.0,-0.004159331321716309,0.003471202915534377,-0.001083620823919773
440,4,23,1.0,0.9966510534286499,0,0,0.0,0.0,0.0,-0.005398405250161886,0.005154149141162634,-0.0030211512930691242
441,4,24,1.0,1.0002936124801636,0,0,0.0,0.0,0.0,-0.0023519638925790787,0.018431127071380615,-0.008939042687416077
442,4,25,1.0,1.0003677606582642,0,0,0.0,0.0,0.0,-0.00249172723852098,0.018490411341190338,-0.009205343201756477
443,4,26,1.0,1.0035275220870972,0,0,0.0,0.25,0.0,-0.0022291012573987246,0.0489160493016243,-0.003236303571611643
444,4,27,1.0,0.9875513911247253,0,0,0.0,0.25,0.0,0.00036989233922213316,0.2661723494529724,0.0068495916202664375
445,4,28,1.0,0.98995441198349,0,0,0.0,0.25,0.0,0.001565061160363257,0.27185875177383423,0.0030567971989512444
446,4,29,1.0,0.9910668730735779,0,0,0.0,0.25,0.0,0.001918492023833096,0.2716081142425537,0.002029789611697197
447,4,30,1.0,0.990470290184021,0,0,0.0,0.25,0.0,0.0016222653212025762,0.27535948157310486,0.0058092642575502396
448,4,31,1.0,0.9889357089996338,0,0,0.0,0.25,0.0,0.0008863337570801377,0.2773744463920593,0.009408141486346722
449,4,32,1.0,0.9908671975135803,0,0,0.0,0.25,0.0,0.0005833517061546445,0.27978312969207764,0.01407789345830679
450,4,33,1.0,0.9919703006744385,0,0,0.0,0.25,0.0,0.0005515917437151074,0.27964285016059875,0.012984738685190678
451,4,34,1.0,0.9885956645011902,0,0,0.0,0.25,0.0,0.000979872071184218,0.26731565594673157,0.004576344974339008
452,4,35,1.0,0.9914419651031494,0,0,0.0,0.25,0.0,-0.00040044926572591066,0.19145353138446808,-0.005291992798447609
453,4,36,1.0,0.9999376535415649,0,0,0.0,0.0,0.0,-0.0009942289907485247,0.05943291634321213,-0.0009971829131245613
454,4,37,1.0,1.0019745826721191,0,0,0.0,0.0,0.0,-0.0015959764132276177,0.004922947380691767,0.020492225885391235
455,4,38,1.0,1.0013583898544312,0,0,0.0,0.0,0.0,-0.0018125181086361408,-0.0001725940965116024,0.03960331901907921
456,4,39,1.0,1.0016862154006958,0,0,0.0,0.0,0.0,-0.002050308044999838,-0.002338040852919221,0.03396520018577576
457,4,40,1.0,1.0029902458190918,0,0,0.0,0.0,0.0,-0.001991832163184881,-0.0005545952008105814,0.0025165146216750145
458,4,41,1.0,1.0029658079147339,0,0,0.0,0.0,0.0,-0.0020486547145992517,-0.0007740067667327821,0.0014056749641895294
459,4,42,1.0,1.002800464630127,0,0,0.0,0.0,0.0,-0.0018124058842658997,-0.0007393611595034599,-0.011535249650478363
460,4,43,1.0,1.0028009414672852,0,0,0.0,0.25,0.0,-0.0018225673120468855,-0.0007728144992142916,-0.011744027957320213
461,4,44,1.0,1.0036877393722534,0,0,0.0,0.0,0.0,-0.0011842070380225778,0.002832130528986454,-0.03005366027355194
462,4,45,1.0,1.0049972534179688,0,0,0.0,0.0,0.0,-0.00131815648637712,0.0009151850244961679,-0.030279185622930527
463,4,46,1.0,1.0045182704925537,0,0,0.0,0.0,0.0,-0.0019901124760508537,0.000514648447278887,-0.01641242206096649
464,4,47,1.0,1.00454843044281,0,0,0.0,0.0,0.0,-0.002096939831972122,0.00031274004140868783,-0.015917476266622543
465,4,48,1.0,1.0030367374420166,0,0,0.0,0.0,0.0,-0.0020560987759381533,0.00013365026097744703,-0.019939489662647247
466,4,49,1.0,1.0030062198638916,0,0,0.0,0.0,0.0,-0.002078718040138483,9.029015200212598e-05,-0.019815653562545776
467,4,50,1.0,1.0016777515411377,0,0,0.0,0.0,0.0,-0.001501779886893928,2.9762042686343193e-05,-0.04314086213707924
468,4,51,1.0,1.001670241355896,0,0,0.0,0.0,0.0,-0.001505057211034,2.468068851158023e-05,-0.043087780475616455
469,4,52,1.0,1.0020490884780884,0,0,0.0,0.0,-0.5,-0.0012817609822377563,-3.112171543762088e-05,-0.0682339146733284
470,4,53,1.0,0.9930101037025452,0,0,0.0,0.0,-0.5,-0.0007646308513358235,0.0010020819026976824,-0.5379651188850403
471,4,54,1.0,0.9892610311508179,0,0,0.0,0.0,-0.5,0.00026321527548134327,0.0010934630408883095,-0.5379795432090759
472,4,55,1.0,0.9877678751945496,0,0,0.0,0.0,-0.5,0.0005761327920481563,0.001078904839232564,-0.5370389223098755
473,4,56,1.0,0.9866824150085449,0,0,0.0,0.0,-0.5,0.0008900136454030871,0.0006757545634172857,-0.5275831818580627
474,4,57,1.0,0.9933446645736694,0,0,0.0,0.0,-0.5,-0.0008970013586804271,0.0012302089016884565,-0.5313573479652405
475,4,58,1.0,0.9903016686439514,0,0,0.0,0.0,-0.5,-0.001821033307351172,0.0011640081647783518,-0.5364769697189331
476,4,59,1.0,0.9926772713661194,0,0,0.0,0.0,-0.5,-0.0018414482474327087,0.0006014630780555308,-0.5461246371269226
477,4,60,1.0,0.9936187267303467,0,0,0.0,0.0,-0.5,-0.001493846415542066,0.00119881983846426,-0.560512900352478
478,4,61,1.0,0.9961175918579102,0,0,0.0,0.0,-0.5,-0.0013879735488444567,0.0007164420676417649,-0.5623698830604553
479,4,62,1.0,0.9971951246261597,0,0,0.0,0.0,-0.5,0.0007754563121125102,0.0002368543646298349,-0.5578039288520813
480,4,63,1.0,0.9961776733398438,0,0,0.0,0.0,0.0,0.001029473845846951,0.00024028541520237923,-0.5518761277198792
481,4,64,1.0,0.9833682179450989,0,0,0.0,0.0,0.0,0.001016829744912684,0.0008603395544923842,-0.21670730412006378
482,4,65,1.0,0.9838930368423462,0,0,0.0,0.0,0.0,0.0009020263096317649,0.0008631654200144112,-0.20875516533851624
483,4,66,1.0,1.3064658641815186,0,0,0.0,0.0,0.0,-0.0005808689165860415,-0.000553859630599618,-0.04926095902919769
484,4,67,1.0,1.3070439100265503,0,0,0.0,0.0,0.0,-0.0005934546934440732,-0.0005587452324107289,-0.0487060584127903
485,4,68,1.0,1.5131597518920898,0,1,0.0,0.0,0.0,-0.00015055632684379816,-0.000377373187802732,-0.02411126345396042
486,4,69,1.0,1.5133311748504639,0,1,0.0,0.0,0.0,-0.00015465868636965752,-0.00038481096271425486,-0.02400605008006096
487,4,70,2.0,1.7348847389221191,1,1,0.0,0.0,0.0,0.0003510139649733901,0.0006441888981498778,-0.021540388464927673
488,4,71,2.0,2.0506491661071777,1,1,0.0,0.0,0.0,0.001257804804481566,-0.0004955920157954097,0.002005927264690399
489,4,72,2.0,2.059582471847534,1,1,0.0,0.0,0.0,0.0018594182329252362,-0.0006752894259989262,0.0015128804370760918
490,4,73,2.0,2.055638551712036,1,1,0.0,0.0,0.0,0.0014152730582281947,-0.0004267689655534923,0.0024894922971725464
491,4,74,2.0,2.059298515319824,1,1,0.0,0.0,0.0,0.0012033273233100772,-0.0005593157839030027,0.002872784622013569
492,4,75,2.0,2.0593881607055664,1,1,0.0,0.0,0.0,0.0011672015534713864,-0.0005636257119476795,0.002857469953596592
493,4,76,2.0,2.0665037631988525,1,1,0.0,0.0,0.0,0.0005764752859249711,-0.00048114245873875916,0.0033999234437942505
494,4,77,2.0,2.0665152072906494,1,1,0.0,0.0,0.0,0.0005763092776760459,-0.0004921967629343271,0.0034060636535286903
495,4,78,1.0,2.073725700378418,0,1,0.0,0.0,0.0,-0.000462106429040432,-0.00042072308133356273,0.0020420271903276443
496,4,79,1.0,2.0737156867980957,0,1,0.0,0.0,0.0,-0.00046357675455510616,-0.0004270580830052495,0.002048366703093052
497,4,80,1.0,2.0343501567840576,0,1,0.0,0.0,0.0,-0.0012878811685368419,-0.00022168349823914468,0.00029096193611621857
498,4,81,1.0,2.0337042808532715,0,1,0.0,0.0,0.0,-0.0012957460712641478,-0.00023288876400329173,0.00029161572456359863
499,4,82,1.0,1.0050649642944336,0,0,0.0,0.0,0.0,-0.002442767145112157,-0.002982251811772585,0.1359621286392212
500,4,83,1.0,1.0050216913223267,0,0,0.0,0.0,0.0,-0.002456262242048979,-0.0029812694992870092,0.13672715425491333
501,4,84,1.0,1.0106014013290405,0,0,0.0,0.0,0.0,-0.0024293698370456696,-0.00393338268622756,0.08935826271772385
502,4,85,1.0,1.0105514526367188,0,0,0.0,0.0,0.0,-0.0024416595697402954,-0.003933841362595558,0.08968842774629593
503,4,86,1.0,1.003493309020996,0,0,0.0,0.0,0.0,-0.0026184162124991417,-0.0028818051796406507,0.15693773329257965
504,4,87,1.0,1.0034788846969604,0,0,0.0,0.0,0.5,-0.002632924122735858,-0.002879929728806019,0.15717355906963348
505,4,88,1.0,1.0277509689331055,0,0,0.0,0.0,0.5,-0.00045234523713588715,0.0020176502875983715,0.4406990110874176
506,4,89,1.0,0.9987801313400269,0,0,0.0,0.0,0.5,0.0005686631193384528,0.0016388879157602787,0.5304102301597595
507,4,90,1.0,0.998406708240509,0,0,0.0,0.0,0.5,0.00040437106508761644,0.0016879565082490444,0.5275184512138367
508,4,91,1.0,0.9982093572616577,0,0,0.0,0.0,0.5,-0.0003114159917458892,0.0017565025482326746,0.5281068682670593
509,4,92,1.0,0.9987672567367554,0,0,0.0,0.0,0.5,0.0007786309579387307,0.0016034012660384178,0.5263504385948181
510,4,93,1.0,0.9966931343078613,0,0,0.0,0.0,0.5,0.0005361837102100253,0.0015254258178174496,0.5270738005638123
511,4,94,1.0,0.9995474219322205,0,0,0.0,0.0,0.5,0.0007181860273703933,0.000986780971288681,0.5265119075775146
512,4,95,1.0,0.9974893927574158,0,0,0.0,0.0,0.5,0.00022226222790777683,0.0009083179174922407,0.5271775126457214
513,4,96,1.0,0.9979901313781738,0,0,0.0,0.0,0.5,0.0006101337494328618,0.001373837934806943,0.5269050002098083
514,5,0,1.0,0.9991979002952576,0,0,0.0,0.0,0.0,0.005359025672078133,-0.002765148412436247,0.007718796841800213
515,5,1,1.0,0.9997632503509521,0,0,0.0,0.0,0.0,0.006519251968711615,-0.003916321322321892,0.004855331964790821
516,5,2,1.0,1.0022677183151245,0,0,0.0,0.0,0.0,0.004373619332909584,-0.0048544807359576225,0.007424349896609783
517,5,3,1.0,1.0017410516738892,0,0,0.0,0.0,0.0,0.003535439260303974,-0.004568920936435461,0.008234200067818165
518,5,4,1.0,0.9987440705299377,0,0,0.0,0.0,0.0,-0.004460602067410946,-0.0023910379968583584,0.017365824431180954
519,5,5,1.0,0.998630166053772,0,0,0.0,0.0,0.0,-0.0045982422307133675,-0.0024464360903948545,0.017701786011457443
520,5,6,1.0,1.0027278661727905,0,0,0.0,0.0,0.0,0.0010899953776970506,-0.0029636200051754713,0.007833183743059635
521,5,7,1.0,1.0027400255203247,0,0,0.0,0.0,0.0,0.0011778109474107623,-0.0029904362745583057,0.00792525615543127
522,5,8,1.0,1.0038721561431885,0,0,0.0,0.0,0.0,0.10936328768730164,-0.0018012220971286297,-0.005052128806710243
523,5,9,1.0,1.003867745399475,0,0,0.0,0.0,0.0,0.10947247594594955,-0.0018024859018623829,-0.005030087195336819
524,5,10,1.0,1.0047205686569214,0,0,0.0,0.0,0.0,0.23837436735630035,-0.0007257456891238689,-0.005749150179326534
525,5,11,1.0,1.0047193765640259,0,0,0.0,0.0,0.0,0.2383868396282196,-0.000726959784515202,-0.0057421340607106686
526,5,12,1.0,1.0061606168746948,0,0,0.25,0.0,0.0,0.2771265208721161,0.0001653445651754737,-0.0021543321199715137
527,5,13,1.0,1.0035945177078247,0,0,0.25,0.0,0.0,0.2811536192893982,0.0002882097032852471,0.009138311259448528
528,5,14,1.0,1.0037058591842651,0,0,0.25,0.0,0.0,0.2844834625720978,0.001718392362818122,0.00910110305994749
529,5,15,1.0,1.0010954141616821,0,0,0.25,0.0,0.0,0.2750193774700165,-0.0003101787297055125,0.007337701506912708
530,5,16,1.0,0.9942127466201782,0,0,0.25,0.0,0.0,0.22981330752372742,-0.000997990369796753,0.006199389696121216
531,5,17,1.0,0.9952025413513184,0,0,0.0,0.0,0.0,0.17062459886074066,-0.0021429939661175013,0.006739920936524868
532,5,18,1.0,0.9894827604293823,0,0,0.0,0.0,0.0,0.07413990050554276,-0.005777609534561634,-5.346816033124924e-05
533,5,19,1.0,0.9864846467971802,0,0,0.0,0.0,0.0,0.018950805068016052,-0.004931936506181955,-0.006310704629868269
534,5,20,1.0,0.9892638325691223,0,0,0.0,0.0,0.0,-0.004272834863513708,-0.005023921839892864,-0.0010573556646704674
535,5,21,1.0,0.9884998798370361,0,0,0.0,0.0,0.0,-0.006727588828653097,-0.004601742140948772,-0.0010162643156945705
536,5,22,1.0,0.9901378154754639,0,0,0.0,0.0,0.0,-0.006504929158836603,-0.00421631895005703,-0.0012772376649081707
537,5,23,1.0,0.9900760650634766,0,0,0.0,0.0,0.0,-0.006843430921435356,-0.004176579415798187,-0.0015118634328246117
538,5,24,1.0,0.9931603670120239,0,0,0.0,0.0,0.0,-0.006129794288426638,-0.002724996767938137,-0.0005272096022963524
539,5,25,1.0,0.9931607842445374,0,0,0.0,-0.25,0.0,-0.006161122117191553,-0.0027127538342028856,-0.0005998322740197182
540,5,26,1.0,1.000070571899414,0,0,0.0,-0.25,0.0,-0.003811695147305727,-0.23996920883655548,-0.0051704696379601955
541,5,27,1.0,0.9970623850822449,0,0,0.0,-0.25,0.0,-0.0033790948800742626,-0.24528951942920685,0.007306537590920925
542,5,28,1.0,0.9981228709220886,0,0,0.0,-0.25,0.0,-0.0016010991530492902,-0.26836127042770386,-0.002555601764470339
543,5,29,1.0,0.9982398152351379,0,0,0.0,-0.25,0.0,-0.003048315178602934,-0.2691301107406616,0.003154503181576729
544,5,30,1.0,0.9948153495788574,0,0,0.0,-0.25,0.0,-0.0017647129716351628,-0.2759047746658325,0.002368377521634102
545,5,31,1.0,0.9904178977012634,0,0,0.0,-0.25,0.0,-0.0016662277048453689,-0.2776287794113159,0.0030830921605229378
546,5,32,1.0,0.9924343824386597,0,0,0.0,-0.25,0.0,-0.0017158277332782745,-0.2756927013397217,0.003399871289730072
547,5,33,1.0,0.9848943948745728,0,0,0.0,-0.25,0.0,-0.0018090375233441591,-0.2789355516433716,0.00018813274800777435
548,5,34,1.0,0.9905237555503845,0,0,0.0,-0.25,0.0,0.0004246622556820512,-0.278797447681427,-0.0046774111688137054
549,5,35,1.0,0.9944347143173218,0,0,0.0,0.0,0.0,0.0017025672132149339,-0.2459188997745514,-0.006514237727969885
550,5,36,1.0,0.9963598251342773,0,0,0.0,0.0,0.0,0.001484307344071567,-0.049491025507450104,-0.015161814168095589
551,5,37,1.0,0.9951460361480713,0,0,0.0,0.0,0.0,3.411248326301575e-05,-0.011353468522429466,-0.012477156706154346
552,5,38,1.0,0.9961358904838562,0,0,0.0,0.0,0.0,-0.0008887004223652184,-0.004226998426020145,0.013583281077444553
553,5,39,1.0,0.9960395097732544,0,0,0.0,0.0,0.0,-0.0009160813642665744,-0.0027975360862910748,0.012817422859370708
554,5,40,1.0,0.9966590404510498,0,0,0.0,0.0,0.0,-0.0008389056310988963,-0.001342838630080223,0.014309710822999477
555,5,41,1.0,0.9966367483139038,0,0,0.0,0.0,0.0,-0.0008346879621967673,-0.000982619822025299,0.014119715429842472
556,5,42,1.0,0.9976778030395508,0,0,0.0,-0.25,0.0,-0.000715441710781306,-0.000725683057680726,0.023248404264450073
557,5,43,1.0,1.0006157159805298,0,0,0.0,0.0,0.0,-0.0007915743626654148,-0.007944629527628422,0.03789056837558746
558,5,44,1.0,1.002833366394043,0,0,0.0,0.0,0.0,-0.00099579943343997,-0.001805758336558938,-0.009199395775794983
559,5,45,1.0,1.0018322467803955,0,0,0.0,0.0,0.0,-0.0010427195811644197,-0.0009891059016808867,-0.017863407731056213
560,5,46,1.0,1.002131462097168,0,0,0.0,0.0,0.0,-0.0014322567731142044,-0.0007305110339075327,-0.027212221175432205
561,5,47,1.0,1.002069354057312,0,0,0.0,0.0,0.0,-0.001438362873159349,-0.0006228706915862858,-0.027554169297218323
562,5,48,1.0,1.0027456283569336,0,0,0.0,0.0,0.0,-0.002024885267019272,0.00011528097093105316,-0.008260253816843033
563,5,49,1.0,1.002737045288086,0,0,0.0,0.0,0.0,-0.002022811910137534,0.00012440228601917624,-0.008391330949962139
564,5,50,1.0,1.001265048980713,0,0,0.0,0.0,0.0,-0.001721603679470718,0.0005004150443710387,-0.0151890954002738
565,5,51,1.0,1.0012636184692383,0,0,0.0,0.0,0.0,-0.0017208628123626113,0.0005026896833442152,-0.015241743065416813
566,5,52,1.0,1.0010091066360474,0,0,0.0,0.0,0.0,-0.0013344897888600826,0.0003638424095697701,-0.05287187919020653
567,5,53,1.0,1.0010101795196533,0,0,0.0,0.0,0.0,-0.0013342364691197872,0.0003644180833362043,-0.052890971302986145
568,5,54,1.0,1.000892162322998,0,0,0.0,0.0,0.0,-0.0014347760006785393,0.0004203164135105908,-0.04272089898586273
569,5,55,1.0,1.0008924007415771,0,0,0.0,0.0,0.0,-0.0014347132528200746,0.00042049557669088244,-0.04272639751434326
570,5,56,1.0,1.000763177871704,0,0,0.0,0.0,-0.5,-0.0012415902456268668,0.0002661708276718855,-0.04770166054368019
571,5,57,1.0,0.9932756423950195,0,0,0.0,0.0,-0.5,0.0001802974147722125,0.0009139659232459962,-0.5487759113311768
572,5,58,1.0,0.9892206192016602,0,0,0.0,0.0,-0.5,0.0006704953266307712,0.000798776454757899,-0.5465449690818787
573,5,59,1.0,0.9864242076873779,0,0,0.0,0.0,-0.5,0.0006246893899515271,0.0003823030856437981,-0.5463021993637085
574,5,60,1.0,0.9842661023139954,0,0,0.0,0.0,-0.5,0.00010732992086559534,-0.0005573187954723835,-0.5384654402732849
575,5,61,1.0,0.9868021011352539,0,0,0.0,0.0,-0.5,-0.000694543938152492,0.00035589159233495593,-0.537477433681488
576,5,62,1.0,0.9907183051109314,0,0,0.0,0.0,-0.5,-0.001612917985767126,-0.0006420430145226419,-0.5427120327949524
577,5,63,1.0,0.9927054047584534,0,0,0.0,0.0,-0.5,-0.0015598329482600093,-0.0005754181183874607,-0.54827481508255
578,5,64,1.0,0.9989575147628784,0,0,0.0,0.0,-0.5,-0.0012474708491936326,9.590428089722991e-05,-0.5635563135147095
579,5,65,1.0,1.0011544227600098,0,0,0.0,0.0,-0.5,-0.0012800596887245774,0.0005651581450365484,-0.5691730976104736
580,5,66,1.0,1.0033012628555298,0,0,0.0,0.0,-0.5,-0.0009008790366351604,0.0008451874018646777,-0.5643457770347595
581,5,67,1.0,1.0033246278762817,0,0,0.0,0.0,-0.5,-0.0006181151838973165,0.0013411263935267925,-0.5559024810791016
582,5,68,1.0,0.985866367816925,0,0,0.0,0.0,0.0,0.0003202781081199646,0.0010754812974482775,-0.3696660101413727
583,5,69,1.0,0.9854314923286438,0,0,0.0,0.0,0.0,0.00025954132433980703,0.001103824470192194,-0.3535800278186798
584,5,70,1.0,1.0661925077438354,0,0,0.0,0.0,0.0,0.00011595559772104025,-0.0013026599772274494,-0.12283729761838913
585,5,71,1.0,1.0683866739273071,0,0,0.0,0.0,0.0,0.00013735261745750904,-0.00135288224555552,-0.11960138380527496
586,5,72,1.0,1.123526930809021,0,0,0.0,0.0,0.0,0.0006111032562330365,-0.0014233575202524662,-0.11387667059898376
587,5,73,2.0,1.1251788139343262,1,0,0.0,0.0,0.0,0.000586975715123117,-0.0014533349312841892,-0.11232025176286697
588,5,74,2.0,2.0517396926879883,1,1,0.0,0.0,0.0,0.0012524774065241218,0.00011341326171532273,6.939005106687546e-05
589,5,75,2.0,2.05391263961792,1,1,0.0,0.0,0.0,0.0006989095127210021,-0.0006619477644562721,-0.0017160442657768726
590,5,76,2.0,2.0566565990448,1,1,0.0,0.0,0.0,0.0013885257067158818,-0.001887801568955183,0.0015143360942602158
591,5,77,2.0,2.0562832355499268,1,1,0.0,0.0,0.0,0.0013395423302426934,-0.0019318345002830029,0.0015691183507442474
592,5,78,2.0,2.059485912322998,1,1,0.0,0.0,0.0,0.001078446046449244,-0.0013470768462866545,0.0018343627452850342
593,5,79,2.0,2.059478759765625,1,1,0.0,0.0,0.0,0.0010703298030421138,-0.0013526033144444227,0.0018416335806250572
594,5,80,2.0,2.066114664077759,1,1,0.0,0.0,0.0,4.605506546795368e-05,0.0007989305886439979,0.003807617351412773
595,5,81,1.0,2.0661439895629883,0,1,0.0,0.0,0.0,4.567764699459076e-05,0.0007979838992469013,0.003808635286986828
596,5,82,1.0,1.853966474533081,0,1,0.0,0.0,0.0,-0.0009212819277308881,-0.0015943413600325584,0.00468356441706419
597,5,83,1.0,1.8537087440490723,0,1,0.0,0.0,0.0,-0.0009166265954263508,-0.0016039288602769375,0.00471846666187048
598,5,84,1.0,1.8144893646240234,0,1,0.0,0.0,0.0,-0.0015509577933698893,-0.0019292375072836876,0.0033247359097003937
599,5,85,1.0,1.8158948421478271,0,1,0.0,0.0,0.0,-0.0015519479056820273,-0.0019120771903544664,0.00329606793820858
600,5,86,1.0,1.0938669443130493,0,0,0.0,0.0,0.0,-0.0011300863698124886,-0.0017438726499676704,-9.269919246435165e-05
601,5,87,1.0,1.0932525396347046,0,0,0.0,0.0,0.0,-0.0011151409707963467,-0.0017588178161531687,0.00045599695295095444
602,5,88,1.0,1.0211693048477173,0,0,0.0,0.0,0.0,-0.0008071098709478974,-0.00033053598599508405,0.19641174376010895
603,5,89,1.0,1.020382046699524,0,0,0.0,0.0,0.5,-0.0007909881533123553,-0.0003337457310408354,0.20110861957073212
604,5,90,1.0,0.9953844547271729,0,0,0.0,0.0,0.5,0.001253490219824016,0.0005277412128634751,0.5285616517066956
605,5,91,1.0,0.9965539574623108,0,0,0.0,0.0,0.5,0.0008951862109825015,0.00040329614421352744,0.5277300477027893
606,5,92,1.0,0.9972430467605591,0,0,0.0,0.0,0.5,0.0008672006661072373,0.000906751083675772,0.5259124040603638
607,5,93,1.0,0.9960501194000244,0,0,0.0,0.0,0.5,0.00035347428638488054,0.0008000173256732523,0.5257589817047119
608,5,94,1.0,0.9975714087486267,0,0,0.0,0.0,0.5,0.0006035297410562634,0.0008721956401132047,0.526417076587677
609,5,95,1.0,0.997789204120636,0,0,0.0,0.0,0.5,0.0010677367681637406,0.0013645170256495476,0.5271388292312622
610,5,96,1.0,0.9974780678749084,0,0,0.0,0.0,0.5,0.0007212200434878469,0.0009360502590425313,0.5273431539535522
611,5,97,1.0,0.9970571398735046,0,0,0.0,0.0,0.5,0.0009083579061552882,0.000943290360737592,0.5265156626701355
612,5,98,1.0,0.9966187477111816,0,0,0.0,0.0,0.5,0.0007990231970325112,0.0007945407996885478,0.5284380316734314
613,6,0,1.0,0.9968156218528748,0,0,0.0,0.0,0.0,-0.002550257369875908,0.0014817130286246538,-0.00042537786066532135
614,6,1,1.0,0.9969172477722168,0,0,0.0,0.0,0.0,-0.001254191156476736,0.0011825226247310638,-0.002518732100725174
615,6,2,1.0,0.9994819164276123,0,0,0.0,0.0,0.0,-0.0011036746436730027,0.00038128538290038705,-0.00013321638107299805
616,6,3,1.0,0.9992215037345886,0,0,0.0,0.0,0.0,-0.0014210513327270746,0.0004222328425385058,0.0005283132195472717
617,6,4,1.0,1.0011227130889893,0,0,0.0,0.0,0.0,0.001926261349581182,-0.0018737600184977055,0.005453566089272499
618,6,5,1.0,1.0010854005813599,0,0,0.0,0.0,0.0,0.001861144439317286,-0.0018722184468060732,0.005643473006784916
619,6,6,1.0,1.0024988651275635,0,0,0.0,0.0,0.0,0.0013673965586349368,-0.0005056087975390255,0.01260040421038866
620,6,7,1.0,1.0024937391281128,0,0,0.0,0.0,0.0,0.0013819708256050944,-0.0005086867604404688,0.012687844224274158
621,6,8,1.0,1.002764344215393,0,0,0.0,0.0,0.0,-0.028017176315188408,0.001192633993923664,-0.00011917203664779663
622,6,9,1.0,1.002764344215393,0,0,0.0,0.0,0.0,-0.027996156364679337,0.0011898733209818602,-9.643100202083588e-05
623,6,10,1.0,0.9944823980331421,0,0,0.0,0.0,0.0,-0.08895393460988998,0.0018077094573527575,-0.00949924811720848
624,6,11,1.0,0.994482696056366,0,0,0.0,0.0,0.0,-0.08894693106412888,0.0018073769751936197,-0.009494280442595482
625,6,12,1.0,0.9827042818069458,0,0,-0.25,0.0,0.0,-0.26256078481674194,-0.0017013764008879662,0.00013108085840940475
626,6,13,1.0,0.9783220291137695,0,0,-0.25,0.0,0.0,-0.27313169836997986,-0.00010816927533596754,0.005426567047834396
627,6,14,1.0,0.9810079336166382,0,0,-0.25,0.0,0.0,-0.27932441234588623,-0.00019728945335373282,0.0007265852764248848
628,6,15,1.0,0.9868852496147156,0,0,-0.25,0.0,0.0,-0.2840389907360077,0.00031337066320702434,0.0024182014167308807
629,6,16,1.0,0.9859288930892944,0,0,-0.25,0.0,0.0,-0.2894357740879059,8.863094262778759e-05,0.003955087624490261
630,6,17,1.0,0.990208089351654,0,0,-0.25,0.0,0.0,-0.2813435196876526,-0.0007480168133042753,0.008515712805092335
631,6,18,1.0,0.982891321182251,0,0,-0.25,0.0,0.0,-0.23001272976398468,-0.0013459088513627648,0.009984620846807957
632,6,19,1.0,0.9813181757926941,0,0,0.0,0.0,0.0,-0.16155306994915009,-0.0032120924443006516,0.0013974076136946678
633,6,20,1.0,0.9773938059806824,0,0,0.0,0.0,0.0,-0.06340998411178589,-0.008059641346335411,-0.00913119688630104
634,6,21,1.0,0.9835823774337769,0,0,0.0,0.0,0.0,-0.02341870591044426,-0.008718688040971756,-0.010125300846993923
635,6,22,1.0,0.992714524269104,0,0,0.0,0.0,0.0,-0.006846901960670948,-0.004310328513383865,-0.004937766119837761
636,6,23,1.0,0.9932915568351746,0,0,0.0,0.0,0.0,-0.005077180452644825,-0.004387763794511557,-0.00417201267555356
637,6,24,1.0,0.9959420561790466,0,0,0.0,0.0,0.0,-0.00312970788218081,-0.002260505920276046,-0.002056628931313753
638,6,25,1.0,0.9959641098976135,0,0,0.0,0.0,0.0,-0.002997417002916336,-0.002268990268930793,-0.0018509337678551674
639,6,26,1.0,1.001470685005188,0,0,0.0,0.0,0.0,-0.0009428401826880872,-0.006815973669290543,-0.0005037616938352585
640,6,27,1.0,1.0014668703079224,0,0,0.0,0.0,0.0,-0.0009241544757969677,-0.006822037510573864,-0.00046249106526374817
641,6,28,1.0,0.9986721277236938,0,0,0.0,-0.25,0.0,-0.0016233199276030064,-0.005348236300051212,-0.006184007041156292
642,6,29,1.0,0.9927787780761719,0,0,0.0,-0.25,0.0,-0.0023646873887628317,-0.265583872795105,-0.003371626604348421
643,6,30,1.0,0.9877886772155762,0,0,0.0,-0.25,0.0,-0.0024712553713470697,-0.2728557884693146,0.0006209053099155426
644,6,31,1.0,0.9836728572845459,0,0,0.0,-0.25,0.0,-0.0019813270773738623,-0.27799540758132935,0.004740281030535698
645,6,32,1.0,0.9887165427207947,0,0,0.0,-0.25,0.0,-0.001669552642852068,-0.2809547185897827,0.0015125200152397156
646,6,33,1.0,0.9857438206672668,0,0,0.0,-0.25,0.0,-0.001471008057706058,-0.28323522210121155,0.003930891864001751
647,6,34,1.0,0.9898996949195862,0,0,0.0,-0.25,0.0,-0.001368471304886043,-0.2802031338214874,0.004973333328962326
648,6,35,1.0,0.9952608942985535,0,0,0.0,-0.25,0.0,-0.002350142225623131,-0.27322375774383545,-0.002895447425544262
649,6,36,1.0,0.9953857660293579,0,0,0.0,-0.25,0.0,-0.0028146833647042513,-0.26189303398132324,-0.007212457247078419
650,6,37,1.0,0.9980255365371704,0,0,0.0,-0.25,0.0,-0.0022901445627212524,-0.25276368856430054,-0.011605370789766312
651,6,38,1.0,0.9981549382209778,0,0,0.0,-0.25,0.0,-6.63029495626688e-05,-0.11683697253465652,0.006693032570183277
652,6,39,1.0,0.996978759765625,0,0,0.0,0.0,0.0,-0.0007511821459047496,-0.041849732398986816,0.01806216686964035
653,6,40,1.0,1.0015647411346436,0,0,0.0,0.0,0.0,-0.0006348227616399527,-0.005035578738898039,0.02210909128189087
654,6,41,1.0,1.002411127090454,0,0,0.0,0.0,0.0,-0.0008060458349063993,-0.0011964818695560098,0.00445138942450285
655,6,42,1.0,1.001894235610962,0,0,0.0,0.0,0.0,-0.0011333838338032365,0.0004373386618681252,-0.010252171196043491
656,6,43,1.0,1.0015207529067993,0,0,0.0,0.0,0.0,-0.0011136438697576523,0.0005814834148623049,-0.014231845736503601
657,6,44,1.0,1.0023905038833618,0,0,0.0,0.0,0.0,-0.001810590736567974,5.211500683799386e-05,-0.028623439371585846
658,6,45,1.0,1.002344012260437,0,0,0.0,0.0,0.0,-0.0018013636581599712,7.926143007352948e-05,-0.028957922011613846
659,6,46,1.0,1.0032579898834229,0,0,0.0,0.0,0.0,-0.0020431450102478266,0.00018502894090488553,-0.024113573133945465
660,6,47,1.0,1.00325345993042,0,0,0.0,0.0,0.0,-0.0020409314893186092,0.00018890900537371635,-0.024202145636081696
661,6,48,1.0,1.0038760900497437,0,0,0.0,0.0,0.0,-0.0024378907401114702,0.00047594489296898246,-0.018210120499134064
662,6,49,1.0,1.0038752555847168,0,0,0.0,0.0,0.0,-0.0024374788627028465,0.0004766254569403827,-0.01823274791240692
663,6,50,1.0,1.0027648210525513,0,0,0.0,0.0,0.0,-0.0017092174384742975,0.0006510867387987673,-0.024416599422693253
664,6,51,1.0,1.0027639865875244,0,0,0.0,0.0,0.0,-0.0017089637694880366,0.0006514053675346076,-0.024424675852060318
665,6,52,1.0,1.002739429473877,0,0,0.0,0.0,0.0,-0.001653291517868638,0.0006564059876836836,-0.024027805775403976
666,6,53,1.0,1.0027393102645874,0,0,0.0,0.0,-0.5,-0.0016532292356714606,0.000656528805848211,-0.02402925118803978
667,6,54,1.0,0.9953582286834717,0,0,0.0,0.0,-0.5,0.0006520686438307166,0.0019351225346326828,-0.5505654215812683
668,6,55,1.0,0.988307535648346,0,0,0.0,0.0,-0.5,0.0003839250421151519,0.0020794207230210304,-0.5492277145385742
669,6,56,1.0,0.9879026412963867,0,0,0.0,0.0,-0.5,0.00036621710751205683,0.0014459870290011168,-0.5413311719894409
670,6,57,1.0,0.988817036151886,0,0,0.0,0.0,-0.5,-9.360793046653271e-05,0.0018692552112042904,-0.5372398495674133
671,6,58,1.0,0.9888867139816284,0,0,0.0,0.0,-0.5,-0.00028682267293334007,0.0007028466206975281,-0.5471422076225281
672,6,59,1.0,0.9917453527450562,0,0,0.0,0.0,-0.5,-0.0016382073517888784,0.00023927830625325441,-0.556216299533844
673,6,60,1.0,0.9943532347679138,0,0,0.0,0.0,-0.5,-0.0016093056183308363,0.00023496232461184263,-0.562110960483551
674,6,61,1.0,0.997643232345581,0,0,0.0,0.0,-0.5,-0.0013429269893094897,0.0005405990523286164,-0.566163182258606
675,6,62,1.0,1.0015345811843872,0,0,0.0,0.0,-0.5,-0.0008085839217528701,0.0007333183311857283,-0.5737683176994324
676,6,63,1.0,1.0019301176071167,0,0,0.0,0.0,-0.5,-0.0003574556903913617,0.0008729673572815955,-0.5682592391967773
677,6,64,1.0,0.9899612069129944,0,0,0.0,0.0,-0.5,0.0007968653226271272,0.0008423164836131036,-0.48419803380966187
678,6,65,1.0,0.9890604615211487,0,0,0.0,0.0,0.0,0.0009316446958109736,0.0007230275659821928,-0.45833027362823486
679,6,66,1.0,0.9870424866676331,0,0,0.0,0.0,0.0,0.00018885324243456125,-0.00029867730336263776,-0.21922999620437622
680,6,67,1.0,0.9878968000411987,0,0,0.0,0.0,0.0,9.307858999818563e-05,-0.00035410953569225967,-0.20468159019947052
681,6,68,1.0,1.2591187953948975,0,0,0.0,0.0,0.0,0.0012477400014176965,-0.000961253244895488,-0.03240601718425751
682,6,69,1.0,1.2638734579086304,0,0,0.0,0.0,0.0,0.0012133357813581824,-0.0009130299440585077,-0.031114324927330017
683,6,70,2.0,1.2543604373931885,1,0,0.0,0.0,0.0,0.0010385409696027637,-0.001397790852934122,-0.043322838842868805
684,6,71,2.0,2.050257682800293,1,1,0.0,0.0,0.0,0.0014545369194820523,-0.0006428889464586973,0.0013729585334658623
685,6,72,2.0,2.052312135696411,1,1,0.0,0.0,0.0,0.001469951937906444,-0.0006348102469928563,0.002009349875152111
686,6,73,2.0,2.0575673580169678,1,1,0.0,0.0,0.0,0.0014328070683404803,-0.00256981048732996,0.0036871815100312233
687,6,74,2.0,2.0629992485046387,1,1,0.0,0.0,0.0,0.0009694112231954932,-0.0006255942862480879,0.002751436084508896
688,6,75,2.0,2.0633373260498047,1,1,0.0,0.0,0.0,0.0011030709138140082,-0.0007958108908496797,0.00304483063519001
689,6,76,2.0,2.069923162460327,1,1,0.0,0.0,0.0,0.00042720127385109663,-0.00021567661315202713,0.004241693764925003
690,6,77,2.0,2.0699234008789062,1,1,0.0,0.0,0.0,0.0004285980248823762,-0.00023371964925900102,0.004414791241288185
691,6,78,2.0,2.0474190711975098,1,1,0.0,0.0,0.0,3.525451757013798e-05,-2.0591949578374624e-05,-0.0016919737681746483
692,6,79,1.0,2.048001766204834,0,1,0.0,0.0,0.0,2.652779221534729e-05,9.157229214906693e-06,-0.0016611418686807156
693,6,80,1.0,1.2618372440338135,0,0,0.0,0.0,0.0,-0.0011079903924837708,-0.0023812181316316128,-0.019832780584692955
694,6,81,1.0,1.262352466583252,0,0,0.0,0.0,0.0,-0.0010929591953754425,-0.0023872333113104105,-0.019745493307709694
695,6,82,1.0,1.0353280305862427,0,0,0.0,0.0,0.0,-0.0010298199485987425,-0.0031559981871396303,-0.003884387668222189
696,6,83,1.0,1.0357816219329834,0,0,0.0,0.0,0.0,-0.0010156563948839903,-0.0031018757726997137,-0.004475160036236048
697,6,84,1.0,1.004500150680542,0,0,0.0,0.0,0.0,5.9707206673920155e-05,-0.0015964540652930737,0.11773236095905304
698,6,85,1.0,1.0045922994613647,0,0,0.0,0.0,0.5,6.777036469429731e-05,-0.0015376671217381954,0.11528557538986206
699,6,86,1.0,0.9964081645011902,0,0,0.0,0.0,0.5,0.0009541172767058015,0.0012468048371374607,0.5299829244613647
700,6,87,1.0,0.9981663227081299,0,0,0.0,0.0,0.5,0.00039529509376734495,0.0014858630020171404,0.5283194184303284
701,6,88,1.0,0.9968253374099731,0,0,0.0,0.0,0.5,0.00044150964822620153,0.0012650524731725454,0.5280984044075012
702,6,89,1.0,0.9976363182067871,0,0,0.0,0.0,0.5,0.00043235847260802984,0.00039622007170692086,0.5278711318969727
703,6,90,1.0,0.9979193210601807,0,0,0.0,0.0,0.5,0.000506969285197556,0.0006058966391719878,0.5275524258613586
704,6,91,1.0,0.9961386919021606,0,0,0.0,0.0,0.5,0.000470429309643805,0.0005701438640244305,0.5286352038383484
705,6,92,1.0,0.9982734322547913,0,0,0.0,0.0,0.5,0.000991425127722323,0.0006153307040221989,0.5271129012107849
706,6,93,1.0,0.99844890832901,0,0,0.0,0.0,0.5,0.001208790927194059,0.0010109646245837212,0.5281442403793335
707,6,94,1.0,0.9968411922454834,0,0,0.0,0.0,0.5,0.0013590034795925021,0.0008293846040032804,0.5273109674453735
708,7,0,1.0,0.9966622591018677,0,0,0.0,0.0,0.0,0.0025750193744897842,-0.0003789812617469579,0.0012433165684342384
709,7,1,1.0,0.9954360127449036,0,0,0.0,0.0,0.0,0.0032658600248396397,-0.0005888838786631823,-0.00044416263699531555
710,7,2,1.0,0.9923312067985535,0,0,0.0,0.0,0.0,0.002527101431041956,-0.0013576552737504244,0.0018111364915966988
711,7,3,1.0,0.9922178983688354,0,0,0.0,0.0,0.0,0.0023045488633215427,-0.0013025731313973665,0.002690473571419716
712,7,4,1.0,0.9898831844329834,0,0,0.0,0.0,0.0,0.00036569719668477774,0.0003030545194633305,-0.0007350658997893333
713,7,5,1.0,0.9898492097854614,0,0,0.0,0.0,0.0,0.0003056693822145462,0.0003163104993291199,-0.0004724562168121338
714,7,6,1.0,0.9921761751174927,0,0,0.0,0.0,0.0,0.0027509662322700024,-0.0027067784685641527,0.003988591022789478
715,7,7,1.0,0.9921558499336243,0,0,0.0,0.0,0.0,0.0027591087855398655,-0.002713346155360341,0.004081267863512039
716,7,8,1.0,0.9967731833457947,0,0,0.0,0.0,0.0,-0.0011016872012987733,-0.003911841660737991,-0.0002582259476184845
717,7,9,1.0,0.996768057346344,0,0,0.0,0.0,0.0,-0.0010980151128023863,-0.003914185333997011,-0.00023624952882528305
718,7,10,1.0,0.9966066479682922,0,0,0.0,0.0,0.0,-0.02842966839671135,-0.0017162084113806486,-0.003789943642914295
719,7,11,1.0,0.9966070055961609,0,0,-0.25,0.0,0.0,-0.02842663787305355,-0.0017165460158139467,-0.0037843212485313416
720,7,12,1.0,0.9770464897155762,0,0,-0.25,0.0,0.0,-0.24323737621307373,-0.002182269934564829,0.002326859161257744
721,7,13,1.0,0.9777689576148987,0,0,-0.25,0.0,0.0,-0.25986310839653015,-0.0012024292955175042,0.00431432668119669
722,7,14,1.0,0.9788312911987305,0,0,-0.25,0.0,0.0,-0.26844102144241333,-0.001415560836903751,-0.00013729184865951538
723,7,15,1.0,0.9775624871253967,0,0,-0.25,0.0,0.0,-0.27101248502731323,-0.001138976775109768,0.0038955090567469597
724,7,16,1.0,0.9749574661254883,0,0,-0.25,0.0,0.0,-0.27318671345710754,-0.00026480501401238143,-0.0002445662394165993
725,7,17,1.0,0.9759242534637451,0,0,-0.25,0.0,0.0,-0.27632662653923035,5.77080063521862e-05,0.0016246549785137177
726,7,18,1.0,0.9816487431526184,0,0,-0.25,0.0,0.0,-0.2786237895488739,-0.00012820801930502057,0.0013537071645259857
727,7,19,1.0,0.9831273555755615,0,0,-0.25,0.0,0.0,-0.28171080350875854,1.6115896869450808e-05,0.004105595871806145
728,7,20,1.0,0.9882000088691711,0,0,-0.25,0.0,0.0,-0.28601160645484924,-0.0001300194999203086,0.004124446772038937
729,7,21,1.0,0.9868433475494385,0,0,-0.25,0.0,0.0,-0.2865050137042999,0.0005009651067666709,-0.0005096923559904099
730,7,22,1.0,1.002875566482544,0,0,-0.25,0.0,0.0,-0.28212621808052063,-0.001278889598324895,-0.0038210968486964703
731,7,23,1.0,0.9999194145202637,0,0,-0.25,0.0,0.0,-0.2707687020301819,-0.0004066368564963341,0.0011789537966251373
732,7,24,1.0,0.9810188412666321,0,0,-0.25,0.0,0.0,-0.14508795738220215,-0.0033648826647549868,-0.009813083335757256
733,7,25,1.0,0.9789048433303833,0,0,0.0,0.0,0.0,-0.06960579007863998,-0.0033388363663107157,-0.01842816174030304
734,7,26,1.0,0.9849085211753845,0,0,0.0,0.0,0.0,-0.030706796795129776,-0.0018334216438233852,-0.012579604983329773
735,7,27,1.0,0.9839169383049011,0,0,0.0,0.0,0.0,-0.00974919181317091,-0.003854332258924842,-0.010616786777973175
736,7,28,1.0,0.9922161102294922,0,0,0.0,0.0,0.0,-0.00323717063292861,-0.0013181508984416723,0.0053327977657318115
737,7,29,1.0,0.9927225112915039,0,0,0.0,0.0,0.0,-0.0016733931843191385,-0.0012821645941585302,0.004643354564905167
738,7,30,1.0,0.9984865188598633,0,0,0.0,0.0,0.0,-0.0006266280543059111,0.07954540848731995,0.0213712640106678
739,7,31,1.0,0.9984019994735718,0,0,0.0,0.0,0.0,-0.0005312866996973753,0.08017781376838684,0.02124762162566185
740,7,32,1.0,0.9992963075637817,0,0,0.0,0.25,0.0,0.0008600963046774268,0.14729100465774536,0.016207892447710037
741,7,33,1.0,0.9849715828895569,0,0,0.0,0.25,0.0,-0.0002586460905149579,0.2678576707839966,0.0045592086389660835
742,7,34,1.0,0.9883425831794739,0,0,0.0,0.25,0.0,5.802593659609556e-05,0.27234771847724915,0.009523513726890087
743,7,35,1.0,0.99132239818573,0,0,0.0,0.25,0.0,-0.001158519764430821,0.2740322947502136,0.018348492681980133
744,7,36,1.0,0.9924181699752808,0,0,0.0,0.25,0.0,-0.0015924102626740932,0.2755078971385956,0.01990257203578949
745,7,37,1.0,0.9925473928451538,0,0,0.0,0.25,0.0,-0.0011942100245505571,0.2757158875465393,0.019016467034816742
746,7,38,1.0,0.9923259019851685,0,0,0.0,0.25,0.0,-0.0005161953158676624,0.26826170086860657,0.02121061459183693
747,7,39,1.0,0.9933271408081055,0,0,0.0,0.25,0.0,-8.806271944195032e-05,0.2501884698867798,-0.0008793110027909279
748,7,40,1.0,0.9931393265724182,0,0,0.0,0.25,0.0,0.00010037433821707964,0.24697934091091156,-0.008789828047156334
749,7,41,1.0,0.9965365529060364,0,0,0.0,0.25,0.0,0.0010324000613763928,0.21578727662563324,-0.03296731412410736
750,7,42,1.0,1.0097190141677856,0,0,0.0,0.25,0.0,0.000214996631257236,0.0980447307229042,-0.01594957709312439
751,7,43,1.0,1.006331205368042,0,0,0.0,0.0,0.0,-0.000250475131906569,0.022521646693348885,-0.02906735986471176
752,7,44,1.0,1.0029301643371582,0,0,0.0,0.0,0.0,-0.0009157196618616581,0.00283290958032012,-0.021262869238853455
753,7,45,1.0,1.0031623840332031,0,0,0.0,0.0,0.0,-0.0016850843094289303,0.0008280823822133243,-0.018170323222875595
754,7,46,1.0,1.002781867980957,0,0,0.0,0.0,0.0,-0.0022223936393857002,0.00040774227818474174,-0.00975632295012474
755,7,47,1.0,1.0027559995651245,0,0,0.0,0.0,0.0,-0.0023397256154567003,0.00030539307044819,-0.009226779453456402
756,7,48,1.0,1.0015383958816528,0,0,0.0,0.0,0.0,-0.0016348583158105612,0.0007266151369549334,-0.020978137850761414
757,7,49,1.0,1.001517653465271,0,0,0.0,0.0,0.0,-0.0016516816103830934,0.0007092027808539569,-0.020937234163284302
758,7,50,1.0,1.0025441646575928,0,0,0.0,0.0,0.0,-0.0010839947499334812,0.0007724948809482157,-0.05612482130527496
759,7,51,1.0,1.002537727355957,0,0,0.0,0.0,0.0,-0.0010869300458580256,0.0007692096405662596,-0.05609244480729103
760,7,52,1.0,1.0033382177352905,0,0,0.0,0.0,0.0,-0.0008582121809013188,0.0009285798878408968,-0.08850567042827606
761,7,53,1.0,1.0033364295959473,0,0,0.0,0.0,-0.5,-0.0008587235934101045,0.0009279191144742072,-0.08849287778139114
762,7,54,1.0,0.9999188184738159,0,0,0.0,0.0,-0.5,-0.0002965898020192981,0.001482430612668395,-0.5421369671821594
763,7,55,1.0,0.9981705546379089,0,0,0.0,0.0,-0.5,6.501795724034309e-06,0.0014168519992381334,-0.5399816036224365
764,7,56,1.0,0.9893196225166321,0,0,0.0,0.0,-0.5,0.0004233332583680749,0.0013681566342711449,-0.5410380363464355
765,7,57,1.0,0.9848981499671936,0,0,0.0,0.0,-0.5,0.0008664865745231509,0.0013972441665828228,-0.5398391485214233
766,7,58,1.0,0.9873132109642029,0,0,0.0,0.0,-0.5,0.0007103154202923179,0.001235312782227993,-0.5419400930404663
767,7,59,1.0,0.9934350252151489,0,0,0.0,0.0,-0.5,0.0005407425342127681,0.0014884911943227053,-0.5343937277793884
768,7,60,1.0,0.9910365343093872,0,0,0.0,0.0,-0.5,-0.00018848024774342775,0.0004946216358803213,-0.5428563952445984
769,7,61,1.0,0.9930511116981506,0,0,0.0,0.0,-0.5,-0.0010275475215166807,0.0014620921574532986,-0.5457999110221863
770,7,62,1.0,0.9952504634857178,0,0,0.0,0.0,-0.5,-0.0015540552558377385,0.0018647133838385344,-0.5658193230628967
771,7,63,1.0,0.9963997602462769,0,0,0.0,0.0,-0.5,-0.0011514831567183137,0.0019557331688702106,-0.5687620043754578
772,7,64,1.0,0.9894925355911255,0,0,0.0,0.0,-0.5,0.0013528532581403852,0.001226900378242135,-0.5113384127616882
773,7,65,1.0,0.9888925552368164,0,0,0.0,0.0,-0.5,0.0017383204540237784,0.0010984204709529877,-0.4874288737773895
774,7,66,1.0,1.0630052089691162,0,0,0.0,0.0,0.0,-0.0012956324499100447,-0.0012481157900765538,-0.051624514162540436
775,7,67,1.0,1.067047119140625,0,0,0.0,0.0,0.0,-0.0014227947685867548,-0.0013852424453943968,-0.045814357697963715
776,7,68,1.0,1.8669720888137817,0,1,0.0,0.0,0.0,0.0009282919345423579,0.0002029453171417117,-0.0039237868040800095
777,7,69,1.0,1.8692090511322021,0,1,0.0,0.0,0.0,0.0009345706785097718,0.0002216241555288434,-0.00364687480032444
778,7,70,1.0,2.026374101638794,0,1,0.0,0.0,0.0,0.0010744380997493863,7.612456101924181e-06,-0.005730992648750544
779,7,71,2.0,2.026759386062622,1,1,0.0,0.0,0.0,0.0010716657852753997,1.081323716789484e-05,-0.005678948014974594
780,7,72,2.0,2.051461696624756,1,1,0.0,0.0,0.0,0.0018640063935890794,-0.0008300791378132999,-0.00098460353910923
781,7,73,2.0,2.050779342651367,1,1,0.0,0.0,0.0,0.0019083555089309812,-0.00047331448877230287,-0.00039137154817581177
782,7,74,2.0,2.0534603595733643,1,1,0.0,0.0,0.0,0.0005320609780028462,-0.0010643522255122662,0.00011083949357271194
783,7,75,2.0,2.050135374069214,1,1,0.0,0.0,0.0,0.0014650727389380336,-0.001446701237000525,-0.00026860926300287247
784,7,76,2.0,2.0595803260803223,1,1,0.0,0.0,0.0,0.0015035237884148955,-0.0008231594692915678,0.005105170421302319
785,7,77,2.0,2.0610053539276123,1,1,0.0,0.0,0.0,0.001459201448597014,-0.000581205589696765,0.0051871417090296745
786,7,78,2.0,2.070864200592041,1,1,0.0,0.0,0.0,0.001645719283260405,-0.0010573609033599496,0.006350923329591751
787,7,79,2.0,2.070892333984375,1,1,0.0,0.0,0.0,0.0016608875012025237,-0.0010089948773384094,0.006528961472213268
788,7,80,1.0,2.083407402038574,0,1,0.0,0.0,0.0,0.0006223887903615832,0.00028764299349859357,0.003946935757994652
789,7,81,1.0,2.083404064178467,0,1,0.0,0.0,0.0,0.0006208723643794656,0.0003018149291165173,0.004032457247376442
790,7,82,1.0,1.0923097133636475,0,0,0.0,0.0,0.0,-0.0019435975700616837,-0.00466341245919466,-0.01562732644379139
791,7,83,1.0,1.0908968448638916,0,0,0.0,0.0,0.0,-0.0019350621150806546,-0.004587758332490921,-0.015193218365311623
792,7,84,1.0,1.0102834701538086,0,0,0.0,0.0,0.0,-0.0010640919208526611,-0.0030123558826744556,0.03959851339459419
793,7,85,1.0,1.01004958152771,0,0,0.0,0.0,0.0,-0.0010699804406613111,-0.002995195798575878,0.04014650359749794
794,7,86,1.0,0.996996283531189,0,0,0.0,0.0,0.0,-0.001020932337269187,-0.0018936682026833296,0.08879243582487106
795,7,87,1.0,0.9969529509544373,0,0,0.0,0.0,0.5,-0.0010274855885654688,-0.0019018128514289856,0.08909312635660172
796,7,88,1.0,0.9927414655685425,0,0,0.0,0.0,0.5,0.0014951055636629462,0.0004909150884486735,0.5159215927124023
797,7,89,1.0,0.9994127750396729,0,0,0.0,0.0,0.5,0.0012980675091966987,0.0010296562686562538,0.5281947255134583
798,7,90,1.0,0.9998887181282043,0,0,0.0,0.0,0.5,0.000667598913423717,0.0013681261334568262,0.5302297472953796
799,7,91,1.0,0.9997880458831787,0,0,0.0,0.0,0.5,0.0007810295792296529,0.0011464818380773067,0.5276864171028137
800,7,92,1.0,0.9997498989105225,0,0,0.0,0.0,0.5,0.00036270206328481436,0.0012432725634425879,0.5290868282318115
801,7,93,1.0,0.9971274733543396,0,0,0.0,0.0,0.5,0.00025876867584884167,0.0011684445198625326,0.5274978280067444
802,7,94,1.0,0.9984245896339417,0,0,0.0,0.0,0.5,0.0005677469307556748,0.0005046763108111918,0.5289602875709534
803,7,95,1.0,0.9995209574699402,0,0,0.0,0.0,0.5,0.0007389314705505967,0.00020282185869291425,0.5297378301620483
804,7,96,1.0,0.9993826150894165,0,0,0.0,0.0,0.5,0.0009841049322858453,0.0009208657429553568,0.5278981328010559
805,8,0,1.0,0.9958972334861755,0,0,0.0,0.0,0.0,0.008646395057439804,0.0015304179396480322,0.006257481873035431
806,8,1,1.0,0.9968103170394897,0,0,0.0,0.0,0.0,0.01110829971730709,0.0018470347858965397,0.0010839477181434631
807,8,2,1.0,0.9954431056976318,0,0,0.0,0.0,0.0,0.007265665102750063,0.0011774322483688593,0.006984225474298
808,8,3,1.0,0.9950242042541504,0,0,0.0,0.0,0.0,0.005671264603734016,0.0009644862147979438,0.00891140941530466
809,8,4,1.0,0.9986235499382019,0,0,0.0,0.0,0.0,-0.003087980207055807,0.0009006920154206455,0.009461372159421444
810,8,5,1.0,0.9985660314559937,0,0,0.0,0.0,0.0,-0.003289983607828617,0.000917844648938626,0.009855427779257298
811,8,6,1.0,1.0076746940612793,0,0,0.0,0.0,0.0,0.00990342441946268,-0.0018200213089585304,-0.004412427078932524
812,8,7,1.0,1.007688283920288,0,0,0.0,0.0,0.0,0.010141417384147644,-0.0018321205861866474,-0.004252730403095484
813,8,8,1.0,1.0013411045074463,0,0,0.0,0.0,0.0,0.12386661767959595,-0.003082901705056429,-0.0050344024784862995
814,8,9,1.0,1.00132155418396,0,0,0.0,0.0,0.0,0.12402495741844177,-0.0030833662021905184,-0.004996695555746555
815,8,10,1.0,1.003641963005066,0,0,0.0,0.0,0.0,0.23045134544372559,-0.0021507535129785538,-0.002268936950713396
816,8,11,1.0,1.0036442279815674,0,0,0.25,0.0,0.0,0.23047013580799103,-0.0021503709722310305,-0.0022627958096563816
817,8,12,1.0,1.006859302520752,0,0,0.25,0.0,0.0,0.27171948552131653,-0.0004207627207506448,0.005116761662065983
818,8,13,1.0,1.0005524158477783,0,0,0.25,0.0,0.0,0.2744346261024475,-0.00037789385532960296,0.010046691633760929
819,8,14,1.0,1.0107383728027344,0,0,0.25,0.0,0.0,0.2732640206813812,0.0004159502568654716,0.0033779311925172806
820,8,15,1.0,1.0159246921539307,0,0,0.25,0.0,0.0,0.26902487874031067,-0.000684055092278868,0.0008246395736932755
821,8,16,1.0,1.0169354677200317,0,0,0.25,0.0,0.0,0.19862134754657745,0.0018429229967296124,-0.008784409612417221
822,8,17,1.0,1.0079987049102783,0,0,0.25,0.0,0.0,0.15601125359535217,0.0027899525593966246,-0.002548445016145706
823,8,18,1.0,1.002889633178711,0,0,0.0,0.0,0.0,0.08707722276449203,0.002062096493318677,0.0004555666819214821
824,8,19,1.0,0.9993095397949219,0,0,0.0,0.0,0.0,0.08141039311885834,0.0034789566416293383,-0.005525277461856604
825,8,20,1.0,0.9899958968162537,0,0,0.0,0.0,0.0,0.003199942409992218,-0.0009433535160496831,-0.005452767480164766
826,8,21,1.0,0.9898192286491394,0,0,0.0,0.0,0.0,-0.0069519951939582825,-0.002274659927934408,-0.0018374305218458176
827,8,22,1.0,0.9944683909416199,0,0,0.0,0.0,0.0,-0.0070941261947155,0.002926030196249485,-0.007256022654473782
828,8,23,1.0,0.9944592714309692,0,0,0.0,0.0,0.0,-0.007667902857065201,0.0032540264073759317,-0.007755517028272152
829,8,24,1.0,0.9984109997749329,0,0,0.0,0.0,0.0,-0.005849706940352917,0.007463336456567049,-0.007176527287811041
830,8,25,1.0,0.9984155893325806,0,0,0.0,0.0,0.0,-0.005923443008214235,0.007476006168872118,-0.007292207796126604
831,8,26,1.0,1.0021761655807495,0,0,0.0,0.25,0.0,-0.0031396569684147835,0.03112170286476612,-0.004846491850912571
832,8,27,1.0,0.9873062372207642,0,0,0.0,0.25,0.0,4.7135516069829464e-05,0.2617088854312897,0.008388812653720379
833,8,28,1.0,0.9902308583259583,0,0,0.0,0.25,0.0,0.0015791823389008641,0.2714492380619049,0.003543945960700512
834,8,29,1.0,0.9915457367897034,0,0,0.0,0.25,0.0,0.001839543110691011,0.27089178562164307,0.0018519805744290352
835,8,30,1.0,0.9903092980384827,0,0,0.0,0.25,0.0,0.001694347127340734,0.2752102017402649,0.005796381272375584
836,8,31,1.0,0.9869452714920044,0,0,0.0,0.25,0.0,0.0011465890565887094,0.2773111164569855,0.0072916606441140175
837,8,32,1.0,0.9908674359321594,0,0,0.0,0.25,0.0,0.0005832501919940114,0.27978307008743286,0.014077319763600826
838,8,33,1.0,0.9919704794883728,0,0,0.0,0.25,0.0,0.0005515537923201919,0.2796427309513092,0.012984304688870907
839,8,34,1.0,0.988595724105835,0,0,0.0,0.25,0.0,0.0009798210812732577,0.2673155963420868,0.004576029255986214
840,8,35,1.0,0.9914419054985046,0,0,0.0,0.25,0.0,-0.0004004633519798517,0.19145400822162628,-0.005292568821460009
841,8,36,1.0,0.9999376535415649,0,0,0.0,0.0,0.0,-0.00099424016661942,0.059432994574308395,-0.0009974385611712933
842,8,37,1.0,1.002145767211914,0,0,0.0,0.0,0.0,-0.001634220010600984,0.005024496000260115,0.02112937718629837
843,8,38,1.0,1.0013582706451416,0,0,0.0,0.0,0.0,-0.0018125280039384961,-0.0001725953770801425,0.03960319980978966
844,8,39,1.0,1.0016862154006958,0,0,0.0,0.0,0.0,-0.0020503189880400896,-0.002338040852919221,0.03396505117416382
845,8,40,1.0,1.0029902458190918,0,0,0.0,0.0,0.0,-0.0019918465986847878,-0.0005545964813791215,0.0025163451209664345
846,8,41,1.0,1.0029658079147339,0,0,0.0,0.0,0.0,-0.0020486630965024233,-0.0007740144501440227,0.0014054970815777779
847,8,42,1.0,1.0029199123382568,0,0,0.0,0.0,0.0,-0.001777316560037434,-0.0008214619010686874,-0.011062717996537685
848,8,43,1.0,1.0029172897338867,0,0,0.0,0.0,0.0,-0.0017848542192950845,-0.000855407677590847,-0.011258034966886044
849,8,44,1.0,1.0024807453155518,0,0,0.0,0.25,0.0,-0.001702151377685368,-0.0006178021430969238,-0.016712134703993797
850,8,45,1.0,1.0029171705245972,0,0,0.0,0.0,0.0,-0.00100791291333735,0.00350003014318645,-0.0340154804289341
851,8,46,1.0,1.0047348737716675,0,0,0.0,0.0,0.0,-0.0014000600203871727,0.0008698459132574499,-0.02390362322330475
852,8,47,1.0,1.0040825605392456,0,0,0.0,0.0,0.0,-0.0015615468146279454,0.00033099291613325477,-0.018581364303827286
853,8,48,1.0,1.003921627998352,0,0,0.0,0.0,0.0,-0.0021592851262539625,0.000216590182390064,-0.012587612494826317
854,8,49,1.0,1.0038586854934692,0,0,0.0,0.0,0.0,-0.0021941394079476595,0.00011823745444417,-0.01225116103887558
855,8,50,1.0,1.0019311904907227,0,0,0.0,0.0,0.0,-0.0016073539154604077,7.479672785848379e-05,-0.03725612536072731
856,8,51,1.0,1.0019140243530273,0,0,0.0,0.0,0.0,-0.001617409405298531,6.274459883570671e-05,-0.03715724125504494
857,8,52,1.0,1.0019018650054932,0,0,0.0,0.0,0.0,-0.0013305910397320986,-2.7432921342551708e-05,-0.060295961797237396
858,8,53,1.0,1.001897931098938,0,0,0.0,0.0,0.0,-0.0013325146865099669,-3.000878496095538e-05,-0.060257215052843094
859,8,54,1.0,1.0020548105239868,0,0,0.0,0.0,-0.5,-0.0011716196313500404,-5.748396506533027e-05,-0.07334061712026596
860,8,55,1.0,0.9930182695388794,0,0,0.0,0.0,-0.5,-0.0006543880444951355,0.001032393891364336,-0.5379518270492554
861,8,56,1.0,0.9892902970314026,0,0,0.0,0.0,-0.5,0.00028276792727410793,0.0011322491336613894,-0.5386084318161011
862,8,57,1.0,0.9878300428390503,0,0,0.0,0.0,-0.5,0.0005456915823742747,0.0010270103812217712,-0.5372591614723206
863,8,58,1.0,0.9864877462387085,0,0,0.0,0.0,-0.5,0.0009349902393296361,0.0007683553849346936,-0.5279689431190491
864,8,59,1.0,0.9927985072135925,0,0,0.0,0.0,-0.5,-0.0009564983774907887,0.0014270043466240168,-0.5334912538528442
865,8,60,1.0,0.9902305603027344,0,0,0.0,0.0,-0.5,-0.0018756804056465626,0.0011971041094511747,-0.5374464988708496
866,8,61,1.0,0.9926540851593018,0,0,0.0,0.0,-0.5,-0.00186283013317734,0.0007320831646211445,-0.545676589012146
867,8,62,1.0,0.9936975240707397,0,0,0.0,0.0,-0.5,-0.0014423229731619358,0.0013192822225391865,-0.5614163875579834
868,8,63,1.0,0.996189534664154,0,0,0.0,0.0,-0.5,-0.0013801914174109697,0.0007999884546734393,-0.5630440711975098
869,8,64,1.0,0.9971239566802979,0,0,0.0,0.0,-0.5,0.0007319733267650008,6.917380960658193e-05,-0.556968629360199
870,8,65,1.0,0.9961626529693604,0,0,0.0,0.0,-0.5,0.0009914481779560447,7.755967089906335e-05,-0.551537036895752
871,8,66,1.0,0.9845409393310547,0,0,0.0,0.0,0.0,0.0011418979847803712,0.0006362073472701013,-0.21933571994304657
872,8,67,1.0,0.9850276112556458,0,0,0.0,0.0,0.0,0.0010123745305463672,0.0006521575269289315,-0.21135284006595612
873,8,68,1.0,1.2616281509399414,0,0,0.0,0.0,0.0,-0.000800799170974642,-0.0005735580343753099,-0.052218545228242874
874,8,69,1.0,1.262142539024353,0,0,0.0,0.0,0.0,-0.0008142586448229849,-0.0005806632107123733,-0.051613468676805496
875,8,70,2.0,1.865551233291626,1,1,0.0,0.0,0.0,0.00029515987262129784,0.0007156881620176136,-0.014866597950458527
876,8,71,2.0,2.0505211353302,1,1,0.0,0.0,0.0,0.001240909448824823,-0.0005388139397837222,0.001919228583574295
877,8,72,2.0,2.060542583465576,1,1,0.0,0.0,0.0,0.0019029026152566075,-0.0007750263321213424,0.0015855040401220322
878,8,73,2.0,2.056040048599243,1,1,0.0,0.0,0.0,0.0013374675763770938,-0.0005437379004433751,0.002381972037255764
879,8,74,2.0,2.0600693225860596,1,1,0.0,0.0,0.0,0.001352927996776998,-0.0005802666419185698,0.0035922210663557053
880,8,75,2.0,2.060194492340088,1,1,0.0,0.0,0.0,0.0013245694572106004,-0.0005737959872931242,0.0035874266177415848
881,8,76,2.0,2.0634026527404785,1,1,0.0,0.0,0.0,0.0012862944277003407,-0.0007700614514760673,0.003767510876059532
882,8,77,2.0,2.0634512901306152,1,1,0.0,0.0,0.0,0.0012754675699397922,-0.0007795076817274094,0.0037818439304828644
883,8,78,1.0,2.0629537105560303,0,1,0.0,0.0,0.0,-0.0013336337869986892,6.861391011625528e-05,-4.106294363737106e-05
884,8,79,1.0,2.0630714893341064,0,1,0.0,0.0,0.0,-0.001346723292954266,6.879301508888602e-05,-3.510713577270508e-05
885,8,80,1.0,1.8746269941329956,0,1,0.0,0.0,0.0,-0.002476193243637681,-0.001159818610176444,0.007051342166960239
886,8,81,1.0,1.8722853660583496,0,1,0.0,0.0,0.0,-0.002509460784494877,-0.001142768538556993,0.0070833852514624596
887,8,82,1.0,1.0224506855010986,0,0,0.0,0.0,0.0,-0.002110573695972562,-0.003054330125451088,0.07106620073318481
888,8,83,1.0,1.022156834602356,0,0,0.0,0.0,0.0,-0.0021177500020712614,-0.003050481900572777,0.07207651436328888
889,8,84,1.0,0.9995835423469543,0,0,0.0,0.0,0.5,-0.0013353691902011633,-0.0011881486279889941,0.17695480585098267
890,8,85,1.0,0.9953449368476868,0,0,0.0,0.0,0.5,0.0007046001264825463,0.0014085941947996616,0.5240229368209839
891,8,86,1.0,0.9983515739440918,0,0,0.0,0.0,0.5,0.0002618019934743643,0.0014531195629388094,0.5296337008476257
892,8,87,1.0,0.9981875419616699,0,0,0.0,0.0,0.5,0.0002170950174331665,0.001936206128448248,0.5301977396011353
893,8,88,1.0,0.9968451261520386,0,0,0.0,0.0,0.5,0.00019841000903397799,0.002095344476401806,0.5239230990409851
894,8,89,1.0,0.9969488978385925,0,0,0.0,0.0,0.5,0.0002753514563664794,0.001702979439869523,0.5275514721870422
895,8,90,1.0,0.9965295195579529,0,0,0.0,0.0,0.5,0.0006140269106253982,0.0013879919424653053,0.5268040895462036
896,8,91,1.0,0.9979327321052551,0,0,0.0,0.0,0.5,0.0007932673906907439,0.0010688689071685076,0.5264238119125366
897,8,92,1.0,0.9980795979499817,0,0,0.0,0.0,0.5,0.00037527678068727255,0.0008862431277520955,0.5270816683769226
898,8,93,1.0,0.9975723028182983,0,0,0.0,0.0,0.5,0.0005776375764980912,0.0013308615889400244,0.5267613530158997
899,9,0,1.0,0.9968156218528748,0,0,0.0,0.0,0.0,-0.002550259931012988,0.0014817090705037117,-0.0004253983497619629
900,9,1,1.0,0.9969172477722168,0,0,0.0,0.0,0.0,-0.0012541909236460924,0.0011825200635939837,-0.002518679015338421
901,9,2,1.0,0.9994819164276123,0,0,0.0,0.0,0.0,-0.0011036642827093601,0.00038128282176330686,-0.00013323407620191574
902,9,3,1.0,0.9992214441299438,0,0,0.0,0.0,0.0,-0.00142104912083596,0.00042221491457894444,0.0005283160135149956
903,9,4,1.0,1.0011227130889893,0,0,0.0,0.0,0.0,0.0019262436544522643,-0.0018737574573606253,0.005453541874885559
904,9,5,1.0,1.0010854005813599,0,0,0.0,0.0,0.0,0.001861143740825355,-0.001872215885668993,0.005643459036946297
905,9,6,1.0,1.0024988651275635,0,0,0.0,0.0,0.0,0.0013673965586349368,-0.0005056254449300468,0.01260040607303381
906,9,7,1.0,1.0024937391281128,0,0,0.0,0.0,0.0,0.0013819780433550477,-0.0005086829187348485,0.012687784619629383
907,9,8,1.0,1.002764344215393,0,0,0.0,0.0,0.0,-0.028017213568091393,0.001192633993923664,-0.00011920742690563202
908,9,9,1.0,1.002764344215393,0,0,0.0,0.0,0.0,-0.027996160089969635,0.0011898656375706196,-9.645242244005203e-05
909,9,10,1.0,0.9944823980331421,0,0,0.0,0.0,0.0,-0.08895392715930939,0.0018076992128044367,-0.009499281644821167
910,9,11,1.0,0.9944826364517212,0,0,0.0,0.0,0.0,-0.08894696831703186,0.0018073872197419405,-0.009494293481111526
911,9,12,1.0,0.9827043414115906,0,0,-0.25,0.0,0.0,-0.26256078481674194,-0.0017013840842992067,0.0001311199739575386
912,9,13,1.0,0.9783220291137695,0,0,-0.25,0.0,0.0,-0.27313169836997986,-0.00010816927533596754,0.005426618270576
913,9,14,1.0,0.9810078740119934,0,0,-0.25,0.0,0.0,-0.27932441234588623,-0.00019728433107957244,0.0007265694439411163
914,9,15,1.0,0.9868851900100708,0,0,-0.25,0.0,0.0,-0.2840389907360077,0.0003133757854811847,0.00241823960095644
915,9,16,1.0,0.9859288334846497,0,0,-0.25,0.0,0.0,-0.2894357740879059,8.864112896844745e-05,0.003955148160457611
916,9,17,1.0,0.9902081489562988,0,0,-0.25,0.0,0.0,-0.2813435196876526,-0.0007479809573851526,0.008515697903931141
917,9,18,1.0,0.982891321182251,0,0,-0.25,0.0,0.0,-0.23001278936862946,-0.0013458936009556055,0.00998465996235609
918,9,19,1.0,0.9813181757926941,0,0,0.0,0.0,0.0,-0.1615530401468277,-0.0032121154945343733,0.0013973722234368324
919,9,20,1.0,0.9773938059806824,0,0,0.0,0.0,0.0,-0.06340998411178589,-0.008059654384851456,-0.009131159633398056
920,9,21,1.0,0.9835824370384216,0,0,0.0,0.0,0.0,-0.023418713361024857,-0.00871871318668127,-0.01012533251196146
921,9,22,1.0,0.992714524269104,0,0,0.0,0.0,0.0,-0.006846901029348373,-0.004310321062803268,-0.004937754012644291
922,9,23,1.0,0.9932915568351746,0,0,0.0,0.0,0.0,-0.005077174864709377,-0.004387753549963236,-0.004171986132860184
923,9,24,1.0,0.9959419965744019,0,0,0.0,0.0,0.0,-0.0031297006644308567,-0.0022605007980018854,-0.002056580502539873
924,9,25,1.0,0.9959641098976135,0,0,0.0,0.0,0.0,-0.002997432369738817,-0.0022689851466566324,-0.001850928645581007
925,9,26,1.0,1.0014705657958984,0,0,0.0,0.0,0.0,-0.0009428297635167837,-0.006815965753048658,-0.0005037384107708931
926,9,27,1.0,1.0014668703079224,0,0,0.0,0.0,0.0,-0.0009241590742021799,-0.006822063121944666,-0.00046244729310274124
927,9,28,1.0,0.9986721277236938,0,0,0.0,-0.25,0.0,-0.0016233172500506043,-0.005348233971744776,-0.00618398655205965
928,9,29,1.0,0.9927787780761719,0,0,0.0,-0.25,0.0,-0.0023646862246096134,-0.26558390259742737,-0.0033715981990098953
929,9,30,1.0,0.9877886176109314,0,0,0.0,-0.25,0.0,-0.002471256535500288,-0.27285581827163696,0.0006208484992384911
930,9,31,1.0,0.9836727976799011,0,0,0.0,-0.25,0.0,-0.0019813114777207375,-0.27799537777900696,0.0047402456402778625
931,9,32,1.0,0.9887166023254395,0,0,0.0,-0.25,0.0,-0.0016695406520739198,-0.2809546887874603,0.0015124911442399025
932,9,33,1.0,0.9857438206672668,0,0,0.0,-0.25,0.0,-0.0014710152754560113,-0.28323519229888916,0.003930933773517609
933,9,34,1.0,0.9898996949195862,0,0,0.0,-0.25,0.0,-0.0013684784062206745,-0.28020310401916504,0.0049733854830265045
934,9,35,1.0,0.9952608346939087,0,0,0.0,-0.25,0.0,-0.0023501329123973846,-0.27322378754615784,-0.002895447425544262
935,9,36,1.0,0.9953857660293579,0,0,0.0,-0.25,0.0,-0.0028147012926638126,-0.26189300417900085,-0.007212421856820583
936,9,37,1.0,0.9980254769325256,0,0,0.0,-0.25,0.0,-0.0022901231423020363,-0.25276362895965576,-0.011605339124798775
937,9,38,1.0,0.9981549382209778,0,0,0.0,-0.25,0.0,-6.628863047808409e-05,-0.11683707684278488,0.006693032570183277
938,9,39,1.0,0.9969788193702698,0,0,0.0,-0.25,0.0,-0.0007511815638281405,-0.041849713772535324,0.0180620476603508
939,9,40,1.0,1.0011227130889893,0,0,0.0,0.0,0.0,-0.0019895245786756277,-0.007474403828382492,-0.009290489368140697
940,9,41,1.0,1.0036424398422241,0,0,0.0,0.0,0.0,-0.001894417917355895,-0.0016132195014506578,-0.010962322354316711
941,9,42,1.0,1.0043858289718628,0,0,0.0,0.0,0.0,-0.002254554769024253,-7.137574721127748e-05,-0.0012486930936574936
942,9,43,1.0,1.0045347213745117,0,0,0.0,0.0,0.0,-0.002216595457866788,0.00020414148457348347,-0.0036700069904327393
943,9,44,1.0,1.0022035837173462,0,0,0.0,0.0,0.0,-0.001391339348629117,0.0003969324170611799,-0.02423800155520439
944,9,45,1.0,1.0022144317626953,0,0,0.0,0.0,0.0,-0.0013956291368231177,0.0004513877793215215,-0.025220751762390137
945,9,46,1.0,1.0029561519622803,0,0,0.0,0.0,0.0,-0.0009215754107572138,0.0003408549237065017,-0.06232443079352379
946,9,47,1.0,1.0029655694961548,0,0,0.0,0.0,0.0,-0.0009212776785716414,0.00035175628727301955,-0.06257086992263794
947,9,48,1.0,1.0038540363311768,0,0,0.0,0.0,0.0,-0.0004679776029661298,0.00032781955087557435,-0.1055433377623558
948,9,49,1.0,1.0038566589355469,0,0,0.0,0.0,-0.5,-0.00046853767707943916,0.0003299688105471432,-0.10561318695545197
949,9,50,1.0,0.9943132996559143,0,0,0.0,0.0,-0.5,0.0006511813262477517,0.0009548966190777719,-0.5500025153160095
950,9,51,1.0,0.9880530834197998,0,0,0.0,0.0,-0.5,0.00012657116167247295,0.001123892143368721,-0.5463998317718506
951,9,52,1.0,0.988231897354126,0,0,0.0,0.0,-0.5,0.00037801743019372225,0.000882106542121619,-0.5399367213249207
952,9,53,1.0,0.9882903099060059,0,0,0.0,0.0,-0.5,0.0008422912796959281,0.001280693570151925,-0.5377282500267029
953,9,54,1.0,0.9905625581741333,0,0,0.0,0.0,-0.5,-0.0009605637169443071,0.001223820960149169,-0.5456110835075378
954,9,55,1.0,0.9910190105438232,0,0,0.0,0.0,-0.5,-0.0017370769055560231,-0.0002442648110445589,-0.552606463432312
955,9,56,1.0,0.9950709342956543,0,0,0.0,0.0,-0.5,-0.0014735687291249633,0.00034519395558163524,-0.5632821917533875
956,9,57,1.0,0.9996835589408875,0,0,0.0,0.0,-0.5,-0.0015356600051745772,0.0009705653064884245,-0.5679484009742737
957,9,58,1.0,0.9999229907989502,0,0,0.0,0.0,-0.5,-0.0009589753462933004,0.0011064226273447275,-0.5705363750457764
958,9,59,1.0,0.9984734654426575,0,0,0.0,0.0,-0.5,-0.0006330163450911641,0.0011104356963187456,-0.5610483884811401
959,9,60,1.0,0.9931148886680603,0,0,0.0,0.0,0.0,0.00022130552679300308,0.0010952611919492483,-0.5089275240898132
960,9,61,1.0,0.9924327731132507,0,0,0.0,0.0,0.0,0.000393638270907104,0.0009519111481495202,-0.4874316155910492
961,9,62,1.0,1.1177918910980225,0,0,0.0,0.0,0.0,0.001391028636135161,-0.0010189663153141737,-0.042492568492889404
962,9,63,1.0,1.124754786491394,0,0,0.0,0.0,0.0,0.0014326198725029826,-0.0011212611570954323,-0.035377491265535355
963,9,64,1.0,1.2114362716674805,0,0,0.0,0.0,0.0,0.001457030768506229,-0.000557991093955934,-0.02481929585337639
964,9,65,1.0,1.2164257764816284,0,0,0.0,0.0,0.0,0.0014411971205845475,-0.0005409458535723388,-0.0228746198117733
965,9,66,2.0,1.5551860332489014,1,1,0.0,0.0,0.0,0.0009641592623665929,0.00048148672794923186,-0.006495053879916668
966,9,67,2.0,2.0483827590942383,1,1,0.0,0.0,0.0,0.0015557092847302556,-0.0006073490949347615,0.0027332352474331856
967,9,68,2.0,2.053647518157959,1,1,0.0,0.0,0.0,0.0013055001618340611,-0.0007581142126582563,3.6928802728652954e-05
968,9,69,2.0,2.0593934059143066,1,1,0.0,0.0,0.0,0.0007366122445091605,-0.002285773167386651,0.002387368120253086
969,9,70,2.0,2.0611069202423096,1,1,0.0,0.0,0.0,0.0012154342839494348,-0.001319515984505415,0.004658076912164688
970,9,71,2.0,2.0632433891296387,1,1,0.0,0.0,0.0,0.0011681899195536971,-0.001225827494636178,0.005602473393082619
971,9,72,2.0,2.067884922027588,1,1,0.0,0.0,0.0,0.0002805778058245778,-0.00036030623596161604,0.0055305249989032745
972,9,73,2.0,2.071359634399414,1,1,0.0,0.0,0.0,-0.00011293473653495312,6.685109110549092e-05,0.0054598404094576836
973,9,74,2.0,1.412505030632019,1,0,0.0,0.0,0.0,-0.0013958424096927047,-0.0033521351870149374,-0.023977123200893402
974,9,75,1.0,1.128728985786438,0,0,0.0,0.0,0.0,-0.001568975974805653,-0.0035364662762731314,-0.044165175408124924
975,9,76,1.0,1.0430731773376465,0,0,0.0,0.0,0.0,0.0010393253760412335,-0.0016491657588630915,-0.03925593942403793
976,9,77,1.0,1.0190297365188599,0,0,0.0,0.0,0.0,0.0008542443392798305,-0.001293811947107315,-0.013526719063520432
977,9,78,1.0,0.9968400597572327,0,0,0.0,0.0,0.0,0.00046815944369882345,0.00043144141091033816,0.20493854582309723
978,9,79,1.0,0.997452437877655,0,0,0.0,0.0,0.0,0.0004639310063794255,-0.0005896668299101293,0.20579884946346283
979,9,80,1.0,0.9985299706459045,0,0,0.0,0.0,0.0,-7.414491847157478e-06,0.0007955904002301395,0.44397416710853577
980,9,81,1.0,0.9984442591667175,0,0,0.0,0.0,0.5,-6.48468267172575e-06,0.0006994943250901997,0.44631218910217285
981,9,82,1.0,0.9981389045715332,0,0,0.0,0.0,0.5,0.0006654631579294801,0.0016640904359519482,0.5267603397369385
982,9,83,1.0,0.9983294010162354,0,0,0.0,0.0,0.5,0.0002992700319737196,0.0013138477224856615,0.5283132195472717
983,9,84,1.0,0.996738851070404,0,0,0.0,0.0,0.5,0.0004728449275717139,0.0010653194040060043,0.5300552845001221
984,9,85,1.0,0.9967983961105347,0,0,0.0,0.0,0.5,0.000565633992664516,0.0010337736457586288,0.5292888283729553
985,9,86,1.0,0.9966027736663818,0,0,0.0,0.0,0.5,-1.5217927284538746e-05,0.0008598744752816856,0.5298430919647217
986,9,87,1.0,0.9976003170013428,0,0,0.0,0.0,0.5,0.0004993305774405599,0.00036963116144761443,0.5288517475128174
987,9,88,1.0,0.9976890087127686,0,0,0.0,0.0,0.5,0.0005929145263507962,0.0001297529088333249,0.5284252762794495
988,9,89,1.0,0.997258722782135,0,0,0.0,0.0,0.5,0.0005363688105717301,0.0006758301169611514,0.5275516510009766
989,9,90,1.0,0.9970335364341736,0,0,0.0,0.0,0.5,0.0011850117007270455,0.001414409838616848,0.5278873443603516
990,10,0,1.0,0.9956479668617249,0,0,0.0,0.0,0.0,0.002366720698773861,0.0003036250709556043,0.0043423837050795555
991,10,1,1.0,0.9951536655426025,0,0,0.0,0.0,0.0,0.002099687233567238,0.0009118358721025288,-0.0015157433226704597
992,10,2,1.0,0.9963737726211548,0,0,0.0,0.0,0.0,0.0012111450778320432,0.0016936841420829296,0.0019640112295746803
993,10,3,1.0,0.9961748719215393,0,0,0.0,0.0,0.0,0.001085578347556293,0.0016736122779548168,0.0032622860744595528
994,10,4,1.0,0.9936437606811523,0,0,0.0,0.0,0.0,0.0007374844281002879,0.003220345126464963,0.0010077059268951416
995,10,5,1.0,0.9936102628707886,0,0,0.0,0.0,0.0,0.0007144751725718379,0.0032186282332986593,0.0013535981997847557
996,10,6,1.0,0.9951800107955933,0,0,0.0,0.0,0.0,0.0005353462183848023,0.0019961558282375336,0.0004871264100074768
997,10,7,1.0,0.9951600432395935,0,0,0.0,0.0,0.0,0.0005516967503353953,0.0019944440573453903,0.0006022574380040169
998,10,8,1.0,0.9942815899848938,0,0,0.0,0.0,0.0,-0.01655801199376583,0.0019069463014602661,-0.0031022876501083374
999,10,9,1.0,0.9942757487297058,0,0,0.0,0.0,0.0,-0.016542606055736542,0.0019053725991398096,-0.0030734804458916187
1000,10,10,1.0,0.9922236204147339,0,0,0.0,0.0,0.0,-0.0492410808801651,0.0011873352341353893,-0.0008227406069636345
1001,10,11,1.0,0.9922223687171936,0,0,-0.25,0.0,0.0,-0.049236465245485306,0.0011872558388859034,-0.000815272331237793
1002,10,12,1.0,0.9801616072654724,0,0,-0.25,0.0,0.0,-0.23240651190280914,-0.00047176529187709093,0.010879809968173504
1003,10,13,1.0,0.9854710698127747,0,0,-0.25,0.0,0.0,-0.2549101710319519,-0.002517824061214924,0.010247941128909588
1004,10,14,1.0,0.9835599660873413,0,0,-0.25,0.0,0.0,-0.26714131236076355,-0.002308663446456194,0.0030678408220410347
1005,10,15,1.0,0.9814028143882751,0,0,-0.25,0.0,0.0,-0.27056992053985596,-0.001917166169732809,0.0069870175793766975
1006,10,16,1.0,0.9853246808052063,0,0,-0.25,0.0,0.0,-0.2742249667644501,-0.0023305367212742567,-0.002008990850299597
1007,10,17,1.0,0.9797606468200684,0,0,-0.25,0.0,0.0,-0.2730935513973236,-0.0011284098727628589,-0.002305548172444105
1008,10,18,1.0,0.9818748235702515,0,0,-0.25,0.0,0.0,-0.2743123769760132,-0.0003573331923689693,0.0024571605026721954
1009,10,19,1.0,0.9819332957267761,0,0,-0.25,0.0,0.0,-0.27997255325317383,-0.0012211990542709827,0.005331472493708134
1010,10,20,1.0,0.9897283911705017,0,0,-0.25,0.0,0.0,-0.2871285676956177,-0.0004647778405342251,0.007392694242298603
1011,10,21,1.0,0.9937399625778198,0,0,-0.25,0.0,0.0,-0.287095308303833,-0.0001068080891855061,0.0074369339272379875
1012,10,22,1.0,0.9983462691307068,0,0,-0.25,0.0,0.0,-0.2767254710197449,0.0013060914352536201,0.006993473507463932
1013,10,23,1.0,1.001964807510376,0,0,-0.25,0.0,0.0,-0.2627866268157959,0.0006846041069366038,0.011380632407963276
1014,10,24,1.0,0.9808470010757446,0,0,-0.25,0.0,0.0,-0.1390235871076584,-0.0029875675681978464,0.00015703216195106506
1015,10,25,1.0,0.9865021705627441,0,0,0.0,0.0,0.0,-0.08072677254676819,-0.0028105450328439474,0.00038605649024248123
1016,10,26,1.0,0.9874001741409302,0,0,0.0,0.0,0.0,-0.03091551922261715,-0.006254779174923897,-0.0060945916920900345
1017,10,27,1.0,0.9890373945236206,0,0,0.0,0.0,0.0,-0.012318683788180351,-0.007413704413920641,-0.003006218932569027
1018,10,28,1.0,0.9951187372207642,0,0,0.0,0.0,0.0,-0.004707540385425091,-0.004206166602671146,0.0065531255677342415
1019,10,29,1.0,0.9953277707099915,0,0,0.0,0.0,0.0,-0.003211748320609331,-0.004329080693423748,0.007200763560831547
1020,10,30,1.0,1.0048948526382446,0,0,0.0,0.0,0.0,0.0007361063035205007,-0.03653043881058693,0.017119716852903366
1021,10,31,1.0,1.0048863887786865,0,0,0.0,0.0,0.0,0.000841910601593554,-0.03655552119016647,0.017085522413253784
1022,10,32,1.0,1.0077810287475586,0,0,0.0,0.0,0.0,2.9719085432589054e-05,-0.09756235778331757,0.01729077473282814
1023,10,33,1.0,1.00777268409729,0,0,0.0,-0.25,0.0,4.085199907422066e-05,-0.09756054729223251,0.017292141914367676
1024,10,34,1.0,0.9931883811950684,0,0,0.0,-0.25,0.0,-0.002135877963155508,-0.2702510356903076,-0.0012089512310922146
1025,10,35,1.0,0.9977790713310242,0,0,0.0,-0.25,0.0,-0.0021304066758602858,-0.27108171582221985,0.003195255994796753
1026,10,36,1.0,0.9924141764640808,0,0,0.0,-0.25,0.0,-0.0023143691942095757,-0.2750476598739624,0.0014333324506878853
1027,10,37,1.0,0.9920856952667236,0,0,0.0,-0.25,0.0,-0.002414071001112461,-0.2763023376464844,-0.001565855462104082
1028,10,38,1.0,1.005031704902649,0,0,0.0,-0.25,0.0,-0.0020833236631006002,-0.2747516632080078,0.0018830643966794014
1029,10,39,1.0,0.9997917413711548,0,0,0.0,-0.25,0.0,-0.002271320903673768,-0.2772481441497803,0.003236674703657627
1030,10,40,1.0,1.0021216869354248,0,0,0.0,-0.25,0.0,-0.0026110284961760044,-0.27631860971450806,0.0038763992488384247
1031,10,41,1.0,1.004991888999939,0,0,0.0,-0.25,0.0,-0.002344171516597271,-0.26899683475494385,0.0019533298909664154
1032,10,42,1.0,1.0078707933425903,0,0,0.0,-0.25,0.0,-0.0008606968331150711,-0.2623000741004944,-0.006169677712023258
1033,10,43,1.0,1.002236008644104,0,0,0.0,-0.25,0.0,-0.0014368757838383317,-0.21551206707954407,-0.02068108133971691
1034,10,44,1.0,0.995557963848114,0,0,0.0,-0.25,0.0,-6.433576345443726e-05,-0.0393342599272728,-0.033820394426584244
1035,10,45,1.0,1.0010651350021362,0,0,0.0,0.0,0.0,-0.001552325556986034,-0.012309469282627106,-0.03132494166493416
1036,10,46,1.0,1.002488374710083,0,0,0.0,0.0,0.0,-0.002481878735125065,-0.002111943904310465,-0.01342182606458664
1037,10,47,1.0,1.003409504890442,0,0,0.0,0.0,0.0,-0.0023751596454530954,-0.00024034507805481553,-0.0030295541509985924
1038,10,48,1.0,1.0030887126922607,0,0,0.0,0.0,0.0,-0.0017549109179526567,0.0005053876084275544,-0.004360678605735302
1039,10,49,1.0,1.003020167350769,0,0,0.0,0.0,0.0,-0.0017133480869233608,0.0006674156174995005,-0.004965745843946934
1040,10,50,1.0,1.0017637014389038,0,0,0.0,0.0,0.0,-0.0010966591071337461,0.000862836663145572,-0.028603006154298782
1041,10,51,1.0,1.0017753839492798,0,0,0.0,0.0,0.0,-0.0011018792865797877,0.0008910181350074708,-0.029041260480880737
1042,10,52,1.0,1.001467227935791,0,0,0.0,0.0,0.0,-0.000608152593486011,0.0010613433551043272,-0.05384168028831482
1043,10,53,1.0,1.0014747381210327,0,0,0.0,0.0,0.0,-0.0006087783258408308,0.0010665347799658775,-0.053971175104379654
1044,10,54,1.0,1.001505732536316,0,0,0.0,0.0,-0.5,-0.0009012995287775993,0.0011235512793064117,-0.04817856848239899
1045,10,55,1.0,0.9958279132843018,0,0,0.0,0.0,-0.5,0.0007915928727015853,0.0012826996389776468,-0.5477675795555115
1046,10,56,1.0,0.9957038760185242,0,0,0.0,0.0,-0.5,0.0009224357781931758,0.0017472049221396446,-0.5451415181159973
1047,10,57,1.0,0.9911322593688965,0,0,0.0,0.0,-0.5,0.000454600783996284,0.0021291880402714014,-0.544765830039978
1048,10,58,1.0,0.9882665872573853,0,0,0.0,0.0,-0.5,0.0007349863881245255,0.0017310117837041616,-0.5335398316383362
1049,10,59,1.0,0.990524172782898,0,0,0.0,0.0,-0.5,0.0004679578123614192,0.0014117322862148285,-0.5360691547393799
1050,10,60,1.0,0.9909970760345459,0,0,0.0,0.0,-0.5,-0.0009449574281461537,0.0004244791925884783,-0.5472360849380493
1051,10,61,1.0,0.9951935410499573,0,0,0.0,0.0,-0.5,-0.0014463186962530017,3.873364767059684e-05,-0.5504245162010193
1052,10,62,1.0,0.997395932674408,0,0,0.0,0.0,-0.5,-0.0012784420978277922,0.0020834370516240597,-0.5605917572975159
1053,10,63,1.0,0.9979655146598816,0,0,0.0,0.0,-0.5,-0.0011398622300475836,0.0016172693576663733,-0.5636027455329895
1054,10,64,1.0,0.9985637664794922,0,0,0.0,0.0,-0.5,0.0007682578871026635,0.0021722561214119196,-0.5012438893318176
1055,10,65,1.0,0.997189462184906,0,0,0.0,0.0,0.0,0.0013935453025624156,0.0015783545095473528,-0.4307681620121002
1056,10,66,1.0,1.0031441450119019,0,0,0.0,0.0,0.0,-0.0011377685004845262,-0.0005431072204373777,-0.14981907606124878
1057,10,67,1.0,1.0103816986083984,0,0,0.0,0.0,0.0,-0.0012734647607430816,-0.0007251687347888947,-0.13029327988624573
1058,10,68,1.0,1.2529796361923218,0,0,0.0,0.0,0.0,0.0011451301397755742,-0.0006113692652434111,-0.014812739565968513
1059,10,69,1.0,1.2644283771514893,0,0,0.0,0.0,0.0,0.001219250843860209,-0.00043405641918070614,-0.015311608090996742
1060,10,70,1.0,1.3909693956375122,0,0,0.0,0.0,0.0,0.0016729339258745313,0.0006135870353318751,-0.007955027744174004
1061,10,71,2.0,1.397610068321228,1,0,0.0,0.0,0.0,0.0017027865396812558,0.0006514833658002317,-0.00827124621719122
1062,10,72,2.0,2.0574569702148438,1,1,0.0,0.0,0.0,0.0015674039022997022,0.00018322770483791828,-0.004967913497239351
1063,10,73,2.0,2.052589178085327,1,1,0.0,0.0,0.0,0.0016050973208621144,-0.0003635121393017471,-0.0012712236493825912
1064,10,74,2.0,2.052067995071411,1,1,0.0,0.0,0.0,0.0014088837197050452,-0.000883550732396543,0.0012246845290064812
1065,10,75,2.0,2.0509958267211914,1,1,0.0,0.0,0.0,0.002200136426836252,-0.00212394748814404,-0.002543848007917404
1066,10,76,2.0,2.0578393936157227,1,1,0.0,0.0,0.0,0.001121736248023808,-0.001711235847324133,0.000540468841791153
1067,10,77,2.0,2.0576207637786865,1,1,0.0,0.0,0.0,0.0010392138501629233,-0.0018158850725740194,0.001951294019818306
1068,10,78,2.0,2.062621593475342,1,1,0.0,0.0,0.0,0.0011145496973767877,-0.001112764235585928,0.0018087998032569885
1069,10,79,2.0,2.0650887489318848,1,1,0.0,0.0,0.0,0.0010849452810361981,-0.0012766201980412006,0.006901313550770283
1070,10,80,2.0,2.051348924636841,1,1,0.0,0.0,0.0,6.707094144076109e-05,0.0005656426656059921,-0.0013738330453634262
1071,10,81,1.0,1.821805477142334,0,1,0.0,0.0,0.0,-0.0018521052552387118,-0.00023318090825341642,-0.009114313870668411
1072,10,82,1.0,0.9955302476882935,0,0,0.0,0.0,0.0,0.0015853216173127294,0.00136741460300982,0.515357255935669
1073,10,83,1.0,1.0276418924331665,0,0,0.0,0.0,0.0,0.00038507196586579084,-0.0026253596879541874,-0.0077749015763401985
1074,10,84,1.0,1.0103338956832886,0,0,0.0,0.0,0.0,-0.00013905472587794065,-0.005864773411303759,0.002734098583459854
1075,10,85,1.0,0.9964213371276855,0,0,0.0,0.0,0.0,0.001551765133626759,0.0011537589598447084,0.5276649594306946
1076,10,86,1.0,1.0018582344055176,0,0,0.0,0.0,0.0,-6.341817788779736e-05,-0.00038592968485318124,0.21050097048282623
1077,10,87,1.0,1.0176265239715576,0,0,0.0,0.0,0.0,0.0005414510378614068,-0.004405051935464144,-0.012299252673983574
1078,10,88,1.0,0.9964344501495361,0,0,0.0,0.0,0.0,0.0008983007865026593,0.0014661503955721855,0.5282256603240967
1079,10,89,1.0,0.9997233152389526,0,0,0.0,0.0,0.5,0.00018191267736256123,0.000820025394205004,0.4575478136539459
1080,10,90,1.0,0.9969708323478699,0,0,0.0,0.0,0.5,0.0009056032868102193,0.0006140795885585248,0.5287388563156128
1081,10,91,1.0,0.9972723722457886,0,0,0.0,0.0,0.5,0.000668594497255981,0.00047100562369450927,0.5285331606864929
1082,10,92,1.0,0.9977540969848633,0,0,0.0,0.0,0.5,0.0010596361244097352,0.0006003454909659922,0.5302360653877258
1083,10,93,1.0,0.9991425275802612,0,0,0.0,0.0,0.5,0.0006325748981907964,0.000912881048861891,0.5294241905212402
1084,10,94,1.0,0.9983845949172974,0,0,0.0,0.0,0.5,2.8852606192231178e-05,0.0010806219652295113,0.5285148024559021
1085,10,95,1.0,0.9979579448699951,0,0,0.0,0.0,0.5,0.001102051348425448,0.00048701331252232194,0.5287734866142273
1086,10,96,1.0,0.9986752867698669,0,0,0.0,0.0,0.5,0.0014034818159416318,0.00025304662995040417,0.5287361145019531
1087,10,97,1.0,0.9980371594429016,0,0,0.0,0.0,0.5,0.001105002244003117,0.0010409797541797161,0.5292649269104004
1088,10,98,1.0,0.9981396794319153,0,0,0.0,0.0,0.5,0.0011649505468085408,0.00040503410855308175,0.5317237377166748
1089,11,0,1.0,0.9966622591018677,0,0,0.0,0.0,0.0,0.002575014252215624,-0.0003789761394727975,0.00124331284314394
1090,11,1,1.0,0.9954359531402588,0,0,0.0,0.0,0.0,0.0032658581621944904,-0.0005888915620744228,-0.00044412072747945786
1091,11,2,1.0,0.9923312067985535,0,0,0.0,0.0,0.0,0.002527115400880575,-0.0013576552737504244,0.0018111402168869972
1092,11,3,1.0,0.9922178983688354,0,0,0.0,0.0,0.0,0.0023045637644827366,-0.0013025819789618254,0.002690487541258335
1093,11,4,1.0,0.9898831844329834,0,0,0.0,0.0,0.0,0.0003657055785879493,0.0003030570806004107,-0.0007350556552410126
1094,11,5,1.0,0.9898492693901062,0,0,0.0,0.0,0.0,0.000305658089928329,0.0003163104993291199,-0.0004724562168121338
1095,11,6,1.0,0.9921761751174927,0,0,0.0,0.0,0.0,0.002750976476818323,-0.002706777071580291,0.003988618962466717
1096,11,7,1.0,0.9921558499336243,0,0,0.0,0.0,0.0,0.0027591180987656116,-0.002713319379836321,0.004081331193447113
1097,11,8,1.0,0.9967731237411499,0,0,0.0,0.0,0.0,-0.0011016931384801865,-0.003911847714334726,-0.0002582333981990814
1098,11,9,1.0,0.996768057346344,0,0,0.0,0.0,0.0,-0.0010980195365846157,-0.003914185333997011,-0.00023622531443834305
1099,11,10,1.0,0.9901037216186523,0,0,-0.25,0.0,0.0,-0.07297477126121521,-0.000884475652128458,-0.00179579621180892
1100,11,11,1.0,0.9765734672546387,0,0,-0.25,0.0,0.0,-0.22198152542114258,-0.00284924847073853,0.002377343364059925
1101,11,12,1.0,0.9769306182861328,0,0,-0.25,0.0,0.0,-0.25034090876579285,-0.0009347567101940513,0.0005992511287331581
1102,11,13,1.0,0.9768228530883789,0,0,-0.25,0.0,0.0,-0.2716106176376343,-0.0009516407153569162,0.0009696837514638901
1103,11,14,1.0,0.9765116572380066,0,0,-0.25,0.0,0.0,-0.2684517502784729,-0.0009911245433613658,-0.0014343075454235077
1104,11,15,1.0,0.9778038263320923,0,0,-0.25,0.0,0.0,-0.27458134293556213,-0.00020725763170048594,0.0022498639300465584
1105,11,16,1.0,0.9786611795425415,0,0,-0.25,0.0,0.0,-0.2751072943210602,-0.0002185255871154368,-0.00015878211706876755
1106,11,17,1.0,0.9785187840461731,0,0,-0.25,0.0,0.0,-0.27694764733314514,0.00046570802805945277,-0.0023302878253161907
1107,11,18,1.0,0.9821109771728516,0,0,-0.25,0.0,0.0,-0.28208789229393005,-0.00021891959477216005,0.002394753508269787
1108,11,19,1.0,0.9836484789848328,0,0,-0.25,0.0,0.0,-0.2841174304485321,-0.0006681688828393817,0.005072338506579399
1109,11,20,1.0,0.988614022731781,0,0,-0.25,0.0,0.0,-0.2864063084125519,0.00029921665554866195,-0.0009496919810771942
1110,11,21,1.0,0.9913696646690369,0,0,-0.25,0.0,0.0,-0.28501972556114197,-0.0003352783096488565,-0.0034930789843201637
1111,11,22,1.0,1.000005841255188,0,0,-0.25,0.0,0.0,-0.2757170796394348,-0.0010886752279475331,-0.0001148981973528862
1112,11,23,1.0,0.9807946085929871,0,0,-0.25,0.0,0.0,-0.17105628550052643,-0.003118569031357765,0.0026647793129086494
1113,11,24,1.0,0.9803051948547363,0,0,0.0,0.0,0.0,-0.055892251431941986,-0.00347324856556952,-0.011973142623901367
1114,11,25,1.0,0.9853490591049194,0,0,0.0,0.0,0.0,-0.024438796564936638,4.5664841309189796e-05,-0.007561776787042618
1115,11,26,1.0,0.9874483346939087,0,0,0.0,0.0,0.0,-0.007763570640236139,-0.004752943757921457,-0.0014265161007642746
1116,11,27,1.0,0.9875748157501221,0,0,0.0,0.0,0.0,-0.003103545866906643,-0.004569340497255325,0.0004926901310682297
1117,11,28,1.0,0.9979166388511658,0,0,0.0,0.0,0.0,-0.0016298826085403562,0.025145160034298897,0.0187290757894516
1118,11,29,1.0,0.9975442886352539,0,0,0.0,0.0,0.0,-0.0012814245419576764,0.026211963966488838,0.018732164055109024
1119,11,30,1.0,0.9993299245834351,0,0,0.0,0.0,0.0,-0.0004340364830568433,0.08890167623758316,0.020804576575756073
1120,11,31,1.0,0.9993001818656921,0,0,0.0,0.25,0.0,-0.0004016808234155178,0.08914133161306381,0.02077125757932663
1121,11,32,1.0,0.9866397380828857,0,0,0.0,0.25,0.0,0.00047071382869035006,0.2707875967025757,0.005343448370695114
1122,11,33,1.0,0.9876883029937744,0,0,0.0,0.25,0.0,0.0006469901418313384,0.2729744613170624,0.007814896292984486
1123,11,34,1.0,0.9912506341934204,0,0,0.0,0.25,0.0,-0.001043026801198721,0.27459338307380676,0.014164936728775501
1124,11,35,1.0,0.9930521249771118,0,0,0.0,0.25,0.0,-0.0017967002931982279,0.2737131714820862,0.01780417561531067
1125,11,36,1.0,0.9931418299674988,0,0,0.0,0.25,0.0,-0.0010540410876274109,0.27309727668762207,0.02701529860496521
1126,11,37,1.0,0.9944940805435181,0,0,0.0,0.25,0.0,-0.00016230822075158358,0.2687157094478607,0.019871074706315994
1127,11,38,1.0,0.9925639629364014,0,0,0.0,0.25,0.0,-0.00037028943188488483,0.2515323758125305,-0.004444159101694822
1128,11,39,1.0,0.9920704960823059,0,0,0.0,0.25,0.0,0.0004122963873669505,0.2509610652923584,-0.005324556492269039
1129,11,40,1.0,0.9991826415061951,0,0,0.0,0.25,0.0,0.0006730827735736966,0.20886018872261047,-0.02777385711669922
1130,11,41,1.0,1.0087449550628662,0,0,0.0,0.25,0.0,5.646306090056896e-05,0.09845681488513947,-0.031906936317682266
1131,11,42,1.0,1.0056736469268799,0,0,0.0,0.0,0.0,-0.0002688107779249549,0.018452676013112068,-0.024441387504339218
1132,11,43,1.0,1.0024521350860596,0,0,0.0,0.0,0.0,-0.0009021152509376407,0.0032122766133397818,-0.02091267704963684
1133,11,44,1.0,1.002238154411316,0,0,0.0,0.0,0.0,-0.0017098173266276717,0.0008065647562034428,-0.011785175651311874
1134,11,45,1.0,1.0020232200622559,0,0,0.0,0.0,0.0,-0.0019898575264960527,0.0004769452498294413,-0.006164819933474064
1135,11,46,1.0,1.0022826194763184,0,0,0.0,0.0,0.0,-0.001986871240660548,0.00034744321601465344,-0.004303114954382181
1136,11,47,1.0,1.0022379159927368,0,0,0.0,0.0,0.0,-0.0020329856779426336,0.00031620048684999347,-0.004089406691491604
1137,11,48,1.0,1.0018928050994873,0,0,0.0,0.0,0.0,-0.0013212711783125997,0.0006681664963252842,-0.04046514630317688
1138,11,49,1.0,1.0018848180770874,0,0,0.0,0.0,0.0,-0.0013271905481815338,0.0006593720172531903,-0.04042087495326996
1139,11,50,1.0,1.0031206607818604,0,0,0.0,0.0,0.0,-0.0008751699351705611,0.0008924425928853452,-0.07998295873403549
1140,11,51,1.0,1.0031179189682007,0,0,0.0,0.0,0.0,-0.000876470236107707,0.0008908523595891893,-0.07996189594268799
1141,11,52,1.0,1.003491997718811,0,0,0.0,0.0,-0.5,-0.0009103685151785612,0.0008058138773776591,-0.10042132437229156
1142,11,53,1.0,0.9972875714302063,0,0,0.0,0.0,-0.5,-1.1504045687615871e-05,0.001491054892539978,-0.5444712042808533
1143,11,54,1.0,0.9962072372436523,0,0,0.0,0.0,-0.5,0.0007464356021955609,0.0012023623567074537,-0.5434086322784424
1144,11,55,1.0,0.9911580681800842,0,0,0.0,0.0,-0.5,0.0003692874452099204,0.0011358822230249643,-0.5419421195983887
1145,11,56,1.0,0.9858040809631348,0,0,0.0,0.0,-0.5,0.0006421004654839635,0.0016165836714208126,-0.5378595590591431
1146,11,57,1.0,0.9901880621910095,0,0,0.0,0.0,-0.5,0.0006942622130736709,0.001223783241584897,-0.5356828570365906
1147,11,58,1.0,0.9911905527114868,0,0,0.0,0.0,-0.5,0.0006523887859657407,0.0011592712253332138,-0.5413145422935486
1148,11,59,1.0,0.9917409420013428,0,0,0.0,0.0,-0.5,-0.0004560054512694478,0.0006217040936462581,-0.5374007225036621
1149,11,60,1.0,0.9908864498138428,0,0,0.0,0.0,-0.5,-0.0015285008121281862,0.001587865175679326,-0.5508468747138977
1150,11,61,1.0,0.9941735863685608,0,0,0.0,0.0,-0.5,-0.001515268231742084,0.0021163944620639086,-0.5573381185531616
1151,11,62,1.0,0.9933292269706726,0,0,0.0,0.0,-0.5,0.0001809945097193122,0.001429092837497592,-0.5521876215934753
1152,11,63,1.0,0.9921057820320129,0,0,0.0,0.0,-0.5,0.0011245337082073092,0.0015698596835136414,-0.5335332751274109
1153,11,64,1.0,0.9771350622177124,0,0,0.0,0.0,0.0,0.00045644643250852823,0.001623376039788127,-0.22955726087093353
1154,11,65,1.0,0.9776082038879395,0,0,0.0,0.0,0.0,0.00010292488150298595,0.001552339643239975,-0.20404034852981567
1155,11,66,1.0,1.6218533515930176,0,1,0.0,0.0,0.0,0.0006716774078086019,-0.00036382940015755594,-0.011900234036147594
1156,11,67,1.0,1.6271613836288452,0,1,0.0,0.0,0.0,0.0006783799035474658,-0.000341518665663898,-0.01106030773371458
1157,11,68,1.0,2.036346197128296,0,1,0.0,0.0,0.0,0.001186833600513637,-0.00014072837075218558,-0.005937534384429455
1158,11,69,1.0,2.0367209911346436,0,1,0.0,0.0,0.0,0.0011856696801260114,-0.0001370261306874454,-0.005881825927644968
1159,11,70,2.0,2.0169403553009033,1,1,0.0,0.0,0.0,0.001151203759945929,0.00023658672580495477,-0.005632531363517046
1160,11,71,2.0,2.049701690673828,1,1,0.0,0.0,0.0,0.002008581068366766,-0.0002109662746079266,0.0010145539417862892
1161,11,72,2.0,2.0512804985046387,1,1,0.0,0.0,0.0,0.0014161736471578479,-0.0012415844248607755,0.001002429984509945
1162,11,73,2.0,2.053858518600464,1,1,0.0,0.0,0.0,0.0010255275992676616,-0.0014273162232711911,-0.0011451030150055885
1163,11,74,2.0,2.0505290031433105,1,1,0.0,0.0,0.0,0.001473227865062654,-0.001325639896094799,0.00045290496200323105
1164,11,75,2.0,2.065032720565796,1,1,0.0,0.0,0.0,0.0013465028023347259,-0.0010853183921426535,0.004050617106258869
1165,11,76,2.0,2.066476345062256,1,1,0.0,0.0,0.0,0.0016027953242883086,-0.0008599107968620956,0.0044679781422019005
1166,11,77,2.0,2.0664477348327637,1,1,0.0,0.0,0.0,0.0016125490656122565,-0.0007947119884192944,0.004759094677865505
1167,11,78,1.0,2.083373785018921,0,1,0.0,0.0,0.0,0.0002347530098631978,0.000251077173743397,0.0035429736599326134
1168,11,79,1.0,2.0833821296691895,0,1,0.0,0.0,0.0,0.00022664573043584824,0.00029506796272471547,0.003635227680206299
1169,11,80,1.0,1.534022569656372,0,1,0.0,0.0,0.0,-0.0008809692808426917,-0.0020400569774210453,-0.007809801958501339
1170,11,81,1.0,1.5300935506820679,0,1,0.0,0.0,0.0,-0.0008579136338084936,-0.001989721553400159,-0.007678008638322353
1171,11,82,1.0,1.0520025491714478,0,0,0.0,0.0,0.0,-0.0011062873527407646,-0.00264804158359766,0.0014788880944252014
1172,11,83,1.0,1.051379919052124,0,0,0.0,0.0,0.0,-0.0011003076797351241,-0.0026086834259331226,0.0020391633734107018
1173,11,84,1.0,0.9951825141906738,0,0,0.0,0.0,0.0,-0.0006902336026541889,-0.0022603312972933054,0.07723689824342728
1174,11,85,1.0,0.9950963258743286,0,0,0.0,0.0,0.0,-0.0006957193254493177,-0.002263663336634636,0.07771944999694824
1175,11,86,1.0,1.0120595693588257,0,0,0.0,0.0,0.0,-0.0013606934808194637,-0.002841831184923649,0.032164160162210464
1176,11,87,1.0,1.011971354484558,0,0,0.0,0.0,0.5,-0.0013654523063451052,-0.0028536238241940737,0.03227360546588898
1177,11,88,1.0,0.992135763168335,0,0,0.0,0.0,0.5,0.0016257768729701638,0.0005179240251891315,0.5088405609130859
1178,11,89,1.0,0.9980204701423645,0,0,0.0,0.0,0.5,0.0015108383959159255,0.001087714685127139,0.5260608792304993
1179,11,90,1.0,0.9998064041137695,0,0,0.0,0.0,0.5,0.000696510192938149,0.0012164360377937555,0.5300531387329102
1180,11,91,1.0,0.9998106360435486,0,0,0.0,0.0,0.5,0.0008073054486885667,0.0012355984654277563,0.5278358459472656
1181,11,92,1.0,0.9999837875366211,0,0,0.0,0.0,0.5,0.00042701850179582834,0.0011704843491315842,0.5289733409881592
1182,11,93,1.0,0.9973450303077698,0,0,0.0,0.0,0.5,0.00029878178611397743,0.001005151541903615,0.5278276801109314
1183,11,94,1.0,0.9985506534576416,0,0,0.0,0.0,0.5,0.0005462240660563111,0.0005445939605124295,0.5289814472198486
1184,11,95,1.0,0.9991840124130249,0,0,0.0,0.0,0.5,0.0006027476629242301,0.00032632536021992564,0.5292054414749146
1185,11,96,1.0,0.9992949366569519,0,0,0.0,0.0,0.5,0.0010130113223567605,0.0009469298529438674,0.5277498364448547
1186,12,0,1.0,0.9970610737800598,0,0,0.0,0.0,0.0,-0.0023004713002592325,0.002430599881336093,-0.0022384673357009888
1187,12,1,1.0,0.997382640838623,0,0,0.0,0.0,0.0,0.00031973421573638916,0.002702613128349185,-0.0046012825332582
1188,12,2,1.0,0.9962764978408813,0,0,0.0,0.0,0.0,8.304556831717491e-05,0.003323180368170142,-0.004872786812484264
1189,12,3,1.0,0.9951649308204651,0,0,0.0,0.0,0.0,-0.0001496190670877695,0.0031648343428969383,-0.004836478736251593
1190,12,4,1.0,0.9966805577278137,0,0,0.0,0.0,0.0,0.0027450043708086014,0.0007215076475404203,0.0017100144177675247
1191,12,5,1.0,0.9966248273849487,0,0,0.0,0.0,0.0,0.002709833439439535,0.0007307414780370891,0.0018525784835219383
1192,12,6,1.0,1.0034090280532837,0,0,0.0,0.0,0.0,-0.021987684071063995,-0.0007763427565805614,-0.00015400350093841553
1193,12,7,1.0,1.0034210681915283,0,0,0.0,0.0,0.0,-0.021908076480031013,-0.0007834453135728836,-7.492117583751678e-05
1194,12,8,1.0,0.9873303771018982,0,0,0.0,0.0,0.0,-0.1590234637260437,-0.001445217290893197,-0.0043531921692192554
1195,12,9,1.0,0.9873335361480713,0,0,0.0,0.0,0.0,-0.15901178121566772,-0.0014464427949860692,-0.004330666270107031
1196,12,10,1.0,0.9812485575675964,0,0,0.0,0.0,0.0,-0.21477362513542175,-0.002011677250266075,-0.0031961714848876
1197,12,11,1.0,0.981249213218689,0,0,0.0,0.0,0.0,-0.21477389335632324,-0.0020121634006500244,-0.003190728835761547
1198,12,12,1.0,0.98066645860672,0,0,-0.25,0.0,0.0,-0.27503108978271484,0.00030957377748563886,0.0021918443962931633
1199,12,13,1.0,0.9867523908615112,0,0,-0.25,0.0,0.0,-0.277254581451416,0.0009735486819408834,0.002574740909039974
1200,12,14,1.0,0.9805555939674377,0,0,-0.25,0.0,0.0,-0.2848711311817169,0.0001030919374898076,0.0007231719791889191
1201,12,15,1.0,0.9828283786773682,0,0,-0.25,0.0,0.0,-0.287463903427124,-0.0003068141813855618,0.0011759549379348755
1202,12,16,1.0,0.9877961277961731,0,0,-0.25,0.0,0.0,-0.28999602794647217,-0.0006017125560902059,-0.0007689613848924637
1203,12,17,1.0,0.9875746369361877,0,0,-0.25,0.0,0.0,-0.2823413610458374,0.00023165508173406124,0.004150765016674995
1204,12,18,1.0,0.9799938201904297,0,0,-0.25,0.0,0.0,-0.2646293342113495,0.000350510876160115,-0.0007559936493635178
1205,12,19,1.0,0.9747699499130249,0,0,0.0,0.0,0.0,-0.1347469538450241,-0.0012786133447661996,-0.016845695674419403
1206,12,20,1.0,0.9766649007797241,0,0,0.0,0.0,0.0,-0.04942845180630684,-0.0006480406154878438,-0.0051832436583936214
1207,12,21,1.0,0.9821616411209106,0,0,0.0,0.0,0.0,-0.01794358342885971,-0.0005400535883381963,-0.0013530743308365345
1208,12,22,1.0,0.9881957769393921,0,0,0.0,0.0,0.0,-0.00750955194234848,-0.0027565055061131716,-0.0008406173437833786
1209,12,23,1.0,0.988796055316925,0,0,0.0,0.0,0.0,-0.0054594590328633785,-0.0028598462231457233,0.00020813196897506714
1210,12,24,1.0,0.9997701048851013,0,0,0.0,0.0,0.0,-0.0034713121131062508,0.0010600206442177296,-0.002740140538662672
1211,12,25,1.0,0.999785840511322,0,0,0.0,0.0,0.0,-0.0032993685454130173,0.0010833165142685175,-0.0026035718619823456
1212,12,26,1.0,1.0008718967437744,0,0,0.0,0.0,0.0,-0.0030725556425750256,0.00559321278706193,-0.0012294412590563297
1213,12,27,1.0,1.000869631767273,0,0,0.0,0.25,0.0,-0.003051141742616892,0.0056032706052064896,-0.0011901543475687504
1214,12,28,1.0,0.9887880086898804,0,0,0.0,0.25,0.0,-0.000593051896430552,0.2501782476902008,0.011054341681301594
1215,12,29,1.0,0.9919876456260681,0,0,0.0,0.25,0.0,-0.00033899792470037937,0.2645912766456604,0.00736247468739748
1216,12,30,1.0,0.9914032816886902,0,0,0.0,0.25,0.0,0.00016086397226899862,0.26965996623039246,0.006521356292068958
1217,12,31,1.0,0.9900250434875488,0,0,0.0,0.25,0.0,7.611606270074844e-05,0.2711122930049896,0.004217141307890415
1218,12,32,1.0,0.9907147884368896,0,0,0.0,0.25,0.0,0.0007394416024908423,0.27443796396255493,0.011126081459224224
1219,12,33,1.0,0.9906531572341919,0,0,0.0,0.25,0.0,0.0010273944353684783,0.2773929536342621,0.017242517322301865
1220,12,34,1.0,0.9935625791549683,0,0,0.0,0.25,0.0,0.0019406134961172938,0.2813452482223511,0.008181254379451275
1221,12,35,1.0,0.9903858304023743,0,0,0.0,0.25,0.0,0.0012926521012559533,0.268435537815094,-0.0035846042446792126
1222,12,36,1.0,0.9897626042366028,0,0,0.0,0.25,0.0,0.0008982542203739285,0.202553853392601,-0.006689058616757393
1223,12,37,1.0,1.003003716468811,0,0,0.0,0.0,0.0,-0.0005827468121424317,0.04419660568237305,-0.002215962391346693
1224,12,38,1.0,1.0011308193206787,0,0,0.0,0.0,0.0,-0.0008317726897075772,0.003818196477368474,0.032124150544404984
1225,12,39,1.0,1.0024104118347168,0,0,0.0,0.0,0.0,-0.001167519367299974,0.00024233583826571703,0.032957300543785095
1226,12,40,1.0,1.0057458877563477,0,0,0.0,0.0,0.0,-0.0013229930773377419,0.0004683497245423496,-0.012957628816366196
1227,12,41,1.0,1.0058108568191528,0,0,0.0,0.0,0.0,-0.0014570073690265417,0.00010078027844429016,-0.013901623897254467
1228,12,42,1.0,1.0055707693099976,0,0,0.0,0.0,0.0,-0.001330145401880145,0.00011684175115078688,-0.02444107085466385
1229,12,43,1.0,1.0055749416351318,0,0,0.0,0.0,0.0,-0.0013548415154218674,8.035008795559406e-05,-0.02453712373971939
1230,12,44,1.0,1.0053298473358154,0,0,0.0,0.25,0.0,-0.0014220637967810035,5.58607280254364e-05,-0.023483946919441223
1231,12,45,1.0,1.0046100616455078,0,0,0.0,0.0,0.0,-0.0007142397807911038,0.002371998503804207,-0.015784917399287224
1232,12,46,1.0,1.0051116943359375,0,0,0.0,0.0,0.0,-0.0014989565825089812,0.0009321662946604192,-0.006126902997493744
1233,12,47,1.0,1.0047407150268555,0,0,0.0,0.0,0.0,-0.0017831104341894388,0.0007010019035078585,-0.00337587995454669
1234,12,48,1.0,1.0017660856246948,0,0,0.0,0.0,0.0,-0.0010518977651372552,0.0004331924137659371,-0.029561124742031097
1235,12,49,1.0,1.0017303228378296,0,0,0.0,0.0,0.0,-0.0010925461538136005,0.00036976736737415195,-0.02925628423690796
1236,12,50,1.0,1.0032142400741577,0,0,0.0,0.0,0.0,-0.0006719338125549257,0.00032937718788161874,-0.10764911025762558
1237,12,51,1.0,1.003205418586731,0,0,0.0,0.0,0.0,-0.0006782038835808635,0.00031873799161985517,-0.10756608843803406
1238,12,52,1.0,1.0049703121185303,0,0,0.0,0.0,-0.5,-0.0005339160561561584,-0.00050014175940305,-0.2073889821767807
1239,12,53,1.0,0.9950209259986877,0,0,0.0,0.0,-0.5,-0.0002682160120457411,0.0010020921472460032,-0.5436404943466187
1240,12,54,1.0,0.9885799288749695,0,0,0.0,0.0,-0.5,0.0007419445319101214,0.0008919935789890587,-0.5441136360168457
1241,12,55,1.0,0.9863495230674744,0,0,0.0,0.0,-0.5,0.0007439731853082776,0.0007701818249188364,-0.5357033014297485
1242,12,56,1.0,0.9871383905410767,0,0,0.0,0.0,-0.5,0.0008084779838100076,0.0014850411098450422,-0.5320799946784973
1243,12,57,1.0,0.9910829067230225,0,0,0.0,0.0,-0.5,5.111563950777054e-06,0.0011297306045889854,-0.5407180190086365
1244,12,58,1.0,0.9914354085922241,0,0,0.0,0.0,-0.5,-0.0012355925282463431,0.0012047984637320042,-0.547718346118927
1245,12,59,1.0,0.9926144480705261,0,0,0.0,0.0,-0.5,-0.00165831227786839,0.000986988190561533,-0.5535428524017334
1246,12,60,1.0,0.9965158104896545,0,0,0.0,0.0,-0.5,-0.0014991851057857275,0.0016977908089756966,-0.5714182257652283
1247,12,61,1.0,0.9974090456962585,0,0,0.0,0.0,-0.5,-0.00135328178294003,0.0015197442844510078,-0.5715903639793396
1248,12,62,1.0,0.9854030013084412,0,0,0.0,0.0,-0.5,0.002222208771854639,0.0004134489572606981,-0.48104414343833923
1249,12,63,1.0,0.9853081107139587,0,0,0.0,0.0,-0.5,0.0024077496491372585,0.00044972338946536183,-0.42440545558929443
1250,12,64,1.0,1.039383888244629,0,0,0.0,0.0,0.0,-0.0009450445068068802,-7.077318150550127e-05,-0.06385206431150436
1251,12,65,1.0,1.0452880859375,0,0,0.0,0.0,0.0,-0.0011152838123962283,-0.00027480453718453646,-0.05600586533546448
1252,12,66,1.0,1.9310266971588135,0,1,0.0,0.0,0.0,0.00035080790985375643,0.0005099316476844251,-0.0037637315690517426
1253,12,67,1.0,1.9334319829940796,0,1,0.0,0.0,0.0,0.00035819399636238813,0.0005195403355173767,-0.003710685297846794
1254,12,68,1.0,2.04264760017395,0,1,0.0,0.0,0.0,0.001249458291567862,-0.0005276099545881152,-0.00821920856833458
1255,12,69,1.0,2.0428807735443115,0,1,0.0,0.0,0.0,0.0012418314581736922,-0.0005183542962186038,-0.008180023171007633
1256,12,70,2.0,2.023463726043701,1,1,0.0,0.0,0.0,0.00157387915533036,-0.0005243375198915601,-0.008803872391581535
1257,12,71,2.0,2.0507993698120117,1,1,0.0,0.0,0.0,0.0018300922820344567,-0.0008366098627448082,0.003013031557202339
1258,12,72,2.0,2.0600156784057617,1,1,0.0,0.0,0.0,0.0010314119281247258,-0.0007670052582398057,0.0004726806655526161
1259,12,73,2.0,2.059551954269409,1,1,0.0,0.0,0.0,0.0017219878500327468,-0.000902298663277179,0.005479609593749046
1260,12,74,2.0,2.0646417140960693,1,1,0.0,0.0,0.0,0.001320488634519279,-0.000489158439449966,0.006381041370332241
1261,12,75,2.0,2.066960573196411,1,1,0.0,0.0,0.0,0.0011124712182208896,-0.0008664581691846251,0.0032795527949929237
1262,12,76,2.0,2.074787139892578,1,1,0.0,0.0,0.0,0.0008302646456286311,3.3542339224368334e-05,0.004445061087608337
1263,12,77,1.0,2.0749454498291016,0,1,0.0,0.0,0.0,0.0008270287653431296,3.2641692087054253e-06,0.004734459333121777
1264,12,78,1.0,2.0472114086151123,0,1,0.0,0.0,0.0,0.00019605935085564852,5.054724169895053e-05,0.002294742502272129
1265,12,79,1.0,2.046999454498291,0,1,0.0,0.0,0.0,0.00017219595611095428,7.71484337747097e-06,0.0023206686601042747
1266,12,80,1.0,2.0035107135772705,0,1,0.0,0.0,0.0,-0.0003110944526270032,-3.118440508842468e-05,0.000588487833738327
1267,12,81,1.0,2.004681348800659,0,1,0.0,0.0,0.0,-0.0003139856271445751,-5.860719829797745e-05,0.0005820076912641525
1268,12,82,1.0,1.0300791263580322,0,0,0.0,0.0,0.0,-0.0003632559673860669,-0.0010828980011865497,0.0018628770485520363
1269,12,83,1.0,1.0296655893325806,0,0,0.0,0.0,0.0,-0.0003837728872895241,-0.0010313114617019892,0.0022828439250588417
1270,12,84,1.0,1.0045350790023804,0,0,0.0,0.0,0.5,-0.0008381628431379795,-0.001409308984875679,0.05372355878353119
1271,12,85,1.0,1.003048062324524,0,0,0.0,0.0,0.5,0.00043109816033393145,0.002087240805849433,0.5060162544250488
1272,12,86,1.0,0.9965522885322571,0,0,0.0,0.0,0.5,0.00090925267431885,0.0012177482713013887,0.5284271240234375
1273,12,87,1.0,0.9978622794151306,0,0,0.0,0.0,0.5,0.0005885240389034152,0.0007393120904453099,0.5300086140632629
1274,12,88,1.0,0.9976581931114197,0,0,0.0,0.0,0.5,0.0006670592119917274,0.0012554910499602556,0.5272731184959412
1275,12,89,1.0,0.9984901547431946,0,0,0.0,0.0,0.5,0.0006927055073902011,0.0013511376455426216,0.5282120108604431
1276,12,90,1.0,0.9994505643844604,0,0,0.0,0.0,0.5,0.0011723801726475358,0.0006540479953400791,0.5290729999542236
1277,12,91,1.0,0.9970594048500061,0,0,0.0,0.0,0.5,0.0006874395767226815,0.0005016534705646336,0.5261058211326599
1278,12,92,1.0,0.9966214895248413,0,0,0.0,0.0,0.5,0.0008151062065735459,0.001219240017235279,0.5289696455001831
1279,12,93,1.0,0.9942654371261597,0,0,0.0,0.0,0.5,0.0009910528315231204,0.0008809385471977293,0.5252745747566223
1280,13,0,1.0,0.9991979002952576,0,0,0.0,0.0,0.0,0.00535904336720705,-0.002765150973573327,0.00771882850676775
1281,13,1,1.0,0.9997632503509521,0,0,0.0,0.0,0.0,0.006519239861518145,-0.003916316200047731,0.004855376668274403
1282,13,2,1.0,1.0022677183151245,0,0,0.0,0.0,0.0,0.004373610019683838,-0.004854475613683462,0.0074244095012545586
1283,13,3,1.0,1.0017410516738892,0,0,0.0,0.0,0.0,0.003535433206707239,-0.004568914417177439,0.008234233595430851
1284,13,4,1.0,0.9987441301345825,0,0,0.0,0.0,0.0,-0.004460603464394808,-0.002391041722148657,0.017365872859954834
1285,13,5,1.0,0.9986301064491272,0,0,0.0,0.0,0.0,-0.004598238039761782,-0.0024464502930641174,0.017701730132102966
1286,13,6,1.0,1.0027278661727905,0,0,0.0,0.0,0.0,0.0010900000343099236,-0.0029636244289577007,0.007833155803382397
1287,13,7,1.0,1.0027400255203247,0,0,0.0,0.0,0.0,0.0011778204934671521,-0.002990425331518054,0.007925192825496197
1288,13,8,1.0,1.0038721561431885,0,0,0.0,0.0,0.0,0.10936329513788223,-0.00180122721940279,-0.005052134394645691
1289,13,9,1.0,1.003867745399475,0,0,0.0,0.0,0.0,0.10947246104478836,-0.0018024814780801535,-0.005030060652643442
1290,13,10,1.0,1.0047205686569214,0,0,0.0,0.0,0.0,0.23837436735630035,-0.0007257623365148902,-0.005749162286520004
1291,13,11,1.0,1.0047193765640259,0,0,0.0,0.0,0.0,0.238386869430542,-0.0007269392954185605,-0.005742144770920277
1292,13,12,1.0,1.0061607360839844,0,0,0.25,0.0,0.0,0.2771265506744385,0.00016534840688109398,-0.0021543395705521107
1293,13,13,1.0,1.0035943984985352,0,0,0.25,0.0,0.0,0.2811536192893982,0.0002882007393054664,0.009138324297964573
1294,13,14,1.0,1.0037058591842651,0,0,0.25,0.0,0.0,0.2844834625720978,0.0017183846794068813,0.00910115148872137
1295,13,15,1.0,1.0010954141616821,0,0,0.25,0.0,0.0,0.2750193476676941,-0.0003101991896983236,0.007337688468396664
1296,13,16,1.0,0.994212806224823,0,0,0.25,0.0,0.0,0.22981329262256622,-0.0009979946771636605,0.006199435330927372
1297,13,17,1.0,0.9952024817466736,0,0,0.25,0.0,0.0,0.17062461376190186,-0.0021429862827062607,0.006739909760653973
1298,13,18,1.0,0.9949023127555847,0,0,0.0,0.0,0.0,0.073672354221344,-0.005567759275436401,0.0016772588714957237
1299,13,19,1.0,0.9947226047515869,0,0,0.0,0.0,0.0,0.015261544845998287,-0.008422919549047947,0.001777113415300846
1300,13,20,1.0,0.9988951086997986,0,0,0.0,0.0,0.0,-0.0007044142112135887,-0.0037679856177419424,0.0015430925413966179
1301,13,21,1.0,0.9973613619804382,0,0,0.0,0.0,0.0,-0.00342059344984591,-0.003119932720437646,-0.0007629124447703362
1302,13,22,1.0,1.005307674407959,0,0,0.0,0.0,0.0,-0.0017283217748627067,-0.039472028613090515,0.005970972590148449
1303,13,23,1.0,1.0050572156906128,0,0,0.0,0.0,0.0,-0.002146413316950202,-0.04188662767410278,0.00575309619307518
1304,13,24,1.0,1.0060346126556396,0,0,0.0,0.0,0.0,-0.0028782826848328114,-0.04937094449996948,0.006720133125782013
1305,13,25,1.0,1.0059999227523804,0,0,0.0,-0.25,0.0,-0.0029490403831005096,-0.04957310110330582,0.0066032325848937035
1306,13,26,1.0,0.9941800236701965,0,0,0.0,-0.25,0.0,-0.0029669958166778088,-0.26971739530563354,-0.0040891775861382484
1307,13,27,1.0,0.9906818866729736,0,0,0.0,-0.25,0.0,-0.0028794952668249607,-0.27455493807792664,0.0016677090898156166
1308,13,28,1.0,0.992556095123291,0,0,0.0,-0.25,0.0,-0.001975194551050663,-0.27697885036468506,0.0012419456616044044
1309,13,29,1.0,0.9910792112350464,0,0,0.0,-0.25,0.0,-0.0020735817961394787,-0.2779405415058136,0.005389230325818062
1310,13,30,1.0,0.9946999549865723,0,0,0.0,-0.25,0.0,-0.0015734158223494887,-0.279523104429245,0.0035769855603575706
1311,13,31,1.0,0.9905028939247131,0,0,0.0,-0.25,0.0,-0.0013834154233336449,-0.2786724269390106,0.00805682223290205
1312,13,32,1.0,0.9899012446403503,0,0,0.0,-0.25,0.0,-0.0011866779532283545,-0.2821403741836548,-0.0030489140190184116
1313,13,33,1.0,0.9941049814224243,0,0,0.0,-0.25,0.0,-0.002786236349493265,-0.2757316827774048,-0.004725060425698757
1314,13,34,1.0,0.9972755312919617,0,0,0.0,-0.25,0.0,-0.0023599641863256693,-0.26946571469306946,-0.006825861055403948
1315,13,35,1.0,1.0019268989562988,0,0,0.0,-0.25,0.0,-0.0010466312523931265,-0.2351323813199997,-0.011939771473407745
1316,13,36,1.0,0.997194230556488,0,0,0.0,-0.25,0.0,-0.0009164817165583372,-0.04148382693529129,-0.020068606361746788
1317,13,37,1.0,0.999798059463501,0,0,0.0,0.0,0.0,-0.0012157572200521827,-0.014487165957689285,-0.02324587106704712
1318,13,38,1.0,1.0045967102050781,0,0,0.0,0.0,0.0,-0.0014771523419767618,-0.0015290756709873676,-0.017965763807296753
1319,13,39,1.0,1.0051791667938232,0,0,0.0,0.0,0.0,-0.0015043626772239804,-0.0002318953920621425,-0.00874797347933054
1320,13,40,1.0,1.004677176475525,0,0,0.0,0.0,0.0,-0.0018729966832324862,-2.077873796224594e-05,-3.491062670946121e-05
1321,13,41,1.0,1.004699468612671,0,0,0.0,0.0,0.0,-0.0019023212371394038,7.110345177352428e-05,-0.0012527192011475563
1322,13,42,1.0,1.002413034439087,0,0,0.0,0.0,0.0,-0.0015572493430227041,0.00017301132902503014,-0.017506372183561325
1323,13,43,1.0,1.0023994445800781,0,0,0.0,0.0,0.0,-0.0015481302980333567,0.00019173877080902457,-0.01808297634124756
1324,13,44,1.0,1.0040340423583984,0,0,0.0,0.0,0.0,-0.0009392985957674682,-4.004477523267269e-05,-0.0720040500164032
1325,13,45,1.0,1.004045009613037,0,0,0.0,0.0,0.0,-0.000937336590141058,-3.556214505806565e-05,-0.07219133526086807
1326,13,46,1.0,1.003623127937317,0,0,0.0,0.0,-0.5,-0.000994546920992434,-0.0001617572852410376,-0.07320359349250793
1327,13,47,1.0,0.9952675104141235,0,0,0.0,0.0,-0.5,-0.00032300257589668036,0.0010367236100137234,-0.5494436025619507
1328,13,48,1.0,0.9879233241081238,0,0,0.0,0.0,-0.5,0.0003648969577625394,0.00043890700908377767,-0.5431218147277832
1329,13,49,1.0,0.985829770565033,0,0,0.0,0.0,-0.5,0.000574214500375092,0.00029525411082431674,-0.5383089184761047
1330,13,50,1.0,0.9848002791404724,0,0,0.0,0.0,-0.5,0.0003751524491235614,0.00032860954524949193,-0.5271649956703186
1331,13,51,1.0,0.9893313646316528,0,0,0.0,0.0,-0.5,0.0001320037990808487,0.0009134925785474479,-0.5339997410774231
1332,13,52,1.0,0.9908693432807922,0,0,0.0,0.0,-0.5,-0.0010806352365761995,1.177849480882287e-05,-0.542998194694519
1333,13,53,1.0,0.9930590987205505,0,0,0.0,0.0,-0.5,-0.0014489736640825868,-2.1686661057174206e-05,-0.5481008887290955
1334,13,54,1.0,0.9973564147949219,0,0,0.0,0.0,-0.5,-0.0014388522831723094,0.0009850510396063328,-0.563450276851654
1335,13,55,1.0,1.0015989542007446,0,0,0.0,0.0,-0.5,-0.0010947096161544323,0.00106967450119555,-0.5690115690231323
1336,13,56,1.0,1.0016496181488037,0,0,0.0,0.0,-0.5,-0.00032397068571299314,0.0018018223345279694,-0.5478889346122742
1337,13,57,1.0,1.0031405687332153,0,0,0.0,0.0,0.0,-0.00040786946192383766,0.0017329545225948095,-0.5486792922019958
1338,13,58,1.0,0.9787681102752686,0,0,0.0,0.0,0.0,0.0001333722611889243,0.001512128859758377,-0.273470014333725
1339,13,59,1.0,0.9784713387489319,0,0,0.0,0.0,0.0,2.5780173018574715e-05,0.0015064820181578398,-0.25662925839424133
1340,13,60,1.0,1.0832691192626953,0,0,0.0,0.0,0.0,-0.0008429960580542684,-0.0012858560075983405,-0.03042815998196602
1341,13,61,1.0,1.0853224992752075,0,0,0.0,0.0,0.0,-0.0008151051006279886,-0.00128114630933851,-0.02901635318994522
1342,13,62,1.0,1.3351689577102661,0,0,0.0,0.0,0.0,-0.0005661962786689401,-0.0008604045724496245,-0.018700633198022842
1343,13,63,1.0,1.338107705116272,0,0,0.0,0.0,0.0,-0.0005576811963692307,-0.0008238260052166879,-0.01831040158867836
1344,13,64,2.0,1.3201751708984375,1,0,0.0,0.0,0.0,-0.0003435427788645029,-0.0013034774456173182,-0.031433314085006714
1345,13,65,2.0,2.050684928894043,1,1,0.0,0.0,0.0,0.0013333867536857724,-0.0005137117695994675,0.0028547104448080063
1346,13,66,2.0,2.0629005432128906,1,1,0.0,0.0,0.0,0.0005720924818888307,-0.0006735444767400622,-0.0025506634265184402
1347,13,67,2.0,2.054114818572998,1,1,0.0,0.0,0.0,0.0009795472724363208,-0.0020572301000356674,0.00043946225196123123
1348,13,68,2.0,2.0593626499176025,1,1,0.0,0.0,0.0,0.00025649729650467634,-0.0015644710510969162,0.0061960890889167786
1349,13,69,2.0,2.0592308044433594,1,1,0.0,0.0,0.0,-0.000598633661866188,-0.001424045069143176,0.006805953569710255
1350,13,70,2.0,2.0619993209838867,1,1,0.0,0.0,0.0,-0.0003823960432782769,-0.0012776225339621305,0.006020195782184601
1351,13,71,1.0,1.8808093070983887,0,1,0.0,0.0,0.0,-0.0016909412806853652,-0.003178263548761606,0.004735018126666546
1352,13,72,1.0,1.0658565759658813,0,0,0.0,0.0,0.0,-0.00014212343376129866,-0.005225830245763063,-0.04546196758747101
1353,13,73,1.0,1.0519375801086426,0,0,0.0,0.0,0.0,-0.00047376519069075584,-0.004704691469669342,-0.04928797110915184
1354,13,74,1.0,1.018905520439148,0,0,0.0,0.0,0.0,2.43667745962739e-05,-0.0038913325406610966,-0.0213857963681221
1355,13,75,1.0,1.0232133865356445,0,0,0.0,0.0,0.0,0.00013700337149202824,-0.0048073818907141685,-0.02615799382328987
1356,13,76,1.0,1.0076229572296143,0,0,0.0,0.0,0.0,-0.00022759067360311747,-0.0019432895351201296,0.19823198020458221
1357,13,77,1.0,1.0055320262908936,0,0,0.0,0.0,0.0,-0.0007368543883785605,-0.0027478206902742386,0.11771087348461151
1358,13,78,1.0,1.002987265586853,0,0,0.0,0.0,0.0,-0.0004680247511714697,0.000666900014039129,0.39002859592437744
1359,13,79,1.0,1.0029839277267456,0,0,0.0,0.0,0.5,-0.00045961898285895586,0.000659250479657203,0.3940539062023163
1360,13,80,1.0,1.001295566558838,0,0,0.0,0.0,0.5,0.0011224915506318212,0.000893481366802007,0.5285505056381226
1361,13,81,1.0,0.9975965619087219,0,0,0.0,0.0,0.5,0.000577100901864469,0.0008741628262214363,0.5270290970802307
1362,13,82,1.0,0.9974927306175232,0,0,0.0,0.0,0.5,0.0005385071272030473,0.000717358838301152,0.5278812050819397
1363,13,83,1.0,0.9974414706230164,0,0,0.0,0.0,0.5,0.0004906513495370746,0.0003416583058424294,0.5272243618965149
1364,13,84,1.0,1.0004222393035889,0,0,0.0,0.0,0.5,0.0008972998475655913,0.00040759838884696364,0.5269981622695923
1365,13,85,1.0,0.9993219375610352,0,0,0.0,0.0,0.5,0.0006355257937684655,0.0008541938732378185,0.5284209251403809
1366,13,86,1.0,1.000078558921814,0,0,0.0,0.0,0.5,0.0008033664198592305,-0.00011489482130855322,0.528961718082428
1367,13,87,1.0,0.9988173842430115,0,0,0.0,0.0,0.5,0.0009933445835486054,0.0004579971428029239,0.529139518737793
1368,13,88,1.0,0.9984251260757446,0,0,0.0,0.0,0.5,0.0008624234469607472,0.0007521631778217852,0.5307074785232544
1369,14,0,1.0,0.9947901964187622,0,0,0.0,0.0,0.0,0.000860971980728209,0.0007487423135899007,-0.0016807359643280506
1370,14,1,1.0,0.993442177772522,0,0,0.0,0.0,0.0,0.0010719693964347243,0.0004297473351471126,-0.008704212494194508
1371,14,2,1.0,0.9964932799339294,0,0,0.0,0.0,0.0,0.0018699982902035117,0.00022055086446925998,-0.00482525397092104
1372,14,3,1.0,0.9968582987785339,0,0,0.0,0.0,0.0,0.0019287626491859555,0.0002455302164889872,-0.0033246292732656
1373,14,4,1.0,0.9963975548744202,0,0,0.0,0.0,0.0,0.002050291281193495,0.00023017876083031297,0.0018628593534231186
1374,14,5,1.0,0.9963771104812622,0,0,0.0,0.0,0.0,0.001952677615918219,0.0002060412080027163,0.0024635596200823784
1375,14,6,1.0,0.9984399676322937,0,0,0.0,0.0,0.0,-0.0001589534804224968,0.0007074674940668046,0.008334887214004993
1376,14,7,1.0,0.998465359210968,0,0,0.0,0.0,0.0,-0.0001753640826791525,0.0007045250968076289,0.00851703342050314
1377,14,8,1.0,1.001548171043396,0,0,0.0,0.0,0.0,-0.0008939621038734913,0.0009520643507130444,0.008035439066588879
1378,14,9,1.0,1.0015549659729004,0,0,0.0,0.0,0.0,-0.0008970856433734298,0.0009510178933851421,0.008082791231572628
1379,14,10,1.0,1.0043057203292847,0,0,0.0,0.0,0.0,-0.0013740495778620243,0.00086716323858127,0.011197910644114017
1380,14,11,1.0,1.0043071508407593,0,0,0.0,0.0,0.0,-0.001374086714349687,0.0008666886133141816,0.011208348907530308
1381,14,12,1.0,1.0042579174041748,0,0,0.0,0.0,0.0,-0.0013628187589347363,0.0008661718457005918,0.011165146715939045
1382,14,13,1.0,1.004258155822754,0,0,0.25,0.0,0.0,-0.0013628271408379078,0.0008660631137900054,0.011167858727276325
1383,14,14,1.0,1.0090467929840088,0,0,0.25,0.0,0.0,0.19404755532741547,0.004018085543066263,0.003718883730471134
1384,14,15,1.0,1.0018340349197388,0,0,0.25,0.0,0.0,0.2689070999622345,0.0010290658101439476,0.002548481337726116
1385,14,16,1.0,1.0082271099090576,0,0,0.25,0.0,0.0,0.2735207676887512,-9.646511171013117e-05,0.009329757653176785
1386,14,17,1.0,1.0164281129837036,0,0,0.25,0.0,0.0,0.2731688618659973,-0.0016153776086866856,0.01575496792793274
1387,14,18,1.0,1.0122541189193726,0,0,0.25,0.0,0.0,0.27297288179397583,-0.0020647828932851553,0.009766933508217335
1388,14,19,1.0,1.012467622756958,0,0,0.25,0.0,0.0,0.27186867594718933,-0.0017419373616576195,0.01091859769076109
1389,14,20,1.0,1.013542890548706,0,0,0.25,0.0,0.0,0.2765744924545288,-0.0009170603007078171,0.008809774182736874
1390,14,21,1.0,1.0153685808181763,0,0,0.25,0.0,0.0,0.2788795232772827,-0.0006224497919902205,0.0070260921493172646
1391,14,22,1.0,1.011661171913147,0,0,0.25,0.0,0.0,0.2771705389022827,0.0002591699594631791,0.004743471741676331
1392,14,23,1.0,1.0068429708480835,0,0,0.25,0.0,0.0,0.2549002468585968,-0.0026576980017125607,-0.00718478811904788
1393,14,24,1.0,1.004876732826233,0,0,0.25,0.0,0.0,0.18503351509571075,-0.0017724488861858845,-0.003936807159334421
1394,14,25,1.0,1.0001863241195679,0,0,0.25,0.0,0.0,0.13680458068847656,-0.003016093047335744,-0.002198833040893078
1395,14,26,1.0,1.0043281316757202,0,0,0.0,0.0,0.0,0.1420699805021286,-0.0037627059500664473,0.001339772716164589
1396,14,27,1.0,0.9943884611129761,0,0,0.0,0.0,0.0,0.06231079250574112,-0.00532539701089263,-0.009157476015388966
1397,14,28,1.0,0.9906547665596008,0,0,0.0,0.0,0.0,-0.004135476890951395,-0.006114251911640167,-0.004396554548293352
1398,14,29,1.0,0.9868718385696411,0,0,0.0,0.0,0.0,-0.01546142715960741,-0.005545376800000668,-0.0039225234650075436
1399,14,30,1.0,0.9920966625213623,0,0,0.0,0.0,0.0,-0.012330458499491215,-0.003414918202906847,-0.0009568082168698311
1400,14,31,1.0,0.9915787577629089,0,0,0.0,0.0,0.0,-0.013006705790758133,-0.0032103678677231073,-0.0010892059653997421
1401,14,32,1.0,0.9922363758087158,0,0,0.0,0.0,0.0,-0.010603918693959713,-0.0016604084521532059,-0.0010252264328300953
1402,14,33,1.0,0.992235004901886,0,0,0.0,-0.25,0.0,-0.010667921043932438,-0.0016356338746845722,-0.0011640251614153385
1403,14,34,1.0,0.9990655779838562,0,0,0.0,-0.25,0.0,-0.003946839366108179,-0.24329523742198944,-0.0035628932528197765
1404,14,35,1.0,0.9984207153320312,0,0,0.0,-0.25,0.0,-0.0023542477283626795,-0.26117298007011414,-0.0006830086931586266
1405,14,36,1.0,1.0008695125579834,0,0,0.0,-0.25,0.0,-0.0010278435656800866,-0.2745768427848816,-0.006148601416498423
1406,14,37,1.0,0.9960218071937561,0,0,0.0,-0.25,0.0,-0.001742546446621418,-0.27662286162376404,-0.004443252459168434
1407,14,38,1.0,0.9970453977584839,0,0,0.0,-0.25,0.0,-0.0017388009000569582,-0.2778891324996948,-0.007887490093708038
1408,14,39,1.0,0.9896747469902039,0,0,0.0,-0.25,0.0,-0.002531143371015787,-0.2775121331214905,-0.003570056986063719
1409,14,40,1.0,0.9928919672966003,0,0,0.0,-0.25,0.0,-0.0028011100366711617,-0.28007179498672485,-0.005657699890434742
1410,14,41,1.0,0.9860593676567078,0,0,0.0,-0.25,0.0,-0.003104997565969825,-0.2804500460624695,-0.004278449807316065
1411,14,42,1.0,0.9917915463447571,0,0,0.0,-0.25,0.0,-0.0003036534180864692,-0.2774580717086792,-0.007724029943346977
1412,14,43,1.0,0.9965749382972717,0,0,0.0,0.0,0.0,-0.0011372262379154563,-0.24985124170780182,-0.00930769369006157
1413,14,44,1.0,0.9960889220237732,0,0,0.0,0.0,0.0,-0.0005631381645798683,-0.02341492474079132,-0.012579362839460373
1414,14,45,1.0,0.9978065490722656,0,0,0.0,0.0,0.0,-0.001158304512500763,-0.010214054957032204,0.0081010228022933
1415,14,46,1.0,0.9997372627258301,0,0,0.0,0.0,0.0,-0.0014481376856565475,-0.0017204631585627794,0.03252584859728813
1416,14,47,1.0,0.9994707703590393,0,0,0.0,0.0,0.0,-0.0014391259755939245,-0.0008775777532719076,0.03188028186559677
1417,14,48,1.0,1.0023632049560547,0,0,0.0,0.0,0.0,-0.001008689170703292,0.00046281685354188085,0.018475882709026337
1418,14,49,1.0,1.0023417472839355,0,0,0.0,0.0,0.0,-0.0010100489016622305,0.0005509916809387505,0.018258772790431976
1419,14,50,1.0,1.0025813579559326,0,0,0.0,-0.25,0.0,-0.0011799454223364592,0.000258412619587034,0.022923089563846588
1420,14,51,1.0,1.0021148920059204,0,0,0.0,-0.25,0.0,-0.0009580374462530017,-0.0033002556301653385,0.015032571740448475
1421,14,52,1.0,1.0031741857528687,0,0,0.0,0.0,0.0,-0.0011375253088772297,-0.003698171116411686,-0.02641867846250534
1422,14,53,1.0,1.0045369863510132,0,0,0.0,0.0,0.0,-0.001307851169258356,-0.001251207198947668,-0.020444564521312714
1423,14,54,1.0,1.0040518045425415,0,0,0.0,0.0,0.0,-0.0019022193737328053,-7.11134634912014e-05,0.004452637396752834
1424,14,55,1.0,1.004616618156433,0,0,0.0,0.0,0.0,-0.002017741557210684,0.0001223490689881146,-0.00014926772564649582
1425,14,56,1.0,1.0020081996917725,0,0,0.0,0.0,0.0,-0.0016382485628128052,6.500637391582131e-05,-0.027222666889429092
1426,14,57,1.0,1.0020074844360352,0,0,0.0,0.0,0.0,-0.001624461030587554,9.972997941076756e-05,-0.027999460697174072
1427,14,58,1.0,1.0033001899719238,0,0,0.0,0.0,0.0,-0.0006082850741222501,-0.00014613528037443757,-0.10981699079275131
1428,14,59,1.0,1.0033155679702759,0,0,0.0,0.0,0.0,-0.0006079031154513359,-0.0001397836022078991,-0.11015140265226364
1429,14,60,1.0,1.0034667253494263,0,0,0.0,0.0,0.0,-0.000427455292083323,-0.00018558971351012588,-0.12753146886825562
1430,14,61,1.0,1.00347101688385,0,0,0.0,0.0,-0.5,-0.0004271285142749548,-0.0001842931960709393,-0.12762291729450226
1431,14,62,1.0,0.9945589303970337,0,0,0.0,0.0,-0.5,0.00014532555360347033,0.0005819062353111804,-0.5490798950195312
1432,14,63,1.0,0.9882608652114868,0,0,0.0,0.0,-0.5,8.831138256937265e-05,0.0012355917133390903,-0.5482752323150635
1433,14,64,1.0,0.98574298620224,0,0,0.0,0.0,-0.5,0.00029259570874273777,0.0003708359436132014,-0.53532874584198
1434,14,65,1.0,0.9858380556106567,0,0,0.0,0.0,-0.5,-0.0006507678772322834,0.00022455246653407812,-0.5330252051353455
1435,14,66,1.0,0.9892753958702087,0,0,0.0,0.0,-0.5,-0.0009286077693104744,0.0004924748209305108,-0.5354146361351013
1436,14,67,1.0,0.9920770525932312,0,0,0.0,0.0,-0.5,-0.002196321729570627,0.00037908117519691586,-0.5401455760002136
1437,14,68,1.0,0.9950641989707947,0,0,0.0,0.0,-0.5,-0.0012587800156325102,0.0007783737382851541,-0.5592697262763977
1438,14,69,1.0,0.9981366395950317,0,0,0.0,0.0,-0.5,-0.001601040014065802,0.0008266096119768918,-0.5642409920692444
1439,14,70,1.0,0.9994844198226929,0,0,0.0,0.0,-0.5,-0.0007305584731511772,0.0011066521983593702,-0.5606963038444519
1440,14,71,1.0,0.9966950416564941,0,0,0.0,0.0,-0.5,-0.0003047072095796466,0.001469357404857874,-0.545526921749115
1441,14,72,1.0,0.9769938588142395,0,0,0.0,0.0,0.0,-0.0008142768638208508,0.00230922969058156,-0.2853318154811859
1442,14,73,1.0,0.976622998714447,0,0,0.0,0.0,0.0,-0.001003081793896854,0.0021691203583031893,-0.2644413709640503
1443,14,74,1.0,1.1811845302581787,0,0,0.0,0.0,0.0,-0.0009054241818375885,-0.000881777610629797,-0.042453113943338394
1444,14,75,1.0,1.1833515167236328,0,0,0.0,0.0,0.0,-0.0008926145383156836,-0.0008793111774139106,-0.04069743677973747
1445,14,76,1.0,1.5839126110076904,0,1,0.0,0.0,0.0,0.0010086862603202462,0.0006951939431019127,-0.010415127500891685
1446,14,77,1.0,1.5859941244125366,0,1,0.0,0.0,0.0,0.0010118131758645177,0.0007251817150972784,-0.010140215046703815
1447,14,78,1.0,1.9212751388549805,0,1,0.0,0.0,0.0,0.000974800088442862,0.0018504529725760221,-0.005577809177339077
1448,14,79,2.0,1.9220550060272217,1,1,0.0,0.0,0.0,0.0009749828604981303,0.0018619000911712646,-0.005569377914071083
1449,14,80,2.0,2.050532341003418,1,1,0.0,0.0,0.0,0.001555696246214211,-0.00016844284255057573,0.002149290405213833
1450,14,81,2.0,2.0575690269470215,1,1,0.0,0.0,0.0,0.0014438462676480412,-0.0007172013865783811,0.002895902842283249
1451,14,82,2.0,2.0640437602996826,1,1,0.0,0.0,0.0,0.001707530696876347,-0.001241515390574932,0.005818575620651245
1452,14,83,2.0,2.064833402633667,1,1,0.0,0.0,0.0,0.001921015209518373,-0.0011122869327664375,0.006747487932443619
1453,14,84,2.0,2.0623621940612793,1,1,0.0,0.0,0.0,0.0009048836072906852,-0.0005885455175302923,0.009635883383452892
1454,14,85,2.0,2.062394142150879,1,1,0.0,0.0,0.0,0.000787292723543942,-0.0012279530055820942,0.0062845852226018906
1455,14,86,1.0,1.8814582824707031,0,1,0.0,0.0,0.0,-0.0017372447764500976,-0.002672591945156455,-0.002991603221744299
1456,14,87,1.0,1.1999295949935913,0,0,0.0,0.0,0.0,-0.002955611329525709,-0.0033062926959246397,-0.04417791962623596
1457,14,88,1.0,1.1046574115753174,0,0,0.0,0.0,0.0,-0.00020060327369719744,-0.0008331532590091228,-0.040940769016742706
1458,14,89,1.0,1.1370203495025635,0,0,0.0,0.0,0.0,-0.002057950012385845,0.00036210002144798636,-0.03134356066584587
1459,14,90,1.0,1.0032715797424316,0,0,0.0,0.0,0.0,-0.00032740645110607147,-0.0002419819065835327,0.26151880621910095
1460,14,91,1.0,1.002196192741394,0,0,0.0,0.0,0.0,-0.00019808928482234478,-0.00014809577260166407,0.30327287316322327
1461,14,92,1.0,1.000231385231018,0,0,0.0,0.0,0.0,-0.00013632001355290413,-0.00039555312832817435,0.29435253143310547
1462,14,93,1.0,1.0001672506332397,0,0,0.0,0.0,0.0,-9.236892219632864e-05,-0.0002662883489392698,0.2987995743751526
1463,14,94,1.0,1.0008670091629028,0,0,0.0,0.0,0.5,2.041005063802004e-05,0.0005921493866480887,0.4071127772331238
1464,14,95,1.0,0.9994227886199951,0,0,0.0,0.0,0.5,0.0005121479043737054,0.0006625498062931001,0.5265873074531555
1465,14,96,1.0,0.9976121783256531,0,0,0.0,0.0,0.5,0.0007638441165909171,0.0008425543201155961,0.5278037190437317
1466,14,97,1.0,0.9990442991256714,0,0,0.0,0.0,0.5,0.00021905917674303055,0.0007683326839469373,0.526703953742981
1467,14,98,1.0,0.9995424151420593,0,0,0.0,0.0,0.5,0.00013176118955016136,0.0008097619866020977,0.52540123462677
1468,14,99,1.0,0.9978604912757874,0,0,0.0,0.0,0.5,-0.0005784110398963094,0.0005525817978195846,0.5275155305862427
1469,14,100,1.0,0.999046266078949,0,0,0.0,0.0,0.5,0.0003934252308681607,0.00038517318898811936,0.5290483832359314
1470,14,101,1.0,0.9995579719543457,0,0,0.0,0.0,0.5,0.0006070226663723588,9.704864351078868e-05,0.5299654603004456
1471,14,102,1.0,0.9979112148284912,0,0,0.0,0.0,0.5,0.00038323772605508566,0.0004984427359886467,0.5289492011070251
1472,14,103,1.0,0.9963722825050354,0,0,0.0,0.0,0.5,0.00044551107566803694,0.0004979197983630002,0.5276705026626587
1473,15,0,1.0,0.9980224370956421,0,0,0.0,0.0,0.0,0.002135343849658966,-0.001649572979658842,0.0029510753229260445
1474,15,1,1.0,0.9993724822998047,0,0,0.0,0.0,0.0,0.003157665953040123,-0.0014437218196690083,-0.004006498027592897
1475,15,2,1.0,0.998990535736084,0,0,0.0,0.0,0.0,0.0028701541014015675,-0.0009027592022903264,-0.0003997664898633957
1476,15,3,1.0,0.9976297616958618,0,0,0.0,0.0,0.0,0.0025178957730531693,-0.001005810801871121,5.917064845561981e-05
1477,15,4,1.0,0.9955683350563049,0,0,0.0,0.0,0.0,0.00019990780856460333,-0.001521148020401597,0.0018391506746411324
1478,15,5,1.0,0.9956268668174744,0,0,0.0,0.0,0.0,7.453188300132751e-05,-0.0015305520500987768,0.0022940849885344505
1479,15,6,1.0,1.0026123523712158,0,0,0.0,0.0,0.0,-0.0031803003512322903,-0.00011047901352867484,-0.0018368982709944248
1480,15,7,1.0,1.002638816833496,0,0,0.0,0.0,0.0,-0.003183238673955202,-0.00010756991105154157,-0.0017066998407244682
1481,15,8,1.0,1.0103387832641602,0,0,0.0,0.0,0.0,-0.0008638968574814498,0.003318215487524867,-0.005446051247417927
1482,15,9,1.0,1.0103428363800049,0,0,0.0,0.0,0.0,-0.0008500361000187695,0.0033167430665344,-0.005407063290476799
1483,15,10,1.0,1.012285828590393,0,0,0.0,0.0,0.0,0.009637126699090004,0.003702095476910472,-0.0037259021773934364
1484,15,11,1.0,1.0122861862182617,0,0,0.25,0.0,0.0,0.009644166566431522,0.0037007841747254133,-0.0037137591280043125
1485,15,12,1.0,1.006054401397705,0,0,0.25,0.0,0.0,0.2517179846763611,-0.0015561978798359632,-0.0063031986355781555
1486,15,13,1.0,1.0044317245483398,0,0,0.25,0.0,0.0,0.25595512986183167,-0.0010536713525652885,-0.00865645706653595
1487,15,14,1.0,1.0135962963104248,0,0,0.25,0.0,0.0,0.2692129909992218,-0.002010213676840067,-0.0010694866068661213
1488,15,15,1.0,1.0064862966537476,0,0,0.25,0.0,0.0,0.2746266722679138,-0.002365589141845703,0.0022898660972714424
1489,15,16,1.0,1.0033020973205566,0,0,0.25,0.0,0.0,0.27454841136932373,-0.002384018385782838,0.004125562496483326
1490,15,17,1.0,1.0062670707702637,0,0,0.25,0.0,0.0,0.27059340476989746,-0.002238156972452998,0.00583336316049099
1491,15,18,1.0,1.0042651891708374,0,0,0.25,0.0,0.0,0.27531105279922485,-0.0016459295293316245,0.002174723893404007
1492,15,19,1.0,1.0019763708114624,0,0,0.25,0.0,0.0,0.27603602409362793,-0.0010203639976680279,0.005336083471775055
1493,15,20,1.0,1.0115071535110474,0,0,0.25,0.0,0.0,0.2744331657886505,-0.0009223501547239721,0.0038420287892222404
1494,15,21,1.0,1.0088098049163818,0,0,0.25,0.0,0.0,0.26794296503067017,-0.0012861124705523252,0.004185616970062256
1495,15,22,1.0,1.0149486064910889,0,0,0.25,0.0,0.0,0.2462615668773651,-0.0013357033021748066,0.0026313913986086845
1496,15,23,1.0,1.0097004175186157,0,0,0.0,0.0,0.0,0.17086315155029297,0.0009370506159029901,-0.007207241840660572
1497,15,24,1.0,0.9996904730796814,0,0,0.0,0.0,0.0,0.04399029165506363,0.0004003621288575232,-0.0027622394263744354
1498,15,25,1.0,0.9926883578300476,0,0,0.0,0.0,0.0,-0.006882215850055218,-0.002644632011651993,0.0019161980599164963
1499,15,26,1.0,0.9972847700119019,0,0,0.0,0.0,0.0,-0.0033534266985952854,0.02161051705479622,0.009879914112389088
1500,15,27,1.0,0.9970173835754395,0,0,0.0,0.0,0.0,-0.0028752724174410105,0.04283396154642105,0.009584584273397923
1501,15,28,1.0,0.9968427419662476,0,0,0.0,0.0,0.0,0.001057170215062797,0.11964330822229385,0.01131554413586855
1502,15,29,1.0,0.9969013929367065,0,0,0.0,0.0,0.0,0.0009919266449287534,0.11945533007383347,0.011189074255526066
1503,15,30,1.0,0.9970556497573853,0,0,0.0,0.0,0.0,0.0008531130151823163,0.11867812275886536,0.014520610682666302
1504,15,31,1.0,0.9970626831054688,0,0,0.0,0.0,0.0,0.0008423404069617391,0.11857396364212036,0.014473377726972103
1505,15,32,1.0,0.995101809501648,0,0,0.0,0.25,0.0,0.00042745855171233416,0.16473759710788727,0.01294791605323553
1506,15,33,1.0,0.9862448573112488,0,0,0.0,0.25,0.0,0.001408064621500671,0.276033878326416,0.001394464634358883
1507,15,34,1.0,0.9895731806755066,0,0,0.0,0.25,0.0,0.0014225951163098216,0.27878737449645996,0.012280032970011234
1508,15,35,1.0,0.9908591508865356,0,0,0.0,0.25,0.0,-0.0008024638518691063,0.27468663454055786,0.027525845915079117
1509,15,36,1.0,0.9923533201217651,0,0,0.0,0.25,0.0,-0.0005241361213847995,0.27666938304901123,0.020131580531597137
1510,15,37,1.0,0.9902223348617554,0,0,0.0,0.25,0.0,-0.00044298393186181784,0.2751038074493408,0.023525625467300415
1511,15,38,1.0,0.9944465160369873,0,0,0.0,0.25,0.0,-2.8561800718307495e-05,0.26561662554740906,0.017293628305196762
1512,15,39,1.0,0.994026780128479,0,0,0.0,0.25,0.0,0.0007014285074546933,0.2607368528842926,0.0007099378854036331
1513,15,40,1.0,0.9920105934143066,0,0,0.0,0.25,0.0,0.0001890920102596283,0.24012522399425507,-0.007644028402864933
1514,15,41,1.0,0.9940670132637024,0,0,0.0,0.25,0.0,-5.657167639583349e-05,0.20648148655891418,-0.01889560930430889
1515,15,42,1.0,1.0035537481307983,0,0,0.0,0.25,0.0,0.0003025725018233061,0.11123035848140717,-0.033264923840761185
1516,15,43,1.0,1.005261778831482,0,0,0.0,0.25,0.0,-9.34860436245799e-05,0.03660622611641884,-0.03933185711503029
1517,15,44,1.0,1.0011605024337769,0,0,0.0,0.0,0.0,0.00011556351091712713,0.014970654621720314,-0.04925796762108803
1518,15,45,1.0,1.0030726194381714,0,0,0.0,0.0,0.0,-0.0010071482975035906,0.003979827277362347,-0.032540805637836456
1519,15,46,1.0,1.0020384788513184,0,0,0.0,0.0,0.0,-0.0011853330070152879,0.0008981808205135167,-0.025632459670305252
1520,15,47,1.0,1.0021675825119019,0,0,0.0,0.0,0.0,-0.0014019508380442858,0.00047259702114388347,-0.024511177092790604
1521,15,48,1.0,1.0018017292022705,0,0,0.0,0.0,0.0,-0.0012611419660970569,0.0006682061939500272,-0.031055640429258347
1522,15,49,1.0,1.0017601251602173,0,0,0.0,0.0,0.0,-0.0012904928298667073,0.0006104579078964889,-0.030964910984039307
1523,15,50,1.0,1.0015605688095093,0,0,0.0,0.0,0.0,-0.0011326739331707358,0.00039580982411280274,-0.06883836537599564
1524,15,51,1.0,1.0015519857406616,0,0,0.0,0.0,0.0,-0.0011358323972672224,0.00038609426701441407,-0.06873693317174911
1525,15,52,1.0,1.0013991594314575,0,0,0.0,0.0,-0.5,-0.0011691797990351915,0.00030732544837519526,-0.07307787984609604
1526,15,53,1.0,0.9929828643798828,0,0,0.0,0.0,-0.5,-0.0006340295076370239,0.0015258463099598885,-0.5404773950576782
1527,15,54,1.0,0.993116557598114,0,0,0.0,0.0,-0.5,0.00010475434828549623,0.0011683052871376276,-0.5438997149467468
1528,15,55,1.0,0.9904738068580627,0,0,0.0,0.0,-0.5,-4.743330646306276e-05,0.0012072708923369646,-0.5382457971572876
1529,15,56,1.0,0.98872309923172,0,0,0.0,0.0,-0.5,0.0006835738895460963,0.0019044224172830582,-0.5334778428077698
1530,15,57,1.0,0.9914340972900391,0,0,0.0,0.0,-0.5,0.0003846235340461135,0.0015823659487068653,-0.5313035845756531
1531,15,58,1.0,0.9919582009315491,0,0,0.0,0.0,-0.5,-0.0011407226556912065,0.000942475104238838,-0.541642963886261
1532,15,59,1.0,0.9947302341461182,0,0,0.0,0.0,-0.5,-0.001961236586794257,0.0004102535895071924,-0.5467002391815186
1533,15,60,1.0,0.9960284233093262,0,0,0.0,0.0,-0.5,-0.0010289147030562162,0.0011705069337040186,-0.5607703328132629
1534,15,61,1.0,0.9994077682495117,0,0,0.0,0.0,-0.5,-0.0008062394917942584,0.0007099729846231639,-0.5654957294464111
1535,15,62,1.0,1.0011632442474365,0,0,0.0,0.0,-0.5,0.0002980383578687906,-0.0009750388562679291,-0.5661708116531372
1536,15,63,1.0,1.0009366273880005,0,0,0.0,0.0,-0.5,0.0004159825621172786,-0.0010087603004649282,-0.564598560333252
1537,15,64,1.0,1.0326021909713745,0,0,0.0,0.0,0.0,0.0009270434966310859,-0.00041432728176005185,-0.17199715971946716
1538,15,65,1.0,1.0333542823791504,0,0,0.0,0.0,0.0,0.0008398500503972173,-0.00039685735828243196,-0.16686898469924927
1539,15,66,1.0,1.2133560180664062,0,0,0.0,0.0,0.0,0.0007527734851464629,0.0001728347851894796,-0.07460825145244598
1540,15,67,1.0,1.2134814262390137,0,0,0.0,0.0,0.0,0.0007345980266109109,0.00016385293565690517,-0.07398528605699539
1541,15,68,1.0,1.2907849550247192,0,0,0.0,0.0,0.0,0.0010377344442531466,0.00034080626210197806,-0.060806501656770706
1542,15,69,2.0,1.2907445430755615,1,0,0.0,0.0,0.0,0.001034828252159059,0.0003287426079623401,-0.060646336525678635
1543,15,70,2.0,2.0500388145446777,1,1,0.0,0.0,0.0,0.002306888811290264,-0.00014924071729183197,-0.007271477486938238
1544,15,71,2.0,2.0445022583007812,1,1,0.0,0.0,0.0,0.00261789932847023,-0.00027603714261204004,-0.0017045345157384872
1545,15,72,2.0,2.0511631965637207,1,1,0.0,0.0,0.0,0.0016169071896001697,-0.0012174851726740599,0.0028411243110895157
1546,15,73,2.0,2.0520753860473633,1,1,0.0,0.0,0.0,0.0017254232661798596,-0.0012184178922325373,0.003693152219057083
1547,15,74,2.0,2.059114933013916,1,1,0.0,0.0,0.0,0.002065788023173809,-0.0012826072052121162,0.0031039025634527206
1548,15,75,2.0,2.057544708251953,1,1,0.0,0.0,0.0,0.0018026031320914626,-0.001176276826299727,0.002210726961493492
1549,15,76,2.0,2.0592217445373535,1,1,0.0,0.0,0.0,0.002032230608165264,-0.0010638250969350338,0.004101620987057686
1550,15,77,2.0,2.060755968093872,1,1,0.0,0.0,0.0,0.0020521474070847034,-0.0009628139669075608,0.004270500503480434
1551,15,78,2.0,2.0639986991882324,1,1,0.0,0.0,0.0,0.0014947840245440602,-0.0011898066150024533,0.00025394000113010406
1552,15,79,1.0,2.065593719482422,0,1,0.0,0.0,0.0,0.0011071109911426902,-0.0008537753601558506,-0.0004833368584513664
1553,15,80,1.0,2.0599117279052734,0,1,0.0,0.0,0.0,-4.692748188972473e-05,-0.0009537176229059696,-0.0022388198412954807
1554,15,81,1.0,1.9560892581939697,0,1,0.0,0.0,0.0,-0.0005696816369891167,-0.0021326050627976656,-0.0027426453307271004
1555,15,82,1.0,2.0178399085998535,0,1,0.0,0.0,0.0,-0.0015749550657346845,-0.0007739210268482566,-0.005648003425449133
1556,15,83,1.0,2.034130811691284,0,1,0.0,0.0,0.0,-0.0016058197943493724,-0.0010301204165443778,-0.006172472145408392
1557,15,84,1.0,1.1526392698287964,0,0,0.0,0.0,0.0,-0.0036000721156597137,-0.00382301677018404,-0.029344171285629272
1558,15,85,1.0,1.1334013938903809,0,0,0.0,0.0,0.0,-0.003760369960218668,-0.0035078602377325296,-0.025093745440244675
1559,15,86,1.0,1.006633996963501,0,0,0.0,0.0,0.5,-0.0015955165727064013,-0.003078197129070759,0.15701083838939667
1560,15,87,1.0,0.9948812127113342,0,0,0.0,0.0,0.5,0.0011547283502295613,0.0018779179081320763,0.5274721384048462
1561,15,88,1.0,0.9959573149681091,0,0,0.0,0.0,0.5,0.0009234199533239007,0.0017533337231725454,0.5246750116348267
1562,15,89,1.0,0.9993972778320312,0,0,0.0,0.0,0.5,0.00044235948007553816,0.0015945537015795708,0.5281185507774353
1563,15,90,1.0,0.9996488094329834,0,0,0.0,0.0,0.5,0.0006191785214468837,0.0006510231760330498,0.5270209312438965
1564,15,91,1.0,0.9989409446716309,0,0,0.0,0.0,0.5,0.0007233844371512532,0.0009280095691792667,0.5279491543769836
1565,15,92,1.0,0.996590793132782,0,0,0.0,0.0,0.5,0.0009131965925917029,0.0016189354937523603,0.5279289484024048
1566,15,93,1.0,0.9959316253662109,0,0,0.0,0.0,0.5,0.0011039577657356858,0.0017732928972691298,0.5283503532409668
1567,15,94,1.0,0.9994996190071106,0,0,0.0,0.0,0.5,0.0006850935751572251,0.0011269266251474619,0.5287681221961975
1568,15,95,1.0,0.9973388910293579,0,0,0.0,0.0,0.5,0.0004265058087185025,0.0010881847701966763,0.5270645022392273
1569,16,0,1.0,0.9991979002952576,0,0,0.0,0.0,0.0,0.005359047558158636,-0.002765135606750846,0.007718835957348347
1570,16,1,1.0,0.9997632503509521,0,0,0.0,0.0,0.0,0.006519244518131018,-0.003916316200047731,0.004855358973145485
1571,16,2,1.0,1.002267837524414,0,0,0.0,0.0,0.0,0.004373610485345125,-0.004854470491409302,0.00742435734719038
1572,16,3,1.0,1.0017410516738892,0,0,0.0,0.0,0.0,0.0035354308784008026,-0.004568926058709621,0.008234200067818165
1573,16,4,1.0,0.9987440705299377,0,0,0.0,0.0,0.0,-0.00446059787645936,-0.0023910365998744965,0.017365872859954834
1574,16,5,1.0,0.9986301064491272,0,0,0.0,0.0,0.0,-0.004598249681293964,-0.002446456579491496,0.01770172268152237
1575,16,6,1.0,1.0027278661727905,0,0,0.0,0.0,0.0,0.0010900067863985896,-0.0029636204708367586,0.00783314649015665
1576,16,7,1.0,1.0027400255203247,0,0,0.0,0.0,0.0,0.001177809084765613,-0.0029904290568083525,0.007925224490463734
1577,16,8,1.0,1.0038721561431885,0,0,0.0,0.0,0.0,0.10936327278614044,-0.0018012342043220997,-0.005052119959145784
1578,16,9,1.0,1.0038678646087646,0,0,0.0,0.0,0.0,0.10947251319885254,-0.0018024954479187727,-0.00503005925565958
1579,16,10,1.0,1.0047204494476318,0,0,0.0,0.0,0.0,0.23837436735630035,-0.0007257405668497086,-0.005749138072133064
1580,16,11,1.0,1.0047193765640259,0,0,0.25,0.0,0.0,0.23838680982589722,-0.0007269469788298011,-0.0057421340607106686
1581,16,12,1.0,1.0038435459136963,0,0,0.25,0.0,0.0,0.27813684940338135,0.002137647243216634,0.009053059853613377
1582,16,13,1.0,1.0025746822357178,0,0,0.25,0.0,0.0,0.2831050753593445,0.0026195466052740812,0.0064040254801511765
1583,16,14,1.0,1.0038152933120728,0,0,0.25,0.0,0.0,0.2740383446216583,0.0005669993697665632,0.005518888123333454
1584,16,15,1.0,0.9988095760345459,0,0,0.25,0.0,0.0,0.24216744303703308,-0.00040551877464167774,0.008832826279103756
1585,16,16,1.0,0.9922612309455872,0,0,0.25,0.0,0.0,0.17056067287921906,-0.001699535408988595,-0.0010622963309288025
1586,16,17,1.0,0.9946862459182739,0,0,0.0,0.0,0.0,0.1090148389339447,-0.004238439258188009,-0.0027151363901793957
1587,16,18,1.0,0.9957824349403381,0,0,0.0,0.0,0.0,0.03021046333014965,-0.00807352364063263,-0.009158804081380367
1588,16,19,1.0,0.9930738210678101,0,0,0.0,0.0,0.0,0.003351652529090643,-0.0071671041660010815,-0.007984600029885769
1589,16,20,1.0,0.9975733757019043,0,0,0.0,0.0,0.0,-0.0039263018406927586,-0.0028103531803935766,-0.00011898111552000046
1590,16,21,1.0,0.9972483515739441,0,0,0.0,0.0,0.0,-0.00502353860065341,-0.0024804382119327784,-0.0015844358131289482
1591,16,22,1.0,1.0052143335342407,0,0,0.0,0.0,0.0,-0.0022801514714956284,-0.01946234330534935,0.005440505221486092
1592,16,23,1.0,1.005277395248413,0,0,0.0,0.0,0.0,-0.0024382993578910828,-0.01978220045566559,0.0053134942427277565
1593,16,24,1.0,1.0061577558517456,0,0,0.0,0.0,0.0,-0.0023248654324561357,-0.025436894968152046,0.003666536882519722
1594,16,25,1.0,1.0061386823654175,0,0,0.0,-0.25,0.0,-0.002353164367377758,-0.025456974282860756,0.00361794326454401
1595,16,26,1.0,0.9949005842208862,0,0,0.0,-0.25,0.0,-0.003057419788092375,-0.2679353356361389,-0.0034270212054252625
1596,16,27,1.0,0.9915043711662292,0,0,0.0,-0.25,0.0,-0.0031772467773407698,-0.27421507239341736,-0.00041255075484514236
1597,16,28,1.0,0.9925568103790283,0,0,0.0,-0.25,0.0,-0.0019759535789489746,-0.27697810530662537,0.001239035278558731
1598,16,29,1.0,0.9910796284675598,0,0,0.0,-0.25,0.0,-0.0020739620085805655,-0.27794021368026733,0.005388335324823856
1599,16,30,1.0,0.9947002530097961,0,0,0.0,-0.25,0.0,-0.0015735796187072992,-0.27952292561531067,0.00357639417052269
1600,16,31,1.0,0.9905031323432922,0,0,0.0,-0.25,0.0,-0.0013835803838446736,-0.27867239713668823,0.00805638451129198
1601,16,32,1.0,0.9899013638496399,0,0,0.0,-0.25,0.0,-0.0011867365101352334,-0.2821403741836548,-0.0030493298545479774
1602,16,33,1.0,0.9941050410270691,0,0,0.0,-0.25,0.0,-0.0027862878050655127,-0.2757316827774048,-0.00472530722618103
1603,16,34,1.0,0.9972755908966064,0,0,0.0,-0.25,0.0,-0.0023600058630108833,-0.26946577429771423,-0.006826075725257397
1604,16,35,1.0,1.0019268989562988,0,0,0.0,-0.25,0.0,-0.0010466491803526878,-0.23513245582580566,-0.011939982883632183
1605,16,36,1.0,0.9990959167480469,0,0,0.0,0.0,0.0,-0.001348113059066236,-0.06630996614694595,-0.023575976490974426
1606,16,37,1.0,1.001821756362915,0,0,0.0,0.0,0.0,-0.0006015142425894737,-0.006976073607802391,0.028176140040159225
1607,16,38,1.0,0.9967538714408875,0,0,0.0,0.0,0.0,-0.0007531613227911294,-0.006956920027732849,0.02433192729949951
1608,16,39,1.0,0.9961438775062561,0,0,0.0,0.0,0.0,-0.0009398403926752508,-0.004202841781079769,0.023408900946378708
1609,16,40,1.0,1.000035047531128,0,0,0.0,0.0,0.0,-0.0009590915869921446,-0.0025711830239742994,0.012503639794886112
1610,16,41,1.0,0.9998685121536255,0,0,0.0,0.0,0.0,-0.0009418102563358843,-0.0020896305795758963,0.011775673367083073
1611,16,42,1.0,1.0003033876419067,0,0,0.0,0.0,0.0,-0.0010936320759356022,0.0005505540757440031,-0.0008067144080996513
1612,16,43,1.0,1.0002671480178833,0,0,0.0,0.0,0.0,-0.0010844569187611341,0.0006341387634165585,-0.0010551703162491322
1613,16,44,1.0,1.0000452995300293,0,0,0.0,0.0,0.0,-0.0011717621237039566,0.000683799444232136,0.0014129206538200378
1614,16,45,1.0,1.0000364780426025,0,0,0.0,0.0,0.0,-0.0011693600099533796,0.0007050189306028187,0.0013548890128731728
1615,16,46,1.0,1.0012662410736084,0,0,0.0,0.0,0.0,-0.0013093316229060292,0.0006247949204407632,-0.008037548512220383
1616,16,47,1.0,1.0012640953063965,0,0,0.0,0.0,0.0,-0.001308707520365715,0.0006289487355388701,-0.008059684187173843
1617,16,48,1.0,1.0013140439987183,0,0,0.0,0.0,0.0,-0.0013882508501410484,0.0007095910259522498,-0.008693465031683445
1618,16,49,1.0,1.0013134479522705,0,0,0.0,0.0,0.0,-0.0013880609767511487,0.0007109522703103721,-0.008699756115674973
1619,16,50,1.0,1.0016106367111206,0,0,0.0,-0.25,0.0,-0.0007523934473283589,0.00023653550306335092,-0.015042953193187714
1620,16,51,1.0,1.00310218334198,0,0,0.0,0.0,0.0,-0.0013262146385386586,-0.0025622870307415724,-0.018580008298158646
1621,16,52,1.0,1.0049208402633667,0,0,0.0,0.0,0.0,-0.001670021447353065,-0.00048599991714581847,-0.011646449565887451
1622,16,53,1.0,1.004987359046936,0,0,0.0,0.0,0.0,-0.0015049964422360063,-5.9862155467271805e-05,-0.010599828325212002
1623,16,54,1.0,1.0035361051559448,0,0,0.0,0.0,0.0,-0.0017173568485304713,5.491275805979967e-05,-0.00950371939688921
1624,16,55,1.0,1.0034900903701782,0,0,0.0,0.0,0.0,-0.0017123613506555557,0.00012178230099380016,-0.010513623245060444
1625,16,56,1.0,1.002938985824585,0,0,0.0,0.0,0.0,-0.000969754415564239,2.0745617803186178e-05,-0.05300714448094368
1626,16,57,1.0,1.0029593706130981,0,0,0.0,0.0,0.0,-0.0009666677215136588,3.125239163637161e-05,-0.0533357709646225
1627,16,58,1.0,1.0039983987808228,0,0,0.0,0.0,0.0,-0.0008364254608750343,-8.797127520665526e-05,-0.08549392968416214
1628,16,59,1.0,1.0040040016174316,0,0,0.0,0.0,-0.5,-0.000836279068607837,-8.551374776288867e-05,-0.08559495955705643
1629,16,60,1.0,0.9962697625160217,0,0,0.0,0.0,-0.5,8.722860366106033e-05,0.001479409635066986,-0.5439029932022095
1630,16,61,1.0,0.9887733459472656,0,0,0.0,0.0,-0.5,0.0002664923667907715,0.0008304560906253755,-0.5443934202194214
1631,16,62,1.0,0.9855730533599854,0,0,0.0,0.0,-0.5,0.0002548749325796962,0.00010579125955700874,-0.5374884605407715
1632,16,63,1.0,0.9847565293312073,0,0,0.0,0.0,-0.5,0.0006439803401008248,0.00011685577919706702,-0.5358781218528748
1633,16,64,1.0,0.9904376864433289,0,0,0.0,0.0,-0.5,-0.0007131673628464341,0.0009119881433434784,-0.5289556980133057
1634,16,65,1.0,0.9910917282104492,0,0,0.0,0.0,-0.5,-0.001209988258779049,-0.0005797526682727039,-0.5371111631393433
1635,16,66,1.0,0.9934691786766052,0,0,0.0,0.0,-0.5,-0.0015680245123803616,0.0005340785137377679,-0.5518302321434021
1636,16,67,1.0,0.9979515671730042,0,0,0.0,0.0,-0.5,-0.0013338859425857663,0.001007326878607273,-0.565557599067688
1637,16,68,1.0,1.0046442747116089,0,0,0.0,0.0,-0.5,-0.0010512112639844418,0.000984745565801859,-0.5722196102142334
1638,16,69,1.0,1.0055055618286133,0,0,0.0,0.0,-0.5,-0.0010482934303581715,0.0010040448978543282,-0.5722954869270325
1639,16,70,1.0,0.9994307160377502,0,0,0.0,0.0,0.0,0.00035297113936394453,0.001830041641369462,-0.5148537755012512
1640,16,71,1.0,0.9993753433227539,0,0,0.0,0.0,0.0,0.0005149472272023559,0.0017820245120674372,-0.4996437132358551
1641,16,72,1.0,0.9804354906082153,0,0,0.0,0.0,0.0,-0.0011356581235304475,0.0012171806301921606,-0.15545247495174408
1642,16,73,1.0,0.9811452627182007,0,0,0.0,0.0,0.0,-0.0012393099023029208,0.001137708779424429,-0.14727021753787994
1643,16,74,1.0,1.1883413791656494,0,0,0.0,0.0,0.0,-0.0005475690122693777,-0.0011263361666351557,-0.02062738686800003
1644,16,75,1.0,1.1904857158660889,0,0,0.0,0.0,0.0,-0.000549960182979703,-0.0011250728275626898,-0.0201675146818161
1645,16,76,1.0,1.3360766172409058,0,0,0.0,0.0,0.0,-0.0006706295534968376,-0.0009365080622956157,-0.01891203224658966
1646,16,77,2.0,1.338474988937378,1,0,0.0,0.0,0.0,-0.0006612921133637428,-0.0009111922699958086,-0.018521975725889206
1647,16,78,2.0,2.0499939918518066,1,1,0.0,0.0,0.0,0.0013351052766665816,-0.00021355680655688047,0.0013580508530139923
1648,16,79,2.0,2.0555644035339355,1,1,0.0,0.0,0.0,0.00048675702419131994,-0.0004068939888384193,-0.0006023924797773361
1649,16,80,2.0,2.0596189498901367,1,1,0.0,0.0,0.0,0.000999910174869001,-0.001448070048354566,0.004479254595935345
1650,16,81,2.0,2.06113338470459,1,1,0.0,0.0,0.0,0.0004229753976687789,-0.0014109605690464377,0.005198165774345398
1651,16,82,2.0,2.0634946823120117,1,1,0.0,0.0,0.0,8.202018216252327e-05,-0.001493395073339343,0.005303560756146908
1652,16,83,2.0,2.065629482269287,1,1,0.0,0.0,0.0,-5.775818135589361e-05,-0.0017459236551076174,0.0035198358818888664
1653,16,84,2.0,1.6830503940582275,1,1,0.0,0.0,0.0,-0.001576317474246025,-0.0035696113482117653,-0.005306169390678406
1654,16,85,1.0,1.1259007453918457,0,0,0.0,0.0,0.0,-0.0007066300022415817,-0.006731078028678894,-0.047399166971445084
1655,16,86,1.0,1.029319405555725,0,0,0.0,0.0,0.0,0.0007195101352408528,-0.004262035246938467,-0.025896865874528885
1656,16,87,1.0,1.0237833261489868,0,0,0.0,0.0,0.0,0.0008767334511503577,-0.004278068896383047,-0.024537060409784317
1657,16,88,1.0,1.0063925981521606,0,0,0.0,0.0,0.0,-0.00038804206997156143,-0.0009226335678249598,0.12130039930343628
1658,16,89,1.0,1.0030789375305176,0,0,0.0,0.0,0.0,-0.00024098600260913372,-0.0005128252087160945,0.15565066039562225
1659,16,90,1.0,0.9998601078987122,0,0,0.0,0.0,0.0,-0.000595650402829051,-0.001353873056359589,0.26755547523498535
1660,16,91,1.0,1.0000956058502197,0,0,0.0,0.0,0.0,-0.0005989191122353077,-0.0006911749369464815,0.3202672600746155
1661,16,92,1.0,1.0057262182235718,0,0,0.0,0.0,0.5,-0.00017557886894792318,-0.0002432394539937377,0.3249237835407257
1662,16,93,1.0,1.001574158668518,0,0,0.0,0.0,0.5,0.0007556182099506259,0.0005473271594382823,0.528204083442688
1663,16,94,1.0,0.9995346069335938,0,0,0.0,0.0,0.5,0.0008827779674902558,0.00041019852505996823,0.5287129282951355
1664,16,95,1.0,0.99772709608078,0,0,0.0,0.0,0.5,0.0007822742918506265,0.0008838943322189152,0.5282930135726929
1665,16,96,1.0,0.9983203411102295,0,0,0.0,0.0,0.5,0.0005799875361844897,0.0008885152055881917,0.527971088886261
1666,16,97,1.0,0.997334361076355,0,0,0.0,0.0,0.5,0.000625212793238461,0.0008361015352420509,0.5280073881149292
1667,16,98,1.0,0.9997352957725525,0,0,0.0,0.0,0.5,0.0006854030070826411,0.000486439501401037,0.5289030075073242
1668,16,99,1.0,0.9988429546356201,0,0,0.0,0.0,0.5,0.0008974146330729127,0.0002035309444181621,0.5275809168815613
1669,16,100,1.0,0.9994974136352539,0,0,0.0,0.0,0.5,0.0007228160975500941,0.0004278002888895571,0.5287917852401733
1670,16,101,1.0,0.9993277192115784,0,0,0.0,0.0,0.5,0.0010545131517574191,0.00037631281884387136,0.5280476808547974
1671,17,0,1.0,0.9980224370956421,0,0,0.0,0.0,0.0,0.0021353247575461864,-0.001649572979658842,0.002951047383248806
1672,17,1,1.0,0.9993724822998047,0,0,0.0,0.0,0.0,0.0031576668843626976,-0.001443719258531928,-0.004006487317383289
1673,17,2,1.0,0.9989904761314392,0,0,0.0,0.0,0.0,0.0028701629489660263,-0.0009027592022903264,-0.00039975903928279877
1674,17,3,1.0,0.9976297616958618,0,0,0.0,0.0,0.0,0.002517873886972666,-0.001005810801871121,5.9178099036216736e-05
1675,17,4,1.0,0.9955683350563049,0,0,0.0,0.0,0.0,0.00019991700537502766,-0.0015211505815386772,0.0018391720950603485
1676,17,5,1.0,0.9956268668174744,0,0,0.0,0.0,0.0,7.453339640051126e-05,-0.0015305443666875362,0.0022941064089536667
1677,17,6,1.0,1.0026123523712158,0,0,0.0,0.0,0.0,-0.0031803064048290253,-0.00011047133011743426,-0.0018368558958172798
1678,17,7,1.0,1.002638816833496,0,0,0.0,0.0,0.0,-0.0031832423992455006,-0.00010758399730548263,-0.001706685870885849
1679,17,8,1.0,1.0103387832641602,0,0,0.0,0.0,0.0,-0.0008639064035378397,0.0033182252664119005,-0.00544604379683733
1680,17,9,1.0,1.0103427171707153,0,0,0.0,0.0,0.0,-0.0008500265539623797,0.003316733753308654,-0.005407098680734634
1681,17,10,1.0,1.012285828590393,0,0,0.0,0.0,0.0,0.00963712390512228,0.0037020917516201735,-0.003725874237716198
1682,17,11,1.0,1.0122861862182617,0,0,0.0,0.0,0.0,0.009644162841141224,0.003700780449435115,-0.0037137800827622414
1683,17,12,1.0,1.0118972063064575,0,0,0.25,0.0,0.0,0.035091932862997055,0.004023795016109943,0.009650214575231075
1684,17,13,1.0,1.0080889463424683,0,0,0.25,0.0,0.0,0.23461520671844482,-0.0014692371478304267,-0.006347102113068104
1685,17,14,1.0,1.0043576955795288,0,0,0.25,0.0,0.0,0.264437198638916,-0.0014075550716370344,-0.005526655353605747
1686,17,15,1.0,1.0111830234527588,0,0,0.25,0.0,0.0,0.2738245725631714,-0.0012928415089845657,-0.003128659911453724
1687,17,16,1.0,1.0052950382232666,0,0,0.25,0.0,0.0,0.27461329102516174,-0.0019475952722132206,0.0015137316659092903
1688,17,17,1.0,1.0016326904296875,0,0,0.25,0.0,0.0,0.2753230035305023,-0.0025127376429736614,0.0044839465990662575
1689,17,18,1.0,1.0050992965698242,0,0,0.25,0.0,0.0,0.2722194790840149,-0.0023088373709470034,0.002390604466199875
1690,17,19,1.0,1.0042870044708252,0,0,0.25,0.0,0.0,0.2708706855773926,-0.0021209155675023794,0.008959784172475338
1691,17,20,1.0,1.0109589099884033,0,0,0.25,0.0,0.0,0.2747747302055359,-0.0011204449692741036,0.005799967795610428
1692,17,21,1.0,1.010467767715454,0,0,0.25,0.0,0.0,0.27690985798835754,-0.0009866137988865376,0.005162016488611698
1693,17,22,1.0,1.0129674673080444,0,0,0.25,0.0,0.0,0.2746531665325165,-0.0008192998939193785,0.0055849067866802216
1694,17,23,1.0,1.0140800476074219,0,0,0.25,0.0,0.0,0.2585359215736389,-0.0015818424290046096,-0.0014786478132009506
1695,17,24,1.0,1.005806803703308,0,0,0.25,0.0,0.0,0.18264256417751312,0.001909197075292468,-0.008775693364441395
1696,17,25,1.0,1.003531575202942,0,0,0.0,0.0,0.0,0.14783009886741638,0.0023192092776298523,-0.010192103683948517
1697,17,26,1.0,0.989259660243988,0,0,0.0,0.0,0.0,0.04445513337850571,0.000985658261924982,-0.009262642823159695
1698,17,27,1.0,0.9850967526435852,0,0,0.0,0.0,0.0,0.006948281545192003,-0.0007619200623594224,-0.004885128699243069
1699,17,28,1.0,0.9923194646835327,0,0,0.0,0.0,0.0,-0.005904621910303831,-0.0029287817887961864,-0.003590784501284361
1700,17,29,1.0,0.9923055171966553,0,0,0.0,0.0,0.0,-0.007567316759377718,-0.0017421368975192308,-0.005162801593542099
1701,17,30,1.0,0.9971776604652405,0,0,0.0,0.0,0.0,-0.0009640021598897874,0.02673284523189068,-0.009910250082612038
1702,17,31,1.0,0.9971302151679993,0,0,0.0,0.25,0.0,-0.0010079819476231933,0.026989351958036423,-0.010177243500947952
1703,17,32,1.0,0.9911956787109375,0,0,0.0,0.25,0.0,-0.0007763301837258041,0.26102685928344727,0.007784650661051273
1704,17,33,1.0,0.9917163252830505,0,0,0.0,0.25,0.0,0.0010228188475593925,0.2707429826259613,0.00447241123765707
1705,17,34,1.0,0.9948583245277405,0,0,0.0,0.25,0.0,0.0018431850476190448,0.27214229106903076,0.0039013121277093887
1706,17,35,1.0,0.9920248985290527,0,0,0.0,0.25,0.0,0.0019096947507932782,0.27094829082489014,0.004638826474547386
1707,17,36,1.0,0.9870438575744629,0,0,0.0,0.25,0.0,0.0029686400666832924,0.27573689818382263,0.007070106454193592
1708,17,37,1.0,0.9866743683815002,0,0,0.0,0.25,0.0,0.0012115699937567115,0.27692997455596924,0.00848036352545023
1709,17,38,1.0,0.988684892654419,0,0,0.0,0.25,0.0,0.002535163424909115,0.28112828731536865,0.007553811185061932
1710,17,39,1.0,0.9900587797164917,0,0,0.0,0.25,0.0,0.002303709741681814,0.2791612446308136,0.007172948680818081
1711,17,40,1.0,0.9832513928413391,0,0,0.0,0.25,0.0,0.0017427395796403289,0.23705314099788666,-0.011211426928639412
1712,17,41,1.0,0.9875626564025879,0,0,0.0,0.0,0.0,-0.0011469009332358837,0.14689168334007263,-0.03118288516998291
1713,17,42,1.0,0.9992427825927734,0,0,0.0,0.0,0.0,-0.0014928900636732578,0.0033543428871780634,0.025925587862730026
1714,17,43,1.0,1.0002520084381104,0,0,0.0,0.0,0.0,-0.0016445079818367958,-0.00036236332380212843,0.03386875241994858
1715,17,44,1.0,1.003220796585083,0,0,0.0,0.0,0.0,-0.0021854883525520563,-0.00032190719502978027,0.022405974566936493
1716,17,45,1.0,1.003033995628357,0,0,0.0,0.0,0.0,-0.0022626002319157124,-0.0010026893578469753,0.019936315715312958
1717,17,46,1.0,1.00246000289917,0,0,0.0,0.0,0.0,-0.0018061937298625708,-0.00032911726157180965,-0.02409938909113407
1718,17,47,1.0,1.002471685409546,0,0,0.0,0.0,0.0,-0.0018201901111751795,-0.0003859674325212836,-0.024725817143917084
1719,17,48,1.0,1.0029157400131226,0,0,0.0,0.25,0.0,-0.001572058885358274,-0.0004941566148772836,-0.02613988146185875
1720,17,49,1.0,1.0027759075164795,0,0,0.0,0.0,0.0,-0.0012916552368551493,0.0054702963680028915,-0.056672777980566025
1721,17,50,1.0,1.0028446912765503,0,0,0.0,0.0,0.0,-0.0015005734749138355,0.0016436283476650715,-0.043165337294340134
1722,17,51,1.0,1.0029453039169312,0,0,0.0,0.0,0.0,-0.0016770117217674851,0.0007046299870125949,-0.03803330659866333
1723,17,52,1.0,1.002639889717102,0,0,0.0,0.0,0.0,-0.0017694855341687799,0.00043001986341550946,-0.0287439227104187
1724,17,53,1.0,1.0025928020477295,0,0,0.0,0.0,0.0,-0.0018203473882749677,0.00031595485052093863,-0.028426535427570343
1725,17,54,1.0,1.001711130142212,0,0,0.0,0.0,0.0,-0.0008724312647245824,0.00015111250104382634,-0.07954609394073486
1726,17,55,1.0,1.0016964673995972,0,0,0.0,0.0,0.0,-0.0008781077922321856,0.0001379320165142417,-0.07941719144582748
1727,17,56,1.0,1.0017071962356567,0,0,0.0,0.0,0.0,-0.0006954792188480496,-0.0001614720094949007,-0.10537946969270706
1728,17,57,1.0,1.001701831817627,0,0,0.0,0.0,-0.5,-0.0006958749145269394,-0.00016270141350105405,-0.10533053427934647
1729,17,58,1.0,0.9925271272659302,0,0,0.0,0.0,-0.5,-0.0007118990179151297,0.002027848269790411,-0.5393499135971069
1730,17,59,1.0,0.9880724549293518,0,0,0.0,0.0,-0.5,-6.749981548637152e-05,0.0009841222781687975,-0.5427420139312744
1731,17,60,1.0,0.9910070300102234,0,0,0.0,0.0,-0.5,0.00011143041774630547,0.0013250766787678003,-0.5341303944587708
1732,17,61,1.0,0.9921333193778992,0,0,0.0,0.0,-0.5,0.00020416639745235443,0.000952559697907418,-0.53526771068573
1733,17,62,1.0,0.991994321346283,0,0,0.0,0.0,-0.5,-0.0009839325211942196,0.0009016608237288892,-0.5378097295761108
1734,17,63,1.0,0.9919355511665344,0,0,0.0,0.0,-0.5,-0.0019409159431234002,0.0007100337534211576,-0.5432344675064087
1735,17,64,1.0,0.996236264705658,0,0,0.0,0.0,-0.5,-0.0013596349162980914,0.0012898496352136135,-0.5711128115653992
1736,17,65,1.0,1.0002449750900269,0,0,0.0,0.0,-0.5,-0.0014007088029757142,0.0003801755956374109,-0.573399543762207
1737,17,66,1.0,0.9971276521682739,0,0,0.0,0.0,-0.5,0.0008716097800061107,-0.0001217392273247242,-0.5607231855392456
1738,17,67,1.0,0.9941356778144836,0,0,0.0,0.0,-0.5,0.0012392663629725575,-9.30792884901166e-05,-0.5468723773956299
1739,17,68,1.0,1.0538227558135986,0,0,0.0,0.0,-0.5,0.0020306450314819813,0.00026854133466258645,-0.20482921600341797
1740,17,69,1.0,1.0560379028320312,0,0,0.0,0.0,0.0,0.001909559010528028,0.0002652823459357023,-0.19468611478805542
1741,17,70,1.0,1.7601466178894043,0,1,0.0,0.0,0.0,0.0012124249478802085,0.0016390332020819187,-0.03136725723743439
1742,17,71,1.0,1.760937213897705,0,1,0.0,0.0,0.0,0.0012010607169941068,0.0016323847230523825,-0.030901148915290833
1743,17,72,1.0,1.9884133338928223,0,1,0.0,0.0,0.0,0.0016589207807555795,0.0010613268241286278,-0.014057448133826256
1744,17,73,2.0,1.9885711669921875,1,1,0.0,0.0,0.0,0.0016566483536735177,0.0010517488699406385,-0.014004739932715893
1745,17,74,2.0,2.05098295211792,1,1,0.0,0.0,0.0,0.002191946841776371,7.130426820367575e-05,0.0014012809842824936
1746,17,75,2.0,2.0531277656555176,1,1,0.0,0.0,0.0,0.0021743886172771454,-0.0005144678289070725,0.0019190097227692604
1747,17,76,2.0,2.0556490421295166,1,1,0.0,0.0,0.0,0.002065397799015045,-0.0015592605341225863,0.003789772279560566
1748,17,77,2.0,2.059211492538452,1,1,0.0,0.0,0.0,0.0019412563415244222,-0.0014649310614913702,0.004155609756708145
1749,17,78,2.0,2.06381893157959,1,1,0.0,0.0,0.0,0.002040392253547907,-0.0014343778602778912,0.003961065784096718
1750,17,79,2.0,2.063666820526123,1,1,0.0,0.0,0.0,0.0018310745945200324,-0.0015819601248949766,0.002750891260802746
1751,17,80,2.0,2.0385522842407227,1,1,0.0,0.0,0.0,-0.0010996200144290924,-0.0009557906887494028,-0.0027810106985270977
1752,17,81,1.0,1.7364833354949951,0,1,0.0,0.0,0.0,-0.0017433192115277052,-0.002079192316159606,-0.0010015438310801983
1753,17,82,1.0,1.0221067667007446,0,0,0.0,0.0,0.0,-0.0013228132156655192,-0.0051515428349375725,0.0075689563527703285
1754,17,83,1.0,1.022024393081665,0,0,0.0,0.0,0.0,-0.0012814289657399058,-0.005119109991937876,0.007177072577178478
1755,17,84,1.0,1.1108176708221436,0,0,0.0,0.0,0.0,-0.0022344887256622314,-0.007214547134935856,-0.017937740311026573
1756,17,85,1.0,1.1122230291366577,0,0,0.0,0.0,0.0,-0.00225579715333879,-0.007066322956234217,-0.018298238515853882
1757,17,86,1.0,0.9997451305389404,0,0,0.0,0.0,0.0,-0.0016682595014572144,-0.004600113723427057,0.15536223351955414
1758,17,87,1.0,0.9998424053192139,0,0,0.0,0.0,0.5,-0.0016830607783049345,-0.004557216539978981,0.15365511178970337
1759,17,88,1.0,0.9948699474334717,0,0,0.0,0.0,0.5,0.0009648139821365476,0.0013241805136203766,0.5269807577133179
1760,17,89,1.0,0.999998927116394,0,0,0.0,0.0,0.5,0.0005511195631697774,0.0017657342832535505,0.5121558308601379
1761,17,90,1.0,0.9986073970794678,0,0,0.0,0.0,0.5,0.0004979477962478995,0.0018488653004169464,0.5253528356552124
1762,17,91,1.0,0.9971792101860046,0,0,0.0,0.0,0.5,0.0006694680778309703,0.0015861773863434792,0.5294106602668762
1763,17,92,1.0,0.9978246688842773,0,0,0.0,0.0,0.5,0.0008187707280740142,0.0013255281373858452,0.527276337146759
1764,17,93,1.0,0.9978830218315125,0,0,0.0,0.0,0.5,0.000509807956404984,0.0012055400293320417,0.5284740328788757
1765,17,94,1.0,0.9982007145881653,0,0,0.0,0.0,0.5,0.000864199479110539,0.0008474494679830968,0.527192234992981
1766,17,95,1.0,0.9991451501846313,0,0,0.0,0.0,0.5,0.0009703900432214141,0.0015009623020887375,0.5263225436210632
1767,17,96,1.0,0.9991552829742432,0,0,0.0,0.0,0.5,0.0012273768661543727,0.0011111614294350147,0.5266055464744568
1768,18,0,1.0,0.994790256023407,0,0,0.0,0.0,0.0,0.0008609708165749907,0.0007487243856303394,-0.0016807536594569683
1769,18,1,1.0,0.9934422373771667,0,0,0.0,0.0,0.0,0.001071962178684771,0.00042973965173587203,-0.008704191073775291
1770,18,2,1.0,0.9964932799339294,0,0,0.0,0.0,0.0,0.0018699906067922711,0.0002205457421950996,-0.004825274925678968
1771,18,3,1.0,0.9968582987785339,0,0,0.0,0.0,0.0,0.001928771729581058,0.0002455327194184065,-0.003324660938233137
1772,18,4,1.0,0.9963976144790649,0,0,0.0,0.0,0.0,0.0020502833649516106,0.00023017619969323277,0.0018628239631652832
1773,18,5,1.0,0.9963771104812622,0,0,0.0,0.0,0.0,0.0019526890246197581,0.00020603608572855592,0.002463630400598049
1774,18,6,1.0,0.9984399676322937,0,0,0.0,0.0,0.0,-0.00015894509851932526,0.0007074777386151254,0.008334907703101635
1775,18,7,1.0,0.9984652996063232,0,0,0.0,0.0,0.0,-0.00017538259271532297,0.0007045276579447091,0.008517048321664333
1776,18,8,1.0,1.001548171043396,0,0,0.0,0.0,0.0,-0.0008939483668655157,0.000952059228438884,0.008035452105104923
1777,18,9,1.0,1.0015549659729004,0,0,0.0,0.0,0.0,-0.0008970754570327699,0.0009510127711109817,0.008082798682153225
1778,18,10,1.0,1.0043057203292847,0,0,0.0,0.0,0.0,-0.001374032348394394,0.0008671619580127299,0.011197923682630062
1779,18,11,1.0,1.0043071508407593,0,0,0.0,0.0,0.0,-0.0013740884605795145,0.0008666873327456415,0.011208376847207546
1780,18,12,1.0,1.004529356956482,0,0,0.25,0.0,0.0,-0.0021029217168688774,0.0012365288566797972,0.007088745944201946
1781,18,13,1.0,1.011074423789978,0,0,0.25,0.0,0.0,0.055051229894161224,0.003443946363404393,-0.010641880333423615
1782,18,14,1.0,1.0049889087677002,0,0,0.25,0.0,0.0,0.14492978155612946,0.005320648197084665,-0.007424997165799141
1783,18,15,1.0,1.0021910667419434,0,0,0.25,0.0,0.0,0.23537826538085938,0.0026732254773378372,0.004997520707547665
1784,18,16,1.0,1.0050888061523438,0,0,0.25,0.0,0.0,0.2692706286907196,0.0006059535662643611,0.0075525762513279915
1785,18,17,1.0,1.0075680017471313,0,0,0.25,0.0,0.0,0.27053794264793396,-0.0006497446447610855,0.00979673396795988
1786,18,18,1.0,1.008442759513855,0,0,0.25,0.0,0.0,0.27171823382377625,-0.002509447280317545,0.00906751211732626
1787,18,19,1.0,1.0043225288391113,0,0,0.25,0.0,0.0,0.2748618423938751,-0.001123589463531971,0.00862796138972044
1788,18,20,1.0,1.0168216228485107,0,0,0.25,0.0,0.0,0.27331069111824036,-0.001656799577176571,0.007586291991174221
1789,18,21,1.0,1.008129358291626,0,0,0.25,0.0,0.0,0.27868902683258057,-0.0013193701161071658,0.0026958584785461426
1790,18,22,1.0,1.0066678524017334,0,0,0.25,0.0,0.0,0.2782564163208008,-0.0004463330842554569,0.0025772638618946075
1791,18,23,1.0,1.0067715644836426,0,0,0.25,0.0,0.0,0.2676127552986145,-0.001298760180361569,0.008945214562118053
1792,18,24,1.0,0.9975156188011169,0,0,0.0,0.0,0.0,0.22312575578689575,-0.0026095188222825527,0.0074577974155545235
1793,18,25,1.0,0.9936318397521973,0,0,0.0,0.0,0.0,0.22865337133407593,-0.00863383524119854,-0.000909668393433094
1794,18,26,1.0,1.0011918544769287,0,0,0.0,0.0,0.0,0.014206049032509327,-0.00705167418345809,-0.012286970391869545
1795,18,27,1.0,0.9955844879150391,0,0,0.0,0.0,0.0,-0.011367556639015675,-0.007184034213423729,-0.013047381304204464
1796,18,28,1.0,0.9923603534698486,0,0,0.0,0.0,0.0,-0.01844683662056923,-0.008097446523606777,-0.009553884156048298
1797,18,29,1.0,0.991334080696106,0,0,0.0,0.0,0.0,-0.020339693874120712,-0.007881306111812592,-0.00976104848086834
1798,18,30,1.0,0.9957453608512878,0,0,0.0,0.0,0.0,-0.011975553818047047,-0.004762024153023958,-0.00851770956069231
1799,18,31,1.0,0.9957040548324585,0,0,0.0,0.0,0.0,-0.012100202031433582,-0.00469969492405653,-0.008631834760308266
1800,18,32,1.0,0.9952248334884644,0,0,0.0,0.0,0.0,-0.013968583196401596,-0.005685847718268633,-0.0099277189001441
1801,18,33,1.0,0.9952238202095032,0,0,0.0,0.0,0.0,-0.013992675580084324,-0.005679655820131302,-0.009956943802535534
1802,18,34,1.0,0.9951903223991394,0,0,0.0,0.0,0.0,-0.013603247702121735,-0.005348075181245804,-0.009163144044578075
1803,18,35,1.0,0.9951891899108887,0,0,0.0,0.0,0.0,-0.013607787899672985,-0.005346979945898056,-0.009173855185508728
1804,18,36,1.0,0.9956967234611511,0,0,0.0,0.0,0.0,-0.01223705429583788,-0.004751012194901705,-0.008271430619060993
1805,18,37,1.0,0.9956964254379272,0,0,0.0,0.0,0.0,-0.012237949296832085,-0.004750820342451334,-0.008275124244391918
1806,18,38,1.0,0.9956963062286377,0,0,0.0,0.0,0.0,-0.01223838422447443,-0.004750761203467846,-0.008277359418570995
1807,18,39,1.0,0.9956961870193481,0,0,0.0,-0.25,0.0,-0.012238594703376293,-0.004750745836645365,-0.008278961293399334
1808,18,40,1.0,0.9936042428016663,0,0,0.0,-0.25,0.0,-0.00304973847232759,-0.2710857093334198,-0.003568073268979788
1809,18,41,1.0,0.9909495115280151,0,0,0.0,-0.25,0.0,-0.0026158017572015524,-0.2762030363082886,-0.0019846740178763866
1810,18,42,1.0,0.9922287464141846,0,0,0.0,-0.25,0.0,-0.0013892333954572678,-0.277095228433609,-0.0012460886500775814
1811,18,43,1.0,0.9926106333732605,0,0,0.0,-0.25,0.0,-0.0011198223801329732,-0.27946656942367554,-0.0003321859985589981
1812,18,44,1.0,0.9963245987892151,0,0,0.0,-0.25,0.0,-0.0008338633342646062,-0.2789174020290375,0.003969110548496246
1813,18,45,1.0,0.9928092360496521,0,0,0.0,-0.25,0.0,-0.0009023825405165553,-0.2790115773677826,0.0053477054461836815
1814,18,46,1.0,0.9894941449165344,0,0,0.0,-0.25,0.0,-0.0013441762421280146,-0.2819022536277771,-0.0012894850224256516
1815,18,47,1.0,0.9944246411323547,0,0,0.0,-0.25,0.0,-0.0019206276629120111,-0.27613699436187744,-0.006237620487809181
1816,18,48,1.0,0.9994301199913025,0,0,0.0,-0.25,0.0,-0.00205809879116714,-0.2610965967178345,-0.016371605917811394
1817,18,49,1.0,1.0019383430480957,0,0,0.0,0.0,0.0,-0.0022909704130142927,-0.21513061225414276,-0.02109857276082039
1818,18,50,1.0,1.0008049011230469,0,0,0.0,0.0,0.0,-0.00032198172993957996,-0.012231232598423958,0.007059668190777302
1819,18,51,1.0,1.0020043849945068,0,0,0.0,0.0,0.0,-0.0007306984625756741,-0.001751334872096777,0.021350674331188202
1820,18,52,1.0,1.000691533088684,0,0,0.0,0.0,0.0,-0.0006703765830025077,-0.0003029289946425706,-0.014732697047293186
1821,18,53,1.0,1.0005137920379639,0,0,0.0,0.0,0.0,-0.0006836015381850302,9.806692833080888e-05,-0.015216692350804806
1822,18,54,1.0,0.9995599985122681,0,0,0.0,0.0,0.0,-0.000575367477722466,8.009083103388548e-06,-0.029931236058473587
1823,18,55,1.0,0.999521791934967,0,0,0.0,-0.25,0.0,-0.0005822053644806147,4.8232381232082844e-05,-0.030134331434965134
1824,18,56,1.0,1.0032494068145752,0,0,0.0,0.0,0.0,-0.002072312403470278,-0.001724393106997013,-0.03341667726635933
1825,18,57,1.0,1.0039278268814087,0,0,0.0,0.0,0.0,-0.001934899017214775,-0.0002252431004308164,-0.02222709357738495
1826,18,58,1.0,1.003568172454834,0,0,0.0,0.0,0.0,-0.0016325253527611494,6.841053254902363e-05,-0.007167593576014042
1827,18,59,1.0,1.003627896308899,0,0,0.0,0.0,0.0,-0.0016732905060052872,0.00021749845473095775,-0.008071018382906914
1828,18,60,1.0,1.0023508071899414,0,0,0.0,0.0,0.0,-0.0009290038142353296,-5.4422649554908276e-05,-0.05683017522096634
1829,18,61,1.0,1.0023918151855469,0,0,0.0,0.0,0.0,-0.000931577174924314,-2.7629896067082882e-05,-0.05731706693768501
1830,18,62,1.0,1.0031609535217285,0,0,0.0,0.0,0.0,-0.0005198857979848981,-5.5100652389228344e-05,-0.09441110491752625
1831,18,63,1.0,1.0031682252883911,0,0,0.0,0.0,-0.5,-0.0005195972044020891,-5.133508238941431e-05,-0.09457342326641083
1832,18,64,1.0,0.9995231032371521,0,0,0.0,0.0,-0.5,-0.00029943150002509356,0.0006569477845914662,-0.5469051599502563
1833,18,65,1.0,0.9910897612571716,0,0,0.0,0.0,-0.5,-0.00014959601685404778,0.0010463432408869267,-0.5432890057563782
1834,18,66,1.0,0.9870092868804932,0,0,0.0,0.0,-0.5,0.0006029364885762334,0.00029649114003404975,-0.5395827889442444
1835,18,67,1.0,0.9862595200538635,0,0,0.0,0.0,-0.5,0.00012855336535722017,0.00019407604122534394,-0.5337923765182495
1836,18,68,1.0,0.9884414672851562,0,0,0.0,0.0,-0.5,8.159945718944073e-05,0.0012191631831228733,-0.5332658290863037
1837,18,69,1.0,0.9913451075553894,0,0,0.0,0.0,-0.5,-0.0013312763767316937,0.0005097295506857336,-0.5421724319458008
1838,18,70,1.0,0.9945148825645447,0,0,0.0,0.0,-0.5,-0.001784600899554789,-5.813321331515908e-05,-0.5527142286300659
1839,18,71,1.0,1.0001988410949707,0,0,0.0,0.0,-0.5,-0.0019586326088756323,0.00012683134991675615,-0.5644025206565857
1840,18,72,1.0,1.0054410696029663,0,0,0.0,0.0,-0.5,-0.001384955132380128,0.0005458319210447371,-0.5741280317306519
1841,18,73,1.0,1.0053881406784058,0,0,0.0,0.0,-0.5,-0.0012170295231044292,0.00047427573008462787,-0.5737996101379395
1842,18,74,1.0,0.99338698387146,0,0,0.0,0.0,-0.5,0.00028147955890744925,0.0019449032843112946,-0.49469107389450073
1843,18,75,1.0,0.9931780695915222,0,0,0.0,0.0,0.0,0.0004047543043270707,0.0018089134246110916,-0.48096761107444763
1844,18,76,1.0,1.111526370048523,0,0,0.0,0.0,0.0,-0.001784137450158596,-0.0006396331591531634,-0.08205272257328033
1845,18,77,1.0,1.1139341592788696,0,0,0.0,0.0,0.0,-0.0017651593079790473,-0.0007378343143500388,-0.07906821370124817
1846,18,78,1.0,1.6235089302062988,0,1,0.0,0.0,0.0,0.001077882363460958,0.0011543871369212866,-0.013225014321506023
1847,18,79,1.0,1.6258981227874756,0,1,0.0,0.0,0.0,0.0010816178983077407,0.001182273030281067,-0.013044161722064018
1848,18,80,1.0,1.7249658107757568,0,1,0.0,0.0,0.0,0.0005555438110604882,0.0014211682137101889,-0.009701861068606377
1849,18,81,2.0,1.7262794971466064,1,1,0.0,0.0,0.0,0.0005557393888011575,0.0014350395649671555,-0.009623568505048752
1850,18,82,2.0,2.0515847206115723,1,1,0.0,0.0,0.0,0.001954503823071718,0.0002659194287844002,0.0032081622630357742
1851,18,83,2.0,2.0566699504852295,1,1,0.0,0.0,0.0,0.0013249769108369946,-0.0008003792609088123,0.0025308597832918167
1852,18,84,2.0,2.0593931674957275,1,1,0.0,0.0,0.0,0.0013881808845326304,-0.0013272070791572332,0.002749452367424965
1853,18,85,2.0,2.059605121612549,1,1,0.0,0.0,0.0,0.0012860450660809875,-0.0013224659487605095,0.0034485068172216415
1854,18,86,2.0,2.0609965324401855,1,1,0.0,0.0,0.0,0.0014620729489251971,-0.0015178013127297163,0.00413996446877718
1855,18,87,2.0,2.0609817504882812,1,1,0.0,0.0,0.0,0.0014377987245097756,-0.0015268432907760143,0.004195164889097214
1856,18,88,2.0,2.07411527633667,1,1,0.0,0.0,0.0,0.0010995104676112533,0.00022007111692801118,0.006444839760661125
1857,18,89,1.0,2.0742034912109375,0,1,0.0,0.0,0.0,0.0010999628575518727,0.00021367979934439063,0.006543315947055817
1858,18,90,1.0,1.1592788696289062,0,0,0.0,0.0,0.0,-0.001836502691730857,-0.0009258573409169912,0.006105103529989719
1859,18,91,1.0,1.1606812477111816,0,0,0.0,0.0,0.0,-0.0018346520373597741,-0.0008708800305612385,0.006128209643065929
1860,18,92,1.0,1.0463149547576904,0,0,0.0,0.0,0.0,-0.0013891324633732438,-0.002302485750988126,0.04229339212179184
1861,18,93,1.0,1.0463993549346924,0,0,0.0,0.0,0.0,-0.001384465373121202,-0.0022788778878748417,0.0423433743417263
1862,18,94,1.0,1.010082721710205,0,0,0.0,0.0,0.0,-0.0010549152502790093,-0.0009073243127204478,0.18987078964710236
1863,18,95,1.0,1.0101429224014282,0,0,0.0,0.0,0.5,-0.001056257518939674,-0.0008991560898721218,0.188827782869339
1864,18,96,1.0,1.0206953287124634,0,0,0.0,0.0,0.5,-0.0020542838610708714,0.0021301296073943377,0.4133699834346771
1865,18,97,1.0,0.9973412752151489,0,0,0.0,0.0,0.5,0.000992514076642692,0.0008619558648206294,0.5277554988861084
1866,18,98,1.0,0.9969501495361328,0,0,0.0,0.0,0.5,0.0005559030687436461,0.0009545052307657897,0.5279616713523865
1867,18,99,1.0,0.9972589015960693,0,0,0.0,0.0,0.5,0.0005426589632406831,0.00030522263841703534,0.5279598236083984
1868,18,100,1.0,0.9971601963043213,0,0,0.0,0.0,0.5,0.0003755894722416997,0.0007113952306099236,0.5275393724441528
1869,18,101,1.0,0.9970946311950684,0,0,0.0,0.0,0.5,0.00038890924770385027,0.0005109058110974729,0.5283304452896118
1870,18,102,1.0,0.998239278793335,0,0,0.0,0.0,0.5,0.00027898652479052544,0.000850748096127063,0.5285401344299316
1871,18,103,1.0,0.9974263906478882,0,0,0.0,0.0,0.5,0.0005423839902505279,0.000408437626902014,0.5268046855926514
1872,18,104,1.0,0.9984244108200073,0,0,0.0,0.0,0.5,0.0009042884921655059,0.00016611948376521468,0.5282857418060303
1873,19,0,1.0,0.9958972334861755,0,0,0.0,0.0,0.0,0.008646390400826931,0.0015304256230592728,0.006257499568164349
1874,19,1,1.0,0.996810257434845,0,0,0.0,0.0,0.0,0.011108304373919964,0.0018470333889126778,0.0010839598253369331
1875,19,2,1.0,0.9954431056976318,0,0,0.0,0.0,0.0,0.0072656660340726376,0.0011774359736591578,0.006984229199588299
1876,19,3,1.0,0.9950242638587952,0,0,0.0,0.0,0.0,0.0056712450459599495,0.0009644913370721042,0.008911450393497944
1877,19,4,1.0,0.9986236095428467,0,0,0.0,0.0,0.0,-0.00308799184858799,0.0009006830514408648,0.009461392648518085
1878,19,5,1.0,0.9985660314559937,0,0,0.0,0.0,0.0,-0.0032899794168770313,0.0009178600157611072,0.009855379350483418
1879,19,6,1.0,1.0076746940612793,0,0,0.0,0.0,0.0,0.009903422556817532,-0.0018200133927166462,-0.004412433132529259
1880,19,7,1.0,1.0076884031295776,0,0,0.0,0.0,0.0,0.010141403414309025,-0.0018321191892027855,-0.004252694081515074
1881,19,8,1.0,1.0013411045074463,0,0,0.0,0.0,0.0,0.12386661767959595,-0.0030828844755887985,-0.005034416913986206
1882,19,9,1.0,1.0013216733932495,0,0,0.0,0.0,0.0,0.12402495741844177,-0.0030833648052066565,-0.0049966489896178246
1883,19,10,1.0,1.003641963005066,0,0,0.0,0.0,0.0,0.23045140504837036,-0.002150756074115634,-0.00226892763748765
1884,19,11,1.0,1.0036442279815674,0,0,0.25,0.0,0.0,0.23047013580799103,-0.002150369808077812,-0.002262825146317482
1885,19,12,1.0,1.006859302520752,0,0,0.25,0.0,0.0,0.27171945571899414,-0.0004207422607578337,0.005116728134453297
1886,19,13,1.0,1.0005524158477783,0,0,0.25,0.0,0.0,0.2744346261024475,-0.00037789385532960296,0.010046695359051228
1887,19,14,1.0,1.0107383728027344,0,0,0.25,0.0,0.0,0.27326399087905884,0.00041593745118007064,0.003377913497388363
1888,19,15,1.0,1.0159246921539307,0,0,0.25,0.0,0.0,0.26902487874031067,-0.0006840474088676274,0.000824647955596447
1889,19,16,1.0,1.0169354677200317,0,0,0.25,0.0,0.0,0.19862127304077148,0.0018429253250360489,-0.008784427307546139
1890,19,17,1.0,1.0079987049102783,0,0,0.0,0.0,0.0,0.15601129829883575,0.002789960242807865,-0.0025484273210167885
1891,19,18,1.0,0.9982466697692871,0,0,0.0,0.0,0.0,0.029032530263066292,-0.001396960113197565,-0.006047287490218878
1892,19,19,1.0,0.9928722977638245,0,0,0.0,0.0,0.0,0.0011369845597073436,-0.005106218624860048,-0.002540445886552334
1893,19,20,1.0,1.0042649507522583,0,0,0.0,0.0,0.0,-0.000344584695994854,0.03277789056301117,0.0014459379017353058
1894,19,21,1.0,1.0046935081481934,0,0,0.0,0.0,0.0,-0.0008352601435035467,0.036862026900053024,0.0002976423129439354
1895,19,22,1.0,1.004553198814392,0,0,0.0,0.0,0.0,0.0005583245074376464,0.07234716415405273,0.0038729459047317505
1896,19,23,1.0,1.004600167274475,0,0,0.0,0.0,0.0,0.00046190142165869474,0.07182130962610245,0.003680609166622162
1897,19,24,1.0,1.0025925636291504,0,0,0.0,0.25,0.0,-4.742457531392574e-05,0.08302455395460129,0.006253989413380623
1898,19,25,1.0,0.98537278175354,0,0,0.0,0.25,0.0,0.0006605627713724971,0.27236664295196533,0.0027884719893336296
1899,19,26,1.0,0.9878510236740112,0,0,0.0,0.25,0.0,0.0014366836985573173,0.2767972946166992,0.005496528930962086
1900,19,27,1.0,0.9929779171943665,0,0,0.0,0.25,0.0,0.0008151083020493388,0.275846391916275,0.00742433313280344
1901,19,28,1.0,0.9916249513626099,0,0,0.0,0.25,0.0,6.607710383832455e-05,0.2757481336593628,0.015791047364473343
1902,19,29,1.0,0.9923394322395325,0,0,0.0,0.25,0.0,0.000452011008746922,0.27654117345809937,0.015142316929996014
1903,19,30,1.0,0.9955099821090698,0,0,0.0,0.25,0.0,-0.00038732390385121107,0.27579179406166077,0.01566300541162491
1904,19,31,1.0,0.9929420351982117,0,0,0.0,0.25,0.0,-0.0009534134296700358,0.26572081446647644,0.006740063428878784
1905,19,32,1.0,0.9910444617271423,0,0,0.0,0.25,0.0,-0.0007002364145591855,0.24714678525924683,0.0027845334261655807
1906,19,33,1.0,0.9990404844284058,0,0,0.0,0.25,0.0,-0.000980063108727336,0.17900821566581726,0.01692207157611847
1907,19,34,1.0,1.0054062604904175,0,0,0.0,0.25,0.0,-0.0005328342085704207,0.0298683512955904,0.02052570879459381
1908,19,35,1.0,1.004153847694397,0,0,0.0,0.0,0.0,-0.0006905008340254426,0.02001134678721428,-0.020342718809843063
1909,19,36,1.0,1.003482460975647,0,0,0.0,0.0,0.0,-0.0007619191310368478,0.002313265111297369,-0.02411801554262638
1910,19,37,1.0,1.002987027168274,0,0,0.0,0.0,0.0,-0.0011927392333745956,0.0009501083404757082,-0.021990634500980377
1911,19,38,1.0,1.0026986598968506,0,0,0.0,0.0,0.0,-0.0018105657072737813,0.00031097332248464227,-0.00449161883443594
1912,19,39,1.0,1.0025955438613892,0,0,0.0,0.0,0.0,-0.001882014563307166,0.00020337518071755767,-0.004378574434667826
1913,19,40,1.0,1.001961350440979,0,0,0.0,0.0,0.0,-0.0014612830709666014,-0.0001346670906059444,-0.04417687654495239
1914,19,41,1.0,1.00193190574646,0,0,0.0,0.0,0.0,-0.0014722509076818824,-0.00015813688514754176,-0.04401002824306488
1915,19,42,1.0,1.002337098121643,0,0,0.0,0.0,0.0,-0.0011210432276129723,-0.00019868899835273623,-0.08876805752515793
1916,19,43,1.0,1.0023274421691895,0,0,0.0,0.0,0.0,-0.0011231612879782915,-0.00020250765373930335,-0.0887002944946289
1917,19,44,1.0,1.0020735263824463,0,0,0.0,0.0,-0.5,-0.0012059384025633335,-0.0002064094878733158,-0.08988931775093079
1918,19,45,1.0,0.9928663969039917,0,0,0.0,0.0,-0.5,-0.0009170052362605929,0.0010186696890741587,-0.5461887717247009
1919,19,46,1.0,0.9887220859527588,0,0,0.0,0.0,-0.5,0.0001260513672605157,0.0007481711800210178,-0.541156530380249
1920,19,47,1.0,0.988369345664978,0,0,0.0,0.0,-0.5,0.0005912937922403216,0.0005860018427483737,-0.5362463593482971
1921,19,48,1.0,0.9875008463859558,0,0,0.0,0.0,-0.5,0.0006358491955325007,0.00038214161759242415,-0.5275264382362366
1922,19,49,1.0,0.9925323724746704,0,0,0.0,0.0,-0.5,-0.0007230709888972342,0.0002903966815210879,-0.5364747643470764
1923,19,50,1.0,0.9904566407203674,0,0,0.0,0.0,-0.5,-0.0019093758892267942,0.0012136618606746197,-0.5458600521087646
1924,19,51,1.0,0.9923084378242493,0,0,0.0,0.0,-0.5,-0.0016494349110871553,0.0010985711123794317,-0.5568776726722717
1925,19,52,1.0,0.9956353306770325,0,0,0.0,0.0,-0.5,-0.0013887633103877306,0.0009759519598446786,-0.5689874887466431
1926,19,53,1.0,0.9976327419281006,0,0,0.0,0.0,-0.5,-0.000852922850754112,-0.0004049087001476437,-0.5666141510009766
1927,19,54,1.0,0.9861463308334351,0,0,0.0,0.0,-0.5,0.0020221974700689316,-0.0005968784680590034,-0.46412393450737
1928,19,55,1.0,0.9857255816459656,0,0,0.0,0.0,-0.5,0.0022292924113571644,-0.00031658538500778377,-0.4333231449127197
1929,19,56,1.0,1.1186734437942505,0,0,0.0,0.0,0.0,0.00046790495980530977,-0.0006710287416353822,-0.1147712767124176
1930,19,57,1.0,1.1206353902816772,0,0,0.0,0.0,0.0,0.00034534523729234934,-0.0006520313327200711,-0.11016839742660522
1931,19,58,1.0,1.774183750152588,0,1,0.0,0.0,0.0,0.0002614350523799658,0.0008173901005648077,-0.017674759030342102
1932,19,59,1.0,1.7748403549194336,0,1,0.0,0.0,0.0,0.00026542507112026215,0.0008000033558346331,-0.017381280660629272
1933,19,60,1.0,1.8797993659973145,0,1,0.0,0.0,0.0,0.00042635935824364424,0.0008209195802919567,-0.016478408128023148
1934,19,61,1.0,1.8799712657928467,0,1,0.0,0.0,0.0,0.0004292178200557828,0.0008107377798296511,-0.016398608684539795
1935,19,62,2.0,2.0268490314483643,1,1,0.0,0.0,0.0,0.0013062943471595645,0.0005657955189235508,-0.010397471487522125
1936,19,63,2.0,2.051010847091675,1,1,0.0,0.0,0.0,0.0014149911003187299,-0.0006645485409535468,0.0011402666568756104
1937,19,64,2.0,2.057110071182251,1,1,0.0,0.0,0.0,0.001555411727167666,-0.0018469104543328285,0.0006500119343400002
1938,19,65,2.0,2.056797504425049,1,1,0.0,0.0,0.0,0.001302476623095572,-0.0018601547926664352,0.0012240326032042503
1939,19,66,2.0,2.0622451305389404,1,1,0.0,0.0,0.0,0.0014736944576725364,-0.0015883117448538542,0.001704910770058632
1940,19,67,2.0,2.0625617504119873,1,1,0.0,0.0,0.0,0.0014876272762194276,-0.0014190917136147618,0.0019038571044802666
1941,19,68,2.0,2.0701913833618164,1,1,0.0,0.0,0.0,-0.0009924129117280245,-0.00034065640647895634,-0.0006305109709501266
1942,19,69,2.0,2.070136070251465,1,1,0.0,0.0,0.0,-0.0010087201371788979,-0.0003201763320248574,-0.000688524916768074
1943,19,70,1.0,1.9331117868423462,0,1,0.0,0.0,0.0,-0.0007404293864965439,-0.0016808412037789822,-0.0006643058732151985
1944,19,71,1.0,1.932415246963501,0,1,0.0,0.0,0.0,-0.0007699531270191073,-0.0017259386368095875,-0.0006766803562641144
1945,19,72,1.0,1.9896138906478882,0,1,0.0,0.0,0.0,-0.00037090538535267115,-0.0011165400501340628,0.0021709278225898743
1946,19,73,1.0,1.9892950057983398,0,1,0.0,0.0,0.0,-0.00037595396861433983,-0.0011225705966353416,0.002142755314707756
1947,19,74,1.0,1.2031545639038086,0,0,0.0,0.0,0.0,-0.00033938814885914326,-0.0018730282317847013,-0.006482859142124653
1948,19,75,1.0,1.2026947736740112,0,0,0.0,0.0,0.5,-0.0003542193444445729,-0.0018758291844278574,-0.006499448325484991
1949,19,76,1.0,0.996464192867279,0,0,0.0,0.0,0.5,0.0009767875308170915,0.0012019672431051731,0.5300089716911316
1950,19,77,1.0,0.9958966374397278,0,0,0.0,0.0,0.5,0.0009712671162560582,0.001904103672131896,0.5288872122764587
1951,19,78,1.0,0.9974117279052734,0,0,0.0,0.0,0.5,0.00021850888151675463,0.001508866436779499,0.5272928476333618
1952,19,79,1.0,0.9972857236862183,0,0,0.0,0.0,0.5,-5.52651472389698e-05,0.0014526860322803259,0.5281276106834412
1953,19,80,1.0,0.9974122047424316,0,0,0.0,0.0,0.5,0.0010770709486678243,0.0011360393837094307,0.5259073376655579
1954,19,81,1.0,0.9960591793060303,0,0,0.0,0.0,0.5,0.0008630371885374188,0.0016646990552544594,0.5258185267448425
1955,19,82,1.0,0.9993777275085449,0,0,0.0,0.0,0.5,0.001115370192565024,0.0008223408949561417,0.5257925391197205
1956,19,83,1.0,0.9977283477783203,0,0,0.0,0.0,0.5,0.0008270369144156575,0.0008216961869038641,0.5259191989898682
1957,19,84,1.0,0.9955770969390869,0,0,0.0,0.0,0.5,0.0008159274002537131,0.0009135431027971208,0.5265688896179199
1958,20,0,1.0,0.9970610737800598,0,0,0.0,0.0,0.0,-0.002300468273460865,0.0024305987171828747,-0.0022384957410395145
1959,20,1,1.0,0.9973827004432678,0,0,0.0,0.0,0.0,0.0003197261830791831,0.0027026182506233454,-0.0046013458631932735
1960,20,2,1.0,0.9962764978408813,0,0,0.0,0.0,0.0,8.305779192596674e-05,0.003323169192299247,-0.004872814752161503
1961,20,3,1.0,0.9951649904251099,0,0,0.0,0.0,0.0,-0.0001496208133175969,0.003164844587445259,-0.004836493171751499
1962,20,4,1.0,0.9966805577278137,0,0,0.0,0.0,0.0,0.0027450178749859333,0.0007214986835606396,0.0017099883407354355
1963,20,5,1.0,0.996624767780304,0,0,0.0,0.0,0.0,0.0027098283171653748,0.00073075300315395,0.0018525691702961922
1964,20,6,1.0,1.0034091472625732,0,0,0.0,0.0,0.0,-0.021987684071063995,-0.0007763427565805614,-0.0001539774239063263
1965,20,7,1.0,1.0034209489822388,0,0,0.0,0.0,0.0,-0.021908055990934372,-0.0007834478747099638,-7.496029138565063e-05
1966,20,8,1.0,0.9873303174972534,0,0,0.0,0.0,0.0,-0.15902350842952728,-0.0014452121686190367,-0.004353178199380636
1967,20,9,1.0,0.9873334765434265,0,0,0.0,0.0,0.0,-0.15901179611682892,-0.0014464275445789099,-0.004330710042268038
1968,20,10,1.0,0.980699896812439,0,0,-0.25,0.0,0.0,-0.27645817399024963,0.0002078910474665463,0.0010380037128925323
1969,20,11,1.0,0.9870217442512512,0,0,-0.25,0.0,0.0,-0.2775285542011261,0.0007193750352598727,0.0030251145362854004
1970,20,12,1.0,0.9813104271888733,0,0,-0.25,0.0,0.0,-0.28544899821281433,0.00013403530465438962,0.0011673178523778915
1971,20,13,1.0,0.9844685196876526,0,0,-0.25,0.0,0.0,-0.2879333794116974,-0.00021315767662599683,0.0008716750890016556
1972,20,14,1.0,0.9877961277961731,0,0,-0.25,0.0,0.0,-0.2899959087371826,-0.0006016767583787441,-0.0007694689556956291
1973,20,15,1.0,0.987574577331543,0,0,-0.25,0.0,0.0,-0.2823414206504822,0.00023167551262304187,0.004150496795773506
1974,20,16,1.0,0.9799938797950745,0,0,-0.25,0.0,0.0,-0.2646293640136719,0.0003505416098050773,-0.0007562357932329178
1975,20,17,1.0,0.9747698903083801,0,0,0.0,0.0,0.0,-0.13474705815315247,-0.0012785826111212373,-0.016845790669322014
1976,20,18,1.0,0.9766648411750793,0,0,0.0,0.0,0.0,-0.04942848160862923,-0.0006480482988990843,-0.005183284170925617
1977,20,19,1.0,0.9821616411209106,0,0,0.0,0.0,0.0,-0.017943600192666054,-0.0005400688969530165,-0.0013531339354813099
1978,20,20,1.0,0.9881957769393921,0,0,0.0,0.0,0.0,-0.007509555667638779,-0.002756495261564851,-0.0008406508713960648
1979,20,21,1.0,0.9887959957122803,0,0,0.0,0.0,0.0,-0.005459455773234367,-0.0028598487842828035,0.00020816363394260406
1980,20,22,1.0,0.9997701644897461,0,0,0.0,0.0,0.0,-0.0034713181667029858,0.0010600232053548098,-0.0027401624247431755
1981,20,23,1.0,0.9997859001159668,0,0,0.0,0.0,0.0,-0.0032993783243000507,0.0010833216365426779,-0.0026035746559500694
1982,20,24,1.0,0.9968287944793701,0,0,0.0,0.25,0.0,-0.004362320527434349,-0.0010955347679555416,-0.00435644993558526
1983,20,25,1.0,0.989281177520752,0,0,0.0,0.25,0.0,-0.0007013114518485963,0.22765222191810608,0.018888473510742188
1984,20,26,1.0,0.991340160369873,0,0,0.0,0.25,0.0,-0.0004471290158107877,0.2637609839439392,0.007961777038872242
1985,20,27,1.0,0.9936565160751343,0,0,0.0,0.25,0.0,-0.00030683132354170084,0.26006269454956055,0.00940671842545271
1986,20,28,1.0,0.9915106296539307,0,0,0.0,0.25,0.0,0.0002437602961435914,0.27085545659065247,0.005125067196786404
1987,20,29,1.0,0.9902958869934082,0,0,0.0,0.25,0.0,0.0011338741751387715,0.27131542563438416,0.008562586270272732
1988,20,30,1.0,0.9906665086746216,0,0,0.0,0.25,0.0,0.0013669534819200635,0.2782430052757263,0.010406683199107647
1989,20,31,1.0,0.992463231086731,0,0,0.0,0.25,0.0,0.001027067075483501,0.2817985713481903,0.010160825215280056
1990,20,32,1.0,0.992466926574707,0,0,0.0,0.25,0.0,0.0021522962488234043,0.280944287776947,0.008315079845488071
1991,20,33,1.0,0.9867693185806274,0,0,0.0,0.25,0.0,0.0022059674374759197,0.257954478263855,0.0013908958062529564
1992,20,34,1.0,0.9991435408592224,0,0,0.0,0.0,0.0,-0.00017172249499708414,0.11317002028226852,-0.01066182553768158
1993,20,35,1.0,1.0041358470916748,0,0,0.0,0.0,0.0,-0.0009896524716168642,0.009737692773342133,0.01741541549563408
1994,20,36,1.0,1.002840518951416,0,0,0.0,0.0,0.0,-0.001241661491803825,0.0018250718712806702,0.027061250060796738
1995,20,37,1.0,1.003298282623291,0,0,0.0,0.0,0.0,-0.001561289536766708,-0.00012812740169465542,0.020383533090353012
1996,20,38,1.0,1.005416750907898,0,0,0.0,0.0,0.0,-0.0014866696437820792,6.398034747689962e-05,-0.02233722060918808
1997,20,39,1.0,1.0054311752319336,0,0,0.0,0.0,0.0,-0.0015470755752176046,-6.508163642138243e-05,-0.02259361743927002
1998,20,40,1.0,1.0060356855392456,0,0,0.0,0.0,0.0,-0.0013633291237056255,6.008235504850745e-05,-0.024893350899219513
1999,20,41,1.0,1.00604248046875,0,0,0.0,0.0,0.0,-0.0013742320006713271,4.624307621270418e-05,-0.02492375671863556
2000,20,42,1.0,1.005700707435608,0,0,0.0,0.0,0.0,-0.0013689122861251235,0.00010370987001806498,-0.02135213278234005
2001,20,43,1.0,1.0057032108306885,0,0,0.0,0.0,0.0,-0.0013713507214561105,0.00010080588981509209,-0.02135542407631874
2002,20,44,1.0,1.0054718255996704,0,0,0.0,0.25,0.0,-0.001429291209205985,4.4491724111139774e-05,-0.02516624704003334
2003,20,45,1.0,1.0046662092208862,0,0,0.0,0.0,0.0,-0.000660313293337822,0.0023665146436542273,-0.014341793023049831
2004,20,46,1.0,1.0047507286071777,0,0,0.0,0.0,0.0,-0.0014238388976082206,0.0008915976504795253,-0.007232618983834982
2005,20,47,1.0,1.004211664199829,0,0,0.0,0.0,0.0,-0.0017052110051736236,0.0006311580655165017,-0.0025925282388925552
2006,20,48,1.0,1.0017943382263184,0,0,0.0,0.0,0.0,-0.0010350234806537628,0.0004322713357396424,-0.03340529277920723
2007,20,49,1.0,1.0017619132995605,0,0,0.0,0.0,0.0,-0.0010788344079628587,0.0003658566274680197,-0.03311902657151222
2008,20,50,1.0,1.0028629302978516,0,0,0.0,0.0,0.0,-0.0007523888489231467,0.00026480009546503425,-0.10282664746046066
2009,20,51,1.0,1.002853512763977,0,0,0.0,0.0,0.0,-0.0007581615936942399,0.00025353406090289354,-0.10275881737470627
2010,20,52,1.0,1.0050392150878906,0,0,0.0,0.0,0.0,-0.00030737777706235647,-0.00033425423316657543,-0.20566658675670624
2011,20,53,1.0,1.005035638809204,0,0,0.0,0.0,-0.5,-0.0003074916312471032,-0.0003356256347615272,-0.20563773810863495
2012,20,54,1.0,0.9938929080963135,0,0,0.0,0.0,-0.5,-0.00016995216719806194,0.000903878768440336,-0.5464767813682556
2013,20,55,1.0,0.9876049160957336,0,0,0.0,0.0,-0.5,0.0003132288111373782,0.0007696950924582779,-0.5458552241325378
2014,20,56,1.0,0.9849784970283508,0,0,0.0,0.0,-0.5,0.001076127984561026,0.0011800173670053482,-0.538904070854187
2015,20,57,1.0,0.9893442988395691,0,0,0.0,0.0,-0.5,0.0005491612246260047,0.0009221258223988116,-0.5367711186408997
2016,20,58,1.0,0.9903687834739685,0,0,0.0,0.0,-0.5,-0.00018174259457737207,0.0005703820497728884,-0.5458062291145325
2017,20,59,1.0,0.9916207790374756,0,0,0.0,0.0,-0.5,-0.001460591098293662,0.0014864485710859299,-0.5425395965576172
2018,20,60,1.0,0.9944044947624207,0,0,0.0,0.0,-0.5,-0.0017275058198720217,0.0019341758452355862,-0.5620652437210083
2019,20,61,1.0,0.9968783855438232,0,0,0.0,0.0,-0.5,-0.0017921696417033672,0.002028067596256733,-0.5636007189750671
2020,20,62,1.0,0.9941470623016357,0,0,0.0,0.0,-0.5,-1.1371332220733166e-05,0.000867134949658066,-0.5558958053588867
2021,20,63,1.0,0.9951199889183044,0,0,0.0,0.0,-0.5,0.0012087892973795533,0.0006150521221570671,-0.5432325601577759
2022,20,64,1.0,0.982947826385498,0,0,0.0,0.0,0.0,-6.589270196855068e-05,0.0004589348682202399,-0.13884767889976501
2023,20,65,1.0,0.9877744317054749,0,0,0.0,0.0,0.0,-0.000655794283375144,0.000216003623791039,-0.10956908017396927
2024,20,66,1.0,1.2879154682159424,0,0,0.0,0.0,0.0,0.001174752484075725,-0.0007257828256115317,-0.04326580464839935
2025,20,67,1.0,1.2945382595062256,0,0,0.0,0.0,0.0,0.001162722590379417,-0.0007006102823652327,-0.040737614035606384
2026,20,68,1.0,2.0323071479797363,0,1,0.0,0.0,0.0,0.001208861474879086,-0.00045012871851213276,-0.00756020238623023
2027,20,69,2.0,2.0325918197631836,1,1,0.0,0.0,0.0,0.0012259556679055095,-0.000504220777656883,-0.007541144732385874
2028,20,70,2.0,2.0498952865600586,1,1,0.0,0.0,0.0,0.0017875746125355363,-0.0009322953410446644,0.0013998281210660934
2029,20,71,2.0,2.0572075843811035,1,1,0.0,0.0,0.0,0.0017238337313756347,-0.0004318515711929649,0.0001226542517542839
2030,20,72,2.0,2.0605602264404297,1,1,0.0,0.0,0.0,0.0012665874091908336,-0.0014781230129301548,0.003540940582752228
2031,20,73,2.0,2.062204122543335,1,1,0.0,0.0,0.0,0.001107534277252853,-0.0013056728057563305,0.005462817847728729
2032,20,74,2.0,2.067267894744873,1,1,0.0,0.0,0.0,0.0013245671289041638,-0.0008826424600556493,0.005278603173792362
2033,20,75,2.0,2.068556547164917,1,1,0.0,0.0,0.0,0.0012523202458396554,-0.0009646574035286903,0.005450969561934471
2034,20,76,2.0,2.0787107944488525,1,1,0.0,0.0,0.0,0.00045111600775271654,0.00021755986381322145,0.0031744251027703285
2035,20,77,1.0,2.078885078430176,0,1,0.0,0.0,0.0,0.00047125702258199453,0.00025213259505108,0.003423556685447693
2036,20,78,1.0,2.0500941276550293,0,1,0.0,0.0,0.0,0.0008609547512605786,0.00020035606576129794,0.00326570775359869
2037,20,79,1.0,2.049950361251831,0,1,0.0,0.0,0.0,0.0008519376860931516,0.00016171077731996775,0.003253769129514694
2038,20,80,1.0,1.4069045782089233,0,0,0.0,0.0,0.0,-0.001271416898816824,-0.0014526230515912175,-0.012868847697973251
2039,20,81,1.0,1.4138236045837402,0,0,0.0,0.0,0.0,-0.001274628913961351,-0.0015172876883298159,-0.013061054050922394
2040,20,82,1.0,1.1509684324264526,0,0,0.0,0.0,0.0,-0.0013511753641068935,-0.0012341312831267715,-0.013086173683404922
2041,20,83,1.0,1.1477150917053223,0,0,0.0,0.0,0.0,-0.0013867845991626382,-0.0012293492909520864,-0.012830477207899094
2042,20,84,1.0,1.0146534442901611,0,0,0.0,0.0,0.0,-0.0006050356896594167,-0.0008164310711435974,0.02217843383550644
2043,20,85,1.0,1.013903260231018,0,0,0.0,0.0,0.5,-0.0006368198664858937,-0.0009111986728385091,0.023855045437812805
2044,20,86,1.0,0.995938241481781,0,0,0.0,0.0,0.5,0.0004536757478490472,0.0014916786458343267,0.5109850168228149
2045,20,87,1.0,0.9970262050628662,0,0,0.0,0.0,0.5,0.0008790941210463643,0.0014117597602307796,0.5310632586479187
2046,20,88,1.0,0.9975268244743347,0,0,0.0,0.0,0.5,0.0007635642541572452,0.0012334987986832857,0.5287034511566162
2047,20,89,1.0,0.9972606897354126,0,0,0.0,0.0,0.5,0.00041935767512768507,0.0007684145239181817,0.5284402966499329
2048,20,90,1.0,0.9981379508972168,0,0,0.0,0.0,0.5,0.0007371195824816823,0.0012113102711737156,0.5265486836433411
2049,20,91,1.0,0.9991111755371094,0,0,0.0,0.0,0.5,0.0009172213030979037,0.0010855912696570158,0.5286855101585388
2050,20,92,1.0,0.9959360361099243,0,0,0.0,0.0,0.5,0.0005121586145833135,0.0005092031206004322,0.527880072593689
2051,20,93,1.0,0.9954885244369507,0,0,0.0,0.0,0.5,0.0008001107489690185,0.0006755940266884863,0.5266661047935486
2052,20,94,1.0,0.997040331363678,0,0,0.0,0.0,0.5,0.0006171610439196229,0.0006927658687345684,0.5266380906105042
2053,21,0,1.0,0.9956479668617249,0,0,0.0,0.0,0.0,0.0023667155764997005,0.0003036301932297647,0.004342397674918175
2054,21,1,1.0,0.9951536655426025,0,0,0.0,0.0,0.0,0.0020996835082769394,0.0009118281886912882,-0.001515757292509079
2055,21,2,1.0,0.9963737726211548,0,0,0.0,0.0,0.0,0.0012111488031223416,0.0016936713363975286,0.001963975839316845
2056,21,3,1.0,0.9961748719215393,0,0,0.0,0.0,0.0,0.0010855869622901082,0.0016735917888581753,0.0032622506842017174
2057,21,4,1.0,0.9936437606811523,0,0,0.0,0.0,0.0,0.0007374816341325641,0.0032203502487391233,0.0010076984763145447
2058,21,5,1.0,0.9936102628707886,0,0,0.0,0.0,0.0,0.0007144688861444592,0.003218607744202018,0.0013536158949136734
2059,21,6,1.0,0.995180070400238,0,0,0.0,0.0,0.0,0.0005353506421670318,0.0019961379002779722,0.0004870910197496414
2060,21,7,1.0,0.9951600432395935,0,0,0.0,0.0,0.0,0.0005516939563676715,0.001994426129385829,0.0006022853776812553
2061,21,8,1.0,0.9942816495895386,0,0,0.0,0.0,0.0,-0.016558004543185234,0.0019069411791861057,-0.0031023388728499413
2062,21,9,1.0,0.9942758083343506,0,0,-0.25,0.0,0.0,-0.016542617231607437,0.0019053751602768898,-0.0030734767206013203
2063,21,10,1.0,0.9806138873100281,0,0,-0.25,0.0,0.0,-0.2326207160949707,-0.0004930167924612761,0.010760323144495487
2064,21,11,1.0,0.9865044951438904,0,0,-0.25,0.0,0.0,-0.25723350048065186,-0.00253640697337687,0.009435034357011318
2065,21,12,1.0,0.9821066856384277,0,0,-0.25,0.0,0.0,-0.26774337887763977,-0.002544589340686798,0.002930101938545704
2066,21,13,1.0,0.9806183576583862,0,0,-0.25,0.0,0.0,-0.2709861695766449,-0.002005017362535,0.005347012542188168
2067,21,14,1.0,0.9853246808052063,0,0,-0.25,0.0,0.0,-0.2742249369621277,-0.002330529037863016,-0.0020092977210879326
2068,21,15,1.0,0.9797605872154236,0,0,-0.25,0.0,0.0,-0.27309349179267883,-0.0011284098727628589,-0.0023056617937982082
2069,21,16,1.0,0.9818748831748962,0,0,-0.25,0.0,0.0,-0.2743123471736908,-0.00035732807009480894,0.00245712511241436
2070,21,17,1.0,0.9819331765174866,0,0,-0.25,0.0,0.0,-0.27997255325317383,-0.0012211785651743412,0.005331516265869141
2071,21,18,1.0,0.9897284507751465,0,0,-0.25,0.0,0.0,-0.2871285676956177,-0.0004647931782528758,0.00739265326410532
2072,21,19,1.0,0.9937399625778198,0,0,-0.25,0.0,0.0,-0.2870953679084778,-0.00010679278057068586,0.007436907850205898
2073,21,20,1.0,0.9983462691307068,0,0,-0.25,0.0,0.0,-0.2767253816127777,0.0013060811907052994,0.006993546150624752
2074,21,21,1.0,1.001964807510376,0,0,-0.25,0.0,0.0,-0.2627866268157959,0.0006846092292107642,0.011380578391253948
2075,21,22,1.0,0.9786553978919983,0,0,0.0,0.0,0.0,-0.1365271359682083,-0.00407487852498889,0.0013612573966383934
2076,21,23,1.0,0.9767099618911743,0,0,0.0,0.0,0.0,-0.11345554143190384,-0.009973597712814808,0.008656355552375317
2077,21,24,1.0,0.984645664691925,0,0,0.0,0.0,0.0,-0.021139366552233696,-0.009000972844660282,-0.006361017934978008
2078,21,25,1.0,0.985848605632782,0,0,0.0,0.0,0.0,-0.01105395145714283,-0.010270156897604465,-0.007847452536225319
2079,21,26,1.0,0.9918613433837891,0,0,0.0,0.0,0.0,-0.003998230677098036,-0.0049377670511603355,0.002235427498817444
2080,21,27,1.0,0.9920045733451843,0,0,0.0,0.0,0.0,-0.0033674363512545824,-0.0049356333911418915,0.002606271766126156
2081,21,28,1.0,0.9928809404373169,0,0,0.0,0.0,0.0,-0.0035821939818561077,-0.004712175577878952,0.005549296736717224
2082,21,29,1.0,0.9928954839706421,0,0,0.0,0.0,0.0,-0.003505983389914036,-0.004712034948170185,0.005634245462715626
2083,21,30,1.0,0.9900488257408142,0,0,0.0,-0.25,0.0,-0.0035294536501169205,-0.005154810845851898,-0.003281282726675272
2084,21,31,1.0,0.9921829104423523,0,0,0.0,-0.25,0.0,-0.0016448404639959335,-0.2522927224636078,-0.0022917338646948338
2085,21,32,1.0,0.9892517328262329,0,0,0.0,-0.25,0.0,-0.001400685403496027,-0.26949557662010193,-0.0014833519235253334
2086,21,33,1.0,0.9891640543937683,0,0,0.0,-0.25,0.0,-0.0007356720743700862,-0.2720036506652832,-0.005026278086006641
2087,21,34,1.0,0.9864652752876282,0,0,0.0,-0.25,0.0,-0.0009501933818683028,-0.278166264295578,-0.0015531382523477077
2088,21,35,1.0,0.9868736267089844,0,0,0.0,-0.25,0.0,-0.0006184527883306146,-0.2792742848396301,-0.0008884938433766365
2089,21,36,1.0,0.9883999824523926,0,0,0.0,-0.25,0.0,-0.0020402802620083094,-0.2803668677806854,-0.0003752969205379486
2090,21,37,1.0,0.9878976345062256,0,0,0.0,-0.25,0.0,-0.002008013427257538,-0.2781767249107361,-0.0004515312612056732
2091,21,38,1.0,0.9941666126251221,0,0,0.0,-0.25,0.0,-0.0015561494510620832,-0.28013426065444946,-0.0035576745867729187
2092,21,39,1.0,0.9958609342575073,0,0,0.0,-0.25,0.0,-0.0018897640984505415,-0.2791407108306885,-0.003262483049184084
2093,21,40,1.0,0.9999945759773254,0,0,0.0,-0.25,0.0,-0.00011204311158508062,-0.26099106669425964,0.002459648996591568
2094,21,41,1.0,1.0065743923187256,0,0,0.0,0.0,0.0,-0.0006222976371645927,-0.2408824861049652,0.0026224246248602867
2095,21,42,1.0,0.9992532134056091,0,0,0.0,0.0,0.0,-0.0007107107085175812,-0.01751452125608921,0.035707954317331314
2096,21,43,1.0,0.9980961084365845,0,0,0.0,0.0,0.0,-0.000924555875826627,-0.004765807185322046,0.02759852632880211
2097,21,44,1.0,0.9998053908348083,0,0,0.0,0.0,0.0,-0.0005489746108651161,-0.0012911593075841665,0.004665272310376167
2098,21,45,1.0,0.9998346567153931,0,0,0.0,0.0,0.0,-0.0006013329839333892,-0.0005090296035632491,0.0028672609478235245
2099,21,46,1.0,1.0003654956817627,0,0,0.0,0.0,0.0,-0.0011036311043426394,-2.0392355509102345e-05,-0.0262378491461277
2100,21,47,1.0,1.0003069639205933,0,0,0.0,0.0,0.0,-0.0010888274991884828,5.765171954408288e-05,-0.026576705276966095
2101,21,48,1.0,1.0004750490188599,0,0,0.0,-0.25,0.0,-0.0006659675273112953,0.00015770975733175874,-0.01893291249871254
2102,21,49,1.0,1.0027176141738892,0,0,0.0,0.0,0.0,-0.0020641384180635214,-0.002880556508898735,-0.00643507856875658
2103,21,50,1.0,1.0028905868530273,0,0,0.0,0.0,0.0,-0.001974885119125247,-0.00048295134911313653,-0.007568773347884417
2104,21,51,1.0,1.0033142566680908,0,0,0.0,0.0,0.0,-0.0018612208077684045,-4.155305214226246e-05,-0.012568316422402859
2105,21,52,1.0,1.0025805234909058,0,0,0.0,0.0,0.0,-0.001089333789423108,0.0008595847175456583,-0.011210170574486256
2106,21,53,1.0,1.002550482749939,0,0,0.0,0.0,0.0,-0.0010667773894965649,0.0009601327474229038,-0.011743742972612381
2107,21,54,1.0,1.0008485317230225,0,0,0.0,0.0,0.0,-0.0006328761810436845,0.0009758693049661815,-0.04329462721943855
2108,21,55,1.0,1.000861406326294,0,0,0.0,0.0,0.0,-0.0006351589690893888,0.0009929169900715351,-0.04351135715842247
2109,21,56,1.0,1.0011266469955444,0,0,0.0,0.0,-0.5,-0.0006551366532221437,0.0010477369651198387,-0.03630291670560837
2110,21,57,1.0,0.9967363476753235,0,0,0.0,0.0,-0.5,0.0007686169119551778,0.0019135428592562675,-0.5476834774017334
2111,21,58,1.0,0.9912790656089783,0,0,0.0,0.0,-0.5,0.000671710236929357,0.0013310571666806936,-0.5445327162742615
2112,21,59,1.0,0.9891282916069031,0,0,0.0,0.0,-0.5,0.0006117775337770581,0.0019394431728869677,-0.5375366806983948
2113,21,60,1.0,0.9894587993621826,0,0,0.0,0.0,-0.5,0.000767223653383553,0.0013366278726607561,-0.5265532732009888
2114,21,61,1.0,0.9914906620979309,0,0,0.0,0.0,-0.5,0.00017375336028635502,0.0020222757011651993,-0.5367147922515869
2115,21,62,1.0,0.9888637065887451,0,0,0.0,0.0,-0.5,-0.0007477466715499759,0.0009892971720546484,-0.5515410900115967
2116,21,63,1.0,0.9933090806007385,0,0,0.0,0.0,-0.5,-0.0008210258674807847,0.0017514803912490606,-0.557299017906189
2117,21,64,1.0,0.997914731502533,0,0,0.0,0.0,-0.5,-0.0012920736335217953,0.002024054527282715,-0.5704102516174316
2118,21,65,1.0,1.0001524686813354,0,0,0.0,0.0,-0.5,-0.0014722503256052732,0.001951073994860053,-0.5665256977081299
2119,21,66,1.0,0.9991046786308289,0,0,0.0,0.0,0.0,-0.0007580374949611723,0.0015787836164236069,-0.5530835390090942
2120,21,67,1.0,0.998929500579834,0,0,0.0,0.0,0.0,-0.00041215773671865463,0.001606588251888752,-0.5259060859680176
2121,21,68,1.0,0.9974238872528076,0,0,0.0,0.0,0.0,-0.0014941301196813583,-0.0007271890644915402,-0.11597775667905807
2122,21,69,1.0,1.0043057203292847,0,0,0.0,0.0,0.0,-0.0015612250426784158,-0.0008989680209197104,-0.09303510934114456
2123,21,70,1.0,1.1897518634796143,0,0,0.0,0.0,0.0,0.0004507991252467036,-0.0009614515583962202,-0.003698726650327444
2124,21,71,1.0,1.1993472576141357,0,0,0.0,0.0,0.0,0.00039304106030613184,-0.0009247373091056943,-0.004629920702427626
2125,21,72,1.0,1.3396093845367432,0,0,0.0,0.0,0.0,0.001149881281889975,2.1769024897366762e-05,-0.005097593180835247
2126,21,73,2.0,1.3476186990737915,1,0,0.0,0.0,0.0,0.0011457077926024795,9.72302514128387e-05,-0.005272502079606056
2127,21,74,2.0,2.058176040649414,1,1,0.0,0.0,0.0,0.0017868218710646033,0.0002010379103012383,-0.0018318532966077328
2128,21,75,2.0,2.054891347885132,1,1,0.0,0.0,0.0,0.0016220886027440429,0.00035202043363824487,-7.74068757891655e-05
2129,21,76,2.0,2.058858871459961,1,1,0.0,0.0,0.0,0.0009427204495295882,-0.0015928276116028428,0.00023150723427534103
2130,21,77,2.0,2.058093309402466,1,1,0.0,0.0,0.0,0.001119326683692634,-0.001833002083003521,0.0030143968760967255
2131,21,78,2.0,2.0635759830474854,1,1,0.0,0.0,0.0,0.0009910141816362739,-0.0017180645372718573,0.0034388545900583267
2132,21,79,2.0,2.0640616416931152,1,1,0.0,0.0,0.0,0.000999749987386167,-0.0016091334400698543,0.003969562239944935
2133,21,80,2.0,2.072092056274414,1,1,0.0,0.0,0.0,0.0007391244871541858,-0.0009431391954421997,0.003022545948624611
2134,21,81,2.0,2.0729496479034424,1,1,0.0,0.0,0.0,0.0004739760188385844,-0.0012804977595806122,0.002519759349524975
2135,21,82,2.0,1.885991096496582,1,1,0.0,0.0,0.0,-0.000305894878692925,-0.0010857705492526293,-0.0040480000898242
2136,21,83,1.0,1.5096559524536133,0,1,0.0,0.0,0.0,-0.0007896650931797922,-0.003453039564192295,-0.02030865289270878
2137,21,84,1.0,0.9978517293930054,0,0,0.0,0.0,0.0,0.0002637241268530488,-0.00023650017101317644,0.1005113497376442
2138,21,85,1.0,0.9962226152420044,0,0,0.0,0.0,0.0,-0.0002757245674729347,0.0002984445891343057,0.20147033035755157
2139,21,86,1.0,0.9965596199035645,0,0,0.0,0.0,0.0,-0.000988318701274693,0.0008949083858169615,0.1618203967809677
2140,21,87,1.0,0.9972090721130371,0,0,0.0,0.0,0.0,-0.00030693982262164354,0.0012216470204293728,0.21419230103492737
2141,21,88,1.0,0.99726402759552,0,0,0.0,0.0,0.0,0.00014374253805726767,0.000948618573602289,0.27201300859451294
2142,21,89,1.0,0.9974465370178223,0,0,0.0,0.0,0.0,0.00025050865951925516,0.0008226658101193607,0.28922513127326965
2143,21,90,1.0,0.998988687992096,0,0,0.0,0.0,0.0,0.0005060333060100675,-0.00016314146341755986,0.33704057335853577
2144,21,91,1.0,0.9990451335906982,0,0,0.0,0.0,0.5,0.0005602053133770823,-0.00011152931256219745,0.3442073166370392
2145,21,92,1.0,0.997893214225769,0,0,0.0,0.0,0.5,0.0006247413111850619,0.0009078803122974932,0.528215765953064
2146,21,93,1.0,0.9986538887023926,0,0,0.0,0.0,0.5,0.0007076776819303632,0.0012951693497598171,0.5295571088790894
2147,21,94,1.0,0.9967847466468811,0,0,0.0,0.0,0.5,0.0009633792797103524,0.00042887608287855983,0.5281723141670227
2148,21,95,1.0,0.9986963868141174,0,0,0.0,0.0,0.5,0.0009090494131669402,0.00031663227127864957,0.5286254286766052
2149,21,96,1.0,0.9971416592597961,0,0,0.0,0.0,0.5,6.768794264644384e-05,0.0007257535471580923,0.5283952355384827
2150,21,97,1.0,0.9979047775268555,0,0,0.0,0.0,0.5,0.0003635614411905408,0.00017161050345748663,0.5280977487564087
2151,21,98,1.0,0.999530553817749,0,0,0.0,0.0,0.5,0.0009122170740738511,8.143496233969927e-05,0.5299497842788696
2152,21,99,1.0,0.9979203939437866,0,0,0.0,0.0,0.5,0.0009829247137531638,0.0006630282732658088,0.5291464328765869
2153,21,100,1.0,0.9975103139877319,0,0,0.0,0.0,0.5,0.001396539737470448,0.0005419253720901906,0.5307851433753967
2154,22,0,1.0,0.9968156218528748,0,0,0.0,0.0,0.0,-0.0025502596981823444,0.001481715589761734,-0.0004253918305039406
2155,22,1,1.0,0.9969172477722168,0,0,0.0,0.0,0.0,-0.0012541958130896091,0.0011825200635939837,-0.0025186510756611824
2156,22,2,1.0,0.9994819164276123,0,0,0.0,0.0,0.0,-0.00110367382876575,0.00038129050517454743,-0.00013321265578269958
2157,22,3,1.0,0.9992214441299438,0,0,0.0,0.0,0.0,-0.001421052380464971,0.0004222379648126662,0.0005282815545797348
2158,22,4,1.0,1.0011227130889893,0,0,0.0,0.0,0.0,0.0019262434216216207,-0.001873767701908946,0.005453543737530708
2159,22,5,1.0,1.0010854005813599,0,0,0.0,0.0,0.0,0.0018611290724948049,-0.0018722133245319128,0.005643488839268684
2160,22,6,1.0,1.002498984336853,0,0,0.0,0.0,0.0,0.0013673970242962241,-0.0005056062364019454,0.01260038185864687
2161,22,7,1.0,1.0024937391281128,0,0,0.0,0.0,0.0,0.0013819768792018294,-0.0005086931632831693,0.012687795795500278
2162,22,8,1.0,1.002764344215393,0,0,0.0,0.0,0.0,-0.028017191216349602,0.0011926288716495037,-0.00011916365474462509
2163,22,9,1.0,1.002764344215393,0,0,0.0,0.0,0.0,-0.027996158227324486,0.0011898758821189404,-9.64803621172905e-05
2164,22,10,1.0,0.982964813709259,0,0,-0.25,0.0,0.0,-0.2629891037940979,-0.001630145707167685,0.00014148838818073273
2165,22,11,1.0,0.9786360263824463,0,0,-0.25,0.0,0.0,-0.2725495398044586,-7.572659524157643e-05,0.005164677277207375
2166,22,12,1.0,0.9812736511230469,0,0,-0.25,0.0,0.0,-0.2800947427749634,-0.000249796430580318,0.0008951937779784203
2167,22,13,1.0,0.9866560697555542,0,0,-0.25,0.0,0.0,-0.28393644094467163,0.0004877577885054052,0.002362452447414398
2168,22,14,1.0,0.9861385226249695,0,0,-0.25,0.0,0.0,-0.28858718276023865,0.00013602589024230838,0.003492862917482853
2169,22,15,1.0,0.9891552925109863,0,0,-0.25,0.0,0.0,-0.27814123034477234,-0.00021468772320076823,0.010431620292365551
2170,22,16,1.0,0.9828913807868958,0,0,-0.25,0.0,0.0,-0.23001286387443542,-0.0013459139736369252,0.009984438307583332
2171,22,17,1.0,0.9813181757926941,0,0,0.0,0.0,0.0,-0.16155318915843964,-0.003212110372260213,0.0013972744345664978
2172,22,18,1.0,0.9773937463760376,0,0,0.0,0.0,0.0,-0.0634099692106247,-0.008059641346335411,-0.00913121085613966
2173,22,19,1.0,0.9835823774337769,0,0,0.0,0.0,0.0,-0.02341873198747635,-0.008718715980648994,-0.010125374421477318
2174,22,20,1.0,0.992714524269104,0,0,0.0,0.0,0.0,-0.006846895441412926,-0.004310302902013063,-0.004937794525176287
2175,22,21,1.0,0.9932915568351746,0,0,0.0,0.0,0.0,-0.005077179986983538,-0.00438775634393096,-0.004172010812908411
2176,22,22,1.0,0.9959420561790466,0,0,0.0,0.0,0.0,-0.0031297020614147186,-0.0022605136036872864,-0.002056607510894537
2177,22,23,1.0,0.9959641098976135,0,0,0.0,0.0,0.0,-0.002997427247464657,-0.002268977463245392,-0.0018509379588067532
2178,22,24,1.0,1.0014705657958984,0,0,0.0,0.0,0.0,-0.0009428364573977888,-0.006815994158387184,-0.0005037328228354454
2179,22,25,1.0,1.0014668703079224,0,0,0.0,-0.25,0.0,-0.0009241524967364967,-0.006822037510573864,-0.0004624854773283005
2180,22,26,1.0,0.9967518448829651,0,0,0.0,-0.25,0.0,-0.0018858499825000763,-0.25936442613601685,-0.006078829523175955
2181,22,27,1.0,0.9919818639755249,0,0,0.0,-0.25,0.0,-0.000311950221657753,-0.2620677351951599,0.0011714156717061996
2182,22,28,1.0,0.9929853081703186,0,0,0.0,-0.25,0.0,-0.002498118905350566,-0.2788375914096832,-0.0010397718288004398
2183,22,29,1.0,0.9899803996086121,0,0,0.0,-0.25,0.0,-0.0017036658246070147,-0.2799583971500397,-0.0012558884918689728
2184,22,30,1.0,0.9886749386787415,0,0,0.0,-0.25,0.0,-0.0013851090334355831,-0.28355762362480164,0.0015477370470762253
2185,22,31,1.0,0.9846425652503967,0,0,0.0,-0.25,0.0,-0.0016121136723086238,-0.28219640254974365,0.005390082485973835
2186,22,32,1.0,0.9857679605484009,0,0,0.0,-0.25,0.0,-0.0017305053770542145,-0.2822110652923584,0.0008826414123177528
2187,22,33,1.0,0.9871160387992859,0,0,0.0,-0.25,0.0,-0.001065305550582707,-0.280253142118454,-0.002166316844522953
2188,22,34,1.0,0.9944470524787903,0,0,0.0,-0.25,0.0,-0.0018095646519213915,-0.26602086424827576,-0.0016176030039787292
2189,22,35,1.0,1.0012731552124023,0,0,0.0,-0.25,0.0,-0.0004662454593926668,-0.18727630376815796,0.013354496099054813
2190,22,36,1.0,1.001129388809204,0,0,0.0,0.0,0.0,0.00035641028080135584,-0.06688588112592697,0.03833231329917908
2191,22,37,1.0,1.0004477500915527,0,0,0.0,0.0,0.0,-0.0005930959014222026,-0.011975512839853764,0.04815446585416794
2192,22,38,1.0,1.0026741027832031,0,0,0.0,0.0,0.0,-0.0009702775860205293,-0.0013724348973482847,0.0101882079616189
2193,22,39,1.0,1.0025482177734375,0,0,0.0,0.0,0.0,-0.0009078357252292335,9.4615388661623e-05,0.004401765763759613
2194,22,40,1.0,1.0010027885437012,0,0,0.0,0.0,0.0,-0.0012182306963950396,0.00032911490416154265,-0.016705457121133804
2195,22,41,1.0,1.0009205341339111,0,0,0.0,0.0,0.0,-0.0012041566660627723,0.00043371442006900907,-0.01757560297846794
2196,22,42,1.0,1.0031605958938599,0,0,0.0,0.0,0.0,-0.002036115387454629,0.0001684327726252377,-0.02452607825398445
2197,22,43,1.0,1.0031453371047974,0,0,0.0,-0.25,0.0,-0.0020318254828453064,0.00017845211550593376,-0.024697918444871902
2198,22,44,1.0,1.0040781497955322,0,0,0.0,0.0,0.0,-0.0017036793287843466,-0.0016737449914216995,-0.004245278425514698
2199,22,45,1.0,1.0044273138046265,0,0,0.0,0.0,0.0,-0.0022545186802744865,-0.0001519413199275732,0.001679748296737671
2200,22,46,1.0,1.0051822662353516,0,0,0.0,0.0,0.0,-0.002141909673810005,0.0002642998588271439,-0.004931220784783363
2201,22,47,1.0,1.004998803138733,0,0,0.0,0.0,0.0,-0.002140524098649621,0.0004263712908141315,-0.0074224285781383514
2202,22,48,1.0,1.003030776977539,0,0,0.0,0.0,0.0,-0.0010692448122426867,0.00028118648333474994,-0.04906443879008293
2203,22,49,1.0,1.003063678741455,0,0,0.0,0.0,0.0,-0.0010690640192478895,0.00032277469290420413,-0.04958096519112587
2204,22,50,1.0,1.0035344362258911,0,0,0.0,0.0,0.0,-0.0005024875281378627,0.00038122659316286445,-0.09135217219591141
2205,22,51,1.0,1.0035388469696045,0,0,0.0,0.0,0.0,-0.0005037749651819468,0.00038596830563619733,-0.09148719161748886
2206,22,52,1.0,1.0034191608428955,0,0,0.0,0.0,-0.5,-0.0007382926414720714,0.00019765354227274656,-0.08629374206066132
2207,22,53,1.0,0.9930860996246338,0,0,0.0,0.0,-0.5,0.0005632721586152911,0.0007221267442218959,-0.5501136183738708
2208,22,54,1.0,0.989965558052063,0,0,0.0,0.0,-0.5,0.0002207091310992837,0.0013028637040406466,-0.5443360805511475
2209,22,55,1.0,0.9891452789306641,0,0,0.0,0.0,-0.5,0.0005410885205492377,0.0015565927606076002,-0.5424849987030029
2210,22,56,1.0,0.9868075251579285,0,0,0.0,0.0,-0.5,0.000465135439299047,0.0008129343041218817,-0.5375268459320068
2211,22,57,1.0,0.9920718669891357,0,0,0.0,0.0,-0.5,-0.0007521783118136227,0.0007035419694148004,-0.5444029569625854
2212,22,58,1.0,0.9891310334205627,0,0,0.0,0.0,-0.5,-0.0014916806248947978,0.00014029740123078227,-0.5640249252319336
2213,22,59,1.0,0.9955238103866577,0,0,0.0,0.0,-0.5,-0.0013707919279113412,0.0005557431722991168,-0.5635011196136475
2214,22,60,1.0,0.9986631870269775,0,0,0.0,0.0,-0.5,-0.0008275679429061711,0.0010228250175714493,-0.5751248002052307
2215,22,61,1.0,0.9998058080673218,0,0,0.0,0.0,-0.5,-0.0008162767044268548,0.0013171171303838491,-0.5730295777320862
2216,22,62,1.0,0.9894078969955444,0,0,0.0,0.0,-0.5,0.0007336741546168923,0.0010622164700180292,-0.4901272654533386
2217,22,63,1.0,0.9870112538337708,0,0,0.0,0.0,-0.5,0.0008491278858855367,0.0008804784738458693,-0.4432382881641388
2218,22,64,1.0,0.9858768582344055,0,0,0.0,0.0,0.0,0.0010116981575265527,-0.00013126805424690247,-0.18548542261123657
2219,22,65,1.0,0.988901674747467,0,0,0.0,0.0,0.0,0.0008553239749744534,-4.0306360460817814e-05,-0.1596372276544571
2220,22,66,1.0,1.260829210281372,0,0,0.0,0.0,0.0,0.0017109228065237403,-0.000410499022109434,-0.018204398453235626
2221,22,67,1.0,1.2694374322891235,0,0,0.0,0.0,0.0,0.0016697271494194865,-0.0003329103346914053,-0.016257179901003838
2222,22,68,2.0,1.2113293409347534,1,0,0.0,0.0,0.0,0.001104519353248179,-0.0009066936327144504,-0.015423476696014404
2223,22,69,2.0,2.0482566356658936,1,1,0.0,0.0,0.0,0.0016459993785247207,-0.0006178980693221092,0.003080642782151699
2224,22,70,2.0,2.053166389465332,1,1,0.0,0.0,0.0,0.0012235924368724227,-0.0007667647441849113,0.00022559799253940582
2225,22,71,2.0,2.058605194091797,1,1,0.0,0.0,0.0,0.0008957084501162171,-0.0022876819130033255,0.0037124203518033028
2226,22,72,2.0,2.0603630542755127,1,1,0.0,0.0,0.0,0.0010884333169087768,-0.0012460836442187428,0.00555897131562233
2227,22,73,2.0,2.0621862411499023,1,1,0.0,0.0,0.0,0.0009969038655981421,-0.0011078235693275928,0.006277722306549549
2228,22,74,2.0,2.0702829360961914,1,1,0.0,0.0,0.0,-3.0163908377289772e-05,-0.0003343840944580734,0.004588065668940544
2229,22,75,2.0,2.0716753005981445,1,1,0.0,0.0,0.0,-0.00031456153374165297,-0.0003539245226420462,0.0033178329467773438
2230,22,76,1.0,1.412326455116272,0,0,0.0,0.0,0.0,-0.0011600266443565488,-0.002896763850003481,-0.02289915829896927
2231,22,77,1.0,1.051257610321045,0,0,0.0,0.0,0.0,-0.0005650797393172979,-0.0037416815757751465,-0.042267005890607834
2232,22,78,1.0,1.0402361154556274,0,0,0.0,0.0,0.0,0.0011188905918970704,-0.001493500079959631,-0.03705843165516853
2233,22,79,1.0,1.0202428102493286,0,0,0.0,0.0,0.0,0.0007537755882367492,-0.001835671253502369,-0.008603516034781933
2234,22,80,1.0,0.9994432330131531,0,0,0.0,0.0,0.0,0.00040175870526582,-0.0008836006163619459,0.13951893150806427
2235,22,81,1.0,0.9991779327392578,0,0,0.0,0.0,0.0,0.0006518721347674727,-0.001611878746189177,0.18527430295944214
2236,22,82,1.0,0.9989989399909973,0,0,0.0,0.0,0.0,7.796613499522209e-05,0.0011444126721471548,0.346483051776886
2237,22,83,1.0,0.9990476369857788,0,0,0.0,0.0,0.0,0.00017058802768588066,0.0010000900365412235,0.3684474527835846
2238,22,84,1.0,0.9989729523658752,0,0,0.0,0.0,0.5,-9.320129174739122e-05,0.0006863752496428788,0.4516744613647461
2239,22,85,1.0,0.9978193044662476,0,0,0.0,0.0,0.5,0.0006901744054630399,0.001400558976456523,0.5277003645896912
2240,22,86,1.0,0.9974359273910522,0,0,0.0,0.0,0.5,0.0006619273917749524,0.0011323918588459492,0.529771089553833
2241,22,87,1.0,0.9967107772827148,0,0,0.0,0.0,0.5,0.0005427199648693204,0.0014153262600302696,0.5291762351989746
2242,22,88,1.0,0.9970047473907471,0,0,0.0,0.0,0.5,0.000304533401504159,0.0007991628372110426,0.5283187627792358
2243,22,89,1.0,0.9968526363372803,0,0,0.0,0.0,0.5,0.0002049031900241971,0.0006585264927707613,0.5283474922180176
2244,22,90,1.0,0.9980216026306152,0,0,0.0,0.0,0.5,0.00042044941801577806,0.0005990793579258025,0.5280849933624268
2245,22,91,1.0,0.9959666728973389,0,0,0.0,0.0,0.5,0.0002766009420156479,0.0008296481682918966,0.52753746509552
2246,22,92,1.0,0.996931791305542,0,0,0.0,0.0,0.5,0.000926938490010798,0.0004796222201548517,0.5272694230079651
2247,22,93,1.0,0.9969816207885742,0,0,0.0,0.0,0.5,0.0009063956094905734,0.000987247796729207,0.5286684036254883
2248,23,0,1.0,0.9966621994972229,0,0,0.0,0.0,0.0,0.0025750244967639446,-0.0003789965994656086,0.0012433305382728577
2249,23,1,1.0,0.9954360127449036,0,0,0.0,0.0,0.0,0.0032658609561622143,-0.0005888966843485832,-0.0004441700875759125
2250,23,2,1.0,0.9923312664031982,0,0,0.0,0.0,0.0,0.0025271079502999783,-0.0013576463097706437,0.0018111225217580795
2251,23,3,1.0,0.9922178983688354,0,0,0.0,0.0,0.0,0.002304558176547289,-0.0013025884982198477,0.0026904698461294174
2252,23,4,1.0,0.9898831248283386,0,0,0.0,0.0,0.0,0.0003656934713944793,0.0003030558000318706,-0.0007350621744990349
2253,23,5,1.0,0.9898492693901062,0,0,0.0,0.0,0.0,0.00030566402710974216,0.0003163181827403605,-0.0004724562168121338
2254,23,6,1.0,0.9921761751174927,0,0,0.0,0.0,0.0,0.0027509736828505993,-0.002706783590838313,0.00398861151188612
2255,23,7,1.0,0.9921558499336243,0,0,0.0,0.0,0.0,0.0027591120451688766,-0.0027133296243846416,0.004081306047737598
2256,23,8,1.0,0.9967731237411499,0,0,0.0,0.0,0.0,-0.001101691392250359,-0.003911836538463831,-0.0002582082524895668
2257,23,9,1.0,0.9967681169509888,0,0,-0.25,0.0,0.0,-0.0010980151128023863,-0.003914165776222944,-0.0002362951636314392
2258,23,10,1.0,0.9762952327728271,0,0,-0.25,0.0,0.0,-0.2366180270910263,-0.0020943216513842344,0.0025246934965252876
2259,23,11,1.0,0.9767188429832458,0,0,-0.25,0.0,0.0,-0.2572580873966217,-0.0011310912668704987,0.004889155738055706
2260,23,12,1.0,0.9790434241294861,0,0,-0.25,0.0,0.0,-0.2694038152694702,-0.0013072898145765066,3.119371831417084e-05
2261,23,13,1.0,0.9771779179573059,0,0,-0.25,0.0,0.0,-0.2714961767196655,-0.0009714235784485936,0.0036698374897241592
2262,23,14,1.0,0.9749575257301331,0,0,-0.25,0.0,0.0,-0.27318671345710754,-0.00026480501401238143,-0.0002449043095111847
2263,23,15,1.0,0.9759241342544556,0,0,-0.25,0.0,0.0,-0.27632662653923035,5.770288407802582e-05,0.0016244398429989815
2264,23,16,1.0,0.9816486835479736,0,0,-0.25,0.0,0.0,-0.2786237895488739,-0.0001282233279198408,0.0013536298647522926
2265,23,17,1.0,0.9831272959709167,0,0,-0.25,0.0,0.0,-0.28171074390411377,1.6131263691931963e-05,0.004105595871806145
2266,23,18,1.0,0.9882000684738159,0,0,-0.25,0.0,0.0,-0.28601154685020447,-0.00012999388854950666,0.004124399274587631
2267,23,19,1.0,0.9868432879447937,0,0,-0.25,0.0,0.0,-0.2865050137042999,0.0005009601009078324,-0.0005096988752484322
2268,23,20,1.0,1.0028756856918335,0,0,-0.25,0.0,0.0,-0.28212615847587585,-0.0012789100874215364,-0.0038210968486964703
2269,23,21,1.0,0.9999194145202637,0,0,-0.25,0.0,0.0,-0.2707687020301819,-0.000406616396503523,0.0011789975687861443
2270,23,22,1.0,0.9810188412666321,0,0,-0.25,0.0,0.0,-0.14508797228336334,-0.0033648954704403877,-0.009813151322305202
2271,23,23,1.0,0.9789049029350281,0,0,0.0,0.0,0.0,-0.06960577517747879,-0.0033388466108590364,-0.01842816174030304
2272,23,24,1.0,0.9849085211753845,0,0,0.0,0.0,0.0,-0.030706826597452164,-0.001833419082686305,-0.012579581700265408
2273,23,25,1.0,0.9839169383049011,0,0,0.0,0.0,0.0,-0.009749204851686954,-0.0038543015252798796,-0.010616803541779518
2274,23,26,1.0,0.9922161102294922,0,0,0.0,0.0,0.0,-0.0032371641136705875,-0.0013181406538933516,0.005332794040441513
2275,23,27,1.0,0.9927224516868591,0,0,0.0,0.0,0.0,-0.0016733723459765315,-0.0012821773998439312,0.0046433331444859505
2276,23,28,1.0,0.9984865784645081,0,0,0.0,0.0,0.0,-0.0006266299169510603,0.07954535633325577,0.0213712640106678
2277,23,29,1.0,0.9984019994735718,0,0,0.0,0.0,0.0,-0.0005312926368787885,0.08017784357070923,0.021247588098049164
2278,23,30,1.0,0.9992963075637817,0,0,0.0,0.25,0.0,0.0008601058507338166,0.14729106426239014,0.016207866370677948
2279,23,31,1.0,0.9849715828895569,0,0,0.0,0.25,0.0,-0.0002586403861641884,0.2678576707839966,0.004559198394417763
2280,23,32,1.0,0.9883425831794739,0,0,0.0,0.25,0.0,5.803047679364681e-05,0.27234774827957153,0.009523489512503147
2281,23,33,1.0,0.99132239818573,0,0,0.0,0.25,0.0,-0.0011585344327613711,0.2740322947502136,0.018348466604948044
2282,23,34,1.0,0.992418110370636,0,0,0.0,0.25,0.0,-0.001592410379089415,0.2755078971385956,0.0199025496840477
2283,23,35,1.0,0.9925473928451538,0,0,0.0,0.25,0.0,-0.001194218173623085,0.2757158577442169,0.01901644468307495
2284,23,36,1.0,0.9923259019851685,0,0,0.0,0.25,0.0,-0.0005162046290934086,0.2682616710662842,0.021210577338933945
2285,23,37,1.0,0.9933271408081055,0,0,0.0,0.25,0.0,-8.805643301457167e-05,0.2501884400844574,-0.000879303552210331
2286,23,38,1.0,0.9931393265724182,0,0,0.0,0.25,0.0,0.00010037911124527454,0.24697937071323395,-0.008789809420704842
2287,23,39,1.0,0.9965366125106812,0,0,0.0,0.25,0.0,0.0010324028553441167,0.21578730642795563,-0.032967329025268555
2288,23,40,1.0,1.0097190141677856,0,0,0.0,0.25,0.0,0.00021498673595488071,0.09804477542638779,-0.015949590131640434
2289,23,41,1.0,1.006331205368042,0,0,0.0,0.0,0.0,-0.00025046023074537516,0.022521652281284332,-0.029067397117614746
2290,23,42,1.0,1.0029301643371582,0,0,0.0,0.0,0.0,-0.0009157210006378591,0.002832928905263543,-0.021262893453240395
2291,23,43,1.0,1.0031623840332031,0,0,0.0,0.0,0.0,-0.0016850826796144247,0.000828078540507704,-0.018170353025197983
2292,23,44,1.0,1.002781867980957,0,0,0.0,0.0,0.0,-0.0022223959676921368,0.00040774483932182193,-0.009756342507898808
2293,23,45,1.0,1.002756118774414,0,0,0.0,0.0,0.0,-0.002339726546779275,0.00030539563158527017,-0.009226742200553417
2294,23,46,1.0,1.0015383958816528,0,0,0.0,0.0,0.0,-0.0016348578501492739,0.0007266171160154045,-0.020978108048439026
2295,23,47,1.0,1.001517653465271,0,0,0.0,0.0,0.0,-0.0016516675241291523,0.0007092021987773478,-0.020937222987413406
2296,23,48,1.0,1.0025441646575928,0,0,0.0,0.0,0.0,-0.0010839811293408275,0.0007724941824562848,-0.05612480640411377
2297,23,49,1.0,1.0025376081466675,0,0,0.0,0.0,0.0,-0.0010869302786886692,0.000769200676586479,-0.05609245225787163
2298,23,50,1.0,1.003528356552124,0,0,0.0,0.0,-0.5,-0.000911119335796684,0.0007683255826123059,-0.0985247865319252
2299,23,51,1.0,0.9974244832992554,0,0,0.0,0.0,-0.5,-3.416172694414854e-05,0.0014329368714243174,-0.5448142886161804
2300,23,52,1.0,0.9963340759277344,0,0,0.0,0.0,-0.5,0.0008123348234221339,0.0012045844923704863,-0.5432559847831726
2301,23,53,1.0,0.991087794303894,0,0,0.0,0.0,-0.5,0.0003655465552583337,0.0012993430718779564,-0.5414416193962097
2302,23,54,1.0,0.9855675101280212,0,0,0.0,0.0,-0.5,0.000621423008851707,0.001420426182448864,-0.537740170955658
2303,23,55,1.0,0.9896355271339417,0,0,0.0,0.0,-0.5,0.0006783414864912629,0.0011220290325582027,-0.5344668626785278
2304,23,56,1.0,0.9912622570991516,0,0,0.0,0.0,-0.5,0.0006416622782126069,0.001131103839725256,-0.5417372584342957
2305,23,57,1.0,0.9921276569366455,0,0,0.0,0.0,-0.5,-0.0003806481836363673,0.0005012024776078761,-0.5355940461158752
2306,23,58,1.0,0.990835964679718,0,0,0.0,0.0,-0.5,-0.0014794515445828438,0.0015734296757727861,-0.5505433678627014
2307,23,59,1.0,0.9940942525863647,0,0,0.0,0.0,-0.5,-0.0014694437850266695,0.0021247060503810644,-0.5571120977401733
2308,23,60,1.0,0.99323970079422,0,0,0.0,0.0,-0.5,0.00022852898109704256,0.0015115677379071712,-0.5509901642799377
2309,23,61,1.0,0.9918627142906189,0,0,0.0,0.0,-0.5,0.0012058826396241784,0.0016462004277855158,-0.5314744710922241
2310,23,62,1.0,0.9769397974014282,0,0,0.0,0.0,0.0,0.00038550642784684896,0.001641223207116127,-0.22709843516349792
2311,23,63,1.0,0.9773603081703186,0,0,0.0,0.0,0.0,3.213062882423401e-06,0.001583704026415944,-0.2015722692012787
2312,23,64,1.0,1.6218502521514893,0,1,0.0,0.0,0.0,0.0006717155920341611,-0.00036376158823259175,-0.01190121378749609
2313,23,65,1.0,1.6271588802337646,0,1,0.0,0.0,0.0,0.000678407377563417,-0.00034147771657444537,-0.011061187833547592
2314,23,66,1.0,2.0363454818725586,0,1,0.0,0.0,0.0,0.0011868305737152696,-0.0001407219679094851,-0.005937730893492699
2315,23,67,1.0,2.0367202758789062,0,1,0.0,0.0,0.0,0.0011856724740937352,-0.00013700948329642415,-0.005882013589143753
2316,23,68,2.0,2.017695665359497,1,1,0.0,0.0,0.0,0.0011344776721671224,0.0002196157001890242,-0.005677336826920509
2317,23,69,2.0,2.0496368408203125,1,1,0.0,0.0,0.0,0.0019793249666690826,-0.00021596445003524423,0.001027572900056839
2318,23,70,2.0,2.0514256954193115,1,1,0.0,0.0,0.0,0.0014041970716789365,-0.0011964895529672503,0.0009483657777309418
2319,23,71,2.0,2.053645610809326,1,1,0.0,0.0,0.0,0.0009878679411485791,-0.0015358827076852322,-0.0010321461595594883
2320,23,72,2.0,2.049577236175537,1,1,0.0,0.0,0.0,0.0014881325187161565,-0.0013655702350661159,-0.00012344028800725937
2321,23,73,2.0,2.064462184906006,1,1,0.0,0.0,0.0,0.0013537962222471833,-0.0011308405082672834,0.004162236116826534
2322,23,74,2.0,2.066469192504883,1,1,0.0,0.0,0.0,0.0016161325620487332,-0.0008552963845431805,0.0044891322031617165
2323,23,75,2.0,2.0664420127868652,1,1,0.0,0.0,0.0,0.001624407828785479,-0.0007885919185355306,0.004783052951097488
2324,23,76,2.0,2.082498788833618,1,1,0.0,0.0,0.0,0.00017543381545692682,0.0002376536140218377,0.0036551300436258316
2325,23,77,1.0,2.0824875831604004,0,1,0.0,0.0,0.0,0.00017089454922825098,0.0002742258948273957,0.0037476839497685432
2326,23,78,1.0,1.7632702589035034,0,1,0.0,0.0,0.0,-0.0006845210446044803,-0.001253530033864081,-0.0015850621275603771
2327,23,79,1.0,1.760387897491455,0,1,0.0,0.0,0.0,-0.0006558832828886807,-0.0012453151866793633,-0.0014618216082453728
2328,23,80,1.0,1.1383957862854004,0,0,0.0,0.0,0.0,-0.0017388289561495185,-0.00323208118788898,-0.00949137657880783
2329,23,81,1.0,1.137062907218933,0,0,0.0,0.0,0.0,-0.0017364273080602288,-0.003187783993780613,-0.009222451597452164
2330,23,82,1.0,2.0200271606445312,0,1,0.0,0.0,0.5,-0.0013778298161923885,1.6069214325398207e-05,-0.001612020656466484
2331,23,83,1.0,1.0010700225830078,0,0,0.0,0.0,0.5,0.0007812374969944358,-0.0004636731755454093,0.4736175537109375
2332,23,84,1.0,1.001240611076355,0,0,0.0,0.0,0.5,0.001141696353442967,9.933148976415396e-05,0.5085168480873108
2333,23,85,1.0,1.0006550550460815,0,0,0.0,0.0,0.5,0.0009153186110779643,0.0009527000947855413,0.5320863127708435
2334,23,86,1.0,0.9997032284736633,0,0,0.0,0.0,0.5,0.000755924847908318,0.0010873512364923954,0.5268443822860718
2335,23,87,1.0,0.9970414042472839,0,0,0.0,0.0,0.5,0.0004933517193421721,0.000980226555839181,0.5282765030860901
2336,23,88,1.0,0.9989384412765503,0,0,0.0,0.0,0.5,0.000469519873149693,0.00036846118746325374,0.5297572612762451
2337,23,89,1.0,1.0011953115463257,0,0,0.0,0.0,0.5,0.0005470773903653026,0.0005840355879627168,0.5278294682502747
2338,23,90,1.0,0.9988049268722534,0,0,0.0,0.0,0.5,0.00022135209292173386,0.0001600630348548293,0.529029130935669
2339,23,91,1.0,0.9988572597503662,0,0,0.0,0.0,0.5,0.000509062665514648,0.0002144204918295145,0.5267447829246521
2340,24,0,1.0,0.9956479668617249,0,0,0.0,0.0,0.0,0.002366728149354458,0.0003036250709556043,0.004342397674918175
2341,24,1,1.0,0.9951537251472473,0,0,0.0,0.0,0.0,0.002099691890180111,0.0009118307498283684,-0.0015157610177993774
2342,24,2,1.0,0.9963737726211548,0,0,0.0,0.0,0.0,0.0012111504329368472,0.0016936662141233683,0.0019639935344457626
2343,24,3,1.0,0.9961748719215393,0,0,0.0,0.0,0.0,0.0010855827713385224,0.0016735969111323357,0.003262300044298172
2344,24,4,1.0,0.9936437606811523,0,0,0.0,0.0,0.0,0.0007374874548986554,0.0032203502487391233,0.001007680781185627
2345,24,5,1.0,0.9936103224754333,0,0,0.0,0.0,0.0,0.0007144658593460917,0.003218625904992223,0.0013536019250750542
2346,24,6,1.0,0.995180070400238,0,0,0.0,0.0,0.0,0.0005353513406589627,0.001996132778003812,0.00048710498958826065
2347,24,7,1.0,0.9951601028442383,0,0,0.0,0.0,0.0,0.0005516955861821771,0.0019944312516599894,0.0006022360175848007
2348,24,8,1.0,0.9942815899848938,0,0,0.0,0.0,0.0,-0.016558026894927025,0.0019069386180490255,-0.0031022964976727962
2349,24,9,1.0,0.9942757487297058,0,0,-0.25,0.0,0.0,-0.016542624682188034,0.001905354904010892,-0.0030735102482140064
2350,24,10,1.0,0.9806138873100281,0,0,-0.25,0.0,0.0,-0.2326207309961319,-0.0004930244758725166,0.010760358534753323
2351,24,11,1.0,0.9865044951438904,0,0,-0.25,0.0,0.0,-0.25723353028297424,-0.0025364120956510305,0.009435038082301617
2352,24,12,1.0,0.9821066856384277,0,0,-0.25,0.0,0.0,-0.26774343848228455,-0.002544589340686798,0.002930120564997196
2353,24,13,1.0,0.9806183576583862,0,0,-0.25,0.0,0.0,-0.27098608016967773,-0.002005017362535,0.005347035825252533
2354,24,14,1.0,0.9853247404098511,0,0,-0.25,0.0,0.0,-0.2742249369621277,-0.002330513671040535,-0.0020092902705073357
2355,24,15,1.0,0.9797606468200684,0,0,-0.25,0.0,0.0,-0.27309349179267883,-0.0011283919448032975,-0.002305723261088133
2356,24,16,1.0,0.9818748831748962,0,0,-0.25,0.0,0.0,-0.27431240677833557,-0.00035731273237615824,0.002457099035382271
2357,24,17,1.0,0.9819332361221313,0,0,-0.25,0.0,0.0,-0.27997252345085144,-0.001221188809722662,0.005331486463546753
2358,24,18,1.0,0.9897284507751465,0,0,-0.25,0.0,0.0,-0.2871285378932953,-0.0004647983005270362,0.007392688654363155
2359,24,19,1.0,0.9937399625778198,0,0,-0.25,0.0,0.0,-0.2870953381061554,-0.00010681321145966649,0.007436902262270451
2360,24,20,1.0,0.9983463287353516,0,0,-0.25,0.0,0.0,-0.2767253816127777,0.001306076068431139,0.006993486545979977
2361,24,21,1.0,1.0019646883010864,0,0,-0.25,0.0,0.0,-0.2627865970134735,0.0006846041069366038,0.01138059701770544
2362,24,22,1.0,0.9808469414710999,0,0,-0.25,0.0,0.0,-0.1390235871076584,-0.0029875547625124454,0.0001570163294672966
2363,24,23,1.0,0.9865021705627441,0,0,0.0,0.0,0.0,-0.08072677999734879,-0.0028105757664889097,0.00038611702620983124
2364,24,24,1.0,0.9874001741409302,0,0,0.0,0.0,0.0,-0.030915506184101105,-0.006254766136407852,-0.006094580981880426
2365,24,25,1.0,0.9890373945236206,0,0,0.0,0.0,0.0,-0.012318674474954605,-0.007413719780743122,-0.0030061942525207996
2366,24,26,1.0,0.9951187372207642,0,0,0.0,0.0,0.0,-0.004707545507699251,-0.004206161480396986,0.006553178653120995
2367,24,27,1.0,0.9953277111053467,0,0,0.0,0.0,0.0,-0.0032117473892867565,-0.004329070448875427,0.007200776599347591
2368,24,28,1.0,1.0048948526382446,0,0,0.0,0.0,0.0,0.000736105372197926,-0.03653039038181305,0.017119739204645157
2369,24,29,1.0,1.0048863887786865,0,0,0.0,-0.25,0.0,0.0008419001242145896,-0.03655548766255379,0.01708555966615677
2370,24,30,1.0,0.9934052228927612,0,0,0.0,-0.25,0.0,-0.0018040454015135765,-0.2688504755496979,-0.002816326916217804
2371,24,31,1.0,0.9917327761650085,0,0,0.0,-0.25,0.0,-0.001324302051216364,-0.268259733915329,-0.00042956694960594177
2372,24,32,1.0,0.9909046292304993,0,0,0.0,-0.25,0.0,-0.0022823391482234,-0.27522265911102295,0.00102961715310812
2373,24,33,1.0,0.990575909614563,0,0,0.0,-0.25,0.0,-0.0023564263246953487,-0.27713388204574585,-0.0016832062974572182
2374,24,34,1.0,1.004576325416565,0,0,0.0,-0.25,0.0,-0.002095815259963274,-0.27525168657302856,0.001498691737651825
2375,24,35,1.0,0.999256432056427,0,0,0.0,-0.25,0.0,-0.0023211168590933084,-0.2780005931854248,0.00243416428565979
2376,24,36,1.0,1.0021222829818726,0,0,0.0,-0.25,0.0,-0.0026109758764505386,-0.27631843090057373,0.0038760006427764893
2377,24,37,1.0,1.0049923658370972,0,0,0.0,-0.25,0.0,-0.0023441356606781483,-0.2689966857433319,0.001952999271452427
2378,24,38,1.0,1.0079095363616943,0,0,0.0,-0.25,0.0,-0.00083136186003685,-0.26254627108573914,-0.006486191414296627
2379,24,39,1.0,1.00743567943573,0,0,0.0,0.0,0.0,-0.0016434338176622987,-0.25533249974250793,-0.004972024820744991
2380,24,40,1.0,0.9988762140274048,0,0,0.0,0.0,0.0,0.001361572532914579,-0.06512671709060669,0.04022001847624779
2381,24,41,1.0,0.9961431622505188,0,0,0.0,0.0,0.0,0.0012467628112062812,-0.011565609835088253,0.04478900879621506
2382,24,42,1.0,0.9970098733901978,0,0,0.0,0.0,0.0,0.00060366524849087,0.0019482134375721216,0.014012188650667667
2383,24,43,1.0,0.996722400188446,0,0,0.0,0.0,0.0,0.0006631080759689212,0.004546925891190767,0.01272472832351923
2384,24,44,1.0,0.999327540397644,0,0,0.0,0.0,0.0,0.0002869832096621394,0.004678166471421719,0.002537098713219166
2385,24,45,1.0,0.9992804527282715,0,0,0.0,0.0,0.0,0.00029938865918666124,0.004982686135917902,0.0021411245688796043
2386,24,46,1.0,1.000699520111084,0,0,0.0,-0.25,0.0,0.00037765398155897856,0.0034048461820930243,-0.010793334804475307
2387,24,47,1.0,1.0007123947143555,0,0,0.0,0.0,0.0,-0.00048472045455127954,-0.005921975709497929,-0.02450554072856903
2388,24,48,1.0,1.0011451244354248,0,0,0.0,0.0,0.0,-0.001542458077892661,-0.0012315406929701567,-0.016747113317251205
2389,24,49,1.0,1.0010905265808105,0,0,0.0,0.0,0.0,-0.0014887815341353416,-0.00022726948373019695,-0.01268996112048626
2390,24,50,1.0,1.0015802383422852,0,0,0.0,0.0,0.0,-0.0019282998982816935,0.0003192847943864763,-0.007288631983101368
2391,24,51,1.0,1.0015392303466797,0,0,0.0,0.0,0.0,-0.0018929503858089447,0.000431498687248677,-0.0073606413789093494
2392,24,52,1.0,1.0017616748809814,0,0,0.0,0.0,0.0,-0.0010641005355864763,0.0012653511948883533,-0.031973984092473984
2393,24,53,1.0,1.0017701387405396,0,0,0.0,0.0,0.0,-0.001062216004356742,0.0012890819925814867,-0.032218679785728455
2394,24,54,1.0,1.001533031463623,0,0,0.0,0.0,0.0,-0.001084191258996725,0.0011523787397891283,-0.04534384235739708
2395,24,55,1.0,1.0015360116958618,0,0,0.0,0.0,0.0,-0.0010842611081898212,0.001156531274318695,-0.0454065315425396
2396,24,56,1.0,1.0014172792434692,0,0,0.0,0.0,-0.5,-0.0010869638063013554,0.0012961130123585463,-0.02180931344628334
2397,24,57,1.0,0.9978833198547363,0,0,0.0,0.0,-0.5,0.0005558220436796546,0.0016217371448874474,-0.5489369034767151
2398,24,58,1.0,0.9959019422531128,0,0,0.0,0.0,-0.5,0.0009554467396810651,0.001774493372067809,-0.5456883907318115
2399,24,59,1.0,0.9917948842048645,0,0,0.0,0.0,-0.5,0.0005838886136189103,0.0018217356409877539,-0.5413761734962463
2400,24,60,1.0,0.9901390075683594,0,0,0.0,0.0,-0.5,0.00041850784327834845,0.0016173012554645538,-0.5361380577087402
2401,24,61,1.0,0.9916641116142273,0,0,0.0,0.0,-0.5,0.000677599455229938,0.0014327163808047771,-0.5358299612998962
2402,24,62,1.0,0.989931583404541,0,0,0.0,0.0,-0.5,-0.0004748104838654399,0.0014082780107855797,-0.5512279272079468
2403,24,63,1.0,0.9945042729377747,0,0,0.0,0.0,-0.5,-0.001207084278576076,0.0007554208277724683,-0.5563434958457947
2404,24,64,1.0,0.9972878098487854,0,0,0.0,0.0,-0.5,-0.0013026267988607287,0.0018255359027534723,-0.5696866512298584
2405,24,65,1.0,1.0001007318496704,0,0,0.0,0.0,-0.5,-0.0014665687922388315,0.0021868839394301176,-0.5683212876319885
2406,24,66,1.0,0.9985501766204834,0,0,0.0,0.0,-0.5,-0.0010868498357012868,0.0021272755693644285,-0.5564215779304504
2407,24,67,1.0,0.9984588623046875,0,0,0.0,0.0,-0.5,-0.00039098586421459913,0.00198567402549088,-0.5137745141983032
2408,24,68,1.0,1.0079574584960938,0,0,0.0,0.0,0.0,-0.0012541440082713962,-0.0005858228541910648,-0.11934595555067062
2409,24,69,1.0,1.016378402709961,0,0,0.0,0.0,0.0,-0.0012424970045685768,-0.0006484431214630604,-0.10139226913452148
2410,24,70,1.0,1.1731913089752197,0,0,0.0,0.0,0.0,0.0008123371517285705,-0.0016728476621210575,-0.013928450644016266
2411,24,71,1.0,1.1824015378952026,0,0,0.0,0.0,0.0,0.0008107965113595128,-0.0016218386590480804,-0.015116119757294655
2412,24,72,1.0,1.2658785581588745,0,0,0.0,0.0,0.0,0.001377980806864798,-0.0007233662181533873,-0.013393959030508995
2413,24,73,2.0,1.2716472148895264,1,0,0.0,0.0,0.0,0.0014021265087649226,-0.0006782279233448207,-0.01358878519386053
2414,24,74,2.0,2.058753490447998,1,1,0.0,0.0,0.0,0.001990902703255415,-0.00020215072436258197,-0.003422137349843979
2415,24,75,2.0,2.0512349605560303,1,1,0.0,0.0,0.0,0.001709842006675899,-0.00046110371476970613,0.0006736917421221733
2416,24,76,2.0,2.0661520957946777,1,1,0.0,0.0,0.0,0.0009703015675768256,0.00023904163390398026,0.0035047009587287903
2417,24,77,2.0,2.055239677429199,1,1,0.0,0.0,0.0,0.0023089773021638393,-0.002722078701481223,1.8300488591194153e-05
2418,24,78,2.0,2.062987804412842,1,1,0.0,0.0,0.0,0.0013417605077847838,-0.0016974399331957102,0.002270730212330818
2419,24,79,2.0,2.063563108444214,1,1,0.0,0.0,0.0,0.001223642029799521,-0.0017412069719284773,0.002771909348666668
2420,24,80,2.0,2.0689237117767334,1,1,0.0,0.0,0.0,0.0015169415855780244,-0.0007105900440365076,0.0035250158980488777
2421,24,81,2.0,2.0677125453948975,1,1,0.0,0.0,0.0,0.0006441863952204585,-0.0006214577006176114,0.0016886284574866295
2422,24,82,2.0,2.0592503547668457,1,1,0.0,0.0,0.0,0.0017320640617981553,-0.001686376752331853,0.0013751890510320663
2423,24,83,1.0,2.0657052993774414,0,1,0.0,0.0,0.0,0.0015733774052932858,-0.0014064868446439505,0.00305841863155365
2424,24,84,1.0,2.0622031688690186,0,1,0.0,0.0,0.0,0.00010242650751024485,-0.0009198447223752737,0.00020790286362171173
2425,24,85,1.0,2.0440287590026855,0,1,0.0,0.0,0.0,0.0005581538425758481,0.00024850963382050395,-0.004730895161628723
2426,24,86,1.0,2.0689988136291504,0,1,0.0,0.0,0.0,0.0002503562718629837,0.0005772201693616807,0.00012223701924085617
2427,24,87,1.0,1.9764986038208008,0,1,0.0,0.0,0.0,-0.0003709800075739622,-0.0007388657541014254,0.0010684467852115631
2428,24,88,1.0,1.0105060338974,0,0,0.0,0.0,0.0,0.0005393816391006112,-0.002118718344718218,0.18661412596702576
2429,24,89,1.0,1.0285165309906006,0,0,0.0,0.0,0.0,-0.0007124795229174197,-0.0023887765128165483,0.005625751800835133
2430,24,90,1.0,1.851728081703186,0,1,0.0,0.0,0.0,-0.0027179857715964317,-0.0023728555534034967,-0.012857899069786072
2431,24,91,1.0,1.0015065670013428,0,0,0.0,0.0,0.0,0.0008432663744315505,0.00019635830540210009,0.4715849459171295
2432,24,92,1.0,1.00179123878479,0,0,0.0,0.0,0.0,-0.00027840316761285067,-0.0011511312332004309,0.4093990623950958
2433,24,93,1.0,1.0267812013626099,0,0,0.0,0.0,0.0,0.001657473505474627,-0.003064249875023961,-0.007841777056455612
2434,24,94,1.0,0.9977790117263794,0,0,0.0,0.0,0.5,0.0013976203044876456,0.0008626601775176823,0.4947431981563568
2435,24,95,1.0,0.9993311762809753,0,0,0.0,0.0,0.5,0.0015139091992750764,0.0016293737571686506,0.48926934599876404
2436,24,96,1.0,0.997524619102478,0,0,0.0,0.0,0.5,0.0009039189899340272,0.0003541418700478971,0.5299690365791321
2437,24,97,1.0,0.9992718696594238,0,0,0.0,0.0,0.5,0.0005982286529615521,0.0011383616365492344,0.5302735567092896
2438,24,98,1.0,0.9973554015159607,0,0,0.0,0.0,0.5,0.00045775657054036856,0.000582544191274792,0.5280503034591675
2439,24,99,1.0,0.9970119595527649,0,0,0.0,0.0,0.5,0.0005289692198857665,0.0007343320758081973,0.5272314548492432
2440,24,100,1.0,0.9980965256690979,0,0,0.0,0.0,0.5,0.0005629012593999505,0.00043321162229403853,0.5260536074638367
2441,24,101,1.0,0.9977569580078125,0,0,0.0,0.0,0.5,0.0010372580727562308,0.00047774804988875985,0.5291488170623779
2442,24,102,1.0,0.9996098875999451,0,0,0.0,0.0,0.5,0.00145895651075989,7.059553172439337e-05,0.5280241966247559
2443,24,103,1.0,0.9987136125564575,0,0,0.0,0.0,0.5,0.0014361768262460828,0.00046350195771083236,0.5275908708572388
2444,25,0,1.0,0.9980224370956421,0,0,0.0,0.0,0.0,0.002135328948497772,-0.0016495909076184034,0.0029510613530874252
2445,25,1,1.0,0.9993725419044495,0,0,0.0,0.0,0.0,0.003157655708491802,-0.0014437141362577677,-0.004006515722721815
2446,25,2,1.0,0.9989904761314392,0,0,0.0,0.0,0.0,0.0028701606206595898,-0.0009027694468386471,-0.0003997664898633957
2447,25,3,1.0,0.9976297616958618,0,0,0.0,0.0,0.0,0.002517887856811285,-0.0010058056795969605,5.919206887483597e-05
2448,25,4,1.0,0.9955682754516602,0,0,0.0,0.0,0.0,0.00019990873988717794,-0.0015211543068289757,0.0018391227349638939
2449,25,5,1.0,0.9956269264221191,0,0,0.0,0.0,0.0,7.453735452145338e-05,-0.001530554611235857,0.0022940216585993767
2450,25,6,1.0,1.0026123523712158,0,0,0.0,0.0,0.0,-0.003180305939167738,-0.00011046364670619369,-0.0018368912860751152
2451,25,7,1.0,1.002638816833496,0,0,0.0,0.0,0.0,-0.003183247521519661,-0.00010758655844256282,-0.0017066714353859425
2452,25,8,1.0,1.0103387832641602,0,0,0.0,0.0,0.0,-0.000863897439558059,0.003318230854347348,-0.005446022842079401
2453,25,9,1.0,1.0103427171707153,0,0,0.0,0.0,0.0,-0.0008500247495248914,0.0033167430665344,-0.0054071201011538506
2454,25,10,1.0,1.0129199028015137,0,0,0.25,0.0,0.0,0.04058026149868965,0.004124191123992205,0.008305576629936695
2455,25,11,1.0,1.0092332363128662,0,0,0.25,0.0,0.0,0.24041928350925446,-0.0015882145380601287,-0.006581566296517849
2456,25,12,1.0,1.006499171257019,0,0,0.25,0.0,0.0,0.2624748945236206,-0.0017797299660742283,-0.006091620773077011
2457,25,13,1.0,1.0134918689727783,0,0,0.25,0.0,0.0,0.27226945757865906,-0.0014349855482578278,-0.0038439156487584114
2458,25,14,1.0,1.0052953958511353,0,0,0.25,0.0,0.0,0.27461332082748413,-0.0019475952722132206,0.0015136366710066795
2459,25,15,1.0,1.0016834735870361,0,0,0.25,0.0,0.0,0.27535030245780945,-0.002492967527359724,0.004443584941327572
2460,25,16,1.0,1.0050994157791138,0,0,0.25,0.0,0.0,0.2722194790840149,-0.0023088399320840836,0.0023905429989099503
2461,25,17,1.0,1.0042870044708252,0,0,0.25,0.0,0.0,0.27087071537971497,-0.0021209334954619408,0.008959726430475712
2462,25,18,1.0,1.0109590291976929,0,0,0.25,0.0,0.0,0.2747747600078583,-0.0011204449692741036,0.005799969658255577
2463,25,19,1.0,1.010467767715454,0,0,0.25,0.0,0.0,0.27690982818603516,-0.0009866112377494574,0.005161994136869907
2464,25,20,1.0,1.0129674673080444,0,0,0.25,0.0,0.0,0.2746531367301941,-0.0008192973327822983,0.005584924481809139
2465,25,21,1.0,1.0140800476074219,0,0,0.25,0.0,0.0,0.2585359513759613,-0.0015818430110812187,-0.001478646881878376
2466,25,22,1.0,1.005806803703308,0,0,0.25,0.0,0.0,0.18264253437519073,0.001909191720187664,-0.008775711059570312
2467,25,23,1.0,1.003531575202942,0,0,0.0,0.0,0.0,0.147830069065094,0.0023192004300653934,-0.010192126035690308
2468,25,24,1.0,0.989259660243988,0,0,0.0,0.0,0.0,0.044455140829086304,0.0009856557007879019,-0.009262638166546822
2469,25,25,1.0,0.98509681224823,0,0,0.0,0.0,0.0,0.006948253605514765,-0.0007619123789481819,-0.0048851128667593
2470,25,26,1.0,0.9923195242881775,0,0,0.0,0.0,0.0,-0.0059046149253845215,-0.0029287715442478657,-0.003590778913348913
2471,25,27,1.0,0.9923055768013,0,0,0.0,0.0,0.0,-0.0075673130340874195,-0.0017421138472855091,-0.005162831861525774
2472,25,28,1.0,0.9971776604652405,0,0,0.0,0.0,0.0,-0.0009640111238695681,0.02673281915485859,-0.009910235181450844
2473,25,29,1.0,0.9971302151679993,0,0,0.0,0.0,0.0,-0.001007991493679583,0.02698935754597187,-0.010177232325077057
2474,25,30,1.0,0.9997886419296265,0,0,0.0,0.0,0.0,0.0010898701148107648,0.049261316657066345,-0.007754894904792309
2475,25,31,1.0,0.9997869729995728,0,0,0.0,0.25,0.0,0.0010830090614035726,0.0492924302816391,-0.007808573544025421
2476,25,32,1.0,0.9924331903457642,0,0,0.0,0.25,0.0,-0.0004988632863387465,0.26172810792922974,0.008197936229407787
2477,25,33,1.0,0.9917039275169373,0,0,0.0,0.25,0.0,0.0007381251780316234,0.2668167054653168,0.00773285236209631
2478,25,34,1.0,0.9948208332061768,0,0,0.0,0.25,0.0,0.0018760120728984475,0.2713334262371063,0.005073440261185169
2479,25,35,1.0,0.9919807314872742,0,0,0.0,0.25,0.0,0.0018488477217033505,0.27047860622406006,0.005892778746783733
2480,25,36,1.0,0.9870481491088867,0,0,0.0,0.25,0.0,0.0029808725230395794,0.27569401264190674,0.007078808732330799
2481,25,37,1.0,0.9862427711486816,0,0,0.0,0.25,0.0,0.0011692651314660907,0.2771186828613281,0.009011582471430302
2482,25,38,1.0,0.9886211156845093,0,0,0.0,0.25,0.0,0.0025461954064667225,0.28124675154685974,0.007476127706468105
2483,25,39,1.0,0.9895881414413452,0,0,0.0,0.25,0.0,0.0023491554893553257,0.2789447009563446,0.007201611064374447
2484,25,40,1.0,0.9832512736320496,0,0,0.0,0.25,0.0,0.0017427463317289948,0.23705418407917023,-0.011212442070245743
2485,25,41,1.0,0.9875624179840088,0,0,0.0,0.0,0.0,-0.001146891969256103,0.14689239859580994,-0.031184520572423935
2486,25,42,1.0,0.9988406300544739,0,0,0.0,0.0,0.0,-0.0015571339754387736,0.003563612001016736,0.02551061287522316
2487,25,43,1.0,0.9999781847000122,0,0,0.0,0.0,0.0,-0.0016671338817104697,-0.00037737959064543247,0.03487984463572502
2488,25,44,1.0,1.0031249523162842,0,0,0.0,0.0,0.0,-0.0022206660360097885,-0.00036141666350886226,0.02724791318178177
2489,25,45,1.0,1.0029444694519043,0,0,0.0,0.0,0.0,-0.00228124693967402,-0.001035685883834958,0.025004688650369644
2490,25,46,1.0,1.00246000289917,0,0,0.0,0.0,0.0,-0.0018062065355479717,-0.0003290903987362981,-0.024099696427583694
2491,25,47,1.0,1.0024715662002563,0,0,0.0,0.0,0.0,-0.0018201981438323855,-0.0003859699936583638,-0.02472608909010887
2492,25,48,1.0,1.0029842853546143,0,0,0.0,0.0,0.0,-0.0017070118337869644,-0.00040968539542518556,-0.031135238707065582
2493,25,49,1.0,1.0029921531677246,0,0,0.0,0.25,0.0,-0.001709286472760141,-0.00042233624844811857,-0.03125980123877525
2494,25,50,1.0,1.0036053657531738,0,0,0.0,0.0,0.0,-0.0012116119032725692,0.0038848447147756815,-0.04393836110830307
2495,25,51,1.0,1.004076361656189,0,0,0.0,0.0,0.0,-0.0018275015754625201,0.001342125004157424,-0.03723035752773285
2496,25,52,1.0,1.0035209655761719,0,0,0.0,0.0,0.0,-0.001792921219021082,0.0004813511040993035,-0.02530461922287941
2497,25,53,1.0,1.0034534931182861,0,0,0.0,0.0,0.0,-0.0019334848038852215,0.0001982951071113348,-0.025322500616312027
2498,25,54,1.0,1.001568078994751,0,0,0.0,0.0,0.0,-0.0010842725168913603,0.00033430178882554173,-0.06329822540283203
2499,25,55,1.0,1.0015498399734497,0,0,0.0,0.0,0.0,-0.0010993264149874449,0.00029130425537005067,-0.06305846571922302
2500,25,56,1.0,1.001532793045044,0,0,0.0,0.0,0.0,-0.0008962948340922594,4.5692955609411e-05,-0.07917299121618271
2501,25,57,1.0,1.0015254020690918,0,0,0.0,0.0,0.0,-0.0008982598083093762,4.158966476097703e-05,-0.07910574972629547
2502,25,58,1.0,1.0020962953567505,0,0,0.0,0.0,-0.5,-0.0009375210502184927,0.00021154596470296383,-0.07930105179548264
2503,25,59,1.0,0.9919066429138184,0,0,0.0,0.0,-0.5,-0.0003735830541700125,0.0020390579011291265,-0.5427455306053162
2504,25,60,1.0,0.989080548286438,0,0,0.0,0.0,-0.5,0.0004630176117643714,0.0012729952577501535,-0.5434762239456177
2505,25,61,1.0,0.9877893924713135,0,0,0.0,0.0,-0.5,0.00020393275190144777,0.0008445639978162944,-0.532244086265564
2506,25,62,1.0,0.9913452863693237,0,0,0.0,0.0,-0.5,-0.0005481253610923886,0.0014407953713089228,-0.5303357243537903
2507,25,63,1.0,0.9919662475585938,0,0,0.0,0.0,-0.5,-0.0007745437324047089,0.0010935459285974503,-0.5382177829742432
2508,25,64,1.0,0.9914731383323669,0,0,0.0,0.0,-0.5,-0.0017981557175517082,0.0015680254437029362,-0.5487505197525024
2509,25,65,1.0,0.9955008029937744,0,0,0.0,0.0,-0.5,-0.002060066442936659,0.00045695918379351497,-0.5582348108291626
2510,25,66,1.0,0.9989567399024963,0,0,0.0,0.0,-0.5,-0.0009201900684274733,0.0009039121796377003,-0.5705763101577759
2511,25,67,1.0,0.9998757839202881,0,0,0.0,0.0,-0.5,-0.000318202655762434,-0.00013683800352737308,-0.5706682801246643
2512,25,68,1.0,0.9913527369499207,0,0,0.0,0.0,-0.5,0.0015205066883936524,-0.0005792270530946553,-0.4863952398300171
2513,25,69,1.0,0.9908020496368408,0,0,0.0,0.0,0.0,0.0017090177861973643,-0.0005749149131588638,-0.4690713882446289
2514,25,70,1.0,1.3324955701828003,0,0,0.0,0.0,0.0,0.0020681233145296574,0.0009572326089255512,-0.07906792312860489
2515,25,71,1.0,1.334006905555725,0,0,0.0,0.0,0.0,0.0020280112512409687,0.000974062888417393,-0.07691813260316849
2516,25,72,1.0,1.9708949327468872,0,1,0.0,0.0,0.0,0.0015739653026685119,0.0013924776576459408,-0.016990017145872116
2517,25,73,1.0,1.9712480306625366,0,1,0.0,0.0,0.0,0.0015709159197285771,0.0013768014032393694,-0.01687147095799446
2518,25,74,2.0,2.0308926105499268,1,1,0.0,0.0,0.0,0.0017134497174993157,0.0010223533026874065,-0.012917338870465755
2519,25,75,2.0,2.054147720336914,1,1,0.0,0.0,0.0,0.0016721721040084958,-0.00034008585498668253,0.0037103313952684402
2520,25,76,2.0,2.057673215866089,1,1,0.0,0.0,0.0,0.0018785897409543395,-0.0012049393262714148,0.003990106284618378
2521,25,77,2.0,2.05454683303833,1,1,0.0,0.0,0.0,0.0017507328884676099,-0.001650106394663453,0.0024145347997546196
2522,25,78,2.0,2.060784101486206,1,1,0.0,0.0,0.0,0.0020097200758755207,-0.0013423307100310922,0.004013529047369957
2523,25,79,2.0,2.0603294372558594,1,1,0.0,0.0,0.0,0.0018542049219831824,-0.0013298781123012304,0.0030009448528289795
2524,25,80,2.0,2.0715246200561523,1,1,0.0,0.0,0.0,0.0009019476128742099,-0.0009844544110819697,0.0038258936256170273
2525,25,81,2.0,2.0711798667907715,1,1,0.0,0.0,0.0,0.0004348024958744645,-0.000838757841847837,0.002395053394138813
2526,25,82,1.0,1.0113967657089233,0,0,0.0,0.0,0.0,-0.001565452548675239,-0.004288462456315756,0.05125627666711807
2527,25,83,1.0,1.0139007568359375,0,0,0.0,0.0,0.0,-0.0018058737041428685,-0.0043709794990718365,0.03708883002400398
2528,25,84,1.0,1.0454163551330566,0,0,0.0,0.0,0.0,-0.0024510982912033796,-0.007241069804877043,-0.010076678358018398
2529,25,85,1.0,1.0449953079223633,0,0,0.0,0.0,0.0,-0.0024021316785365343,-0.007448726333677769,-0.009637166745960712
2530,25,86,1.0,1.9042823314666748,0,1,0.0,0.0,0.0,-0.0007341661839745939,-0.0024966979399323463,0.005240291357040405
2531,25,87,1.0,1.9046064615249634,0,1,0.0,0.0,0.0,-0.0007292923401109874,-0.002475653076544404,0.005214948207139969
2532,25,88,1.0,0.9997298121452332,0,0,0.0,0.0,0.0,-0.002468252554535866,-0.005202700383961201,0.13402976095676422
2533,25,89,1.0,0.9994192123413086,0,0,0.0,0.0,0.5,-0.002505457727238536,-0.005280478857457638,0.13998067378997803
2534,25,90,1.0,0.993796706199646,0,0,0.0,0.0,0.5,0.0007307083578780293,0.0010821707546710968,0.5210234522819519
2535,25,91,1.0,0.998673141002655,0,0,0.0,0.0,0.5,0.001017103553749621,0.0011190744116902351,0.5281509757041931
2536,25,92,1.0,0.9988659620285034,0,0,0.0,0.0,0.5,0.0005788918351754546,0.0019389782100915909,0.5259736180305481
2537,25,93,1.0,0.9974524974822998,0,0,0.0,0.0,0.5,0.0007772083627060056,0.001972816651687026,0.5298268795013428
2538,25,94,1.0,0.9978952407836914,0,0,0.0,0.0,0.5,0.0008978311670944095,0.0012983819469809532,0.5268428325653076
2539,25,95,1.0,0.9980741739273071,0,0,0.0,0.0,0.5,0.0006213894812390208,0.0011172869708389044,0.5284809470176697
2540,25,96,1.0,0.9982819557189941,0,0,0.0,0.0,0.5,0.0007935272296890616,0.0009181043715216219,0.527882993221283
2541,25,97,1.0,0.999414324760437,0,0,0.0,0.0,0.5,0.001020353171043098,0.0014378079213202,0.5264873504638672
2542,25,98,1.0,0.9992008209228516,0,0,0.0,0.0,0.5,0.0012428377522155643,0.001233777031302452,0.5271292328834534
2543,26,0,1.0,0.994790256023407,0,0,0.0,0.0,0.0,0.0008609803626313806,0.0007487243856303394,-0.0016807676292955875
2544,26,1,1.0,0.993442177772522,0,0,0.0,0.0,0.0,0.001071974285878241,0.00042973965173587203,-0.008704163134098053
2545,26,2,1.0,0.9964932799339294,0,0,0.0,0.0,0.0,0.0018699845531955361,0.0002205406199209392,-0.00482527120038867
2546,26,3,1.0,0.9968582391738892,0,0,0.0,0.0,0.0,0.001928766374476254,0.00024554040282964706,-0.0033246856182813644
2547,26,4,1.0,0.9963975548744202,0,0,0.0,0.0,0.0,0.00205028522759676,0.00023017619969323277,0.0018628379330039024
2548,26,5,1.0,0.996377170085907,0,0,0.0,0.0,0.0,0.001952683669514954,0.00020603352459147573,0.0024635884910821915
2549,26,6,1.0,0.9984399676322937,0,0,0.0,0.0,0.0,-0.0001589474268257618,0.000707472616340965,0.00833489466458559
2550,26,7,1.0,0.9984652996063232,0,0,0.0,0.0,0.0,-0.0001753658289089799,0.0007045174133963883,0.00851703342050314
2551,26,8,1.0,1.001548171043396,0,0,0.0,0.0,0.0,-0.0008939561084844172,0.0009520617895759642,0.008035487495362759
2552,26,9,1.0,1.0015549659729004,0,0,0.0,0.0,0.0,-0.0008970694616436958,0.0009510204545222223,0.008082770742475986
2553,26,10,1.0,1.0043058395385742,0,0,0.0,0.0,0.0,-0.001374032930471003,0.0008671811665408313,0.011197918094694614
2554,26,11,1.0,1.0043071508407593,0,0,0.25,0.0,0.0,-0.001374080078676343,0.0008667014189995825,0.011208326555788517
2555,26,12,1.0,1.0066465139389038,0,0,0.25,0.0,0.0,0.19912247359752655,0.0037728266324847937,0.0018167290836572647
2556,26,13,1.0,1.003991961479187,0,0,0.25,0.0,0.0,0.2702200710773468,0.00031904567731544375,0.0016339756548404694
2557,26,14,1.0,1.0082275867462158,0,0,0.25,0.0,0.0,0.273520827293396,-9.646895341575146e-05,0.009329591877758503
2558,26,15,1.0,1.0164282321929932,0,0,0.25,0.0,0.0,0.2731688320636749,-0.0016153878532350063,0.015754900872707367
2559,26,16,1.0,1.0121760368347168,0,0,0.25,0.0,0.0,0.2730519473552704,-0.0020943472627550364,0.009726271964609623
2560,26,17,1.0,1.0125004053115845,0,0,0.25,0.0,0.0,0.2718908190727234,-0.001777108758687973,0.01084906142205
2561,26,18,1.0,1.013542890548706,0,0,0.25,0.0,0.0,0.2765744924545288,-0.0009170628618448973,0.008809753693640232
2562,26,19,1.0,1.0153685808181763,0,0,0.25,0.0,0.0,0.2788794934749603,-0.000622456194832921,0.007026082836091518
2563,26,20,1.0,1.011661171913147,0,0,0.25,0.0,0.0,0.2771705090999603,0.00025915715377777815,0.004743494093418121
2564,26,21,1.0,1.0068429708480835,0,0,0.25,0.0,0.0,0.2549002468585968,-0.0026576819363981485,-0.0071847811341285706
2565,26,22,1.0,1.0048768520355225,0,0,0.25,0.0,0.0,0.18503358960151672,-0.0017724598292261362,-0.003936858382076025
2566,26,23,1.0,1.0001863241195679,0,0,0.0,0.0,0.0,0.13680458068847656,-0.0030160865280777216,-0.002198801375925541
2567,26,24,1.0,1.000239372253418,0,0,0.0,0.0,0.0,0.05892388895153999,-0.007117227651178837,-0.0005640862509608269
2568,26,25,1.0,0.9970226883888245,0,0,0.0,0.0,0.0,0.009055579081177711,-0.007128838449716568,-0.0009102486073970795
2569,26,26,1.0,0.9965063333511353,0,0,0.0,0.0,0.0,-0.011472335085272789,-0.006774588488042355,-0.01071912981569767
2570,26,27,1.0,0.9954235553741455,0,0,0.0,0.0,0.0,-0.014745352789759636,-0.005986666306853294,-0.009297650307416916
2571,26,28,1.0,0.9986645579338074,0,0,0.0,0.0,0.0,-0.008742746897041798,-0.003103345399722457,-0.007606069557368755
2572,26,29,1.0,0.9984291791915894,0,0,0.0,0.0,0.0,-0.008950947783887386,-0.002920164493843913,-0.007949981838464737
2573,26,30,1.0,1.0035202503204346,0,0,0.0,-0.25,0.0,-0.004880758002400398,-0.017252197489142418,0.0012226467952132225
2574,26,31,1.0,0.9906725287437439,0,0,0.0,-0.25,0.0,-0.0027089756913483143,-0.2764049172401428,-0.0012133982963860035
2575,26,32,1.0,0.991384744644165,0,0,0.0,-0.25,0.0,-0.0028584329411387444,-0.275349497795105,0.0010079210624098778
2576,26,33,1.0,0.9908065795898438,0,0,0.0,-0.25,0.0,-0.0019590314477682114,-0.27835613489151,0.0013092933222651482
2577,26,34,1.0,0.997493326663971,0,0,0.0,-0.25,0.0,-0.0008439910016022623,-0.278901070356369,-0.00011465325951576233
2578,26,35,1.0,0.9890152215957642,0,0,0.0,-0.25,0.0,-0.0012438014382496476,-0.2820761799812317,0.0011640125885605812
2579,26,36,1.0,0.9924525022506714,0,0,0.0,-0.25,0.0,-0.0012285071425139904,-0.2813555598258972,-0.0009048376232385635
2580,26,37,1.0,0.996803879737854,0,0,0.0,-0.25,0.0,-0.0030272852163761854,-0.27581456303596497,-0.015509534627199173
2581,26,38,1.0,1.000821828842163,0,0,0.0,-0.25,0.0,-0.0022383490577340126,-0.265811562538147,-0.017605289816856384
2582,26,39,1.0,0.997661292552948,0,0,0.0,-0.25,0.0,-0.002174275927245617,-0.24345408380031586,-0.028698254376649857
2583,26,40,1.0,0.9977984428405762,0,0,0.0,-0.25,0.0,-0.0024839485995471478,-0.17617392539978027,-0.035879846662282944
2584,26,41,1.0,0.997133195400238,0,0,0.0,-0.25,0.0,-0.0010884527582675219,-0.06457163393497467,-0.03213246166706085
2585,26,42,1.0,1.0000187158584595,0,0,0.0,0.0,0.0,-0.0014207513304427266,-0.011391783133149147,-0.03645196184515953
2586,26,43,1.0,1.0038141012191772,0,0,0.0,0.0,0.0,-0.001034039305523038,-0.002276213141158223,-0.025146082043647766
2587,26,44,1.0,1.004197359085083,0,0,0.0,0.0,0.0,-0.0015293966280296445,-0.0004279433633200824,-0.018411114811897278
2588,26,45,1.0,1.0041505098342896,0,0,0.0,0.0,0.0,-0.0015099667944014072,-0.00015954283298924565,-0.019589295610785484
2589,26,46,1.0,1.0038803815841675,0,0,0.0,0.0,0.0,-0.0015814021462574601,0.00010769738582894206,-0.009275605902075768
2590,26,47,1.0,1.0038259029388428,0,0,0.0,0.0,0.0,-0.0015917228301987052,0.00013459438923746347,-0.009654289111495018
2591,26,48,1.0,1.0023671388626099,0,0,0.0,0.0,0.0,-0.0012235169997438788,0.00027164426865056157,-0.03490883857011795
2592,26,49,1.0,1.0023748874664307,0,0,0.0,0.0,0.0,-0.0012203853111714125,0.0002786407130770385,-0.03513430804014206
2593,26,50,1.0,1.0025074481964111,0,0,0.0,0.0,0.0,-0.0011460833484306931,0.00016066239913925529,-0.03975776955485344
2594,26,51,1.0,1.0025115013122559,0,0,0.0,0.0,-0.5,-0.001145259477198124,0.00016206828877329826,-0.03982419893145561
2595,26,52,1.0,0.9967002272605896,0,0,0.0,0.0,-0.5,-0.00019200623501092196,0.0010465818922966719,-0.5466696619987488
2596,26,53,1.0,0.9928803443908691,0,0,0.0,0.0,-0.5,0.00019356422126293182,0.0010809607338160276,-0.5494943857192993
2597,26,54,1.0,0.988263726234436,0,0,0.0,0.0,-0.5,0.00035748106893152,0.0005537107936106622,-0.5392144322395325
2598,26,55,1.0,0.9860529899597168,0,0,0.0,0.0,-0.5,7.161218672990799e-05,0.0004926274414174259,-0.529586911201477
2599,26,56,1.0,0.9866343140602112,0,0,0.0,0.0,-0.5,0.00019988662097603083,0.0009666373371146619,-0.5268475413322449
2600,26,57,1.0,0.9921723008155823,0,0,0.0,0.0,-0.5,-0.0007725723553448915,0.0005846004351042211,-0.5327203869819641
2601,26,58,1.0,0.9932143688201904,0,0,0.0,0.0,-0.5,-0.0017876792699098587,0.00027253973530605435,-0.5515999794006348
2602,26,59,1.0,0.9981589317321777,0,0,0.0,0.0,-0.5,-0.0018808491295203567,3.857247065752745e-05,-0.5560025572776794
2603,26,60,1.0,1.0047423839569092,0,0,0.0,0.0,-0.5,-0.0012920728186145425,0.0004921390791423619,-0.5760694146156311
2604,26,61,1.0,1.0053423643112183,0,0,0.0,0.0,-0.5,-0.0009859537240117788,0.00010946887778118253,-0.5750707983970642
2605,26,62,1.0,0.9947627782821655,0,0,0.0,0.0,-0.5,0.0003285959828644991,0.002253871178254485,-0.4856909215450287
2606,26,63,1.0,0.9945155382156372,0,0,0.0,0.0,0.0,0.00046495196875184774,0.0021652455907315016,-0.4700864255428314
2607,26,64,1.0,1.033638834953308,0,0,0.0,0.0,0.0,-0.0018421621061861515,-0.001605690224096179,-0.04645855724811554
2608,26,65,1.0,1.035546898841858,0,0,0.0,0.0,0.0,-0.0018002508440986276,-0.0016885916702449322,-0.04426790401339531
2609,26,66,1.0,1.3550124168395996,0,0,0.0,0.0,0.0,0.00017086172010749578,-9.618490003049374e-05,-0.012522906064987183
2610,26,67,1.0,1.357095718383789,0,0,0.0,0.0,0.0,0.00018700282089412212,-8.494255598634481e-05,-0.012436452321708202
2611,26,68,1.0,1.594258189201355,0,1,0.0,0.0,0.0,0.0007159780943766236,0.0011037236545234919,-0.006454422604292631
2612,26,69,2.0,1.5959227085113525,1,1,0.0,0.0,0.0,0.0007251555798575282,0.0011213957332074642,-0.006400049664080143
2613,26,70,2.0,2.0494091510772705,1,1,0.0,0.0,0.0,0.001914708293043077,-0.00010093109449371696,0.0019112247973680496
2614,26,71,2.0,2.057042360305786,1,1,0.0,0.0,0.0,0.0007795380661264062,-0.0007230566698126495,-0.0005516717210412025
2615,26,72,2.0,2.0591697692871094,1,1,0.0,0.0,0.0,0.0014925467548891902,-0.0014748148387297988,0.0050948187708854675
2616,26,73,2.0,2.0591111183166504,1,1,0.0,0.0,0.0,0.0016636011423543096,-0.0015221983194351196,0.00578056275844574
2617,26,74,2.0,2.0591952800750732,1,1,0.0,0.0,0.0,0.0010907346149906516,-0.0009956532157957554,0.005647054873406887
2618,26,75,2.0,2.0610928535461426,1,1,0.0,0.0,0.0,0.0007642981363460422,-0.0010804430348798633,0.007089653052389622
2619,26,76,2.0,2.056915760040283,1,1,0.0,0.0,0.0,0.0011498233070597053,-0.0013474293518811464,0.004540414549410343
2620,26,77,1.0,1.5883898735046387,0,1,0.0,0.0,0.0,0.00024228880647569895,-0.003087707795202732,-0.013829078525304794
2621,26,78,1.0,1.9272785186767578,0,1,0.0,0.0,0.0,0.0006564176874235272,-0.0012234242167323828,0.0010105110704898834
2622,26,79,1.0,1.585840106010437,0,1,0.0,0.0,0.0,-7.038575131446123e-05,-0.0012378357350826263,-0.013655670918524265
2623,26,80,1.0,1.0033597946166992,0,0,0.0,0.0,0.0,-0.0008673817501403391,-0.002945363987237215,0.06273362785577774
2624,26,81,1.0,1.0022369623184204,0,0,0.0,0.0,0.0,-0.00046115927398204803,-0.0027545224875211716,0.030256997793912888
2625,26,82,1.0,0.9968931674957275,0,0,0.0,0.0,0.0,-0.0011631296947598457,-0.0005676451837643981,0.19069509208202362
2626,26,83,1.0,0.9946314692497253,0,0,0.0,0.0,0.0,-0.000921014929190278,-0.0004399513709358871,0.22153185307979584
2627,26,84,1.0,0.9989033937454224,0,0,0.0,0.0,0.0,-0.0007259725243784487,-0.00015417428221553564,0.2650337815284729
2628,26,85,1.0,0.9982019662857056,0,0,0.0,0.0,0.5,-0.0006431652582250535,0.00014364597154781222,0.2868562936782837
2629,26,86,1.0,0.9986631274223328,0,0,0.0,0.0,0.5,0.0009396768873557448,0.00027174659771844745,0.5265290141105652
2630,26,87,1.0,0.9969460964202881,0,0,0.0,0.0,0.5,0.0007550971349701285,0.001225150190293789,0.5275526642799377
2631,26,88,1.0,0.9976727366447449,0,0,0.0,0.0,0.5,0.0003627134719863534,0.00079400121467188,0.5285924673080444
2632,26,89,1.0,0.9989049434661865,0,0,0.0,0.0,0.5,0.0007224438013508916,0.0007696989341638982,0.5285434722900391
2633,26,90,1.0,0.9981945753097534,0,0,0.0,0.0,0.5,0.00022821163292974234,0.0005626568454317749,0.528430700302124
2634,26,91,1.0,0.9973040819168091,0,0,0.0,0.0,0.5,6.659072823822498e-05,0.0006823429721407592,0.5288887619972229
2635,26,92,1.0,0.9984882473945618,0,0,0.0,0.0,0.5,0.00033313699532300234,0.0008095256634987891,0.5287525057792664
2636,26,93,1.0,0.9975029826164246,0,0,0.0,0.0,0.5,0.00030914193484932184,0.0008561229915358126,0.5294457077980042
2637,26,94,1.0,0.9975511431694031,0,0,0.0,0.0,0.5,0.0004974183393642306,0.0009339509415440261,0.5295717120170593
2638,27,0,1.0,0.9991979002952576,0,0,0.0,0.0,0.0,0.005359037779271603,-0.0027651458512991667,0.007718794979155064
2639,27,1,1.0,0.9997631907463074,0,0,0.0,0.0,0.0,0.006519246380776167,-0.003916329238563776,0.004855349659919739
2640,27,2,1.0,1.0022677183151245,0,0,0.0,0.0,0.0,0.004373606294393539,-0.004854465369135141,0.007424379698932171
2641,27,3,1.0,1.0017410516738892,0,0,0.0,0.0,0.0,0.0035354304127395153,-0.004568913485854864,0.008234185166656971
2642,27,4,1.0,0.9987440705299377,0,0,0.0,0.0,0.0,-0.0044605927541852,-0.0023910379968583584,0.017365850508213043
2643,27,5,1.0,0.9986301064491272,0,0,0.0,0.0,0.0,-0.004598245024681091,-0.0024464591406285763,0.017701737582683563
2644,27,6,1.0,1.0027278661727905,0,0,0.0,0.0,0.0,0.0010899942135438323,-0.0029636246617883444,0.00783312227576971
2645,27,7,1.0,1.0027400255203247,0,0,0.0,0.0,0.0,0.0011777988402172923,-0.002990436740219593,0.007925261743366718
2646,27,8,1.0,1.003872036933899,0,0,0.0,0.0,0.0,0.10936326533555984,-0.0018012246582657099,-0.005052170716226101
2647,27,9,1.0,1.0038678646087646,0,0,0.0,0.0,0.0,0.10947248339653015,-0.001802485203370452,-0.00503008347004652
2648,27,10,1.0,1.0047205686569214,0,0,0.0,0.0,0.0,0.23837438225746155,-0.0007257393444888294,-0.005749132484197617
2649,27,11,1.0,1.0047193765640259,0,0,0.25,0.0,0.0,0.2383868396282196,-0.000726958503946662,-0.0057420916855335236
2650,27,12,1.0,1.0038435459136963,0,0,0.25,0.0,0.0,0.27813684940338135,0.0021376549266278744,0.009053059853613377
2651,27,13,1.0,1.0025748014450073,0,0,0.25,0.0,0.0,0.28310510516166687,0.0026195349637418985,0.006404023617506027
2652,27,14,1.0,1.0038152933120728,0,0,0.25,0.0,0.0,0.2740383744239807,0.0005670019309036434,0.005518839694559574
2653,27,15,1.0,0.9988095760345459,0,0,0.25,0.0,0.0,0.24216744303703308,-0.0004055046883877367,0.008832820691168308
2654,27,16,1.0,0.991185188293457,0,0,0.0,0.0,0.0,0.1527470052242279,-0.0021306828130036592,0.0014311913400888443
2655,27,17,1.0,0.9863545894622803,0,0,0.0,0.0,0.0,0.08998096734285355,-0.006224944721907377,0.004508208483457565
2656,27,18,1.0,0.9899546504020691,0,0,0.0,0.0,0.0,0.0016460485057905316,-0.00657037366181612,-0.007644398137927055
2657,27,19,1.0,0.9869165420532227,0,0,0.0,0.0,0.0,-0.006678428500890732,-0.005215602461248636,-0.006431052461266518
2658,27,20,1.0,0.9909694194793701,0,0,0.0,0.0,0.0,-0.006720150820910931,-0.004069702699780464,-0.0017904629930853844
2659,27,21,1.0,0.9906855821609497,0,0,0.0,0.0,0.0,-0.0075806560926139355,-0.003920361399650574,-0.002246410120278597
2660,27,22,1.0,0.991960346698761,0,0,0.0,0.0,0.0,-0.007050955202430487,-0.003160421969369054,2.3297034204006195e-05
2661,27,23,1.0,0.9919376969337463,0,0,0.0,0.0,0.0,-0.007141415495425463,-0.003144986229017377,-9.682122617959976e-05
2662,27,24,1.0,0.9930723905563354,0,0,0.0,-0.25,0.0,-0.006990686524659395,-0.002891109324991703,-0.003173542208969593
2663,27,25,1.0,0.9953280091285706,0,0,0.0,-0.25,0.0,-0.002680182224139571,-0.25907212495803833,-0.0047873868606984615
2664,27,26,1.0,0.9964643716812134,0,0,0.0,-0.25,0.0,-0.0022555519826710224,-0.27166053652763367,-0.005331980995833874
2665,27,27,1.0,0.9948855638504028,0,0,0.0,-0.25,0.0,-0.0022498094476759434,-0.2746565043926239,-0.004461291246116161
2666,27,28,1.0,0.997364342212677,0,0,0.0,-0.25,0.0,-0.001974895829334855,-0.27649855613708496,0.0007453635334968567
2667,27,29,1.0,0.9922711849212646,0,0,0.0,-0.25,0.0,-0.001686131814494729,-0.2773838937282562,0.002805047668516636
2668,27,30,1.0,0.989550769329071,0,0,0.0,-0.25,0.0,-0.0002110064961016178,-0.2790634036064148,0.0010474547743797302
2669,27,31,1.0,0.9863567352294922,0,0,0.0,-0.25,0.0,-0.0019260416738688946,-0.28021907806396484,0.004819666035473347
2670,27,32,1.0,0.9882608652114868,0,0,0.0,-0.25,0.0,0.0006290319142863154,-0.27944543957710266,0.00040189921855926514
2671,27,33,1.0,0.9914956092834473,0,0,0.0,-0.25,0.0,0.000989321037195623,-0.27529171109199524,-0.003543984144926071
2672,27,34,1.0,0.9960988759994507,0,0,0.0,-0.25,0.0,0.0014304992510005832,-0.23365770280361176,-0.00791115965694189
2673,27,35,1.0,0.9998220205307007,0,0,0.0,0.0,0.0,-0.0014179912395775318,-0.1625080555677414,-0.010740211233496666
2674,27,36,1.0,1.001286506652832,0,0,0.0,0.0,0.0,-0.0010572618339210749,-0.005182836204767227,0.03876670449972153
2675,27,37,1.0,1.0019772052764893,0,0,0.0,0.0,0.0,-0.0009417962282896042,-0.0013952150475233793,0.03037399798631668
2676,27,38,1.0,1.0017088651657104,0,0,0.0,0.0,0.0,-0.0010105478577315807,-0.0007230950286611915,-0.028707191348075867
2677,27,39,1.0,1.001528024673462,0,0,0.0,0.0,0.0,-0.0010357724968343973,-0.0004903635708615184,-0.03002980351448059
2678,27,40,1.0,1.0024915933609009,0,0,0.0,0.0,0.0,-0.0017570030177012086,-0.0002799619978759438,-0.015249139629304409
2679,27,41,1.0,1.0024791955947876,0,0,0.0,0.0,0.0,-0.001762441243045032,-0.0002597479906398803,-0.015536999329924583
2680,27,42,1.0,1.003485918045044,0,0,0.0,-0.25,0.0,-0.0021510859951376915,1.862458884716034e-05,-0.0119273466989398
2681,27,43,1.0,1.003075361251831,0,0,0.0,0.0,0.0,-0.0020364990923553705,-0.002268207259476185,-0.011898854747414589
2682,27,44,1.0,1.0038566589355469,0,0,0.0,0.0,0.0,-0.0019351699156686664,-0.0004531120357569307,-0.0010679345577955246
2683,27,45,1.0,1.0041106939315796,0,0,0.0,0.0,0.0,-0.001774186035618186,-6.057217251509428e-05,0.001462884247303009
2684,27,46,1.0,1.001922369003296,0,0,0.0,0.0,0.0,-0.0014768594410270452,0.0003157412284053862,-0.025617118924856186
2685,27,47,1.0,1.0019652843475342,0,0,0.0,0.0,0.0,-0.0014740332262590528,0.000380282464902848,-0.026541177183389664
2686,27,48,1.0,1.0023784637451172,0,0,0.0,0.0,0.0,-0.0012507548090070486,0.0003452594974078238,-0.03771604970097542
2687,27,49,1.0,1.0023880004882812,0,0,0.0,0.0,0.0,-0.0012509352527558804,0.0003516623401083052,-0.03794700279831886
2688,27,50,1.0,1.0024163722991943,0,0,0.0,0.0,-0.5,-0.0009771472541615367,0.00019893667194992304,-0.04944491758942604
2689,27,51,1.0,0.9959249496459961,0,0,0.0,0.0,-0.5,0.0001868462422862649,0.0018476168625056744,-0.545612096786499
2690,27,52,1.0,0.9928936958312988,0,0,0.0,0.0,-0.5,0.0004446780076250434,0.001173288095742464,-0.5444690585136414
2691,27,53,1.0,0.985537588596344,0,0,0.0,0.0,-0.5,0.0002035503275692463,0.0005973554798401892,-0.5436694622039795
2692,27,54,1.0,0.9843069911003113,0,0,0.0,0.0,-0.5,0.00025434489361941814,0.0001377043081447482,-0.537489116191864
2693,27,55,1.0,0.9862101674079895,0,0,0.0,0.0,-0.5,0.0004263474838808179,0.0008015947532840073,-0.5388463139533997
2694,27,56,1.0,0.9897400140762329,0,0,0.0,0.0,-0.5,-0.0008498120005242527,-4.7252862714231014e-05,-0.5398976802825928
2695,27,57,1.0,0.9915072321891785,0,0,0.0,0.0,-0.5,-0.0016406658105552197,-0.00019865314243361354,-0.5412030816078186
2696,27,58,1.0,0.9981706142425537,0,0,0.0,0.0,-0.5,-0.0012060734443366528,0.0006560971378348768,-0.5612390041351318
2697,27,59,1.0,0.99992835521698,0,0,0.0,0.0,-0.5,-0.0012278096983209252,0.0008061195840127766,-0.5652119517326355
2698,27,60,1.0,1.00433349609375,0,0,0.0,0.0,-0.5,-0.0008664302295073867,0.0009781550616025925,-0.5683059096336365
2699,27,61,1.0,1.0039795637130737,0,0,0.0,0.0,-0.5,-0.0006754827336408198,0.0011271028779447079,-0.5644742846488953
2700,27,62,1.0,0.9947969913482666,0,0,0.0,0.0,0.0,0.0008144775638356805,0.00162999308668077,-0.4404785931110382
2701,27,63,1.0,0.9942183494567871,0,0,0.0,0.0,0.0,0.0008516322122886777,0.0015402513090521097,-0.4260125756263733
2702,27,64,1.0,1.0116411447525024,0,0,0.0,0.0,0.0,-0.0007995195919647813,-0.0008954692166298628,-0.09345078468322754
2703,27,65,1.0,1.013360619544983,0,0,0.0,0.0,0.0,-0.0007937644841149449,-0.0010288667399436235,-0.08998101204633713
2704,27,66,1.0,1.1802420616149902,0,0,0.0,0.0,0.0,0.00017077568918466568,-0.0017054546624422073,-0.02733663097023964
2705,27,67,1.0,1.1824617385864258,0,0,0.0,0.0,0.0,0.00015327834989875555,-0.0016839101444929838,-0.027090083807706833
2706,27,68,2.0,1.1531096696853638,1,0,0.0,0.0,0.0,0.00010504177771508694,-0.0023763382341712713,-0.031032070517539978
2707,27,69,2.0,2.0499539375305176,1,1,0.0,0.0,0.0,0.001480940612964332,-0.0002985589671880007,-0.00022564269602298737
2708,27,70,2.0,2.057788610458374,1,1,0.0,0.0,0.0,0.00024090055376291275,-0.0007735513499937952,-0.0024893502704799175
2709,27,71,2.0,2.053697347640991,1,1,0.0,0.0,0.0,0.0008735420415177941,-0.0021498631685972214,0.0013437317684292793
2710,27,72,2.0,2.059645175933838,1,1,0.0,0.0,0.0,0.0009017166448757052,-0.0019046994857490063,0.0018346821889281273
2711,27,73,2.0,2.060511589050293,1,1,0.0,0.0,0.0,0.0007201539119705558,-0.0015098185976967216,0.00498606264591217
2712,27,74,2.0,2.0634660720825195,1,1,0.0,0.0,0.0,0.0001768249785527587,-0.001703405287116766,0.006040776148438454
2713,27,75,2.0,2.063431739807129,1,1,0.0,0.0,0.0,-0.00040725397411733866,-0.0009225567919202149,0.006750178523361683
2714,27,76,1.0,1.5445261001586914,0,1,0.0,0.0,0.0,-0.0014224608894437551,-0.0017928669694811106,-0.013381285592913628
2715,27,77,1.0,1.6515145301818848,0,1,0.0,0.0,0.0,-0.0014615675900131464,-0.0025154005270451307,-0.008584968745708466
2716,27,78,1.0,1.0370758771896362,0,0,0.0,0.0,0.0,-0.0009806319139897823,-0.003939900081604719,-0.015723170712590218
2717,27,79,1.0,1.0703312158584595,0,0,0.0,0.0,0.0,-0.002017740625888109,-0.004890511743724346,-0.035426460206508636
2718,27,80,1.0,1.0050959587097168,0,0,0.0,0.0,0.0,-0.00014604686293751001,-0.002661745995283127,0.112366683781147
2719,27,81,1.0,1.003775954246521,0,0,0.0,0.0,0.0,-0.00016910780686885118,-0.0024912897497415543,0.13928672671318054
2720,27,82,1.0,1.009386658668518,0,0,0.0,0.0,0.0,-0.0010938833002001047,-0.003970627207309008,0.08781600743532181
2721,27,83,1.0,1.0088759660720825,0,0,0.0,0.0,0.0,-0.0010904809460043907,-0.0038756944704800844,0.09378862380981445
2722,27,84,1.0,0.9965380430221558,0,0,0.0,0.0,0.5,-0.002123618498444557,-0.0009966559009626508,0.16284197568893433
2723,27,85,1.0,0.9999059438705444,0,0,0.0,0.0,0.5,0.0011269525857642293,0.0005419061635620892,0.5276776552200317
2724,27,86,1.0,0.9981827139854431,0,0,0.0,0.0,0.5,0.001092302962206304,0.0010401636827737093,0.5283165574073792
2725,27,87,1.0,0.997621476650238,0,0,0.0,0.0,0.5,0.0005799500504508615,0.0006424311432056129,0.5252798795700073
2726,27,88,1.0,0.997177004814148,0,0,0.0,0.0,0.5,0.00048507179599255323,0.0005890328320674598,0.5282732248306274
2727,27,89,1.0,0.9958977103233337,0,0,0.0,0.0,0.5,0.0003493408439680934,0.0010380232706665993,0.5281595587730408
2728,27,90,1.0,0.9980960488319397,0,0,0.0,0.0,0.5,0.0008770677959546447,0.0005978493136353791,0.5274969339370728
2729,27,91,1.0,0.9981839060783386,0,0,0.0,0.0,0.5,0.0008551630889996886,0.0007496564066968858,0.5279308557510376
2730,27,92,1.0,0.998248279094696,0,0,0.0,0.0,0.5,0.0008593472884967923,0.0005807465058751404,0.5289487838745117
2731,27,93,1.0,0.9979848861694336,0,0,0.0,0.0,0.5,0.000936113647185266,0.0006269690929912031,0.5288369655609131
2732,28,0,1.0,0.9968156814575195,0,0,0.0,0.0,0.0,-0.0025502624921500683,0.001481741201132536,-0.0004254058003425598
2733,28,1,1.0,0.9969172477722168,0,0,0.0,0.0,0.0,-0.0012541862670332193,0.0011825098190456629,-0.002518710680305958
2734,28,2,1.0,0.9994819164276123,0,0,0.0,0.0,0.0,-0.0011036675423383713,0.00038128538290038705,-0.0001331949606537819
2735,28,3,1.0,0.9992214441299438,0,0,0.0,0.0,0.0,-0.0014210446970537305,0.0004222379648126662,0.0005282917991280556
2736,28,4,1.0,1.0011227130889893,0,0,0.0,0.0,0.0,0.001926244585774839,-0.0018737639766186476,0.0054535456001758575
2737,28,5,1.0,1.0010854005813599,0,0,0.0,0.0,0.0,0.0018611360574141145,-0.0018722121603786945,0.0056434497237205505
2738,28,6,1.0,1.002498984336853,0,0,0.0,0.0,0.0,0.0013673965586349368,-0.0005056279478594661,0.012600361369550228
2739,28,7,1.0,1.0024937391281128,0,0,0.0,0.0,0.0,0.0013819612795487046,-0.0005086777964606881,0.012687820009887218
2740,28,8,1.0,1.0027642250061035,0,0,0.0,0.0,0.0,-0.028017191216349602,0.001192631432786584,-0.00011915713548660278
2741,28,9,1.0,1.0027644634246826,0,0,0.0,0.0,0.0,-0.02799615077674389,0.0011898912489414215,-9.643472731113434e-05
2742,28,10,1.0,0.9944823384284973,0,0,0.0,0.0,0.0,-0.088953897356987,0.0018077094573527575,-0.009499243460595608
2743,28,11,1.0,0.9944826364517212,0,0,0.0,0.0,0.0,-0.08894695341587067,0.0018073641695082188,-0.009494299069046974
2744,28,12,1.0,0.9827043414115906,0,0,-0.25,0.0,0.0,-0.26256078481674194,-0.0017013815231621265,0.00013107899576425552
2745,28,13,1.0,0.9783220291137695,0,0,-0.25,0.0,0.0,-0.27313172817230225,-0.00010817439761012793,0.0054266005754470825
2746,28,14,1.0,0.9810078740119934,0,0,-0.25,0.0,0.0,-0.27932441234588623,-0.0001972945756278932,0.0007265759631991386
2747,28,15,1.0,0.9868853092193604,0,0,-0.25,0.0,0.0,-0.2840389907360077,0.0003133860300295055,0.002418236806988716
2748,28,16,1.0,0.9859288930892944,0,0,-0.25,0.0,0.0,-0.2894357740879059,8.863094262778759e-05,0.003955146297812462
2749,28,17,1.0,0.990208089351654,0,0,-0.25,0.0,0.0,-0.2813434898853302,-0.000747986079659313,0.008515751920640469
2750,28,18,1.0,0.982891321182251,0,0,-0.25,0.0,0.0,-0.23001278936862946,-0.0013459088513627648,0.009984617121517658
2751,28,19,1.0,0.9813181757926941,0,0,-0.25,0.0,0.0,-0.1615530550479889,-0.003212112933397293,0.001397392712533474
2752,28,20,1.0,0.9789353609085083,0,0,0.0,0.0,0.0,-0.08551720529794693,-0.003552080597728491,-0.00832365732640028
2753,28,21,1.0,0.9828227758407593,0,0,0.0,0.0,0.0,-0.03801216185092926,-0.006004466209560633,-0.0017297789454460144
2754,28,22,1.0,0.9893984794616699,0,0,0.0,0.0,0.0,-0.011703714728355408,-0.004149028565734625,0.000553300604224205
2755,28,23,1.0,0.9888358116149902,0,0,0.0,0.0,0.0,-0.006956416182219982,-0.004705433733761311,0.00018631108105182648
2756,28,24,1.0,0.993803083896637,0,0,0.0,0.0,0.0,-0.0038378764875233173,-0.0032174065709114075,-0.0013422975316643715
2757,28,25,1.0,0.9938474893569946,0,0,0.0,0.0,0.0,-0.003416704013943672,-0.003240837948396802,-0.0008435593917965889
2758,28,26,1.0,0.9941582679748535,0,0,0.0,0.0,0.0,-0.002674709539860487,-0.003167864866554737,-0.0013258536346256733
2759,28,27,1.0,0.994171679019928,0,0,0.0,-0.25,0.0,-0.0026192069053649902,-0.0031698017846792936,-0.0012278547510504723
2760,28,28,1.0,0.9958487749099731,0,0,0.0,-0.25,0.0,-0.0017700409516692162,-0.2552442252635956,-0.0008248211815953255
2761,28,29,1.0,0.9911523461341858,0,0,0.0,-0.25,0.0,-0.001803989289328456,-0.2683776021003723,-0.0020839120261371136
2762,28,30,1.0,0.9916600584983826,0,0,0.0,-0.25,0.0,-0.0012528188526630402,-0.27254852652549744,-0.0015201796777546406
2763,28,31,1.0,0.9897335767745972,0,0,0.0,-0.25,0.0,-0.0004203791031613946,-0.27418050169944763,-0.0001509692519903183
2764,28,32,1.0,0.9927136898040771,0,0,0.0,-0.25,0.0,-0.0016639498062431812,-0.2801686227321625,-0.002138407900929451
2765,28,33,1.0,0.9879336953163147,0,0,0.0,-0.25,0.0,-0.0015277838101610541,-0.2803003787994385,-0.0008572796359658241
2766,28,34,1.0,0.9859097599983215,0,0,0.0,-0.25,0.0,-0.0016641386318951845,-0.28115808963775635,-0.0037221070379018784
2767,28,35,1.0,0.9859285354614258,0,0,0.0,-0.25,0.0,8.722441270947456e-05,-0.27892765402793884,-0.0037959879264235497
2768,28,36,1.0,0.9870219826698303,0,0,0.0,-0.25,0.0,-0.0007541144150309265,-0.27908065915107727,-0.002227078191936016
2769,28,37,1.0,0.9903296828269958,0,0,0.0,0.0,0.0,-0.001607874408364296,-0.26435089111328125,-0.004443520214408636
2770,28,38,1.0,0.9963992834091187,0,0,0.0,0.0,0.0,0.0005727618699893355,-0.027372920885682106,0.017501000314950943
2771,28,39,1.0,0.9972030520439148,0,0,0.0,0.0,0.0,-0.00026078452356159687,-0.007209095638245344,0.022899366915225983
2772,28,40,1.0,1.0003657341003418,0,0,0.0,0.0,0.0,-0.000628470559604466,-0.0006863079033792019,0.010486903600394726
2773,28,41,1.0,1.0001128911972046,0,0,0.0,0.0,0.0,-0.0006507998914457858,0.000499025743920356,0.008812778629362583
2774,28,42,1.0,1.0025235414505005,0,0,0.0,0.0,0.0,-0.0007868111133575439,0.0009293340262956917,-0.011784296482801437
2775,28,43,1.0,1.0024429559707642,0,0,0.0,0.0,0.0,-0.0007788636139594018,0.0010525202378630638,-0.012288948521018028
2776,28,44,1.0,1.003364086151123,0,0,0.0,-0.25,0.0,-0.0007994235493242741,0.0014219919685274363,-0.009818265214562416
2777,28,45,1.0,1.002694010734558,0,0,0.0,0.0,0.0,-0.001148952986113727,-0.0038851581048220396,-0.027022525668144226
2778,28,46,1.0,1.0035524368286133,0,0,0.0,0.0,0.0,-0.001323432894423604,-0.0013332887319847941,-0.018241696059703827
2779,28,47,1.0,1.0032594203948975,0,0,0.0,0.0,0.0,-0.0014841945376247168,-0.0006248957943171263,-0.020177945494651794
2780,28,48,1.0,1.0033174753189087,0,0,0.0,0.0,0.0,-0.002272755838930607,9.073788532987237e-05,-0.010208813473582268
2781,28,49,1.0,1.003281831741333,0,0,0.0,0.0,0.0,-0.0022586449049413204,0.0001498152851127088,-0.010452421382069588
2782,28,50,1.0,1.002874493598938,0,0,0.0,0.0,0.0,-0.00200653332285583,0.0005464680143631995,-0.009771960787475109
2783,28,51,1.0,1.002873182296753,0,0,0.0,0.0,0.0,-0.001999484607949853,0.000561471504624933,-0.0099805798381567
2784,28,52,1.0,1.0018585920333862,0,0,0.0,0.0,0.0,-0.001301066717132926,0.0006341336411423981,-0.03263561800122261
2785,28,53,1.0,1.0018599033355713,0,0,0.0,0.0,-0.5,-0.001300737145356834,0.0006366372690536082,-0.03270470350980759
2786,28,54,1.0,0.9973522424697876,0,0,0.0,0.0,-0.5,0.0007339931325986981,0.001779482001438737,-0.5454244017601013
2787,28,55,1.0,0.9954132437705994,0,0,0.0,0.0,-0.5,0.00018531526438891888,0.0013880718033760786,-0.542724609375
2788,28,56,1.0,0.9922745823860168,0,0,0.0,0.0,-0.5,-9.4239367172122e-06,0.0017549805343151093,-0.5430200099945068
2789,28,57,1.0,0.9876561164855957,0,0,0.0,0.0,-0.5,0.00016035092994570732,0.0014016148634254932,-0.545276403427124
2790,28,58,1.0,0.9839638471603394,0,0,0.0,0.0,-0.5,1.589837484061718e-05,0.0011126152239739895,-0.5397038459777832
2791,28,59,1.0,0.989214301109314,0,0,0.0,0.0,-0.5,-0.00026521971449255943,0.0008095377706922591,-0.5463367104530334
2792,28,60,1.0,0.9921823740005493,0,0,0.0,0.0,-0.5,-0.0010472115827724338,-0.0006576633895747364,-0.5516356825828552
2793,28,61,1.0,0.9928155541419983,0,0,0.0,0.0,-0.5,-0.0012478978605940938,-0.00013164483243599534,-0.5546694397926331
2794,28,62,1.0,0.9966228008270264,0,0,0.0,0.0,-0.5,-0.001580512966029346,0.0007175517384894192,-0.5646124482154846
2795,28,63,1.0,0.9990811347961426,0,0,0.0,0.0,-0.5,-0.0016475783195346594,0.000926014210563153,-0.5666911005973816
2796,28,64,1.0,0.9979810118675232,0,0,0.0,0.0,-0.5,-0.0009477824787609279,0.0010883130598813295,-0.5514412522315979
2797,28,65,1.0,0.9978950023651123,0,0,0.0,0.0,0.0,-0.0008776112226769328,0.0010843775235116482,-0.5467289090156555
2798,28,66,1.0,0.9973602294921875,0,0,0.0,0.0,0.0,-0.00047532038297504187,-0.0005278546013869345,-0.1468135565519333
2799,28,67,1.0,1.0004256963729858,0,0,0.0,0.0,0.0,-0.0004679877310991287,-0.0005637005087919533,-0.13060365617275238
2800,28,68,1.0,1.1550334692001343,0,0,0.0,0.0,0.0,0.0005516851088032126,-0.0014996937243267894,-0.04936227574944496
2801,28,69,1.0,1.159744143486023,0,0,0.0,0.0,0.0,0.0005738692125305533,-0.0015128115192055702,-0.04660557955503464
2802,28,70,1.0,1.5030789375305176,0,1,0.0,0.0,0.0,0.0004268641350790858,-0.0005123608279973269,-0.013141212984919548
2803,28,71,1.0,1.5102523565292358,0,1,0.0,0.0,0.0,0.00045701314229518175,-0.000473146908916533,-0.012535324320197105
2804,28,72,2.0,1.6912338733673096,1,1,0.0,0.0,0.0,0.0005589540814980865,0.0008795902249403298,-0.0027438290417194366
2805,28,73,2.0,2.0498814582824707,1,1,0.0,0.0,0.0,0.0018667123513296247,-0.0007198648527264595,0.0011080969125032425
2806,28,74,2.0,2.049919843673706,1,1,0.0,0.0,0.0,0.001443056738935411,-0.0010606716386973858,0.0013658925890922546
2807,28,75,2.0,2.057400941848755,1,1,0.0,0.0,0.0,0.0009274421026930213,-0.0026668019127100706,0.0015144981443881989
2808,28,76,2.0,2.0622572898864746,1,1,0.0,0.0,0.0,0.0009129001991823316,-0.0013138423673808575,0.00592226255685091
2809,28,77,2.0,2.0653319358825684,1,1,0.0,0.0,0.0,0.0007883444195613265,-0.001180291292257607,0.005645974539220333
2810,28,78,2.0,2.069223165512085,1,1,0.0,0.0,0.0,0.0004080109065398574,-0.0010721276048570871,0.0050519537180662155
2811,28,79,2.0,2.0695223808288574,1,1,0.0,0.0,0.0,0.00036047433968633413,-0.0009373280336149037,0.005547321401536465
2812,28,80,2.0,1.6865663528442383,1,1,0.0,0.0,0.0,-0.0003369823098182678,-0.001979720313102007,-0.01424090750515461
2813,28,81,1.0,1.4703186750411987,0,0,0.0,0.0,0.0,0.0002143586752936244,-0.002743341261520982,-0.021210480481386185
2814,28,82,1.0,1.1240469217300415,0,0,0.0,0.0,0.0,-0.0016501531936228275,-0.0029428298585116863,-0.033333342522382736
2815,28,83,1.0,1.0536803007125854,0,0,0.0,0.0,0.0,-0.0012804379221051931,-0.0035249616485089064,-0.032783497124910355
2816,28,84,1.0,1.0445504188537598,0,0,0.0,0.0,0.0,-0.0007816728320904076,-0.003078291192650795,-0.02438458986580372
2817,28,85,1.0,1.0420054197311401,0,0,0.0,0.0,0.0,-0.0007994163315743208,-0.0031124702654778957,-0.021287057548761368
2818,28,86,1.0,1.0033841133117676,0,0,0.0,0.0,0.0,-8.22731526568532e-05,-0.0028553931042551994,0.11104387789964676
2819,28,87,1.0,1.002760887145996,0,0,0.0,0.0,0.5,-0.00010607694275677204,-0.002816376741975546,0.12094078958034515
2820,28,88,1.0,0.9982330203056335,0,0,0.0,0.0,0.5,0.0008721527410671115,0.0008878339431248605,0.5290394425392151
2821,28,89,1.0,0.9974792003631592,0,0,0.0,0.0,0.5,0.00038544635754078627,0.0010207036975771189,0.528101921081543
2822,28,90,1.0,0.998970627784729,0,0,0.0,0.0,0.5,0.0008954949444159865,0.0008099292754195631,0.5304655432701111
2823,28,91,1.0,0.996699333190918,0,0,0.0,0.0,0.5,0.0007363654440268874,0.0006205828976817429,0.5289901494979858
2824,28,92,1.0,0.9966554045677185,0,0,0.0,0.0,0.5,0.0006842169677838683,0.0005991745856590569,0.52735835313797
2825,28,93,1.0,0.9958934783935547,0,0,0.0,0.0,0.5,0.0008338355692103505,0.0002207030775025487,0.5256399512290955
2826,28,94,1.0,0.9992557764053345,0,0,0.0,0.0,0.5,0.0009499933803454041,0.0001282673329114914,0.5274454355239868
2827,28,95,1.0,0.9987936019897461,0,0,0.0,0.0,0.5,0.0011986197205260396,0.000391774985473603,0.5273949503898621
2828,28,96,1.0,0.9961589574813843,0,0,0.0,0.0,0.5,0.001523439190350473,0.0006463911267928779,0.5264923572540283
2829,29,0,1.0,0.9970610737800598,0,0,0.0,0.0,0.0,-0.0023004652466624975,0.0024306050036102533,-0.002238520421087742
2830,29,1,1.0,0.9973827004432678,0,0,0.0,0.0,0.0,0.00031972734723240137,0.0027026119641959667,-0.004601278807967901
2831,29,2,1.0,0.9962764978408813,0,0,0.0,0.0,0.0,8.306349627673626e-05,0.003323193406686187,-0.004872797057032585
2832,29,3,1.0,0.9951649308204651,0,0,0.0,0.0,0.0,-0.00014963094145059586,0.003164845984429121,-0.004836461506783962
2833,29,4,1.0,0.9966805577278137,0,0,0.0,0.0,0.0,0.0027450057677924633,0.0007215140503831208,0.001710004173219204
2834,29,5,1.0,0.996624767780304,0,0,0.0,0.0,0.0,0.0027098245918750763,0.0007307542837224901,0.0018525095656514168
2835,29,6,1.0,1.0034090280532837,0,0,0.0,0.0,0.0,-0.021987684071063995,-0.0007763453177176416,-0.00015397369861602783
2836,29,7,1.0,1.0034210681915283,0,0,0.0,0.0,0.0,-0.02190806157886982,-0.0007834529969841242,-7.496774196624756e-05
2837,29,8,1.0,0.987330436706543,0,0,0.0,0.0,0.0,-0.1590234488248825,-0.0014452352188527584,-0.004353225696831942
2838,29,9,1.0,0.9873335361480713,0,0,-0.25,0.0,0.0,-0.15901176631450653,-0.0014464326668530703,-0.004330678377300501
2839,29,10,1.0,0.9789128303527832,0,0,-0.25,0.0,0.0,-0.2745263874530792,-0.0008571756770834327,0.0005705496296286583
2840,29,11,1.0,0.98570716381073,0,0,-0.25,0.0,0.0,-0.28217366337776184,-0.001703742891550064,-0.0006640395149588585
2841,29,12,1.0,0.9839600324630737,0,0,-0.25,0.0,0.0,-0.28654974699020386,-9.508983930572867e-05,0.000819910317659378
2842,29,13,1.0,0.9872501492500305,0,0,-0.25,0.0,0.0,-0.2883514165878296,-0.00048323534429073334,0.0032163746654987335
2843,29,14,1.0,0.9873108863830566,0,0,-0.25,0.0,0.0,-0.28436779975891113,-0.0008440092788077891,0.004594496451318264
2844,29,15,1.0,0.9791881442070007,0,0,-0.25,0.0,0.0,-0.27607011795043945,0.0004849433316849172,0.008151925168931484
2845,29,16,1.0,0.9755574464797974,0,0,-0.25,0.0,0.0,-0.12479064613580704,-0.0017859549261629581,-0.019103804603219032
2846,29,17,1.0,0.970554769039154,0,0,0.0,0.0,0.0,-0.0906587466597557,-0.002384911524131894,-0.012877201661467552
2847,29,18,1.0,0.9831081032752991,0,0,0.0,0.0,0.0,-0.035874754190444946,-0.0027047533076256514,-0.004399649333208799
2848,29,19,1.0,0.9868998527526855,0,0,0.0,0.0,0.0,-0.01964784786105156,-0.0032281270250678062,-7.0016831159591675e-06
2849,29,20,1.0,0.9950840473175049,0,0,0.0,0.0,0.0,-0.005746823735535145,-0.0013288790360093117,-0.001808706670999527
2850,29,21,1.0,0.9954901933670044,0,0,0.0,0.0,0.0,-0.00394542096182704,-0.0014605098403990269,-0.00042883213609457016
2851,29,22,1.0,1.0031768083572388,0,0,0.0,0.0,0.0,-0.002459585899487138,0.005864618346095085,-0.0009507304057478905
2852,29,23,1.0,1.003174901008606,0,0,0.0,0.25,0.0,-0.002283200155943632,0.005945456214249134,-0.0007846131920814514
2853,29,24,1.0,0.9864565134048462,0,0,0.0,0.25,0.0,-0.0013662833953276277,0.2446317821741104,0.009594210423529148
2854,29,25,1.0,0.9873347282409668,0,0,0.0,0.25,0.0,-0.0004736966220661998,0.25178584456443787,0.006950904615223408
2855,29,26,1.0,0.9911208748817444,0,0,0.0,0.25,0.0,-1.751445233821869e-05,0.26884546875953674,0.005051791667938232
2856,29,27,1.0,0.990415096282959,0,0,0.0,0.25,0.0,-0.0005919826216995716,0.26776963472366333,0.005147509276866913
2857,29,28,1.0,0.990838885307312,0,0,0.0,0.25,0.0,0.0002838457003235817,0.27351829409599304,0.008735050447285175
2858,29,29,1.0,0.9900928139686584,0,0,0.0,0.25,0.0,-7.899070624262094e-05,0.27848145365715027,0.013880393467843533
2859,29,30,1.0,0.993095338344574,0,0,0.0,0.25,0.0,0.0014079575194045901,0.2824464440345764,0.011836656369268894
2860,29,31,1.0,0.9960882663726807,0,0,0.0,0.25,0.0,0.0006019935244694352,0.28100109100341797,0.001446959562599659
2861,29,32,1.0,0.9873727560043335,0,0,0.0,0.25,0.0,0.0011926890583708882,0.254812091588974,0.005879485048353672
2862,29,33,1.0,0.9962199330329895,0,0,0.0,0.0,0.0,-0.001087479991838336,0.15121464431285858,-0.002815098501741886
2863,29,34,1.0,1.0038485527038574,0,0,0.0,0.0,0.0,-0.0007346313796006143,0.006596622988581657,0.011999628506600857
2864,29,35,1.0,1.0057612657546997,0,0,0.0,0.0,0.0,-0.0012731712777167559,0.0018941520247608423,0.007161225192248821
2865,29,36,1.0,1.007602572441101,0,0,0.0,0.0,0.0,-0.001507791574113071,0.001204569824039936,-0.0026139141991734505
2866,29,37,1.0,1.0077760219573975,0,0,0.0,0.0,0.0,-0.001620726310648024,0.0006517749861814082,-0.0035629230551421642
2867,29,38,1.0,1.0064451694488525,0,0,0.0,0.0,0.0,-0.0017799647757783532,6.616156315430999e-05,-0.019036628305912018
2868,29,39,1.0,1.0064380168914795,0,0,0.0,0.0,0.0,-0.0017987285973504186,1.4643417671322823e-05,-0.019144641235470772
2869,29,40,1.0,1.0063245296478271,0,0,0.0,0.0,0.0,-0.001643056166358292,2.3970729671418667e-05,-0.02198885567486286
2870,29,41,1.0,1.006323218345642,0,0,0.0,0.25,0.0,-0.001647094264626503,1.5863857697695494e-05,-0.022020988166332245
2871,29,42,1.0,1.0046279430389404,0,0,0.0,0.0,0.0,-0.0009655205067247152,0.002714417176321149,-0.02243965119123459
2872,29,43,1.0,1.0030628442764282,0,0,0.0,0.0,0.0,-0.0010250941850245,0.0009151159902103245,-0.018435362726449966
2873,29,44,1.0,1.0029982328414917,0,0,0.0,0.0,0.0,-0.001720801810733974,0.0006797772948630154,-0.018762655556201935
2874,29,45,1.0,1.0022492408752441,0,0,0.0,0.0,0.0,-0.0017278201412409544,0.0005569927743636072,-0.025222517549991608
2875,29,46,1.0,1.0022324323654175,0,0,0.0,0.0,0.0,-0.0009789819596335292,0.00038156943628564477,-0.06715238094329834
2876,29,47,1.0,1.0022176504135132,0,0,0.0,0.0,0.0,-0.0009955940768122673,0.000350329268258065,-0.06709983199834824
2877,29,48,1.0,1.00355863571167,0,0,0.0,0.0,0.0,-0.0007789640221744776,0.0001912539592012763,-0.12507320940494537
2878,29,49,1.0,1.003555417060852,0,0,0.0,0.0,0.0,-0.0007807092624716461,0.0001856934977695346,-0.12506414949893951
2879,29,50,1.0,1.0042365789413452,0,0,0.0,0.0,-0.5,-0.0005728141404688358,-8.26219329610467e-05,-0.14704866707324982
2880,29,51,1.0,0.995529055595398,0,0,0.0,0.0,-0.5,-0.00038526265416294336,0.0017393720336258411,-0.545514702796936
2881,29,52,1.0,0.9932119250297546,0,0,0.0,0.0,-0.5,0.0005030295578762889,0.0010968046262860298,-0.5455791354179382
2882,29,53,1.0,0.9887822270393372,0,0,0.0,0.0,-0.5,0.00043866236228495836,0.0010212212800979614,-0.5465050339698792
2883,29,54,1.0,0.9860007762908936,0,0,0.0,0.0,-0.5,0.0011197371641173959,0.0009990083053708076,-0.5421129465103149
2884,29,55,1.0,0.9917937517166138,0,0,0.0,0.0,-0.5,0.00024796032812446356,0.00171713437885046,-0.5339259505271912
2885,29,56,1.0,0.9927250742912292,0,0,0.0,0.0,-0.5,-0.0005837396020069718,0.0005529028712771833,-0.5421403646469116
2886,29,57,1.0,0.9922635555267334,0,0,0.0,0.0,-0.5,-0.0014745595399290323,0.0006002336158417165,-0.5442163348197937
2887,29,58,1.0,0.9972200989723206,0,0,0.0,0.0,-0.5,-0.0016180723905563354,0.002016616053879261,-0.5688135623931885
2888,29,59,1.0,0.9977408051490784,0,0,0.0,0.0,-0.5,-0.001017667818814516,0.0013374718837440014,-0.5691612362861633
2889,29,60,1.0,0.9836248159408569,0,0,0.0,0.0,-0.5,0.002708700019866228,1.0231509804725647e-05,-0.40437790751457214
2890,29,61,1.0,0.9883081912994385,0,0,0.0,0.0,-0.5,0.0021356893703341484,0.00018997339066118002,-0.2807634770870209
2891,29,62,1.0,1.1031980514526367,0,0,0.0,0.0,0.0,0.0006365570006892085,-0.001028780359774828,-0.08293134719133377
2892,29,63,1.0,1.109291911125183,0,0,0.0,0.0,0.0,0.0003370699705556035,-0.0012147750239819288,-0.07371503114700317
2893,29,64,1.0,1.4574966430664062,0,0,0.0,0.0,0.0,0.0007251532515510917,-0.00013767345808446407,-0.020389139652252197
2894,29,65,1.0,1.461283564567566,0,0,0.0,0.0,0.0,0.000718889175914228,-0.00013933266745880246,-0.019280243664979935
2895,29,66,1.0,1.6532719135284424,0,1,0.0,0.0,0.0,0.0006420525023713708,0.0006113086710684001,-0.010054596699774265
2896,29,67,2.0,1.6546218395233154,1,1,0.0,0.0,0.0,0.0006378003163263202,0.0006087411311455071,-0.009691963903605938
2897,29,68,2.0,2.052086353302002,1,1,0.0,0.0,0.0,0.0018019062699750066,-0.0006401001010090113,-0.0027989191003143787
2898,29,69,2.0,2.0534725189208984,1,1,0.0,0.0,0.0,0.0012374877696856856,-0.0012630673591047525,0.0006346292793750763
2899,29,70,2.0,2.062546968460083,1,1,0.0,0.0,0.0,0.001040722127072513,-0.0017995371017605066,0.0026666102930903435
2900,29,71,2.0,2.062228202819824,1,1,0.0,0.0,0.0,0.0011625332990661263,-0.0016922077629715204,0.002908959984779358
2901,29,72,2.0,2.07070255279541,1,1,0.0,0.0,0.0,0.0012253365712240338,-0.0017141089774668217,0.0054107606410980225
2902,29,73,2.0,2.0701231956481934,1,1,0.0,0.0,0.0,0.0012527467915788293,-0.0016600476810708642,0.0058384304866194725
2903,29,74,1.0,2.0788400173187256,0,1,0.0,0.0,0.0,-0.000331445480696857,-0.000804492156021297,0.004221051000058651
2904,29,75,1.0,2.0780692100524902,0,1,0.0,0.0,0.0,-0.0005869201850146055,-0.0007215688237920403,0.002759241499006748
2905,29,76,1.0,2.029759168624878,0,1,0.0,0.0,0.0,-0.00039546098560094833,-0.0003612740256357938,0.002197006717324257
2906,29,77,1.0,1.4621498584747314,0,0,0.0,0.0,0.0,-0.0017432929016649723,-0.0011596333933994174,-0.016572928056120872
2907,29,78,1.0,1.0097934007644653,0,0,0.0,0.0,0.0,-0.001211248803883791,-0.0020064590498805046,0.01722031459212303
2908,29,79,1.0,1.097305178642273,0,0,0.0,0.0,0.0,-0.001809466164559126,-0.0028371200896799564,-0.02864871919155121
2909,29,80,1.0,1.2690547704696655,0,0,0.0,0.0,0.0,-0.0015551326796412468,-0.003445134963840246,-0.02230587974190712
2910,29,81,1.0,1.275454044342041,0,0,0.0,0.0,0.0,-0.001691636978648603,-0.0037581583019346,-0.019883520901203156
2911,29,82,1.0,0.9944243431091309,0,0,0.0,0.0,0.0,-0.0016584170516580343,-0.0010167108848690987,0.19703185558319092
2912,29,83,1.0,0.9936614036560059,0,0,0.0,0.0,0.0,-0.0015648187836632133,-0.0011688371887430549,0.1254027932882309
2913,29,84,1.0,1.0129801034927368,0,0,0.0,0.0,0.5,-0.0006311724428087473,0.0007704431773163378,0.03573056310415268
2914,29,85,1.0,0.9976065158843994,0,0,0.0,0.0,0.5,0.001998557709157467,0.0016622650437057018,0.523810625076294
2915,29,86,1.0,0.9953949451446533,0,0,0.0,0.0,0.5,0.0009071115637198091,0.0015944468323141336,0.521213948726654
2916,29,87,1.0,0.9999274015426636,0,0,0.0,0.0,0.5,0.0009963175980374217,0.0009884510654956102,0.5281409621238708
2917,29,88,1.0,0.9968975186347961,0,0,0.0,0.0,0.5,0.0012334081111475825,0.0010766081977635622,0.5284156799316406
2918,29,89,1.0,0.9969398379325867,0,0,0.0,0.0,0.5,0.0007939712377265096,0.0017162386793643236,0.5280823707580566
2919,29,90,1.0,0.9967668056488037,0,0,0.0,0.0,0.5,0.0007664946606382728,0.000683486636262387,0.5275689959526062
2920,29,91,1.0,0.9985684156417847,0,0,0.0,0.0,0.5,0.0008247207151725888,0.0002028557937592268,0.5250058770179749
2921,29,92,1.0,0.9977369904518127,0,0,0.0,0.0,0.5,0.0008289885008707643,0.00012743292609229684,0.5279257297515869
2922,29,93,1.0,0.9943915605545044,0,0,0.0,0.0,0.5,0.0011740123154595494,0.0006192114087752998,0.5278770327568054
2923,30,0,1.0,0.9966621994972229,0,0,0.0,0.0,0.0,0.002575017511844635,-0.0003789761394727975,0.00124331284314394
2924,30,1,1.0,0.9954359531402588,0,0,0.0,0.0,0.0,0.0032658656127750874,-0.000588894123211503,-0.0004441104829311371
2925,30,2,1.0,0.9923312067985535,0,0,0.0,0.0,0.0,0.0025271079502999783,-0.001357651432044804,0.0018111681565642357
2926,30,3,1.0,0.9922179579734802,0,0,0.0,0.0,0.0,0.00230454932898283,-0.001302576856687665,0.002690516412258148
2927,30,4,1.0,0.9898831844329834,0,0,0.0,0.0,0.0,0.0003657113993540406,0.00030306732514873147,-0.0007350342348217964
2928,30,5,1.0,0.9898492097854614,0,0,0.0,0.0,0.0,0.0003056628629565239,0.0003163181827403605,-0.00047247670590877533
2929,30,6,1.0,0.9921761751174927,0,0,0.0,0.0,0.0,0.00275097182020545,-0.0027067733462899923,0.003988569602370262
2930,30,7,1.0,0.9921557903289795,0,0,0.0,0.0,0.0,0.0027591087855398655,-0.00271333334967494,0.004081337712705135
2931,30,8,1.0,0.9967731833457947,0,0,0.0,0.0,0.0,-0.0011016866192221642,-0.003911841660737991,-0.0002582157030701637
2932,30,9,1.0,0.9967681169509888,0,0,0.0,0.0,0.0,-0.0010980305960401893,-0.003914182540029287,-0.0002363007515668869
2933,30,10,1.0,0.9901037216186523,0,0,-0.25,0.0,0.0,-0.07297476381063461,-0.0008844730909913778,-0.0017958898097276688
2934,30,11,1.0,0.9765733480453491,0,0,-0.25,0.0,0.0,-0.2219814956188202,-0.0028492535930126905,0.0023773303255438805
2935,30,12,1.0,0.976930558681488,0,0,-0.25,0.0,0.0,-0.25034084916114807,-0.0009347541490569711,0.0005992213264107704
2936,30,13,1.0,0.9768228530883789,0,0,-0.25,0.0,0.0,-0.2716105580329895,-0.0009516534628346562,0.0009696995839476585
2937,30,14,1.0,0.9765115976333618,0,0,-0.25,0.0,0.0,-0.2684516906738281,-0.0009911117376759648,-0.001434363890439272
2938,30,15,1.0,0.9778039455413818,0,0,-0.25,0.0,0.0,-0.27458134293556213,-0.00020725763170048594,0.002249867655336857
2939,30,16,1.0,0.9786612391471863,0,0,-0.25,0.0,0.0,-0.2751072943210602,-0.00021853583166375756,-0.0001588026061654091
2940,30,17,1.0,0.9785187244415283,0,0,-0.25,0.0,0.0,-0.27694764733314514,0.00046571315033361316,-0.002330270130187273
2941,30,18,1.0,0.9821109771728516,0,0,-0.25,0.0,0.0,-0.28208789229393005,-0.00021891447249799967,0.002394735813140869
2942,30,19,1.0,0.9836485385894775,0,0,-0.25,0.0,0.0,-0.2841174900531769,-0.0006681433296762407,0.0050723617896437645
2943,30,20,1.0,0.988614022731781,0,0,-0.25,0.0,0.0,-0.2864062488079071,0.00029922177782282233,-0.0009497236460447311
2944,30,21,1.0,0.9913697242736816,0,0,-0.25,0.0,0.0,-0.28501972556114197,-0.000335303891915828,-0.0034931176342070103
2945,30,22,1.0,1.000005841255188,0,0,-0.25,0.0,0.0,-0.2757171392440796,-0.001088685472495854,-0.00011487118899822235
2946,30,23,1.0,0.9807946085929871,0,0,-0.25,0.0,0.0,-0.17105628550052643,-0.0031185741536319256,0.002664799802005291
2947,30,24,1.0,0.9803052544593811,0,0,0.0,0.0,0.0,-0.055892203003168106,-0.0034732690546661615,-0.011973170563578606
2948,30,25,1.0,0.9853489995002747,0,0,0.0,0.0,0.0,-0.024438805878162384,4.563666880130768e-05,-0.007561812177300453
2949,30,26,1.0,0.9874483346939087,0,0,0.0,0.0,0.0,-0.007763566914945841,-0.00475293630734086,-0.0014264881610870361
2950,30,27,1.0,0.9875748157501221,0,0,0.0,0.0,0.0,-0.003103541675955057,-0.004569333046674728,0.0004926519468426704
2951,30,28,1.0,0.9979166984558105,0,0,0.0,0.0,0.0,-0.0016298763221129775,0.02514520101249218,0.018729090690612793
2952,30,29,1.0,0.9975443482398987,0,0,0.0,0.0,0.0,-0.0012814125511795282,0.02621195651590824,0.018732160329818726
2953,30,30,1.0,0.9993298649787903,0,0,0.0,0.0,0.0,-0.0004340317100286484,0.08890167623758316,0.020804625004529953
2954,30,31,1.0,0.9993002414703369,0,0,0.0,0.0,0.0,-0.00040167663246393204,0.08914132416248322,0.020771265029907227
2955,30,32,1.0,0.9990009069442749,0,0,0.0,0.25,0.0,0.0010091281728819013,0.15082110464572906,0.01747499778866768
2956,30,33,1.0,0.9850245714187622,0,0,0.0,0.25,0.0,-0.00025401462335139513,0.26804447174072266,0.004239744506776333
2957,30,34,1.0,0.9878562688827515,0,0,0.0,0.25,0.0,7.508555427193642e-05,0.2727903723716736,0.009087077341973782
2958,30,35,1.0,0.9917122721672058,0,0,0.0,0.25,0.0,-0.0010263633448630571,0.2745303213596344,0.016913581639528275
2959,30,36,1.0,0.9924756288528442,0,0,0.0,0.25,0.0,-0.0015457880217581987,0.27557921409606934,0.01985739916563034
2960,30,37,1.0,0.9925110340118408,0,0,0.0,0.25,0.0,-0.001053712097927928,0.2757088541984558,0.019410740584135056
2961,30,38,1.0,0.9923259615898132,0,0,0.0,0.25,0.0,-0.0005161950830370188,0.2682618200778961,0.021210573613643646
2962,30,39,1.0,0.9932906627655029,0,0,0.0,0.25,0.0,-6.020290311425924e-05,0.2498576045036316,-0.0009605772793292999
2963,30,40,1.0,0.9932796359062195,0,0,0.0,0.25,0.0,0.00012307835277169943,0.2483069747686386,-0.00807051919400692
2964,30,41,1.0,0.997857928276062,0,0,0.0,0.25,0.0,0.001114027458243072,0.21226997673511505,-0.031315647065639496
2965,30,42,1.0,1.0097301006317139,0,0,0.0,0.25,0.0,0.000245671602897346,0.09733328223228455,-0.016750581562519073
2966,30,43,1.0,1.006656289100647,0,0,0.0,0.0,0.0,-0.0002941566053777933,0.023335829377174377,-0.02849441021680832
2967,30,44,1.0,1.0026483535766602,0,0,0.0,0.0,0.0,-0.0009360690019093454,0.0029073217883706093,-0.02165411412715912
2968,30,45,1.0,1.0029551982879639,0,0,0.0,0.0,0.0,-0.0017282033804804087,0.0008697205339558423,-0.018707063049077988
2969,30,46,1.0,1.0027568340301514,0,0,0.0,0.0,0.0,-0.002252352423965931,0.000358640740159899,-0.00939754955470562
2970,30,47,1.0,1.0027225017547607,0,0,0.0,0.0,0.0,-0.0023611164651811123,0.0002572573721408844,-0.00888973381370306
2971,30,48,1.0,1.0015383958816528,0,0,0.0,0.0,0.0,-0.0016348633216693997,0.0007266299217008054,-0.0209782887250185
2972,30,49,1.0,1.001517653465271,0,0,0.0,0.0,0.0,-0.0016516797477379441,0.0007092124433256686,-0.020937278866767883
2973,30,50,1.0,1.0024996995925903,0,0,0.0,0.0,0.0,-0.0010751637164503336,0.0007691520149819553,-0.05565391853451729
2974,30,51,1.0,1.002493977546692,0,0,0.0,0.0,0.0,-0.0010779369622468948,0.0007657887763343751,-0.05562484636902809
2975,30,52,1.0,1.003528356552124,0,0,0.0,0.0,-0.5,-0.0009111140971072018,0.0007683326839469373,-0.09852489829063416
2976,30,53,1.0,0.9974245429039001,0,0,0.0,0.0,-0.5,-3.418000414967537e-05,0.0014329229015856981,-0.5448142290115356
2977,30,54,1.0,0.9963341355323792,0,0,0.0,0.0,-0.5,0.0008123320294544101,0.0012045768089592457,-0.5432561635971069
2978,30,55,1.0,0.991087794303894,0,0,0.0,0.0,-0.5,0.0003655405016615987,0.0012993346899747849,-0.5414415597915649
2979,30,56,1.0,0.9854543209075928,0,0,0.0,0.0,-0.5,0.0006136688170954585,0.0013366630300879478,-0.5377311706542969
2980,30,57,1.0,0.9897973537445068,0,0,0.0,0.0,-0.5,0.0007264799205586314,0.0012341232504695654,-0.5348773002624512
2981,30,58,1.0,0.9912623167037964,0,0,0.0,0.0,-0.5,0.0006416634423658252,0.0011311012785881758,-0.54173743724823
2982,30,59,1.0,0.9921275973320007,0,0,0.0,0.0,-0.5,-0.0003806230379268527,0.0005012015462853014,-0.53559410572052
2983,30,60,1.0,0.9905847311019897,0,0,0.0,0.0,-0.5,-0.0014840355142951012,0.0015858460683375597,-0.5504539012908936
2984,30,61,1.0,0.993783712387085,0,0,0.0,0.0,-0.5,-0.0014943580608814955,0.0021683655213564634,-0.556844174861908
2985,30,62,1.0,0.9932247400283813,0,0,0.0,0.0,-0.5,0.0002304835943505168,0.001499915961176157,-0.5508311986923218
2986,30,63,1.0,0.9918270111083984,0,0,0.0,0.0,-0.5,0.0012025582836940885,0.0016420227475464344,-0.5312971472740173
2987,30,64,1.0,0.9781803488731384,0,0,0.0,0.0,0.0,0.0004916704492643476,0.0016789815854281187,-0.2547880709171295
2988,30,65,1.0,0.9784063100814819,0,0,0.0,0.0,0.0,0.000172747066244483,0.0017332234419882298,-0.22900547087192535
2989,30,66,1.0,1.6218489408493042,0,1,0.0,0.0,0.0,0.0006717304931953549,-0.00036375774652697146,-0.011901551857590675
2990,30,67,1.0,1.6271576881408691,0,1,0.0,0.0,0.0,0.0006784078432247043,-0.00034147899714298546,-0.011061410419642925
2991,30,68,1.0,2.0363450050354004,0,1,0.0,0.0,0.0,0.0011868361616507173,-0.00014071428449824452,-0.00593773927539587
2992,30,69,1.0,2.036720037460327,0,1,0.0,0.0,0.0,0.0011856862111017108,-0.00013700308045372367,-0.005882062949240208
2993,30,70,1.0,2.027310371398926,0,1,0.0,0.0,0.0,0.0010775435948744416,-0.00013462617062032223,-0.005965735763311386
2994,30,71,2.0,2.0275685787200928,1,1,0.0,0.0,0.0,0.001074001775123179,-0.00013864698121324182,-0.005915579851716757
2995,30,72,2.0,2.0515477657318115,1,1,0.0,0.0,0.0,0.001837897696532309,-0.0007435264997184277,-0.0011058277450501919
2996,30,73,2.0,2.051118850708008,1,1,0.0,0.0,0.0,0.0019255297956988215,-0.0004233174549881369,-0.0007009934633970261
2997,30,74,2.0,2.0534627437591553,1,1,0.0,0.0,0.0,0.0005487656453624368,-0.0012942985631525517,0.0002778824418783188
2998,30,75,2.0,2.0504326820373535,1,1,0.0,0.0,0.0,0.0013912474969401956,-0.0012699589133262634,0.0013376763090491295
2999,30,76,2.0,2.0605924129486084,1,1,0.0,0.0,0.0,0.001564957550726831,-0.00113295903429389,0.004611737094819546
3000,30,77,2.0,2.0643157958984375,1,1,0.0,0.0,0.0,0.0014485229039564729,-0.0008791922009550035,0.00515963789075613
3001,30,78,2.0,2.0697498321533203,1,1,0.0,0.0,0.0,0.001650445512495935,-0.0014312295243144035,0.004960911348462105
3002,30,79,2.0,2.0698986053466797,1,1,0.0,0.0,0.0,0.0016557261114940047,-0.0013732574880123138,0.005188826471567154
3003,30,80,1.0,2.0832481384277344,0,1,0.0,0.0,0.0,0.0005007778527215123,-9.722245158627629e-05,0.003210390917956829
3004,30,81,1.0,2.08323335647583,0,1,0.0,0.0,0.0,0.0005026370054110885,-8.170213550329208e-05,0.003284292295575142
3005,30,82,1.0,1.5316638946533203,0,1,0.0,0.0,0.0,-0.0011304509826004505,-0.0018727919086813927,-0.003862068522721529
3006,30,83,1.0,1.5286102294921875,0,1,0.0,0.0,0.0,-0.001124259433709085,-0.0018610439728945494,-0.003766496665775776
3007,30,84,1.0,1.2260226011276245,0,0,0.0,0.0,0.0,-0.001086865784600377,-0.0024376180954277515,-0.00731267174705863
3008,30,85,1.0,1.2248367071151733,0,0,0.0,0.0,0.0,-0.0010884322691708803,-0.00242919335141778,-0.007268768269568682
3009,30,86,1.0,1.4109690189361572,0,0,0.0,0.0,0.0,-0.00046431925147771835,-0.0006941418978385627,-0.002958125900477171
3010,30,87,1.0,1.410294771194458,0,0,0.0,0.0,0.5,-0.0004662768915295601,-0.0006991119589656591,-0.002950711641460657
3011,30,88,1.0,0.9956452250480652,0,0,0.0,0.0,0.5,0.0011737708700820804,0.0004811246762983501,0.4963957369327545
3012,30,89,1.0,0.9995371699333191,0,0,0.0,0.0,0.5,0.0013235105434432626,0.0009788263123482466,0.5286123156547546
3013,30,90,1.0,0.9993720650672913,0,0,0.0,0.0,0.5,0.0009014679817482829,0.001223989063873887,0.5303469300270081
3014,30,91,1.0,0.9986250400543213,0,0,0.0,0.0,0.5,0.0009480208391323686,0.0009773762430995703,0.5289618372917175
3015,30,92,1.0,1.0001723766326904,0,0,0.0,0.0,0.5,0.000554510043002665,0.0011824783869087696,0.5282865166664124
3016,30,93,1.0,0.9992333650588989,0,0,0.0,0.0,0.5,0.0004900261992588639,0.0009045055485330522,0.5268765091896057
3017,30,94,1.0,0.9986112117767334,0,0,0.0,0.0,0.5,0.0006323653506115079,0.0006398035329766572,0.5287488102912903
3018,30,95,1.0,0.99876469373703,0,0,0.0,0.0,0.5,0.0005759027553722262,0.00035803153878077865,0.5278976559638977
3019,30,96,1.0,0.9991214871406555,0,0,0.0,0.0,0.5,0.0010511887958273292,0.0010159991215914488,0.5279895067214966
3020,31,0,1.0,0.9958972930908203,0,0,0.0,0.0,0.0,0.008646385744214058,0.0015304128173738718,0.006257456727325916
3021,31,1,1.0,0.996810257434845,0,0,0.0,0.0,0.0,0.011108300648629665,0.0018470373470336199,0.0010839514434337616
3022,31,2,1.0,0.9954431653022766,0,0,0.0,0.0,0.0,0.007265664171427488,0.0011774208396673203,0.00698422733694315
3023,31,3,1.0,0.9950242638587952,0,0,0.0,0.0,0.0,0.005671259015798569,0.0009644810925237834,0.008911415003240108
3024,31,4,1.0,0.9986236095428467,0,0,0.0,0.0,0.0,-0.0030879881232976913,0.0009006804903037846,0.00946138147264719
3025,31,5,1.0,0.9985660314559937,0,0,0.0,0.0,0.0,-0.0032899752259254456,0.0009178625768981874,0.009855384938418865
3026,31,6,1.0,1.0076746940612793,0,0,0.0,0.0,0.0,0.009903429076075554,-0.0018200178164988756,-0.004412404261529446
3027,31,7,1.0,1.0076884031295776,0,0,0.0,0.0,0.0,0.010141410864889622,-0.0018321324605494738,-0.00425271550193429
3028,31,8,1.0,1.0013411045074463,0,0,0.0,0.0,0.0,0.12386666238307953,-0.0030828826129436493,-0.005034386180341244
3029,31,9,1.0,1.00132155418396,0,0,0.0,0.0,0.0,0.12402495741844177,-0.003083359682932496,-0.0049966489896178246
3030,31,10,1.0,1.0036420822143555,0,0,0.0,0.0,0.0,0.23045139014720917,-0.002150743268430233,-0.0022689360193908215
3031,31,11,1.0,1.0036442279815674,0,0,0.0,0.0,0.0,0.23047013580799103,-0.0021503877360373735,-0.0022627986036241055
3032,31,12,1.0,1.007330060005188,0,0,0.25,0.0,0.0,0.2593943476676941,-0.0018917289562523365,-0.002436406444758177
3033,31,13,1.0,1.0035001039505005,0,0,0.25,0.0,0.0,0.2719699442386627,-0.00021643779473379254,0.005965063348412514
3034,31,14,1.0,0.9994643926620483,0,0,0.25,0.0,0.0,0.27610310912132263,6.525323260575533e-05,0.006114914081990719
3035,31,15,1.0,1.0033189058303833,0,0,0.25,0.0,0.0,0.2755138576030731,0.0016351505182683468,0.007823041640222073
3036,31,16,1.0,1.0148659944534302,0,0,0.25,0.0,0.0,0.2708362638950348,0.00019221851835027337,0.003643709234893322
3037,31,17,1.0,1.0195956230163574,0,0,0.25,0.0,0.0,0.24825480580329895,-0.0015827507013455033,-0.00613909587264061
3038,31,18,1.0,1.0088196992874146,0,0,0.25,0.0,0.0,0.18101517856121063,0.002433925401419401,-0.002633810043334961
3039,31,19,1.0,0.9993196725845337,0,0,0.0,0.0,0.0,0.10716474056243896,0.0031289069447666407,0.001294274814426899
3040,31,20,1.0,0.9974709153175354,0,0,0.0,0.0,0.0,0.04384973645210266,0.0025027887895703316,-0.003081738483160734
3041,31,21,1.0,0.9890530109405518,0,0,0.0,0.0,0.0,0.005897296592593193,-0.001132685225456953,-0.003018083982169628
3042,31,22,1.0,0.9959056377410889,0,0,0.0,0.0,0.0,-0.004159330390393734,0.0034712052438408136,-0.0010835910215973854
3043,31,23,1.0,0.9966510534286499,0,0,0.0,0.0,0.0,-0.005398410838097334,0.00515414634719491,-0.0030211107805371284
3044,31,24,1.0,1.0002937316894531,0,0,0.0,0.0,0.0,-0.0023519624955952168,0.018431128934025764,-0.008939056657254696
3045,31,25,1.0,1.0003677606582642,0,0,0.0,0.0,0.0,-0.0024917263071984053,0.01849040575325489,-0.009205330163240433
3046,31,26,1.0,1.0035275220870972,0,0,0.0,0.25,0.0,-0.002229108242318034,0.0489160493016243,-0.0032363254576921463
3047,31,27,1.0,0.9875514507293701,0,0,0.0,0.25,0.0,0.00036987883504480124,0.2661723494529724,0.006849558092653751
3048,31,28,1.0,0.9899544715881348,0,0,0.0,0.25,0.0,0.0015650595305487514,0.2718587815761566,0.003056761808693409
3049,31,29,1.0,0.9910669326782227,0,0,0.0,0.25,0.0,0.0019185174023732543,0.2716081142425537,0.00202974583953619
3050,31,30,1.0,0.990470290184021,0,0,0.0,0.25,0.0,0.0016222769627347589,0.27535948157310486,0.005809272639453411
3051,31,31,1.0,0.9889357089996338,0,0,0.0,0.25,0.0,0.0008863367838785052,0.2773744463920593,0.009408124722540379
3052,31,32,1.0,0.9908671975135803,0,0,0.0,0.25,0.0,0.0005833659088239074,0.2797831594944,0.014077930711209774
3053,31,33,1.0,0.9919703006744385,0,0,0.0,0.25,0.0,0.0005515896482393146,0.27964285016059875,0.012984705157577991
3054,31,34,1.0,0.9885956048965454,0,0,0.0,0.25,0.0,0.0009798671817407012,0.26731568574905396,0.004576357081532478
3055,31,35,1.0,0.9914419651031494,0,0,0.0,0.25,0.0,-0.0004004447255283594,0.19145360589027405,-0.005292034707963467
3056,31,36,1.0,1.0021635293960571,0,0,0.0,0.25,0.0,-0.0009889460634440184,0.02949664741754532,0.015472673811018467
3057,31,37,1.0,1.0059336423873901,0,0,0.0,0.0,0.0,-0.0012291743187233806,0.02964215911924839,-0.033349908888339996
3058,31,38,1.0,1.0025376081466675,0,0,0.0,0.0,0.0,-0.00114051706623286,0.0025792785454541445,-0.015879519283771515
3059,31,39,1.0,1.0035268068313599,0,0,0.0,0.0,0.0,-0.001120848348364234,0.00030874094227328897,-0.031889498233795166
3060,31,40,1.0,1.0033622980117798,0,0,0.0,0.0,0.0,-0.0020452130120247602,0.00027556909481063485,-0.020460832864046097
3061,31,41,1.0,1.0033572912216187,0,0,0.0,0.0,0.0,-0.0021196436136960983,0.00012719497317448258,-0.019851263612508774
3062,31,42,1.0,1.0032916069030762,0,0,0.0,0.0,0.0,-0.0021864711306989193,0.00012480525765568018,-0.014756066724658012
3063,31,43,1.0,1.0032769441604614,0,0,0.0,0.0,0.0,-0.0021978882141411304,9.989249520003796e-05,-0.014626406133174896
3064,31,44,1.0,1.0020756721496582,0,0,0.0,0.0,0.0,-0.001402425579726696,-5.3080671932548285e-05,-0.05441923066973686
3065,31,45,1.0,1.0020670890808105,0,0,0.0,0.0,0.0,-0.0014059022068977356,-5.882210098206997e-05,-0.0543452650308609
3066,31,46,1.0,1.0020757913589478,0,0,0.0,0.0,0.0,-0.0013789969962090254,-4.773552063852549e-06,-0.0578090101480484
3067,31,47,1.0,1.002073049545288,0,0,0.0,0.0,-0.5,-0.0013798137661069632,-5.536014214158058e-06,-0.05778728798031807
3068,31,48,1.0,0.9952422380447388,0,0,0.0,0.0,-0.5,-0.0010543402750045061,0.0012063062749803066,-0.5414910316467285
3069,31,49,1.0,0.9908982515335083,0,0,0.0,0.0,-0.5,-0.00024261290673166513,0.0009827467147260904,-0.5409160852432251
3070,31,50,1.0,0.9879040718078613,0,0,0.0,0.0,-0.5,0.0006453738315030932,0.0018830785993486643,-0.5261263847351074
3071,31,51,1.0,0.9882240295410156,0,0,0.0,0.0,-0.5,0.0005606423364952207,0.0011683364864438772,-0.526145339012146
3072,31,52,1.0,0.9914911389350891,0,0,0.0,0.0,-0.5,-0.0001425869995728135,0.0006860496359877288,-0.5361804366111755
3073,31,53,1.0,0.9921495914459229,0,0,0.0,0.0,-0.5,-0.001593667664565146,0.001388974254950881,-0.5331101417541504
3074,31,54,1.0,0.9903415441513062,0,0,0.0,0.0,-0.5,-0.0018728915601968765,0.0013593756593763828,-0.5517609119415283
3075,31,55,1.0,0.9940260648727417,0,0,0.0,0.0,-0.5,-0.001678768079727888,0.0011637385468930006,-0.5598860383033752
3076,31,56,1.0,0.9984362125396729,0,0,0.0,0.0,-0.5,-0.0013374070404097438,0.0009314313647337258,-0.5732895731925964
3077,31,57,1.0,1.0001590251922607,0,0,0.0,0.0,-0.5,-0.0013356768758967519,0.0008105439483188093,-0.573868989944458
3078,31,58,1.0,0.9859380722045898,0,0,0.0,0.0,-0.5,0.0018814028007909656,0.00047937309136614203,-0.4365953803062439
3079,31,59,1.0,0.9852827191352844,0,0,0.0,0.0,0.0,0.001861937460489571,0.0007351985550485551,-0.4200710654258728
3080,31,60,1.0,1.0814931392669678,0,0,0.0,0.0,0.0,-0.00016587425488978624,-0.0007203868008218706,-0.10945027321577072
3081,31,61,1.0,1.082213282585144,0,0,0.0,0.0,0.0,-0.00022847636137157679,-0.0007105612312443554,-0.10719750076532364
3082,31,62,1.0,1.3880349397659302,0,0,0.0,0.0,0.0,-6.251037120819092e-05,-0.0002673239214345813,-0.04225769639015198
3083,31,63,1.0,1.3883569240570068,0,0,0.0,0.0,0.0,-7.266772445291281e-05,-0.0002763620868790895,-0.04203592240810394
3084,31,64,1.0,1.4062341451644897,0,0,0.0,0.0,0.0,-0.00041599629912525415,-0.0002716798917390406,-0.03435103967785835
3085,31,65,2.0,1.4063591957092285,1,0,0.0,0.0,0.0,-0.0004189324099570513,-0.0002789065765682608,-0.03430909663438797
3086,31,66,2.0,2.050287961959839,1,1,0.0,0.0,0.0,0.0018199154874309897,-0.0004832174745388329,3.5288743674755096e-05
3087,31,67,2.0,2.057988166809082,1,1,0.0,0.0,0.0,0.0021986770443618298,-0.0007560404483228922,0.002496352419257164
3088,31,68,2.0,2.052358627319336,1,1,0.0,0.0,0.0,0.0012454910902306437,-0.0007899376796558499,0.002747616730630398
3089,31,69,2.0,2.052509307861328,1,1,0.0,0.0,0.0,0.0012389494804665446,-0.0008037258521653712,0.0025067785754799843
3090,31,70,2.0,2.0703601837158203,1,1,0.0,0.0,0.0,0.00025156885385513306,-0.0003458554274402559,0.0028426386415958405
3091,31,71,2.0,2.070350170135498,1,1,0.0,0.0,0.0,0.00023513403721153736,-0.00036121581797488034,0.002872043289244175
3092,31,72,2.0,2.068457841873169,1,1,0.0,0.0,0.0,0.0006988617824390531,-0.00034607548150233924,0.004166322760283947
3093,31,73,1.0,2.068467140197754,0,1,0.0,0.0,0.0,0.0006945641944184899,-0.00035590422339737415,0.00417944323271513
3094,31,74,1.0,2.0138540267944336,0,1,0.0,0.0,0.0,-0.0016876060981303453,-0.0005771055002696812,0.0001736767590045929
3095,31,75,1.0,2.0139193534851074,0,1,0.0,0.0,0.0,-0.0017028524307534099,-0.0005591488443315029,0.00019082427024841309
3096,31,76,1.0,1.6681506633758545,0,1,0.0,0.0,0.0,-0.0021253791637718678,-0.003445771988481283,-0.0024005724117159843
3097,31,77,1.0,1.6649410724639893,0,1,0.0,0.0,0.0,-0.0021227409597486258,-0.0034872086253017187,-0.0024773357436060905
3098,31,78,1.0,1.0223662853240967,0,0,0.0,0.0,0.0,-0.0032421150244772434,-0.0033374326303601265,0.06292940676212311
3099,31,79,1.0,1.02220618724823,0,0,0.0,0.0,0.0,-0.003258231095969677,-0.0033335923217236996,0.06343024224042892
3100,31,80,1.0,1.0312368869781494,0,0,0.0,0.0,0.5,-0.0017889079172164202,-0.003704830538481474,0.020588427782058716
3101,31,81,1.0,0.9948443174362183,0,0,0.0,0.0,0.5,0.0002893909113481641,0.001408804440870881,0.5265347361564636
3102,31,82,1.0,0.9986485838890076,0,0,0.0,0.0,0.5,0.0002544744638726115,0.0014696917496621609,0.5296878218650818
3103,31,83,1.0,0.9989109039306641,0,0,0.0,0.0,0.5,0.0003368706675246358,0.0017140817362815142,0.5298203825950623
3104,31,84,1.0,0.9971722364425659,0,0,0.0,0.0,0.5,0.0002190162194892764,0.0021320318337529898,0.5241269469261169
3105,31,85,1.0,0.9972336888313293,0,0,0.0,0.0,0.5,0.00035631272476166487,0.0018171756528317928,0.5286347270011902
3106,31,86,1.0,0.9966399073600769,0,0,0.0,0.0,0.5,0.0006258391076698899,0.00139900972135365,0.5273494124412537
3107,31,87,1.0,0.9980278611183167,0,0,0.0,0.0,0.5,0.0004685166059061885,0.0008938639075495303,0.5271738767623901
3108,31,88,1.0,0.9972391724586487,0,0,0.0,0.0,0.5,0.00036819966044276953,0.0010504969395697117,0.5265408158302307
3109,31,89,1.0,0.9975547194480896,0,0,0.0,0.0,0.5,0.0006390000926330686,0.0013005826622247696,0.5263187885284424
3110,32,0,1.0,0.9991979002952576,0,0,0.0,0.0,0.0,0.00535904336720705,-0.002765150973573327,0.007718817330896854
3111,32,1,1.0,0.9997632503509521,0,0,0.0,0.0,0.0,0.006519251968711615,-0.003916318994015455,0.004855319857597351
3112,32,2,1.0,1.0022677183151245,0,0,0.0,0.0,0.0,0.004373603034764528,-0.004854472819715738,0.007424374110996723
3113,32,3,1.0,1.0017410516738892,0,0,0.0,0.0,0.0,0.003535437397658825,-0.004568913485854864,0.008234226144850254
3114,32,4,1.0,0.9987440705299377,0,0,0.0,0.0,0.0,-0.00446059787645936,-0.0023910379968583584,0.017365828156471252
3115,32,5,1.0,0.9986301064491272,0,0,0.0,0.0,0.0,-0.004598247352987528,-0.002446460537612438,0.01770177111029625
3116,32,6,1.0,1.0027278661727905,0,0,0.0,0.0,0.0,0.0010900037596002221,-0.002963633742183447,0.007833127863705158
3117,32,7,1.0,1.0027400255203247,0,0,0.0,0.0,0.0,0.0011778121115639806,-0.0029904318507760763,0.007925252430140972
3118,32,8,1.0,1.003872036933899,0,0,0.0,0.0,0.0,0.10936326533555984,-0.0018012155778706074,-0.0050521548837423325
3119,32,9,1.0,1.003867745399475,0,0,0.0,0.0,0.0,0.10947248339653015,-0.001802501268684864,-0.005030099302530289
3120,32,10,1.0,1.0047204494476318,0,0,0.0,0.0,0.0,0.23837436735630035,-0.0007257431279867887,-0.005749130621552467
3121,32,11,1.0,1.0047193765640259,0,0,0.25,0.0,0.0,0.238386869430542,-0.0007269469788298011,-0.005742121487855911
3122,32,12,1.0,1.0038434267044067,0,0,0.25,0.0,0.0,0.27813684940338135,0.002137666568160057,0.009053063578903675
3123,32,13,1.0,1.0025748014450073,0,0,0.25,0.0,0.0,0.28310510516166687,0.0026195580139756203,0.0064040180295705795
3124,32,14,1.0,1.0038152933120728,0,0,0.25,0.0,0.0,0.2740383446216583,0.0005669916863553226,0.005518880672752857
3125,32,15,1.0,0.9988095760345459,0,0,0.25,0.0,0.0,0.2421674132347107,-0.000405509170377627,0.008832757361233234
3126,32,16,1.0,0.9922612309455872,0,0,0.25,0.0,0.0,0.17056070268154144,-0.0016995251644402742,-0.001062269788235426
3127,32,17,1.0,0.9946863055229187,0,0,0.0,0.0,0.0,0.1090148538351059,-0.004238461144268513,-0.0027151433750987053
3128,32,18,1.0,0.9957824349403381,0,0,0.0,0.0,0.0,0.030210448428988457,-0.008073525503277779,-0.009158804081380367
3129,32,19,1.0,0.9930737614631653,0,0,0.0,0.0,0.0,0.0033516413532197475,-0.007167101837694645,-0.007984600029885769
3130,32,20,1.0,0.9975733757019043,0,0,0.0,0.0,0.0,-0.003926304168999195,-0.0028103762306272984,-0.00011898670345544815
3131,32,21,1.0,0.9972482919692993,0,0,0.0,0.0,0.0,-0.0050235348753631115,-0.0024804279673844576,-0.0015844651497900486
3132,32,22,1.0,1.0052143335342407,0,0,0.0,0.0,0.0,-0.0022801514714956284,-0.0194623414427042,0.0054405489936470985
3133,32,23,1.0,1.005277395248413,0,0,0.0,0.0,0.0,-0.002438304480165243,-0.019782206043601036,0.005313563160598278
3134,32,24,1.0,1.0043450593948364,0,0,0.0,-0.25,0.0,-0.0029462578240782022,-0.03292570263147354,0.002910241484642029
3135,32,25,1.0,0.9935669898986816,0,0,0.0,-0.25,0.0,-0.0032941806130111217,-0.26989489793777466,-0.005916032008826733
3136,32,26,1.0,0.992736279964447,0,0,0.0,-0.25,0.0,-0.002550198696553707,-0.2740640342235565,0.0013777967542409897
3137,32,27,1.0,0.9912437200546265,0,0,0.0,-0.25,0.0,-0.002320654457435012,-0.27725300192832947,0.0022840555757284164
3138,32,28,1.0,0.9947028160095215,0,0,0.0,-0.25,0.0,-0.0012338338419795036,-0.27589231729507446,0.005867858417332172
3139,32,29,1.0,0.9901564717292786,0,0,0.0,-0.25,0.0,-0.0011274642311036587,-0.2795955240726471,0.006789136677980423
3140,32,30,1.0,0.9894529581069946,0,0,0.0,-0.25,0.0,-0.0007797683356329799,-0.28025487065315247,0.00613256823271513
3141,32,31,1.0,0.9881907105445862,0,0,0.0,-0.25,0.0,-0.0009518594015389681,-0.2820616066455841,0.0021617086604237556
3142,32,32,1.0,0.9959414005279541,0,0,0.0,-0.25,0.0,-0.0023280116729438305,-0.2746688723564148,-0.002637111581861973
3143,32,33,1.0,0.9956689476966858,0,0,0.0,-0.25,0.0,-0.0019133288878947496,-0.2693732678890228,-0.00458777928724885
3144,32,34,1.0,0.9999898672103882,0,0,0.0,0.0,0.0,-0.001756105455569923,-0.19820085167884827,-0.025206327438354492
3145,32,35,1.0,1.0030685663223267,0,0,0.0,0.0,0.0,-0.0015521086752414703,-0.009921266697347164,0.01348183024674654
3146,32,36,1.0,1.0022042989730835,0,0,0.0,0.0,0.0,-0.0005622472381219268,-0.0011045075953006744,0.005276584066450596
3147,32,37,1.0,1.0018393993377686,0,0,0.0,0.0,0.0,-0.0006030150689184666,-0.00035154441138729453,0.0019397279247641563
3148,32,38,1.0,1.000640630722046,0,0,0.0,0.0,0.0,-0.0005951838102191687,-0.0007057811599224806,-0.024804405868053436
3149,32,39,1.0,1.000575304031372,0,0,0.0,0.0,0.0,-0.0006131167756393552,-0.0006273456383496523,-0.02524610608816147
3150,32,40,1.0,1.0006802082061768,0,0,0.0,0.0,0.0,-0.0010356109123677015,-0.00046088112867437303,-0.025405582040548325
3151,32,41,1.0,1.000664472579956,0,0,0.0,-0.25,0.0,-0.0010371592361479998,-0.0004486652323976159,-0.02550223097205162
3152,32,42,1.0,1.0016497373580933,0,0,0.0,0.0,0.0,-0.0013368397485464811,-0.00195329706184566,-0.016866568475961685
3153,32,43,1.0,1.0020434856414795,0,0,0.0,0.0,0.0,-0.0017365976236760616,-0.0003730581665877253,-0.012284720316529274
3154,32,44,1.0,1.002213716506958,0,0,0.0,0.0,0.0,-0.0018885901663452387,7.757276762276888e-05,-0.013494079932570457
3155,32,45,1.0,1.0023434162139893,0,0,0.0,0.0,0.0,-0.001913645537570119,0.000251260120421648,-0.01438882201910019
3156,32,46,1.0,1.0000889301300049,0,0,0.0,0.0,0.0,-0.0012329198652878404,-0.0006332546472549438,-0.029932383447885513
3157,32,47,1.0,1.0000633001327515,0,0,0.0,0.0,0.0,-0.001239444361999631,-0.0005839586374349892,-0.03031996265053749
3158,32,48,1.0,1.000352144241333,0,0,0.0,0.0,0.0,-0.001050114631652832,-0.00047194823855534196,-0.035771552473306656
3159,32,49,1.0,1.00034761428833,0,0,0.0,0.0,-0.5,-0.0010506421094760299,-0.00046371729695238173,-0.03587554395198822
3160,32,50,1.0,0.9928341507911682,0,0,0.0,0.0,-0.5,0.00017983128782361746,0.0009183635120280087,-0.5498742461204529
3161,32,51,1.0,0.9899234771728516,0,0,0.0,0.0,-0.5,0.00037054705899208784,0.0005710585392080247,-0.5469533205032349
3162,32,52,1.0,0.9857239723205566,0,0,0.0,0.0,-0.5,0.0005475877551361918,-0.0003591389104258269,-0.5443016886711121
3163,32,53,1.0,0.9854834675788879,0,0,0.0,0.0,-0.5,-7.496064063161612e-05,5.393475294113159e-05,-0.5378133654594421
3164,32,54,1.0,0.9897283911705017,0,0,0.0,0.0,-0.5,-0.0011059711687266827,0.0009342758567072451,-0.5303329825401306
3165,32,55,1.0,0.9909508228302002,0,0,0.0,0.0,-0.5,-0.0012883262243121862,0.0003447576309554279,-0.5443891286849976
3166,32,56,1.0,0.9945236444473267,0,0,0.0,0.0,-0.5,-0.001636607339605689,0.00047523429384455085,-0.5542596578598022
3167,32,57,1.0,0.9993226528167725,0,0,0.0,0.0,-0.5,-0.001535734161734581,0.0009968914091587067,-0.5676637291908264
3168,32,58,1.0,1.0043381452560425,0,0,0.0,0.0,-0.5,-0.0009677846101112664,0.0010904769878834486,-0.5734514594078064
3169,32,59,1.0,1.0048755407333374,0,0,0.0,0.0,-0.5,-0.0009852286893874407,0.0010238613467663527,-0.5732872486114502
3170,32,60,1.0,0.9901074767112732,0,0,0.0,0.0,-0.5,0.00026702904142439365,0.0014825686812400818,-0.44429025053977966
3171,32,61,1.0,0.9889110326766968,0,0,0.0,0.0,0.0,0.000304845510981977,0.0014276965521275997,-0.42021942138671875
3172,32,62,1.0,0.9835150837898254,0,0,0.0,0.0,0.0,-0.0012556180590763688,0.00047672115033492446,-0.14767590165138245
3173,32,63,1.0,0.984334409236908,0,0,0.0,0.0,0.0,-0.0012938743457198143,0.00044802570482715964,-0.1405118703842163
3174,32,64,1.0,1.162045955657959,0,0,0.0,0.0,0.0,-0.0008263972122222185,-0.0008045644499361515,-0.03574968874454498
3175,32,65,1.0,1.1636544466018677,0,0,0.0,0.0,0.0,-0.0008152972441166639,-0.0008093854412436485,-0.034980449825525284
3176,32,66,1.0,1.1765005588531494,0,0,0.0,0.0,0.0,-0.0007986304117366672,-0.000792728504166007,-0.03439487889409065
3177,32,67,2.0,1.1776158809661865,1,0,0.0,0.0,0.0,-0.0008015661151148379,-0.0007889187545515597,-0.0340622216463089
3178,32,68,2.0,2.0521626472473145,1,1,0.0,0.0,0.0,0.000934931100346148,-0.00027959098224528134,0.001266774721443653
3179,32,69,2.0,2.0555176734924316,1,1,0.0,0.0,0.0,0.0004624315770342946,-0.0004108521097805351,0.0009102877229452133
3180,32,70,2.0,2.0670862197875977,1,1,0.0,0.0,0.0,0.0006861385190859437,6.146531086415052e-05,0.0040404312312603
3181,32,71,2.0,2.065603733062744,1,1,0.0,0.0,0.0,0.0009865924948826432,-0.00043520971667021513,0.004689086228609085
3182,32,72,2.0,1.7962231636047363,1,1,0.0,0.0,0.0,-0.0009272199240513146,-0.0016362154856324196,0.00687528308480978
3183,32,73,2.0,1.7927755117416382,1,1,0.0,0.0,0.0,-0.0009461750742048025,-0.0017001701053231955,0.006913305260241032
3184,32,74,1.0,1.058225393295288,0,0,0.0,0.0,0.0,0.00014200294390320778,-0.0018915855325758457,0.03310970589518547
3185,32,75,1.0,1.0575740337371826,0,0,0.0,0.0,0.0,0.0001367521472275257,-0.0019004326313734055,0.03443999961018562
3186,32,76,1.0,1.0499292612075806,0,0,0.0,0.0,0.0,-0.0004477734910324216,-0.0020666392520070076,0.014997988007962704
3187,32,77,1.0,1.050209403038025,0,0,0.0,0.0,0.0,-0.00043932406697422266,-0.0020451268646866083,0.014627094380557537
3188,32,78,1.0,1.0085116624832153,0,0,0.0,0.0,0.0,0.0001764451153576374,-0.000951625348534435,0.1504974216222763
3189,32,79,1.0,1.0085614919662476,0,0,0.0,0.0,0.0,0.00018302060198038816,-0.0009402313735336065,0.15004824101924896
3190,32,80,1.0,1.0023155212402344,0,0,0.0,0.0,0.5,-9.95222944766283e-06,-0.000675403920467943,0.21047747135162354
3191,32,81,1.0,0.9951361417770386,0,0,0.0,0.0,0.5,0.0012616802705451846,0.0006649727583862841,0.5273709893226624
3192,32,82,1.0,0.9983519911766052,0,0,0.0,0.0,0.5,0.0014291134430095553,0.00032771920086815953,0.5261920690536499
3193,32,83,1.0,0.9982325434684753,0,0,0.0,0.0,0.5,0.0007819916354492307,0.00038417853647843003,0.5266768336296082
3194,32,84,1.0,0.9967325925827026,0,0,0.0,0.0,0.5,0.000364691368304193,0.0007104190881364048,0.5280833840370178
3195,32,85,1.0,0.9974342584609985,0,0,0.0,0.0,0.5,0.0007877306779846549,0.000746570120099932,0.5289130806922913
3196,32,86,1.0,0.9990319609642029,0,0,0.0,0.0,0.5,0.0008947100723162293,0.0006344537832774222,0.5289946794509888
3197,32,87,1.0,0.9992039203643799,0,0,0.0,0.0,0.5,0.0008854506304487586,0.00047483964590355754,0.5275768041610718
3198,32,88,1.0,0.9977816939353943,0,0,0.0,0.0,0.5,0.0011806677794083953,0.0005919159739278257,0.5279291868209839
3199,32,89,1.0,0.9985821843147278,0,0,0.0,0.0,0.5,0.0010535659966990352,0.0006558853783644736,0.5285642147064209
3200,33,0,1.0,0.9970610737800598,0,0,0.0,0.0,0.0,-0.0023004706017673016,0.0024305947590619326,-0.002238523680716753
3201,33,1,1.0,0.997382640838623,0,0,0.0,0.0,0.0,0.0003197271144017577,0.0027026054449379444,-0.004601307213306427
3202,33,2,1.0,0.9962765574455261,0,0,0.0,0.0,0.0,8.304917719215155e-05,0.003323175245895982,-0.004872800782322884
3203,33,3,1.0,0.9951649904251099,0,0,0.0,0.0,0.0,-0.00014962407294660807,0.0031648266594856977,-0.004836512263864279
3204,33,4,1.0,0.996680498123169,0,0,0.0,0.0,0.0,0.0027450057677924633,0.0007215153309516609,0.00171004980802536
3205,33,5,1.0,0.9966248273849487,0,0,0.0,0.0,0.0,0.0027098176069557667,0.0007307491614483297,0.0018525412306189537
3206,33,6,1.0,1.0034090280532837,0,0,0.0,0.0,0.0,-0.02198769897222519,-0.0007763478788547218,-0.00015399791300296783
3207,33,7,1.0,1.0034210681915283,0,0,0.0,0.0,0.0,-0.021908070892095566,-0.000783450435847044,-7.492676377296448e-05
3208,33,8,1.0,0.9873303174972534,0,0,0.0,0.0,0.0,-0.1590234637260437,-0.0014452275354415178,-0.004353216849267483
3209,33,9,1.0,0.9873335361480713,0,0,0.0,0.0,0.0,-0.15901176631450653,-0.0014464275445789099,-0.0043306853622198105
3210,33,10,1.0,0.9812486171722412,0,0,0.0,0.0,0.0,-0.21477366983890533,-0.0020116670057177544,-0.003196174744516611
3211,33,11,1.0,0.981249213218689,0,0,-0.25,0.0,0.0,-0.21477395296096802,-0.0020121787674725056,-0.003190740942955017
3212,33,12,1.0,0.9788615107536316,0,0,-0.25,0.0,0.0,-0.2743638753890991,-0.0007149191224016249,0.0008382415398955345
3213,33,13,1.0,0.985929012298584,0,0,-0.25,0.0,0.0,-0.28158625960350037,-0.0017544615548104048,-0.0018081367015838623
3214,33,14,1.0,0.9836652278900146,0,0,-0.25,0.0,0.0,-0.286529004573822,-0.00015184917720034719,0.0005141878500580788
3215,33,15,1.0,0.9872996211051941,0,0,-0.25,0.0,0.0,-0.28824928402900696,-0.00044248756603337824,0.0031712688505649567
3216,33,16,1.0,0.9873109459877014,0,0,-0.25,0.0,0.0,-0.28436776995658875,-0.0008440195233561099,0.004595042206346989
3217,33,17,1.0,0.979188084602356,0,0,-0.25,0.0,0.0,-0.27607008814811707,0.00048496382078155875,0.008152232505381107
3218,33,18,1.0,0.9765796065330505,0,0,0.0,0.0,0.0,-0.11868999153375626,-0.0011295074364170432,-0.020983584225177765
3219,33,19,1.0,0.9779319167137146,0,0,0.0,0.0,0.0,-0.048391301184892654,0.0005776634789071977,-0.01616065949201584
3220,33,20,1.0,0.982523500919342,0,0,0.0,0.0,0.0,-0.01936221495270729,-0.0017001584637910128,-0.0020483918488025665
3221,33,21,1.0,0.9840666651725769,0,0,0.0,0.0,0.0,-0.010715204291045666,-0.0015994556015357375,0.00026259664446115494
3222,33,22,1.0,0.9955736398696899,0,0,0.0,0.0,0.0,-0.003934195265173912,-0.0011977471876889467,-0.001486126333475113
3223,33,23,1.0,0.9957827925682068,0,0,0.0,0.0,0.0,-0.0034302191343158484,-0.001173361437395215,-0.001045494806021452
3224,33,24,1.0,1.0001192092895508,0,0,0.0,0.0,0.0,-0.00327013386413455,0.003928217105567455,-0.0028855851851403713
3225,33,25,1.0,1.000113606452942,0,0,0.0,0.25,0.0,-0.0032138004899024963,0.003948619123548269,-0.0028029968962073326
3226,33,26,1.0,0.9886252880096436,0,0,0.0,0.25,0.0,-0.0005232221446931362,0.25059837102890015,0.010888711549341679
3227,33,27,1.0,0.991873025894165,0,0,0.0,0.25,0.0,-0.00037184287793934345,0.2650172710418701,0.006794528104364872
3228,33,28,1.0,0.9914037585258484,0,0,0.0,0.25,0.0,0.00016030133701860905,0.26965928077697754,0.006520476192235947
3229,33,29,1.0,0.9900252223014832,0,0,0.0,0.25,0.0,7.57809029892087e-05,0.2711120843887329,0.004216744564473629
3230,33,30,1.0,0.9908700585365295,0,0,0.0,0.25,0.0,0.0007444104412570596,0.2746712267398834,0.01147050317376852
3231,33,31,1.0,0.9908121228218079,0,0,0.0,0.25,0.0,0.001008866005577147,0.2773750424385071,0.017810065299272537
3232,33,32,1.0,0.993562638759613,0,0,0.0,0.25,0.0,0.0019406058127060533,0.2813452482223511,0.008181185461580753
3233,33,33,1.0,0.9903859496116638,0,0,0.0,0.25,0.0,0.0012926479103043675,0.268435537815094,-0.0035847737453877926
3234,33,34,1.0,0.9890140295028687,0,0,0.0,0.25,0.0,0.0004451513523235917,0.19284847378730774,-0.0064531853422522545
3235,33,35,1.0,1.0019636154174805,0,0,0.0,0.0,0.0,-0.0003991583362221718,0.04999079555273056,-0.01046383660286665
3236,33,36,1.0,1.0011308193206787,0,0,0.0,0.0,0.0,-0.0008317718165926635,0.0038181922864168882,0.03212413191795349
3237,33,37,1.0,1.0024105310440063,0,0,0.0,0.0,0.0,-0.0011675212299451232,0.0002423076657578349,0.03295726329088211
3238,33,38,1.0,1.0055923461914062,0,0,0.0,0.0,0.0,-0.0013516240287572145,0.00035696878330782056,-0.014335883781313896
3239,33,39,1.0,1.0056594610214233,0,0,0.0,0.0,0.0,-0.0014820320066064596,1.8776801880449057e-05,-0.01536277960985899
3240,33,40,1.0,1.0055745840072632,0,0,0.0,0.0,0.0,-0.001334313303232193,0.00011464132694527507,-0.02445656806230545
3241,33,41,1.0,1.0055782794952393,0,0,0.0,0.0,0.0,-0.001358967856504023,7.81407579779625e-05,-0.024551041424274445
3242,33,42,1.0,1.0052570104599,0,0,0.0,0.25,0.0,-0.0014473441988229752,9.134813444688916e-05,-0.022744882851839066
3243,33,43,1.0,1.0046272277832031,0,0,0.0,0.0,0.0,-0.0006983744679018855,0.002434900961816311,-0.014291629195213318
3244,33,44,1.0,1.005111813545227,0,0,0.0,0.0,0.0,-0.001498947385698557,0.0009321701363660395,-0.006126977503299713
3245,33,45,1.0,1.0047407150268555,0,0,0.0,0.0,0.0,-0.0017830993747338653,0.0007009890978224576,-0.003375871106982231
3246,33,46,1.0,1.0017660856246948,0,0,0.0,0.0,0.0,-0.001051893923431635,0.00043318798998370767,-0.029560983180999756
3247,33,47,1.0,1.0017303228378296,0,0,0.0,0.0,0.0,-0.0010925405658781528,0.0003697655047290027,-0.02925635129213333
3248,33,48,1.0,1.0032994747161865,0,0,0.0,0.0,0.0,-0.0006534486310556531,0.00034393026726320386,-0.10859537124633789
3249,33,49,1.0,1.003290057182312,0,0,0.0,0.0,0.0,-0.0006595351733267307,0.00033284275559708476,-0.10852012783288956
3250,33,50,1.0,1.0049703121185303,0,0,0.0,0.0,-0.5,-0.0005339159397408366,-0.0005001456011086702,-0.20738862454891205
3251,33,51,1.0,0.9950209259986877,0,0,0.0,0.0,-0.5,-0.0002682108897715807,0.001002101693302393,-0.5436405539512634
3252,33,52,1.0,0.9885799288749695,0,0,0.0,0.0,-0.5,0.0007419456960633397,0.0008919839165173471,-0.5441136360168457
3253,33,53,1.0,0.9863494634628296,0,0,0.0,0.0,-0.5,0.0007439864566549659,0.0007701729773543775,-0.5357033014297485
3254,33,54,1.0,0.9871384501457214,0,0,0.0,0.0,-0.5,0.000808458891697228,0.0014850371517241001,-0.5320799350738525
3255,33,55,1.0,0.9910829067230225,0,0,0.0,0.0,-0.5,5.1031820476055145e-06,0.0011297296732664108,-0.5407180190086365
3256,33,56,1.0,0.9914145469665527,0,0,0.0,0.0,-0.5,-0.0012323244009166956,0.001204781699925661,-0.5477102398872375
3257,33,57,1.0,0.9925980567932129,0,0,0.0,0.0,-0.5,-0.0016447347588837147,0.0009758233209140599,-0.5534079670906067
3258,33,58,1.0,0.9963873624801636,0,0,0.0,0.0,-0.5,-0.0015568690141662955,0.0016876226291060448,-0.5710720419883728
3259,33,59,1.0,0.9972853660583496,0,0,0.0,0.0,-0.5,-0.0013975275214761496,0.0014901170507073402,-0.5713539719581604
3260,33,60,1.0,0.9854028820991516,0,0,0.0,0.0,-0.5,0.0022221929393708706,0.00041344057535752654,-0.48104435205459595
3261,33,61,1.0,0.9853081107139587,0,0,0.0,0.0,-0.5,0.002407723106443882,0.00044971442548558116,-0.42440563440322876
3262,33,62,1.0,1.0393840074539185,0,0,0.0,0.0,0.0,-0.0009450461366213858,-7.079046918079257e-05,-0.0638517290353775
3263,33,63,1.0,1.0452882051467896,0,0,0.0,0.0,0.0,-0.0011152926599606872,-0.0002748211845755577,-0.056005463004112244
3264,33,64,1.0,1.9310274124145508,0,1,0.0,0.0,0.0,0.0003508228110149503,0.0005099367699585855,-0.0037637013010680676
3265,33,65,1.0,1.9334323406219482,0,1,0.0,0.0,0.0,0.0003581986529752612,0.0005195289268158376,-0.0037106978707015514
3266,33,66,1.0,2.04264760017395,0,1,0.0,0.0,0.0,0.0012494464172050357,-0.0005276022711768746,-0.008219235576689243
3267,33,67,2.0,2.0428807735443115,1,1,0.0,0.0,0.0,0.001241836347617209,-0.0005183364264667034,-0.008179974742233753
3268,33,68,2.0,2.0495781898498535,1,1,0.0,0.0,0.0,0.0017336286837235093,-0.0009327469160780311,0.001859399490058422
3269,33,69,2.0,2.0542984008789062,1,1,0.0,0.0,0.0,0.0015314066549763083,-0.00082622334593907,0.0007743826135993004
3270,33,70,2.0,2.0615439414978027,1,1,0.0,0.0,0.0,0.001334728323854506,-0.0013301186263561249,0.004338454455137253
3271,33,71,2.0,2.0628466606140137,1,1,0.0,0.0,0.0,0.001083599985577166,-0.0011948456522077322,0.005443468689918518
3272,33,72,2.0,2.0677602291107178,1,1,0.0,0.0,0.0,0.0013338391436263919,-0.000799227855168283,0.005382830277085304
3273,33,73,2.0,2.069308280944824,1,1,0.0,0.0,0.0,0.0013339921133592725,-0.0008298181928694248,0.00579492375254631
3274,33,74,2.0,2.0773627758026123,1,1,0.0,0.0,0.0,0.0008266923250630498,-0.0002488625468686223,0.005567369982600212
3275,33,75,1.0,2.0774381160736084,0,1,0.0,0.0,0.0,0.000823856214992702,-0.00026691454695537686,0.005746286362409592
3276,33,76,1.0,2.0741641521453857,0,1,0.0,0.0,0.0,0.0006466846680268645,0.00020085560390725732,0.0031506409868597984
3277,33,77,1.0,2.074152946472168,0,1,0.0,0.0,0.0,0.0006500015733763576,0.00019838724983856082,0.0032050712034106255
3278,33,78,1.0,1.6590392589569092,0,1,0.0,0.0,0.0,-0.0007202309207059443,-0.00024658910115249455,-0.006461059674620628
3279,33,79,1.0,1.6561213731765747,0,1,0.0,0.0,0.0,-0.0007619663374498487,-0.00043032923713326454,-0.00662451796233654
3280,33,80,1.0,1.0090140104293823,0,0,0.0,0.0,0.0,-0.000788013101555407,-0.0009555188589729369,0.04429414123296738
3281,33,81,1.0,1.0087363719940186,0,0,0.0,0.0,0.0,-0.0008001331589184701,-0.0008507549646310508,0.04497392475605011
3282,33,82,1.0,1.0141520500183105,0,0,0.0,0.0,0.5,-0.0004377351142466068,-0.0004331218951847404,0.027517985552549362
3283,33,83,1.0,0.9928439855575562,0,0,0.0,0.0,0.5,0.0006756751099601388,0.0018922179006040096,0.524885892868042
3284,33,84,1.0,0.9968427419662476,0,0,0.0,0.0,0.5,0.00088190205860883,0.0012722259853035212,0.529560923576355
3285,33,85,1.0,0.9975510239601135,0,0,0.0,0.0,0.5,0.0006484132027253509,0.000906392524484545,0.5297965407371521
3286,33,86,1.0,0.9978857040405273,0,0,0.0,0.0,0.5,0.0006557261804118752,0.0012504770420491695,0.526610791683197
3287,33,87,1.0,0.998671293258667,0,0,0.0,0.0,0.5,0.0005462294211611152,0.0015135707799345255,0.5282971858978271
3288,33,88,1.0,0.9992981553077698,0,0,0.0,0.0,0.5,0.0011610566871240735,0.0007118179346434772,0.5291979908943176
3289,33,89,1.0,0.9978591203689575,0,0,0.0,0.0,0.5,0.0005548190092667937,0.00035085255512967706,0.5273969173431396
3290,33,90,1.0,0.9963555335998535,0,0,0.0,0.0,0.5,0.0007323535392060876,0.0011709763202816248,0.5281356573104858
3291,33,91,1.0,0.9939447045326233,0,0,0.0,0.0,0.5,0.0009074836270883679,0.000805433199275285,0.5249428749084473
3292,34,0,1.0,0.9980223774909973,0,0,0.0,0.0,0.0,0.0021353294141590595,-0.0016495806630700827,0.002951068803668022
3293,34,1,1.0,0.9993725419044495,0,0,0.0,0.0,0.0,0.0031576682813465595,-0.0014437204226851463,-0.004006452392786741
3294,34,2,1.0,0.9989904165267944,0,0,0.0,0.0,0.0,0.002870159689337015,-0.0009027643245644867,-0.00039975903928279877
3295,34,3,1.0,0.9976297616958618,0,0,0.0,0.0,0.0,0.0025178934447467327,-0.0010058069601655006,5.917064845561981e-05
3296,34,4,1.0,0.9955682754516602,0,0,0.0,0.0,0.0,0.0001999119995161891,-0.0015211557038128376,0.0018391506746411324
3297,34,5,1.0,0.9956268668174744,0,0,0.0,0.0,0.0,7.452629506587982e-05,-0.0015305520500987768,0.002294035628437996
3298,34,6,1.0,1.0026124715805054,0,0,0.0,0.0,0.0,-0.0031803068704903126,-0.00011045730207115412,-0.0018368558958172798
3299,34,7,1.0,1.002638816833496,0,0,0.0,0.0,0.0,-0.0031832470558583736,-0.00010757503332570195,-0.0017066998407244682
3300,34,8,1.0,1.0103387832641602,0,0,0.0,0.0,0.0,-0.0008639112347736955,0.0033182420302182436,-0.005446065217256546
3301,34,9,1.0,1.0103427171707153,0,0,0.25,0.0,0.0,-0.0008500301046296954,0.003316749120131135,-0.005407105665653944
3302,34,10,1.0,1.0066626071929932,0,0,0.25,0.0,0.0,0.25207284092903137,-0.001421579858288169,-0.005997752770781517
3303,34,11,1.0,1.0051376819610596,0,0,0.25,0.0,0.0,0.2526700496673584,-0.0007086224504746497,-0.008516374044120312
3304,34,12,1.0,1.011004090309143,0,0,0.25,0.0,0.0,0.2707726061344147,-0.0015902549494057894,-0.0008714878931641579
3305,34,13,1.0,1.006085753440857,0,0,0.25,0.0,0.0,0.2756183445453644,-0.0012430031783878803,0.0010025855153799057
3306,34,14,1.0,1.0033024549484253,0,0,0.25,0.0,0.0,0.27454841136932373,-0.002384018385782838,0.004125463776290417
3307,34,15,1.0,1.0062671899795532,0,0,0.25,0.0,0.0,0.2705933451652527,-0.002238126238808036,0.005833285860717297
3308,34,16,1.0,1.0042650699615479,0,0,0.25,0.0,0.0,0.2753109931945801,-0.0016459295293316245,0.002174733206629753
3309,34,17,1.0,1.001976490020752,0,0,0.25,0.0,0.0,0.27603602409362793,-0.0010203664423897862,0.005336090922355652
3310,34,18,1.0,1.0115071535110474,0,0,0.25,0.0,0.0,0.2744331359863281,-0.000922375766094774,0.003842046484351158
3311,34,19,1.0,1.0086443424224854,0,0,0.25,0.0,0.0,0.2678106427192688,-0.0013470922131091356,0.004080930724740028
3312,34,20,1.0,1.0149487257003784,0,0,0.25,0.0,0.0,0.2462615668773651,-0.0013357058633118868,0.0026313327252864838
3313,34,21,1.0,1.0097004175186157,0,0,0.25,0.0,0.0,0.1708631068468094,0.00093704933533445,-0.007207241840660572
3314,34,22,1.0,1.0022903680801392,0,0,0.0,0.0,0.0,0.1222907155752182,0.0023025625851005316,-0.0006542978808283806
3315,34,23,1.0,0.9955168962478638,0,0,0.0,0.0,0.0,0.05418260022997856,0.001189517555758357,-0.011705403216183186
3316,34,24,1.0,0.9855145215988159,0,0,0.0,0.0,0.0,-0.0009773650672286749,-0.00412098690867424,-0.00403402466326952
3317,34,25,1.0,0.9908866286277771,0,0,0.0,0.0,0.0,-0.006918652448803186,-0.0040037017315626144,-0.0018727974966168404
3318,34,26,1.0,0.9911791086196899,0,0,0.0,0.0,0.0,-0.006982575636357069,0.002011704258620739,-0.004819910973310471
3319,34,27,1.0,0.991266667842865,0,0,0.0,0.0,0.0,-0.007454650942236185,0.0024748414289206266,-0.005512936972081661
3320,34,28,1.0,0.9973846077919006,0,0,0.0,0.0,0.0,-0.0004060337087139487,0.033341243863105774,-0.008806473575532436
3321,34,29,1.0,0.9973528385162354,0,0,0.0,0.25,0.0,-0.0004208805039525032,0.03346186503767967,-0.008934189565479755
3322,34,30,1.0,0.9919061660766602,0,0,0.0,0.25,0.0,-0.0006779887480661273,0.2614956796169281,0.008460828103125095
3323,34,31,1.0,0.9922284483909607,0,0,0.0,0.25,0.0,0.00024163327179849148,0.2648622393608093,0.008427620865404606
3324,34,32,1.0,0.994665801525116,0,0,0.0,0.25,0.0,0.0017839487409219146,0.2716526687145233,0.004414822906255722
3325,34,33,1.0,0.9914461970329285,0,0,0.0,0.25,0.0,0.0018991614924743772,0.27073439955711365,0.005668185651302338
3326,34,34,1.0,0.9870443344116211,0,0,0.0,0.25,0.0,0.002967987209558487,0.2757367193698883,0.007069225423038006
3327,34,35,1.0,0.9863078594207764,0,0,0.0,0.25,0.0,0.0011618415592238307,0.2770559787750244,0.008855418302118778
3328,34,36,1.0,0.9886000156402588,0,0,0.0,0.25,0.0,0.002538550179451704,0.28122738003730774,0.007501513697206974
3329,34,37,1.0,0.9897452592849731,0,0,0.0,0.25,0.0,0.002329397015273571,0.2788330614566803,0.007185102440416813
3330,34,38,1.0,0.9832513332366943,0,0,0.0,0.25,0.0,0.0017427304992452264,0.23705372214317322,-0.01121198944747448
3331,34,39,1.0,0.9875624775886536,0,0,0.0,0.0,0.0,-0.0011469116434454918,0.14689220488071442,-0.031183816492557526
3332,34,40,1.0,0.9988406896591187,0,0,0.0,0.0,0.0,-0.0015571261756122112,0.003563622245565057,0.0255107618868351
3333,34,41,1.0,0.9999781250953674,0,0,0.0,0.0,0.0,-0.0016671187477186322,-0.0003774102951865643,0.034880079329013824
3334,34,42,1.0,1.0031225681304932,0,0,0.0,0.0,0.0,-0.0022041143383830786,-0.00035540785756893456,0.027044840157032013
3335,34,43,1.0,1.0029377937316895,0,0,0.0,0.0,0.0,-0.0022673136554658413,-0.0010336493141949177,0.02476411685347557
3336,34,44,1.0,1.0024598836898804,0,0,0.0,0.0,0.0,-0.0018061938462778926,-0.0003291044558864087,-0.024099523201584816
3337,34,45,1.0,1.0024715662002563,0,0,0.0,0.0,0.0,-0.0018201990751549602,-0.0003859687130898237,-0.024725981056690216
3338,34,46,1.0,1.0029157400131226,0,0,0.0,0.25,0.0,-0.001572075067088008,-0.0004941502120345831,-0.02614009380340576
3339,34,47,1.0,1.0027759075164795,0,0,0.0,0.25,0.0,-0.0012916792184114456,0.005470274481922388,-0.056673068553209305
3340,34,48,1.0,1.003288745880127,0,0,0.0,0.0,0.0,-0.0007824174244888127,0.010598964057862759,-0.04097222536802292
3341,34,49,1.0,1.0044958591461182,0,0,0.0,0.0,0.0,-0.001574090332724154,0.0029682836029678583,-0.03847499564290047
3342,34,50,1.0,1.0034273862838745,0,0,0.0,0.0,0.0,-0.0017934172647073865,0.000773059029597789,-0.045105695724487305
3343,34,51,1.0,1.003156304359436,0,0,0.0,0.0,0.0,-0.001958636799827218,0.0003247601562179625,-0.045066989958286285
3344,34,52,1.0,1.0027241706848145,0,0,0.0,0.0,0.0,-0.0011718268506228924,0.0006208879058249295,-0.08005663752555847
3345,34,53,1.0,1.0026859045028687,0,0,0.0,0.0,0.0,-0.0011917098890990019,0.0005671809776686132,-0.07974713295698166
3346,34,54,1.0,1.002900242805481,0,0,0.0,0.0,0.0,-0.0009484871989116073,0.00022244290448725224,-0.11271792650222778
3347,34,55,1.0,1.002881646156311,0,0,0.0,0.0,0.0,-0.0009509713272564113,0.00021531537640839815,-0.1125747412443161
3348,34,56,1.0,1.0025901794433594,0,0,0.0,0.0,-0.5,-0.0011208264622837305,0.0004745422047562897,-0.0975114107131958
3349,34,57,1.0,0.9935533404350281,0,0,0.0,0.0,-0.5,-0.0006106544751673937,0.001959120621904731,-0.5393825769424438
3350,34,58,1.0,0.9928588271141052,0,0,0.0,0.0,-0.5,-0.00013213662896305323,0.0015316256321966648,-0.5434455871582031
3351,34,59,1.0,0.9907733798027039,0,0,0.0,0.0,-0.5,-0.0002250991528853774,0.0017591253854334354,-0.5269212126731873
3352,34,60,1.0,0.9893931746482849,0,0,0.0,0.0,-0.5,0.0006960966857150197,0.0018505793996155262,-0.5290307402610779
3353,34,61,1.0,0.9927934408187866,0,0,0.0,0.0,-0.5,0.0006893220124766231,0.0014339936897158623,-0.5353713631629944
3354,34,62,1.0,0.9919283390045166,0,0,0.0,0.0,-0.5,-0.001424335641786456,0.0013775043189525604,-0.5437847971916199
3355,34,63,1.0,0.9949362874031067,0,0,0.0,0.0,-0.5,-0.0015204132068902254,0.0009454974788241088,-0.5510771870613098
3356,34,64,1.0,0.9977728724479675,0,0,0.0,0.0,-0.5,-0.0011984669836238027,0.0017316213343292475,-0.563926637172699
3357,34,65,1.0,1.0008550882339478,0,0,0.0,0.0,-0.5,-0.001217497163452208,0.0012012699153274298,-0.5677074790000916
3358,34,66,1.0,0.99847012758255,0,0,0.0,0.0,-0.5,0.001015875837765634,-0.0004697808180935681,-0.5581164956092834
3359,34,67,1.0,0.9977740049362183,0,0,0.0,0.0,-0.5,0.0011040306417271495,-0.0004211471532471478,-0.5544226169586182
3360,34,68,1.0,1.053178071975708,0,0,0.0,0.0,-0.5,0.0027471259236335754,-0.0002771737927105278,-0.19640636444091797
3361,34,69,1.0,1.053868055343628,0,0,0.0,0.0,0.0,0.002685711719095707,-0.000275078957201913,-0.1924239993095398
3362,34,70,1.0,1.294582724571228,0,0,0.0,0.0,0.0,0.002712265122681856,0.00026039546355605125,-0.08749216794967651
3363,34,71,1.0,1.2948603630065918,0,0,0.0,0.0,0.0,0.0027034245431423187,0.000253344071097672,-0.08702393621206284
3364,34,72,1.0,1.6032590866088867,0,1,0.0,0.0,0.0,0.002274691592901945,0.0011609678622335196,-0.0447867251932621
3365,34,73,1.0,1.6032546758651733,0,1,0.0,0.0,0.0,0.002271049190312624,0.0011582225561141968,-0.044748950749635696
3366,34,74,2.0,1.8849438428878784,1,1,0.0,0.0,0.0,0.0019362265011295676,0.0020755585283041,-0.024040117859840393
3367,34,75,2.0,2.052314281463623,1,1,0.0,0.0,0.0,0.002333607990294695,-0.00024313264293596148,0.0014422666281461716
3368,34,76,2.0,2.056211471557617,1,1,0.0,0.0,0.0,0.002489177044481039,-0.0008989981142804027,0.0029951250180602074
3369,34,77,2.0,2.0539608001708984,1,1,0.0,0.0,0.0,0.002038234379142523,-0.001434558304026723,0.001529000699520111
3370,34,78,2.0,2.0581939220428467,1,1,0.0,0.0,0.0,0.0022012502886354923,-0.0011725170770660043,0.004645083099603653
3371,34,79,2.0,2.0589263439178467,1,1,0.0,0.0,0.0,0.002046771813184023,-0.0011205141199752688,0.005551728419959545
3372,34,80,2.0,2.0623581409454346,1,1,0.0,0.0,0.0,0.002053576987236738,-0.0010087966220453382,0.004760517738759518
3373,34,81,2.0,2.062654495239258,1,1,0.0,0.0,0.0,0.0019445460056886077,-0.0009933261899277568,0.004546950571238995
3374,34,82,2.0,2.0660910606384277,1,1,0.0,0.0,0.0,0.0013100366340950131,-0.0010115201584994793,0.00350863765925169
3375,34,83,1.0,2.0659990310668945,0,1,0.0,0.0,0.0,0.0010893711587414145,-0.0008946370217017829,0.0034213559702038765
3376,34,84,1.0,2.072486400604248,0,1,0.0,0.0,0.0,0.0003671004669740796,-0.0003591958375182003,0.0017619645223021507
3377,34,85,1.0,2.065890073776245,0,1,0.0,0.0,0.0,-0.0005839514778926969,-0.0003780934202950448,-0.0009959107264876366
3378,34,86,1.0,1.2619776725769043,0,0,0.0,0.0,0.0,-0.0017980081029236317,-0.006151825189590454,-0.025242868810892105
3379,34,87,1.0,1.2211792469024658,0,0,0.0,0.0,0.0,-0.0010046993847936392,-0.005697201006114483,-0.031165026128292084
3380,34,88,1.0,1.0167676210403442,0,0,0.0,0.0,0.0,-0.0006555030704475939,-0.006329551339149475,0.0027442770078778267
3381,34,89,1.0,1.0251134634017944,0,0,0.0,0.0,0.0,-0.0006190011044964194,-0.0042880200780928135,-0.01059412769973278
3382,34,90,1.0,1.0474529266357422,0,0,0.0,0.0,0.0,-0.0015666354447603226,-0.003986458294093609,-0.01800917461514473
3383,34,91,1.0,1.0247894525527954,0,0,0.0,0.0,0.0,-0.0006552431732416153,-0.002926913322880864,-3.8168393075466156e-05
3384,34,92,1.0,1.0144144296646118,0,0,0.0,0.0,0.5,-0.0021105981431901455,-0.0016094513703137636,0.03657230734825134
3385,34,93,1.0,0.9981465339660645,0,0,0.0,0.0,0.5,0.001127930241636932,0.00134257972240448,0.5277815461158752
3386,34,94,1.0,0.9956337809562683,0,0,0.0,0.0,0.5,0.0009607659885659814,0.0016114043537527323,0.5282649993896484
3387,34,95,1.0,0.9988917708396912,0,0,0.0,0.0,0.5,0.0005316714523360133,0.0015324398409575224,0.5298871397972107
3388,34,96,1.0,0.9992828369140625,0,0,0.0,0.0,0.5,0.00041933555621653795,0.001233438728377223,0.5251069068908691
3389,34,97,1.0,0.9966569542884827,0,0,0.0,0.0,0.5,0.0004022609209641814,0.0013487350661307573,0.5288195013999939
3390,34,98,1.0,0.9974475502967834,0,0,0.0,0.0,0.5,0.0008972639916464686,0.0017779557965695858,0.5285095572471619
3391,34,99,1.0,0.9960009455680847,0,0,0.0,0.0,0.5,0.0008629363728687167,0.0014878381043672562,0.527221143245697
3392,34,100,1.0,0.9987754821777344,0,0,0.0,0.0,0.5,0.0007850973634049296,0.0009684103424660861,0.5283157825469971
3393,34,101,1.0,0.9979605078697205,0,0,0.0,0.0,0.5,0.0006691975286230445,0.000805369287263602,0.5279287099838257
3394,35,0,1.0,0.994790256023407,0,0,0.0,0.0,0.0,0.0008609731448814273,0.0007487397524528205,-0.0016807219944894314
3395,35,1,1.0,0.9934422373771667,0,0,0.0,0.0,0.0,0.0010719556594267488,0.00042973196832463145,-0.008704163134098053
3396,35,2,1.0,0.9964932799339294,0,0,0.0,0.0,0.0,0.0018699845531955361,0.0002205406199209392,-0.004825281910598278
3397,35,3,1.0,0.9968582987785339,0,0,0.0,0.0,0.0,0.0019287675386294723,0.0002455302164889872,-0.003324660938233137
3398,35,4,1.0,0.9963975548744202,0,0,0.0,0.0,0.0,0.0020502922125160694,0.00023017363855615258,0.0018629087135195732
3399,35,5,1.0,0.9963771104812622,0,0,0.0,0.0,0.0,0.0019526878604665399,0.00020602328004315495,0.0024636024609208107
3400,35,6,1.0,0.9984399676322937,0,0,0.0,0.0,0.0,-0.00015896058175712824,0.0007074700552038848,0.008334902115166187
3401,35,7,1.0,0.9984652996063232,0,0,0.0,0.0,0.0,-0.0001753688557073474,0.0007045250968076289,0.00851703342050314
3402,35,8,1.0,1.001548171043396,0,0,0.0,0.0,0.0,-0.0008939597173593938,0.0009520489838905632,0.008035545237362385
3403,35,9,1.0,1.0015549659729004,0,0,0.0,0.0,0.0,-0.0008970688795670867,0.0009510204545222223,0.008082806132733822
3404,35,10,1.0,1.0043057203292847,0,0,0.0,0.0,0.0,-0.0013740371214225888,0.0008671683608554304,0.011197875253856182
3405,35,11,1.0,1.0043071508407593,0,0,0.0,0.0,0.0,-0.001374069950543344,0.000866695016156882,0.011208334006369114
3406,35,12,1.0,1.0042577981948853,0,0,0.0,0.0,0.0,-0.001362823648378253,0.000866174406837672,0.011165202595293522
3407,35,13,1.0,1.004258155822754,0,0,0.25,0.0,0.0,-0.0013628301676362753,0.0008660541498102248,0.011167858727276325
3408,35,14,1.0,1.0090469121932983,0,0,0.25,0.0,0.0,0.19404755532741547,0.004018093459308147,0.0037188902497291565
3409,35,15,1.0,1.0018341541290283,0,0,0.25,0.0,0.0,0.2689070999622345,0.0010290592908859253,0.0025485092774033546
3410,35,16,1.0,1.0082272291183472,0,0,0.25,0.0,0.0,0.27352073788642883,-9.64535865932703e-05,0.009329746477305889
3411,35,17,1.0,1.016427993774414,0,0,0.25,0.0,0.0,0.2731688320636749,-0.0016153673641383648,0.01575499027967453
3412,35,18,1.0,1.0122541189193726,0,0,0.25,0.0,0.0,0.2729729413986206,-0.0020647714845836163,0.00976694468408823
3413,35,19,1.0,1.012467622756958,0,0,0.25,0.0,0.0,0.27186864614486694,-0.0017419373616576195,0.010918538086116314
3414,35,20,1.0,1.013542890548706,0,0,0.25,0.0,0.0,0.2765744924545288,-0.0009170437115244567,0.008809753693640232
3415,35,21,1.0,1.0153685808181763,0,0,0.25,0.0,0.0,0.2788795530796051,-0.0006224408280104399,0.0070260437205433846
3416,35,22,1.0,1.011661171913147,0,0,0.25,0.0,0.0,0.27717047929763794,0.0002591699594631791,0.0047434912994503975
3417,35,23,1.0,1.0068429708480835,0,0,0.25,0.0,0.0,0.2549002170562744,-0.002657688455656171,-0.007184752728790045
3418,35,24,1.0,1.0048768520355225,0,0,0.25,0.0,0.0,0.18503352999687195,-0.0017724584322422743,-0.00393681088462472
3419,35,25,1.0,1.0001864433288574,0,0,0.0,0.0,0.0,0.13680456578731537,-0.003016093047335744,-0.0021988400258123875
3420,35,26,1.0,1.000239372253418,0,0,0.0,0.0,0.0,0.0589238703250885,-0.007117223460227251,-0.0005640964955091476
3421,35,27,1.0,0.9970226883888245,0,0,0.0,0.0,0.0,0.009055578149855137,-0.0071288407780230045,-0.0009102644398808479
3422,35,28,1.0,0.99650639295578,0,0,0.0,0.0,0.0,-0.01147234532982111,-0.00677460664883256,-0.010719108395278454
3423,35,29,1.0,0.9954236149787903,0,0,0.0,0.0,0.0,-0.01474534347653389,-0.005986653733998537,-0.009297669865190983
3424,35,30,1.0,0.9986645579338074,0,0,0.0,0.0,0.0,-0.008742746897041798,-0.003103345399722457,-0.007606020197272301
3425,35,31,1.0,0.9984291791915894,0,0,0.0,0.0,0.0,-0.008950934745371342,-0.0029201721772551537,-0.007950007915496826
3426,35,32,1.0,1.0035202503204346,0,0,0.0,-0.25,0.0,-0.004880753345787525,-0.017252180725336075,0.0012226402759552002
3427,35,33,1.0,0.9906725287437439,0,0,0.0,-0.25,0.0,-0.002708994783461094,-0.2764049172401428,-0.0012134299613535404
3428,35,34,1.0,0.991384744644165,0,0,0.0,-0.25,0.0,-0.0028584329411387444,-0.275349497795105,0.0010079527273774147
3429,35,35,1.0,0.9908066391944885,0,0,0.0,-0.25,0.0,-0.0019590253941714764,-0.2783561944961548,0.0013092439621686935
3430,35,36,1.0,0.9974932670593262,0,0,0.0,-0.25,0.0,-0.0008439778466708958,-0.27890101075172424,-0.00011470913887023926
3431,35,37,1.0,0.9890152812004089,0,0,0.0,-0.25,0.0,-0.0012438062112778425,-0.28207623958587646,0.0011639846488833427
3432,35,38,1.0,0.9924525022506714,0,0,0.0,-0.25,0.0,-0.001228515524417162,-0.28135553002357483,-0.0009048162028193474
3433,35,39,1.0,0.9968039989471436,0,0,0.0,-0.25,0.0,-0.0030272887088358402,-0.27581456303596497,-0.015509549528360367
3434,35,40,1.0,1.000821828842163,0,0,0.0,-0.25,0.0,-0.002238351386040449,-0.265811562538147,-0.01760525070130825
3435,35,41,1.0,0.997661292552948,0,0,0.0,-0.25,0.0,-0.0021742782555520535,-0.24345405399799347,-0.028698258101940155
3436,35,42,1.0,0.9977984428405762,0,0,0.0,-0.25,0.0,-0.0024839406833052635,-0.1761738806962967,-0.03587987646460533
3437,35,43,1.0,0.997133195400238,0,0,0.0,-0.25,0.0,-0.0010884478688240051,-0.06457164883613586,-0.03213248401880264
3438,35,44,1.0,1.000018835067749,0,0,0.0,0.0,0.0,-0.0014207385247573256,-0.011391788721084595,-0.036451928317546844
3439,35,45,1.0,1.0038141012191772,0,0,0.0,0.0,0.0,-0.001034041866660118,-0.002276209183037281,-0.02514604851603508
3440,35,46,1.0,1.004197359085083,0,0,0.0,0.0,0.0,-0.0015293903416022658,-0.0004279484855942428,-0.018411075696349144
3441,35,47,1.0,1.0041505098342896,0,0,0.0,0.0,0.0,-0.001509972964413464,-0.0001595274661667645,-0.019589301198720932
3442,35,48,1.0,1.003880262374878,0,0,0.0,0.0,0.0,-0.0015814137877896428,0.00010770250810310245,-0.009275691583752632
3443,35,49,1.0,1.0038259029388428,0,0,0.0,0.0,0.0,-0.0015917315613478422,0.00013459182810038328,-0.009654378518462181
3444,35,50,1.0,1.0023671388626099,0,0,0.0,0.0,0.0,-0.001223524915985763,0.0002716417075134814,-0.03490887209773064
3445,35,51,1.0,1.0023748874664307,0,0,0.0,0.0,0.0,-0.0012203807709738612,0.0002786445547826588,-0.03513425588607788
3446,35,52,1.0,1.0025074481964111,0,0,0.0,0.0,0.0,-0.0011460783425718546,0.00016067642718553543,-0.03975779563188553
3447,35,53,1.0,1.0025115013122559,0,0,0.0,0.0,0.0,-0.001145251328125596,0.00016207597218453884,-0.039824213832616806
3448,35,54,1.0,1.0023623704910278,0,0,0.0,0.0,-0.5,-0.001417986350134015,0.00020528770983219147,-0.024245504289865494
3449,35,55,1.0,0.9975781440734863,0,0,0.0,0.0,-0.5,-0.0002909967442974448,0.0012454232200980186,-0.5471362471580505
3450,35,56,1.0,0.9936350584030151,0,0,0.0,0.0,-0.5,5.097314715385437e-05,0.0007402626215480268,-0.544622540473938
3451,35,57,1.0,0.9890071153640747,0,0,0.0,0.0,-0.5,0.00015419535338878632,0.0007306737243197858,-0.5409691333770752
3452,35,58,1.0,0.984810471534729,0,0,0.0,0.0,-0.5,0.0003932894906029105,-0.00023054316989146173,-0.5337644815444946
3453,35,59,1.0,0.9884770512580872,0,0,0.0,0.0,-0.5,-2.5827321223914623e-05,0.0006888633943162858,-0.5275556445121765
3454,35,60,1.0,0.9902030229568481,0,0,0.0,0.0,-0.5,-0.0008834805921651423,0.0006269319565035403,-0.5409287214279175
3455,35,61,1.0,0.993270993232727,0,0,0.0,0.0,-0.5,-0.0015055886469781399,-0.0001660966081544757,-0.5458406805992126
3456,35,62,1.0,0.998996376991272,0,0,0.0,0.0,-0.5,-0.0015455299289897084,0.000176078116055578,-0.5653531551361084
3457,35,63,1.0,1.0015548467636108,0,0,0.0,0.0,-0.5,-0.0016092226142063737,0.00015078822616487741,-0.5698314309120178
3458,35,64,1.0,1.0029655694961548,0,0,0.0,0.0,-0.5,-0.0011760209454223514,0.0009004256571643054,-0.567585825920105
3459,35,65,1.0,1.0022871494293213,0,0,0.0,0.0,-0.5,-0.0010752953821793199,0.0010308315977454185,-0.5622870326042175
3460,35,66,1.0,0.9848616123199463,0,0,0.0,0.0,0.0,0.000450410065241158,0.0011947995517402887,-0.28904321789741516
3461,35,67,1.0,0.985095202922821,0,0,0.0,0.0,0.0,0.00038669805508106947,0.0011430010199546814,-0.2771616280078888
3462,35,68,1.0,1.2176438570022583,0,0,0.0,0.0,0.0,-0.0003904113546013832,-0.001093467464670539,-0.013714938424527645
3463,35,69,1.0,1.2199139595031738,0,0,0.0,0.0,0.0,-0.0003706441493704915,-0.001080946996808052,-0.013634883798658848
3464,35,70,1.0,1.4467110633850098,0,0,0.0,0.0,0.0,0.0004682637518271804,0.0005363528034649789,-0.011307849548757076
3465,35,71,1.0,1.4486535787582397,0,0,0.0,0.0,0.0,0.0004833083366975188,0.0005427351570688188,-0.011253368109464645
3466,35,72,2.0,1.611249327659607,1,1,0.0,0.0,0.0,0.001155839883722365,0.0012809571344405413,-0.008907759562134743
3467,35,73,2.0,2.0487961769104004,1,1,0.0,0.0,0.0,0.0017634882824495435,-0.000318256119498983,0.003635464236140251
3468,35,74,2.0,2.0570333003997803,1,1,0.0,0.0,0.0,0.001060185139067471,-0.0010340497829020023,-9.652413427829742e-05
3469,35,75,2.0,2.051919937133789,1,1,0.0,0.0,0.0,0.0011678565060719848,-0.001596219022758305,0.0004970934242010117
3470,35,76,2.0,2.0571861267089844,1,1,0.0,0.0,0.0,0.001105195959098637,-0.0010604823473840952,0.006130755878984928
3471,35,77,2.0,2.0604684352874756,1,1,0.0,0.0,0.0,0.0008249682141467929,-0.001051789615303278,0.0071943895891308784
3472,35,78,2.0,2.0605311393737793,1,1,0.0,0.0,0.0,0.0014157475670799613,-0.0010417420417070389,0.006254084408283234
3473,35,79,2.0,2.0621836185455322,1,1,0.0,0.0,0.0,0.0011615949915722013,-0.0009223246015608311,0.007055005989968777
3474,35,80,2.0,2.062037467956543,1,1,0.0,0.0,0.0,0.0016099148197099566,-0.00046143378131091595,0.003614715300500393
3475,35,81,1.0,2.0636720657348633,0,1,0.0,0.0,0.0,0.0012386332964524627,-0.00031067762756720185,0.005173670127987862
3476,35,82,1.0,1.0327444076538086,0,0,0.0,0.0,0.0,-0.0007790426025167108,-0.0020614536479115486,-0.02608228474855423
3477,35,83,1.0,1.10238516330719,0,0,0.0,0.0,0.0,-0.002783848438411951,-0.0017305780202150345,-0.03801039233803749
3478,35,84,1.0,1.0132761001586914,0,0,0.0,0.0,0.0,-0.0010574093321338296,-0.0021185572259128094,-0.01275642216205597
3479,35,85,1.0,1.0045615434646606,0,0,0.0,0.0,0.0,-0.0015320973470807076,-0.0018773553892970085,0.011249729432165623
3480,35,86,1.0,0.9950613379478455,0,0,0.0,0.0,0.0,-0.0002619685837998986,-0.0013788107316941023,0.21061880886554718
3481,35,87,1.0,0.9950926899909973,0,0,0.0,0.0,0.0,-0.00026473659090697765,-0.0013733336236327887,0.21786846220493317
3482,35,88,1.0,0.9993664026260376,0,0,0.0,0.0,0.0,-0.00048147502820938826,8.022919064387679e-05,0.36026108264923096
3483,35,89,1.0,0.9996432662010193,0,0,0.0,0.0,0.5,-0.0003875704715028405,4.1615916416049004e-05,0.35885703563690186
3484,35,90,1.0,0.9985547661781311,0,0,0.0,0.0,0.5,0.0009459658758714795,0.00012752757174894214,0.5269652605056763
3485,35,91,1.0,0.9966412782669067,0,0,0.0,0.0,0.5,0.0004710442153736949,0.0011463661212474108,0.5286397337913513
3486,35,92,1.0,0.9973089098930359,0,0,0.0,0.0,0.5,0.00047393504064530134,0.0006294691120274365,0.5286409258842468
3487,35,93,1.0,0.9988618493080139,0,0,0.0,0.0,0.5,0.0009029792854562402,0.0009976350702345371,0.5289118885993958
3488,35,94,1.0,0.9981775283813477,0,0,0.0,0.0,0.5,9.87170496955514e-05,0.0004566481220535934,0.5282549262046814
3489,35,95,1.0,0.998212993144989,0,0,0.0,0.0,0.5,5.2679795771837234e-05,0.0006225983961485326,0.5297837257385254
3490,35,96,1.0,0.9988613128662109,0,0,0.0,0.0,0.5,0.0003116093575954437,0.0007208474562503397,0.5286374688148499
3491,35,97,1.0,0.9975140690803528,0,0,0.0,0.0,0.5,2.4797511287033558e-05,0.0009371088235639036,0.5294870138168335
3492,35,98,1.0,0.9975621700286865,0,0,0.0,0.0,0.5,0.0004588112933561206,0.0009345656144432724,0.5296826958656311
3493,36,0,1.0,0.9956480264663696,0,0,0.0,0.0,0.0,0.0023667295463383198,0.0003036353155039251,0.004342376254498959
3494,36,1,1.0,0.9951536655426025,0,0,0.0,0.0,0.0,0.0020996970124542713,0.0009118307498283684,-0.0015157219022512436
3495,36,2,1.0,0.9963737726211548,0,0,0.0,0.0,0.0,0.0012111383257433772,0.0016936738975346088,0.0019639860838651657
3496,36,3,1.0,0.9961748123168945,0,0,0.0,0.0,0.0,0.001085586496628821,0.0016736071556806564,0.003262275829911232
3497,36,4,1.0,0.9936438202857971,0,0,0.0,0.0,0.0,0.0007374862907454371,0.003220360493287444,0.0010077375918626785
3498,36,5,1.0,0.9936102628707886,0,0,0.0,0.0,0.0,0.0007144707487896085,0.0032186105381697416,0.0013535702601075172
3499,36,6,1.0,0.9951800107955933,0,0,0.0,0.0,0.0,0.0005353527376428246,0.001996150705963373,0.00048711616545915604
3500,36,7,1.0,0.9951600432395935,0,0,0.0,0.0,0.0,0.0005516913952305913,0.0019944312516599894,0.0006022676825523376
3501,36,8,1.0,0.9942816495895386,0,0,0.0,0.0,0.0,-0.016558006405830383,0.0019069488625973463,-0.0031023244373500347
3502,36,9,1.0,0.9942757487297058,0,0,-0.25,0.0,0.0,-0.016542619094252586,0.0019053700380027294,-0.00307348370552063
3503,36,10,1.0,0.9806138277053833,0,0,-0.25,0.0,0.0,-0.2326207309961319,-0.0004930167924612761,0.010760349221527576
3504,36,11,1.0,0.9865044951438904,0,0,-0.25,0.0,0.0,-0.25723350048065186,-0.0025364018511027098,0.009434985928237438
3505,36,12,1.0,0.982106626033783,0,0,-0.25,0.0,0.0,-0.26774340867996216,-0.002544599585235119,0.002930094487965107
3506,36,13,1.0,0.9806183576583862,0,0,-0.25,0.0,0.0,-0.2709861397743225,-0.0020050122402608395,0.005347051657736301
3507,36,14,1.0,0.9853246808052063,0,0,-0.25,0.0,0.0,-0.2742249071598053,-0.0023305367212742567,-0.002009254414588213
3508,36,15,1.0,0.9797607064247131,0,0,-0.25,0.0,0.0,-0.27309349179267883,-0.0011283791391178966,-0.0023057064972817898
3509,36,16,1.0,0.9818747639656067,0,0,-0.25,0.0,0.0,-0.27431240677833557,-0.00035731782554648817,0.0024571185931563377
3510,36,17,1.0,0.9819332361221313,0,0,-0.25,0.0,0.0,-0.27997255325317383,-0.0012211939319968224,0.005331435240805149
3511,36,18,1.0,0.9897285103797913,0,0,-0.25,0.0,0.0,-0.2871285676956177,-0.0004647983005270362,0.007392668165266514
3512,36,19,1.0,0.993739902973175,0,0,-0.25,0.0,0.0,-0.2870953679084778,-0.00010679790284484625,0.0074369041249156
3513,36,20,1.0,0.9983462691307068,0,0,-0.25,0.0,0.0,-0.2767254114151001,0.001306076068431139,0.00699347909539938
3514,36,21,1.0,1.0019646883010864,0,0,-0.25,0.0,0.0,-0.2627866566181183,0.0006845989846624434,0.011380570940673351
3515,36,22,1.0,0.9808470010757446,0,0,-0.25,0.0,0.0,-0.13902363181114197,-0.002987577812746167,0.0001570405438542366
3516,36,23,1.0,0.9865021705627441,0,0,0.0,0.0,0.0,-0.0807267501950264,-0.002810568083077669,0.0003861142322421074
3517,36,24,1.0,0.987400233745575,0,0,0.0,0.0,0.0,-0.030915506184101105,-0.0062547712586820126,-0.006094601936638355
3518,36,25,1.0,0.9890373945236206,0,0,0.0,0.0,0.0,-0.012318679131567478,-0.0074137174524366856,-0.003006208688020706
3519,36,26,1.0,0.9951187372207642,0,0,0.0,0.0,0.0,-0.004707551095634699,-0.004206156358122826,0.006553215906023979
3520,36,27,1.0,0.9953277111053467,0,0,0.0,0.0,0.0,-0.0032117501832544804,-0.004329070448875427,0.007200782187283039
3521,36,28,1.0,1.0048948526382446,0,0,0.0,0.0,0.0,0.0007361065363511443,-0.03653046488761902,0.017119787633419037
3522,36,29,1.0,1.0048863887786865,0,0,0.0,0.0,0.0,0.0008419136283919215,-0.03655547648668289,0.01708552986383438
3523,36,30,1.0,1.0077810287475586,0,0,0.0,0.0,0.0,2.9711402021348476e-05,-0.09756231307983398,0.017290759831666946
3524,36,31,1.0,1.0077725648880005,0,0,0.0,-0.25,0.0,4.0862709283828735e-05,-0.09756053239107132,0.017292093485593796
3525,36,32,1.0,0.9931883215904236,0,0,0.0,-0.25,0.0,-0.002135873306542635,-0.2702510356903076,-0.001208944246172905
3526,36,33,1.0,0.9977790713310242,0,0,0.0,-0.25,0.0,-0.002130418550223112,-0.27108174562454224,0.003195269964635372
3527,36,34,1.0,0.9924142360687256,0,0,0.0,-0.25,0.0,-0.0023143619764596224,-0.2750476598739624,0.0014332793653011322
3528,36,35,1.0,0.9920856952667236,0,0,0.0,-0.25,0.0,-0.002414069836959243,-0.2763023376464844,-0.0015658028423786163
3529,36,36,1.0,1.0050315856933594,0,0,0.0,-0.25,0.0,-0.0020833176095038652,-0.2747516632080078,0.001883057877421379
3530,36,37,1.0,0.99979168176651,0,0,0.0,-0.25,0.0,-0.0022713160142302513,-0.2772481441497803,0.0032366327941417694
3531,36,38,1.0,1.0021216869354248,0,0,0.0,-0.25,0.0,-0.0026110163889825344,-0.27631866931915283,0.003876286558806896
3532,36,39,1.0,1.004991888999939,0,0,0.0,-0.25,0.0,-0.0023441892117261887,-0.26899683475494385,0.0019533298909664154
3533,36,40,1.0,1.0078709125518799,0,0,0.0,-0.25,0.0,-0.0008606944466009736,-0.2623000741004944,-0.0061696600168943405
3534,36,41,1.0,1.002236008644104,0,0,0.0,-0.25,0.0,-0.0014368662377819419,-0.21551202237606049,-0.02068110927939415
3535,36,42,1.0,0.995557963848114,0,0,0.0,-0.25,0.0,-6.433273665606976e-05,-0.0393342450261116,-0.033820509910583496
3536,36,43,1.0,1.0010650157928467,0,0,0.0,0.0,0.0,-0.001552325556986034,-0.012309488840401173,-0.03132489696145058
3537,36,44,1.0,1.002488374710083,0,0,0.0,0.0,0.0,-0.002481884555891156,-0.002111945068463683,-0.013421859592199326
3538,36,45,1.0,1.0034096240997314,0,0,0.0,0.0,0.0,-0.002375152660533786,-0.00024035529349930584,-0.0030295890755951405
3539,36,46,1.0,1.0030885934829712,0,0,0.0,0.0,0.0,-0.0017549146432429552,0.0005053812055848539,-0.0043606748804450035
3540,36,47,1.0,1.003020167350769,0,0,0.0,0.0,0.0,-0.0017133457586169243,0.0006674194592051208,-0.004965847358107567
3541,36,48,1.0,1.0017635822296143,0,0,0.0,0.0,0.0,-0.001096654450520873,0.0008628315408714116,-0.02860303223133087
3542,36,49,1.0,1.0017753839492798,0,0,0.0,0.0,0.0,-0.0011018794029951096,0.0008910142933018506,-0.029041122645139694
3543,36,50,1.0,1.0014673471450806,0,0,0.0,0.0,0.0,-0.0006081475876271725,0.0010613587219268084,-0.05384170264005661
3544,36,51,1.0,1.0014748573303223,0,0,0.0,0.0,-0.5,-0.0006087798392400146,0.0010665296576917171,-0.05397113040089607
3545,36,52,1.0,0.9960886240005493,0,0,0.0,0.0,-0.5,0.0009381716372445226,0.0016944280359894037,-0.5469964742660522
3546,36,53,1.0,0.9951983094215393,0,0,0.0,0.0,-0.5,0.0007200386608019471,0.0018873834051191807,-0.5459542274475098
3547,36,54,1.0,0.9903571009635925,0,0,0.0,0.0,-0.5,0.0010782248573377728,0.002174132503569126,-0.5374839305877686
3548,36,55,1.0,0.98920077085495,0,0,0.0,0.0,-0.5,0.0009429444326087832,0.0019329381175339222,-0.5291791558265686
3549,36,56,1.0,0.9920002818107605,0,0,0.0,0.0,-0.5,9.549781680107117e-06,0.0015887559857219458,-0.5347341299057007
3550,36,57,1.0,0.9928511381149292,0,0,0.0,0.0,-0.5,-0.001525116735137999,0.00039751321310177445,-0.5436859726905823
3551,36,58,1.0,0.9965077042579651,0,0,0.0,0.0,-0.5,-0.0010502815712243319,0.001644754083827138,-0.5644961595535278
3552,36,59,1.0,0.9983145594596863,0,0,0.0,0.0,-0.5,-0.001211702125146985,0.001627648714929819,-0.5638428330421448
3553,36,60,1.0,0.999879777431488,0,0,0.0,0.0,-0.5,-0.0012392827775329351,0.002177150920033455,-0.5621957182884216
3554,36,61,1.0,1.0004220008850098,0,0,0.0,0.0,-0.5,-0.0013660122640430927,0.001969953067600727,-0.5602377653121948
3555,36,62,1.0,0.993264377117157,0,0,0.0,0.0,0.0,0.0009934798581525683,0.0009263585670851171,-0.33530157804489136
3556,36,63,1.0,0.9951184988021851,0,0,0.0,0.0,0.0,0.00055252097081393,0.000454004795756191,-0.2660921812057495
3557,36,64,1.0,1.0244061946868896,0,0,0.0,0.0,0.0,-0.0014964654110372066,-0.00176511169411242,-0.08160744607448578
3558,36,65,1.0,1.031612753868103,0,0,0.0,0.0,0.0,-0.0012915327679365873,-0.0020776139572262764,-0.07470562309026718
3559,36,66,1.0,1.2833625078201294,0,0,0.0,0.0,0.0,0.0016155446646735072,-0.00039831767207942903,-0.016623754054307938
3560,36,67,2.0,1.2911916971206665,1,0,0.0,0.0,0.0,0.001700704568065703,-0.00029646861366927624,-0.01698005199432373
3561,36,68,2.0,2.0574512481689453,1,1,0.0,0.0,0.0,0.0016172273317351937,0.00022176234051585197,-0.004591858014464378
3562,36,69,2.0,2.052034378051758,1,1,0.0,0.0,0.0,0.0014881199458613992,-0.00033504419843666255,-0.001246640458703041
3563,36,70,2.0,2.053399085998535,1,1,0.0,0.0,0.0,0.0013526567490771413,-0.000861805398017168,0.0013181250542402267
3564,36,71,2.0,2.048768997192383,1,1,0.0,0.0,0.0,0.0020388374105095863,-0.0022093807347118855,-0.0030554947443306446
3565,36,72,2.0,2.056522846221924,1,1,0.0,0.0,0.0,0.0014610564103350043,-0.0018788017332553864,0.002159777097404003
3566,36,73,2.0,2.0575320720672607,1,1,0.0,0.0,0.0,0.001219980069436133,-0.0016489371191710234,0.0031205369159579277
3567,36,74,2.0,2.064875364303589,1,1,0.0,0.0,0.0,0.0009014118695631623,-0.0010593603365123272,0.0019092271104454994
3568,36,75,2.0,2.0635552406311035,1,1,0.0,0.0,0.0,0.0010163882980123162,-0.0012665163958445191,0.005207132548093796
3569,36,76,2.0,1.7302405834197998,1,1,0.0,0.0,0.0,0.0006854246603325009,0.0008990051574073732,0.005149753764271736
3570,36,77,1.0,1.0506000518798828,0,0,0.0,0.0,0.0,-0.0004210653714835644,-0.0007271561189554632,0.06808372586965561
3571,36,78,1.0,1.3672093152999878,0,0,0.0,0.0,0.0,-0.0016247851308435202,-0.0008605760522186756,-0.03503752499818802
3572,36,79,1.0,1.1642816066741943,0,0,0.0,0.0,0.0,-0.0009367433376610279,-0.0024831080809235573,-0.06320716440677643
3573,36,80,1.0,0.9956607818603516,0,0,0.0,0.0,0.0,0.0011618026765063405,0.0012045972980558872,0.5297366976737976
3574,36,81,1.0,1.0176756381988525,0,0,0.0,0.0,0.0,-0.0007539139478467405,-0.004189470317214727,-0.024099677801132202
3575,36,82,1.0,1.000529170036316,0,0,0.0,0.0,0.0,-0.0002948368201032281,-0.002373417606577277,0.18348903954029083
3576,36,83,1.0,0.9945933222770691,0,0,0.0,0.0,0.0,0.0012285775737836957,0.001318436348810792,0.5115847587585449
3577,36,84,1.0,1.0047935247421265,0,0,0.0,0.0,0.0,-0.0011120326817035675,-0.004485986195504665,0.045022714883089066
3578,36,85,1.0,0.9995249509811401,0,0,0.0,0.0,0.0,-3.599654883146286e-05,-0.00028813022072426975,0.34182044863700867
3579,36,86,1.0,0.9951418042182922,0,0,0.0,0.0,0.5,0.0012717790668830276,0.0013766323681920767,0.5284292697906494
3580,36,87,1.0,0.9960683584213257,0,0,0.0,0.0,0.5,0.0011703273048624396,0.0008430026355199516,0.5290215611457825
3581,36,88,1.0,0.9998834133148193,0,0,0.0,0.0,0.5,0.0008404717082157731,0.0007500018109567463,0.5215582847595215
3582,36,89,1.0,0.9981935024261475,0,0,0.0,0.0,0.5,-2.9300572350621223e-06,0.0008695197175256908,0.5307956337928772
3583,36,90,1.0,0.9975118041038513,0,0,0.0,0.0,0.5,0.00031812116503715515,0.0007660111295990646,0.5286318063735962
3584,36,91,1.0,0.997130811214447,0,0,0.0,0.0,0.5,0.0001627992605790496,0.0009180897031910717,0.5299931168556213
3585,36,92,1.0,0.9979410767555237,0,0,0.0,0.0,0.5,0.0005680486792698503,0.00023381126811727881,0.5287327170372009
3586,36,93,1.0,0.9980878829956055,0,0,0.0,0.0,0.5,0.0009628956904634833,0.0005407956778071821,0.5287806987762451
3587,36,94,1.0,0.9984380006790161,0,0,0.0,0.0,0.5,0.0011753261787816882,0.00026907474966719747,0.5300853848457336
3588,36,95,1.0,0.9977558851242065,0,0,0.0,0.0,0.5,0.0015246073016896844,0.00043082324555143714,0.5302128195762634
3589,37,0,1.0,0.9968156218528748,0,0,0.0,0.0,0.0,-0.0025502643547952175,0.0014817193150520325,-0.0004254160448908806
3590,37,1,1.0,0.9969172477722168,0,0,0.0,0.0,0.0,-0.0012541855685412884,0.0011825200635939837,-0.002518735360354185
3591,37,2,1.0,0.9994819760322571,0,0,0.0,0.0,0.0,-0.0011036759242415428,0.00038127769948914647,-0.00013323407620191574
3592,37,3,1.0,0.9992215037345886,0,0,0.0,0.0,0.0,-0.0014210381777957082,0.0004222328425385058,0.000528327189385891
3593,37,4,1.0,1.0011227130889893,0,0,0.0,0.0,0.0,0.001926249242387712,-0.001873767701908946,0.00545355211943388
3594,37,5,1.0,1.0010854005813599,0,0,0.0,0.0,0.0,0.0018611446721479297,-0.0018722133245319128,0.00564346369355917
3595,37,6,1.0,1.0024988651275635,0,0,0.0,0.0,0.0,0.0013674084329977632,-0.0005056254449300468,0.012600443325936794
3596,37,7,1.0,1.0024937391281128,0,0,0.0,0.0,0.0,0.0013819743180647492,-0.0005086906021460891,0.01268781814724207
3597,37,8,1.0,1.0027642250061035,0,0,0.0,0.0,0.0,-0.028017191216349602,0.0011926391161978245,-0.00011917203664779663
3598,37,9,1.0,1.002764344215393,0,0,0.0,0.0,0.0,-0.027996156364679337,0.0011898733209818602,-9.644497185945511e-05
3599,37,10,1.0,0.9829647541046143,0,0,-0.25,0.0,0.0,-0.2629891335964203,-0.0016301354626193643,0.00014147721230983734
3600,37,11,1.0,0.9786359071731567,0,0,-0.25,0.0,0.0,-0.2725495994091034,-7.572659524157643e-05,0.005164663307368755
3601,37,12,1.0,0.9812736511230469,0,0,-0.25,0.0,0.0,-0.28009480237960815,-0.0002497861860319972,0.0008951509371399879
3602,37,13,1.0,0.9866560697555542,0,0,-0.25,0.0,0.0,-0.283936470746994,0.0004877526662312448,0.0023624785244464874
3603,37,14,1.0,0.9861385226249695,0,0,-0.25,0.0,0.0,-0.28858712315559387,0.00013602589024230838,0.0034929299727082253
3604,37,15,1.0,0.9891553521156311,0,0,-0.25,0.0,0.0,-0.2781412899494171,-0.0002147030900232494,0.010431642644107342
3605,37,16,1.0,0.9828913807868958,0,0,-0.25,0.0,0.0,-0.23001287877559662,-0.0013459037290886045,0.009984447620809078
3606,37,17,1.0,0.9813182353973389,0,0,0.0,0.0,0.0,-0.16155314445495605,-0.003212125739082694,0.0013972939923405647
3607,37,18,1.0,0.9773937463760376,0,0,0.0,0.0,0.0,-0.06340999901294708,-0.00805963110178709,-0.00913119688630104
3608,37,19,1.0,0.9835823774337769,0,0,0.0,0.0,0.0,-0.023418745025992393,-0.008718723431229591,-0.010125328786671162
3609,37,20,1.0,0.992714524269104,0,0,0.0,0.0,0.0,-0.006846892647445202,-0.004310328513383865,-0.004937769845128059
3610,37,21,1.0,0.9932915568351746,0,0,0.0,0.0,0.0,-0.005077183712273836,-0.0043877484276890755,-0.004172047600150108
3611,37,22,1.0,0.9959420561790466,0,0,0.0,0.0,0.0,-0.0031297090463340282,-0.0022605033591389656,-0.0020566536113619804
3612,37,23,1.0,0.9959641098976135,0,0,0.0,0.0,0.0,-0.002997427945956588,-0.0022689825855195522,-0.0018509584479033947
3613,37,24,1.0,1.0014705657958984,0,0,0.0,0.0,0.0,-0.000942837679758668,-0.006815965753048658,-0.0005037598311901093
3614,37,25,1.0,1.0014668703079224,0,0,0.0,-0.25,0.0,-0.0009241493535228074,-0.0068220398388803005,-0.0004624873399734497
3615,37,26,1.0,0.9967517852783203,0,0,0.0,-0.25,0.0,-0.0018858606927096844,-0.25936442613601685,-0.00607878714799881
3616,37,27,1.0,0.9919819235801697,0,0,0.0,-0.25,0.0,-0.00031194533221423626,-0.2620677649974823,0.0011714370921254158
3617,37,28,1.0,0.9929853081703186,0,0,0.0,-0.25,0.0,-0.002498123561963439,-0.27883753180503845,-0.0010398002341389656
3618,37,29,1.0,0.9899804592132568,0,0,0.0,-0.25,0.0,-0.0017036765348166227,-0.2799583971500397,-0.001255867537111044
3619,37,30,1.0,0.988675057888031,0,0,0.0,-0.25,0.0,-0.0013850982068106532,-0.28355762362480164,0.0015477929264307022
3620,37,31,1.0,0.9846425652503967,0,0,0.0,-0.25,0.0,-0.0016121220542117953,-0.28219640254974365,0.005390111356973648
3621,37,32,1.0,0.9857679009437561,0,0,0.0,-0.25,0.0,-0.0017304874490946531,-0.2822110652923584,0.0008827121928334236
3622,37,33,1.0,0.9871160387992859,0,0,0.0,-0.25,0.0,-0.0010653103236109018,-0.280253142118454,-0.0021663308143615723
3623,37,34,1.0,0.9944470524787903,0,0,0.0,-0.25,0.0,-0.00180955627001822,-0.26602089405059814,-0.0016176244243979454
3624,37,35,1.0,1.0012731552124023,0,0,0.0,-0.25,0.0,-0.00046622997615486383,-0.18727625906467438,0.013354524038732052
3625,37,36,1.0,1.001129388809204,0,0,0.0,0.0,0.0,0.0003564095823094249,-0.06688586622476578,0.038332343101501465
3626,37,37,1.0,1.0004477500915527,0,0,0.0,0.0,0.0,-0.0005930988118052483,-0.011975514702498913,0.048154473304748535
3627,37,38,1.0,1.0026741027832031,0,0,0.0,0.0,0.0,-0.0009702767129056156,-0.0013724477030336857,0.010188178159296513
3628,37,39,1.0,1.0025482177734375,0,0,0.0,0.0,0.0,-0.0009078386938199401,9.46166692301631e-05,0.004401760175824165
3629,37,40,1.0,1.0010027885437012,0,0,0.0,0.0,0.0,-0.001218218356370926,0.00032911618473008275,-0.016705483198165894
3630,37,41,1.0,1.0009205341339111,0,0,0.0,0.0,0.0,-0.001204152125865221,0.0004337105783633888,-0.017575601115822792
3631,37,42,1.0,1.0022852420806885,0,0,0.0,-0.25,0.0,-0.001212618313729763,0.0002342481748200953,-0.02176184207201004
3632,37,43,1.0,1.0034884214401245,0,0,0.0,0.0,0.0,-0.001998164225369692,-0.0019065034575760365,-0.004152046516537666
3633,37,44,1.0,1.0051569938659668,0,0,0.0,0.0,0.0,-0.0021280685905367136,-0.00018510804511606693,-0.0063473135232925415
3634,37,45,1.0,1.0053297281265259,0,0,0.0,0.0,0.0,-0.0018634259467944503,0.00010116025805473328,-0.004747081082314253
3635,37,46,1.0,1.0024367570877075,0,0,0.0,0.0,0.0,-0.0015560139436274767,0.0004565240233205259,-0.012422818690538406
3636,37,47,1.0,1.0023601055145264,0,0,0.0,0.0,0.0,-0.0015478882705792785,0.000527349126059562,-0.013465320691466331
3637,37,48,1.0,1.0031023025512695,0,0,0.0,0.0,0.0,-0.0007698055705986917,0.0003189055132679641,-0.07515297085046768
3638,37,49,1.0,1.0031112432479858,0,0,0.0,0.0,0.0,-0.0007679059635847807,0.00033294822787865996,-0.07543221116065979
3639,37,50,1.0,1.003841519355774,0,0,0.0,0.0,0.0,-0.0005323735531419516,0.000370172958355397,-0.10820280760526657
3640,37,51,1.0,1.0038434267044067,0,0,0.0,0.0,-0.5,-0.0005332486471161246,0.00037282105768099427,-0.10826384276151657
3641,37,52,1.0,0.9944007992744446,0,0,0.0,0.0,-0.5,0.0006429835921153426,0.0008529971237294376,-0.549719512462616
3642,37,53,1.0,0.9876962304115295,0,0,0.0,0.0,-0.5,1.2477277778089046e-05,0.0009709075675345957,-0.5458950996398926
3643,37,54,1.0,0.9881908893585205,0,0,0.0,0.0,-0.5,0.0004348604707047343,0.0008992157527245581,-0.5401219129562378
3644,37,55,1.0,0.9880768656730652,0,0,0.0,0.0,-0.5,0.0007406937656924129,0.0012815622612833977,-0.5380412936210632
3645,37,56,1.0,0.9903584718704224,0,0,0.0,0.0,-0.5,-0.0008096650708466768,0.0012621209025382996,-0.5453402996063232
3646,37,57,1.0,0.9909381866455078,0,0,0.0,0.0,-0.5,-0.0016311164945363998,-0.00021980388555675745,-0.5533806681632996
3647,37,58,1.0,0.9951217174530029,0,0,0.0,0.0,-0.5,-0.0013780237641185522,0.00012150889961048961,-0.5627384781837463
3648,37,59,1.0,0.9995027780532837,0,0,0.0,0.0,-0.5,-0.0014680345775559545,0.000885157089214772,-0.5678961873054504
3649,37,60,1.0,0.9997560381889343,0,0,0.0,0.0,-0.5,-0.0009198032203130424,0.0009966243524104357,-0.5706303715705872
3650,37,61,1.0,0.9984002709388733,0,0,0.0,0.0,-0.5,-0.000500739086419344,0.0009234473691321909,-0.5610540509223938
3651,37,62,1.0,0.9921493530273438,0,0,0.0,0.0,-0.5,0.00033739744685590267,0.0013485639356076717,-0.49566376209259033
3652,37,63,1.0,0.9917454123497009,0,0,0.0,0.0,0.0,0.0005423427792266011,0.0011495661456137896,-0.4711369276046753
3653,37,64,1.0,1.1145838499069214,0,0,0.0,0.0,0.0,0.0012666344409808517,-0.0009169100085273385,-0.052642419934272766
3654,37,65,1.0,1.1204763650894165,0,0,0.0,0.0,0.0,0.001345276483334601,-0.000980484765022993,-0.04472019523382187
3655,37,66,1.0,1.190411925315857,0,0,0.0,0.0,0.0,0.001341698574833572,-0.0006060295272618532,-0.027440007776021957
3656,37,67,1.0,1.1948285102844238,0,0,0.0,0.0,0.0,0.0013340770965442061,-0.0005672274855896831,-0.025272395461797714
3657,37,68,2.0,1.5241186618804932,1,1,0.0,0.0,0.0,0.0009719292866066098,0.0003294820780865848,-0.008390753529965878
3658,37,69,2.0,2.048544406890869,1,1,0.0,0.0,0.0,0.0016788720386102796,-0.0006964871427044272,0.0025221379473805428
3659,37,70,2.0,2.0538947582244873,1,1,0.0,0.0,0.0,0.0013034726725891232,-0.0007948719430714846,0.00016853585839271545
3660,37,71,2.0,2.0597729682922363,1,1,0.0,0.0,0.0,0.0006881410954520106,-0.0023503988049924374,0.002880750223994255
3661,37,72,2.0,2.0609147548675537,1,1,0.0,0.0,0.0,0.0011705163633450866,-0.001282125012949109,0.004709831438958645
3662,37,73,2.0,2.063046932220459,1,1,0.0,0.0,0.0,0.0011119149858132005,-0.0012017436092719436,0.005703762173652649
3663,37,74,2.0,2.0677387714385986,1,1,0.0,0.0,0.0,0.00032781914342194796,-0.0003630541614256799,0.005523609928786755
3664,37,75,2.0,2.07120418548584,1,1,0.0,0.0,0.0,-4.541943781077862e-05,4.684942541643977e-05,0.0054205432534217834
3665,37,76,1.0,1.386323094367981,0,0,0.0,0.0,0.0,-0.0015024117892608047,-0.003299191826954484,-0.026105720549821854
3666,37,77,1.0,1.1131408214569092,0,0,0.0,0.0,0.0,-0.0015127308433875442,-0.0036095038522034883,-0.04558197036385536
3667,37,78,1.0,1.0504039525985718,0,0,0.0,0.0,0.0,0.000951403402723372,-0.0018501079175621271,-0.04229870066046715
3668,37,79,1.0,1.0234434604644775,0,0,0.0,0.0,0.0,0.0009503591572865844,-0.0013998332433402538,-0.025180503726005554
3669,37,80,1.0,0.996827244758606,0,0,0.0,0.0,0.0,0.0002810561563819647,0.00022162607638165355,0.18780191242694855
3670,37,81,1.0,0.9977291822433472,0,0,0.0,0.0,0.0,0.0002769541461020708,-0.0008325171656906605,0.1878533810377121
3671,37,82,1.0,0.9993512034416199,0,0,0.0,0.0,0.0,4.6076253056526184e-05,0.0010662605054676533,0.4268343448638916
3672,37,83,1.0,0.9992888569831848,0,0,0.0,0.0,0.5,4.324433393776417e-05,0.0009560614707879722,0.4291602075099945
3673,37,84,1.0,0.9981972575187683,0,0,0.0,0.0,0.5,0.000712575507350266,0.0016515431925654411,0.527143120765686
3674,37,85,1.0,0.9985418319702148,0,0,0.0,0.0,0.5,0.0003505126805976033,0.0012592228595167398,0.5286672115325928
3675,37,86,1.0,0.9966721534729004,0,0,0.0,0.0,0.5,0.0004549092845991254,0.0009737571817822754,0.529875636100769
3676,37,87,1.0,0.9970525503158569,0,0,0.0,0.0,0.5,0.0005014267517253757,0.0009035339462570846,0.5293547511100769
3677,37,88,1.0,0.9966031312942505,0,0,0.0,0.0,0.5,-1.5274155884981155e-05,0.000859971099998802,0.5298428535461426
3678,37,89,1.0,0.9975833296775818,0,0,0.0,0.0,0.5,0.0004938495112583041,0.00038133974885568023,0.5288426876068115
3679,37,90,1.0,0.9975112676620483,0,0,0.0,0.0,0.5,0.0005963781150057912,0.0001220625126734376,0.5283929705619812
3680,37,91,1.0,0.9971224069595337,0,0,0.0,0.0,0.5,0.0005464692367240787,0.0007365852943621576,0.5275152325630188
3681,37,92,1.0,0.9971962571144104,0,0,0.0,0.0,0.5,0.001218142337165773,0.001391072990372777,0.5281785130500793
3682,38,0,1.0,0.9958972930908203,0,0,0.0,0.0,0.0,0.008646385744214058,0.0015304088592529297,0.0062574706971645355
3683,38,1,1.0,0.9968103170394897,0,0,0.0,0.0,0.0,0.011108298785984516,0.0018470347858965397,0.0010839635506272316
3684,38,2,1.0,0.9954431056976318,0,0,0.0,0.0,0.0,0.0072656660340726376,0.0011774462182074785,0.006984229199588299
3685,38,3,1.0,0.9950242638587952,0,0,0.0,0.0,0.0,0.005671260878443718,0.0009644810925237834,0.008911394514143467
3686,38,4,1.0,0.9986236095428467,0,0,0.0,0.0,0.0,-0.003087987657636404,0.0009006715263240039,0.009461400099098682
3687,38,5,1.0,0.9985659718513489,0,0,0.0,0.0,0.0,-0.003289968241006136,0.0009178561740554869,0.009855403564870358
3688,38,6,1.0,1.0076746940612793,0,0,0.0,0.0,0.0,0.009903443977236748,-0.0018200136255472898,-0.0044124242849648
3689,38,7,1.0,1.0076884031295776,0,0,0.0,0.0,0.0,0.010141413658857346,-0.0018321359530091286,-0.004252683836966753
3690,38,8,1.0,1.0013411045074463,0,0,0.0,0.0,0.0,0.12386664748191833,-0.003082908922806382,-0.005034412257373333
3691,38,9,1.0,1.00132155418396,0,0,0.0,0.0,0.0,0.12402497231960297,-0.0030833669006824493,-0.004996660631150007
3692,38,10,1.0,1.0073323249816895,0,0,0.25,0.0,0.0,0.25937458872795105,-0.0018910993821918964,-0.002443560864776373
3693,38,11,1.0,1.0035039186477661,0,0,0.25,0.0,0.0,0.2719699442386627,-0.00021576229482889175,0.005963172763586044
3694,38,12,1.0,0.9997026920318604,0,0,0.25,0.0,0.0,0.27609553933143616,-6.956810830160975e-05,0.006098630838096142
3695,38,13,1.0,1.0038540363311768,0,0,0.25,0.0,0.0,0.27550211548805237,0.0018045548349618912,0.0083056865260005
3696,38,14,1.0,1.0148661136627197,0,0,0.25,0.0,0.0,0.2708362340927124,0.00019225559663027525,0.0036434540525078773
3697,38,15,1.0,1.019595742225647,0,0,0.25,0.0,0.0,0.2482546716928482,-0.0015827436000108719,-0.006139304488897324
3698,38,16,1.0,1.0080169439315796,0,0,0.0,0.0,0.0,0.16857752203941345,0.0028714218642562628,-0.0036247260868549347
3699,38,17,1.0,1.0007048845291138,0,0,0.0,0.0,0.0,0.043619245290756226,0.0006042930181138217,-0.008174837566912174
3700,38,18,1.0,0.9951645731925964,0,0,0.0,0.0,0.0,0.001115981605835259,-0.0048662167973816395,-0.003771641757339239
3701,38,19,1.0,0.9966946244239807,0,0,0.0,0.0,0.0,-0.0058473460376262665,-0.0023528526071459055,-0.00687775295227766
3702,38,20,1.0,1.0049810409545898,0,0,0.0,0.0,0.0,0.00040279829408973455,0.05298171564936638,0.0013242783024907112
3703,38,21,1.0,1.0050678253173828,0,0,0.0,0.0,0.0,0.00018959364388138056,0.052840426564216614,0.00094551220536232
3704,38,22,1.0,1.0046179294586182,0,0,0.0,0.0,0.0,0.00020975701045244932,0.05995173007249832,0.004960988648235798
3705,38,23,1.0,1.0046306848526,0,0,0.0,0.0,0.0,0.0001762518659234047,0.05973990634083748,0.004849863238632679
3706,38,24,1.0,1.0030781030654907,0,0,0.0,0.25,0.0,-0.0002435821807011962,0.07861436158418655,0.0067046210169792175
3707,38,25,1.0,0.9854082465171814,0,0,0.0,0.25,0.0,0.000493409694172442,0.2718590497970581,0.003176380880177021
3708,38,26,1.0,0.9880785346031189,0,0,0.0,0.25,0.0,0.001210212823934853,0.27641963958740234,0.0053003765642642975
3709,38,27,1.0,0.9923945069313049,0,0,0.0,0.25,0.0,0.0009056598646566272,0.27608010172843933,0.006853112019598484
3710,38,28,1.0,0.9906747937202454,0,0,0.0,0.25,0.0,-7.35442154109478e-06,0.2757475972175598,0.014954383485019207
3711,38,29,1.0,0.9918180108070374,0,0,0.0,0.25,0.0,0.0005221263272687793,0.2778151333332062,0.015005345456302166
3712,38,30,1.0,0.9955112338066101,0,0,0.0,0.25,0.0,-0.00039730442222207785,0.27577412128448486,0.015673764050006866
3713,38,31,1.0,0.9929022789001465,0,0,0.0,0.25,0.0,-0.0009651043801568449,0.2656436264514923,0.006670728325843811
3714,38,32,1.0,0.9910444021224976,0,0,0.0,0.25,0.0,-0.0007002483471296728,0.2471468448638916,0.002783825621008873
3715,38,33,1.0,0.9991405010223389,0,0,0.0,0.25,0.0,-0.0009716310887597501,0.17811839282512665,0.01712724193930626
3716,38,34,1.0,1.00460684299469,0,0,0.0,0.0,0.0,-0.0006210108986124396,0.035209205001592636,0.03192795068025589
3717,38,35,1.0,1.0020502805709839,0,0,0.0,0.0,0.0,-0.001246398314833641,0.005037544760853052,0.050262078642845154
3718,38,36,1.0,1.0036137104034424,0,0,0.0,0.0,0.0,-0.001830491703003645,0.0014731620904058218,0.02494826540350914
3719,38,37,1.0,1.0032092332839966,0,0,0.0,0.0,0.0,-0.0021478617563843727,0.00026208412600681186,0.009053605608642101
3720,38,38,1.0,1.002528429031372,0,0,0.0,0.0,0.0,-0.0013049959670752287,-0.0003215745964553207,-0.02299676090478897
3721,38,39,1.0,1.0025397539138794,0,0,0.0,0.0,0.0,-0.0013539657229557633,-0.00043190145515836775,-0.02354978211224079
3722,38,40,1.0,1.0025198459625244,0,0,0.0,0.0,0.0,-0.0013025524094700813,4.024070221930742e-06,-0.028720654547214508
3723,38,41,1.0,1.0025177001953125,0,0,0.0,0.25,0.0,-0.0013111492153257132,-1.277547562494874e-05,-0.028767384588718414
3724,38,42,1.0,1.0030176639556885,0,0,0.0,0.0,0.0,-0.0006973578711040318,0.003166149603202939,-0.027574587613344193
3725,38,43,1.0,1.0042221546173096,0,0,0.0,0.0,0.0,-0.0012140562757849693,0.0013457646127790213,-0.018308579921722412
3726,38,44,1.0,1.0027695894241333,0,0,0.0,0.0,0.0,-0.0016730858478695154,0.0005047249724157155,-0.008185517974197865
3727,38,45,1.0,1.0025560855865479,0,0,0.0,0.0,0.0,-0.0017745192162692547,0.0002998997806571424,-0.009449314326047897
3728,38,46,1.0,1.001671314239502,0,0,0.0,0.0,0.0,-0.0013689955230802298,-0.00013805145863443613,-0.04797716811299324
3729,38,47,1.0,1.0016260147094727,0,0,0.0,0.0,0.0,-0.0013838722370564938,-0.0001655823434703052,-0.04779837653040886
3730,38,48,1.0,1.002255916595459,0,0,0.0,0.0,0.0,-0.0011437698267400265,-0.0002009437303058803,-0.09370970726013184
3731,38,49,1.0,1.0022472143173218,0,0,0.0,0.0,0.0,-0.0011462164111435413,-0.0002057269448414445,-0.09364844858646393
3732,38,50,1.0,1.0019069910049438,0,0,0.0,0.0,-0.5,-0.0012167806271463633,-0.00022497380268760026,-0.08944796770811081
3733,38,51,1.0,0.9929768443107605,0,0,0.0,0.0,-0.5,-0.0009588032262399793,0.0010318513959646225,-0.5449292659759521
3734,38,52,1.0,0.9890788793563843,0,0,0.0,0.0,-0.5,5.275092553347349e-05,0.0005732550635002553,-0.541816234588623
3735,38,53,1.0,0.988277792930603,0,0,0.0,0.0,-0.5,0.0005052610067650676,0.00023375306045636535,-0.5368726253509521
3736,38,54,1.0,0.9878758192062378,0,0,0.0,0.0,-0.5,0.0006243899697437882,0.0004731196095235646,-0.5272902846336365
3737,38,55,1.0,0.992983877658844,0,0,0.0,0.0,-0.5,-0.0006562441121786833,0.0005688523524440825,-0.5358211994171143
3738,38,56,1.0,0.9903368949890137,0,0,0.0,0.0,-0.5,-0.001887694699689746,0.0012673174496740103,-0.5468446612358093
3739,38,57,1.0,0.9929082989692688,0,0,0.0,0.0,-0.5,-0.0015617209719493985,0.0012009839992970228,-0.5586241483688354
3740,38,58,1.0,0.9954591989517212,0,0,0.0,0.0,-0.5,-0.001346589531749487,0.0008735169540159404,-0.5689006447792053
3741,38,59,1.0,0.9972807168960571,0,0,0.0,0.0,-0.5,-0.0007405185606330633,-0.0005446014110930264,-0.5650617480278015
3742,38,60,1.0,0.9852901697158813,0,0,0.0,0.0,0.0,0.002175810281187296,-0.0006019342108629644,-0.4517582952976227
3743,38,61,1.0,0.9843918085098267,0,0,0.0,0.0,0.0,0.002389009576290846,-0.00024764530826359987,-0.4180980324745178
3744,38,62,1.0,1.1014196872711182,0,0,0.0,0.0,0.0,0.0003854375099763274,-0.0005354385357350111,-0.12084019184112549
3745,38,63,1.0,1.1032984256744385,0,0,0.0,0.0,0.0,0.0002773945452645421,-0.0005038888193666935,-0.11593963950872421
3746,38,64,1.0,1.810502529144287,0,1,0.0,0.0,0.0,0.0002380399964749813,0.0010456605814397335,-0.01797322928905487
3747,38,65,1.0,1.8110318183898926,0,1,0.0,0.0,0.0,0.00024193141143769026,0.0010273975785821676,-0.01770157739520073
3748,38,66,2.0,2.021545886993408,1,1,0.0,0.0,0.0,0.00139216601382941,0.0004847950185649097,-0.010949518531560898
3749,38,67,2.0,2.051471710205078,1,1,0.0,0.0,0.0,0.0014571965439245105,-0.00045774559839628637,0.0011899834498763084
3750,38,68,2.0,2.057598114013672,1,1,0.0,0.0,0.0,0.0014096350641921163,-0.0018861370626837015,0.00034889206290245056
3751,38,69,2.0,2.0565457344055176,1,1,0.0,0.0,0.0,0.0012256301706656814,-0.001732473261654377,0.0006525963544845581
3752,38,70,2.0,2.0608761310577393,1,1,0.0,0.0,0.0,0.0015909598441794515,-0.0014755632728338242,0.0006194198504090309
3753,38,71,2.0,2.0612826347351074,1,1,0.0,0.0,0.0,0.0015829229960218072,-0.0013992986641824245,0.0010411189869046211
3754,38,72,2.0,1.9906350374221802,1,1,0.0,0.0,0.0,-0.0019092931179329753,-0.0018965397030115128,-0.003834822215139866
3755,38,73,2.0,1.9915404319763184,1,1,0.0,0.0,0.0,-0.0019652326591312885,-0.0019165708217769861,-0.0039545586332678795
3756,38,74,1.0,1.8461048603057861,0,1,0.0,0.0,0.0,-0.001974500482901931,-0.0025828867219388485,0.00020347349345684052
3757,38,75,1.0,1.845474362373352,0,1,0.0,0.0,0.0,-0.0019906421657651663,-0.0026325189974159002,9.911041706800461e-05
3758,38,76,1.0,1.3145118951797485,0,0,0.0,0.0,0.0,-0.0008684745989739895,-0.002937040291726589,-0.011883645318448544
3759,38,77,1.0,1.3116672039031982,0,0,0.0,0.0,0.0,-0.0008772726869210601,-0.0028838724829256535,-0.011859038844704628
3760,38,78,1.0,1.1582013368606567,0,0,0.0,0.0,0.0,-0.001496952143497765,-0.0038772705011069775,-0.015690229833126068
3761,38,79,1.0,1.1613917350769043,0,0,0.0,0.0,0.0,-0.0015712317544966936,-0.00421508913859725,-0.016217635944485664
3762,38,80,1.0,1.3565386533737183,0,0,0.0,0.0,0.0,-0.0005420712986961007,-0.002115176524966955,-0.006764776073396206
3763,38,81,1.0,1.373650312423706,0,0,0.0,0.0,0.5,-0.0006954369600862265,-0.002841030713170767,-0.0075437938794493675
3764,38,82,1.0,0.9965490102767944,0,0,0.0,0.0,0.5,0.0008983969455584884,0.0012721018865704536,0.5280494093894958
3765,38,83,1.0,0.9972890615463257,0,0,0.0,0.0,0.5,0.0006958571029826999,0.001690485281869769,0.5294672250747681
3766,38,84,1.0,0.9970911145210266,0,0,0.0,0.0,0.5,0.00016377749852836132,0.0015445221215486526,0.5275154709815979
3767,38,85,1.0,0.997165858745575,0,0,0.0,0.0,0.5,5.645828787237406e-05,0.0012570898979902267,0.5281628370285034
3768,38,86,1.0,0.9973070621490479,0,0,0.0,0.0,0.5,0.000978567753918469,0.001095145707949996,0.526344895362854
3769,38,87,1.0,0.9959570169448853,0,0,0.0,0.0,0.5,0.0009796343510970473,0.00174909015186131,0.5262675881385803
3770,38,88,1.0,0.9984314441680908,0,0,0.0,0.0,0.5,0.0010362014872953296,0.0011247091460973024,0.5259641408920288
3771,38,89,1.0,0.9966937303543091,0,0,0.0,0.0,0.5,0.0009249270660802722,0.0010648127645254135,0.5255812406539917
3772,38,90,1.0,0.9955514669418335,0,0,0.0,0.0,0.5,0.0007283262675628066,0.0009267990826629102,0.5266637206077576
3773,39,0,1.0,0.9966622591018677,0,0,0.0,0.0,0.0,0.002575010061264038,-0.00037897101719863713,0.001243281178176403
3774,39,1,1.0,0.9954359531402588,0,0,0.0,0.0,0.0,0.0032658600248396397,-0.0005889018066227436,-0.00044413842260837555
3775,39,2,1.0,0.9923312067985535,0,0,0.0,0.0,0.0,0.0025271079502999783,-0.0013576463097706437,0.001811150461435318
3776,39,3,1.0,0.9922178983688354,0,0,0.0,0.0,0.0,0.0023045563139021397,-0.0013025947846472263,0.0026904670521616936
3777,39,4,1.0,0.9898831844329834,0,0,0.0,0.0,0.0,0.0003657048800960183,0.0003030545194633305,-0.0007350556552410126
3778,39,5,1.0,0.9898492097854614,0,0,0.0,0.0,0.0,0.00030566519126296043,0.0003163143410347402,-0.00047244131565093994
3779,39,6,1.0,0.9921761751174927,0,0,0.0,0.0,0.0,0.002750964369624853,-0.00270676938816905,0.003988573327660561
3780,39,7,1.0,0.9921557903289795,0,0,0.0,0.0,0.0,0.0027591055259108543,-0.00271333334967494,0.004081320017576218
3781,39,8,1.0,0.9967731237411499,0,0,0.0,0.0,0.0,-0.001101696165278554,-0.0039118388667702675,-0.0002582510933279991
3782,39,9,1.0,0.996768057346344,0,0,0.0,0.0,0.0,-0.0010980195365846157,-0.003914177417755127,-0.00023623928427696228
3783,39,10,1.0,0.9966066479682922,0,0,0.0,0.0,0.0,-0.0284296702593565,-0.0017162186559289694,-0.00378994969651103
3784,39,11,1.0,0.9966069459915161,0,0,-0.25,0.0,0.0,-0.028426654636859894,-0.0017165460158139467,-0.003784291446208954
3785,39,12,1.0,0.977046549320221,0,0,-0.25,0.0,0.0,-0.24323740601539612,-0.002182246884331107,0.0023268163204193115
3786,39,13,1.0,0.9777689576148987,0,0,-0.25,0.0,0.0,-0.25986307859420776,-0.0012024344177916646,0.00431430246680975
3787,39,14,1.0,0.9788313508033752,0,0,-0.25,0.0,0.0,-0.26844102144241333,-0.001415560836903751,-0.0001373356208205223
3788,39,15,1.0,0.9775624871253967,0,0,-0.25,0.0,0.0,-0.27101248502731323,-0.001138979336246848,0.0038954978808760643
3789,39,16,1.0,0.9749574065208435,0,0,-0.25,0.0,0.0,-0.27318674325942993,-0.00026479476946406066,-0.00024454109370708466
3790,39,17,1.0,0.9759242534637451,0,0,-0.25,0.0,0.0,-0.27632662653923035,5.770288407802582e-05,0.0016246484592556953
3791,39,18,1.0,0.9816486835479736,0,0,-0.25,0.0,0.0,-0.2786237597465515,-0.00012821826385334134,0.0013537220656871796
3792,39,19,1.0,0.9831272959709167,0,0,-0.25,0.0,0.0,-0.28171074390411377,1.6131263691931963e-05,0.00410563126206398
3793,39,20,1.0,0.9882000684738159,0,0,-0.25,0.0,0.0,-0.28601154685020447,-0.00013000413309782743,0.00412443932145834
3794,39,21,1.0,0.9868434071540833,0,0,-0.25,0.0,0.0,-0.2865050137042999,0.0005009804735891521,-0.000509653240442276
3795,39,22,1.0,1.0028756856918335,0,0,-0.25,0.0,0.0,-0.28212621808052063,-0.0012789100874215364,-0.003821105696260929
3796,39,23,1.0,0.9999193549156189,0,0,-0.25,0.0,0.0,-0.2707687020301819,-0.0004066317342221737,0.0011790134012699127
3797,39,24,1.0,0.9810188412666321,0,0,-0.25,0.0,0.0,-0.14508794248104095,-0.0033649031538516283,-0.009813154116272926
3798,39,25,1.0,0.9789048433303833,0,0,0.0,0.0,0.0,-0.06960579007863998,-0.003338851733133197,-0.018428143113851547
3799,39,26,1.0,0.9849085211753845,0,0,0.0,0.0,0.0,-0.030706793069839478,-0.0018334113992750645,-0.012579583562910557
3800,39,27,1.0,0.9839169383049011,0,0,0.0,0.0,0.0,-0.009749192744493484,-0.0038543271366506815,-0.010616835206747055
3801,39,28,1.0,0.992216169834137,0,0,0.0,0.0,0.0,-0.003237177152186632,-0.001318145776167512,0.005332770757377148
3802,39,29,1.0,0.9927225112915039,0,0,0.0,0.0,0.0,-0.001673386082984507,-0.0012821594718843699,0.004643299616873264
3803,39,30,1.0,0.9984866380691528,0,0,0.0,0.0,0.0,-0.0006266334094107151,0.07954537123441696,0.0213712640106678
3804,39,31,1.0,0.9984019994735718,0,0,0.0,0.0,0.0,-0.0005312998546287417,0.08017783612012863,0.021247614175081253
3805,39,32,1.0,1.0012050867080688,0,0,0.0,0.0,0.0,-0.00028952222783118486,0.1010107696056366,0.022657640278339386
3806,39,33,1.0,1.0011895895004272,0,0,0.0,0.25,0.0,-0.0002775626489892602,0.10110852122306824,0.022650204598903656
3807,39,34,1.0,0.987277090549469,0,0,0.0,0.25,0.0,0.00037759088445454836,0.27117884159088135,0.005437358282506466
3808,39,35,1.0,0.9886716604232788,0,0,0.0,0.25,0.0,0.00043109513353556395,0.27292487025260925,0.008080442436039448
3809,39,36,1.0,0.9911887049674988,0,0,0.0,0.25,0.0,-0.000966582156252116,0.27473965287208557,0.014604068361222744
3810,39,37,1.0,0.9928679466247559,0,0,0.0,0.25,0.0,-0.0018570803804323077,0.27320408821105957,0.018723957240581512
3811,39,38,1.0,0.9931418895721436,0,0,0.0,0.25,0.0,-0.0010540051152929664,0.2730974555015564,0.027015458792448044
3812,39,39,1.0,0.9944940805435181,0,0,0.0,0.25,0.0,-0.0001622849376872182,0.2687157690525055,0.01987115666270256
3813,39,40,1.0,0.9927780032157898,0,0,0.0,0.25,0.0,-0.0004419313045218587,0.25189119577407837,-0.003222971223294735
3814,39,41,1.0,0.9920270442962646,0,0,0.0,0.25,0.0,0.0003181563224643469,0.24957701563835144,-0.003999652806669474
3815,39,42,1.0,0.9991970062255859,0,0,0.0,0.25,0.0,0.0006730296881869435,0.20879772305488586,-0.02772512286901474
3816,39,43,1.0,1.00874924659729,0,0,0.0,0.25,0.0,5.298876203596592e-05,0.09843996912240982,-0.03182652220129967
3817,39,44,1.0,1.0052696466445923,0,0,0.0,0.0,0.0,-0.0003067899961024523,0.01659838669002056,-0.02406703121960163
3818,39,45,1.0,1.0021613836288452,0,0,0.0,0.0,0.0,-0.0008222449687309563,0.0030365565326064825,-0.019946888089179993
3819,39,46,1.0,1.002029299736023,0,0,0.0,0.0,0.0,-0.001788145862519741,0.000828872958663851,-0.012668753042817116
3820,39,47,1.0,1.0018256902694702,0,0,0.0,0.0,0.0,-0.002058869693428278,0.0004851148114539683,-0.007389683276414871
3821,39,48,1.0,1.002282738685608,0,0,0.0,0.0,0.0,-0.0019868845120072365,0.00034744321601465344,-0.004303229507058859
3822,39,49,1.0,1.0022379159927368,0,0,0.0,0.0,0.0,-0.00203300709836185,0.0003162184148095548,-0.004089468624442816
3823,39,50,1.0,1.0020432472229004,0,0,0.0,0.0,0.0,-0.0012247113045305014,0.0006820365670137107,-0.043883707374334335
3824,39,51,1.0,1.0020339488983154,0,0,0.0,0.0,0.0,-0.0012305272975936532,0.0006741459365002811,-0.043837666511535645
3825,39,52,1.0,1.0031206607818604,0,0,0.0,0.0,0.0,-0.0008751805289648473,0.0008924515568651259,-0.0799831748008728
3826,39,53,1.0,1.0031179189682007,0,0,0.0,0.0,-0.5,-0.0008764656959101558,0.0008908581803552806,-0.07996208965778351
3827,39,54,1.0,1.000035285949707,0,0,0.0,0.0,-0.5,-0.00031719962134957314,0.001482550986111164,-0.5420585870742798
3828,39,55,1.0,0.9981865882873535,0,0,0.0,0.0,-0.5,-8.92620300874114e-05,0.0013620906975120306,-0.5395079255104065
3829,39,56,1.0,0.9892961382865906,0,0,0.0,0.0,-0.5,0.0004132235189899802,0.0013062756042927504,-0.5410721898078918
3830,39,57,1.0,0.9851202368736267,0,0,0.0,0.0,-0.5,0.0008900513639673591,0.001349300378933549,-0.5399256348609924
3831,39,58,1.0,0.9874759912490845,0,0,0.0,0.0,-0.5,0.0006731139728799462,0.001263338141143322,-0.5415604114532471
3832,39,59,1.0,0.9933675527572632,0,0,0.0,0.0,-0.5,0.00068149424623698,0.0014414119068533182,-0.5339654684066772
3833,39,60,1.0,0.9910897612571716,0,0,0.0,0.0,-0.5,-0.0002160714939236641,0.00046491314424201846,-0.5431760549545288
3834,39,61,1.0,0.9930570125579834,0,0,0.0,0.0,-0.5,-0.0010679095285013318,0.001457856735214591,-0.5462009906768799
3835,39,62,1.0,0.9950259923934937,0,0,0.0,0.0,-0.5,-0.0015160662587732077,0.0018657331820577383,-0.5655593872070312
3836,39,63,1.0,0.9961597323417664,0,0,0.0,0.0,-0.5,-0.0011208273936063051,0.001941867871209979,-0.5684861540794373
3837,39,64,1.0,0.989289402961731,0,0,0.0,0.0,-0.5,0.0013753980165347457,0.0012462567538022995,-0.50943922996521
3838,39,65,1.0,0.988735556602478,0,0,0.0,0.0,0.0,0.0017615718534216285,0.001101241447031498,-0.48488736152648926
3839,39,66,1.0,1.064629077911377,0,0,0.0,0.0,0.0,-0.0013515937607735395,-0.0012853385414928198,-0.049178436398506165
3840,39,67,1.0,1.0687707662582397,0,0,0.0,0.0,0.0,-0.0014750042464584112,-0.0014194485265761614,-0.04356933757662773
3841,39,68,1.0,1.8413325548171997,0,1,0.0,0.0,0.0,0.0009207703405991197,0.00015959033044055104,-0.004431113135069609
3842,39,69,1.0,1.8437936305999756,0,1,0.0,0.0,0.0,0.0009276579366996884,0.00018081493908539414,-0.004125385079532862
3843,39,70,1.0,2.0251283645629883,0,1,0.0,0.0,0.0,0.0010319085558876395,-8.276256266981363e-06,-0.005659963004291058
3844,39,71,2.0,2.0255203247070312,1,1,0.0,0.0,0.0,0.0010277003748342395,-7.078866474330425e-06,-0.005603168159723282
3845,39,72,2.0,2.0512704849243164,1,1,0.0,0.0,0.0,0.0018389757024124265,-0.0008329178672283888,-0.0010151234455406666
3846,39,73,2.0,2.050504446029663,1,1,0.0,0.0,0.0,0.001870625768788159,-0.0005321731441654265,-0.00031511951237916946
3847,39,74,2.0,2.0535950660705566,1,1,0.0,0.0,0.0,0.0005825335392728448,-0.0010438247118145227,4.536658525466919e-05
3848,39,75,2.0,2.050797462463379,1,1,0.0,0.0,0.0,0.001552001922391355,-0.0015162010677158833,5.228444933891296e-06
3849,39,76,2.0,2.0595545768737793,1,1,0.0,0.0,0.0,0.0015132384141907096,-0.0008049757452681661,0.005033992230892181
3850,39,77,2.0,2.0609846115112305,1,1,0.0,0.0,0.0,0.0014642617898061872,-0.0005723849171772599,0.005105763673782349
3851,39,78,2.0,2.0704896450042725,1,1,0.0,0.0,0.0,0.00163851969409734,-0.0010600166860967875,0.006307804025709629
3852,39,79,2.0,2.0705130100250244,1,1,0.0,0.0,0.0,0.0016509982524439692,-0.0010180522222071886,0.006485712714493275
3853,39,80,1.0,2.083338737487793,0,1,0.0,0.0,0.0,0.0005258306628093123,0.00036620389437302947,0.0039012525230646133
3854,39,81,1.0,2.0833194255828857,0,1,0.0,0.0,0.0,0.0005242113256826997,0.0003656563931144774,0.003975246101617813
3855,39,82,1.0,1.379746913909912,0,0,0.0,0.0,0.0,-0.0014922352274879813,-0.0033301576040685177,-0.0111779123544693
3856,39,83,1.0,1.377046823501587,0,0,0.0,0.0,0.0,-0.0014832174638286233,-0.0032907614950090647,-0.011110955849289894
3857,39,84,1.0,1.0110876560211182,0,0,0.0,0.0,0.0,-0.0009302161051891744,-0.0030744560062885284,0.0353165827691555
3858,39,85,1.0,1.0108424425125122,0,0,0.0,0.0,0.0,-0.0009365922305732965,-0.0030563382897526026,0.035853058099746704
3859,39,86,1.0,0.999965250492096,0,0,0.0,0.0,0.0,-0.0010989911388605833,-0.0025214210618287325,0.07124319672584534
3860,39,87,1.0,0.9998818635940552,0,0,0.0,0.0,0.5,-0.0011048275046050549,-0.002523974981158972,0.07149555534124374
3861,39,88,1.0,1.0316098928451538,0,0,0.0,0.0,0.0,-0.0001680157147347927,-0.00020813843002542853,0.4301191568374634
3862,39,89,1.0,1.7789291143417358,0,1,0.0,0.0,0.0,0.0010426059598103166,-0.0028726723976433277,0.06451857089996338
3863,39,90,1.0,1.0705822706222534,0,0,0.0,0.0,0.0,-0.0014300132170319557,-0.00039236771408468485,0.1910073459148407
3864,39,91,1.0,2.0129127502441406,0,1,0.0,0.0,0.0,-0.0005502074491232634,0.00014898506924510002,0.011844133026897907
3865,39,92,1.0,2.0256948471069336,0,1,0.0,0.0,0.0,-0.0005204041954129934,0.0004664896405301988,0.010036940686404705
3866,39,93,1.0,2.0431511402130127,0,1,0.0,0.0,0.5,-0.000441701733507216,0.0004319220897741616,0.007646164856851101
3867,39,94,1.0,0.9951585531234741,0,0,0.0,0.0,0.5,0.0006268884753808379,0.0005966013413853943,0.5258806347846985
3868,39,95,1.0,0.9990982413291931,0,0,0.0,0.0,0.5,0.000993145047686994,0.0010155308991670609,0.5293729305267334
3869,39,96,1.0,0.9994893074035645,0,0,0.0,0.0,0.5,0.0007410947000607848,0.001086460892111063,0.5280930995941162
3870,39,97,1.0,0.9985957145690918,0,0,0.0,0.0,0.5,0.00040850380901247263,0.0010523085948079824,0.5266140103340149
3871,39,98,1.0,0.9981703758239746,0,0,0.0,0.0,0.5,0.0006475256523117423,0.00038685795152559876,0.530177652835846
3872,39,99,1.0,0.9997503757476807,0,0,0.0,0.0,0.5,0.0006408424815163016,0.0007814568816684186,0.5265147686004639
3873,39,100,1.0,0.9984680414199829,0,0,0.0,0.0,0.5,0.00018283480312675238,0.00010344694601371884,0.5293527841567993
3874,39,101,1.0,0.997955322265625,0,0,0.0,0.0,0.5,0.0006312489276751876,0.0002643849584273994,0.5268768072128296
