dataset_index,episode_index,frame_index,target_gripper,predicted_gripper,target_is_close,predicted_is_close,target_delta_x,target_delta_y,target_delta_z,predicted_delta_x,predicted_delta_y,predicted_delta_z
0,0,0,1.0,0.97198885679245,0,0,0.0,0.0,0.0,-0.038724567741155624,0.0,-0.005519184283912182
1,0,1,1.0,0.9705660939216614,0,0,0.0,0.0,0.0,-0.04963739588856697,0.0,-0.011857608333230019
2,0,2,1.0,0.9755518436431885,0,0,0.0,0.0,0.0,-0.047132182866334915,0.0,-0.01809251680970192
3,0,3,1.0,0.976170539855957,0,0,0.0,0.0,0.0,-0.044117607176303864,0.0,-0.016339991241693497
4,0,4,1.0,0.9785493612289429,0,0,0.0,0.0,0.0,-0.05502728000283241,0.0,-0.016915524378418922
5,0,5,1.0,0.9786176681518555,0,0,0.0,0.0,0.0,-0.05450048670172691,0.0,-0.016501177102327347
6,0,6,1.0,0.97983717918396,0,0,0.0,0.0,0.0,-0.05763683840632439,0.0,-0.00960498582571745
7,0,7,1.0,0.9798455238342285,0,0,0.0,0.0,0.0,-0.05755156651139259,0.0,-0.009513001888990402
8,0,8,1.0,0.9804890155792236,0,0,0.0,0.0,0.0,-0.05704309046268463,0.0,-0.010551088489592075
9,0,9,1.0,0.9804925918579102,0,0,0.0,0.0,0.0,-0.05702784284949303,0.0,-0.010526319965720177
10,0,10,1.0,0.9782454371452332,0,0,0.0,0.0,0.0,-0.0563122034072876,0.0,-0.012395934201776981
11,0,11,1.0,0.9782451391220093,0,0,0.0,0.0,0.0,-0.056309182196855545,0.0,-0.01239022146910429
12,0,12,1.0,0.979720413684845,0,0,0.0,0.0,0.0,-0.058519892394542694,0.0,-0.009198692627251148
13,0,13,1.0,0.9797201752662659,0,0,0.0,0.0,0.0,-0.058519475162029266,0.0,-0.009197692386806011
14,0,14,1.0,0.9803208112716675,0,0,0.0,0.0,0.0,-0.05907442048192024,0.0,-0.008716358803212643
15,0,15,1.0,0.9803207516670227,0,0,0.0,0.0,0.0,-0.05907437577843666,0.0,-0.008716166950762272
16,0,16,1.0,0.9803206920623779,0,0,0.0,0.0,0.0,-0.059074293822050095,0.0,-0.008715961128473282
17,0,17,1.0,0.9803206920623779,0,0,0.0,0.0,0.0,-0.059074316173791885,0.0,-0.008715877309441566
18,0,18,1.0,0.9803206920623779,0,0,0.0,0.0,0.0,-0.05907420441508293,0.0,-0.008715994656085968
19,0,19,1.0,0.9803206324577332,0,0,0.0,0.0,0.0,-0.059074170887470245,0.0,-0.008715899661183357
20,0,20,1.0,0.9803205728530884,0,0,0.0,0.0,0.0,-0.05907423049211502,0.0,-0.008715926669538021
21,0,21,1.0,0.9803205728530884,0,0,0.0,0.0,0.0,-0.059074223041534424,0.0,-0.008715874515473843
22,0,22,1.0,0.9803205728530884,0,0,0.0,0.0,0.0,-0.059074196964502335,0.0,-0.008715860545635223
23,0,23,1.0,0.9803205728530884,0,0,0.0,0.0,0.0,-0.059074241667985916,0.0,-0.00871588196605444
24,0,24,1.0,0.9803205728530884,0,0,0.0,0.0,0.0,-0.059074223041534424,0.0,-0.008715891279280186
25,0,25,1.0,0.9803205728530884,0,0,0.0,0.0,0.0,-0.05907424911856651,0.0,-0.008715826086699963
26,0,26,1.0,0.9803206920623779,0,0,0.0,0.0,0.0,-0.059074241667985916,0.0,-0.008715872652828693
27,0,27,1.0,0.9803205728530884,0,0,-0.25,0.0,0.0,-0.0590742863714695,0.0,-0.008715848438441753
28,0,28,1.0,0.9991233348846436,0,0,-0.25,0.0,0.0,-0.193942129611969,0.0,-0.009237595833837986
29,0,29,1.0,1.0176399946212769,0,0,-0.25,0.0,0.0,-0.24633029103279114,0.0,-0.018494080752134323
30,0,30,1.0,1.0108892917633057,0,0,-0.25,0.0,0.0,-0.2583443522453308,0.0,-0.025830648839473724
31,0,31,1.0,1.011335849761963,0,0,-0.25,0.0,0.0,-0.271967351436615,0.0,-0.0229933001101017
32,0,32,1.0,1.0153799057006836,0,0,-0.25,0.0,0.0,-0.2802808880805969,0.0,-0.006645616143941879
33,0,33,1.0,1.0131170749664307,0,0,-0.25,0.0,0.0,-0.29651138186454773,0.0,-0.00587056390941143
34,0,34,1.0,1.0134297609329224,0,0,-0.25,0.0,0.0,-0.2997463047504425,0.0,0.0043367063626646996
35,0,35,1.0,1.0044530630111694,0,0,-0.25,0.0,0.0,-0.303085595369339,0.0,-0.002443967154249549
36,0,36,1.0,1.0119807720184326,0,0,-0.25,0.0,0.0,-0.28300899267196655,0.0,-0.00679418258368969
37,0,37,1.0,0.9990239143371582,0,0,-0.25,0.0,0.0,-0.24750137329101562,0.0,0.00643256725743413
38,0,38,1.0,0.9962078332901001,0,0,-0.25,0.0,0.0,-0.20637395977973938,0.0,-0.017618659883737564
39,0,39,1.0,0.9830387830734253,0,0,0.0,0.0,0.0,-0.1256953626871109,0.0,-0.01433767843991518
40,0,40,1.0,0.9940783977508545,0,0,0.0,0.0,0.0,-0.0201849527657032,0.0,0.012269987724721432
41,0,41,1.0,0.9915578365325928,0,0,0.0,0.0,0.0,0.0015686238184571266,0.0,0.030466768890619278
42,0,42,1.0,0.9906713366508484,0,0,0.0,0.0,0.0,0.0016545909456908703,0.0,0.015164987184107304
43,0,43,1.0,0.9903030395507812,0,0,0.0,0.0,0.0,0.003403626848012209,0.0,0.014993350952863693
44,0,44,1.0,0.9853835105895996,0,0,0.0,0.0,0.0,0.0034133195877075195,0.0,-0.013031543232500553
45,0,45,1.0,0.9857089519500732,0,0,0.0,0.0,0.0,0.0033045634627342224,0.0,-0.015940643846988678
46,0,46,1.0,0.9837415218353271,0,0,-0.25,0.0,0.0,0.0018982463516294956,0.0,-0.024484779685735703
47,0,47,1.0,0.9885098338127136,0,0,0.0,0.0,0.0,-0.015122145414352417,0.0,0.00014443672262132168
48,0,48,1.0,0.9810740351676941,0,0,0.0,0.0,0.0,-0.005009169690310955,0.0,0.05549940839409828
49,0,49,1.0,0.981373131275177,0,0,0.0,0.0,0.0,-0.0011103239376097918,0.0,0.05842037871479988
50,0,50,1.0,0.9720920920372009,0,0,0.0,0.0,0.0,0.00019464228535071015,0.0,0.011112993583083153
51,0,51,1.0,0.9723420143127441,0,0,0.0,0.0,0.0,0.0012178074102848768,0.0,0.009375721216201782
52,0,52,1.0,0.9709066152572632,0,0,0.0,0.0,0.0,-0.00017346261302009225,0.0,-0.08661790192127228
53,0,53,1.0,0.9709293842315674,0,0,0.0,0.0,0.0,-4.913832526654005e-06,0.0,-0.08691529929637909
54,0,54,1.0,0.9782335162162781,0,0,0.0,0.0,0.0,-0.0017761033959686756,0.0,-0.1610037386417389
55,0,55,1.0,0.9782236814498901,0,0,0.0,0.0,0.0,-0.0017398118507117033,0.0,-0.1610008180141449
56,0,56,1.0,0.9819384813308716,0,0,0.0,0.0,-0.5,-0.0015135162975639105,0.0,-0.1534442901611328
57,0,57,1.0,0.9817646145820618,0,0,0.0,0.0,-0.5,0.008410853333771229,0.0,-0.49969837069511414
58,0,58,1.0,0.9980063438415527,0,0,0.0,0.0,-0.5,0.00843123346567154,0.0,-0.5697606205940247
59,0,59,1.0,0.9733579754829407,0,0,0.0,0.0,-0.5,0.009440825320780277,0.0,-0.6067958474159241
60,0,60,1.0,0.9629665613174438,0,0,0.0,0.0,-0.5,0.007171901874244213,0.0,-0.6009342074394226
61,0,61,1.0,0.9642355442047119,0,0,0.0,0.0,-0.5,0.004378239158540964,0.0,-0.563961386680603
62,0,62,1.0,0.9488762617111206,0,0,0.0,0.0,-0.5,0.009892206639051437,0.0,-0.4839487671852112
63,0,63,1.0,0.938613772392273,0,0,0.0,0.0,-0.5,0.01014917716383934,0.0,-0.3882845938205719
64,0,64,1.0,0.9708673357963562,0,0,0.0,0.0,0.0,0.005257172975689173,0.0,-0.14694829285144806
65,0,65,1.0,0.9844049215316772,0,0,0.0,0.0,0.0,0.004567709751427174,0.0,-0.11664630472660065
66,0,66,1.0,1.1586613655090332,0,0,0.0,0.0,0.0,0.000616423028986901,0.0,0.009264186955988407
67,0,67,1.0,1.1623426675796509,0,0,0.0,0.0,0.0,0.0008668214431963861,0.0,0.00842249859124422
68,0,68,1.0,1.318678617477417,0,0,0.0,0.0,0.0,-0.00030512880766764283,0.0,0.03147149085998535
69,0,69,1.0,1.3189623355865479,0,0,0.0,0.0,0.0,-0.0002420184900984168,0.0,0.03176644816994667
70,0,70,1.0,1.4562480449676514,0,0,0.0,0.0,0.0,0.001467098481953144,0.0,0.038861799985170364
71,0,71,2.0,1.4581842422485352,1,0,0.0,0.0,0.0,0.0014955271035432816,0.0,0.03944310545921326
72,0,72,2.0,2.0496535301208496,1,1,0.0,0.0,0.0,0.007563067600131035,0.0,0.05327442288398743
73,0,73,2.0,2.086852788925171,1,1,0.0,0.0,0.0,0.0050004636868834496,0.0,0.04953629896044731
74,0,74,2.0,2.0541017055511475,1,1,0.0,0.0,0.0,0.010406626388430595,0.0,0.002463988959789276
75,0,75,2.0,2.1038570404052734,1,1,0.0,0.0,0.0,0.008620373904705048,0.0,0.03246127814054489
76,0,76,2.0,2.0406947135925293,1,1,0.0,0.0,0.0,0.007137175649404526,0.0,0.009799757972359657
77,0,77,1.0,1.9691665172576904,0,1,0.0,0.0,0.0,0.0069863274693489075,0.0,0.004489012528210878
78,0,78,1.0,1.312840461730957,0,0,0.0,0.0,0.0,0.0012314259074628353,0.0,-0.09432396292686462
79,0,79,1.0,1.0646898746490479,0,0,0.0,0.0,0.0,0.006311553064733744,0.0,-0.06363577395677567
80,0,80,1.0,0.9906901717185974,0,0,0.0,0.0,0.0,0.009465153329074383,0.0,-0.0024998693261295557
81,0,81,1.0,0.975619912147522,0,0,0.0,0.0,0.0,0.006682373117655516,0.0,0.08844324201345444
82,0,82,1.0,0.9730782508850098,0,0,0.0,0.0,0.0,0.004428930580615997,0.0,0.22177229821681976
83,0,83,1.0,0.9833158254623413,0,0,0.0,0.0,0.0,0.004742792341858149,0.0,0.33742329478263855
84,0,84,1.0,0.9837191700935364,0,0,0.0,0.0,0.5,0.005003344267606735,0.0,0.4247583746910095
85,0,85,1.0,0.9727675318717957,0,0,0.0,0.0,0.5,0.0010635093785822392,0.0,0.5275989770889282
86,0,86,1.0,0.9693288207054138,0,0,0.0,0.0,0.5,0.0017936525400727987,0.0,0.5331361889839172
87,0,87,1.0,0.9746174812316895,0,0,0.0,0.0,0.5,-0.0009193530422635376,0.0,0.5396393537521362
88,0,88,1.0,0.9735080599784851,0,0,0.0,0.0,0.5,-0.0004415561561472714,0.0,0.5517423152923584
89,0,89,1.0,0.9644781351089478,0,0,0.0,0.0,0.5,0.0008447914733551443,0.0,0.5545863509178162
90,0,90,1.0,0.9705987572669983,0,0,0.0,0.0,0.5,0.0006803221185691655,0.0,0.5506781339645386
91,0,91,1.0,0.967538058757782,0,0,0.0,0.0,0.5,0.003317757975310087,0.0,0.5407627820968628
92,0,92,1.0,0.9737066030502319,0,0,0.0,0.0,0.5,0.005822828505188227,0.0,0.5469895005226135
93,0,93,1.0,0.9742191433906555,0,0,0.0,0.0,0.5,0.007092799060046673,0.0,0.5415201187133789
94,1,0,1.0,0.9832993745803833,0,0,0.0,0.0,0.0,0.06268157064914703,0.0,0.006408055778592825
95,1,1,1.0,0.9922018647193909,0,0,0.0,0.0,0.0,0.03887682780623436,0.0,-0.0067371791228652
96,1,2,1.0,0.9902389645576477,0,0,0.0,0.0,0.0,0.051063645631074905,0.0,-0.001830082619562745
97,1,3,1.0,0.9873017072677612,0,0,0.0,0.0,0.0,0.05971652641892433,0.0,0.0015399028779938817
98,1,4,1.0,0.9902480840682983,0,0,0.0,0.0,0.0,0.05764751508831978,0.0,-0.005550561472773552
99,1,5,1.0,0.9896467328071594,0,0,0.0,0.0,0.0,0.05922511965036392,0.0,-0.004889803007245064
100,1,6,1.0,0.9879373908042908,0,0,0.0,0.0,0.0,0.06599403917789459,0.0,-0.0035812074784189463
101,1,7,1.0,0.9878249168395996,0,0,0.0,0.0,0.0,0.06630045920610428,0.0,-0.003351066494360566
102,1,8,1.0,0.9833307266235352,0,0,0.0,0.0,0.0,0.07309431582689285,0.0,-0.004887795075774193
103,1,9,1.0,0.9833048582077026,0,0,0.0,0.0,0.0,0.07316317409276962,0.0,-0.00482543371617794
104,1,10,1.0,0.9843116402626038,0,0,0.0,0.0,0.0,0.07106339186429977,0.0,-0.006124731153249741
105,1,11,1.0,0.9843036532402039,0,0,0.25,0.0,0.0,0.07107769697904587,0.0,-0.006107928231358528
106,1,12,1.0,0.9799560904502869,0,0,0.25,0.0,0.0,0.2831800580024719,0.0,0.004383492283523083
107,1,13,1.0,0.982890784740448,0,0,0.25,0.0,0.0,0.2947130799293518,0.0,-0.0031098027247935534
108,1,14,1.0,1.0080910921096802,0,0,0.25,0.0,0.0,0.21268059313297272,0.0,0.006132214330136776
109,1,15,1.0,1.0161954164505005,0,0,0.25,0.0,0.0,0.1630089432001114,0.0,0.013339081779122353
110,1,16,1.0,1.0109654664993286,0,0,0.0,0.0,0.0,0.07827377319335938,0.0,0.0302595105022192
111,1,17,1.0,1.0009052753448486,0,0,0.0,0.0,0.0,0.04179229959845543,0.0,0.05561050400137901
112,1,18,1.0,0.9837774038314819,0,0,0.0,0.0,0.0,0.018053419888019562,0.0,0.016781020909547806
113,1,19,1.0,0.9824047088623047,0,0,0.0,0.0,0.0,0.01191735453903675,0.0,0.019467275589704514
114,1,20,1.0,0.9784853458404541,0,0,0.0,0.0,0.0,0.008385766297578812,0.0,0.019491327926516533
115,1,21,1.0,0.9784313440322876,0,0,0.0,0.0,0.0,0.007800091989338398,0.0,0.019901294261217117
116,1,22,1.0,0.980603039264679,0,0,0.0,0.0,0.0,0.007385049946606159,0.0,0.02486187033355236
117,1,23,1.0,0.98060142993927,0,0,0.25,0.0,0.0,0.007306615822017193,0.0,0.024774102494120598
118,1,24,1.0,0.993346631526947,0,0,0.0,0.0,0.0,0.02908560261130333,0.0,0.024205850437283516
119,1,25,1.0,0.9847381114959717,0,0,0.0,0.0,0.0,0.019636468961834908,0.0,0.07367322593927383
120,1,26,1.0,0.9760435223579407,0,0,0.0,0.0,0.0,0.007312647998332977,0.0,0.0925154760479927
121,1,27,1.0,0.9755403399467468,0,0,0.0,0.0,0.0,0.004112537018954754,0.0,0.09421076625585556
122,1,28,1.0,0.9792461395263672,0,0,0.0,0.0,0.0,0.0009778207167983055,0.0,-0.04119298607110977
123,1,29,1.0,0.9792698621749878,0,0,0.0,0.0,0.0,0.0004678790573962033,0.0,-0.04123720899224281
124,1,30,1.0,0.9933310747146606,0,0,0.0,0.0,0.0,-0.0024186084046959877,0.0,-0.1247744932770729
125,1,31,1.0,0.9933858513832092,0,0,0.0,0.0,0.0,-0.0024929195642471313,0.0,-0.12487345188856125
126,1,32,1.0,1.0027199983596802,0,0,0.0,0.0,-0.5,0.0017745234072208405,0.0,-0.27257978916168213
127,1,33,1.0,0.9803178906440735,0,0,0.0,0.0,-0.5,0.012382319197058678,0.0,-0.5681254863739014
128,1,34,1.0,0.9848256707191467,0,0,0.0,0.0,-0.5,0.006991241127252579,0.0,-0.6078509092330933
129,1,35,1.0,0.9849597811698914,0,0,0.0,0.0,-0.5,0.006486490834504366,0.0,-0.6284183263778687
130,1,36,1.0,0.9684628844261169,0,0,0.0,0.0,-0.5,0.007665138691663742,0.0,-0.6137531399726868
131,1,37,1.0,0.9636629819869995,0,0,0.0,0.0,-0.5,0.009112386964261532,0.0,-0.5448406934738159
132,1,38,1.0,0.9450371265411377,0,0,0.0,0.0,-0.5,0.008804184384644032,0.0,-0.3981480896472931
133,1,39,1.0,0.9503008127212524,0,0,0.0,0.0,-0.5,0.012037407606840134,0.0,-0.28188014030456543
134,1,40,1.0,1.0224462747573853,0,0,0.0,0.0,-0.5,0.010211607441306114,0.0,-0.07081718742847443
135,1,41,1.0,1.039808750152588,0,0,0.0,0.0,0.0,0.008402394130825996,0.0,-0.05961812660098076
136,1,42,1.0,1.2411028146743774,0,0,0.0,0.0,0.0,0.004544784780591726,0.0,0.0347132682800293
137,1,43,1.0,1.2401474714279175,0,0,0.0,0.0,0.0,0.004722225479781628,0.0,0.0329071506857872
138,1,44,1.0,1.3589105606079102,0,0,0.0,0.0,0.0,0.003532737959176302,0.0,0.043046146631240845
139,1,45,1.0,1.3592087030410767,0,0,0.0,0.0,0.0,0.0035635028034448624,0.0,0.04333622381091118
140,1,46,2.0,1.4025483131408691,1,0,0.0,0.0,0.0,0.0031622890383005142,0.0,0.04003831744194031
141,1,47,2.0,2.072770357131958,1,1,0.0,0.0,0.0,0.008722820319235325,0.0,0.026022477075457573
142,1,48,2.0,2.0908124446868896,1,1,0.0,0.0,0.0,0.008941895328462124,0.0,0.041714493185281754
143,1,49,2.0,2.0877628326416016,1,1,0.0,0.0,0.0,0.009029107168316841,0.0,0.010365607216954231
144,1,50,2.0,2.0815255641937256,1,1,0.0,0.0,0.0,0.0079598193988204,0.0,0.00809722300618887
145,1,51,2.0,2.0198111534118652,1,1,0.0,0.0,0.0,0.0042806630954146385,0.0,0.005559471435844898
146,1,52,1.0,1.4820597171783447,0,0,0.0,0.0,0.0,-0.0010252142092213035,0.0,-0.045711368322372437
147,1,53,1.0,1.1116793155670166,0,0,0.0,0.0,0.0,0.0009246104746125638,0.0,-0.053106002509593964
148,1,54,1.0,0.9962143898010254,0,0,0.0,0.0,0.0,0.0018726466223597527,0.0,-0.017047218978405
149,1,55,1.0,0.9816927909851074,0,0,0.0,0.0,0.0,0.001703205518424511,0.0,0.03965549170970917
150,1,56,1.0,0.9685498476028442,0,0,0.0,0.0,0.0,0.003012728877365589,0.0,0.1230684444308281
151,1,57,1.0,0.967207133769989,0,0,0.0,0.0,0.0,0.0037165917456150055,0.0,0.18044842779636383
152,1,58,1.0,0.969228208065033,0,0,0.0,0.0,0.5,0.004839662928134203,0.0,0.2607590854167938
153,1,59,1.0,0.9822258353233337,0,0,0.0,0.0,0.5,0.00018726690905168653,0.0,0.5282856822013855
154,1,60,1.0,0.9772019386291504,0,0,0.0,0.0,0.5,0.0025387266650795937,0.0,0.5482710599899292
155,1,61,1.0,0.9811878204345703,0,0,0.0,0.0,0.5,0.00265792035497725,0.0,0.5424135327339172
156,1,62,1.0,0.9803053140640259,0,0,0.0,0.0,0.5,0.003759173210710287,0.0,0.5590611100196838
157,1,63,1.0,0.9749493598937988,0,0,0.0,0.0,0.5,0.0024208100512623787,0.0,0.5492870211601257
158,1,64,1.0,0.967231273651123,0,0,0.0,0.0,0.5,0.004730726592242718,0.0,0.5569956302642822
159,1,65,1.0,0.967634379863739,0,0,0.0,0.0,0.5,0.0044783614575862885,0.0,0.5560384392738342
160,1,66,1.0,0.9607862234115601,0,0,0.0,0.0,0.5,0.003502628766000271,0.0,0.5606218576431274
161,1,67,1.0,0.9621918201446533,0,0,0.0,0.0,0.5,0.004769569728523493,0.0,0.5603750944137573
162,2,0,1.0,0.9926024079322815,0,0,0.0,0.0,0.0,0.05779995024204254,0.0,0.0018486891640350223
163,2,1,1.0,0.9968733787536621,0,0,0.0,0.0,0.0,0.044099826365709305,0.0,-0.007491246797144413
164,2,2,1.0,0.9912760257720947,0,0,0.0,0.0,0.0,0.04874401167035103,0.0,-0.00421663373708725
165,2,3,1.0,0.9901799559593201,0,0,0.0,0.0,0.0,0.0526389479637146,0.0,-0.0016781182494014502
166,2,4,1.0,0.9895033836364746,0,0,0.0,0.0,0.0,0.05159411206841469,0.0,-0.0011378361377865076
167,2,5,1.0,0.9891843795776367,0,0,0.0,0.0,0.0,0.05239865183830261,0.0,-0.0006156780291348696
168,2,6,1.0,0.9852737784385681,0,0,0.0,0.0,0.0,0.058014798909425735,0.0,-0.004483552649617195
169,2,7,1.0,0.9851802587509155,0,0,0.0,0.0,0.0,0.05819221958518028,0.0,-0.0043282583355903625
170,2,8,1.0,0.9848811030387878,0,0,0.0,0.0,0.0,0.059977609664201736,0.0,-0.004551922902464867
171,2,9,1.0,0.9848629236221313,0,0,0.0,0.0,0.0,0.060015223920345306,0.0,-0.004510077647864819
172,2,10,1.0,0.9853598475456238,0,0,0.0,0.0,0.0,0.05984077230095863,0.0,-0.003501116530969739
173,2,11,1.0,0.9853543639183044,0,0,0.25,0.0,0.0,0.05984942242503166,0.0,-0.0034903238993138075
174,2,12,1.0,0.9809168577194214,0,0,0.25,0.0,0.0,0.20273669064044952,0.0,0.014988440088927746
175,2,13,1.0,0.9928048849105835,0,0,0.25,0.0,0.0,0.2321593165397644,0.0,0.0010827409569174051
176,2,14,1.0,0.9864743947982788,0,0,0.25,0.0,0.0,0.24381591379642487,0.0,-0.004540097899734974
177,2,15,1.0,0.993147075176239,0,0,0.25,0.0,0.0,0.24835605919361115,0.0,-0.00025759078562259674
178,2,16,1.0,0.9963469505310059,0,0,0.25,0.0,0.0,0.2626727223396301,0.0,0.00822947733104229
179,2,17,1.0,0.9963572025299072,0,0,0.25,0.0,0.0,0.2738199830055237,0.0,0.005045545753091574
180,2,18,1.0,0.9877738356590271,0,0,0.25,0.0,0.0,0.28802502155303955,0.0,-0.0046568503603339195
181,2,19,1.0,0.9832239747047424,0,0,0.25,0.0,0.0,0.2998916506767273,0.0,-0.011832552962005138
182,2,20,1.0,0.9845150709152222,0,0,0.25,0.0,0.0,0.2594488561153412,0.0,-0.009628872387111187
183,2,21,1.0,0.9889450073242188,0,0,0.0,0.0,0.0,0.22091449797153473,0.0,-0.017210399731993675
184,2,22,1.0,0.9883311986923218,0,0,0.0,0.0,0.0,0.17209266126155853,0.0,-0.022781293839216232
185,2,23,1.0,0.986970067024231,0,0,0.0,0.0,0.0,0.09945037961006165,0.0,-0.02389027737081051
186,2,24,1.0,0.9952188730239868,0,0,0.0,0.0,0.0,0.05748249962925911,0.0,-0.010702617466449738
187,2,25,1.0,0.9941045045852661,0,0,0.0,0.0,0.0,0.050263043493032455,0.0,-0.011818595230579376
188,2,26,1.0,0.9964068531990051,0,0,0.0,0.0,0.0,0.048198211938142776,0.0,-0.012366094626486301
189,2,27,1.0,0.9962339997291565,0,0,0.25,0.0,0.0,0.047283586114645004,0.0,-0.012607072480022907
190,2,28,1.0,1.005552053451538,0,0,0.25,0.0,0.0,0.0933075025677681,0.0,0.0010730978101491928
191,2,29,1.0,1.002497911453247,0,0,0.0,0.0,0.0,0.07672453671693802,0.0,0.020700503140687943
192,2,30,1.0,0.9814813137054443,0,0,0.0,0.0,0.0,0.024234596639871597,0.0,0.012691536918282509
193,2,31,1.0,0.9742926955223083,0,0,0.0,0.0,0.0,0.012303007766604424,0.0,0.034080032259225845
194,2,32,1.0,0.9795805215835571,0,0,0.0,0.0,0.0,0.004583771340548992,0.0,0.007319808006286621
195,2,33,1.0,0.9792683124542236,0,0,0.0,0.0,0.0,0.0033313659951090813,0.0,0.008522440679371357
196,2,34,1.0,0.991614580154419,0,0,0.0,0.0,0.0,0.002989592030644417,0.0,0.054297544062137604
197,2,35,1.0,0.9916098117828369,0,0,0.0,0.0,0.0,0.0028193099424242973,0.0,0.05434994399547577
198,2,36,1.0,0.9879540801048279,0,0,0.25,0.0,0.0,0.0035853879526257515,0.0,0.04598376899957657
199,2,37,1.0,0.9906177520751953,0,0,0.0,0.0,0.0,0.03134293109178543,0.0,0.01611356809735298
200,2,38,1.0,0.9891818761825562,0,0,0.0,0.0,0.0,0.014644197188317776,0.0,0.05448383837938309
201,2,39,1.0,0.9851812124252319,0,0,0.0,0.0,0.0,0.008546153083443642,0.0,0.07433619350194931
202,2,40,1.0,0.9844691157341003,0,0,0.0,0.0,0.0,0.0074069807305932045,0.0,0.08116599917411804
203,2,41,1.0,0.9842711687088013,0,0,0.0,0.0,0.0,0.00642777793109417,0.0,0.08208409696817398
204,2,42,1.0,0.9929845333099365,0,0,0.0,0.0,0.0,0.0005587890627793968,0.0,0.020298033952713013
205,2,43,1.0,0.993029773235321,0,0,0.0,0.0,0.0,0.00040765461744740605,0.0,0.020305728539824486
206,2,44,1.0,1.0007121562957764,0,0,0.0,0.0,0.0,0.0018851030617952347,0.0,-0.015843678265810013
207,2,45,1.0,1.000732421875,0,0,0.0,0.0,-0.5,0.0018705888651311398,0.0,-0.015903044492006302
208,2,46,1.0,1.0283641815185547,0,0,0.0,0.0,-0.5,0.013896576128900051,0.0,-0.494551420211792
209,2,47,1.0,0.9822139143943787,0,0,0.0,0.0,-0.5,0.015027005225419998,0.0,-0.6307198405265808
210,2,48,1.0,0.9728513956069946,0,0,0.0,0.0,-0.5,0.015155619010329247,0.0,-0.6434924006462097
211,2,49,1.0,0.9936798810958862,0,0,0.0,0.0,-0.5,0.0068152896128594875,0.0,-0.6144494414329529
212,2,50,1.0,0.9718740582466125,0,0,0.0,0.0,-0.5,0.015194660052657127,0.0,-0.5746944546699524
213,2,51,1.0,0.9615435004234314,0,0,0.0,0.0,-0.5,0.014677602797746658,0.0,-0.49930307269096375
214,2,52,1.0,0.9504332542419434,0,0,0.0,0.0,-0.5,0.014535713940858841,0.0,-0.3346613943576813
215,2,53,1.0,0.9487703442573547,0,0,0.0,0.0,-0.5,0.014690462499856949,0.0,-0.27285927534103394
216,2,54,1.0,1.052442193031311,0,0,0.0,0.0,0.0,0.006913785822689533,0.0,-0.042971137911081314
217,2,55,1.0,1.0524799823760986,0,0,0.0,0.0,0.0,0.0069869766011834145,0.0,-0.040048569440841675
218,2,56,1.0,1.1400384902954102,0,0,0.0,0.0,0.0,0.0029940237291157246,0.0,0.014994638040661812
219,2,57,1.0,1.1404789686203003,0,0,0.0,0.0,0.0,0.003007670398801565,0.0,0.016102539375424385
220,2,58,1.0,1.1452856063842773,0,0,0.0,0.0,0.0,0.00293197063729167,0.0,0.02535017393529415
221,2,59,1.0,1.1453824043273926,0,0,0.0,0.0,0.0,0.0029394696466624737,0.0,0.02555539458990097
222,2,60,2.0,1.124568223953247,1,0,0.0,0.0,0.0,0.003754365723580122,0.0,0.01192345842719078
223,2,61,2.0,2.0387063026428223,1,1,0.0,0.0,0.0,0.005840562283992767,0.0,0.037237200886011124
224,2,62,2.0,2.0910515785217285,1,1,0.0,0.0,0.0,0.008242985233664513,0.0,0.023088151589035988
225,2,63,2.0,2.093120574951172,1,1,0.0,0.0,0.0,0.009904098697006702,0.0,0.01649358496069908
226,2,64,2.0,2.0932836532592773,1,1,0.0,0.0,0.0,0.008127126842737198,0.0,0.021776409819722176
227,2,65,2.0,2.079988479614258,1,1,0.0,0.0,0.0,0.006901856511831284,0.0,0.016115952283143997
228,2,66,1.0,1.9481357336044312,0,1,0.0,0.0,0.0,0.004574227146804333,0.0,0.0019749877974390984
229,2,67,1.0,1.6274993419647217,0,1,0.0,0.0,0.0,0.003011908382177353,0.0,-0.05005139857530594
230,2,68,1.0,1.021949052810669,0,0,0.0,0.0,0.0,0.0011783011723309755,0.0,-0.012909232638776302
231,2,69,1.0,0.9780654907226562,0,0,0.0,0.0,0.0,0.0011773942969739437,0.0,0.024636313319206238
232,2,70,1.0,0.9782781600952148,0,0,0.0,0.0,0.0,4.04281890951097e-05,0.0,0.1268543004989624
233,2,71,1.0,0.96527498960495,0,0,0.0,0.0,0.0,0.00151784997433424,0.0,0.16338974237442017
234,2,72,1.0,0.9617725610733032,0,0,0.0,0.0,0.0,0.0022963418159633875,0.0,0.24594105780124664
235,2,73,1.0,0.9632641673088074,0,0,0.0,0.0,0.5,0.0028821746818721294,0.0,0.312134325504303
236,2,74,1.0,0.9792191386222839,0,0,0.0,0.0,0.5,0.0010846869554370642,0.0,0.5400625467300415
237,2,75,1.0,0.9792172312736511,0,0,0.0,0.0,0.5,0.003406685311347246,0.0,0.5621042251586914
238,2,76,1.0,0.9765551686286926,0,0,0.0,0.0,0.5,0.004606026224792004,0.0,0.5474038124084473
239,2,77,1.0,0.9760061502456665,0,0,0.0,0.0,0.5,0.0026293161790817976,0.0,0.5439388751983643
240,2,78,1.0,0.9667354822158813,0,0,0.0,0.0,0.5,0.003814753144979477,0.0,0.5215702056884766
241,2,79,1.0,0.9671206474304199,0,0,0.0,0.0,0.5,0.0011486085131764412,0.0,0.545227587223053
242,2,80,1.0,0.9636815786361694,0,0,0.0,0.0,0.5,0.003927011042833328,0.0,0.5603107810020447
243,2,81,1.0,0.9626996517181396,0,0,0.0,0.0,0.5,0.003375173080712557,0.0,0.5624291300773621
244,2,82,1.0,0.9629408121109009,0,0,0.0,0.0,0.5,0.004336443729698658,0.0,0.5607102513313293
245,3,0,1.0,0.9756336212158203,0,0,0.0,0.0,0.0,-0.06246233731508255,0.0,-0.003481973195448518
246,3,1,1.0,0.9729329943656921,0,0,0.0,0.0,0.0,-0.07977404445409775,0.0,-0.01588783599436283
247,3,2,1.0,0.979148805141449,0,0,0.0,0.0,0.0,-0.07760922610759735,0.0,-0.008387738838791847
248,3,3,1.0,0.9797844290733337,0,0,0.0,0.0,0.0,-0.07243815809488297,0.0,-0.005054473876953125
249,3,4,1.0,0.9820951223373413,0,0,0.0,0.0,0.0,-0.07747570425271988,0.0,0.00336334016174078
250,3,5,1.0,0.9822031259536743,0,0,0.0,0.0,0.0,-0.07654464989900589,0.0,0.003960727714002132
251,3,6,1.0,0.9836120009422302,0,0,0.0,0.0,0.0,-0.08084142208099365,0.0,0.007705404423177242
252,3,7,1.0,0.9836422204971313,0,0,0.0,0.0,0.0,-0.08068827539682388,0.0,0.007802598178386688
253,3,8,1.0,0.9845526218414307,0,0,0.0,0.0,0.0,-0.09421619772911072,0.0,0.009023807011544704
254,3,9,1.0,0.9845569133758545,0,0,-0.25,0.0,0.0,-0.09418889135122299,0.0,0.009049123153090477
255,3,10,1.0,1.0151479244232178,0,0,-0.25,0.0,0.0,-0.26868170499801636,0.0,-0.0006243563257157803
256,3,11,1.0,1.011772871017456,0,0,-0.25,0.0,0.0,-0.29468512535095215,0.0,-0.008611387573182583
257,3,12,1.0,1.016891598701477,0,0,-0.25,0.0,0.0,-0.2847539186477661,0.0,-0.015412080101668835
258,3,13,1.0,0.998015284538269,0,0,-0.25,0.0,0.0,-0.23960331082344055,0.0,-0.018532291054725647
259,3,14,1.0,0.9787331819534302,0,0,0.0,0.0,0.0,-0.17213568091392517,0.0,-0.028405604884028435
260,3,15,1.0,0.9947354197502136,0,0,0.0,0.0,0.0,-0.065886951982975,0.0,0.009687279351055622
261,3,16,1.0,0.9946075081825256,0,0,0.0,0.0,0.0,-0.011930997483432293,0.0,0.02742079272866249
262,3,17,1.0,0.9971973896026611,0,0,0.0,0.0,0.0,-0.0011135340901091695,0.0,0.027437016367912292
263,3,18,1.0,0.9956457614898682,0,0,0.0,0.0,0.0,0.0043829153291881084,0.0,0.03339804336428642
264,3,19,1.0,0.9957453012466431,0,0,0.0,0.0,0.0,0.00548451766371727,0.0,0.03411795571446419
265,3,20,1.0,0.9959938526153564,0,0,0.0,0.0,0.0,0.006682951468974352,0.0,0.03207951784133911
266,3,21,1.0,0.9960102438926697,0,0,0.0,0.0,0.0,0.006835966370999813,0.0,0.032293763011693954
267,3,22,1.0,0.9944446682929993,0,0,-0.25,0.0,0.0,0.007350543513894081,0.0,0.029839210212230682
268,3,23,1.0,0.9929149150848389,0,0,0.0,0.0,0.0,-0.017667528241872787,0.0,0.05634389445185661
269,3,24,1.0,0.9941396713256836,0,0,0.0,0.0,0.0,-0.0028924692887812853,0.0,0.03172038495540619
270,3,25,1.0,0.9975361824035645,0,0,0.0,0.0,0.0,0.002720373449847102,0.0,0.032313279807567596
271,3,26,1.0,0.9937052130699158,0,0,0.0,0.0,0.0,0.0034935660660266876,0.0,0.006670746952295303
272,3,27,1.0,0.9938294291496277,0,0,0.0,0.0,0.0,0.004523368086665869,0.0,0.005758810788393021
273,3,28,1.0,0.9955165982246399,0,0,0.0,0.0,0.0,0.0023666061460971832,0.0,0.015814809128642082
274,3,29,1.0,0.9955361485481262,0,0,0.0,0.0,0.0,0.002514825901016593,0.0,0.015754178166389465
275,3,30,1.0,0.9936521053314209,0,0,0.0,0.0,0.0,0.002201853320002556,0.0,0.01572195068001747
276,3,31,1.0,0.9936516284942627,0,0,0.0,0.0,0.0,0.002226165495812893,0.0,0.015712009742856026
277,3,32,1.0,0.993939220905304,0,0,0.0,0.0,-0.5,0.004200405441224575,0.0,0.014139735139906406
278,3,33,1.0,0.9884947538375854,0,0,0.0,0.0,-0.5,0.0075426120311021805,0.0,-0.5190832018852234
279,3,34,1.0,0.9681538343429565,0,0,0.0,0.0,-0.5,0.005368534941226244,0.0,-0.6030925512313843
280,3,35,1.0,0.9753738641738892,0,0,0.0,0.0,-0.5,0.0019104969687759876,0.0,-0.6355125308036804
281,3,36,1.0,0.9690269231796265,0,0,0.0,0.0,-0.5,0.0006050066440366209,0.0,-0.5800198316574097
282,3,37,1.0,0.9769778251647949,0,0,0.0,0.0,-0.5,0.008302315138280392,0.0,-0.5719175934791565
283,3,38,1.0,0.9496814012527466,0,0,0.0,0.0,-0.5,0.010050978511571884,0.0,-0.48598626255989075
284,3,39,1.0,0.9395010471343994,0,0,0.0,0.0,-0.5,0.014526299200952053,0.0,-0.35531917214393616
285,3,40,1.0,0.9877725839614868,0,0,0.0,0.0,0.0,0.0030720774084329605,0.0,-0.12947537004947662
286,3,41,1.0,1.0174459218978882,0,0,0.0,0.0,0.0,0.004665915388613939,0.0,-0.07514312863349915
287,3,42,1.0,1.0771827697753906,0,0,0.0,0.0,0.0,0.002483929041773081,0.0,-0.018786083906888962
288,3,43,1.0,1.0792433023452759,0,0,0.0,0.0,0.0,0.0026090664323419333,0.0,-0.016736041754484177
289,3,44,1.0,1.1706746816635132,0,0,0.0,0.0,0.0,0.0003056584973819554,0.0,0.01195258367806673
290,3,45,1.0,1.170900821685791,0,0,0.0,0.0,0.0,0.00035224674502387643,0.0,0.012281556613743305
291,3,46,1.0,1.2095268964767456,0,0,0.0,0.0,0.0,0.0012430143542587757,0.0,0.014348575845360756
292,3,47,1.0,1.2093777656555176,0,0,0.0,0.0,0.0,0.0012482402380555868,0.0,0.014309880323708057
293,3,48,2.0,1.1690212488174438,1,0,0.0,0.0,0.0,0.0014566646423190832,0.0,0.007688939571380615
294,3,49,2.0,2.0731589794158936,1,1,0.0,0.0,0.0,0.004293340723961592,0.0,0.036943111568689346
295,3,50,2.0,2.0998611450195312,1,1,0.0,0.0,0.0,0.004373089410364628,0.0,0.04011509567499161
296,3,51,2.0,2.0728507041931152,1,1,0.0,0.0,0.0,0.005888873245567083,0.0,0.030605293810367584
297,3,52,2.0,2.0133676528930664,1,1,0.0,0.0,0.0,0.005203163251280785,0.0,0.014243862591683865
298,3,53,1.0,1.6162693500518799,0,1,0.0,0.0,0.0,0.005309692118316889,0.0,-0.09235738217830658
299,3,54,1.0,1.0589673519134521,0,0,0.0,0.0,0.0,0.0026906696148216724,0.0,-0.14173799753189087
300,3,55,1.0,1.0036394596099854,0,0,0.0,0.0,0.0,0.004758406896144152,0.0,-0.09822217375040054
301,3,56,1.0,0.976841390132904,0,0,0.0,0.0,0.0,0.004308077972382307,0.0,-0.031163731589913368
302,3,57,1.0,0.9675531983375549,0,0,0.0,0.0,0.0,0.004352996125817299,0.0,0.03805692866444588
303,3,58,1.0,0.9641331434249878,0,0,0.0,0.0,0.0,0.0029366975650191307,0.0,0.1329459697008133
304,3,59,1.0,0.9646457433700562,0,0,0.0,0.0,0.0,0.0034409938380122185,0.0,0.22536730766296387
305,3,60,1.0,0.9675295948982239,0,0,0.0,0.0,0.0,0.003158881328999996,0.0,0.3015096187591553
306,3,61,1.0,0.9720879197120667,0,0,0.0,0.0,0.0,0.0030233110301196575,0.0,0.35759153962135315
307,3,62,1.0,0.9778743982315063,0,0,0.0,0.0,0.5,0.0035509318113327026,0.0,0.4044630229473114
308,3,63,1.0,0.978787899017334,0,0,0.0,0.0,0.5,0.00019725708989426494,0.0,0.5440781116485596
309,3,64,1.0,0.9762187600135803,0,0,0.0,0.0,0.5,0.001417339313775301,0.0,0.5234887003898621
310,3,65,1.0,0.9775168299674988,0,0,0.0,0.0,0.5,0.0008017842774279416,0.0,0.5255590677261353
311,3,66,1.0,0.979461669921875,0,0,0.0,0.0,0.5,-0.00026565848384052515,0.0,0.5405460000038147
312,3,67,1.0,0.9782959222793579,0,0,0.0,0.0,0.5,0.0021908399648964405,0.0,0.5445325970649719
313,3,68,1.0,0.9665290117263794,0,0,0.0,0.0,0.5,0.0013071822468191385,0.0,0.5562647581100464
314,3,69,1.0,0.9605394601821899,0,0,0.0,0.0,0.5,0.002498033456504345,0.0,0.5485723614692688
315,3,70,1.0,0.9650244116783142,0,0,0.0,0.0,0.5,0.004322752822190523,0.0,0.5544655919075012
316,3,71,1.0,0.9630985856056213,0,0,0.0,0.0,0.5,0.002891692565754056,0.0,0.5545588731765747
317,4,0,1.0,0.9832993745803833,0,0,0.0,0.0,0.0,0.06268157064914703,0.0,0.006407951004803181
318,4,1,1.0,0.9922019243240356,0,0,0.0,0.0,0.0,0.03887677937746048,0.0,-0.006737078540027142
319,4,2,1.0,0.9902389645576477,0,0,0.0,0.0,0.0,0.051063667982816696,0.0,-0.001830127788707614
320,4,3,1.0,0.9873016476631165,0,0,0.0,0.0,0.0,0.05971650406718254,0.0,0.0015399066032841802
321,4,4,1.0,0.9902480244636536,0,0,0.0,0.0,0.0,0.05764750391244888,0.0,-0.0055505502969026566
322,4,5,1.0,0.9896467924118042,0,0,0.0,0.0,0.0,0.05922512337565422,0.0,-0.004889840260148048
323,4,6,1.0,0.9879374504089355,0,0,0.0,0.0,0.0,0.06599403917789459,0.0,-0.0035812186542898417
324,4,7,1.0,0.9878249168395996,0,0,0.0,0.0,0.0,0.06630047410726547,0.0,-0.003351028775796294
325,4,8,1.0,0.9833307862281799,0,0,0.0,0.0,0.0,0.07309433817863464,0.0,-0.004887806251645088
326,4,9,1.0,0.9833047986030579,0,0,0.0,0.0,0.0,0.07316315919160843,0.0,-0.00482541136443615
327,4,10,1.0,0.9843116402626038,0,0,0.0,0.0,0.0,0.07106345146894455,0.0,-0.0061246780678629875
328,4,11,1.0,0.9843037128448486,0,0,0.25,0.0,0.0,0.07107768207788467,0.0,-0.006107879802584648
329,4,12,1.0,0.9799560904502869,0,0,0.25,0.0,0.0,0.2831800878047943,0.0,0.004383552353829145
330,4,13,1.0,0.9828908443450928,0,0,0.25,0.0,0.0,0.2947131395339966,0.0,-0.0031099303159862757
331,4,14,1.0,1.0080910921096802,0,0,0.25,0.0,0.0,0.2126806080341339,0.0,0.006132199428975582
332,4,15,1.0,1.0161954164505005,0,0,0.25,0.0,0.0,0.1630089282989502,0.0,0.013339175842702389
333,4,16,1.0,1.0109654664993286,0,0,0.0,0.0,0.0,0.07827374339103699,0.0,0.03025950863957405
334,4,17,1.0,1.0009052753448486,0,0,0.0,0.0,0.0,0.041792310774326324,0.0,0.05561048164963722
335,4,18,1.0,0.9837774634361267,0,0,0.0,0.0,0.0,0.01805342175066471,0.0,0.016781024634838104
336,4,19,1.0,0.9824047088623047,0,0,0.0,0.0,0.0,0.011917353607714176,0.0,0.019467199221253395
337,4,20,1.0,0.9784853458404541,0,0,0.0,0.0,0.0,0.008385766297578812,0.0,0.019491257146000862
338,4,21,1.0,0.9784314036369324,0,0,0.0,0.0,0.0,0.007800078950822353,0.0,0.019901329651474953
339,4,22,1.0,0.9806030988693237,0,0,0.0,0.0,0.0,0.007385074160993099,0.0,0.024861807003617287
340,4,23,1.0,0.9806014895439148,0,0,0.25,0.0,0.0,0.0073066167533397675,0.0,0.02477402053773403
341,4,24,1.0,0.9933466911315918,0,0,0.0,0.0,0.0,0.029085610061883926,0.0,0.024205854162573814
342,4,25,1.0,0.9847380518913269,0,0,0.0,0.0,0.0,0.0196364838629961,0.0,0.07367324829101562
343,4,26,1.0,0.9760435223579407,0,0,0.0,0.0,0.0,0.0073126619681715965,0.0,0.09251543879508972
344,4,27,1.0,0.975540280342102,0,0,0.0,0.0,0.0,0.004112569615244865,0.0,0.0942106693983078
345,4,28,1.0,0.9792461395263672,0,0,0.0,0.0,0.0,0.0009778386447578669,0.0,-0.04119293391704559
346,4,29,1.0,0.9792698621749878,0,0,0.0,0.0,0.0,0.0004678941913880408,0.0,-0.041237231343984604
347,4,30,1.0,0.9933311939239502,0,0,0.0,0.0,0.0,-0.002418620279058814,0.0,-0.12477446347475052
348,4,31,1.0,0.9933858513832092,0,0,0.0,0.0,0.0,-0.0024929186329245567,0.0,-0.12487342208623886
349,4,32,1.0,1.0027199983596802,0,0,0.0,0.0,-0.5,0.0017745036166161299,0.0,-0.27257969975471497
350,4,33,1.0,0.9803178906440735,0,0,0.0,0.0,-0.5,0.01238231174647808,0.0,-0.5681255459785461
351,4,34,1.0,0.9848257303237915,0,0,0.0,0.0,-0.5,0.006991241127252579,0.0,-0.6078509092330933
352,4,35,1.0,0.9849597215652466,0,0,0.0,0.0,-0.5,0.0064864931628108025,0.0,-0.6284182667732239
353,4,36,1.0,0.9684629440307617,0,0,0.0,0.0,-0.5,0.0076651424169540405,0.0,-0.613753080368042
354,4,37,1.0,0.9636629819869995,0,0,0.0,0.0,-0.5,0.009112369269132614,0.0,-0.5448408126831055
355,4,38,1.0,0.9450371861457825,0,0,0.0,0.0,-0.5,0.00880417600274086,0.0,-0.3981480300426483
356,4,39,1.0,0.950300931930542,0,0,0.0,0.0,-0.5,0.01203739084303379,0.0,-0.2818801999092102
357,4,40,1.0,1.0224462747573853,0,0,0.0,0.0,-0.5,0.010211601853370667,0.0,-0.07081714272499084
358,4,41,1.0,1.0398088693618774,0,0,0.0,0.0,-0.5,0.008402425795793533,0.0,-0.05961819365620613
359,4,42,1.0,1.2411028146743774,0,0,0.0,0.0,0.0,0.004544791299849749,0.0,0.034713298082351685
360,4,43,1.0,1.240147590637207,0,0,0.0,0.0,0.0,0.004722232464700937,0.0,0.03290713578462601
361,4,44,1.0,1.3589105606079102,0,0,0.0,0.0,0.0,0.0035327281802892685,0.0,0.04304613173007965
362,4,45,1.0,1.359208583831787,0,0,0.0,0.0,0.0,0.0035635018721222878,0.0,0.0433361642062664
363,4,46,1.0,1.4493380784988403,0,0,0.0,0.0,0.0,0.0031034043058753014,0.0,0.046544261276721954
364,4,47,2.0,1.449358582496643,1,0,0.0,0.0,0.0,0.003105499316006899,0.0,0.0465572364628315
365,4,48,2.0,2.072293758392334,1,1,0.0,0.0,0.0,0.00604775408282876,0.0,0.035236962139606476
366,4,49,2.0,2.075181484222412,1,1,0.0,0.0,0.0,0.007082135416567326,0.0,0.03927753120660782
367,4,50,2.0,2.0848336219787598,1,1,0.0,0.0,0.0,0.00902346521615982,0.0,0.003511340357363224
368,4,51,2.0,2.051730155944824,1,1,0.0,0.0,0.0,0.003617620561271906,0.0,0.007549562491476536
369,4,52,1.0,1.9496219158172607,0,1,0.0,0.0,0.0,0.003254706971347332,0.0,-0.005359253846108913
370,4,53,1.0,1.4009488821029663,0,0,0.0,0.0,0.0,-1.6801815945655107e-05,0.0,-0.03863895311951637
371,4,54,1.0,1.0986815690994263,0,0,0.0,0.0,0.0,0.004272055812180042,0.0,-0.04353943467140198
372,4,55,1.0,0.9888333082199097,0,0,0.0,0.0,0.0,0.0018593533895909786,0.0,-0.02817818708717823
373,4,56,1.0,0.9767975211143494,0,0,0.0,0.0,0.0,0.001949933124706149,0.0,0.01992696523666382
374,4,57,1.0,0.9637446403503418,0,0,0.0,0.0,0.0,0.002939133904874325,0.0,0.11494501680135727
375,4,58,1.0,0.9640626311302185,0,0,0.0,0.0,0.0,0.0033482960425317287,0.0,0.14212186634540558
376,4,59,1.0,0.9613006114959717,0,0,0.0,0.0,0.5,0.005273913033306599,0.0,0.24061758816242218
377,4,60,1.0,0.9821671843528748,0,0,0.0,0.0,0.5,0.0007565451669506729,0.0,0.5333138704299927
378,4,61,1.0,0.9796050786972046,0,0,0.0,0.0,0.5,0.0005823240499012172,0.0,0.5456478595733643
379,4,62,1.0,0.9815226793289185,0,0,0.0,0.0,0.5,0.003979153465479612,0.0,0.55377197265625
380,4,63,1.0,0.97918701171875,0,0,0.0,0.0,0.5,0.0023214456159621477,0.0,0.5563482046127319
381,4,64,1.0,0.9657849073410034,0,0,0.0,0.0,0.5,0.00500625092536211,0.0,0.559132993221283
382,4,65,1.0,0.9721354246139526,0,0,0.0,0.0,0.5,0.004724682308733463,0.0,0.5595428347587585
383,4,66,1.0,0.9653466939926147,0,0,0.0,0.0,0.5,0.004911113530397415,0.0,0.5631619095802307
384,4,67,1.0,0.9625186324119568,0,0,0.0,0.0,0.5,0.0047405497170984745,0.0,0.558720588684082
385,4,68,1.0,0.9586348533630371,0,0,0.0,0.0,0.5,0.0038266978226602077,0.0,0.55520099401474
386,5,0,1.0,0.97198885679245,0,0,0.0,0.0,0.0,-0.038724612444639206,0.0,-0.005519171245396137
387,5,1,1.0,0.9705661535263062,0,0,0.0,0.0,0.0,-0.04963739588856697,0.0,-0.011857541278004646
388,5,2,1.0,0.9755519032478333,0,0,0.0,0.0,0.0,-0.047132160514593124,0.0,-0.018092501908540726
389,5,3,1.0,0.976170539855957,0,0,0.0,0.0,0.0,-0.04411759600043297,0.0,-0.016339994966983795
390,5,4,1.0,0.9785493612289429,0,0,0.0,0.0,0.0,-0.05502732843160629,0.0,-0.01691550202667713
391,5,5,1.0,0.9786176085472107,0,0,0.0,0.0,0.0,-0.05450047180056572,0.0,-0.016501201316714287
392,5,6,1.0,0.9798372387886047,0,0,0.0,0.0,0.0,-0.05763684958219528,0.0,-0.009604997001588345
393,5,7,1.0,0.9798455834388733,0,0,0.0,0.0,0.0,-0.05755152925848961,0.0,-0.009512953460216522
394,5,8,1.0,0.9825054407119751,0,0,-0.25,0.0,0.0,-0.07189729809761047,0.0,0.0004902202636003494
395,5,9,1.0,0.9938639998435974,0,0,-0.25,0.0,0.0,-0.17574386298656464,0.0,-0.013104711659252644
396,5,10,1.0,1.0069661140441895,0,0,-0.25,0.0,0.0,-0.22883205115795135,0.0,-0.026783380657434464
397,5,11,1.0,1.0130057334899902,0,0,-0.25,0.0,0.0,-0.24891452491283417,0.0,-0.02549728937447071
398,5,12,1.0,1.0163829326629639,0,0,-0.25,0.0,0.0,-0.253791481256485,0.0,-0.030596209689974785
399,5,13,1.0,1.0136998891830444,0,0,-0.25,0.0,0.0,-0.2673684358596802,0.0,-0.009711723774671555
400,5,14,1.0,1.011583685874939,0,0,-0.25,0.0,0.0,-0.2874237298965454,0.0,-0.00407764595001936
401,5,15,1.0,1.0171120166778564,0,0,-0.25,0.0,0.0,-0.2991287410259247,0.0,2.4377135559916496e-05
402,5,16,1.0,1.0082123279571533,0,0,-0.25,0.0,0.0,-0.29728391766548157,0.0,-0.004083516076207161
403,5,17,1.0,1.0054752826690674,0,0,-0.25,0.0,0.0,-0.27893349528312683,0.0,3.569829277694225e-05
404,5,18,1.0,1.005217432975769,0,0,-0.25,0.0,0.0,-0.25008848309516907,0.0,-0.00793968141078949
405,5,19,1.0,0.99320387840271,0,0,-0.25,0.0,0.0,-0.20815899968147278,0.0,-0.008167624473571777
406,5,20,1.0,0.9881792068481445,0,0,0.0,0.0,0.0,-0.09846657514572144,0.0,-0.017758803442120552
407,5,21,1.0,1.0014644861221313,0,0,0.0,0.0,0.0,-0.0188149381428957,0.0,0.01403553131967783
408,5,22,1.0,0.986494243144989,0,0,0.0,0.0,0.0,-0.0008950573974289,0.0,0.022828897461295128
409,5,23,1.0,0.9880136251449585,0,0,0.0,0.0,0.0,0.002912342082709074,0.0,0.026312697678804398
410,5,24,1.0,0.9866694211959839,0,0,0.0,0.0,0.0,0.003557322546839714,0.0,-0.008754409849643707
411,5,25,1.0,0.9866441488265991,0,0,0.0,0.0,0.0,0.00410491693764925,0.0,-0.00894632562994957
412,5,26,1.0,0.9833461046218872,0,0,0.0,0.0,0.0,0.002305716974660754,0.0,-0.0165706854313612
413,5,27,1.0,0.983333945274353,0,0,0.0,0.0,0.0,0.0023807953111827374,0.0,-0.016575923189520836
414,5,28,1.0,0.9839093089103699,0,0,-0.25,0.0,0.0,0.002158330986276269,0.0,-0.02309393510222435
415,5,29,1.0,0.9894457459449768,0,0,0.0,0.0,0.0,-0.014279776252806187,0.0,-0.00014563999138772488
416,5,30,1.0,0.9812049269676208,0,0,0.0,0.0,0.0,-0.0048137991689145565,0.0,0.055111922323703766
417,5,31,1.0,0.9816533327102661,0,0,0.0,0.0,0.0,-0.0009678856004029512,0.0,0.05765334516763687
418,5,32,1.0,0.9721035957336426,0,0,0.0,0.0,0.0,0.0002024521236307919,0.0,0.011091461405158043
419,5,33,1.0,0.9723543524742126,0,0,0.0,0.0,0.0,0.0012255727779120207,0.0,0.00935360323637724
420,5,34,1.0,0.9709182977676392,0,0,0.0,0.0,0.0,-0.0001597686787135899,0.0,-0.08662079274654388
421,5,35,1.0,0.9709410071372986,0,0,0.0,0.0,0.0,8.721777703613043e-06,0.0,-0.08691870421171188
422,5,36,1.0,0.9782341122627258,0,0,0.0,0.0,0.0,-0.0017571839271113276,0.0,-0.16096699237823486
423,5,37,1.0,0.9782238006591797,0,0,0.0,0.0,-0.5,-0.00172050716355443,0.0,-0.16096076369285583
424,5,38,1.0,0.9844234585762024,0,0,0.0,0.0,-0.5,0.0029392163269221783,0.0,-0.4861690104007721
425,5,39,1.0,0.9764242172241211,0,0,0.0,0.0,-0.5,0.005894106812775135,0.0,-0.5882968902587891
426,5,40,1.0,0.9758216738700867,0,0,0.0,0.0,-0.5,0.005381559953093529,0.0,-0.5873613357543945
427,5,41,1.0,0.9761221408843994,0,0,0.0,0.0,-0.5,0.003077413886785507,0.0,-0.5941648483276367
428,5,42,1.0,0.9610888957977295,0,0,0.0,0.0,-0.5,0.005316516850143671,0.0,-0.5497351288795471
429,5,43,1.0,0.9547407627105713,0,0,0.0,0.0,-0.5,0.009724744595587254,0.0,-0.5013739466667175
430,5,44,1.0,0.9315652847290039,0,0,0.0,0.0,-0.5,0.006880373694002628,0.0,-0.30951637029647827
431,5,45,1.0,0.9455580711364746,0,0,0.0,0.0,-0.5,0.007156096398830414,0.0,-0.21958434581756592
432,5,46,1.0,1.0420994758605957,0,0,0.0,0.0,0.0,0.0034724315628409386,0.0,-0.0525156669318676
433,5,47,1.0,1.0686800479888916,0,0,0.0,0.0,0.0,0.002287401119247079,0.0,-0.02985321171581745
434,5,48,1.0,1.2269808053970337,0,0,0.0,0.0,0.0,-0.0010261620627716184,0.0,0.018370522186160088
435,5,49,1.0,1.2283717393875122,0,0,0.0,0.0,0.0,-0.0008533818763680756,0.0,0.019770458340644836
436,5,50,1.0,1.3471516370773315,0,0,0.0,0.0,0.0,0.00024902174482122064,0.0,0.03478614240884781
437,5,51,1.0,1.3471144437789917,0,0,0.0,0.0,0.0,0.00027644465444609523,0.0,0.03485614061355591
438,5,52,2.0,1.4001097679138184,1,0,0.0,0.0,0.0,0.0007173241465352476,0.0,0.03344909846782684
439,5,53,2.0,2.0605766773223877,1,1,0.0,0.0,0.0,0.007162145338952541,0.0,0.05146505683660507
440,5,54,2.0,2.08795166015625,1,1,0.0,0.0,0.0,0.005337213631719351,0.0,0.0458761528134346
441,5,55,2.0,2.047157049179077,1,1,0.0,0.0,0.0,0.010470602661371231,0.0,-0.0016374329570680857
442,5,56,2.0,2.0875866413116455,1,1,0.0,0.0,0.0,0.008201489225029945,0.0,0.028037171810865402
443,5,57,2.0,2.04866623878479,1,1,0.0,0.0,0.0,0.005378508474677801,0.0,0.011215437203645706
444,5,58,1.0,1.6545474529266357,0,1,0.0,0.0,0.0,0.006211163476109505,0.0,-0.021400004625320435
445,5,59,1.0,1.2243965864181519,0,0,0.0,0.0,0.0,0.0022441991604864597,0.0,-0.08748529851436615
446,5,60,1.0,1.0655252933502197,0,0,0.0,0.0,0.0,0.005841596517711878,0.0,-0.05970640107989311
447,5,61,1.0,0.9986703991889954,0,0,0.0,0.0,0.0,0.01009402982890606,0.0,0.012772378511726856
448,5,62,1.0,0.9936003684997559,0,0,0.0,0.0,0.0,0.005532629322260618,0.0,0.050644610077142715
449,5,63,1.0,0.977380633354187,0,0,0.0,0.0,0.0,0.004974412266165018,0.0,0.21418066322803497
450,5,64,1.0,0.9855672121047974,0,0,0.0,0.0,0.5,0.00566873699426651,0.0,0.35579147934913635
451,5,65,1.0,0.9725532531738281,0,0,0.0,0.0,0.5,0.0012149852700531483,0.0,0.5330288410186768
452,5,66,1.0,0.9753046035766602,0,0,0.0,0.0,0.5,0.0024187772069126368,0.0,0.5220531225204468
453,5,67,1.0,0.9724944233894348,0,0,0.0,0.0,0.5,-0.00017459125956520438,0.0,0.5397557020187378
454,5,68,1.0,0.975334882736206,0,0,0.0,0.0,0.5,-0.00033210025867447257,0.0,0.5502272844314575
455,5,69,1.0,0.9708502292633057,0,0,0.0,0.0,0.5,0.0015905248001217842,0.0,0.5485419034957886
456,5,70,1.0,0.9709861278533936,0,0,0.0,0.0,0.5,0.0011352060828357935,0.0,0.550473153591156
457,5,71,1.0,0.9688308835029602,0,0,0.0,0.0,0.5,0.003966034390032291,0.0,0.5457154512405396
458,5,72,1.0,0.97238689661026,0,0,0.0,0.0,0.5,0.006157508585602045,0.0,0.5484089255332947
459,5,73,1.0,0.9759629368782043,0,0,0.0,0.0,0.5,0.007378840819001198,0.0,0.5412095189094543
460,6,0,1.0,0.9756336808204651,0,0,0.0,0.0,0.0,-0.06246228516101837,0.0,-0.003481989959254861
461,6,1,1.0,0.9729329347610474,0,0,0.0,0.0,0.0,-0.07977405190467834,0.0,-0.015887854620814323
462,6,2,1.0,0.979148805141449,0,0,0.0,0.0,0.0,-0.07760924100875854,0.0,-0.008387798443436623
463,6,3,1.0,0.9797844290733337,0,0,0.0,0.0,0.0,-0.07243815809488297,0.0,-0.005054398439824581
464,6,4,1.0,0.9820951819419861,0,0,0.0,0.0,0.0,-0.07747572660446167,0.0,0.0033633813727647066
465,6,5,1.0,0.9822032451629639,0,0,0.0,0.0,0.0,-0.07654464244842529,0.0,0.003960735164582729
466,6,6,1.0,0.9836119413375854,0,0,0.0,0.0,0.0,-0.08084145933389664,0.0,0.007705347612500191
467,6,7,1.0,0.9836422801017761,0,0,0.0,0.0,0.0,-0.08068826794624329,0.0,0.007802548818290234
468,6,8,1.0,0.9845526218414307,0,0,0.0,0.0,0.0,-0.09421621263027191,0.0,0.009023810736835003
469,6,9,1.0,0.9845569133758545,0,0,-0.25,0.0,0.0,-0.09418892860412598,0.0,0.009049046784639359
470,6,10,1.0,1.0151480436325073,0,0,-0.25,0.0,0.0,-0.26868170499801636,0.0,-0.0006242941599339247
471,6,11,1.0,1.0117729902267456,0,0,-0.25,0.0,0.0,-0.29468515515327454,0.0,-0.008611454628407955
472,6,12,1.0,1.016891598701477,0,0,-0.25,0.0,0.0,-0.2847539186477661,0.0,-0.01541206706315279
473,6,13,1.0,0.9980152249336243,0,0,-0.25,0.0,0.0,-0.23960332572460175,0.0,-0.018532320857048035
474,6,14,1.0,0.9787330627441406,0,0,0.0,0.0,0.0,-0.17213568091392517,0.0,-0.02840554527938366
475,6,15,1.0,0.9947354793548584,0,0,0.0,0.0,0.0,-0.0658869594335556,0.0,0.009687276557087898
476,6,16,1.0,0.9946075677871704,0,0,0.0,0.0,0.0,-0.011930993758141994,0.0,0.02742079645395279
477,6,17,1.0,0.9971973896026611,0,0,0.0,0.0,0.0,-0.0011135252425447106,0.0,0.02743707410991192
478,6,18,1.0,0.9956457018852234,0,0,0.0,0.0,0.0,0.0043829334899783134,0.0,0.033397991210222244
479,6,19,1.0,0.9957452416419983,0,0,0.0,0.0,0.0,0.005484512075781822,0.0,0.034118007868528366
480,6,20,1.0,0.9959938526153564,0,0,0.0,0.0,0.0,0.006682927720248699,0.0,0.032079532742500305
481,6,21,1.0,0.9960103034973145,0,0,-0.25,0.0,0.0,0.006835983134806156,0.0,0.03229377046227455
482,6,22,1.0,0.9918407797813416,0,0,0.0,0.0,0.0,-0.018097292631864548,0.0,0.03415558487176895
483,6,23,1.0,0.9952800273895264,0,0,0.0,0.0,0.0,-0.002259176457300782,0.0,0.04320733621716499
484,6,24,1.0,0.9924912452697754,0,0,0.0,0.0,0.0,0.0024680281057953835,0.0,0.020415307953953743
485,6,25,1.0,0.993063747882843,0,0,0.0,0.0,0.0,0.005123860202729702,0.0,0.01927792839705944
486,6,26,1.0,0.9925998449325562,0,0,0.0,0.0,0.0,0.0025948702823370695,0.0,0.00031964550726115704
487,6,27,1.0,0.9925969839096069,0,0,0.0,0.0,0.0,0.0029740259051322937,0.0,4.4956570491194725e-05
488,6,28,1.0,0.9937393665313721,0,0,0.0,0.0,0.0,0.0019668329041451216,0.0,0.014223572798073292
489,6,29,1.0,0.9937406182289124,0,0,0.0,0.0,0.0,0.0020259201992303133,0.0,0.0142128961160779
490,6,30,1.0,0.9953380823135376,0,0,0.0,0.0,0.0,0.0020080602262169123,0.0,0.01794147677719593
491,6,31,1.0,0.995335042476654,0,0,0.0,0.0,0.0,0.0020198540296405554,0.0,0.017924947664141655
492,6,32,1.0,0.9939512014389038,0,0,0.0,0.0,-0.5,0.0029088116716593504,0.0,0.019228313118219376
493,6,33,1.0,0.9851387739181519,0,0,0.0,0.0,-0.5,0.007734009064733982,0.0,-0.5213128328323364
494,6,34,1.0,0.9681506752967834,0,0,0.0,0.0,-0.5,0.005369966384023428,0.0,-0.6030930876731873
495,6,35,1.0,0.9753726720809937,0,0,0.0,0.0,-0.5,0.0019111158326268196,0.0,-0.6355127692222595
496,6,36,1.0,0.9690263867378235,0,0,0.0,0.0,-0.5,0.0006054544937796891,0.0,-0.580020010471344
497,6,37,1.0,0.9769774079322815,0,0,0.0,0.0,-0.5,0.008302582427859306,0.0,-0.5719174146652222
498,6,38,1.0,0.9496811032295227,0,0,0.0,0.0,-0.5,0.010051175020635128,0.0,-0.48598620295524597
499,6,39,1.0,0.9395012259483337,0,0,0.0,0.0,-0.5,0.01452653855085373,0.0,-0.355319082736969
500,6,40,1.0,0.9877731204032898,0,0,0.0,0.0,-0.5,0.003072406630963087,0.0,-0.1294744908809662
501,6,41,1.0,1.0174468755722046,0,0,0.0,0.0,-0.5,0.004666109103709459,0.0,-0.07514239102602005
502,6,42,1.0,1.0774567127227783,0,0,0.0,0.0,0.0,0.002647961024194956,0.0,-0.019010309129953384
503,6,43,1.0,1.0795376300811768,0,0,0.0,0.0,0.0,0.0027658301405608654,0.0,-0.016951020807027817
504,6,44,1.0,1.1706758737564087,0,0,0.0,0.0,0.0,0.00030573789263144135,0.0,0.011953352950513363
505,6,45,1.0,1.1709020137786865,0,0,0.0,0.0,0.0,0.0003523533814586699,0.0,0.012282080948352814
506,6,46,1.0,1.2095279693603516,0,0,0.0,0.0,0.0,0.0012430944480001926,0.0,0.014349094592034817
507,6,47,2.0,1.2041049003601074,1,0,0.0,0.0,0.0,0.0012938638683408499,0.0,0.011763034388422966
508,6,48,2.0,2.0431947708129883,1,1,0.0,0.0,0.0,0.004590456839650869,0.0,0.03780733793973923
509,6,49,2.0,2.0961356163024902,1,1,0.0,0.0,0.0,0.0037595387548208237,0.0,0.04486412554979324
510,6,50,2.0,2.0907351970672607,1,1,0.0,0.0,0.0,0.009183447808027267,0.0,0.022833919152617455
511,6,51,2.0,2.0805530548095703,1,1,0.0,0.0,0.0,0.006592541467398405,0.0,0.024449635297060013
512,6,52,2.0,2.0294103622436523,1,1,0.0,0.0,0.0,0.006592382211238146,0.0,0.020064087584614754
513,6,53,2.0,1.9409477710723877,1,1,0.0,0.0,0.0,0.006061439402401447,0.0,-0.03586411476135254
514,6,54,1.0,1.0967895984649658,0,0,0.0,0.0,0.0,0.002774924738332629,0.0,-0.13832668960094452
515,6,55,1.0,1.0024218559265137,0,0,0.0,0.0,0.0,0.003404676914215088,0.0,-0.08561698347330093
516,6,56,1.0,0.9731451272964478,0,0,0.0,0.0,0.0,0.0038035339675843716,0.0,-0.02560008317232132
517,6,57,1.0,0.9661563038825989,0,0,0.0,0.0,0.0,0.003990812227129936,0.0,0.04932231083512306
518,6,58,1.0,0.9643043875694275,0,0,0.0,0.0,0.0,0.0031026965007185936,0.0,0.13886848092079163
519,6,59,1.0,0.9655057787895203,0,0,0.0,0.0,0.0,0.004180325195193291,0.0,0.22867384552955627
520,6,60,1.0,0.9691987633705139,0,0,0.0,0.0,0.0,0.0031744414009153843,0.0,0.3118925094604492
521,6,61,1.0,0.97362220287323,0,0,0.0,0.0,0.0,0.0027301746886223555,0.0,0.36587798595428467
522,6,62,1.0,0.9774008393287659,0,0,0.0,0.0,0.5,0.0034646671265363693,0.0,0.4132674038410187
523,6,63,1.0,0.9808346629142761,0,0,0.0,0.0,0.5,0.0022062226198613644,0.0,0.5403709411621094
524,6,64,1.0,0.975640594959259,0,0,0.0,0.0,0.5,0.0014997341204434633,0.0,0.5332379341125488
525,6,65,1.0,0.9779897332191467,0,0,0.0,0.0,0.5,0.00026762759080156684,0.0,0.5489931106567383
526,6,66,1.0,0.9773635864257812,0,0,0.0,0.0,0.5,0.0004688369226641953,0.0,0.5432789325714111
527,6,67,1.0,0.9765396118164062,0,0,0.0,0.0,0.5,0.002669386100023985,0.0,0.5484688878059387
528,6,68,1.0,0.9661931395530701,0,0,0.0,0.0,0.5,0.0011546516325324774,0.0,0.5546555519104004
529,6,69,1.0,0.9614803791046143,0,0,0.0,0.0,0.5,0.0034834793768823147,0.0,0.5541556477546692
530,6,70,1.0,0.9643601775169373,0,0,0.0,0.0,0.5,0.003363922704011202,0.0,0.5525657534599304
531,6,71,1.0,0.9624036550521851,0,0,0.0,0.0,0.5,0.002205079421401024,0.0,0.5504706501960754
532,7,0,1.0,0.9926024079322815,0,0,0.0,0.0,0.0,0.05779995024204254,0.0,0.0018487154738977551
533,7,1,1.0,0.9968733787536621,0,0,0.0,0.0,0.0,0.044099871069192886,0.0,-0.007491287775337696
534,7,2,1.0,0.9912760853767395,0,0,0.0,0.0,0.0,0.04874402657151222,0.0,-0.004216589033603668
535,7,3,1.0,0.9901799559593201,0,0,0.0,0.0,0.0,0.052638936787843704,0.0,-0.0016781294252723455
536,7,4,1.0,0.9895033836364746,0,0,0.0,0.0,0.0,0.05159412696957588,0.0,-0.0011378659401088953
537,7,5,1.0,0.9891843795776367,0,0,0.0,0.0,0.0,0.05239863693714142,0.0,-0.0006156705785542727
538,7,6,1.0,0.9852738380432129,0,0,0.0,0.0,0.0,0.05801478028297424,0.0,-0.00448358990252018
539,7,7,1.0,0.9851802587509155,0,0,0.0,0.0,0.0,0.05819219723343849,0.0,-0.004328223876655102
540,7,8,1.0,0.9848811030387878,0,0,0.0,0.0,0.0,0.05997762084007263,0.0,-0.00455186702311039
541,7,9,1.0,0.9848628044128418,0,0,0.0,0.0,0.0,0.060015249997377396,0.0,-0.004510077647864819
542,7,10,1.0,0.9816868305206299,0,0,0.25,0.0,0.0,0.0662762001156807,0.0,-0.001768923131749034
543,7,11,1.0,0.9816589951515198,0,0,0.25,0.0,0.0,0.20998071134090424,0.0,0.008181212469935417
544,7,12,1.0,0.988155722618103,0,0,0.25,0.0,0.0,0.23794470727443695,0.0,-0.001619792776182294
545,7,13,1.0,0.9862911701202393,0,0,0.25,0.0,0.0,0.244020015001297,0.0,-0.00356379640288651
546,7,14,1.0,0.9933536648750305,0,0,0.25,0.0,0.0,0.25916555523872375,0.0,0.006572990212589502
547,7,15,1.0,0.9918363094329834,0,0,0.25,0.0,0.0,0.26475104689598083,0.0,-0.004133971408009529
548,7,16,1.0,0.9954598546028137,0,0,0.25,0.0,0.0,0.2766035497188568,0.0,0.007780821993947029
549,7,17,1.0,0.9897538423538208,0,0,0.25,0.0,0.0,0.29075467586517334,0.0,-0.0014823188539594412
550,7,18,1.0,0.9838374257087708,0,0,0.25,0.0,0.0,0.29065126180648804,0.0,-0.012869064696133137
551,7,19,1.0,0.9856653213500977,0,0,0.25,0.0,0.0,0.25531455874443054,0.0,-0.004945868626236916
552,7,20,1.0,0.979684054851532,0,0,0.25,0.0,0.0,0.22364234924316406,0.0,-0.02234761230647564
553,7,21,1.0,0.9958404898643494,0,0,0.0,0.0,0.0,0.1925584077835083,0.0,-0.01627427712082863
554,7,22,1.0,1.0058951377868652,0,0,0.0,0.0,0.0,0.07936646044254303,0.0,-0.0064438628032803535
555,7,23,1.0,0.9988784790039062,0,0,0.0,0.0,0.0,0.038805391639471054,0.0,-5.2647665143013e-05
556,7,24,1.0,0.9833164811134338,0,0,0.0,0.0,0.0,0.026889992877840996,0.0,0.014405309222638607
557,7,25,1.0,0.9823929667472839,0,0,0.0,0.0,0.0,0.023576123639941216,0.0,0.014514476992189884
558,7,26,1.0,0.9796555042266846,0,0,0.0,0.0,0.0,0.023613058030605316,0.0,0.02934909798204899
559,7,27,1.0,0.9795215725898743,0,0,0.0,0.0,0.0,0.023253006860613823,0.0,0.029286671429872513
560,7,28,1.0,0.9802446365356445,0,0,0.0,0.0,0.0,0.021466951817274094,0.0,0.034889817237854004
561,7,29,1.0,0.9802321791648865,0,0,0.25,0.0,0.0,0.021431459113955498,0.0,0.03482967987656593
562,7,30,1.0,0.9792166948318481,0,0,0.0,0.0,0.0,0.028120027855038643,0.0,0.0007542462553828955
563,7,31,1.0,0.9796508550643921,0,0,0.0,0.0,0.0,0.013123830780386925,0.0,0.010533043183386326
564,7,32,1.0,0.9881249666213989,0,0,0.0,0.0,0.0,0.007760019972920418,0.0,0.033867981284856796
565,7,33,1.0,0.9874135851860046,0,0,0.0,0.0,0.0,0.005183644592761993,0.0,0.04046230390667915
566,7,34,1.0,0.9913468360900879,0,0,0.0,0.0,0.0,0.003073322121053934,0.0,0.056657131761312485
567,7,35,1.0,0.9913105964660645,0,0,0.0,0.0,0.0,0.0027312480378896,0.0,0.05695149302482605
568,7,36,1.0,0.989608883857727,0,0,0.0,0.0,0.0,0.002617352409288287,0.0,0.05903864651918411
569,7,37,1.0,0.9896111488342285,0,0,0.0,0.0,-0.5,0.002573914360255003,0.0,0.05901039019227028
570,7,38,1.0,1.0181434154510498,0,0,0.0,0.0,-0.5,0.011143655516207218,0.0,-0.30606091022491455
571,7,39,1.0,0.9860672354698181,0,0,0.0,0.0,-0.5,0.015928344801068306,0.0,-0.596379280090332
572,7,40,1.0,0.9719316363334656,0,0,0.0,0.0,-0.5,0.018135393038392067,0.0,-0.6553869247436523
573,7,41,1.0,0.9828291535377502,0,0,0.0,0.0,-0.5,0.009725252166390419,0.0,-0.6443355679512024
574,7,42,1.0,0.981264054775238,0,0,0.0,0.0,-0.5,0.012379080057144165,0.0,-0.6281424760818481
575,7,43,1.0,0.9847894310951233,0,0,0.0,0.0,-0.5,0.013071420602500439,0.0,-0.5810858607292175
576,7,44,1.0,0.958926260471344,0,0,0.0,0.0,-0.5,0.006938218139111996,0.0,-0.4526754915714264
577,7,45,1.0,0.9534666538238525,0,0,0.0,0.0,-0.5,0.0067259781062603,0.0,-0.3813110888004303
578,7,46,1.0,0.9913595914840698,0,0,0.0,0.0,-0.5,0.004355704877525568,0.0,-0.11442027240991592
579,7,47,1.0,0.9911586046218872,0,0,0.0,0.0,0.0,0.0042256684973835945,0.0,-0.11498969048261642
580,7,48,1.0,1.0943082571029663,0,0,0.0,0.0,0.0,0.004912837408483028,0.0,0.006963700987398624
581,7,49,1.0,1.0947332382202148,0,0,0.0,0.0,0.0,0.004940121900290251,0.0,0.008171187713742256
582,7,50,1.0,1.1276499032974243,0,0,0.0,0.0,0.0,0.0027910408098250628,0.0,0.019533587619662285
583,7,51,1.0,1.1277375221252441,0,0,0.0,0.0,0.0,0.002802372444421053,0.0,0.019764680415391922
584,7,52,1.0,1.1717637777328491,0,0,0.0,0.0,0.0,0.0013219877146184444,0.0,0.03694247454404831
585,7,53,1.0,1.171767234802246,0,0,0.0,0.0,0.0,0.001322855707257986,0.0,0.03697109967470169
586,7,54,2.0,1.1679288148880005,1,0,0.0,0.0,0.0,0.0027281709481030703,0.0,0.022760313004255295
587,7,55,2.0,2.0592894554138184,1,1,0.0,0.0,0.0,0.004714327864348888,0.0,0.0355413593351841
588,7,56,2.0,2.089409589767456,1,1,0.0,0.0,0.0,0.0076251765713095665,0.0,0.024629777297377586
589,7,57,2.0,2.084413766860962,1,1,0.0,0.0,0.0,0.007786978967487812,0.0,0.0171535462141037
590,7,58,2.0,2.0984091758728027,1,1,0.0,0.0,0.0,0.006768163293600082,0.0,0.020529238507151604
591,7,59,2.0,2.0815296173095703,1,1,0.0,0.0,0.0,0.00581788644194603,0.0,0.011484471149742603
592,7,60,2.0,1.9523276090621948,1,1,0.0,0.0,0.0,0.003485639113932848,0.0,-0.0053243134170770645
593,7,61,1.0,1.1854156255722046,0,0,0.0,0.0,0.0,0.00012736982898786664,0.0,-0.03908531367778778
594,7,62,1.0,0.9950225353240967,0,0,0.0,0.0,0.0,0.0012477179989218712,0.0,0.009497316554188728
595,7,63,1.0,0.9718673229217529,0,0,0.0,0.0,0.0,0.0017721764743328094,0.0,0.08344130963087082
596,7,64,1.0,0.9651694297790527,0,0,0.0,0.0,0.0,0.002289242809638381,0.0,0.14336077868938446
597,7,65,1.0,0.9639427065849304,0,0,0.0,0.0,0.0,0.0022756645921617746,0.0,0.16042830049991608
598,7,66,1.0,0.9683605432510376,0,0,0.0,0.0,0.0,0.002720969496294856,0.0,0.23129618167877197
599,7,67,1.0,0.9669354557991028,0,0,0.0,0.0,0.5,0.0032703205943107605,0.0,0.2680158317089081
600,7,68,1.0,0.9764125347137451,0,0,0.0,0.0,0.5,0.0024233893491327763,0.0,0.5178584456443787
601,7,69,1.0,0.9759235382080078,0,0,0.0,0.0,0.5,0.0038849962875247,0.0,0.5394847393035889
602,7,70,1.0,0.975315272808075,0,0,0.0,0.0,0.5,0.005215525161474943,0.0,0.5442072749137878
603,7,71,1.0,0.9801010489463806,0,0,0.0,0.0,0.5,0.001842542551457882,0.0,0.5629125833511353
604,7,72,1.0,0.9691637754440308,0,0,0.0,0.0,0.5,0.00540966959670186,0.0,0.5396650433540344
605,7,73,1.0,0.9682316780090332,0,0,0.0,0.0,0.5,0.0038332855328917503,0.0,0.5615737438201904
606,7,74,1.0,0.9669125080108643,0,0,0.0,0.0,0.5,0.0054054236970841885,0.0,0.5737552046775818
607,7,75,1.0,0.9676578044891357,0,0,0.0,0.0,0.5,0.004280629567801952,0.0,0.5631202459335327
608,7,76,1.0,0.9596023559570312,0,0,0.0,0.0,0.5,0.003627398516982794,0.0,0.5586081743240356
609,8,0,1.0,0.97198885679245,0,0,0.0,0.0,0.0,-0.03872458264231682,0.0,-0.005519208498299122
610,8,1,1.0,0.9705660939216614,0,0,0.0,0.0,0.0,-0.04963739216327667,0.0,-0.011857567355036736
611,8,2,1.0,0.9755519032478333,0,0,0.0,0.0,0.0,-0.047132156789302826,0.0,-0.01809254102408886
612,8,3,1.0,0.9761705994606018,0,0,0.0,0.0,0.0,-0.04411757364869118,0.0,-0.01634000428020954
613,8,4,1.0,0.9785493612289429,0,0,0.0,0.0,0.0,-0.0550273060798645,0.0,-0.01691555045545101
614,8,5,1.0,0.9786177277565002,0,0,0.0,0.0,0.0,-0.05450049787759781,0.0,-0.01650124043226242
615,8,6,1.0,0.9798372387886047,0,0,0.0,0.0,0.0,-0.057636842131614685,0.0,-0.00960494577884674
616,8,7,1.0,0.9798455238342285,0,0,0.0,0.0,0.0,-0.0575515478849411,0.0,-0.009512953460216522
617,8,8,1.0,0.9804890155792236,0,0,0.0,0.0,0.0,-0.05704309046268463,0.0,-0.010551095940172672
618,8,9,1.0,0.9804927110671997,0,0,-0.25,0.0,0.0,-0.05702787637710571,0.0,-0.010526303201913834
619,8,10,1.0,0.9983104467391968,0,0,-0.25,0.0,0.0,-0.19216424226760864,0.0,-0.009640811011195183
620,8,11,1.0,1.0161149501800537,0,0,-0.25,0.0,0.0,-0.23902684450149536,0.0,-0.018547607585787773
621,8,12,1.0,1.009916067123413,0,0,-0.25,0.0,0.0,-0.25702497363090515,0.0,-0.027847496792674065
622,8,13,1.0,1.0111052989959717,0,0,-0.25,0.0,0.0,-0.271706759929657,0.0,-0.02399572730064392
623,8,14,1.0,1.0153801441192627,0,0,-0.25,0.0,0.0,-0.2802807688713074,0.0,-0.006646458990871906
624,8,15,1.0,1.0131170749664307,0,0,-0.25,0.0,0.0,-0.29651129245758057,0.0,-0.005870955064892769
625,8,16,1.0,1.0134297609329224,0,0,-0.25,0.0,0.0,-0.2997462749481201,0.0,0.004336469806730747
626,8,17,1.0,1.0044530630111694,0,0,-0.25,0.0,0.0,-0.3030856251716614,0.0,-0.0024439727421849966
627,8,18,1.0,1.0119808912277222,0,0,-0.25,0.0,0.0,-0.28300905227661133,0.0,-0.00679410807788372
628,8,19,1.0,0.9990238547325134,0,0,-0.25,0.0,0.0,-0.24750137329101562,0.0,0.006432630121707916
629,8,20,1.0,0.9962078928947449,0,0,-0.25,0.0,0.0,-0.20637397468090057,0.0,-0.01761854998767376
630,8,21,1.0,0.9830388426780701,0,0,0.0,0.0,0.0,-0.1256953924894333,0.0,-0.014337814413011074
631,8,22,1.0,0.9940783977508545,0,0,0.0,0.0,0.0,-0.02018495462834835,0.0,0.01226994302123785
632,8,23,1.0,0.9915578365325928,0,0,0.0,0.0,0.0,0.0015686079859733582,0.0,0.030466841533780098
633,8,24,1.0,0.9906712770462036,0,0,0.0,0.0,0.0,0.0016545688267797232,0.0,0.015164977870881557
634,8,25,1.0,0.9903029799461365,0,0,0.0,0.0,0.0,0.003403629641979933,0.0,0.014993442222476006
635,8,26,1.0,0.9853835105895996,0,0,0.0,0.0,0.0,0.003413302358239889,0.0,-0.013031463138759136
636,8,27,1.0,0.9857088923454285,0,0,0.0,0.0,0.0,0.003304561134427786,0.0,-0.015940474346280098
637,8,28,1.0,0.9836868047714233,0,0,0.0,0.0,0.0,0.0021310148295015097,0.0,-0.01861531287431717
638,8,29,1.0,0.9836855530738831,0,0,-0.25,0.0,0.0,0.002159920521080494,0.0,-0.01864578016102314
639,8,30,1.0,0.985587477684021,0,0,0.0,0.0,0.0,-0.011973971500992775,0.0,-0.00964720081537962
640,8,31,1.0,0.992119312286377,0,0,0.0,0.0,0.0,-0.007009658496826887,0.0,0.01263724360615015
641,8,32,1.0,0.9800761938095093,0,0,0.0,0.0,0.0,-8.148106280714273e-05,0.0,0.03929862380027771
642,8,33,1.0,0.9810718297958374,0,0,0.0,0.0,0.0,0.002127520041540265,0.0,0.03320419043302536
643,8,34,1.0,0.9709184765815735,0,0,0.0,0.0,0.0,0.0006911716773174703,0.0,-0.05978085473179817
644,8,35,1.0,0.970940887928009,0,0,0.0,0.0,0.0,0.0010958618950098753,0.0,-0.06055965647101402
645,8,36,1.0,0.9768665432929993,0,0,0.0,0.0,0.0,-0.0016231018817052245,0.0,-0.16409417986869812
646,8,37,1.0,0.9768451452255249,0,0,0.0,0.0,0.0,-0.0015492400852963328,0.0,-0.16416765749454498
647,8,38,1.0,0.9789913892745972,0,0,0.0,0.0,-0.5,-0.001295633614063263,0.0,-0.1563313901424408
648,8,39,1.0,0.9784913063049316,0,0,0.0,0.0,-0.5,0.008322385139763355,0.0,-0.5045994520187378
649,8,40,1.0,0.9980123043060303,0,0,0.0,0.0,-0.5,0.008430052548646927,0.0,-0.5697563886642456
650,8,41,1.0,0.9733596444129944,0,0,0.0,0.0,-0.5,0.009440391324460506,0.0,-0.6067938208580017
651,8,42,1.0,0.962986946105957,0,0,0.0,0.0,-0.5,0.007494429126381874,0.0,-0.6005776524543762
652,8,43,1.0,0.9636390805244446,0,0,0.0,0.0,-0.5,0.004090502858161926,0.0,-0.5597227811813354
653,8,44,1.0,0.9488765001296997,0,0,0.0,0.0,-0.5,0.009892216883599758,0.0,-0.4839490056037903
654,8,45,1.0,0.9386138916015625,0,0,0.0,0.0,-0.5,0.010149158537387848,0.0,-0.38828450441360474
655,8,46,1.0,0.9705616235733032,0,0,0.0,0.0,-0.5,0.005239613354206085,0.0,-0.14729076623916626
656,8,47,1.0,0.9840564131736755,0,0,0.0,0.0,-0.5,0.0045533571392297745,0.0,-0.11706464737653732
657,8,48,1.0,1.1586612462997437,0,0,0.0,0.0,0.0,0.0006163863581605256,0.0,0.009264061227440834
658,8,49,1.0,1.1623425483703613,0,0,0.0,0.0,0.0,0.0008668283117003739,0.0,0.008422509767115116
659,8,50,1.0,1.318678379058838,0,0,0.0,0.0,0.0,-0.00030511931981891394,0.0,0.031471505761146545
660,8,51,1.0,1.3189620971679688,0,0,0.0,0.0,0.0,-0.00024203973589465022,0.0,0.03176641836762428
661,8,52,1.0,1.4562480449676514,0,0,0.0,0.0,0.0,0.0014671098906546831,0.0,0.03886180371046066
662,8,53,2.0,1.458184003829956,1,0,0.0,0.0,0.0,0.0014955282676964998,0.0,0.03944307938218117
663,8,54,2.0,2.0496535301208496,1,1,0.0,0.0,0.0,0.007563050836324692,0.0,0.05327436700463295
664,8,55,2.0,2.08685302734375,1,1,0.0,0.0,0.0,0.005000458564609289,0.0,0.0495363287627697
665,8,56,2.0,2.0541019439697266,1,1,0.0,0.0,0.0,0.01040662918239832,0.0,0.002464043442159891
666,8,57,2.0,2.1038570404052734,1,1,0.0,0.0,0.0,0.008620369248092175,0.0,0.03246122971177101
667,8,58,2.0,2.0406947135925293,1,1,0.0,0.0,0.0,0.007137156091630459,0.0,0.009799831546843052
668,8,59,2.0,1.9691665172576904,1,1,0.0,0.0,0.0,0.0069863321259617805,0.0,0.004488985985517502
669,8,60,2.0,1.3128403425216675,1,0,0.0,0.0,0.0,0.0012314287014305592,0.0,-0.09432399272918701
670,8,61,2.0,1.0646897554397583,1,0,0.0,0.0,0.0,0.006311533972620964,0.0,-0.06363587081432343
671,8,62,1.0,0.9906901717185974,0,0,0.0,0.0,0.0,0.009465147741138935,0.0,-0.002499824156984687
672,8,63,1.0,0.9756198525428772,0,0,0.0,0.0,0.0,0.006682366132736206,0.0,0.08844314515590668
673,8,64,1.0,0.9730782508850098,0,0,0.0,0.0,0.0,0.004428914748132229,0.0,0.2217724621295929
674,8,65,1.0,0.9833158850669861,0,0,0.0,0.0,0.0,0.0047427997924387455,0.0,0.33742329478263855
675,8,66,1.0,0.9814892411231995,0,0,0.0,0.0,0.0,0.004908349364995956,0.0,0.40783876180648804
676,8,67,1.0,0.9824288487434387,0,0,0.0,0.0,0.0,0.004760767333209515,0.0,0.4311619699001312
677,8,68,1.0,0.9918383359909058,0,0,0.0,0.0,0.0,0.004420774057507515,0.0,0.4615250527858734
678,8,69,1.0,0.9876888990402222,0,0,0.0,0.0,0.0,0.005472365766763687,0.0,0.4795089364051819
679,8,70,1.0,0.9875235557556152,0,0,0.0,0.0,0.5,0.0044959238730371,0.0,0.4837164580821991
680,8,71,1.0,0.9739488959312439,0,0,0.0,0.0,0.5,0.0022475826554000378,0.0,0.5293065905570984
681,8,72,1.0,0.972028911113739,0,0,0.0,0.0,0.5,0.002504889853298664,0.0,0.5346533060073853
682,8,73,1.0,0.9697030782699585,0,0,0.0,0.0,0.5,0.00011332420399412513,0.0,0.553310215473175
683,8,74,1.0,0.9740751385688782,0,0,0.0,0.0,0.5,6.19276543147862e-05,0.0,0.5578762292861938
684,8,75,1.0,0.9680718183517456,0,0,0.0,0.0,0.5,0.0009041362791322172,0.0,0.5580340623855591
685,8,76,1.0,0.970129132270813,0,0,0.0,0.0,0.5,0.0015675793401896954,0.0,0.555256724357605
686,8,77,1.0,0.9728776216506958,0,0,0.0,0.0,0.5,0.0036350470036268234,0.0,0.5432789921760559
687,8,78,1.0,0.9741548299789429,0,0,0.0,0.0,0.5,0.005834102630615234,0.0,0.5403838157653809
688,8,79,1.0,0.9769376516342163,0,0,0.0,0.0,0.5,0.006827052682638168,0.0,0.5389289855957031
689,9,0,1.0,0.9832994341850281,0,0,0.0,0.0,0.0,0.06268156319856644,0.0,0.006408156827092171
690,9,1,1.0,0.9922019243240356,0,0,0.0,0.0,0.0,0.03887680917978287,0.0,-0.006737058982253075
691,9,2,1.0,0.9902389645576477,0,0,0.0,0.0,0.0,0.051063619554042816,0.0,-0.001830018823966384
692,9,3,1.0,0.9873017072677612,0,0,0.0,0.0,0.0,0.059716518968343735,0.0,0.0015399516560137272
693,9,4,1.0,0.9902480840682983,0,0,0.0,0.0,0.0,0.05764753744006157,0.0,-0.0055506182834506035
694,9,5,1.0,0.9896467328071594,0,0,0.0,0.0,0.0,0.05922511965036392,0.0,-0.004889856092631817
695,9,6,1.0,0.9879374504089355,0,0,0.0,0.0,0.0,0.06599403917789459,0.0,-0.003581143217161298
696,9,7,1.0,0.9878249168395996,0,0,0.0,0.0,0.0,0.06630048155784607,0.0,-0.0033510553184896708
697,9,8,1.0,0.9833307266235352,0,0,0.0,0.0,0.0,0.07309433072805405,0.0,-0.004887791350483894
698,9,9,1.0,0.9833047986030579,0,0,0.0,0.0,0.0,0.07316315174102783,0.0,-0.004825422540307045
699,9,10,1.0,0.9834276437759399,0,0,0.25,0.0,0.0,0.08350035548210144,0.0,-0.009058081544935703
700,9,11,1.0,0.974256157875061,0,0,0.25,0.0,0.0,0.27144795656204224,0.0,0.0028264964930713177
701,9,12,1.0,0.9726735353469849,0,0,0.25,0.0,0.0,0.297230988740921,0.0,-0.009133832529187202
702,9,13,1.0,0.990587055683136,0,0,0.25,0.0,0.0,0.25023573637008667,0.0,-0.004869948141276836
703,9,14,1.0,1.0154869556427002,0,0,0.25,0.0,0.0,0.17236784100532532,0.0,0.005334760993719101
704,9,15,1.0,1.0138739347457886,0,0,0.0,0.0,0.0,0.10457086563110352,0.0,0.015397381037473679
705,9,16,1.0,0.9953781962394714,0,0,0.0,0.0,0.0,0.039817024022340775,0.0,0.04687313735485077
706,9,17,1.0,0.995759904384613,0,0,0.0,0.0,0.0,0.02292458713054657,0.0,0.0488860085606575
707,9,18,1.0,0.9801042079925537,0,0,0.0,0.0,0.0,0.012614027597010136,0.0,0.020546553656458855
708,9,19,1.0,0.9796224236488342,0,0,0.0,0.0,0.0,0.010980157181620598,0.0,0.021866202354431152
709,9,20,1.0,0.9806537628173828,0,0,0.0,0.0,0.0,0.009634194895625114,0.0,0.028180889785289764
710,9,21,1.0,0.9806156158447266,0,0,0.0,0.0,0.0,0.009418073110282421,0.0,0.028173472732305527
711,9,22,1.0,0.9800562858581543,0,0,0.0,0.0,0.0,0.00823694746941328,0.0,0.02193012647330761
712,9,23,1.0,0.9800561666488647,0,0,0.25,0.0,0.0,0.008208560757339,0.0,0.021845189854502678
713,9,24,1.0,0.9938753843307495,0,0,0.0,0.0,0.0,0.029661409556865692,0.0,0.022937500849366188
714,9,25,1.0,0.9854488372802734,0,0,0.0,0.0,0.0,0.019946929067373276,0.0,0.07898528128862381
715,9,26,1.0,0.9764130115509033,0,0,0.0,0.0,0.0,0.007386683486402035,0.0,0.09289944171905518
716,9,27,1.0,0.9758920073509216,0,0,0.0,0.0,0.0,0.004185061436146498,0.0,0.09464045614004135
717,9,28,1.0,0.9792482256889343,0,0,0.0,0.0,0.0,0.000979080330580473,0.0,-0.04121147841215134
718,9,29,1.0,0.9792699813842773,0,0,0.0,0.0,0.0,0.0004696788382716477,0.0,-0.04125490039587021
719,9,30,1.0,0.9933416247367859,0,0,0.0,0.0,0.0,-0.0024153480771929026,0.0,-0.12478416413068771
720,9,31,1.0,0.9933961033821106,0,0,0.0,0.0,0.0,-0.0024897935800254345,0.0,-0.12488304823637009
721,9,32,1.0,1.0027295351028442,0,0,0.0,0.0,-0.5,0.0017817604821175337,0.0,-0.2725992798805237
722,9,33,1.0,0.9803275465965271,0,0,0.0,0.0,-0.5,0.01238879282027483,0.0,-0.5681425333023071
723,9,34,1.0,0.9848353862762451,0,0,0.0,0.0,-0.5,0.006998742930591106,0.0,-0.6078611016273499
724,9,35,1.0,0.9849625825881958,0,0,0.0,0.0,-0.5,0.006492643617093563,0.0,-0.62842857837677
725,9,36,1.0,0.9684606194496155,0,0,0.0,0.0,-0.5,0.0076713161543011665,0.0,-0.6137600541114807
726,9,37,1.0,0.9636582136154175,0,0,0.0,0.0,-0.5,0.009117630310356617,0.0,-0.5448451042175293
727,9,38,1.0,0.9445847272872925,0,0,0.0,0.0,-0.5,0.008995593525469303,0.0,-0.39395853877067566
728,9,39,1.0,0.9492366313934326,0,0,0.0,0.0,-0.5,0.011846113950014114,0.0,-0.2816231846809387
729,9,40,1.0,1.0224549770355225,0,0,0.0,0.0,-0.5,0.010213188827037811,0.0,-0.07080619782209396
730,9,41,1.0,1.039816975593567,0,0,0.0,0.0,0.0,0.008404264226555824,0.0,-0.059606414288282394
731,9,42,1.0,1.2411162853240967,0,0,0.0,0.0,0.0,0.004547942895442247,0.0,0.034723516553640366
732,9,43,1.0,1.240160346031189,0,0,0.0,0.0,0.0,0.004725225269794464,0.0,0.032916393131017685
733,9,44,1.0,1.3589224815368652,0,0,0.0,0.0,0.0,0.003534278366714716,0.0,0.04305688291788101
734,9,45,1.0,1.3592209815979004,0,0,0.0,0.0,0.0,0.0035650585778057575,0.0,0.0433465912938118
735,9,46,2.0,1.403395175933838,1,0,0.0,0.0,0.0,0.003206486813724041,0.0,0.03976064547896385
736,9,47,2.0,2.0721898078918457,1,1,0.0,0.0,0.0,0.008233966305851936,0.0,0.025543324649333954
737,9,48,2.0,2.090817451477051,1,1,0.0,0.0,0.0,0.008944465778768063,0.0,0.04171539470553398
738,9,49,2.0,2.0877718925476074,1,1,0.0,0.0,0.0,0.009031923487782478,0.0,0.010368467308580875
739,9,50,2.0,2.0815343856811523,1,1,0.0,0.0,0.0,0.007961961440742016,0.0,0.008101396262645721
740,9,51,2.0,2.0198192596435547,1,1,0.0,0.0,0.0,0.004282564856112003,0.0,0.005562436766922474
741,9,52,2.0,1.4820802211761475,1,0,0.0,0.0,0.0,-0.0010231307242065668,0.0,-0.04570544511079788
742,9,53,1.0,1.1116995811462402,0,0,0.0,0.0,0.0,0.0009273221367038786,0.0,-0.05310051143169403
743,9,54,1.0,0.9962248802185059,0,0,0.0,0.0,0.0,0.0018740228842943907,0.0,-0.017048075795173645
744,9,55,1.0,0.9816986322402954,0,0,0.0,0.0,0.0,0.0017036946956068277,0.0,0.03965314105153084
745,9,56,1.0,0.9685519933700562,0,0,0.0,0.0,0.0,0.003012910019606352,0.0,0.12306295335292816
746,9,57,1.0,0.9672094583511353,0,0,0.0,0.0,0.0,0.0037166839465498924,0.0,0.18044501543045044
747,9,58,1.0,0.9656822085380554,0,0,0.0,0.0,0.0,0.004955559503287077,0.0,0.2565239369869232
748,9,59,1.0,0.9658567309379578,0,0,0.0,0.0,0.0,0.004731640685349703,0.0,0.3332509994506836
749,9,60,1.0,0.9700570106506348,0,0,0.0,0.0,0.5,0.004505824763327837,0.0,0.37830567359924316
750,9,61,1.0,0.9847034215927124,0,0,0.0,0.0,0.5,0.0006502509932033718,0.0,0.5461388826370239
751,9,62,1.0,0.9761908650398254,0,0,0.0,0.0,0.5,0.0021171914413571358,0.0,0.5653152465820312
752,9,63,1.0,0.9783841371536255,0,0,0.0,0.0,0.5,0.002642245264723897,0.0,0.5541533827781677
753,9,64,1.0,0.9770599007606506,0,0,0.0,0.0,0.5,0.0031232917681336403,0.0,0.5640480518341064
754,9,65,1.0,0.9736564755439758,0,0,0.0,0.0,0.5,0.0030057192780077457,0.0,0.5618209838867188
755,9,66,1.0,0.9668868780136108,0,0,0.0,0.0,0.5,0.004421174991875887,0.0,0.5547056198120117
756,9,67,1.0,0.9687241315841675,0,0,0.0,0.0,0.5,0.0034505720250308514,0.0,0.5588987469673157
757,9,68,1.0,0.9593718647956848,0,0,0.0,0.0,0.5,0.003272088710218668,0.0,0.5626470446586609
758,9,69,1.0,0.9607990980148315,0,0,0.0,0.0,0.5,0.003809211775660515,0.0,0.559916079044342
759,10,0,1.0,0.9926024079322815,0,0,0.0,0.0,0.0,0.05779993161559105,0.0,0.001848704181611538
760,10,1,1.0,0.9968733787536621,0,0,0.0,0.0,0.0,0.04409986361861229,0.0,-0.007491208612918854
761,10,2,1.0,0.99127596616745,0,0,0.0,0.0,0.0,0.04874398559331894,0.0,-0.004216535948216915
762,10,3,1.0,0.9901798963546753,0,0,0.0,0.0,0.0,0.05263897404074669,0.0,-0.0016781219746917486
763,10,4,1.0,0.9895033836364746,0,0,0.0,0.0,0.0,0.0515940897166729,0.0,-0.001137768616899848
764,10,5,1.0,0.9891843795776367,0,0,0.0,0.0,0.0,0.0523986779153347,0.0,-0.0006157155148684978
765,10,6,1.0,0.9852737784385681,0,0,0.0,0.0,0.0,0.05801476538181305,0.0,-0.004483601078391075
766,10,7,1.0,0.9851802587509155,0,0,0.0,0.0,0.0,0.058192234486341476,0.0,-0.00432828813791275
767,10,8,1.0,0.9848811626434326,0,0,0.0,0.0,0.0,0.05997760593891144,0.0,-0.004551911726593971
768,10,9,1.0,0.9848628640174866,0,0,0.0,0.0,0.0,0.060015227645635605,0.0,-0.004510018043220043
769,10,10,1.0,0.9816868305206299,0,0,0.25,0.0,0.0,0.06627616286277771,0.0,-0.0017689720261842012
770,10,11,1.0,0.9816590547561646,0,0,0.25,0.0,0.0,0.20998075604438782,0.0,0.008181149140000343
771,10,12,1.0,0.988155722618103,0,0,0.25,0.0,0.0,0.23794466257095337,0.0,-0.0016198118682950735
772,10,13,1.0,0.9862911105155945,0,0,0.25,0.0,0.0,0.2440200001001358,0.0,-0.00356379640288651
773,10,14,1.0,0.9933536052703857,0,0,0.25,0.0,0.0,0.25916555523872375,0.0,0.006572941318154335
774,10,15,1.0,0.9918363690376282,0,0,0.25,0.0,0.0,0.26475104689598083,0.0,-0.004133930429816246
775,10,16,1.0,0.9954598546028137,0,0,0.25,0.0,0.0,0.2766035795211792,0.0,0.007780739106237888
776,10,17,1.0,0.989753782749176,0,0,0.25,0.0,0.0,0.29075461626052856,0.0,-0.0014823938254266977
777,10,18,1.0,0.9838374853134155,0,0,0.25,0.0,0.0,0.29065126180648804,0.0,-0.012869163416326046
778,10,19,1.0,0.9856653809547424,0,0,0.25,0.0,0.0,0.25531458854675293,0.0,-0.0049459366127848625
779,10,20,1.0,0.9796841144561768,0,0,0.25,0.0,0.0,0.22364233434200287,0.0,-0.022347597405314445
780,10,21,1.0,0.9958404302597046,0,0,0.0,0.0,0.0,0.19255833327770233,0.0,-0.016274169087409973
781,10,22,1.0,1.0058952569961548,0,0,0.0,0.0,0.0,0.07936646044254303,0.0,-0.0064438264816999435
782,10,23,1.0,0.9988784193992615,0,0,0.0,0.0,0.0,0.038805361837148666,0.0,-5.262368358671665e-05
783,10,24,1.0,0.9833164811134338,0,0,0.0,0.0,0.0,0.02688995935022831,0.0,0.014405231922864914
784,10,25,1.0,0.9823929667472839,0,0,0.0,0.0,0.0,0.02357613854110241,0.0,0.014514507725834846
785,10,26,1.0,0.9796555042266846,0,0,0.0,0.0,0.0,0.02361305244266987,0.0,0.029349105432629585
786,10,27,1.0,0.9795215725898743,0,0,0.0,0.0,0.0,0.02325301431119442,0.0,0.029286710545420647
787,10,28,1.0,0.9802446365356445,0,0,0.0,0.0,0.0,0.02146693877875805,0.0,0.034889813512563705
788,10,29,1.0,0.9802321791648865,0,0,0.0,0.0,0.0,0.021431470289826393,0.0,0.03482958301901817
789,10,30,1.0,0.9820003509521484,0,0,0.25,0.0,0.0,0.02102496661245823,0.0,0.027589058503508568
790,10,31,1.0,0.9877511858940125,0,0,0.0,0.0,0.0,0.04773378744721413,0.0,0.04859554395079613
791,10,32,1.0,0.9861268401145935,0,0,0.0,0.0,0.0,0.014387506991624832,0.0,0.011889813467860222
792,10,33,1.0,0.9794159531593323,0,0,0.0,0.0,0.0,0.0072242747992277145,0.0,0.02445784956216812
793,10,34,1.0,0.9815407395362854,0,0,0.0,0.0,0.0,0.0031302734278142452,0.0,0.006947662681341171
794,10,35,1.0,0.9812614917755127,0,0,0.0,0.0,0.0,0.0022180178202688694,0.0,0.00799778662621975
795,10,36,1.0,0.9906957745552063,0,0,0.0,0.0,0.0,0.0030194567516446114,0.0,0.06072356179356575
796,10,37,1.0,0.9906832575798035,0,0,0.0,0.0,0.0,0.002890950068831444,0.0,0.06077427417039871
797,10,38,1.0,0.9893050789833069,0,0,0.0,0.0,0.0,0.0020389268174767494,0.0,0.06447461247444153
798,10,39,1.0,0.9893096089363098,0,0,0.0,0.0,0.0,0.0020254862029105425,0.0,0.06443541496992111
799,10,40,1.0,0.989014744758606,0,0,0.0,0.0,0.0,0.0019366687629371881,0.0,0.06624314934015274
800,10,41,1.0,0.9890156984329224,0,0,0.0,0.0,0.0,0.001938364002853632,0.0,0.0662083700299263
801,10,42,1.0,0.9890786409378052,0,0,0.0,0.0,0.0,0.0018865582533180714,0.0,0.06425309181213379
802,10,43,1.0,0.989079475402832,0,0,0.0,0.0,0.0,0.0018892060033977032,0.0,0.06422575563192368
803,10,44,1.0,0.9853793978691101,0,0,0.0,0.0,-0.5,0.002763244090601802,0.0,0.03282849118113518
804,10,45,1.0,0.991885781288147,0,0,0.0,0.0,-0.5,0.011530803516507149,0.0,-0.5159288048744202
805,10,46,1.0,0.987639844417572,0,0,0.0,0.0,-0.5,0.013725566677749157,0.0,-0.6244682669639587
806,10,47,1.0,0.9826048016548157,0,0,0.0,0.0,-0.5,0.01533169113099575,0.0,-0.6569073796272278
807,10,48,1.0,0.9820807576179504,0,0,0.0,0.0,-0.5,0.015321647748351097,0.0,-0.6461742520332336
808,10,49,1.0,0.9921787977218628,0,0,0.0,0.0,-0.5,0.01074517797678709,0.0,-0.618940532207489
809,10,50,1.0,0.9644723534584045,0,0,0.0,0.0,-0.5,0.013480691239237785,0.0,-0.518958568572998
810,10,51,1.0,0.9598603248596191,0,0,0.0,0.0,-0.5,0.011249409057199955,0.0,-0.4182608425617218
811,10,52,1.0,0.960201621055603,0,0,0.0,0.0,-0.5,0.0076382951810956,0.0,-0.2124110758304596
812,10,53,1.0,0.9607484340667725,0,0,0.0,0.0,-0.5,0.005890429951250553,0.0,-0.21985752880573273
813,10,54,1.0,1.0628058910369873,0,0,0.0,0.0,0.0,0.004704691935330629,0.0,-0.011874424293637276
814,10,55,1.0,1.0637270212173462,0,0,0.0,0.0,0.0,0.004688640125095844,0.0,-0.00922312494367361
815,10,56,1.0,1.106329083442688,0,0,0.0,0.0,0.0,0.005198895465582609,0.0,0.018757276237010956
816,10,57,1.0,1.1065276861190796,0,0,0.0,0.0,0.0,0.005215038079768419,0.0,0.019257938489317894
817,10,58,1.0,1.1800240278244019,0,0,0.0,0.0,0.0,0.0013751459773629904,0.0,0.03665607422590256
818,10,59,2.0,1.1800501346588135,1,0,0.0,0.0,0.0,0.0013783103786408901,0.0,0.03673919662833214
819,10,60,2.0,2.0522217750549316,1,1,0.0,0.0,0.0,0.004762889817357063,0.0,0.03458995744585991
820,10,61,2.0,2.0821714401245117,1,1,0.0,0.0,0.0,0.007725239731371403,0.0,0.026649871841073036
821,10,62,2.0,2.0875840187072754,1,1,0.0,0.0,0.0,0.008136225864291191,0.0,0.017025278881192207
822,10,63,2.0,2.096299171447754,1,1,0.0,0.0,0.0,0.0075103407725691795,0.0,0.020099500194191933
823,10,64,2.0,2.0652613639831543,1,1,0.0,0.0,0.0,0.004212324973195791,0.0,0.012526576407253742
824,10,65,2.0,2.0060458183288574,1,1,0.0,0.0,0.0,0.0031631444580852985,0.0,-0.0009492516983300447
825,10,66,1.0,1.1985349655151367,0,0,0.0,0.0,0.0,0.00026913004694506526,0.0,-0.03935831040143967
826,10,67,1.0,1.0308294296264648,0,0,0.0,0.0,0.0,0.0011845200788229704,0.0,-0.03410764038562775
827,10,68,1.0,0.9776771664619446,0,0,0.0,0.0,0.0,0.0012667221017181873,0.0,0.0848771259188652
828,10,69,1.0,0.9691055417060852,0,0,0.0,0.0,0.0,0.0022626412101089954,0.0,0.13398654758930206
829,10,70,1.0,0.9674179553985596,0,0,0.0,0.0,0.0,0.0031527020037174225,0.0,0.18386778235435486
830,10,71,1.0,0.9644280672073364,0,0,0.0,0.0,0.0,0.003617811482399702,0.0,0.225819930434227
831,10,72,1.0,0.9640377759933472,0,0,0.0,0.0,0.0,0.0035668564960360527,0.0,0.25951293110847473
832,10,73,1.0,0.9646608233451843,0,0,0.0,0.0,0.5,0.0037910365499556065,0.0,0.2973863184452057
833,10,74,1.0,0.9777950048446655,0,0,0.0,0.0,0.5,0.002221955917775631,0.0,0.5242798328399658
834,10,75,1.0,0.9777039885520935,0,0,0.0,0.0,0.5,0.0031022769398987293,0.0,0.520900547504425
835,10,76,1.0,0.9760593771934509,0,0,0.0,0.0,0.5,0.006194850895553827,0.0,0.5473056435585022
836,10,77,1.0,0.9825488924980164,0,0,0.0,0.0,0.5,0.004009929019957781,0.0,0.5550386309623718
837,10,78,1.0,0.9718054533004761,0,0,0.0,0.0,0.5,0.005607310216873884,0.0,0.5470491051673889
838,10,79,1.0,0.9665444493293762,0,0,0.0,0.0,0.5,0.004001738503575325,0.0,0.5554710626602173
839,10,80,1.0,0.9669936895370483,0,0,0.0,0.0,0.5,0.005292860791087151,0.0,0.5727769732475281
840,10,81,1.0,0.9661456346511841,0,0,0.0,0.0,0.5,0.004316071048378944,0.0,0.5614182353019714
841,10,82,1.0,0.959513783454895,0,0,0.0,0.0,0.5,0.0037173996679484844,0.0,0.5587961077690125
842,11,0,1.0,0.9756336808204651,0,0,0.0,0.0,0.0,-0.06246228888630867,0.0,-0.0034819503780454397
843,11,1,1.0,0.9729328751564026,0,0,0.0,0.0,0.0,-0.07977405935525894,0.0,-0.015887856483459473
844,11,2,1.0,0.979148805141449,0,0,0.0,0.0,0.0,-0.07760924100875854,0.0,-0.008387796580791473
845,11,3,1.0,0.9797844290733337,0,0,0.0,0.0,0.0,-0.07243818044662476,0.0,-0.005054487846791744
846,11,4,1.0,0.9820951223373413,0,0,0.0,0.0,0.0,-0.07747572660446167,0.0,0.003363285679370165
847,11,5,1.0,0.9822031259536743,0,0,0.0,0.0,0.0,-0.0765446126461029,0.0,0.003960725851356983
848,11,6,1.0,0.983612060546875,0,0,0.0,0.0,0.0,-0.08084142953157425,0.0,0.007705392315983772
849,11,7,1.0,0.9836422801017761,0,0,0.0,0.0,0.0,-0.08068829774856567,0.0,0.007802599109709263
850,11,8,1.0,0.9845526218414307,0,0,0.0,0.0,0.0,-0.09421622008085251,0.0,0.009023793041706085
851,11,9,1.0,0.9845568537712097,0,0,0.0,0.0,0.0,-0.09418891370296478,0.0,0.00904911383986473
852,11,10,1.0,0.9830523729324341,0,0,-0.25,0.0,0.0,-0.09475776553153992,0.0,0.013338278979063034
853,11,11,1.0,1.0175678730010986,0,0,-0.25,0.0,0.0,-0.22782842814922333,0.0,-0.02047182433307171
854,11,12,1.0,1.0111135244369507,0,0,-0.25,0.0,0.0,-0.28251659870147705,0.0,-0.019302556291222572
855,11,13,1.0,1.012787103652954,0,0,-0.25,0.0,0.0,-0.28475165367126465,0.0,-0.01188335008919239
856,11,14,1.0,1.014471173286438,0,0,-0.25,0.0,0.0,-0.27184104919433594,0.0,-0.021356893703341484
857,11,15,1.0,1.0046372413635254,0,0,-0.25,0.0,0.0,-0.2481011301279068,0.0,-0.019124535843729973
858,11,16,1.0,0.9959286451339722,0,0,0.0,0.0,0.0,-0.10272908955812454,0.0,-0.00449761189520359
859,11,17,1.0,0.9914237856864929,0,0,0.0,0.0,0.0,-0.022398531436920166,0.0,0.026944221928715706
860,11,18,1.0,0.99466472864151,0,0,0.0,0.0,0.0,0.0018203931394964457,0.0,0.01604412868618965
861,11,19,1.0,0.9967299699783325,0,0,0.0,0.0,0.0,0.006996677257120609,0.0,0.02039632946252823
862,11,20,1.0,0.9907705783843994,0,0,0.0,0.0,0.0,0.004821974318474531,0.0,0.0027762288227677345
863,11,21,1.0,0.9907599687576294,0,0,0.0,0.0,0.0,0.005420730449259281,0.0,0.0027102679014205933
864,11,22,1.0,0.9943642020225525,0,0,0.0,0.0,0.0,0.0033371024765074253,0.0,0.00953629706054926
865,11,23,1.0,0.9943583011627197,0,0,-0.25,0.0,0.0,0.003424780908972025,0.0,0.009595445357263088
866,11,24,1.0,0.9882424473762512,0,0,-0.25,0.0,0.0,-0.016412515193223953,0.0,0.04960373416543007
867,11,25,1.0,0.9839848279953003,0,0,0.0,0.0,0.0,-0.02239501103758812,0.0,0.060033638030290604
868,11,26,1.0,0.9942119717597961,0,0,0.0,0.0,0.0,-0.007581163663417101,0.0,-0.0017882708925753832
869,11,27,1.0,0.988446831703186,0,0,0.0,0.0,0.0,0.0036793239414691925,0.0,-0.02944713644683361
870,11,28,1.0,0.9937038421630859,0,0,0.0,0.0,0.0,0.007627977058291435,0.0,-0.009859399870038033
871,11,29,1.0,0.99383944272995,0,0,0.0,0.0,0.0,0.009066957980394363,0.0,-0.011377169750630856
872,11,30,1.0,0.9966415762901306,0,0,0.0,0.0,0.0,0.006958741694688797,0.0,-0.01129645574837923
873,11,31,1.0,0.9966543316841125,0,0,0.0,0.0,0.0,0.007161243818700314,0.0,-0.01144858542829752
874,11,32,1.0,0.9965227842330933,0,0,0.0,0.0,0.0,0.0075228093191981316,0.0,-0.014736202545464039
875,11,33,1.0,0.9965201020240784,0,0,0.0,0.0,0.0,0.007556992582976818,0.0,-0.014730357564985752
876,11,34,1.0,0.9941616654396057,0,0,0.0,0.0,-0.5,0.009208465926349163,0.0,-0.016649816185235977
877,11,35,1.0,0.987116277217865,0,0,0.0,0.0,-0.5,0.014342316426336765,0.0,-0.39303770661354065
878,11,36,1.0,1.011387825012207,0,0,0.0,0.0,-0.5,0.017129797488451004,0.0,-0.45948663353919983
879,11,37,1.0,1.0014543533325195,0,0,0.0,0.0,-0.5,0.02166861854493618,0.0,-0.5449280142784119
880,11,38,1.0,0.977328896522522,0,0,0.0,0.0,-0.5,0.02329115942120552,0.0,-0.6329402923583984
881,11,39,1.0,0.990850567817688,0,0,0.0,0.0,-0.5,0.01385462936013937,0.0,-0.6595594882965088
882,11,40,1.0,0.9853947162628174,0,0,0.0,0.0,-0.5,0.017726968973875046,0.0,-0.6054303646087646
883,11,41,1.0,0.9764449000358582,0,0,0.0,0.0,-0.5,0.012823432683944702,0.0,-0.564294159412384
884,11,42,1.0,0.9495784044265747,0,0,0.0,0.0,-0.5,0.007035058923065662,0.0,-0.41043785214424133
885,11,43,1.0,0.948383629322052,0,0,0.0,0.0,-0.5,0.009456824511289597,0.0,-0.39031529426574707
886,11,44,1.0,1.0116320848464966,0,0,0.0,0.0,0.0,0.005091338884085417,0.0,-0.1083851233124733
887,11,45,1.0,1.009236454963684,0,0,0.0,0.0,0.0,0.005440371111035347,0.0,-0.1160484030842781
888,11,46,1.0,1.0813593864440918,0,0,0.0,0.0,0.0,0.0026507761795073748,0.0,-0.013408021070063114
889,11,47,1.0,1.0815892219543457,0,0,0.0,0.0,0.0,0.0026861121878027916,0.0,-0.012909908778965473
890,11,48,1.0,1.150871753692627,0,0,0.0,0.0,0.0,0.0007121937233023345,0.0,0.01085046585649252
891,11,49,1.0,1.1507949829101562,0,0,0.0,0.0,0.0,0.0007080096402205527,0.0,0.010854778811335564
892,11,50,1.0,1.2134711742401123,0,0,0.0,0.0,0.0,7.305090548470616e-05,0.0,0.026179898530244827
893,11,51,1.0,1.2133148908615112,0,0,0.0,0.0,0.0,5.2886141929775476e-05,0.0,0.026106083765625954
894,11,52,1.0,1.2116237878799438,0,0,0.0,0.0,0.0,0.0002350857830606401,0.0,0.02560289017856121
895,11,53,2.0,1.2114652395248413,1,0,0.0,0.0,0.0,0.0002085514715872705,0.0,0.025528425350785255
896,11,54,2.0,2.040497303009033,1,1,0.0,0.0,0.0,0.004390185698866844,0.0,0.031231358647346497
897,11,55,2.0,2.085036277770996,1,1,0.0,0.0,0.0,0.00598865607753396,0.0,0.034011732786893845
898,11,56,2.0,2.091063976287842,1,1,0.0,0.0,0.0,0.008615618571639061,0.0,0.01904129423201084
899,11,57,2.0,2.099138021469116,1,1,0.0,0.0,0.0,0.005462422966957092,0.0,0.024304641410708427
900,11,58,2.0,2.079531669616699,1,1,0.0,0.0,0.0,0.0038866261020302773,0.0,0.01576022058725357
901,11,59,2.0,1.9567110538482666,1,1,0.0,0.0,0.0,0.0020378411281853914,0.0,-0.021715739741921425
902,11,60,2.0,1.4645302295684814,1,0,0.0,0.0,0.0,-0.001600159564986825,0.0,-0.09472688287496567
903,11,61,1.0,1.0334535837173462,0,0,0.0,0.0,0.0,0.0004913258017040789,0.0,-0.0760311707854271
904,11,62,1.0,0.967742919921875,0,0,0.0,0.0,0.0,0.001309944549575448,0.0,0.029576748609542847
905,11,63,1.0,0.9647072553634644,0,0,0.0,0.0,0.0,0.002820769092068076,0.0,0.10751543939113617
906,11,64,1.0,0.9674727320671082,0,0,0.0,0.0,0.0,0.002194511005654931,0.0,0.24932703375816345
907,11,65,1.0,0.9742921590805054,0,0,0.0,0.0,0.0,0.0028548340778797865,0.0,0.3404558598995209
908,11,66,1.0,0.9792417883872986,0,0,0.0,0.0,0.0,0.00376297440379858,0.0,0.39218568801879883
909,11,67,1.0,0.9812759160995483,0,0,0.0,0.0,0.5,0.003997978754341602,0.0,0.4109485447406769
910,11,68,1.0,0.9823063611984253,0,0,0.0,0.0,0.5,0.0017875921912491322,0.0,0.5532190799713135
911,11,69,1.0,0.9774175882339478,0,0,0.0,0.0,0.5,0.0012643784284591675,0.0,0.5404226183891296
912,11,70,1.0,0.9796628952026367,0,0,0.0,0.0,0.5,0.0021330055315047503,0.0,0.5555205941200256
913,11,71,1.0,0.9764228463172913,0,0,0.0,0.0,0.5,0.002521497430279851,0.0,0.5522856116294861
914,11,72,1.0,0.9665327668190002,0,0,0.0,0.0,0.5,0.0008220826857723296,0.0,0.5507791638374329
915,11,73,1.0,0.9734148383140564,0,0,0.0,0.0,0.5,-0.0014774525770917535,0.0,0.550167441368103
916,11,74,1.0,0.9678103923797607,0,0,0.0,0.0,0.5,0.002493069740012288,0.0,0.5660827159881592
917,11,75,1.0,0.9689991474151611,0,0,0.0,0.0,0.5,0.001626661280170083,0.0,0.5436216592788696
918,11,76,1.0,0.9690604209899902,0,0,0.0,0.0,0.5,0.002965277060866356,0.0,0.5430852770805359
919,12,0,1.0,0.9832994341850281,0,0,0.0,0.0,0.0,0.06268157809972763,0.0,0.006408063229173422
920,12,1,1.0,0.9922018647193909,0,0,0.0,0.0,0.0,0.03887680172920227,0.0,-0.006737167946994305
921,12,2,1.0,0.9902389645576477,0,0,0.0,0.0,0.0,0.05106367915868759,0.0,-0.0018300639931112528
922,12,3,1.0,0.9873016476631165,0,0,0.0,0.0,0.0,0.05971653759479523,0.0,0.0015399440890178084
923,12,4,1.0,0.9902480840682983,0,0,0.0,0.0,0.0,0.05764751508831978,0.0,-0.005550644360482693
924,12,5,1.0,0.9896467328071594,0,0,0.0,0.0,0.0,0.05922514945268631,0.0,-0.0048897359520196915
925,12,6,1.0,0.9879373908042908,0,0,0.0,0.0,0.0,0.0659940242767334,0.0,-0.003581143217161298
926,12,7,1.0,0.9878249168395996,0,0,0.0,0.0,0.0,0.06630048155784607,0.0,-0.0033511302899569273
927,12,8,1.0,0.9833307266235352,0,0,0.0,0.0,0.0,0.07309434562921524,0.0,-0.004887730814516544
928,12,9,1.0,0.9833048582077026,0,0,0.0,0.0,0.0,0.07316315174102783,0.0,-0.004825444892048836
929,12,10,1.0,0.9834276437759399,0,0,0.25,0.0,0.0,0.08350030332803726,0.0,-0.00905811507254839
930,12,11,1.0,0.974256157875061,0,0,0.25,0.0,0.0,0.2714479863643646,0.0,0.0028264739084988832
931,12,12,1.0,0.9726735949516296,0,0,0.25,0.0,0.0,0.297230988740921,0.0,-0.0091338399797678
932,12,13,1.0,0.990587055683136,0,0,0.25,0.0,0.0,0.2502357065677643,0.0,-0.004869959317147732
933,12,14,1.0,1.0154868364334106,0,0,0.25,0.0,0.0,0.17236784100532532,0.0,0.005334847141057253
934,12,15,1.0,1.0138739347457886,0,0,0.0,0.0,0.0,0.10457088053226471,0.0,0.015397429466247559
935,12,16,1.0,0.9953781366348267,0,0,0.0,0.0,0.0,0.039817024022340775,0.0,0.046873100101947784
936,12,17,1.0,0.995759904384613,0,0,0.0,0.0,0.0,0.022924581542611122,0.0,0.04888605326414108
937,12,18,1.0,0.9801040887832642,0,0,0.0,0.0,0.0,0.012614012695848942,0.0,0.020546607673168182
938,12,19,1.0,0.9796224236488342,0,0,0.0,0.0,0.0,0.010980160906910896,0.0,0.021866325289011
939,12,20,1.0,0.9806538224220276,0,0,0.0,0.0,0.0,0.009634199552237988,0.0,0.02818082459270954
940,12,21,1.0,0.9806156158447266,0,0,0.0,0.0,0.0,0.009418063797056675,0.0,0.0281734149903059
941,12,22,1.0,0.9800562262535095,0,0,0.0,0.0,0.0,0.008236946538090706,0.0,0.02193000726401806
942,12,23,1.0,0.9800561666488647,0,0,0.25,0.0,0.0,0.00820855051279068,0.0,0.021845148876309395
943,12,24,1.0,0.9912902116775513,0,0,0.25,0.0,0.0,0.028566982597112656,0.0,0.00985667947679758
944,12,25,1.0,1.0011250972747803,0,0,0.0,0.0,0.0,0.042646050453186035,0.0,0.011495726183056831
945,12,26,1.0,0.9857638478279114,0,0,0.0,0.0,0.0,0.02072114311158657,0.0,0.07257351279258728
946,12,27,1.0,0.9854914546012878,0,0,0.0,0.0,0.0,0.009223136119544506,0.0,0.06205899640917778
947,12,28,1.0,0.9795596599578857,0,0,0.0,0.0,0.0,0.007656935602426529,0.0,0.08895044773817062
948,12,29,1.0,0.9794698357582092,0,0,0.0,0.0,0.0,0.0059290663339197636,0.0,0.09024379402399063
949,12,30,1.0,0.980758547782898,0,0,0.0,0.0,0.0,0.0032549062743782997,0.0,0.06828958541154861
950,12,31,1.0,0.980742871761322,0,0,0.0,0.0,0.0,0.0030010328628122807,0.0,0.06823162734508514
951,12,32,1.0,0.9783160090446472,0,0,0.0,0.0,0.0,0.0024123191833496094,0.0,0.04795582965016365
952,12,33,1.0,0.9783186912536621,0,0,0.0,0.0,0.0,0.0023773296270519495,0.0,0.0478755421936512
953,12,34,1.0,0.9811530709266663,0,0,0.0,0.0,-0.5,0.0022907829843461514,0.0,0.02629297412931919
954,12,35,1.0,0.9757444858551025,0,0,0.0,0.0,-0.5,0.015496978536248207,0.0,-0.5364192724227905
955,12,36,1.0,0.982879102230072,0,0,0.0,0.0,-0.5,0.014955857768654823,0.0,-0.6038002371788025
956,12,37,1.0,0.9735193848609924,0,0,0.0,0.0,-0.5,0.010556097142398357,0.0,-0.6357191205024719
957,12,38,1.0,0.9733770489692688,0,0,0.0,0.0,-0.5,0.008695497177541256,0.0,-0.6284357905387878
958,12,39,1.0,0.9662100672721863,0,0,0.0,0.0,-0.5,0.010519365780055523,0.0,-0.5984346270561218
959,12,40,1.0,0.9523314833641052,0,0,0.0,0.0,-0.5,0.01101010013371706,0.0,-0.5018984079360962
960,12,41,1.0,0.9455995559692383,0,0,0.0,0.0,-0.5,0.012670238502323627,0.0,-0.3987673223018646
961,12,42,1.0,0.9998540282249451,0,0,0.0,0.0,-0.5,0.01126453373581171,0.0,-0.14786852896213531
962,12,43,1.0,0.9921268224716187,0,0,0.0,0.0,-0.5,0.01105048879981041,0.0,-0.15742605924606323
963,12,44,1.0,1.1001521348953247,0,0,0.0,0.0,0.0,0.005002341233193874,0.0,-0.020281603559851646
964,12,45,1.0,1.1012755632400513,0,0,0.0,0.0,0.0,0.005045986734330654,0.0,-0.017852850258350372
965,12,46,1.0,1.1948164701461792,0,0,0.0,0.0,0.0,0.001606956822797656,0.0,0.013006637804210186
966,12,47,1.0,1.19502592086792,0,0,0.0,0.0,0.0,0.001630936050787568,0.0,0.013416886329650879
967,12,48,1.0,1.1931358575820923,0,0,0.0,0.0,0.0,0.0035142386332154274,0.0,0.0208172257989645
968,12,49,1.0,1.193139910697937,0,0,0.0,0.0,0.0,0.0035092346370220184,0.0,0.020862935110926628
969,12,50,2.0,1.2297462224960327,1,0,0.0,0.0,0.0,0.002361985156312585,0.0,0.023303845897316933
970,12,51,2.0,2.0676474571228027,1,1,0.0,0.0,0.0,0.0059166159480810165,0.0,0.03491107374429703
971,12,52,2.0,2.0797088146209717,1,1,0.0,0.0,0.0,0.0076876431703567505,0.0,0.04066666588187218
972,12,53,2.0,2.0904831886291504,1,1,0.0,0.0,0.0,0.008925743401050568,0.0,0.012593857012689114
973,12,54,2.0,2.081669330596924,1,1,0.0,0.0,0.0,0.0065698507241904736,0.0,0.016322797164320946
974,12,55,2.0,1.9025192260742188,1,1,0.0,0.0,0.0,0.004380696453154087,0.0,-0.008639777079224586
975,12,56,1.0,1.2586474418640137,0,0,0.0,0.0,0.0,8.483434794470668e-05,0.0,-0.03651474043726921
976,12,57,1.0,1.079520583152771,0,0,0.0,0.0,0.0,0.0036538378335535526,0.0,-0.0778912678360939
977,12,58,1.0,1.0090622901916504,0,0,0.0,0.0,0.0,0.0012266612611711025,0.0,-0.0333312563598156
978,12,59,1.0,0.9851640462875366,0,0,0.0,0.0,0.0,0.0023544742725789547,0.0,0.027763191610574722
979,12,60,1.0,0.9755651950836182,0,0,0.0,0.0,0.0,0.0032545318827033043,0.0,0.13651740550994873
980,12,61,1.0,0.973389208316803,0,0,0.0,0.0,0.0,0.004314032383263111,0.0,0.2096518874168396
981,12,62,1.0,0.9681370258331299,0,0,0.0,0.0,0.0,0.005064051598310471,0.0,0.2663501501083374
982,12,63,1.0,0.970038652420044,0,0,0.0,0.0,0.5,0.005668770056217909,0.0,0.33465269207954407
983,12,64,1.0,0.9827885627746582,0,0,0.0,0.0,0.5,-0.0009153226856142282,0.0,0.5444262623786926
984,12,65,1.0,0.9812536835670471,0,0,0.0,0.0,0.5,0.00031253386987373233,0.0,0.5419864654541016
985,12,66,1.0,0.9823679327964783,0,0,0.0,0.0,0.5,0.0015698829665780067,0.0,0.5525099635124207
986,12,67,1.0,0.9822256565093994,0,0,0.0,0.0,0.5,0.0017568040639162064,0.0,0.5489575266838074
987,12,68,1.0,0.9586257934570312,0,0,0.0,0.0,0.5,0.004817701876163483,0.0,0.5495633482933044
988,12,69,1.0,0.968061625957489,0,0,0.0,0.0,0.5,0.002786648692563176,0.0,0.559993326663971
989,12,70,1.0,0.966126561164856,0,0,0.0,0.0,0.5,0.004630089271813631,0.0,0.5587655305862427
990,12,71,1.0,0.9712679982185364,0,0,0.0,0.0,0.5,0.0038368888199329376,0.0,0.5473575592041016
991,12,72,1.0,0.9606900811195374,0,0,0.0,0.0,0.5,0.0034086047671735287,0.0,0.5539767742156982
992,13,0,1.0,0.97198885679245,0,0,0.0,0.0,0.0,-0.03872458264231682,0.0,-0.005519208498299122
993,13,1,1.0,0.9705661535263062,0,0,0.0,0.0,0.0,-0.04963739216327667,0.0,-0.011857593432068825
994,13,2,1.0,0.9755519032478333,0,0,0.0,0.0,0.0,-0.047132156789302826,0.0,-0.018092544749379158
995,13,3,1.0,0.976170539855957,0,0,0.0,0.0,0.0,-0.044117607176303864,0.0,-0.016339989379048347
996,13,4,1.0,0.9785493612289429,0,0,0.0,0.0,0.0,-0.05502729490399361,0.0,-0.016915537416934967
997,13,5,1.0,0.9786176681518555,0,0,0.0,0.0,0.0,-0.05450047180056572,0.0,-0.016501223668456078
998,13,6,1.0,0.9798372387886047,0,0,0.0,0.0,0.0,-0.05763686075806618,0.0,-0.0096049839630723
999,13,7,1.0,0.9798455834388733,0,0,0.0,0.0,0.0,-0.05755158141255379,0.0,-0.009512947872281075
1000,13,8,1.0,0.9804890155792236,0,0,0.0,0.0,0.0,-0.057043056935071945,0.0,-0.010551069863140583
1001,13,9,1.0,0.9804926514625549,0,0,0.0,0.0,0.0,-0.05702784284949303,0.0,-0.010526338592171669
1002,13,10,1.0,0.9818853139877319,0,0,-0.25,0.0,0.0,-0.07731102406978607,0.0,-0.00013009482063353062
1003,13,11,1.0,0.9905758500099182,0,0,-0.25,0.0,0.0,-0.17591524124145508,0.0,-0.010803085751831532
1004,13,12,1.0,1.0068371295928955,0,0,-0.25,0.0,0.0,-0.22838768362998962,0.0,-0.02714899368584156
1005,13,13,1.0,1.0139594078063965,0,0,-0.25,0.0,0.0,-0.24895544350147247,0.0,-0.02355208806693554
1006,13,14,1.0,1.0164440870285034,0,0,-0.25,0.0,0.0,-0.25406306982040405,0.0,-0.030173486098647118
1007,13,15,1.0,1.0127882957458496,0,0,-0.25,0.0,0.0,-0.2666834592819214,0.0,-0.01058525126427412
1008,13,16,1.0,1.0115838050842285,0,0,-0.25,0.0,0.0,-0.2874238193035126,0.0,-0.004077360033988953
1009,13,17,1.0,1.0171120166778564,0,0,-0.25,0.0,0.0,-0.29912877082824707,0.0,2.4472828954458237e-05
1010,13,18,1.0,1.0082123279571533,0,0,-0.25,0.0,0.0,-0.2972838282585144,0.0,-0.0040834322571754456
1011,13,19,1.0,1.0054752826690674,0,0,-0.25,0.0,0.0,-0.2789333760738373,0.0,3.5659875720739365e-05
1012,13,20,1.0,1.0052173137664795,0,0,-0.25,0.0,0.0,-0.25008851289749146,0.0,-0.007939835079014301
1013,13,21,1.0,0.99320387840271,0,0,0.0,0.0,0.0,-0.20815902948379517,0.0,-0.008167663589119911
1014,13,22,1.0,0.9937962293624878,0,0,0.0,0.0,0.0,-0.19015857577323914,0.0,-0.010701770894229412
1015,13,23,1.0,0.9841827750205994,0,0,0.0,0.0,0.0,-0.11293932050466537,0.0,-0.03394070640206337
1016,13,24,1.0,0.9777127504348755,0,0,0.0,0.0,0.0,-0.06243465840816498,0.0,-0.04338973015546799
1017,13,25,1.0,0.9780287742614746,0,0,0.0,0.0,0.0,-0.04748746380209923,0.0,-0.04386066272854805
1018,13,26,1.0,0.9783581495285034,0,0,0.0,0.0,0.0,-0.05292363464832306,0.0,-0.04870249703526497
1019,13,27,1.0,0.9784559011459351,0,0,0.0,0.0,0.0,-0.050916437059640884,0.0,-0.048554927110672
1020,13,28,1.0,0.9816465973854065,0,0,0.0,0.0,0.0,-0.04010268300771713,0.0,-0.041188765317201614
1021,13,29,1.0,0.9816436767578125,0,0,-0.25,0.0,0.0,-0.039763566106557846,0.0,-0.041209470480680466
1022,13,30,1.0,0.9978113770484924,0,0,0.0,0.0,0.0,-0.030373167246580124,0.0,0.010037587024271488
1023,13,31,1.0,0.9997249841690063,0,0,0.0,0.0,0.0,-0.006862508598715067,0.0,0.03239620849490166
1024,13,32,1.0,0.9875597953796387,0,0,0.0,0.0,0.0,0.002347770147025585,0.0,0.022974776104092598
1025,13,33,1.0,0.9902059435844421,0,0,0.0,0.0,0.0,0.007255721837282181,0.0,0.027564486488699913
1026,13,34,1.0,0.9843183159828186,0,0,0.0,0.0,0.0,0.00302259624004364,0.0,-0.014857453294098377
1027,13,35,1.0,0.9843249917030334,0,0,0.0,0.0,0.0,0.003354510758072138,0.0,-0.015110929496586323
1028,13,36,1.0,0.9839577674865723,0,0,0.0,0.0,0.0,0.0022408198565244675,0.0,-0.020157380029559135
1029,13,37,1.0,0.9839501976966858,0,0,0.0,0.0,0.0,0.002288504969328642,0.0,-0.020215502008795738
1030,13,38,1.0,0.9848229289054871,0,0,-0.25,0.0,0.0,0.002555795479565859,0.0,-0.019133880734443665
1031,13,39,1.0,0.9868804812431335,0,0,0.0,0.0,0.0,-0.013921487145125866,0.0,-0.0012240309733897448
1032,13,40,1.0,0.9820346832275391,0,0,0.0,0.0,0.0,-0.004356189630925655,0.0,0.054541006684303284
1033,13,41,1.0,0.982085645198822,0,0,0.0,0.0,0.0,-1.6539881471544504e-05,0.0,0.0535968542098999
1034,13,42,1.0,0.9714465737342834,0,0,0.0,0.0,0.0,-0.0003029996296390891,0.0,0.011037194170057774
1035,13,43,1.0,0.9716883897781372,0,0,0.0,0.0,0.0,0.0007106512202881277,0.0,0.009323522448539734
1036,13,44,1.0,0.9706447720527649,0,0,0.0,0.0,0.0,0.0001545976265333593,0.0,-0.08702516555786133
1037,13,45,1.0,0.9706636071205139,0,0,0.0,0.0,0.0,0.00032341579208150506,0.0,-0.08731948584318161
1038,13,46,1.0,0.9779913425445557,0,0,0.0,0.0,0.0,-0.0015599650796502829,0.0,-0.16058441996574402
1039,13,47,1.0,0.9779805541038513,0,0,0.0,0.0,-0.5,-0.0015279920771718025,0.0,-0.1605859249830246
1040,13,48,1.0,0.9848266839981079,0,0,0.0,0.0,-0.5,0.0029665492475032806,0.0,-0.4944745898246765
1041,13,49,1.0,0.9782276153564453,0,0,0.0,0.0,-0.5,0.004298317711800337,0.0,-0.5885834693908691
1042,13,50,1.0,0.977260172367096,0,0,0.0,0.0,-0.5,0.005291537381708622,0.0,-0.5884523987770081
1043,13,51,1.0,0.9775894284248352,0,0,0.0,0.0,-0.5,0.003324318677186966,0.0,-0.594781756401062
1044,13,52,1.0,0.9608539938926697,0,0,0.0,0.0,-0.5,0.005810903385281563,0.0,-0.5495653748512268
1045,13,53,1.0,0.9530317783355713,0,0,0.0,0.0,-0.5,0.01032427791506052,0.0,-0.49738994240760803
1046,13,54,1.0,0.9316245317459106,0,0,0.0,0.0,-0.5,0.0073161497712135315,0.0,-0.31587180495262146
1047,13,55,1.0,0.9471904039382935,0,0,0.0,0.0,-0.5,0.008228537626564503,0.0,-0.21947549283504486
1048,13,56,1.0,1.0441514253616333,0,0,0.0,0.0,0.0,0.003343775402754545,0.0,-0.05213998258113861
1049,13,57,1.0,1.0711350440979004,0,0,0.0,0.0,0.0,0.0021829346660524607,0.0,-0.029425011947751045
1050,13,58,1.0,1.2267518043518066,0,0,0.0,0.0,0.0,-0.0010325657203793526,0.0,0.01847004145383835
1051,13,59,1.0,1.2281434535980225,0,0,0.0,0.0,0.0,-0.0008512226631864905,0.0,0.019859783351421356
1052,13,60,1.0,1.3486714363098145,0,0,0.0,0.0,0.0,0.00029959267703816295,0.0,0.0360432043671608
1053,13,61,1.0,1.348618507385254,0,0,0.0,0.0,0.0,0.0003279533120803535,0.0,0.03610784560441971
1054,13,62,2.0,1.4018231630325317,1,0,0.0,0.0,0.0,0.0006294190534390509,0.0,0.033879052847623825
1055,13,63,2.0,2.061706781387329,1,1,0.0,0.0,0.0,0.007251289673149586,0.0,0.05149818956851959
1056,13,64,2.0,2.087327480316162,1,1,0.0,0.0,0.0,0.005572848953306675,0.0,0.0463096983730793
1057,13,65,2.0,2.0472352504730225,1,1,0.0,0.0,0.0,0.010890037752687931,0.0,-0.001214336371049285
1058,13,66,2.0,2.084888458251953,1,1,0.0,0.0,0.0,0.008461211808025837,0.0,0.027991149574518204
1059,13,67,2.0,2.045571804046631,1,1,0.0,0.0,0.0,0.005517762154340744,0.0,0.011001872830092907
1060,13,68,2.0,1.721634030342102,1,1,0.0,0.0,0.0,0.006087265908718109,0.0,-0.01807728409767151
1061,13,69,1.0,1.25562584400177,0,0,0.0,0.0,0.0,0.001499483361840248,0.0,-0.09013233333826065
1062,13,70,1.0,1.0801650285720825,0,0,0.0,0.0,0.0,0.006460336036980152,0.0,-0.06771659851074219
1063,13,71,1.0,1.0001728534698486,0,0,0.0,0.0,0.0,0.010442188009619713,0.0,0.0035146025475114584
1064,13,72,1.0,0.990491509437561,0,0,0.0,0.0,0.0,0.005393204279243946,0.0,0.056592680513858795
1065,13,73,1.0,0.9772201180458069,0,0,0.0,0.0,0.0,0.004923609551042318,0.0,0.214813694357872
1066,13,74,1.0,0.9846311211585999,0,0,0.0,0.0,0.0,0.005674561019986868,0.0,0.35938432812690735
1067,13,75,1.0,0.9811303019523621,0,0,0.0,0.0,0.0,0.0049944669008255005,0.0,0.4174412190914154
1068,13,76,1.0,0.9838396310806274,0,0,0.0,0.0,0.5,0.004232032224535942,0.0,0.4387188255786896
1069,13,77,1.0,0.9757932424545288,0,0,0.0,0.0,0.5,0.0016776153352111578,0.0,0.5314710736274719
1070,13,78,1.0,0.9708401560783386,0,0,0.0,0.0,0.5,0.0021532229147851467,0.0,0.5419619083404541
1071,13,79,1.0,0.9703356623649597,0,0,0.0,0.0,0.5,5.008053267374635e-05,0.0,0.5556133389472961
1072,13,80,1.0,0.9770894050598145,0,0,0.0,0.0,0.5,-0.00016253965441137552,0.0,0.5589678287506104
1073,13,81,1.0,0.9684088826179504,0,0,0.0,0.0,0.5,0.0015957981813699007,0.0,0.561726987361908
1074,13,82,1.0,0.9696373343467712,0,0,0.0,0.0,0.5,0.001405774150043726,0.0,0.5538628101348877
1075,13,83,1.0,0.9735050201416016,0,0,0.0,0.0,0.5,0.0033699539490044117,0.0,0.5372575521469116
1076,13,84,1.0,0.9712152481079102,0,0,0.0,0.0,0.5,0.0052339970134198666,0.0,0.5440038442611694
1077,13,85,1.0,0.9757740497589111,0,0,0.0,0.0,0.5,0.006620118860155344,0.0,0.5408099889755249
1078,14,0,1.0,0.9756337404251099,0,0,0.0,0.0,0.0,-0.062462303787469864,0.0,-0.0034820123109966516
1079,14,1,1.0,0.9729329347610474,0,0,0.0,0.0,0.0,-0.07977408170700073,0.0,-0.01588783971965313
1080,14,2,1.0,0.9791487455368042,0,0,0.0,0.0,0.0,-0.07760926336050034,0.0,-0.008387702517211437
1081,14,3,1.0,0.979784369468689,0,0,0.0,0.0,0.0,-0.07243817299604416,0.0,-0.00505449902266264
1082,14,4,1.0,0.9820950627326965,0,0,0.0,0.0,0.0,-0.07747572660446167,0.0,0.003363321302458644
1083,14,5,1.0,0.9822032451629639,0,0,0.0,0.0,0.0,-0.0765446126461029,0.0,0.003960778471082449
1084,14,6,1.0,0.9836119413375854,0,0,0.0,0.0,0.0,-0.08084142953157425,0.0,0.007705369032919407
1085,14,7,1.0,0.9836422204971313,0,0,0.0,0.0,0.0,-0.08068829029798508,0.0,0.007802579551935196
1086,14,8,1.0,0.9845526218414307,0,0,0.0,0.0,0.0,-0.09421622008085251,0.0,0.009023921564221382
1087,14,9,1.0,0.9845568537712097,0,0,0.0,0.0,0.0,-0.09418889135122299,0.0,0.00904902908951044
1088,14,10,1.0,0.9830522537231445,0,0,-0.25,0.0,0.0,-0.09475777298212051,0.0,0.013338287360966206
1089,14,11,1.0,1.0175678730010986,0,0,-0.25,0.0,0.0,-0.22782845795154572,0.0,-0.020471859723329544
1090,14,12,1.0,1.0111135244369507,0,0,-0.25,0.0,0.0,-0.28251659870147705,0.0,-0.01930253766477108
1091,14,13,1.0,1.012787103652954,0,0,-0.25,0.0,0.0,-0.28475168347358704,0.0,-0.011883344501256943
1092,14,14,1.0,1.0144712924957275,0,0,-0.25,0.0,0.0,-0.27184101939201355,0.0,-0.02135682851076126
1093,14,15,1.0,1.0046372413635254,0,0,0.0,0.0,0.0,-0.2481011599302292,0.0,-0.019124483689665794
1094,14,16,1.0,0.9910035729408264,0,0,0.0,0.0,0.0,-0.0830773264169693,0.0,-0.010300210677087307
1095,14,17,1.0,1.0038570165634155,0,0,0.0,0.0,0.0,-0.02058146335184574,0.0,0.013458356261253357
1096,14,18,1.0,1.0024816989898682,0,0,0.0,0.0,0.0,-0.01544123888015747,0.0,0.014569813385605812
1097,14,19,1.0,1.0033354759216309,0,0,0.0,0.0,0.0,-0.009549515321850777,0.0,0.015944084152579308
1098,14,20,1.0,0.9977265000343323,0,0,0.0,0.0,0.0,0.005259273573756218,0.0,0.030554071068763733
1099,14,21,1.0,0.9977972507476807,0,0,0.0,0.0,0.0,0.005708916112780571,0.0,0.030971715226769447
1100,14,22,1.0,0.9972604513168335,0,0,0.0,0.0,0.0,0.0051954942755401134,0.0,0.03254054859280586
1101,14,23,1.0,0.997277021408081,0,0,-0.25,0.0,0.0,0.005262729711830616,0.0,0.03263884782791138
1102,14,24,1.0,0.9917516112327576,0,0,0.0,0.0,0.0,-0.018185358494520187,0.0,0.03374309465289116
1103,14,25,1.0,0.9955293536186218,0,0,0.0,0.0,0.0,-0.001863777986727655,0.0,0.0428488589823246
1104,14,26,1.0,0.9934900999069214,0,0,0.0,0.0,0.0,0.00253858114592731,0.0,0.018570072948932648
1105,14,27,1.0,0.9941630363464355,0,0,0.0,0.0,0.0,0.005074681714177132,0.0,0.016939757391810417
1106,14,28,1.0,0.9926007390022278,0,0,0.0,0.0,0.0,0.0025990530848503113,0.0,0.00028652045875787735
1107,14,29,1.0,0.9925983548164368,0,0,0.0,0.0,0.0,0.0029782583005726337,0.0,1.1227093636989594e-05
1108,14,30,1.0,0.9937397241592407,0,0,0.0,0.0,0.0,0.0019710150081664324,0.0,0.014188232831656933
1109,14,31,1.0,0.9937406778335571,0,0,0.0,0.0,0.0,0.0020300219766795635,0.0,0.0141785629093647
1110,14,32,1.0,0.9906784892082214,0,0,-0.25,0.0,0.0,0.005051182582974434,0.0,0.01599547453224659
1111,14,33,1.0,0.9915570020675659,0,0,0.0,0.0,0.0,-0.013596376404166222,0.0,0.06496034562587738
1112,14,34,1.0,0.9791684746742249,0,0,0.0,0.0,0.0,-0.005149312783032656,0.0,0.053725335747003555
1113,14,35,1.0,0.9808589816093445,0,0,0.0,0.0,0.0,0.00019258615793660283,0.0,0.05857047811150551
1114,14,36,1.0,0.9718711972236633,0,0,0.0,0.0,0.0,-0.0006849334458820522,0.0,-0.004136287607252598
1115,14,37,1.0,0.9723274111747742,0,0,0.0,0.0,0.0,0.0005053456989116967,0.0,-0.005368681624531746
1116,14,38,1.0,0.9807939529418945,0,0,0.0,0.0,0.0,-0.0025571638252586126,0.0,-0.13065841794013977
1117,14,39,1.0,0.9807708859443665,0,0,0.0,0.0,0.0,-0.0023605593014508486,0.0,-0.13074839115142822
1118,14,40,1.0,0.9867453575134277,0,0,0.0,0.0,0.0,-0.002772574545815587,0.0,-0.13583694398403168
1119,14,41,1.0,0.9867270588874817,0,0,0.0,0.0,-0.5,-0.00274532288312912,0.0,-0.1358266919851303
1120,14,42,1.0,0.9922146201133728,0,0,0.0,0.0,-0.5,0.0029689702205359936,0.0,-0.4970274269580841
1121,14,43,1.0,0.9735016822814941,0,0,0.0,0.0,-0.5,0.00831003300845623,0.0,-0.590973436832428
1122,14,44,1.0,0.9763963222503662,0,0,0.0,0.0,-0.5,0.007897415198385715,0.0,-0.5997342467308044
1123,14,45,1.0,0.9794127345085144,0,0,0.0,0.0,-0.5,0.00548510579392314,0.0,-0.6185089349746704
1124,14,46,1.0,0.9701071381568909,0,0,0.0,0.0,-0.5,0.008280085399746895,0.0,-0.5828198194503784
1125,14,47,1.0,0.9664852023124695,0,0,0.0,0.0,-0.5,0.007403446361422539,0.0,-0.552125871181488
1126,14,48,1.0,0.9359785318374634,0,0,0.0,0.0,-0.5,0.012982722371816635,0.0,-0.35837551951408386
1127,14,49,1.0,0.9349653720855713,0,0,0.0,0.0,-0.5,0.01089284848421812,0.0,-0.2744477093219757
1128,14,50,1.0,1.0345712900161743,0,0,0.0,0.0,-0.5,0.00536133861169219,0.0,-0.04895373061299324
1129,14,51,1.0,1.0514194965362549,0,0,0.0,0.0,0.0,0.004191265907138586,0.0,-0.03959673270583153
1130,14,52,1.0,1.182418704032898,0,0,0.0,0.0,0.0,0.00046050798846408725,0.0,0.02432706207036972
1131,14,53,1.0,1.1831773519515991,0,0,0.0,0.0,0.0,0.000565146969165653,0.0,0.025263378396630287
1132,14,54,1.0,1.2236932516098022,0,0,0.0,0.0,0.0,-0.00015017937403172255,0.0,0.025510065257549286
1133,14,55,1.0,1.223679780960083,0,0,0.0,0.0,0.0,-0.00013420660980045795,0.0,0.02557808719575405
1134,14,56,2.0,1.1803642511367798,1,0,0.0,0.0,0.0,0.0007128166616894305,0.0,0.019619205966591835
1135,14,57,2.0,2.067566156387329,1,1,0.0,0.0,0.0,0.004713785368949175,0.0,0.033443301916122437
1136,14,58,2.0,2.0882792472839355,1,1,0.0,0.0,0.0,0.005411088466644287,0.0,0.039396319538354874
1137,14,59,2.0,2.093292236328125,1,1,0.0,0.0,0.0,0.007474337704479694,0.0,0.026158731430768967
1138,14,60,2.0,2.0865306854248047,1,1,0.0,0.0,0.0,0.005643470678478479,0.0,0.02158999629318714
1139,14,61,2.0,2.0546998977661133,1,1,0.0,0.0,0.0,0.004003799054771662,0.0,0.016977684572339058
1140,14,62,2.0,1.8239374160766602,1,1,0.0,0.0,0.0,0.0009613062138669193,0.0,-0.05336957797408104
1141,14,63,1.0,1.1389137506484985,0,0,0.0,0.0,0.0,0.0027267425321042538,0.0,-0.11915630847215652
1142,14,64,1.0,0.9874436259269714,0,0,0.0,0.0,0.0,0.00219206465408206,0.0,-0.05722857639193535
1143,14,65,1.0,0.9606693983078003,0,0,0.0,0.0,0.0,0.003116003703325987,0.0,0.03794112056493759
1144,14,66,1.0,0.9624298810958862,0,0,0.0,0.0,0.0,0.004293264355510473,0.0,0.18114429712295532
1145,14,67,1.0,0.9647918343544006,0,0,0.0,0.0,0.0,0.0031494884751737118,0.0,0.2508823871612549
1146,14,68,1.0,0.9702690243721008,0,0,0.0,0.0,0.0,0.0036978302523493767,0.0,0.3259885013103485
1147,14,69,1.0,0.9756700396537781,0,0,0.0,0.0,0.0,0.004379716701805592,0.0,0.3923313021659851
1148,14,70,1.0,0.975195050239563,0,0,0.0,0.0,0.5,0.004412457812577486,0.0,0.3788183033466339
1149,14,71,1.0,0.980778694152832,0,0,0.0,0.0,0.5,0.0013400900643318892,0.0,0.5517560839653015
1150,14,72,1.0,0.9776756763458252,0,0,0.0,0.0,0.5,0.0025541577488183975,0.0,0.5527156591415405
1151,14,73,1.0,0.9779402017593384,0,0,0.0,0.0,0.5,0.0003143521607853472,0.0,0.5615556836128235
1152,14,74,1.0,0.9737856984138489,0,0,0.0,0.0,0.5,0.0008561635040678084,0.0,0.555807888507843
1153,14,75,1.0,0.9721778631210327,0,0,0.0,0.0,0.5,0.0019292542710900307,0.0,0.5528135895729065
1154,14,76,1.0,0.9723864793777466,0,0,0.0,0.0,0.5,0.0021089522633701563,0.0,0.564622700214386
1155,14,77,1.0,0.967738926410675,0,0,0.0,0.0,0.5,0.004239107482135296,0.0,0.5601374506950378
1156,14,78,1.0,0.9625720381736755,0,0,0.0,0.0,0.5,0.005694536026567221,0.0,0.561448872089386
1157,14,79,1.0,0.9607582688331604,0,0,0.0,0.0,0.5,0.007144422270357609,0.0,0.5496713519096375
1158,15,0,1.0,0.9926023483276367,0,0,0.0,0.0,0.0,0.05779996141791344,0.0,0.0018486854387447238
1159,15,1,1.0,0.9968733787536621,0,0,0.0,0.0,0.0,0.0440998375415802,0.0,-0.007491219788789749
1160,15,2,1.0,0.9912760257720947,0,0,0.0,0.0,0.0,0.04874403029680252,0.0,-0.004216577857732773
1161,15,3,1.0,0.9901798367500305,0,0,0.0,0.0,0.0,0.05263896286487579,0.0,-0.001678133150562644
1162,15,4,1.0,0.9895033836364746,0,0,0.0,0.0,0.0,0.051594097167253494,0.0,-0.001137809595093131
1163,15,5,1.0,0.9891843795776367,0,0,0.0,0.0,0.0,0.05239865183830261,0.0,-0.000615700613707304
1164,15,6,1.0,0.9852737784385681,0,0,0.0,0.0,0.0,0.05801479145884514,0.0,-0.004483586177229881
1165,15,7,1.0,0.9851803183555603,0,0,0.0,0.0,0.0,0.058192215859889984,0.0,-0.004328303039073944
1166,15,8,1.0,0.9848811030387878,0,0,0.0,0.0,0.0,0.05997762084007263,0.0,-0.004551848396658897
1167,15,9,1.0,0.9848628640174866,0,0,0.25,0.0,0.0,0.060015227645635605,0.0,-0.004510047845542431
1168,15,10,1.0,0.9802885055541992,0,0,0.25,0.0,0.0,0.20243680477142334,0.0,0.015000756829977036
1169,15,11,1.0,0.9907634258270264,0,0,0.25,0.0,0.0,0.23837970197200775,0.0,0.001425481867045164
1170,15,12,1.0,0.9869674444198608,0,0,0.25,0.0,0.0,0.24332472681999207,0.0,-0.004474748857319355
1171,15,13,1.0,0.9922443628311157,0,0,0.25,0.0,0.0,0.2473762035369873,0.0,0.0033985222689807415
1172,15,14,1.0,0.9963468909263611,0,0,0.25,0.0,0.0,0.26267263293266296,0.0,0.008229057304561138
1173,15,15,1.0,0.9963569641113281,0,0,0.25,0.0,0.0,0.2738199830055237,0.0,0.005045436788350344
1174,15,16,1.0,0.9877738356590271,0,0,0.25,0.0,0.0,0.28802502155303955,0.0,-0.004656944423913956
1175,15,17,1.0,0.9832240343093872,0,0,0.25,0.0,0.0,0.29989156126976013,0.0,-0.011832834221422672
1176,15,18,1.0,0.9845150113105774,0,0,0.25,0.0,0.0,0.2594488859176636,0.0,-0.009629033505916595
1177,15,19,1.0,0.9889450669288635,0,0,0.25,0.0,0.0,0.22091449797153473,0.0,-0.017210595309734344
1178,15,20,1.0,1.0027841329574585,0,0,0.0,0.0,0.0,0.16818788647651672,0.0,-0.01689034141600132
1179,15,21,1.0,1.0032211542129517,0,0,0.0,0.0,0.0,0.08374487608671188,0.0,-0.00607422087341547
1180,15,22,1.0,0.9925459027290344,0,0,0.0,0.0,0.0,0.037869058549404144,0.0,0.01186066772788763
1181,15,23,1.0,0.9902435541152954,0,0,0.0,0.0,0.0,0.028433172032237053,0.0,0.01181519404053688
1182,15,24,1.0,0.9824014902114868,0,0,0.0,0.0,0.0,0.023647546768188477,0.0,0.02341991476714611
1183,15,25,1.0,0.9820104241371155,0,0,0.0,0.0,0.0,0.022577786818146706,0.0,0.023463193327188492
1184,15,26,1.0,0.9818974733352661,0,0,0.0,0.0,0.0,0.021635916084051132,0.0,0.032507751137018204
1185,15,27,1.0,0.9818540215492249,0,0,0.0,0.0,0.0,0.021502865478396416,0.0,0.032424088567495346
1186,15,28,1.0,0.9848136305809021,0,0,0.25,0.0,0.0,0.021899839863181114,0.0,0.02221563085913658
1187,15,29,1.0,0.9929137229919434,0,0,0.0,0.0,0.0,0.043741222470998764,0.0,0.045632969588041306
1188,15,30,1.0,0.9861413240432739,0,0,0.0,0.0,0.0,0.014376391656696796,0.0,0.012003183364868164
1189,15,31,1.0,0.979429304599762,0,0,0.0,0.0,0.0,0.007214794866740704,0.0,0.02454434521496296
1190,15,32,1.0,0.981861412525177,0,0,0.0,0.0,0.0,0.003444809466600418,0.0,0.00605553574860096
1191,15,33,1.0,0.9815860390663147,0,0,0.0,0.0,0.0,0.0024911838117986917,0.0,0.00709827896207571
1192,15,34,1.0,0.9907004833221436,0,0,0.0,0.0,0.0,0.003014008514583111,0.0,0.060758233070373535
1193,15,35,1.0,0.9906880855560303,0,0,0.0,0.0,0.0,0.002886082511395216,0.0,0.060808103531599045
1194,15,36,1.0,0.9866924285888672,0,0,0.25,0.0,0.0,0.003148735035210848,0.0,0.03963150084018707
1195,15,37,1.0,0.986748218536377,0,0,0.0,0.0,0.0,0.030208950862288475,0.0,0.007641005329787731
1196,15,38,1.0,0.9884756803512573,0,0,0.0,0.0,0.0,0.01438148319721222,0.0,0.05340203270316124
1197,15,39,1.0,0.9848465323448181,0,0,0.0,0.0,0.0,0.008441111072897911,0.0,0.07022178173065186
1198,15,40,1.0,0.9842958450317383,0,0,0.0,0.0,0.0,0.007155555300414562,0.0,0.07938885688781738
1199,15,41,1.0,0.9840306639671326,0,0,0.0,0.0,0.0,0.006145627703517675,0.0,0.08034481853246689
1200,15,42,1.0,0.9921066164970398,0,0,0.0,0.0,0.0,0.0006555786239914596,0.0,0.014394596219062805
1201,15,43,1.0,0.9921509027481079,0,0,0.0,0.0,0.0,0.0005026707076467574,0.0,0.014384588226675987
1202,15,44,1.0,1.0009217262268066,0,0,0.0,0.0,0.0,0.0018990666139870882,0.0,-0.015836291015148163
1203,15,45,1.0,1.0009429454803467,0,0,0.0,0.0,0.0,0.001884392462670803,0.0,-0.015894634649157524
1204,15,46,1.0,1.0007545948028564,0,0,0.0,0.0,-0.5,0.0015962428878992796,0.0,-0.05869269371032715
1205,15,47,1.0,0.993593156337738,0,0,0.0,0.0,-0.5,0.01607704348862171,0.0,-0.5256897211074829
1206,15,48,1.0,1.0168824195861816,0,0,0.0,0.0,-0.5,0.012099839746952057,0.0,-0.5959607362747192
1207,15,49,1.0,0.9787912368774414,0,0,0.0,0.0,-0.5,0.01291322149336338,0.0,-0.635836124420166
1208,15,50,1.0,0.9863346815109253,0,0,0.0,0.0,-0.5,0.005977340508252382,0.0,-0.6257038712501526
1209,15,51,1.0,0.9779736995697021,0,0,0.0,0.0,-0.5,0.012071942910552025,0.0,-0.559878408908844
1210,15,52,1.0,0.9622268676757812,0,0,0.0,0.0,-0.5,0.014532975852489471,0.0,-0.48834162950515747
1211,15,53,1.0,0.950631856918335,0,0,0.0,0.0,-0.5,0.014518750831484795,0.0,-0.3735438883304596
1212,15,54,1.0,0.9787193536758423,0,0,0.0,0.0,-0.5,0.010964874178171158,0.0,-0.1771964728832245
1213,15,55,1.0,0.9749763607978821,0,0,0.0,0.0,-0.5,0.007181845605373383,0.0,-0.18981550633907318
1214,15,56,1.0,1.0638759136199951,0,0,0.0,0.0,0.0,0.006931343115866184,0.0,-0.02142874151468277
1215,15,57,1.0,1.0648256540298462,0,0,0.0,0.0,0.0,0.006936701945960522,0.0,-0.018780672922730446
1216,15,58,1.0,1.122959852218628,0,0,0.0,0.0,0.0,0.00311301089823246,0.0,0.017761385068297386
1217,15,59,1.0,1.1231627464294434,0,0,0.0,0.0,0.0,0.0031233709305524826,0.0,0.01826745830476284
1218,15,60,1.0,1.1383987665176392,0,0,0.0,0.0,0.0,0.0030099861323833466,0.0,0.02448950707912445
1219,15,61,2.0,1.138433575630188,1,0,0.0,0.0,0.0,0.003012863453477621,0.0,0.0245838426053524
1220,15,62,2.0,2.030225992202759,1,1,0.0,0.0,0.0,0.003480569925159216,0.0,0.04146512597799301
1221,15,63,2.0,2.0697641372680664,1,1,0.0,0.0,0.0,0.006489207502454519,0.0,0.015709703788161278
1222,15,64,2.0,2.0830729007720947,1,1,0.0,0.0,0.0,0.009019792079925537,0.0,0.015904860571026802
1223,15,65,2.0,2.0953798294067383,1,1,0.0,0.0,0.0,0.008329009637236595,0.0,0.021476054564118385
1224,15,66,2.0,2.0847229957580566,1,1,0.0,0.0,0.0,0.007511662319302559,0.0,0.018177369609475136
1225,15,67,2.0,2.0588459968566895,1,1,0.0,0.0,0.0,0.006393745541572571,0.0,0.012911248952150345
1226,15,68,2.0,1.5326414108276367,1,1,0.0,0.0,0.0,0.0010552273597568274,0.0,-0.052797626703977585
1227,15,69,1.0,1.0565581321716309,0,0,0.0,0.0,0.0,0.002170124091207981,0.0,-0.05321029946208
1228,15,70,1.0,0.9870954155921936,0,0,0.0,0.0,0.0,0.0007951545412652194,0.0,0.05239228904247284
1229,15,71,1.0,0.9773886799812317,0,0,0.0,0.0,0.0,0.0002438311348669231,0.0,0.0910416841506958
1230,15,72,1.0,0.9649571776390076,0,0,0.0,0.0,0.0,0.0017752060666680336,0.0,0.18697130680084229
1231,15,73,1.0,0.9617926478385925,0,0,0.0,0.0,0.0,0.0027012480422854424,0.0,0.2455359250307083
1232,15,74,1.0,0.9679975509643555,0,0,0.0,0.0,0.5,0.002003934234380722,0.0,0.31748059391975403
1233,15,75,1.0,0.9772034883499146,0,0,0.0,0.0,0.5,0.002091405214741826,0.0,0.5463396906852722
1234,15,76,1.0,0.9765734672546387,0,0,0.0,0.0,0.5,0.002038697712123394,0.0,0.5608853101730347
1235,15,77,1.0,0.979705810546875,0,0,0.0,0.0,0.5,0.0031366688199341297,0.0,0.544634222984314
1236,15,78,1.0,0.9800711870193481,0,0,0.0,0.0,0.5,0.0036680526100099087,0.0,0.550457775592804
1237,15,79,1.0,0.9733023643493652,0,0,0.0,0.0,0.5,0.0010656584054231644,0.0,0.5285841226577759
1238,15,80,1.0,0.9720792770385742,0,0,0.0,0.0,0.5,0.0035642236471176147,0.0,0.5625120997428894
1239,15,81,1.0,0.9675161838531494,0,0,0.0,0.0,0.5,0.002651598071679473,0.0,0.5699198842048645
1240,15,82,1.0,0.9607378244400024,0,0,0.0,0.0,0.5,0.005355200730264187,0.0,0.5660172700881958
1241,15,83,1.0,0.9653376340866089,0,0,0.0,0.0,0.5,0.005197891499847174,0.0,0.5619319677352905
1242,16,0,1.0,0.97198885679245,0,0,0.0,0.0,0.0,-0.03872460126876831,0.0,-0.0055192140862345695
1243,16,1,1.0,0.9705661535263062,0,0,0.0,0.0,0.0,-0.04963738098740578,0.0,-0.011857661418616772
1244,16,2,1.0,0.975551962852478,0,0,0.0,0.0,0.0,-0.04713216796517372,0.0,-0.01809256710112095
1245,16,3,1.0,0.976170539855957,0,0,0.0,0.0,0.0,-0.04411762207746506,0.0,-0.016339970752596855
1246,16,4,1.0,0.9785493612289429,0,0,0.0,0.0,0.0,-0.055027324706315994,0.0,-0.016915515065193176
1247,16,5,1.0,0.9786176681518555,0,0,0.0,0.0,0.0,-0.05450047180056572,0.0,-0.016501175239682198
1248,16,6,1.0,0.97983717918396,0,0,0.0,0.0,0.0,-0.05763685330748558,0.0,-0.00960498210042715
1249,16,7,1.0,0.9798455238342285,0,0,0.0,0.0,0.0,-0.057551536709070206,0.0,-0.00951298512518406
1250,16,8,1.0,0.9804890155792236,0,0,0.0,0.0,0.0,-0.05704309791326523,0.0,-0.010551141574978828
1251,16,9,1.0,0.9804927110671997,0,0,0.0,0.0,0.0,-0.05702784284949303,0.0,-0.010526327416300774
1252,16,10,1.0,0.9818853139877319,0,0,-0.25,0.0,0.0,-0.07731100171804428,0.0,-0.00013012392446398735
1253,16,11,1.0,0.990575909614563,0,0,-0.25,0.0,0.0,-0.17591522634029388,0.0,-0.010803045704960823
1254,16,12,1.0,1.0068371295928955,0,0,-0.25,0.0,0.0,-0.22838768362998962,0.0,-0.027149010449647903
1255,16,13,1.0,1.013959527015686,0,0,-0.25,0.0,0.0,-0.24895541369915009,0.0,-0.023552127182483673
1256,16,14,1.0,1.0164440870285034,0,0,-0.25,0.0,0.0,-0.25406306982040405,0.0,-0.03017343394458294
1257,16,15,1.0,1.0127882957458496,0,0,-0.25,0.0,0.0,-0.2666834592819214,0.0,-0.010585330426692963
1258,16,16,1.0,1.0115838050842285,0,0,-0.25,0.0,0.0,-0.2874238193035126,0.0,-0.004077239893376827
1259,16,17,1.0,1.0171120166778564,0,0,-0.25,0.0,0.0,-0.29912880063056946,0.0,2.442602999508381e-05
1260,16,18,1.0,1.0082123279571533,0,0,-0.25,0.0,0.0,-0.2972838878631592,0.0,-0.0040834201499819756
1261,16,19,1.0,1.0054752826690674,0,0,-0.25,0.0,0.0,-0.2789333462715149,0.0,3.558932803571224e-05
1262,16,20,1.0,1.0052173137664795,0,0,-0.25,0.0,0.0,-0.25008848309516907,0.0,-0.007939780130982399
1263,16,21,1.0,0.9932039976119995,0,0,-0.25,0.0,0.0,-0.20815899968147278,0.0,-0.008167569525539875
1264,16,22,1.0,0.988179087638855,0,0,0.0,0.0,0.0,-0.09846656769514084,0.0,-0.01775885559618473
1265,16,23,1.0,1.0014643669128418,0,0,0.0,0.0,0.0,-0.018814897164702415,0.0,0.014035418629646301
1266,16,24,1.0,0.986494243144989,0,0,0.0,0.0,0.0,-0.0008950683986768126,0.0,0.022828679531812668
1267,16,25,1.0,0.9880136847496033,0,0,0.0,0.0,0.0,0.0029123504646122456,0.0,0.026312410831451416
1268,16,26,1.0,0.9866693615913391,0,0,0.0,0.0,0.0,0.003557348158210516,0.0,-0.008754681795835495
1269,16,27,1.0,0.9866442084312439,0,0,0.0,0.0,0.0,0.004104929510504007,0.0,-0.008946479298174381
1270,16,28,1.0,0.9833461046218872,0,0,0.0,0.0,0.0,0.002305730478838086,0.0,-0.016571063548326492
1271,16,29,1.0,0.983333945274353,0,0,0.0,0.0,0.0,0.0023808118421584368,0.0,-0.016576172783970833
1272,16,30,1.0,0.9839093089103699,0,0,-0.25,0.0,0.0,0.0021583670750260353,0.0,-0.02309413254261017
1273,16,31,1.0,0.989445686340332,0,0,0.0,0.0,0.0,-0.014279760420322418,0.0,-0.00014585396274924278
1274,16,32,1.0,0.9812049865722656,0,0,0.0,0.0,0.0,-0.004813792649656534,0.0,0.05511177331209183
1275,16,33,1.0,0.9816534519195557,0,0,0.0,0.0,0.0,-0.0009678436908870935,0.0,0.05765317380428314
1276,16,34,1.0,0.9721035957336426,0,0,0.0,0.0,0.0,0.00020245352061465383,0.0,0.011091393418610096
1277,16,35,1.0,0.9723543524742126,0,0,0.0,0.0,0.0,0.0012255781330168247,0.0,0.009353531524538994
1278,16,36,1.0,0.9709183573722839,0,0,0.0,0.0,0.0,-0.00015972653636708856,0.0,-0.08662090450525284
1279,16,37,1.0,0.9709410667419434,0,0,0.0,0.0,0.0,8.72911186888814e-06,0.0,-0.08691861480474472
1280,16,38,1.0,0.9782342314720154,0,0,0.0,0.0,0.0,-0.0017571371281519532,0.0,-0.16096678376197815
1281,16,39,1.0,0.9782238006591797,0,0,0.0,0.0,-0.5,-0.001720445230603218,0.0,-0.16096070408821106
1282,16,40,1.0,0.9844235181808472,0,0,0.0,0.0,-0.5,0.002939279656857252,0.0,-0.48616889119148254
1283,16,41,1.0,0.9764243364334106,0,0,0.0,0.0,-0.5,0.005894196219742298,0.0,-0.5882970094680786
1284,16,42,1.0,0.9758216142654419,0,0,0.0,0.0,-0.5,0.0053815837018191814,0.0,-0.5873613357543945
1285,16,43,1.0,0.9761221408843994,0,0,0.0,0.0,-0.5,0.003077434841543436,0.0,-0.594165027141571
1286,16,44,1.0,0.9610889554023743,0,0,0.0,0.0,-0.5,0.005316535476595163,0.0,-0.5497351884841919
1287,16,45,1.0,0.9547407627105713,0,0,0.0,0.0,-0.5,0.009724737145006657,0.0,-0.5013740062713623
1288,16,46,1.0,0.9315652251243591,0,0,0.0,0.0,-0.5,0.006880390457808971,0.0,-0.3095162808895111
1289,16,47,1.0,0.9455581307411194,0,0,0.0,0.0,-0.5,0.007156144827604294,0.0,-0.21958430111408234
1290,16,48,1.0,1.0420993566513062,0,0,0.0,0.0,-0.5,0.003472458105534315,0.0,-0.05251558497548103
1291,16,49,1.0,1.0686801671981812,0,0,0.0,0.0,0.0,0.0022874155547469854,0.0,-0.02985321171581745
1292,16,50,1.0,1.2269809246063232,0,0,0.0,0.0,0.0,-0.001026153564453125,0.0,0.01837052032351494
1293,16,51,1.0,1.2283717393875122,0,0,0.0,0.0,0.0,-0.000853371515404433,0.0,0.01977044902741909
1294,16,52,1.0,1.347151756286621,0,0,0.0,0.0,0.0,0.00024902826407924294,0.0,0.034786030650138855
1295,16,53,1.0,1.3471144437789917,0,0,0.0,0.0,0.0,0.0002764375531114638,0.0,0.03485612943768501
1296,16,54,1.0,1.445495843887329,0,0,0.0,0.0,0.0,0.0009975905995815992,0.0,0.04139328375458717
1297,16,55,2.0,1.4453383684158325,1,0,0.0,0.0,0.0,0.000993196154013276,0.0,0.04133114591240883
1298,16,56,2.0,2.050302743911743,1,1,0.0,0.0,0.0,0.007660709321498871,0.0,0.05309996008872986
1299,16,57,2.0,2.082669973373413,1,1,0.0,0.0,0.0,0.00282048131339252,0.0,0.05132942646741867
1300,16,58,2.0,2.049919366836548,1,1,0.0,0.0,0.0,0.010254488326609135,0.0,0.0012208456173539162
1301,16,59,2.0,2.0945017337799072,1,1,0.0,0.0,0.0,0.007890481501817703,0.0,0.02970593236386776
1302,16,60,1.0,2.0301856994628906,0,1,0.0,0.0,0.0,0.006442502606660128,0.0,0.008462703786790371
1303,16,61,1.0,1.9515810012817383,0,1,0.0,0.0,0.0,0.006543368566781282,0.0,0.0015200668713077903
1304,16,62,1.0,1.3026001453399658,0,0,0.0,0.0,0.0,0.00204643327742815,0.0,-0.09247130900621414
1305,16,63,1.0,1.0373514890670776,0,0,0.0,0.0,0.0,0.006922148168087006,0.0,-0.04236416518688202
1306,16,64,1.0,1.0031815767288208,0,0,0.0,0.0,0.0,0.009283540770411491,0.0,-0.027566585689783096
1307,16,65,1.0,0.9786378145217896,0,0,0.0,0.0,0.0,0.006803067866712809,0.0,0.07821322977542877
1308,16,66,1.0,0.9739315509796143,0,0,0.0,0.0,0.0,0.0035510212182998657,0.0,0.17608006298542023
1309,16,67,1.0,0.9837570190429688,0,0,0.0,0.0,0.0,0.004656581673771143,0.0,0.31468987464904785
1310,16,68,1.0,0.9795842170715332,0,0,0.0,0.0,0.0,0.005056160967797041,0.0,0.4100717306137085
1311,16,69,1.0,0.989875316619873,0,0,0.0,0.0,0.5,0.005035098642110825,0.0,0.4484712481498718
1312,16,70,1.0,0.9770929217338562,0,0,0.0,0.0,0.5,0.0011656132992357016,0.0,0.5017696022987366
1313,16,71,1.0,0.9768876433372498,0,0,0.0,0.0,0.5,0.0005693147541023791,0.0,0.5063250660896301
1314,16,72,1.0,0.9711988568305969,0,0,0.0,0.0,0.5,-0.0003658370696939528,0.0,0.5611915588378906
1315,16,73,1.0,0.973499059677124,0,0,0.0,0.0,0.5,-0.001091973390430212,0.0,0.543141782283783
1316,16,74,1.0,0.9703449606895447,0,0,0.0,0.0,0.5,0.0005599452997557819,0.0,0.5513349175453186
1317,16,75,1.0,0.9725766181945801,0,0,0.0,0.0,0.5,0.0014726268127560616,0.0,0.5461353659629822
1318,16,76,1.0,0.9698059558868408,0,0,0.0,0.0,0.5,0.0030393004417419434,0.0,0.550432026386261
1319,16,77,1.0,0.9674001932144165,0,0,0.0,0.0,0.5,0.0054273419082164764,0.0,0.5489481687545776
1320,16,78,1.0,0.9747079014778137,0,0,0.0,0.0,0.5,0.006955539807677269,0.0,0.5431639552116394
1321,17,0,1.0,0.9832993745803833,0,0,0.0,0.0,0.0,0.06268157809972763,0.0,0.0064080860465765
1322,17,1,1.0,0.9922018647193909,0,0,0.0,0.0,0.0,0.03887678310275078,0.0,-0.006737058982253075
1323,17,2,1.0,0.9902389645576477,0,0,0.0,0.0,0.0,0.0510636642575264,0.0,-0.0018301464151591063
1324,17,3,1.0,0.9873016476631165,0,0,0.0,0.0,0.0,0.05971655249595642,0.0,0.0015400004340335727
1325,17,4,1.0,0.9902480244636536,0,0,0.0,0.0,0.0,0.057647500187158585,0.0,-0.005550583824515343
1326,17,5,1.0,0.9896466732025146,0,0,0.0,0.0,0.0,0.05922512337565422,0.0,-0.004889821633696556
1327,17,6,1.0,0.9879374504089355,0,0,0.0,0.0,0.0,0.06599400192499161,0.0,-0.003581105964258313
1328,17,7,1.0,0.9878249764442444,0,0,0.0,0.0,0.0,0.0663004145026207,0.0,-0.0033510138746351004
1329,17,8,1.0,0.9833307266235352,0,0,0.0,0.0,0.0,0.07309430837631226,0.0,-0.004887697286903858
1330,17,9,1.0,0.9833048582077026,0,0,0.25,0.0,0.0,0.07316315174102783,0.0,-0.004825415089726448
1331,17,10,1.0,0.9783415794372559,0,0,0.25,0.0,0.0,0.27848872542381287,0.0,0.005091467872262001
1332,17,11,1.0,0.9805290699005127,0,0,0.25,0.0,0.0,0.29731088876724243,0.0,-0.004714601673185825
1333,17,12,1.0,1.007891297340393,0,0,0.25,0.0,0.0,0.21435940265655518,0.0,0.0065550124272704124
1334,17,13,1.0,1.0164715051651,0,0,0.25,0.0,0.0,0.16660787165164948,0.0,0.008734314702451229
1335,17,14,1.0,1.0115611553192139,0,0,0.0,0.0,0.0,0.07870081812143326,0.0,0.03071511536836624
1336,17,15,1.0,1.0007272958755493,0,0,0.0,0.0,0.0,0.041529975831508636,0.0,0.05569133535027504
1337,17,16,1.0,0.9837774038314819,0,0,0.0,0.0,0.0,0.018053429201245308,0.0,0.016780614852905273
1338,17,17,1.0,0.9824047088623047,0,0,0.0,0.0,0.0,0.011917349882423878,0.0,0.019466890022158623
1339,17,18,1.0,0.9784853458404541,0,0,0.0,0.0,0.0,0.00838577188551426,0.0,0.019491098821163177
1340,17,19,1.0,0.9784314036369324,0,0,0.0,0.0,0.0,0.00780007429420948,0.0,0.019901257008314133
1341,17,20,1.0,0.980603039264679,0,0,0.0,0.0,0.0,0.007385087199509144,0.0,0.024861592799425125
1342,17,21,1.0,0.98060142993927,0,0,0.0,0.0,0.0,0.0073066167533397675,0.0,0.024774009361863136
1343,17,22,1.0,0.9799824953079224,0,0,0.0,0.0,0.0,0.007871870882809162,0.0,0.026120929047465324
1344,17,23,1.0,0.9799831509590149,0,0,0.25,0.0,0.0,0.007862960919737816,0.0,0.026054859161376953
1345,17,24,1.0,0.9941876530647278,0,0,0.0,0.0,0.0,0.029730655252933502,0.0,0.025850076228380203
1346,17,25,1.0,0.9866302609443665,0,0,0.0,0.0,0.0,0.02010342851281166,0.0,0.07938393205404282
1347,17,26,1.0,0.9764074087142944,0,0,0.0,0.0,0.0,0.0073885852470994,0.0,0.09286821633577347
1348,17,27,1.0,0.9758878350257874,0,0,0.0,0.0,0.0,0.00418756902217865,0.0,0.09460844844579697
1349,17,28,1.0,0.9792500138282776,0,0,0.0,0.0,0.0,0.0009803806897252798,0.0,-0.041228167712688446
1350,17,29,1.0,0.9792696237564087,0,0,0.0,0.0,0.0,0.00047161936527118087,0.0,-0.041270915418863297
1351,17,30,1.0,0.9933517575263977,0,0,0.0,0.0,0.0,-0.0024125350173562765,0.0,-0.1247941181063652
1352,17,31,1.0,0.9934062361717224,0,0,0.0,0.0,-0.5,-0.002487065037712455,0.0,-0.12489255517721176
1353,17,32,1.0,0.9897401332855225,0,0,0.0,0.0,-0.5,0.006715609226375818,0.0,-0.5609917044639587
1354,17,33,1.0,0.9698206186294556,0,0,0.0,0.0,-0.5,0.012335735373198986,0.0,-0.623043954372406
1355,17,34,1.0,0.9769601821899414,0,0,0.0,0.0,-0.5,0.0029907426796853542,0.0,-0.5997138023376465
1356,17,35,1.0,0.9760109186172485,0,0,0.0,0.0,-0.5,0.006785819306969643,0.0,-0.6100571751594543
1357,17,36,1.0,0.9555926322937012,0,0,0.0,0.0,-0.5,0.009477842599153519,0.0,-0.5324898362159729
1358,17,37,1.0,0.9450975060462952,0,0,0.0,0.0,-0.5,0.014868732541799545,0.0,-0.4521563947200775
1359,17,38,1.0,0.9634602665901184,0,0,0.0,0.0,-0.5,0.012919003143906593,0.0,-0.2191506028175354
1360,17,39,1.0,0.9930895566940308,0,0,0.0,0.0,-0.5,0.009948572143912315,0.0,-0.11490090191364288
1361,17,40,1.0,1.096028208732605,0,0,0.0,0.0,-0.5,0.0071472348645329475,0.0,0.004422015510499477
1362,17,41,1.0,1.1055798530578613,0,0,0.0,0.0,0.0,0.006849775090813637,0.0,0.007178805768489838
1363,17,42,1.0,1.2848033905029297,0,0,0.0,0.0,0.0,0.0031350646167993546,0.0,0.03869444131851196
1364,17,43,1.0,1.285587191581726,0,0,0.0,0.0,0.0,0.0031932289712131023,0.0,0.03955340385437012
1365,17,44,1.0,1.3980876207351685,0,0,0.0,0.0,0.0,0.0038138418458402157,0.0,0.04446646571159363
1366,17,45,2.0,1.3981925249099731,1,0,0.0,0.0,0.0,0.0038284389302134514,0.0,0.04456096142530441
1367,17,46,2.0,2.06929612159729,1,1,0.0,0.0,0.0,0.0062812333926558495,0.0,0.03484002873301506
1368,17,47,2.0,2.0709714889526367,1,1,0.0,0.0,0.0,0.005801027175039053,0.0,0.04313373193144798
1369,17,48,2.0,2.0868873596191406,1,1,0.0,0.0,0.0,0.009328837506473064,0.0,0.005355497822165489
1370,17,49,2.0,2.0744669437408447,1,1,0.0,0.0,0.0,0.005112979561090469,0.0,0.008872774429619312
1371,17,50,2.0,1.9100717306137085,1,1,0.0,0.0,0.0,0.002897569676861167,0.0,-0.008529278449714184
1372,17,51,1.0,1.3614369630813599,0,0,0.0,0.0,0.0,-0.00044303451431915164,0.0,-0.038179896771907806
1373,17,52,1.0,1.10077702999115,0,0,0.0,0.0,0.0,0.0037001916207373142,0.0,-0.05026894062757492
1374,17,53,1.0,0.9952125549316406,0,0,0.0,0.0,0.0,0.001458524726331234,0.0,-0.04003753140568733
1375,17,54,1.0,0.9807365536689758,0,0,0.0,0.0,0.0,0.0021503944881260395,0.0,0.028491217643022537
1376,17,55,1.0,0.9674769639968872,0,0,0.0,0.0,0.0,0.0025476852897554636,0.0,0.1048852801322937
1377,17,56,1.0,0.9652734398841858,0,0,0.0,0.0,0.0,0.0038167708553373814,0.0,0.15241152048110962
1378,17,57,1.0,0.9612706303596497,0,0,0.0,0.0,0.0,0.005100973416119814,0.0,0.22740474343299866
1379,17,58,1.0,0.9695779085159302,0,0,0.0,0.0,0.5,0.00469320360571146,0.0,0.3268195390701294
1380,17,59,1.0,0.9844136238098145,0,0,0.0,0.0,0.5,0.0002592598902992904,0.0,0.5415371060371399
1381,17,60,1.0,0.9763661623001099,0,0,0.0,0.0,0.5,0.0028519683983176947,0.0,0.5521821975708008
1382,17,61,1.0,0.978141725063324,0,0,0.0,0.0,0.5,0.003269753884524107,0.0,0.5390939712524414
1383,17,62,1.0,0.9802975654602051,0,0,0.0,0.0,0.5,0.0033307205885648727,0.0,0.5625720024108887
1384,17,63,1.0,0.9754493832588196,0,0,0.0,0.0,0.5,0.0026837580371648073,0.0,0.563140869140625
1385,17,64,1.0,0.9663838744163513,0,0,0.0,0.0,0.5,0.004757221322506666,0.0,0.5565692186355591
1386,17,65,1.0,0.9693033695220947,0,0,0.0,0.0,0.5,0.004514326807111502,0.0,0.5602489709854126
1387,17,66,1.0,0.959827184677124,0,0,0.0,0.0,0.5,0.0035959123633801937,0.0,0.5615763664245605
1388,17,67,1.0,0.961210310459137,0,0,0.0,0.0,0.5,0.004466146230697632,0.0,0.5635088086128235
1389,18,0,1.0,0.9926024675369263,0,0,0.0,0.0,0.0,0.05779995769262314,0.0,0.0018487455090507865
1390,18,1,1.0,0.9968734383583069,0,0,0.0,0.0,0.0,0.04409986361861229,0.0,-0.007491280324757099
1391,18,2,1.0,0.9912760853767395,0,0,0.0,0.0,0.0,0.04874403029680252,0.0,-0.004216679371893406
1392,18,3,1.0,0.9901799559593201,0,0,0.0,0.0,0.0,0.0526389442384243,0.0,-0.001678133150562644
1393,18,4,1.0,0.9895033836364746,0,0,0.0,0.0,0.0,0.05159411206841469,0.0,-0.001137839863076806
1394,18,5,1.0,0.9891843795776367,0,0,0.0,0.0,0.0,0.052398648113012314,0.0,-0.0006157080642879009
1395,18,6,1.0,0.9852738380432129,0,0,0.0,0.0,0.0,0.058014772832393646,0.0,-0.004483556374907494
1396,18,7,1.0,0.9851802587509155,0,0,0.0,0.0,0.0,0.05819224566221237,0.0,-0.004328321665525436
1397,18,8,1.0,0.9848811030387878,0,0,0.0,0.0,0.0,0.05997760593891144,0.0,-0.004551938734948635
1398,18,9,1.0,0.9848628044128418,0,0,0.0,0.0,0.0,0.060015227645635605,0.0,-0.004510066471993923
1399,18,10,1.0,0.9853599071502686,0,0,0.0,0.0,0.0,0.05984077230095863,0.0,-0.0035011803265661
1400,18,11,1.0,0.9853543043136597,0,0,0.25,0.0,0.0,0.059849418699741364,0.0,-0.0034904100466519594
1401,18,12,1.0,0.9809168577194214,0,0,0.25,0.0,0.0,0.2027367353439331,0.0,0.014988440088927746
1402,18,13,1.0,0.9928048849105835,0,0,0.25,0.0,0.0,0.23215927183628082,0.0,0.0010826957877725363
1403,18,14,1.0,0.9864744544029236,0,0,0.25,0.0,0.0,0.24381591379642487,0.0,-0.004540071822702885
1404,18,15,1.0,0.993147075176239,0,0,0.25,0.0,0.0,0.24835607409477234,0.0,-0.0002576019614934921
1405,18,16,1.0,0.9963468909263611,0,0,0.25,0.0,0.0,0.2626727223396301,0.0,0.008229469880461693
1406,18,17,1.0,0.9963572025299072,0,0,0.25,0.0,0.0,0.27382001280784607,0.0,0.005045624449849129
1407,18,18,1.0,0.9877737760543823,0,0,0.25,0.0,0.0,0.28802505135536194,0.0,-0.0046568503603339195
1408,18,19,1.0,0.9832240343093872,0,0,0.25,0.0,0.0,0.2998916208744049,0.0,-0.011832657270133495
1409,18,20,1.0,0.9845150113105774,0,0,0.25,0.0,0.0,0.2594488859176636,0.0,-0.00962889101356268
1410,18,21,1.0,0.9889450669288635,0,0,0.25,0.0,0.0,0.22091445326805115,0.0,-0.01721038855612278
1411,18,22,1.0,1.0027841329574585,0,0,0.0,0.0,0.0,0.16818790137767792,0.0,-0.016890261322259903
1412,18,23,1.0,1.0032211542129517,0,0,0.0,0.0,0.0,0.08374475687742233,0.0,-0.006073988974094391
1413,18,24,1.0,0.9925458431243896,0,0,0.0,0.0,0.0,0.03786902502179146,0.0,0.011860739439725876
1414,18,25,1.0,0.9902433753013611,0,0,0.0,0.0,0.0,0.028433144092559814,0.0,0.01181524246931076
1415,18,26,1.0,0.982401430606842,0,0,0.0,0.0,0.0,0.023647526279091835,0.0,0.023419836536049843
1416,18,27,1.0,0.9820104837417603,0,0,0.0,0.0,0.0,0.022577781230211258,0.0,0.023463208228349686
1417,18,28,1.0,0.9818974733352661,0,0,0.0,0.0,0.0,0.021635882556438446,0.0,0.03250774368643761
1418,18,29,1.0,0.9818539619445801,0,0,0.25,0.0,0.0,0.02150280773639679,0.0,0.03242414817214012
1419,18,30,1.0,0.978949248790741,0,0,0.0,0.0,0.0,0.027765316888689995,0.0,-0.0003982218913733959
1420,18,31,1.0,0.9790434837341309,0,0,0.0,0.0,0.0,0.01280326396226883,0.0,0.00974858459085226
1421,18,32,1.0,0.9878061413764954,0,0,0.0,0.0,0.0,0.006948898546397686,0.0,0.030723098665475845
1422,18,33,1.0,0.9869533777236938,0,0,0.0,0.0,0.0,0.004315107595175505,0.0,0.03819460794329643
1423,18,34,1.0,0.9915568828582764,0,0,0.0,0.0,0.0,0.003104313276708126,0.0,0.05679319053888321
1424,18,35,1.0,0.9915196299552917,0,0,0.0,0.0,0.0,0.002753988141193986,0.0,0.057058822363615036
1425,18,36,1.0,0.9896111488342285,0,0,0.0,0.0,0.0,0.0026123255956918,0.0,0.05906953290104866
1426,18,37,1.0,0.9896138310432434,0,0,0.0,0.0,0.0,0.002568882657214999,0.0,0.059040166437625885
1427,18,38,1.0,0.9855037331581116,0,0,0.0,0.0,-0.5,0.0028740460984408855,0.0,0.033756572753190994
1428,18,39,1.0,0.9909287095069885,0,0,0.0,0.0,-0.5,0.011796682141721249,0.0,-0.5133422017097473
1429,18,40,1.0,0.986308753490448,0,0,0.0,0.0,-0.5,0.014241296797990799,0.0,-0.6228833794593811
1430,18,41,1.0,0.9829123616218567,0,0,0.0,0.0,-0.5,0.015630150213837624,0.0,-0.6564306020736694
1431,18,42,1.0,0.9831091165542603,0,0,0.0,0.0,-0.5,0.01497049629688263,0.0,-0.6479738354682922
1432,18,43,1.0,0.9943132400512695,0,0,0.0,0.0,-0.5,0.01016990840435028,0.0,-0.6201105713844299
1433,18,44,1.0,0.9647552967071533,0,0,0.0,0.0,-0.5,0.013379371725022793,0.0,-0.5160588026046753
1434,18,45,1.0,0.959229588508606,0,0,0.0,0.0,-0.5,0.011615549214184284,0.0,-0.4152531027793884
1435,18,46,1.0,0.9599633812904358,0,0,0.0,0.0,-0.5,0.007658686488866806,0.0,-0.21238131821155548
1436,18,47,1.0,0.9582785367965698,0,0,0.0,0.0,-0.5,0.005630353465676308,0.0,-0.22779510915279388
1437,18,48,1.0,1.0639537572860718,0,0,0.0,0.0,0.0,0.004436246119439602,0.0,-0.010744314640760422
1438,18,49,1.0,1.0648832321166992,0,0,0.0,0.0,0.0,0.004414588678628206,0.0,-0.008065568283200264
1439,18,50,1.0,1.1074368953704834,0,0,0.0,0.0,0.0,0.005131047684699297,0.0,0.019474666565656662
1440,18,51,1.0,1.1076502799987793,0,0,0.0,0.0,0.0,0.00515320897102356,0.0,0.019990861415863037
1441,18,52,1.0,1.1810076236724854,0,0,0.0,0.0,0.0,0.0015676007606089115,0.0,0.037435904145240784
1442,18,53,2.0,1.181039810180664,1,0,0.0,0.0,0.0,0.0015720333904027939,0.0,0.03751898929476738
1443,18,54,2.0,2.0521225929260254,1,1,0.0,0.0,0.0,0.004721736069768667,0.0,0.03458056598901749
1444,18,55,2.0,2.082087755203247,1,1,0.0,0.0,0.0,0.007683730684220791,0.0,0.026661161333322525
1445,18,56,2.0,2.087602138519287,1,1,0.0,0.0,0.0,0.008088885806500912,0.0,0.016914937645196915
1446,18,57,2.0,2.0963473320007324,1,1,0.0,0.0,0.0,0.007497263140976429,0.0,0.019867340102791786
1447,18,58,1.0,2.0633656978607178,0,1,0.0,0.0,0.0,0.004472673870623112,0.0,0.011898789554834366
1448,18,59,1.0,2.0032901763916016,0,1,0.0,0.0,0.0,0.003418129403144121,0.0,-0.0015093248803168535
1449,18,60,1.0,1.1929869651794434,0,0,0.0,0.0,0.0,0.00035718519939109683,0.0,-0.03787728771567345
1450,18,61,1.0,1.0343208312988281,0,0,0.0,0.0,0.0,0.0007564969710074365,0.0,-0.036402665078639984
1451,18,62,1.0,0.9776731133460999,0,0,0.0,0.0,0.0,0.001432772958651185,0.0,0.08493421971797943
1452,18,63,1.0,0.9691448211669922,0,0,0.0,0.0,0.0,0.002417907351627946,0.0,0.13403193652629852
1453,18,64,1.0,0.9662715792655945,0,0,0.0,0.0,0.0,0.0028358744457364082,0.0,0.18153409659862518
1454,18,65,1.0,0.9632818102836609,0,0,0.0,0.0,0.5,0.0032671159133315086,0.0,0.22358103096485138
1455,18,66,1.0,0.9756470918655396,0,0,0.0,0.0,0.5,0.002139281714335084,0.0,0.5051611065864563
1456,18,67,1.0,0.9766868948936462,0,0,0.0,0.0,0.5,0.0007595933857373893,0.0,0.5395596027374268
1457,18,68,1.0,0.9758325815200806,0,0,0.0,0.0,0.5,0.005985214840620756,0.0,0.5446067452430725
1458,18,69,1.0,0.9832442402839661,0,0,0.0,0.0,0.5,0.002917196601629257,0.0,0.5511195063591003
1459,18,70,1.0,0.9684894680976868,0,0,0.0,0.0,0.5,0.005533949937671423,0.0,0.54255211353302
1460,18,71,1.0,0.9690057635307312,0,0,0.0,0.0,0.5,0.0041857436299324036,0.0,0.5641503930091858
1461,18,72,1.0,0.9662719964981079,0,0,0.0,0.0,0.5,0.005066551733762026,0.0,0.5728010535240173
1462,18,73,1.0,0.9650347828865051,0,0,0.0,0.0,0.5,0.004125804640352726,0.0,0.5649949908256531
1463,18,74,1.0,0.9601238965988159,0,0,0.0,0.0,0.5,0.0034862468019127846,0.0,0.5571311116218567
1464,19,0,1.0,0.9756336808204651,0,0,0.0,0.0,0.0,-0.06246229633688927,0.0,-0.003481942927464843
1465,19,1,1.0,0.9729329347610474,0,0,0.0,0.0,0.0,-0.07977404445409775,0.0,-0.015887852758169174
1466,19,2,1.0,0.9791487455368042,0,0,0.0,0.0,0.0,-0.07760923355817795,0.0,-0.008387782610952854
1467,19,3,1.0,0.9797844290733337,0,0,0.0,0.0,0.0,-0.07243818044662476,0.0,-0.005054503679275513
1468,19,4,1.0,0.9820951223373413,0,0,0.0,0.0,0.0,-0.07747570425271988,0.0,0.003363328753039241
1469,19,5,1.0,0.9822031855583191,0,0,0.0,0.0,0.0,-0.07654464989900589,0.0,0.003960757981985807
1470,19,6,1.0,0.983612060546875,0,0,0.0,0.0,0.0,-0.08084146678447723,0.0,0.00770541001111269
1471,19,7,1.0,0.9836422801017761,0,0,0.0,0.0,0.0,-0.08068829029798508,0.0,0.007802617736160755
1472,19,8,1.0,0.9845526218414307,0,0,0.0,0.0,0.0,-0.09421619772911072,0.0,0.009023837745189667
1473,19,9,1.0,0.9845569729804993,0,0,0.0,0.0,0.0,-0.09418889880180359,0.0,0.00904906541109085
1474,19,10,1.0,0.9836108684539795,0,0,0.0,0.0,0.0,-0.0905429869890213,0.0,0.0046142637729644775
1475,19,11,1.0,0.9836113452911377,0,0,-0.25,0.0,0.0,-0.09053825587034225,0.0,0.0046183206140995026
1476,19,12,1.0,1.014772891998291,0,0,-0.25,0.0,0.0,-0.2681336998939514,0.0,-0.0004339336883276701
1477,19,13,1.0,1.0114530324935913,0,0,-0.25,0.0,0.0,-0.2936861217021942,0.0,-0.009137826040387154
1478,19,14,1.0,1.0173373222351074,0,0,-0.25,0.0,0.0,-0.28454917669296265,0.0,-0.016185898333787918
1479,19,15,1.0,0.9997247457504272,0,0,-0.25,0.0,0.0,-0.2405538558959961,0.0,-0.0169442817568779
1480,19,16,1.0,0.9771498441696167,0,0,-0.25,0.0,0.0,-0.17322073876857758,0.0,-0.03074861504137516
1481,19,17,1.0,0.9900685548782349,0,0,0.0,0.0,0.0,-0.08708017319440842,0.0,0.011794134974479675
1482,19,18,1.0,0.9935125112533569,0,0,0.0,0.0,0.0,-0.012719613499939442,0.0,0.030440345406532288
1483,19,19,1.0,0.990159273147583,0,0,0.0,0.0,0.0,0.004053974989801645,0.0,0.03895285353064537
1484,19,20,1.0,0.9936098456382751,0,0,0.0,0.0,0.0,0.006655361503362656,0.0,0.007737550884485245
1485,19,21,1.0,0.9931303858757019,0,0,0.0,0.0,0.0,0.00858080293983221,0.0,0.004266534466296434
1486,19,22,1.0,0.992572009563446,0,0,0.0,0.0,0.0,0.003396861720830202,0.0,0.011807222850620747
1487,19,23,1.0,0.9925609230995178,0,0,0.0,0.0,0.0,0.0036281137727200985,0.0,0.011808795854449272
1488,19,24,1.0,0.9945956468582153,0,0,0.0,0.0,0.0,0.0031350646167993546,0.0,0.010797359980642796
1489,19,25,1.0,0.9945887923240662,0,0,-0.25,0.0,0.0,0.0031716879457235336,0.0,0.010822451673448086
1490,19,26,1.0,0.9843412041664124,0,0,0.0,0.0,0.0,-0.01610436849296093,0.0,0.03461778908967972
1491,19,27,1.0,0.9855262041091919,0,0,0.0,0.0,0.0,-0.005249871406704187,0.0,0.04077478498220444
1492,19,28,1.0,0.976793646812439,0,0,0.0,0.0,0.0,-0.0014453788753598928,0.0,0.04710802435874939
1493,19,29,1.0,0.9780352711677551,0,0,0.0,0.0,0.0,0.001231171889230609,0.0,0.0411018431186676
1494,19,30,1.0,0.9731618762016296,0,0,0.0,0.0,0.0,-0.002078516175970435,0.0,-0.05738527700304985
1495,19,31,1.0,0.9733198285102844,0,0,0.0,0.0,0.0,-0.001595466397702694,0.0,-0.057796161621809006
1496,19,32,1.0,0.9873049259185791,0,0,0.0,0.0,0.0,-0.002593598561361432,0.0,-0.13784801959991455
1497,19,33,1.0,0.9872803688049316,0,0,0.0,0.0,0.0,-0.002522202907130122,0.0,-0.13785575330257416
1498,19,34,1.0,0.9782553315162659,0,0,0.0,0.0,-0.5,-0.0009202894871123135,0.0,-0.1083592027425766
1499,19,35,1.0,0.9881095886230469,0,0,0.0,0.0,-0.5,0.008149977773427963,0.0,-0.5090105533599854
1500,19,36,1.0,0.986780047416687,0,0,0.0,0.0,-0.5,0.0066204131580889225,0.0,-0.6029860973358154
1501,19,37,1.0,0.9794285297393799,0,0,0.0,0.0,-0.5,0.0075248833745718,0.0,-0.6387999057769775
1502,19,38,1.0,0.9760972261428833,0,0,0.0,0.0,-0.5,0.008171908557415009,0.0,-0.6146709322929382
1503,19,39,1.0,0.9798040986061096,0,0,0.0,0.0,-0.5,0.004060993902385235,0.0,-0.5908585786819458
1504,19,40,1.0,0.9571642875671387,0,0,0.0,0.0,-0.5,0.00967054720968008,0.0,-0.5061595439910889
1505,19,41,1.0,0.9460352659225464,0,0,0.0,0.0,-0.5,0.01055820845067501,0.0,-0.4092673361301422
1506,19,42,1.0,0.9606294631958008,0,0,0.0,0.0,-0.5,0.003859688062220812,0.0,-0.16622380912303925
1507,19,43,1.0,0.975162148475647,0,0,0.0,0.0,0.0,0.004759601317346096,0.0,-0.1185358464717865
1508,19,44,1.0,1.129913091659546,0,0,0.0,0.0,0.0,0.0024574261624366045,0.0,0.0048336004838347435
1509,19,45,1.0,1.1448469161987305,0,0,0.0,0.0,0.0,0.0018531351815909147,0.0,0.01338121760636568
1510,19,46,1.0,1.1963008642196655,0,0,0.0,0.0,0.0,0.0012177522294223309,0.0,0.0229765884578228
1511,19,47,1.0,1.196542739868164,0,0,0.0,0.0,0.0,0.0012704781256616116,0.0,0.0233076773583889
1512,19,48,1.0,1.219895362854004,0,0,0.0,0.0,0.0,-0.0005000319215469062,0.0,0.029999257996678352
1513,19,49,2.0,1.2197788953781128,1,0,0.0,0.0,0.0,-0.0004970922600477934,0.0,0.029958104714751244
1514,19,50,2.0,2.0665149688720703,1,1,0.0,0.0,0.0,0.0067246705293655396,0.0,0.0327034555375576
1515,19,51,2.0,2.099417209625244,1,1,0.0,0.0,0.0,0.005833770614117384,0.0,0.04124445840716362
1516,19,52,2.0,2.094712972640991,1,1,0.0,0.0,0.0,0.009469051845371723,0.0,0.025093603879213333
1517,19,53,2.0,2.0947577953338623,1,1,0.0,0.0,0.0,0.006958956830203533,0.0,0.024920526891946793
1518,19,54,2.0,2.003180742263794,1,1,0.0,0.0,0.0,0.001674250466749072,0.0,0.01045440323650837
1519,19,55,2.0,1.7894150018692017,1,1,0.0,0.0,0.0,0.000846833165269345,0.0,-0.054901596158742905
1520,19,56,1.0,1.193655252456665,0,0,0.0,0.0,0.0,-6.1076716519892216e-06,0.0,-0.13170959055423737
1521,19,57,1.0,0.967816174030304,0,0,0.0,0.0,0.0,0.0022628565784543753,0.0,-0.018287992104887962
1522,19,58,1.0,0.9632322192192078,0,0,0.0,0.0,0.0,0.0033838278613984585,0.0,0.07071372121572495
1523,19,59,1.0,0.9617370367050171,0,0,0.0,0.0,0.0,0.003889120649546385,0.0,0.18812590837478638
1524,19,60,1.0,0.9652884006500244,0,0,0.0,0.0,0.0,0.0033729486167430878,0.0,0.28977954387664795
1525,19,61,1.0,0.967266857624054,0,0,0.0,0.0,0.0,0.004502980969846249,0.0,0.3287729024887085
1526,19,62,1.0,0.9753762483596802,0,0,0.0,0.0,0.5,0.004930554889142513,0.0,0.3891143202781677
1527,19,63,1.0,0.9820367693901062,0,0,0.0,0.0,0.5,0.0009468882926739752,0.0,0.5473610162734985
1528,19,64,1.0,0.9768862724304199,0,0,0.0,0.0,0.5,0.00277031771838665,0.0,0.5489827990531921
1529,19,65,1.0,0.9765617251396179,0,0,0.0,0.0,0.5,0.0012671004515141249,0.0,0.5656910538673401
1530,19,66,1.0,0.9742263555526733,0,0,0.0,0.0,0.5,0.002153129316866398,0.0,0.5525766611099243
1531,19,67,1.0,0.9687585234642029,0,0,0.0,0.0,0.5,0.001966825919225812,0.0,0.5499588847160339
1532,19,68,1.0,0.9720858335494995,0,0,0.0,0.0,0.5,0.0017929663881659508,0.0,0.5665473341941833
1533,19,69,1.0,0.967818021774292,0,0,0.0,0.0,0.5,0.005631207954138517,0.0,0.5593906044960022
1534,19,70,1.0,0.9620449542999268,0,0,0.0,0.0,0.5,0.005440646782517433,0.0,0.5625768303871155
1535,19,71,1.0,0.9645718336105347,0,0,0.0,0.0,0.5,0.006482365075498819,0.0,0.5508156418800354
