dataset_index,episode_index,frame_index,target_gripper,predicted_gripper,target_is_close,predicted_is_close,target_delta_x,target_delta_y,target_delta_z,predicted_delta_x,predicted_delta_y,predicted_delta_z
0,0,0,1.0,0.9780440330505371,0,0,0.0,0.0,0.0,0.0,-0.18513354659080505,-0.00808426458388567
1,0,1,1.0,0.9782489538192749,0,0,0.0,0.0,0.0,0.0,-0.18852365016937256,-0.011880113743245602
2,0,2,1.0,0.9791197180747986,0,0,0.0,0.0,0.0,0.0,-0.19183437526226044,-0.006781435571610928
3,0,3,1.0,0.9790899157524109,0,0,0.0,0.0,0.0,0.0,-0.1917273998260498,-0.005214695818722248
4,0,4,1.0,0.9775616526603699,0,0,0.0,0.0,0.0,0.0,-0.19116665422916412,-0.0038936762139201164
5,0,5,1.0,0.9775411486625671,0,0,0.0,0.0,0.0,0.0,-0.19114023447036743,-0.003539123572409153
6,0,6,1.0,0.9793412685394287,0,0,0.0,0.0,0.0,0.0,-0.1906605213880539,-0.002024979330599308
7,0,7,1.0,0.9793519973754883,0,0,0.0,0.0,0.0,0.0,-0.1906561404466629,-0.0019416147843003273
8,0,8,1.0,0.9793853759765625,0,0,0.0,0.0,0.0,0.0,-0.1879562884569168,-0.0004619453102350235
9,0,9,1.0,0.9793897271156311,0,0,0.0,0.0,0.0,0.0,-0.18795466423034668,-0.0004402110353112221
10,0,10,1.0,0.9799367189407349,0,0,0.0,0.0,0.0,0.0,-0.1877175122499466,-0.000880836509168148
11,0,11,1.0,0.9799379110336304,0,0,0.0,0.0,0.0,0.0,-0.187717005610466,-0.000875602476298809
12,0,12,1.0,0.9799386262893677,0,0,0.0,0.0,0.0,0.0,-0.18771681189537048,-0.0008729426190257072
13,0,13,1.0,0.9799390435218811,0,0,0.0,0.0,0.0,0.0,-0.18771660327911377,-0.0008716834709048271
14,0,14,1.0,0.9799392223358154,0,0,0.0,0.0,0.0,0.0,-0.1877164989709854,-0.0008710222318768501
15,0,15,1.0,0.979939341545105,0,0,0.0,0.0,0.0,0.0,-0.18771646916866302,-0.0008707186207175255
16,0,16,1.0,0.979939341545105,0,0,0.0,0.0,0.0,0.0,-0.1877164989709854,-0.0008705863729119301
17,0,17,1.0,0.9799394607543945,0,0,0.0,0.0,0.0,0.0,-0.1877165287733078,-0.0008704056963324547
18,0,18,1.0,0.9799394011497498,0,0,0.0,0.0,0.0,0.0,-0.1877165287733078,-0.0008703647181391716
19,0,19,1.0,0.9799394607543945,0,0,0.0,0.0,0.0,0.0,-0.1877164989709854,-0.0008703628554940224
20,0,20,1.0,0.9799395203590393,0,0,0.0,0.0,0.0,0.0,-0.1877165287733078,-0.0008703237399458885
21,0,21,1.0,0.9799394011497498,0,0,0.0,0.0,0.0,0.0,-0.18771646916866302,-0.000870400108397007
22,0,22,1.0,0.9799394011497498,0,0,0.0,0.0,0.0,0.0,-0.18771648406982422,-0.0008703703060746193
23,0,23,1.0,0.9799394607543945,0,0,0.0,0.0,0.0,0.0,-0.18771646916866302,-0.0008703572675585747
24,0,24,1.0,0.9799394607543945,0,0,0.0,0.0,0.0,0.0,-0.18771646916866302,-0.0008703144267201424
25,0,25,1.0,0.979939341545105,0,0,0.0,0.0,0.0,0.0,-0.18771645426750183,-0.0008703703060746193
26,0,26,1.0,0.9799394011497498,0,0,0.0,0.0,0.0,0.0,-0.18771646916866302,-0.0008702808991074562
27,0,27,1.0,0.9799394607543945,0,0,0.0,0.0,0.0,0.0,-0.18771645426750183,-0.0008703628554940224
28,0,28,1.0,0.9780904650688171,0,0,0.0,-0.25,0.0,0.0,-0.19100120663642883,-0.0032774535939097404
29,0,29,1.0,0.969851016998291,0,0,0.0,-0.25,0.0,0.0,-0.23106072843074799,-0.0052292561158537865
30,0,30,1.0,0.9760680198669434,0,0,0.0,-0.25,0.0,0.0,-0.24072164297103882,-0.0030521349981427193
31,0,31,1.0,0.9730531573295593,0,0,0.0,-0.25,0.0,0.0,-0.2449984848499298,-0.011074998416006565
32,0,32,1.0,0.974744439125061,0,0,0.0,-0.25,0.0,0.0,-0.2501462697982788,-0.019688386470079422
33,0,33,1.0,0.9739766120910645,0,0,0.0,-0.25,0.0,0.0,-0.2550724446773529,-0.023140884935855865
34,0,34,1.0,0.9721415042877197,0,0,0.0,-0.25,0.0,0.0,-0.2584715485572815,-0.016661155968904495
35,0,35,1.0,0.9761520028114319,0,0,0.0,-0.25,0.0,0.0,-0.2636340856552124,-0.022313572466373444
36,0,36,1.0,0.9709475040435791,0,0,0.0,-0.25,0.0,0.0,-0.26816824078559875,-0.012198642827570438
37,0,37,1.0,0.9726881980895996,0,0,0.0,-0.25,0.0,0.0,-0.27260372042655945,-0.013575288467109203
38,0,38,1.0,0.9721202850341797,0,0,0.0,-0.25,0.0,0.0,-0.2723510265350342,-0.0074574025347828865
39,0,39,1.0,0.9775334000587463,0,0,0.0,-0.25,0.0,0.0,-0.26714208722114563,-0.02306320145726204
40,0,40,1.0,0.9834163784980774,0,0,0.0,-0.25,0.0,0.0,-0.24582014977931976,-0.021431419998407364
41,0,41,1.0,0.9918802380561829,0,0,0.0,0.0,0.0,0.0,-0.19920334219932556,-0.025164786726236343
42,0,42,1.0,1.0027934312820435,0,0,0.0,0.0,0.0,0.0,-0.09411953389644623,-0.017578504979610443
43,0,43,1.0,1.001915454864502,0,0,0.0,0.0,0.0,0.0,-0.045535244047641754,-0.016728829592466354
44,0,44,1.0,1.0086026191711426,0,0,0.0,0.0,0.0,0.0,-0.014123637229204178,-0.008775423280894756
45,0,45,1.0,1.008421778678894,0,0,0.0,0.0,0.0,0.0,-0.010659058578312397,-0.007487480528652668
46,0,46,1.0,1.0078340768814087,0,0,0.0,0.0,0.0,0.0,-0.03269154205918312,-0.005530509166419506
47,0,47,1.0,1.0077216625213623,0,0,0.0,0.0,0.0,0.0,-0.03201856464147568,-0.005206639878451824
48,0,48,1.0,1.0097187757492065,0,0,0.0,0.0,0.0,0.0,-0.02129596285521984,-0.007116143591701984
49,0,49,1.0,1.0097100734710693,0,0,0.0,0.0,0.0,0.0,-0.021139245480298996,-0.006996669806540012
50,0,50,1.0,1.0097906589508057,0,0,0.0,0.0,0.0,0.0,-0.02495899610221386,-0.006477781571447849
51,0,51,1.0,1.0097862482070923,0,0,0.0,-0.25,0.0,0.0,-0.02491597831249237,-0.0064524197950959206
52,0,52,1.0,1.0118049383163452,0,0,0.0,0.0,0.0,0.0,-0.037371039390563965,-0.0033480925485491753
53,0,53,1.0,1.0086450576782227,0,0,0.0,0.0,0.0,0.0,-0.007498736958950758,-0.01097171101719141
54,0,54,1.0,1.0060869455337524,0,0,0.0,0.0,0.0,0.0,-0.011974544264376163,-0.010713334195315838
55,0,55,1.0,1.006501317024231,0,0,0.0,0.0,0.0,0.0,-0.00880980584770441,-0.006708909757435322
56,0,56,1.0,1.0041682720184326,0,0,0.0,0.0,0.0,0.0,-0.002438916824758053,-0.015207725577056408
57,0,57,1.0,1.0040618181228638,0,0,0.0,0.0,0.0,0.0,-0.002152453176677227,-0.015158806927502155
58,0,58,1.0,1.005664587020874,0,0,0.0,0.0,0.0,0.0,-0.0040303380228579044,-0.017084721475839615
59,0,59,1.0,1.0056449174880981,0,0,0.0,-0.25,0.0,0.0,-0.003966018091887236,-0.017010532319545746
60,0,60,1.0,1.0085347890853882,0,0,0.0,0.0,0.0,0.0,-0.003334362292662263,0.014433483593165874
61,0,61,1.0,1.0017720460891724,0,0,0.0,0.0,0.0,0.0,0.0012310907477512956,0.01223619282245636
62,0,62,1.0,0.9940080046653748,0,0,0.0,0.0,0.0,0.0,-0.0009995317086577415,0.006598576903343201
63,0,63,1.0,0.9939907789230347,0,0,0.0,0.0,0.0,0.0,-0.000346211512805894,0.00920522678643465
64,0,64,1.0,0.990241289138794,0,0,0.0,0.0,0.0,0.0,-0.0041160001419484615,-0.02415410801768303
65,0,65,1.0,0.9901129603385925,0,0,0.0,0.0,0.0,0.0,-0.003911755979061127,-0.02432170882821083
66,0,66,1.0,0.9911224246025085,0,0,0.0,0.0,0.0,0.0,-0.0069419038482010365,-0.012205357663333416
67,0,67,1.0,0.9911030530929565,0,0,0.0,0.0,-0.5,0.0,-0.006891779135912657,-0.012153484858572483
68,0,68,1.0,0.9437729716300964,0,0,0.0,0.0,-0.5,0.0,0.013701903633773327,-0.3043205738067627
69,0,69,1.0,0.897587239742279,0,0,0.0,0.0,-0.5,0.0,0.015101948752999306,-0.41663041710853577
70,0,70,1.0,0.8823277950286865,0,0,0.0,0.0,-0.5,0.0,0.013089636340737343,-0.44922685623168945
71,0,71,1.0,0.8825110793113708,0,0,0.0,0.0,-0.5,0.0,0.007645713165402412,-0.4115550220012665
72,0,72,1.0,0.9387061595916748,0,0,0.0,0.0,-0.5,0.0,0.0028189034201204777,-0.36804717779159546
73,0,73,1.0,1.0638399124145508,0,0,0.0,0.0,-0.5,0.0,0.0005394691834226251,-0.28481677174568176
74,0,74,1.0,1.2062833309173584,0,0,0.0,0.0,-0.5,0.0,0.0015631476417183876,-0.19213783740997314
75,0,75,1.0,1.3917820453643799,0,0,0.0,0.0,-0.5,0.0,-0.0014830792788416147,-0.15811048448085785
76,0,76,1.0,1.5314664840698242,0,1,0.0,0.0,-0.5,0.0,-0.0037744794972240925,-0.10631008446216583
77,0,77,1.0,1.5410726070404053,0,1,0.0,0.0,-0.5,0.0,-0.0025123015511780977,-0.10751907527446747
78,0,78,1.0,1.6197298765182495,0,1,0.0,0.0,0.0,0.0,-0.0025159164797514677,-0.07827779650688171
79,0,79,1.0,1.6204251050949097,0,1,0.0,0.0,0.0,0.0,-0.0025505677331238985,-0.07806379348039627
80,0,80,2.0,1.6570086479187012,1,1,0.0,0.0,0.0,0.0,-0.004219474270939827,-0.07329842448234558
81,0,81,2.0,1.822242259979248,1,1,0.0,0.0,0.0,0.0,-0.002183835254982114,-0.04768744111061096
82,0,82,2.0,1.9054356813430786,1,1,0.0,0.0,0.0,0.0,-0.004025508649647236,-0.013270770199596882
83,0,83,2.0,1.9528826475143433,1,1,0.0,0.0,0.0,0.0,-0.0052644032984972,-0.016447436064481735
84,0,84,2.0,1.9673917293548584,1,1,0.0,0.0,0.0,0.0,-0.003719543805345893,-0.008519885130226612
85,0,85,2.0,1.9854929447174072,1,1,0.0,0.0,0.0,0.0,-0.0031282654963433743,-0.011461579240858555
86,0,86,2.0,1.6461398601531982,1,1,0.0,0.0,0.0,0.0,-0.0074402643367648125,-0.024165183305740356
87,0,87,2.0,1.6846742630004883,1,1,0.0,0.0,0.0,0.0,-0.005203292239457369,-0.030391812324523926
88,0,88,2.0,1.6328656673431396,1,1,0.0,0.0,0.0,0.0,-0.00505054323002696,-0.030158191919326782
89,0,89,2.0,1.6278135776519775,1,1,0.0,0.0,0.0,0.0,-0.0045058270916342735,-0.0306701697409153
90,0,90,2.0,1.5461684465408325,1,1,0.0,0.0,0.0,0.0,-0.004470508545637131,-0.023464646190404892
91,0,91,2.0,1.5428359508514404,1,1,0.0,0.0,0.0,0.0,-0.0041906158439815044,-0.023773543536663055
92,0,92,1.0,1.4115792512893677,0,0,0.0,0.0,0.0,0.0,-0.0029697290156036615,-0.015014504082500935
93,0,93,1.0,1.4090558290481567,0,0,0.0,0.0,0.0,0.0,-0.00285435002297163,-0.015079629607498646
94,0,94,1.0,1.3961970806121826,0,0,0.0,0.0,0.0,0.0,-0.0019652480259537697,-0.013783951289951801
95,0,95,1.0,1.3951749801635742,0,0,0.0,0.0,0.5,0.0,-0.0019267031457275152,-0.013743213377892971
96,0,96,1.0,1.3841793537139893,0,0,0.0,0.0,0.5,0.0,0.0039646378718316555,-0.03205312788486481
97,0,97,1.0,0.9923344850540161,0,0,0.0,0.0,0.5,0.0,0.004360208287835121,0.47601592540740967
98,0,98,1.0,0.9966366291046143,0,0,0.0,0.0,0.5,0.0,0.002109547145664692,0.5266669392585754
99,0,99,1.0,0.9981415867805481,0,0,0.0,0.0,0.5,0.0,0.0012828388717025518,0.5353459715843201
100,0,100,1.0,0.9988190531730652,0,0,0.0,0.0,0.5,0.0,0.0014233014080673456,0.5433120131492615
101,0,101,1.0,1.0013502836227417,0,0,0.0,0.0,0.5,0.0,0.0017309471732005477,0.5483319759368896
102,0,102,1.0,1.0004758834838867,0,0,0.0,0.0,0.5,0.0,0.0013269998598843813,0.5399706363677979
103,0,103,1.0,0.9995148777961731,0,0,0.0,0.0,0.5,0.0,0.0015019269194453955,0.5492123365402222
104,0,104,1.0,0.9957011938095093,0,0,0.0,0.0,0.5,0.0,0.0010467265965417027,0.537892758846283
105,0,105,1.0,0.996468186378479,0,0,0.0,0.0,0.5,0.0,0.0019033091375604272,0.5406545400619507
106,1,0,1.0,0.9770081043243408,0,0,0.0,0.0,0.0,0.0,0.24202018976211548,-0.016828373074531555
107,1,1,1.0,0.9762318134307861,0,0,0.0,0.0,0.0,0.0,0.23902030289173126,-0.023400451987981796
108,1,2,1.0,0.9769803285598755,0,0,0.0,0.0,0.0,0.0,0.2496562898159027,-0.029995322227478027
109,1,3,1.0,0.9770123958587646,0,0,0.0,0.0,0.0,0.0,0.2505030930042267,-0.028289388865232468
110,1,4,1.0,0.9762275815010071,0,0,0.0,0.0,0.0,0.0,0.2573850452899933,-0.03129183128476143
111,1,5,1.0,0.9762915968894958,0,0,0.0,0.0,0.0,0.0,0.2575792670249939,-0.030922915786504745
112,1,6,1.0,0.9789592027664185,0,0,0.0,0.0,0.0,0.0,0.2599337100982666,-0.03304023668169975
113,1,7,1.0,0.978986382484436,0,0,0.0,0.0,0.0,0.0,0.2599780559539795,-0.032944053411483765
114,1,8,1.0,0.9797468781471252,0,0,0.0,0.0,0.0,0.0,0.25910136103630066,-0.030723266303539276
115,1,9,1.0,0.9797534942626953,0,0,0.0,0.25,0.0,0.0,0.2591111660003662,-0.030700448900461197
116,1,10,1.0,0.9864943027496338,0,0,0.0,0.25,0.0,0.0,0.2744562327861786,-0.043222200125455856
117,1,11,1.0,0.9901795387268066,0,0,0.0,0.25,0.0,0.0,0.28164947032928467,-0.0485263466835022
118,1,12,1.0,0.9966479539871216,0,0,0.0,0.25,0.0,0.0,0.27948683500289917,-0.05571473389863968
119,1,13,1.0,0.9916781187057495,0,0,0.0,0.25,0.0,0.0,0.2785399258136749,-0.04461996629834175
120,1,14,1.0,1.0036324262619019,0,0,0.0,0.25,0.0,0.0,0.25257599353790283,-0.02458765357732773
121,1,15,1.0,1.0027235746383667,0,0,0.0,0.25,0.0,0.0,0.182096928358078,-0.018227998167276382
122,1,16,1.0,1.0066792964935303,0,0,0.0,0.0,0.0,0.0,0.06838808208703995,0.03097366914153099
123,1,17,1.0,0.9955241084098816,0,0,0.0,0.0,0.0,0.0,0.017446763813495636,0.03629235923290253
124,1,18,1.0,0.9957515597343445,0,0,0.0,0.0,0.0,0.0,0.024145135655999184,0.018663877621293068
125,1,19,1.0,0.9939683675765991,0,0,0.0,0.0,0.0,0.0,0.0193024929612875,0.015589158050715923
126,1,20,1.0,0.9937888383865356,0,0,0.0,0.0,0.0,0.0,0.017684387043118477,-0.0006253896281123161
127,1,21,1.0,0.9936116933822632,0,0,0.0,0.0,0.0,0.0,0.017252806574106216,-0.001657671295106411
128,1,22,1.0,0.993233323097229,0,0,0.0,0.0,0.0,0.0,0.015877164900302887,0.008205191232264042
129,1,23,1.0,0.9931792616844177,0,0,0.0,0.25,0.0,0.0,0.01577838696539402,0.00790553167462349
130,1,24,1.0,0.9913415908813477,0,0,0.0,0.0,0.0,0.0,0.015625081956386566,-0.0919853076338768
131,1,25,1.0,0.9828294515609741,0,0,0.0,0.0,0.0,0.0,0.006037621293216944,-0.06544419378042221
132,1,26,1.0,0.9545804262161255,0,0,0.0,0.0,0.0,0.0,0.014843025244772434,-0.4080888628959656
133,1,27,1.0,0.954792857170105,0,0,0.0,0.0,0.0,0.0,0.013415241613984108,-0.41130563616752625
134,1,28,1.0,0.9414694309234619,0,0,0.0,0.0,0.0,0.0,0.013154158368706703,-0.4734385311603546
135,1,29,1.0,0.9415373206138611,0,0,0.0,0.0,0.0,0.0,0.01282628532499075,-0.4737839102745056
136,1,30,1.0,0.9455381631851196,0,0,0.0,0.0,0.0,0.0,0.012934006750583649,-0.4545481204986572
137,1,31,1.0,0.9455351829528809,0,0,0.0,0.0,0.0,0.0,0.012853855267167091,-0.45467787981033325
138,1,32,1.0,0.943041205406189,0,0,0.0,0.0,0.0,0.0,0.012218736112117767,-0.4660928547382355
139,1,33,1.0,0.9430397748947144,0,0,0.0,0.0,-0.5,0.0,0.01219774316996336,-0.4661296308040619
140,1,34,1.0,0.9130328893661499,0,0,0.0,0.0,-0.5,0.0,0.015889020636677742,-0.5046080946922302
141,1,35,1.0,0.8839321732521057,0,0,0.0,0.0,-0.5,0.0,0.012186417356133461,-0.49809786677360535
142,1,36,1.0,0.8805967569351196,0,0,0.0,0.0,-0.5,0.0,0.013376183807849884,-0.44259151816368103
143,1,37,1.0,0.8754289746284485,0,0,0.0,0.0,-0.5,0.0,0.012453634291887283,-0.3903999328613281
144,1,38,1.0,0.997619092464447,0,0,0.0,0.0,-0.5,0.0,0.006374310702085495,-0.299466073513031
145,1,39,1.0,1.1357039213180542,0,0,0.0,0.0,-0.5,0.0,0.002808152697980404,-0.21657924354076385
146,1,40,1.0,1.491459608078003,0,0,0.0,0.0,-0.5,0.0,-0.0019146741833537817,-0.10521652549505234
147,1,41,1.0,1.5360134840011597,0,1,0.0,0.0,-0.5,0.0,-0.0014715282013639808,-0.09134630858898163
148,1,42,1.0,1.8191863298416138,0,1,0.0,0.0,0.0,0.0,-0.0014656599378213286,-0.019830871373414993
149,1,43,1.0,1.8230295181274414,0,1,0.0,0.0,0.0,0.0,-0.0014791019493713975,-0.01880260556936264
150,1,44,1.0,1.8491624593734741,0,1,0.0,0.0,0.0,0.0,-0.001235524076037109,-0.014478354714810848
151,1,45,1.0,1.8494668006896973,0,1,0.0,0.0,0.0,0.0,-0.0012820437550544739,-0.014417155645787716
152,1,46,1.0,1.8609918355941772,0,1,0.0,0.0,0.0,0.0,-0.0015726863639429212,-0.012271716259419918
153,1,47,2.0,1.861060619354248,1,1,0.0,0.0,0.0,0.0,-0.0015916958218440413,-0.012294271029531956
154,1,48,2.0,1.9471889734268188,1,1,0.0,0.0,0.0,0.0,-0.0026447956915944815,-0.011256824247539043
155,1,49,2.0,1.977185606956482,1,1,0.0,0.0,0.0,0.0,-0.001273520290851593,-0.0018662242218852043
156,1,50,2.0,1.9932037591934204,1,1,0.0,0.0,0.0,0.0,-0.001044548349454999,0.0035123713314533234
157,1,51,2.0,1.9482890367507935,1,1,0.0,0.0,0.0,0.0,0.0007759819854982197,0.0017314646393060684
158,1,52,2.0,1.022843837738037,1,0,0.0,0.0,0.0,0.0,0.003625162411481142,0.17997433245182037
159,1,53,2.0,1.1444565057754517,1,0,0.0,0.0,0.0,0.0,0.002704308833926916,0.010153772309422493
160,1,54,2.0,1.145326018333435,1,0,0.0,0.0,0.0,0.0,0.0026450851000845432,0.002927812747657299
161,1,55,2.0,1.1423128843307495,1,0,0.0,0.0,0.0,0.0,0.0024550955276936293,0.002934116870164871
162,1,56,1.0,1.0899206399917603,0,0,0.0,0.0,0.0,0.0,0.0029914425686001778,0.030134882777929306
163,1,57,1.0,1.089659571647644,0,0,0.0,0.0,0.0,0.0,0.0030724252574145794,0.03010040707886219
164,1,58,1.0,1.0562363862991333,0,0,0.0,0.0,0.0,0.0,0.0033191083930432796,0.055605389177799225
165,1,59,1.0,1.0559924840927124,0,0,0.0,0.0,0.0,0.0,0.003272087313234806,0.05573483183979988
166,1,60,1.0,1.0318679809570312,0,0,0.0,0.0,0.0,0.0,0.003123535541817546,0.08834496885538101
167,1,61,1.0,1.0303760766983032,0,0,0.0,0.0,0.0,0.0,0.002945088315755129,0.09088187664747238
168,1,62,1.0,1.0094711780548096,0,0,0.0,0.0,0.5,0.0,0.003500043647363782,0.1524723619222641
169,1,63,1.0,0.9888386130332947,0,0,0.0,0.0,0.5,0.0,0.004765152465552092,0.4013363718986511
170,1,64,1.0,1.0005699396133423,0,0,0.0,0.0,0.5,0.0,0.0033202487975358963,0.5296666622161865
171,1,65,1.0,1.0023984909057617,0,0,0.0,0.0,0.5,0.0,0.00234996248036623,0.5447075366973877
172,1,66,1.0,1.0042834281921387,0,0,0.0,0.0,0.5,0.0,0.002589872572571039,0.5527973771095276
173,1,67,1.0,1.001376986503601,0,0,0.0,0.0,0.5,0.0,0.0023550442419946194,0.5529884099960327
174,1,68,1.0,1.0025420188903809,0,0,0.0,0.0,0.5,0.0,0.002102494705468416,0.5495912432670593
175,1,69,1.0,1.002875804901123,0,0,0.0,0.0,0.5,0.0,0.002584931207820773,0.5502488613128662
176,1,70,1.0,1.0026775598526,0,0,0.0,0.0,0.5,0.0,0.002840735949575901,0.5466328263282776
177,1,71,1.0,1.0005340576171875,0,0,0.0,0.0,0.5,0.0,0.0023402811493724585,0.5468107461929321
178,1,72,1.0,0.9990635514259338,0,0,0.0,0.0,0.5,0.0,0.003210159484297037,0.5460996627807617
179,2,0,1.0,0.9773561954498291,0,0,0.0,0.0,0.0,0.0,0.1718621850013733,-0.010355793870985508
180,2,1,1.0,0.9776720404624939,0,0,0.0,0.0,0.0,0.0,0.16963370144367218,-0.011749095283448696
181,2,2,1.0,0.9781916737556458,0,0,0.0,0.0,0.0,0.0,0.18015578389167786,-0.00949827115982771
182,2,3,1.0,0.978374719619751,0,0,0.0,0.0,0.0,0.0,0.18079937994480133,-0.008939689956605434
183,2,4,1.0,0.9794953465461731,0,0,0.0,0.0,0.0,0.0,0.19438490271568298,-0.010134552605450153
184,2,5,1.0,0.9795190095901489,0,0,0.0,0.0,0.0,0.0,0.19451652467250824,-0.009953686036169529
185,2,6,1.0,0.9785736799240112,0,0,0.0,0.0,0.0,0.0,0.20489001274108887,-0.009264313615858555
186,2,7,1.0,0.9785810708999634,0,0,0.0,0.0,0.0,0.0,0.2049163281917572,-0.009225892834365368
187,2,8,1.0,0.9787201881408691,0,0,0.0,0.25,0.0,0.0,0.2012142539024353,-0.012850028462707996
188,2,9,1.0,0.9748615026473999,0,0,0.0,0.25,0.0,0.0,0.24930264055728912,-0.026105746626853943
189,2,10,1.0,0.9801140427589417,0,0,0.0,0.25,0.0,0.0,0.2532959580421448,-0.025057286024093628
190,2,11,1.0,0.972847580909729,0,0,0.0,0.25,0.0,0.0,0.2582995891571045,-0.030026927590370178
191,2,12,1.0,0.9802584648132324,0,0,0.0,0.25,0.0,0.0,0.26470500230789185,-0.03087424486875534
192,2,13,1.0,0.9824231863021851,0,0,0.0,0.25,0.0,0.0,0.2658686935901642,-0.03138468414545059
193,2,14,1.0,0.9836976528167725,0,0,0.0,0.25,0.0,0.0,0.2723121643066406,-0.03406881168484688
194,2,15,1.0,0.9769952297210693,0,0,0.0,0.25,0.0,0.0,0.27232229709625244,-0.039674051105976105
195,2,16,1.0,0.9847112894058228,0,0,0.0,0.25,0.0,0.0,0.2791569232940674,-0.044315047562122345
196,2,17,1.0,0.9825394749641418,0,0,0.0,0.25,0.0,0.0,0.280643105506897,-0.044568102806806564
197,2,18,1.0,0.9889217615127563,0,0,0.0,0.25,0.0,0.0,0.28510069847106934,-0.04784806817770004
198,2,19,1.0,0.9832649827003479,0,0,0.0,0.25,0.0,0.0,0.2802608609199524,-0.042227379977703094
199,2,20,1.0,0.9892904162406921,0,0,0.0,0.25,0.0,0.0,0.27507734298706055,-0.04697342962026596
200,2,21,1.0,0.997549295425415,0,0,0.0,0.25,0.0,0.0,0.24274921417236328,-0.03738592937588692
201,2,22,1.0,1.0053461790084839,0,0,0.0,0.25,0.0,0.0,0.14781923592090607,-0.016489915549755096
202,2,23,1.0,1.004291296005249,0,0,0.0,0.0,0.0,0.0,0.07795341312885284,0.004675566218793392
203,2,24,1.0,1.0073317289352417,0,0,0.0,0.0,0.0,0.0,0.03752743825316429,0.013964769430458546
204,2,25,1.0,1.004753828048706,0,0,0.0,0.0,0.0,0.0,0.020617343485355377,0.02331913448870182
205,2,26,1.0,1.0055721998214722,0,0,0.0,0.0,0.0,0.0,0.0213962122797966,0.01532475184649229
206,2,27,1.0,1.0051560401916504,0,0,0.0,0.0,0.0,0.0,0.02040047198534012,0.013028264977037907
207,2,28,1.0,1.0003176927566528,0,0,0.0,0.0,0.0,0.0,0.013438374735414982,-0.0021238969638943672
208,2,29,1.0,1.000215768814087,0,0,0.0,0.0,0.0,0.0,0.013243871740996838,-0.0027251029387116432
209,2,30,1.0,0.9988107085227966,0,0,0.0,0.25,0.0,0.0,0.010601378977298737,0.01064480934292078
210,2,31,1.0,0.993809700012207,0,0,0.0,0.0,0.0,0.0,0.014130477793514729,0.007182013243436813
211,2,32,1.0,0.9839015603065491,0,0,0.0,0.0,0.0,0.0,0.007134447805583477,-0.14424124360084534
212,2,33,1.0,0.9866821765899658,0,0,0.0,0.0,0.0,0.0,-0.00206003338098526,-0.10579445213079453
213,2,34,1.0,0.9621320366859436,0,0,0.0,0.0,0.0,0.0,0.011160801164805889,-0.3743293583393097
214,2,35,1.0,0.9622436761856079,0,0,0.0,0.0,0.0,0.0,0.010558011941611767,-0.3751366138458252
215,2,36,1.0,0.9525084495544434,0,0,0.0,0.0,0.0,0.0,0.013766026124358177,-0.4432853162288666
216,2,37,1.0,0.9525347948074341,0,0,0.0,0.0,0.0,0.0,0.013646148145198822,-0.44349294900894165
217,2,38,1.0,0.9510928988456726,0,0,0.0,0.0,0.0,0.0,0.013777071610093117,-0.4416694939136505
218,2,39,1.0,0.9510952234268188,0,0,0.0,0.0,-0.5,0.0,0.013746507465839386,-0.4417342245578766
219,2,40,1.0,0.932172954082489,0,0,0.0,0.0,-0.5,0.0,0.014648841693997383,-0.48648080229759216
220,2,41,1.0,0.8893747329711914,0,0,0.0,0.0,-0.5,0.0,0.014726197347044945,-0.477774977684021
221,2,42,1.0,0.8788754940032959,0,0,0.0,0.0,-0.5,0.0,0.01353495940566063,-0.46164456009864807
222,2,43,1.0,0.9172242879867554,0,0,0.0,0.0,-0.5,0.0,0.014644274488091469,-0.37998536229133606
223,2,44,1.0,1.0271708965301514,0,0,0.0,0.0,-0.5,0.0,0.006117941811680794,-0.30675700306892395
224,2,45,1.0,1.1460139751434326,0,0,0.0,0.0,-0.5,0.0,-0.00023083339328877628,-0.2396101951599121
225,2,46,1.0,1.456071138381958,0,0,0.0,0.0,-0.5,0.0,-0.001503932406194508,-0.1221752017736435
226,2,47,1.0,1.587659478187561,0,1,0.0,0.0,-0.5,0.0,-0.002788336481899023,-0.0917799100279808
227,2,48,1.0,1.8264093399047852,0,1,0.0,0.0,0.0,0.0,-0.003121353453025222,-0.023164115846157074
228,2,49,1.0,1.8301763534545898,0,1,0.0,0.0,0.0,0.0,-0.003121578134596348,-0.022336266934871674
229,2,50,1.0,1.8544012308120728,0,1,0.0,0.0,0.0,0.0,-0.0016788810025900602,-0.015294010750949383
230,2,51,2.0,1.854920744895935,1,1,0.0,0.0,0.0,0.0,-0.0017215362749993801,-0.015261893160641193
231,2,52,2.0,1.9527950286865234,1,1,0.0,0.0,0.0,0.0,0.0014691109536215663,-0.007157322950661182
232,2,53,2.0,1.981266975402832,1,1,0.0,0.0,0.0,0.0,-0.0011575883254408836,-0.004423181526362896
233,2,54,2.0,2.005560874938965,1,1,0.0,0.0,0.0,0.0,-4.2383591789985076e-05,0.0035838307812809944
234,2,55,2.0,1.987310767173767,1,1,0.0,0.0,0.0,0.0,0.0002648220688570291,0.004625532776117325
235,2,56,2.0,1.9252357482910156,1,1,0.0,0.0,0.0,0.0,0.0006982141057960689,-0.002705085091292858
236,2,57,2.0,1.7745587825775146,1,1,0.0,0.0,0.0,0.0,-0.0006619145860895514,-0.02082701027393341
237,2,58,2.0,1.2050586938858032,1,0,0.0,0.0,0.0,0.0,0.0025669115129858255,-0.012811602093279362
238,2,59,1.0,1.192099928855896,0,0,0.0,0.0,0.0,0.0,0.002920738188549876,-0.00894032884389162
239,2,60,1.0,1.1087621450424194,0,0,0.0,0.0,0.0,0.0,0.0032267929054796696,0.016433756798505783
240,2,61,1.0,1.1124738454818726,0,0,0.0,0.0,0.0,0.0,0.0035093643236905336,0.012222508899867535
241,2,62,1.0,1.062651515007019,0,0,0.0,0.0,0.0,0.0,0.004708613734692335,0.044856827706098557
242,2,63,1.0,1.025267481803894,0,0,0.0,0.0,0.0,0.0,0.00496105058118701,0.10029767453670502
243,2,64,1.0,0.9935104846954346,0,0,0.0,0.0,0.0,0.0,0.004472081083804369,0.27383115887641907
244,2,65,1.0,0.9917022585868835,0,0,0.0,0.0,0.0,0.0,0.004497698042541742,0.3109373152256012
245,2,66,1.0,0.9948011636734009,0,0,0.0,0.0,0.5,0.0,0.005146379582583904,0.28006511926651
246,2,67,1.0,0.9951586723327637,0,0,0.0,0.0,0.5,0.0,0.00515477079898119,0.4827265441417694
247,2,68,1.0,0.9998698234558105,0,0,0.0,0.0,0.5,0.0,0.0027484786696732044,0.5352134704589844
248,2,69,1.0,1.0002593994140625,0,0,0.0,0.0,0.5,0.0,0.002459676703438163,0.5431785583496094
249,2,70,1.0,1.0010219812393188,0,0,0.0,0.0,0.5,0.0,0.0029844094533473253,0.5446438789367676
250,2,71,1.0,0.9973548054695129,0,0,0.0,0.0,0.5,0.0,0.00266968528740108,0.5465850830078125
251,2,72,1.0,0.9988638162612915,0,0,0.0,0.0,0.5,0.0,0.0026897178031504154,0.5482249855995178
252,2,73,1.0,0.9988120794296265,0,0,0.0,0.0,0.5,0.0,0.0027353563345968723,0.548940122127533
253,2,74,1.0,0.9980201721191406,0,0,0.0,0.0,0.5,0.0,0.0035524771083146334,0.5424579977989197
254,2,75,1.0,0.9974536895751953,0,0,0.0,0.0,0.5,0.0,0.002820806112140417,0.544851541519165
255,2,76,1.0,1.0007309913635254,0,0,0.0,0.0,0.5,0.0,0.004072503186762333,0.5425055027008057
256,3,0,1.0,0.9827201962471008,0,0,0.0,0.0,0.0,0.0,-0.23515953123569489,-0.01986372470855713
257,3,1,1.0,0.9801932573318481,0,0,0.0,0.0,0.0,0.0,-0.23476244509220123,-0.02675178274512291
258,3,2,1.0,0.9794790744781494,0,0,0.0,0.0,0.0,0.0,-0.24016854166984558,-0.019146714359521866
259,3,3,1.0,0.9805850982666016,0,0,0.0,0.0,0.0,0.0,-0.24054443836212158,-0.017524294555187225
260,3,4,1.0,0.9814611673355103,0,0,0.0,0.0,0.0,0.0,-0.2411976009607315,-0.021830003708600998
261,3,5,1.0,0.9817091226577759,0,0,0.0,0.0,0.0,0.0,-0.24125677347183228,-0.02143167331814766
262,3,6,1.0,0.9800674915313721,0,0,0.0,0.0,0.0,0.0,-0.24362856149673462,-0.01979551836848259
263,3,7,1.0,0.9801183938980103,0,0,0.0,0.0,0.0,0.0,-0.24364551901817322,-0.01969318464398384
264,3,8,1.0,0.9796110391616821,0,0,0.0,0.0,0.0,0.0,-0.2431514859199524,-0.01914975792169571
265,3,9,1.0,0.9796248078346252,0,0,0.0,0.0,0.0,0.0,-0.24315564334392548,-0.019123993813991547
266,3,10,1.0,0.9791427254676819,0,0,0.0,-0.25,0.0,0.0,-0.24420079588890076,-0.02218010649085045
267,3,11,1.0,0.9722623229026794,0,0,0.0,-0.25,0.0,0.0,-0.25703713297843933,-0.012813816778361797
268,3,12,1.0,0.9772467017173767,0,0,0.0,-0.25,0.0,0.0,-0.26445329189300537,-0.0158095620572567
269,3,13,1.0,0.9793161153793335,0,0,0.0,-0.25,0.0,0.0,-0.2642592787742615,-0.022524744272232056
270,3,14,1.0,0.9805613160133362,0,0,0.0,-0.25,0.0,0.0,-0.2614890933036804,-0.019603565335273743
271,3,15,1.0,0.9963164329528809,0,0,0.0,-0.25,0.0,0.0,-0.22321762144565582,-0.01990799605846405
272,3,16,1.0,0.998511552810669,0,0,0.0,-0.25,0.0,0.0,-0.08850544691085815,-0.013137995265424252
273,3,17,1.0,1.0058701038360596,0,0,0.0,0.0,0.0,0.0,-0.05634713172912598,-0.003531615249812603
274,3,18,1.0,1.0077388286590576,0,0,0.0,0.0,0.0,0.0,-0.005147941876202822,0.0345771424472332
275,3,19,1.0,1.0095831155776978,0,0,0.0,0.0,0.0,0.0,-0.0024791595060378313,0.03594178706407547
276,3,20,1.0,1.0083187818527222,0,0,0.0,0.0,0.0,0.0,-0.009071480482816696,0.03298245370388031
277,3,21,1.0,1.0079399347305298,0,0,0.0,0.0,0.0,0.0,-0.008044179528951645,0.03334762528538704
278,3,22,1.0,1.002846360206604,0,0,0.0,0.0,0.0,0.0,-0.006533730309456587,0.034572746604681015
279,3,23,1.0,1.002758264541626,0,0,0.0,-0.25,0.0,0.0,-0.00634958129376173,0.034835875034332275
280,3,24,1.0,0.9989698529243469,0,0,0.0,0.0,0.0,0.0,-0.0022940270137041807,0.018844082951545715
281,3,25,1.0,0.9930955171585083,0,0,0.0,0.0,0.0,0.0,0.012786460109055042,-0.006140817888081074
282,3,26,1.0,0.9723265171051025,0,0,0.0,0.0,0.0,0.0,0.005243399646133184,-0.24458670616149902
283,3,27,1.0,0.9703373908996582,0,0,0.0,0.0,0.0,0.0,0.008334117010235786,-0.2529563307762146
284,3,28,1.0,0.9629441499710083,0,0,0.0,0.0,0.0,0.0,0.010846535675227642,-0.35343536734580994
285,3,29,1.0,0.9628729224205017,0,0,0.0,0.0,0.0,0.0,0.01113663800060749,-0.35342350602149963
286,3,30,1.0,0.9677208662033081,0,0,0.0,0.0,0.0,0.0,0.011294200085103512,-0.3259655833244324
287,3,31,1.0,0.9677088856697083,0,0,0.0,0.0,0.0,0.0,0.011360631324350834,-0.3258882462978363
288,3,32,1.0,0.964279294013977,0,0,0.0,0.0,0.0,0.0,0.010968546383082867,-0.35672643780708313
289,3,33,1.0,0.9642794132232666,0,0,0.0,0.0,-0.5,0.0,0.010985868982970715,-0.35669606924057007
290,3,34,1.0,0.9411231875419617,0,0,0.0,0.0,-0.5,0.0,0.012734705582261086,-0.47952505946159363
291,3,35,1.0,0.9081400632858276,0,0,0.0,0.0,-0.5,0.0,0.013939706608653069,-0.4963041841983795
292,3,36,1.0,0.8871462941169739,0,0,0.0,0.0,-0.5,0.0,0.014977870509028435,-0.46514445543289185
293,3,37,1.0,0.9194674491882324,0,0,0.0,0.0,-0.5,0.0,0.007349236868321896,-0.39519330859184265
294,3,38,1.0,1.0096063613891602,0,0,0.0,0.0,-0.5,0.0,0.006497463211417198,-0.3348156213760376
295,3,39,1.0,1.1381471157073975,0,0,0.0,0.0,-0.5,0.0,-0.004336771555244923,-0.23693445324897766
296,3,40,1.0,1.4338537454605103,0,0,0.0,0.0,-0.5,0.0,-0.0034602198284119368,-0.128422811627388
297,3,41,1.0,1.5594314336776733,0,1,0.0,0.0,-0.5,0.0,-0.0036816769279539585,-0.09575068950653076
298,3,42,1.0,1.8010210990905762,0,1,0.0,0.0,0.0,0.0,-0.004309953656047583,-0.028382785618305206
299,3,43,1.0,1.8057904243469238,0,1,0.0,0.0,0.0,0.0,-0.004463262390345335,-0.02688712254166603
300,3,44,2.0,1.849623203277588,1,1,0.0,0.0,0.0,0.0,-0.005198129452764988,-0.0128479590639472
301,3,45,2.0,1.9257769584655762,1,1,0.0,0.0,0.0,0.0,-0.0047272746451199055,-0.017342187464237213
302,3,46,2.0,1.9633138179779053,1,1,0.0,0.0,0.0,0.0,-0.003975157625973225,-0.0017777038738131523
303,3,47,2.0,1.9817466735839844,1,1,0.0,0.0,0.0,0.0,-0.0036430524196475744,0.0014887331053614616
304,3,48,2.0,1.986912727355957,1,1,0.0,0.0,0.0,0.0,-0.004154153633862734,-0.001435643993318081
305,3,49,2.0,1.9887545108795166,1,1,0.0,0.0,0.0,0.0,-0.004588528536260128,0.0015136292204260826
306,3,50,2.0,1.982093334197998,1,1,0.0,0.0,0.0,0.0,-0.0052179512567818165,0.007925312966108322
307,3,51,2.0,1.7712416648864746,1,1,0.0,0.0,0.0,0.0,-0.004722360521554947,-0.0070578912273049355
308,3,52,2.0,1.3379267454147339,1,0,0.0,0.0,0.0,0.0,-0.00013593326730187982,-0.026665613055229187
309,3,53,2.0,1.2352252006530762,1,0,0.0,0.0,0.0,0.0,0.0012908432399854064,-0.018759746104478836
310,3,54,2.0,1.177069067955017,1,0,0.0,0.0,0.0,0.0,0.0010168894659727812,-0.012356904335319996
311,3,55,1.0,1.0481317043304443,0,0,0.0,0.0,0.0,0.0,0.0012995735742151737,0.06648790836334229
312,3,56,1.0,1.0072300434112549,0,0,0.0,0.0,0.0,0.0,0.0006368110771290958,0.17837591469287872
313,3,57,1.0,0.99759840965271,0,0,0.0,0.0,0.0,0.0,0.0011778799816966057,0.2414744645357132
314,3,58,1.0,0.9865920543670654,0,0,0.0,0.0,0.0,0.0,0.002416197909042239,0.3465616703033447
315,3,59,1.0,0.986628532409668,0,0,0.0,0.0,0.0,0.0,0.003911393694579601,0.37149330973625183
316,3,60,1.0,0.9854046106338501,0,0,0.0,0.0,0.0,0.0,0.0040102992206811905,0.43183374404907227
317,3,61,1.0,0.9882558584213257,0,0,0.0,0.0,0.5,0.0,0.004218372516334057,0.4610218405723572
318,3,62,1.0,0.9984164237976074,0,0,0.0,0.0,0.5,0.0,0.001993294805288315,0.5397329926490784
319,3,63,1.0,1.0002954006195068,0,0,0.0,0.0,0.5,0.0,0.0028837912250310183,0.548787534236908
320,3,64,1.0,0.9996939897537231,0,0,0.0,0.0,0.5,0.0,0.0026824958622455597,0.5421459674835205
321,3,65,1.0,1.0030514001846313,0,0,0.0,0.0,0.5,0.0,0.0018477411940693855,0.5532621741294861
322,3,66,1.0,0.9997828602790833,0,0,0.0,0.0,0.5,0.0,0.0027827329467982054,0.5529736280441284
323,3,67,1.0,1.0005216598510742,0,0,0.0,0.0,0.5,0.0,0.0009675929904915392,0.5528542995452881
324,3,68,1.0,1.000120759010315,0,0,0.0,0.0,0.5,0.0,0.002521658781915903,0.5514285564422607
325,3,69,1.0,0.9982796907424927,0,0,0.0,0.0,0.5,0.0,0.002427429426461458,0.5503263473510742
326,3,70,1.0,0.9980971813201904,0,0,0.0,0.0,0.5,0.0,0.002370598493143916,0.5495434403419495
327,3,71,1.0,0.9963066577911377,0,0,0.0,0.0,0.5,0.0,0.003234661417081952,0.5490669012069702
328,4,0,1.0,0.9770079851150513,0,0,0.0,0.0,0.0,0.0,0.24202018976211548,-0.01682838797569275
329,4,1,1.0,0.9762318134307861,0,0,0.0,0.0,0.0,0.0,0.23902028799057007,-0.02340042218565941
330,4,2,1.0,0.9769803285598755,0,0,0.0,0.0,0.0,0.0,0.24965627491474152,-0.029995273798704147
331,4,3,1.0,0.9770123958587646,0,0,0.0,0.0,0.0,0.0,0.2505030632019043,-0.028289400041103363
332,4,4,1.0,0.9762275218963623,0,0,0.0,0.0,0.0,0.0,0.2573850750923157,-0.03129183501005173
333,4,5,1.0,0.9762915968894958,0,0,0.0,0.0,0.0,0.0,0.2575792670249939,-0.03092290833592415
334,4,6,1.0,0.9789592027664185,0,0,0.0,0.0,0.0,0.0,0.259933739900589,-0.03304024040699005
335,4,7,1.0,0.978986382484436,0,0,0.0,0.0,0.0,0.0,0.2599779963493347,-0.03294409066438675
336,4,8,1.0,0.9795119762420654,0,0,0.0,0.25,0.0,0.0,0.2612137794494629,-0.03295449912548065
337,4,9,1.0,0.9836293458938599,0,0,0.0,0.25,0.0,0.0,0.275280237197876,-0.0362568125128746
338,4,10,1.0,0.9904489517211914,0,0,0.0,0.25,0.0,0.0,0.2817195951938629,-0.04622554033994675
339,4,11,1.0,0.9946926832199097,0,0,0.0,0.25,0.0,0.0,0.27890482544898987,-0.044798485934734344
340,4,12,1.0,0.9979102611541748,0,0,0.0,0.25,0.0,0.0,0.2758306562900543,-0.050431400537490845
341,4,13,1.0,1.002568006515503,0,0,0.0,0.25,0.0,0.0,0.2548321485519409,-0.032531749457120895
342,4,14,1.0,1.0035896301269531,0,0,0.0,0.25,0.0,0.0,0.16652999818325043,-0.00929399486631155
343,4,15,1.0,1.0036081075668335,0,0,0.0,0.25,0.0,0.0,0.07391016185283661,0.03038281947374344
344,4,16,1.0,0.9914605617523193,0,0,0.0,0.0,0.0,0.0,0.031161127611994743,-0.006022620014846325
345,4,17,1.0,0.9795790314674377,0,0,0.0,0.0,0.0,0.0,0.010198820382356644,-0.038863491266965866
346,4,18,1.0,0.9683934450149536,0,0,0.0,0.0,0.0,0.0,0.015132585540413857,-0.28782957792282104
347,4,19,1.0,0.9680227637290955,0,0,0.0,0.0,0.0,0.0,0.00941243302077055,-0.2777492105960846
348,4,20,1.0,0.9454784989356995,0,0,0.0,0.0,0.0,0.0,0.014172950759530067,-0.4545884430408478
349,4,21,1.0,0.9455239772796631,0,0,0.0,0.0,0.0,0.0,0.013497162610292435,-0.4555762708187103
350,4,22,1.0,0.9474992752075195,0,0,0.0,0.0,0.0,0.0,0.013971613720059395,-0.44898131489753723
351,4,23,1.0,0.9474871754646301,0,0,0.0,0.0,0.0,0.0,0.0138150779530406,-0.44927528500556946
352,4,24,1.0,0.942493200302124,0,0,0.0,0.0,0.0,0.0,0.012550752609968185,-0.46650752425193787
353,4,25,1.0,0.9424898624420166,0,0,0.0,0.0,0.0,0.0,0.012509293854236603,-0.46658089756965637
354,4,26,1.0,0.9431666135787964,0,0,0.0,0.0,0.0,0.0,0.011865760199725628,-0.46358489990234375
355,4,27,1.0,0.9431647658348083,0,0,0.0,0.0,-0.5,0.0,0.011854419484734535,-0.4636062979698181
356,4,28,1.0,0.9130492210388184,0,0,0.0,0.0,-0.5,0.0,0.016069572418928146,-0.5053263306617737
357,4,29,1.0,0.8839640021324158,0,0,0.0,0.0,-0.5,0.0,0.012087556533515453,-0.4972932040691376
358,4,30,1.0,0.8813968300819397,0,0,0.0,0.0,-0.5,0.0,0.01303553581237793,-0.4437668025493622
359,4,31,1.0,0.8754703402519226,0,0,0.0,0.0,-0.5,0.0,0.012216908857226372,-0.3924645781517029
360,4,32,1.0,1.000014305114746,0,0,0.0,0.0,-0.5,0.0,0.006197477225214243,-0.2996649742126465
361,4,33,1.0,1.1556496620178223,0,0,0.0,0.0,-0.5,0.0,0.002167142229154706,-0.2156684249639511
362,4,34,1.0,1.4984171390533447,0,0,0.0,0.0,-0.5,0.0,-0.001944493968039751,-0.10483257472515106
363,4,35,1.0,1.5376718044281006,0,1,0.0,0.0,0.0,0.0,-0.0016534231835976243,-0.0927293598651886
364,4,36,1.0,1.8177716732025146,0,1,0.0,0.0,0.0,0.0,-0.0014327381504699588,-0.01951727643609047
365,4,37,1.0,1.8216352462768555,0,1,0.0,0.0,0.0,0.0,-0.0014497790252789855,-0.0184701606631279
366,4,38,2.0,1.8739523887634277,1,1,0.0,0.0,0.0,0.0,-0.000958204036578536,-0.00980404857546091
367,4,39,2.0,1.9590771198272705,1,1,0.0,0.0,0.0,0.0,-0.0010104679968208075,-0.005864904262125492
368,4,40,2.0,1.987707257270813,1,1,0.0,0.0,0.0,0.0,-0.0005020244279876351,0.0024509960785508156
369,4,41,2.0,1.9944775104522705,1,1,0.0,0.0,0.0,0.0,0.0010688116308301687,0.0037143072113394737
370,4,42,2.0,1.9504855871200562,1,1,0.0,0.0,0.0,0.0,0.001848895219154656,6.602518260478973e-05
371,4,43,2.0,1.7480357885360718,1,1,0.0,0.0,0.0,0.0,-0.002782408846542239,-0.017462071031332016
372,4,44,2.0,1.0948656797409058,1,0,0.0,0.0,0.0,0.0,0.00352142914198339,0.030334727838635445
373,4,45,2.0,1.1042717695236206,1,0,0.0,0.0,0.0,0.0,0.0034015935380011797,0.021244140341877937
374,4,46,2.0,1.09059739112854,1,0,0.0,0.0,0.0,0.0,0.0024521343875676394,0.030314411967992783
375,4,47,1.0,1.0880939960479736,0,0,0.0,0.0,0.0,0.0,0.0023969081230461597,0.03124403953552246
376,4,48,1.0,1.0397237539291382,0,0,0.0,0.0,0.0,0.0,0.00310469139367342,0.07294958084821701
377,4,49,1.0,1.0383551120758057,0,0,0.0,0.0,0.0,0.0,0.003041341435164213,0.07449478656053543
378,4,50,1.0,1.0131698846817017,0,0,0.0,0.0,0.5,0.0,0.004012334160506725,0.14217901229858398
379,4,51,1.0,0.9884859323501587,0,0,0.0,0.0,0.5,0.0,0.004805432632565498,0.4087737500667572
380,4,52,1.0,0.999430239200592,0,0,0.0,0.0,0.5,0.0,0.0032768698874861,0.5279093980789185
381,4,53,1.0,1.002974271774292,0,0,0.0,0.0,0.5,0.0,0.0026265045162290335,0.543795645236969
382,4,54,1.0,1.0051155090332031,0,0,0.0,0.0,0.5,0.0,0.0025719618424773216,0.5525178909301758
383,4,55,1.0,1.002476453781128,0,0,0.0,0.0,0.5,0.0,0.0028529625851660967,0.551017701625824
384,4,56,1.0,1.0034294128417969,0,0,0.0,0.0,0.5,0.0,0.0022153849713504314,0.54887455701828
385,4,57,1.0,1.003261685371399,0,0,0.0,0.0,0.5,0.0,0.0025024686474353075,0.5506171584129333
386,4,58,1.0,1.0029913187026978,0,0,0.0,0.0,0.5,0.0,0.00284010823816061,0.5501028299331665
387,4,59,1.0,1.0009251832962036,0,0,0.0,0.0,0.5,0.0,0.0027879916597157717,0.5488792657852173
388,4,60,1.0,0.9995598793029785,0,0,0.0,0.0,0.5,0.0,0.0032453560270369053,0.5472313761711121
389,5,0,1.0,0.9780440330505371,0,0,0.0,0.0,0.0,0.0,-0.18513351678848267,-0.008084309287369251
390,5,1,1.0,0.9782489538192749,0,0,0.0,0.0,0.0,0.0,-0.18852366507053375,-0.011880110017955303
391,5,2,1.0,0.9791197180747986,0,0,0.0,0.0,0.0,0.0,-0.19183437526226044,-0.006781437434256077
392,5,3,1.0,0.9790899157524109,0,0,0.0,0.0,0.0,0.0,-0.1917274296283722,-0.005214623175561428
393,5,4,1.0,0.9775615930557251,0,0,0.0,0.0,0.0,0.0,-0.19116665422916412,-0.003893657587468624
394,5,5,1.0,0.9775410890579224,0,0,0.0,0.0,0.0,0.0,-0.19114026427268982,-0.0035391496494412422
395,5,6,1.0,0.9793412685394287,0,0,0.0,0.0,0.0,0.0,-0.1906605213880539,-0.0020249495282769203
396,5,7,1.0,0.9793518781661987,0,0,0.0,-0.25,0.0,0.0,-0.1906561404466629,-0.0019416799768805504
397,5,8,1.0,0.9712996482849121,0,0,0.0,-0.25,0.0,0.0,-0.2350187599658966,-0.0029396479949355125
398,5,9,1.0,0.972344696521759,0,0,0.0,-0.25,0.0,0.0,-0.24824301898479462,-0.01175347063690424
399,5,10,1.0,0.9759452939033508,0,0,0.0,-0.25,0.0,0.0,-0.24662862718105316,-0.004242557100951672
400,5,11,1.0,0.9790771007537842,0,0,0.0,-0.25,0.0,0.0,-0.24991825222969055,-0.014077694155275822
401,5,12,1.0,0.9745616912841797,0,0,0.0,-0.25,0.0,0.0,-0.2520686089992523,-0.009032837115228176
402,5,13,1.0,0.9741433262825012,0,0,0.0,-0.25,0.0,0.0,-0.2578502297401428,-0.018780004233121872
403,5,14,1.0,0.9716222882270813,0,0,0.0,-0.25,0.0,0.0,-0.26486846804618835,-0.011704948730766773
404,5,15,1.0,0.9722678065299988,0,0,0.0,-0.25,0.0,0.0,-0.2677149772644043,-0.01855158433318138
405,5,16,1.0,0.9729862213134766,0,0,0.0,-0.25,0.0,0.0,-0.2714495062828064,-0.014172622002661228
406,5,17,1.0,0.9778151512145996,0,0,0.0,-0.25,0.0,0.0,-0.27285656332969666,-0.016700997948646545
407,5,18,1.0,0.9723978042602539,0,0,0.0,-0.25,0.0,0.0,-0.2705453038215637,-0.023017197847366333
408,5,19,1.0,0.9751818180084229,0,0,0.0,-0.25,0.0,0.0,-0.2607082426548004,-0.02016378939151764
409,5,20,1.0,0.9959200024604797,0,0,0.0,-0.25,0.0,0.0,-0.1840524673461914,-0.02711118385195732
410,5,21,1.0,1.000003457069397,0,0,0.0,0.0,0.0,0.0,-0.06172682344913483,-0.036023497581481934
411,5,22,1.0,1.0118303298950195,0,0,0.0,0.0,0.0,0.0,-0.02150462567806244,-0.014786466024816036
412,5,23,1.0,1.008987307548523,0,0,0.0,0.0,0.0,0.0,-0.008030414581298828,-0.012864259071648121
413,5,24,1.0,1.011425256729126,0,0,0.0,0.0,0.0,0.0,-0.003618131624534726,2.112705260515213e-05
414,5,25,1.0,1.0104739665985107,0,0,0.0,0.0,0.0,0.0,-0.004205699544399977,-0.0005098329856991768
415,5,26,1.0,1.0072604417800903,0,0,0.0,0.0,0.0,0.0,-0.00830906443297863,-0.006898724474012852
416,5,27,1.0,1.0071959495544434,0,0,0.0,-0.25,0.0,0.0,-0.008031677454710007,-0.006587306968867779
417,5,28,1.0,1.0076919794082642,0,0,0.0,0.0,0.0,0.0,-0.0048700738698244095,0.012147183530032635
418,5,29,1.0,1.0010850429534912,0,0,0.0,0.0,0.0,0.0,-0.0023883371613919735,0.008580317720770836
419,5,30,1.0,0.9944828152656555,0,0,0.0,0.0,0.0,0.0,-0.003930522594600916,0.007842665538191795
420,5,31,1.0,0.9940325021743774,0,0,0.0,0.0,0.0,0.0,-0.00370410387404263,0.011858968995511532
421,5,32,1.0,0.9902274012565613,0,0,0.0,0.0,0.0,0.0,-0.003862330224364996,-0.025012746453285217
422,5,33,1.0,0.9901033639907837,0,0,0.0,0.0,0.0,0.0,-0.0036535398103296757,-0.025176074355840683
423,5,34,1.0,0.9902913570404053,0,0,0.0,0.0,0.0,0.0,-0.005665406584739685,-0.012772521935403347
424,5,35,1.0,0.9902750253677368,0,0,0.0,-0.25,0.0,0.0,-0.0056157768703997135,-0.012728421948850155
425,5,36,1.0,0.9975262880325317,0,0,0.0,0.0,0.0,0.0,-0.006864101160317659,-0.0001087551936507225
426,5,37,1.0,0.9825738668441772,0,0,0.0,0.0,0.0,0.0,0.006033588666468859,-0.06631551682949066
427,5,38,1.0,0.9595593214035034,0,0,0.0,0.0,0.0,0.0,0.012446606531739235,-0.36357560753822327
428,5,39,1.0,0.9586163759231567,0,0,0.0,0.0,0.0,0.0,0.013832570984959602,-0.3675338327884674
429,5,40,1.0,0.9475075006484985,0,0,0.0,0.0,0.0,0.0,0.015789121389389038,-0.439517080783844
430,5,41,1.0,0.9474505186080933,0,0,0.0,0.0,0.0,0.0,0.016036605462431908,-0.4396454095840454
431,5,42,1.0,0.9378437399864197,0,0,0.0,0.0,0.0,0.0,0.014443452470004559,-0.4730464816093445
432,5,43,1.0,0.9378534555435181,0,0,0.0,0.0,-0.5,0.0,0.014498883858323097,-0.4730026125907898
433,5,44,1.0,0.9250413179397583,0,0,0.0,0.0,-0.5,0.0,0.0129568912088871,-0.50099116563797
434,5,45,1.0,0.8868546485900879,0,0,0.0,0.0,-0.5,0.0,0.010750604793429375,-0.5012944340705872
435,5,46,1.0,0.8810669183731079,0,0,0.0,0.0,-0.5,0.0,0.012388684786856174,-0.45580369234085083
436,5,47,1.0,0.8999434113502502,0,0,0.0,0.0,-0.5,0.0,0.005035411566495895,-0.40363365411758423
437,5,48,1.0,0.9871454238891602,0,0,0.0,0.0,-0.5,0.0,0.0004194641369394958,-0.3290291428565979
438,5,49,1.0,1.0878138542175293,0,0,0.0,0.0,-0.5,0.0,0.004409227054566145,-0.26933929324150085
439,5,50,1.0,1.4146296977996826,0,0,0.0,0.0,-0.5,0.0,-0.0009441634174436331,-0.1420941799879074
440,5,51,1.0,1.5803077220916748,0,1,0.0,0.0,0.0,0.0,-0.0056571499444544315,-0.09767782688140869
441,5,52,1.0,1.8051680326461792,0,1,0.0,0.0,0.0,0.0,-0.004959992133080959,-0.031090762466192245
442,5,53,1.0,1.8097862005233765,0,1,0.0,0.0,0.0,0.0,-0.004852951969951391,-0.031170684844255447
443,5,54,2.0,1.8425757884979248,1,1,0.0,0.0,0.0,0.0,-0.003087183926254511,-0.02163774147629738
444,5,55,2.0,1.906251072883606,1,1,0.0,0.0,0.0,0.0,-0.004184384364634752,-0.026148881763219833
445,5,56,2.0,1.967977523803711,1,1,0.0,0.0,0.0,0.0,-0.005410514771938324,-0.002711956389248371
446,5,57,2.0,1.9956142902374268,1,1,0.0,0.0,0.0,0.0,-0.003403641516342759,-0.0022413553670048714
447,5,58,2.0,1.9678006172180176,1,1,0.0,0.0,0.0,0.0,0.00014205988554749638,-0.009622075594961643
448,5,59,2.0,1.9376810789108276,1,1,0.0,0.0,0.0,0.0,-0.0012280737282708287,-0.00986496265977621
449,5,60,2.0,1.2808332443237305,1,0,0.0,0.0,0.0,0.0,-0.0009353559580631554,-0.012546437792479992
450,5,61,2.0,1.3473765850067139,1,0,0.0,0.0,0.0,0.0,-0.0026270062662661076,-0.02272539585828781
451,5,62,2.0,1.214086890220642,1,0,0.0,0.0,0.0,0.0,-0.0018426310271024704,-0.006806337274610996
452,5,63,1.0,1.1971386671066284,0,0,0.0,0.0,0.0,0.0,-0.0014529665932059288,-0.004109836183488369
453,5,64,1.0,1.2155263423919678,0,0,0.0,0.0,0.0,0.0,-0.0011610076762735844,-0.012921647168695927
454,5,65,1.0,1.2105361223220825,0,0,0.0,0.0,0.0,0.0,-0.0010250043123960495,-0.012179656885564327
455,5,66,1.0,1.1147180795669556,0,0,0.0,0.0,0.0,0.0,-0.0004342369211371988,0.024915136396884918
456,5,67,1.0,1.1125569343566895,0,0,0.0,0.0,0.0,0.0,-0.0003857987467199564,0.026145262643694878
457,5,68,1.0,1.0824953317642212,0,0,0.0,0.0,0.5,0.0,-1.0484211998118553e-05,0.05372094362974167
458,5,69,1.0,0.9940756559371948,0,0,0.0,0.0,0.5,0.0,0.004257918801158667,0.3592122495174408
459,5,70,1.0,0.9950768947601318,0,0,0.0,0.0,0.5,0.0,0.0011802272638306022,0.5204355716705322
460,5,71,1.0,0.9992170333862305,0,0,0.0,0.0,0.5,0.0,0.002705821068957448,0.5480773448944092
461,5,72,1.0,1.0004445314407349,0,0,0.0,0.0,0.5,0.0,0.0014257939765229821,0.5486153960227966
462,5,73,1.0,0.9984326362609863,0,0,0.0,0.0,0.5,0.0,0.0020712637342512608,0.5544414520263672
463,5,74,1.0,0.9980437159538269,0,0,0.0,0.0,0.5,0.0,0.0018956938292831182,0.5550128817558289
464,5,75,1.0,1.0003093481063843,0,0,0.0,0.0,0.5,0.0,0.0012798093957826495,0.557117760181427
465,5,76,1.0,0.9978551864624023,0,0,0.0,0.0,0.5,0.0,0.0020375840831547976,0.5501900315284729
466,5,77,1.0,0.9973686933517456,0,0,0.0,0.0,0.5,0.0,0.0019520861096680164,0.5461442470550537
467,5,78,1.0,0.9989268779754639,0,0,0.0,0.0,0.5,0.0,0.002694164402782917,0.5478450655937195
468,6,0,1.0,0.9827202558517456,0,0,0.0,0.0,0.0,0.0,-0.23515956103801727,-0.019863709807395935
469,6,1,1.0,0.9801933169364929,0,0,0.0,0.0,0.0,0.0,-0.23476244509220123,-0.026751764118671417
470,6,2,1.0,0.9794790744781494,0,0,0.0,0.0,0.0,0.0,-0.2401685267686844,-0.01914675533771515
471,6,3,1.0,0.9805850982666016,0,0,0.0,0.0,0.0,0.0,-0.240544393658638,-0.017524339258670807
472,6,4,1.0,0.981461226940155,0,0,0.0,0.0,0.0,0.0,-0.24119755625724792,-0.021830033510923386
473,6,5,1.0,0.9817090630531311,0,0,0.0,0.0,0.0,0.0,-0.2412567436695099,-0.021431725472211838
474,6,6,1.0,0.9800675511360168,0,0,0.0,0.0,0.0,0.0,-0.2436285763978958,-0.019795536994934082
475,6,7,1.0,0.9801183938980103,0,0,0.0,-0.25,0.0,0.0,-0.24364547431468964,-0.019693143665790558
476,6,8,1.0,0.9758118391036987,0,0,0.0,-0.25,0.0,0.0,-0.2612490653991699,-0.012448991648852825
477,6,9,1.0,0.9762377738952637,0,0,0.0,-0.25,0.0,0.0,-0.2648859918117523,-0.016041070222854614
478,6,10,1.0,0.977592945098877,0,0,0.0,-0.25,0.0,0.0,-0.26465967297554016,-0.019213788211345673
479,6,11,1.0,0.9828410148620605,0,0,0.0,-0.25,0.0,0.0,-0.26201021671295166,-0.020479120314121246
480,6,12,1.0,0.9917033910751343,0,0,0.0,-0.25,0.0,0.0,-0.22161513566970825,-0.014199388213455677
481,6,13,1.0,0.9982826709747314,0,0,0.0,0.0,0.0,0.0,-0.08567022532224655,-0.012703596614301205
482,6,14,1.0,1.012937068939209,0,0,0.0,0.0,0.0,0.0,-0.01977717876434326,0.0011511240154504776
483,6,15,1.0,1.008065938949585,0,0,0.0,0.0,0.0,0.0,-0.006927069276571274,0.0021271705627441406
484,6,16,1.0,1.015030860900879,0,0,0.0,0.0,0.0,0.0,-0.020030159503221512,0.008414100855588913
485,6,17,1.0,1.0149141550064087,0,0,0.0,0.0,0.0,0.0,-0.01803484372794628,0.009438320994377136
486,6,18,1.0,1.0095328092575073,0,0,0.0,-0.25,0.0,0.0,-0.009812184609472752,0.016474921256303787
487,6,19,1.0,1.0098052024841309,0,0,0.0,0.0,0.0,0.0,-0.012327386997640133,0.021545618772506714
488,6,20,1.0,1.0069289207458496,0,0,0.0,0.0,0.0,0.0,-0.00557724991813302,0.028304196894168854
489,6,21,1.0,1.0057185888290405,0,0,0.0,0.0,0.0,0.0,-0.0013985942350700498,0.03114347532391548
490,6,22,1.0,1.0048160552978516,0,0,0.0,0.0,0.0,0.0,-0.011197889223694801,0.03251711279153824
491,6,23,1.0,1.0045781135559082,0,0,0.0,0.0,0.0,0.0,-0.010681470856070518,0.032286640256643295
492,6,24,1.0,0.9999510049819946,0,0,0.0,0.0,0.0,0.0,-0.00678247632458806,0.023182258009910583
493,6,25,1.0,0.9999107718467712,0,0,0.0,0.0,0.0,0.0,-0.006674162577837706,0.023247748613357544
494,6,26,1.0,0.999249279499054,0,0,0.0,-0.25,0.0,0.0,-0.004542945884168148,0.031347762793302536
495,6,27,1.0,1.000168800354004,0,0,0.0,0.0,0.0,0.0,-0.0018626719247549772,0.013318147510290146
496,6,28,1.0,0.9897183179855347,0,0,0.0,0.0,0.0,0.0,0.008484949357807636,-0.0999729335308075
497,6,29,1.0,0.9826751351356506,0,0,0.0,0.0,0.0,0.0,0.006878829561173916,-0.12274190783500671
498,6,30,1.0,0.9659912586212158,0,0,0.0,0.0,0.0,0.0,0.007575470954179764,-0.33031168580055237
499,6,31,1.0,0.9656848311424255,0,0,0.0,0.0,0.0,0.0,0.00825896579772234,-0.331036239862442
500,6,32,1.0,0.963493824005127,0,0,0.0,0.0,0.0,0.0,0.011512613855302334,-0.35702598094940186
501,6,33,1.0,0.9634765386581421,0,0,0.0,0.0,-0.5,0.0,0.011636164970695972,-0.3569311499595642
502,6,34,1.0,0.9417803287506104,0,0,0.0,0.0,-0.5,0.0,0.012460109777748585,-0.4777138829231262
503,6,35,1.0,0.9028101563453674,0,0,0.0,0.0,-0.5,0.0,0.014283026568591595,-0.49341270327568054
504,6,36,1.0,0.8858994841575623,0,0,0.0,0.0,-0.5,0.0,0.01465663593262434,-0.4610530436038971
505,6,37,1.0,0.9098603129386902,0,0,0.0,0.0,-0.5,0.0,0.007566416170448065,-0.3907372057437897
506,6,38,1.0,1.0066497325897217,0,0,0.0,0.0,-0.5,0.0,0.004718896467238665,-0.3326279819011688
507,6,39,1.0,1.1490553617477417,0,0,0.0,0.0,-0.5,0.0,0.00232793390750885,-0.23482154309749603
508,6,40,1.0,1.4425199031829834,0,0,0.0,0.0,-0.5,0.0,-0.0033206737134605646,-0.12637227773666382
509,6,41,1.0,1.5635242462158203,0,1,0.0,0.0,0.0,0.0,-0.003698711981996894,-0.09419304877519608
510,6,42,1.0,1.8025972843170166,0,1,0.0,0.0,0.0,0.0,-0.004434604197740555,-0.028175372630357742
511,6,43,1.0,1.8073992729187012,0,1,0.0,0.0,0.0,0.0,-0.00458627799525857,-0.026659473776817322
512,6,44,2.0,1.850196361541748,1,1,0.0,0.0,0.0,0.0,-0.005674981512129307,-0.013821055181324482
513,6,45,2.0,1.9248853921890259,1,1,0.0,0.0,0.0,0.0,-0.005043288692831993,-0.018252279609441757
514,6,46,2.0,1.9647101163864136,1,1,0.0,0.0,0.0,0.0,-0.0037383181042969227,-0.0020965682342648506
515,6,47,2.0,1.9838508367538452,1,1,0.0,0.0,0.0,0.0,-0.003418165724724531,0.001265479251742363
516,6,48,2.0,1.9865484237670898,1,1,0.0,0.0,0.0,0.0,-0.004219082184135914,-0.001522495411336422
517,6,49,2.0,1.9884257316589355,1,1,0.0,0.0,0.0,0.0,-0.004631827585399151,0.001399921253323555
518,6,50,2.0,1.9863810539245605,1,1,0.0,0.0,0.0,0.0,-0.0058466969057917595,0.008853903971612453
519,6,51,2.0,1.7479525804519653,1,1,0.0,0.0,0.0,0.0,-0.0066024260595440865,-0.00900824274867773
520,6,52,2.0,1.2818721532821655,1,0,0.0,0.0,0.0,0.0,0.0006902813911437988,-0.0192231684923172
521,6,53,1.0,1.2026530504226685,0,0,0.0,0.0,0.0,0.0,0.0019890759140253067,-0.00935464445501566
522,6,54,1.0,1.0465959310531616,0,0,0.0,0.0,0.0,0.0,0.002089291112497449,0.06768583506345749
523,6,55,1.0,1.002074956893921,0,0,0.0,0.0,0.0,0.0,0.001326903817243874,0.20164191722869873
524,6,56,1.0,0.991643488407135,0,0,0.0,0.0,0.5,0.0,0.0014750935370102525,0.2956775426864624
525,6,57,1.0,0.996191143989563,0,0,0.0,0.0,0.5,0.0,0.0022645762655884027,0.5127825140953064
526,6,58,1.0,0.9986712336540222,0,0,0.0,0.0,0.5,0.0,0.0035195855889469385,0.5115553736686707
527,6,59,1.0,1.0024884939193726,0,0,0.0,0.0,0.5,0.0,0.0035137066151946783,0.5513032674789429
528,6,60,1.0,0.999809980392456,0,0,0.0,0.0,0.5,0.0,0.00171840435359627,0.5487388968467712
529,6,61,1.0,0.9979676008224487,0,0,0.0,0.0,0.5,0.0,0.0016204843996092677,0.5493926405906677
530,6,62,1.0,0.9991772174835205,0,0,0.0,0.0,0.5,0.0,0.0017134782392531633,0.5517369508743286
531,6,63,1.0,0.9999194145202637,0,0,0.0,0.0,0.5,0.0,0.0010809144005179405,0.5522957444190979
532,6,64,1.0,0.9990865588188171,0,0,0.0,0.0,0.5,0.0,0.0026254395488649607,0.5524833798408508
533,6,65,1.0,0.9989978075027466,0,0,0.0,0.0,0.5,0.0,0.0027406318113207817,0.5521360039710999
534,6,66,1.0,0.9983043670654297,0,0,0.0,0.0,0.5,0.0,0.00317283789627254,0.5466866493225098
535,7,0,1.0,0.9773560762405396,0,0,0.0,0.0,0.0,0.0,0.17186219990253448,-0.010355840437114239
536,7,1,1.0,0.9776719808578491,0,0,0.0,0.0,0.0,0.0,0.16963370144367218,-0.011749117635190487
537,7,2,1.0,0.9781917333602905,0,0,0.0,0.0,0.0,0.0,0.18015582859516144,-0.00949819479137659
538,7,3,1.0,0.9783748388290405,0,0,0.0,0.0,0.0,0.0,0.18079936504364014,-0.008939712308347225
539,7,4,1.0,0.9794954061508179,0,0,0.0,0.0,0.0,0.0,0.19438494741916656,-0.010134500451385975
540,7,5,1.0,0.9795190095901489,0,0,0.0,0.0,0.0,0.0,0.19451653957366943,-0.009953678585588932
541,7,6,1.0,0.978573739528656,0,0,0.0,0.0,0.0,0.0,0.20488999783992767,-0.009264354594051838
542,7,7,1.0,0.9785810112953186,0,0,0.0,0.0,0.0,0.0,0.2049163430929184,-0.009225836955010891
543,7,8,1.0,0.9787203073501587,0,0,0.0,0.25,0.0,0.0,0.2012142539024353,-0.012850086204707623
544,7,9,1.0,0.9748614430427551,0,0,0.0,0.25,0.0,0.0,0.24930262565612793,-0.026105742901563644
545,7,10,1.0,0.9801141023635864,0,0,0.0,0.25,0.0,0.0,0.25329598784446716,-0.025057293474674225
546,7,11,1.0,0.972847580909729,0,0,0.0,0.25,0.0,0.0,0.2582995891571045,-0.030026908963918686
547,7,12,1.0,0.9802584052085876,0,0,0.0,0.25,0.0,0.0,0.26470497250556946,-0.03087424486875534
548,7,13,1.0,0.9824233055114746,0,0,0.0,0.25,0.0,0.0,0.2658686637878418,-0.031384628266096115
549,7,14,1.0,0.9836975932121277,0,0,0.0,0.25,0.0,0.0,0.2723121643066406,-0.0340687558054924
550,7,15,1.0,0.9769951701164246,0,0,0.0,0.25,0.0,0.0,0.27232232689857483,-0.039673998951911926
551,7,16,1.0,0.9847112894058228,0,0,0.0,0.25,0.0,0.0,0.279156893491745,-0.04431498795747757
552,7,17,1.0,0.9825393557548523,0,0,0.0,0.25,0.0,0.0,0.28064313530921936,-0.04456802085042
553,7,18,1.0,0.9889218211174011,0,0,0.0,0.25,0.0,0.0,0.28510066866874695,-0.04784800857305527
554,7,19,1.0,0.9832650423049927,0,0,0.0,0.25,0.0,0.0,0.2802608609199524,-0.042227450758218765
555,7,20,1.0,0.9892904162406921,0,0,0.0,0.25,0.0,0.0,0.27507734298706055,-0.04697339981794357
556,7,21,1.0,0.997549295425415,0,0,0.0,0.25,0.0,0.0,0.24274924397468567,-0.037385985255241394
557,7,22,1.0,1.0063015222549438,0,0,0.0,0.0,0.0,0.0,0.15127043426036835,-0.012426656670868397
558,7,23,1.0,1.003749132156372,0,0,0.0,0.0,0.0,0.0,0.07558034360408783,-0.002061286009848118
559,7,24,1.0,1.004015326499939,0,0,0.0,0.0,0.0,0.0,0.05567140504717827,-0.008082539774477482
560,7,25,1.0,1.0042264461517334,0,0,0.0,0.0,0.0,0.0,0.04406960681080818,-0.007406848482787609
561,7,26,1.0,1.007428526878357,0,0,0.0,0.0,0.0,0.0,0.04479289799928665,-0.006966159678995609
562,7,27,1.0,1.007307529449463,0,0,0.0,0.0,0.0,0.0,0.044099342077970505,-0.007701116614043713
563,7,28,1.0,1.006083607673645,0,0,0.0,0.25,0.0,0.0,0.03752132132649422,-0.010609778575599194
564,7,29,1.0,1.0085525512695312,0,0,0.0,0.0,0.0,0.0,0.04593302309513092,0.013988976366817951
565,7,30,1.0,1.003722071647644,0,0,0.0,0.0,0.0,0.0,0.022093933075666428,0.018574301153421402
566,7,31,1.0,1.0033066272735596,0,0,0.0,0.0,0.0,0.0,0.012451662681996822,0.027302982285618782
567,7,32,1.0,1.00264573097229,0,0,0.0,0.0,0.0,0.0,0.01455609779804945,0.00841197744011879
568,7,33,1.0,1.0024330615997314,0,0,0.0,0.0,0.0,0.0,0.013996729627251625,0.00736979441717267
569,7,34,1.0,0.999363362789154,0,0,0.0,0.0,0.0,0.0,0.014650425873696804,-0.0036579379811882973
570,7,35,1.0,0.999318540096283,0,0,0.0,0.0,0.0,0.0,0.014553951099514961,-0.003968157805502415
571,7,36,1.0,0.9964612126350403,0,0,0.0,0.25,0.0,0.0,0.01095638144761324,0.0020164940506219864
572,7,37,1.0,0.9922699928283691,0,0,0.0,0.0,0.0,0.0,0.014332104474306107,-0.006060588173568249
573,7,38,1.0,0.982135534286499,0,0,0.0,0.0,0.0,0.0,0.0067169880494475365,-0.15836651623249054
574,7,39,1.0,0.985284686088562,0,0,0.0,0.0,0.0,0.0,0.0004772071843035519,-0.1238972544670105
575,7,40,1.0,0.9603499174118042,0,0,0.0,0.0,0.0,0.0,0.011306310072541237,-0.3825118839740753
576,7,41,1.0,0.960484504699707,0,0,0.0,0.0,0.0,0.0,0.010707796551287174,-0.38327354192733765
577,7,42,1.0,0.9524165391921997,0,0,0.0,0.0,0.0,0.0,0.01391124352812767,-0.44269150495529175
578,7,43,1.0,0.9524445533752441,0,0,0.0,0.0,0.0,0.0,0.01378989964723587,-0.44289377331733704
579,7,44,1.0,0.9473719596862793,0,0,0.0,0.0,-0.5,0.0,0.009749872609972954,-0.46476149559020996
580,7,45,1.0,0.9190438985824585,0,0,0.0,0.0,-0.5,0.0,0.010033510625362396,-0.4979674518108368
581,7,46,1.0,0.8968133926391602,0,0,0.0,0.0,-0.5,0.0,0.013068781234323978,-0.5127688646316528
582,7,47,1.0,0.8762620687484741,0,0,0.0,0.0,-0.5,0.0,0.013977770693600178,-0.4475650489330292
583,7,48,1.0,0.9169580340385437,0,0,0.0,0.0,-0.5,0.0,0.015044881962239742,-0.3827982544898987
584,7,49,1.0,1.0451384782791138,0,0,0.0,0.0,-0.5,0.0,0.012117168866097927,-0.2745697498321533
585,7,50,1.0,1.2078838348388672,0,0,0.0,0.0,-0.5,0.0,0.0026159079279750586,-0.23075751960277557
586,7,51,1.0,1.395431399345398,0,0,0.0,0.0,-0.5,0.0,-0.0011977115646004677,-0.15015999972820282
587,7,52,1.0,1.7194721698760986,0,1,0.0,0.0,-0.5,0.0,-0.0012310472084209323,-0.05281902849674225
588,7,53,1.0,1.741475224494934,0,1,0.0,0.0,0.0,0.0,-0.0025568376295268536,-0.0447370707988739
589,7,54,1.0,1.8642888069152832,0,1,0.0,0.0,0.0,0.0,-0.002007888164371252,-0.012806161306798458
590,7,55,2.0,1.8660423755645752,1,1,0.0,0.0,0.0,0.0,-0.0020081005059182644,-0.012376938946545124
591,7,56,2.0,1.955777883529663,1,1,0.0,0.0,0.0,0.0,0.0020375766325742006,-0.006938197650015354
592,7,57,2.0,1.9832086563110352,1,1,0.0,0.0,0.0,0.0,-0.0007904483354650438,-0.0038474546745419502
593,7,58,2.0,2.0026144981384277,1,1,0.0,0.0,0.0,0.0,-0.00029578484827652574,0.0039107343181967735
594,7,59,2.0,1.9932277202606201,1,1,0.0,0.0,0.0,0.0,0.0007508251583203673,0.004805226810276508
595,7,60,2.0,1.9305691719055176,1,1,0.0,0.0,0.0,0.0,0.0018312917090952396,-0.0010735010728240013
596,7,61,2.0,1.782137393951416,1,1,0.0,0.0,0.0,0.0,-1.1628390893747564e-05,-0.01730562001466751
597,7,62,2.0,1.204086422920227,1,0,0.0,0.0,0.0,0.0,0.0032236205879598856,-0.012621778063476086
598,7,63,2.0,1.1990110874176025,1,0,0.0,0.0,0.0,0.0,0.0034529278054833412,-0.009718061424791813
599,7,64,1.0,1.1789734363555908,0,0,0.0,0.0,0.0,0.0,0.0031027705408632755,-0.008037003688514233
600,7,65,1.0,1.1736518144607544,0,0,0.0,0.0,0.0,0.0,0.0029331662226468325,-0.008873510174453259
601,7,66,1.0,1.0423485040664673,0,0,0.0,0.0,0.0,0.0,0.004471583291888237,0.06780308485031128
602,7,67,1.0,1.0171587467193604,0,0,0.0,0.0,0.5,0.0,0.004588368348777294,0.12615419924259186
603,7,68,1.0,0.9899927973747253,0,0,0.0,0.0,0.5,0.0,0.005333386827260256,0.3787984251976013
604,7,69,1.0,1.0000905990600586,0,0,0.0,0.0,0.5,0.0,0.0030356275383383036,0.5315079092979431
605,7,70,1.0,0.9989503622055054,0,0,0.0,0.0,0.5,0.0,0.0031682418193668127,0.5386737585067749
606,7,71,1.0,0.9980456829071045,0,0,0.0,0.0,0.5,0.0,0.002694114577025175,0.5463033318519592
607,7,72,1.0,0.9999310970306396,0,0,0.0,0.0,0.5,0.0,0.0035053773317486048,0.5435008406639099
608,7,73,1.0,1.0001764297485352,0,0,0.0,0.0,0.5,0.0,0.0023719717282801867,0.5546125173568726
609,7,74,1.0,0.9997626543045044,0,0,0.0,0.0,0.5,0.0,0.0035568769089877605,0.5429785251617432
610,7,75,1.0,0.9970967173576355,0,0,0.0,0.0,0.5,0.0,0.002696192590519786,0.5405586957931519
611,7,76,1.0,0.9995774030685425,0,0,0.0,0.0,0.5,0.0,0.00371554191224277,0.5409325361251831
612,7,77,1.0,0.9996424317359924,0,0,0.0,0.0,0.5,0.0,0.004173122812062502,0.5403026342391968
613,8,0,1.0,0.9770079851150513,0,0,0.0,0.0,0.0,0.0,0.24202018976211548,-0.016828399151563644
614,8,1,1.0,0.9762318730354309,0,0,0.0,0.0,0.0,0.0,0.23902030289173126,-0.0234004445374012
615,8,2,1.0,0.9769802093505859,0,0,0.0,0.0,0.0,0.0,0.24965627491474152,-0.029995325952768326
616,8,3,1.0,0.9770123958587646,0,0,0.0,0.0,0.0,0.0,0.2505030930042267,-0.028289426118135452
617,8,4,1.0,0.9762275218963623,0,0,0.0,0.0,0.0,0.0,0.2573850452899933,-0.03129183501005173
618,8,5,1.0,0.9762915372848511,0,0,0.0,0.0,0.0,0.0,0.2575792670249939,-0.030922845005989075
619,8,6,1.0,0.9789591431617737,0,0,0.0,0.0,0.0,0.0,0.2599336802959442,-0.033040232956409454
620,8,7,1.0,0.9789863228797913,0,0,0.0,0.0,0.0,0.0,0.25997796654701233,-0.032944079488515854
621,8,8,1.0,0.9795119762420654,0,0,0.0,0.25,0.0,0.0,0.2612137794494629,-0.03295452147722244
622,8,9,1.0,0.9836292862892151,0,0,0.0,0.25,0.0,0.0,0.27528029680252075,-0.03625679761171341
623,8,10,1.0,0.9904488325119019,0,0,0.0,0.25,0.0,0.0,0.2817196249961853,-0.04622557759284973
624,8,11,1.0,0.9946926832199097,0,0,0.0,0.25,0.0,0.0,0.2789047956466675,-0.04479849338531494
625,8,12,1.0,0.99791020154953,0,0,0.0,0.25,0.0,0.0,0.2758306860923767,-0.050431400537490845
626,8,13,1.0,1.0035998821258545,0,0,0.0,0.25,0.0,0.0,0.26032453775405884,-0.03460706025362015
627,8,14,1.0,1.003402590751648,0,0,0.0,0.0,0.0,0.0,0.1600535362958908,-0.011404850520193577
628,8,15,1.0,0.9991284608840942,0,0,0.0,0.0,0.0,0.0,0.08385743200778961,0.010422326624393463
629,8,16,1.0,1.0006945133209229,0,0,0.0,0.0,0.0,0.0,0.04537340626120567,0.016621164977550507
630,8,17,1.0,0.9986690282821655,0,0,0.0,0.0,0.0,0.0,0.0366637296974659,0.009197178296744823
631,8,18,1.0,0.9995037317276001,0,0,0.0,0.0,0.0,0.0,0.029276303946971893,0.024189334362745285
632,8,19,1.0,0.9993869066238403,0,0,0.0,0.0,0.0,0.0,0.0286090187728405,0.02301131561398506
633,8,20,1.0,0.9948326945304871,0,0,0.0,0.0,0.0,0.0,0.03399672731757164,-0.0013875337317585945
634,8,21,1.0,0.9947800636291504,0,0,0.0,0.25,0.0,0.0,0.03380785137414932,-0.001793435774743557
635,8,22,1.0,0.9974424839019775,0,0,0.0,0.0,0.0,0.0,0.03918169438838959,0.008934578858315945
636,8,23,1.0,0.9887826442718506,0,0,0.0,0.0,0.0,0.0,0.02053184248507023,0.01778983138501644
637,8,24,1.0,0.9958826303482056,0,0,0.0,0.0,0.0,0.0,0.01689058355987072,0.012387100607156754
638,8,25,1.0,0.9961618781089783,0,0,0.0,0.0,0.0,0.0,0.014187199994921684,0.0129162622615695
639,8,26,1.0,0.9929304122924805,0,0,0.0,0.0,0.0,0.0,0.014459367841482162,-0.006397397257387638
640,8,27,1.0,0.9928256869316101,0,0,0.0,0.0,0.0,0.0,0.014210056513547897,-0.006903502158820629
641,8,28,1.0,0.9927075505256653,0,0,0.0,0.0,0.0,0.0,0.016089240089058876,0.0038206540048122406
642,8,29,1.0,0.9926760196685791,0,0,0.0,0.25,0.0,0.0,0.016040123999118805,0.003664828836917877
643,8,30,1.0,0.9910454750061035,0,0,0.0,0.0,0.0,0.0,0.015995638445019722,-0.09284211695194244
644,8,31,1.0,0.9823013544082642,0,0,0.0,0.0,0.0,0.0,0.0063386703841388226,-0.06646634638309479
645,8,32,1.0,0.9530873894691467,0,0,0.0,0.0,0.0,0.0,0.014943291433155537,-0.41606035828590393
646,8,33,1.0,0.9530184864997864,0,0,0.0,0.0,0.0,0.0,0.013389607891440392,-0.41969406604766846
647,8,34,1.0,0.9413813352584839,0,0,0.0,0.0,0.0,0.0,0.013581931591033936,-0.4726538360118866
648,8,35,1.0,0.9414523839950562,0,0,0.0,0.0,-0.5,0.0,0.013241498731076717,-0.47299376130104065
649,8,36,1.0,0.9141963124275208,0,0,0.0,0.0,-0.5,0.0,0.015140378847718239,-0.5150113105773926
650,8,37,1.0,0.8801405429840088,0,0,0.0,0.0,-0.5,0.0,0.01424728985875845,-0.5035874247550964
651,8,38,1.0,0.8827158808708191,0,0,0.0,0.0,-0.5,0.0,0.014509058557450771,-0.44045165181159973
652,8,39,1.0,0.8858384490013123,0,0,0.0,0.0,-0.5,0.0,0.009291499853134155,-0.37711846828460693
653,8,40,1.0,0.9969905614852905,0,0,0.0,0.0,-0.5,0.0,0.006112250499427319,-0.2960486114025116
654,8,41,1.0,1.1438539028167725,0,0,0.0,0.0,-0.5,0.0,0.003083958523347974,-0.21699687838554382
655,8,42,1.0,1.4948700666427612,0,0,0.0,0.0,-0.5,0.0,-0.001715205842629075,-0.10385489463806152
656,8,43,1.0,1.5463945865631104,0,1,0.0,0.0,0.0,0.0,-0.0011639720760285854,-0.08765768259763718
657,8,44,1.0,1.818939208984375,0,1,0.0,0.0,0.0,0.0,-0.0014574259985238314,-0.020064864307641983
658,8,45,1.0,1.822784662246704,0,1,0.0,0.0,0.0,0.0,-0.001483913860283792,-0.019051775336265564
659,8,46,2.0,1.8731074333190918,1,1,0.0,0.0,0.0,0.0,-0.0011606261832639575,-0.010789585299789906
660,8,47,2.0,1.9579473733901978,1,1,0.0,0.0,0.0,0.0,-0.0013208542950451374,-0.0066325245425105095
661,8,48,2.0,1.991849660873413,1,1,0.0,0.0,0.0,0.0,-0.0005021560355089605,0.0035578953102231026
662,8,49,2.0,1.9966901540756226,1,1,0.0,0.0,0.0,0.0,0.0007340231677517295,0.004832247272133827
663,8,50,2.0,1.9497898817062378,1,1,0.0,0.0,0.0,0.0,0.0018609571270644665,-0.0009677363559603691
664,8,51,2.0,1.7860276699066162,1,1,0.0,0.0,0.0,0.0,-0.003024025820195675,-0.02081109955906868
665,8,52,2.0,1.0927492380142212,1,0,0.0,0.0,0.0,0.0,0.0031744507141411304,0.031199615448713303
666,8,53,2.0,1.1017225980758667,1,0,0.0,0.0,0.0,0.0,0.0030456173699349165,0.022219087928533554
667,8,54,1.0,1.1034706830978394,0,0,0.0,0.0,0.0,0.0,0.0028009924571961164,0.021686535328626633
668,8,55,1.0,1.100584626197815,0,0,0.0,0.0,0.0,0.0,0.002622691448777914,0.02274630218744278
669,8,56,1.0,1.0355571508407593,0,0,0.0,0.0,0.0,0.0,0.003504724707454443,0.07854345440864563
670,8,57,1.0,1.0344319343566895,0,0,0.0,0.0,0.5,0.0,0.003480453509837389,0.07991915196180344
671,8,58,1.0,0.9873051047325134,0,0,0.0,0.0,0.5,0.0,0.004343999549746513,0.38235464692115784
672,8,59,1.0,0.9987210035324097,0,0,0.0,0.0,0.5,0.0,0.003169221803545952,0.5249390602111816
673,8,60,1.0,1.0018171072006226,0,0,0.0,0.0,0.5,0.0,0.0021114363335072994,0.544063925743103
674,8,61,1.0,1.0019872188568115,0,0,0.0,0.0,0.5,0.0,0.002130369422957301,0.5517363548278809
675,8,62,1.0,1.0037246942520142,0,0,0.0,0.0,0.5,0.0,0.002750162035226822,0.5493204593658447
676,8,63,1.0,1.0022568702697754,0,0,0.0,0.0,0.5,0.0,0.0019690832123160362,0.5520061254501343
677,8,64,1.0,1.002529501914978,0,0,0.0,0.0,0.5,0.0,0.0029640954453498125,0.5498295426368713
678,8,65,1.0,1.0029927492141724,0,0,0.0,0.0,0.5,0.0,0.0027261970099061728,0.5456757545471191
679,8,66,1.0,1.0008299350738525,0,0,0.0,0.0,0.5,0.0,0.0026843592058867216,0.543062686920166
680,8,67,1.0,0.9987496733665466,0,0,0.0,0.0,0.5,0.0,0.0028728211764246225,0.5462482571601868
681,9,0,1.0,0.9780440330505371,0,0,0.0,0.0,0.0,0.0,-0.18513350188732147,-0.008084285072982311
682,9,1,1.0,0.9782489538192749,0,0,0.0,0.0,0.0,0.0,-0.18852362036705017,-0.011880139820277691
683,9,2,1.0,0.9791197180747986,0,0,0.0,0.0,0.0,0.0,-0.19183437526226044,-0.006781413219869137
684,9,3,1.0,0.9790900349617004,0,0,0.0,0.0,0.0,0.0,-0.1917273849248886,-0.005214647389948368
685,9,4,1.0,0.9775615930557251,0,0,0.0,0.0,0.0,0.0,-0.19116663932800293,-0.0038936706259846687
686,9,5,1.0,0.9775410890579224,0,0,0.0,0.0,0.0,0.0,-0.19114023447036743,-0.0035392651334404945
687,9,6,1.0,0.9793412685394287,0,0,0.0,0.0,0.0,0.0,-0.1906605213880539,-0.0020249737426638603
688,9,7,1.0,0.9793519377708435,0,0,0.0,-0.25,0.0,0.0,-0.19065611064434052,-0.0019416296854615211
689,9,8,1.0,0.9712996482849121,0,0,0.0,-0.25,0.0,0.0,-0.2350187599658966,-0.0029396237805485725
690,9,9,1.0,0.9723446369171143,0,0,0.0,-0.25,0.0,0.0,-0.248243048787117,-0.011753502301871777
691,9,10,1.0,0.9759453535079956,0,0,0.0,-0.25,0.0,0.0,-0.24662867188453674,-0.0042424993589520454
692,9,11,1.0,0.9790769815444946,0,0,0.0,-0.25,0.0,0.0,-0.24991828203201294,-0.014077668078243732
693,9,12,1.0,0.9745616912841797,0,0,0.0,-0.25,0.0,0.0,-0.2520686089992523,-0.00903282593935728
694,9,13,1.0,0.974143385887146,0,0,0.0,-0.25,0.0,0.0,-0.25785019993782043,-0.018780019134283066
695,9,14,1.0,0.9716223478317261,0,0,0.0,-0.25,0.0,0.0,-0.26486846804618835,-0.011704920791089535
696,9,15,1.0,0.9722678065299988,0,0,0.0,-0.25,0.0,0.0,-0.2677150070667267,-0.018551591783761978
697,9,16,1.0,0.9729862213134766,0,0,0.0,-0.25,0.0,0.0,-0.27144956588745117,-0.014172610826790333
698,9,17,1.0,0.9778151512145996,0,0,0.0,-0.25,0.0,0.0,-0.27285656332969666,-0.016701001673936844
699,9,18,1.0,0.9723978042602539,0,0,0.0,-0.25,0.0,0.0,-0.2705453336238861,-0.023017168045043945
700,9,19,1.0,0.9751819372177124,0,0,0.0,-0.25,0.0,0.0,-0.26070818305015564,-0.020163729786872864
701,9,20,1.0,0.9959200024604797,0,0,0.0,-0.25,0.0,0.0,-0.1840524673461914,-0.027111142873764038
702,9,21,1.0,1.000003457069397,0,0,0.0,-0.25,0.0,0.0,-0.06172683462500572,-0.03602350503206253
703,9,22,1.0,1.0116257667541504,0,0,0.0,0.0,0.0,0.0,-0.025595219805836678,0.01932954415678978
704,9,23,1.0,1.0022361278533936,0,0,0.0,0.0,0.0,0.0,-0.0023947374429553747,0.02256474271416664
705,9,24,1.0,0.9989036321640015,0,0,0.0,0.0,0.0,0.0,-0.008097345009446144,0.018298674374818802
706,9,25,1.0,0.9979156851768494,0,0,0.0,0.0,0.0,0.0,-0.006602512672543526,0.01739155873656273
707,9,26,1.0,0.9934775233268738,0,0,0.0,0.0,0.0,0.0,-0.004308644682168961,0.006182699464261532
708,9,27,1.0,0.9932094812393188,0,0,0.0,-0.25,0.0,0.0,-0.0038995619397610426,0.006245092488825321
709,9,28,1.0,0.9966075420379639,0,0,0.0,0.0,0.0,0.0,-0.0022182620596140623,-0.018339429050683975
710,9,29,1.0,0.9825624823570251,0,0,0.0,0.0,0.0,0.0,0.008239884860813618,-0.06497205048799515
711,9,30,1.0,0.9609861969947815,0,0,0.0,0.0,0.0,0.0,0.012553765438497066,-0.36411067843437195
712,9,31,1.0,0.9615944623947144,0,0,0.0,0.0,0.0,0.0,0.014072292484343052,-0.3469657897949219
713,9,32,1.0,0.9479035139083862,0,0,0.0,0.0,0.0,0.0,0.015139644034206867,-0.435409814119339
714,9,33,1.0,0.9478325843811035,0,0,0.0,0.0,0.0,0.0,0.015404639765620232,-0.43555137515068054
715,9,34,1.0,0.9381057024002075,0,0,0.0,0.0,0.0,0.0,0.014383416622877121,-0.47229504585266113
716,9,35,1.0,0.9381176829338074,0,0,0.0,0.0,0.0,0.0,0.014440706931054592,-0.47225093841552734
717,9,36,1.0,0.9391106963157654,0,0,0.0,0.0,-0.5,0.0,0.015551477670669556,-0.4669761657714844
718,9,37,1.0,0.9300181269645691,0,0,0.0,0.0,-0.5,0.0,0.0133611299097538,-0.49736544489860535
719,9,38,1.0,0.8887345790863037,0,0,0.0,0.0,-0.5,0.0,0.008628394454717636,-0.5032984018325806
720,9,39,1.0,0.8675047159194946,0,0,0.0,0.0,-0.5,0.0,0.007089259102940559,-0.47025513648986816
721,9,40,1.0,0.9269348382949829,0,0,0.0,0.0,-0.5,0.0,0.004854300059378147,-0.4037227928638458
722,9,41,1.0,0.9851394891738892,0,0,0.0,0.0,-0.5,0.0,0.003388910088688135,-0.32645732164382935
723,9,42,1.0,1.1368842124938965,0,0,0.0,0.0,-0.5,0.0,0.0003877129638567567,-0.24990907311439514
724,9,43,1.0,1.3959170579910278,0,0,0.0,0.0,-0.5,0.0,0.0001459246122976765,-0.14129003882408142
725,9,44,1.0,1.721543312072754,0,1,0.0,0.0,-0.5,0.0,-0.0056883166544139385,-0.050329700112342834
726,9,45,1.0,1.7280027866363525,0,1,0.0,0.0,0.0,0.0,-0.006461474113166332,-0.050323404371738434
727,9,46,1.0,1.8359594345092773,0,1,0.0,0.0,0.0,0.0,-0.004276059567928314,-0.022027358412742615
728,9,47,1.0,1.8384253978729248,0,1,0.0,0.0,0.0,0.0,-0.00429882574826479,-0.021417103707790375
729,9,48,2.0,1.8331938982009888,1,1,0.0,0.0,0.0,0.0,-0.0038190223276615143,-0.02532462403178215
730,9,49,2.0,1.9399714469909668,1,1,0.0,0.0,0.0,0.0,-0.0014185443287715316,-0.017711203545331955
731,9,50,2.0,1.9756280183792114,1,1,0.0,0.0,0.0,0.0,-0.006218946538865566,0.0014594905078411102
732,9,51,2.0,1.9879045486450195,1,1,0.0,0.0,0.0,0.0,-0.005036411341279745,0.0002077212557196617
733,9,52,2.0,1.9819576740264893,1,1,0.0,0.0,0.0,0.0,-0.005054163280874491,-0.003832823596894741
734,9,53,2.0,1.9748539924621582,1,1,0.0,0.0,0.0,0.0,-0.00415577320381999,0.0017877649515867233
735,9,54,2.0,1.908987045288086,1,1,0.0,0.0,0.0,0.0,-0.008012695237994194,-5.168840289115906e-06
736,9,55,2.0,1.6575026512145996,1,1,0.0,0.0,0.0,0.0,0.0017690083477646112,-0.054280780255794525
737,9,56,2.0,1.2789324522018433,1,0,0.0,0.0,0.0,0.0,0.001338848494924605,-0.015552076511085033
738,9,57,1.0,1.2143033742904663,0,0,0.0,0.0,0.0,0.0,0.0018910220824182034,-0.010957100428640842
739,9,58,1.0,1.0886105298995972,0,0,0.0,0.0,0.0,0.0,0.002180628012865782,0.036012377589941025
740,9,59,1.0,1.0689609050750732,0,0,0.0,0.0,0.0,0.0,0.0012490875087678432,0.04450409859418869
741,9,60,1.0,1.0122172832489014,0,0,0.0,0.0,0.0,0.0,0.0007808362133800983,0.1682119071483612
742,9,61,1.0,0.9932268857955933,0,0,0.0,0.0,0.5,0.0,0.0017125625163316727,0.29964151978492737
743,9,62,1.0,0.9960721731185913,0,0,0.0,0.0,0.5,0.0,0.0025053606368601322,0.5151349306106567
744,9,63,1.0,0.9996069669723511,0,0,0.0,0.0,0.5,0.0,0.004269770812243223,0.5214304327964783
745,9,64,1.0,0.999215841293335,0,0,0.0,0.0,0.5,0.0,0.002897118916735053,0.5344187021255493
746,9,65,1.0,1.0005419254302979,0,0,0.0,0.0,0.5,0.0,0.0027436355594545603,0.5507655143737793
747,9,66,1.0,0.9983022809028625,0,0,0.0,0.0,0.5,0.0,0.001942878239788115,0.5580130815505981
748,9,67,1.0,0.9986745119094849,0,0,0.0,0.0,0.5,0.0,0.002316428115591407,0.5593691468238831
749,9,68,1.0,0.9995061159133911,0,0,0.0,0.0,0.5,0.0,0.001933266525156796,0.5518606305122375
750,9,69,1.0,0.9998669028282166,0,0,0.0,0.0,0.5,0.0,0.0018415007507428527,0.5504079461097717
751,9,70,1.0,0.9977854490280151,0,0,0.0,0.0,0.5,0.0,0.0016098578926175833,0.5509312152862549
752,9,71,1.0,0.9986740350723267,0,0,0.0,0.0,0.5,0.0,0.002011612057685852,0.547317385673523
753,10,0,1.0,0.9773561358451843,0,0,0.0,0.0,0.0,0.0,0.17186222970485687,-0.010355775244534016
754,10,1,1.0,0.9776719808578491,0,0,0.0,0.0,0.0,0.0,0.16963370144367218,-0.011749121360480785
755,10,2,1.0,0.9781916737556458,0,0,0.0,0.0,0.0,0.0,0.18015576899051666,-0.009498252533376217
756,10,3,1.0,0.9783746600151062,0,0,0.0,0.0,0.0,0.0,0.18079936504364014,-0.00893972534686327
757,10,4,1.0,0.9794953465461731,0,0,0.0,0.0,0.0,0.0,0.19438490271568298,-0.01013453584164381
758,10,5,1.0,0.9795190095901489,0,0,0.0,0.0,0.0,0.0,0.19451653957366943,-0.009953669272363186
759,10,6,1.0,0.9785737991333008,0,0,0.0,0.0,0.0,0.0,0.20488999783992767,-0.009264339692890644
760,10,7,1.0,0.9785810708999634,0,0,0.0,0.25,0.0,0.0,0.2049163281917572,-0.00922586303204298
761,10,8,1.0,0.9785387516021729,0,0,0.0,0.25,0.0,0.0,0.25154662132263184,-0.024483058601617813
762,10,9,1.0,0.9745389819145203,0,0,0.0,0.25,0.0,0.0,0.25860175490379333,-0.03364516794681549
763,10,10,1.0,0.980260968208313,0,0,0.0,0.25,0.0,0.0,0.25828757882118225,-0.03397471457719803
764,10,11,1.0,0.9766705632209778,0,0,0.0,0.25,0.0,0.0,0.2652268707752228,-0.035125356167554855
765,10,12,1.0,0.9850298166275024,0,0,0.0,0.25,0.0,0.0,0.26828721165657043,-0.030876971781253815
766,10,13,1.0,0.9846033453941345,0,0,0.0,0.25,0.0,0.0,0.27138450741767883,-0.035443030297756195
767,10,14,1.0,0.9812402725219727,0,0,0.0,0.25,0.0,0.0,0.2776831090450287,-0.03981141000986099
768,10,15,1.0,0.9851623773574829,0,0,0.0,0.25,0.0,0.0,0.27966076135635376,-0.045711059123277664
769,10,16,1.0,0.9889451265335083,0,0,0.0,0.25,0.0,0.0,0.2818114757537842,-0.04856255650520325
770,10,17,1.0,0.9885132908821106,0,0,0.0,0.25,0.0,0.0,0.28416118025779724,-0.043642427772283554
771,10,18,1.0,0.9884058833122253,0,0,0.0,0.25,0.0,0.0,0.28078994154930115,-0.041839100420475006
772,10,19,1.0,0.9910199046134949,0,0,0.0,0.25,0.0,0.0,0.27201345562934875,-0.041007738560438156
773,10,20,1.0,1.0016106367111206,0,0,0.0,0.25,0.0,0.0,0.22478990256786346,-0.03092017024755478
774,10,21,1.0,0.999003529548645,0,0,0.0,0.25,0.0,0.0,0.1571744680404663,-0.024482741951942444
775,10,22,1.0,1.0106990337371826,0,0,0.0,0.0,0.0,0.0,0.07231372594833374,0.015474067069590092
776,10,23,1.0,1.0014147758483887,0,0,0.0,0.0,0.0,0.0,0.028611795976758003,0.02624410018324852
777,10,24,1.0,1.0053904056549072,0,0,0.0,0.0,0.0,0.0,0.023235244676470757,0.021334970369935036
778,10,25,1.0,1.0046974420547485,0,0,0.0,0.0,0.0,0.0,0.01927141286432743,0.017099283635616302
779,10,26,1.0,1.0006619691848755,0,0,0.0,0.0,0.0,0.0,0.013955767266452312,0.0014438014477491379
780,10,27,1.0,1.0005075931549072,0,0,0.0,0.0,0.0,0.0,0.013537952676415443,0.00016630161553621292
781,10,28,1.0,0.9991174936294556,0,0,0.0,0.0,0.0,0.0,0.015431367792189121,-0.004562939517199993
782,10,29,1.0,0.9990700483322144,0,0,0.0,0.25,0.0,0.0,0.015341690741479397,-0.00488313939422369
783,10,30,1.0,0.9941930174827576,0,0,0.0,0.0,0.0,0.0,0.012808075174689293,-0.002757207490503788
784,10,31,1.0,0.985975444316864,0,0,0.0,0.0,0.0,0.0,0.008865800686180592,-0.017514578998088837
785,10,32,1.0,0.9756126403808594,0,0,0.0,0.0,0.0,0.0,0.01125370990484953,-0.25560519099235535
786,10,33,1.0,0.9739778637886047,0,0,0.0,0.0,0.0,0.0,0.010175109840929508,-0.27695342898368835
787,10,34,1.0,0.9553834795951843,0,0,0.0,0.0,0.0,0.0,0.013092556968331337,-0.4170374274253845
788,10,35,1.0,0.955487847328186,0,0,0.0,0.0,0.0,0.0,0.01283686887472868,-0.4175094664096832
789,10,36,1.0,0.9510036706924438,0,0,0.0,0.0,0.0,0.0,0.013936699368059635,-0.44751453399658203
790,10,37,1.0,0.9510122537612915,0,0,0.0,0.0,-0.5,0.0,0.013877050019800663,-0.4476228654384613
791,10,38,1.0,0.9314655661582947,0,0,0.0,0.0,-0.5,0.0,0.014721199870109558,-0.49064669013023376
792,10,39,1.0,0.8911916017532349,0,0,0.0,0.0,-0.5,0.0,0.012280951254069805,-0.4864906370639801
793,10,40,1.0,0.8788131475448608,0,0,0.0,0.0,-0.5,0.0,0.01376479584723711,-0.46177032589912415
794,10,41,1.0,0.9167026281356812,0,0,0.0,0.0,-0.5,0.0,0.014384953305125237,-0.3799523711204529
795,10,42,1.0,1.0282231569290161,0,0,0.0,0.0,-0.5,0.0,0.005857899319380522,-0.30775076150894165
796,10,43,1.0,1.1605324745178223,0,0,0.0,0.0,-0.5,0.0,-0.001209127833135426,-0.23831206560134888
797,10,44,1.0,1.454098105430603,0,0,0.0,0.0,-0.5,0.0,-0.0016424170462414622,-0.12284234166145325
798,10,45,1.0,1.5852556228637695,0,1,0.0,0.0,-0.5,0.0,-0.002864358015358448,-0.09223131090402603
799,10,46,1.0,1.8273893594741821,0,1,0.0,0.0,0.0,0.0,-0.0030162432231009007,-0.023144908249378204
800,10,47,1.0,1.8311114311218262,0,1,0.0,0.0,0.0,0.0,-0.003028221195563674,-0.022334132343530655
801,10,48,1.0,1.8538017272949219,0,1,0.0,0.0,0.0,0.0,-0.001735391211695969,-0.015352538786828518
802,10,49,2.0,1.8543038368225098,1,1,0.0,0.0,0.0,0.0,-0.001775946468114853,-0.01533010508865118
803,10,50,2.0,1.9626367092132568,1,1,0.0,0.0,0.0,0.0,0.0017251151148229837,-0.005886879749596119
804,10,51,2.0,1.978569746017456,1,1,0.0,0.0,0.0,0.0,-0.0007714139646850526,-0.004863954149186611
805,10,52,2.0,2.0063929557800293,1,1,0.0,0.0,0.0,0.0,-0.00014179179561324418,0.003981653600931168
806,10,53,2.0,1.9880083799362183,1,1,0.0,0.0,0.0,0.0,0.00014161068247631192,0.004823651164770126
807,10,54,2.0,1.9266248941421509,1,1,0.0,0.0,0.0,0.0,0.001004447229206562,-0.00210676621645689
808,10,55,2.0,1.7319235801696777,1,1,0.0,0.0,0.0,0.0,0.0004966684500686824,-0.02316465601325035
809,10,56,2.0,1.2286427021026611,1,0,0.0,0.0,0.0,0.0,0.002654875861480832,-0.016042105853557587
810,10,57,1.0,1.2150174379348755,0,0,0.0,0.0,0.0,0.0,0.0029248506762087345,-0.01285205315798521
811,10,58,1.0,1.11831533908844,0,0,0.0,0.0,0.0,0.0,0.0037593699526041746,0.013045188970863819
812,10,59,1.0,1.1214649677276611,0,0,0.0,0.0,0.0,0.0,0.0035425801761448383,0.009841877967119217
813,10,60,1.0,1.0782194137573242,0,0,0.0,0.0,0.0,0.0,0.004088243935257196,0.029967624694108963
814,10,61,1.0,1.042375922203064,0,0,0.0,0.0,0.0,0.0,0.004462749231606722,0.06914817541837692
815,10,62,1.0,0.9913129210472107,0,0,0.0,0.0,0.5,0.0,0.0048615820705890656,0.30644258856773376
816,10,63,1.0,0.9947712421417236,0,0,0.0,0.0,0.5,0.0,0.005548244342207909,0.48036572337150574
817,10,64,1.0,1.0008350610733032,0,0,0.0,0.0,0.5,0.0,0.0027509666979312897,0.5367079973220825
818,10,65,1.0,1.0009171962738037,0,0,0.0,0.0,0.5,0.0,0.002551955170929432,0.5445287227630615
819,10,66,1.0,1.0001678466796875,0,0,0.0,0.0,0.5,0.0,0.0028386926278471947,0.5437698364257812
820,10,67,1.0,0.9967914819717407,0,0,0.0,0.0,0.5,0.0,0.00308902352117002,0.5482696294784546
821,10,68,1.0,0.9991728067398071,0,0,0.0,0.0,0.5,0.0,0.0029420664068311453,0.5485649108886719
822,10,69,1.0,1.0000089406967163,0,0,0.0,0.0,0.5,0.0,0.002591687487438321,0.5523204207420349
823,10,70,1.0,0.9977807998657227,0,0,0.0,0.0,0.5,0.0,0.003878497751429677,0.5382217168807983
824,10,71,1.0,0.9981369376182556,0,0,0.0,0.0,0.5,0.0,0.0034007104113698006,0.5414093732833862
825,10,72,1.0,1.000556230545044,0,0,0.0,0.0,0.5,0.0,0.003874831600114703,0.5415745973587036
826,11,0,1.0,0.9827201962471008,0,0,0.0,0.0,0.0,0.0,-0.23515945672988892,-0.019863754510879517
827,11,1,1.0,0.9801933169364929,0,0,0.0,0.0,0.0,0.0,-0.23476241528987885,-0.026751752942800522
828,11,2,1.0,0.9794790744781494,0,0,0.0,0.0,0.0,0.0,-0.24016854166984558,-0.019146732985973358
829,11,3,1.0,0.9805850982666016,0,0,0.0,0.0,0.0,0.0,-0.2405444085597992,-0.017524313181638718
830,11,4,1.0,0.9814611673355103,0,0,0.0,0.0,0.0,0.0,-0.2411976009607315,-0.021830033510923386
831,11,5,1.0,0.9817090630531311,0,0,0.0,0.0,0.0,0.0,-0.2412567436695099,-0.021431710571050644
832,11,6,1.0,0.9800674915313721,0,0,0.0,0.0,0.0,0.0,-0.24362853169441223,-0.019795503467321396
833,11,7,1.0,0.9801183938980103,0,0,0.0,-0.25,0.0,0.0,-0.24364548921585083,-0.01969316229224205
834,11,8,1.0,0.9758118391036987,0,0,0.0,-0.25,0.0,0.0,-0.26124903559684753,-0.012448928318917751
835,11,9,1.0,0.9762377738952637,0,0,0.0,-0.25,0.0,0.0,-0.2648859918117523,-0.01604112610220909
836,11,10,1.0,0.977592945098877,0,0,0.0,-0.25,0.0,0.0,-0.26465967297554016,-0.019213829189538956
837,11,11,1.0,0.9828410148620605,0,0,0.0,-0.25,0.0,0.0,-0.2620101869106293,-0.02047913894057274
838,11,12,1.0,0.9917033910751343,0,0,0.0,-0.25,0.0,0.0,-0.22161516547203064,-0.014199360273778439
839,11,13,1.0,0.9982826709747314,0,0,0.0,-0.25,0.0,0.0,-0.08567026257514954,-0.01270358171314001
840,11,14,1.0,1.010251522064209,0,0,0.0,0.0,0.0,0.0,-0.04591936618089676,0.013767215423285961
841,11,15,1.0,1.0074599981307983,0,0,0.0,0.0,0.0,0.0,-0.007579455617815256,0.03127327561378479
842,11,16,1.0,1.0093433856964111,0,0,0.0,0.0,0.0,0.0,-0.0053886529058218,0.026312343776226044
843,11,17,1.0,1.0087424516677856,0,0,0.0,0.0,0.0,0.0,-0.0033353506587445736,0.02667718008160591
844,11,18,1.0,1.0041707754135132,0,0,0.0,0.0,0.0,0.0,-0.00949844904243946,0.03867192193865776
845,11,19,1.0,1.0040173530578613,0,0,0.0,0.0,0.0,0.0,-0.009102712385356426,0.038928255438804626
846,11,20,1.0,1.0000953674316406,0,0,0.0,0.0,0.0,0.0,-0.006060165818780661,0.024266239255666733
847,11,21,1.0,1.0000762939453125,0,0,0.0,-0.25,0.0,0.0,-0.0059630912728607655,0.024376068264245987
848,11,22,1.0,0.9994453191757202,0,0,0.0,0.0,0.0,0.0,3.552645648596808e-05,0.021276190876960754
849,11,23,1.0,0.9919948577880859,0,0,0.0,0.0,0.0,0.0,0.008199856616556644,-0.00665257778018713
850,11,24,1.0,0.9726744890213013,0,0,0.0,0.0,0.0,0.0,0.0056128185242414474,-0.2557525336742401
851,11,25,1.0,0.9706253409385681,0,0,0.0,0.0,0.0,0.0,0.008618861436843872,-0.2667471170425415
852,11,26,1.0,0.9616480469703674,0,0,0.0,0.0,0.0,0.0,0.010509565472602844,-0.36271777749061584
853,11,27,1.0,0.9615852236747742,0,0,0.0,0.0,0.0,0.0,0.010795644484460354,-0.3626900017261505
854,11,28,1.0,0.9640988111495972,0,0,0.0,0.0,-0.5,0.0,0.011310416273772717,-0.3712930679321289
855,11,29,1.0,0.9366456270217896,0,0,0.0,0.0,-0.5,0.0,0.015252754092216492,-0.4624407887458801
856,11,30,1.0,0.9101251363754272,0,0,0.0,0.0,-0.5,0.0,0.017164956778287888,-0.5123606324195862
857,11,31,1.0,0.8811339139938354,0,0,0.0,0.0,-0.5,0.0,0.01206546276807785,-0.460336834192276
858,11,32,1.0,0.931458592414856,0,0,0.0,0.0,-0.5,0.0,0.007647424470633268,-0.3881937265396118
859,11,33,1.0,1.0511281490325928,0,0,0.0,0.0,-0.5,0.0,0.0035686104092746973,-0.29413244128227234
860,11,34,1.0,1.155246615409851,0,0,0.0,0.0,-0.5,0.0,0.002603963715955615,-0.24423617124557495
861,11,35,1.0,1.4361903667449951,0,0,0.0,0.0,-0.5,0.0,-0.003415847895666957,-0.14840257167816162
862,11,36,1.0,1.6830122470855713,0,1,0.0,0.0,0.0,0.0,-0.0063303192146122456,-0.05349248647689819
863,11,37,1.0,1.718949317932129,0,1,0.0,0.0,0.0,0.0,-0.005121312104165554,-0.04558071866631508
864,11,38,1.0,1.844132900238037,0,1,0.0,0.0,0.0,0.0,-0.0067287627607584,-0.012213350273668766
865,11,39,2.0,1.8466585874557495,1,1,0.0,0.0,0.0,0.0,-0.0067365956492722034,-0.01160366553813219
866,11,40,2.0,1.9613118171691895,1,1,0.0,0.0,0.0,0.0,-0.004397775046527386,-0.0013490943238139153
867,11,41,2.0,1.970353364944458,1,1,0.0,0.0,0.0,0.0,-0.005284805782139301,-0.0047294991090893745
868,11,42,2.0,1.972116231918335,1,1,0.0,0.0,0.0,0.0,-0.003759999293833971,-0.0013674544170498848
869,11,43,2.0,1.9875320196151733,1,1,0.0,0.0,0.0,0.0,-0.004358404316008091,-3.453623503446579e-05
870,11,44,2.0,1.9888052940368652,1,1,0.0,0.0,0.0,0.0,-0.005376492161303759,0.005176556296646595
871,11,45,2.0,1.9741768836975098,1,1,0.0,0.0,0.0,0.0,-0.005525578744709492,0.010755032300949097
872,11,46,2.0,1.6661298274993896,1,1,0.0,0.0,0.0,0.0,-0.005457325838506222,-0.013828241266310215
873,11,47,2.0,1.6325395107269287,1,1,0.0,0.0,0.0,0.0,-0.00106140470597893,-0.03853438422083855
874,11,48,1.0,1.2238863706588745,0,0,0.0,0.0,0.0,0.0,0.0019529986893758178,-0.0142405079677701
875,11,49,1.0,1.1093461513519287,0,0,0.0,0.0,0.0,0.0,0.0024979293812066317,0.020002320408821106
876,11,50,1.0,1.061692237854004,0,0,0.0,0.0,0.0,0.0,0.0013110932195559144,0.047709595412015915
877,11,51,1.0,1.0055458545684814,0,0,0.0,0.0,0.0,0.0,0.001951515907421708,0.1804874986410141
878,11,52,1.0,0.9945823550224304,0,0,0.0,0.0,0.5,0.0,0.0013759583234786987,0.2601063847541809
879,11,53,1.0,0.9949438571929932,0,0,0.0,0.0,0.5,0.0,0.0020361896604299545,0.5125740766525269
880,11,54,1.0,1.000104546546936,0,0,0.0,0.0,0.5,0.0,0.002659453544765711,0.5339446663856506
881,11,55,1.0,1.0025966167449951,0,0,0.0,0.0,0.5,0.0,0.0033639015164226294,0.5553796291351318
882,11,56,1.0,0.9992725849151611,0,0,0.0,0.0,0.5,0.0,0.001861088676378131,0.5512965321540833
883,11,57,1.0,0.9971577525138855,0,0,0.0,0.0,0.5,0.0,0.0020175985991954803,0.5530362129211426
884,11,58,1.0,0.9984169602394104,0,0,0.0,0.0,0.5,0.0,0.0018080935114994645,0.5514951944351196
885,11,59,1.0,0.9992055296897888,0,0,0.0,0.0,0.5,0.0,0.000931520015001297,0.5527887940406799
886,11,60,1.0,0.9983644485473633,0,0,0.0,0.0,0.5,0.0,0.002335299039259553,0.5517821907997131
887,11,61,1.0,0.9989041686058044,0,0,0.0,0.0,0.5,0.0,0.002736280672252178,0.5484793186187744
888,11,62,1.0,0.9984133839607239,0,0,0.0,0.0,0.5,0.0,0.0030834772624075413,0.5474949479103088
889,12,0,1.0,0.977008044719696,0,0,0.0,0.0,0.0,0.0,0.24202018976211548,-0.01682840660214424
890,12,1,1.0,0.9762319326400757,0,0,0.0,0.0,0.0,0.0,0.23902033269405365,-0.023400411009788513
891,12,2,1.0,0.9769802093505859,0,0,0.0,0.0,0.0,0.0,0.2496563196182251,-0.029995258897542953
892,12,3,1.0,0.9770123958587646,0,0,0.0,0.0,0.0,0.0,0.2505030632019043,-0.02828938141465187
893,12,4,1.0,0.9762275218963623,0,0,0.0,0.0,0.0,0.0,0.2573850452899933,-0.031291842460632324
894,12,5,1.0,0.9762916564941406,0,0,0.0,0.0,0.0,0.0,0.2575792670249939,-0.03092292696237564
895,12,6,1.0,0.9789592027664185,0,0,0.0,0.0,0.0,0.0,0.2599336802959442,-0.03304024413228035
896,12,7,1.0,0.9789863228797913,0,0,0.0,0.0,0.0,0.0,0.2599780261516571,-0.032944031059741974
897,12,8,1.0,0.97974693775177,0,0,0.0,0.0,0.0,0.0,0.25910139083862305,-0.03072323277592659
898,12,9,1.0,0.9797534346580505,0,0,0.0,0.25,0.0,0.0,0.2591111660003662,-0.030700404196977615
899,12,10,1.0,0.986494243144989,0,0,0.0,0.25,0.0,0.0,0.2744562327861786,-0.04322220757603645
900,12,11,1.0,0.9901795983314514,0,0,0.0,0.25,0.0,0.0,0.28164947032928467,-0.04852636903524399
901,12,12,1.0,0.9966479539871216,0,0,0.0,0.25,0.0,0.0,0.27948689460754395,-0.05571480840444565
902,12,13,1.0,0.9916781783103943,0,0,0.0,0.25,0.0,0.0,0.2785399854183197,-0.04461996629834175
903,12,14,1.0,1.0036324262619019,0,0,0.0,0.25,0.0,0.0,0.2525760233402252,-0.0245877206325531
904,12,15,1.0,1.0027235746383667,0,0,0.0,0.25,0.0,0.0,0.1820969134569168,-0.01822805032134056
905,12,16,1.0,1.0066792964935303,0,0,0.0,0.0,0.0,0.0,0.06838806718587875,0.030973676592111588
906,12,17,1.0,0.9955241680145264,0,0,0.0,0.0,0.0,0.0,0.017446748912334442,0.03629240021109581
907,12,18,1.0,0.9957516193389893,0,0,0.0,0.0,0.0,0.0,0.02414514683187008,0.01866389624774456
908,12,19,1.0,0.9939684271812439,0,0,0.0,0.0,0.0,0.0,0.019302483648061752,0.01558908075094223
909,12,20,1.0,0.9937888383865356,0,0,0.0,0.0,0.0,0.0,0.017684374004602432,-0.0006253737956285477
910,12,21,1.0,0.9936118125915527,0,0,0.0,0.0,0.0,0.0,0.017252802848815918,-0.0016576210036873817
911,12,22,1.0,0.993233323097229,0,0,0.0,0.0,0.0,0.0,0.015877163037657738,0.008205156773328781
912,12,23,1.0,0.9931792616844177,0,0,0.0,0.25,0.0,0.0,0.015778398141264915,0.007905516773462296
913,12,24,1.0,0.9913417100906372,0,0,0.0,0.0,0.0,0.0,0.01562509499490261,-0.09198535978794098
914,12,25,1.0,0.9828293323516846,0,0,0.0,0.0,0.0,0.0,0.006037635263055563,-0.06544415652751923
915,12,26,1.0,0.9545804858207703,0,0,0.0,0.0,0.0,0.0,0.01484302431344986,-0.40808895230293274
916,12,27,1.0,0.954792857170105,0,0,0.0,0.0,0.0,0.0,0.013415224850177765,-0.41130563616752625
917,12,28,1.0,0.9414693713188171,0,0,0.0,0.0,0.0,0.0,0.013154156506061554,-0.4734385907649994
918,12,29,1.0,0.9415373802185059,0,0,0.0,0.0,0.0,0.0,0.012826310470700264,-0.4737838804721832
919,12,30,1.0,0.9413037300109863,0,0,0.0,0.0,-0.5,0.0,0.011069233529269695,-0.47052693367004395
920,12,31,1.0,0.9128817915916443,0,0,0.0,0.0,-0.5,0.0,0.013867141678929329,-0.5083370208740234
921,12,32,1.0,0.8921234607696533,0,0,0.0,0.0,-0.5,0.0,0.012503678910434246,-0.5179421305656433
922,12,33,1.0,0.8791348338127136,0,0,0.0,0.0,-0.5,0.0,0.010799611918628216,-0.4413663446903229
923,12,34,1.0,0.9508038759231567,0,0,0.0,0.0,-0.5,0.0,0.0084739550948143,-0.37392327189445496
924,12,35,1.0,1.0396426916122437,0,0,0.0,0.0,-0.5,0.0,0.00677189975976944,-0.26119765639305115
925,12,36,1.0,1.1710612773895264,0,0,0.0,0.0,-0.5,0.0,0.0035825539380311966,-0.21874508261680603
926,12,37,1.0,1.380262017250061,0,0,0.0,0.0,-0.5,0.0,-0.0025625070556998253,-0.13952483236789703
927,12,38,1.0,1.7495262622833252,0,1,0.0,0.0,-0.5,0.0,-0.0017696379218250513,-0.03612630069255829
928,12,39,1.0,1.7748823165893555,0,1,0.0,0.0,0.0,0.0,-0.002551877638325095,-0.030028630048036575
929,12,40,1.0,1.863603115081787,0,1,0.0,0.0,0.0,0.0,-0.0010666665621101856,-0.0099931126460433
930,12,41,1.0,1.8653463125228882,0,1,0.0,0.0,0.0,0.0,-0.001105800038203597,-0.00950541254132986
931,12,42,2.0,1.8686778545379639,1,1,0.0,0.0,0.0,0.0,-0.0014521286357194185,-0.010739699937403202
932,12,43,2.0,1.9582782983779907,1,1,0.0,0.0,0.0,0.0,-0.0017246187198907137,-0.005575464107096195
933,12,44,2.0,1.993964672088623,1,1,0.0,0.0,0.0,0.0,-0.00045266971574164927,0.0014281421899795532
934,12,45,2.0,1.9950603246688843,1,1,0.0,0.0,0.0,0.0,0.0005951623315922916,0.007490498013794422
935,12,46,2.0,1.9541501998901367,1,1,0.0,0.0,0.0,0.0,0.0014345012605190277,0.0009301155805587769
936,12,47,2.0,1.7587060928344727,1,1,0.0,0.0,0.0,0.0,-0.0018880979623645544,-0.025156062096357346
937,12,48,2.0,1.0891200304031372,1,0,0.0,0.0,0.0,0.0,0.002826268319040537,0.031118255108594894
938,12,49,2.0,1.0965628623962402,1,0,0.0,0.0,0.0,0.0,0.002837543375790119,0.022590873762965202
939,12,50,1.0,1.0704443454742432,0,0,0.0,0.0,0.0,0.0,0.0027280396316200495,0.04174179583787918
940,12,51,1.0,1.0690245628356934,0,0,0.0,0.0,0.0,0.0,0.0027415791992098093,0.04242413491010666
941,12,52,1.0,1.032443642616272,0,0,0.0,0.0,0.0,0.0,0.003402151633054018,0.08463999629020691
942,12,53,1.0,1.0313526391983032,0,0,0.0,0.0,0.0,0.0,0.0033264514058828354,0.08613146096467972
943,12,54,1.0,1.0045957565307617,0,0,0.0,0.0,0.5,0.0,0.0039757369086146355,0.17812958359718323
944,12,55,1.0,0.9908982515335083,0,0,0.0,0.0,0.5,0.0,0.004256501793861389,0.3379940986633301
945,12,56,1.0,1.0001137256622314,0,0,0.0,0.0,0.5,0.0,0.0032163711730390787,0.5319278836250305
946,12,57,1.0,1.001589059829712,0,0,0.0,0.0,0.5,0.0,0.0022569186985492706,0.5430197715759277
947,12,58,1.0,1.003954291343689,0,0,0.0,0.0,0.5,0.0,0.00260066706687212,0.5536115169525146
948,12,59,1.0,1.0016651153564453,0,0,0.0,0.0,0.5,0.0,0.0024681449867784977,0.5509092807769775
949,12,60,1.0,1.0024415254592896,0,0,0.0,0.0,0.5,0.0,0.0018124418566003442,0.5499991178512573
950,12,61,1.0,1.0022685527801514,0,0,0.0,0.0,0.5,0.0,0.0021187022794038057,0.5514452457427979
951,12,62,1.0,1.0029325485229492,0,0,0.0,0.0,0.5,0.0,0.003187947440892458,0.5471498370170593
952,12,63,1.0,1.0007729530334473,0,0,0.0,0.0,0.5,0.0,0.0030041274148970842,0.5474538803100586
953,12,64,1.0,0.9986851215362549,0,0,0.0,0.0,0.5,0.0,0.003095233580097556,0.5467768907546997
954,13,0,1.0,0.9780440330505371,0,0,0.0,0.0,0.0,0.0,-0.18513353168964386,-0.008084260858595371
955,13,1,1.0,0.9782488942146301,0,0,0.0,0.0,0.0,0.0,-0.18852365016937256,-0.011880137957632542
956,13,2,1.0,0.9791197776794434,0,0,0.0,0.0,0.0,0.0,-0.19183437526226044,-0.006781470961868763
957,13,3,1.0,0.9790898561477661,0,0,0.0,0.0,0.0,0.0,-0.1917273849248886,-0.005214688368141651
958,13,4,1.0,0.9775615930557251,0,0,0.0,0.0,0.0,0.0,-0.19116665422916412,-0.003893665038049221
959,13,5,1.0,0.9775411486625671,0,0,0.0,0.0,0.0,0.0,-0.19114024937152863,-0.003539172001183033
960,13,6,1.0,0.9793412685394287,0,0,0.0,0.0,0.0,0.0,-0.1906605064868927,-0.002024986781179905
961,13,7,1.0,0.9793519377708435,0,0,0.0,-0.25,0.0,0.0,-0.1906561255455017,-0.001941668801009655
962,13,8,1.0,0.9712996482849121,0,0,0.0,-0.25,0.0,0.0,-0.2350187450647354,-0.002939612604677677
963,13,9,1.0,0.972344696521759,0,0,0.0,-0.25,0.0,0.0,-0.24824301898479462,-0.011753509752452374
964,13,10,1.0,0.975945234298706,0,0,0.0,-0.25,0.0,0.0,-0.24662862718105316,-0.004242469556629658
965,13,11,1.0,0.9790771007537842,0,0,0.0,-0.25,0.0,0.0,-0.24991829693317413,-0.014077640138566494
966,13,12,1.0,0.9745616912841797,0,0,0.0,-0.25,0.0,0.0,-0.2520686089992523,-0.009032771922647953
967,13,13,1.0,0.974143385887146,0,0,0.0,-0.25,0.0,0.0,-0.2578502297401428,-0.018780037760734558
968,13,14,1.0,0.9716222882270813,0,0,0.0,-0.25,0.0,0.0,-0.26486846804618835,-0.011704838834702969
969,13,15,1.0,0.9722678661346436,0,0,0.0,-0.25,0.0,0.0,-0.2677150070667267,-0.018551617860794067
970,13,16,1.0,0.9729862213134766,0,0,0.0,-0.25,0.0,0.0,-0.2714495360851288,-0.014172638766467571
971,13,17,1.0,0.9778151512145996,0,0,0.0,-0.25,0.0,0.0,-0.27285656332969666,-0.016701053828001022
972,13,18,1.0,0.9723978638648987,0,0,0.0,-0.25,0.0,0.0,-0.2705453038215637,-0.023017123341560364
973,13,19,1.0,0.9751819372177124,0,0,0.0,-0.25,0.0,0.0,-0.260708212852478,-0.020163681358098984
974,13,20,1.0,0.9959200620651245,0,0,0.0,-0.25,0.0,0.0,-0.1840524822473526,-0.027111172676086426
975,13,21,1.0,1.000003457069397,0,0,0.0,0.0,0.0,0.0,-0.06172682344913483,-0.036023493856191635
976,13,22,1.0,1.0118303298950195,0,0,0.0,0.0,0.0,0.0,-0.021504629403352737,-0.01478645857423544
977,13,23,1.0,1.008987307548523,0,0,0.0,0.0,0.0,0.0,-0.008030420169234276,-0.012864234857261181
978,13,24,1.0,1.011425256729126,0,0,0.0,0.0,0.0,0.0,-0.003618143033236265,2.1146610379219055e-05
979,13,25,1.0,1.0104739665985107,0,0,0.0,0.0,0.0,0.0,-0.004205696750432253,-0.0005098599940538406
980,13,26,1.0,1.0072605609893799,0,0,0.0,0.0,0.0,0.0,-0.008309055119752884,-0.0068986499682068825
981,13,27,1.0,1.0071959495544434,0,0,0.0,-0.25,0.0,0.0,-0.00803167000412941,-0.006587299518287182
982,13,28,1.0,1.0076920986175537,0,0,0.0,0.0,0.0,0.0,-0.0048700799234211445,0.012147083878517151
983,13,29,1.0,1.0010851621627808,0,0,0.0,0.0,0.0,0.0,-0.0023883231915533543,0.008580345660448074
984,13,30,1.0,0.9944827556610107,0,0,0.0,0.0,0.0,0.0,-0.0039305235259234905,0.007842707447707653
985,13,31,1.0,0.9940325021743774,0,0,0.0,0.0,0.0,0.0,-0.0037041092291474342,0.011858949437737465
986,13,32,1.0,0.990227460861206,0,0,0.0,0.0,0.0,0.0,-0.0038623211439698935,-0.025012705475091934
987,13,33,1.0,0.9901033639907837,0,0,0.0,0.0,0.0,0.0,-0.0036535111721605062,-0.025176052004098892
988,13,34,1.0,0.9902922511100769,0,0,0.0,-0.25,0.0,0.0,-0.0004649531911127269,-0.021352499723434448
989,13,35,1.0,0.9876010417938232,0,0,0.0,0.0,0.0,0.0,0.00020989163022022694,-0.07169743627309799
990,13,36,1.0,0.9712792634963989,0,0,0.0,0.0,0.0,0.0,0.008432344533503056,-0.26462024450302124
991,13,37,1.0,0.9529927968978882,0,0,0.0,0.0,0.0,0.0,0.011924663558602333,-0.3583788573741913
992,13,38,1.0,0.9499081373214722,0,0,0.0,0.0,0.0,0.0,0.010631514713168144,-0.4128805100917816
993,13,39,1.0,0.9497140645980835,0,0,0.0,0.0,0.0,0.0,0.011152302846312523,-0.41376060247421265
994,13,40,1.0,0.9422106742858887,0,0,0.0,0.0,-0.5,0.0,0.014056431129574776,-0.45308664441108704
995,13,41,1.0,0.9308991432189941,0,0,0.0,0.0,-0.5,0.0,0.013217674568295479,-0.4900188744068146
996,13,42,1.0,0.8914788961410522,0,0,0.0,0.0,-0.5,0.0,0.010128304362297058,-0.504422128200531
997,13,43,1.0,0.8738024234771729,0,0,0.0,0.0,-0.5,0.0,0.00722105847671628,-0.4690890312194824
998,13,44,1.0,0.9264288544654846,0,0,0.0,0.0,-0.5,0.0,0.005310659762471914,-0.40447482466697693
999,13,45,1.0,0.9875549674034119,0,0,0.0,0.0,-0.5,0.0,0.002862941939383745,-0.3270881474018097
1000,13,46,1.0,1.1526241302490234,0,0,0.0,0.0,-0.5,0.0,-0.00011875508789671585,-0.24452972412109375
1001,13,47,1.0,1.3663804531097412,0,0,0.0,0.0,-0.5,0.0,-7.693016232224181e-05,-0.15347245335578918
1002,13,48,1.0,1.7232608795166016,0,1,0.0,0.0,-0.5,0.0,-0.005723708309233189,-0.04972892999649048
1003,13,49,1.0,1.7351768016815186,0,1,0.0,0.0,0.0,0.0,-0.006473015062510967,-0.04810769110918045
1004,13,50,1.0,1.8359601497650146,0,1,0.0,0.0,0.0,0.0,-0.004276142921298742,-0.022027254104614258
1005,13,51,2.0,1.838426113128662,1,1,0.0,0.0,0.0,0.0,-0.004298891872167587,-0.02141706272959709
1006,13,52,2.0,1.9533894062042236,1,1,0.0,0.0,0.0,0.0,-0.00385267473757267,-0.00609490554779768
1007,13,53,2.0,1.9747016429901123,1,1,0.0,0.0,0.0,0.0,-0.00496642803773284,-0.005732404999434948
1008,13,54,2.0,1.9851597547531128,1,1,0.0,0.0,0.0,0.0,-0.004562787711620331,-0.0028733080253005028
1009,13,55,2.0,1.9776537418365479,1,1,0.0,0.0,0.0,0.0,-0.00038041325751692057,-0.007745019160211086
1010,13,56,2.0,1.9459693431854248,1,1,0.0,0.0,0.0,0.0,-0.001976897707208991,-0.00846374686807394
1011,13,57,2.0,1.4216481447219849,1,0,0.0,0.0,0.0,0.0,-0.002346040215343237,-0.02679792419075966
1012,13,58,2.0,1.2177879810333252,1,0,0.0,0.0,0.0,0.0,-0.002830361481755972,-0.0055039310827851295
1013,13,59,2.0,1.186000108718872,1,0,0.0,0.0,0.0,0.0,-0.0019932095892727375,0.0007517384365200996
1014,13,60,1.0,1.0704889297485352,0,0,0.0,0.0,0.0,0.0,-0.00016471697017550468,0.06318024545907974
1015,13,61,1.0,1.063256859779358,0,0,0.0,0.0,0.5,0.0,7.37781883799471e-05,0.07090204954147339
1016,13,62,1.0,0.9943434596061707,0,0,0.0,0.0,0.5,0.0,0.003666473086923361,0.34968477487564087
1017,13,63,1.0,0.9983164668083191,0,0,0.0,0.0,0.5,0.0,0.001985972747206688,0.5357493758201599
1018,13,64,1.0,0.998234748840332,0,0,0.0,0.0,0.5,0.0,0.00217426847666502,0.5386248230934143
1019,13,65,1.0,0.9991885423660278,0,0,0.0,0.0,0.5,0.0,0.002998286159709096,0.5428512692451477
1020,13,66,1.0,0.9977660775184631,0,0,0.0,0.0,0.5,0.0,0.0018255336908623576,0.5556947588920593
1021,13,67,1.0,0.9963259696960449,0,0,0.0,0.0,0.5,0.0,0.0018080829177051783,0.5521941184997559
1022,13,68,1.0,0.9982870817184448,0,0,0.0,0.0,0.5,0.0,0.0024859814438968897,0.5505458116531372
1023,13,69,1.0,0.9977102875709534,0,0,0.0,0.0,0.5,0.0,0.0016078099142760038,0.5512345433235168
1024,13,70,1.0,0.9978054761886597,0,0,0.0,0.0,0.5,0.0,0.0016840518219396472,0.5506688356399536
1025,13,71,1.0,0.9971880912780762,0,0,0.0,0.0,0.5,0.0,0.002544601447880268,0.5467916131019592
1026,14,0,1.0,0.9827201962471008,0,0,0.0,0.0,0.0,0.0,-0.2351595014333725,-0.019863758236169815
1027,14,1,1.0,0.9801933765411377,0,0,0.0,0.0,0.0,0.0,-0.23476240038871765,-0.026751771569252014
1028,14,2,1.0,0.9794790744781494,0,0,0.0,0.0,0.0,0.0,-0.2401685267686844,-0.019146766513586044
1029,14,3,1.0,0.9805850386619568,0,0,0.0,0.0,0.0,0.0,-0.240544393658638,-0.017524354159832
1030,14,4,1.0,0.9814611673355103,0,0,0.0,0.0,0.0,0.0,-0.2411976009607315,-0.021830003708600998
1031,14,5,1.0,0.9817090630531311,0,0,0.0,0.0,0.0,0.0,-0.2412567436695099,-0.021431662142276764
1032,14,6,1.0,0.9800675511360168,0,0,0.0,0.0,0.0,0.0,-0.2436285763978958,-0.019795499742031097
1033,14,7,1.0,0.9801183938980103,0,0,0.0,-0.25,0.0,0.0,-0.24364547431468964,-0.019693151116371155
1034,14,8,1.0,0.9758118987083435,0,0,0.0,-0.25,0.0,0.0,-0.2612490653991699,-0.012448999099433422
1035,14,9,1.0,0.9762376546859741,0,0,0.0,-0.25,0.0,0.0,-0.2648859918117523,-0.016041133552789688
1036,14,10,1.0,0.977592945098877,0,0,0.0,-0.25,0.0,0.0,-0.26465970277786255,-0.019213862717151642
1037,14,11,1.0,0.9828410148620605,0,0,0.0,-0.25,0.0,0.0,-0.26201021671295166,-0.02047906443476677
1038,14,12,1.0,0.9917033910751343,0,0,0.0,-0.25,0.0,0.0,-0.22161510586738586,-0.01419940497726202
1039,14,13,1.0,0.9982826113700867,0,0,0.0,0.0,0.0,0.0,-0.08567023277282715,-0.012703615240752697
1040,14,14,1.0,1.012937068939209,0,0,0.0,0.0,0.0,0.0,-0.019777175039052963,0.0011511202901601791
1041,14,15,1.0,1.0080658197402954,0,0,0.0,0.0,0.0,0.0,-0.0069270809181034565,0.0021271994337439537
1042,14,16,1.0,1.0150309801101685,0,0,0.0,0.0,0.0,0.0,-0.020030159503221512,0.008414127863943577
1043,14,17,1.0,1.0149142742156982,0,0,0.0,0.0,0.0,0.0,-0.018034838140010834,0.009438341483473778
1044,14,18,1.0,1.0138481855392456,0,0,0.0,0.0,0.0,0.0,-0.008383193984627724,0.019171250984072685
1045,14,19,1.0,1.0138033628463745,0,0,0.0,-0.25,0.0,0.0,-0.008053549565374851,0.019457481801509857
1046,14,20,1.0,1.0103976726531982,0,0,0.0,0.0,0.0,0.0,0.003184671513736248,0.03540727496147156
1047,14,21,1.0,1.0085710287094116,0,0,0.0,0.0,0.0,0.0,0.007317632436752319,0.03429488092660904
1048,14,22,1.0,1.0057765245437622,0,0,0.0,0.0,0.0,0.0,-0.003919615410268307,0.03813289478421211
1049,14,23,1.0,1.005489468574524,0,0,0.0,0.0,0.0,0.0,-0.003396841464564204,0.037652648985385895
1050,14,24,1.0,1.001816987991333,0,0,0.0,0.0,0.0,0.0,-0.010150447487831116,0.025678450241684914
1051,14,25,1.0,1.0016992092132568,0,0,0.0,0.0,0.0,0.0,-0.009943381883203983,0.025723807513713837
1052,14,26,1.0,1.000449538230896,0,0,0.0,0.0,0.0,0.0,-0.007854366675019264,0.024608423933386803
1053,14,27,1.0,1.0004384517669678,0,0,0.0,-0.25,0.0,0.0,-0.007803654298186302,0.024659758433699608
1054,14,28,1.0,0.9981601238250732,0,0,0.0,0.0,0.0,0.0,0.0008020126260817051,0.013406763784587383
1055,14,29,1.0,0.9886782765388489,0,0,0.0,0.0,0.0,0.0,0.010373691096901894,-0.018253173679113388
1056,14,30,1.0,0.9734204411506653,0,0,0.0,0.0,0.0,0.0,0.005142944864928722,-0.254607617855072
1057,14,31,1.0,0.9714342355728149,0,0,0.0,0.0,0.0,0.0,0.00821329653263092,-0.2671332061290741
1058,14,32,1.0,0.9621255993843079,0,0,0.0,0.0,0.0,0.0,0.009690962731838226,-0.36816105246543884
1059,14,33,1.0,0.962078869342804,0,0,0.0,0.0,0.0,0.0,0.009979810565710068,-0.36814364790916443
1060,14,34,1.0,0.9644916653633118,0,0,0.0,0.0,-0.5,0.0,0.011407802812755108,-0.3716055452823639
1061,14,35,1.0,0.9372313618659973,0,0,0.0,0.0,-0.5,0.0,0.015493490733206272,-0.4631631374359131
1062,14,36,1.0,0.9102504253387451,0,0,0.0,0.0,-0.5,0.0,0.017236633226275444,-0.5123838782310486
1063,14,37,1.0,0.8822371363639832,0,0,0.0,0.0,-0.5,0.0,0.012474526651203632,-0.4606858789920807
1064,14,38,1.0,0.9270421266555786,0,0,0.0,0.0,-0.5,0.0,0.007262199651449919,-0.3884100317955017
1065,14,39,1.0,1.0516891479492188,0,0,0.0,0.0,-0.5,0.0,0.002709287451580167,-0.29802799224853516
1066,14,40,1.0,1.15665602684021,0,0,0.0,0.0,-0.5,0.0,0.0024665098171681166,-0.24504414200782776
1067,14,41,1.0,1.4313385486602783,0,0,0.0,0.0,-0.5,0.0,-0.0029852797742933035,-0.14950141310691833
1068,14,42,1.0,1.6826748847961426,0,1,0.0,0.0,0.0,0.0,-0.006409347057342529,-0.05397640913724899
1069,14,43,1.0,1.718571662902832,0,1,0.0,0.0,0.0,0.0,-0.005196191370487213,-0.04609005153179169
1070,14,44,1.0,1.8427469730377197,0,1,0.0,0.0,0.0,0.0,-0.00704397214576602,-0.013058952055871487
1071,14,45,2.0,1.845252513885498,1,1,0.0,0.0,0.0,0.0,-0.007065049838274717,-0.012468949891626835
1072,14,46,2.0,1.9597548246383667,1,1,0.0,0.0,0.0,0.0,-0.004572246689349413,-0.0017391545698046684
1073,14,47,2.0,1.968754529953003,1,1,0.0,0.0,0.0,0.0,-0.005535403732210398,-0.004989544861018658
1074,14,48,2.0,1.9738452434539795,1,1,0.0,0.0,0.0,0.0,-0.0037253941409289837,-0.0007522730156779289
1075,14,49,2.0,1.9895398616790771,1,1,0.0,0.0,0.0,0.0,-0.004321772139519453,0.000439520925283432
1076,14,50,2.0,1.987579345703125,1,1,0.0,0.0,0.0,0.0,-0.005205287132412195,0.00505418237298727
1077,14,51,2.0,1.9727661609649658,1,1,0.0,0.0,0.0,0.0,-0.005290045868605375,0.010660499334335327
1078,14,52,2.0,1.6641186475753784,1,1,0.0,0.0,0.0,0.0,-0.0057032303884625435,-0.01163457427173853
1079,14,53,2.0,1.5606894493103027,1,1,0.0,0.0,0.0,0.0,-0.0011806144611909986,-0.03630870208144188
1080,14,54,2.0,1.2115288972854614,1,0,0.0,0.0,0.0,0.0,0.001673782360740006,-0.016264494508504868
1081,14,55,2.0,1.082628607749939,1,0,0.0,0.0,0.0,0.0,0.001586585189215839,0.03508623316884041
1082,14,56,1.0,1.0028107166290283,0,0,0.0,0.0,0.0,0.0,0.0012120752362534404,0.21193063259124756
1083,14,57,1.0,0.9941372871398926,0,0,0.0,0.0,0.0,0.0,0.0009575192234478891,0.27687668800354004
1084,14,58,1.0,0.987166166305542,0,0,0.0,0.0,0.5,0.0,0.0009925146587193012,0.35836976766586304
1085,14,59,1.0,0.9957242012023926,0,0,0.0,0.0,0.5,0.0,0.001867369981482625,0.5177282691001892
1086,14,60,1.0,1.0004311800003052,0,0,0.0,0.0,0.5,0.0,0.002653798321262002,0.5306440591812134
1087,14,61,1.0,1.0050822496414185,0,0,0.0,0.0,0.5,0.0,0.002862973604351282,0.553486168384552
1088,14,62,1.0,0.9991281032562256,0,0,0.0,0.0,0.5,0.0,0.0018843489233404398,0.5480162501335144
1089,14,63,1.0,0.9963276386260986,0,0,0.0,0.0,0.5,0.0,0.0016769779613241553,0.5520927906036377
1090,14,64,1.0,0.9984338879585266,0,0,0.0,0.0,0.5,0.0,0.0019010601099580526,0.5523389577865601
1091,14,65,1.0,0.9990718364715576,0,0,0.0,0.0,0.5,0.0,0.0012230685679242015,0.5526015758514404
1092,14,66,1.0,0.9979610443115234,0,0,0.0,0.0,0.5,0.0,0.00220072316005826,0.5523315072059631
1093,14,67,1.0,0.9986127614974976,0,0,0.0,0.0,0.5,0.0,0.003221087157726288,0.550218403339386
1094,14,68,1.0,0.9981645345687866,0,0,0.0,0.0,0.5,0.0,0.0029566632583737373,0.5482187271118164
1095,15,0,1.0,0.9773560762405396,0,0,0.0,0.0,0.0,0.0,0.17186222970485687,-0.010355797596275806
1096,15,1,1.0,0.9776721000671387,0,0,0.0,0.0,0.0,0.0,0.16963370144367218,-0.011749106459319592
1097,15,2,1.0,0.9781916737556458,0,0,0.0,0.0,0.0,0.0,0.18015581369400024,-0.00949824322015047
1098,15,3,1.0,0.978374719619751,0,0,0.0,0.0,0.0,0.0,0.18079939484596252,-0.008939727209508419
1099,15,4,1.0,0.9794954061508179,0,0,0.0,0.0,0.0,0.0,0.19438491761684418,-0.010134450159966946
1100,15,5,1.0,0.9795190691947937,0,0,0.0,0.0,0.0,0.0,0.19451650977134705,-0.00995365995913744
1101,15,6,1.0,0.9785736203193665,0,0,0.0,0.0,0.0,0.0,0.20488999783992767,-0.00926434900611639
1102,15,7,1.0,0.9785810112953186,0,0,0.0,0.25,0.0,0.0,0.2049163430929184,-0.00922581646591425
1103,15,8,1.0,0.9785387516021729,0,0,0.0,0.25,0.0,0.0,0.2515466511249542,-0.02448302134871483
1104,15,9,1.0,0.9745389223098755,0,0,0.0,0.25,0.0,0.0,0.25860172510147095,-0.0336451530456543
1105,15,10,1.0,0.9802610874176025,0,0,0.0,0.25,0.0,0.0,0.25828754901885986,-0.03397466242313385
1106,15,11,1.0,0.976670503616333,0,0,0.0,0.25,0.0,0.0,0.26522690057754517,-0.03512531891465187
1107,15,12,1.0,0.985029935836792,0,0,0.0,0.25,0.0,0.0,0.2682872414588928,-0.03087698295712471
1108,15,13,1.0,0.9846032857894897,0,0,0.0,0.25,0.0,0.0,0.2713845372200012,-0.035443153232336044
1109,15,14,1.0,0.9812402129173279,0,0,0.0,0.25,0.0,0.0,0.27768316864967346,-0.039811428636312485
1110,15,15,1.0,0.9851623773574829,0,0,0.0,0.25,0.0,0.0,0.27966076135635376,-0.04571103677153587
1111,15,16,1.0,0.9889451265335083,0,0,0.0,0.25,0.0,0.0,0.28181150555610657,-0.04856259375810623
1112,15,17,1.0,0.9885132312774658,0,0,0.0,0.25,0.0,0.0,0.28416118025779724,-0.04364243149757385
1113,15,18,1.0,0.9884058237075806,0,0,0.0,0.25,0.0,0.0,0.28078994154930115,-0.0418391115963459
1114,15,19,1.0,0.9910198450088501,0,0,0.0,0.25,0.0,0.0,0.27201342582702637,-0.04100774601101875
1115,15,20,1.0,1.0016106367111206,0,0,0.0,0.25,0.0,0.0,0.22478990256786346,-0.030920132994651794
1116,15,21,1.0,0.9990034699440002,0,0,0.0,0.0,0.0,0.0,0.1571744829416275,-0.02448270469903946
1117,15,22,1.0,1.0092145204544067,0,0,0.0,0.0,0.0,0.0,0.08343282341957092,-0.011001006700098515
1118,15,23,1.0,1.0055389404296875,0,0,0.0,0.0,0.0,0.0,0.0507681779563427,-0.006612903438508511
1119,15,24,1.0,1.0064688920974731,0,0,0.0,0.0,0.0,0.0,0.04773504287004471,-0.012893558479845524
1120,15,25,1.0,1.0061891078948975,0,0,0.0,0.0,0.0,0.0,0.04603785276412964,-0.014136779122054577
1121,15,26,1.0,1.0066869258880615,0,0,0.0,0.0,0.0,0.0,0.048433445394039154,-0.009429347701370716
1122,15,27,1.0,1.006622076034546,0,0,0.0,0.0,0.0,0.0,0.04810668155550957,-0.009802543558180332
1123,15,28,1.0,1.0060396194458008,0,0,0.0,0.0,0.0,0.0,0.044663745909929276,-0.012425956316292286
1124,15,29,1.0,1.0060240030288696,0,0,0.0,0.0,0.0,0.0,0.04458194971084595,-0.012542304582893848
1125,15,30,1.0,1.0072076320648193,0,0,0.0,0.0,0.0,0.0,0.047886982560157776,-0.012646912597119808
1126,15,31,1.0,1.0072036981582642,0,0,0.0,0.0,0.0,0.0,0.04786355420947075,-0.0126797491684556
1127,15,32,1.0,1.0065244436264038,0,0,0.0,0.25,0.0,0.0,0.040687546133995056,-0.010054162703454494
1128,15,33,1.0,1.008426547050476,0,0,0.0,0.0,0.0,0.0,0.05161977931857109,0.011831487528979778
1129,15,34,1.0,1.002285361289978,0,0,0.0,0.0,0.0,0.0,0.021993324160575867,0.017994660884141922
1130,15,35,1.0,1.0019924640655518,0,0,0.0,0.0,0.0,0.0,0.010828430764377117,0.02841920033097267
1131,15,36,1.0,1.00298011302948,0,0,0.0,0.0,0.0,0.0,0.01506357453763485,0.009518846869468689
1132,15,37,1.0,1.0027852058410645,0,0,0.0,0.0,0.0,0.0,0.014507107436656952,0.008522648364305496
1133,15,38,1.0,0.9983165860176086,0,0,0.0,0.0,0.0,0.0,0.015214882791042328,-0.0042736707255244255
1134,15,39,1.0,0.9982603192329407,0,0,0.0,0.0,0.0,0.0,0.015122180804610252,-0.004576235078275204
1135,15,40,1.0,0.996569037437439,0,0,0.0,0.25,0.0,0.0,0.011065676808357239,0.0017167339101433754
1136,15,41,1.0,0.9922991991043091,0,0,0.0,0.0,0.0,0.0,0.014051963575184345,-0.006183424033224583
1137,15,42,1.0,0.981762170791626,0,0,0.0,0.0,0.0,0.0,0.0068663605488836765,-0.15780757367610931
1138,15,43,1.0,0.9851298332214355,0,0,0.0,0.0,0.0,0.0,0.0006444493774324656,-0.12290339171886444
1139,15,44,1.0,0.9605610966682434,0,0,0.0,0.0,0.0,0.0,0.011293682269752026,-0.3806537389755249
1140,15,45,1.0,0.9607022404670715,0,0,0.0,0.0,0.0,0.0,0.010696320794522762,-0.38147711753845215
1141,15,46,1.0,0.9523407220840454,0,0,0.0,0.0,0.0,0.0,0.01393977738916874,-0.44352272152900696
1142,15,47,1.0,0.9523665308952332,0,0,0.0,0.0,0.0,0.0,0.013819561339914799,-0.44372275471687317
1143,15,48,1.0,0.9474072456359863,0,0,0.0,0.0,-0.5,0.0,0.009515980258584023,-0.4644750654697418
1144,15,49,1.0,0.9193421602249146,0,0,0.0,0.0,-0.5,0.0,0.00983590167015791,-0.4971618354320526
1145,15,50,1.0,0.8972567319869995,0,0,0.0,0.0,-0.5,0.0,0.012596902437508106,-0.5133782029151917
1146,15,51,1.0,0.8765782713890076,0,0,0.0,0.0,-0.5,0.0,0.013626777566969395,-0.44621822237968445
1147,15,52,1.0,0.9194642305374146,0,0,0.0,0.0,-0.5,0.0,0.01602080464363098,-0.3799321949481964
1148,15,53,1.0,1.0471464395523071,0,0,0.0,0.0,-0.5,0.0,0.010187815874814987,-0.27802157402038574
1149,15,54,1.0,1.2135868072509766,0,0,0.0,0.0,-0.5,0.0,0.0026919881347566843,-0.2298225313425064
1150,15,55,1.0,1.3964980840682983,0,0,0.0,0.0,-0.5,0.0,-0.0008841454400680959,-0.14820607006549835
1151,15,56,1.0,1.7192293405532837,0,1,0.0,0.0,-0.5,0.0,-0.0014155368553474545,-0.05275018513202667
1152,15,57,1.0,1.7415730953216553,0,1,0.0,0.0,0.0,0.0,-0.0027919267304241657,-0.04459818825125694
1153,15,58,1.0,1.865321159362793,0,1,0.0,0.0,0.0,0.0,-0.0020563225261867046,-0.012662160210311413
1154,15,59,1.0,1.8670862913131714,0,1,0.0,0.0,0.0,0.0,-0.00205298513174057,-0.012240246869623661
1155,15,60,2.0,1.843007206916809,1,1,0.0,0.0,0.0,0.0,-0.001908243983052671,-0.018173396587371826
1156,15,61,2.0,1.948301076889038,1,1,0.0,0.0,0.0,0.0,0.0019032728159800172,-0.004983033053576946
1157,15,62,2.0,1.9931652545928955,1,1,0.0,0.0,0.0,0.0,-0.00069207459455356,-0.002055407501757145
1158,15,63,2.0,1.9957832098007202,1,1,0.0,0.0,0.0,0.0,-0.0010436454322189093,0.002077805809676647
1159,15,64,2.0,1.9791760444641113,1,1,0.0,0.0,0.0,0.0,-0.00010020660556619987,-0.0002069920301437378
1160,15,65,2.0,1.9099392890930176,1,1,0.0,0.0,0.0,0.0,0.002706533530727029,-0.005669425241649151
1161,15,66,2.0,1.1073006391525269,1,0,0.0,0.0,0.0,0.0,0.003665863536298275,0.017733819782733917
1162,15,67,2.0,1.1305875778198242,1,0,0.0,0.0,0.0,0.0,0.003359916852787137,0.010296842083334923
1163,15,68,2.0,1.0691083669662476,1,0,0.0,0.0,0.0,0.0,0.003071455517783761,0.0435904860496521
1164,15,69,1.0,1.0696280002593994,0,0,0.0,0.0,0.0,0.0,0.0032516494393348694,0.04243634268641472
1165,15,70,1.0,1.0300043821334839,0,0,0.0,0.0,0.5,0.0,0.004134519957005978,0.09394612908363342
1166,15,71,1.0,0.9937002658843994,0,0,0.0,0.0,0.5,0.0,0.0050026485696434975,0.317898690700531
1167,15,72,1.0,0.9996801614761353,0,0,0.0,0.0,0.5,0.0,0.003399199340492487,0.5259210467338562
1168,15,73,1.0,0.997658371925354,0,0,0.0,0.0,0.5,0.0,0.0020388260018080473,0.5314769744873047
1169,15,74,1.0,0.9997053146362305,0,0,0.0,0.0,0.5,0.0,0.0031896550208330154,0.5405139923095703
1170,15,75,1.0,0.9996829032897949,0,0,0.0,0.0,0.5,0.0,0.002880317158997059,0.5466925501823425
1171,15,76,1.0,0.999638020992279,0,0,0.0,0.0,0.5,0.0,0.0028706812299788,0.5487720370292664
1172,15,77,1.0,1.000207781791687,0,0,0.0,0.0,0.5,0.0,0.002871490316465497,0.5529146790504456
1173,15,78,1.0,0.9983552694320679,0,0,0.0,0.0,0.5,0.0,0.003717423416674137,0.5399122834205627
1174,15,79,1.0,0.9978890419006348,0,0,0.0,0.0,0.5,0.0,0.0031745454762130976,0.543838381767273
1175,15,80,1.0,1.0005278587341309,0,0,0.0,0.0,0.5,0.0,0.0041941385716199875,0.5426895022392273
1176,16,0,1.0,0.9780440330505371,0,0,0.0,0.0,0.0,0.0,-0.18513354659080505,-0.008084225468337536
1177,16,1,1.0,0.9782490134239197,0,0,0.0,0.0,0.0,0.0,-0.18852366507053375,-0.011880145408213139
1178,16,2,1.0,0.9791197776794434,0,0,0.0,0.0,0.0,0.0,-0.19183436036109924,-0.006781441159546375
1179,16,3,1.0,0.9790899157524109,0,0,0.0,0.0,0.0,0.0,-0.19172735512256622,-0.0052146753296256065
1180,16,4,1.0,0.9775615930557251,0,0,0.0,0.0,0.0,0.0,-0.19116663932800293,-0.003893657587468624
1181,16,5,1.0,0.9775410890579224,0,0,0.0,0.0,0.0,0.0,-0.19114023447036743,-0.0035391366109251976
1182,16,6,1.0,0.9793412685394287,0,0,0.0,0.0,0.0,0.0,-0.1906605213880539,-0.0020249588415026665
1183,16,7,1.0,0.9793519973754883,0,0,0.0,-0.25,0.0,0.0,-0.19065609574317932,-0.0019416967406868935
1184,16,8,1.0,0.9712996482849121,0,0,0.0,-0.25,0.0,0.0,-0.2350187599658966,-0.002939571626484394
1185,16,9,1.0,0.9723447561264038,0,0,0.0,-0.25,0.0,0.0,-0.248243048787117,-0.011753560043871403
1186,16,10,1.0,0.9759453535079956,0,0,0.0,-0.25,0.0,0.0,-0.24662861227989197,-0.004242538474500179
1187,16,11,1.0,0.9790771007537842,0,0,0.0,-0.25,0.0,0.0,-0.24991828203201294,-0.014077636413276196
1188,16,12,1.0,0.9745616912841797,0,0,0.0,-0.25,0.0,0.0,-0.2520686686038971,-0.009032775647938251
1189,16,13,1.0,0.974143385887146,0,0,0.0,-0.25,0.0,0.0,-0.2578502297401428,-0.018779970705509186
1190,16,14,1.0,0.9716222882270813,0,0,0.0,-0.25,0.0,0.0,-0.26486846804618835,-0.011704959906637669
1191,16,15,1.0,0.9722678065299988,0,0,0.0,-0.25,0.0,0.0,-0.2677150070667267,-0.01855161413550377
1192,16,16,1.0,0.9729862213134766,0,0,0.0,-0.25,0.0,0.0,-0.2714495360851288,-0.014172635041177273
1193,16,17,1.0,0.9778151512145996,0,0,0.0,-0.25,0.0,0.0,-0.27285653352737427,-0.016700953245162964
1194,16,18,1.0,0.9723978638648987,0,0,0.0,-0.25,0.0,0.0,-0.2705453038215637,-0.02301713451743126
1195,16,19,1.0,0.9751819372177124,0,0,0.0,-0.25,0.0,0.0,-0.260708212852478,-0.02016381174325943
1196,16,20,1.0,0.995919942855835,0,0,0.0,-0.25,0.0,0.0,-0.1840524673461914,-0.027111172676086426
1197,16,21,1.0,1.0000035762786865,0,0,0.0,-0.25,0.0,0.0,-0.061726827174425125,-0.03602350875735283
1198,16,22,1.0,1.0116257667541504,0,0,0.0,0.0,0.0,0.0,-0.025595229119062424,0.01932952180504799
1199,16,23,1.0,1.0022361278533936,0,0,0.0,0.0,0.0,0.0,-0.0023947313893586397,0.022564774379134178
1200,16,24,1.0,0.9989036917686462,0,0,0.0,0.0,0.0,0.0,-0.008097334764897823,0.018298698589205742
1201,16,25,1.0,0.9979157447814941,0,0,0.0,0.0,0.0,0.0,-0.00660250149667263,0.017391633242368698
1202,16,26,1.0,0.9934775233268738,0,0,0.0,0.0,0.0,0.0,-0.004308653995394707,0.0061827152967453
1203,16,27,1.0,0.9932094812393188,0,0,0.0,0.0,0.0,0.0,-0.00389956496655941,0.006245097145438194
1204,16,28,1.0,0.9893689751625061,0,0,0.0,0.0,0.0,0.0,-0.005620293784886599,-0.015502066351473331
1205,16,29,1.0,0.989337146282196,0,0,0.0,0.0,0.0,0.0,-0.005517212674021721,-0.01538457628339529
1206,16,30,1.0,0.9922130703926086,0,0,0.0,-0.25,0.0,0.0,-0.0033210874535143375,-0.011023401282727718
1207,16,31,1.0,0.9880273342132568,0,0,0.0,0.0,0.0,0.0,0.0002663749910425395,-0.05253315716981888
1208,16,32,1.0,0.9719066619873047,0,0,0.0,0.0,0.0,0.0,0.008214086294174194,-0.2685665786266327
1209,16,33,1.0,0.9586859345436096,0,0,0.0,0.0,0.0,0.0,0.01157460454851389,-0.3460991084575653
1210,16,34,1.0,0.9524358510971069,0,0,0.0,0.0,0.0,0.0,0.01029915176331997,-0.4037981629371643
1211,16,35,1.0,0.9522168636322021,0,0,0.0,0.0,0.0,0.0,0.010811066254973412,-0.4047238528728485
1212,16,36,1.0,0.9387101531028748,0,0,0.0,0.0,0.0,0.0,0.014964473433792591,-0.4744480550289154
1213,16,37,1.0,0.9387049674987793,0,0,0.0,0.0,-0.5,0.0,0.015082309953868389,-0.4744311571121216
1214,16,38,1.0,0.9200006723403931,0,0,0.0,0.0,-0.5,0.0,0.013033805415034294,-0.5037240982055664
1215,16,39,1.0,0.8867498636245728,0,0,0.0,0.0,-0.5,0.0,0.010584419593214989,-0.5040382146835327
1216,16,40,1.0,0.880946159362793,0,0,0.0,0.0,-0.5,0.0,0.012261001393198967,-0.4572589695453644
1217,16,41,1.0,0.894901692867279,0,0,0.0,0.0,-0.5,0.0,0.005529121495783329,-0.40711501240730286
1218,16,42,1.0,0.9842760562896729,0,0,0.0,0.0,-0.5,0.0,0.0014918511733412743,-0.3310970664024353
1219,16,43,1.0,1.0982640981674194,0,0,0.0,0.0,-0.5,0.0,0.0061174556612968445,-0.2543766498565674
1220,16,44,1.0,1.415810465812683,0,0,0.0,0.0,-0.5,0.0,-0.0006134348222985864,-0.1411997377872467
1221,16,45,1.0,1.5884774923324585,0,1,0.0,0.0,-0.5,0.0,-0.005066122859716415,-0.09400240331888199
1222,16,46,1.0,1.8029279708862305,0,1,0.0,0.0,0.0,0.0,-0.004939202219247818,-0.030336912721395493
1223,16,47,1.0,1.8075484037399292,0,1,0.0,0.0,0.0,0.0,-0.004829063080251217,-0.030484125018119812
1224,16,48,1.0,1.8372077941894531,0,1,0.0,0.0,0.0,0.0,-0.004318229388445616,-0.02364223450422287
1225,16,49,2.0,1.8378121852874756,1,1,0.0,0.0,0.0,0.0,-0.004321690648794174,-0.02339930459856987
1226,16,50,2.0,1.9387043714523315,1,1,0.0,0.0,0.0,0.0,-0.0012051205849274993,-0.013867831788957119
1227,16,51,2.0,1.9696478843688965,1,1,0.0,0.0,0.0,0.0,-0.006596989929676056,-0.0005720546469092369
1228,16,52,2.0,1.9784945249557495,1,1,0.0,0.0,0.0,0.0,-0.005303485319018364,-0.0005644531920552254
1229,16,53,2.0,1.999903917312622,1,1,0.0,0.0,0.0,0.0,-0.003275879193097353,-0.0036147618666291237
1230,16,54,2.0,1.973515272140503,1,1,0.0,0.0,0.0,0.0,-0.004857115913182497,-0.001567482016980648
1231,16,55,2.0,1.9222304821014404,1,1,0.0,0.0,0.0,0.0,-0.007192827295511961,-0.0012179100885987282
1232,16,56,2.0,1.3411954641342163,1,0,0.0,0.0,0.0,0.0,0.006723972037434578,-0.03383529931306839
1233,16,57,2.0,1.32698392868042,1,0,0.0,0.0,0.0,0.0,0.0020667118951678276,-0.029190976172685623
1234,16,58,1.0,1.2044484615325928,0,0,0.0,0.0,0.0,0.0,0.0013631369220092893,-0.014189503155648708
1235,16,59,1.0,1.097197413444519,0,0,0.0,0.0,0.0,0.0,0.0016865779180079699,0.026525426656007767
1236,16,60,1.0,1.040362000465393,0,0,0.0,0.0,0.0,0.0,0.0015251643490046263,0.08125398308038712
1237,16,61,1.0,1.0283375978469849,0,0,0.0,0.0,0.0,0.0,0.0015892165247350931,0.108179472386837
1238,16,62,1.0,0.9863486289978027,0,0,0.0,0.0,0.5,0.0,0.002689866116270423,0.381788045167923
1239,16,63,1.0,0.997342586517334,0,0,0.0,0.0,0.5,0.0,0.0024947854690253735,0.5185208916664124
1240,16,64,1.0,0.9995964765548706,0,0,0.0,0.0,0.5,0.0,0.003213733434677124,0.5087927579879761
1241,16,65,1.0,1.0037482976913452,0,0,0.0,0.0,0.5,0.0,0.0035957349464297295,0.5414937734603882
1242,16,66,1.0,0.9984509944915771,0,0,0.0,0.0,0.5,0.0,0.0018468140624463558,0.5431118607521057
1243,16,67,1.0,0.9996128678321838,0,0,0.0,0.0,0.5,0.0,0.002309127477928996,0.5586786866188049
1244,16,68,1.0,0.9983723759651184,0,0,0.0,0.0,0.5,0.0,0.0015586428344249725,0.5565559267997742
1245,16,69,1.0,0.9981558322906494,0,0,0.0,0.0,0.5,0.0,0.0015348063316196203,0.55519038438797
1246,16,70,1.0,0.998198390007019,0,0,0.0,0.0,0.5,0.0,0.0016555599868297577,0.5520117282867432
1247,16,71,1.0,0.9976874589920044,0,0,0.0,0.0,0.5,0.0,0.0019714548252522945,0.5460201501846313
1248,16,72,1.0,0.9973349571228027,0,0,0.0,0.0,0.5,0.0,0.0022270551417022943,0.5502923727035522
1249,17,0,1.0,0.9770081639289856,0,0,0.0,0.0,0.0,0.0,0.24202023446559906,-0.01682838797569275
1250,17,1,1.0,0.9762318730354309,0,0,0.0,0.0,0.0,0.0,0.23902030289173126,-0.023400384932756424
1251,17,2,1.0,0.9769802689552307,0,0,0.0,0.0,0.0,0.0,0.24965627491474152,-0.02999529242515564
1252,17,3,1.0,0.9770124554634094,0,0,0.0,0.0,0.0,0.0,0.2505030632019043,-0.028289400041103363
1253,17,4,1.0,0.9762275815010071,0,0,0.0,0.0,0.0,0.0,0.2573850452899933,-0.031291842460632324
1254,17,5,1.0,0.9762915968894958,0,0,0.0,0.0,0.0,0.0,0.2575792670249939,-0.03092288225889206
1255,17,6,1.0,0.9789592027664185,0,0,0.0,0.0,0.0,0.0,0.2599337100982666,-0.033040259033441544
1256,17,7,1.0,0.9789863228797913,0,0,0.0,0.25,0.0,0.0,0.2599780261516571,-0.03294406831264496
1257,17,8,1.0,0.9859102964401245,0,0,0.0,0.25,0.0,0.0,0.2751966416835785,-0.04307294264435768
1258,17,9,1.0,0.9887346029281616,0,0,0.0,0.25,0.0,0.0,0.28023403882980347,-0.046912457793951035
1259,17,10,1.0,0.9966452717781067,0,0,0.0,0.25,0.0,0.0,0.27948641777038574,-0.05572044104337692
1260,17,11,1.0,0.9916766881942749,0,0,0.0,0.25,0.0,0.0,0.2785402238368988,-0.04462311044335365
1261,17,12,1.0,1.0037790536880493,0,0,0.0,0.25,0.0,0.0,0.252530962228775,-0.024583078920841217
1262,17,13,1.0,1.0027004480361938,0,0,0.0,0.25,0.0,0.0,0.1819750815629959,-0.017968032509088516
1263,17,14,1.0,1.0066790580749512,0,0,0.0,0.0,0.0,0.0,0.06838816404342651,0.030973054468631744
1264,17,15,1.0,0.9955241084098816,0,0,0.0,0.0,0.0,0.0,0.017446771264076233,0.03629188984632492
1265,17,16,1.0,0.9957515001296997,0,0,0.0,0.0,0.0,0.0,0.02414519712328911,0.018663763999938965
1266,17,17,1.0,0.9939683675765991,0,0,0.0,0.0,0.0,0.0,0.019302522763609886,0.015588975511491299
1267,17,18,1.0,0.9937888383865356,0,0,0.0,0.0,0.0,0.0,0.017684370279312134,-0.0006254091858863831
1268,17,19,1.0,0.9936118125915527,0,0,0.0,0.0,0.0,0.0,0.017252810299396515,-0.0016576526686549187
1269,17,20,1.0,0.993233323097229,0,0,0.0,0.0,0.0,0.0,0.015877168625593185,0.008205225691199303
1270,17,21,1.0,0.9931792616844177,0,0,0.0,0.25,0.0,0.0,0.01577838510274887,0.007905524224042892
1271,17,22,1.0,0.9913415908813477,0,0,0.0,0.0,0.0,0.0,0.015625081956386566,-0.09198538959026337
1272,17,23,1.0,0.9828294515609741,0,0,0.0,0.0,0.0,0.0,0.006037630140781403,-0.06544411927461624
1273,17,24,1.0,0.954580545425415,0,0,0.0,0.0,0.0,0.0,0.01484302245080471,-0.4080888628959656
1274,17,25,1.0,0.9547929167747498,0,0,0.0,0.0,0.0,0.0,0.013415226712822914,-0.411305695772171
1275,17,26,1.0,0.9414694309234619,0,0,0.0,0.0,0.0,0.0,0.013154158368706703,-0.4734386205673218
1276,17,27,1.0,0.9415372610092163,0,0,0.0,0.0,0.0,0.0,0.012826288118958473,-0.47378382086753845
1277,17,28,1.0,0.9413037300109863,0,0,0.0,0.0,-0.5,0.0,0.011069239117205143,-0.47052687406539917
1278,17,29,1.0,0.9128818511962891,0,0,0.0,0.0,-0.5,0.0,0.013867153786122799,-0.5083369612693787
1279,17,30,1.0,0.8921235799789429,0,0,0.0,0.0,-0.5,0.0,0.01250370778143406,-0.5179421305656433
1280,17,31,1.0,0.8791348934173584,0,0,0.0,0.0,-0.5,0.0,0.010799569077789783,-0.44136640429496765
1281,17,32,1.0,0.9508038759231567,0,0,0.0,0.0,-0.5,0.0,0.008473986759781837,-0.3739233613014221
1282,17,33,1.0,1.039642572402954,0,0,0.0,0.0,-0.5,0.0,0.006771926302462816,-0.261197566986084
1283,17,34,1.0,1.1710611581802368,0,0,0.0,0.0,-0.5,0.0,0.003582556964829564,-0.21874508261680603
1284,17,35,1.0,1.380262017250061,0,0,0.0,0.0,-0.5,0.0,-0.0025625049602240324,-0.139524906873703
1285,17,36,1.0,1.749526023864746,0,1,0.0,0.0,-0.5,0.0,-0.0017696417635306716,-0.0361262671649456
1286,17,37,1.0,1.774882197380066,0,1,0.0,0.0,0.0,0.0,-0.0025518767070025206,-0.030028607696294785
1287,17,38,1.0,1.8636033535003662,0,1,0.0,0.0,0.0,0.0,-0.0010666816961020231,-0.009993097744882107
1288,17,39,2.0,1.8653464317321777,1,1,0.0,0.0,0.0,0.0,-0.0011057796655222774,-0.009505384601652622
1289,17,40,2.0,1.9409215450286865,1,1,0.0,0.0,0.0,0.0,-0.0015395248774439096,-0.008692172355949879
1290,17,41,2.0,1.9808716773986816,1,1,0.0,0.0,0.0,0.0,-0.003161235712468624,0.0012856516987085342
1291,17,42,2.0,1.9954073429107666,1,1,0.0,0.0,0.0,0.0,-0.001043008640408516,0.0033104578033089638
1292,17,43,2.0,1.9411942958831787,1,1,0.0,0.0,0.0,0.0,0.00021825783187523484,0.0026641376316547394
1293,17,44,2.0,1.008962631225586,1,0,0.0,0.0,0.0,0.0,0.0042310599237680435,0.24519005417823792
1294,17,45,2.0,1.1065410375595093,1,0,0.0,0.0,0.0,0.0,0.0030757093336433172,0.022595178335905075
1295,17,46,2.0,1.086830496788025,1,0,0.0,0.0,0.0,0.0,0.0028937028255313635,0.0301487036049366
1296,17,47,1.0,1.0853203535079956,0,0,0.0,0.0,0.0,0.0,0.0028285617008805275,0.030246762558817863
1297,17,48,1.0,1.0531405210494995,0,0,0.0,0.0,0.0,0.0,0.0028777627740055323,0.05932524427771568
1298,17,49,1.0,1.053704857826233,0,0,0.0,0.0,0.5,0.0,0.002893652766942978,0.05854972079396248
1299,17,50,1.0,0.987014889717102,0,0,0.0,0.0,0.5,0.0,0.004299821797758341,0.39396971464157104
1300,17,51,1.0,0.9998934268951416,0,0,0.0,0.0,0.5,0.0,0.0038139382377266884,0.5251456499099731
1301,17,52,1.0,1.0016638040542603,0,0,0.0,0.0,0.5,0.0,0.002122298814356327,0.5462826490402222
1302,17,53,1.0,1.0020538568496704,0,0,0.0,0.0,0.5,0.0,0.0025097995530813932,0.5529145002365112
1303,17,54,1.0,1.0035390853881836,0,0,0.0,0.0,0.5,0.0,0.0026348168030381203,0.5507490038871765
1304,17,55,1.0,1.0018112659454346,0,0,0.0,0.0,0.5,0.0,0.0018331126775592566,0.5528162121772766
1305,17,56,1.0,1.0028654336929321,0,0,0.0,0.0,0.5,0.0,0.0030887662433087826,0.5496903657913208
1306,17,57,1.0,1.0025361776351929,0,0,0.0,0.0,0.5,0.0,0.0032291393727064133,0.5452917814254761
1307,17,58,1.0,1.0012019872665405,0,0,0.0,0.0,0.5,0.0,0.002675658091902733,0.542507529258728
1308,17,59,1.0,0.999484121799469,0,0,0.0,0.0,0.5,0.0,0.0028947535902261734,0.5465952157974243
1309,18,0,1.0,0.9773560762405396,0,0,0.0,0.0,0.0,0.0,0.17186221480369568,-0.010355808772146702
1310,18,1,1.0,0.9776719212532043,0,0,0.0,0.0,0.0,0.0,0.169633686542511,-0.011749153025448322
1311,18,2,1.0,0.9781917929649353,0,0,0.0,0.0,0.0,0.0,0.18015582859516144,-0.009498217143118382
1312,18,3,1.0,0.978374719619751,0,0,0.0,0.0,0.0,0.0,0.18079935014247894,-0.008939702995121479
1313,18,4,1.0,0.9794953465461731,0,0,0.0,0.0,0.0,0.0,0.19438494741916656,-0.010134491138160229
1314,18,5,1.0,0.9795190691947937,0,0,0.0,0.0,0.0,0.0,0.19451650977134705,-0.009953639470040798
1315,18,6,1.0,0.9785737991333008,0,0,0.0,0.0,0.0,0.0,0.20488999783992767,-0.009264304302632809
1316,18,7,1.0,0.978580892086029,0,0,0.0,0.25,0.0,0.0,0.2049163281917572,-0.009225855581462383
1317,18,8,1.0,0.9785387516021729,0,0,0.0,0.25,0.0,0.0,0.25154662132263184,-0.02448306232690811
1318,18,9,1.0,0.9745389223098755,0,0,0.0,0.25,0.0,0.0,0.25860175490379333,-0.03364508971571922
1319,18,10,1.0,0.9802610874176025,0,0,0.0,0.25,0.0,0.0,0.25828757882118225,-0.03397466614842415
1320,18,11,1.0,0.976670503616333,0,0,0.0,0.25,0.0,0.0,0.2652268707752228,-0.03512534126639366
1321,18,12,1.0,0.9850298166275024,0,0,0.0,0.25,0.0,0.0,0.26828721165657043,-0.03087698668241501
1322,18,13,1.0,0.9846032857894897,0,0,0.0,0.25,0.0,0.0,0.2713845372200012,-0.03544309735298157
1323,18,14,1.0,0.9812402129173279,0,0,0.0,0.25,0.0,0.0,0.27768316864967346,-0.039811402559280396
1324,18,15,1.0,0.9851624369621277,0,0,0.0,0.25,0.0,0.0,0.27966079115867615,-0.04571102559566498
1325,18,16,1.0,0.9889451861381531,0,0,0.0,0.25,0.0,0.0,0.28181153535842896,-0.048562563955783844
1326,18,17,1.0,0.9885132908821106,0,0,0.0,0.25,0.0,0.0,0.28416115045547485,-0.043642472475767136
1327,18,18,1.0,0.9884058833122253,0,0,0.0,0.25,0.0,0.0,0.28078991174697876,-0.04183909296989441
1328,18,19,1.0,0.9910198450088501,0,0,0.0,0.25,0.0,0.0,0.27201342582702637,-0.04100773483514786
1329,18,20,1.0,1.0016106367111206,0,0,0.0,0.25,0.0,0.0,0.22478993237018585,-0.030920181423425674
1330,18,21,1.0,0.9990034699440002,0,0,0.0,0.0,0.0,0.0,0.15717443823814392,-0.02448277175426483
1331,18,22,1.0,1.0092145204544067,0,0,0.0,0.0,0.0,0.0,0.08343281596899033,-0.011001006700098515
1332,18,23,1.0,1.0055389404296875,0,0,0.0,0.0,0.0,0.0,0.05076814815402031,-0.006612866185605526
1333,18,24,1.0,1.0064687728881836,0,0,0.0,0.0,0.0,0.0,0.047735050320625305,-0.012893588282167912
1334,18,25,1.0,1.0061891078948975,0,0,0.0,0.0,0.0,0.0,0.04603782668709755,-0.014136732555925846
1335,18,26,1.0,1.0066869258880615,0,0,0.0,0.0,0.0,0.0,0.04843343421816826,-0.009429366327822208
1336,18,27,1.0,1.006622076034546,0,0,0.0,0.25,0.0,0.0,0.04810668155550957,-0.009802554734051228
1337,18,28,1.0,1.0107975006103516,0,0,0.0,0.0,0.0,0.0,0.0394899882376194,0.023268461227416992
1338,18,29,1.0,1.0027716159820557,0,0,0.0,0.0,0.0,0.0,0.010717944242060184,0.034472882747650146
1339,18,30,1.0,1.0038223266601562,0,0,0.0,0.0,0.0,0.0,0.015009481459856033,0.020393680781126022
1340,18,31,1.0,1.0036344528198242,0,0,0.0,0.0,0.0,0.0,0.013498411513864994,0.01889019086956978
1341,18,32,1.0,0.9989569187164307,0,0,0.0,0.0,0.0,0.0,0.012976057827472687,0.0030077779665589333
1342,18,33,1.0,0.9988768100738525,0,0,0.0,0.0,0.0,0.0,0.01276947557926178,0.0024268673732876778
1343,18,34,1.0,0.9984983801841736,0,0,0.0,0.0,0.0,0.0,0.015068111941218376,-0.004536774940788746
1344,18,35,1.0,0.9984690546989441,0,0,0.0,0.25,0.0,0.0,0.01502310112118721,-0.0046968841925263405
1345,18,36,1.0,0.9960112571716309,0,0,0.0,0.0,0.0,0.0,0.014256232418119907,-0.00983633566647768
1346,18,37,1.0,0.9887328743934631,0,0,0.0,0.0,0.0,0.0,0.007993664592504501,-0.000318232923746109
1347,18,38,1.0,0.9766147136688232,0,0,0.0,0.0,0.0,0.0,0.010791157372295856,-0.24451175332069397
1348,18,39,1.0,0.9749374389648438,0,0,0.0,0.0,0.0,0.0,0.009544617496430874,-0.26682624220848083
1349,18,40,1.0,0.9546215534210205,0,0,0.0,0.0,0.0,0.0,0.013126696459949017,-0.42321646213531494
1350,18,41,1.0,0.9547170400619507,0,0,0.0,0.0,0.0,0.0,0.012870854698121548,-0.42366692423820496
1351,18,42,1.0,0.951100766658783,0,0,0.0,0.0,0.0,0.0,0.014083422720432281,-0.44818034768104553
1352,18,43,1.0,0.9511076807975769,0,0,0.0,0.0,-0.5,0.0,0.014025210402905941,-0.44829240441322327
1353,18,44,1.0,0.9324448108673096,0,0,0.0,0.0,-0.5,0.0,0.014889703132212162,-0.4887908399105072
1354,18,45,1.0,0.8911077976226807,0,0,0.0,0.0,-0.5,0.0,0.012402679771184921,-0.4861210286617279
1355,18,46,1.0,0.8776273727416992,0,0,0.0,0.0,-0.5,0.0,0.01376139186322689,-0.4607416093349457
1356,18,47,1.0,0.9135010838508606,0,0,0.0,0.0,-0.5,0.0,0.014605691656470299,-0.3799137771129608
1357,18,48,1.0,1.0294833183288574,0,0,0.0,0.0,-0.5,0.0,0.0059731220826506615,-0.3071361780166626
1358,18,49,1.0,1.160203218460083,0,0,0.0,0.0,-0.5,0.0,-0.001532382215373218,-0.24103835225105286
1359,18,50,1.0,1.4567703008651733,0,0,0.0,0.0,-0.5,0.0,-0.0017279060557484627,-0.12231101095676422
1360,18,51,1.0,1.5875213146209717,0,1,0.0,0.0,-0.5,0.0,-0.0029118310194462538,-0.09195251017808914
1361,18,52,1.0,1.8248662948608398,0,1,0.0,0.0,0.0,0.0,-0.003323544515296817,-0.023707661777734756
1362,18,53,1.0,1.8286932706832886,0,1,0.0,0.0,0.0,0.0,-0.003326192731037736,-0.022891413420438766
1363,18,54,2.0,1.852783441543579,1,1,0.0,0.0,0.0,0.0,-0.0011085186852142215,-0.015657197684049606
1364,18,55,2.0,1.9498002529144287,1,1,0.0,0.0,0.0,0.0,0.0007581802783533931,-0.005421425215899944
1365,18,56,2.0,1.9969570636749268,1,1,0.0,0.0,0.0,0.0,2.107940053974744e-05,-2.6063062250614166e-05
1366,18,57,2.0,1.9853994846343994,1,1,0.0,0.0,0.0,0.0,5.938557660556398e-05,-0.0014286274090409279
1367,18,58,2.0,1.9794275760650635,1,1,0.0,0.0,0.0,0.0,3.95528240915155e-06,-0.0013148291036486626
1368,18,59,2.0,1.9061169624328613,1,1,0.0,0.0,0.0,0.0,0.0008353128796443343,-0.009507539682090282
1369,18,60,2.0,1.0992786884307861,1,0,0.0,0.0,0.0,0.0,0.004038267768919468,0.021129822358489037
1370,18,61,2.0,1.1077311038970947,1,0,0.0,0.0,0.0,0.0,0.0035482074599713087,0.019980935379862785
1371,18,62,1.0,1.1112669706344604,0,0,0.0,0.0,0.0,0.0,0.0036288080736994743,0.018665971234440804
1372,18,63,1.0,1.1060190200805664,0,0,0.0,0.0,0.0,0.0,0.0032631130889058113,0.020112603902816772
1373,18,64,1.0,1.0919994115829468,0,0,0.0,0.0,0.0,0.0,0.0036115418188273907,0.02553480863571167
1374,18,65,1.0,1.0831518173217773,0,0,0.0,0.0,0.0,0.0,0.003940856084227562,0.027741950005292892
1375,18,66,1.0,0.9998141527175903,0,0,0.0,0.0,0.0,0.0,0.0050857895985245705,0.21813642978668213
1376,18,67,1.0,0.9945298433303833,0,0,0.0,0.0,0.5,0.0,0.004653701558709145,0.2812380790710449
1377,18,68,1.0,0.9904815554618835,0,0,0.0,0.0,0.5,0.0,0.0054994793608784676,0.4472007155418396
1378,18,69,1.0,1.0008294582366943,0,0,0.0,0.0,0.5,0.0,0.0029826699756085873,0.5332072973251343
1379,18,70,1.0,0.9998652935028076,0,0,0.0,0.0,0.5,0.0,0.0026885850820690393,0.5432109832763672
1380,18,71,1.0,1.0004138946533203,0,0,0.0,0.0,0.5,0.0,0.0031863912008702755,0.5466986894607544
1381,18,72,1.0,0.9997566938400269,0,0,0.0,0.0,0.5,0.0,0.0031823620665818453,0.54378342628479
1382,18,73,1.0,0.9997297525405884,0,0,0.0,0.0,0.5,0.0,0.002126476261764765,0.552893340587616
1383,18,74,1.0,1.0010782480239868,0,0,0.0,0.0,0.5,0.0,0.003337217029184103,0.5460028648376465
1384,18,75,1.0,0.9976588487625122,0,0,0.0,0.0,0.5,0.0,0.0027307479176670313,0.5437958836555481
1385,18,76,1.0,0.9993604421615601,0,0,0.0,0.0,0.5,0.0,0.0035247625783085823,0.54287189245224
1386,18,77,1.0,0.9985579252243042,0,0,0.0,0.0,0.5,0.0,0.0037575566675513983,0.5408826470375061
1387,19,0,1.0,0.9827202558517456,0,0,0.0,0.0,0.0,0.0,-0.23515953123569489,-0.019863665103912354
1388,19,1,1.0,0.9801933169364929,0,0,0.0,0.0,0.0,0.0,-0.23476240038871765,-0.0267518050968647
1389,19,2,1.0,0.9794791340827942,0,0,0.0,0.0,0.0,0.0,-0.2401685267686844,-0.019146673381328583
1390,19,3,1.0,0.9805850982666016,0,0,0.0,0.0,0.0,0.0,-0.2405443638563156,-0.01752428710460663
1391,19,4,1.0,0.9814612865447998,0,0,0.0,0.0,0.0,0.0,-0.2411976009607315,-0.021829988807439804
1392,19,5,1.0,0.9817091226577759,0,0,0.0,0.0,0.0,0.0,-0.2412567436695099,-0.02143171802163124
1393,19,6,1.0,0.9800674915313721,0,0,0.0,0.0,0.0,0.0,-0.24362856149673462,-0.019795522093772888
1394,19,7,1.0,0.980118453502655,0,0,0.0,0.0,0.0,0.0,-0.24364548921585083,-0.019693192094564438
1395,19,8,1.0,0.9793413877487183,0,0,0.0,-0.25,0.0,0.0,-0.24402360618114471,-0.02191964164376259
1396,19,9,1.0,0.9731798768043518,0,0,0.0,-0.25,0.0,0.0,-0.257145494222641,-0.013691098429262638
1397,19,10,1.0,0.9774021506309509,0,0,0.0,-0.25,0.0,0.0,-0.26449719071388245,-0.016377225518226624
1398,19,11,1.0,0.979210615158081,0,0,0.0,-0.25,0.0,0.0,-0.264374315738678,-0.023145627230405807
1399,19,12,1.0,0.9808284044265747,0,0,0.0,-0.25,0.0,0.0,-0.2617746591567993,-0.019290093332529068
1400,19,13,1.0,0.9962272644042969,0,0,0.0,-0.25,0.0,0.0,-0.22228974103927612,-0.01955706626176834
1401,19,14,1.0,0.9985111951828003,0,0,0.0,-0.25,0.0,0.0,-0.08850586414337158,-0.013138378970324993
1402,19,15,1.0,1.00586998462677,0,0,0.0,-0.25,0.0,0.0,-0.05634728819131851,-0.003531745634973049
1403,19,16,1.0,1.0083268880844116,0,0,0.0,0.0,0.0,0.0,-0.026944737881422043,0.04167357087135315
1404,19,17,1.0,1.006171703338623,0,0,0.0,0.0,0.0,0.0,-0.0049185543321073055,-0.02069646492600441
1405,19,18,1.0,0.9895259141921997,0,0,0.0,0.0,0.0,0.0,0.004235262516885996,-0.11629654467105865
1406,19,19,1.0,0.9907760620117188,0,0,0.0,0.0,0.0,0.0,0.004836080130189657,-0.08385813236236572
1407,19,20,1.0,0.9725815057754517,0,0,0.0,0.0,0.0,0.0,0.005424364469945431,-0.22933721542358398
1408,19,21,1.0,0.9724780321121216,0,0,0.0,0.0,0.0,0.0,0.005991149228066206,-0.22902466356754303
1409,19,22,1.0,0.9661620259284973,0,0,0.0,0.0,0.0,0.0,0.01017802208662033,-0.3311331272125244
1410,19,23,1.0,0.9661651849746704,0,0,0.0,0.0,0.0,0.0,0.01030354667454958,-0.33093327283859253
1411,19,24,1.0,0.9648087024688721,0,0,0.0,-0.25,0.0,0.0,0.011393311433494091,-0.3230181932449341
1412,19,25,1.0,0.9966732859611511,0,0,0.0,0.0,0.0,0.0,-0.006296862848103046,-0.018161103129386902
1413,19,26,1.0,0.9758309125900269,0,0,0.0,0.0,0.0,0.0,-0.00026447116397321224,-0.2186661958694458
1414,19,27,1.0,0.9814392328262329,0,0,0.0,0.0,0.0,0.0,-0.0008529489859938622,-0.14541514217853546
1415,19,28,1.0,0.9693849682807922,0,0,0.0,0.0,0.0,0.0,0.005903818644583225,-0.3127862215042114
1416,19,29,1.0,0.9692384600639343,0,0,0.0,0.0,0.0,0.0,0.006468298379331827,-0.3136276602745056
1417,19,30,1.0,0.966950535774231,0,0,0.0,0.0,0.0,0.0,0.006948078516870737,-0.3568492531776428
1418,19,31,1.0,0.9669293761253357,0,0,0.0,0.0,0.0,0.0,0.007072064094245434,-0.3567892014980316
1419,19,32,1.0,0.9675813913345337,0,0,0.0,0.0,-0.5,0.0,0.006052052136510611,-0.34869471192359924
1420,19,33,1.0,0.947041392326355,0,0,0.0,0.0,-0.5,0.0,0.008286843076348305,-0.422734797000885
1421,19,34,1.0,0.9223976135253906,0,0,0.0,0.0,-0.5,0.0,0.012701887637376785,-0.4735162556171417
1422,19,35,1.0,0.8950141668319702,0,0,0.0,0.0,-0.5,0.0,0.013929820619523525,-0.460126668214798
1423,19,36,1.0,0.9141362309455872,0,0,0.0,0.0,-0.5,0.0,0.010657347738742828,-0.40657612681388855
1424,19,37,1.0,0.99302077293396,0,0,0.0,0.0,-0.5,0.0,0.009372218511998653,-0.29591724276542664
1425,19,38,1.0,1.0884357690811157,0,0,0.0,0.0,-0.5,0.0,0.008577325381338596,-0.26789402961730957
1426,19,39,1.0,1.427020788192749,0,0,0.0,0.0,-0.5,0.0,0.00380229065194726,-0.14996978640556335
1427,19,40,1.0,1.5685081481933594,0,1,0.0,0.0,-0.5,0.0,-0.004711505491286516,-0.09154527634382248
1428,19,41,1.0,1.6147661209106445,0,1,0.0,0.0,-0.5,0.0,-0.003967879805713892,-0.07510250061750412
1429,19,42,1.0,1.728338360786438,0,1,0.0,0.0,0.0,0.0,-0.0032894890755414963,-0.04656650125980377
1430,19,43,1.0,1.7308976650238037,0,1,0.0,0.0,0.0,0.0,-0.003404502756893635,-0.04594419151544571
1431,19,44,2.0,1.7764639854431152,1,1,0.0,0.0,0.0,0.0,-0.0050663333386182785,-0.03129522129893303
1432,19,45,2.0,1.8999884128570557,1,1,0.0,0.0,0.0,0.0,-0.004145772662013769,-0.011470542289316654
1433,19,46,2.0,1.9304356575012207,1,1,0.0,0.0,0.0,0.0,-0.0065774740651249886,-0.011388028971850872
1434,19,47,2.0,1.9661757946014404,1,1,0.0,0.0,0.0,0.0,-0.004949714057147503,-0.008476749993860722
1435,19,48,2.0,1.9890782833099365,1,1,0.0,0.0,0.0,0.0,-0.00573361199349165,-0.004494446329772472
1436,19,49,2.0,1.9927082061767578,1,1,0.0,0.0,0.0,0.0,-0.005689065437763929,-0.000881553627550602
1437,19,50,2.0,1.9287922382354736,1,1,0.0,0.0,0.0,0.0,-0.00460246903821826,-0.0021871989592909813
1438,19,51,2.0,1.7087149620056152,1,1,0.0,0.0,0.0,0.0,-0.0019337470876052976,-0.03250676393508911
1439,19,52,2.0,1.449596643447876,1,0,0.0,0.0,0.0,0.0,-0.003933844156563282,-0.00634011160582304
1440,19,53,2.0,1.4377789497375488,1,0,0.0,0.0,0.0,0.0,-0.004303398076444864,-0.01319084595888853
1441,19,54,1.0,1.381653904914856,0,0,0.0,0.0,0.0,0.0,-0.0038099135272204876,-0.009143709205091
1442,19,55,1.0,1.2206811904907227,0,0,0.0,0.0,0.0,0.0,-0.0016597211360931396,0.00912797823548317
1443,19,56,1.0,1.161705732345581,0,0,0.0,0.0,0.0,0.0,-0.0016033126739785075,0.020825166255235672
1444,19,57,1.0,1.1123402118682861,0,0,0.0,0.0,0.0,0.0,-0.0009172548307105899,0.0453796461224556
1445,19,58,1.0,1.0207157135009766,0,0,0.0,0.0,0.5,0.0,0.0013921242207288742,0.16504858434200287
1446,19,59,1.0,0.9902446866035461,0,0,0.0,0.0,0.5,0.0,0.00499328039586544,0.42236271500587463
1447,19,60,1.0,0.99456387758255,0,0,0.0,0.0,0.5,0.0,0.0019521390786394477,0.5043002367019653
1448,19,61,1.0,1.0005613565444946,0,0,0.0,0.0,0.5,0.0,0.0022857841104269028,0.5431767702102661
1449,19,62,1.0,1.0014415979385376,0,0,0.0,0.0,0.5,0.0,0.0013606975553557277,0.5489298105239868
1450,19,63,1.0,0.9981061816215515,0,0,0.0,0.0,0.5,0.0,0.001607516547665,0.5554100275039673
1451,19,64,1.0,1.0000771284103394,0,0,0.0,0.0,0.5,0.0,0.0017570160562172532,0.5518487095832825
1452,19,65,1.0,1.0011060237884521,0,0,0.0,0.0,0.5,0.0,0.0010900526540353894,0.5483028292655945
1453,19,66,1.0,0.9999579191207886,0,0,0.0,0.0,0.5,0.0,0.0017771718557924032,0.5430984497070312
1454,19,67,1.0,1.000687837600708,0,0,0.0,0.0,0.5,0.0,0.002415681956335902,0.5423666834831238
1455,19,68,1.0,0.9993343949317932,0,0,0.0,0.0,0.5,0.0,0.0025475462898612022,0.5406772494316101
