dataset_index,episode_index,frame_index,target_gripper,predicted_gripper,target_is_close,predicted_is_close,target_delta_x,target_delta_y,target_delta_z,predicted_delta_x,predicted_delta_y,predicted_delta_z
0,0,0,1.0,0.9905171394348145,0,0,0.0,0.0,0.0,0.0,-0.02785448543727398,-0.01500711776316166
1,0,1,1.0,0.996539294719696,0,0,0.0,0.0,0.0,0.0,-0.020808419212698936,-0.021825790405273438
2,0,2,1.0,0.9967983365058899,0,0,0.0,0.0,0.0,0.0,-0.02775159478187561,-0.019312100484967232
3,0,3,1.0,0.995084822177887,0,0,0.0,0.0,0.0,0.0,-0.029762694612145424,-0.0182237196713686
4,0,4,1.0,0.99628746509552,0,0,0.0,0.0,0.0,0.0,-0.035313550382852554,-0.015126233920454979
5,0,5,1.0,0.9960379600524902,0,0,0.0,0.0,0.0,0.0,-0.035653047263622284,-0.014574237167835236
6,0,6,1.0,0.9966474175453186,0,0,0.0,0.0,0.0,0.0,-0.05198659375309944,-0.014705635607242584
7,0,7,1.0,0.9966335892677307,0,0,0.0,0.0,0.0,0.0,-0.052043672651052475,-0.01453990489244461
8,0,8,1.0,0.9963561296463013,0,0,0.0,0.0,0.0,0.0,-0.054897528141736984,-0.01418144628405571
9,0,9,1.0,0.996355414390564,0,0,0.0,0.0,0.0,0.0,-0.05490916222333908,-0.014134762808680534
10,0,10,1.0,0.9961804151535034,0,0,0.0,0.0,0.0,0.0,-0.062298428267240524,-0.014954591169953346
11,0,11,1.0,0.9961814284324646,0,0,0.0,0.0,0.0,0.0,-0.062300268560647964,-0.01494162529706955
12,0,12,1.0,0.9961819648742676,0,0,0.0,0.0,0.0,0.0,-0.0623011514544487,-0.014935024082660675
13,0,13,1.0,0.9961822032928467,0,0,0.0,0.0,0.0,0.0,-0.06230151653289795,-0.01493176631629467
14,0,14,1.0,0.9961825013160706,0,0,0.0,0.0,0.0,0.0,-0.062301721423864365,-0.0149300005286932
15,0,15,1.0,0.9961826801300049,0,0,0.0,0.0,0.0,0.0,-0.062301769852638245,-0.014929074794054031
16,0,16,1.0,0.9961826205253601,0,0,0.0,0.0,0.0,0.0,-0.062301866710186005,-0.014928637072443962
17,0,17,1.0,0.9961826801300049,0,0,0.0,0.0,0.0,0.0,-0.062301840633153915,-0.014928504824638367
18,0,18,1.0,0.9961826801300049,0,0,0.0,0.0,0.0,0.0,-0.0623018778860569,-0.014928344637155533
19,0,19,1.0,0.9961826801300049,0,0,0.0,0.0,0.0,0.0,-0.06230190396308899,-0.014928225427865982
20,0,20,1.0,0.9961826801300049,0,0,0.0,0.0,0.0,0.0,-0.062301889061927795,-0.014928236603736877
21,0,21,1.0,0.9961827993392944,0,0,0.0,-0.25,0.0,0.0,-0.062301840633153915,-0.014928128570318222
22,0,22,1.0,0.9943700432777405,0,0,0.0,-0.25,0.0,0.0,-0.2569117248058319,-0.010169969871640205
23,0,23,1.0,0.9942527413368225,0,0,0.0,-0.25,0.0,0.0,-0.2565139830112457,-0.0075546745210886
24,0,24,1.0,1.0047791004180908,0,0,0.0,-0.25,0.0,0.0,-0.25626203417778015,-0.01040482148528099
25,0,25,1.0,1.016106128692627,0,0,0.0,-0.25,0.0,0.0,-0.26025575399398804,-0.015697378665208817
26,0,26,1.0,1.0025413036346436,0,0,0.0,-0.25,0.0,0.0,-0.26488906145095825,-0.010805465281009674
27,0,27,1.0,1.0024616718292236,0,0,0.0,-0.25,0.0,0.0,-0.2648841440677643,-0.011803882196545601
28,0,28,1.0,1.0034669637680054,0,0,0.0,-0.25,0.0,0.0,-0.2666599154472351,-0.01805890165269375
29,0,29,1.0,0.9979041814804077,0,0,0.0,-0.25,0.0,0.0,-0.266435831785202,-0.010778123512864113
30,0,30,1.0,0.9978219866752625,0,0,0.0,-0.25,0.0,0.0,-0.26858004927635193,-0.0076327077113091946
31,0,31,1.0,0.9941144585609436,0,0,0.0,-0.25,0.0,0.0,-0.266370564699173,-0.008147038519382477
32,0,32,1.0,1.000991702079773,0,0,0.0,-0.25,0.0,0.0,-0.26749563217163086,-0.010103048756718636
33,0,33,1.0,0.9922140836715698,0,0,0.0,-0.25,0.0,0.0,-0.26698774099349976,-0.008352624252438545
34,0,34,1.0,1.002632975578308,0,0,0.0,-0.25,0.0,0.0,-0.261446088552475,-0.005122746340930462
35,0,35,1.0,0.9916052222251892,0,0,0.0,-0.25,0.0,0.0,-0.22707830369472504,-0.0037089413963258266
36,0,36,1.0,0.9854461550712585,0,0,0.0,-0.25,0.0,0.0,-0.13536755740642548,-0.008083010092377663
37,0,37,1.0,0.9801286458969116,0,0,0.0,-0.25,0.0,0.0,-0.08919819444417953,-0.004082301631569862
38,0,38,1.0,0.9807708263397217,0,0,0.0,0.0,0.0,0.0,-0.06326127052307129,-0.019480155780911446
39,0,39,1.0,0.9825601577758789,0,0,0.0,0.0,0.0,0.0,-0.023814547806978226,-0.0020899539813399315
40,0,40,1.0,0.9849879145622253,0,0,0.0,0.0,0.0,0.0,-0.005758918821811676,-0.007751801982522011
41,0,41,1.0,0.9845492243766785,0,0,0.0,0.0,0.0,0.0,-0.000952577858697623,-0.008571844547986984
42,0,42,1.0,0.9846073389053345,0,0,0.0,0.0,0.0,0.0,0.0007681291899643838,-0.005110161378979683
43,0,43,1.0,0.9843875169754028,0,0,0.0,0.0,0.0,0.0,0.0014461578102782369,-0.00496168527752161
44,0,44,1.0,0.9838863015174866,0,0,0.0,0.0,0.0,0.0,0.0015935194678604603,-0.00895368866622448
45,0,45,1.0,0.9837978482246399,0,0,0.0,0.0,0.0,0.0,0.0017340184422209859,-0.00894952192902565
46,0,46,1.0,0.9841141104698181,0,0,0.0,0.0,0.0,0.0,0.0016221592668443918,-0.009958704933524132
47,0,47,1.0,0.9840871691703796,0,0,0.0,0.25,0.0,0.0,0.0016554779140278697,-0.009962210431694984
48,0,48,1.0,0.9868305325508118,0,0,0.0,0.0,0.0,0.0,0.031175117939710617,-0.008984983898699284
49,0,49,1.0,0.9830911159515381,0,0,0.0,0.0,0.0,0.0,0.008377792313694954,-0.002403240418061614
50,0,50,1.0,0.9805405139923096,0,0,0.0,0.0,0.0,0.0,0.0010561003582552075,-0.016676180064678192
51,0,51,1.0,0.9803965091705322,0,0,0.0,0.0,0.0,0.0,-0.0026285764761269093,-0.016911646351218224
52,0,52,1.0,0.9854658842086792,0,0,0.0,0.0,0.0,0.0,-0.0029232208617031574,-0.018775641918182373
53,0,53,1.0,0.9855751991271973,0,0,0.0,0.0,0.0,0.0,-0.0033243901561945677,-0.018816905096173286
54,0,54,1.0,0.9840213060379028,0,0,0.0,0.0,0.0,0.0,-0.0027411950286477804,-0.019296439364552498
55,0,55,1.0,0.9840517044067383,0,0,0.0,0.0,0.0,0.0,-0.0028203055262565613,-0.019312571734189987
56,0,56,1.0,0.9840018153190613,0,0,0.0,0.0,0.0,0.0,-0.0021056232508271933,-0.019562233239412308
57,0,57,1.0,0.9840118885040283,0,0,0.0,0.0,0.0,0.0,-0.0021254976745694876,-0.01956762745976448
58,0,58,1.0,0.9814419150352478,0,0,0.0,0.0,-0.5,0.0,-0.0019139808136969805,-0.02038220502436161
59,0,59,1.0,0.945310115814209,0,0,0.0,0.0,-0.5,0.0,-0.0006084974738769233,-0.40454205870628357
60,0,60,1.0,0.9520764350891113,0,0,0.0,0.0,-0.5,0.0,0.007767770439386368,-0.5164799094200134
61,0,61,1.0,0.934617280960083,0,0,0.0,0.0,-0.5,0.0,0.00715186120942235,-0.5379374027252197
62,0,62,1.0,0.9333492517471313,0,0,0.0,0.0,-0.5,0.0,-0.00299467914737761,-0.5292657613754272
63,0,63,1.0,0.9182108640670776,0,0,0.0,0.0,-0.5,0.0,-0.002232099650427699,-0.5012685656547546
64,0,64,1.0,0.9021555185317993,0,0,0.0,0.0,-0.5,0.0,0.005048785824328661,-0.44749605655670166
65,0,65,1.0,0.9132820963859558,0,0,0.0,0.0,-0.5,0.0,0.004464999306946993,-0.3657151758670807
66,0,66,1.0,1.2720917463302612,0,0,0.0,0.0,-0.5,0.0,0.012895527295768261,-0.041721079498529434
67,0,67,1.0,1.2934752702713013,0,0,0.0,0.0,-0.5,0.0,0.011609995737671852,-0.028228024020791054
68,0,68,1.0,1.354013442993164,0,0,0.0,0.0,-0.5,0.0,0.012919679284095764,-0.01876731961965561
69,0,69,1.0,1.3568696975708008,0,0,0.0,0.0,0.0,0.0,0.01278495229780674,-0.017358429729938507
70,0,70,1.0,1.393021583557129,0,0,0.0,0.0,0.0,0.0,0.011014549992978573,-0.013661395758390427
71,0,71,1.0,1.393318772315979,0,0,0.0,0.0,0.0,0.0,0.011011475697159767,-0.013578392565250397
72,0,72,1.0,1.4010496139526367,0,0,0.0,0.0,0.0,0.0,0.012757113203406334,-0.01232629083096981
73,0,73,2.0,1.4012154340744019,1,0,0.0,0.0,0.0,0.0,0.01273834053426981,-0.012264100834727287
74,0,74,2.0,1.8868610858917236,1,1,0.0,0.0,0.0,0.0,0.00769994780421257,-0.027960743755102158
75,0,75,2.0,1.9869122505187988,1,1,0.0,0.0,0.0,0.0,0.004510948434472084,-0.0019046495435759425
76,0,76,2.0,2.012035608291626,1,1,0.0,0.0,0.0,0.0,0.0012233589077368379,-0.011020390316843987
77,0,77,2.0,1.9965951442718506,1,1,0.0,0.0,0.0,0.0,0.005402182694524527,-0.02932792529463768
78,0,78,2.0,1.985424518585205,1,1,0.0,0.0,0.0,0.0,0.003949212376028299,-0.02852461487054825
79,0,79,2.0,1.9548544883728027,1,1,0.0,0.0,0.0,0.0,0.002453381661325693,-0.015176014974713326
80,0,80,2.0,1.0383400917053223,1,0,0.0,0.0,0.0,0.0,-0.00032835500314831734,-0.050604622811079025
81,0,81,2.0,1.0861181020736694,1,0,0.0,0.0,0.0,0.0,-0.003391425358131528,-0.021659230813384056
82,0,82,2.0,1.0233442783355713,1,0,0.0,0.0,0.0,0.0,-0.004997157026082277,-0.024258827790617943
83,0,83,2.0,1.0542196035385132,1,0,0.0,0.0,0.0,0.0,-0.0051465281285345554,-0.022362472489476204
84,0,84,1.0,0.9856496453285217,0,0,0.0,0.0,0.0,0.0,-0.008791876956820488,-0.008437946438789368
85,0,85,1.0,0.982612133026123,0,0,0.0,0.0,0.0,0.0,-0.00984060950577259,-0.001181868719868362
86,0,86,1.0,0.9768104553222656,0,0,0.0,0.0,0.0,0.0,-0.014057612977921963,0.07482923567295074
87,0,87,1.0,0.9761813879013062,0,0,0.0,0.0,0.0,0.0,-0.014781992882490158,0.07913802564144135
88,0,88,1.0,0.9798672795295715,0,0,0.0,0.0,0.0,0.0,-0.016474038362503052,0.19892358779907227
89,0,89,1.0,0.9764475226402283,0,0,0.0,0.0,0.0,0.0,-0.017385002225637436,0.16332948207855225
90,0,90,1.0,0.9795864224433899,0,0,0.0,0.0,0.0,0.0,-0.016383029520511627,0.2679847478866577
91,0,91,1.0,0.9812319874763489,0,0,0.0,0.0,0.5,0.0,-0.015154358930885792,0.26207560300827026
92,0,92,1.0,0.9946524500846863,0,0,0.0,0.0,0.5,0.0,-0.013132654130458832,0.4141159653663635
93,0,93,1.0,1.0013821125030518,0,0,0.0,0.0,0.5,0.0,-0.006211902480572462,0.5035642981529236
94,0,94,1.0,1.000259280204773,0,0,0.0,0.0,0.5,0.0,-0.008119652047753334,0.5300936102867126
95,0,95,1.0,0.9990499019622803,0,0,0.0,0.0,0.5,0.0,-0.0073001389391720295,0.5418370962142944
96,0,96,1.0,0.9968789219856262,0,0,0.0,0.0,0.5,0.0,-0.00941746961325407,0.5410383939743042
97,0,97,1.0,0.9956664443016052,0,0,0.0,0.0,0.5,0.0,-0.008660019375383854,0.5413463711738586
98,0,98,1.0,0.9959821701049805,0,0,0.0,0.0,0.5,0.0,-0.01060675922781229,0.5419807434082031
99,0,99,1.0,0.9925287961959839,0,0,0.0,0.0,0.5,0.0,-0.00995289720594883,0.539434552192688
100,0,100,1.0,0.9937333464622498,0,0,0.0,0.0,0.5,0.0,-0.008793571963906288,0.540008544921875
101,0,101,1.0,0.9924688339233398,0,0,0.0,0.0,0.5,0.0,-0.008764470927417278,0.5369118452072144
102,1,0,1.0,0.9814962148666382,0,0,0.0,0.0,0.0,0.0,0.07644835114479065,0.00474938377737999
103,1,1,1.0,0.9887927770614624,0,0,0.0,0.0,0.0,0.0,0.057118117809295654,-0.00662966538220644
104,1,2,1.0,0.9851349592208862,0,0,0.0,0.0,0.0,0.0,0.07464850693941116,0.0006487215869128704
105,1,3,1.0,0.9830238819122314,0,0,0.0,0.0,0.0,0.0,0.08100469410419464,0.0022635539062321186
106,1,4,1.0,0.9833534955978394,0,0,0.0,0.0,0.0,0.0,0.09190457314252853,0.002433392684906721
107,1,5,1.0,0.9828563332557678,0,0,0.0,0.0,0.0,0.0,0.09357801079750061,0.0029235887341201305
108,1,6,1.0,0.9799173474311829,0,0,0.0,0.0,0.0,0.0,0.11103004962205887,0.005638404283672571
109,1,7,1.0,0.9798610806465149,0,0,0.0,0.0,0.0,0.0,0.11136624962091446,0.005815429147332907
110,1,8,1.0,0.981016993522644,0,0,0.0,0.0,0.0,0.0,0.11728407442569733,0.007049694191664457
111,1,9,1.0,0.9810112118721008,0,0,0.0,0.0,0.0,0.0,0.11735475063323975,0.0071002342738211155
112,1,10,1.0,0.9786134958267212,0,0,0.0,0.25,0.0,0.0,0.11909524351358414,0.005657406058162451
113,1,11,1.0,0.9759657979011536,0,0,0.0,0.25,0.0,0.0,0.25207602977752686,0.003949613776057959
114,1,12,1.0,0.9784971475601196,0,0,0.0,0.25,0.0,0.0,0.26671966910362244,-0.00112413358874619
115,1,13,1.0,0.9765263795852661,0,0,0.0,0.25,0.0,0.0,0.27095603942871094,-0.0071927928365767
116,1,14,1.0,0.975968599319458,0,0,0.0,0.25,0.0,0.0,0.27329984307289124,-0.01256478950381279
117,1,15,1.0,0.9772123694419861,0,0,0.0,0.25,0.0,0.0,0.2768595814704895,-0.01722310297191143
118,1,16,1.0,0.979580819606781,0,0,0.0,0.25,0.0,0.0,0.27819356322288513,-0.017365122213959694
119,1,17,1.0,0.9774782657623291,0,0,0.0,0.25,0.0,0.0,0.27930185198783875,-0.018856437876820564
120,1,18,1.0,0.970744252204895,0,0,0.0,0.25,0.0,0.0,0.27759119868278503,-0.019319603219628334
121,1,19,1.0,0.9780987501144409,0,0,0.0,0.25,0.0,0.0,0.27768656611442566,-0.026574406772851944
122,1,20,1.0,0.9768690466880798,0,0,0.0,0.25,0.0,0.0,0.2818225026130676,-0.02695401944220066
123,1,21,1.0,0.9737051725387573,0,0,0.0,0.25,0.0,0.0,0.28354230523109436,-0.027735749259591103
124,1,22,1.0,0.9824906587600708,0,0,0.0,0.25,0.0,0.0,0.286700576543808,-0.03243773430585861
125,1,23,1.0,0.9828380942344666,0,0,0.0,0.25,0.0,0.0,0.280719131231308,-0.03283676132559776
126,1,24,1.0,0.9863683581352234,0,0,0.0,0.25,0.0,0.0,0.27343425154685974,-0.0299766156822443
127,1,25,1.0,0.9883957505226135,0,0,0.0,0.25,0.0,0.0,0.23413683474063873,-0.032586246728897095
128,1,26,1.0,0.9867088794708252,0,0,0.0,0.25,0.0,0.0,0.1485159993171692,-0.022001195698976517
129,1,27,1.0,0.9854191541671753,0,0,0.0,0.25,0.0,0.0,0.13613398373126984,-0.04322412610054016
130,1,28,1.0,0.981345534324646,0,0,0.0,0.0,0.0,0.0,0.09357313066720963,-0.02094419114291668
131,1,29,1.0,0.9736770987510681,0,0,0.0,0.0,0.0,0.0,0.026811467483639717,-0.016709549352526665
132,1,30,1.0,0.9773780107498169,0,0,0.0,0.0,0.0,0.0,-0.002620853018015623,-0.009346935898065567
133,1,31,1.0,0.9797781705856323,0,0,0.0,0.0,0.0,0.0,-0.011046772822737694,-0.007601442281156778
134,1,32,1.0,0.9824023246765137,0,0,0.0,0.0,0.0,0.0,-0.019206080585718155,-0.003165055299177766
135,1,33,1.0,0.9828740954399109,0,0,0.0,-0.25,0.0,0.0,-0.020132072269916534,-0.0028446298092603683
136,1,34,1.0,0.9899090528488159,0,0,0.0,0.0,0.0,0.0,-0.043802499771118164,-0.002507381374016404
137,1,35,1.0,0.9848904609680176,0,0,0.0,0.0,0.0,0.0,-0.025118345394730568,-0.012546196579933167
138,1,36,1.0,0.9891955852508545,0,0,0.0,0.0,0.0,0.0,-0.014994557946920395,-0.011993404477834702
139,1,37,1.0,0.9886751174926758,0,0,0.0,0.0,0.0,0.0,-0.010914887301623821,-0.01243002712726593
140,1,38,1.0,0.9897699952125549,0,0,0.0,0.0,0.0,0.0,-0.008621755056083202,-0.013477180153131485
141,1,39,1.0,0.9895163178443909,0,0,0.0,0.0,0.0,0.0,-0.008151927962899208,-0.013547925278544426
142,1,40,1.0,0.9912194013595581,0,0,0.0,0.0,0.0,0.0,-0.007290435489267111,-0.01460883766412735
143,1,41,1.0,0.9911651611328125,0,0,0.0,-0.25,0.0,0.0,-0.007210852578282356,-0.014595622196793556
144,1,42,1.0,0.9902623891830444,0,0,0.0,0.0,0.0,0.0,-0.03952251747250557,-0.000485160737298429
145,1,43,1.0,0.9844488501548767,0,0,0.0,0.0,0.0,0.0,-0.018920179456472397,-0.014911657199263573
146,1,44,1.0,0.9809321761131287,0,0,0.0,0.0,0.0,0.0,-0.008102071471512318,-0.01624796912074089
147,1,45,1.0,0.9799431562423706,0,0,0.0,0.0,0.0,0.0,-0.00391883309930563,-0.017598170787096024
148,1,46,1.0,0.984234094619751,0,0,0.0,0.0,0.0,0.0,-0.003467076225206256,-0.025810331106185913
149,1,47,1.0,0.9839565753936768,0,0,0.0,0.0,0.0,0.0,-0.0028470931574702263,-0.026009025052189827
150,1,48,1.0,0.9852943420410156,0,0,0.0,0.0,0.0,0.0,-0.0024569930974394083,-0.033408377319574356
151,1,49,1.0,0.9852270483970642,0,0,0.0,0.0,-0.5,0.0,-0.00233934517018497,-0.0334102101624012
152,1,50,1.0,0.9539361596107483,0,0,0.0,0.0,-0.5,0.0,0.017970820888876915,-0.4559590220451355
153,1,51,1.0,0.9673622846603394,0,0,0.0,0.0,-0.5,0.0,0.006928921677172184,-0.5144380331039429
154,1,52,1.0,0.9587387442588806,0,0,0.0,0.0,-0.5,0.0,0.00765704270452261,-0.538899838924408
155,1,53,1.0,0.9537431001663208,0,0,0.0,0.0,-0.5,0.0,0.012272925116121769,-0.5451661348342896
156,1,54,1.0,0.946010947227478,0,0,0.0,0.0,-0.5,0.0,0.013019810430705547,-0.5128404498100281
157,1,55,1.0,0.9297560453414917,0,0,0.0,0.0,-0.5,0.0,-0.003412930527701974,-0.48569077253341675
158,1,56,1.0,0.9118809700012207,0,0,0.0,0.0,-0.5,0.0,0.003774394979700446,-0.31413206458091736
159,1,57,1.0,1.1888707876205444,0,0,0.0,0.0,-0.5,0.0,0.00990886427462101,-0.09114532917737961
160,1,58,1.0,1.341095209121704,0,0,0.0,0.0,-0.5,0.0,0.006689778994768858,-0.03238622471690178
161,1,59,1.0,1.3444370031356812,0,0,0.0,0.0,0.0,0.0,0.006723487749695778,-0.02990187332034111
162,1,60,1.0,1.4412554502487183,0,0,0.0,0.0,0.0,0.0,0.006489334162324667,-0.011448029428720474
163,1,61,1.0,1.4420191049575806,0,0,0.0,0.0,0.0,0.0,0.006427036132663488,-0.011023951694369316
164,1,62,1.0,1.4520728588104248,0,0,0.0,0.0,0.0,0.0,0.0054489122703671455,-0.008680231869220734
165,1,63,1.0,1.4522144794464111,0,0,0.0,0.0,0.0,0.0,0.0054425266571342945,-0.008691845461726189
166,1,64,2.0,1.4780433177947998,1,0,0.0,0.0,0.0,0.0,0.005546247120946646,-0.018644576892256737
167,1,65,2.0,1.9738129377365112,1,1,0.0,0.0,0.0,0.0,0.0017746600788086653,0.0012225368991494179
168,1,66,2.0,1.9984252452850342,1,1,0.0,0.0,0.0,0.0,0.0005079751135781407,-0.0047951205633580685
169,1,67,2.0,1.9694737195968628,1,1,0.0,0.0,0.0,0.0,-0.0009884624741971493,-0.03242545574903488
170,1,68,2.0,1.9468672275543213,1,1,0.0,0.0,0.0,0.0,-0.00034956526360474527,-0.027939941734075546
171,1,69,2.0,1.9508486986160278,1,1,0.0,0.0,0.0,0.0,0.003215124597772956,-0.012863747775554657
172,1,70,2.0,1.1345875263214111,1,0,0.0,0.0,0.0,0.0,-0.0034664436243474483,-0.027000529691576958
173,1,71,2.0,1.156050205230713,1,0,0.0,0.0,0.0,0.0,-0.003048165002837777,-0.02186550386250019
174,1,72,2.0,1.0842475891113281,1,0,0.0,0.0,0.0,0.0,-0.005770841613411903,-0.01420191302895546
175,1,73,2.0,1.0830737352371216,1,0,0.0,0.0,0.0,0.0,-0.005767719820141792,-0.016172775998711586
176,1,74,2.0,1.0199472904205322,1,0,0.0,0.0,0.0,0.0,-0.005361994728446007,-0.02149820514023304
177,1,75,1.0,0.995366096496582,0,0,0.0,0.0,0.0,0.0,-0.002743405755609274,-0.03698399290442467
178,1,76,1.0,0.9561425447463989,0,0,0.0,0.0,0.0,0.0,-0.004639735911041498,-0.025602079927921295
179,1,77,1.0,0.9593348503112793,0,0,0.0,0.0,0.0,0.0,-0.005646613426506519,-0.023158423602581024
180,1,78,1.0,0.9480140805244446,0,0,0.0,0.0,0.0,0.0,-0.009119590744376183,-0.016448667272925377
181,1,79,1.0,0.9453599452972412,0,0,0.0,0.0,0.0,0.0,-0.009159042499959469,-0.00826878473162651
182,1,80,1.0,0.9500142335891724,0,0,0.0,0.0,0.0,0.0,-0.014360934495925903,0.08163508772850037
183,1,81,1.0,0.9494960308074951,0,0,0.0,0.0,0.0,0.0,-0.013937498442828655,0.08228503912687302
184,1,82,1.0,0.9669137597084045,0,0,0.0,0.0,0.0,0.0,-0.014649762772023678,0.21512511372566223
185,1,83,1.0,0.9662724137306213,0,0,0.0,0.0,0.0,0.0,-0.014549998566508293,0.2106981724500656
186,1,84,1.0,0.9780835509300232,0,0,0.0,0.0,0.5,0.0,-0.013400927186012268,0.3312966227531433
187,1,85,1.0,0.9902381896972656,0,0,0.0,0.0,0.5,0.0,-0.010819914750754833,0.46021154522895813
188,1,86,1.0,0.9967286586761475,0,0,0.0,0.0,0.5,0.0,-0.012276830151677132,0.5306721329689026
189,1,87,1.0,0.9979157447814941,0,0,0.0,0.0,0.5,0.0,-0.009084259159862995,0.527724027633667
190,1,88,1.0,0.9991490244865417,0,0,0.0,0.0,0.5,0.0,-0.008122432976961136,0.5418862104415894
191,1,89,1.0,0.9965305924415588,0,0,0.0,0.0,0.5,0.0,-0.008492939174175262,0.5373655557632446
192,1,90,1.0,0.9966334104537964,0,0,0.0,0.0,0.5,0.0,-0.007418035063892603,0.544518232345581
193,1,91,1.0,0.9917975664138794,0,0,0.0,0.0,0.5,0.0,-0.007802825886756182,0.5366262793540955
194,1,92,1.0,0.9916104674339294,0,0,0.0,0.0,0.5,0.0,-0.009961715899407864,0.5384816527366638
195,1,93,1.0,0.9907192587852478,0,0,0.0,0.0,0.5,0.0,-0.009630318731069565,0.53654545545578
196,1,94,1.0,0.9890501499176025,0,0,0.0,0.0,0.5,0.0,-0.009016081690788269,0.53144371509552
197,2,0,1.0,0.981496274471283,0,0,0.0,0.0,0.0,0.0,0.07644834369421005,0.0047494289465248585
198,2,1,1.0,0.9887928366661072,0,0,0.0,0.0,0.0,0.0,0.05711810663342476,-0.006629640702158213
199,2,2,1.0,0.9851348400115967,0,0,0.0,0.0,0.0,0.0,0.07464851438999176,0.0006487234495580196
200,2,3,1.0,0.9830238819122314,0,0,0.0,0.0,0.0,0.0,0.08100467920303345,0.0022635539062321186
201,2,4,1.0,0.9833534359931946,0,0,0.0,0.0,0.0,0.0,0.0919046476483345,0.0024333400651812553
202,2,5,1.0,0.9828563332557678,0,0,0.0,0.0,0.0,0.0,0.09357801824808121,0.0029235784895718098
203,2,6,1.0,0.9799173474311829,0,0,0.0,0.0,0.0,0.0,0.11103004962205887,0.005638404283672571
204,2,7,1.0,0.9798610806465149,0,0,0.0,0.0,0.0,0.0,0.11136627197265625,0.005815474782139063
205,2,8,1.0,0.981016993522644,0,0,0.0,0.0,0.0,0.0,0.11728404462337494,0.007049714680761099
206,2,9,1.0,0.981011152267456,0,0,0.0,0.0,0.0,0.0,0.11735469847917557,0.007100288290530443
207,2,10,1.0,0.9786134958267212,0,0,0.0,0.25,0.0,0.0,0.11909525096416473,0.005657409783452749
208,2,11,1.0,0.9759657979011536,0,0,0.0,0.25,0.0,0.0,0.25207605957984924,0.003949599806219339
209,2,12,1.0,0.9784970879554749,0,0,0.0,0.25,0.0,0.0,0.2667196989059448,-0.0011240985477343202
210,2,13,1.0,0.9765262603759766,0,0,0.0,0.25,0.0,0.0,0.27095597982406616,-0.007192747201770544
211,2,14,1.0,0.975968599319458,0,0,0.0,0.25,0.0,0.0,0.27329984307289124,-0.012564845383167267
212,2,15,1.0,0.9772124290466309,0,0,0.0,0.25,0.0,0.0,0.2768595218658447,-0.017223067581653595
213,2,16,1.0,0.979580819606781,0,0,0.0,0.25,0.0,0.0,0.2781936228275299,-0.017365142703056335
214,2,17,1.0,0.9774782657623291,0,0,0.0,0.25,0.0,0.0,0.27930188179016113,-0.018856506794691086
215,2,18,1.0,0.970744252204895,0,0,0.0,0.25,0.0,0.0,0.2775912582874298,-0.019319647923111916
216,2,19,1.0,0.9780988693237305,0,0,0.0,0.25,0.0,0.0,0.27768662571907043,-0.02657443843781948
217,2,20,1.0,0.9768690466880798,0,0,0.0,0.25,0.0,0.0,0.2818225026130676,-0.026954039931297302
218,2,21,1.0,0.9737052917480469,0,0,0.0,0.25,0.0,0.0,0.28354230523109436,-0.027735741809010506
219,2,22,1.0,0.9824907183647156,0,0,0.0,0.25,0.0,0.0,0.28670060634613037,-0.032437726855278015
220,2,23,1.0,0.9828380942344666,0,0,0.0,0.25,0.0,0.0,0.28071916103363037,-0.032836757600307465
221,2,24,1.0,0.982067346572876,0,0,0.0,0.0,0.0,0.0,0.26928359270095825,-0.021201077848672867
222,2,25,1.0,0.9652951955795288,0,0,0.0,0.0,0.0,0.0,0.16075274348258972,-0.018808692693710327
223,2,26,1.0,0.9590280055999756,0,0,0.0,0.0,0.0,0.0,0.0709712877869606,-0.008931780233979225
224,2,27,1.0,0.9601568579673767,0,0,0.0,0.0,0.0,0.0,0.04596991464495659,-0.005787858739495277
225,2,28,1.0,0.9668489694595337,0,0,0.0,0.0,0.0,0.0,0.0387205146253109,-0.01078428328037262
226,2,29,1.0,0.967391848564148,0,0,0.0,0.0,0.0,0.0,0.03643348067998886,-0.010375261306762695
227,2,30,1.0,0.9678725600242615,0,0,0.0,0.0,0.0,0.0,0.03720448166131973,-0.008687736466526985
228,2,31,1.0,0.9679807424545288,0,0,0.0,0.25,0.0,0.0,0.03677298128604889,-0.008637798950076103
229,2,32,1.0,0.9821935296058655,0,0,0.0,0.0,0.0,0.0,0.12201729416847229,-0.00853467546403408
230,2,33,1.0,0.9727533459663391,0,0,0.0,0.0,0.0,0.0,0.03889372572302818,-0.015512829646468163
231,2,34,1.0,0.9720135927200317,0,0,0.0,0.0,0.0,0.0,0.020164210349321365,-0.009615756571292877
232,2,35,1.0,0.9724174737930298,0,0,0.0,0.0,0.0,0.0,0.013421298004686832,-0.008555661886930466
233,2,36,1.0,0.9745088815689087,0,0,0.0,0.0,0.0,0.0,0.008821619674563408,-0.012462787330150604
234,2,37,1.0,0.9747500419616699,0,0,0.0,0.0,0.0,0.0,0.008109774440526962,-0.012363588437438011
235,2,38,1.0,0.9770075082778931,0,0,0.0,0.0,0.0,0.0,0.010374235920608044,-0.010470878332853317
236,2,39,1.0,0.9770637154579163,0,0,0.0,0.25,0.0,0.0,0.010244004428386688,-0.010471507906913757
237,2,40,1.0,0.9761254787445068,0,0,0.0,0.0,0.0,0.0,0.07898186892271042,-0.018720749765634537
238,2,41,1.0,0.9715937376022339,0,0,0.0,0.0,0.0,0.0,0.024827903136610985,-0.021792801097035408
239,2,42,1.0,0.9787354469299316,0,0,0.0,0.0,0.0,0.0,0.009107089601457119,-0.018599018454551697
240,2,43,1.0,0.9798128604888916,0,0,0.0,0.0,0.0,0.0,0.0034066075459122658,-0.018118098378181458
241,2,44,1.0,0.9822213053703308,0,0,0.0,0.0,0.0,0.0,-0.001016442314721644,-0.022717690095305443
242,2,45,1.0,0.9825127124786377,0,0,0.0,0.0,0.0,0.0,-0.0016688407631590962,-0.02260299026966095
243,2,46,1.0,0.9857850670814514,0,0,0.0,0.0,0.0,0.0,-0.0028975496534258127,-0.027430031448602676
244,2,47,1.0,0.9858582615852356,0,0,0.0,0.0,0.0,0.0,-0.0030018258839845657,-0.027432991191744804
245,2,48,1.0,0.9856265187263489,0,0,0.0,0.0,0.0,0.0,-0.0027049314230680466,-0.031317051500082016
246,2,49,1.0,0.9856445789337158,0,0,0.0,0.0,0.0,0.0,-0.002729544648900628,-0.03132259100675583
247,2,50,1.0,0.983476996421814,0,0,0.0,0.0,-0.5,0.0,-0.0004408110398799181,-0.03193723037838936
248,2,51,1.0,0.9368741512298584,0,0,0.0,0.0,-0.5,0.0,0.010506916791200638,-0.42384111881256104
249,2,52,1.0,0.9606455564498901,0,0,0.0,0.0,-0.5,0.0,0.015346283093094826,-0.5273608565330505
250,2,53,1.0,0.9466617703437805,0,0,0.0,0.0,-0.5,0.0,0.01456441543996334,-0.5282978415489197
251,2,54,1.0,0.9679878950119019,0,0,0.0,0.0,-0.5,0.0,0.013491587713360786,-0.5394595861434937
252,2,55,1.0,0.9480069875717163,0,0,0.0,0.0,-0.5,0.0,0.007831994444131851,-0.5274943113327026
253,2,56,1.0,0.9016770124435425,0,0,0.0,0.0,-0.5,0.0,0.004367654211819172,-0.4434548020362854
254,2,57,1.0,0.8987061381340027,0,0,0.0,0.0,-0.5,0.0,0.0051669590175151825,-0.35692813992500305
255,2,58,1.0,1.2795939445495605,0,0,0.0,0.0,-0.5,0.0,0.010714449919760227,-0.05307115614414215
256,2,59,1.0,1.3266857862472534,0,0,0.0,0.0,-0.5,0.0,0.007177815306931734,-0.030680088326334953
257,2,60,1.0,1.3968172073364258,0,0,0.0,0.0,0.0,0.0,0.008520855568349361,-0.0215182825922966
258,2,61,1.0,1.3991762399673462,0,0,0.0,0.0,0.0,0.0,0.00856605265289545,-0.019139796495437622
259,2,62,1.0,1.4522044658660889,0,0,0.0,0.0,0.0,0.0,0.006188395898789167,-0.009488736279308796
260,2,63,1.0,1.452401876449585,0,0,0.0,0.0,0.0,0.0,0.006170803215354681,-0.009437447413802147
261,2,64,2.0,1.485686182975769,1,0,0.0,0.0,0.0,0.0,0.005001496523618698,-0.015925748273730278
262,2,65,2.0,1.973787546157837,1,1,0.0,0.0,0.0,0.0,0.0015218898188322783,0.002422226592898369
263,2,66,2.0,1.9997878074645996,1,1,0.0,0.0,0.0,0.0,0.0001136676364694722,-0.0050303214229643345
264,2,67,2.0,1.9721145629882812,1,1,0.0,0.0,0.0,0.0,-0.0014405620750039816,-0.03330601751804352
265,2,68,2.0,1.950674057006836,1,1,0.0,0.0,0.0,0.0,-0.0004501102666836232,-0.03134622052311897
266,2,69,2.0,1.9628878831863403,1,1,0.0,0.0,0.0,0.0,0.0022859845776110888,-0.015222834423184395
267,2,70,2.0,1.146321415901184,1,0,0.0,0.0,0.0,0.0,-0.0033891380298882723,-0.03318953514099121
268,2,71,2.0,1.1874736547470093,1,0,0.0,0.0,0.0,0.0,-0.0031205620616674423,-0.02488107420504093
269,2,72,2.0,1.0765146017074585,1,0,0.0,0.0,0.0,0.0,-0.004037597682327032,-0.01768289878964424
270,2,73,2.0,1.0690860748291016,1,0,0.0,0.0,0.0,0.0,-0.003587397513911128,-0.024924226105213165
271,2,74,2.0,0.9919281005859375,1,0,0.0,0.0,0.0,0.0,-0.0033576686400920153,-0.03334742784500122
272,2,75,2.0,0.9903950095176697,1,0,0.0,0.0,0.0,0.0,-0.002819156041368842,-0.03690135478973389
273,2,76,1.0,0.9655765295028687,0,0,0.0,0.0,0.0,0.0,-0.005539518781006336,-0.029070328921079636
274,2,77,1.0,0.9669322371482849,0,0,0.0,0.0,0.0,0.0,-0.006077537778764963,-0.022669969126582146
275,2,78,1.0,0.9467326998710632,0,0,0.0,0.0,0.0,0.0,-0.009271158836781979,0.005771223921328783
276,2,79,1.0,0.947015643119812,0,0,0.0,0.0,0.0,0.0,-0.009226066991686821,0.01836443319916725
277,2,80,1.0,0.9584353566169739,0,0,0.0,0.0,0.0,0.0,-0.014811918139457703,0.12536650896072388
278,2,81,1.0,0.9564583897590637,0,0,0.0,0.0,0.0,0.0,-0.013835451565682888,0.1137891560792923
279,2,82,1.0,0.9722265601158142,0,0,0.0,0.0,0.5,0.0,-0.015600927174091339,0.2630591094493866
280,2,83,1.0,0.9860116839408875,0,0,0.0,0.0,0.5,0.0,-0.011755912564694881,0.42208871245384216
281,2,84,1.0,0.9968437552452087,0,0,0.0,0.0,0.5,0.0,-0.012472481466829777,0.5181886553764343
282,2,85,1.0,0.9950894117355347,0,0,0.0,0.0,0.5,0.0,-0.009433051571249962,0.527753472328186
283,2,86,1.0,0.9980047345161438,0,0,0.0,0.0,0.5,0.0,-0.008743052370846272,0.53872150182724
284,2,87,1.0,1.0011720657348633,0,0,0.0,0.0,0.5,0.0,-0.008135631680488586,0.5305389761924744
285,2,88,1.0,0.9969151020050049,0,0,0.0,0.0,0.5,0.0,-0.007743891328573227,0.5439887642860413
286,2,89,1.0,0.9919110536575317,0,0,0.0,0.0,0.5,0.0,-0.007612527348101139,0.5398176908493042
287,2,90,1.0,0.9911189079284668,0,0,0.0,0.0,0.5,0.0,-0.009917670860886574,0.5400852560997009
288,2,91,1.0,0.9902743697166443,0,0,0.0,0.0,0.5,0.0,-0.010142287239432335,0.5355415940284729
289,2,92,1.0,0.9903899431228638,0,0,0.0,0.0,0.5,0.0,-0.009004729799926281,0.5313087105751038
290,3,0,1.0,0.9905171990394592,0,0,0.0,0.0,0.0,0.0,-0.02785448171198368,-0.015007108449935913
291,3,1,1.0,0.9965392351150513,0,0,0.0,0.0,0.0,0.0,-0.020808424800634384,-0.021825743839144707
292,3,2,1.0,0.9967983961105347,0,0,0.0,0.0,0.0,0.0,-0.02775159850716591,-0.019312124699354172
293,3,3,1.0,0.995084822177887,0,0,0.0,0.0,0.0,0.0,-0.029762687161564827,-0.0182237196713686
294,3,4,1.0,0.9962875843048096,0,0,0.0,0.0,0.0,0.0,-0.03531353920698166,-0.015126224607229233
295,3,5,1.0,0.9960380792617798,0,0,0.0,0.0,0.0,0.0,-0.035653047263622284,-0.014574175700545311
296,3,6,1.0,0.9966473579406738,0,0,0.0,0.0,0.0,0.0,-0.05198657140135765,-0.01470562070608139
297,3,7,1.0,0.9966336488723755,0,0,0.0,0.0,0.0,0.0,-0.05204366147518158,-0.014539873227477074
298,3,8,1.0,0.996356189250946,0,0,0.0,0.0,0.0,0.0,-0.05489754304289818,-0.014181450009346008
299,3,9,1.0,0.996355414390564,0,0,0.0,0.0,0.0,0.0,-0.05490915849804878,-0.014134742319583893
300,3,10,1.0,0.9961804747581482,0,0,0.0,0.0,0.0,0.0,-0.06229841709136963,-0.01495460793375969
301,3,11,1.0,0.996181309223175,0,0,0.0,-0.25,0.0,0.0,-0.06230027228593826,-0.014941615983843803
302,3,12,1.0,0.9943694472312927,0,0,0.0,-0.25,0.0,0.0,-0.2569105625152588,-0.010175846517086029
303,3,13,1.0,0.9942523241043091,0,0,0.0,-0.25,0.0,0.0,-0.2565135359764099,-0.007557934615761042
304,3,14,1.0,1.0047787427902222,0,0,0.0,-0.25,0.0,0.0,-0.2562618851661682,-0.01040637493133545
305,3,15,1.0,1.016106128692627,0,0,0.0,-0.25,0.0,0.0,-0.26025575399398804,-0.01569816842675209
306,3,16,1.0,1.0025413036346436,0,0,0.0,-0.25,0.0,0.0,-0.2648890018463135,-0.010805919766426086
307,3,17,1.0,1.0024617910385132,0,0,0.0,-0.25,0.0,0.0,-0.2648840844631195,-0.011804189532995224
308,3,18,1.0,1.0034669637680054,0,0,0.0,-0.25,0.0,0.0,-0.2666598856449127,-0.01805916056036949
309,3,19,1.0,0.9979042410850525,0,0,0.0,-0.25,0.0,0.0,-0.266435831785202,-0.010778175666928291
310,3,20,1.0,0.9978219270706177,0,0,0.0,-0.25,0.0,0.0,-0.2685800790786743,-0.007632805500179529
311,3,21,1.0,0.9940624237060547,0,0,0.0,-0.25,0.0,0.0,-0.26635169982910156,-0.008498059585690498
312,3,22,1.0,1.0008478164672852,0,0,0.0,-0.25,0.0,0.0,-0.26766616106033325,-0.010669736191630363
313,3,23,1.0,0.9929275512695312,0,0,0.0,-0.25,0.0,0.0,-0.267539381980896,-0.007559498306363821
314,3,24,1.0,1.0026330947875977,0,0,0.0,-0.25,0.0,0.0,-0.261446088552475,-0.005122784525156021
315,3,25,1.0,0.991605281829834,0,0,0.0,0.0,0.0,0.0,-0.2270783632993698,-0.003708934411406517
316,3,26,1.0,0.9856691360473633,0,0,0.0,0.0,0.0,0.0,-0.09905732423067093,-0.00015700934454798698
317,3,27,1.0,0.9863965511322021,0,0,0.0,0.0,0.0,0.0,-0.0732782781124115,-0.0033563217148184776
318,3,28,1.0,0.9807693958282471,0,0,0.0,0.0,0.0,0.0,-0.04912745952606201,-0.002401695353910327
319,3,29,1.0,0.9805379509925842,0,0,0.0,0.0,0.0,0.0,-0.049463994801044464,-0.002606634981930256
320,3,30,1.0,0.9815422892570496,0,0,0.0,0.0,0.0,0.0,-0.04014565423130989,-0.008746141567826271
321,3,31,1.0,0.9815104007720947,0,0,0.0,0.0,0.0,0.0,-0.03967971354722977,-0.008700557984411716
322,3,32,1.0,0.9808849692344666,0,0,0.0,-0.25,0.0,0.0,-0.04001358896493912,-0.011462384834885597
323,3,33,1.0,0.983585000038147,0,0,0.0,-0.25,0.0,0.0,-0.10587593913078308,-0.010314671322703362
324,3,34,1.0,0.9836095571517944,0,0,0.0,0.0,0.0,0.0,-0.07660605013370514,-0.010606853291392326
325,3,35,1.0,0.98342365026474,0,0,0.0,0.0,0.0,0.0,-0.03208509460091591,-0.006478375289589167
326,3,36,1.0,0.9821715354919434,0,0,0.0,0.0,0.0,0.0,-0.009529738686978817,-0.013562893494963646
327,3,37,1.0,0.9819104671478271,0,0,0.0,0.0,0.0,0.0,-0.004458948969841003,-0.013362087309360504
328,3,38,1.0,0.9835957288742065,0,0,0.0,0.0,0.0,0.0,-0.0016538900090381503,-0.015678418800234795
329,3,39,1.0,0.9834401607513428,0,0,0.0,0.0,0.0,0.0,-0.0010988183785229921,-0.015542253851890564
330,3,40,1.0,0.9857528805732727,0,0,0.0,0.0,0.0,0.0,-0.003297969000414014,-0.019720181822776794
331,3,41,1.0,0.9856995344161987,0,0,0.0,0.0,0.0,0.0,-0.0031937810126692057,-0.01968938298523426
332,3,42,1.0,0.9831478595733643,0,0,0.0,0.0,0.0,0.0,-0.001998825231567025,-0.020672548562288284
333,3,43,1.0,0.9831311702728271,0,0,0.0,0.0,0.0,0.0,-0.001970415934920311,-0.020666249096393585
334,3,44,1.0,0.9838173389434814,0,0,0.0,0.0,0.0,0.0,-0.002047140384092927,-0.020190022885799408
335,3,45,1.0,0.9838123917579651,0,0,0.0,0.0,0.0,0.0,-0.0020396222826093435,-0.020188480615615845
336,3,46,1.0,0.9833575487136841,0,0,0.0,0.0,-0.5,0.0,-0.0025871649850159883,-0.02039387635886669
337,3,47,1.0,0.9449102878570557,0,0,0.0,0.0,-0.5,0.0,0.0021781146060675383,-0.3959008455276489
338,3,48,1.0,0.9537762403488159,0,0,0.0,0.0,-0.5,0.0,0.007916484028100967,-0.5143283009529114
339,3,49,1.0,0.9400421380996704,0,0,0.0,0.0,-0.5,0.0,0.008606750518083572,-0.5358717441558838
340,3,50,1.0,0.9367923736572266,0,0,0.0,0.0,-0.5,0.0,-0.002110186032950878,-0.5353807210922241
341,3,51,1.0,0.9214359521865845,0,0,0.0,0.0,-0.5,0.0,0.002214516745880246,-0.5180647969245911
342,3,52,1.0,0.9005820751190186,0,0,0.0,0.0,-0.5,0.0,0.005469334777444601,-0.44148945808410645
343,3,53,1.0,0.9083809852600098,0,0,0.0,0.0,-0.5,0.0,0.006291584111750126,-0.35253265500068665
344,3,54,1.0,1.2656114101409912,0,0,0.0,0.0,-0.5,0.0,0.0134436571970582,-0.04274173825979233
345,3,55,1.0,1.2884681224822998,0,0,0.0,0.0,-0.5,0.0,0.012195096351206303,-0.029699046164751053
346,3,56,1.0,1.3568743467330933,0,0,0.0,0.0,0.0,0.0,0.01236190926283598,-0.01878388226032257
347,3,57,1.0,1.3598190546035767,0,0,0.0,0.0,0.0,0.0,0.012240681797266006,-0.017365621402859688
348,3,58,1.0,1.3919403553009033,0,0,0.0,0.0,0.0,0.0,0.011491074226796627,-0.013974027708172798
349,3,59,1.0,1.3922581672668457,0,0,0.0,0.0,0.0,0.0,0.011491453275084496,-0.0138938557356596
350,3,60,1.0,1.3994296789169312,0,0,0.0,0.0,0.0,0.0,0.012412079609930515,-0.013453513383865356
351,3,61,2.0,1.3995959758758545,1,0,0.0,0.0,0.0,0.0,0.012398168444633484,-0.013389023020863533
352,3,62,2.0,1.8795254230499268,1,1,0.0,0.0,0.0,0.0,0.007199751678854227,-0.027937430888414383
353,3,63,2.0,1.983067512512207,1,1,0.0,0.0,0.0,0.0,0.004265340976417065,-0.0009915763512253761
354,3,64,2.0,2.0035457611083984,1,1,0.0,0.0,0.0,0.0,0.001358863664790988,-0.011749032884836197
355,3,65,2.0,1.985351800918579,1,1,0.0,0.0,0.0,0.0,0.005641540978103876,-0.028188902884721756
356,3,66,2.0,1.9854637384414673,1,1,0.0,0.0,0.0,0.0,0.0036549116484820843,-0.030203212052583694
357,3,67,2.0,1.9518201351165771,1,1,0.0,0.0,0.0,0.0,0.002210391452535987,-0.018217049539089203
358,3,68,2.0,1.0374794006347656,1,0,0.0,0.0,0.0,0.0,-0.00045430116006173193,-0.05164949223399162
359,3,69,2.0,1.0853267908096313,1,0,0.0,0.0,0.0,0.0,-0.0034878964070230722,-0.022301116958260536
360,3,70,2.0,1.0264699459075928,1,0,0.0,0.0,0.0,0.0,-0.005183353088796139,-0.026636874303221703
361,3,71,2.0,1.042228102684021,1,0,0.0,0.0,0.0,0.0,-0.006174309644848108,-0.022856373339891434
362,3,72,2.0,0.9902613162994385,1,0,0.0,0.0,0.0,0.0,-0.007478134706616402,-0.012419793754816055
363,3,73,1.0,0.9824219942092896,0,0,0.0,0.0,0.0,0.0,-0.009615682065486908,-0.0040589869022369385
364,3,74,1.0,0.9751322269439697,0,0,0.0,0.0,0.0,0.0,-0.0136696957051754,0.0721893236041069
365,3,75,1.0,0.9779332876205444,0,0,0.0,0.0,0.0,0.0,-0.014674415811896324,0.10047837346792221
366,3,76,1.0,0.9814911484718323,0,0,0.0,0.0,0.0,0.0,-0.015354095958173275,0.22653381526470184
367,3,77,1.0,0.9795189499855042,0,0,0.0,0.0,0.0,0.0,-0.01545626949518919,0.20191091299057007
368,3,78,1.0,0.9792028665542603,0,0,0.0,0.0,0.0,0.0,-0.01767798699438572,0.2423940896987915
369,3,79,1.0,0.9765828251838684,0,0,0.0,0.0,0.0,0.0,-0.017290323972702026,0.21659255027770996
370,3,80,1.0,0.9774922132492065,0,0,0.0,0.0,0.5,0.0,-0.015283399261534214,0.24366822838783264
371,3,81,1.0,0.9959324598312378,0,0,0.0,0.0,0.5,0.0,-0.013058089651167393,0.4147025942802429
372,3,82,1.0,1.0005559921264648,0,0,0.0,0.0,0.5,0.0,-0.006775551475584507,0.5177385210990906
373,3,83,1.0,1.0045275688171387,0,0,0.0,0.0,0.5,0.0,-0.008224106393754482,0.5391224026679993
374,3,84,1.0,0.9991598725318909,0,0,0.0,0.0,0.5,0.0,-0.008394739590585232,0.5391878485679626
375,3,85,1.0,0.995725154876709,0,0,0.0,0.0,0.5,0.0,-0.008433526381850243,0.5367867350578308
376,3,86,1.0,0.9965102672576904,0,0,0.0,0.0,0.5,0.0,-0.010944442823529243,0.5432377457618713
377,3,87,1.0,0.9940689206123352,0,0,0.0,0.0,0.5,0.0,-0.01006369013339281,0.5442777872085571
378,3,88,1.0,0.9925313591957092,0,0,0.0,0.0,0.5,0.0,-0.009596075862646103,0.5401043891906738
379,3,89,1.0,0.9913440942764282,0,0,0.0,0.0,0.5,0.0,-0.008781292475759983,0.5345860123634338
380,3,90,1.0,0.9919378161430359,0,0,0.0,0.0,0.5,0.0,-0.008093727752566338,0.5330970287322998
381,4,0,1.0,0.9905171394348145,0,0,0.0,0.0,0.0,0.0,-0.02785448729991913,-0.01500716432929039
382,4,1,1.0,0.996539294719696,0,0,0.0,0.0,0.0,0.0,-0.02080841176211834,-0.021825790405273438
383,4,2,1.0,0.9967982769012451,0,0,0.0,0.0,0.0,0.0,-0.027751604095101357,-0.019312117248773575
384,4,3,1.0,0.995084822177887,0,0,0.0,0.0,0.0,0.0,-0.029762713238596916,-0.01822369359433651
385,4,4,1.0,0.99628746509552,0,0,0.0,0.0,0.0,0.0,-0.03531355783343315,-0.015126226469874382
386,4,5,1.0,0.9960381388664246,0,0,0.0,0.0,0.0,0.0,-0.035653047263622284,-0.014574211090803146
387,4,6,1.0,0.9966473579406738,0,0,0.0,0.0,0.0,0.0,-0.05198659747838974,-0.01470564678311348
388,4,7,1.0,0.9966335892677307,0,0,0.0,0.0,0.0,0.0,-0.05204368010163307,-0.014539919793605804
389,4,8,1.0,0.9963561296463013,0,0,0.0,0.0,0.0,0.0,-0.05489754676818848,-0.014181418344378471
390,4,9,1.0,0.996355414390564,0,0,0.0,0.0,0.0,0.0,-0.054909151047468185,-0.014134777709841728
391,4,10,1.0,0.996180534362793,0,0,0.0,0.0,0.0,0.0,-0.062298424541950226,-0.014954609796404839
392,4,11,1.0,0.9961813688278198,0,0,0.0,0.0,0.0,0.0,-0.062300268560647964,-0.014941621571779251
393,4,12,1.0,0.9961819648742676,0,0,0.0,0.0,0.0,0.0,-0.062301162630319595,-0.014935052022337914
394,4,13,1.0,0.9961822628974915,0,0,0.0,-0.25,0.0,0.0,-0.06230153515934944,-0.014931747689843178
395,4,14,1.0,0.9943698644638062,0,0,0.0,-0.25,0.0,0.0,-0.25691139698028564,-0.01017153263092041
396,4,15,1.0,0.994252622127533,0,0,0.0,-0.25,0.0,0.0,-0.25651389360427856,-0.007555521093308926
397,4,16,1.0,1.0044952630996704,0,0,0.0,-0.25,0.0,0.0,-0.2561260759830475,-0.010174509137868881
398,4,17,1.0,1.0176082849502563,0,0,0.0,-0.25,0.0,0.0,-0.26019424200057983,-0.015791848301887512
399,4,18,1.0,1.0025413036346436,0,0,0.0,-0.25,0.0,0.0,-0.26488906145095825,-0.010805580765008926
400,4,19,1.0,1.0024617910385132,0,0,0.0,-0.25,0.0,0.0,-0.2648840844631195,-0.011803990229964256
401,4,20,1.0,1.0034669637680054,0,0,0.0,-0.25,0.0,0.0,-0.2666598856449127,-0.01805895008146763
402,4,21,1.0,0.9979041814804077,0,0,0.0,-0.25,0.0,0.0,-0.266435831785202,-0.010778071358799934
403,4,22,1.0,0.997822105884552,0,0,0.0,-0.25,0.0,0.0,-0.2685800790786743,-0.0076327393762767315
404,4,23,1.0,0.9940623641014099,0,0,0.0,-0.25,0.0,0.0,-0.26635169982910156,-0.008497986942529678
405,4,24,1.0,1.0008478164672852,0,0,0.0,-0.25,0.0,0.0,-0.2676661014556885,-0.01066971942782402
406,4,25,1.0,0.9929274320602417,0,0,0.0,-0.25,0.0,0.0,-0.267539381980896,-0.007559575140476227
407,4,26,1.0,1.0022071599960327,0,0,0.0,0.0,0.0,0.0,-0.25914663076400757,-0.008955320343375206
408,4,27,1.0,0.9957714080810547,0,0,0.0,0.0,0.0,0.0,-0.1674843728542328,0.005492273718118668
409,4,28,1.0,0.9844542741775513,0,0,0.0,0.0,0.0,0.0,-0.11363141238689423,0.00045673991553485394
410,4,29,1.0,0.9850966930389404,0,0,0.0,0.0,0.0,0.0,-0.09627150744199753,-0.0014035234926268458
411,4,30,1.0,0.9867393970489502,0,0,0.0,0.0,0.0,0.0,-0.0769999772310257,-0.0029762329068034887
412,4,31,1.0,0.9868826270103455,0,0,0.0,0.0,0.0,0.0,-0.07532665133476257,-0.003063677344471216
413,4,32,1.0,0.9885454177856445,0,0,0.0,0.0,0.0,0.0,-0.08028750121593475,9.696534834802151e-05
414,4,33,1.0,0.9885355830192566,0,0,0.0,-0.25,0.0,0.0,-0.07992901653051376,8.086580783128738e-05
415,4,34,1.0,0.9860917925834656,0,0,0.0,0.0,0.0,0.0,-0.14602819085121155,-0.0007742649177089334
416,4,35,1.0,0.9788435101509094,0,0,0.0,0.0,0.0,0.0,-0.09206794947385788,-0.012467872351408005
417,4,36,1.0,0.9791160225868225,0,0,0.0,0.0,0.0,0.0,-0.048041120171546936,-0.009427505545318127
418,4,37,1.0,0.9782192707061768,0,0,0.0,0.0,0.0,0.0,-0.04271021857857704,-0.010701088234782219
419,4,38,1.0,0.9832571744918823,0,0,0.0,0.0,0.0,0.0,-0.041145261377096176,-0.005002352874726057
420,4,39,1.0,0.9832825660705566,0,0,0.0,-0.25,0.0,0.0,-0.04054052382707596,-0.004962887614965439
421,4,40,1.0,0.989081084728241,0,0,0.0,0.0,0.0,0.0,-0.0840514600276947,-0.0005706410156562924
422,4,41,1.0,0.9890996813774109,0,0,0.0,0.0,0.0,0.0,-0.039805032312870026,-0.0026480413507670164
423,4,42,1.0,0.9831995964050293,0,0,0.0,0.0,0.0,0.0,-0.01909041590988636,-0.008467074483633041
424,4,43,1.0,0.9828739166259766,0,0,0.0,0.0,0.0,0.0,-0.014298620633780956,-0.009438206441700459
425,4,44,1.0,0.9847064018249512,0,0,0.0,0.0,0.0,0.0,-0.015021806582808495,-0.009277029894292355
426,4,45,1.0,0.9846982955932617,0,0,0.0,0.0,0.0,0.0,-0.01456377562135458,-0.009252812713384628
427,4,46,1.0,0.9852612614631653,0,0,0.0,0.0,0.0,0.0,-0.013734775595366955,-0.010018858127295971
428,4,47,1.0,0.9852449893951416,0,0,0.0,-0.25,0.0,0.0,-0.013651249930262566,-0.01001040916889906
429,4,48,1.0,0.9806908965110779,0,0,0.0,0.0,0.0,0.0,-0.05701129138469696,-0.016608482226729393
430,4,49,1.0,0.9808979630470276,0,0,0.0,0.0,0.0,0.0,-0.02194516733288765,-0.008511902764439583
431,4,50,1.0,0.9814594388008118,0,0,0.0,0.0,0.0,0.0,-0.008434804156422615,-0.014005066826939583
432,4,51,1.0,0.9813957214355469,0,0,0.0,0.0,0.0,0.0,-0.004901411477476358,-0.013937035575509071
433,4,52,1.0,0.9833428263664246,0,0,0.0,0.0,0.0,0.0,-0.0037483267951756716,-0.013389166444540024
434,4,53,1.0,0.9832502603530884,0,0,0.0,0.0,0.0,0.0,-0.0033413399942219257,-0.01333591714501381
435,4,54,1.0,0.9852296113967896,0,0,0.0,0.0,0.0,0.0,-0.0023509450256824493,-0.02182958833873272
436,4,55,1.0,0.9851921796798706,0,0,0.0,0.0,0.0,0.0,-0.0022737563122063875,-0.021806981414556503
437,4,56,1.0,0.9812372326850891,0,0,0.0,0.0,-0.5,0.0,-0.0023586004972457886,-0.018963797017931938
438,4,57,1.0,0.9437412023544312,0,0,0.0,0.0,-0.5,0.0,0.0017004597466439009,-0.3947569727897644
439,4,58,1.0,0.9539822340011597,0,0,0.0,0.0,-0.5,0.0,0.008287587203085423,-0.5154348611831665
440,4,59,1.0,0.9407432675361633,0,0,0.0,0.0,-0.5,0.0,0.007462639361619949,-0.5363115668296814
441,4,60,1.0,0.9361093640327454,0,0,0.0,0.0,-0.5,0.0,-0.0020225306507200003,-0.5353264808654785
442,4,61,1.0,0.920516312122345,0,0,0.0,0.0,-0.5,0.0,0.0023759754840284586,-0.5196377038955688
443,4,62,1.0,0.8979349136352539,0,0,0.0,0.0,-0.5,0.0,0.005020746495574713,-0.44293227791786194
444,4,63,1.0,0.910766065120697,0,0,0.0,0.0,-0.5,0.0,0.0051342216320335865,-0.35032638907432556
445,4,64,1.0,1.2675344944000244,0,0,0.0,0.0,-0.5,0.0,0.013366563245654106,-0.042219068855047226
446,4,65,1.0,1.2884752750396729,0,0,0.0,0.0,-0.5,0.0,0.012052725069224834,-0.028706075623631477
447,4,66,1.0,1.355379343032837,0,0,0.0,0.0,-0.5,0.0,0.012576401233673096,-0.01783284731209278
448,4,67,1.0,1.358168363571167,0,0,0.0,0.0,0.0,0.0,0.012460523284971714,-0.016481224447488785
449,4,68,1.0,1.3901184797286987,0,0,0.0,0.0,0.0,0.0,0.010584982112050056,-0.013742009177803993
450,4,69,1.0,1.3904566764831543,0,0,0.0,0.0,0.0,0.0,0.010579955764114857,-0.013675328344106674
451,4,70,1.0,1.399430751800537,0,0,0.0,0.0,0.0,0.0,0.012411936186254025,-0.013453006744384766
452,4,71,1.0,1.399597406387329,0,0,0.0,0.0,0.0,0.0,0.012398048304021358,-0.013388566672801971
453,4,72,2.0,1.422581434249878,1,0,0.0,0.0,0.0,0.0,0.010824361816048622,-0.017085231840610504
454,4,73,2.0,1.9072171449661255,1,1,0.0,0.0,0.0,0.0,0.005034167785197496,-0.022829974070191383
455,4,74,2.0,2.007451295852661,1,1,0.0,0.0,0.0,0.0,0.004011070821434259,-0.00590831134468317
456,4,75,2.0,2.0175118446350098,1,1,0.0,0.0,0.0,0.0,0.00432096142321825,-0.02168479934334755
457,4,76,2.0,2.001626491546631,1,1,0.0,0.0,0.0,0.0,0.0050936308689415455,-0.022030094638466835
458,4,77,2.0,1.990875482559204,1,1,0.0,0.0,0.0,0.0,0.0010266966419294477,-0.022275635972619057
459,4,78,2.0,1.9351508617401123,1,1,0.0,0.0,0.0,0.0,0.0018084840849041939,-0.004730202257633209
460,4,79,2.0,1.3090089559555054,1,0,0.0,0.0,0.0,0.0,0.0025070603005588055,-0.08269582688808441
461,4,80,2.0,1.047922968864441,1,0,0.0,0.0,0.0,0.0,-0.008359817788004875,-0.014162566512823105
462,4,81,2.0,1.0492260456085205,1,0,0.0,0.0,0.0,0.0,-0.006903918460011482,-0.012695014476776123
463,4,82,2.0,1.031023621559143,1,0,0.0,0.0,0.0,0.0,-0.006806660909205675,-0.011728022247552872
464,4,83,1.0,1.0316952466964722,0,0,0.0,0.0,0.0,0.0,-0.006793224718421698,-0.012996338307857513
465,4,84,1.0,1.0280094146728516,0,0,0.0,0.0,0.0,0.0,-0.005932343192398548,-0.012697532773017883
466,4,85,1.0,1.0292086601257324,0,0,0.0,0.0,0.0,0.0,-0.006158120464533567,-0.015190336853265762
467,4,86,1.0,1.0102614164352417,0,0,0.0,0.0,0.0,0.0,-0.009123928844928741,-0.007389097940176725
468,4,87,1.0,1.000424861907959,0,0,0.0,0.0,0.0,0.0,-0.010199099779129028,-3.6298297345638275e-05
469,4,88,1.0,0.9767566919326782,0,0,0.0,0.0,0.0,0.0,-0.012734982185065746,0.06522936373949051
470,4,89,1.0,0.9804794788360596,0,0,0.0,0.0,0.0,0.0,-0.013118868693709373,0.07184100896120071
471,4,90,1.0,0.981717586517334,0,0,0.0,0.0,0.0,0.0,-0.015087022446095943,0.24552352726459503
472,4,91,1.0,0.9820369482040405,0,0,0.0,0.0,0.0,0.0,-0.014754052273929119,0.24927181005477905
473,4,92,1.0,0.9838767647743225,0,0,0.0,0.0,0.0,0.0,-0.016489556059241295,0.23440630733966827
474,4,93,1.0,0.9846662878990173,0,0,0.0,0.0,0.5,0.0,-0.01613578014075756,0.25068074464797974
475,4,94,1.0,0.9943650364875793,0,0,0.0,0.0,0.5,0.0,-0.014313561841845512,0.32602351903915405
476,4,95,1.0,0.9993008971214294,0,0,0.0,0.0,0.5,0.0,-0.009297437965869904,0.4953053593635559
477,4,96,1.0,1.0005254745483398,0,0,0.0,0.0,0.5,0.0,-0.00919082760810852,0.5318491458892822
478,4,97,1.0,0.9978493452072144,0,0,0.0,0.0,0.5,0.0,-0.008588899858295918,0.5410270690917969
479,4,98,1.0,0.9989268183708191,0,0,0.0,0.0,0.5,0.0,-0.009233023971319199,0.5410269498825073
480,4,99,1.0,0.9958932995796204,0,0,0.0,0.0,0.5,0.0,-0.0096551813185215,0.5455703139305115
481,4,100,1.0,0.994758665561676,0,0,0.0,0.0,0.5,0.0,-0.010395095683634281,0.5423884391784668
482,4,101,1.0,0.9928528070449829,0,0,0.0,0.0,0.5,0.0,-0.00964021310210228,0.5376740097999573
483,4,102,1.0,0.9932538270950317,0,0,0.0,0.0,0.5,0.0,-0.009147627279162407,0.541082501411438
484,4,103,1.0,0.9907979965209961,0,0,0.0,0.0,0.5,0.0,-0.00857958011329174,0.5375187397003174
485,5,0,1.0,0.9814960956573486,0,0,0.0,0.0,0.0,0.0,0.07644836604595184,0.004749441519379616
486,5,1,1.0,0.9887928366661072,0,0,0.0,0.0,0.0,0.0,0.05711810663342476,-0.006629659794270992
487,5,2,1.0,0.9851349592208862,0,0,0.0,0.0,0.0,0.0,0.07464852184057236,0.0006487374193966389
488,5,3,1.0,0.9830238819122314,0,0,0.0,0.0,0.0,0.0,0.08100469410419464,0.002263559028506279
489,5,4,1.0,0.9833534955978394,0,0,0.0,0.0,0.0,0.0,0.09190461039543152,0.002433378715068102
490,5,5,1.0,0.982856273651123,0,0,0.0,0.0,0.0,0.0,0.09357801824808121,0.00292359571903944
491,5,6,1.0,0.9799172878265381,0,0,0.0,0.0,0.0,0.0,0.11103004217147827,0.005638434085994959
492,5,7,1.0,0.9798610806465149,0,0,0.0,0.0,0.0,0.0,0.11136625707149506,0.005815472919493914
493,5,8,1.0,0.981016993522644,0,0,0.0,0.0,0.0,0.0,0.11728407442569733,0.007049668114632368
494,5,9,1.0,0.9810112118721008,0,0,0.0,0.0,0.0,0.0,0.11735472828149796,0.007100244518369436
495,5,10,1.0,0.9808496236801147,0,0,0.0,0.0,0.0,0.0,0.11889135092496872,0.007292963098734617
496,5,11,1.0,0.980847954750061,0,0,0.0,0.0,0.0,0.0,0.11890766024589539,0.007306104060262442
497,5,12,1.0,0.9808387756347656,0,0,0.0,0.0,0.0,0.0,0.11892016232013702,0.007333305198699236
498,5,13,1.0,0.9808385968208313,0,0,0.0,0.25,0.0,0.0,0.1189240962266922,0.007336724083870649
499,5,14,1.0,0.9787059426307678,0,0,0.0,0.25,0.0,0.0,0.2416045367717743,-0.0005057244561612606
500,5,15,1.0,0.9824547171592712,0,0,0.0,0.25,0.0,0.0,0.26546743512153625,-0.001686780247837305
501,5,16,1.0,0.9777543544769287,0,0,0.0,0.25,0.0,0.0,0.26986342668533325,-0.013080984354019165
502,5,17,1.0,0.9796024560928345,0,0,0.0,0.25,0.0,0.0,0.27179422974586487,-0.010080508887767792
503,5,18,1.0,0.9777604341506958,0,0,0.0,0.25,0.0,0.0,0.2782341539859772,-0.011910747736692429
504,5,19,1.0,0.9797793030738831,0,0,0.0,0.25,0.0,0.0,0.27810388803482056,-0.019000781700015068
505,5,20,1.0,0.9755757451057434,0,0,0.0,0.25,0.0,0.0,0.2782081365585327,-0.019049175083637238
506,5,21,1.0,0.9741455316543579,0,0,0.0,0.25,0.0,0.0,0.27787795662879944,-0.02057831734418869
507,5,22,1.0,0.9774382710456848,0,0,0.0,0.25,0.0,0.0,0.2815774083137512,-0.02267906442284584
508,5,23,1.0,0.9784522652626038,0,0,0.0,0.25,0.0,0.0,0.2832518517971039,-0.03204614296555519
509,5,24,1.0,0.9738057851791382,0,0,0.0,0.25,0.0,0.0,0.2873132824897766,-0.028224661946296692
510,5,25,1.0,0.9771266579627991,0,0,0.0,0.25,0.0,0.0,0.2880795896053314,-0.03492429852485657
511,5,26,1.0,0.9850057363510132,0,0,0.0,0.25,0.0,0.0,0.2846512496471405,-0.03420238196849823
512,5,27,1.0,0.9818822741508484,0,0,0.0,0.25,0.0,0.0,0.2814655303955078,-0.03727593272924423
513,5,28,1.0,0.9896578788757324,0,0,0.0,0.25,0.0,0.0,0.23293617367744446,-0.028008583933115005
514,5,29,1.0,0.9833332896232605,0,0,0.0,0.25,0.0,0.0,0.180834099650383,-0.02965415082871914
515,5,30,1.0,0.9811209440231323,0,0,0.0,0.25,0.0,0.0,0.12314629554748535,-0.03603638336062431
516,5,31,1.0,0.9783756732940674,0,0,0.0,0.25,0.0,0.0,0.09489340335130692,-0.015713006258010864
517,5,32,1.0,0.9812242984771729,0,0,0.0,0.0,0.0,0.0,0.08838114142417908,-0.024379532784223557
518,5,33,1.0,0.9747816920280457,0,0,0.0,0.0,0.0,0.0,0.016528643667697906,-0.01829780638217926
519,5,34,1.0,0.9765700697898865,0,0,0.0,0.0,0.0,0.0,-0.01828344538807869,-0.013445008546113968
520,5,35,1.0,0.979250967502594,0,0,0.0,0.0,0.0,0.0,-0.028040405362844467,-0.01003720611333847
521,5,36,1.0,0.9813578128814697,0,0,0.0,0.0,0.0,0.0,-0.025674765929579735,-0.006650461349636316
522,5,37,1.0,0.9818905591964722,0,0,0.0,0.0,0.0,0.0,-0.02665470354259014,-0.00643111253157258
523,5,38,1.0,0.9812039136886597,0,0,0.0,0.0,0.0,0.0,-0.029846567660570145,-0.009626337327063084
524,5,39,1.0,0.981311559677124,0,0,0.0,0.0,0.0,0.0,-0.03006921522319317,-0.009653698652982712
525,5,40,1.0,0.9817943572998047,0,0,0.0,-0.25,0.0,0.0,-0.024814601987600327,-0.007959560491144657
526,5,41,1.0,0.9931731820106506,0,0,0.0,0.0,0.0,0.0,-0.053787268698215485,0.0017605731263756752
527,5,42,1.0,0.9864487648010254,0,0,0.0,0.0,0.0,0.0,-0.03250383958220482,-0.0005616494454443455
528,5,43,1.0,0.9862512946128845,0,0,0.0,0.0,0.0,0.0,-0.023922527208924294,-0.004585665185004473
529,5,44,1.0,0.9807732701301575,0,0,0.0,0.0,0.0,0.0,-0.018139028921723366,-0.007099668495357037
530,5,45,1.0,0.9803972840309143,0,0,0.0,0.0,0.0,0.0,-0.016746627166867256,-0.007600740995258093
531,5,46,1.0,0.9807009696960449,0,0,0.0,-0.25,0.0,0.0,-0.017879942432045937,-0.00873650424182415
532,5,47,1.0,0.9909459352493286,0,0,0.0,-0.25,0.0,0.0,-0.05637732148170471,-0.00041135645005851984
533,5,48,1.0,0.9982230067253113,0,0,0.0,0.0,0.0,0.0,-0.047697048634290695,0.0037909592501819134
534,5,49,1.0,0.9889382123947144,0,0,0.0,0.0,0.0,0.0,-0.023795509710907936,-0.008620627224445343
535,5,50,1.0,0.9820027947425842,0,0,0.0,0.0,0.0,0.0,-0.009941727854311466,-0.017861368134617805
536,5,51,1.0,0.9804778695106506,0,0,0.0,0.0,0.0,0.0,-0.0028900441247969866,-0.019603682681918144
537,5,52,1.0,0.983283281326294,0,0,0.0,0.0,0.0,0.0,-0.0033489116467535496,-0.019243653863668442
538,5,53,1.0,0.9828757643699646,0,0,0.0,0.0,0.0,0.0,-0.0025015564169734716,-0.01933036930859089
539,5,54,1.0,0.983680248260498,0,0,0.0,0.0,0.0,0.0,-0.0023067716974765062,-0.02775508165359497
540,5,55,1.0,0.9835619330406189,0,0,0.0,0.0,0.0,0.0,-0.002141227014362812,-0.027744045481085777
541,5,56,1.0,0.9844049215316772,0,0,0.0,0.0,0.0,0.0,-0.0015090311644598842,-0.03076952137053013
542,5,57,1.0,0.9843750596046448,0,0,0.0,0.0,0.0,0.0,-0.0014679923187941313,-0.030756875872612
543,5,58,1.0,0.984694242477417,0,0,0.0,0.0,0.0,0.0,-0.0016425111098214984,-0.030908707529306412
544,5,59,1.0,0.9846857786178589,0,0,0.0,0.0,0.0,0.0,-0.0016314559616148472,-0.030903847888112068
545,5,60,1.0,0.9832963347434998,0,0,0.0,0.0,-0.5,0.0,-0.00013636054063681513,-0.031482841819524765
546,5,61,1.0,0.9330495595932007,0,0,0.0,0.0,-0.5,0.0,0.010343345813453197,-0.42170995473861694
547,5,62,1.0,0.9523269534111023,0,0,0.0,0.0,-0.5,0.0,0.01601266860961914,-0.5274706482887268
548,5,63,1.0,0.9483753442764282,0,0,0.0,0.0,-0.5,0.0,0.011551566421985626,-0.5357232689857483
549,5,64,1.0,0.9579205513000488,0,0,0.0,0.0,-0.5,0.0,0.013061043806374073,-0.5386759042739868
550,5,65,1.0,0.9471035003662109,0,0,0.0,0.0,-0.5,0.0,0.006174658890813589,-0.5264131426811218
551,5,66,1.0,0.8999500274658203,0,0,0.0,0.0,-0.5,0.0,0.00528165465220809,-0.44341495633125305
552,5,67,1.0,0.8994617462158203,0,0,0.0,0.0,-0.5,0.0,0.005511936731636524,-0.3526942729949951
553,5,68,1.0,1.2746859788894653,0,0,0.0,0.0,-0.5,0.0,0.01119229570031166,-0.05796823650598526
554,5,69,1.0,1.324256420135498,0,0,0.0,0.0,-0.5,0.0,0.0075498661026358604,-0.03524012118577957
555,5,70,1.0,1.3986026048660278,0,0,0.0,0.0,-0.5,0.0,0.00779371801763773,-0.020968051627278328
556,5,71,1.0,1.4007701873779297,0,0,0.0,0.0,0.0,0.0,0.007843947038054466,-0.0186244435608387
557,5,72,1.0,1.4474616050720215,0,0,0.0,0.0,0.0,0.0,0.006990744266659021,-0.012961382046341896
558,5,73,1.0,1.4476810693740845,0,0,0.0,0.0,0.0,0.0,0.0069734565913677216,-0.012905566021800041
559,5,74,1.0,1.4562466144561768,0,0,0.0,0.0,0.0,0.0,0.005711436737328768,-0.010473895817995071
560,5,75,1.0,1.4563201665878296,0,0,0.0,0.0,0.0,0.0,0.00571058364585042,-0.010511280968785286
561,5,76,2.0,1.4869084358215332,1,0,0.0,0.0,0.0,0.0,0.005767377093434334,-0.016077769920229912
562,5,77,2.0,1.9760239124298096,1,1,0.0,0.0,0.0,0.0,0.002574542537331581,0.00523360213264823
563,5,78,2.0,1.9968557357788086,1,1,0.0,0.0,0.0,0.0,0.0010493474546819925,-0.008759195916354656
564,5,79,2.0,1.9667317867279053,1,1,0.0,0.0,0.0,0.0,-0.0021854026708751917,-0.03375224024057388
565,5,80,2.0,1.950880765914917,1,1,0.0,0.0,0.0,0.0,4.9869497161125764e-05,-0.02977631241083145
566,5,81,2.0,1.9578545093536377,1,1,0.0,0.0,0.0,0.0,0.0027045579627156258,-0.011414255946874619
567,5,82,2.0,1.1273539066314697,1,0,0.0,0.0,0.0,0.0,-0.0020376010797917843,-0.0348241813480854
568,5,83,2.0,1.1757028102874756,1,0,0.0,0.0,0.0,0.0,-0.0023872251622378826,-0.022435979917645454
569,5,84,2.0,1.0891942977905273,1,0,0.0,0.0,0.0,0.0,-0.005275022704154253,-0.013829659670591354
570,5,85,2.0,1.086906909942627,1,0,0.0,0.0,0.0,0.0,-0.004713164176791906,-0.015982409939169884
571,5,86,2.0,1.0182934999465942,1,0,0.0,0.0,0.0,0.0,-0.005297359079122543,-0.026216818019747734
572,5,87,1.0,0.9894190430641174,0,0,0.0,0.0,0.0,0.0,-0.004539826884865761,-0.036769311875104904
573,5,88,1.0,0.9593923091888428,0,0,0.0,0.0,0.0,0.0,-0.004733162000775337,-0.020689083263278008
574,5,89,1.0,0.960580587387085,0,0,0.0,0.0,0.0,0.0,-0.005847137421369553,-0.01456737332046032
575,5,90,1.0,0.9573990106582642,0,0,0.0,0.0,0.0,0.0,-0.009279638528823853,-0.018016519024968147
576,5,91,1.0,0.9576820135116577,0,0,0.0,0.0,0.0,0.0,-0.009217211045324802,-0.011486373841762543
577,5,92,1.0,0.948300838470459,0,0,0.0,0.0,0.0,0.0,-0.010100734420120716,0.01201716996729374
578,5,93,1.0,0.9472095966339111,0,0,0.0,0.0,0.0,0.0,-0.010189902037382126,0.034446634352207184
579,5,94,1.0,0.9610857963562012,0,0,0.0,0.0,0.0,0.0,-0.014321476221084595,0.15319015085697174
580,5,95,1.0,0.9644367694854736,0,0,0.0,0.0,0.0,0.0,-0.01522769220173359,0.1665259152650833
581,5,96,1.0,0.9736227989196777,0,0,0.0,0.0,0.5,0.0,-0.015031843446195126,0.2790716290473938
582,5,97,1.0,0.985971987247467,0,0,0.0,0.0,0.5,0.0,-0.011975469999015331,0.4251859188079834
583,5,98,1.0,0.9953383207321167,0,0,0.0,0.0,0.5,0.0,-0.01170946005731821,0.5206032991409302
584,5,99,1.0,0.9963113069534302,0,0,0.0,0.0,0.5,0.0,-0.009473281912505627,0.5224364995956421
585,5,100,1.0,0.9991728663444519,0,0,0.0,0.0,0.5,0.0,-0.008332975208759308,0.5386791229248047
586,5,101,1.0,0.9999364018440247,0,0,0.0,0.0,0.5,0.0,-0.007765553425997496,0.5333470702171326
587,5,102,1.0,0.99699866771698,0,0,0.0,0.0,0.5,0.0,-0.007632965687662363,0.5442097783088684
588,5,103,1.0,0.9917541742324829,0,0,0.0,0.0,0.5,0.0,-0.008099187165498734,0.5396760106086731
589,5,104,1.0,0.9925532937049866,0,0,0.0,0.0,0.5,0.0,-0.00975697673857212,0.5413646697998047
590,5,105,1.0,0.9906585216522217,0,0,0.0,0.0,0.5,0.0,-0.009883439168334007,0.5359759330749512
591,5,106,1.0,0.99109947681427,0,0,0.0,0.0,0.5,0.0,-0.009413660503923893,0.5295436382293701
592,6,0,1.0,0.9905171394348145,0,0,0.0,0.0,0.0,0.0,-0.02785448171198368,-0.015007119625806808
593,6,1,1.0,0.9965392351150513,0,0,0.0,0.0,0.0,0.0,-0.020808406174182892,-0.0218257587403059
594,6,2,1.0,0.9967983365058899,0,0,0.0,0.0,0.0,0.0,-0.02775162272155285,-0.01931210421025753
595,6,3,1.0,0.9950847625732422,0,0,0.0,0.0,0.0,0.0,-0.02976265922188759,-0.018223697319626808
596,6,4,1.0,0.9962875247001648,0,0,0.0,0.0,0.0,0.0,-0.03531353175640106,-0.015126222744584084
597,6,5,1.0,0.9960380792617798,0,0,0.0,0.0,0.0,0.0,-0.03565305471420288,-0.014574162662029266
598,6,6,1.0,0.9966474771499634,0,0,0.0,0.0,0.0,0.0,-0.051986612379550934,-0.014705624431371689
599,6,7,1.0,0.9966335892677307,0,0,0.0,0.0,0.0,0.0,-0.05204368010163307,-0.014539888128638268
600,6,8,1.0,0.9963562488555908,0,0,0.0,0.0,0.0,0.0,-0.05489754304289818,-0.01418139785528183
601,6,9,1.0,0.9963554739952087,0,0,0.0,0.0,0.0,0.0,-0.05490916222333908,-0.014134734869003296
602,6,10,1.0,0.9961804747581482,0,0,0.0,0.0,0.0,0.0,-0.062298402190208435,-0.014954598620533943
603,6,11,1.0,0.9961813688278198,0,0,0.0,0.0,0.0,0.0,-0.062300268560647964,-0.014941589906811714
604,6,12,1.0,0.9939813017845154,0,0,0.0,-0.25,0.0,0.0,-0.06548295170068741,-0.014690142124891281
605,6,13,1.0,0.9900063276290894,0,0,0.0,-0.25,0.0,0.0,-0.22816608846187592,-0.0068141319788992405
606,6,14,1.0,0.998298168182373,0,0,0.0,-0.25,0.0,0.0,-0.2558800280094147,-0.00936227198690176
607,6,15,1.0,0.9934864044189453,0,0,0.0,-0.25,0.0,0.0,-0.2556537389755249,-0.017346929758787155
608,6,16,1.0,1.0071308612823486,0,0,0.0,-0.25,0.0,0.0,-0.26201602816581726,-0.017809495329856873
609,6,17,1.0,1.0084357261657715,0,0,0.0,-0.25,0.0,0.0,-0.2627021372318268,-0.013845158740878105
610,6,18,1.0,1.0037544965744019,0,0,0.0,-0.25,0.0,0.0,-0.2648240625858307,-0.013768987730145454
611,6,19,1.0,1.0088608264923096,0,0,0.0,-0.25,0.0,0.0,-0.26661840081214905,-0.017522204667329788
612,6,20,1.0,1.0027265548706055,0,0,0.0,-0.25,0.0,0.0,-0.2669779658317566,-0.006760265212506056
613,6,21,1.0,0.9993910789489746,0,0,0.0,-0.25,0.0,0.0,-0.26507535576820374,-0.016510725021362305
614,6,22,1.0,0.9891558885574341,0,0,0.0,-0.25,0.0,0.0,-0.2653743028640747,-0.0061127194203436375
615,6,23,1.0,1.001954436302185,0,0,0.0,-0.25,0.0,0.0,-0.2683764100074768,-0.011548919603228569
616,6,24,1.0,0.987980842590332,0,0,0.0,-0.25,0.0,0.0,-0.26770690083503723,-0.010815486311912537
617,6,25,1.0,1.000727891921997,0,0,0.0,-0.25,0.0,0.0,-0.26822158694267273,-0.004117736127227545
618,6,26,1.0,0.9899151921272278,0,0,0.0,-0.25,0.0,0.0,-0.22868147492408752,0.0006167287938296795
619,6,27,1.0,0.9857844114303589,0,0,0.0,-0.25,0.0,0.0,-0.16153584420681,-0.009158454835414886
620,6,28,1.0,0.9849588871002197,0,0,0.0,-0.25,0.0,0.0,-0.08557000011205673,-0.010847769677639008
621,6,29,1.0,0.97963547706604,0,0,0.0,-0.25,0.0,0.0,-0.06698736548423767,-0.015156600624322891
622,6,30,1.0,0.9827032685279846,0,0,0.0,-0.25,0.0,0.0,-0.061610959470272064,-0.01583988219499588
623,6,31,1.0,0.9777504205703735,0,0,0.0,0.0,0.0,0.0,-0.05436086282134056,-0.020608486607670784
624,6,32,1.0,0.9830130338668823,0,0,0.0,0.0,0.0,0.0,-0.013428499922156334,-0.00972680002450943
625,6,33,1.0,0.9778640270233154,0,0,0.0,0.0,0.0,0.0,0.0018285061232745647,-0.010658279061317444
626,6,34,1.0,0.9781063795089722,0,0,0.0,0.0,0.0,0.0,0.012033328413963318,-0.013022325932979584
627,6,35,1.0,0.9781928062438965,0,0,0.0,0.0,0.0,0.0,0.013925827108323574,-0.013063881546258926
628,6,36,1.0,0.9777220487594604,0,0,0.0,0.0,0.0,0.0,0.01263632532209158,-0.015536356717348099
629,6,37,1.0,0.9776414632797241,0,0,0.0,0.0,0.0,0.0,0.012934356927871704,-0.015617575496435165
630,6,38,1.0,0.9771314263343811,0,0,0.0,0.0,0.0,0.0,0.011808434501290321,-0.011661821976304054
631,6,39,1.0,0.9770984053611755,0,0,0.0,0.25,0.0,0.0,0.011875409632921219,-0.011684216558933258
632,6,40,1.0,0.9862728714942932,0,0,0.0,0.0,0.0,0.0,0.04370788857340813,-0.012029353529214859
633,6,41,1.0,0.976627767086029,0,0,0.0,0.0,0.0,0.0,0.01180118415504694,-0.008757160045206547
634,6,42,1.0,0.9817405939102173,0,0,0.0,0.0,0.0,0.0,0.013056627474725246,-0.005238283425569534
635,6,43,1.0,0.9802939295768738,0,0,0.0,0.0,0.0,0.0,0.009879200719296932,-0.004854333586990833
636,6,44,1.0,0.9822348952293396,0,0,0.0,0.0,0.0,0.0,0.007761083077639341,-0.0005584716564044356
637,6,45,1.0,0.9822765588760376,0,0,0.0,0.0,0.0,0.0,0.007402809336781502,-0.0004699835553765297
638,6,46,1.0,0.9815511703491211,0,0,0.0,0.0,0.0,0.0,0.007995798252522945,-0.0034121437929570675
639,6,47,1.0,0.981586217880249,0,0,0.0,0.0,0.0,0.0,0.007931740954518318,-0.0033968372736126184
640,6,48,1.0,0.9837200045585632,0,0,0.0,0.25,0.0,0.0,0.008350474759936333,-0.00012753927148878574
641,6,49,1.0,0.985360860824585,0,0,0.0,0.0,0.0,0.0,0.03502621501684189,-0.0025788594502955675
642,6,50,1.0,0.9860630631446838,0,0,0.0,0.0,0.0,0.0,0.014818774536252022,-0.007639794610440731
643,6,51,1.0,0.9801757335662842,0,0,0.0,0.0,0.0,0.0,0.003981401678174734,-0.01124303974211216
644,6,52,1.0,0.9813620448112488,0,0,0.0,0.0,0.0,0.0,0.0029439327772706747,-0.009746517986059189
645,6,53,1.0,0.9815356731414795,0,0,0.0,0.0,0.0,0.0,0.0018948797369375825,-0.0097213014960289
646,6,54,1.0,0.9841464161872864,0,0,0.0,0.0,0.0,0.0,0.001876946073025465,-0.00787434633821249
647,6,55,1.0,0.9842122793197632,0,0,0.0,0.0,0.0,0.0,0.0017313624266535044,-0.007869301363825798
648,6,56,1.0,0.9838367700576782,0,0,0.0,0.0,0.0,0.0,0.0022156010381877422,-0.00961244199424982
649,6,57,1.0,0.9838595390319824,0,0,0.0,0.0,0.0,0.0,0.0021811958868056536,-0.009612188674509525
650,6,58,1.0,0.9839935898780823,0,0,0.0,0.0,0.0,0.0,0.0027663838118314743,-0.008550954051315784
651,6,59,1.0,0.9840006828308105,0,0,0.0,0.0,0.0,0.0,0.002757329260930419,-0.00855017639696598
652,6,60,1.0,0.9840329885482788,0,0,0.0,0.0,0.0,0.0,0.0029415246099233627,-0.008685486391186714
653,6,61,1.0,0.9840353727340698,0,0,0.0,0.0,-0.5,0.0,0.002938655437901616,-0.008685309439897537
654,6,62,1.0,0.9468916654586792,0,0,0.0,0.0,-0.5,0.0,0.004067418165504932,-0.35344335436820984
655,6,63,1.0,0.945356011390686,0,0,0.0,0.0,-0.5,0.0,0.008233836852014065,-0.5042985677719116
656,6,64,1.0,0.922613799571991,0,0,0.0,0.0,-0.5,0.0,0.0012640473432838917,-0.523681104183197
657,6,65,1.0,0.9395211338996887,0,0,0.0,0.0,-0.5,0.0,-0.0013136068591848016,-0.5250844955444336
658,6,66,1.0,0.9279537200927734,0,0,0.0,0.0,-0.5,0.0,0.005042587406933308,-0.4997517466545105
659,6,67,1.0,0.9133760929107666,0,0,0.0,0.0,-0.5,0.0,0.006673390977084637,-0.46188271045684814
660,6,68,1.0,0.9794164896011353,0,0,0.0,0.0,-0.5,0.0,0.007196600083261728,-0.28555747866630554
661,6,69,1.0,1.242340326309204,0,0,0.0,0.0,-0.5,0.0,0.005095789674669504,-0.06539513170719147
662,6,70,1.0,1.3684453964233398,0,0,0.0,0.0,-0.5,0.0,0.005359214264899492,-0.032587677240371704
663,6,71,1.0,1.3715609312057495,0,0,0.0,0.0,-0.5,0.0,0.0057900166139006615,-0.03027249686419964
664,6,72,1.0,1.3832926750183105,0,0,0.0,0.0,0.0,0.0,0.005609617102891207,-0.02395033650100231
665,6,73,1.0,1.3845088481903076,0,0,0.0,0.0,0.0,0.0,0.0055638630874454975,-0.02325177751481533
666,6,74,1.0,1.4063992500305176,0,0,0.0,0.0,0.0,0.0,0.0046546016819775105,-0.024622201919555664
667,6,75,1.0,1.4066290855407715,0,0,0.0,0.0,0.0,0.0,0.004652553703635931,-0.024564260616898537
668,6,76,1.0,1.4044888019561768,0,0,0.0,0.0,0.0,0.0,0.004825509153306484,-0.02620426006615162
669,6,77,1.0,1.4046481847763062,0,0,0.0,0.0,0.0,0.0,0.0048126885667443275,-0.02613242156803608
670,6,78,2.0,1.3965617418289185,1,0,0.0,0.0,0.0,0.0,0.0036870369222015142,-0.02510220557451248
671,6,79,2.0,1.967289686203003,1,1,0.0,0.0,0.0,0.0,0.0006255363114178181,-0.006788741331547499
672,6,80,2.0,1.9367799758911133,1,1,0.0,0.0,0.0,0.0,0.007225258741527796,-0.03239508718252182
673,6,81,2.0,1.9358088970184326,1,1,0.0,0.0,0.0,0.0,0.00659073144197464,-0.034964364022016525
674,6,82,2.0,1.9370958805084229,1,1,0.0,0.0,0.0,0.0,0.005291328299790621,-0.005885033402591944
675,6,83,2.0,1.3208262920379639,1,0,0.0,0.0,0.0,0.0,-0.0046249874867498875,-0.052275292575359344
676,6,84,2.0,1.1813185214996338,1,0,0.0,0.0,0.0,0.0,-0.002357780933380127,-0.02171037532389164
677,6,85,2.0,1.180128574371338,1,0,0.0,0.0,0.0,0.0,-0.002751072170212865,-0.022437486797571182
678,6,86,2.0,1.0360069274902344,1,0,0.0,0.0,0.0,0.0,-0.0053571960888803005,-0.018715230748057365
679,6,87,2.0,1.0215963125228882,1,0,0.0,0.0,0.0,0.0,-0.006777477916330099,-0.016362028196454048
680,6,88,2.0,0.9865492582321167,1,0,0.0,0.0,0.0,0.0,-0.010300014168024063,0.013693967834115028
681,6,89,2.0,0.9810277223587036,1,0,0.0,0.0,0.0,0.0,-0.013030880130827427,0.060457151383161545
682,6,90,1.0,0.9814006090164185,0,0,0.0,0.0,0.0,0.0,-0.013827214017510414,0.10766544938087463
683,6,91,1.0,0.9818271994590759,0,0,0.0,0.0,0.0,0.0,-0.013610931113362312,0.10541882365942001
684,6,92,1.0,0.9812925457954407,0,0,0.0,0.0,0.0,0.0,-0.015201161615550518,0.22626687586307526
685,6,93,1.0,0.9811729192733765,0,0,0.0,0.0,0.0,0.0,-0.014805514365434647,0.225552037358284
686,6,94,1.0,0.9813830256462097,0,0,0.0,0.0,0.0,0.0,-0.014300134964287281,0.2398691326379776
687,6,95,1.0,0.9815824627876282,0,0,0.0,0.0,0.0,0.0,-0.014359229244291782,0.24140773713588715
688,6,96,1.0,0.9813225865364075,0,0,0.0,0.0,0.0,0.0,-0.014393890276551247,0.26946747303009033
689,6,97,1.0,0.9813765287399292,0,0,0.0,0.0,0.5,0.0,-0.014377440325915813,0.2696937918663025
690,6,98,1.0,0.9911583662033081,0,0,0.0,0.0,0.5,0.0,-0.014828723855316639,0.2565479576587677
691,6,99,1.0,0.9999152421951294,0,0,0.0,0.0,0.5,0.0,-0.004521351307630539,0.4903169274330139
692,6,100,1.0,1.0034403800964355,0,0,0.0,0.0,0.5,0.0,-0.005965301766991615,0.5301615595817566
693,6,101,1.0,0.9968489408493042,0,0,0.0,0.0,0.5,0.0,-0.00775547418743372,0.5361573100090027
694,6,102,1.0,1.0004360675811768,0,0,0.0,0.0,0.5,0.0,-0.009211226366460323,0.5448126196861267
695,6,103,1.0,0.9965113401412964,0,0,0.0,0.0,0.5,0.0,-0.009172611869871616,0.5358337163925171
696,6,104,1.0,0.9962841868400574,0,0,0.0,0.0,0.5,0.0,-0.00982939824461937,0.5434030890464783
697,6,105,1.0,0.9911317825317383,0,0,0.0,0.0,0.5,0.0,-0.009405692107975483,0.5486378073692322
698,6,106,1.0,0.9904309511184692,0,0,0.0,0.0,0.5,0.0,-0.009654389694333076,0.5380577445030212
699,6,107,1.0,0.9903585314750671,0,0,0.0,0.0,0.5,0.0,-0.010194922797381878,0.5340009331703186
700,7,0,1.0,0.9814962148666382,0,0,0.0,0.0,0.0,0.0,0.07644833624362946,0.004749367944896221
701,7,1,1.0,0.9887928366661072,0,0,0.0,0.0,0.0,0.0,0.057118143886327744,-0.006629652809351683
702,7,2,1.0,0.9851349592208862,0,0,0.0,0.0,0.0,0.0,0.07464853674173355,0.0006487253122031689
703,7,3,1.0,0.983024001121521,0,0,0.0,0.0,0.0,0.0,0.08100470900535583,0.002263579983264208
704,7,4,1.0,0.9833534359931946,0,0,0.0,0.0,0.0,0.0,0.09190463274717331,0.002433324232697487
705,7,5,1.0,0.982856273651123,0,0,0.0,0.0,0.0,0.0,0.09357801079750061,0.0029235868714749813
706,7,6,1.0,0.9799173474311829,0,0,0.0,0.0,0.0,0.0,0.11103004962205887,0.00563841825351119
707,7,7,1.0,0.9798610806465149,0,0,0.0,0.0,0.0,0.0,0.11136625707149506,0.005815444979816675
708,7,8,1.0,0.981016993522644,0,0,0.0,0.0,0.0,0.0,0.11728404462337494,0.00704969884827733
709,7,9,1.0,0.981011152267456,0,0,0.0,0.0,0.0,0.0,0.11735473573207855,0.0071002463810145855
710,7,10,1.0,0.9808496236801147,0,0,0.0,0.0,0.0,0.0,0.1188914030790329,0.00729296775534749
711,7,11,1.0,0.980847954750061,0,0,0.0,0.0,0.0,0.0,0.11890767514705658,0.007306207437068224
712,7,12,1.0,0.9808388948440552,0,0,0.0,0.0,0.0,0.0,0.11892012506723404,0.007333319168537855
713,7,13,1.0,0.9808385372161865,0,0,0.0,0.0,0.0,0.0,0.11892413347959518,0.00733671011403203
714,7,14,1.0,0.9786118268966675,0,0,0.0,0.25,0.0,0.0,0.119127556681633,0.005686974618583918
715,7,15,1.0,0.9760544300079346,0,0,0.0,0.25,0.0,0.0,0.25201651453971863,0.004110262263566256
716,7,16,1.0,0.9787130355834961,0,0,0.0,0.25,0.0,0.0,0.2667696475982666,-0.0013068076223134995
717,7,17,1.0,0.9817792773246765,0,0,0.0,0.25,0.0,0.0,0.2717304527759552,-0.009102627635002136
718,7,18,1.0,0.9754016399383545,0,0,0.0,0.25,0.0,0.0,0.273458868265152,-0.0120646171271801
719,7,19,1.0,0.9769614934921265,0,0,0.0,0.25,0.0,0.0,0.2771914303302765,-0.01701599918305874
720,7,20,1.0,0.9795807600021362,0,0,0.0,0.25,0.0,0.0,0.2781936228275299,-0.01736478880047798
721,7,21,1.0,0.9774782657623291,0,0,0.0,0.25,0.0,0.0,0.27930188179016113,-0.018856273964047432
722,7,22,1.0,0.970744252204895,0,0,0.0,0.25,0.0,0.0,0.27759119868278503,-0.019319524988532066
723,7,23,1.0,0.977973997592926,0,0,0.0,0.25,0.0,0.0,0.2777506709098816,-0.026490746065974236
724,7,24,1.0,0.9768691658973694,0,0,0.0,0.25,0.0,0.0,0.2818225026130676,-0.026953967288136482
725,7,25,1.0,0.9737052917480469,0,0,0.0,0.25,0.0,0.0,0.28354230523109436,-0.0277357567101717
726,7,26,1.0,0.9824907779693604,0,0,0.0,0.25,0.0,0.0,0.28670060634613037,-0.03243768587708473
727,7,27,1.0,0.9828380346298218,0,0,0.0,0.25,0.0,0.0,0.28071919083595276,-0.03283671662211418
728,7,28,1.0,0.9863682985305786,0,0,0.0,0.25,0.0,0.0,0.27343422174453735,-0.029976559802889824
729,7,29,1.0,0.9883957505226135,0,0,0.0,0.25,0.0,0.0,0.23413686454296112,-0.03258620947599411
730,7,30,1.0,0.9857116341590881,0,0,0.0,0.0,0.0,0.0,0.13982033729553223,-0.022410906851291656
731,7,31,1.0,0.9677330851554871,0,0,0.0,0.0,0.0,0.0,0.04631248489022255,-0.016367696225643158
732,7,32,1.0,0.9749971628189087,0,0,0.0,0.0,0.0,0.0,0.014181822538375854,-0.020501036196947098
733,7,33,1.0,0.9773101806640625,0,0,0.0,0.0,0.0,0.0,0.004310913849622011,-0.0181613527238369
734,7,34,1.0,0.9828275442123413,0,0,0.0,0.0,0.0,0.0,-0.00046705856220796704,-0.02267668955028057
735,7,35,1.0,0.9834458231925964,0,0,0.0,0.0,0.0,0.0,-0.0016247527673840523,-0.022549157962203026
736,7,36,1.0,0.9836487770080566,0,0,0.0,0.0,0.0,0.0,-0.0010292857186868787,-0.0250849649310112
737,7,37,1.0,0.9838014841079712,0,0,0.0,0.0,0.0,0.0,-0.0012432129587978125,-0.025129908695816994
738,7,38,1.0,0.9857478141784668,0,0,0.0,0.0,0.0,0.0,-0.002483024261891842,-0.028190771117806435
739,7,39,1.0,0.9857890009880066,0,0,0.0,0.0,0.0,0.0,-0.0025324481539428234,-0.02820279635488987
740,7,40,1.0,0.9856263995170593,0,0,0.0,0.0,0.0,0.0,-0.002550490666180849,-0.030785096809267998
741,7,41,1.0,0.9856369495391846,0,0,0.0,0.25,0.0,0.0,-0.002562886569648981,-0.030788479372859
742,7,42,1.0,0.9777279496192932,0,0,0.0,0.0,0.0,0.0,0.05857878923416138,-0.01596575416624546
743,7,43,1.0,0.9834316968917847,0,0,0.0,0.0,0.0,0.0,0.013656224124133587,-0.017244387418031693
744,7,44,1.0,0.9836563467979431,0,0,0.0,0.0,0.0,0.0,-0.0026417758781462908,-0.015305399894714355
745,7,45,1.0,0.9856820702552795,0,0,0.0,0.0,0.0,0.0,-0.006792641710489988,-0.013016680255532265
746,7,46,1.0,0.9878010153770447,0,0,0.0,0.0,0.0,0.0,-0.007982619106769562,-0.012405352666974068
747,7,47,1.0,0.9880820512771606,0,0,0.0,0.0,0.0,0.0,-0.008449841290712357,-0.012321922928094864
748,7,48,1.0,0.9891138672828674,0,0,0.0,0.0,0.0,0.0,-0.00897305179387331,-0.012934291735291481
749,7,49,1.0,0.9891729950904846,0,0,0.0,0.0,0.0,0.0,-0.009045304730534554,-0.012946892529726028
750,7,50,1.0,0.9896237254142761,0,0,0.0,0.0,0.0,0.0,-0.008221052587032318,-0.01201581209897995
751,7,51,1.0,0.989639401435852,0,0,0.0,0.0,-0.5,0.0,-0.008237489499151707,-0.012021705508232117
752,7,52,1.0,0.9367685317993164,0,0,0.0,0.0,-0.5,0.0,0.0017824990209192038,-0.3961760997772217
753,7,53,1.0,0.9502769112586975,0,0,0.0,0.0,-0.5,0.0,-0.004204133525490761,-0.4803626537322998
754,7,54,1.0,0.9515172839164734,0,0,0.0,0.0,-0.5,0.0,0.005121455527842045,-0.5141205191612244
755,7,55,1.0,0.9590208530426025,0,0,0.0,0.0,-0.5,0.0,-0.000279858591966331,-0.5349569916725159
756,7,56,1.0,0.9389094710350037,0,0,0.0,0.0,-0.5,0.0,0.004630020819604397,-0.4817429184913635
757,7,57,1.0,0.9095114469528198,0,0,0.0,0.0,-0.5,0.0,-0.0019111412111669779,-0.44824907183647156
758,7,58,1.0,0.9125677943229675,0,0,0.0,0.0,-0.5,0.0,0.0016207870794460177,-0.3170517086982727
759,7,59,1.0,1.161657691001892,0,0,0.0,0.0,-0.5,0.0,0.011716445907950401,-0.11803624033927917
760,7,60,1.0,1.3276112079620361,0,0,0.0,0.0,-0.5,0.0,0.008285269141197205,-0.02992791123688221
761,7,61,1.0,1.3315362930297852,0,0,0.0,0.0,-0.5,0.0,0.008427382446825504,-0.027190161868929863
762,7,62,1.0,1.3578521013259888,0,0,0.0,0.0,-0.5,0.0,0.009694347158074379,-0.01504739373922348
763,7,63,1.0,1.3585437536239624,0,0,0.0,0.0,-0.5,0.0,0.009688231162726879,-0.014522764831781387
764,7,64,1.0,1.3797520399093628,0,0,0.0,0.0,0.0,0.0,0.009076208807528019,-0.013365330174565315
765,7,65,1.0,1.3798120021820068,0,0,0.0,0.0,0.0,0.0,0.00908701866865158,-0.013361344113945961
766,7,66,1.0,1.393914818763733,0,0,0.0,0.0,0.0,0.0,0.008045809343457222,-0.01333720050752163
767,7,67,1.0,1.3939664363861084,0,0,0.0,0.0,0.0,0.0,0.008053413592278957,-0.013375354930758476
768,7,68,1.0,1.4010543823242188,0,0,0.0,0.0,0.0,0.0,0.007579668425023556,-0.011065464466810226
769,7,69,1.0,1.401099681854248,0,0,0.0,0.0,0.0,0.0,0.007591997738927603,-0.011116286739706993
770,7,70,2.0,1.3920543193817139,1,0,0.0,0.0,0.0,0.0,0.008015964180231094,-0.020211609080433846
771,7,71,2.0,1.8359107971191406,1,1,0.0,0.0,0.0,0.0,0.006578077562153339,-0.008358563296496868
772,7,72,2.0,1.919363021850586,1,1,0.0,0.0,0.0,0.0,0.004076079931110144,0.0008762781508266926
773,7,73,2.0,1.9531364440917969,1,1,0.0,0.0,0.0,0.0,0.0017045526765286922,0.0011485798750072718
774,7,74,2.0,1.9987635612487793,1,1,0.0,0.0,0.0,0.0,-0.001961741130799055,-0.0029971692711114883
775,7,75,2.0,1.97945237159729,1,1,0.0,0.0,0.0,0.0,-1.2089802112313919e-05,0.01030060462653637
776,7,76,2.0,1.4828665256500244,1,0,0.0,0.0,0.0,0.0,0.0016014875145629048,-0.1083051934838295
777,7,77,2.0,1.6031361818313599,1,1,0.0,0.0,0.0,0.0,0.0009488884825259447,-0.046681422740221024
778,7,78,2.0,1.487318992614746,1,0,0.0,0.0,0.0,0.0,-0.0007962628151290119,-0.044169072061777115
779,7,79,2.0,1.456067442893982,1,0,0.0,0.0,0.0,0.0,0.0001757769496180117,-0.0511430986225605
780,7,80,2.0,1.2043777704238892,1,0,0.0,0.0,0.0,0.0,-0.005872128996998072,-0.04577966779470444
781,7,81,2.0,1.133435606956482,1,0,0.0,0.0,0.0,0.0,-0.00962885282933712,-0.03151865303516388
782,7,82,2.0,1.0469400882720947,1,0,0.0,0.0,0.0,0.0,-0.009605851955711842,-0.03789525106549263
783,7,83,2.0,1.0496432781219482,1,0,0.0,0.0,0.0,0.0,-0.009433569386601448,-0.036622922867536545
784,7,84,1.0,0.9970160722732544,0,0,0.0,0.0,0.0,0.0,-0.010087210685014725,-0.034096263349056244
785,7,85,1.0,0.9968318939208984,0,0,0.0,0.0,0.0,0.0,-0.01017099991440773,-0.02897239662706852
786,7,86,1.0,0.98614102602005,0,0,0.0,0.0,0.0,0.0,-0.011264916509389877,-0.008060327731072903
787,7,87,1.0,0.9851137399673462,0,0,0.0,0.0,0.0,0.0,-0.010608060285449028,-0.003986808937042952
788,7,88,1.0,0.9712851047515869,0,0,0.0,0.0,0.0,0.0,-0.012962444685399532,0.21282058954238892
789,7,89,1.0,0.9702683687210083,0,0,0.0,0.0,0.0,0.0,-0.013029349967837334,0.20975714921951294
790,7,90,1.0,0.9757795929908752,0,0,0.0,0.0,0.0,0.0,-0.013125046156346798,0.26935631036758423
791,7,91,1.0,0.9756593704223633,0,0,0.0,0.0,0.5,0.0,-0.012866764329373837,0.274680495262146
792,7,92,1.0,0.9843938946723938,0,0,0.0,0.0,0.5,0.0,-0.011894884519279003,0.4110395610332489
793,7,93,1.0,0.9952083826065063,0,0,0.0,0.0,0.5,0.0,-0.005017838906496763,0.4744710922241211
794,7,94,1.0,0.9975113272666931,0,0,0.0,0.0,0.5,0.0,-0.007367286365479231,0.5210926532745361
795,7,95,1.0,0.9991262555122375,0,0,0.0,0.0,0.5,0.0,-0.008007826283574104,0.5161940455436707
796,7,96,1.0,0.9994964599609375,0,0,0.0,0.0,0.5,0.0,-0.010104950517416,0.5295538902282715
797,7,97,1.0,1.0005922317504883,0,0,0.0,0.0,0.5,0.0,-0.009695334360003471,0.5346341133117676
798,7,98,1.0,0.9941848516464233,0,0,0.0,0.0,0.5,0.0,-0.010354309342801571,0.5390797853469849
799,7,99,1.0,0.9915414452552795,0,0,0.0,0.0,0.5,0.0,-0.01140447799116373,0.537575900554657
800,7,100,1.0,0.9914429187774658,0,0,0.0,0.0,0.5,0.0,-0.012660662643611431,0.5315918922424316
801,7,101,1.0,0.987165629863739,0,0,0.0,0.0,0.5,0.0,-0.0130618866533041,0.5166035294532776
802,8,0,1.0,0.9814962148666382,0,0,0.0,0.0,0.0,0.0,0.07644833624362946,0.004749367944896221
803,8,1,1.0,0.9887927770614624,0,0,0.0,0.0,0.0,0.0,0.057118143886327744,-0.006629687733948231
804,8,2,1.0,0.9851348996162415,0,0,0.0,0.0,0.0,0.0,0.07464855909347534,0.000648772343993187
805,8,3,1.0,0.9830239415168762,0,0,0.0,0.0,0.0,0.0,0.08100470900535583,0.0022635627537965775
806,8,4,1.0,0.9833533763885498,0,0,0.0,0.0,0.0,0.0,0.09190461784601212,0.0024333735927939415
807,8,5,1.0,0.9828563928604126,0,0,0.0,0.0,0.0,0.0,0.09357799589633942,0.0029236203990876675
808,8,6,1.0,0.9799173474311829,0,0,0.0,0.0,0.0,0.0,0.11103004217147827,0.005638446193188429
809,8,7,1.0,0.9798610806465149,0,0,0.0,0.0,0.0,0.0,0.11136628687381744,0.005815422628074884
810,8,8,1.0,0.981016993522644,0,0,0.0,0.0,0.0,0.0,0.11728404462337494,0.007049666251987219
811,8,9,1.0,0.9810110926628113,0,0,0.0,0.0,0.0,0.0,0.11735472828149796,0.007100206334143877
812,8,10,1.0,0.9808496236801147,0,0,0.0,0.0,0.0,0.0,0.11889135092496872,0.00729295564815402
813,8,11,1.0,0.980847954750061,0,0,0.0,0.0,0.0,0.0,0.11890766024589539,0.007306137587875128
814,8,12,1.0,0.9808388352394104,0,0,0.0,0.0,0.0,0.0,0.11892015486955643,0.007333317305892706
815,8,13,1.0,0.9808385968208313,0,0,0.0,0.0,0.0,0.0,0.1189241036772728,0.00733673432841897
816,8,14,1.0,0.9786118268966675,0,0,0.0,0.25,0.0,0.0,0.119127556681633,0.005686954129487276
817,8,15,1.0,0.9760544300079346,0,0,0.0,0.25,0.0,0.0,0.25201648473739624,0.004110297188162804
818,8,16,1.0,0.9787130355834961,0,0,0.0,0.25,0.0,0.0,0.26676973700523376,-0.0013068390544503927
819,8,17,1.0,0.9817793369293213,0,0,0.0,0.25,0.0,0.0,0.2717305123806,-0.009102631360292435
820,8,18,1.0,0.9754015803337097,0,0,0.0,0.25,0.0,0.0,0.27345889806747437,-0.01206456869840622
821,8,19,1.0,0.976961612701416,0,0,0.0,0.25,0.0,0.0,0.27719148993492126,-0.017015943303704262
822,8,20,1.0,0.9795808792114258,0,0,0.0,0.25,0.0,0.0,0.2781936228275299,-0.017364736646413803
823,8,21,1.0,0.9774782061576843,0,0,0.0,0.25,0.0,0.0,0.2793019115924835,-0.01885630562901497
824,8,22,1.0,0.9707441329956055,0,0,0.0,0.25,0.0,0.0,0.2775912284851074,-0.019319504499435425
825,8,23,1.0,0.977973997592926,0,0,0.0,0.25,0.0,0.0,0.277750700712204,-0.02649076282978058
826,8,24,1.0,0.9768690466880798,0,0,0.0,0.25,0.0,0.0,0.28182247281074524,-0.026954006403684616
827,8,25,1.0,0.9737052321434021,0,0,0.0,0.25,0.0,0.0,0.28354233503341675,-0.027735725045204163
828,8,26,1.0,0.9824906587600708,0,0,0.0,0.25,0.0,0.0,0.286700576543808,-0.03243758901953697
829,8,27,1.0,0.9828380346298218,0,0,0.0,0.25,0.0,0.0,0.28071919083595276,-0.03283669799566269
830,8,28,1.0,0.9863684177398682,0,0,0.0,0.25,0.0,0.0,0.27343425154685974,-0.02997654862701893
831,8,29,1.0,0.9883958101272583,0,0,0.0,0.25,0.0,0.0,0.23413683474063873,-0.0325862318277359
832,8,30,1.0,0.9867088794708252,0,0,0.0,0.25,0.0,0.0,0.14851601421833038,-0.022001143544912338
833,8,31,1.0,0.9854190349578857,0,0,0.0,0.0,0.0,0.0,0.13613399863243103,-0.043224088847637177
834,8,32,1.0,0.9803636074066162,0,0,0.0,0.0,0.0,0.0,0.029368842020630836,-0.026855504140257835
835,8,33,1.0,0.9860405921936035,0,0,0.0,0.0,0.0,0.0,-0.0007257756660692394,-0.016876105219125748
836,8,34,1.0,0.9852936267852783,0,0,0.0,0.0,0.0,0.0,-0.004519158974289894,-0.014817874878644943
837,8,35,1.0,0.9865280389785767,0,0,0.0,0.0,0.0,0.0,-0.006942659616470337,-0.014376632869243622
838,8,36,1.0,0.9888734817504883,0,0,0.0,0.0,0.0,0.0,-0.007979161106050014,-0.012483078986406326
839,8,37,1.0,0.989146888256073,0,0,0.0,0.0,0.0,0.0,-0.008309045806527138,-0.012508122250437737
840,8,38,1.0,0.9890193939208984,0,0,0.0,0.0,0.0,0.0,-0.008828924037516117,-0.013880126178264618
841,8,39,1.0,0.9890854358673096,0,0,0.0,0.0,0.0,0.0,-0.008901266381144524,-0.013910491019487381
842,8,40,1.0,0.9898861646652222,0,0,0.0,0.0,0.0,0.0,-0.008559364825487137,-0.012718599289655685
843,8,41,1.0,0.9899024367332458,0,0,0.0,0.0,0.0,0.0,-0.008576412685215473,-0.01272798515856266
844,8,42,1.0,0.9912481307983398,0,0,0.0,0.0,0.0,0.0,-0.008577913045883179,-0.013307800516486168
845,8,43,1.0,0.9912506341934204,0,0,0.0,0.0,0.0,0.0,-0.008580788038671017,-0.013307955116033554
846,8,44,1.0,0.9911370277404785,0,0,0.0,0.0,0.0,0.0,-0.008558038622140884,-0.01332433708012104
847,8,45,1.0,0.9911362528800964,0,0,0.0,-0.25,0.0,0.0,-0.008557482622563839,-0.013322221115231514
848,8,46,1.0,0.9923007488250732,0,0,0.0,0.0,0.0,0.0,-0.040871553122997284,-0.0023995363153517246
849,8,47,1.0,0.9855477809906006,0,0,0.0,0.0,0.0,0.0,-0.018689129501581192,-0.017396770417690277
850,8,48,1.0,0.9818994402885437,0,0,0.0,0.0,0.0,0.0,-0.00861821137368679,-0.017507262527942657
851,8,49,1.0,0.9809754490852356,0,0,0.0,0.0,0.0,0.0,-0.004365408793091774,-0.01882585883140564
852,8,50,1.0,0.9845810532569885,0,0,0.0,0.0,0.0,0.0,-0.0042970553040504456,-0.025443317368626595
853,8,51,1.0,0.9843271970748901,0,0,0.0,0.0,0.0,0.0,-0.0036783560644835234,-0.025626040995121002
854,8,52,1.0,0.9853602051734924,0,0,0.0,0.0,0.0,0.0,-0.002302138600498438,-0.03404960036277771
855,8,53,1.0,0.9852920770645142,0,0,0.0,0.0,0.0,0.0,-0.0021858960390090942,-0.03405660390853882
856,8,54,1.0,0.9843305945396423,0,0,0.0,0.0,0.0,0.0,-0.001818763674236834,-0.031052816659212112
857,8,55,1.0,0.9843112230300903,0,0,0.0,0.0,-0.5,0.0,-0.001789672183804214,-0.0310435201972723
858,8,56,1.0,0.9586125612258911,0,0,0.0,0.0,-0.5,0.0,0.018873116001486778,-0.45570626854896545
859,8,57,1.0,0.9647424817085266,0,0,0.0,0.0,-0.5,0.0,0.014348911121487617,-0.5083094835281372
860,8,58,1.0,0.9577562212944031,0,0,0.0,0.0,-0.5,0.0,0.007868269458413124,-0.5387205481529236
861,8,59,1.0,0.9550735950469971,0,0,0.0,0.0,-0.5,0.0,0.011573556810617447,-0.5460830926895142
862,8,60,1.0,0.936546266078949,0,0,0.0,0.0,-0.5,0.0,0.009161916561424732,-0.5094050765037537
863,8,61,1.0,0.931117832660675,0,0,0.0,0.0,-0.5,0.0,-0.0036338400095701218,-0.4814364016056061
864,8,62,1.0,0.9146128296852112,0,0,0.0,0.0,-0.5,0.0,0.0032880317885428667,-0.31502339243888855
865,8,63,1.0,1.187233805656433,0,0,0.0,0.0,-0.5,0.0,0.008864996954798698,-0.09466324746608734
866,8,64,1.0,1.3400921821594238,0,0,0.0,0.0,-0.5,0.0,0.007534222211688757,-0.030986785888671875
867,8,65,1.0,1.3435978889465332,0,0,0.0,0.0,-0.5,0.0,0.007503477390855551,-0.028547441586852074
868,8,66,1.0,1.4381362199783325,0,0,0.0,0.0,-0.5,0.0,0.006457804702222347,-0.011811673641204834
869,8,67,1.0,1.4389066696166992,0,0,0.0,0.0,-0.5,0.0,0.006401974707841873,-0.011391887441277504
870,8,68,1.0,1.45198392868042,0,0,0.0,0.0,0.0,0.0,0.0053378078155219555,-0.00785934366285801
871,8,69,1.0,1.4521219730377197,0,0,0.0,0.0,0.0,0.0,0.005329885520040989,-0.007874065078794956
872,8,70,1.0,1.4594218730926514,0,0,0.0,0.0,0.0,0.0,0.0058328378945589066,-0.009291427209973335
873,8,71,1.0,1.4595060348510742,0,0,0.0,0.0,0.0,0.0,0.005836522206664085,-0.009340375661849976
874,8,72,1.0,1.4667046070098877,0,0,0.0,0.0,0.0,0.0,0.0054083517752587795,-0.008788848295807838
875,8,73,2.0,1.466773271560669,1,0,0.0,0.0,0.0,0.0,0.005416498519480228,-0.00882787723094225
876,8,74,2.0,1.9647160768508911,1,1,0.0,0.0,0.0,0.0,0.0037410384975373745,0.010265721008181572
877,8,75,2.0,2.0034942626953125,1,1,0.0,0.0,0.0,0.0,-0.000630742812063545,0.0036819549277424812
878,8,76,2.0,1.9709999561309814,1,1,0.0,0.0,0.0,0.0,-0.0005156288389116526,-0.021942518651485443
879,8,77,2.0,1.9826934337615967,1,1,0.0,0.0,0.0,0.0,0.00019655375217553228,-0.030233195051550865
880,8,78,2.0,1.946007251739502,1,1,0.0,0.0,0.0,0.0,0.007187539245933294,-0.005386781878769398
881,8,79,2.0,1.2708908319473267,1,0,0.0,0.0,0.0,0.0,-0.004622910171747208,-0.029732966795563698
882,8,80,2.0,1.0808230638504028,1,0,0.0,0.0,0.0,0.0,-0.006658978760242462,-0.02021806873381138
883,8,81,2.0,1.095120906829834,1,0,0.0,0.0,0.0,0.0,-0.0058233351446688175,-0.012835536152124405
884,8,82,2.0,1.0785109996795654,1,0,0.0,0.0,0.0,0.0,-0.003806712571531534,-0.01503342017531395
885,8,83,2.0,1.0650227069854736,1,0,0.0,0.0,0.0,0.0,-0.0028896613512188196,-0.026277553290128708
886,8,84,2.0,0.986020028591156,1,0,0.0,0.0,0.0,0.0,-0.0026277434080839157,-0.034041907638311386
887,8,85,2.0,0.9841363430023193,1,0,0.0,0.0,0.0,0.0,-0.003772809635847807,-0.028624575585126877
888,8,86,1.0,0.9582002758979797,0,0,0.0,0.0,0.0,0.0,-0.0072031705640256405,-0.015675202012062073
889,8,87,1.0,0.9568803310394287,0,0,0.0,0.0,0.0,0.0,-0.008040878921747208,-0.008286161348223686
890,8,88,1.0,0.949864387512207,0,0,0.0,0.0,0.0,0.0,-0.010335310362279415,0.022596683353185654
891,8,89,1.0,0.9509214162826538,0,0,0.0,0.0,0.0,0.0,-0.010732810944318771,0.013807276263833046
892,8,90,1.0,0.9513391852378845,0,0,0.0,0.0,0.0,0.0,-0.012568889185786247,0.08834242075681686
893,8,91,1.0,0.9532753229141235,0,0,0.0,0.0,0.0,0.0,-0.013579548336565495,0.09206245094537735
894,8,92,1.0,0.9715055823326111,0,0,0.0,0.0,0.0,0.0,-0.015236062929034233,0.23356550931930542
895,8,93,1.0,0.9717944264411926,0,0,0.0,0.0,0.5,0.0,-0.015163128264248371,0.2359229177236557
896,8,94,1.0,0.9846253395080566,0,0,0.0,0.0,0.5,0.0,-0.012339035049080849,0.41306057572364807
897,8,95,1.0,0.9959284663200378,0,0,0.0,0.0,0.5,0.0,-0.012379291467368603,0.5112305879592896
898,8,96,1.0,0.9980566501617432,0,0,0.0,0.0,0.5,0.0,-0.009640009142458439,0.5323008298873901
899,8,97,1.0,0.997443675994873,0,0,0.0,0.0,0.5,0.0,-0.009334158152341843,0.5417096614837646
900,8,98,1.0,1.0002504587173462,0,0,0.0,0.0,0.5,0.0,-0.006816558539867401,0.5395025014877319
901,8,99,1.0,0.9975676536560059,0,0,0.0,0.0,0.5,0.0,-0.008724449202418327,0.5460863709449768
902,8,100,1.0,0.9933328628540039,0,0,0.0,0.0,0.5,0.0,-0.00720133725553751,0.540697455406189
903,8,101,1.0,0.989206850528717,0,0,0.0,0.0,0.5,0.0,-0.008783189579844475,0.5392206311225891
904,8,102,1.0,0.9900162220001221,0,0,0.0,0.0,0.5,0.0,-0.0094765555113554,0.5355314016342163
905,8,103,1.0,0.986465573310852,0,0,0.0,0.0,0.5,0.0,-0.009414116851985455,0.529646635055542
906,9,0,1.0,0.9905171990394592,0,0,0.0,0.0,0.0,0.0,-0.027854491025209427,-0.01500708982348442
907,9,1,1.0,0.9965392351150513,0,0,0.0,0.0,0.0,0.0,-0.020808417350053787,-0.021825803443789482
908,9,2,1.0,0.9967983365058899,0,0,0.0,0.0,0.0,0.0,-0.027751626446843147,-0.01931210421025753
909,9,3,1.0,0.9950847625732422,0,0,0.0,0.0,0.0,0.0,-0.029762690886855125,-0.018223708495497704
910,9,4,1.0,0.9962875247001648,0,0,0.0,0.0,0.0,0.0,-0.03531356155872345,-0.015126209706068039
911,9,5,1.0,0.9960380792617798,0,0,0.0,0.0,0.0,0.0,-0.03565305471420288,-0.014574138447642326
912,9,6,1.0,0.9966473579406738,0,0,0.0,0.0,0.0,0.0,-0.051986586302518845,-0.014705624431371689
913,9,7,1.0,0.9966336488723755,0,0,0.0,0.0,0.0,0.0,-0.05204369127750397,-0.014539893716573715
914,9,8,1.0,0.996356189250946,0,0,0.0,0.0,0.0,0.0,-0.054897554218769073,-0.014181448146700859
915,9,9,1.0,0.996355414390564,0,0,0.0,0.0,0.0,0.0,-0.05490916222333908,-0.014134753495454788
916,9,10,1.0,0.9961804151535034,0,0,0.0,0.0,0.0,0.0,-0.06229841709136963,-0.014954578131437302
917,9,11,1.0,0.9961814284324646,0,0,0.0,0.0,0.0,0.0,-0.06230027228593826,-0.014941612258553505
918,9,12,1.0,0.9961820244789124,0,0,0.0,0.0,0.0,0.0,-0.062301114201545715,-0.014935050159692764
919,9,13,1.0,0.9961822628974915,0,0,0.0,0.0,0.0,0.0,-0.062301550060510635,-0.014931740239262581
920,9,14,1.0,0.9961825013160706,0,0,0.0,0.0,0.0,0.0,-0.06230171397328377,-0.014929968863725662
921,9,15,1.0,0.9961826801300049,0,0,0.0,0.0,0.0,0.0,-0.06230178847908974,-0.014929048717021942
922,9,16,1.0,0.9961826205253601,0,0,0.0,0.0,0.0,0.0,-0.06230184808373451,-0.014928653836250305
923,9,17,1.0,0.9961826801300049,0,0,0.0,0.0,0.0,0.0,-0.06230185180902481,-0.014928430318832397
924,9,18,1.0,0.9961826801300049,0,0,0.0,0.0,0.0,0.0,-0.062301840633153915,-0.014928359538316727
925,9,19,1.0,0.9961827397346497,0,0,0.0,-0.25,0.0,0.0,-0.06230189651250839,-0.014928245916962624
926,9,20,1.0,0.9943701028823853,0,0,0.0,-0.25,0.0,0.0,-0.2569117248058319,-0.0101699810475111
927,9,21,1.0,0.9942527413368225,0,0,0.0,-0.25,0.0,0.0,-0.2565140128135681,-0.007554671261459589
928,9,22,1.0,1.0047791004180908,0,0,0.0,-0.25,0.0,0.0,-0.25626203417778015,-0.010404838249087334
929,9,23,1.0,1.016106128692627,0,0,0.0,-0.25,0.0,0.0,-0.2602557837963104,-0.015697358176112175
930,9,24,1.0,1.002541422843933,0,0,0.0,-0.25,0.0,0.0,-0.26488906145095825,-0.010805483907461166
931,9,25,1.0,1.0024617910385132,0,0,0.0,-0.25,0.0,0.0,-0.2648840844631195,-0.011803949251770973
932,9,26,1.0,1.0034669637680054,0,0,0.0,-0.25,0.0,0.0,-0.2666598856449127,-0.018058961257338524
933,9,27,1.0,0.9979042410850525,0,0,0.0,-0.25,0.0,0.0,-0.266435831785202,-0.010778211057186127
934,9,28,1.0,0.9978219270706177,0,0,0.0,-0.25,0.0,0.0,-0.2685800790786743,-0.007632742635905743
935,9,29,1.0,0.9941144585609436,0,0,0.0,-0.25,0.0,0.0,-0.266370564699173,-0.008147038519382477
936,9,30,1.0,1.0009918212890625,0,0,0.0,-0.25,0.0,0.0,-0.26749566197395325,-0.010103076696395874
937,9,31,1.0,0.9922141432762146,0,0,0.0,-0.25,0.0,0.0,-0.26698774099349976,-0.008352624252438545
938,9,32,1.0,1.002632975578308,0,0,0.0,-0.25,0.0,0.0,-0.261446088552475,-0.005122697446495295
939,9,33,1.0,0.9916052222251892,0,0,0.0,-0.25,0.0,0.0,-0.22707830369472504,-0.00370887853205204
940,9,34,1.0,0.9854460954666138,0,0,0.0,-0.25,0.0,0.0,-0.13536754250526428,-0.00808294489979744
941,9,35,1.0,0.9801287055015564,0,0,0.0,0.0,0.0,0.0,-0.0891982689499855,-0.0040822746232151985
942,9,36,1.0,0.9837419390678406,0,0,0.0,0.0,0.0,0.0,-0.03203079476952553,-0.014585772529244423
943,9,37,1.0,0.9804583787918091,0,0,0.0,0.0,0.0,0.0,-0.012578381225466728,-0.012736212462186813
944,9,38,1.0,0.9820405840873718,0,0,0.0,0.0,0.0,0.0,-0.005590975284576416,-0.017428912222385406
945,9,39,1.0,0.9818897843360901,0,0,0.0,0.0,0.0,0.0,-0.003672105958685279,-0.017116880044341087
946,9,40,1.0,0.9845117330551147,0,0,0.0,0.0,0.0,0.0,-0.004176185932010412,-0.015600645914673805
947,9,41,1.0,0.9843783974647522,0,0,0.0,0.0,0.0,0.0,-0.0038601842243224382,-0.015563137829303741
948,9,42,1.0,0.9854147434234619,0,0,0.0,0.0,0.0,0.0,-0.002101629739627242,-0.020703941583633423
949,9,43,1.0,0.9853594303131104,0,0,0.0,0.0,0.0,0.0,-0.0020232172682881355,-0.020690521225333214
950,9,44,1.0,0.9829944372177124,0,0,0.0,0.0,0.0,0.0,-0.003232956398278475,-0.01907406561076641
951,9,45,1.0,0.9829805493354797,0,0,0.0,0.0,0.0,0.0,-0.0032123508863151073,-0.019071253016591072
952,9,46,1.0,0.983555793762207,0,0,0.0,0.0,0.0,0.0,-0.0021477248519659042,-0.019517313688993454
953,9,47,1.0,0.9835524559020996,0,0,0.0,0.0,0.0,0.0,-0.002142363926395774,-0.01951616257429123
954,9,48,1.0,0.9835800528526306,0,0,0.0,0.0,0.0,0.0,-0.0019054695731028914,-0.02027191035449505
955,9,49,1.0,0.9835795164108276,0,0,0.0,0.0,0.0,0.0,-0.0019043389474973083,-0.020271340385079384
956,9,50,1.0,0.98291015625,0,0,0.0,0.0,-0.5,0.0,-0.0016569107538089156,-0.020506490021944046
957,9,51,1.0,0.9443424940109253,0,0,0.0,0.0,-0.5,0.0,0.003191583789885044,-0.3952055871486664
958,9,52,1.0,0.954009473323822,0,0,0.0,0.0,-0.5,0.0,0.008220287039875984,-0.51548171043396
959,9,53,1.0,0.9387081861495972,0,0,0.0,0.0,-0.5,0.0,0.007949966937303543,-0.5371555685997009
960,9,54,1.0,0.9366015791893005,0,0,0.0,0.0,-0.5,0.0,-0.0017718368908390403,-0.5352393388748169
961,9,55,1.0,0.9219338297843933,0,0,0.0,0.0,-0.5,0.0,0.002843726659193635,-0.5201475620269775
962,9,56,1.0,0.9019103646278381,0,0,0.0,0.0,-0.5,0.0,0.005248194560408592,-0.444176584482193
963,9,57,1.0,0.9098862409591675,0,0,0.0,0.0,-0.5,0.0,0.004761052317917347,-0.3567667305469513
964,9,58,1.0,1.2644487619400024,0,0,0.0,0.0,-0.5,0.0,0.013817810453474522,-0.04133576154708862
965,9,59,1.0,1.287352442741394,0,0,0.0,0.0,-0.5,0.0,0.012581630609929562,-0.028031036257743835
966,9,60,1.0,1.3565993309020996,0,0,0.0,0.0,-0.5,0.0,0.011591332033276558,-0.019816823303699493
967,9,61,1.0,1.3594975471496582,0,0,0.0,0.0,0.0,0.0,0.011447565630078316,-0.01843557134270668
968,9,62,1.0,1.3923743963241577,0,0,0.0,0.0,0.0,0.0,0.01064037624746561,-0.014526760205626488
969,9,63,1.0,1.392693042755127,0,0,0.0,0.0,0.0,0.0,0.010635867714881897,-0.014461671933531761
970,9,64,1.0,1.4029321670532227,0,0,0.0,0.0,0.0,0.0,0.01204713899642229,-0.013087604194879532
971,9,65,1.0,1.4030942916870117,0,0,0.0,0.0,0.0,0.0,0.01203011255711317,-0.013022517785429955
972,9,66,2.0,1.4236805438995361,1,0,0.0,0.0,0.0,0.0,0.010927580296993256,-0.0178808756172657
973,9,67,2.0,1.9120253324508667,1,1,0.0,0.0,0.0,0.0,0.005546108819544315,-0.022058172151446342
974,9,68,2.0,2.006728410720825,1,1,0.0,0.0,0.0,0.0,0.003908361773937941,-0.005791742820292711
975,9,69,2.0,2.016831874847412,1,1,0.0,0.0,0.0,0.0,0.004227642435580492,-0.021684253588318825
976,9,70,2.0,1.9975776672363281,1,1,0.0,0.0,0.0,0.0,0.005661915522068739,-0.021824192255735397
977,9,71,2.0,1.9865474700927734,1,1,0.0,0.0,0.0,0.0,0.0014838165370747447,-0.022294403985142708
978,9,72,2.0,1.9420106410980225,1,1,0.0,0.0,0.0,0.0,0.001341495313681662,-0.00454019196331501
979,9,73,2.0,1.311538815498352,1,0,0.0,0.0,0.0,0.0,0.0023849261924624443,-0.08268063515424728
980,9,74,2.0,1.0495972633361816,1,0,0.0,0.0,0.0,0.0,-0.008191092871129513,-0.014770729467272758
981,9,75,2.0,1.0509625673294067,1,0,0.0,0.0,0.0,0.0,-0.006707923952490091,-0.013290932402014732
982,9,76,2.0,1.033056378364563,1,0,0.0,0.0,0.0,0.0,-0.00661879638209939,-0.009311284869909286
983,9,77,2.0,1.0337308645248413,1,0,0.0,0.0,0.0,0.0,-0.006589153781533241,-0.010520007461309433
984,9,78,1.0,1.026330590248108,0,0,0.0,0.0,0.0,0.0,-0.005803435575217009,-0.012882301583886147
985,9,79,1.0,1.0276601314544678,0,0,0.0,0.0,0.0,0.0,-0.00602141534909606,-0.015622895210981369
986,9,80,1.0,1.0126482248306274,0,0,0.0,0.0,0.0,0.0,-0.008836841210722923,-0.009288068860769272
987,9,81,1.0,1.0035459995269775,0,0,0.0,0.0,0.0,0.0,-0.009599510580301285,-0.0033345865085721016
988,9,82,1.0,0.9756709933280945,0,0,0.0,0.0,0.0,0.0,-0.013402212411165237,0.09561971575021744
989,9,83,1.0,0.9794504642486572,0,0,0.0,0.0,0.0,0.0,-0.013386351056396961,0.1057111844420433
990,9,84,1.0,0.98332679271698,0,0,0.0,0.0,0.5,0.0,-0.014742725528776646,0.2008475512266159
991,9,85,1.0,0.9942820072174072,0,0,0.0,0.0,0.5,0.0,-0.01380922831594944,0.30944180488586426
992,9,86,1.0,1.0112872123718262,0,0,0.0,0.0,0.5,0.0,-0.011092240922152996,0.492566853761673
993,9,87,1.0,1.0032942295074463,0,0,0.0,0.0,0.5,0.0,-0.008718921802937984,0.5273833870887756
994,9,88,1.0,1.0002756118774414,0,0,0.0,0.0,0.5,0.0,-0.008404008112847805,0.5351731181144714
995,9,89,1.0,0.9958743453025818,0,0,0.0,0.0,0.5,0.0,-0.007683534175157547,0.5393140912055969
996,9,90,1.0,0.9966477155685425,0,0,0.0,0.0,0.5,0.0,-0.010288403369486332,0.543364942073822
997,9,91,1.0,0.9948397874832153,0,0,0.0,0.0,0.5,0.0,-0.00952147226780653,0.542991042137146
998,9,92,1.0,0.992302417755127,0,0,0.0,0.0,0.5,0.0,-0.009352981112897396,0.5388717651367188
999,9,93,1.0,0.9910889267921448,0,0,0.0,0.0,0.5,0.0,-0.009608495980501175,0.5398151874542236
1000,9,94,1.0,0.992806077003479,0,0,0.0,0.0,0.5,0.0,-0.008635187521576881,0.5364898443222046
1001,10,0,1.0,0.9814962148666382,0,0,0.0,0.0,0.0,0.0,0.07644832134246826,0.004749397747218609
1002,10,1,1.0,0.988792896270752,0,0,0.0,0.0,0.0,0.0,0.05711815133690834,-0.006629663519561291
1003,10,2,1.0,0.9851349592208862,0,0,0.0,0.0,0.0,0.0,0.07464850693941116,0.0006487462669610977
1004,10,3,1.0,0.983024001121521,0,0,0.0,0.0,0.0,0.0,0.08100469410419464,0.002263571135699749
1005,10,4,1.0,0.9833534955978394,0,0,0.0,0.0,0.0,0.0,0.09190461039543152,0.0024333768524229527
1006,10,5,1.0,0.982856273651123,0,0,0.0,0.0,0.0,0.0,0.09357800334692001,0.0029236185364425182
1007,10,6,1.0,0.9799174070358276,0,0,0.0,0.0,0.0,0.0,0.11103006452322006,0.00563840614631772
1008,10,7,1.0,0.9798610806465149,0,0,0.0,0.0,0.0,0.0,0.11136627197265625,0.005815429147332907
1009,10,8,1.0,0.981016993522644,0,0,0.0,0.0,0.0,0.0,0.11728405952453613,0.00704965041950345
1010,10,9,1.0,0.981011152267456,0,0,0.0,0.0,0.0,0.0,0.11735476553440094,0.007100220303982496
1011,10,10,1.0,0.98084956407547,0,0,0.0,0.0,0.0,0.0,0.11889136582612991,0.007292992901057005
1012,10,11,1.0,0.9808478355407715,0,0,0.0,0.0,0.0,0.0,0.11890767514705658,0.00730614410713315
1013,10,12,1.0,0.9786120057106018,0,0,0.0,0.25,0.0,0.0,0.119121253490448,0.005680928472429514
1014,10,13,1.0,0.9759646654129028,0,0,0.0,0.25,0.0,0.0,0.25207990407943726,0.003963426686823368
1015,10,14,1.0,0.9787636995315552,0,0,0.0,0.25,0.0,0.0,0.2666575610637665,-0.001305415527895093
1016,10,15,1.0,0.9775846004486084,0,0,0.0,0.25,0.0,0.0,0.2707463204860687,-0.0076984562911093235
1017,10,16,1.0,0.9754015207290649,0,0,0.0,0.25,0.0,0.0,0.2734588384628296,-0.012064998969435692
1018,10,17,1.0,0.9769615530967712,0,0,0.0,0.25,0.0,0.0,0.2771914005279541,-0.017016101628541946
1019,10,18,1.0,0.9795808792114258,0,0,0.0,0.25,0.0,0.0,0.2781936526298523,-0.017364807426929474
1020,10,19,1.0,0.9774782657623291,0,0,0.0,0.25,0.0,0.0,0.27930188179016113,-0.01885630190372467
1021,10,20,1.0,0.970744252204895,0,0,0.0,0.25,0.0,0.0,0.27759116888046265,-0.019319579005241394
1022,10,21,1.0,0.9779739379882812,0,0,0.0,0.25,0.0,0.0,0.2777506709098816,-0.02649078518152237
1023,10,22,1.0,0.9768691658973694,0,0,0.0,0.25,0.0,0.0,0.2818225026130676,-0.02695407159626484
1024,10,23,1.0,0.9737051725387573,0,0,0.0,0.25,0.0,0.0,0.28354236483573914,-0.027735713869333267
1025,10,24,1.0,0.9824907183647156,0,0,0.0,0.25,0.0,0.0,0.28670060634613037,-0.032437629997730255
1026,10,25,1.0,0.982837975025177,0,0,0.0,0.25,0.0,0.0,0.28071916103363037,-0.03283677250146866
1027,10,26,1.0,0.9863684177398682,0,0,0.0,0.25,0.0,0.0,0.27343425154685974,-0.029976647347211838
1028,10,27,1.0,0.9883957505226135,0,0,0.0,0.0,0.0,0.0,0.23413683474063873,-0.03258625417947769
1029,10,28,1.0,0.9699907302856445,0,0,0.0,0.0,0.0,0.0,0.08747469633817673,-0.014341568574309349
1030,10,29,1.0,0.9665324091911316,0,0,0.0,0.0,0.0,0.0,0.02746807597577572,-0.010496558621525764
1031,10,30,1.0,0.9724980592727661,0,0,0.0,0.0,0.0,0.0,0.0194025170058012,-0.008402775973081589
1032,10,31,1.0,0.9734650254249573,0,0,0.0,0.0,0.0,0.0,0.0157942995429039,-0.007873497903347015
1033,10,32,1.0,0.9758281707763672,0,0,0.0,0.0,0.0,0.0,0.010008581914007664,-0.012971675023436546
1034,10,33,1.0,0.976061224937439,0,0,0.0,0.25,0.0,0.0,0.0094462214037776,-0.012905009090900421
1035,10,34,1.0,0.97548508644104,0,0,0.0,0.0,0.0,0.0,0.07435576617717743,-0.014926386997103691
1036,10,35,1.0,0.9723717570304871,0,0,0.0,0.0,0.0,0.0,0.02654343843460083,-0.023509323596954346
1037,10,36,1.0,0.9783431887626648,0,0,0.0,0.0,0.0,0.0,0.009255197830498219,-0.01690998673439026
1038,10,37,1.0,0.9794312715530396,0,0,0.0,0.0,0.0,0.0,0.0036808548029512167,-0.016471436247229576
1039,10,38,1.0,0.9828919172286987,0,0,0.0,0.0,0.0,0.0,-0.0014993584481999278,-0.02339521050453186
1040,10,39,1.0,0.9831823706626892,0,0,0.0,0.0,0.0,0.0,-0.0021404349245131016,-0.023249395191669464
1041,10,40,1.0,0.9860429167747498,0,0,0.0,0.0,0.0,0.0,-0.0030408340971916914,-0.0269157811999321
1042,10,41,1.0,0.9861185550689697,0,0,0.0,0.0,0.0,0.0,-0.0031474758870899677,-0.026912154629826546
1043,10,42,1.0,0.9834388494491577,0,0,0.0,-0.25,0.0,0.0,-0.0009078045259229839,-0.023181531578302383
1044,10,43,1.0,0.9882572889328003,0,0,0.0,0.0,0.0,0.0,-0.03689342364668846,-0.001144104404374957
1045,10,44,1.0,0.9772830605506897,0,0,0.0,0.0,0.0,0.0,-0.014621189795434475,-0.005865423008799553
1046,10,45,1.0,0.9756912589073181,0,0,0.0,0.0,0.0,0.0,-0.003485693596303463,-0.008561374619603157
1047,10,46,1.0,0.9785057902336121,0,0,0.0,0.0,0.0,0.0,0.003476011333987117,-0.01071835495531559
1048,10,47,1.0,0.9781090021133423,0,0,0.0,0.0,0.0,0.0,0.0053402129560709,-0.011002764105796814
1049,10,48,1.0,0.9779078364372253,0,0,0.0,0.25,0.0,0.0,0.0067100306041538715,-0.009576926939189434
1050,10,49,1.0,0.9800076484680176,0,0,0.0,0.0,0.0,0.0,0.07530876994132996,-0.012512696906924248
1051,10,50,1.0,0.9774961471557617,0,0,0.0,0.0,0.0,0.0,0.02415238507091999,-0.025982512161135674
1052,10,51,1.0,0.9776118993759155,0,0,0.0,0.0,0.0,0.0,0.0046989768743515015,-0.020931903272867203
1053,10,52,1.0,0.9804657697677612,0,0,0.0,0.0,0.0,0.0,-0.001068582059815526,-0.02538932114839554
1054,10,53,1.0,0.9811183214187622,0,0,0.0,0.0,0.0,0.0,-0.0029194261878728867,-0.02470332384109497
1055,10,54,1.0,0.9849985241889954,0,0,0.0,0.0,0.0,0.0,-0.0023569012992084026,-0.0290210023522377
1056,10,55,1.0,0.985120415687561,0,0,0.0,0.0,0.0,0.0,-0.002596650505438447,-0.028980685397982597
1057,10,56,1.0,0.9856163263320923,0,0,0.0,0.0,0.0,0.0,-0.0015860359417274594,-0.028805706650018692
1058,10,57,1.0,0.9856554269790649,0,0,0.0,0.0,0.0,0.0,-0.0016341143054887652,-0.028807809576392174
1059,10,58,1.0,0.9847981929779053,0,0,0.0,0.0,0.0,0.0,-0.002136688679456711,-0.029322927817702293
1060,10,59,1.0,0.9848076105117798,0,0,0.0,0.0,-0.5,0.0,-0.002149294363334775,-0.02932683378458023
1061,10,60,1.0,0.951170802116394,0,0,0.0,0.0,-0.5,0.0,0.016533253714442253,-0.4508688747882843
1062,10,61,1.0,0.9617466330528259,0,0,0.0,0.0,-0.5,0.0,0.009220109321177006,-0.5031481385231018
1063,10,62,1.0,0.9596031904220581,0,0,0.0,0.0,-0.5,0.0,0.007513171527534723,-0.5361270308494568
1064,10,63,1.0,0.956698477268219,0,0,0.0,0.0,-0.5,0.0,0.011155125685036182,-0.5456430912017822
1065,10,64,1.0,0.938748300075531,0,0,0.0,0.0,-0.5,0.0,0.009191322140395641,-0.5108593702316284
1066,10,65,1.0,0.9317150712013245,0,0,0.0,0.0,-0.5,0.0,-0.004035356920212507,-0.4807344675064087
1067,10,66,1.0,0.913336992263794,0,0,0.0,0.0,-0.5,0.0,0.004270149394869804,-0.31364181637763977
1068,10,67,1.0,1.1900651454925537,0,0,0.0,0.0,-0.5,0.0,0.009307986125349998,-0.09070359170436859
1069,10,68,1.0,1.337607502937317,0,0,0.0,0.0,-0.5,0.0,0.008183580823242664,-0.0335952453315258
1070,10,69,1.0,1.3411195278167725,0,0,0.0,0.0,-0.5,0.0,0.008173334412276745,-0.0311103705316782
1071,10,70,1.0,1.4333215951919556,0,0,0.0,0.0,0.0,0.0,0.006630888674408197,-0.013276642188429832
1072,10,71,1.0,1.4341222047805786,0,0,0.0,0.0,0.0,0.0,0.006578323431313038,-0.012845881283283234
1073,10,72,1.0,1.4502975940704346,0,0,0.0,0.0,0.0,0.0,0.005535117816179991,-0.00778288533911109
1074,10,73,1.0,1.4504159688949585,0,0,0.0,0.0,0.0,0.0,0.005530625116080046,-0.0077997902408242226
1075,10,74,2.0,1.4724854230880737,1,0,0.0,0.0,0.0,0.0,0.005113462917506695,-0.0149656031280756
1076,10,75,2.0,1.9688947200775146,1,1,0.0,0.0,0.0,0.0,0.0015444699674844742,-6.604287773370743e-05
1077,10,76,2.0,1.999281644821167,1,1,0.0,0.0,0.0,0.0,0.0001163939232355915,-0.004503240808844566
1078,10,77,2.0,1.9710922241210938,1,1,0.0,0.0,0.0,0.0,-0.0013632564805448055,-0.031715210527181625
1079,10,78,2.0,1.956240177154541,1,1,0.0,0.0,0.0,0.0,-0.00021890003699809313,-0.028024032711982727
1080,10,79,2.0,1.9545419216156006,1,1,0.0,0.0,0.0,0.0,0.003336576744914055,-0.011930936947464943
1081,10,80,2.0,1.1575963497161865,1,0,0.0,0.0,0.0,0.0,-0.0029324511997401714,-0.03632271662354469
1082,10,81,2.0,1.1739802360534668,1,0,0.0,0.0,0.0,0.0,-0.002644072752445936,-0.026869334280490875
1083,10,82,2.0,1.0596938133239746,1,0,0.0,0.0,0.0,0.0,-0.005166542250663042,-0.01840229332447052
1084,10,83,2.0,1.0541268587112427,1,0,0.0,0.0,0.0,0.0,-0.003946773242205381,-0.02556632272899151
1085,10,84,2.0,1.0137747526168823,1,0,0.0,0.0,0.0,0.0,-0.0045273867435753345,-0.02827952615916729
1086,10,85,1.0,0.9971154928207397,0,0,0.0,0.0,0.0,0.0,-0.002028894843533635,-0.03396217152476311
1087,10,86,1.0,0.9670959115028381,0,0,0.0,0.0,0.0,0.0,-0.0050879353657364845,-0.02856016717851162
1088,10,87,1.0,0.9640721082687378,0,0,0.0,0.0,0.0,0.0,-0.005877932067960501,-0.025741489604115486
1089,10,88,1.0,0.9464199542999268,0,0,0.0,0.0,0.0,0.0,-0.008732538670301437,-0.00798227358609438
1090,10,89,1.0,0.9448086619377136,0,0,0.0,0.0,0.0,0.0,-0.008889446035027504,0.0019515599124133587
1091,10,90,1.0,0.955382227897644,0,0,0.0,0.0,0.0,0.0,-0.015041020698845387,0.10641900449991226
1092,10,91,1.0,0.9548353552818298,0,0,0.0,0.0,0.0,0.0,-0.014336762018501759,0.09673213213682175
1093,10,92,1.0,0.9737825393676758,0,0,0.0,0.0,0.0,0.0,-0.014623814262449741,0.2732996642589569
1094,10,93,1.0,0.9739518761634827,0,0,0.0,0.0,0.5,0.0,-0.01420237123966217,0.279920369386673
1095,10,94,1.0,0.9880746006965637,0,0,0.0,0.0,0.5,0.0,-0.011969000101089478,0.45510390400886536
1096,10,95,1.0,0.99733966588974,0,0,0.0,0.0,0.5,0.0,-0.011841896921396255,0.5305787324905396
1097,10,96,1.0,0.9963485598564148,0,0,0.0,0.0,0.5,0.0,-0.008729158900678158,0.5355123281478882
1098,10,97,1.0,0.9981881976127625,0,0,0.0,0.0,0.5,0.0,-0.008971929550170898,0.544226348400116
1099,10,98,1.0,1.0020582675933838,0,0,0.0,0.0,0.5,0.0,-0.005909024737775326,0.5379012823104858
1100,10,99,1.0,0.9989334940910339,0,0,0.0,0.0,0.5,0.0,-0.00789001677185297,0.5437198877334595
1101,10,100,1.0,0.9932528138160706,0,0,0.0,0.0,0.5,0.0,-0.0073253740556538105,0.5386123061180115
1102,10,101,1.0,0.9898526668548584,0,0,0.0,0.0,0.5,0.0,-0.008600656874477863,0.5378013253211975
1103,10,102,1.0,0.9897875189781189,0,0,0.0,0.0,0.5,0.0,-0.00943101104348898,0.5356511473655701
1104,10,103,1.0,0.9851898550987244,0,0,0.0,0.0,0.5,0.0,-0.00886459369212389,0.5294852256774902
1105,11,0,1.0,0.990517258644104,0,0,0.0,0.0,0.0,0.0,-0.027854476124048233,-0.015007102862000465
1106,11,1,1.0,0.996539294719696,0,0,0.0,0.0,0.0,0.0,-0.020808421075344086,-0.02182578295469284
1107,11,2,1.0,0.9967982769012451,0,0,0.0,0.0,0.0,0.0,-0.027751609683036804,-0.019312124699354172
1108,11,3,1.0,0.995084822177887,0,0,0.0,0.0,0.0,0.0,-0.02976268157362938,-0.018223725259304047
1109,11,4,1.0,0.99628746509552,0,0,0.0,0.0,0.0,0.0,-0.035313546657562256,-0.015126241371035576
1110,11,5,1.0,0.9960380792617798,0,0,0.0,0.0,0.0,0.0,-0.035653065890073776,-0.014574233442544937
1111,11,6,1.0,0.996647298336029,0,0,0.0,0.0,0.0,0.0,-0.051986612379550934,-0.014705583453178406
1112,11,7,1.0,0.9966335892677307,0,0,0.0,0.0,0.0,0.0,-0.05204369127750397,-0.01453988254070282
1113,11,8,1.0,0.996356189250946,0,0,0.0,0.0,0.0,0.0,-0.05489754304289818,-0.014181394129991531
1114,11,9,1.0,0.996355414390564,0,0,0.0,0.0,0.0,0.0,-0.05490916967391968,-0.014134753495454788
1115,11,10,1.0,0.9961804151535034,0,0,0.0,0.0,0.0,0.0,-0.062298428267240524,-0.01495455950498581
1116,11,11,1.0,0.9961814284324646,0,0,0.0,-0.25,0.0,0.0,-0.06230026111006737,-0.014941630885004997
1117,11,12,1.0,0.9943695068359375,0,0,0.0,-0.25,0.0,0.0,-0.2569105625152588,-0.01017581857740879
1118,11,13,1.0,0.9942523241043091,0,0,0.0,-0.25,0.0,0.0,-0.2565135657787323,-0.007557927630841732
1119,11,14,1.0,1.0047787427902222,0,0,0.0,-0.25,0.0,0.0,-0.2562619149684906,-0.010406380519270897
1120,11,15,1.0,1.0161060094833374,0,0,0.0,-0.25,0.0,0.0,-0.26025575399398804,-0.015698164701461792
1121,11,16,1.0,1.0025413036346436,0,0,0.0,-0.25,0.0,0.0,-0.2648890018463135,-0.010805919766426086
1122,11,17,1.0,1.0024616718292236,0,0,0.0,-0.25,0.0,0.0,-0.2648840844631195,-0.011804172769188881
1123,11,18,1.0,1.0034669637680054,0,0,0.0,-0.25,0.0,0.0,-0.2666599154472351,-0.018059076741337776
1124,11,19,1.0,0.9979043006896973,0,0,0.0,-0.25,0.0,0.0,-0.26643577218055725,-0.01077805645763874
1125,11,20,1.0,0.9978220462799072,0,0,0.0,-0.25,0.0,0.0,-0.2685800790786743,-0.00763276731595397
1126,11,21,1.0,0.9940624237060547,0,0,0.0,-0.25,0.0,0.0,-0.26635169982910156,-0.00849807821214199
1127,11,22,1.0,1.0008478164672852,0,0,0.0,-0.25,0.0,0.0,-0.26766613125801086,-0.010669736191630363
1128,11,23,1.0,0.9929274916648865,0,0,0.0,-0.25,0.0,0.0,-0.267539381980896,-0.00755953649058938
1129,11,24,1.0,1.002632975578308,0,0,0.0,-0.25,0.0,0.0,-0.2614460587501526,-0.005122725386172533
1130,11,25,1.0,0.9916052222251892,0,0,0.0,-0.25,0.0,0.0,-0.2270783632993698,-0.003708934411406517
1131,11,26,1.0,0.9854462146759033,0,0,0.0,-0.25,0.0,0.0,-0.13536757230758667,-0.008083019405603409
1132,11,27,1.0,0.9801286458969116,0,0,0.0,-0.25,0.0,0.0,-0.08919825404882431,-0.004082237370312214
1133,11,28,1.0,0.9807708263397217,0,0,0.0,0.0,0.0,0.0,-0.06326127052307129,-0.019480161368846893
1134,11,29,1.0,0.9825602173805237,0,0,0.0,0.0,0.0,0.0,-0.02381455898284912,-0.0020900012459605932
1135,11,30,1.0,0.9849879741668701,0,0,0.0,0.0,0.0,0.0,-0.00575894583016634,-0.0077517894096672535
1136,11,31,1.0,0.9845492243766785,0,0,0.0,0.0,0.0,0.0,-0.0009526110370643437,-0.008571869693696499
1137,11,32,1.0,0.9846072793006897,0,0,0.0,0.0,0.0,0.0,0.0007681070710532367,-0.005110153928399086
1138,11,33,1.0,0.9843873977661133,0,0,0.0,0.0,0.0,0.0,0.001446143607608974,-0.004961725324392319
1139,11,34,1.0,0.9838863611221313,0,0,0.0,0.0,0.0,0.0,0.001593520981259644,-0.00895368680357933
1140,11,35,1.0,0.9837977886199951,0,0,0.0,0.0,0.0,0.0,0.0017340168124064803,-0.008949484676122665
1141,11,36,1.0,0.9823919534683228,0,0,0.0,0.25,0.0,0.0,0.0010914119193330407,-0.01203927956521511
1142,11,37,1.0,0.9832157492637634,0,0,0.0,0.0,0.0,0.0,0.03173080086708069,-0.011954646557569504
1143,11,38,1.0,0.9821699857711792,0,0,0.0,0.0,0.0,0.0,0.010162793099880219,-0.012710291892290115
1144,11,39,1.0,0.9802170991897583,0,0,0.0,0.0,0.0,0.0,0.0014281657058745623,-0.01357041485607624
1145,11,40,1.0,0.980056881904602,0,0,0.0,0.0,0.0,0.0,-0.0008015148341655731,-0.01596468687057495
1146,11,41,1.0,0.9801375865936279,0,0,0.0,0.0,0.0,0.0,-0.00191968132276088,-0.015860548242926598
1147,11,42,1.0,0.9843817353248596,0,0,0.0,0.0,0.0,0.0,-0.0023636093828827143,-0.020283877849578857
1148,11,43,1.0,0.9844453930854797,0,0,0.0,0.0,0.0,0.0,-0.0025285573210567236,-0.020310519263148308
1149,11,44,1.0,0.9847362041473389,0,0,0.0,-0.25,0.0,0.0,-0.0014274604618549347,-0.015213113278150558
1150,11,45,1.0,0.9841362237930298,0,0,0.0,0.0,0.0,0.0,-0.039587441831827164,-0.008670241571962833
1151,11,46,1.0,0.9851731061935425,0,0,0.0,0.0,0.0,0.0,-0.014638367109000683,-0.013174837455153465
1152,11,47,1.0,0.9844598770141602,0,0,0.0,0.0,0.0,0.0,-0.0024093552492558956,-0.00912023801356554
1153,11,48,1.0,0.9835624694824219,0,0,0.0,0.25,0.0,0.0,-0.003252804046496749,-0.011927040293812752
1154,11,49,1.0,0.9837089776992798,0,0,0.0,0.0,0.0,0.0,0.03058805875480175,-0.01721459999680519
1155,11,50,1.0,0.982305109500885,0,0,0.0,0.0,0.0,0.0,0.010649546049535275,-0.016317350789904594
1156,11,51,1.0,0.9808633327484131,0,0,0.0,0.0,0.0,0.0,0.0012226022081449628,-0.016621537506580353
1157,11,52,1.0,0.9812007546424866,0,0,0.0,0.0,0.0,0.0,-0.0009534400305710733,-0.015143245458602905
1158,11,53,1.0,0.9812605977058411,0,0,0.0,0.0,0.0,0.0,-0.0020507248118519783,-0.015199154615402222
1159,11,54,1.0,0.983497142791748,0,0,0.0,0.0,0.0,0.0,-0.003445404814556241,-0.01905849389731884
1160,11,55,1.0,0.9835503101348877,0,0,0.0,0.0,0.0,0.0,-0.003599251853302121,-0.019098462536931038
1161,11,56,1.0,0.9820392727851868,0,0,0.0,0.0,-0.5,0.0,-0.0002445483114570379,-0.021762587130069733
1162,11,57,1.0,0.946744978427887,0,0,0.0,0.0,-0.5,0.0,0.0037307015154510736,-0.39220234751701355
1163,11,58,1.0,0.9495633840560913,0,0,0.0,0.0,-0.5,0.0,0.009160211309790611,-0.5140143036842346
1164,11,59,1.0,0.9281068444252014,0,0,0.0,0.0,-0.5,0.0,0.007742108777165413,-0.5349523425102234
1165,11,60,1.0,0.9326003789901733,0,0,0.0,0.0,-0.5,0.0,-0.0030371302273124456,-0.5296218991279602
1166,11,61,1.0,0.9175704717636108,0,0,0.0,0.0,-0.5,0.0,-0.0005886401049792767,-0.5026202201843262
1167,11,62,1.0,0.9018466472625732,0,0,0.0,0.0,-0.5,0.0,0.00409848103299737,-0.4438715875148773
1168,11,63,1.0,0.9119259119033813,0,0,0.0,0.0,-0.5,0.0,0.004404875915497541,-0.36144110560417175
1169,11,64,1.0,1.2714885473251343,0,0,0.0,0.0,-0.5,0.0,0.012353080324828625,-0.04363254830241203
1170,11,65,1.0,1.2927987575531006,0,0,0.0,0.0,-0.5,0.0,0.01090940646827221,-0.03011513687670231
1171,11,66,1.0,1.3518614768981934,0,0,0.0,0.0,-0.5,0.0,0.012053282000124454,-0.02048484794795513
1172,11,67,1.0,1.354648470878601,0,0,0.0,0.0,0.0,0.0,0.01191508024930954,-0.01908193901181221
1173,11,68,1.0,1.3875173330307007,0,0,0.0,0.0,0.0,0.0,0.012366537936031818,-0.013737082481384277
1174,11,69,1.0,1.3878142833709717,0,0,0.0,0.0,0.0,0.0,0.012361850589513779,-0.0136726014316082
1175,11,70,1.0,1.4012744426727295,0,0,0.0,0.0,0.0,0.0,0.011788787320256233,-0.013150881975889206
1176,11,71,1.0,1.4014463424682617,0,0,0.0,0.0,0.0,0.0,0.011773966252803802,-0.013091541826725006
1177,11,72,1.0,1.393013834953308,0,0,0.0,0.0,0.0,0.0,0.01207361277192831,-0.010403422638773918
1178,11,73,2.0,1.3931294679641724,1,0,0.0,0.0,0.0,0.0,0.012056468985974789,-0.010358726605772972
1179,11,74,2.0,1.8963301181793213,1,1,0.0,0.0,0.0,0.0,0.00856849830597639,-0.032399240881204605
1180,11,75,2.0,1.9862604141235352,1,1,0.0,0.0,0.0,0.0,0.006238305941224098,-0.010029271245002747
1181,11,76,2.0,2.0084872245788574,1,1,0.0,0.0,0.0,0.0,0.0003805067390203476,-0.014165190979838371
1182,11,77,2.0,2.0005178451538086,1,1,0.0,0.0,0.0,0.0,0.006000414025038481,-0.03659065440297127
1183,11,78,2.0,1.975160837173462,1,1,0.0,0.0,0.0,0.0,0.002394444542005658,-0.03198939189314842
1184,11,79,2.0,1.9561232328414917,1,1,0.0,0.0,0.0,0.0,0.005646136589348316,-0.014145009219646454
1185,11,80,2.0,1.027909278869629,1,0,0.0,0.0,0.0,0.0,-0.0012638926273211837,-0.05364196375012398
1186,11,81,2.0,1.0807260274887085,1,0,0.0,0.0,0.0,0.0,-0.00578067684546113,-0.028968164697289467
1187,11,82,2.0,1.018398642539978,1,0,0.0,0.0,0.0,0.0,-0.005343467462807894,-0.02040429413318634
1188,11,83,2.0,1.0455724000930786,1,0,0.0,0.0,0.0,0.0,-0.004598401952534914,-0.02137618325650692
1189,11,84,1.0,0.9976727962493896,0,0,0.0,0.0,0.0,0.0,-0.005994151812046766,-0.018675586208701134
1190,11,85,1.0,0.9887988567352295,0,0,0.0,0.0,0.0,0.0,-0.007837319746613503,-0.02522570826113224
1191,11,86,1.0,0.9579480290412903,0,0,0.0,0.0,0.0,0.0,-0.00916637759655714,-0.02363778091967106
1192,11,87,1.0,0.9650359153747559,0,0,0.0,0.0,0.0,0.0,-0.007970879785716534,-0.03181234002113342
1193,11,88,1.0,0.9588605165481567,0,0,0.0,0.0,0.0,0.0,-0.009124970994889736,-0.027373429387807846
1194,11,89,1.0,0.9619767665863037,0,0,0.0,0.0,0.0,0.0,-0.008629675023257732,-0.027464691549539566
1195,11,90,1.0,0.9599291086196899,0,0,0.0,0.0,0.0,0.0,-0.006379432510584593,-0.0340823233127594
1196,11,91,1.0,0.965538501739502,0,0,0.0,0.0,0.0,0.0,-0.003404167015105486,-0.02783769741654396
1197,11,92,1.0,0.9562561511993408,0,0,0.0,0.0,0.0,0.0,-0.008701509796082973,0.05041249096393585
1198,11,93,1.0,0.9657294750213623,0,0,0.0,0.0,0.0,0.0,-0.010159439407289028,0.1131102442741394
1199,11,94,1.0,0.9716423153877258,0,0,0.0,0.0,0.0,0.0,-0.010231382213532925,0.1587657332420349
1200,11,95,1.0,0.9736471772193909,0,0,0.0,0.0,0.0,0.0,-0.010570842772722244,0.1915201097726822
1201,11,96,1.0,0.9763303995132446,0,0,0.0,0.0,0.0,0.0,-0.010871753096580505,0.239773690700531
1202,11,97,1.0,0.9764581322669983,0,0,0.0,0.0,0.0,0.0,-0.010544028133153915,0.25067177414894104
1203,11,98,1.0,0.9789748787879944,0,0,0.0,0.0,0.0,0.0,-0.010610334575176239,0.2927614748477936
1204,11,99,1.0,0.9796948432922363,0,0,0.0,0.0,0.5,0.0,-0.010789507068693638,0.29982733726501465
1205,11,100,1.0,1.0024797916412354,0,0,0.0,0.0,0.5,0.0,-0.01015646755695343,0.49967700242996216
1206,11,101,1.0,1.001083254814148,0,0,0.0,0.0,0.5,0.0,-0.008049973286688328,0.5359442234039307
1207,11,102,1.0,1.0028793811798096,0,0,0.0,0.0,0.5,0.0,-0.008810843341052532,0.5399824380874634
1208,11,103,1.0,0.996272087097168,0,0,0.0,0.0,0.5,0.0,-0.008407517336308956,0.5428134799003601
1209,11,104,1.0,0.9980924725532532,0,0,0.0,0.0,0.5,0.0,-0.009576069191098213,0.5421597957611084
1210,11,105,1.0,0.9946498870849609,0,0,0.0,0.0,0.5,0.0,-0.009695164859294891,0.5435294508934021
1211,11,106,1.0,0.9954197406768799,0,0,0.0,0.0,0.5,0.0,-0.010710686445236206,0.543243944644928
1212,11,107,1.0,0.9922171831130981,0,0,0.0,0.0,0.5,0.0,-0.009498131461441517,0.5388206839561462
1213,11,108,1.0,0.9934055209159851,0,0,0.0,0.0,0.5,0.0,-0.010052195750176907,0.5398995876312256
1214,11,109,1.0,0.9912044405937195,0,0,0.0,0.0,0.5,0.0,-0.01109811756759882,0.5371782183647156
1215,12,0,1.0,0.9814961552619934,0,0,0.0,0.0,0.0,0.0,0.07644835859537125,0.004749402869492769
1216,12,1,1.0,0.9887928366661072,0,0,0.0,0.0,0.0,0.0,0.05711811035871506,-0.006629642564803362
1217,12,2,1.0,0.9851349592208862,0,0,0.0,0.0,0.0,0.0,0.07464852184057236,0.000648760236799717
1218,12,3,1.0,0.9830238819122314,0,0,0.0,0.0,0.0,0.0,0.08100471645593643,0.00226353807374835
1219,12,4,1.0,0.9833534955978394,0,0,0.0,0.0,0.0,0.0,0.09190461039543152,0.0024333647452294827
1220,12,5,1.0,0.9828563332557678,0,0,0.0,0.0,0.0,0.0,0.09357799589633942,0.0029236027039587498
1221,12,6,1.0,0.9799174070358276,0,0,0.0,0.0,0.0,0.0,0.11103004962205887,0.005638426635414362
1222,12,7,1.0,0.9798611402511597,0,0,0.0,0.0,0.0,0.0,0.11136627197265625,0.005815450567752123
1223,12,8,1.0,0.981016993522644,0,0,0.0,0.0,0.0,0.0,0.11728405952453613,0.007049692329019308
1224,12,9,1.0,0.981011152267456,0,0,0.0,0.0,0.0,0.0,0.11735471338033676,0.0071002100594341755
1225,12,10,1.0,0.98084956407547,0,0,0.0,0.0,0.0,0.0,0.11889136582612991,0.007292936090379953
1226,12,11,1.0,0.980847954750061,0,0,0.0,0.0,0.0,0.0,0.11890767514705658,0.007306128274649382
1227,12,12,1.0,0.9808388948440552,0,0,0.0,0.0,0.0,0.0,0.11892019212245941,0.0073332940228283405
1228,12,13,1.0,0.9808385968208313,0,0,0.0,0.25,0.0,0.0,0.1189241036772728,0.007336727809160948
1229,12,14,1.0,0.9787059426307678,0,0,0.0,0.25,0.0,0.0,0.2416045367717743,-0.0005057733505964279
1230,12,15,1.0,0.9824546575546265,0,0,0.0,0.25,0.0,0.0,0.26546743512153625,-0.0016868362436071038
1231,12,16,1.0,0.9777543544769287,0,0,0.0,0.25,0.0,0.0,0.26986339688301086,-0.013080975040793419
1232,12,17,1.0,0.9796024560928345,0,0,0.0,0.25,0.0,0.0,0.2717941999435425,-0.010080527514219284
1233,12,18,1.0,0.9777605533599854,0,0,0.0,0.25,0.0,0.0,0.27823421359062195,-0.011910706758499146
1234,12,19,1.0,0.9797793030738831,0,0,0.0,0.25,0.0,0.0,0.27810394763946533,-0.019000789150595665
1235,12,20,1.0,0.9755758047103882,0,0,0.0,0.25,0.0,0.0,0.27820807695388794,-0.019049160182476044
1236,12,21,1.0,0.9741454124450684,0,0,0.0,0.25,0.0,0.0,0.27787795662879944,-0.02057833783328533
1237,12,22,1.0,0.97743821144104,0,0,0.0,0.25,0.0,0.0,0.2815774381160736,-0.0226790439337492
1238,12,23,1.0,0.978452205657959,0,0,0.0,0.25,0.0,0.0,0.2832518517971039,-0.03204621002078056
1239,12,24,1.0,0.9738057851791382,0,0,0.0,0.25,0.0,0.0,0.2873133420944214,-0.02822468988597393
1240,12,25,1.0,0.9771266579627991,0,0,0.0,0.25,0.0,0.0,0.2880796194076538,-0.03492438793182373
1241,12,26,1.0,0.9850057363510132,0,0,0.0,0.25,0.0,0.0,0.2846512496471405,-0.034202318638563156
1242,12,27,1.0,0.9818823337554932,0,0,0.0,0.25,0.0,0.0,0.2814655005931854,-0.03727591037750244
1243,12,28,1.0,0.9896577596664429,0,0,0.0,0.25,0.0,0.0,0.23293620347976685,-0.02800857648253441
1244,12,29,1.0,0.9833332896232605,0,0,0.0,0.25,0.0,0.0,0.1808340698480606,-0.029654210433363914
1245,12,30,1.0,0.9850085377693176,0,0,0.0,0.0,0.0,0.0,0.1334661841392517,-0.04496350139379501
1246,12,31,1.0,0.9749853014945984,0,0,0.0,0.0,0.0,0.0,0.04664863646030426,-0.03006705269217491
1247,12,32,1.0,0.9828662872314453,0,0,0.0,0.0,0.0,0.0,0.00275225262157619,-0.015110723674297333
1248,12,33,1.0,0.9856529235839844,0,0,0.0,0.0,0.0,0.0,-0.0060452651232481,-0.013053344562649727
1249,12,34,1.0,0.9889429807662964,0,0,0.0,0.0,0.0,0.0,-0.00668005645275116,-0.012754235416650772
1250,12,35,1.0,0.9894818067550659,0,0,0.0,0.0,0.0,0.0,-0.00751808425411582,-0.012692667543888092
1251,12,36,1.0,0.9904349446296692,0,0,0.0,0.0,0.0,0.0,-0.007421624381095171,-0.012685084715485573
1252,12,37,1.0,0.9905559420585632,0,0,0.0,0.0,0.0,0.0,-0.007573836948722601,-0.012737872079014778
1253,12,38,1.0,0.9901520013809204,0,0,0.0,0.0,0.0,0.0,-0.008311409503221512,-0.013310302048921585
1254,12,39,1.0,0.9901840090751648,0,0,0.0,-0.25,0.0,0.0,-0.008348772302269936,-0.01333165355026722
1255,12,40,1.0,0.991457462310791,0,0,0.0,0.0,0.0,0.0,-0.04053543508052826,-0.0004574072081595659
1256,12,41,1.0,0.9830015897750854,0,0,0.0,0.0,0.0,0.0,-0.017962746322155,-0.011960450559854507
1257,12,42,1.0,0.9815649390220642,0,0,0.0,0.0,0.0,0.0,-0.009273085743188858,-0.018505342304706573
1258,12,43,1.0,0.980657696723938,0,0,0.0,0.0,0.0,0.0,-0.00507529079914093,-0.019869443029165268
1259,12,44,1.0,0.983931303024292,0,0,0.0,0.0,0.0,0.0,-0.0038139678072184324,-0.02507346123456955
1260,12,45,1.0,0.9836423397064209,0,0,0.0,0.0,0.0,0.0,-0.0031966802198439837,-0.025259314104914665
1261,12,46,1.0,0.9855362176895142,0,0,0.0,0.0,0.0,0.0,-0.0022358770947903395,-0.03358175605535507
1262,12,47,1.0,0.985466480255127,0,0,0.0,0.0,0.0,0.0,-0.002116972114890814,-0.03358617424964905
1263,12,48,1.0,0.9852023124694824,0,0,0.0,0.0,0.0,0.0,-0.0020028233993798494,-0.03388843312859535
1264,12,49,1.0,0.9851827621459961,0,0,0.0,0.0,0.0,0.0,-0.001973810838535428,-0.03388109430670738
1265,12,50,1.0,0.9844241738319397,0,0,0.0,0.0,-0.5,0.0,-0.00010756910342024639,-0.032547395676374435
1266,12,51,1.0,0.9386993646621704,0,0,0.0,0.0,-0.5,0.0,0.009942724369466305,-0.4226028323173523
1267,12,52,1.0,0.9553680419921875,0,0,0.0,0.0,-0.5,0.0,0.015929896384477615,-0.5309664607048035
1268,12,53,1.0,0.9593201279640198,0,0,0.0,0.0,-0.5,0.0,0.0063479566015303135,-0.5332509279251099
1269,12,54,1.0,0.9573100805282593,0,0,0.0,0.0,-0.5,0.0,0.013035151176154613,-0.5382406115531921
1270,12,55,1.0,0.9460484385490417,0,0,0.0,0.0,-0.5,0.0,0.007135065272450447,-0.523213267326355
1271,12,56,1.0,0.8996752500534058,0,0,0.0,0.0,-0.5,0.0,0.004904471337795258,-0.4429355263710022
1272,12,57,1.0,0.8972828388214111,0,0,0.0,0.0,-0.5,0.0,0.00609119376167655,-0.35722702741622925
1273,12,58,1.0,1.277785062789917,0,0,0.0,0.0,-0.5,0.0,0.010792341083288193,-0.055549558252096176
1274,12,59,1.0,1.3259103298187256,0,0,0.0,0.0,-0.5,0.0,0.007141939830034971,-0.032903049141168594
1275,12,60,1.0,1.3971538543701172,0,0,0.0,0.0,-0.5,0.0,0.007379794027656317,-0.021068492904305458
1276,12,61,1.0,1.3994262218475342,0,0,0.0,0.0,0.0,0.0,0.00740464124828577,-0.018694978207349777
1277,12,62,1.0,1.449131965637207,0,0,0.0,0.0,0.0,0.0,0.006649869028478861,-0.009259733371436596
1278,12,63,1.0,1.44935142993927,0,0,0.0,0.0,0.0,0.0,0.006631398573517799,-0.009204860776662827
1279,12,64,2.0,1.4797582626342773,1,0,0.0,0.0,0.0,0.0,0.00433965353295207,-0.017039909958839417
1280,12,65,2.0,1.9717146158218384,1,1,0.0,0.0,0.0,0.0,0.0008434009505435824,-0.0006454810500144958
1281,12,66,2.0,2.0009500980377197,1,1,0.0,0.0,0.0,0.0,0.0003534665156621486,-0.006977779790759087
1282,12,67,2.0,1.9689998626708984,1,1,0.0,0.0,0.0,0.0,0.0003157007449772209,-0.036267369985580444
1283,12,68,2.0,1.9551751613616943,1,1,0.0,0.0,0.0,0.0,5.343743760022335e-05,-0.029995091259479523
1284,12,69,2.0,1.9658432006835938,1,1,0.0,0.0,0.0,0.0,0.003437124192714691,-0.014861030504107475
1285,12,70,2.0,1.1633051633834839,1,0,0.0,0.0,0.0,0.0,-0.0030502122826874256,-0.03346214070916176
1286,12,71,2.0,1.1884281635284424,1,0,0.0,0.0,0.0,0.0,-0.0027670974377542734,-0.023836946114897728
1287,12,72,2.0,1.0765470266342163,1,0,0.0,0.0,0.0,0.0,-0.004704547114670277,-0.013869350776076317
1288,12,73,2.0,1.071394681930542,1,0,0.0,0.0,0.0,0.0,-0.004000052344053984,-0.019955839961767197
1289,12,74,2.0,1.0202168226242065,1,0,0.0,0.0,0.0,0.0,-0.0038365107029676437,-0.03593739867210388
1290,12,75,2.0,1.0031630992889404,1,0,0.0,0.0,0.0,0.0,-0.0027431484777480364,-0.03939756751060486
1291,12,76,1.0,0.9598946571350098,0,0,0.0,0.0,0.0,0.0,-0.005311834625899792,-0.027472013607621193
1292,12,77,1.0,0.9576808214187622,0,0,0.0,0.0,0.0,0.0,-0.006273726932704449,-0.021252743899822235
1293,12,78,1.0,0.9478405714035034,0,0,0.0,0.0,0.0,0.0,-0.01010831631720066,5.14832790941e-05
1294,12,79,1.0,0.9466431736946106,0,0,0.0,0.0,0.0,0.0,-0.010321841575205326,0.006904485169798136
1295,12,80,1.0,0.9587684869766235,0,0,0.0,0.0,0.0,0.0,-0.014764665625989437,0.12387768179178238
1296,12,81,1.0,0.9582690000534058,0,0,0.0,0.0,0.0,0.0,-0.01406354270875454,0.10856971144676208
1297,12,82,1.0,0.9671180844306946,0,0,0.0,0.0,0.0,0.0,-0.014959996566176414,0.21937865018844604
1298,12,83,1.0,0.9706088304519653,0,0,0.0,0.0,0.0,0.0,-0.014268647879362106,0.2452288717031479
1299,12,84,1.0,0.9733452200889587,0,0,0.0,0.0,0.0,0.0,-0.014000238850712776,0.28994467854499817
1300,12,85,1.0,0.971342146396637,0,0,0.0,0.0,0.0,0.0,-0.013960580341517925,0.27359601855278015
1301,12,86,1.0,0.9791767001152039,0,0,0.0,0.0,0.5,0.0,-0.013645238243043423,0.3322242498397827
1302,12,87,1.0,0.9926007986068726,0,0,0.0,0.0,0.5,0.0,-0.010303744114935398,0.47074761986732483
1303,12,88,1.0,0.9961679577827454,0,0,0.0,0.0,0.5,0.0,-0.011767218820750713,0.5350185036659241
1304,12,89,1.0,0.9970468878746033,0,0,0.0,0.0,0.5,0.0,-0.009200100786983967,0.5249664783477783
1305,12,90,1.0,0.9988903999328613,0,0,0.0,0.0,0.5,0.0,-0.008028276264667511,0.5397012233734131
1306,12,91,1.0,0.9933251738548279,0,0,0.0,0.0,0.5,0.0,-0.007067262195050716,0.5240653157234192
1307,12,92,1.0,0.9961510300636292,0,0,0.0,0.0,0.5,0.0,-0.0074399495497345924,0.5401767492294312
1308,12,93,1.0,0.9931167960166931,0,0,0.0,0.0,0.5,0.0,-0.007383833639323711,0.539604127407074
1309,12,94,1.0,0.9924002885818481,0,0,0.0,0.0,0.5,0.0,-0.00966738909482956,0.5377058386802673
1310,12,95,1.0,0.990836501121521,0,0,0.0,0.0,0.5,0.0,-0.00947627704590559,0.5358030796051025
1311,12,96,1.0,0.9894707202911377,0,0,0.0,0.0,0.5,0.0,-0.00914971623569727,0.5289627313613892
1312,13,0,1.0,0.9905171990394592,0,0,0.0,0.0,0.0,0.0,-0.027854477986693382,-0.015007108449935913
1313,13,1,1.0,0.996539294719696,0,0,0.0,0.0,0.0,0.0,-0.02080841362476349,-0.02182578295469284
1314,13,2,1.0,0.9967982769012451,0,0,0.0,0.0,0.0,0.0,-0.027751609683036804,-0.019312068819999695
1315,13,3,1.0,0.995084822177887,0,0,0.0,0.0,0.0,0.0,-0.029762694612145424,-0.018223704770207405
1316,13,4,1.0,0.9962875247001648,0,0,0.0,0.0,0.0,0.0,-0.03531356155872345,-0.015126215294003487
1317,13,5,1.0,0.9960380792617798,0,0,0.0,0.0,0.0,0.0,-0.035653069615364075,-0.014574181288480759
1318,13,6,1.0,0.9966474175453186,0,0,0.0,0.0,0.0,0.0,-0.05198657885193825,-0.014705618843436241
1319,13,7,1.0,0.9966336488723755,0,0,0.0,0.0,0.0,0.0,-0.05204368010163307,-0.014539901167154312
1320,13,8,1.0,0.9963561296463013,0,0,0.0,0.0,0.0,0.0,-0.05489754304289818,-0.014181423932313919
1321,13,9,1.0,0.996355414390564,0,0,0.0,0.0,0.0,0.0,-0.05490918084979057,-0.014134766533970833
1322,13,10,1.0,0.996180534362793,0,0,0.0,0.0,0.0,0.0,-0.062298428267240524,-0.014954617246985435
1323,13,11,1.0,0.9961814284324646,0,0,0.0,-0.25,0.0,0.0,-0.06230027973651886,-0.01494162529706955
1324,13,12,1.0,0.9943695068359375,0,0,0.0,-0.25,0.0,0.0,-0.2569105625152588,-0.010175894945859909
1325,13,13,1.0,0.9942523241043091,0,0,0.0,-0.25,0.0,0.0,-0.25651347637176514,-0.007557948585599661
1326,13,14,1.0,1.0047787427902222,0,0,0.0,-0.25,0.0,0.0,-0.2562618851661682,-0.010406376793980598
1327,13,15,1.0,1.0161060094833374,0,0,0.0,-0.25,0.0,0.0,-0.26025575399398804,-0.01569816842675209
1328,13,16,1.0,1.0025413036346436,0,0,0.0,-0.25,0.0,0.0,-0.2648890018463135,-0.010805878788232803
1329,13,17,1.0,1.0024617910385132,0,0,0.0,-0.25,0.0,0.0,-0.2648840844631195,-0.011804215610027313
1330,13,18,1.0,1.003467082977295,0,0,0.0,-0.25,0.0,0.0,-0.26665985584259033,-0.018059086054563522
1331,13,19,1.0,0.9979043006896973,0,0,0.0,-0.25,0.0,0.0,-0.26643580198287964,-0.010778151452541351
1332,13,20,1.0,0.9978220462799072,0,0,0.0,-0.25,0.0,0.0,-0.2685800790786743,-0.0076327845454216
1333,13,21,1.0,0.9940623641014099,0,0,0.0,-0.25,0.0,0.0,-0.26635172963142395,-0.008498084731400013
1334,13,22,1.0,1.0008478164672852,0,0,0.0,-0.25,0.0,0.0,-0.26766613125801086,-0.010669803246855736
1335,13,23,1.0,0.9929274916648865,0,0,0.0,-0.25,0.0,0.0,-0.267539381980896,-0.007559589110314846
1336,13,24,1.0,1.002632975578308,0,0,0.0,-0.25,0.0,0.0,-0.2614460289478302,-0.005122770555317402
1337,13,25,1.0,0.9916051626205444,0,0,0.0,-0.25,0.0,0.0,-0.22707833349704742,-0.003708934411406517
1338,13,26,1.0,0.9854461550712585,0,0,0.0,-0.25,0.0,0.0,-0.13536760210990906,-0.008082998916506767
1339,13,27,1.0,0.9801287055015564,0,0,0.0,0.0,0.0,0.0,-0.08919826149940491,-0.004082249011844397
1340,13,28,1.0,0.9837419986724854,0,0,0.0,0.0,0.0,0.0,-0.03203082084655762,-0.014585737138986588
1341,13,29,1.0,0.9804584383964539,0,0,0.0,0.0,0.0,0.0,-0.01257837750017643,-0.012736180797219276
1342,13,30,1.0,0.9820406436920166,0,0,0.0,0.0,0.0,0.0,-0.005590977147221565,-0.017428908497095108
1343,13,31,1.0,0.9818897843360901,0,0,0.0,0.0,0.0,0.0,-0.003672110615298152,-0.017116911709308624
1344,13,32,1.0,0.98451167345047,0,0,0.0,0.0,0.0,0.0,-0.004176171496510506,-0.015600603073835373
1345,13,33,1.0,0.9843783974647522,0,0,0.0,0.0,0.0,0.0,-0.0038601907435804605,-0.015563104301691055
1346,13,34,1.0,0.9854147434234619,0,0,0.0,0.0,0.0,0.0,-0.0021016409154981375,-0.020703941583633423
1347,13,35,1.0,0.9853594303131104,0,0,0.0,0.0,0.0,0.0,-0.002023233100771904,-0.020690521225333214
1348,13,36,1.0,0.9829944372177124,0,0,0.0,0.0,0.0,0.0,-0.0032329405657947063,-0.019074080511927605
1349,13,37,1.0,0.9829806089401245,0,0,0.0,-0.25,0.0,0.0,-0.003212341573089361,-0.019071249291300774
1350,13,38,1.0,0.9828227162361145,0,0,0.0,0.0,0.0,0.0,-0.03843327984213829,-0.009608694352209568
1351,13,39,1.0,0.9812452793121338,0,0,0.0,0.0,0.0,0.0,-0.014391965232789516,-0.004433539696037769
1352,13,40,1.0,0.9835335612297058,0,0,0.0,0.0,0.0,0.0,-0.0034847951028496027,-0.009727328084409237
1353,13,41,1.0,0.9824846386909485,0,0,0.0,0.0,0.0,0.0,0.0001009836487355642,-0.01048346608877182
1354,13,42,1.0,0.9849754571914673,0,0,0.0,0.0,0.0,0.0,0.0008910482283681631,-0.0081134382635355
1355,13,43,1.0,0.9848886132240295,0,0,0.0,0.0,0.0,0.0,0.001268179272301495,-0.008117442019283772
1356,13,44,1.0,0.9835796356201172,0,0,0.0,0.0,0.0,0.0,0.0017449836013838649,-0.008312472142279148
1357,13,45,1.0,0.9835399389266968,0,0,0.0,0.25,0.0,0.0,0.0018077079439535737,-0.008312635123729706
1358,13,46,1.0,0.9877504110336304,0,0,0.0,0.0,0.0,0.0,0.030690873041749,-0.011167384684085846
1359,13,47,1.0,0.9853240847587585,0,0,0.0,0.0,0.0,0.0,0.009841039776802063,-0.014502488076686859
1360,13,48,1.0,0.9803434014320374,0,0,0.0,0.0,0.0,0.0,0.0016816228162497282,-0.016736259683966637
1361,13,49,1.0,0.9801393747329712,0,0,0.0,0.0,0.0,0.0,-0.001947346841916442,-0.016951682046055794
1362,13,50,1.0,0.9854946136474609,0,0,0.0,0.0,0.0,0.0,-0.002546255476772785,-0.018830155953764915
1363,13,51,1.0,0.9856137037277222,0,0,0.0,0.0,0.0,0.0,-0.0029487009160220623,-0.018898803740739822
1364,13,52,1.0,0.9838639497756958,0,0,0.0,0.0,0.0,0.0,-0.002717170864343643,-0.01877264305949211
1365,13,53,1.0,0.9838931560516357,0,0,0.0,0.0,0.0,0.0,-0.0027931153308600187,-0.018788887187838554
1366,13,54,1.0,0.9837182760238647,0,0,0.0,0.0,0.0,0.0,-0.0022966593969613314,-0.018878623843193054
1367,13,55,1.0,0.9837303161621094,0,0,0.0,0.0,-0.5,0.0,-0.002316383644938469,-0.018883056938648224
1368,13,56,1.0,0.9515260457992554,0,0,0.0,0.0,-0.5,0.0,-0.0002716260205488652,-0.39142462611198425
1369,13,57,1.0,0.9397484660148621,0,0,0.0,0.0,-0.5,0.0,0.002713857451453805,-0.4941755533218384
1370,13,58,1.0,0.9251084327697754,0,0,0.0,0.0,-0.5,0.0,0.007383787538856268,-0.5152110457420349
1371,13,59,1.0,0.9418936371803284,0,0,0.0,0.0,-0.5,0.0,0.002470950363203883,-0.5314691066741943
1372,13,60,1.0,0.9333314299583435,0,0,0.0,0.0,-0.5,0.0,0.0007389741367660463,-0.5118140578269958
1373,13,61,1.0,0.9052714109420776,0,0,0.0,0.0,-0.5,0.0,0.0070971413515508175,-0.4573245942592621
1374,13,62,1.0,0.9529860019683838,0,0,0.0,0.0,-0.5,0.0,0.011141588911414146,-0.27650508284568787
1375,13,63,1.0,1.2461154460906982,0,0,0.0,0.0,-0.5,0.0,0.008135760203003883,-0.06691814213991165
1376,13,64,1.0,1.3444644212722778,0,0,0.0,0.0,-0.5,0.0,0.011618532240390778,-0.027378439903259277
1377,13,65,1.0,1.35208261013031,0,0,0.0,0.0,-0.5,0.0,0.010524282231926918,-0.023588985204696655
1378,13,66,1.0,1.3909543752670288,0,0,0.0,0.0,0.0,0.0,0.01082111056894064,-0.018323760479688644
1379,13,67,1.0,1.3918370008468628,0,0,0.0,0.0,0.0,0.0,0.01076686754822731,-0.017744313925504684
1380,13,68,1.0,1.4002217054367065,0,0,0.0,0.0,0.0,0.0,0.01093835849314928,-0.011673074215650558
1381,13,69,1.0,1.4004086256027222,0,0,0.0,0.0,0.0,0.0,0.010928685776889324,-0.01163662038743496
1382,13,70,2.0,1.4231616258621216,1,0,0.0,0.0,0.0,0.0,0.010566971264779568,-0.017649183049798012
1383,13,71,2.0,1.8869140148162842,1,1,0.0,0.0,0.0,0.0,0.0067558903247118,-0.02477167546749115
1384,13,72,2.0,1.99949312210083,1,1,0.0,0.0,0.0,0.0,0.004242816008627415,-0.005157338455319405
1385,13,73,2.0,2.0081698894500732,1,1,0.0,0.0,0.0,0.0,0.005062746815383434,-0.021619116887450218
1386,13,74,2.0,1.9991625547409058,1,1,0.0,0.0,0.0,0.0,0.005104777403175831,-0.0199276152998209
1387,13,75,2.0,1.990201473236084,1,1,0.0,0.0,0.0,0.0,0.0062176878564059734,-0.026623953133821487
1388,13,76,2.0,1.9667255878448486,1,1,0.0,0.0,0.0,0.0,0.001041956595145166,-0.011822978034615517
1389,13,77,2.0,1.233695149421692,1,0,0.0,0.0,0.0,0.0,0.0023339674808084965,-0.07722268998622894
1390,13,78,2.0,1.0373573303222656,1,0,0.0,0.0,0.0,0.0,-0.00697441678494215,-0.018475377932190895
1391,13,79,2.0,1.0417431592941284,1,0,0.0,0.0,0.0,0.0,-0.005849059205502272,-0.02050371654331684
1392,13,80,2.0,1.0231709480285645,1,0,0.0,0.0,0.0,0.0,-0.005801083520054817,-0.018654920160770416
1393,13,81,2.0,1.0374729633331299,1,0,0.0,0.0,0.0,0.0,-0.006464036647230387,-0.020958853885531425
1394,13,82,2.0,0.9926808476448059,1,0,0.0,0.0,0.0,0.0,-0.008775555528700352,-0.01174466498196125
1395,13,83,2.0,0.9979702234268188,1,0,0.0,0.0,0.0,0.0,-0.00786546990275383,-0.010267769917845726
1396,13,84,2.0,0.9771765470504761,1,0,0.0,0.0,0.0,0.0,-0.015374785289168358,0.13740023970603943
1397,13,85,2.0,0.9742127060890198,1,0,0.0,0.0,0.0,0.0,-0.014867509715259075,0.12339628487825394
1398,13,86,1.0,0.979666531085968,0,0,0.0,0.0,0.0,0.0,-0.016985494643449783,0.23313254117965698
1399,13,87,1.0,0.9758812189102173,0,0,0.0,0.0,0.0,0.0,-0.01710672862827778,0.16992203891277313
1400,13,88,1.0,0.9760802984237671,0,0,0.0,0.0,0.0,0.0,-0.016993021592497826,0.21834169328212738
1401,13,89,1.0,0.9536116123199463,0,0,0.0,0.0,0.0,0.0,-0.012206736020743847,0.01714794710278511
1402,13,90,1.0,0.9506229162216187,0,0,0.0,0.0,0.0,0.0,-0.010492776520550251,0.00046824943274259567
1403,13,91,1.0,0.9617870450019836,0,0,0.0,0.0,0.5,0.0,-0.008486428298056126,-0.02543168142437935
1404,13,92,1.0,1.0009206533432007,0,0,0.0,0.0,0.5,0.0,-0.013442630879580975,0.44062596559524536
1405,13,93,1.0,0.9992353916168213,0,0,0.0,0.0,0.5,0.0,-0.0062236967496573925,0.5226442813873291
1406,13,94,1.0,1.0037227869033813,0,0,0.0,0.0,0.5,0.0,-0.0062562767416238785,0.5371413230895996
1407,13,95,1.0,0.9939005374908447,0,0,0.0,0.0,0.5,0.0,-0.0065085082314908504,0.5398615598678589
1408,13,96,1.0,0.9961413741111755,0,0,0.0,0.0,0.5,0.0,-0.009763328358530998,0.543304979801178
1409,13,97,1.0,0.9960645437240601,0,0,0.0,0.0,0.5,0.0,-0.010403396561741829,0.5422593951225281
1410,13,98,1.0,0.9956004023551941,0,0,0.0,0.0,0.5,0.0,-0.010692219249904156,0.5443634986877441
1411,13,99,1.0,0.9928329586982727,0,0,0.0,0.0,0.5,0.0,-0.010308366268873215,0.5362310409545898
1412,13,100,1.0,0.9938690066337585,0,0,0.0,0.0,0.5,0.0,-0.009370404295623302,0.5394934415817261
1413,13,101,1.0,0.9924960136413574,0,0,0.0,0.0,0.5,0.0,-0.010036843828856945,0.5371472835540771
1414,14,0,1.0,0.9905171394348145,0,0,0.0,0.0,0.0,0.0,-0.027854464948177338,-0.015007153153419495
1415,14,1,1.0,0.996539294719696,0,0,0.0,0.0,0.0,0.0,-0.020808445289731026,-0.021825771778821945
1416,14,2,1.0,0.9967982769012451,0,0,0.0,0.0,0.0,0.0,-0.027751604095101357,-0.019312094897031784
1417,14,3,1.0,0.9950847625732422,0,0,0.0,0.0,0.0,0.0,-0.029762694612145424,-0.0182237196713686
1418,14,4,1.0,0.99628746509552,0,0,0.0,0.0,0.0,0.0,-0.03531355783343315,-0.015126224607229233
1419,14,5,1.0,0.9960380792617798,0,0,0.0,0.0,0.0,0.0,-0.035653047263622284,-0.01457415334880352
1420,14,6,1.0,0.9966472387313843,0,0,0.0,0.0,0.0,0.0,-0.05198660492897034,-0.014705607667565346
1421,14,7,1.0,0.9966336488723755,0,0,0.0,0.0,0.0,0.0,-0.05204368382692337,-0.01453985832631588
1422,14,8,1.0,0.996356189250946,0,0,0.0,0.0,0.0,0.0,-0.054897528141736984,-0.014181436970829964
1423,14,9,1.0,0.996355414390564,0,0,0.0,0.0,0.0,0.0,-0.05490916222333908,-0.014134764671325684
1424,14,10,1.0,0.9961804747581482,0,0,0.0,0.0,0.0,0.0,-0.06229841709136963,-0.014954527840018272
1425,14,11,1.0,0.9961813688278198,0,0,0.0,0.0,0.0,0.0,-0.06230026111006737,-0.014941655099391937
1426,14,12,1.0,0.9961819648742676,0,0,0.0,0.0,0.0,0.0,-0.062301140278577805,-0.014935087412595749
1427,14,13,1.0,0.9961822032928467,0,0,0.0,0.0,0.0,0.0,-0.062301505357027054,-0.014931727200746536
1428,14,14,1.0,0.9961825609207153,0,0,0.0,0.0,0.0,0.0,-0.06230171397328377,-0.014930004253983498
1429,14,15,1.0,0.9961826801300049,0,0,0.0,0.0,0.0,0.0,-0.06230176240205765,-0.014929084107279778
1430,14,16,1.0,0.9961826801300049,0,0,0.0,0.0,0.0,0.0,-0.06230185180902481,-0.014928648248314857
1431,14,17,1.0,0.9961826801300049,0,0,0.0,0.0,0.0,0.0,-0.06230185925960541,-0.014928458258509636
1432,14,18,1.0,0.9939818978309631,0,0,0.0,-0.25,0.0,0.0,-0.06548403203487396,-0.01468321867287159
1433,14,19,1.0,0.9900065660476685,0,0,0.0,-0.25,0.0,0.0,-0.22816696763038635,-0.006811321247369051
1434,14,20,1.0,0.994551420211792,0,0,0.0,-0.25,0.0,0.0,-0.2571408450603485,-0.009982293471693993
1435,14,21,1.0,0.9905639886856079,0,0,0.0,-0.25,0.0,0.0,-0.2564617991447449,-0.014892634004354477
1436,14,22,1.0,1.0071310997009277,0,0,0.0,-0.25,0.0,0.0,-0.26201602816581726,-0.017809120938181877
1437,14,23,1.0,1.008435845375061,0,0,0.0,-0.25,0.0,0.0,-0.26270219683647156,-0.013844883069396019
1438,14,24,1.0,1.0037544965744019,0,0,0.0,-0.25,0.0,0.0,-0.26482412219047546,-0.013768794015049934
1439,14,25,1.0,1.0088608264923096,0,0,0.0,-0.25,0.0,0.0,-0.2666184604167938,-0.0175221748650074
1440,14,26,1.0,1.0027265548706055,0,0,0.0,-0.25,0.0,0.0,-0.26697787642478943,-0.006760296877473593
1441,14,27,1.0,0.9993910193443298,0,0,0.0,-0.25,0.0,0.0,-0.26507535576820374,-0.016510676592588425
1442,14,28,1.0,0.9891558289527893,0,0,0.0,-0.25,0.0,0.0,-0.2653743028640747,-0.006112705450505018
1443,14,29,1.0,1.001954436302185,0,0,0.0,-0.25,0.0,0.0,-0.2683763802051544,-0.011548852548003197
1444,14,30,1.0,0.9879807829856873,0,0,0.0,-0.25,0.0,0.0,-0.26770690083503723,-0.010815445333719254
1445,14,31,1.0,1.000727891921997,0,0,0.0,-0.25,0.0,0.0,-0.26822158694267273,-0.004117757081985474
1446,14,32,1.0,0.989915132522583,0,0,0.0,-0.25,0.0,0.0,-0.22868148982524872,0.0006167392712086439
1447,14,33,1.0,0.9857843518257141,0,0,0.0,-0.25,0.0,0.0,-0.1615358591079712,-0.009158430621027946
1448,14,34,1.0,0.9849588871002197,0,0,0.0,-0.25,0.0,0.0,-0.08556999266147614,-0.010847752913832664
1449,14,35,1.0,0.97963547706604,0,0,0.0,0.0,0.0,0.0,-0.06698735058307648,-0.015156643465161324
1450,14,36,1.0,0.9855248332023621,0,0,0.0,0.0,0.0,0.0,-0.02394251711666584,-0.010423688217997551
1451,14,37,1.0,0.9867511987686157,0,0,0.0,0.0,0.0,0.0,-0.005586953368037939,-0.0076539237052202225
1452,14,38,1.0,0.9839738011360168,0,0,0.0,0.0,0.0,0.0,-0.00208089966326952,-0.012124661356210709
1453,14,39,1.0,0.9837113618850708,0,0,0.0,0.0,0.0,0.0,-0.0003425983595661819,-0.01180848479270935
1454,14,40,1.0,0.9838446378707886,0,0,0.0,0.0,0.0,0.0,0.0022747123148292303,-0.006934041157364845
1455,14,41,1.0,0.9837400913238525,0,0,0.0,0.0,0.0,0.0,0.0025524164084345102,-0.006874660030007362
1456,14,42,1.0,0.9841707944869995,0,0,0.0,0.0,0.0,0.0,0.0017538359388709068,-0.00965452753007412
1457,14,43,1.0,0.9841246604919434,0,0,0.0,0.0,0.0,0.0,0.0018198005855083466,-0.00965715292841196
1458,14,44,1.0,0.9842624068260193,0,0,0.0,0.0,0.0,0.0,0.001931890263222158,-0.00922942440956831
1459,14,45,1.0,0.9842498898506165,0,0,0.0,0.25,0.0,0.0,0.001949290162883699,-0.009232060052454472
1460,14,46,1.0,0.9865845441818237,0,0,0.0,0.0,0.0,0.0,0.03135693818330765,-0.009843314066529274
1461,14,47,1.0,0.983524739742279,0,0,0.0,0.0,0.0,0.0,0.008668438531458378,-0.006143955048173666
1462,14,48,1.0,0.9804763197898865,0,0,0.0,0.0,0.0,0.0,0.0009611279238015413,-0.0167746189981699
1463,14,49,1.0,0.9803065061569214,0,0,0.0,0.0,0.0,0.0,-0.002710909815505147,-0.017014866694808006
1464,14,50,1.0,0.9854751825332642,0,0,0.0,0.0,0.0,0.0,-0.002932820003479719,-0.018820980563759804
1465,14,51,1.0,0.985584020614624,0,0,0.0,0.0,0.0,0.0,-0.0033337336499243975,-0.01885920763015747
1466,14,52,1.0,0.9834635257720947,0,0,0.0,0.0,0.0,0.0,-0.0029251298401504755,-0.018828721717000008
1467,14,53,1.0,0.9834945201873779,0,0,0.0,0.0,0.0,0.0,-0.003003182355314493,-0.018847253173589706
1468,14,54,1.0,0.9838035702705383,0,0,0.0,0.0,0.0,0.0,-0.002349656540900469,-0.01890191249549389
1469,14,55,1.0,0.9838152527809143,0,0,0.0,0.0,0.0,0.0,-0.002368855057284236,-0.018907032907009125
1470,14,56,1.0,0.9814423322677612,0,0,0.0,0.0,-0.5,0.0,-0.0019145698752254248,-0.020381344482302666
1471,14,57,1.0,0.945725679397583,0,0,0.0,0.0,-0.5,0.0,-0.0002609561779536307,-0.4046770930290222
1472,14,58,1.0,0.950782299041748,0,0,0.0,0.0,-0.5,0.0,0.008421754464507103,-0.5143776535987854
1473,14,59,1.0,0.9340097308158875,0,0,0.0,0.0,-0.5,0.0,0.008208753541111946,-0.5370200276374817
1474,14,60,1.0,0.9332881569862366,0,0,0.0,0.0,-0.5,0.0,-0.0026168248150497675,-0.5303320288658142
1475,14,61,1.0,0.917820155620575,0,0,0.0,0.0,-0.5,0.0,0.0014878170331940055,-0.4970662593841553
1476,14,62,1.0,0.9014577865600586,0,0,0.0,0.0,-0.5,0.0,0.0052839661948382854,-0.44581741094589233
1477,14,63,1.0,0.9112845659255981,0,0,0.0,0.0,-0.5,0.0,0.004365480039268732,-0.3622024357318878
1478,14,64,1.0,1.2721972465515137,0,0,0.0,0.0,-0.5,0.0,0.012840518727898598,-0.04265720397233963
1479,14,65,1.0,1.2935980558395386,0,0,0.0,0.0,-0.5,0.0,0.011494801379740238,-0.029096858575940132
1480,14,66,1.0,1.3532018661499023,0,0,0.0,0.0,-0.5,0.0,0.013013503514230251,-0.019504716619849205
1481,14,67,1.0,1.3560200929641724,0,0,0.0,0.0,-0.5,0.0,0.012860375456511974,-0.01805855520069599
1482,14,68,1.0,1.3942561149597168,0,0,0.0,0.0,0.0,0.0,0.01168034691363573,-0.01427173800766468
1483,14,69,1.0,1.3945609331130981,0,0,0.0,0.0,0.0,0.0,0.011678224429488182,-0.014182370156049728
1484,14,70,1.0,1.3998017311096191,0,0,0.0,0.0,0.0,0.0,0.011688515543937683,-0.013396747410297394
1485,14,71,1.0,1.3999600410461426,0,0,0.0,0.0,0.0,0.0,0.011670757085084915,-0.013333678245544434
1486,14,72,1.0,1.3904902935028076,0,0,0.0,0.0,0.0,0.0,0.01203038077801466,-0.01133435033261776
1487,14,73,1.0,1.3906079530715942,0,0,0.0,0.0,0.0,0.0,0.012010606937110424,-0.011282570660114288
1488,14,74,1.0,1.3985146284103394,0,0,0.0,0.0,0.0,0.0,0.01230682898312807,-0.011456131935119629
1489,14,75,2.0,1.3986434936523438,1,0,0.0,0.0,0.0,0.0,0.0122864730656147,-0.011401079595088959
1490,14,76,2.0,1.8970351219177246,1,1,0.0,0.0,0.0,0.0,0.007655041292309761,-0.029526686295866966
1491,14,77,2.0,1.984727382659912,1,1,0.0,0.0,0.0,0.0,0.004612179473042488,-0.006204878445714712
1492,14,78,2.0,1.9941949844360352,1,1,0.0,0.0,0.0,0.0,0.0025020025204867125,-0.010398916900157928
1493,14,79,2.0,1.9822256565093994,1,1,0.0,0.0,0.0,0.0,0.006847864016890526,-0.030474944040179253
1494,14,80,2.0,1.9957979917526245,1,1,0.0,0.0,0.0,0.0,0.0040000020526349545,-0.023661447688937187
1495,14,81,2.0,1.961254358291626,1,1,0.0,0.0,0.0,0.0,0.0031613220926374197,-0.025853298604488373
1496,14,82,2.0,1.0504764318466187,1,0,0.0,0.0,0.0,0.0,0.0001223470753757283,-0.047023314982652664
1497,14,83,2.0,1.0566041469573975,1,0,0.0,0.0,0.0,0.0,-0.0031768768094480038,-0.026060044765472412
1498,14,84,2.0,1.0031346082687378,1,0,0.0,0.0,0.0,0.0,-0.005685810465365648,-0.02710249461233616
1499,14,85,2.0,1.020533561706543,1,0,0.0,0.0,0.0,0.0,-0.00347264320589602,-0.03153292089700699
1500,14,86,2.0,0.9571244716644287,1,0,0.0,0.0,0.0,0.0,-0.008933093398809433,-0.02258910983800888
1501,14,87,2.0,0.9668875336647034,1,0,0.0,0.0,0.0,0.0,-0.00876201968640089,-0.03401775285601616
1502,14,88,2.0,0.9570273160934448,1,0,0.0,0.0,0.0,0.0,-0.008948275819420815,-0.029324032366275787
1503,14,89,2.0,0.9675312042236328,1,0,0.0,0.0,0.0,0.0,-0.00806063786149025,-0.03783277049660683
1504,14,90,2.0,0.9577016830444336,1,0,0.0,0.0,0.0,0.0,-0.007677127607166767,-0.039987340569496155
1505,14,91,1.0,0.9617370367050171,0,0,0.0,0.0,0.0,0.0,-0.0031006166245788336,-0.029472585767507553
1506,14,92,1.0,0.9569250345230103,0,0,0.0,0.0,0.0,0.0,-0.006704615894705057,0.004469457548111677
1507,14,93,1.0,0.9608574509620667,0,0,0.0,0.0,0.0,0.0,-0.0075795152224600315,0.027243342250585556
1508,14,94,1.0,0.9687817692756653,0,0,0.0,0.0,0.0,0.0,-0.009513392113149166,0.12949340045452118
1509,14,95,1.0,0.9718465805053711,0,0,0.0,0.0,0.0,0.0,-0.01139196939766407,0.1618565022945404
1510,14,96,1.0,0.9766027927398682,0,0,0.0,0.0,0.0,0.0,-0.011643994599580765,0.25805220007896423
1511,14,97,1.0,0.9781683683395386,0,0,0.0,0.0,0.0,0.0,-0.011353163979947567,0.27247539162635803
1512,14,98,1.0,0.9797088503837585,0,0,0.0,0.0,0.0,0.0,-0.011361959390342236,0.29712045192718506
1513,14,99,1.0,0.9801335334777832,0,0,0.0,0.0,0.5,0.0,-0.010974494740366936,0.3032478988170624
1514,14,100,1.0,1.0019025802612305,0,0,0.0,0.0,0.5,0.0,-0.009530183859169483,0.5028319358825684
1515,14,101,1.0,1.0050911903381348,0,0,0.0,0.0,0.5,0.0,-0.00808839499950409,0.5360891819000244
1516,14,102,1.0,1.003538966178894,0,0,0.0,0.0,0.5,0.0,-0.008251238614320755,0.5413331389427185
1517,14,103,1.0,0.995140552520752,0,0,0.0,0.0,0.5,0.0,-0.008225690573453903,0.5428816676139832
1518,14,104,1.0,0.997002124786377,0,0,0.0,0.0,0.5,0.0,-0.009764689020812511,0.5421265959739685
1519,14,105,1.0,0.9943689107894897,0,0,0.0,0.0,0.5,0.0,-0.00914628803730011,0.5419581532478333
1520,14,106,1.0,0.9962525367736816,0,0,0.0,0.0,0.5,0.0,-0.010698281228542328,0.5437474846839905
1521,14,107,1.0,0.9926875233650208,0,0,0.0,0.0,0.5,0.0,-0.010220679454505444,0.539174497127533
1522,14,108,1.0,0.9942582845687866,0,0,0.0,0.0,0.5,0.0,-0.009874069131910801,0.539763867855072
1523,14,109,1.0,0.9922294616699219,0,0,0.0,0.0,0.5,0.0,-0.01033516600728035,0.5318536758422852
1524,15,0,1.0,0.9814960956573486,0,0,0.0,0.0,0.0,0.0,0.07644832134246826,0.004749390762299299
1525,15,1,1.0,0.988792896270752,0,0,0.0,0.0,0.0,0.0,0.05711810663342476,-0.006629638839513063
1526,15,2,1.0,0.9851349592208862,0,0,0.0,0.0,0.0,0.0,0.07464852184057236,0.0006487478967756033
1527,15,3,1.0,0.9830239415168762,0,0,0.0,0.0,0.0,0.0,0.08100468665361404,0.0022635399363934994
1528,15,4,1.0,0.9833534359931946,0,0,0.0,0.0,0.0,0.0,0.09190462529659271,0.0024333735927939415
1529,15,5,1.0,0.9828563928604126,0,0,0.0,0.0,0.0,0.0,0.09357801824808121,0.0029236325062811375
1530,15,6,1.0,0.9799174070358276,0,0,0.0,0.0,0.0,0.0,0.11103006452322006,0.005638426635414362
1531,15,7,1.0,0.9798611402511597,0,0,0.0,0.0,0.0,0.0,0.11136623471975327,0.005815479438751936
1532,15,8,1.0,0.9810169339179993,0,0,0.0,0.0,0.0,0.0,0.11728405952453613,0.007049627136439085
1533,15,9,1.0,0.9810112118721008,0,0,0.0,0.0,0.0,0.0,0.11735475063323975,0.007100251968950033
1534,15,10,1.0,0.98084956407547,0,0,0.0,0.0,0.0,0.0,0.11889137327671051,0.007292987313121557
1535,15,11,1.0,0.980847954750061,0,0,0.0,0.25,0.0,0.0,0.11890764534473419,0.007306126412004232
1536,15,12,1.0,0.9788416028022766,0,0,0.0,0.25,0.0,0.0,0.2404305785894394,-0.0005089949117973447
1537,15,13,1.0,0.9806904792785645,0,0,0.0,0.25,0.0,0.0,0.2663492262363434,-0.0011779441265389323
1538,15,14,1.0,0.9777541160583496,0,0,0.0,0.25,0.0,0.0,0.26986318826675415,-0.013082195073366165
1539,15,15,1.0,0.9796024560928345,0,0,0.0,0.25,0.0,0.0,0.27179408073425293,-0.010081198066473007
1540,15,16,1.0,0.9777605533599854,0,0,0.0,0.25,0.0,0.0,0.27823406457901,-0.011910993605852127
1541,15,17,1.0,0.9797792434692383,0,0,0.0,0.25,0.0,0.0,0.27810388803482056,-0.019000908359885216
1542,15,18,1.0,0.9758040308952332,0,0,0.0,0.25,0.0,0.0,0.27813971042633057,-0.019355235621333122
1543,15,19,1.0,0.9735813140869141,0,0,0.0,0.25,0.0,0.0,0.27786949276924133,-0.0209144689142704
1544,15,20,1.0,0.9774380922317505,0,0,0.0,0.25,0.0,0.0,0.2815774083137512,-0.022679099813103676
1545,15,21,1.0,0.978452205657959,0,0,0.0,0.25,0.0,0.0,0.28325191140174866,-0.03204613924026489
1546,15,22,1.0,0.973805844783783,0,0,0.0,0.25,0.0,0.0,0.287313312292099,-0.02822461910545826
1547,15,23,1.0,0.9771266579627991,0,0,0.0,0.25,0.0,0.0,0.2880795896053314,-0.034924332052469254
1548,15,24,1.0,0.985005795955658,0,0,0.0,0.25,0.0,0.0,0.2846512198448181,-0.03420235961675644
1549,15,25,1.0,0.9818822741508484,0,0,0.0,0.25,0.0,0.0,0.2814655303955078,-0.03727592155337334
1550,15,26,1.0,0.9896578192710876,0,0,0.0,0.25,0.0,0.0,0.23293615877628326,-0.02800854481756687
1551,15,27,1.0,0.98333340883255,0,0,0.0,0.25,0.0,0.0,0.1808340847492218,-0.029654165729880333
1552,15,28,1.0,0.9811208844184875,0,0,0.0,0.25,0.0,0.0,0.12314631044864655,-0.036036405712366104
1553,15,29,1.0,0.9783756732940674,0,0,0.0,0.25,0.0,0.0,0.09489341825246811,-0.015713047236204147
1554,15,30,1.0,0.9812242984771729,0,0,0.0,0.0,0.0,0.0,0.08838112652301788,-0.024379562586545944
1555,15,31,1.0,0.9747816324234009,0,0,0.0,0.0,0.0,0.0,0.016528677195310593,-0.018297838047146797
1556,15,32,1.0,0.9765700101852417,0,0,0.0,0.0,0.0,0.0,-0.018283449113368988,-0.013444995507597923
1557,15,33,1.0,0.9792510867118835,0,0,0.0,0.0,0.0,0.0,-0.02804037369787693,-0.010037196800112724
1558,15,34,1.0,0.9813578128814697,0,0,0.0,0.0,0.0,0.0,-0.02567477338016033,-0.0066505069844424725
1559,15,35,1.0,0.9818904995918274,0,0,0.0,0.0,0.0,0.0,-0.026654722169041634,-0.006431109271943569
1560,15,36,1.0,0.9812039136886597,0,0,0.0,0.0,0.0,0.0,-0.02984657511115074,-0.009626307524740696
1561,15,37,1.0,0.981311559677124,0,0,0.0,0.0,0.0,0.0,-0.030069226399064064,-0.009653713554143906
1562,15,38,1.0,0.9818238019943237,0,0,0.0,0.0,0.0,0.0,-0.028726832941174507,-0.010205913335084915
1563,15,39,1.0,0.98184734582901,0,0,0.0,-0.25,0.0,0.0,-0.02877570316195488,-0.010221563279628754
1564,15,40,1.0,0.9946005344390869,0,0,0.0,-0.25,0.0,0.0,-0.05668659135699272,0.0036194301210343838
1565,15,41,1.0,0.9994216561317444,0,0,0.0,0.0,0.0,0.0,-0.06453893333673477,0.008395660668611526
1566,15,42,1.0,0.9888419508934021,0,0,0.0,0.0,0.0,0.0,-0.02819347381591797,-0.00791051797568798
1567,15,43,1.0,0.9897645115852356,0,0,0.0,0.0,0.0,0.0,-0.016394056379795074,-0.011081265285611153
1568,15,44,1.0,0.9898771047592163,0,0,0.0,0.0,0.0,0.0,-0.009270023554563522,-0.013202188536524773
1569,15,45,1.0,0.9892436861991882,0,0,0.0,0.0,0.0,0.0,-0.007442777510732412,-0.013633666560053825
1570,15,46,1.0,0.9895487427711487,0,0,0.0,0.0,0.0,0.0,-0.008576343767344952,-0.01644240878522396
1571,15,47,1.0,0.9893776774406433,0,0,0.0,0.0,0.0,0.0,-0.008311145938932896,-0.016393747180700302
1572,15,48,1.0,0.9907234311103821,0,0,0.0,0.0,0.0,0.0,-0.007257628254592419,-0.015640852972865105
1573,15,49,1.0,0.9906708598136902,0,0,0.0,-0.25,0.0,0.0,-0.007203833665698767,-0.015620486810803413
1574,15,50,1.0,0.9905427694320679,0,0,0.0,0.0,0.0,0.0,-0.039120204746723175,-0.0003850808134302497
1575,15,51,1.0,0.9839175343513489,0,0,0.0,0.0,0.0,0.0,-0.018245922401547432,-0.014913763850927353
1576,15,52,1.0,0.982002317905426,0,0,0.0,0.0,0.0,0.0,-0.008415672928094864,-0.015864457935094833
1577,15,53,1.0,0.9811000823974609,0,0,0.0,0.0,0.0,0.0,-0.004256921354681253,-0.017187708988785744
1578,15,54,1.0,0.9835942387580872,0,0,0.0,0.0,0.0,0.0,-0.003713498590514064,-0.02470814436674118
1579,15,55,1.0,0.9833518862724304,0,0,0.0,0.0,0.0,0.0,-0.003088069148361683,-0.024870026856660843
1580,15,56,1.0,0.9846695065498352,0,0,0.0,0.0,0.0,0.0,-0.0019080339698120952,-0.029741954058408737
1581,15,57,1.0,0.9845895767211914,0,0,0.0,0.0,0.0,0.0,-0.0017935268115252256,-0.029741991311311722
1582,15,58,1.0,0.9845597743988037,0,0,0.0,0.0,0.0,0.0,-0.0017706790240481496,-0.0305926576256752
1583,15,59,1.0,0.984539806842804,0,0,0.0,0.0,0.0,0.0,-0.001744216657243669,-0.030583729967474937
1584,15,60,1.0,0.9850621819496155,0,0,0.0,0.0,0.0,0.0,-0.001660398906096816,-0.0313996784389019
1585,15,61,1.0,0.985056459903717,0,0,0.0,0.0,0.0,0.0,-0.00165273726452142,-0.03139640763401985
1586,15,62,1.0,0.9837058782577515,0,0,0.0,0.0,-0.5,0.0,-7.999974513950292e-06,-0.033146247267723083
1587,15,63,1.0,0.9407070279121399,0,0,0.0,0.0,-0.5,0.0,0.00904142577201128,-0.4280392527580261
1588,15,64,1.0,0.9530283212661743,0,0,0.0,0.0,-0.5,0.0,0.015284017659723759,-0.5278201699256897
1589,15,65,1.0,0.950186014175415,0,0,0.0,0.0,-0.5,0.0,0.009924601763486862,-0.5367289781570435
1590,15,66,1.0,0.9582317471504211,0,0,0.0,0.0,-0.5,0.0,0.013152440078556538,-0.539158284664154
1591,15,67,1.0,0.9432166814804077,0,0,0.0,0.0,-0.5,0.0,0.00856169406324625,-0.5240577459335327
1592,15,68,1.0,0.8989233374595642,0,0,0.0,0.0,-0.5,0.0,0.004937953781336546,-0.44258713722229004
1593,15,69,1.0,0.8984736800193787,0,0,0.0,0.0,-0.5,0.0,0.004783544223755598,-0.3548733592033386
1594,15,70,1.0,1.276415467262268,0,0,0.0,0.0,-0.5,0.0,0.011046275496482849,-0.05734484642744064
1595,15,71,1.0,1.3259716033935547,0,0,0.0,0.0,-0.5,0.0,0.0074340831488370895,-0.03451815992593765
1596,15,72,1.0,1.4012525081634521,0,0,0.0,0.0,-0.5,0.0,0.00784329604357481,-0.019897667691111565
1597,15,73,1.0,1.4034092426300049,0,0,0.0,0.0,-0.5,0.0,0.00790828000754118,-0.01754426583647728
1598,15,74,1.0,1.4498951435089111,0,0,0.0,0.0,-0.5,0.0,0.0064492193050682545,-0.011348102241754532
1599,15,75,1.0,1.450095772743225,0,0,0.0,0.0,-0.5,0.0,0.006428359542042017,-0.01130291260778904
1600,15,76,1.0,1.4502222537994385,0,0,0.0,0.0,0.0,0.0,0.0058618346229195595,-0.010893186554312706
1601,15,77,1.0,1.4503090381622314,0,0,0.0,0.0,0.0,0.0,0.005859830882400274,-0.01092408038675785
1602,15,78,1.0,1.4602147340774536,0,0,0.0,0.0,0.0,0.0,0.005575587972998619,-0.008390627801418304
1603,15,79,1.0,1.46025550365448,0,0,0.0,0.0,0.0,0.0,0.005578063894063234,-0.00844167172908783
1604,15,80,1.0,1.4670729637145996,0,0,0.0,0.0,0.0,0.0,0.007250563707202673,-0.005608523264527321
1605,15,81,1.0,1.4671258926391602,0,0,0.0,0.0,0.0,0.0,0.007256175857037306,-0.0056621357798576355
1606,15,82,2.0,1.4708768129348755,1,0,0.0,0.0,0.0,0.0,0.006986347958445549,-0.014014268293976784
1607,15,83,2.0,1.9732152223587036,1,1,0.0,0.0,0.0,0.0,0.0038420003838837147,-0.003984701819717884
1608,15,84,2.0,1.9957082271575928,1,1,0.0,0.0,0.0,0.0,0.0009730480378493667,-0.005699506960809231
1609,15,85,2.0,1.9745525121688843,1,1,0.0,0.0,0.0,0.0,-0.0017931864131242037,-0.03127355873584747
1610,15,86,2.0,1.952455997467041,1,1,0.0,0.0,0.0,0.0,-0.0008594004902988672,-0.02878851443529129
1611,15,87,2.0,1.9423916339874268,1,1,0.0,0.0,0.0,0.0,0.0017531545599922538,-0.014393845573067665
1612,15,88,2.0,1.1668843030929565,1,0,0.0,0.0,0.0,0.0,-0.0029295694548636675,-0.03670020028948784
1613,15,89,2.0,1.1753017902374268,1,0,0.0,0.0,0.0,0.0,-0.0031445175409317017,-0.031221723183989525
1614,15,90,2.0,1.082226276397705,1,0,0.0,0.0,0.0,0.0,-0.004903106950223446,-0.015166075900197029
1615,15,91,2.0,1.0809088945388794,1,0,0.0,0.0,0.0,0.0,-0.004911161493510008,-0.01588197611272335
1616,15,92,2.0,1.0535351037979126,1,0,0.0,0.0,0.0,0.0,-0.004162191413342953,-0.025470124557614326
1617,15,93,2.0,1.0226329565048218,1,0,0.0,0.0,0.0,0.0,-0.0026252642273902893,-0.04234572499990463
1618,15,94,2.0,0.9617167115211487,1,0,0.0,0.0,0.0,0.0,-0.004035505466163158,-0.03230186551809311
1619,15,95,2.0,0.9643967747688293,1,0,0.0,0.0,0.0,0.0,-0.004822329618036747,-0.030180979520082474
1620,15,96,1.0,0.951676607131958,0,0,0.0,0.0,0.0,0.0,-0.00847145076841116,-0.02012777328491211
1621,15,97,1.0,0.954969584941864,0,0,0.0,0.0,0.0,0.0,-0.008431022055447102,-0.02146131917834282
1622,15,98,1.0,0.9501153826713562,0,0,0.0,0.0,0.0,0.0,-0.012491310015320778,0.046189989894628525
1623,15,99,1.0,0.9482386112213135,0,0,0.0,0.0,0.0,0.0,-0.012566430494189262,0.0440499521791935
1624,15,100,1.0,0.9666510820388794,0,0,0.0,0.0,0.0,0.0,-0.014293291606009007,0.21980486810207367
1625,15,101,1.0,0.9680635929107666,0,0,0.0,0.0,0.0,0.0,-0.013905545696616173,0.23862594366073608
1626,15,102,1.0,0.9769905805587769,0,0,0.0,0.0,0.0,0.0,-0.01403728872537613,0.32299700379371643
1627,15,103,1.0,0.9772838354110718,0,0,0.0,0.0,0.0,0.0,-0.01403721421957016,0.3257930874824524
1628,15,104,1.0,0.9818252921104431,0,0,0.0,0.0,0.5,0.0,-0.01307001430541277,0.36368831992149353
1629,15,105,1.0,0.9920340180397034,0,0,0.0,0.0,0.5,0.0,-0.01045465562492609,0.47236368060112
1630,15,106,1.0,0.9964187741279602,0,0,0.0,0.0,0.5,0.0,-0.011496313847601414,0.5351197123527527
1631,15,107,1.0,0.9964758157730103,0,0,0.0,0.0,0.5,0.0,-0.009168189018964767,0.5299547910690308
1632,15,108,1.0,0.9986658096313477,0,0,0.0,0.0,0.5,0.0,-0.008159837685525417,0.5400738716125488
1633,15,109,1.0,0.9966851472854614,0,0,0.0,0.0,0.5,0.0,-0.007585724350064993,0.5366389155387878
1634,15,110,1.0,0.9975916743278503,0,0,0.0,0.0,0.5,0.0,-0.007346813566982746,0.5462000966072083
1635,15,111,1.0,0.9925395846366882,0,0,0.0,0.0,0.5,0.0,-0.008474894799292088,0.5427812933921814
1636,15,112,1.0,0.9924005270004272,0,0,0.0,0.0,0.5,0.0,-0.009985694661736488,0.5386183261871338
1637,15,113,1.0,0.9905301928520203,0,0,0.0,0.0,0.5,0.0,-0.009627092629671097,0.5375892519950867
1638,15,114,1.0,0.9904603958129883,0,0,0.0,0.0,0.5,0.0,-0.008843835443258286,0.5322465896606445
1639,16,0,1.0,0.9905171394348145,0,0,0.0,0.0,0.0,0.0,-0.027854494750499725,-0.015007127076387405
1640,16,1,1.0,0.9965392351150513,0,0,0.0,0.0,0.0,0.0,-0.020808439701795578,-0.021825803443789482
1641,16,2,1.0,0.9967983365058899,0,0,0.0,0.0,0.0,0.0,-0.027751607820391655,-0.019312137737870216
1642,16,3,1.0,0.9950847625732422,0,0,0.0,0.0,0.0,0.0,-0.029762694612145424,-0.018223725259304047
1643,16,4,1.0,0.99628746509552,0,0,0.0,0.0,0.0,0.0,-0.03531356528401375,-0.01512625440955162
1644,16,5,1.0,0.9960380792617798,0,0,0.0,0.0,0.0,0.0,-0.03565306216478348,-0.01457415334880352
1645,16,6,1.0,0.9966473579406738,0,0,0.0,0.0,0.0,0.0,-0.051986586302518845,-0.014705663546919823
1646,16,7,1.0,0.9966335892677307,0,0,0.0,0.0,0.0,0.0,-0.052043698728084564,-0.014539878815412521
1647,16,8,1.0,0.9963562488555908,0,0,0.0,0.0,0.0,0.0,-0.054897554218769073,-0.014181429520249367
1648,16,9,1.0,0.996355414390564,0,0,0.0,0.0,0.0,0.0,-0.05490916967391968,-0.01413474790751934
1649,16,10,1.0,0.9961804747581482,0,0,0.0,0.0,0.0,0.0,-0.06229840964078903,-0.014954620972275734
1650,16,11,1.0,0.9961814284324646,0,0,0.0,0.0,0.0,0.0,-0.06230027973651886,-0.014941627159714699
1651,16,12,1.0,0.9961820244789124,0,0,0.0,0.0,0.0,0.0,-0.06230113282799721,-0.014935078099370003
1652,16,13,1.0,0.9961822032928467,0,0,0.0,-0.25,0.0,0.0,-0.062301523983478546,-0.014931712299585342
1653,16,14,1.0,0.9943699240684509,0,0,0.0,-0.25,0.0,0.0,-0.25691142678260803,-0.010171579197049141
1654,16,15,1.0,0.9942526817321777,0,0,0.0,-0.25,0.0,0.0,-0.2565138339996338,-0.007555590942502022
1655,16,16,1.0,1.0044952630996704,0,0,0.0,-0.25,0.0,0.0,-0.2561261057853699,-0.0101744644343853
1656,16,17,1.0,1.0176082849502563,0,0,0.0,-0.25,0.0,0.0,-0.2601942718029022,-0.01579185202717781
1657,16,18,1.0,1.002541422843933,0,0,0.0,-0.25,0.0,0.0,-0.26488906145095825,-0.010805636644363403
1658,16,19,1.0,1.0024617910385132,0,0,0.0,-0.25,0.0,0.0,-0.2648840844631195,-0.011803990229964256
1659,16,20,1.0,1.0034669637680054,0,0,0.0,-0.25,0.0,0.0,-0.26665985584259033,-0.018058961257338524
1660,16,21,1.0,0.9979042410850525,0,0,0.0,-0.25,0.0,0.0,-0.266435831785202,-0.010778039693832397
1661,16,22,1.0,0.9978220462799072,0,0,0.0,-0.25,0.0,0.0,-0.2685800790786743,-0.007632718421518803
1662,16,23,1.0,0.9940624237060547,0,0,0.0,-0.25,0.0,0.0,-0.26635172963142395,-0.008498021401464939
1663,16,24,1.0,1.0008478164672852,0,0,0.0,-0.25,0.0,0.0,-0.26766613125801086,-0.010669851675629616
1664,16,25,1.0,0.9929274916648865,0,0,0.0,-0.25,0.0,0.0,-0.2675393521785736,-0.007559547200798988
1665,16,26,1.0,1.002632975578308,0,0,0.0,-0.25,0.0,0.0,-0.2614460587501526,-0.005122770555317402
1666,16,27,1.0,0.991605281829834,0,0,0.0,-0.25,0.0,0.0,-0.22707833349704742,-0.003708882024511695
1667,16,28,1.0,0.9854461550712585,0,0,0.0,-0.25,0.0,0.0,-0.13536758720874786,-0.008082989603281021
1668,16,29,1.0,0.9801287055015564,0,0,0.0,-0.25,0.0,0.0,-0.08919824659824371,-0.004082257393747568
1669,16,30,1.0,0.9807708859443665,0,0,0.0,0.0,0.0,0.0,-0.06326127797365189,-0.019480153918266296
1670,16,31,1.0,0.9825602769851685,0,0,0.0,0.0,0.0,0.0,-0.02381456457078457,-0.0020899733062833548
1671,16,32,1.0,0.9849879741668701,0,0,0.0,0.0,0.0,0.0,-0.0057589346542954445,-0.007751812227070332
1672,16,33,1.0,0.9845492243766785,0,0,0.0,0.0,0.0,0.0,-0.0009526046924293041,-0.0085718659684062
1673,16,34,1.0,0.9846073389053345,0,0,0.0,0.0,0.0,0.0,0.0007681212737224996,-0.005110150668770075
1674,16,35,1.0,0.9843874573707581,0,0,0.0,0.0,0.0,0.0,0.0014461340615525842,-0.004961741156876087
1675,16,36,1.0,0.9838863015174866,0,0,0.0,0.0,0.0,0.0,0.0015935336705297232,-0.0089536402374506
1676,16,37,1.0,0.9837979078292847,0,0,0.0,0.0,0.0,0.0,0.0017340295016765594,-0.008949510753154755
1677,16,38,1.0,0.9841141104698181,0,0,0.0,0.0,0.0,0.0,0.0016221546102315187,-0.009958709590137005
1678,16,39,1.0,0.9840872287750244,0,0,0.0,0.0,0.0,0.0,0.0016554590547457337,-0.009962205775082111
1679,16,40,1.0,0.9838781952857971,0,0,0.0,0.0,0.0,0.0,0.0019437397131696343,-0.009252424351871014
1680,16,41,1.0,0.9838719367980957,0,0,0.0,0.0,0.0,0.0,0.0019523883238434792,-0.009254107251763344
1681,16,42,1.0,0.9837270379066467,0,0,0.0,0.0,0.0,0.0,0.0017949205357581377,-0.009824230335652828
1682,16,43,1.0,0.9837256669998169,0,0,0.0,0.0,0.0,0.0,0.0017967191524803638,-0.009824606589972973
1683,16,44,1.0,0.9841524362564087,0,0,0.0,0.0,0.0,0.0,0.0020051770843565464,-0.009206151589751244
1684,16,45,1.0,0.9841524362564087,0,0,0.0,0.0,0.0,0.0,0.002005096524953842,-0.009206350892782211
1685,16,46,1.0,0.9822285771369934,0,0,0.0,0.0,-0.5,0.0,0.0017468801233917475,-0.012364134192466736
1686,16,47,1.0,0.943817138671875,0,0,0.0,0.0,-0.5,0.0,0.008839206770062447,-0.3502315282821655
1687,16,48,1.0,0.9420032501220703,0,0,0.0,0.0,-0.5,0.0,0.008123793639242649,-0.4939766526222229
1688,16,49,1.0,0.9297707080841064,0,0,0.0,0.0,-0.5,0.0,0.005111251026391983,-0.5284616947174072
1689,16,50,1.0,0.9520047307014465,0,0,0.0,0.0,-0.5,0.0,-0.004798253066837788,-0.5353249907493591
1690,16,51,1.0,0.9351038932800293,0,0,0.0,0.0,-0.5,0.0,-0.0027776204515248537,-0.5034610629081726
1691,16,52,1.0,0.9074287414550781,0,0,0.0,0.0,-0.5,0.0,0.0028587866108864546,-0.45184701681137085
1692,16,53,1.0,0.9436930418014526,0,0,0.0,0.0,-0.5,0.0,0.0015774333151057363,-0.3730354309082031
1693,16,54,1.0,1.2706547975540161,0,0,0.0,0.0,-0.5,0.0,0.004360077437013388,-0.06241508573293686
1694,16,55,1.0,1.2861194610595703,0,0,0.0,0.0,-0.5,0.0,0.008980194106698036,-0.05698910355567932
1695,16,56,1.0,1.3692800998687744,0,0,0.0,0.0,-0.5,0.0,0.005930409766733646,-0.02809133194386959
1696,16,57,1.0,1.3727043867111206,0,0,0.0,0.0,-0.5,0.0,0.005864422768354416,-0.026576921343803406
1697,16,58,1.0,1.3912193775177002,0,0,0.0,0.0,0.0,0.0,0.0062648155726492405,-0.024609455838799477
1698,16,59,1.0,1.3916096687316895,0,0,0.0,0.0,0.0,0.0,0.006270489189773798,-0.02451932802796364
1699,16,60,1.0,1.406797170639038,0,0,0.0,0.0,0.0,0.0,0.004648095928132534,-0.026943739503622055
1700,16,61,1.0,1.406964659690857,0,0,0.0,0.0,0.0,0.0,0.004637975245714188,-0.026877395808696747
1701,16,62,1.0,1.4024020433425903,0,0,0.0,0.0,0.0,0.0,0.004634206183254719,-0.025227991864085197
1702,16,63,1.0,1.4025336503982544,0,0,0.0,0.0,0.0,0.0,0.004622805397957563,-0.025160927325487137
1703,16,64,2.0,1.4019497632980347,1,0,0.0,0.0,0.0,0.0,0.0032230610959231853,-0.02329370565712452
1704,16,65,2.0,1.9629716873168945,1,1,0.0,0.0,0.0,0.0,-0.0016042653005570173,-0.00023072166368365288
1705,16,66,2.0,1.9321775436401367,1,1,0.0,0.0,0.0,0.0,0.008689327165484428,-0.030962646007537842
1706,16,67,2.0,1.9250619411468506,1,1,0.0,0.0,0.0,0.0,0.006769220810383558,-0.036056578159332275
1707,16,68,2.0,1.924565076828003,1,1,0.0,0.0,0.0,0.0,0.001544038881547749,-0.0036442000418901443
1708,16,69,2.0,1.3771088123321533,1,0,0.0,0.0,0.0,0.0,-0.006100068800151348,-0.04965720325708389
1709,16,70,2.0,1.1368656158447266,1,0,0.0,0.0,0.0,0.0,-0.0034434625413268805,-0.020844316110014915
1710,16,71,2.0,1.1370935440063477,1,0,0.0,0.0,0.0,0.0,-0.003910734783858061,-0.02207903005182743
1711,16,72,2.0,1.0466156005859375,1,0,0.0,0.0,0.0,0.0,-0.008650756441056728,-0.02317676693201065
1712,16,73,2.0,1.0349117517471313,1,0,0.0,0.0,0.0,0.0,-0.008390204049646854,-0.0204756036400795
1713,16,74,1.0,0.9893800020217896,0,0,0.0,0.0,0.0,0.0,-0.009584941901266575,0.012053288519382477
1714,16,75,1.0,0.9860588312149048,0,0,0.0,0.0,0.0,0.0,-0.01242382638156414,0.05589574575424194
1715,16,76,1.0,0.988825261592865,0,0,0.0,0.0,0.0,0.0,-0.01226316299289465,0.04460439085960388
1716,16,77,1.0,0.9829779863357544,0,0,0.0,0.0,0.0,0.0,-0.014047285541892052,0.10045170038938522
1717,16,78,1.0,0.9804022312164307,0,0,0.0,0.0,0.0,0.0,-0.013860982842743397,0.18234564363956451
1718,16,79,1.0,0.9801667928695679,0,0,0.0,0.0,0.0,0.0,-0.01347520761191845,0.18128535151481628
1719,16,80,1.0,0.9852594137191772,0,0,0.0,0.0,0.0,0.0,-0.014813951216638088,0.21954520046710968
1720,16,81,1.0,0.9854946136474609,0,0,0.0,0.0,0.0,0.0,-0.014893736690282822,0.22137998044490814
1721,16,82,1.0,0.9834750890731812,0,0,0.0,0.0,0.0,0.0,-0.01502568181604147,0.26172593235969543
1722,16,83,1.0,0.9835944175720215,0,0,0.0,0.0,0.5,0.0,-0.015016698278486729,0.2625330984592438
1723,16,84,1.0,0.989849328994751,0,0,0.0,0.0,0.5,0.0,-0.013996129855513573,0.2925129234790802
1724,16,85,1.0,0.9979904294013977,0,0,0.0,0.0,0.5,0.0,-0.005129646044224501,0.5027486681938171
1725,16,86,1.0,1.0008972883224487,0,0,0.0,0.0,0.5,0.0,-0.00679605919867754,0.5290980935096741
1726,16,87,1.0,0.9956010580062866,0,0,0.0,0.0,0.5,0.0,-0.007700818590819836,0.5384460091590881
1727,16,88,1.0,0.9980023503303528,0,0,0.0,0.0,0.5,0.0,-0.009009154513478279,0.5454540848731995
1728,16,89,1.0,0.9968172311782837,0,0,0.0,0.0,0.5,0.0,-0.009250173345208168,0.5421066880226135
1729,16,90,1.0,0.995673418045044,0,0,0.0,0.0,0.5,0.0,-0.00972597673535347,0.5409864783287048
1730,16,91,1.0,0.9911805987358093,0,0,0.0,0.0,0.5,0.0,-0.009737246669828892,0.5453656315803528
1731,16,92,1.0,0.9908102750778198,0,0,0.0,0.0,0.5,0.0,-0.009723073802888393,0.5392851233482361
1732,16,93,1.0,0.9916819930076599,0,0,0.0,0.0,0.5,0.0,-0.010012062266469002,0.5325108766555786
1733,17,0,1.0,0.9814961552619934,0,0,0.0,0.0,0.0,0.0,0.07644833624362946,0.0047493730671703815
1734,17,1,1.0,0.9887928366661072,0,0,0.0,0.0,0.0,0.0,0.05711810663342476,-0.006629668641835451
1735,17,2,1.0,0.9851349592208862,0,0,0.0,0.0,0.0,0.0,0.07464852184057236,0.0006487583741545677
1736,17,3,1.0,0.983024001121521,0,0,0.0,0.0,0.0,0.0,0.08100469410419464,0.0022635553032159805
1737,17,4,1.0,0.9833534955978394,0,0,0.0,0.0,0.0,0.0,0.09190463274717331,0.002433355897665024
1738,17,5,1.0,0.9828563332557678,0,0,0.0,0.0,0.0,0.0,0.09357800334692001,0.0029236343689262867
1739,17,6,1.0,0.9799172878265381,0,0,0.0,0.0,0.0,0.0,0.11103004962205887,0.0056383865885436535
1740,17,7,1.0,0.9798610806465149,0,0,0.0,0.0,0.0,0.0,0.11136628687381744,0.005815525073558092
1741,17,8,1.0,0.981016993522644,0,0,0.0,0.0,0.0,0.0,0.11728404462337494,0.007049704436212778
1742,17,9,1.0,0.9810112118721008,0,0,0.0,0.0,0.0,0.0,0.11735475063323975,0.007100237999111414
1743,17,10,1.0,0.9808496236801147,0,0,0.0,0.0,0.0,0.0,0.11889137327671051,0.007292985450476408
1744,17,11,1.0,0.9808478951454163,0,0,0.0,0.0,0.0,0.0,0.11890768259763718,0.0073061599396169186
1745,17,12,1.0,0.978611946105957,0,0,0.0,0.25,0.0,0.0,0.11912122368812561,0.0056809415109455585
1746,17,13,1.0,0.9759645462036133,0,0,0.0,0.25,0.0,0.0,0.25207993388175964,0.003963570110499859
1747,17,14,1.0,0.9787636995315552,0,0,0.0,0.25,0.0,0.0,0.2666575610637665,-0.0013054260052740574
1748,17,15,1.0,0.9775846004486084,0,0,0.0,0.25,0.0,0.0,0.2707463204860687,-0.007698411121964455
1749,17,16,1.0,0.9754015207290649,0,0,0.0,0.25,0.0,0.0,0.2734588384628296,-0.012064984068274498
1750,17,17,1.0,0.976961612701416,0,0,0.0,0.25,0.0,0.0,0.2771914303302765,-0.01701611466705799
1751,17,18,1.0,0.979580819606781,0,0,0.0,0.25,0.0,0.0,0.2781936824321747,-0.017364831641316414
1752,17,19,1.0,0.9774782061576843,0,0,0.0,0.25,0.0,0.0,0.2793019115924835,-0.018856363371014595
1753,17,20,1.0,0.970744252204895,0,0,0.0,0.25,0.0,0.0,0.27759119868278503,-0.019319524988532066
1754,17,21,1.0,0.977973997592926,0,0,0.0,0.25,0.0,0.0,0.2777506709098816,-0.026490794494748116
1755,17,22,1.0,0.9768691658973694,0,0,0.0,0.25,0.0,0.0,0.2818225026130676,-0.02695399895310402
1756,17,23,1.0,0.9737052321434021,0,0,0.0,0.25,0.0,0.0,0.28354230523109436,-0.02773570455610752
1757,17,24,1.0,0.9824907779693604,0,0,0.0,0.25,0.0,0.0,0.28670060634613037,-0.03243771195411682
1758,17,25,1.0,0.9828379154205322,0,0,0.0,0.25,0.0,0.0,0.28071919083595276,-0.03283670172095299
1759,17,26,1.0,0.9863683581352234,0,0,0.0,0.25,0.0,0.0,0.27343428134918213,-0.029976626858115196
1760,17,27,1.0,0.9883958101272583,0,0,0.0,0.25,0.0,0.0,0.23413683474063873,-0.0325862318277359
1761,17,28,1.0,0.9857116937637329,0,0,0.0,0.0,0.0,0.0,0.13982029259204865,-0.022410891950130463
1762,17,29,1.0,0.9677330255508423,0,0,0.0,0.0,0.0,0.0,0.04631251096725464,-0.0163677129894495
1763,17,30,1.0,0.9749971628189087,0,0,0.0,0.0,0.0,0.0,0.014181790873408318,-0.020501092076301575
1764,17,31,1.0,0.9773101210594177,0,0,0.0,0.0,0.0,0.0,0.0043109203688800335,-0.018161309882998466
1765,17,32,1.0,0.9828276038169861,0,0,0.0,0.0,0.0,0.0,-0.00046709488378837705,-0.02267666906118393
1766,17,33,1.0,0.9834457635879517,0,0,0.0,0.0,0.0,0.0,-0.001624772441573441,-0.022549189627170563
1767,17,34,1.0,0.9836487770080566,0,0,0.0,0.0,0.0,0.0,-0.0010293023660779,-0.0250849649310112
1768,17,35,1.0,0.9838014841079712,0,0,0.0,0.0,0.0,0.0,-0.0012431987561285496,-0.025129912421107292
1769,17,36,1.0,0.9857476949691772,0,0,0.0,0.0,0.0,0.0,-0.0024830226320773363,-0.028190771117806435
1770,17,37,1.0,0.9857890009880066,0,0,0.0,0.25,0.0,0.0,-0.002532459096983075,-0.028202790766954422
1771,17,38,1.0,0.9786545038223267,0,0,0.0,0.0,0.0,0.0,0.05907316878437996,-0.015261210501194
1772,17,39,1.0,0.9813967943191528,0,0,0.0,0.0,0.0,0.0,0.015261602587997913,-0.014135947450995445
1773,17,40,1.0,0.9834529757499695,0,0,0.0,0.0,0.0,0.0,-0.002554607344791293,-0.014993412420153618
1774,17,41,1.0,0.9848471879959106,0,0,0.0,0.0,0.0,0.0,-0.007146456278860569,-0.013807214796543121
1775,17,42,1.0,0.987861156463623,0,0,0.0,0.0,0.0,0.0,-0.008195215836167336,-0.01071961410343647
1776,17,43,1.0,0.9881457686424255,0,0,0.0,0.0,0.0,0.0,-0.008649985305964947,-0.010635720565915108
1777,17,44,1.0,0.9894847869873047,0,0,0.0,0.0,0.0,0.0,-0.009049634449183941,-0.012732427567243576
1778,17,45,1.0,0.9895435571670532,0,0,0.0,0.0,0.0,0.0,-0.009124433621764183,-0.012742502614855766
1779,17,46,1.0,0.990188479423523,0,0,0.0,0.0,0.0,0.0,-0.008780275471508503,-0.012916527688503265
1780,17,47,1.0,0.9902037978172302,0,0,0.0,-0.25,0.0,0.0,-0.008796380832791328,-0.012922240421175957
1781,17,48,1.0,0.9898651242256165,0,0,0.0,0.0,0.0,0.0,-0.039576780050992966,0.0006756933871656656
1782,17,49,1.0,0.9831188917160034,0,0,0.0,0.0,0.0,0.0,-0.019987985491752625,-0.011750875040888786
1783,17,50,1.0,0.9817507863044739,0,0,0.0,0.0,0.0,0.0,-0.008427430875599384,-0.017514191567897797
1784,17,51,1.0,0.9808594584465027,0,0,0.0,0.0,0.0,0.0,-0.004159731790423393,-0.01886993646621704
1785,17,52,1.0,0.9846688508987427,0,0,0.0,0.0,0.0,0.0,-0.004333285614848137,-0.025698907673358917
1786,17,53,1.0,0.9844068884849548,0,0,0.0,0.0,0.0,0.0,-0.0037108883261680603,-0.025882823392748833
1787,17,54,1.0,0.9852864742279053,0,0,0.0,0.0,0.0,0.0,-0.0026262125466018915,-0.032343994826078415
1788,17,55,1.0,0.9852217435836792,0,0,0.0,0.0,0.0,0.0,-0.0025078016333281994,-0.03234504908323288
1789,17,56,1.0,0.984917938709259,0,0,0.0,0.0,0.0,0.0,-0.002163962461054325,-0.03167632967233658
1790,17,57,1.0,0.9848985075950623,0,0,0.0,0.0,-0.5,0.0,-0.0021352628245949745,-0.031668826937675476
1791,17,58,1.0,0.9586095809936523,0,0,0.0,0.0,-0.5,0.0,0.018874483183026314,-0.45570942759513855
1792,17,59,1.0,0.9644157886505127,0,0,0.0,0.0,-0.5,0.0,0.014410321600735188,-0.5081460475921631
1793,17,60,1.0,0.9575124979019165,0,0,0.0,0.0,-0.5,0.0,0.007924482226371765,-0.5388793349266052
1794,17,61,1.0,0.9544392824172974,0,0,0.0,0.0,-0.5,0.0,0.011550560593605042,-0.544625461101532
1795,17,62,1.0,0.9367641806602478,0,0,0.0,0.0,-0.5,0.0,0.009179227985441685,-0.5098051428794861
1796,17,63,1.0,0.9306634664535522,0,0,0.0,0.0,-0.5,0.0,-0.0036205840297043324,-0.47910207509994507
1797,17,64,1.0,0.9117151498794556,0,0,0.0,0.0,-0.5,0.0,0.003459178376942873,-0.3156704902648926
1798,17,65,1.0,1.187074899673462,0,0,0.0,0.0,-0.5,0.0,0.008612586185336113,-0.09322575479745865
1799,17,66,1.0,1.3444931507110596,0,0,0.0,0.0,-0.5,0.0,0.007126239128410816,-0.03181865066289902
1800,17,67,1.0,1.3479286432266235,0,0,0.0,0.0,-0.5,0.0,0.007081345655024052,-0.029355332255363464
1801,17,68,1.0,1.433407187461853,0,0,0.0,0.0,-0.5,0.0,0.00669283140450716,-0.013498852029442787
1802,17,69,1.0,1.4342379570007324,0,0,0.0,0.0,0.0,0.0,0.006643020547926426,-0.01307062990963459
1803,17,70,1.0,1.4508147239685059,0,0,0.0,0.0,0.0,0.0,0.0057094041258096695,-0.008863885886967182
1804,17,71,1.0,1.4509392976760864,0,0,0.0,0.0,0.0,0.0,0.005703193601220846,-0.00888107530772686
1805,17,72,1.0,1.4616444110870361,0,0,0.0,0.0,0.0,0.0,0.005417403299361467,-0.00972068589180708
1806,17,73,1.0,1.461730718612671,0,0,0.0,0.0,0.0,0.0,0.0054202694445848465,-0.009760217741131783
1807,17,74,2.0,1.4654407501220703,1,0,0.0,0.0,0.0,0.0,0.005739225074648857,-0.015026573091745377
1808,17,75,2.0,1.970690369606018,1,1,0.0,0.0,0.0,0.0,0.0035676369443535805,-0.006518521811813116
1809,17,76,2.0,2.0010852813720703,1,1,0.0,0.0,0.0,0.0,0.0004965342814102769,-0.009193748235702515
1810,17,77,2.0,1.972325325012207,1,1,0.0,0.0,0.0,0.0,-0.002592287492007017,-0.034409116953611374
1811,17,78,2.0,1.9550727605819702,1,1,0.0,0.0,0.0,0.0,6.7534051595430356e-06,-0.02792493626475334
1812,17,79,2.0,1.9432318210601807,1,1,0.0,0.0,0.0,0.0,0.003184056142345071,-0.012922490015625954
1813,17,80,2.0,1.162739872932434,1,0,0.0,0.0,0.0,0.0,-0.0031252314802259207,-0.029318684712052345
1814,17,81,2.0,1.202095627784729,1,0,0.0,0.0,0.0,0.0,-0.002781826537102461,-0.02118578925728798
1815,17,82,2.0,1.064267873764038,1,0,0.0,0.0,0.0,0.0,-0.003771086921915412,-0.01994418166577816
1816,17,83,2.0,1.0566457509994507,1,0,0.0,0.0,0.0,0.0,-0.003390230005607009,-0.025511514395475388
1817,17,84,2.0,0.9922735691070557,1,0,0.0,0.0,0.0,0.0,-0.004598598461598158,-0.031078260391950607
1818,17,85,1.0,0.9796696901321411,0,0,0.0,0.0,0.0,0.0,-0.00502823805436492,-0.03301795572042465
1819,17,86,1.0,0.9613661170005798,0,0,0.0,0.0,0.0,0.0,-0.005504152737557888,-0.023859433829784393
1820,17,87,1.0,0.9665650129318237,0,0,0.0,0.0,0.0,0.0,-0.005228467285633087,-0.019414477050304413
1821,17,88,1.0,0.9486125111579895,0,0,0.0,0.0,0.0,0.0,-0.011098159477114677,0.02248470112681389
1822,17,89,1.0,0.9483340978622437,0,0,0.0,0.0,0.0,0.0,-0.010902888141572475,0.026947615668177605
1823,17,90,1.0,0.9540880918502808,0,0,0.0,0.0,0.0,0.0,-0.014102374203503132,0.09231212735176086
1824,17,91,1.0,0.9521462917327881,0,0,0.0,0.0,0.0,0.0,-0.013608328998088837,0.07781911641359329
1825,17,92,1.0,0.9686388373374939,0,0,0.0,0.0,0.0,0.0,-0.015273136086761951,0.20068199932575226
1826,17,93,1.0,0.9715963006019592,0,0,0.0,0.0,0.5,0.0,-0.015045125968754292,0.22975271940231323
1827,17,94,1.0,0.9839202165603638,0,0,0.0,0.0,0.5,0.0,-0.011921231634914875,0.42095962166786194
1828,17,95,1.0,0.9957805871963501,0,0,0.0,0.0,0.5,0.0,-0.012192106805741787,0.5150638222694397
1829,17,96,1.0,0.9983753561973572,0,0,0.0,0.0,0.5,0.0,-0.00913680624216795,0.5311207175254822
1830,17,97,1.0,0.9961912035942078,0,0,0.0,0.0,0.5,0.0,-0.008504537865519524,0.5434361100196838
1831,17,98,1.0,1.0002633333206177,0,0,0.0,0.0,0.5,0.0,-0.006591503508388996,0.5400614738464355
1832,17,99,1.0,0.9983817934989929,0,0,0.0,0.0,0.5,0.0,-0.008840858936309814,0.5490667223930359
1833,17,100,1.0,0.9933687448501587,0,0,0.0,0.0,0.5,0.0,-0.007251907605677843,0.5385404229164124
1834,17,101,1.0,0.9902973175048828,0,0,0.0,0.0,0.5,0.0,-0.009037470445036888,0.5384268760681152
1835,17,102,1.0,0.9909494519233704,0,0,0.0,0.0,0.5,0.0,-0.00883917510509491,0.5363738536834717
1836,17,103,1.0,0.9863600134849548,0,0,0.0,0.0,0.5,0.0,-0.008779398165643215,0.5334407687187195
1837,18,0,1.0,0.9814962148666382,0,0,0.0,0.0,0.0,0.0,0.07644835114479065,0.0047494396567344666
1838,18,1,1.0,0.988792896270752,0,0,0.0,0.0,0.0,0.0,0.057118117809295654,-0.00662966538220644
1839,18,2,1.0,0.9851349592208862,0,0,0.0,0.0,0.0,0.0,0.07464849948883057,0.0006487374193966389
1840,18,3,1.0,0.9830239415168762,0,0,0.0,0.0,0.0,0.0,0.08100471645593643,0.0022635976783931255
1841,18,4,1.0,0.9833534359931946,0,0,0.0,0.0,0.0,0.0,0.09190461039543152,0.002433336805552244
1842,18,5,1.0,0.9828563928604126,0,0,0.0,0.0,0.0,0.0,0.09357796609401703,0.002923604566603899
1843,18,6,1.0,0.9799173474311829,0,0,0.0,0.0,0.0,0.0,0.11103004217147827,0.005638421978801489
1844,18,7,1.0,0.9798610806465149,0,0,0.0,0.0,0.0,0.0,0.11136628687381744,0.005815425422042608
1845,18,8,1.0,0.981016993522644,0,0,0.0,0.0,0.0,0.0,0.11728402972221375,0.007049641106277704
1846,18,9,1.0,0.981011152267456,0,0,0.0,0.0,0.0,0.0,0.11735475063323975,0.007100230548530817
1847,18,10,1.0,0.9808496236801147,0,0,0.0,0.0,0.0,0.0,0.1188914105296135,0.007292915601283312
1848,18,11,1.0,0.9808480143547058,0,0,0.0,0.0,0.0,0.0,0.11890768259763718,0.007306173909455538
1849,18,12,1.0,0.9786120653152466,0,0,0.0,0.25,0.0,0.0,0.11912129074335098,0.005680955480784178
1850,18,13,1.0,0.9759645462036133,0,0,0.0,0.25,0.0,0.0,0.25207990407943726,0.00396351795643568
1851,18,14,1.0,0.9787637591362,0,0,0.0,0.25,0.0,0.0,0.2666575610637665,-0.0013053945731371641
1852,18,15,1.0,0.9775845408439636,0,0,0.0,0.25,0.0,0.0,0.27074626088142395,-0.007698407396674156
1853,18,16,1.0,0.9754015207290649,0,0,0.0,0.25,0.0,0.0,0.2734588086605072,-0.012065006420016289
1854,18,17,1.0,0.9769614934921265,0,0,0.0,0.25,0.0,0.0,0.2771914601325989,-0.01701609045267105
1855,18,18,1.0,0.979580819606781,0,0,0.0,0.25,0.0,0.0,0.2781936526298523,-0.017364803701639175
1856,18,19,1.0,0.9774782061576843,0,0,0.0,0.25,0.0,0.0,0.27930188179016113,-0.018856363371014595
1857,18,20,1.0,0.9707441329956055,0,0,0.0,0.25,0.0,0.0,0.27759116888046265,-0.019319523125886917
1858,18,21,1.0,0.9779739379882812,0,0,0.0,0.25,0.0,0.0,0.2777506709098816,-0.02649082988500595
1859,18,22,1.0,0.9768691062927246,0,0,0.0,0.25,0.0,0.0,0.2818225026130676,-0.02695406787097454
1860,18,23,1.0,0.9737051725387573,0,0,0.0,0.25,0.0,0.0,0.28354233503341675,-0.027735693380236626
1861,18,24,1.0,0.9824907779693604,0,0,0.0,0.25,0.0,0.0,0.28670060634613037,-0.032437700778245926
1862,18,25,1.0,0.9828380346298218,0,0,0.0,0.25,0.0,0.0,0.28071916103363037,-0.03283669054508209
1863,18,26,1.0,0.9863682985305786,0,0,0.0,0.25,0.0,0.0,0.27343425154685974,-0.029976598918437958
1864,18,27,1.0,0.9883958101272583,0,0,0.0,0.25,0.0,0.0,0.23413686454296112,-0.0325862392783165
1865,18,28,1.0,0.9867088794708252,0,0,0.0,0.25,0.0,0.0,0.14851601421833038,-0.022001150995492935
1866,18,29,1.0,0.9854190349578857,0,0,0.0,0.0,0.0,0.0,0.13613399863243103,-0.04322412610054016
1867,18,30,1.0,0.9803636074066162,0,0,0.0,0.0,0.0,0.0,0.029368828982114792,-0.026855524629354477
1868,18,31,1.0,0.9860405325889587,0,0,0.0,0.0,0.0,0.0,-0.0007257867255248129,-0.016876138746738434
1869,18,32,1.0,0.9852936863899231,0,0,0.0,0.0,0.0,0.0,-0.004519174806773663,-0.014817813411355019
1870,18,33,1.0,0.9865280389785767,0,0,0.0,0.0,0.0,0.0,-0.006942654959857464,-0.014376651495695114
1871,18,34,1.0,0.9888734221458435,0,0,0.0,0.0,0.0,0.0,-0.007979166693985462,-0.012483058497309685
1872,18,35,1.0,0.9891469478607178,0,0,0.0,0.0,0.0,0.0,-0.008309036493301392,-0.012508109211921692
1873,18,36,1.0,0.9890193939208984,0,0,0.0,0.0,0.0,0.0,-0.008828914724290371,-0.013880124315619469
1874,18,37,1.0,0.9890854358673096,0,0,0.0,0.0,0.0,0.0,-0.008901271037757397,-0.01391049288213253
1875,18,38,1.0,0.9898861050605774,0,0,0.0,0.0,0.0,0.0,-0.008559368550777435,-0.01271861046552658
1876,18,39,1.0,0.9899024367332458,0,0,0.0,0.0,0.0,0.0,-0.008576398715376854,-0.012727931141853333
1877,18,40,1.0,0.9912481307983398,0,0,0.0,0.0,0.0,0.0,-0.008577906526625156,-0.013307828456163406
1878,18,41,1.0,0.9912505745887756,0,0,0.0,0.0,-0.5,0.0,-0.008580782450735569,-0.013307923451066017
1879,18,42,1.0,0.935531735420227,0,0,0.0,0.0,-0.5,0.0,0.0027175555005669594,-0.40031343698501587
1880,18,43,1.0,0.9459335207939148,0,0,0.0,0.0,-0.5,0.0,-0.0014465278945863247,-0.48455557227134705
1881,18,44,1.0,0.9506467580795288,0,0,0.0,0.0,-0.5,0.0,0.005302260164171457,-0.5137708783149719
1882,18,45,1.0,0.9578931331634521,0,0,0.0,0.0,-0.5,0.0,-0.00010540852235862985,-0.5328148007392883
1883,18,46,1.0,0.9400142431259155,0,0,0.0,0.0,-0.5,0.0,0.004396378993988037,-0.48374658823013306
1884,18,47,1.0,0.9089400172233582,0,0,0.0,0.0,-0.5,0.0,-0.003579702228307724,-0.4492540657520294
1885,18,48,1.0,0.9136027097702026,0,0,0.0,0.0,-0.5,0.0,0.0013605067506432533,-0.31826263666152954
1886,18,49,1.0,1.1645811796188354,0,0,0.0,0.0,-0.5,0.0,0.01211134996265173,-0.11708568781614304
1887,18,50,1.0,1.3435677289962769,0,0,0.0,0.0,-0.5,0.0,0.00798000581562519,-0.0281686931848526
1888,18,51,1.0,1.347448468208313,0,0,0.0,0.0,-0.5,0.0,0.008071091957390308,-0.025537045672535896
1889,18,52,1.0,1.3589296340942383,0,0,0.0,0.0,-0.5,0.0,0.008635655045509338,-0.01702502742409706
1890,18,53,1.0,1.3596210479736328,0,0,0.0,0.0,0.0,0.0,0.008618270978331566,-0.016513818874955177
1891,18,54,1.0,1.3766825199127197,0,0,0.0,0.0,0.0,0.0,0.008592172525823116,-0.013680776581168175
1892,18,55,1.0,1.3767372369766235,0,0,0.0,0.0,0.0,0.0,0.008601987734436989,-0.013681014999747276
1893,18,56,1.0,1.3846608400344849,0,0,0.0,0.0,0.0,0.0,0.007153612561523914,-0.012631537392735481
1894,18,57,1.0,1.3846813440322876,0,0,0.0,0.0,0.0,0.0,0.007165056187659502,-0.012677041813731194
1895,18,58,2.0,1.3978523015975952,1,0,0.0,0.0,0.0,0.0,0.007529592607170343,-0.019939012825489044
1896,18,59,2.0,1.841974139213562,1,1,0.0,0.0,0.0,0.0,0.006937188096344471,-0.007648538798093796
1897,18,60,2.0,1.9159648418426514,1,1,0.0,0.0,0.0,0.0,0.004442843142896891,0.0036646039225161076
1898,18,61,2.0,1.9501127004623413,1,1,0.0,0.0,0.0,0.0,0.0019337172852829099,0.003141658380627632
1899,18,62,2.0,1.9999066591262817,1,1,0.0,0.0,0.0,0.0,9.84271100605838e-05,-0.006898562423884869
1900,18,63,2.0,1.9814693927764893,1,1,0.0,0.0,0.0,0.0,0.0010718004778027534,-0.005485506262630224
1901,18,64,2.0,1.5174500942230225,1,1,0.0,0.0,0.0,0.0,0.0014680455205962062,-0.1165209412574768
1902,18,65,2.0,1.7221224308013916,1,1,0.0,0.0,0.0,0.0,0.0004680163983721286,-0.02116578072309494
1903,18,66,2.0,1.5096088647842407,1,1,0.0,0.0,0.0,0.0,0.0019368564244359732,-0.03904243931174278
1904,18,67,2.0,1.4841794967651367,1,0,0.0,0.0,0.0,0.0,0.0039556752890348434,-0.05007633566856384
1905,18,68,2.0,1.274516224861145,1,0,0.0,0.0,0.0,0.0,-0.0017368613043799996,-0.04406323656439781
1906,18,69,2.0,1.2319135665893555,1,0,0.0,0.0,0.0,0.0,-0.003859570948407054,-0.03411024436354637
1907,18,70,2.0,1.1000323295593262,1,0,0.0,0.0,0.0,0.0,-0.008003122173249722,-0.04413016512989998
1908,18,71,2.0,1.0919623374938965,1,0,0.0,0.0,0.0,0.0,-0.008656502701342106,-0.04130686819553375
1909,18,72,2.0,1.0045634508132935,1,0,0.0,0.0,0.0,0.0,-0.008967324160039425,-0.03834625706076622
1910,18,73,2.0,1.0055067539215088,1,0,0.0,0.0,0.0,0.0,-0.008674617856740952,-0.033422794193029404
1911,18,74,2.0,0.9705408215522766,1,0,0.0,0.0,0.0,0.0,-0.00900899525731802,0.011115755885839462
1912,18,75,1.0,0.9720773696899414,0,0,0.0,0.0,0.0,0.0,-0.010571135208010674,0.015715155750513077
1913,18,76,1.0,0.9670494794845581,0,0,0.0,0.0,0.0,0.0,-0.012362558394670486,0.13209156692028046
1914,18,77,1.0,0.9682829976081848,0,0,0.0,0.0,0.0,0.0,-0.012252840213477612,0.14753654599189758
1915,18,78,1.0,0.9759824872016907,0,0,0.0,0.0,0.0,0.0,-0.01275181956589222,0.28602364659309387
1916,18,79,1.0,0.976080060005188,0,0,0.0,0.0,0.0,0.0,-0.012784004211425781,0.28627076745033264
1917,18,80,1.0,0.9773852825164795,0,0,0.0,0.0,0.0,0.0,-0.011984182521700859,0.31974199414253235
1918,18,81,1.0,0.9771726131439209,0,0,0.0,0.0,0.5,0.0,-0.011991478502750397,0.3186057507991791
1919,18,82,1.0,0.9866616129875183,0,0,0.0,0.0,0.5,0.0,-0.01272663939744234,0.4101860225200653
1920,18,83,1.0,0.99609375,0,0,0.0,0.0,0.5,0.0,-0.005353991407901049,0.47493958473205566
1921,18,84,1.0,0.9991022348403931,0,0,0.0,0.0,0.5,0.0,-0.00764995813369751,0.5207385420799255
1922,18,85,1.0,0.9980465173721313,0,0,0.0,0.0,0.5,0.0,-0.009228568524122238,0.5249769687652588
1923,18,86,1.0,0.9987472891807556,0,0,0.0,0.0,0.5,0.0,-0.009724774397909641,0.5266581177711487
1924,18,87,1.0,0.9976714849472046,0,0,0.0,0.0,0.5,0.0,-0.00981697253882885,0.5347707271575928
1925,18,88,1.0,0.9944407939910889,0,0,0.0,0.0,0.5,0.0,-0.01056069228798151,0.535566508769989
1926,18,89,1.0,0.9930574893951416,0,0,0.0,0.0,0.5,0.0,-0.011204666458070278,0.5341402292251587
1927,18,90,1.0,0.9914460182189941,0,0,0.0,0.0,0.5,0.0,-0.012636815197765827,0.5308668613433838
1928,18,91,1.0,0.9863744378089905,0,0,0.0,0.0,0.5,0.0,-0.012639867141842842,0.5168254971504211
1929,19,0,1.0,0.9905171990394592,0,0,0.0,0.0,0.0,0.0,-0.027854491025209427,-0.01500709168612957
1930,19,1,1.0,0.9965392351150513,0,0,0.0,0.0,0.0,0.0,-0.020808421075344086,-0.021825794130563736
1931,19,2,1.0,0.9967982769012451,0,0,0.0,0.0,0.0,0.0,-0.027751613408327103,-0.019312117248773575
1932,19,3,1.0,0.995084822177887,0,0,0.0,0.0,0.0,0.0,-0.02976270020008087,-0.018223701044917107
1933,19,4,1.0,0.9962875843048096,0,0,0.0,0.0,0.0,0.0,-0.03531353920698166,-0.015126235783100128
1934,19,5,1.0,0.9960380792617798,0,0,0.0,0.0,0.0,0.0,-0.035653043538331985,-0.014574175700545311
1935,19,6,1.0,0.9966473579406738,0,0,0.0,0.0,0.0,0.0,-0.05198659747838974,-0.014705628156661987
1936,19,7,1.0,0.9966336488723755,0,0,0.0,0.0,0.0,0.0,-0.05204368382692337,-0.014539873227477074
1937,19,8,1.0,0.996356189250946,0,0,0.0,0.0,0.0,0.0,-0.054897554218769073,-0.014181453734636307
1938,19,9,1.0,0.996355414390564,0,0,0.0,0.0,0.0,0.0,-0.054909177124500275,-0.014134740456938744
1939,19,10,1.0,0.996180534362793,0,0,0.0,0.0,0.0,0.0,-0.062298428267240524,-0.014954589307308197
1940,19,11,1.0,0.9961813688278198,0,0,0.0,-0.25,0.0,0.0,-0.06230028718709946,-0.014941619709134102
1941,19,12,1.0,0.9943695068359375,0,0,0.0,-0.25,0.0,0.0,-0.2569105625152588,-0.01017584279179573
1942,19,13,1.0,0.9942523241043091,0,0,0.0,-0.25,0.0,0.0,-0.2565135359764099,-0.007557927630841732
1943,19,14,1.0,1.0047786235809326,0,0,0.0,-0.25,0.0,0.0,-0.256261944770813,-0.01040637120604515
1944,19,15,1.0,1.0161060094833374,0,0,0.0,-0.25,0.0,0.0,-0.26025575399398804,-0.01569814793765545
1945,19,16,1.0,1.0025413036346436,0,0,0.0,-0.25,0.0,0.0,-0.2648890018463135,-0.010805847123265266
1946,19,17,1.0,1.0024616718292236,0,0,0.0,-0.25,0.0,0.0,-0.2648840844631195,-0.011804208159446716
1947,19,18,1.0,1.0034669637680054,0,0,0.0,-0.25,0.0,0.0,-0.26665985584259033,-0.018059108406305313
1948,19,19,1.0,0.9979042410850525,0,0,0.0,-0.25,0.0,0.0,-0.26643580198287964,-0.010778112336993217
1949,19,20,1.0,0.9978219866752625,0,0,0.0,-0.25,0.0,0.0,-0.2685800790786743,-0.007632816210389137
1950,19,21,1.0,0.9940624237060547,0,0,0.0,-0.25,0.0,0.0,-0.26635169982910156,-0.008498070761561394
1951,19,22,1.0,1.0008478164672852,0,0,0.0,-0.25,0.0,0.0,-0.26766613125801086,-0.010669812560081482
1952,19,23,1.0,0.9929274320602417,0,0,0.0,-0.25,0.0,0.0,-0.267539381980896,-0.007559550926089287
1953,19,24,1.0,1.002632975578308,0,0,0.0,-0.25,0.0,0.0,-0.2614460289478302,-0.005122736096382141
1954,19,25,1.0,0.991605281829834,0,0,0.0,-0.25,0.0,0.0,-0.2270783632993698,-0.0037089241668581963
1955,19,26,1.0,0.9854461550712585,0,0,0.0,-0.25,0.0,0.0,-0.13536754250526428,-0.008083011955022812
1956,19,27,1.0,0.9801286458969116,0,0,0.0,-0.25,0.0,0.0,-0.08919824659824371,-0.004082232713699341
1957,19,28,1.0,0.9807708263397217,0,0,0.0,0.0,0.0,0.0,-0.06326128542423248,-0.019480137154459953
1958,19,29,1.0,0.9825601577758789,0,0,0.0,0.0,0.0,0.0,-0.023814570158720016,-0.002090002875775099
1959,19,30,1.0,0.9849879741668701,0,0,0.0,0.0,0.0,0.0,-0.005758931394666433,-0.00775183504447341
1960,19,31,1.0,0.9845492839813232,0,0,0.0,0.0,0.0,0.0,-0.0009525904897600412,-0.00857183150947094
1961,19,32,1.0,0.9846073985099792,0,0,0.0,0.0,0.0,0.0,0.00076811492908746,-0.0051101697608828545
1962,19,33,1.0,0.9843875169754028,0,0,0.0,0.0,0.0,0.0,0.0014461356913670897,-0.00496167317032814
1963,19,34,1.0,0.9838863611221313,0,0,0.0,0.0,0.0,0.0,0.0015935131814330816,-0.008953645825386047
1964,19,35,1.0,0.9837978482246399,0,0,0.0,0.0,0.0,0.0,0.0017340326448902488,-0.008949486538767815
1965,19,36,1.0,0.9823919534683228,0,0,0.0,0.25,0.0,0.0,0.0010914197191596031,-0.012039219960570335
1966,19,37,1.0,0.9832156896591187,0,0,0.0,0.0,0.0,0.0,0.03173080459237099,-0.011954642832279205
1967,19,38,1.0,0.9821699857711792,0,0,0.0,0.0,0.0,0.0,0.010162792168557644,-0.0127103291451931
1968,19,39,1.0,0.9802170991897583,0,0,0.0,0.0,0.0,0.0,0.0014281688490882516,-0.013570448383688927
1969,19,40,1.0,0.980056881904602,0,0,0.0,0.0,0.0,0.0,-0.0008015274652279913,-0.015964679419994354
1970,19,41,1.0,0.9801375865936279,0,0,0.0,0.0,0.0,0.0,-0.0019196750363335013,-0.01586054265499115
1971,19,42,1.0,0.9843817353248596,0,0,0.0,0.0,0.0,0.0,-0.002363620325922966,-0.020283838734030724
1972,19,43,1.0,0.9844454526901245,0,0,0.0,0.0,0.0,0.0,-0.0025285729207098484,-0.02031051367521286
1973,19,44,1.0,0.9839048981666565,0,0,0.0,0.0,0.0,0.0,-0.00231991452164948,-0.0198496226221323
1974,19,45,1.0,0.9839268922805786,0,0,0.0,-0.25,0.0,0.0,-0.0023599015548825264,-0.019857456907629967
1975,19,46,1.0,0.9836839437484741,0,0,0.0,0.0,0.0,0.0,-0.04153410345315933,-0.013150570914149284
1976,19,47,1.0,0.9848641157150269,0,0,0.0,0.0,0.0,0.0,-0.013473672792315483,-0.007992124184966087
1977,19,48,1.0,0.9835436344146729,0,0,0.0,0.0,0.0,0.0,-0.003250222187489271,-0.00995263084769249
1978,19,49,1.0,0.9825303554534912,0,0,0.0,0.0,0.0,0.0,0.0005336147150956094,-0.010740378871560097
1979,19,50,1.0,0.9847711324691772,0,0,0.0,0.0,0.0,0.0,0.001201461418531835,-0.006392498500645161
1980,19,51,1.0,0.9846832752227783,0,0,0.0,0.0,0.0,0.0,0.0015848013572394848,-0.00637432374060154
1981,19,52,1.0,0.9836925864219666,0,0,0.0,0.0,0.0,0.0,0.00203599757514894,-0.008741628378629684
1982,19,53,1.0,0.9836523532867432,0,0,0.0,0.25,0.0,0.0,0.0021005584858357906,-0.008742853999137878
1983,19,54,1.0,0.9863797426223755,0,0,0.0,0.0,0.0,0.0,0.03125908970832825,-0.010881593450903893
1984,19,55,1.0,0.9846320152282715,0,0,0.0,0.0,0.0,0.0,0.010156882926821709,-0.011967593804001808
1985,19,56,1.0,0.9808526635169983,0,0,0.0,0.0,0.0,0.0,0.0007789079681970179,-0.016423579305410385
1986,19,57,1.0,0.9806543588638306,0,0,0.0,0.0,0.0,0.0,-0.0029155684169381857,-0.016576701775193214
1987,19,58,1.0,0.9854929447174072,0,0,0.0,0.0,0.0,0.0,-0.002499541500583291,-0.01900496333837509
1988,19,59,1.0,0.9856044054031372,0,0,0.0,0.0,0.0,0.0,-0.002903433283790946,-0.0190635584294796
1989,19,60,1.0,0.9814005494117737,0,0,0.0,0.0,-0.5,0.0,-0.0002159921423299238,-0.023203542456030846
1990,19,61,1.0,0.946303129196167,0,0,0.0,0.0,-0.5,0.0,0.0030407530721277,-0.4002971053123474
1991,19,62,1.0,0.9516259431838989,0,0,0.0,0.0,-0.5,0.0,0.010055643506348133,-0.5129896998405457
1992,19,63,1.0,0.9382118582725525,0,0,0.0,0.0,-0.5,0.0,0.005298566538840532,-0.534684419631958
1993,19,64,1.0,0.9328283071517944,0,0,0.0,0.0,-0.5,0.0,-0.002530889119952917,-0.5313073992729187
1994,19,65,1.0,0.9180415868759155,0,0,0.0,0.0,-0.5,0.0,0.0005238589365035295,-0.5048591494560242
1995,19,66,1.0,0.9013622403144836,0,0,0.0,0.0,-0.5,0.0,0.005723901093006134,-0.44454020261764526
1996,19,67,1.0,0.912410318851471,0,0,0.0,0.0,-0.5,0.0,0.005107380915433168,-0.3588375747203827
1997,19,68,1.0,1.2710381746292114,0,0,0.0,0.0,-0.5,0.0,0.012286935932934284,-0.04275102540850639
1998,19,69,1.0,1.292582631111145,0,0,0.0,0.0,-0.5,0.0,0.010911193676292896,-0.029132120311260223
1999,19,70,1.0,1.3570237159729004,0,0,0.0,0.0,-0.5,0.0,0.012560529634356499,-0.0200115367770195
2000,19,71,1.0,1.3598467111587524,0,0,0.0,0.0,-0.5,0.0,0.012415232136845589,-0.018599512055516243
2001,19,72,1.0,1.3915221691131592,0,0,0.0,0.0,0.0,0.0,0.011440463364124298,-0.01419343613088131
2002,19,73,1.0,1.3918147087097168,0,0,0.0,0.0,0.0,0.0,0.011438002809882164,-0.014121122658252716
2003,19,74,1.0,1.4004676342010498,0,0,0.0,0.0,0.0,0.0,0.012226621620357037,-0.012387324124574661
2004,19,75,1.0,1.4006372690200806,0,0,0.0,0.0,0.0,0.0,0.01220462005585432,-0.012331565842032433
2005,19,76,2.0,1.4280142784118652,1,0,0.0,0.0,0.0,0.0,0.009942304342985153,-0.01699102856218815
2006,19,77,2.0,1.9186006784439087,1,1,0.0,0.0,0.0,0.0,0.005466703791171312,-0.024670535698533058
2007,19,78,2.0,1.9952356815338135,1,1,0.0,0.0,0.0,0.0,0.004519749898463488,-0.004758230410516262
2008,19,79,2.0,2.003085136413574,1,1,0.0,0.0,0.0,0.0,0.004839587025344372,-0.020309194922447205
2009,19,80,2.0,1.9947147369384766,1,1,0.0,0.0,0.0,0.0,0.0046341391280293465,-0.024277878925204277
2010,19,81,2.0,1.990523099899292,1,1,0.0,0.0,0.0,0.0,0.0009031289955601096,-0.023559072986245155
2011,19,82,2.0,1.9601635932922363,1,1,0.0,0.0,0.0,0.0,0.002382115460932255,-0.004189072642475367
2012,19,83,2.0,1.1967512369155884,1,0,0.0,0.0,0.0,0.0,-0.0020320711191743612,-0.07995062321424484
2013,19,84,2.0,1.0422730445861816,1,0,0.0,0.0,0.0,0.0,-0.005197608843445778,-0.02229391410946846
2014,19,85,2.0,1.074768304824829,1,0,0.0,0.0,0.0,0.0,-0.002872769022360444,-0.02301335521042347
2015,19,86,2.0,0.9778733849525452,1,0,0.0,0.0,0.0,0.0,-0.00680942926555872,-0.018231840804219246
2016,19,87,2.0,0.9902726411819458,1,0,0.0,0.0,0.0,0.0,-0.0057618687860667706,-0.0366019681096077
2017,19,88,1.0,0.9600697755813599,0,0,0.0,0.0,0.0,0.0,-0.009118174202740192,-0.032250598073005676
2018,19,89,1.0,0.9713461399078369,0,0,0.0,0.0,0.0,0.0,-0.007368314079940319,-0.035763490945100784
2019,19,90,1.0,0.9544413089752197,0,0,0.0,0.0,0.0,0.0,-0.008399459533393383,-0.02815072424709797
2020,19,91,1.0,0.9621763825416565,0,0,0.0,0.0,0.0,0.0,-0.007846519351005554,-0.03788526728749275
2021,19,92,1.0,0.9486985802650452,0,0,0.0,0.0,0.0,0.0,-0.00296939630061388,-0.022900788113474846
2022,19,93,1.0,0.9551207423210144,0,0,0.0,0.0,0.0,0.0,-0.004573216661810875,-0.0029791544657200575
2023,19,94,1.0,0.962064266204834,0,0,0.0,0.0,0.0,0.0,-0.009834853000938892,0.09032408148050308
2024,19,95,1.0,0.9683418273925781,0,0,0.0,0.0,0.0,0.0,-0.010274763219058514,0.14196720719337463
2025,19,96,1.0,0.9721677303314209,0,0,0.0,0.0,0.0,0.0,-0.010974853299558163,0.21650995314121246
2026,19,97,1.0,0.9741469621658325,0,0,0.0,0.0,0.5,0.0,-0.011097412556409836,0.24248264729976654
2027,19,98,1.0,0.9999108910560608,0,0,0.0,0.0,0.5,0.0,-0.009852232411503792,0.5080671310424805
2028,19,99,1.0,1.0006548166275024,0,0,0.0,0.0,0.5,0.0,-0.008299633860588074,0.5404587984085083
2029,19,100,1.0,1.003852367401123,0,0,0.0,0.0,0.5,0.0,-0.007808817084878683,0.5441657900810242
2030,19,101,1.0,0.9989526271820068,0,0,0.0,0.0,0.5,0.0,-0.0067415363155305386,0.5377853512763977
2031,19,102,1.0,0.9993553757667542,0,0,0.0,0.0,0.5,0.0,-0.008927599526941776,0.5454601049423218
2032,19,103,1.0,0.9970130920410156,0,0,0.0,0.0,0.5,0.0,-0.008496945723891258,0.5477908253669739
2033,19,104,1.0,0.9962694644927979,0,0,0.0,0.0,0.5,0.0,-0.010324755683541298,0.5438807010650635
2034,19,105,1.0,0.9934719800949097,0,0,0.0,0.0,0.5,0.0,-0.010326182469725609,0.5395162105560303
2035,19,106,1.0,0.9943274855613708,0,0,0.0,0.0,0.5,0.0,-0.009309248067438602,0.540363073348999
2036,19,107,1.0,0.9933581352233887,0,0,0.0,0.0,0.5,0.0,-0.009558578953146935,0.5362147092819214
